,depth,latitude,longitude,time,uo,vo,x,y,z
0,0.494025,46.66667,-6.25,2024-06-01 00:00:00,0.040084783,-0.019035853,4358653.3150161095,-477350.1729464703,0.0
180,1.541375,46.66667,-6.25,2024-06-01 00:00:00,0.042265687,-0.015543694,4358653.3150161095,-477350.1729464703,0.0
360,2.645669,46.66667,-6.25,2024-06-01 00:00:00,0.044454347,-0.012224872,4358653.3150161095,-477350.1729464703,0.0
540,3.819495,46.66667,-6.25,2024-06-01 00:00:00,0.046629682,-0.009099757,4358653.3150161095,-477350.1729464703,0.0
720,5.078224,46.66667,-6.25,2024-06-01 00:00:00,0.048779998,-0.006174354,4358653.3150161095,-477350.1729464703,0.0
900,6.440614,46.66667,-6.25,2024-06-01 00:00:00,0.050897613,-0.0034500044,4358653.3150161095,-477350.1729464703,0.0
1080,7.92956,46.66667,-6.25,2024-06-01 00:00:00,0.052976716,-0.00092720543,4358653.3150161095,-477350.1729464703,0.0
1260,9.572997,46.66667,-6.25,2024-06-01 00:00:00,0.055011734,0.0013916949,4358653.3150161095,-477350.1729464703,0.0
1440,11.405,46.66667,-6.25,2024-06-01 00:00:00,0.056996938,0.003500764,4358653.3150161095,-477350.1729464703,0.0
1620,13.46714,46.66667,-6.25,2024-06-01 00:00:00,0.058929946,0.005391497,4358653.3150161095,-477350.1729464703,0.0
1800,15.81007,46.66667,-6.25,2024-06-01 00:00:00,0.060827896,0.0070598545,4358653.3150161095,-477350.1729464703,0.0
1980,18.49556,46.66667,-6.25,2024-06-01 00:00:00,0.06279993,0.008533938,4358653.3150161095,-477350.1729464703,0.0
2160,21.59882,46.66667,-6.25,2024-06-01 00:00:00,0.065757595,0.010127777,4358653.3150161095,-477350.1729464703,0.0
2340,25.21141,46.66667,-6.25,2024-06-01 00:00:00,0.0932746,0.008044834,4358653.3150161095,-477350.1729464703,0.0
2520,29.44473,46.66667,-6.25,2024-06-01 00:00:00,0.06615086,-0.03818422,4358653.3150161095,-477350.1729464703,0.0
2700,34.43415,46.66667,-6.25,2024-06-01 00:00:00,0.061949365,-0.0069302274,4358653.3150161095,-477350.1729464703,0.0
2880,40.34405,46.66667,-6.25,2024-06-01 00:00:00,0.06976725,0.0043402333,4358653.3150161095,-477350.1729464703,0.0
3060,47.37369,46.66667,-6.25,2024-06-01 00:00:00,0.07227392,0.0075821527,4358653.3150161095,-477350.1729464703,0.0
3240,55.76429,46.66667,-6.25,2024-06-01 00:00:00,0.06409902,0.007668487,4358653.3150161095,-477350.1729464703,0.0
3420,65.80727,46.66667,-6.25,2024-06-01 00:00:00,0.051383972,0.005979263,4358653.3150161095,-477350.1729464703,0.0
3600,77.85385,46.66667,-6.25,2024-06-01 00:00:00,0.04150251,0.0020762028,4358653.3150161095,-477350.1729464703,0.0
3780,92.32607,46.66667,-6.25,2024-06-01 00:00:00,0.02976639,0.005243694,4358653.3150161095,-477350.1729464703,0.0
3960,109.7293,46.66667,-6.25,2024-06-01 00:00:00,0.016226657,0.006721385,4358653.3150161095,-477350.1729464703,0.0
4140,130.666,46.66667,-6.25,2024-06-01 00:00:00,0.012560612,0.008452877,4358653.3150161095,-477350.1729464703,0.0
4320,155.8507,46.66667,-6.25,2024-06-01 00:00:00,0.006437936,0.012720449,4358653.3150161095,-477350.1729464703,0.0
4500,186.1256,46.66667,-6.25,2024-06-01 00:00:00,-0.00023847271,0.018119197,4358653.3150161095,-477350.1729464703,0.0
4680,222.4752,46.66667,-6.25,2024-06-01 00:00:00,-0.012946262,0.02296823,4358653.3150161095,-477350.1729464703,0.0
4860,266.0403,46.66667,-6.25,2024-06-01 00:00:00,-0.030531032,0.026203893,4358653.3150161095,-477350.1729464703,0.0
5040,318.1274,46.66667,-6.25,2024-06-01 00:00:00,-0.038327403,0.022012576,4358653.3150161095,-477350.1729464703,0.0
5220,380.213,46.66667,-6.25,2024-06-01 00:00:00,-0.03695368,0.021361737,4358653.3150161095,-477350.1729464703,0.0
5400,453.9377,46.66667,-6.25,2024-06-01 00:00:00,-0.03058701,0.015206165,4358653.3150161095,-477350.1729464703,0.0
5580,541.0889,46.66667,-6.25,2024-06-01 00:00:00,-0.024800373,0.007080511,4358653.3150161095,-477350.1729464703,0.0
5760,643.5668,46.66667,-6.25,2024-06-01 00:00:00,-0.026549704,-0.0005243891,4358653.3150161095,-477350.1729464703,0.0
5940,763.3331,46.66667,-6.25,2024-06-01 00:00:00,-0.004424327,-0.020815914,4358653.3150161095,-477350.1729464703,0.0
6120,902.3393,46.66667,-6.25,2024-06-01 00:00:00,0.032183163,-0.056503035,4358653.3150161095,-477350.1729464703,0.0
9,0.494025,46.66667,-6.1666565,2024-06-01 00:00:00,0.08507698,-0.046234496,4359343.065935845,-471009.49203812674,0.0
189,1.541375,46.66667,-6.1666565,2024-06-01 00:00:00,0.08722367,-0.042703424,4359343.065935845,-471009.49203812674,0.0
369,2.645669,46.66667,-6.1666565,2024-06-01 00:00:00,0.08938936,-0.039345764,4359343.065935845,-471009.49203812674,0.0
549,3.819495,46.66667,-6.1666565,2024-06-01 00:00:00,0.091552645,-0.036181625,4359343.065935845,-471009.49203812674,0.0
729,5.078224,46.66667,-6.1666565,2024-06-01 00:00:00,0.09370324,-0.0332138,4359343.065935845,-471009.49203812674,0.0
909,6.440614,46.66667,-6.1666565,2024-06-01 00:00:00,0.09583467,-0.030440934,4359343.065935845,-471009.49203812674,0.0
1089,7.92956,46.66667,-6.1666565,2024-06-01 00:00:00,0.09794055,-0.027863039,4359343.065935845,-471009.49203812674,0.0
1269,9.572997,46.66667,-6.1666565,2024-06-01 00:00:00,0.10001233,-0.025484292,4359343.065935845,-471009.49203812674,0.0
1449,11.405,46.66667,-6.1666565,2024-06-01 00:00:00,0.1020383,-0.023313964,4359343.065935845,-471009.49203812674,0.0
1629,13.46714,46.66667,-6.1666565,2024-06-01 00:00:00,0.10400501,-0.021365058,4359343.065935845,-471009.49203812674,0.0
1809,15.81007,46.66667,-6.1666565,2024-06-01 00:00:00,0.10590419,-0.019648954,4359343.065935845,-471009.49203812674,0.0
1989,18.49556,46.66667,-6.1666565,2024-06-01 00:00:00,0.10775858,-0.01815856,4359343.065935845,-471009.49203812674,0.0
2169,21.59882,46.66667,-6.1666565,2024-06-01 00:00:00,0.109778345,-0.016731117,4359343.065935845,-471009.49203812674,0.0
2349,25.21141,46.66667,-6.1666565,2024-06-01 00:00:00,0.1139217,-0.015497679,4359343.065935845,-471009.49203812674,0.0
2529,29.44473,46.66667,-6.1666565,2024-06-01 00:00:00,0.11803088,-0.06275081,4359343.065935845,-471009.49203812674,0.0
2709,34.43415,46.66667,-6.1666565,2024-06-01 00:00:00,0.11378806,-0.04896866,4359343.065935845,-471009.49203812674,0.0
2889,40.34405,46.66667,-6.1666565,2024-06-01 00:00:00,0.1157193,-0.04566387,4359343.065935845,-471009.49203812674,0.0
3069,47.37369,46.66667,-6.1666565,2024-06-01 00:00:00,0.1169591,-0.04715019,4359343.065935845,-471009.49203812674,0.0
3249,55.76429,46.66667,-6.1666565,2024-06-01 00:00:00,0.11201427,-0.046946093,4359343.065935845,-471009.49203812674,0.0
3429,65.80727,46.66667,-6.1666565,2024-06-01 00:00:00,0.103470914,-0.04365545,4359343.065935845,-471009.49203812674,0.0
3609,77.85385,46.66667,-6.1666565,2024-06-01 00:00:00,0.096541606,-0.040825255,4359343.065935845,-471009.49203812674,0.0
3789,92.32607,46.66667,-6.1666565,2024-06-01 00:00:00,0.08833126,-0.0347074,4359343.065935845,-471009.49203812674,0.0
3969,109.7293,46.66667,-6.1666565,2024-06-01 00:00:00,0.07135534,-0.03071818,4359343.065935845,-471009.49203812674,0.0
4149,130.666,46.66667,-6.1666565,2024-06-01 00:00:00,0.05728948,-0.02357661,4359343.065935845,-471009.49203812674,0.0
4329,155.8507,46.66667,-6.1666565,2024-06-01 00:00:00,0.034042414,-0.012601532,4359343.065935845,-471009.49203812674,0.0
4509,186.1256,46.66667,-6.1666565,2024-06-01 00:00:00,0.007042384,0.0011159107,4359343.065935845,-471009.49203812674,0.0
4689,222.4752,46.66667,-6.1666565,2024-06-01 00:00:00,-0.013371376,0.014936678,4359343.065935845,-471009.49203812674,0.0
4869,266.0403,46.66667,-6.1666565,2024-06-01 00:00:00,-0.015832877,0.020757463,4359343.065935845,-471009.49203812674,0.0
5049,318.1274,46.66667,-6.1666565,2024-06-01 00:00:00,-0.023861416,0.017224832,4359343.065935845,-471009.49203812674,0.0
5229,380.213,46.66667,-6.1666565,2024-06-01 00:00:00,-0.031438533,0.01882314,4359343.065935845,-471009.49203812674,0.0
5409,453.9377,46.66667,-6.1666565,2024-06-01 00:00:00,-0.021461042,0.008501472,4359343.065935845,-471009.49203812674,0.0
5589,541.0889,46.66667,-6.1666565,2024-06-01 00:00:00,-0.015836297,-0.0069810986,4359343.065935845,-471009.49203812674,0.0
5769,643.5668,46.66667,-6.1666565,2024-06-01 00:00:00,-0.0029698806,-0.019087808,4359343.065935845,-471009.49203812674,0.0
5949,763.3331,46.66667,-6.1666565,2024-06-01 00:00:00,0.011320941,-0.040372863,4359343.065935845,-471009.49203812674,0.0
6129,902.3393,46.66667,-6.1666565,2024-06-01 00:00:00,0.05403096,-0.072068766,4359343.065935845,-471009.49203812674,0.0
18,0.494025,46.66667,-6.0833282,2024-06-01 00:00:00,0.099896535,-0.07246977,4360023.469108121,-464668.9756583009,0.0
198,1.541375,46.66667,-6.0833282,2024-06-01 00:00:00,0.101993375,-0.06890225,4360023.469108121,-464668.9756583009,0.0
378,2.645669,46.66667,-6.0833282,2024-06-01 00:00:00,0.10411394,-0.065506935,4360023.469108121,-464668.9756583009,0.0
558,3.819495,46.66667,-6.0833282,2024-06-01 00:00:00,0.10623686,-0.06230337,4360023.469108121,-464668.9756583009,0.0
738,5.078224,46.66667,-6.0833282,2024-06-01 00:00:00,0.108353235,-0.059291016,4360023.469108121,-464668.9756583009,0.0
918,6.440614,46.66667,-6.0833282,2024-06-01 00:00:00,0.11045768,-0.056465525,4360023.469108121,-464668.9756583009,0.0
1098,7.92956,46.66667,-6.0833282,2024-06-01 00:00:00,0.112543136,-0.053825937,4360023.469108121,-464668.9756583009,0.0
1278,9.572997,46.66667,-6.0833282,2024-06-01 00:00:00,0.11459785,-0.0513778,4360023.469108121,-464668.9756583009,0.0
1458,11.405,46.66667,-6.0833282,2024-06-01 00:00:00,0.11660371,-0.049133893,4360023.469108121,-464668.9756583009,0.0
1638,13.46714,46.66667,-6.0833282,2024-06-01 00:00:00,0.11853604,-0.047112953,4360023.469108121,-464668.9756583009,0.0
1818,15.81007,46.66667,-6.0833282,2024-06-01 00:00:00,0.12036561,-0.045336526,4360023.469108121,-464668.9756583009,0.0
1998,18.49556,46.66667,-6.0833282,2024-06-01 00:00:00,0.12206467,-0.043824393,4360023.469108121,-464668.9756583009,0.0
2178,21.59882,46.66667,-6.0833282,2024-06-01 00:00:00,0.12363412,-0.0425598,4360023.469108121,-464668.9756583009,0.0
2358,25.21141,46.66667,-6.0833282,2024-06-01 00:00:00,0.12532037,-0.041571803,4360023.469108121,-464668.9756583009,0.0
2538,29.44473,46.66667,-6.0833282,2024-06-01 00:00:00,0.1314548,-0.080369264,4360023.469108121,-464668.9756583009,0.0
2718,34.43415,46.66667,-6.0833282,2024-06-01 00:00:00,0.13613118,-0.07759666,4360023.469108121,-464668.9756583009,0.0
2898,40.34405,46.66667,-6.0833282,2024-06-01 00:00:00,0.14321369,-0.08316902,4360023.469108121,-464668.9756583009,0.0
3078,47.37369,46.66667,-6.0833282,2024-06-01 00:00:00,0.14195527,-0.09092603,4360023.469108121,-464668.9756583009,0.0
3258,55.76429,46.66667,-6.0833282,2024-06-01 00:00:00,0.13541739,-0.093010075,4360023.469108121,-464668.9756583009,0.0
3438,65.80727,46.66667,-6.0833282,2024-06-01 00:00:00,0.1302797,-0.088378154,4360023.469108121,-464668.9756583009,0.0
3618,77.85385,46.66667,-6.0833282,2024-06-01 00:00:00,0.1245004,-0.08074377,4360023.469108121,-464668.9756583009,0.0
3798,92.32607,46.66667,-6.0833282,2024-06-01 00:00:00,0.11642543,-0.07193206,4360023.469108121,-464668.9756583009,0.0
3978,109.7293,46.66667,-6.0833282,2024-06-01 00:00:00,0.09944167,-0.06760218,4360023.469108121,-464668.9756583009,0.0
4158,130.666,46.66667,-6.0833282,2024-06-01 00:00:00,0.08089191,-0.058027025,4360023.469108121,-464668.9756583009,0.0
4338,155.8507,46.66667,-6.0833282,2024-06-01 00:00:00,0.05473721,-0.04510046,4360023.469108121,-464668.9756583009,0.0
4518,186.1256,46.66667,-6.0833282,2024-06-01 00:00:00,0.03247258,-0.030025724,4360023.469108121,-464668.9756583009,0.0
4698,222.4752,46.66667,-6.0833282,2024-06-01 00:00:00,0.020558452,-0.014206375,4360023.469108121,-464668.9756583009,0.0
4878,266.0403,46.66667,-6.0833282,2024-06-01 00:00:00,0.016872466,-0.004197208,4360023.469108121,-464668.9756583009,0.0
5058,318.1274,46.66667,-6.0833282,2024-06-01 00:00:00,0.007056871,-0.0037097265,4360023.469108121,-464668.9756583009,0.0
5238,380.213,46.66667,-6.0833282,2024-06-01 00:00:00,0.003254516,0.00054939685,4360023.469108121,-464668.9756583009,0.0
5418,453.9377,46.66667,-6.0833282,2024-06-01 00:00:00,0.0110126855,-0.0079878885,4360023.469108121,-464668.9756583009,0.0
5598,541.0889,46.66667,-6.0833282,2024-06-01 00:00:00,0.009103608,-0.022820344,4360023.469108121,-464668.9756583009,0.0
5778,643.5668,46.66667,-6.0833282,2024-06-01 00:00:00,0.017334547,-0.036484543,4360023.469108121,-464668.9756583009,0.0
5958,763.3331,46.66667,-6.0833282,2024-06-01 00:00:00,0.038451646,-0.060358785,4360023.469108121,-464668.9756583009,0.0
6138,902.3393,46.66667,-6.0833282,2024-06-01 00:00:00,0.07628626,-0.09172251,4360023.469108121,-464668.9756583009,0.0
27,0.494025,46.66667,-6.0,2024-06-01 00:00:00,0.09440139,-0.09249734,4360694.650219674,-458327.4764384654,0.0
207,1.541375,46.66667,-6.0,2024-06-01 00:00:00,0.09642147,-0.08889031,4360694.650219674,-458327.4764384654,0.0
387,2.645669,46.66667,-6.0,2024-06-01 00:00:00,0.098471835,-0.08545451,4360694.650219674,-458327.4764384654,0.0
567,3.819495,46.66667,-6.0,2024-06-01 00:00:00,0.10053279,-0.08220852,4360694.650219674,-458327.4764384654,0.0
747,5.078224,46.66667,-6.0,2024-06-01 00:00:00,0.102598205,-0.07914857,4360694.650219674,-458327.4764384654,0.0
927,6.440614,46.66667,-6.0,2024-06-01 00:00:00,0.10466567,-0.07626715,4360694.650219674,-458327.4764384654,0.0
1107,7.92956,46.66667,-6.0,2024-06-01 00:00:00,0.106730916,-0.07356148,4360694.650219674,-458327.4764384654,0.0
1287,9.572997,46.66667,-6.0,2024-06-01 00:00:00,0.10878428,-0.07103702,4360694.650219674,-458327.4764384654,0.0
1467,11.405,46.66667,-6.0,2024-06-01 00:00:00,0.11080896,-0.06870822,4360694.650219674,-458327.4764384654,0.0
1647,13.46714,46.66667,-6.0,2024-06-01 00:00:00,0.11278091,-0.066597186,4360694.650219674,-458327.4764384654,0.0
1827,15.81007,46.66667,-6.0,2024-06-01 00:00:00,0.11467114,-0.0647303,4360694.650219674,-458327.4764384654,0.0
2007,18.49556,46.66667,-6.0,2024-06-01 00:00:00,0.116453536,-0.06313225,4360694.650219674,-458327.4764384654,0.0
2187,21.59882,46.66667,-6.0,2024-06-01 00:00:00,0.11813476,-0.061809488,4360694.650219674,-458327.4764384654,0.0
2367,25.21141,46.66667,-6.0,2024-06-01 00:00:00,0.11997078,-0.06075983,4360694.650219674,-458327.4764384654,0.0
2547,29.44473,46.66667,-6.0,2024-06-01 00:00:00,0.13038272,-0.08746807,4360694.650219674,-458327.4764384654,0.0
2727,34.43415,46.66667,-6.0,2024-06-01 00:00:00,0.1343594,-0.08638468,4360694.650219674,-458327.4764384654,0.0
2907,40.34405,46.66667,-6.0,2024-06-01 00:00:00,0.13953729,-0.095384106,4360694.650219674,-458327.4764384654,0.0
3087,47.37369,46.66667,-6.0,2024-06-01 00:00:00,0.13472411,-0.10366216,4360694.650219674,-458327.4764384654,0.0
3267,55.76429,46.66667,-6.0,2024-06-01 00:00:00,0.12346143,-0.104426526,4360694.650219674,-458327.4764384654,0.0
3447,65.80727,46.66667,-6.0,2024-06-01 00:00:00,0.11434748,-0.097183876,4360694.650219674,-458327.4764384654,0.0
3627,77.85385,46.66667,-6.0,2024-06-01 00:00:00,0.10251634,-0.08501027,4360694.650219674,-458327.4764384654,0.0
3807,92.32607,46.66667,-6.0,2024-06-01 00:00:00,0.09324885,-0.075571306,4360694.650219674,-458327.4764384654,0.0
3987,109.7293,46.66667,-6.0,2024-06-01 00:00:00,0.08260437,-0.07549768,4360694.650219674,-458327.4764384654,0.0
4167,130.666,46.66667,-6.0,2024-06-01 00:00:00,0.071648136,-0.072690256,4360694.650219674,-458327.4764384654,0.0
4347,155.8507,46.66667,-6.0,2024-06-01 00:00:00,0.065219164,-0.068057105,4360694.650219674,-458327.4764384654,0.0
4527,186.1256,46.66667,-6.0,2024-06-01 00:00:00,0.058354378,-0.059760615,4360694.650219674,-458327.4764384654,0.0
4707,222.4752,46.66667,-6.0,2024-06-01 00:00:00,0.058456596,-0.049038526,4360694.650219674,-458327.4764384654,0.0
4887,266.0403,46.66667,-6.0,2024-06-01 00:00:00,0.05278601,-0.03820666,4360694.650219674,-458327.4764384654,0.0
5067,318.1274,46.66667,-6.0,2024-06-01 00:00:00,0.041125625,-0.03141073,4360694.650219674,-458327.4764384654,0.0
5247,380.213,46.66667,-6.0,2024-06-01 00:00:00,0.036937065,-0.025221381,4360694.650219674,-458327.4764384654,0.0
5427,453.9377,46.66667,-6.0,2024-06-01 00:00:00,0.04379814,-0.032416373,4360694.650219674,-458327.4764384654,0.0
5607,541.0889,46.66667,-6.0,2024-06-01 00:00:00,0.040090736,-0.039984457,4360694.650219674,-458327.4764384654,0.0
5787,643.5668,46.66667,-6.0,2024-06-01 00:00:00,0.04094043,-0.048721764,4360694.650219674,-458327.4764384654,0.0
5967,763.3331,46.66667,-6.0,2024-06-01 00:00:00,0.06486354,-0.07454845,4360694.650219674,-458327.4764384654,0.0
6147,902.3393,46.66667,-6.0,2024-06-01 00:00:00,0.090745434,-0.10211398,4360694.650219674,-458327.4764384654,0.0
36,0.494025,46.75,-6.25,2024-06-01 00:00:00,0.09191728,-0.051800087,4351950.96357759,-476616.1460837916,0.0
216,1.541375,46.75,-6.25,2024-06-01 00:00:00,0.09416332,-0.048327517,4351950.96357759,-476616.1460837916,0.0
396,2.645669,46.75,-6.25,2024-06-01 00:00:00,0.09644017,-0.045041233,4351950.96357759,-476616.1460837916,0.0
576,3.819495,46.75,-6.25,2024-06-01 00:00:00,0.09872596,-0.04196174,4351950.96357759,-476616.1460837916,0.0
756,5.078224,46.75,-6.25,2024-06-01 00:00:00,0.10100916,-0.039094776,4351950.96357759,-476616.1460837916,0.0
936,6.440614,46.75,-6.25,2024-06-01 00:00:00,0.103282556,-0.03644152,4351950.96357759,-476616.1460837916,0.0
1116,7.92956,46.75,-6.25,2024-06-01 00:00:00,0.10554064,-0.034002647,4351950.96357759,-476616.1460837916,0.0
1296,9.572997,46.75,-6.25,2024-06-01 00:00:00,0.10777751,-0.031781152,4351950.96357759,-476616.1460837916,0.0
1476,11.405,46.75,-6.25,2024-06-01 00:00:00,0.10998576,-0.02978415,4351950.96357759,-476616.1460837916,0.0
1656,13.46714,46.75,-6.25,2024-06-01 00:00:00,0.11215815,-0.028022509,4351950.96357759,-476616.1460837916,0.0
1836,15.81007,46.75,-6.25,2024-06-01 00:00:00,0.11429758,-0.026506934,4351950.96357759,-476616.1460837916,0.0
2016,18.49556,46.75,-6.25,2024-06-01 00:00:00,0.11645451,-0.025237057,4351950.96357759,-476616.1460837916,0.0
2196,21.59882,46.75,-6.25,2024-06-01 00:00:00,0.11894251,-0.02415486,4351950.96357759,-476616.1460837916,0.0
2376,25.21141,46.75,-6.25,2024-06-01 00:00:00,0.12558427,-0.02294465,4351950.96357759,-476616.1460837916,0.0
2556,29.44473,46.75,-6.25,2024-06-01 00:00:00,0.14086898,-0.06105254,4351950.96357759,-476616.1460837916,0.0
2736,34.43415,46.75,-6.25,2024-06-01 00:00:00,0.13890903,-0.057827473,4351950.96357759,-476616.1460837916,0.0
2916,40.34405,46.75,-6.25,2024-06-01 00:00:00,0.1417348,-0.048862588,4351950.96357759,-476616.1460837916,0.0
3096,47.37369,46.75,-6.25,2024-06-01 00:00:00,0.13570784,-0.048684433,4351950.96357759,-476616.1460837916,0.0
3276,55.76429,46.75,-6.25,2024-06-01 00:00:00,0.12315378,-0.051114954,4351950.96357759,-476616.1460837916,0.0
3456,65.80727,46.75,-6.25,2024-06-01 00:00:00,0.11108554,-0.050380252,4351950.96357759,-476616.1460837916,0.0
3636,77.85385,46.75,-6.25,2024-06-01 00:00:00,0.100702465,-0.045860674,4351950.96357759,-476616.1460837916,0.0
3816,92.32607,46.75,-6.25,2024-06-01 00:00:00,0.08766823,-0.043754064,4351950.96357759,-476616.1460837916,0.0
3996,109.7293,46.75,-6.25,2024-06-01 00:00:00,0.06460539,-0.046600915,4351950.96357759,-476616.1460837916,0.0
4176,130.666,46.75,-6.25,2024-06-01 00:00:00,0.04418489,-0.046803717,4351950.96357759,-476616.1460837916,0.0
4356,155.8507,46.75,-6.25,2024-06-01 00:00:00,0.021757076,-0.038437046,4351950.96357759,-476616.1460837916,0.0
4536,186.1256,46.75,-6.25,2024-06-01 00:00:00,0.004890896,-0.023645729,4351950.96357759,-476616.1460837916,0.0
4716,222.4752,46.75,-6.25,2024-06-01 00:00:00,-0.007843006,-0.011574912,4351950.96357759,-476616.1460837916,0.0
4896,266.0403,46.75,-6.25,2024-06-01 00:00:00,-0.011792206,-0.009257619,4351950.96357759,-476616.1460837916,0.0
5076,318.1274,46.75,-6.25,2024-06-01 00:00:00,-0.010870569,-0.0057936106,4351950.96357759,-476616.1460837916,0.0
5256,380.213,46.75,-6.25,2024-06-01 00:00:00,-0.012139027,-0.0050163036,4351950.96357759,-476616.1460837916,0.0
5436,453.9377,46.75,-6.25,2024-06-01 00:00:00,-0.009080181,-0.014221668,4351950.96357759,-476616.1460837916,0.0
5616,541.0889,46.75,-6.25,2024-06-01 00:00:00,-0.0115503855,-0.019698668,4351950.96357759,-476616.1460837916,0.0
5796,643.5668,46.75,-6.25,2024-06-01 00:00:00,-0.0032991031,-0.039195966,4351950.96357759,-476616.1460837916,0.0
5976,763.3331,46.75,-6.25,2024-06-01 00:00:00,0.017261948,-0.055319175,4351950.96357759,-476616.1460837916,0.0
6156,902.3393,46.75,-6.25,2024-06-01 00:00:00,0.023893988,-0.06790764,4351950.96357759,-476616.1460837916,0.0
45,0.494025,46.75,-6.1666565,2024-06-01 00:00:00,0.113447815,-0.061615735,4352639.653859386,-470285.21531356085,0.0
225,1.541375,46.75,-6.1666565,2024-06-01 00:00:00,0.11565396,-0.05809822,4352639.653859386,-470285.21531356085,0.0
405,2.645669,46.75,-6.1666565,2024-06-01 00:00:00,0.11789474,-0.05476078,4352639.653859386,-470285.21531356085,0.0
585,3.819495,46.75,-6.1666565,2024-06-01 00:00:00,0.120148495,-0.051623646,4352639.653859386,-470285.21531356085,0.0
765,5.078224,46.75,-6.1666565,2024-06-01 00:00:00,0.12240666,-0.048688408,4352639.653859386,-470285.21531356085,0.0
945,6.440614,46.75,-6.1666565,2024-06-01 00:00:00,0.1246656,-0.045952223,4352639.653859386,-470285.21531356085,0.0
1125,7.92956,46.75,-6.1666565,2024-06-01 00:00:00,0.12692234,-0.043414038,4352639.653859386,-470285.21531356085,0.0
1305,9.572997,46.75,-6.1666565,2024-06-01 00:00:00,0.12917176,-0.041077778,4352639.653859386,-470285.21531356085,0.0
1485,11.405,46.75,-6.1666565,2024-06-01 00:00:00,0.13140549,-0.03895365,4352639.653859386,-470285.21531356085,0.0
1665,13.46714,46.75,-6.1666565,2024-06-01 00:00:00,0.13361363,-0.037057333,4352639.653859386,-470285.21531356085,0.0
1845,15.81007,46.75,-6.1666565,2024-06-01 00:00:00,0.13579436,-0.035406694,4352639.653859386,-470285.21531356085,0.0
2025,18.49556,46.75,-6.1666565,2024-06-01 00:00:00,0.13798995,-0.0340147,4352639.653859386,-470285.21531356085,0.0
2205,21.59882,46.75,-6.1666565,2024-06-01 00:00:00,0.14048865,-0.032873906,4352639.653859386,-470285.21531356085,0.0
2385,25.21141,46.75,-6.1666565,2024-06-01 00:00:00,0.14692092,-0.03202158,4352639.653859386,-470285.21531356085,0.0
2565,29.44473,46.75,-6.1666565,2024-06-01 00:00:00,0.15976784,-0.06412553,4352639.653859386,-470285.21531356085,0.0
2745,34.43415,46.75,-6.1666565,2024-06-01 00:00:00,0.15895842,-0.0630717,4352639.653859386,-470285.21531356085,0.0
2925,40.34405,46.75,-6.1666565,2024-06-01 00:00:00,0.16345108,-0.06288257,4352639.653859386,-470285.21531356085,0.0
3105,47.37369,46.75,-6.1666565,2024-06-01 00:00:00,0.1566849,-0.066028096,4352639.653859386,-470285.21531356085,0.0
3285,55.76429,46.75,-6.1666565,2024-06-01 00:00:00,0.14072572,-0.06843837,4352639.653859386,-470285.21531356085,0.0
3465,65.80727,46.75,-6.1666565,2024-06-01 00:00:00,0.12619473,-0.06672936,4352639.653859386,-470285.21531356085,0.0
3645,77.85385,46.75,-6.1666565,2024-06-01 00:00:00,0.1142731,-0.05988529,4352639.653859386,-470285.21531356085,0.0
3825,92.32607,46.75,-6.1666565,2024-06-01 00:00:00,0.10197223,-0.055069443,4352639.653859386,-470285.21531356085,0.0
4005,109.7293,46.75,-6.1666565,2024-06-01 00:00:00,0.08266081,-0.059490804,4352639.653859386,-470285.21531356085,0.0
4185,130.666,46.75,-6.1666565,2024-06-01 00:00:00,0.06751085,-0.060269766,4352639.653859386,-470285.21531356085,0.0
4365,155.8507,46.75,-6.1666565,2024-06-01 00:00:00,0.05693208,-0.055305246,4352639.653859386,-470285.21531356085,0.0
4545,186.1256,46.75,-6.1666565,2024-06-01 00:00:00,0.04520132,-0.04573721,4352639.653859386,-470285.21531356085,0.0
4725,222.4752,46.75,-6.1666565,2024-06-01 00:00:00,0.037598144,-0.03735685,4352639.653859386,-470285.21531356085,0.0
4905,266.0403,46.75,-6.1666565,2024-06-01 00:00:00,0.030458568,-0.02750067,4352639.653859386,-470285.21531356085,0.0
5085,318.1274,46.75,-6.1666565,2024-06-01 00:00:00,0.027948933,-0.025778856,4352639.653859386,-470285.21531356085,0.0
5265,380.213,46.75,-6.1666565,2024-06-01 00:00:00,0.027820736,-0.026753716,4352639.653859386,-470285.21531356085,0.0
5445,453.9377,46.75,-6.1666565,2024-06-01 00:00:00,0.020866498,-0.029996362,4352639.653859386,-470285.21531356085,0.0
5625,541.0889,46.75,-6.1666565,2024-06-01 00:00:00,0.009588754,-0.037981458,4352639.653859386,-470285.21531356085,0.0
5805,643.5668,46.75,-6.1666565,2024-06-01 00:00:00,0.020869454,-0.06461439,4352639.653859386,-470285.21531356085,0.0
5985,763.3331,46.75,-6.1666565,2024-06-01 00:00:00,0.03816895,-0.085542634,4352639.653859386,-470285.21531356085,0.0
6165,902.3393,46.75,-6.1666565,2024-06-01 00:00:00,0.04305973,-0.09102892,4352639.653859386,-470285.21531356085,0.0
54,0.494025,46.75,-6.0833282,2024-06-01 00:00:00,0.120865494,-0.0758448,4353319.010767862,-463954.44881885045,0.0
234,1.541375,46.75,-6.0833282,2024-06-01 00:00:00,0.12302867,-0.07229154,4353319.010767862,-463954.44881885045,0.0
414,2.645669,46.75,-6.0833282,2024-06-01 00:00:00,0.12523305,-0.06891367,4353319.010767862,-463954.44881885045,0.0
594,3.819495,46.75,-6.0833282,2024-06-01 00:00:00,0.12745742,-0.06573091,4353319.010767862,-463954.44881885045,0.0
774,5.078224,46.75,-6.0833282,2024-06-01 00:00:00,0.12969592,-0.06274067,4353319.010767862,-463954.44881885045,0.0
954,6.440614,46.75,-6.0833282,2024-06-01 00:00:00,0.13194844,-0.05993572,4353319.010767862,-463954.44881885045,0.0
1134,7.92956,46.75,-6.0833282,2024-06-01 00:00:00,0.13421501,-0.057312235,4353319.010767862,-463954.44881885045,0.0
1314,9.572997,46.75,-6.0833282,2024-06-01 00:00:00,0.13649249,-0.054873575,4353319.010767862,-463954.44881885045,0.0
1494,11.405,46.75,-6.0833282,2024-06-01 00:00:00,0.13877285,-0.052631453,4353319.010767862,-463954.44881885045,0.0
1674,13.46714,46.75,-6.0833282,2024-06-01 00:00:00,0.14104481,-0.05060474,4353319.010767862,-463954.44881885045,0.0
1854,15.81007,46.75,-6.0833282,2024-06-01 00:00:00,0.14330418,-0.048815276,4353319.010767862,-463954.44881885045,0.0
2034,18.49556,46.75,-6.0833282,2024-06-01 00:00:00,0.14559373,-0.04727884,4353319.010767862,-463954.44881885045,0.0
2214,21.59882,46.75,-6.0833282,2024-06-01 00:00:00,0.14831725,-0.045975737,4353319.010767862,-463954.44881885045,0.0
2394,25.21141,46.75,-6.0833282,2024-06-01 00:00:00,0.16058199,-0.0453379,4353319.010767862,-463954.44881885045,0.0
2574,29.44473,46.75,-6.0833282,2024-06-01 00:00:00,0.1741337,-0.07383733,4353319.010767862,-463954.44881885045,0.0
2754,34.43415,46.75,-6.0833282,2024-06-01 00:00:00,0.17857045,-0.071530595,4353319.010767862,-463954.44881885045,0.0
2934,40.34405,46.75,-6.0833282,2024-06-01 00:00:00,0.176003,-0.07690284,4353319.010767862,-463954.44881885045,0.0
3114,47.37369,46.75,-6.0833282,2024-06-01 00:00:00,0.16501467,-0.08128529,4353319.010767862,-463954.44881885045,0.0
3294,55.76429,46.75,-6.0833282,2024-06-01 00:00:00,0.14764328,-0.079874426,4353319.010767862,-463954.44881885045,0.0
3474,65.80727,46.75,-6.0833282,2024-06-01 00:00:00,0.13066275,-0.07476883,4353319.010767862,-463954.44881885045,0.0
3654,77.85385,46.75,-6.0833282,2024-06-01 00:00:00,0.11429977,-0.06549136,4353319.010767862,-463954.44881885045,0.0
3834,92.32607,46.75,-6.0833282,2024-06-01 00:00:00,0.10082894,-0.060123175,4353319.010767862,-463954.44881885045,0.0
4014,109.7293,46.75,-6.0833282,2024-06-01 00:00:00,0.08906073,-0.06656805,4353319.010767862,-463954.44881885045,0.0
4194,130.666,46.75,-6.0833282,2024-06-01 00:00:00,0.082499005,-0.07215833,4353319.010767862,-463954.44881885045,0.0
4374,155.8507,46.75,-6.0833282,2024-06-01 00:00:00,0.08134589,-0.07605339,4353319.010767862,-463954.44881885045,0.0
4554,186.1256,46.75,-6.0833282,2024-06-01 00:00:00,0.07573488,-0.072636686,4353319.010767862,-463954.44881885045,0.0
4734,222.4752,46.75,-6.0833282,2024-06-01 00:00:00,0.07138391,-0.06490128,4353319.010767862,-463954.44881885045,0.0
4914,266.0403,46.75,-6.0833282,2024-06-01 00:00:00,0.06481578,-0.05311928,4353319.010767862,-463954.44881885045,0.0
5094,318.1274,46.75,-6.0833282,2024-06-01 00:00:00,0.05845033,-0.047287058,4353319.010767862,-463954.44881885045,0.0
5274,380.213,46.75,-6.0833282,2024-06-01 00:00:00,0.053195495,-0.046740264,4353319.010767862,-463954.44881885045,0.0
5454,453.9377,46.75,-6.0833282,2024-06-01 00:00:00,0.046581008,-0.049703103,4353319.010767862,-463954.44881885045,0.0
5634,541.0889,46.75,-6.0833282,2024-06-01 00:00:00,0.030432058,-0.050621606,4353319.010767862,-463954.44881885045,0.0
5814,643.5668,46.75,-6.0833282,2024-06-01 00:00:00,0.03861717,-0.06884611,4353319.010767862,-463954.44881885045,0.0
5994,763.3331,46.75,-6.0833282,2024-06-01 00:00:00,0.048067585,-0.093325876,4353319.010767862,-463954.44881885045,0.0
6174,902.3393,46.75,-6.0833282,2024-06-01 00:00:00,0.05662211,-0.107180215,4353319.010767862,-463954.44881885045,0.0
63,0.494025,46.75,-6.0,2024-06-01 00:00:00,0.120740555,-0.09424293,4353989.159796485,-457622.70099545474,0.0
243,1.541375,46.75,-6.0,2024-06-01 00:00:00,0.12284382,-0.090656385,4353989.159796485,-457622.70099545474,0.0
423,2.645669,46.75,-6.0,2024-06-01 00:00:00,0.12499641,-0.08724044,4353989.159796485,-457622.70099545474,0.0
603,3.819495,46.75,-6.0,2024-06-01 00:00:00,0.12717813,-0.08401417,4353989.159796485,-457622.70099545474,0.0
783,5.078224,46.75,-6.0,2024-06-01 00:00:00,0.12938535,-0.080972075,4353989.159796485,-457622.70099545474,0.0
963,6.440614,46.75,-6.0,2024-06-01 00:00:00,0.1316208,-0.078103855,4353989.159796485,-457622.70099545474,0.0
1143,7.92956,46.75,-6.0,2024-06-01 00:00:00,0.13388763,-0.0754038,4353989.159796485,-457622.70099545474,0.0
1323,9.572997,46.75,-6.0,2024-06-01 00:00:00,0.13618538,-0.072875045,4353989.159796485,-457622.70099545474,0.0
1503,11.405,46.75,-6.0,2024-06-01 00:00:00,0.13850793,-0.070531614,4353989.159796485,-457622.70099545474,0.0
1683,13.46714,46.75,-6.0,2024-06-01 00:00:00,0.14084429,-0.068397835,4353989.159796485,-457622.70099545474,0.0
1863,15.81007,46.75,-6.0,2024-06-01 00:00:00,0.14318886,-0.06650522,4353989.159796485,-457622.70099545474,0.0
2043,18.49556,46.75,-6.0,2024-06-01 00:00:00,0.14558525,-0.06488654,4353989.159796485,-457622.70099545474,0.0
2223,21.59882,46.75,-6.0,2024-06-01 00:00:00,0.14849626,-0.06353715,4353989.159796485,-457622.70099545474,0.0
2403,25.21141,46.75,-6.0,2024-06-01 00:00:00,0.16871342,-0.06540456,4353989.159796485,-457622.70099545474,0.0
2583,29.44473,46.75,-6.0,2024-06-01 00:00:00,0.18255396,-0.097634085,4353989.159796485,-457622.70099545474,0.0
2763,34.43415,46.75,-6.0,2024-06-01 00:00:00,0.19391422,-0.09070335,4353989.159796485,-457622.70099545474,0.0
2943,40.34405,46.75,-6.0,2024-06-01 00:00:00,0.19245216,-0.09034233,4353989.159796485,-457622.70099545474,0.0
3123,47.37369,46.75,-6.0,2024-06-01 00:00:00,0.18171386,-0.09252128,4353989.159796485,-457622.70099545474,0.0
3303,55.76429,46.75,-6.0,2024-06-01 00:00:00,0.16510357,-0.09158023,4353989.159796485,-457622.70099545474,0.0
3483,65.80727,46.75,-6.0,2024-06-01 00:00:00,0.14775524,-0.08626727,4353989.159796485,-457622.70099545474,0.0
3663,77.85385,46.75,-6.0,2024-06-01 00:00:00,0.12937146,-0.0757221,4353989.159796485,-457622.70099545474,0.0
3843,92.32607,46.75,-6.0,2024-06-01 00:00:00,0.116204,-0.07057212,4353989.159796485,-457622.70099545474,0.0
4023,109.7293,46.75,-6.0,2024-06-01 00:00:00,0.109170616,-0.07710755,4353989.159796485,-457622.70099545474,0.0
4203,130.666,46.75,-6.0,2024-06-01 00:00:00,0.104359336,-0.08672958,4353989.159796485,-457622.70099545474,0.0
4383,155.8507,46.75,-6.0,2024-06-01 00:00:00,0.10343883,-0.0924458,4353989.159796485,-457622.70099545474,0.0
4563,186.1256,46.75,-6.0,2024-06-01 00:00:00,0.09457992,-0.0885688,4353989.159796485,-457622.70099545474,0.0
4743,222.4752,46.75,-6.0,2024-06-01 00:00:00,0.09075495,-0.07945872,4353989.159796485,-457622.70099545474,0.0
4923,266.0403,46.75,-6.0,2024-06-01 00:00:00,0.08769855,-0.0720051,4353989.159796485,-457622.70099545474,0.0
5103,318.1274,46.75,-6.0,2024-06-01 00:00:00,0.07574663,-0.0657584,4353989.159796485,-457622.70099545474,0.0
5283,380.213,46.75,-6.0,2024-06-01 00:00:00,0.064123444,-0.062009793,4353989.159796485,-457622.70099545474,0.0
5463,453.9377,46.75,-6.0,2024-06-01 00:00:00,0.06195968,-0.07009552,4353989.159796485,-457622.70099545474,0.0
5643,541.0889,46.75,-6.0,2024-06-01 00:00:00,0.043396734,-0.062411837,4353989.159796485,-457622.70099545474,0.0
5823,643.5668,46.75,-6.0,2024-06-01 00:00:00,0.045399938,-0.06786736,4353989.159796485,-457622.70099545474,0.0
6003,763.3331,46.75,-6.0,2024-06-01 00:00:00,0.051942937,-0.092718706,4353989.159796485,-457622.70099545474,0.0
6183,902.3393,46.75,-6.0,2024-06-01 00:00:00,0.04989643,-0.091801964,4353989.159796485,-457622.70099545474,0.0
72,0.494025,46.833336,-6.25,2024-06-01 00:00:00,0.059560835,-0.08945552,4345238.723142079,-475881.0361998027,0.0
252,1.541375,46.833336,-6.25,2024-06-01 00:00:00,0.061853092,-0.08596445,4345238.723142079,-475881.0361998027,0.0
432,2.645669,46.833336,-6.25,2024-06-01 00:00:00,0.064189516,-0.08262569,4345238.723142079,-475881.0361998027,0.0
612,3.819495,46.833336,-6.25,2024-06-01 00:00:00,0.06654673,-0.07945998,4345238.723142079,-475881.0361998027,0.0
792,5.078224,46.833336,-6.25,2024-06-01 00:00:00,0.0689115,-0.076474145,4345238.723142079,-475881.0361998027,0.0
972,6.440614,46.833336,-6.25,2024-06-01 00:00:00,0.071276225,-0.073669076,4345238.723142079,-475881.0361998027,0.0
1152,7.92956,46.833336,-6.25,2024-06-01 00:00:00,0.07363678,-0.07104309,4345238.723142079,-475881.0361998027,0.0
1332,9.572997,46.833336,-6.25,2024-06-01 00:00:00,0.075989194,-0.06859617,4345238.723142079,-475881.0361998027,0.0
1512,11.405,46.833336,-6.25,2024-06-01 00:00:00,0.07832568,-0.0663344,4345238.723142079,-475881.0361998027,0.0
1692,13.46714,46.833336,-6.25,2024-06-01 00:00:00,0.08063213,-0.06427305,4345238.723142079,-475881.0361998027,0.0
1872,15.81007,46.833336,-6.25,2024-06-01 00:00:00,0.0828939,-0.062435757,4345238.723142079,-475881.0361998027,0.0
2052,18.49556,46.833336,-6.25,2024-06-01 00:00:00,0.08512183,-0.060852073,4345238.723142079,-475881.0361998027,0.0
2232,21.59882,46.833336,-6.25,2024-06-01 00:00:00,0.08772896,-0.059486,4345238.723142079,-475881.0361998027,0.0
2412,25.21141,46.833336,-6.25,2024-06-01 00:00:00,0.12188583,-0.066187754,4345238.723142079,-475881.0361998027,0.0
2592,29.44473,46.833336,-6.25,2024-06-01 00:00:00,0.14115426,-0.080913894,4345238.723142079,-475881.0361998027,0.0
2772,34.43415,46.833336,-6.25,2024-06-01 00:00:00,0.15641388,-0.07454208,4345238.723142079,-475881.0361998027,0.0
2952,40.34405,46.833336,-6.25,2024-06-01 00:00:00,0.16290498,-0.06798771,4345238.723142079,-475881.0361998027,0.0
3132,47.37369,46.833336,-6.25,2024-06-01 00:00:00,0.15754738,-0.07039512,4345238.723142079,-475881.0361998027,0.0
3312,55.76429,46.833336,-6.25,2024-06-01 00:00:00,0.14209983,-0.07376303,4345238.723142079,-475881.0361998027,0.0
3492,65.80727,46.833336,-6.25,2024-06-01 00:00:00,0.12993088,-0.072666645,4345238.723142079,-475881.0361998027,0.0
3672,77.85385,46.833336,-6.25,2024-06-01 00:00:00,0.124919996,-0.066138364,4345238.723142079,-475881.0361998027,0.0
3852,92.32607,46.833336,-6.25,2024-06-01 00:00:00,0.12144026,-0.06423201,4345238.723142079,-475881.0361998027,0.0
4032,109.7293,46.833336,-6.25,2024-06-01 00:00:00,0.11015477,-0.073601976,4345238.723142079,-475881.0361998027,0.0
4212,130.666,46.833336,-6.25,2024-06-01 00:00:00,0.0989222,-0.08233758,4345238.723142079,-475881.0361998027,0.0
4392,155.8507,46.833336,-6.25,2024-06-01 00:00:00,0.08206287,-0.08207597,4345238.723142079,-475881.0361998027,0.0
4572,186.1256,46.833336,-6.25,2024-06-01 00:00:00,0.059684284,-0.07097146,4345238.723142079,-475881.0361998027,0.0
4752,222.4752,46.833336,-6.25,2024-06-01 00:00:00,0.04882995,-0.060187157,4345238.723142079,-475881.0361998027,0.0
4932,266.0403,46.833336,-6.25,2024-06-01 00:00:00,0.051940024,-0.051197715,4345238.723142079,-475881.0361998027,0.0
5112,318.1274,46.833336,-6.25,2024-06-01 00:00:00,0.0564713,-0.04276365,4345238.723142079,-475881.0361998027,0.0
5292,380.213,46.833336,-6.25,2024-06-01 00:00:00,0.058458693,-0.04927242,4345238.723142079,-475881.0361998027,0.0
5472,453.9377,46.833336,-6.25,2024-06-01 00:00:00,0.044637255,-0.0507929,4345238.723142079,-475881.0361998027,0.0
5652,541.0889,46.833336,-6.25,2024-06-01 00:00:00,0.031247959,-0.046053126,4345238.723142079,-475881.0361998027,0.0
5832,643.5668,46.833336,-6.25,2024-06-01 00:00:00,0.049750436,-0.06618524,4345238.723142079,-475881.0361998027,0.0
6012,763.3331,46.833336,-6.25,2024-06-01 00:00:00,0.054378107,-0.076242015,4345238.723142079,-475881.0361998027,0.0
6192,902.3393,46.833336,-6.25,2024-06-01 00:00:00,0.06547273,-0.072455585,4345238.723142079,-475881.0361998027,0.0
81,0.494025,46.833336,-6.1666565,2024-06-01 00:00:00,0.06434752,-0.088102,4345926.351221016,-469559.8699535443,0.0
261,1.541375,46.833336,-6.1666565,2024-06-01 00:00:00,0.06657049,-0.08455267,4345926.351221016,-469559.8699535443,0.0
441,2.645669,46.833336,-6.1666565,2024-06-01 00:00:00,0.06884575,-0.08115368,4345926.351221016,-469559.8699535443,0.0
621,3.819495,46.833336,-6.1666565,2024-06-01 00:00:00,0.07115088,-0.077924944,4345926.351221016,-469559.8699535443,0.0
801,5.078224,46.833336,-6.1666565,2024-06-01 00:00:00,0.07347689,-0.07486762,4345926.351221016,-469559.8699535443,0.0
981,6.440614,46.833336,-6.1666565,2024-06-01 00:00:00,0.07582151,-0.071976565,4345926.351221016,-469559.8699535443,0.0
1161,7.92956,46.833336,-6.1666565,2024-06-01 00:00:00,0.078185275,-0.06924635,4345926.351221016,-469559.8699535443,0.0
1341,9.572997,46.833336,-6.1666565,2024-06-01 00:00:00,0.0805676,-0.066676036,4345926.351221016,-469559.8699535443,0.0
1521,11.405,46.833336,-6.1666565,2024-06-01 00:00:00,0.0829631,-0.06427325,4345926.351221016,-469559.8699535443,0.0
1701,13.46714,46.833336,-6.1666565,2024-06-01 00:00:00,0.085359834,-0.0620565,4345926.351221016,-469559.8699535443,0.0
1881,15.81007,46.833336,-6.1666565,2024-06-01 00:00:00,0.087746866,-0.06005331,4345926.351221016,-469559.8699535443,0.0
2061,18.49556,46.833336,-6.1666565,2024-06-01 00:00:00,0.09015689,-0.058287464,4345926.351221016,-469559.8699535443,0.0
2241,21.59882,46.833336,-6.1666565,2024-06-01 00:00:00,0.09309309,-0.056690685,4345926.351221016,-469559.8699535443,0.0
2421,25.21141,46.833336,-6.1666565,2024-06-01 00:00:00,0.12702826,-0.06401181,4345926.351221016,-469559.8699535443,0.0
2601,29.44473,46.833336,-6.1666565,2024-06-01 00:00:00,0.15004116,-0.08597128,4345926.351221016,-469559.8699535443,0.0
2781,34.43415,46.833336,-6.1666565,2024-06-01 00:00:00,0.17082071,-0.08012654,4345926.351221016,-469559.8699535443,0.0
2961,40.34405,46.833336,-6.1666565,2024-06-01 00:00:00,0.18105315,-0.074153885,4345926.351221016,-469559.8699535443,0.0
3141,47.37369,46.833336,-6.1666565,2024-06-01 00:00:00,0.17808314,-0.07751231,4345926.351221016,-469559.8699535443,0.0
3321,55.76429,46.833336,-6.1666565,2024-06-01 00:00:00,0.16745499,-0.080316246,4345926.351221016,-469559.8699535443,0.0
3501,65.80727,46.833336,-6.1666565,2024-06-01 00:00:00,0.15855412,-0.07820051,4345926.351221016,-469559.8699535443,0.0
3681,77.85385,46.833336,-6.1666565,2024-06-01 00:00:00,0.15190096,-0.07112675,4345926.351221016,-469559.8699535443,0.0
3861,92.32607,46.833336,-6.1666565,2024-06-01 00:00:00,0.14367482,-0.06853911,4345926.351221016,-469559.8699535443,0.0
4041,109.7293,46.833336,-6.1666565,2024-06-01 00:00:00,0.13068628,-0.07848331,4345926.351221016,-469559.8699535443,0.0
4221,130.666,46.833336,-6.1666565,2024-06-01 00:00:00,0.11709452,-0.08808569,4345926.351221016,-469559.8699535443,0.0
4401,155.8507,46.833336,-6.1666565,2024-06-01 00:00:00,0.100104146,-0.088165544,4345926.351221016,-469559.8699535443,0.0
4581,186.1256,46.833336,-6.1666565,2024-06-01 00:00:00,0.080041714,-0.07877471,4345926.351221016,-469559.8699535443,0.0
4761,222.4752,46.833336,-6.1666565,2024-06-01 00:00:00,0.07213034,-0.07014642,4345926.351221016,-469559.8699535443,0.0
4941,266.0403,46.833336,-6.1666565,2024-06-01 00:00:00,0.07035219,-0.06286311,4345926.351221016,-469559.8699535443,0.0
5121,318.1274,46.833336,-6.1666565,2024-06-01 00:00:00,0.07641682,-0.058447577,4345926.351221016,-469559.8699535443,0.0
5301,380.213,46.833336,-6.1666565,2024-06-01 00:00:00,0.073629856,-0.06070023,4345926.351221016,-469559.8699535443,0.0
5481,453.9377,46.833336,-6.1666565,2024-06-01 00:00:00,0.057054102,-0.06472456,4345926.351221016,-469559.8699535443,0.0
5661,541.0889,46.833336,-6.1666565,2024-06-01 00:00:00,0.042256393,-0.06286351,4345926.351221016,-469559.8699535443,0.0
5841,643.5668,46.833336,-6.1666565,2024-06-01 00:00:00,0.049413834,-0.08154385,4345926.351221016,-469559.8699535443,0.0
6021,763.3331,46.833336,-6.1666565,2024-06-01 00:00:00,0.048511162,-0.091658734,4345926.351221016,-469559.8699535443,0.0
6201,902.3393,46.833336,-6.1666565,2024-06-01 00:00:00,0.062898144,-0.086154155,4345926.351221016,-469559.8699535443,0.0
90,0.494025,46.833336,-6.0833282,2024-06-01 00:00:00,0.051560946,-0.0880543,4346604.66032198,-463238.86772943556,0.0
270,1.541375,46.833336,-6.0833282,2024-06-01 00:00:00,0.053714737,-0.08445002,4346604.66032198,-463238.86772943556,0.0
450,2.645669,46.833336,-6.0833282,2024-06-01 00:00:00,0.05593112,-0.08099425,4346604.66032198,-463238.86772943556,0.0
630,3.819495,46.833336,-6.0833282,2024-06-01 00:00:00,0.058188606,-0.07770637,4346604.66032198,-463238.86772943556,0.0
810,5.078224,46.833336,-6.0833282,2024-06-01 00:00:00,0.060481355,-0.07458318,4346604.66032198,-463238.86772943556,0.0
990,6.440614,46.833336,-6.0833282,2024-06-01 00:00:00,0.06281117,-0.07161482,4346604.66032198,-463238.86772943556,0.0
1170,7.92956,46.833336,-6.0833282,2024-06-01 00:00:00,0.065182604,-0.068792805,4346604.66032198,-463238.86772943556,0.0
1350,9.572997,46.833336,-6.0833282,2024-06-01 00:00:00,0.067598864,-0.0661155,4346604.66032198,-463238.86772943556,0.0
1530,11.405,46.833336,-6.0833282,2024-06-01 00:00:00,0.07005855,-0.06359206,4346604.66032198,-463238.86772943556,0.0
1710,13.46714,46.833336,-6.0833282,2024-06-01 00:00:00,0.072555386,-0.061244786,4346604.66032198,-463238.86772943556,0.0
1890,15.81007,46.833336,-6.0833282,2024-06-01 00:00:00,0.07508608,-0.059108105,4346604.66032198,-463238.86772943556,0.0
2070,18.49556,46.833336,-6.0833282,2024-06-01 00:00:00,0.07774087,-0.05721102,4346604.66032198,-463238.86772943556,0.0
2250,21.59882,46.833336,-6.0833282,2024-06-01 00:00:00,0.08135329,-0.05550814,4346604.66032198,-463238.86772943556,0.0
2430,25.21141,46.833336,-6.0833282,2024-06-01 00:00:00,0.1181563,-0.0694484,4346604.66032198,-463238.86772943556,0.0
2610,29.44473,46.833336,-6.0833282,2024-06-01 00:00:00,0.1455788,-0.09586829,4346604.66032198,-463238.86772943556,0.0
2790,34.43415,46.833336,-6.0833282,2024-06-01 00:00:00,0.1746552,-0.08694733,4346604.66032198,-463238.86772943556,0.0
2970,40.34405,46.833336,-6.0833282,2024-06-01 00:00:00,0.19297528,-0.079624556,4346604.66032198,-463238.86772943556,0.0
3150,47.37369,46.833336,-6.0833282,2024-06-01 00:00:00,0.19372272,-0.082475595,4346604.66032198,-463238.86772943556,0.0
3330,55.76429,46.833336,-6.0833282,2024-06-01 00:00:00,0.18577044,-0.08544332,4346604.66032198,-463238.86772943556,0.0
3510,65.80727,46.833336,-6.0833282,2024-06-01 00:00:00,0.17778672,-0.083652996,4346604.66032198,-463238.86772943556,0.0
3690,77.85385,46.833336,-6.0833282,2024-06-01 00:00:00,0.16524231,-0.078269966,4346604.66032198,-463238.86772943556,0.0
3870,92.32607,46.833336,-6.0833282,2024-06-01 00:00:00,0.15108772,-0.07568095,4346604.66032198,-463238.86772943556,0.0
4050,109.7293,46.833336,-6.0833282,2024-06-01 00:00:00,0.13680148,-0.08394694,4346604.66032198,-463238.86772943556,0.0
4230,130.666,46.833336,-6.0833282,2024-06-01 00:00:00,0.1221422,-0.093638435,4346604.66032198,-463238.86772943556,0.0
4410,155.8507,46.833336,-6.0833282,2024-06-01 00:00:00,0.10712358,-0.09206571,4346604.66032198,-463238.86772943556,0.0
4590,186.1256,46.833336,-6.0833282,2024-06-01 00:00:00,0.09034625,-0.084050275,4346604.66032198,-463238.86772943556,0.0
4770,222.4752,46.833336,-6.0833282,2024-06-01 00:00:00,0.08889071,-0.08028117,4346604.66032198,-463238.86772943556,0.0
4950,266.0403,46.833336,-6.0833282,2024-06-01 00:00:00,0.08895988,-0.0813464,4346604.66032198,-463238.86772943556,0.0
5130,318.1274,46.833336,-6.0833282,2024-06-01 00:00:00,0.09103519,-0.07654317,4346604.66032198,-463238.86772943556,0.0
5310,380.213,46.833336,-6.0833282,2024-06-01 00:00:00,0.07865674,-0.07674411,4346604.66032198,-463238.86772943556,0.0
5490,453.9377,46.833336,-6.0833282,2024-06-01 00:00:00,0.068821214,-0.08258569,4346604.66032198,-463238.86772943556,0.0
5670,541.0889,46.833336,-6.0833282,2024-06-01 00:00:00,0.05519261,-0.07394194,4346604.66032198,-463238.86772943556,0.0
5850,643.5668,46.833336,-6.0833282,2024-06-01 00:00:00,0.03888246,-0.07039409,4346604.66032198,-463238.86772943556,0.0
6030,763.3331,46.833336,-6.0833282,2024-06-01 00:00:00,0.04443585,-0.07883169,4346604.66032198,-463238.86772943556,0.0
6210,902.3393,46.833336,-6.0833282,2024-06-01 00:00:00,0.03679643,-0.081877105,4346604.66032198,-463238.86772943556,0.0
99,0.494025,46.833336,-6.0,2024-06-01 00:00:00,0.037837088,-0.08438415,4347273.775744883,-456916.88569019584,0.0
279,1.541375,46.833336,-6.0,2024-06-01 00:00:00,0.039912965,-0.08073919,4347273.775744883,-456916.88569019584,0.0
459,2.645669,46.833336,-6.0,2024-06-01 00:00:00,0.042057537,-0.07724291,4347273.775744883,-456916.88569019584,0.0
639,3.819495,46.833336,-6.0,2024-06-01 00:00:00,0.04425052,-0.07391387,4347273.775744883,-456916.88569019584,0.0
819,5.078224,46.833336,-6.0,2024-06-01 00:00:00,0.04648801,-0.07074646,4347273.775744883,-456916.88569019584,0.0
999,6.440614,46.833336,-6.0,2024-06-01 00:00:00,0.048774216,-0.067728356,4347273.775744883,-456916.88569019584,0.0
1179,7.92956,46.833336,-6.0,2024-06-01 00:00:00,0.05111641,-0.06484939,4347273.775744883,-456916.88569019584,0.0
1359,9.572997,46.833336,-6.0,2024-06-01 00:00:00,0.0535212,-0.062106956,4347273.775744883,-456916.88569019584,0.0
1539,11.405,46.833336,-6.0,2024-06-01 00:00:00,0.05599215,-0.059509855,4347273.775744883,-456916.88569019584,0.0
1719,13.46714,46.833336,-6.0,2024-06-01 00:00:00,0.058531754,-0.057079926,4347273.775744883,-456916.88569019584,0.0
1899,15.81007,46.833336,-6.0,2024-06-01 00:00:00,0.061149966,-0.054852873,4347273.775744883,-456916.88569019584,0.0
2079,18.49556,46.833336,-6.0,2024-06-01 00:00:00,0.06401811,-0.052836925,4347273.775744883,-456916.88569019584,0.0
2259,21.59882,46.833336,-6.0,2024-06-01 00:00:00,0.06850979,-0.05088393,4347273.775744883,-456916.88569019584,0.0
2439,25.21141,46.833336,-6.0,2024-06-01 00:00:00,0.11425863,-0.073337376,4347273.775744883,-456916.88569019584,0.0
2619,29.44473,46.833336,-6.0,2024-06-01 00:00:00,0.14272785,-0.09493869,4347273.775744883,-456916.88569019584,0.0
2799,34.43415,46.833336,-6.0,2024-06-01 00:00:00,0.17873667,-0.08162616,4347273.775744883,-456916.88569019584,0.0
2979,40.34405,46.833336,-6.0,2024-06-01 00:00:00,0.19943397,-0.07640756,4347273.775744883,-456916.88569019584,0.0
3159,47.37369,46.833336,-6.0,2024-06-01 00:00:00,0.20023076,-0.08184188,4347273.775744883,-456916.88569019584,0.0
3339,55.76429,46.833336,-6.0,2024-06-01 00:00:00,0.19103044,-0.0877345,4347273.775744883,-456916.88569019584,0.0
3519,65.80727,46.833336,-6.0,2024-06-01 00:00:00,0.18034783,-0.088761844,4347273.775744883,-456916.88569019584,0.0
3699,77.85385,46.833336,-6.0,2024-06-01 00:00:00,0.16301006,-0.087054394,4347273.775744883,-456916.88569019584,0.0
3879,92.32607,46.833336,-6.0,2024-06-01 00:00:00,0.1440088,-0.08503841,4347273.775744883,-456916.88569019584,0.0
4059,109.7293,46.833336,-6.0,2024-06-01 00:00:00,0.13047695,-0.09143966,4347273.775744883,-456916.88569019584,0.0
4239,130.666,46.833336,-6.0,2024-06-01 00:00:00,0.121714085,-0.10008335,4347273.775744883,-456916.88569019584,0.0
4419,155.8507,46.833336,-6.0,2024-06-01 00:00:00,0.11028813,-0.09733389,4347273.775744883,-456916.88569019584,0.0
4599,186.1256,46.833336,-6.0,2024-06-01 00:00:00,0.094486564,-0.08964119,4347273.775744883,-456916.88569019584,0.0
4779,222.4752,46.833336,-6.0,2024-06-01 00:00:00,0.09322514,-0.08505362,4347273.775744883,-456916.88569019584,0.0
4959,266.0403,46.833336,-6.0,2024-06-01 00:00:00,0.092088476,-0.086804084,4347273.775744883,-456916.88569019584,0.0
5139,318.1274,46.833336,-6.0,2024-06-01 00:00:00,0.093322024,-0.08535051,4347273.775744883,-456916.88569019584,0.0
5319,380.213,46.833336,-6.0,2024-06-01 00:00:00,0.085157014,-0.08785951,4347273.775744883,-456916.88569019584,0.0
5499,453.9377,46.833336,-6.0,2024-06-01 00:00:00,0.071671285,-0.09431729,4347273.775744883,-456916.88569019584,0.0
5679,541.0889,46.833336,-6.0,2024-06-01 00:00:00,0.06719912,-0.07329246,4347273.775744883,-456916.88569019584,0.0
5859,643.5668,46.833336,-6.0,2024-06-01 00:00:00,0.03348538,-0.06109101,4347273.775744883,-456916.88569019584,0.0
6039,763.3331,46.833336,-6.0,2024-06-01 00:00:00,0.022952404,-0.06594236,4347273.775744883,-456916.88569019584,0.0
6219,902.3393,46.833336,-6.0,2024-06-01 00:00:00,0.023723047,-0.06703818,4347273.775744883,-456916.88569019584,0.0
108,0.494025,46.91667,-6.25,2024-06-01 00:00:00,-0.0033906575,-0.10077082,4338517.220887722,-475144.9119816816,0.0
288,1.541375,46.91667,-6.25,2024-06-01 00:00:00,-0.0010956414,-0.09725145,4338517.220887722,-475144.9119816816,0.0
468,2.645669,46.91667,-6.25,2024-06-01 00:00:00,0.0012665661,-0.093875766,4338517.220887722,-475144.9119816816,0.0
648,3.819495,46.91667,-6.25,2024-06-01 00:00:00,0.003671511,-0.090666704,4338517.220887722,-475144.9119816816,0.0
828,5.078224,46.91667,-6.25,2024-06-01 00:00:00,0.006102757,-0.087636,4338517.220887722,-475144.9119816816,0.0
1008,6.440614,46.91667,-6.25,2024-06-01 00:00:00,0.008550065,-0.084787786,4338517.220887722,-475144.9119816816,0.0
1188,7.92956,46.91667,-6.25,2024-06-01 00:00:00,0.011009216,-0.08212005,4338517.220887722,-475144.9119816816,0.0
1368,9.572997,46.91667,-6.25,2024-06-01 00:00:00,0.01347954,-0.07962924,4338517.220887722,-475144.9119816816,0.0
1548,11.405,46.91667,-6.25,2024-06-01 00:00:00,0.015959855,-0.07731688,4338517.220887722,-475144.9119816816,0.0
1728,13.46714,46.91667,-6.25,2024-06-01 00:00:00,0.018445976,-0.075195014,4338517.220887722,-475144.9119816816,0.0
1908,15.81007,46.91667,-6.25,2024-06-01 00:00:00,0.020944316,-0.073287755,4338517.220887722,-475144.9119816816,0.0
2088,18.49556,46.91667,-6.25,2024-06-01 00:00:00,0.023534501,-0.0716301,4338517.220887722,-475144.9119816816,0.0
2268,21.59882,46.91667,-6.25,2024-06-01 00:00:00,0.026707701,-0.07024009,4338517.220887722,-475144.9119816816,0.0
2448,25.21141,46.91667,-6.25,2024-06-01 00:00:00,0.06606148,-0.10087861,4338517.220887722,-475144.9119816816,0.0
2628,29.44473,46.91667,-6.25,2024-06-01 00:00:00,0.093812734,-0.10395376,4338517.220887722,-475144.9119816816,0.0
2808,34.43415,46.91667,-6.25,2024-06-01 00:00:00,0.12585758,-0.08076027,4338517.220887722,-475144.9119816816,0.0
2988,40.34405,46.91667,-6.25,2024-06-01 00:00:00,0.1501731,-0.06753191,4338517.220887722,-475144.9119816816,0.0
3168,47.37369,46.91667,-6.25,2024-06-01 00:00:00,0.15487199,-0.074842,4338517.220887722,-475144.9119816816,0.0
3348,55.76429,46.91667,-6.25,2024-06-01 00:00:00,0.14654462,-0.08302261,4338517.220887722,-475144.9119816816,0.0
3528,65.80727,46.91667,-6.25,2024-06-01 00:00:00,0.14056641,-0.088084094,4338517.220887722,-475144.9119816816,0.0
3708,77.85385,46.91667,-6.25,2024-06-01 00:00:00,0.13750248,-0.08544826,4338517.220887722,-475144.9119816816,0.0
3888,92.32607,46.91667,-6.25,2024-06-01 00:00:00,0.13852721,-0.08358132,4338517.220887722,-475144.9119816816,0.0
4068,109.7293,46.91667,-6.25,2024-06-01 00:00:00,0.13585253,-0.09293776,4338517.220887722,-475144.9119816816,0.0
4248,130.666,46.91667,-6.25,2024-06-01 00:00:00,0.13197178,-0.09995038,4338517.220887722,-475144.9119816816,0.0
4428,155.8507,46.91667,-6.25,2024-06-01 00:00:00,0.12404827,-0.097072676,4338517.220887722,-475144.9119816816,0.0
4608,186.1256,46.91667,-6.25,2024-06-01 00:00:00,0.109987415,-0.09017655,4338517.220887722,-475144.9119816816,0.0
4788,222.4752,46.91667,-6.25,2024-06-01 00:00:00,0.10748762,-0.081900865,4338517.220887722,-475144.9119816816,0.0
4968,266.0403,46.91667,-6.25,2024-06-01 00:00:00,0.10184368,-0.07493054,4338517.220887722,-475144.9119816816,0.0
5148,318.1274,46.91667,-6.25,2024-06-01 00:00:00,0.09957657,-0.07037762,4338517.220887722,-475144.9119816816,0.0
5328,380.213,46.91667,-6.25,2024-06-01 00:00:00,0.08875036,-0.07674532,4338517.220887722,-475144.9119816816,0.0
5508,453.9377,46.91667,-6.25,2024-06-01 00:00:00,0.07308877,-0.07258798,4338517.220887722,-475144.9119816816,0.0
5688,541.0889,46.91667,-6.25,2024-06-01 00:00:00,0.06271275,-0.06066716,4338517.220887722,-475144.9119816816,0.0
5868,643.5668,46.91667,-6.25,2024-06-01 00:00:00,0.084147684,-0.06669664,4338517.220887722,-475144.9119816816,0.0
6048,763.3331,46.91667,-6.25,2024-06-01 00:00:00,0.09399196,-0.066315405,4338517.220887722,-475144.9119816816,0.0
6228,902.3393,46.91667,-6.25,2024-06-01 00:00:00,0.08919634,-0.080599464,4338517.220887722,-475144.9119816816,0.0
117,0.494025,46.91667,-6.1666565,2024-06-01 00:00:00,-0.023732401,-0.07615743,4339203.78529813,-468833.52373287774,0.0
297,1.541375,46.91667,-6.1666565,2024-06-01 00:00:00,-0.021547038,-0.07256529,4339203.78529813,-468833.52373287774,0.0
477,2.645669,46.91667,-6.1666565,2024-06-01 00:00:00,-0.019298792,-0.069122486,4339203.78529813,-468833.52373287774,0.0
657,3.819495,46.91667,-6.1666565,2024-06-01 00:00:00,-0.01701089,-0.06585124,4339203.78529813,-468833.52373287774,0.0
837,5.078224,46.91667,-6.1666565,2024-06-01 00:00:00,-0.014695317,-0.06275689,4339203.78529813,-468833.52373287774,0.0
1017,6.440614,46.91667,-6.1666565,2024-06-01 00:00:00,-0.012357315,-0.059837215,4339203.78529813,-468833.52373287774,0.0
1197,7.92956,46.91667,-6.1666565,2024-06-01 00:00:00,-0.009997759,-0.057087064,4339203.78529813,-468833.52373287774,0.0
1377,9.572997,46.91667,-6.1666565,2024-06-01 00:00:00,-0.0076163067,-0.05450339,4339203.78529813,-468833.52373287774,0.0
1557,11.405,46.91667,-6.1666565,2024-06-01 00:00:00,-0.0052151512,-0.052090436,4339203.78529813,-468833.52373287774,0.0
1737,13.46714,46.91667,-6.1666565,2024-06-01 00:00:00,-0.0028003869,-0.049863152,4339203.78529813,-468833.52373287774,0.0
1917,15.81007,46.91667,-6.1666565,2024-06-01 00:00:00,-0.000372065,-0.047844812,4339203.78529813,-468833.52373287774,0.0
2097,18.49556,46.91667,-6.1666565,2024-06-01 00:00:00,0.0021470007,-0.046045624,4339203.78529813,-468833.52373287774,0.0
2277,21.59882,46.91667,-6.1666565,2024-06-01 00:00:00,0.005533221,-0.04430947,4339203.78529813,-468833.52373287774,0.0
2457,25.21141,46.91667,-6.1666565,2024-06-01 00:00:00,0.051654797,-0.07231855,4339203.78529813,-468833.52373287774,0.0
2637,29.44473,46.91667,-6.1666565,2024-06-01 00:00:00,0.07577239,-0.08934617,4339203.78529813,-468833.52373287774,0.0
2817,34.43415,46.91667,-6.1666565,2024-06-01 00:00:00,0.10803601,-0.061974213,4339203.78529813,-468833.52373287774,0.0
2997,40.34405,46.91667,-6.1666565,2024-06-01 00:00:00,0.13565916,-0.052080397,4339203.78529813,-468833.52373287774,0.0
3177,47.37369,46.91667,-6.1666565,2024-06-01 00:00:00,0.142032,-0.061406277,4339203.78529813,-468833.52373287774,0.0
3357,55.76429,46.91667,-6.1666565,2024-06-01 00:00:00,0.13492687,-0.07145295,4339203.78529813,-468833.52373287774,0.0
3537,65.80727,46.91667,-6.1666565,2024-06-01 00:00:00,0.12849806,-0.078207575,4339203.78529813,-468833.52373287774,0.0
3717,77.85385,46.91667,-6.1666565,2024-06-01 00:00:00,0.123043485,-0.07975145,4339203.78529813,-468833.52373287774,0.0
3897,92.32607,46.91667,-6.1666565,2024-06-01 00:00:00,0.122354046,-0.079197966,4339203.78529813,-468833.52373287774,0.0
4077,109.7293,46.91667,-6.1666565,2024-06-01 00:00:00,0.12423754,-0.08655898,4339203.78529813,-468833.52373287774,0.0
4257,130.666,46.91667,-6.1666565,2024-06-01 00:00:00,0.12711276,-0.093402684,4339203.78529813,-468833.52373287774,0.0
4437,155.8507,46.91667,-6.1666565,2024-06-01 00:00:00,0.12240833,-0.092474885,4339203.78529813,-468833.52373287774,0.0
4617,186.1256,46.91667,-6.1666565,2024-06-01 00:00:00,0.1121533,-0.089973934,4339203.78529813,-468833.52373287774,0.0
4797,222.4752,46.91667,-6.1666565,2024-06-01 00:00:00,0.112740315,-0.089161,4339203.78529813,-468833.52373287774,0.0
4977,266.0403,46.91667,-6.1666565,2024-06-01 00:00:00,0.11003368,-0.082680576,4339203.78529813,-468833.52373287774,0.0
5157,318.1274,46.91667,-6.1666565,2024-06-01 00:00:00,0.1065853,-0.08138559,4339203.78529813,-468833.52373287774,0.0
5337,380.213,46.91667,-6.1666565,2024-06-01 00:00:00,0.09677484,-0.08093754,4339203.78529813,-468833.52373287774,0.0
5517,453.9377,46.91667,-6.1666565,2024-06-01 00:00:00,0.07975891,-0.08208786,4339203.78529813,-468833.52373287774,0.0
5697,541.0889,46.91667,-6.1666565,2024-06-01 00:00:00,0.070836365,-0.06766984,4339203.78529813,-468833.52373287774,0.0
5877,643.5668,46.91667,-6.1666565,2024-06-01 00:00:00,0.0693069,-0.06354357,4339203.78529813,-468833.52373287774,0.0
6057,763.3331,46.91667,-6.1666565,2024-06-01 00:00:00,0.07892529,-0.06497518,4339203.78529813,-468833.52373287774,0.0
6237,902.3393,46.91667,-6.1666565,2024-06-01 00:00:00,0.071526885,-0.058274128,4339203.78529813,-468833.52373287774,0.0
126,0.494025,46.91667,-6.0833282,2024-06-01 00:00:00,-0.04476762,-0.07423901,4339881.045145775,-462522.2992525033,0.0
306,1.541375,46.91667,-6.0833282,2024-06-01 00:00:00,-0.042685945,-0.07059897,4339881.045145775,-462522.2992525033,0.0
486,2.645669,46.91667,-6.0833282,2024-06-01 00:00:00,-0.0405426,-0.067119665,4339881.045145775,-462522.2992525033,0.0
666,3.819495,46.91667,-6.0833282,2024-06-01 00:00:00,-0.038358923,-0.063822195,4339881.045145775,-462522.2992525033,0.0
846,5.078224,46.91667,-6.0833282,2024-06-01 00:00:00,-0.036143474,-0.060707476,4339881.045145775,-462522.2992525033,0.0
1026,6.440614,46.91667,-6.0833282,2024-06-01 00:00:00,-0.033898,-0.05776942,4339881.045145775,-462522.2992525033,0.0
1206,7.92956,46.91667,-6.0833282,2024-06-01 00:00:00,-0.031620774,-0.055001386,4339881.045145775,-462522.2992525033,0.0
1386,9.572997,46.91667,-6.0833282,2024-06-01 00:00:00,-0.029309666,-0.052401025,4339881.045145775,-462522.2992525033,0.0
1566,11.405,46.91667,-6.0833282,2024-06-01 00:00:00,-0.026964696,-0.04997408,4339881.045145775,-462522.2992525033,0.0
1746,13.46714,46.91667,-6.0833282,2024-06-01 00:00:00,-0.02458734,-0.047735978,4339881.045145775,-462522.2992525033,0.0
1926,15.81007,46.91667,-6.0833282,2024-06-01 00:00:00,-0.022166794,-0.04570788,4339881.045145775,-462522.2992525033,0.0
2106,18.49556,46.91667,-6.0833282,2024-06-01 00:00:00,-0.01959505,-0.04388602,4339881.045145775,-462522.2992525033,0.0
2286,21.59882,46.91667,-6.0833282,2024-06-01 00:00:00,-0.015968464,-0.042090893,4339881.045145775,-462522.2992525033,0.0
2466,25.21141,46.91667,-6.0833282,2024-06-01 00:00:00,0.026285969,-0.06460654,4339881.045145775,-462522.2992525033,0.0
2646,29.44473,46.91667,-6.0833282,2024-06-01 00:00:00,0.044175,-0.07706258,4339881.045145775,-462522.2992525033,0.0
2826,34.43415,46.91667,-6.0833282,2024-06-01 00:00:00,0.0731027,-0.04915504,4339881.045145775,-462522.2992525033,0.0
3006,40.34405,46.91667,-6.0833282,2024-06-01 00:00:00,0.102616675,-0.037550762,4339881.045145775,-462522.2992525033,0.0
3186,47.37369,46.91667,-6.0833282,2024-06-01 00:00:00,0.11298492,-0.043653324,4339881.045145775,-462522.2992525033,0.0
3366,55.76429,46.91667,-6.0833282,2024-06-01 00:00:00,0.11010149,-0.055595897,4339881.045145775,-462522.2992525033,0.0
3546,65.80727,46.91667,-6.0833282,2024-06-01 00:00:00,0.10508538,-0.06529731,4339881.045145775,-462522.2992525033,0.0
3726,77.85385,46.91667,-6.0833282,2024-06-01 00:00:00,0.099514164,-0.07523648,4339881.045145775,-462522.2992525033,0.0
3906,92.32607,46.91667,-6.0833282,2024-06-01 00:00:00,0.09714114,-0.08108363,4339881.045145775,-462522.2992525033,0.0
4086,109.7293,46.91667,-6.0833282,2024-06-01 00:00:00,0.10171718,-0.08477768,4339881.045145775,-462522.2992525033,0.0
4266,130.666,46.91667,-6.0833282,2024-06-01 00:00:00,0.1121684,-0.08566482,4339881.045145775,-462522.2992525033,0.0
4446,155.8507,46.91667,-6.0833282,2024-06-01 00:00:00,0.107622,-0.07779219,4339881.045145775,-462522.2992525033,0.0
4626,186.1256,46.91667,-6.0833282,2024-06-01 00:00:00,0.09841938,-0.07452251,4339881.045145775,-462522.2992525033,0.0
4806,222.4752,46.91667,-6.0833282,2024-06-01 00:00:00,0.09971586,-0.08218759,4339881.045145775,-462522.2992525033,0.0
4986,266.0403,46.91667,-6.0833282,2024-06-01 00:00:00,0.10327381,-0.08682231,4339881.045145775,-462522.2992525033,0.0
5166,318.1274,46.91667,-6.0833282,2024-06-01 00:00:00,0.10061748,-0.08813281,4339881.045145775,-462522.2992525033,0.0
5346,380.213,46.91667,-6.0833282,2024-06-01 00:00:00,0.09624792,-0.08910816,4339881.045145775,-462522.2992525033,0.0
5526,453.9377,46.91667,-6.0833282,2024-06-01 00:00:00,0.08598183,-0.09031367,4339881.045145775,-462522.2992525033,0.0
5706,541.0889,46.91667,-6.0833282,2024-06-01 00:00:00,0.071699746,-0.07189928,4339881.045145775,-462522.2992525033,0.0
5886,643.5668,46.91667,-6.0833282,2024-06-01 00:00:00,0.06002197,-0.044901267,4339881.045145775,-462522.2992525033,0.0
6066,763.3331,46.91667,-6.0833282,2024-06-01 00:00:00,0.05455249,-0.046638254,4339881.045145775,-462522.2992525033,0.0
6246,902.3393,46.91667,-6.0833282,2024-06-01 00:00:00,0.05364069,-0.049172986,4339881.045145775,-462522.2992525033,0.0
135,0.494025,46.91667,-6.0,2024-06-01 00:00:00,-0.06707023,-0.056275602,4340549.125536747,-456210.0964726406,0.0
315,1.541375,46.91667,-6.0,2024-06-01 00:00:00,-0.06508701,-0.052607298,4340549.125536747,-456210.0964726406,0.0
495,2.645669,46.91667,-6.0,2024-06-01 00:00:00,-0.06304399,-0.04911024,4340549.125536747,-456210.0964726406,0.0
675,3.819495,46.91667,-6.0,2024-06-01 00:00:00,-0.06096065,-0.045804556,4340549.125536747,-456210.0964726406,0.0
855,5.078224,46.91667,-6.0,2024-06-01 00:00:00,-0.05884388,-0.042690363,4340549.125536747,-456210.0964726406,0.0
1035,6.440614,46.91667,-6.0,2024-06-01 00:00:00,-0.056694377,-0.039762165,4340549.125536747,-456210.0964726406,0.0
1215,7.92956,46.91667,-6.0,2024-06-01 00:00:00,-0.05451036,-0.03701578,4340549.125536747,-456210.0964726406,0.0
1395,9.572997,46.91667,-6.0,2024-06-01 00:00:00,-0.05229052,-0.034453154,4340549.125536747,-456210.0964726406,0.0
1575,11.405,46.91667,-6.0,2024-06-01 00:00:00,-0.050036244,-0.032085963,4340549.125536747,-456210.0964726406,0.0
1755,13.46714,46.91667,-6.0,2024-06-01 00:00:00,-0.047750574,-0.029937388,4340549.125536747,-456210.0964726406,0.0
1935,15.81007,46.91667,-6.0,2024-06-01 00:00:00,-0.045425184,-0.02804039,4340549.125536747,-456210.0964726406,0.0
2115,18.49556,46.91667,-6.0,2024-06-01 00:00:00,-0.04297186,-0.026427068,4340549.125536747,-456210.0964726406,0.0
2295,21.59882,46.91667,-6.0,2024-06-01 00:00:00,-0.039617192,-0.025107414,4340549.125536747,-456210.0964726406,0.0
2475,25.21141,46.91667,-6.0,2024-06-01 00:00:00,-0.008597197,-0.031058466,4340549.125536747,-456210.0964726406,0.0
2655,29.44473,46.91667,-6.0,2024-06-01 00:00:00,-0.0012059116,-0.051120605,4340549.125536747,-456210.0964726406,0.0
2835,34.43415,46.91667,-6.0,2024-06-01 00:00:00,0.019512864,-0.023362786,4340549.125536747,-456210.0964726406,0.0
3015,40.34405,46.91667,-6.0,2024-06-01 00:00:00,0.04384827,-0.012479834,4340549.125536747,-456210.0964726406,0.0
3195,47.37369,46.91667,-6.0,2024-06-01 00:00:00,0.053235065,-0.023079153,4340549.125536747,-456210.0964726406,0.0
3375,55.76429,46.91667,-6.0,2024-06-01 00:00:00,0.051314324,-0.037070822,4340549.125536747,-456210.0964726406,0.0
3555,65.80727,46.91667,-6.0,2024-06-01 00:00:00,0.049497765,-0.044171892,4340549.125536747,-456210.0964726406,0.0
3735,77.85385,46.91667,-6.0,2024-06-01 00:00:00,0.052662507,-0.05311647,4340549.125536747,-456210.0964726406,0.0
3915,92.32607,46.91667,-6.0,2024-06-01 00:00:00,0.056104988,-0.063701354,4340549.125536747,-456210.0964726406,0.0
4095,109.7293,46.91667,-6.0,2024-06-01 00:00:00,0.06668671,-0.07305391,4340549.125536747,-456210.0964726406,0.0
4275,130.666,46.91667,-6.0,2024-06-01 00:00:00,0.08497967,-0.0802006,4340549.125536747,-456210.0964726406,0.0
4455,155.8507,46.91667,-6.0,2024-06-01 00:00:00,0.084228985,-0.07787583,4340549.125536747,-456210.0964726406,0.0
4635,186.1256,46.91667,-6.0,2024-06-01 00:00:00,0.078890696,-0.07716153,4340549.125536747,-456210.0964726406,0.0
4815,222.4752,46.91667,-6.0,2024-06-01 00:00:00,0.08307548,-0.07707565,4340549.125536747,-456210.0964726406,0.0
4995,266.0403,46.91667,-6.0,2024-06-01 00:00:00,0.08615711,-0.07482932,4340549.125536747,-456210.0964726406,0.0
5175,318.1274,46.91667,-6.0,2024-06-01 00:00:00,0.08889331,-0.0769725,4340549.125536747,-456210.0964726406,0.0
5355,380.213,46.91667,-6.0,2024-06-01 00:00:00,0.086108886,-0.087888844,4340549.125536747,-456210.0964726406,0.0
5535,453.9377,46.91667,-6.0,2024-06-01 00:00:00,0.074601546,-0.07553427,4340549.125536747,-456210.0964726406,0.0
5715,541.0889,46.91667,-6.0,2024-06-01 00:00:00,0.059706245,-0.05274449,4340549.125536747,-456210.0964726406,0.0
5895,643.5668,46.91667,-6.0,2024-06-01 00:00:00,0.049385164,-0.046786558,4340549.125536747,-456210.0964726406,0.0
6075,763.3331,46.91667,-6.0,2024-06-01 00:00:00,0.03424888,-0.033734933,4340549.125536747,-456210.0964726406,0.0
6255,902.3393,46.91667,-6.0,2024-06-01 00:00:00,0.0309099,-0.053349897,4340549.125536747,-456210.0964726406,0.0
144,0.494025,47.0,-6.25,2024-06-01 00:00:00,-0.064217016,-0.06486389,4331787.087405169,-474407.8424903363,0.0
324,1.541375,47.0,-6.25,2024-06-01 00:00:00,-0.061983455,-0.061283585,4331787.087405169,-474407.8424903363,0.0
504,2.645669,47.0,-6.25,2024-06-01 00:00:00,-0.05967495,-0.057849873,4331787.087405169,-474407.8424903363,0.0
684,3.819495,47.0,-6.25,2024-06-01 00:00:00,-0.057317376,-0.0545898,4331787.087405169,-474407.8424903363,0.0
864,5.078224,47.0,-6.25,2024-06-01 00:00:00,-0.054929394,-0.051518917,4331787.087405169,-474407.8424903363,0.0
1044,6.440614,47.0,-6.25,2024-06-01 00:00:00,-0.052523095,-0.048644092,4331787.087405169,-474407.8424903363,0.0
1224,7.92956,47.0,-6.25,2024-06-01 00:00:00,-0.050103214,-0.045964643,4331787.087405169,-474407.8424903363,0.0
1404,9.572997,47.0,-6.25,2024-06-01 00:00:00,-0.047669105,-0.043477353,4331787.087405169,-474407.8424903363,0.0
1584,11.405,47.0,-6.25,2024-06-01 00:00:00,-0.04521849,-0.04118342,4331787.087405169,-474407.8424903363,0.0
1764,13.46714,47.0,-6.25,2024-06-01 00:00:00,-0.0427489,-0.039093792,4331787.087405169,-474407.8424903363,0.0
1944,15.81007,47.0,-6.25,2024-06-01 00:00:00,-0.04024883,-0.037230387,4331787.087405169,-474407.8424903363,0.0
2124,18.49556,47.0,-6.25,2024-06-01 00:00:00,-0.037656154,-0.035623256,4331787.087405169,-474407.8424903363,0.0
2304,21.59882,47.0,-6.25,2024-06-01 00:00:00,-0.034497023,-0.03428766,4331787.087405169,-474407.8424903363,0.0
2484,25.21141,47.0,-6.25,2024-06-01 00:00:00,-0.017221961,-0.035744064,4331787.087405169,-474407.8424903363,0.0
2664,29.44473,47.0,-6.25,2024-06-01 00:00:00,0.012509059,-0.061221022,4331787.087405169,-474407.8424903363,0.0
2844,34.43415,47.0,-6.25,2024-06-01 00:00:00,0.061166216,-0.033554964,4331787.087405169,-474407.8424903363,0.0
3024,40.34405,47.0,-6.25,2024-06-01 00:00:00,0.10303529,-0.013365452,4331787.087405169,-474407.8424903363,0.0
3204,47.37369,47.0,-6.25,2024-06-01 00:00:00,0.11543504,-0.015789079,4331787.087405169,-474407.8424903363,0.0
3384,55.76429,47.0,-6.25,2024-06-01 00:00:00,0.1088729,-0.02638682,4331787.087405169,-474407.8424903363,0.0
3564,65.80727,47.0,-6.25,2024-06-01 00:00:00,0.096963316,-0.036936413,4331787.087405169,-474407.8424903363,0.0
3744,77.85385,47.0,-6.25,2024-06-01 00:00:00,0.08825655,-0.040456675,4331787.087405169,-474407.8424903363,0.0
3924,92.32607,47.0,-6.25,2024-06-01 00:00:00,0.09367452,-0.048118267,4331787.087405169,-474407.8424903363,0.0
4104,109.7293,47.0,-6.25,2024-06-01 00:00:00,0.105466835,-0.06956518,4331787.087405169,-474407.8424903363,0.0
4284,130.666,47.0,-6.25,2024-06-01 00:00:00,0.11790649,-0.08404616,4331787.087405169,-474407.8424903363,0.0
4464,155.8507,47.0,-6.25,2024-06-01 00:00:00,0.11119242,-0.0844031,4331787.087405169,-474407.8424903363,0.0
4644,186.1256,47.0,-6.25,2024-06-01 00:00:00,0.08888487,-0.081430815,4331787.087405169,-474407.8424903363,0.0
4824,222.4752,47.0,-6.25,2024-06-01 00:00:00,0.085411206,-0.07868022,4331787.087405169,-474407.8424903363,0.0
5004,266.0403,47.0,-6.25,2024-06-01 00:00:00,0.08753864,-0.07468223,4331787.087405169,-474407.8424903363,0.0
5184,318.1274,47.0,-6.25,2024-06-01 00:00:00,0.09390521,-0.07813673,4331787.087405169,-474407.8424903363,0.0
5364,380.213,47.0,-6.25,2024-06-01 00:00:00,0.101938136,-0.07956796,4331787.087405169,-474407.8424903363,0.0
5544,453.9377,47.0,-6.25,2024-06-01 00:00:00,0.10160587,-0.07153496,4331787.087405169,-474407.8424903363,0.0
5724,541.0889,47.0,-6.25,2024-06-01 00:00:00,0.077613845,-0.054396216,4331787.087405169,-474407.8424903363,0.0
5904,643.5668,47.0,-6.25,2024-06-01 00:00:00,0.08167372,-0.051235743,4331787.087405169,-474407.8424903363,0.0
6084,763.3331,47.0,-6.25,2024-06-01 00:00:00,0.09810359,-0.058803502,4331787.087405169,-474407.8424903363,0.0
6264,902.3393,47.0,-6.25,2024-06-01 00:00:00,0.09896807,-0.05682977,4331787.087405169,-474407.8424903363,0.0
153,0.494025,47.0,-6.1666565,2024-06-01 00:00:00,-0.07786834,-0.057141073,4332472.586781167,-468106.2447951276,0.0
333,1.541375,47.0,-6.1666565,2024-06-01 00:00:00,-0.075742416,-0.053511582,4332472.586781167,-468106.2447951276,0.0
513,2.645669,47.0,-6.1666565,2024-06-01 00:00:00,-0.07355631,-0.05004405,4332472.586781167,-468106.2447951276,0.0
693,3.819495,47.0,-6.1666565,2024-06-01 00:00:00,-0.07133412,-0.046764415,4332472.586781167,-468106.2447951276,0.0
873,5.078224,47.0,-6.1666565,2024-06-01 00:00:00,-0.069090016,-0.04368191,4332472.586781167,-468106.2447951276,0.0
1053,6.440614,47.0,-6.1666565,2024-06-01 00:00:00,-0.066831745,-0.040797908,4332472.586781167,-468106.2447951276,0.0
1233,7.92956,47.0,-6.1666565,2024-06-01 00:00:00,-0.0645621,-0.03811019,4332472.586781167,-468106.2447951276,0.0
1413,9.572997,47.0,-6.1666565,2024-06-01 00:00:00,-0.06228099,-0.035617534,4332472.586781167,-468106.2447951276,0.0
1593,11.405,47.0,-6.1666565,2024-06-01 00:00:00,-0.059987918,-0.033324208,4332472.586781167,-468106.2447951276,0.0
1773,13.46714,47.0,-6.1666565,2024-06-01 00:00:00,-0.05768102,-0.031241804,4332472.586781167,-468106.2447951276,0.0
1953,15.81007,47.0,-6.1666565,2024-06-01 00:00:00,-0.055344384,-0.029386207,4332472.586781167,-468106.2447951276,0.0
2133,18.49556,47.0,-6.1666565,2024-06-01 00:00:00,-0.05289786,-0.027758162,4332472.586781167,-468106.2447951276,0.0
2313,21.59882,47.0,-6.1666565,2024-06-01 00:00:00,-0.0497101,-0.026189493,4332472.586781167,-468106.2447951276,0.0
2493,25.21141,47.0,-6.1666565,2024-06-01 00:00:00,-0.032131065,-0.032300998,4332472.586781167,-468106.2447951276,0.0
2673,29.44473,47.0,-6.1666565,2024-06-01 00:00:00,-0.01889679,-0.055020433,4332472.586781167,-468106.2447951276,0.0
2853,34.43415,47.0,-6.1666565,2024-06-01 00:00:00,0.016233591,-0.01662821,4332472.586781167,-468106.2447951276,0.0
3033,40.34405,47.0,-6.1666565,2024-06-01 00:00:00,0.04779671,0.0012852564,4332472.586781167,-468106.2447951276,0.0
3213,47.37369,47.0,-6.1666565,2024-06-01 00:00:00,0.05659809,-0.0009728826,4332472.586781167,-468106.2447951276,0.0
3393,55.76429,47.0,-6.1666565,2024-06-01 00:00:00,0.05260734,-0.009654163,4332472.586781167,-468106.2447951276,0.0
3573,65.80727,47.0,-6.1666565,2024-06-01 00:00:00,0.046863277,-0.016273603,4332472.586781167,-468106.2447951276,0.0
3753,77.85385,47.0,-6.1666565,2024-06-01 00:00:00,0.04853305,-0.021880513,4332472.586781167,-468106.2447951276,0.0
3933,92.32607,47.0,-6.1666565,2024-06-01 00:00:00,0.05885382,-0.030290093,4332472.586781167,-468106.2447951276,0.0
4113,109.7293,47.0,-6.1666565,2024-06-01 00:00:00,0.07148902,-0.04426079,4332472.586781167,-468106.2447951276,0.0
4293,130.666,47.0,-6.1666565,2024-06-01 00:00:00,0.08649854,-0.058940154,4332472.586781167,-468106.2447951276,0.0
4473,155.8507,47.0,-6.1666565,2024-06-01 00:00:00,0.08690409,-0.06726898,4332472.586781167,-468106.2447951276,0.0
4653,186.1256,47.0,-6.1666565,2024-06-01 00:00:00,0.07461521,-0.06778091,4332472.586781167,-468106.2447951276,0.0
4833,222.4752,47.0,-6.1666565,2024-06-01 00:00:00,0.07038436,-0.07185717,4332472.586781167,-468106.2447951276,0.0
5013,266.0403,47.0,-6.1666565,2024-06-01 00:00:00,0.07499609,-0.07116927,4332472.586781167,-468106.2447951276,0.0
5193,318.1274,47.0,-6.1666565,2024-06-01 00:00:00,0.08449375,-0.07505902,4332472.586781167,-468106.2447951276,0.0
5373,380.213,47.0,-6.1666565,2024-06-01 00:00:00,0.09005039,-0.07530324,4332472.586781167,-468106.2447951276,0.0
5553,453.9377,47.0,-6.1666565,2024-06-01 00:00:00,0.091989,-0.06442486,4332472.586781167,-468106.2447951276,0.0
5733,541.0889,47.0,-6.1666565,2024-06-01 00:00:00,0.06998937,-0.054007113,4332472.586781167,-468106.2447951276,0.0
5913,643.5668,47.0,-6.1666565,2024-06-01 00:00:00,0.06738618,-0.03943367,4332472.586781167,-468106.2447951276,0.0
6093,763.3331,47.0,-6.1666565,2024-06-01 00:00:00,0.076355875,-0.042024657,4332472.586781167,-468106.2447951276,0.0
6273,902.3393,47.0,-6.1666565,2024-06-01 00:00:00,0.06684446,-0.034678046,4332472.586781167,-468106.2447951276,0.0
162,0.494025,47.0,-6.0833282,2024-06-01 00:00:00,-0.08084029,-0.04554336,4333148.796028124,-461804.81061430223,0.0
342,1.541375,47.0,-6.0833282,2024-06-01 00:00:00,-0.078805596,-0.041878328,4333148.796028124,-461804.81061430223,0.0
522,2.645669,47.0,-6.0833282,2024-06-01 00:00:00,-0.07671828,-0.038381312,4333148.796028124,-461804.81061430223,0.0
702,3.819495,47.0,-6.0833282,2024-06-01 00:00:00,-0.074600644,-0.035076823,4333148.796028124,-461804.81061430223,0.0
882,5.078224,47.0,-6.0833282,2024-06-01 00:00:00,-0.072464146,-0.031970702,4333148.796028124,-461804.81061430223,0.0
1062,6.440614,47.0,-6.0833282,2024-06-01 00:00:00,-0.07031438,-0.02906193,4333148.796028124,-461804.81061430223,0.0
1242,7.92956,47.0,-6.0833282,2024-06-01 00:00:00,-0.068153396,-0.026348285,4333148.796028124,-461804.81061430223,0.0
1422,9.572997,47.0,-6.0833282,2024-06-01 00:00:00,-0.06598215,-0.023830801,4333148.796028124,-461804.81061430223,0.0
1602,11.405,47.0,-6.0833282,2024-06-01 00:00:00,-0.06380219,-0.021517318,4333148.796028124,-461804.81061430223,0.0
1782,13.46714,47.0,-6.0833282,2024-06-01 00:00:00,-0.06161381,-0.019423485,4333148.796028124,-461804.81061430223,0.0
1962,15.81007,47.0,-6.0833282,2024-06-01 00:00:00,-0.059401132,-0.017568607,4333148.796028124,-461804.81061430223,0.0
2142,18.49556,47.0,-6.0833282,2024-06-01 00:00:00,-0.057067193,-0.01595815,4333148.796028124,-461804.81061430223,0.0
2322,21.59882,47.0,-6.0833282,2024-06-01 00:00:00,-0.05383303,-0.014484707,4333148.796028124,-461804.81061430223,0.0
2502,25.21141,47.0,-6.0833282,2024-06-01 00:00:00,-0.03550954,-0.016246742,4333148.796028124,-461804.81061430223,0.0
2682,29.44473,47.0,-6.0833282,2024-06-01 00:00:00,-0.037323833,-0.044053808,4333148.796028124,-461804.81061430223,0.0
2862,34.43415,47.0,-6.0833282,2024-06-01 00:00:00,-0.018778982,-0.0074756546,4333148.796028124,-461804.81061430223,0.0
3042,40.34405,47.0,-6.0833282,2024-06-01 00:00:00,0.00043788203,0.01204199,4333148.796028124,-461804.81061430223,0.0
3222,47.37369,47.0,-6.0833282,2024-06-01 00:00:00,0.004381225,0.010104618,4333148.796028124,-461804.81061430223,0.0
3402,55.76429,47.0,-6.0833282,2024-06-01 00:00:00,-0.00069406466,0.0012418434,4333148.796028124,-461804.81061430223,0.0
3582,65.80727,47.0,-6.0833282,2024-06-01 00:00:00,-0.006608965,-0.0040874,4333148.796028124,-461804.81061430223,0.0
3762,77.85385,47.0,-6.0833282,2024-06-01 00:00:00,-0.00031544227,-0.009439579,4333148.796028124,-461804.81061430223,0.0
3942,92.32607,47.0,-6.0833282,2024-06-01 00:00:00,0.011664538,-0.017910106,4333148.796028124,-461804.81061430223,0.0
4122,109.7293,47.0,-6.0833282,2024-06-01 00:00:00,0.023369528,-0.019495865,4333148.796028124,-461804.81061430223,0.0
4302,130.666,47.0,-6.0833282,2024-06-01 00:00:00,0.041412495,-0.021688752,4333148.796028124,-461804.81061430223,0.0
4482,155.8507,47.0,-6.0833282,2024-06-01 00:00:00,0.042535838,-0.031605482,4333148.796028124,-461804.81061430223,0.0
4662,186.1256,47.0,-6.0833282,2024-06-01 00:00:00,0.04372379,-0.046662334,4333148.796028124,-461804.81061430223,0.0
4842,222.4752,47.0,-6.0833282,2024-06-01 00:00:00,0.049672026,-0.055672657,4333148.796028124,-461804.81061430223,0.0
5022,266.0403,47.0,-6.0833282,2024-06-01 00:00:00,0.056406423,-0.056761604,4333148.796028124,-461804.81061430223,0.0
5202,318.1274,47.0,-6.0833282,2024-06-01 00:00:00,0.062283468,-0.05389245,4333148.796028124,-461804.81061430223,0.0
5382,380.213,47.0,-6.0833282,2024-06-01 00:00:00,0.065934874,-0.06106191,4333148.796028124,-461804.81061430223,0.0
5562,453.9377,47.0,-6.0833282,2024-06-01 00:00:00,0.066309296,-0.058730017,4333148.796028124,-461804.81061430223,0.0
5742,541.0889,47.0,-6.0833282,2024-06-01 00:00:00,0.062405106,-0.038709424,4333148.796028124,-461804.81061430223,0.0
5922,643.5668,47.0,-6.0833282,2024-06-01 00:00:00,0.056492586,-0.028271098,4333148.796028124,-461804.81061430223,0.0
6102,763.3331,47.0,-6.0833282,2024-06-01 00:00:00,0.05404567,-0.015308655,4333148.796028124,-461804.81061430223,0.0
6282,902.3393,47.0,-6.0833282,2024-06-01 00:00:00,0.04574868,-0.03616064,4333148.796028124,-461804.81061430223,0.0
171,0.494025,47.0,-6.0,2024-06-01 00:00:00,-0.07876016,-0.03423555,4333815.840058059,-455502.3996515776,0.0
351,1.541375,47.0,-6.0,2024-06-01 00:00:00,-0.07680368,-0.030548442,4333815.840058059,-455502.3996515776,0.0
531,2.645669,47.0,-6.0,2024-06-01 00:00:00,-0.07479866,-0.027028497,4333815.840058059,-455502.3996515776,0.0
711,3.819495,47.0,-6.0,2024-06-01 00:00:00,-0.07276583,-0.023699064,4333815.840058059,-455502.3996515776,0.0
891,5.078224,47.0,-6.0,2024-06-01 00:00:00,-0.07071534,-0.020565618,4333815.840058059,-455502.3996515776,0.0
1071,6.440614,47.0,-6.0,2024-06-01 00:00:00,-0.0686517,-0.017627455,4333815.840058059,-455502.3996515776,0.0
1251,7.92956,47.0,-6.0,2024-06-01 00:00:00,-0.06657623,-0.014883265,4333815.840058059,-455502.3996515776,0.0
1431,9.572997,47.0,-6.0,2024-06-01 00:00:00,-0.06448897,-0.012335461,4333815.840058059,-455502.3996515776,0.0
1611,11.405,47.0,-6.0,2024-06-01 00:00:00,-0.06238931,-0.0099936435,4333815.840058059,-455502.3996515776,0.0
1791,13.46714,47.0,-6.0,2024-06-01 00:00:00,-0.060270663,-0.007875303,4333815.840058059,-455502.3996515776,0.0
1971,15.81007,47.0,-6.0,2024-06-01 00:00:00,-0.058093138,-0.0060005486,4333815.840058059,-455502.3996515776,0.0
2151,18.49556,47.0,-6.0,2024-06-01 00:00:00,-0.055624258,-0.0043738047,4333815.840058059,-455502.3996515776,0.0
2331,21.59882,47.0,-6.0,2024-06-01 00:00:00,-0.05081551,-0.0028348211,4333815.840058059,-455502.3996515776,0.0
2511,25.21141,47.0,-6.0,2024-06-01 00:00:00,-0.023825224,-0.007448096,4333815.840058059,-455502.3996515776,0.0
2691,29.44473,47.0,-6.0,2024-06-01 00:00:00,-0.049478363,-0.022680249,4333815.840058059,-455502.3996515776,0.0
2871,34.43415,47.0,-6.0,2024-06-01 00:00:00,-0.044077836,0.014387447,4333815.840058059,-455502.3996515776,0.0
3051,40.34405,47.0,-6.0,2024-06-01 00:00:00,-0.03586486,0.035964213,4333815.840058059,-455502.3996515776,0.0
3231,47.37369,47.0,-6.0,2024-06-01 00:00:00,-0.038484205,0.046006713,4333815.840058059,-455502.3996515776,0.0
3411,55.76429,47.0,-6.0,2024-06-01 00:00:00,-0.048304964,0.049358826,4333815.840058059,-455502.3996515776,0.0
3591,65.80727,47.0,-6.0,2024-06-01 00:00:00,-0.05609118,0.04486256,4333815.840058059,-455502.3996515776,0.0
3771,77.85385,47.0,-6.0,2024-06-01 00:00:00,-0.049253963,0.034975894,4333815.840058059,-455502.3996515776,0.0
3951,92.32607,47.0,-6.0,2024-06-01 00:00:00,-0.03666836,0.015052403,4333815.840058059,-455502.3996515776,0.0
4131,109.7293,47.0,-6.0,2024-06-01 00:00:00,-0.025896026,0.0072274664,4333815.840058059,-455502.3996515776,0.0
4311,130.666,47.0,-6.0,2024-06-01 00:00:00,-0.008939288,0.004072156,4333815.840058059,-455502.3996515776,0.0
4491,155.8507,47.0,-6.0,2024-06-01 00:00:00,-0.011274056,-0.006404225,4333815.840058059,-455502.3996515776,0.0
4671,186.1256,47.0,-6.0,2024-06-01 00:00:00,-0.005908472,-0.024689544,4333815.840058059,-455502.3996515776,0.0
4851,222.4752,47.0,-6.0,2024-06-01 00:00:00,0.01606342,-0.043354105,4333815.840058059,-455502.3996515776,0.0
5031,266.0403,47.0,-6.0,2024-06-01 00:00:00,0.0408418,-0.051442895,4333815.840058059,-455502.3996515776,0.0
5211,318.1274,47.0,-6.0,2024-06-01 00:00:00,0.04767436,-0.043385338,4333815.840058059,-455502.3996515776,0.0
5391,380.213,47.0,-6.0,2024-06-01 00:00:00,0.033699136,-0.024970682,4333815.840058059,-455502.3996515776,0.0
5571,453.9377,47.0,-6.0,2024-06-01 00:00:00,0.0246255,-0.015211502,4333815.840058059,-455502.3996515776,0.0
5751,541.0889,47.0,-6.0,2024-06-01 00:00:00,0.04100575,-0.013220818,4333815.840058059,-455502.3996515776,0.0
5931,643.5668,47.0,-6.0,2024-06-01 00:00:00,0.04499046,-0.02693448,4333815.840058059,-455502.3996515776,0.0
6111,763.3331,47.0,-6.0,2024-06-01 00:00:00,0.036074147,-0.016241726,4333815.840058059,-455502.3996515776,0.0
6291,902.3393,47.0,-6.0,2024-06-01 00:00:00,0.030277798,-0.018423555,4333815.840058059,-455502.3996515776,0.0
1,0.494025,46.66667,-6.25,2024-06-01 06:00:00,-0.0077199526,0.001064386,4358653.3150161095,-477350.1729464703,0.0
181,1.541375,46.66667,-6.25,2024-06-01 06:00:00,-0.005044007,0.0049210535,4358653.3150161095,-477350.1729464703,0.0
361,2.645669,46.66667,-6.25,2024-06-01 06:00:00,-0.002302806,0.008573885,4358653.3150161095,-477350.1729464703,0.0
541,3.819495,46.66667,-6.25,2024-06-01 06:00:00,0.00043397985,0.011944703,4358653.3150161095,-477350.1729464703,0.0
721,5.078224,46.66667,-6.25,2024-06-01 06:00:00,0.0031252326,0.015001564,4358653.3150161095,-477350.1729464703,0.0
901,6.440614,46.66667,-6.25,2024-06-01 06:00:00,0.0057465816,0.01773463,4358653.3150161095,-477350.1729464703,0.0
1081,7.92956,46.66667,-6.25,2024-06-01 06:00:00,0.008282556,0.02014177,4358653.3150161095,-477350.1729464703,0.0
1261,9.572997,46.66667,-6.25,2024-06-01 06:00:00,0.010722331,0.02221987,4358653.3150161095,-477350.1729464703,0.0
1441,11.405,46.66667,-6.25,2024-06-01 06:00:00,0.013061151,0.02396109,4358653.3150161095,-477350.1729464703,0.0
1621,13.46714,46.66667,-6.25,2024-06-01 06:00:00,0.015308827,0.025351195,4358653.3150161095,-477350.1729464703,0.0
1801,15.81007,46.66667,-6.25,2024-06-01 06:00:00,0.01751398,0.026363036,4358653.3150161095,-477350.1729464703,0.0
1981,18.49556,46.66667,-6.25,2024-06-01 06:00:00,0.019834174,0.026924543,4358653.3150161095,-477350.1729464703,0.0
2161,21.59882,46.66667,-6.25,2024-06-01 06:00:00,0.023047952,0.02668329,4358653.3150161095,-477350.1729464703,0.0
2341,25.21141,46.66667,-6.25,2024-06-01 06:00:00,0.03950842,0.015707783,4358653.3150161095,-477350.1729464703,0.0
2521,29.44473,46.66667,-6.25,2024-06-01 06:00:00,0.016703714,0.022928366,4358653.3150161095,-477350.1729464703,0.0
2701,34.43415,46.66667,-6.25,2024-06-01 06:00:00,0.037328754,0.01882848,4358653.3150161095,-477350.1729464703,0.0
2881,40.34405,46.66667,-6.25,2024-06-01 06:00:00,0.031154605,-0.0018422679,4358653.3150161095,-477350.1729464703,0.0
3061,47.37369,46.66667,-6.25,2024-06-01 06:00:00,0.025821226,-0.008384413,4358653.3150161095,-477350.1729464703,0.0
3241,55.76429,46.66667,-6.25,2024-06-01 06:00:00,0.020740043,-0.0051328084,4358653.3150161095,-477350.1729464703,0.0
3421,65.80727,46.66667,-6.25,2024-06-01 06:00:00,0.013936653,0.00086840003,4358653.3150161095,-477350.1729464703,0.0
3601,77.85385,46.66667,-6.25,2024-06-01 06:00:00,0.009706037,0.0104379,4358653.3150161095,-477350.1729464703,0.0
3781,92.32607,46.66667,-6.25,2024-06-01 06:00:00,0.014837299,0.019766085,4358653.3150161095,-477350.1729464703,0.0
3961,109.7293,46.66667,-6.25,2024-06-01 06:00:00,0.022011159,0.02925818,4358653.3150161095,-477350.1729464703,0.0
4141,130.666,46.66667,-6.25,2024-06-01 06:00:00,0.026911419,0.029885886,4358653.3150161095,-477350.1729464703,0.0
4321,155.8507,46.66667,-6.25,2024-06-01 06:00:00,0.029071389,0.027267199,4358653.3150161095,-477350.1729464703,0.0
4501,186.1256,46.66667,-6.25,2024-06-01 06:00:00,0.018887237,0.020710062,4358653.3150161095,-477350.1729464703,0.0
4681,222.4752,46.66667,-6.25,2024-06-01 06:00:00,0.006658788,0.02216834,4358653.3150161095,-477350.1729464703,0.0
4861,266.0403,46.66667,-6.25,2024-06-01 06:00:00,-0.01251475,0.025307853,4358653.3150161095,-477350.1729464703,0.0
5041,318.1274,46.66667,-6.25,2024-06-01 06:00:00,-0.028530221,0.030374678,4358653.3150161095,-477350.1729464703,0.0
5221,380.213,46.66667,-6.25,2024-06-01 06:00:00,-0.0334083,0.023631008,4358653.3150161095,-477350.1729464703,0.0
5401,453.9377,46.66667,-6.25,2024-06-01 06:00:00,-0.036281407,0.015117586,4358653.3150161095,-477350.1729464703,0.0
5581,541.0889,46.66667,-6.25,2024-06-01 06:00:00,-0.023461768,0.009976473,4358653.3150161095,-477350.1729464703,0.0
5761,643.5668,46.66667,-6.25,2024-06-01 06:00:00,-0.02841406,-0.011673456,4358653.3150161095,-477350.1729464703,0.0
5941,763.3331,46.66667,-6.25,2024-06-01 06:00:00,-0.025012154,-0.03922472,4358653.3150161095,-477350.1729464703,0.0
6121,902.3393,46.66667,-6.25,2024-06-01 06:00:00,0.031502504,-0.061255846,4358653.3150161095,-477350.1729464703,0.0
10,0.494025,46.66667,-6.1666565,2024-06-01 06:00:00,0.024514295,-0.04028724,4359343.065935845,-471009.49203812674,0.0
190,1.541375,46.66667,-6.1666565,2024-06-01 06:00:00,0.027224924,-0.036427308,4359343.065935845,-471009.49203812674,0.0
370,2.645669,46.66667,-6.1666565,2024-06-01 06:00:00,0.02999012,-0.03276427,4359343.065935845,-471009.49203812674,0.0
550,3.819495,46.66667,-6.1666565,2024-06-01 06:00:00,0.032734625,-0.029378844,4359343.065935845,-471009.49203812674,0.0
730,5.078224,46.66667,-6.1666565,2024-06-01 06:00:00,0.035410795,-0.026305493,4359343.065935845,-471009.49203812674,0.0
910,6.440614,46.66667,-6.1666565,2024-06-01 06:00:00,0.037989493,-0.023552772,4359343.065935845,-471009.49203812674,0.0
1090,7.92956,46.66667,-6.1666565,2024-06-01 06:00:00,0.04045212,-0.021117551,4359343.065935845,-471009.49203812674,0.0
1270,9.572997,46.66667,-6.1666565,2024-06-01 06:00:00,0.042783532,-0.018994171,4359343.065935845,-471009.49203812674,0.0
1450,11.405,46.66667,-6.1666565,2024-06-01 06:00:00,0.044969354,-0.017177843,4359343.065935845,-471009.49203812674,0.0
1630,13.46714,46.66667,-6.1666565,2024-06-01 06:00:00,0.046998266,-0.015663374,4359343.065935845,-471009.49203812674,0.0
1810,15.81007,46.66667,-6.1666565,2024-06-01 06:00:00,0.048872005,-0.014443292,4359343.065935845,-471009.49203812674,0.0
1990,18.49556,46.66667,-6.1666565,2024-06-01 06:00:00,0.05064837,-0.013504054,4359343.065935845,-471009.49203812674,0.0
2170,21.59882,46.66667,-6.1666565,2024-06-01 06:00:00,0.052904,-0.012799194,4359343.065935845,-471009.49203812674,0.0
2350,25.21141,46.66667,-6.1666565,2024-06-01 06:00:00,0.07405396,-0.023155106,4359343.065935845,-471009.49203812674,0.0
2530,29.44473,46.66667,-6.1666565,2024-06-01 06:00:00,0.0567899,-0.0223261,4359343.065935845,-471009.49203812674,0.0
2710,34.43415,46.66667,-6.1666565,2024-06-01 06:00:00,0.07364522,-0.026623465,4359343.065935845,-471009.49203812674,0.0
2890,40.34405,46.66667,-6.1666565,2024-06-01 06:00:00,0.06520596,-0.035774358,4359343.065935845,-471009.49203812674,0.0
3070,47.37369,46.66667,-6.1666565,2024-06-01 06:00:00,0.06358651,-0.036008473,4359343.065935845,-471009.49203812674,0.0
3250,55.76429,46.66667,-6.1666565,2024-06-01 06:00:00,0.06865843,-0.030030617,4359343.065935845,-471009.49203812674,0.0
3430,65.80727,46.66667,-6.1666565,2024-06-01 06:00:00,0.07350136,-0.022895267,4359343.065935845,-471009.49203812674,0.0
3610,77.85385,46.66667,-6.1666565,2024-06-01 06:00:00,0.07505301,-0.016766958,4359343.065935845,-471009.49203812674,0.0
3790,92.32607,46.66667,-6.1666565,2024-06-01 06:00:00,0.07831657,-0.010696134,4359343.065935845,-471009.49203812674,0.0
3970,109.7293,46.66667,-6.1666565,2024-06-01 06:00:00,0.07802592,0.00069850916,4359343.065935845,-471009.49203812674,0.0
4150,130.666,46.66667,-6.1666565,2024-06-01 06:00:00,0.06926145,0.0038710646,4359343.065935845,-471009.49203812674,0.0
4330,155.8507,46.66667,-6.1666565,2024-06-01 06:00:00,0.05036656,0.006809157,4359343.065935845,-471009.49203812674,0.0
4510,186.1256,46.66667,-6.1666565,2024-06-01 06:00:00,0.021674145,0.009809043,4359343.065935845,-471009.49203812674,0.0
4690,222.4752,46.66667,-6.1666565,2024-06-01 06:00:00,0.00092458,0.014671605,4359343.065935845,-471009.49203812674,0.0
4870,266.0403,46.66667,-6.1666565,2024-06-01 06:00:00,-0.0062727984,0.014602882,4359343.065935845,-471009.49203812674,0.0
5050,318.1274,46.66667,-6.1666565,2024-06-01 06:00:00,-0.01878724,0.01860705,4359343.065935845,-471009.49203812674,0.0
5230,380.213,46.66667,-6.1666565,2024-06-01 06:00:00,-0.020914836,0.01776948,4359343.065935845,-471009.49203812674,0.0
5410,453.9377,46.66667,-6.1666565,2024-06-01 06:00:00,-0.018532416,0.007806344,4359343.065935845,-471009.49203812674,0.0
5590,541.0889,46.66667,-6.1666565,2024-06-01 06:00:00,-0.007856317,-0.0038445666,4359343.065935845,-471009.49203812674,0.0
5770,643.5668,46.66667,-6.1666565,2024-06-01 06:00:00,-0.003693432,-0.026791949,4359343.065935845,-471009.49203812674,0.0
5950,763.3331,46.66667,-6.1666565,2024-06-01 06:00:00,-0.012516135,-0.053382535,4359343.065935845,-471009.49203812674,0.0
6130,902.3393,46.66667,-6.1666565,2024-06-01 06:00:00,0.049060825,-0.07539576,4359343.065935845,-471009.49203812674,0.0
19,0.494025,46.66667,-6.0833282,2024-06-01 06:00:00,0.05331028,-0.072524175,4360023.469108121,-464668.9756583009,0.0
199,1.541375,46.66667,-6.0833282,2024-06-01 06:00:00,0.056076266,-0.068644315,4360023.469108121,-464668.9756583009,0.0
379,2.645669,46.66667,-6.0833282,2024-06-01 06:00:00,0.058931608,-0.06495594,4360023.469108121,-464668.9756583009,0.0
559,3.819495,46.66667,-6.0833282,2024-06-01 06:00:00,0.061795034,-0.061544843,4360023.469108121,-464668.9756583009,0.0
739,5.078224,46.66667,-6.0833282,2024-06-01 06:00:00,0.06461137,-0.058450002,4360023.469108121,-464668.9756583009,0.0
919,6.440614,46.66667,-6.0833282,2024-06-01 06:00:00,0.06734726,-0.05568005,4360023.469108121,-464668.9756583009,0.0
1099,7.92956,46.66667,-6.0833282,2024-06-01 06:00:00,0.06998402,-0.053227812,4360023.469108121,-464668.9756583009,0.0
1279,9.572997,46.66667,-6.0833282,2024-06-01 06:00:00,0.07250893,-0.05108217,4360023.469108121,-464668.9756583009,0.0
1459,11.405,46.66667,-6.0833282,2024-06-01 06:00:00,0.07491074,-0.049233373,4360023.469108121,-464668.9756583009,0.0
1639,13.46714,46.66667,-6.0833282,2024-06-01 06:00:00,0.07718038,-0.04767325,4360023.469108121,-464668.9756583009,0.0
1819,15.81007,46.66667,-6.0833282,2024-06-01 06:00:00,0.079318546,-0.046392847,4360023.469108121,-464668.9756583009,0.0
1999,18.49556,46.66667,-6.0833282,2024-06-01 06:00:00,0.081366695,-0.04537359,4360023.469108121,-464668.9756583009,0.0
2179,21.59882,46.66667,-6.0833282,2024-06-01 06:00:00,0.083655655,-0.04451458,4360023.469108121,-464668.9756583009,0.0
2359,25.21141,46.66667,-6.0833282,2024-06-01 06:00:00,0.08817417,-0.04536885,4360023.469108121,-464668.9756583009,0.0
2539,29.44473,46.66667,-6.0833282,2024-06-01 06:00:00,0.08995164,-0.060490884,4360023.469108121,-464668.9756583009,0.0
2719,34.43415,46.66667,-6.0833282,2024-06-01 06:00:00,0.09772941,-0.067549214,4360023.469108121,-464668.9756583009,0.0
2899,40.34405,46.66667,-6.0833282,2024-06-01 06:00:00,0.09340704,-0.07192116,4360023.469108121,-464668.9756583009,0.0
3079,47.37369,46.66667,-6.0833282,2024-06-01 06:00:00,0.09061299,-0.06842051,4360023.469108121,-464668.9756583009,0.0
3259,55.76429,46.66667,-6.0833282,2024-06-01 06:00:00,0.09759004,-0.062170014,4360023.469108121,-464668.9756583009,0.0
3439,65.80727,46.66667,-6.0833282,2024-06-01 06:00:00,0.10852105,-0.058227245,4360023.469108121,-464668.9756583009,0.0
3619,77.85385,46.66667,-6.0833282,2024-06-01 06:00:00,0.116282925,-0.055062063,4360023.469108121,-464668.9756583009,0.0
3799,92.32607,46.66667,-6.0833282,2024-06-01 06:00:00,0.11895896,-0.04980036,4360023.469108121,-464668.9756583009,0.0
3979,109.7293,46.66667,-6.0833282,2024-06-01 06:00:00,0.11165859,-0.035873566,4360023.469108121,-464668.9756583009,0.0
4159,130.666,46.66667,-6.0833282,2024-06-01 06:00:00,0.093361594,-0.027575687,4360023.469108121,-464668.9756583009,0.0
4339,155.8507,46.66667,-6.0833282,2024-06-01 06:00:00,0.06379636,-0.020422814,4360023.469108121,-464668.9756583009,0.0
4519,186.1256,46.66667,-6.0833282,2024-06-01 06:00:00,0.04046634,-0.013947925,4360023.469108121,-464668.9756583009,0.0
4699,222.4752,46.66667,-6.0833282,2024-06-01 06:00:00,0.026475992,-0.010446584,4360023.469108121,-464668.9756583009,0.0
4879,266.0403,46.66667,-6.0833282,2024-06-01 06:00:00,0.020887183,-0.009018087,4360023.469108121,-464668.9756583009,0.0
5059,318.1274,46.66667,-6.0833282,2024-06-01 06:00:00,0.012029773,-0.004946144,4360023.469108121,-464668.9756583009,0.0
5239,380.213,46.66667,-6.0833282,2024-06-01 06:00:00,0.016489904,-0.0063294102,4360023.469108121,-464668.9756583009,0.0
5419,453.9377,46.66667,-6.0833282,2024-06-01 06:00:00,0.01115351,-0.012085321,4360023.469108121,-464668.9756583009,0.0
5599,541.0889,46.66667,-6.0833282,2024-06-01 06:00:00,0.012353098,-0.019733505,4360023.469108121,-464668.9756583009,0.0
5779,643.5668,46.66667,-6.0833282,2024-06-01 06:00:00,0.017939737,-0.03996877,4360023.469108121,-464668.9756583009,0.0
5959,763.3331,46.66667,-6.0833282,2024-06-01 06:00:00,0.01915399,-0.06598006,4360023.469108121,-464668.9756583009,0.0
6139,902.3393,46.66667,-6.0833282,2024-06-01 06:00:00,0.07337637,-0.097207434,4360023.469108121,-464668.9756583009,0.0
28,0.494025,46.66667,-6.0,2024-06-01 06:00:00,0.063922,-0.08768085,4360694.650219674,-458327.4764384654,0.0
208,1.541375,46.66667,-6.0,2024-06-01 06:00:00,0.06669724,-0.08374601,4360694.650219674,-458327.4764384654,0.0
388,2.645669,46.66667,-6.0,2024-06-01 06:00:00,0.069582365,-0.07999715,4360694.650219674,-458327.4764384654,0.0
568,3.819495,46.66667,-6.0,2024-06-01 06:00:00,0.0724869,-0.07653068,4360694.650219674,-458327.4764384654,0.0
748,5.078224,46.66667,-6.0,2024-06-01 06:00:00,0.075345375,-0.07339345,4360694.650219674,-458327.4764384654,0.0
928,6.440614,46.66667,-6.0,2024-06-01 06:00:00,0.07811694,-0.0705961,4360694.650219674,-458327.4764384654,0.0
1108,7.92956,46.66667,-6.0,2024-06-01 06:00:00,0.08077815,-0.068129286,4360694.650219674,-458327.4764384654,0.0
1288,9.572997,46.66667,-6.0,2024-06-01 06:00:00,0.08331251,-0.065978386,4360694.650219674,-458327.4764384654,0.0
1468,11.405,46.66667,-6.0,2024-06-01 06:00:00,0.08570423,-0.06413042,4360694.650219674,-458327.4764384654,0.0
1648,13.46714,46.66667,-6.0,2024-06-01 06:00:00,0.08793671,-0.06257525,4360694.650219674,-458327.4764384654,0.0
1828,15.81007,46.66667,-6.0,2024-06-01 06:00:00,0.08999341,-0.061304834,4360694.650219674,-458327.4764384654,0.0
2008,18.49556,46.66667,-6.0,2024-06-01 06:00:00,0.091864444,-0.06030907,4360694.650219674,-458327.4764384654,0.0
2188,21.59882,46.66667,-6.0,2024-06-01 06:00:00,0.09358609,-0.05957119,4360694.650219674,-458327.4764384654,0.0
2368,25.21141,46.66667,-6.0,2024-06-01 06:00:00,0.09569411,-0.059062216,4360694.650219674,-458327.4764384654,0.0
2548,29.44473,46.66667,-6.0,2024-06-01 06:00:00,0.10224585,-0.07743403,4360694.650219674,-458327.4764384654,0.0
2728,34.43415,46.66667,-6.0,2024-06-01 06:00:00,0.09418461,-0.08815659,4360694.650219674,-458327.4764384654,0.0
2908,40.34405,46.66667,-6.0,2024-06-01 06:00:00,0.089929156,-0.089499325,4360694.650219674,-458327.4764384654,0.0
3088,47.37369,46.66667,-6.0,2024-06-01 06:00:00,0.084368624,-0.0820936,4360694.650219674,-458327.4764384654,0.0
3268,55.76429,46.66667,-6.0,2024-06-01 06:00:00,0.08522317,-0.07304426,4360694.650219674,-458327.4764384654,0.0
3448,65.80727,46.66667,-6.0,2024-06-01 06:00:00,0.09302655,-0.06795971,4360694.650219674,-458327.4764384654,0.0
3628,77.85385,46.66667,-6.0,2024-06-01 06:00:00,0.1037675,-0.06298266,4360694.650219674,-458327.4764384654,0.0
3808,92.32607,46.66667,-6.0,2024-06-01 06:00:00,0.107832536,-0.058089025,4360694.650219674,-458327.4764384654,0.0
3988,109.7293,46.66667,-6.0,2024-06-01 06:00:00,0.09964649,-0.047874797,4360694.650219674,-458327.4764384654,0.0
4168,130.666,46.66667,-6.0,2024-06-01 06:00:00,0.086205296,-0.041720465,4360694.650219674,-458327.4764384654,0.0
4348,155.8507,46.66667,-6.0,2024-06-01 06:00:00,0.072063155,-0.040387217,4360694.650219674,-458327.4764384654,0.0
4528,186.1256,46.66667,-6.0,2024-06-01 06:00:00,0.06588116,-0.039116725,4360694.650219674,-458327.4764384654,0.0
4708,222.4752,46.66667,-6.0,2024-06-01 06:00:00,0.064989194,-0.043592352,4360694.650219674,-458327.4764384654,0.0
4888,266.0403,46.66667,-6.0,2024-06-01 06:00:00,0.06002527,-0.04357651,4360694.650219674,-458327.4764384654,0.0
5068,318.1274,46.66667,-6.0,2024-06-01 06:00:00,0.051127125,-0.035810918,4360694.650219674,-458327.4764384654,0.0
5248,380.213,46.66667,-6.0,2024-06-01 06:00:00,0.05416583,-0.035143632,4360694.650219674,-458327.4764384654,0.0
5428,453.9377,46.66667,-6.0,2024-06-01 06:00:00,0.041276064,-0.03926208,4360694.650219674,-458327.4764384654,0.0
5608,541.0889,46.66667,-6.0,2024-06-01 06:00:00,0.03936778,-0.03980916,4360694.650219674,-458327.4764384654,0.0
5788,643.5668,46.66667,-6.0,2024-06-01 06:00:00,0.041058756,-0.053912576,4360694.650219674,-458327.4764384654,0.0
5968,763.3331,46.66667,-6.0,2024-06-01 06:00:00,0.04679103,-0.075520076,4360694.650219674,-458327.4764384654,0.0
6148,902.3393,46.66667,-6.0,2024-06-01 06:00:00,0.09327133,-0.10644827,4360694.650219674,-458327.4764384654,0.0
37,0.494025,46.75,-6.25,2024-06-01 06:00:00,0.077071816,-0.044279605,4351950.96357759,-476616.1460837916,0.0
217,1.541375,46.75,-6.25,2024-06-01 06:00:00,0.0796971,-0.040384177,4351950.96357759,-476616.1460837916,0.0
397,2.645669,46.75,-6.25,2024-06-01 06:00:00,0.082388274,-0.0367142,4351950.96357759,-476616.1460837916,0.0
577,3.819495,46.75,-6.25,2024-06-01 06:00:00,0.08507561,-0.03334514,4351950.96357759,-476616.1460837916,0.0
757,5.078224,46.75,-6.25,2024-06-01 06:00:00,0.0877191,-0.030302122,4351950.96357759,-476616.1460837916,0.0
937,6.440614,46.75,-6.25,2024-06-01 06:00:00,0.09029521,-0.027587265,4351950.96357759,-476616.1460837916,0.0
1117,7.92956,46.75,-6.25,2024-06-01 06:00:00,0.09278727,-0.025195213,4351950.96357759,-476616.1460837916,0.0
1297,9.572997,46.75,-6.25,2024-06-01 06:00:00,0.09517929,-0.023120977,4351950.96357759,-476616.1460837916,0.0
1477,11.405,46.75,-6.25,2024-06-01 06:00:00,0.09745493,-0.021361496,4351950.96357759,-476616.1460837916,0.0
1657,13.46714,46.75,-6.25,2024-06-01 06:00:00,0.09960271,-0.019913612,4351950.96357759,-476616.1460837916,0.0
1837,15.81007,46.75,-6.25,2024-06-01 06:00:00,0.10163924,-0.01876836,4351950.96357759,-476616.1460837916,0.0
2017,18.49556,46.75,-6.25,2024-06-01 06:00:00,0.10372303,-0.01790239,4351950.96357759,-476616.1460837916,0.0
2197,21.59882,46.75,-6.25,2024-06-01 06:00:00,0.108451664,-0.01734591,4351950.96357759,-476616.1460837916,0.0
2377,25.21141,46.75,-6.25,2024-06-01 06:00:00,0.12500498,-0.036093127,4351950.96357759,-476616.1460837916,0.0
2557,29.44473,46.75,-6.25,2024-06-01 06:00:00,0.097960316,-0.05876006,4351950.96357759,-476616.1460837916,0.0
2737,34.43415,46.75,-6.25,2024-06-01 06:00:00,0.10407865,-0.060467206,4351950.96357759,-476616.1460837916,0.0
2917,40.34405,46.75,-6.25,2024-06-01 06:00:00,0.101616025,-0.06701185,4351950.96357759,-476616.1460837916,0.0
3097,47.37369,46.75,-6.25,2024-06-01 06:00:00,0.09814453,-0.062508315,4351950.96357759,-476616.1460837916,0.0
3277,55.76429,46.75,-6.25,2024-06-01 06:00:00,0.099155426,-0.05165305,4351950.96357759,-476616.1460837916,0.0
3457,65.80727,46.75,-6.25,2024-06-01 06:00:00,0.09673814,-0.046048984,4351950.96357759,-476616.1460837916,0.0
3637,77.85385,46.75,-6.25,2024-06-01 06:00:00,0.088980764,-0.04550774,4351950.96357759,-476616.1460837916,0.0
3817,92.32607,46.75,-6.25,2024-06-01 06:00:00,0.07779931,-0.041734997,4351950.96357759,-476616.1460837916,0.0
3997,109.7293,46.75,-6.25,2024-06-01 06:00:00,0.06581478,-0.026896987,4351950.96357759,-476616.1460837916,0.0
4177,130.666,46.75,-6.25,2024-06-01 06:00:00,0.04997223,-0.015816942,4351950.96357759,-476616.1460837916,0.0
4357,155.8507,46.75,-6.25,2024-06-01 06:00:00,0.03741992,-0.0072919717,4351950.96357759,-476616.1460837916,0.0
4537,186.1256,46.75,-6.25,2024-06-01 06:00:00,0.029839791,-0.0019976576,4351950.96357759,-476616.1460837916,0.0
4717,222.4752,46.75,-6.25,2024-06-01 06:00:00,0.020119408,-0.00042584352,4351950.96357759,-476616.1460837916,0.0
4897,266.0403,46.75,-6.25,2024-06-01 06:00:00,0.009541921,-0.009076396,4351950.96357759,-476616.1460837916,0.0
5077,318.1274,46.75,-6.25,2024-06-01 06:00:00,-0.0020616136,-0.015363242,4351950.96357759,-476616.1460837916,0.0
5257,380.213,46.75,-6.25,2024-06-01 06:00:00,-0.012754119,-0.017958857,4351950.96357759,-476616.1460837916,0.0
5437,453.9377,46.75,-6.25,2024-06-01 06:00:00,-0.014719424,-0.017338363,4351950.96357759,-476616.1460837916,0.0
5617,541.0889,46.75,-6.25,2024-06-01 06:00:00,-0.008909425,-0.015723538,4351950.96357759,-476616.1460837916,0.0
5797,643.5668,46.75,-6.25,2024-06-01 06:00:00,-0.017582,-0.04081667,4351950.96357759,-476616.1460837916,0.0
5977,763.3331,46.75,-6.25,2024-06-01 06:00:00,-0.0014588775,-0.060030002,4351950.96357759,-476616.1460837916,0.0
6157,902.3393,46.75,-6.25,2024-06-01 06:00:00,0.03819409,-0.077265866,4351950.96357759,-476616.1460837916,0.0
46,0.494025,46.75,-6.1666565,2024-06-01 06:00:00,0.11287488,-0.06986035,4352639.653859386,-470285.21531356085,0.0
226,1.541375,46.75,-6.1666565,2024-06-01 06:00:00,0.115568824,-0.06597233,4352639.653859386,-470285.21531356085,0.0
406,2.645669,46.75,-6.1666565,2024-06-01 06:00:00,0.11834139,-0.062297095,4352639.653859386,-470285.21531356085,0.0
586,3.819495,46.75,-6.1666565,2024-06-01 06:00:00,0.12111811,-0.05891348,4352639.653859386,-470285.21531356085,0.0
766,5.078224,46.75,-6.1666565,2024-06-01 06:00:00,0.1238547,-0.055849817,4352639.653859386,-470285.21531356085,0.0
946,6.440614,46.75,-6.1666565,2024-06-01 06:00:00,0.12652554,-0.053109128,4352639.653859386,-470285.21531356085,0.0
1126,7.92956,46.75,-6.1666565,2024-06-01 06:00:00,0.12911409,-0.050685115,4352639.653859386,-470285.21531356085,0.0
1306,9.572997,46.75,-6.1666565,2024-06-01 06:00:00,0.13160509,-0.048571467,4352639.653859386,-470285.21531356085,0.0
1486,11.405,46.75,-6.1666565,2024-06-01 06:00:00,0.13398126,-0.046764687,4352639.653859386,-470285.21531356085,0.0
1666,13.46714,46.75,-6.1666565,2024-06-01 06:00:00,0.13622756,-0.045262013,4352639.653859386,-470285.21531356085,0.0
1846,15.81007,46.75,-6.1666565,2024-06-01 06:00:00,0.13834621,-0.044056408,4352639.653859386,-470285.21531356085,0.0
2026,18.49556,46.75,-6.1666565,2024-06-01 06:00:00,0.1404287,-0.04312674,4352639.653859386,-470285.21531356085,0.0
2206,21.59882,46.75,-6.1666565,2024-06-01 06:00:00,0.14371538,-0.042282507,4352639.653859386,-470285.21531356085,0.0
2386,25.21141,46.75,-6.1666565,2024-06-01 06:00:00,0.16003992,-0.05308281,4352639.653859386,-470285.21531356085,0.0
2566,29.44473,46.75,-6.1666565,2024-06-01 06:00:00,0.13432586,-0.0769001,4352639.653859386,-470285.21531356085,0.0
2746,34.43415,46.75,-6.1666565,2024-06-01 06:00:00,0.13353345,-0.078575194,4352639.653859386,-470285.21531356085,0.0
2926,40.34405,46.75,-6.1666565,2024-06-01 06:00:00,0.13014692,-0.08532315,4352639.653859386,-470285.21531356085,0.0
3106,47.37369,46.75,-6.1666565,2024-06-01 06:00:00,0.12368919,-0.07798408,4352639.653859386,-470285.21531356085,0.0
3286,55.76429,46.75,-6.1666565,2024-06-01 06:00:00,0.12032841,-0.06759611,4352639.653859386,-470285.21531356085,0.0
3466,65.80727,46.75,-6.1666565,2024-06-01 06:00:00,0.117050774,-0.061697856,4352639.653859386,-470285.21531356085,0.0
3646,77.85385,46.75,-6.1666565,2024-06-01 06:00:00,0.11235952,-0.059588633,4352639.653859386,-470285.21531356085,0.0
3826,92.32607,46.75,-6.1666565,2024-06-01 06:00:00,0.103317484,-0.054589268,4352639.653859386,-470285.21531356085,0.0
4006,109.7293,46.75,-6.1666565,2024-06-01 06:00:00,0.08982796,-0.03996224,4352639.653859386,-470285.21531356085,0.0
4186,130.666,46.75,-6.1666565,2024-06-01 06:00:00,0.075954504,-0.029097863,4352639.653859386,-470285.21531356085,0.0
4366,155.8507,46.75,-6.1666565,2024-06-01 06:00:00,0.06734428,-0.022256542,4352639.653859386,-470285.21531356085,0.0
4546,186.1256,46.75,-6.1666565,2024-06-01 06:00:00,0.06249129,-0.020103713,4352639.653859386,-470285.21531356085,0.0
4726,222.4752,46.75,-6.1666565,2024-06-01 06:00:00,0.05325232,-0.02229178,4352639.653859386,-470285.21531356085,0.0
4906,266.0403,46.75,-6.1666565,2024-06-01 06:00:00,0.039240412,-0.02291825,4352639.653859386,-470285.21531356085,0.0
5086,318.1274,46.75,-6.1666565,2024-06-01 06:00:00,0.029139943,-0.032230824,4352639.653859386,-470285.21531356085,0.0
5266,380.213,46.75,-6.1666565,2024-06-01 06:00:00,0.026405236,-0.036689185,4352639.653859386,-470285.21531356085,0.0
5446,453.9377,46.75,-6.1666565,2024-06-01 06:00:00,0.016852817,-0.03315946,4352639.653859386,-470285.21531356085,0.0
5626,541.0889,46.75,-6.1666565,2024-06-01 06:00:00,0.0154139735,-0.036251605,4352639.653859386,-470285.21531356085,0.0
5806,643.5668,46.75,-6.1666565,2024-06-01 06:00:00,0.010083464,-0.066225596,4352639.653859386,-470285.21531356085,0.0
5986,763.3331,46.75,-6.1666565,2024-06-01 06:00:00,0.021082148,-0.084430724,4352639.653859386,-470285.21531356085,0.0
6166,902.3393,46.75,-6.1666565,2024-06-01 06:00:00,0.0548933,-0.103063054,4352639.653859386,-470285.21531356085,0.0
55,0.494025,46.75,-6.0833282,2024-06-01 06:00:00,0.13682076,-0.091619164,4353319.010767862,-463954.44881885045,0.0
235,1.541375,46.75,-6.0833282,2024-06-01 06:00:00,0.13957989,-0.08773366,4353319.010767862,-463954.44881885045,0.0
415,2.645669,46.75,-6.0833282,2024-06-01 06:00:00,0.14244114,-0.084050365,4353319.010767862,-463954.44881885045,0.0
595,3.819495,46.75,-6.0833282,2024-06-01 06:00:00,0.14532377,-0.080653004,4353319.010767862,-463954.44881885045,0.0
775,5.078224,46.75,-6.0833282,2024-06-01 06:00:00,0.14817764,-0.07757446,4353319.010767862,-463954.44881885045,0.0
955,6.440614,46.75,-6.0833282,2024-06-01 06:00:00,0.15097512,-0.074818484,4353319.010767862,-463954.44881885045,0.0
1135,7.92956,46.75,-6.0833282,2024-06-01 06:00:00,0.15370117,-0.072376356,4353319.010767862,-463954.44881885045,0.0
1315,9.572997,46.75,-6.0833282,2024-06-01 06:00:00,0.15634388,-0.07023869,4353319.010767862,-463954.44881885045,0.0
1495,11.405,46.75,-6.0833282,2024-06-01 06:00:00,0.15888925,-0.068400405,4353319.010767862,-463954.44881885045,0.0
1675,13.46714,46.75,-6.0833282,2024-06-01 06:00:00,0.1613257,-0.06685867,4353319.010767862,-463954.44881885045,0.0
1855,15.81007,46.75,-6.0833282,2024-06-01 06:00:00,0.16365913,-0.065611765,4353319.010767862,-463954.44881885045,0.0
2035,18.49556,46.75,-6.0833282,2024-06-01 06:00:00,0.16601546,-0.06464946,4353319.010767862,-463954.44881885045,0.0
2215,21.59882,46.75,-6.0833282,2024-06-01 06:00:00,0.16978733,-0.06397945,4353319.010767862,-463954.44881885045,0.0
2395,25.21141,46.75,-6.0833282,2024-06-01 06:00:00,0.18421516,-0.06928935,4353319.010767862,-463954.44881885045,0.0
2575,29.44473,46.75,-6.0833282,2024-06-01 06:00:00,0.16368893,-0.094016165,4353319.010767862,-463954.44881885045,0.0
2755,34.43415,46.75,-6.0833282,2024-06-01 06:00:00,0.1534883,-0.09718434,4353319.010767862,-463954.44881885045,0.0
2935,40.34405,46.75,-6.0833282,2024-06-01 06:00:00,0.14282094,-0.101319745,4353319.010767862,-463954.44881885045,0.0
3115,47.37369,46.75,-6.0833282,2024-06-01 06:00:00,0.13457918,-0.090084165,4353319.010767862,-463954.44881885045,0.0
3295,55.76429,46.75,-6.0833282,2024-06-01 06:00:00,0.12963906,-0.076645225,4353319.010767862,-463954.44881885045,0.0
3475,65.80727,46.75,-6.0833282,2024-06-01 06:00:00,0.12577572,-0.06937844,4353319.010767862,-463954.44881885045,0.0
3655,77.85385,46.75,-6.0833282,2024-06-01 06:00:00,0.12435809,-0.06598809,4353319.010767862,-463954.44881885045,0.0
3835,92.32607,46.75,-6.0833282,2024-06-01 06:00:00,0.118783526,-0.061653204,4353319.010767862,-463954.44881885045,0.0
4015,109.7293,46.75,-6.0833282,2024-06-01 06:00:00,0.10712574,-0.05047536,4353319.010767862,-463954.44881885045,0.0
4195,130.666,46.75,-6.0833282,2024-06-01 06:00:00,0.096799664,-0.04295847,4353319.010767862,-463954.44881885045,0.0
4375,155.8507,46.75,-6.0833282,2024-06-01 06:00:00,0.09015418,-0.044512305,4353319.010767862,-463954.44881885045,0.0
4555,186.1256,46.75,-6.0833282,2024-06-01 06:00:00,0.08898769,-0.04619238,4353319.010767862,-463954.44881885045,0.0
4735,222.4752,46.75,-6.0833282,2024-06-01 06:00:00,0.07883399,-0.049169265,4353319.010767862,-463954.44881885045,0.0
4915,266.0403,46.75,-6.0833282,2024-06-01 06:00:00,0.064223625,-0.046433903,4353319.010767862,-463954.44881885045,0.0
5095,318.1274,46.75,-6.0833282,2024-06-01 06:00:00,0.05465467,-0.049969193,4353319.010767862,-463954.44881885045,0.0
5275,380.213,46.75,-6.0833282,2024-06-01 06:00:00,0.050409272,-0.05249745,4353319.010767862,-463954.44881885045,0.0
5455,453.9377,46.75,-6.0833282,2024-06-01 06:00:00,0.039083555,-0.050761078,4353319.010767862,-463954.44881885045,0.0
5635,541.0889,46.75,-6.0833282,2024-06-01 06:00:00,0.03404596,-0.052017506,4353319.010767862,-463954.44881885045,0.0
5815,643.5668,46.75,-6.0833282,2024-06-01 06:00:00,0.034074545,-0.072542064,4353319.010767862,-463954.44881885045,0.0
5995,763.3331,46.75,-6.0833282,2024-06-01 06:00:00,0.03741843,-0.08666413,4353319.010767862,-463954.44881885045,0.0
6175,902.3393,46.75,-6.0833282,2024-06-01 06:00:00,0.061967213,-0.12343648,4353319.010767862,-463954.44881885045,0.0
64,0.494025,46.75,-6.0,2024-06-01 06:00:00,0.15382054,-0.099578954,4353989.159796485,-457622.70099545474,0.0
244,1.541375,46.75,-6.0,2024-06-01 06:00:00,0.15662526,-0.09565841,4353989.159796485,-457622.70099545474,0.0
424,2.645669,46.75,-6.0,2024-06-01 06:00:00,0.15956154,-0.09193417,4353989.159796485,-457622.70099545474,0.0
604,3.819495,46.75,-6.0,2024-06-01 06:00:00,0.16253914,-0.08850022,4353989.159796485,-457622.70099545474,0.0
784,5.078224,46.75,-6.0,2024-06-01 06:00:00,0.16550033,-0.08539633,4353989.159796485,-457622.70099545474,0.0
964,6.440614,46.75,-6.0,2024-06-01 06:00:00,0.16841637,-0.082626775,4353989.159796485,-457622.70099545474,0.0
1144,7.92956,46.75,-6.0,2024-06-01 06:00:00,0.1712769,-0.08017953,4353989.159796485,-457622.70099545474,0.0
1324,9.572997,46.75,-6.0,2024-06-01 06:00:00,0.17407803,-0.07804146,4353989.159796485,-457622.70099545474,0.0
1504,11.405,46.75,-6.0,2024-06-01 06:00:00,0.17681721,-0.07620509,4353989.159796485,-457622.70099545474,0.0
1684,13.46714,46.75,-6.0,2024-06-01 06:00:00,0.17949533,-0.07467072,4353989.159796485,-457622.70099545474,0.0
1864,15.81007,46.75,-6.0,2024-06-01 06:00:00,0.1821641,-0.0734446,4353989.159796485,-457622.70099545474,0.0
2044,18.49556,46.75,-6.0,2024-06-01 06:00:00,0.18513787,-0.07254909,4353989.159796485,-457622.70099545474,0.0
2224,21.59882,46.75,-6.0,2024-06-01 06:00:00,0.19148219,-0.072331354,4353989.159796485,-457622.70099545474,0.0
2404,25.21141,46.75,-6.0,2024-06-01 06:00:00,0.20809811,-0.0795788,4353989.159796485,-457622.70099545474,0.0
2584,29.44473,46.75,-6.0,2024-06-01 06:00:00,0.18171571,-0.10983012,4353989.159796485,-457622.70099545474,0.0
2764,34.43415,46.75,-6.0,2024-06-01 06:00:00,0.16983432,-0.11664684,4353989.159796485,-457622.70099545474,0.0
2944,40.34405,46.75,-6.0,2024-06-01 06:00:00,0.1559364,-0.11483624,4353989.159796485,-457622.70099545474,0.0
3124,47.37369,46.75,-6.0,2024-06-01 06:00:00,0.1472006,-0.1028404,4353989.159796485,-457622.70099545474,0.0
3304,55.76429,46.75,-6.0,2024-06-01 06:00:00,0.14320293,-0.08990926,4353989.159796485,-457622.70099545474,0.0
3484,65.80727,46.75,-6.0,2024-06-01 06:00:00,0.14024465,-0.08134152,4353989.159796485,-457622.70099545474,0.0
3664,77.85385,46.75,-6.0,2024-06-01 06:00:00,0.14088474,-0.07484669,4353989.159796485,-457622.70099545474,0.0
3844,92.32607,46.75,-6.0,2024-06-01 06:00:00,0.13722967,-0.07113603,4353989.159796485,-457622.70099545474,0.0
4024,109.7293,46.75,-6.0,2024-06-01 06:00:00,0.12522526,-0.06455264,4353989.159796485,-457622.70099545474,0.0
4204,130.666,46.75,-6.0,2024-06-01 06:00:00,0.11094742,-0.059714105,4353989.159796485,-457622.70099545474,0.0
4384,155.8507,46.75,-6.0,2024-06-01 06:00:00,0.10096587,-0.064795144,4353989.159796485,-457622.70099545474,0.0
4564,186.1256,46.75,-6.0,2024-06-01 06:00:00,0.097056314,-0.06732931,4353989.159796485,-457622.70099545474,0.0
4744,222.4752,46.75,-6.0,2024-06-01 06:00:00,0.08758277,-0.07182662,4353989.159796485,-457622.70099545474,0.0
4924,266.0403,46.75,-6.0,2024-06-01 06:00:00,0.07838468,-0.07019674,4353989.159796485,-457622.70099545474,0.0
5104,318.1274,46.75,-6.0,2024-06-01 06:00:00,0.06827607,-0.06540585,4353989.159796485,-457622.70099545474,0.0
5284,380.213,46.75,-6.0,2024-06-01 06:00:00,0.062871665,-0.05869788,4353989.159796485,-457622.70099545474,0.0
5464,453.9377,46.75,-6.0,2024-06-01 06:00:00,0.05880547,-0.06303956,4353989.159796485,-457622.70099545474,0.0
5644,541.0889,46.75,-6.0,2024-06-01 06:00:00,0.05531782,-0.06550185,4353989.159796485,-457622.70099545474,0.0
5824,643.5668,46.75,-6.0,2024-06-01 06:00:00,0.04948325,-0.0764387,4353989.159796485,-457622.70099545474,0.0
6004,763.3331,46.75,-6.0,2024-06-01 06:00:00,0.044050727,-0.0902701,4353989.159796485,-457622.70099545474,0.0
6184,902.3393,46.75,-6.0,2024-06-01 06:00:00,0.04676064,-0.11386171,4353989.159796485,-457622.70099545474,0.0
73,0.494025,46.833336,-6.25,2024-06-01 06:00:00,0.114089444,-0.0625798,4345238.723142079,-475881.0361998027,0.0
253,1.541375,46.833336,-6.25,2024-06-01 06:00:00,0.11671394,-0.058621347,4345238.723142079,-475881.0361998027,0.0
433,2.645669,46.833336,-6.25,2024-06-01 06:00:00,0.119445756,-0.054844387,4345238.723142079,-475881.0361998027,0.0
613,3.819495,46.833336,-6.25,2024-06-01 06:00:00,0.12221097,-0.051330544,4345238.723142079,-475881.0361998027,0.0
793,5.078224,46.833336,-6.25,2024-06-01 06:00:00,0.12496926,-0.048106965,4345238.723142079,-475881.0361998027,0.0
973,6.440614,46.833336,-6.25,2024-06-01 06:00:00,0.1277032,-0.045172937,4345238.723142079,-475881.0361998027,0.0
1153,7.92956,46.833336,-6.25,2024-06-01 06:00:00,0.1304075,-0.042518057,4345238.723142079,-475881.0361998027,0.0
1333,9.572997,46.833336,-6.25,2024-06-01 06:00:00,0.13308103,-0.040133636,4345238.723142079,-475881.0361998027,0.0
1513,11.405,46.833336,-6.25,2024-06-01 06:00:00,0.13572595,-0.038016133,4345238.723142079,-475881.0361998027,0.0
1693,13.46714,46.833336,-6.25,2024-06-01 06:00:00,0.13834506,-0.036175206,4345238.723142079,-475881.0361998027,0.0
1873,15.81007,46.833336,-6.25,2024-06-01 06:00:00,0.14109848,-0.03458224,4345238.723142079,-475881.0361998027,0.0
2053,18.49556,46.833336,-6.25,2024-06-01 06:00:00,0.14472075,-0.033186987,4345238.723142079,-475881.0361998027,0.0
2233,21.59882,46.833336,-6.25,2024-06-01 06:00:00,0.16138162,-0.03318263,4345238.723142079,-475881.0361998027,0.0
2413,25.21141,46.833336,-6.25,2024-06-01 06:00:00,0.17992736,-0.06719209,4345238.723142079,-475881.0361998027,0.0
2593,29.44473,46.833336,-6.25,2024-06-01 06:00:00,0.14853525,-0.08924265,4345238.723142079,-475881.0361998027,0.0
2773,34.43415,46.833336,-6.25,2024-06-01 06:00:00,0.14136139,-0.10796743,4345238.723142079,-475881.0361998027,0.0
2953,40.34405,46.833336,-6.25,2024-06-01 06:00:00,0.13357954,-0.11770821,4345238.723142079,-475881.0361998027,0.0
3133,47.37369,46.833336,-6.25,2024-06-01 06:00:00,0.12793773,-0.1105029,4345238.723142079,-475881.0361998027,0.0
3313,55.76429,46.833336,-6.25,2024-06-01 06:00:00,0.12809272,-0.09437312,4345238.723142079,-475881.0361998027,0.0
3493,65.80727,46.833336,-6.25,2024-06-01 06:00:00,0.1265184,-0.08761417,4345238.723142079,-475881.0361998027,0.0
3673,77.85385,46.833336,-6.25,2024-06-01 06:00:00,0.122859776,-0.09061755,4345238.723142079,-475881.0361998027,0.0
3853,92.32607,46.833336,-6.25,2024-06-01 06:00:00,0.113478296,-0.0899717,4345238.723142079,-475881.0361998027,0.0
4033,109.7293,46.833336,-6.25,2024-06-01 06:00:00,0.099721916,-0.0747904,4345238.723142079,-475881.0361998027,0.0
4213,130.666,46.833336,-6.25,2024-06-01 06:00:00,0.08333965,-0.062019397,4345238.723142079,-475881.0361998027,0.0
4393,155.8507,46.833336,-6.25,2024-06-01 06:00:00,0.07383249,-0.052894488,4345238.723142079,-475881.0361998027,0.0
4573,186.1256,46.833336,-6.25,2024-06-01 06:00:00,0.07285885,-0.044858623,4345238.723142079,-475881.0361998027,0.0
4753,222.4752,46.833336,-6.25,2024-06-01 06:00:00,0.06518336,-0.04351872,4345238.723142079,-475881.0361998027,0.0
4933,266.0403,46.833336,-6.25,2024-06-01 06:00:00,0.06384599,-0.04683958,4345238.723142079,-475881.0361998027,0.0
5113,318.1274,46.833336,-6.25,2024-06-01 06:00:00,0.058175396,-0.052560344,4345238.723142079,-475881.0361998027,0.0
5293,380.213,46.833336,-6.25,2024-06-01 06:00:00,0.049037784,-0.056154214,4345238.723142079,-475881.0361998027,0.0
5473,453.9377,46.833336,-6.25,2024-06-01 06:00:00,0.04222969,-0.041311864,4345238.723142079,-475881.0361998027,0.0
5653,541.0889,46.833336,-6.25,2024-06-01 06:00:00,0.041110452,-0.035536442,4345238.723142079,-475881.0361998027,0.0
5833,643.5668,46.833336,-6.25,2024-06-01 06:00:00,0.047814913,-0.0637192,4345238.723142079,-475881.0361998027,0.0
6013,763.3331,46.833336,-6.25,2024-06-01 06:00:00,0.053307038,-0.083218604,4345238.723142079,-475881.0361998027,0.0
6193,902.3393,46.833336,-6.25,2024-06-01 06:00:00,0.07849938,-0.102183096,4345238.723142079,-475881.0361998027,0.0
82,0.494025,46.833336,-6.1666565,2024-06-01 06:00:00,0.13321827,-0.057511892,4345926.351221016,-469559.8699535443,0.0
262,1.541375,46.833336,-6.1666565,2024-06-01 06:00:00,0.13591428,-0.05356522,4345926.351221016,-469559.8699535443,0.0
442,2.645669,46.833336,-6.1666565,2024-06-01 06:00:00,0.1387319,-0.04979445,4345926.351221016,-469559.8699535443,0.0
622,3.819495,46.833336,-6.1666565,2024-06-01 06:00:00,0.14159526,-0.04628089,4345926.351221016,-469559.8699535443,0.0
802,5.078224,46.833336,-6.1666565,2024-06-01 06:00:00,0.14446478,-0.04305023,4345926.351221016,-469559.8699535443,0.0
982,6.440614,46.833336,-6.1666565,2024-06-01 06:00:00,0.14732607,-0.040099673,4345926.351221016,-469559.8699535443,0.0
1162,7.92956,46.833336,-6.1666565,2024-06-01 06:00:00,0.15017888,-0.037416838,4345926.351221016,-469559.8699535443,0.0
1342,9.572997,46.833336,-6.1666565,2024-06-01 06:00:00,0.15302934,-0.034991577,4345926.351221016,-469559.8699535443,0.0
1522,11.405,46.833336,-6.1666565,2024-06-01 06:00:00,0.15587491,-0.032822106,4345926.351221016,-469559.8699535443,0.0
1702,13.46714,46.833336,-6.1666565,2024-06-01 06:00:00,0.15876997,-0.030914089,4345926.351221016,-469559.8699535443,0.0
1882,15.81007,46.833336,-6.1666565,2024-06-01 06:00:00,0.1618915,-0.029251669,4345926.351221016,-469559.8699535443,0.0
2062,18.49556,46.833336,-6.1666565,2024-06-01 06:00:00,0.16612141,-0.027823612,4345926.351221016,-469559.8699535443,0.0
2242,21.59882,46.833336,-6.1666565,2024-06-01 06:00:00,0.18381456,-0.027409168,4345926.351221016,-469559.8699535443,0.0
2422,25.21141,46.833336,-6.1666565,2024-06-01 06:00:00,0.20878638,-0.061748646,4345926.351221016,-469559.8699535443,0.0
2602,29.44473,46.833336,-6.1666565,2024-06-01 06:00:00,0.16953932,-0.08418147,4345926.351221016,-469559.8699535443,0.0
2782,34.43415,46.833336,-6.1666565,2024-06-01 06:00:00,0.16388105,-0.105566084,4345926.351221016,-469559.8699535443,0.0
2962,40.34405,46.833336,-6.1666565,2024-06-01 06:00:00,0.15579447,-0.116565645,4345926.351221016,-469559.8699535443,0.0
3142,47.37369,46.833336,-6.1666565,2024-06-01 06:00:00,0.14952947,-0.11098638,4345926.351221016,-469559.8699535443,0.0
3322,55.76429,46.833336,-6.1666565,2024-06-01 06:00:00,0.1501405,-0.09906622,4345926.351221016,-469559.8699535443,0.0
3502,65.80727,46.833336,-6.1666565,2024-06-01 06:00:00,0.15065926,-0.09344524,4345926.351221016,-469559.8699535443,0.0
3682,77.85385,46.833336,-6.1666565,2024-06-01 06:00:00,0.15042686,-0.09431575,4345926.351221016,-469559.8699535443,0.0
3862,92.32607,46.833336,-6.1666565,2024-06-01 06:00:00,0.14184728,-0.09341964,4345926.351221016,-469559.8699535443,0.0
4042,109.7293,46.833336,-6.1666565,2024-06-01 06:00:00,0.12461873,-0.081945665,4345926.351221016,-469559.8699535443,0.0
4222,130.666,46.833336,-6.1666565,2024-06-01 06:00:00,0.10469498,-0.07213083,4345926.351221016,-469559.8699535443,0.0
4402,155.8507,46.833336,-6.1666565,2024-06-01 06:00:00,0.09200974,-0.065911405,4345926.351221016,-469559.8699535443,0.0
4582,186.1256,46.833336,-6.1666565,2024-06-01 06:00:00,0.08904434,-0.059176963,4345926.351221016,-469559.8699535443,0.0
4762,222.4752,46.833336,-6.1666565,2024-06-01 06:00:00,0.07942871,-0.057036392,4345926.351221016,-469559.8699535443,0.0
4942,266.0403,46.833336,-6.1666565,2024-06-01 06:00:00,0.07076721,-0.057014827,4345926.351221016,-469559.8699535443,0.0
5122,318.1274,46.833336,-6.1666565,2024-06-01 06:00:00,0.06845916,-0.06498083,4345926.351221016,-469559.8699535443,0.0
5302,380.213,46.833336,-6.1666565,2024-06-01 06:00:00,0.058487445,-0.06487154,4345926.351221016,-469559.8699535443,0.0
5482,453.9377,46.833336,-6.1666565,2024-06-01 06:00:00,0.05294997,-0.0517789,4345926.351221016,-469559.8699535443,0.0
5662,541.0889,46.833336,-6.1666565,2024-06-01 06:00:00,0.054943115,-0.050412476,4345926.351221016,-469559.8699535443,0.0
5842,643.5668,46.833336,-6.1666565,2024-06-01 06:00:00,0.05534737,-0.080357805,4345926.351221016,-469559.8699535443,0.0
6022,763.3331,46.833336,-6.1666565,2024-06-01 06:00:00,0.052491747,-0.100471996,4345926.351221016,-469559.8699535443,0.0
6202,902.3393,46.833336,-6.1666565,2024-06-01 06:00:00,0.06995434,-0.119804904,4345926.351221016,-469559.8699535443,0.0
91,0.494025,46.833336,-6.0833282,2024-06-01 06:00:00,0.14400357,-0.059497923,4346604.66032198,-463238.86772943556,0.0
271,1.541375,46.833336,-6.0833282,2024-06-01 06:00:00,0.14678074,-0.055544067,4346604.66032198,-463238.86772943556,0.0
451,2.645669,46.833336,-6.0833282,2024-06-01 06:00:00,0.1497103,-0.051756285,4346604.66032198,-463238.86772943556,0.0
631,3.819495,46.833336,-6.0833282,2024-06-01 06:00:00,0.15271081,-0.048219394,4346604.66032198,-463238.86772943556,0.0
811,5.078224,46.833336,-6.0833282,2024-06-01 06:00:00,0.15573901,-0.044961244,4346604.66032198,-463238.86772943556,0.0
991,6.440614,46.833336,-6.0833282,2024-06-01 06:00:00,0.15878116,-0.04197825,4346604.66032198,-463238.86772943556,0.0
1171,7.92956,46.833336,-6.0833282,2024-06-01 06:00:00,0.16184235,-0.03925496,4346604.66032198,-463238.86772943556,0.0
1351,9.572997,46.833336,-6.0833282,2024-06-01 06:00:00,0.16493765,-0.036777377,4346604.66032198,-463238.86772943556,0.0
1531,11.405,46.833336,-6.0833282,2024-06-01 06:00:00,0.16807012,-0.034551725,4346604.66032198,-463238.86772943556,0.0
1711,13.46714,46.833336,-6.0833282,2024-06-01 06:00:00,0.17132318,-0.03255757,4346604.66032198,-463238.86772943556,0.0
1891,15.81007,46.833336,-6.0833282,2024-06-01 06:00:00,0.17487076,-0.030809082,4346604.66032198,-463238.86772943556,0.0
2071,18.49556,46.833336,-6.0833282,2024-06-01 06:00:00,0.179502,-0.029313521,4346604.66032198,-463238.86772943556,0.0
2251,21.59882,46.833336,-6.0833282,2024-06-01 06:00:00,0.19301735,-0.028750148,4346604.66032198,-463238.86772943556,0.0
2431,25.21141,46.833336,-6.0833282,2024-06-01 06:00:00,0.22866392,-0.059282094,4346604.66032198,-463238.86772943556,0.0
2611,29.44473,46.833336,-6.0833282,2024-06-01 06:00:00,0.18118763,-0.0864929,4346604.66032198,-463238.86772943556,0.0
2791,34.43415,46.833336,-6.0833282,2024-06-01 06:00:00,0.1757353,-0.11028405,4346604.66032198,-463238.86772943556,0.0
2971,40.34405,46.833336,-6.0833282,2024-06-01 06:00:00,0.16983958,-0.12349003,4346604.66032198,-463238.86772943556,0.0
3151,47.37369,46.833336,-6.0833282,2024-06-01 06:00:00,0.1648415,-0.11986174,4346604.66032198,-463238.86772943556,0.0
3331,55.76429,46.833336,-6.0833282,2024-06-01 06:00:00,0.16650987,-0.11068704,4346604.66032198,-463238.86772943556,0.0
3511,65.80727,46.833336,-6.0833282,2024-06-01 06:00:00,0.168966,-0.1057966,4346604.66032198,-463238.86772943556,0.0
3691,77.85385,46.833336,-6.0833282,2024-06-01 06:00:00,0.16862427,-0.1032948,4346604.66032198,-463238.86772943556,0.0
3871,92.32607,46.833336,-6.0833282,2024-06-01 06:00:00,0.16072442,-0.09953087,4346604.66032198,-463238.86772943556,0.0
4051,109.7293,46.833336,-6.0833282,2024-06-01 06:00:00,0.1400921,-0.08944018,4346604.66032198,-463238.86772943556,0.0
4231,130.666,46.833336,-6.0833282,2024-06-01 06:00:00,0.11275144,-0.081578046,4346604.66032198,-463238.86772943556,0.0
4411,155.8507,46.833336,-6.0833282,2024-06-01 06:00:00,0.09858952,-0.0765024,4346604.66032198,-463238.86772943556,0.0
4591,186.1256,46.833336,-6.0833282,2024-06-01 06:00:00,0.09390792,-0.07045318,4346604.66032198,-463238.86772943556,0.0
4771,222.4752,46.833336,-6.0833282,2024-06-01 06:00:00,0.08468401,-0.071615994,4346604.66032198,-463238.86772943556,0.0
4951,266.0403,46.833336,-6.0833282,2024-06-01 06:00:00,0.07571397,-0.074874066,4346604.66032198,-463238.86772943556,0.0
5131,318.1274,46.833336,-6.0833282,2024-06-01 06:00:00,0.074136265,-0.07578247,4346604.66032198,-463238.86772943556,0.0
5311,380.213,46.833336,-6.0833282,2024-06-01 06:00:00,0.061063036,-0.07103038,4346604.66032198,-463238.86772943556,0.0
5491,453.9377,46.833336,-6.0833282,2024-06-01 06:00:00,0.06424453,-0.063739106,4346604.66032198,-463238.86772943556,0.0
5671,541.0889,46.833336,-6.0833282,2024-06-01 06:00:00,0.070663854,-0.066400275,4346604.66032198,-463238.86772943556,0.0
5851,643.5668,46.833336,-6.0833282,2024-06-01 06:00:00,0.05257718,-0.07441775,4346604.66032198,-463238.86772943556,0.0
6031,763.3331,46.833336,-6.0833282,2024-06-01 06:00:00,0.049922295,-0.09064044,4346604.66032198,-463238.86772943556,0.0
6211,902.3393,46.833336,-6.0833282,2024-06-01 06:00:00,0.032655958,-0.11571205,4346604.66032198,-463238.86772943556,0.0
100,0.494025,46.833336,-6.0,2024-06-01 06:00:00,0.12319399,-0.06000386,4347273.775744883,-456916.88569019584,0.0
280,1.541375,46.833336,-6.0,2024-06-01 06:00:00,0.12602825,-0.055998594,4347273.775744883,-456916.88569019584,0.0
460,2.645669,46.833336,-6.0,2024-06-01 06:00:00,0.12905765,-0.05215048,4347273.775744883,-456916.88569019584,0.0
640,3.819495,46.833336,-6.0,2024-06-01 06:00:00,0.13218813,-0.048557557,4347273.775744883,-456916.88569019584,0.0
820,5.078224,46.833336,-6.0,2024-06-01 06:00:00,0.13536358,-0.045258556,4347273.775744883,-456916.88569019584,0.0
1000,6.440614,46.833336,-6.0,2024-06-01 06:00:00,0.13856299,-0.04225378,4347273.775744883,-456916.88569019584,0.0
1180,7.92956,46.833336,-6.0,2024-06-01 06:00:00,0.14178957,-0.039526712,4347273.775744883,-456916.88569019584,0.0
1360,9.572997,46.833336,-6.0,2024-06-01 06:00:00,0.1450577,-0.037061688,4347273.775744883,-456916.88569019584,0.0
1540,11.405,46.833336,-6.0,2024-06-01 06:00:00,0.14838178,-0.034853127,4347273.775744883,-456916.88569019584,0.0
1720,13.46714,46.833336,-6.0,2024-06-01 06:00:00,0.15178809,-0.032911688,4347273.775744883,-456916.88569019584,0.0
1900,15.81007,46.833336,-6.0,2024-06-01 06:00:00,0.15539524,-0.031255364,4347273.775744883,-456916.88569019584,0.0
2080,18.49556,46.833336,-6.0,2024-06-01 06:00:00,0.15959156,-0.029932069,4347273.775744883,-456916.88569019584,0.0
2260,21.59882,46.833336,-6.0,2024-06-01 06:00:00,0.16750145,-0.029174086,4347273.775744883,-456916.88569019584,0.0
2440,25.21141,46.833336,-6.0,2024-06-01 06:00:00,0.22142647,-0.04677893,4347273.775744883,-456916.88569019584,0.0
2620,29.44473,46.833336,-6.0,2024-06-01 06:00:00,0.17935951,-0.082740255,4347273.775744883,-456916.88569019584,0.0
2800,34.43415,46.833336,-6.0,2024-06-01 06:00:00,0.17682843,-0.11455285,4347273.775744883,-456916.88569019584,0.0
2980,40.34405,46.833336,-6.0,2024-06-01 06:00:00,0.17596664,-0.1351318,4347273.775744883,-456916.88569019584,0.0
3160,47.37369,46.833336,-6.0,2024-06-01 06:00:00,0.17441607,-0.1353908,4347273.775744883,-456916.88569019584,0.0
3340,55.76429,46.833336,-6.0,2024-06-01 06:00:00,0.17775594,-0.12672442,4347273.775744883,-456916.88569019584,0.0
3520,65.80727,46.833336,-6.0,2024-06-01 06:00:00,0.18161257,-0.119141266,4347273.775744883,-456916.88569019584,0.0
3700,77.85385,46.833336,-6.0,2024-06-01 06:00:00,0.17933466,-0.10948903,4347273.775744883,-456916.88569019584,0.0
3880,92.32607,46.833336,-6.0,2024-06-01 06:00:00,0.17000626,-0.098792404,4347273.775744883,-456916.88569019584,0.0
4060,109.7293,46.833336,-6.0,2024-06-01 06:00:00,0.1459681,-0.08816025,4347273.775744883,-456916.88569019584,0.0
4240,130.666,46.833336,-6.0,2024-06-01 06:00:00,0.11497664,-0.08278892,4347273.775744883,-456916.88569019584,0.0
4420,155.8507,46.833336,-6.0,2024-06-01 06:00:00,0.09944272,-0.07993891,4347273.775744883,-456916.88569019584,0.0
4600,186.1256,46.833336,-6.0,2024-06-01 06:00:00,0.092779025,-0.075312026,4347273.775744883,-456916.88569019584,0.0
4780,222.4752,46.833336,-6.0,2024-06-01 06:00:00,0.08118572,-0.07533874,4347273.775744883,-456916.88569019584,0.0
4960,266.0403,46.833336,-6.0,2024-06-01 06:00:00,0.0675537,-0.07657038,4347273.775744883,-456916.88569019584,0.0
5140,318.1274,46.833336,-6.0,2024-06-01 06:00:00,0.06733966,-0.07478879,4347273.775744883,-456916.88569019584,0.0
5320,380.213,46.833336,-6.0,2024-06-01 06:00:00,0.06595252,-0.07057324,4347273.775744883,-456916.88569019584,0.0
5500,453.9377,46.833336,-6.0,2024-06-01 06:00:00,0.06788869,-0.07568523,4347273.775744883,-456916.88569019584,0.0
5680,541.0889,46.833336,-6.0,2024-06-01 06:00:00,0.08793375,-0.08431624,4347273.775744883,-456916.88569019584,0.0
5860,643.5668,46.833336,-6.0,2024-06-01 06:00:00,0.05673161,-0.07616264,4347273.775744883,-456916.88569019584,0.0
6040,763.3331,46.833336,-6.0,2024-06-01 06:00:00,0.03371093,-0.07671065,4347273.775744883,-456916.88569019584,0.0
6220,902.3393,46.833336,-6.0,2024-06-01 06:00:00,0.0074080345,-0.096289136,4347273.775744883,-456916.88569019584,0.0
109,0.494025,46.91667,-6.25,2024-06-01 06:00:00,0.098528,-0.046331275,4338517.220887722,-475144.9119816816,0.0
289,1.541375,46.91667,-6.25,2024-06-01 06:00:00,0.1011539,-0.04231524,4338517.220887722,-475144.9119816816,0.0
469,2.645669,46.91667,-6.25,2024-06-01 06:00:00,0.10391141,-0.038479663,4338517.220887722,-475144.9119816816,0.0
649,3.819495,46.91667,-6.25,2024-06-01 06:00:00,0.10672514,-0.034909993,4338517.220887722,-475144.9119816816,0.0
829,5.078224,46.91667,-6.25,2024-06-01 06:00:00,0.10955282,-0.031635907,4338517.220887722,-475144.9119816816,0.0
1009,6.440614,46.91667,-6.25,2024-06-01 06:00:00,0.11237718,-0.02865497,4338517.220887722,-475144.9119816816,0.0
1189,7.92956,46.91667,-6.25,2024-06-01 06:00:00,0.115196235,-0.025952011,4338517.220887722,-475144.9119816816,0.0
1369,9.572997,46.91667,-6.25,2024-06-01 06:00:00,0.11801419,-0.02351327,4338517.220887722,-475144.9119816816,0.0
1549,11.405,46.91667,-6.25,2024-06-01 06:00:00,0.12084073,-0.021331709,4338517.220887722,-475144.9119816816,0.0
1729,13.46714,46.91667,-6.25,2024-06-01 06:00:00,0.123682044,-0.019435965,4338517.220887722,-475144.9119816816,0.0
1909,15.81007,46.91667,-6.25,2024-06-01 06:00:00,0.12669705,-0.017776266,4338517.220887722,-475144.9119816816,0.0
2089,18.49556,46.91667,-6.25,2024-06-01 06:00:00,0.13068998,-0.016330376,4338517.220887722,-475144.9119816816,0.0
2269,21.59882,46.91667,-6.25,2024-06-01 06:00:00,0.1454552,-0.017046206,4338517.220887722,-475144.9119816816,0.0
2449,25.21141,46.91667,-6.25,2024-06-01 06:00:00,0.15382607,-0.071045935,4338517.220887722,-475144.9119816816,0.0
2629,29.44473,46.91667,-6.25,2024-06-01 06:00:00,0.13990702,-0.093072385,4338517.220887722,-475144.9119816816,0.0
2809,34.43415,46.91667,-6.25,2024-06-01 06:00:00,0.13981874,-0.1310797,4338517.220887722,-475144.9119816816,0.0
2989,40.34405,46.91667,-6.25,2024-06-01 06:00:00,0.13723326,-0.16196494,4338517.220887722,-475144.9119816816,0.0
3169,47.37369,46.91667,-6.25,2024-06-01 06:00:00,0.13487397,-0.16141972,4338517.220887722,-475144.9119816816,0.0
3349,55.76429,46.91667,-6.25,2024-06-01 06:00:00,0.13970459,-0.14344159,4338517.220887722,-475144.9119816816,0.0
3529,65.80727,46.91667,-6.25,2024-06-01 06:00:00,0.14215781,-0.13002676,4338517.220887722,-475144.9119816816,0.0
3709,77.85385,46.91667,-6.25,2024-06-01 06:00:00,0.14199257,-0.12537494,4338517.220887722,-475144.9119816816,0.0
3889,92.32607,46.91667,-6.25,2024-06-01 06:00:00,0.13361001,-0.12184968,4338517.220887722,-475144.9119816816,0.0
4069,109.7293,46.91667,-6.25,2024-06-01 06:00:00,0.11702906,-0.10572898,4338517.220887722,-475144.9119816816,0.0
4249,130.666,46.91667,-6.25,2024-06-01 06:00:00,0.101317875,-0.08992411,4338517.220887722,-475144.9119816816,0.0
4429,155.8507,46.91667,-6.25,2024-06-01 06:00:00,0.10066429,-0.076213375,4338517.220887722,-475144.9119816816,0.0
4609,186.1256,46.91667,-6.25,2024-06-01 06:00:00,0.10969384,-0.062122475,4338517.220887722,-475144.9119816816,0.0
4789,222.4752,46.91667,-6.25,2024-06-01 06:00:00,0.10583046,-0.06336998,4338517.220887722,-475144.9119816816,0.0
4969,266.0403,46.91667,-6.25,2024-06-01 06:00:00,0.097230405,-0.06698353,4338517.220887722,-475144.9119816816,0.0
5149,318.1274,46.91667,-6.25,2024-06-01 06:00:00,0.08954494,-0.06779761,4338517.220887722,-475144.9119816816,0.0
5329,380.213,46.91667,-6.25,2024-06-01 06:00:00,0.076658115,-0.06719972,4338517.220887722,-475144.9119816816,0.0
5509,453.9377,46.91667,-6.25,2024-06-01 06:00:00,0.079783134,-0.059151378,4338517.220887722,-475144.9119816816,0.0
5689,541.0889,46.91667,-6.25,2024-06-01 06:00:00,0.089078724,-0.054063547,4338517.220887722,-475144.9119816816,0.0
5869,643.5668,46.91667,-6.25,2024-06-01 06:00:00,0.09285274,-0.07736799,4338517.220887722,-475144.9119816816,0.0
6049,763.3331,46.91667,-6.25,2024-06-01 06:00:00,0.09331172,-0.08382828,4338517.220887722,-475144.9119816816,0.0
6229,902.3393,46.91667,-6.25,2024-06-01 06:00:00,0.09722093,-0.10740944,4338517.220887722,-475144.9119816816,0.0
118,0.494025,46.91667,-6.1666565,2024-06-01 06:00:00,0.077453785,-0.020617424,4339203.78529813,-468833.52373287774,0.0
298,1.541375,46.91667,-6.1666565,2024-06-01 06:00:00,0.08010561,-0.01658054,4339203.78529813,-468833.52373287774,0.0
478,2.645669,46.91667,-6.1666565,2024-06-01 06:00:00,0.08290962,-0.012718344,4339203.78529813,-468833.52373287774,0.0
658,3.819495,46.91667,-6.1666565,2024-06-01 06:00:00,0.085789524,-0.009115581,4339203.78529813,-468833.52373287774,0.0
838,5.078224,46.91667,-6.1666565,2024-06-01 06:00:00,0.088702664,-0.005800936,4339203.78529813,-468833.52373287774,0.0
1018,6.440614,46.91667,-6.1666565,2024-06-01 06:00:00,0.091632165,-0.0027720828,4339203.78529813,-468833.52373287774,0.0
1198,7.92956,46.91667,-6.1666565,2024-06-01 06:00:00,0.09457713,-1.508696e-05,4339203.78529813,-468833.52373287774,0.0
1378,9.572997,46.91667,-6.1666565,2024-06-01 06:00:00,0.09754372,0.0024816212,4339203.78529813,-468833.52373287774,0.0
1558,11.405,46.91667,-6.1666565,2024-06-01 06:00:00,0.10054216,0.004720692,4339203.78529813,-468833.52373287774,0.0
1738,13.46714,46.91667,-6.1666565,2024-06-01 06:00:00,0.10358553,0.0066876137,4339203.78529813,-468833.52373287774,0.0
1918,15.81007,46.91667,-6.1666565,2024-06-01 06:00:00,0.1067718,0.008368638,4339203.78529813,-468833.52373287774,0.0
2098,18.49556,46.91667,-6.1666565,2024-06-01 06:00:00,0.110522665,0.009734002,4339203.78529813,-468833.52373287774,0.0
2278,21.59882,46.91667,-6.1666565,2024-06-01 06:00:00,0.11829315,0.010069633,4339203.78529813,-468833.52373287774,0.0
2458,25.21141,46.91667,-6.1666565,2024-06-01 06:00:00,0.14178325,-0.026930198,4339203.78529813,-468833.52373287774,0.0
2638,29.44473,46.91667,-6.1666565,2024-06-01 06:00:00,0.120432995,-0.053260695,4339203.78529813,-468833.52373287774,0.0
2818,34.43415,46.91667,-6.1666565,2024-06-01 06:00:00,0.12453278,-0.09142666,4339203.78529813,-468833.52373287774,0.0
2998,40.34405,46.91667,-6.1666565,2024-06-01 06:00:00,0.12419451,-0.12978785,4339203.78529813,-468833.52373287774,0.0
3178,47.37369,46.91667,-6.1666565,2024-06-01 06:00:00,0.121125706,-0.13754456,4339203.78529813,-468833.52373287774,0.0
3358,55.76429,46.91667,-6.1666565,2024-06-01 06:00:00,0.122394204,-0.12589622,4339203.78529813,-468833.52373287774,0.0
3538,65.80727,46.91667,-6.1666565,2024-06-01 06:00:00,0.12346796,-0.11609355,4339203.78529813,-468833.52373287774,0.0
3718,77.85385,46.91667,-6.1666565,2024-06-01 06:00:00,0.12430602,-0.108738415,4339203.78529813,-468833.52373287774,0.0
3898,92.32607,46.91667,-6.1666565,2024-06-01 06:00:00,0.12131998,-0.10425293,4339203.78529813,-468833.52373287774,0.0
4078,109.7293,46.91667,-6.1666565,2024-06-01 06:00:00,0.11072377,-0.095876284,4339203.78529813,-468833.52373287774,0.0
4258,130.666,46.91667,-6.1666565,2024-06-01 06:00:00,0.09923825,-0.08712532,4339203.78529813,-468833.52373287774,0.0
4438,155.8507,46.91667,-6.1666565,2024-06-01 06:00:00,0.10171416,-0.08105481,4339203.78529813,-468833.52373287774,0.0
4618,186.1256,46.91667,-6.1666565,2024-06-01 06:00:00,0.10983173,-0.07104023,4339203.78529813,-468833.52373287774,0.0
4798,222.4752,46.91667,-6.1666565,2024-06-01 06:00:00,0.1046481,-0.06981962,4339203.78529813,-468833.52373287774,0.0
4978,266.0403,46.91667,-6.1666565,2024-06-01 06:00:00,0.096954875,-0.069530495,4339203.78529813,-468833.52373287774,0.0
5158,318.1274,46.91667,-6.1666565,2024-06-01 06:00:00,0.0891982,-0.07363038,4339203.78529813,-468833.52373287774,0.0
5338,380.213,46.91667,-6.1666565,2024-06-01 06:00:00,0.08108566,-0.071372755,4339203.78529813,-468833.52373287774,0.0
5518,453.9377,46.91667,-6.1666565,2024-06-01 06:00:00,0.0841028,-0.0671547,4339203.78529813,-468833.52373287774,0.0
5698,541.0889,46.91667,-6.1666565,2024-06-01 06:00:00,0.096650325,-0.058795378,4339203.78529813,-468833.52373287774,0.0
5878,643.5668,46.91667,-6.1666565,2024-06-01 06:00:00,0.08641427,-0.0760102,4339203.78529813,-468833.52373287774,0.0
6058,763.3331,46.91667,-6.1666565,2024-06-01 06:00:00,0.08241077,-0.092531264,4339203.78529813,-468833.52373287774,0.0
6238,902.3393,46.91667,-6.1666565,2024-06-01 06:00:00,0.07486536,-0.08969782,4339203.78529813,-468833.52373287774,0.0
127,0.494025,46.91667,-6.0833282,2024-06-01 06:00:00,0.035971116,-0.014255712,4339881.045145775,-462522.2992525033,0.0
307,1.541375,46.91667,-6.0833282,2024-06-01 06:00:00,0.038653843,-0.010196928,4339881.045145775,-462522.2992525033,0.0
487,2.645669,46.91667,-6.0833282,2024-06-01 06:00:00,0.04152693,-0.006321417,4339881.045145775,-462522.2992525033,0.0
667,3.819495,46.91667,-6.0833282,2024-06-01 06:00:00,0.044507362,-0.0027194787,4339881.045145775,-462522.2992525033,0.0
847,5.078224,46.91667,-6.0833282,2024-06-01 06:00:00,0.047542743,0.00057519856,4339881.045145775,-462522.2992525033,0.0
1027,6.440614,46.91667,-6.0833282,2024-06-01 06:00:00,0.05060728,0.0035622795,4339881.045145775,-462522.2992525033,0.0
1207,7.92956,46.91667,-6.0833282,2024-06-01 06:00:00,0.053693417,0.0062553375,4339881.045145775,-462522.2992525033,0.0
1387,9.572997,46.91667,-6.0833282,2024-06-01 06:00:00,0.056801457,0.008666864,4339881.045145775,-462522.2992525033,0.0
1567,11.405,46.91667,-6.0833282,2024-06-01 06:00:00,0.0599326,0.010799078,4339881.045145775,-462522.2992525033,0.0
1747,13.46714,46.91667,-6.0833282,2024-06-01 06:00:00,0.06308948,0.01264293,4339881.045145775,-462522.2992525033,0.0
1927,15.81007,46.91667,-6.0833282,2024-06-01 06:00:00,0.06628861,0.014164027,4339881.045145775,-462522.2992525033,0.0
2107,18.49556,46.91667,-6.0833282,2024-06-01 06:00:00,0.06964267,0.015294584,4339881.045145775,-462522.2992525033,0.0
2287,21.59882,46.91667,-6.0833282,2024-06-01 06:00:00,0.07376278,0.015717939,4339881.045145775,-462522.2992525033,0.0
2467,25.21141,46.91667,-6.0833282,2024-06-01 06:00:00,0.0848744,0.007806946,4339881.045145775,-462522.2992525033,0.0
2647,29.44473,46.91667,-6.0833282,2024-06-01 06:00:00,0.08327695,-0.026182726,4339881.045145775,-462522.2992525033,0.0
2827,34.43415,46.91667,-6.0833282,2024-06-01 06:00:00,0.091996886,-0.06687118,4339881.045145775,-462522.2992525033,0.0
3007,40.34405,46.91667,-6.0833282,2024-06-01 06:00:00,0.09685999,-0.10586817,4339881.045145775,-462522.2992525033,0.0
3187,47.37369,46.91667,-6.0833282,2024-06-01 06:00:00,0.098726876,-0.11555616,4339881.045145775,-462522.2992525033,0.0
3367,55.76429,46.91667,-6.0833282,2024-06-01 06:00:00,0.10293664,-0.10982614,4339881.045145775,-462522.2992525033,0.0
3547,65.80727,46.91667,-6.0833282,2024-06-01 06:00:00,0.10815066,-0.10661613,4339881.045145775,-462522.2992525033,0.0
3727,77.85385,46.91667,-6.0833282,2024-06-01 06:00:00,0.108970255,-0.10312465,4339881.045145775,-462522.2992525033,0.0
3907,92.32607,46.91667,-6.0833282,2024-06-01 06:00:00,0.10643852,-0.09806255,4339881.045145775,-462522.2992525033,0.0
4087,109.7293,46.91667,-6.0833282,2024-06-01 06:00:00,0.10004691,-0.093265556,4339881.045145775,-462522.2992525033,0.0
4267,130.666,46.91667,-6.0833282,2024-06-01 06:00:00,0.09186123,-0.08797086,4339881.045145775,-462522.2992525033,0.0
4447,155.8507,46.91667,-6.0833282,2024-06-01 06:00:00,0.09814444,-0.07669538,4339881.045145775,-462522.2992525033,0.0
4627,186.1256,46.91667,-6.0833282,2024-06-01 06:00:00,0.103349134,-0.06431555,4339881.045145775,-462522.2992525033,0.0
4807,222.4752,46.91667,-6.0833282,2024-06-01 06:00:00,0.09273826,-0.06424626,4339881.045145775,-462522.2992525033,0.0
4987,266.0403,46.91667,-6.0833282,2024-06-01 06:00:00,0.08389172,-0.06841412,4339881.045145775,-462522.2992525033,0.0
5167,318.1274,46.91667,-6.0833282,2024-06-01 06:00:00,0.077103704,-0.073543265,4339881.045145775,-462522.2992525033,0.0
5347,380.213,46.91667,-6.0833282,2024-06-01 06:00:00,0.08012259,-0.07413511,4339881.045145775,-462522.2992525033,0.0
5527,453.9377,46.91667,-6.0833282,2024-06-01 06:00:00,0.08516313,-0.07561116,4339881.045145775,-462522.2992525033,0.0
5707,541.0889,46.91667,-6.0833282,2024-06-01 06:00:00,0.089091666,-0.075668246,4339881.045145775,-462522.2992525033,0.0
5887,643.5668,46.91667,-6.0833282,2024-06-01 06:00:00,0.07675831,-0.062760875,4339881.045145775,-462522.2992525033,0.0
6067,763.3331,46.91667,-6.0833282,2024-06-01 06:00:00,0.061289713,-0.071507335,4339881.045145775,-462522.2992525033,0.0
6247,902.3393,46.91667,-6.0833282,2024-06-01 06:00:00,0.050511885,-0.07009396,4339881.045145775,-462522.2992525033,0.0
136,0.494025,46.91667,-6.0,2024-06-01 06:00:00,-0.017667918,0.0054076957,4340549.125536747,-456210.0964726406,0.0
316,1.541375,46.91667,-6.0,2024-06-01 06:00:00,-0.015000963,0.009540297,4340549.125536747,-456210.0964726406,0.0
496,2.645669,46.91667,-6.0,2024-06-01 06:00:00,-0.012122209,0.013495483,4340549.125536747,-456210.0964726406,0.0
676,3.819495,46.91667,-6.0,2024-06-01 06:00:00,-0.0091288155,0.017164523,4340549.125536747,-456210.0964726406,0.0
856,5.078224,46.91667,-6.0,2024-06-01 06:00:00,-0.006091507,0.020496195,4340549.125536747,-456210.0964726406,0.0
1036,6.440614,46.91667,-6.0,2024-06-01 06:00:00,-0.0030512968,0.023482116,4340549.125536747,-456210.0964726406,0.0
1216,7.92956,46.91667,-6.0,2024-06-01 06:00:00,-2.7008471e-05,0.026137188,4340549.125536747,-456210.0964726406,0.0
1396,9.572997,46.91667,-6.0,2024-06-01 06:00:00,0.002971761,0.02848213,4340549.125536747,-456210.0964726406,0.0
1576,11.405,46.91667,-6.0,2024-06-01 06:00:00,0.0059349155,0.030534117,4340549.125536747,-456210.0964726406,0.0
1756,13.46714,46.91667,-6.0,2024-06-01 06:00:00,0.008846966,0.032303758,4340549.125536747,-456210.0964726406,0.0
1936,15.81007,46.91667,-6.0,2024-06-01 06:00:00,0.011683102,0.033794947,4340549.125536747,-456210.0964726406,0.0
2116,18.49556,46.91667,-6.0,2024-06-01 06:00:00,0.014421276,0.035005756,4340549.125536747,-456210.0964726406,0.0
2296,21.59882,46.91667,-6.0,2024-06-01 06:00:00,0.017056428,0.035927,4340549.125536747,-456210.0964726406,0.0
2476,25.21141,46.91667,-6.0,2024-06-01 06:00:00,0.019857839,0.036554143,4340549.125536747,-456210.0964726406,0.0
2656,29.44473,46.91667,-6.0,2024-06-01 06:00:00,0.033278633,0.006355153,4340549.125536747,-456210.0964726406,0.0
2836,34.43415,46.91667,-6.0,2024-06-01 06:00:00,0.04506799,-0.03797942,4340549.125536747,-456210.0964726406,0.0
3016,40.34405,46.91667,-6.0,2024-06-01 06:00:00,0.050502546,-0.076540165,4340549.125536747,-456210.0964726406,0.0
3196,47.37369,46.91667,-6.0,2024-06-01 06:00:00,0.052812137,-0.092043474,4340549.125536747,-456210.0964726406,0.0
3376,55.76429,46.91667,-6.0,2024-06-01 06:00:00,0.058492206,-0.090407096,4340549.125536747,-456210.0964726406,0.0
3556,65.80727,46.91667,-6.0,2024-06-01 06:00:00,0.06739827,-0.08407119,4340549.125536747,-456210.0964726406,0.0
3736,77.85385,46.91667,-6.0,2024-06-01 06:00:00,0.0712283,-0.076488376,4340549.125536747,-456210.0964726406,0.0
3916,92.32607,46.91667,-6.0,2024-06-01 06:00:00,0.07089658,-0.06617428,4340549.125536747,-456210.0964726406,0.0
4096,109.7293,46.91667,-6.0,2024-06-01 06:00:00,0.070469946,-0.06692002,4340549.125536747,-456210.0964726406,0.0
4276,130.666,46.91667,-6.0,2024-06-01 06:00:00,0.066253684,-0.07743481,4340549.125536747,-456210.0964726406,0.0
4456,155.8507,46.91667,-6.0,2024-06-01 06:00:00,0.07803988,-0.073174275,4340549.125536747,-456210.0964726406,0.0
4636,186.1256,46.91667,-6.0,2024-06-01 06:00:00,0.08666989,-0.060549274,4340549.125536747,-456210.0964726406,0.0
4816,222.4752,46.91667,-6.0,2024-06-01 06:00:00,0.07883233,-0.05565676,4340549.125536747,-456210.0964726406,0.0
4996,266.0403,46.91667,-6.0,2024-06-01 06:00:00,0.06440913,-0.054124467,4340549.125536747,-456210.0964726406,0.0
5176,318.1274,46.91667,-6.0,2024-06-01 06:00:00,0.06161369,-0.062192403,4340549.125536747,-456210.0964726406,0.0
5356,380.213,46.91667,-6.0,2024-06-01 06:00:00,0.071094185,-0.07362668,4340549.125536747,-456210.0964726406,0.0
5536,453.9377,46.91667,-6.0,2024-06-01 06:00:00,0.072785646,-0.07322987,4340549.125536747,-456210.0964726406,0.0
5716,541.0889,46.91667,-6.0,2024-06-01 06:00:00,0.07606529,-0.07829323,4340549.125536747,-456210.0964726406,0.0
5896,643.5668,46.91667,-6.0,2024-06-01 06:00:00,0.06531656,-0.06993178,4340549.125536747,-456210.0964726406,0.0
6076,763.3331,46.91667,-6.0,2024-06-01 06:00:00,0.03950677,-0.048916865,4340549.125536747,-456210.0964726406,0.0
6256,902.3393,46.91667,-6.0,2024-06-01 06:00:00,0.019960677,-0.058144677,4340549.125536747,-456210.0964726406,0.0
145,0.494025,47.0,-6.25,2024-06-01 06:00:00,0.04396979,0.0009988386,4331787.087405169,-474407.8424903363,0.0
325,1.541375,47.0,-6.25,2024-06-01 06:00:00,0.046582166,0.0051063513,4331787.087405169,-474407.8424903363,0.0
505,2.645669,47.0,-6.25,2024-06-01 06:00:00,0.049364127,0.009042264,4331787.087405169,-474407.8424903363,0.0
685,3.819495,47.0,-6.25,2024-06-01 06:00:00,0.052229207,0.012706878,4331787.087405169,-474407.8424903363,0.0
865,5.078224,47.0,-6.25,2024-06-01 06:00:00,0.055117287,0.01605612,4331787.087405169,-474407.8424903363,0.0
1045,6.440614,47.0,-6.25,2024-06-01 06:00:00,0.05799415,0.019084375,4331787.087405169,-474407.8424903363,0.0
1225,7.92956,47.0,-6.25,2024-06-01 06:00:00,0.06084397,0.02180507,4331787.087405169,-474407.8424903363,0.0
1405,9.572997,47.0,-6.25,2024-06-01 06:00:00,0.063658096,0.024234116,4331787.087405169,-474407.8424903363,0.0
1585,11.405,47.0,-6.25,2024-06-01 06:00:00,0.066427484,0.026381489,4331787.087405169,-474407.8424903363,0.0
1765,13.46714,47.0,-6.25,2024-06-01 06:00:00,0.069132075,0.02822725,4331787.087405169,-474407.8424903363,0.0
1945,15.81007,47.0,-6.25,2024-06-01 06:00:00,0.07176956,0.029794559,4331787.087405169,-474407.8424903363,0.0
2125,18.49556,47.0,-6.25,2024-06-01 06:00:00,0.07435995,0.031033484,4331787.087405169,-474407.8424903363,0.0
2305,21.59882,47.0,-6.25,2024-06-01 06:00:00,0.07728984,0.03172948,4331787.087405169,-474407.8424903363,0.0
2485,25.21141,47.0,-6.25,2024-06-01 06:00:00,0.086471155,0.029327866,4331787.087405169,-474407.8424903363,0.0
2665,29.44473,47.0,-6.25,2024-06-01 06:00:00,0.09006236,-0.020002106,4331787.087405169,-474407.8424903363,0.0
2845,34.43415,47.0,-6.25,2024-06-01 06:00:00,0.08673504,-0.080863394,4331787.087405169,-474407.8424903363,0.0
3025,40.34405,47.0,-6.25,2024-06-01 06:00:00,0.07127106,-0.12088581,4331787.087405169,-474407.8424903363,0.0
3205,47.37369,47.0,-6.25,2024-06-01 06:00:00,0.0631168,-0.124388404,4331787.087405169,-474407.8424903363,0.0
3385,55.76429,47.0,-6.25,2024-06-01 06:00:00,0.070380956,-0.10933843,4331787.087405169,-474407.8424903363,0.0
3565,65.80727,47.0,-6.25,2024-06-01 06:00:00,0.08361447,-0.08990999,4331787.087405169,-474407.8424903363,0.0
3745,77.85385,47.0,-6.25,2024-06-01 06:00:00,0.09890647,-0.078333855,4331787.087405169,-474407.8424903363,0.0
3925,92.32607,47.0,-6.25,2024-06-01 06:00:00,0.101624966,-0.0761754,4331787.087405169,-474407.8424903363,0.0
4105,109.7293,47.0,-6.25,2024-06-01 06:00:00,0.08807333,-0.069481425,4331787.087405169,-474407.8424903363,0.0
4285,130.666,47.0,-6.25,2024-06-01 06:00:00,0.08184165,-0.070012085,4331787.087405169,-474407.8424903363,0.0
4465,155.8507,47.0,-6.25,2024-06-01 06:00:00,0.087963134,-0.06520126,4331787.087405169,-474407.8424903363,0.0
4645,186.1256,47.0,-6.25,2024-06-01 06:00:00,0.0868733,-0.053901747,4331787.087405169,-474407.8424903363,0.0
4825,222.4752,47.0,-6.25,2024-06-01 06:00:00,0.078398034,-0.062278956,4331787.087405169,-474407.8424903363,0.0
5005,266.0403,47.0,-6.25,2024-06-01 06:00:00,0.08084526,-0.06831731,4331787.087405169,-474407.8424903363,0.0
5185,318.1274,47.0,-6.25,2024-06-01 06:00:00,0.076796226,-0.072823256,4331787.087405169,-474407.8424903363,0.0
5365,380.213,47.0,-6.25,2024-06-01 06:00:00,0.07924459,-0.07665115,4331787.087405169,-474407.8424903363,0.0
5545,453.9377,47.0,-6.25,2024-06-01 06:00:00,0.09511437,-0.07655759,4331787.087405169,-474407.8424903363,0.0
5725,541.0889,47.0,-6.25,2024-06-01 06:00:00,0.1024012,-0.06002443,4331787.087405169,-474407.8424903363,0.0
5905,643.5668,47.0,-6.25,2024-06-01 06:00:00,0.10192093,-0.061593443,4331787.087405169,-474407.8424903363,0.0
6085,763.3331,47.0,-6.25,2024-06-01 06:00:00,0.10409279,-0.07211763,4331787.087405169,-474407.8424903363,0.0
6265,902.3393,47.0,-6.25,2024-06-01 06:00:00,0.1024591,-0.07160957,4331787.087405169,-474407.8424903363,0.0
154,0.494025,47.0,-6.1666565,2024-06-01 06:00:00,0.010232901,0.022420228,4332472.586781167,-468106.2447951276,0.0
334,1.541375,47.0,-6.1666565,2024-06-01 06:00:00,0.012816968,0.026556833,4332472.586781167,-468106.2447951276,0.0
514,2.645669,47.0,-6.1666565,2024-06-01 06:00:00,0.015569301,0.030516034,4332472.586781167,-468106.2447951276,0.0
694,3.819495,47.0,-6.1666565,2024-06-01 06:00:00,0.018400889,0.03419512,4332472.586781167,-468106.2447951276,0.0
874,5.078224,47.0,-6.1666565,2024-06-01 06:00:00,0.021247063,0.037547328,4332472.586781167,-468106.2447951276,0.0
1054,6.440614,47.0,-6.1666565,2024-06-01 06:00:00,0.024068711,0.040565655,4332472.586781167,-468106.2447951276,0.0
1234,7.92956,47.0,-6.1666565,2024-06-01 06:00:00,0.026845342,0.043263316,4332472.586781167,-468106.2447951276,0.0
1414,9.572997,47.0,-6.1666565,2024-06-01 06:00:00,0.029563764,0.045656726,4332472.586781167,-468106.2447951276,0.0
1594,11.405,47.0,-6.1666565,2024-06-01 06:00:00,0.032210346,0.04775724,4332472.586781167,-468106.2447951276,0.0
1774,13.46714,47.0,-6.1666565,2024-06-01 06:00:00,0.03476605,0.04956886,4332472.586781167,-468106.2447951276,0.0
1954,15.81007,47.0,-6.1666565,2024-06-01 06:00:00,0.037210792,0.051082835,4332472.586781167,-468106.2447951276,0.0
2134,18.49556,47.0,-6.1666565,2024-06-01 06:00:00,0.039539665,0.052295193,4332472.586781167,-468106.2447951276,0.0
2314,21.59882,47.0,-6.1666565,2024-06-01 06:00:00,0.041893113,0.053127542,4332472.586781167,-468106.2447951276,0.0
2494,25.21141,47.0,-6.1666565,2024-06-01 06:00:00,0.046389867,0.0529225,4332472.586781167,-468106.2447951276,0.0
2674,29.44473,47.0,-6.1666565,2024-06-01 06:00:00,0.046035897,0.019581588,4332472.586781167,-468106.2447951276,0.0
2854,34.43415,47.0,-6.1666565,2024-06-01 06:00:00,0.046404447,-0.031443518,4332472.586781167,-468106.2447951276,0.0
3034,40.34405,47.0,-6.1666565,2024-06-01 06:00:00,0.03624111,-0.07570606,4332472.586781167,-468106.2447951276,0.0
3214,47.37369,47.0,-6.1666565,2024-06-01 06:00:00,0.030204058,-0.08621377,4332472.586781167,-468106.2447951276,0.0
3394,55.76429,47.0,-6.1666565,2024-06-01 06:00:00,0.035335936,-0.0766051,4332472.586781167,-468106.2447951276,0.0
3574,65.80727,47.0,-6.1666565,2024-06-01 06:00:00,0.048830543,-0.061473865,4332472.586781167,-468106.2447951276,0.0
3754,77.85385,47.0,-6.1666565,2024-06-01 06:00:00,0.06322614,-0.05169009,4332472.586781167,-468106.2447951276,0.0
3934,92.32607,47.0,-6.1666565,2024-06-01 06:00:00,0.0657879,-0.05049127,4332472.586781167,-468106.2447951276,0.0
4114,109.7293,47.0,-6.1666565,2024-06-01 06:00:00,0.0577379,-0.051855188,4332472.586781167,-468106.2447951276,0.0
4294,130.666,47.0,-6.1666565,2024-06-01 06:00:00,0.0540741,-0.05960459,4332472.586781167,-468106.2447951276,0.0
4474,155.8507,47.0,-6.1666565,2024-06-01 06:00:00,0.06526801,-0.06046631,4332472.586781167,-468106.2447951276,0.0
4654,186.1256,47.0,-6.1666565,2024-06-01 06:00:00,0.06772988,-0.05110081,4332472.586781167,-468106.2447951276,0.0
4834,222.4752,47.0,-6.1666565,2024-06-01 06:00:00,0.053763293,-0.05407664,4332472.586781167,-468106.2447951276,0.0
5014,266.0403,47.0,-6.1666565,2024-06-01 06:00:00,0.05884724,-0.05924143,4332472.586781167,-468106.2447951276,0.0
5194,318.1274,47.0,-6.1666565,2024-06-01 06:00:00,0.06506607,-0.066762574,4332472.586781167,-468106.2447951276,0.0
5374,380.213,47.0,-6.1666565,2024-06-01 06:00:00,0.073581085,-0.07211934,4332472.586781167,-468106.2447951276,0.0
5554,453.9377,47.0,-6.1666565,2024-06-01 06:00:00,0.08752173,-0.0715037,4332472.586781167,-468106.2447951276,0.0
5734,541.0889,47.0,-6.1666565,2024-06-01 06:00:00,0.08891326,-0.060032014,4332472.586781167,-468106.2447951276,0.0
5914,643.5668,47.0,-6.1666565,2024-06-01 06:00:00,0.08560707,-0.050906762,4332472.586781167,-468106.2447951276,0.0
6094,763.3331,47.0,-6.1666565,2024-06-01 06:00:00,0.08381681,-0.059929974,4332472.586781167,-468106.2447951276,0.0
6274,902.3393,47.0,-6.1666565,2024-06-01 06:00:00,0.07457822,-0.041333515,4332472.586781167,-468106.2447951276,0.0
163,0.494025,47.0,-6.0833282,2024-06-01 06:00:00,-0.031699765,0.037863668,4333148.796028124,-461804.81061430223,0.0
343,1.541375,47.0,-6.0833282,2024-06-01 06:00:00,-0.02914975,0.042054504,4333148.796028124,-461804.81061430223,0.0
523,2.645669,47.0,-6.0833282,2024-06-01 06:00:00,-0.026421085,0.046069484,4333148.796028124,-461804.81061430223,0.0
703,3.819495,47.0,-6.0833282,2024-06-01 06:00:00,-0.023608852,0.04979548,4333148.796028124,-461804.81061430223,0.0
883,5.078224,47.0,-6.0833282,2024-06-01 06:00:00,-0.020785758,0.053177096,4333148.796028124,-461804.81061430223,0.0
1063,6.440614,47.0,-6.0833282,2024-06-01 06:00:00,-0.017996076,0.05620511,4333148.796028124,-461804.81061430223,0.0
1243,7.92956,47.0,-6.0833282,2024-06-01 06:00:00,-0.01526225,0.0588952,4333148.796028124,-461804.81061430223,0.0
1423,9.572997,47.0,-6.0833282,2024-06-01 06:00:00,-0.012597967,0.061268166,4333148.796028124,-461804.81061430223,0.0
1603,11.405,47.0,-6.0833282,2024-06-01 06:00:00,-0.010017123,0.06334038,4333148.796028124,-461804.81061430223,0.0
1783,13.46714,47.0,-6.0833282,2024-06-01 06:00:00,-0.00753814,0.065121405,4333148.796028124,-461804.81061430223,0.0
1963,15.81007,47.0,-6.0833282,2024-06-01 06:00:00,-0.0051860474,0.0666141,4333148.796028124,-461804.81061430223,0.0
2143,18.49556,47.0,-6.0833282,2024-06-01 06:00:00,-0.0029856018,0.067819364,4333148.796028124,-461804.81061430223,0.0
2323,21.59882,47.0,-6.0833282,2024-06-01 06:00:00,-0.0009280564,0.06873434,4333148.796028124,-461804.81061430223,0.0
2503,25.21141,47.0,-6.0833282,2024-06-01 06:00:00,0.0014428378,0.06915772,4333148.796028124,-461804.81061430223,0.0
2683,29.44473,47.0,-6.0833282,2024-06-01 06:00:00,0.005061401,0.047749106,4333148.796028124,-461804.81061430223,0.0
2863,34.43415,47.0,-6.0833282,2024-06-01 06:00:00,0.010495836,0.007194887,4333148.796028124,-461804.81061430223,0.0
3043,40.34405,47.0,-6.0833282,2024-06-01 06:00:00,0.004829061,-0.030654218,4333148.796028124,-461804.81061430223,0.0
3223,47.37369,47.0,-6.0833282,2024-06-01 06:00:00,0.0004883788,-0.046475098,4333148.796028124,-461804.81061430223,0.0
3403,55.76429,47.0,-6.0833282,2024-06-01 06:00:00,0.0027036592,-0.048558988,4333148.796028124,-461804.81061430223,0.0
3583,65.80727,47.0,-6.0833282,2024-06-01 06:00:00,0.009932244,-0.042152412,4333148.796028124,-461804.81061430223,0.0
3763,77.85385,47.0,-6.0833282,2024-06-01 06:00:00,0.016314806,-0.039325345,4333148.796028124,-461804.81061430223,0.0
3943,92.32607,47.0,-6.0833282,2024-06-01 06:00:00,0.013475778,-0.035935998,4333148.796028124,-461804.81061430223,0.0
4123,109.7293,47.0,-6.0833282,2024-06-01 06:00:00,0.014274256,-0.03651373,4333148.796028124,-461804.81061430223,0.0
4303,130.666,47.0,-6.0833282,2024-06-01 06:00:00,0.019885778,-0.04333109,4333148.796028124,-461804.81061430223,0.0
4483,155.8507,47.0,-6.0833282,2024-06-01 06:00:00,0.033453662,-0.036166284,4333148.796028124,-461804.81061430223,0.0
4663,186.1256,47.0,-6.0833282,2024-06-01 06:00:00,0.040996667,-0.031554617,4333148.796028124,-461804.81061430223,0.0
4843,222.4752,47.0,-6.0833282,2024-06-01 06:00:00,0.03749146,-0.030339476,4333148.796028124,-461804.81061430223,0.0
5023,266.0403,47.0,-6.0833282,2024-06-01 06:00:00,0.038117457,-0.036519427,4333148.796028124,-461804.81061430223,0.0
5203,318.1274,47.0,-6.0833282,2024-06-01 06:00:00,0.044896677,-0.04374273,4333148.796028124,-461804.81061430223,0.0
5383,380.213,47.0,-6.0833282,2024-06-01 06:00:00,0.061495278,-0.05697913,4333148.796028124,-461804.81061430223,0.0
5563,453.9377,47.0,-6.0833282,2024-06-01 06:00:00,0.062393364,-0.064502805,4333148.796028124,-461804.81061430223,0.0
5743,541.0889,47.0,-6.0833282,2024-06-01 06:00:00,0.069299445,-0.058235053,4333148.796028124,-461804.81061430223,0.0
5923,643.5668,47.0,-6.0833282,2024-06-01 06:00:00,0.06546346,-0.0441353,4333148.796028124,-461804.81061430223,0.0
6103,763.3331,47.0,-6.0833282,2024-06-01 06:00:00,0.061554678,-0.033037025,4333148.796028124,-461804.81061430223,0.0
6283,902.3393,47.0,-6.0833282,2024-06-01 06:00:00,0.0549939,-0.031219963,4333148.796028124,-461804.81061430223,0.0
172,0.494025,47.0,-6.0,2024-06-01 06:00:00,-0.07049434,0.04265199,4333815.840058059,-455502.3996515776,0.0
352,1.541375,47.0,-6.0,2024-06-01 06:00:00,-0.067992374,0.04693958,4333815.840058059,-455502.3996515776,0.0
532,2.645669,47.0,-6.0,2024-06-01 06:00:00,-0.06529671,0.051053926,4333815.840058059,-455502.3996515776,0.0
712,3.819495,47.0,-6.0,2024-06-01 06:00:00,-0.0625149,0.054858416,4333815.840058059,-455502.3996515776,0.0
892,5.078224,47.0,-6.0,2024-06-01 06:00:00,-0.059732657,0.058281075,4333815.840058059,-455502.3996515776,0.0
1072,6.440614,47.0,-6.0,2024-06-01 06:00:00,-0.057000116,0.061310854,4333815.840058059,-455502.3996515776,0.0
1252,7.92956,47.0,-6.0,2024-06-01 06:00:00,-0.054339714,0.06397025,4333815.840058059,-455502.3996515776,0.0
1432,9.572997,47.0,-6.0,2024-06-01 06:00:00,-0.051762655,0.06628867,4333815.840058059,-455502.3996515776,0.0
1612,11.405,47.0,-6.0,2024-06-01 06:00:00,-0.049279775,0.06829039,4333815.840058059,-455502.3996515776,0.0
1792,13.46714,47.0,-6.0,2024-06-01 06:00:00,-0.046906855,0.06999151,4333815.840058059,-455502.3996515776,0.0
1972,15.81007,47.0,-6.0,2024-06-01 06:00:00,-0.044667482,0.07140023,4333815.840058059,-455502.3996515776,0.0
2152,18.49556,47.0,-6.0,2024-06-01 06:00:00,-0.042590044,0.07251769,4333815.840058059,-455502.3996515776,0.0
2332,21.59882,47.0,-6.0,2024-06-01 06:00:00,-0.040654022,0.073357396,4333815.840058059,-455502.3996515776,0.0
2512,25.21141,47.0,-6.0,2024-06-01 06:00:00,-0.02360787,0.0656774,4333815.840058059,-455502.3996515776,0.0
2692,29.44473,47.0,-6.0,2024-06-01 06:00:00,-0.027324624,0.066236906,4333815.840058059,-455502.3996515776,0.0
2872,34.43415,47.0,-6.0,2024-06-01 06:00:00,-0.01881231,0.049569637,4333815.840058059,-455502.3996515776,0.0
3052,40.34405,47.0,-6.0,2024-06-01 06:00:00,-0.021364855,0.02776297,4333815.840058059,-455502.3996515776,0.0
3232,47.37369,47.0,-6.0,2024-06-01 06:00:00,-0.026366381,0.020993467,4333815.840058059,-455502.3996515776,0.0
3412,55.76429,47.0,-6.0,2024-06-01 06:00:00,-0.029094549,0.023171041,4333815.840058059,-455502.3996515776,0.0
3592,65.80727,47.0,-6.0,2024-06-01 06:00:00,-0.032671865,0.02418943,4333815.840058059,-455502.3996515776,0.0
3772,77.85385,47.0,-6.0,2024-06-01 06:00:00,-0.03659998,0.014766066,4333815.840058059,-455502.3996515776,0.0
3952,92.32607,47.0,-6.0,2024-06-01 06:00:00,-0.04419305,0.0061770948,4333815.840058059,-455502.3996515776,0.0
4132,109.7293,47.0,-6.0,2024-06-01 06:00:00,-0.03699254,-0.0036729104,4333815.840058059,-455502.3996515776,0.0
4312,130.666,47.0,-6.0,2024-06-01 06:00:00,-0.023983484,-0.01846086,4333815.840058059,-455502.3996515776,0.0
4492,155.8507,47.0,-6.0,2024-06-01 06:00:00,-0.0100602945,-0.009337758,4333815.840058059,-455502.3996515776,0.0
4672,186.1256,47.0,-6.0,2024-06-01 06:00:00,0.0016296727,-0.002581462,4333815.840058059,-455502.3996515776,0.0
4852,222.4752,47.0,-6.0,2024-06-01 06:00:00,0.018170273,-0.012224116,4333815.840058059,-455502.3996515776,0.0
5032,266.0403,47.0,-6.0,2024-06-01 06:00:00,0.02963309,-0.033220593,4333815.840058059,-455502.3996515776,0.0
5212,318.1274,47.0,-6.0,2024-06-01 06:00:00,0.033551525,-0.045242146,4333815.840058059,-455502.3996515776,0.0
5392,380.213,47.0,-6.0,2024-06-01 06:00:00,0.03644982,-0.029297678,4333815.840058059,-455502.3996515776,0.0
5572,453.9377,47.0,-6.0,2024-06-01 06:00:00,0.023120595,-0.02839445,4333815.840058059,-455502.3996515776,0.0
5752,541.0889,47.0,-6.0,2024-06-01 06:00:00,0.04100859,-0.044442944,4333815.840058059,-455502.3996515776,0.0
5932,643.5668,47.0,-6.0,2024-06-01 06:00:00,0.04396151,-0.04484656,4333815.840058059,-455502.3996515776,0.0
6112,763.3331,47.0,-6.0,2024-06-01 06:00:00,0.041279837,-0.026748851,4333815.840058059,-455502.3996515776,0.0
6292,902.3393,47.0,-6.0,2024-06-01 06:00:00,0.038917147,-0.005214569,4333815.840058059,-455502.3996515776,0.0
2,0.494025,46.66667,-6.25,2024-06-01 12:00:00,0.03247673,0.013855017,4358653.3150161095,-477350.1729464703,0.0
182,1.541375,46.66667,-6.25,2024-06-01 12:00:00,0.035880223,0.017928753,4358653.3150161095,-477350.1729464703,0.0
362,2.645669,46.66667,-6.25,2024-06-01 12:00:00,0.03946642,0.021725079,4358653.3150161095,-477350.1729464703,0.0
542,3.819495,46.66667,-6.25,2024-06-01 12:00:00,0.043812513,0.025639227,4358653.3150161095,-477350.1729464703,0.0
722,5.078224,46.66667,-6.25,2024-06-01 12:00:00,0.053995084,0.03254418,4358653.3150161095,-477350.1729464703,0.0
902,6.440614,46.66667,-6.25,2024-06-01 12:00:00,0.07453319,0.040797617,4358653.3150161095,-477350.1729464703,0.0
1082,7.92956,46.66667,-6.25,2024-06-01 12:00:00,0.09540148,0.042218655,4358653.3150161095,-477350.1729464703,0.0
1262,9.572997,46.66667,-6.25,2024-06-01 12:00:00,0.107079,0.037758254,4358653.3150161095,-477350.1729464703,0.0
1442,11.405,46.66667,-6.25,2024-06-01 12:00:00,0.11159066,0.032569848,4358653.3150161095,-477350.1729464703,0.0
1622,13.46714,46.66667,-6.25,2024-06-01 12:00:00,0.113122605,0.027907532,4358653.3150161095,-477350.1729464703,0.0
1802,15.81007,46.66667,-6.25,2024-06-01 12:00:00,0.11279871,0.02394003,4358653.3150161095,-477350.1729464703,0.0
1982,18.49556,46.66667,-6.25,2024-06-01 12:00:00,0.11111126,0.020625375,4358653.3150161095,-477350.1729464703,0.0
2162,21.59882,46.66667,-6.25,2024-06-01 12:00:00,0.107456304,0.017034763,4358653.3150161095,-477350.1729464703,0.0
2342,25.21141,46.66667,-6.25,2024-06-01 12:00:00,0.09640229,0.010422278,4358653.3150161095,-477350.1729464703,0.0
2522,29.44473,46.66667,-6.25,2024-06-01 12:00:00,0.09695749,0.011346299,4358653.3150161095,-477350.1729464703,0.0
2702,34.43415,46.66667,-6.25,2024-06-01 12:00:00,0.08150553,0.010189623,4358653.3150161095,-477350.1729464703,0.0
2882,40.34405,46.66667,-6.25,2024-06-01 12:00:00,0.056570124,0.02408341,4358653.3150161095,-477350.1729464703,0.0
3062,47.37369,46.66667,-6.25,2024-06-01 12:00:00,0.044997986,0.032046948,4358653.3150161095,-477350.1729464703,0.0
3242,55.76429,46.66667,-6.25,2024-06-01 12:00:00,0.034875873,0.031175915,4358653.3150161095,-477350.1729464703,0.0
3422,65.80727,46.66667,-6.25,2024-06-01 12:00:00,0.028352708,0.029258251,4358653.3150161095,-477350.1729464703,0.0
3602,77.85385,46.66667,-6.25,2024-06-01 12:00:00,0.030715464,0.027156834,4358653.3150161095,-477350.1729464703,0.0
3782,92.32607,46.66667,-6.25,2024-06-01 12:00:00,0.029609578,0.017025124,4358653.3150161095,-477350.1729464703,0.0
3962,109.7293,46.66667,-6.25,2024-06-01 12:00:00,0.027875664,0.0025832006,4358653.3150161095,-477350.1729464703,0.0
4142,130.666,46.66667,-6.25,2024-06-01 12:00:00,0.025387052,-0.0040974403,4358653.3150161095,-477350.1729464703,0.0
4322,155.8507,46.66667,-6.25,2024-06-01 12:00:00,0.017383711,-0.007652819,4358653.3150161095,-477350.1729464703,0.0
4502,186.1256,46.66667,-6.25,2024-06-01 12:00:00,0.00021449348,-0.0012313979,4358653.3150161095,-477350.1729464703,0.0
4682,222.4752,46.66667,-6.25,2024-06-01 12:00:00,-0.013319928,0.0025886574,4358653.3150161095,-477350.1729464703,0.0
4862,266.0403,46.66667,-6.25,2024-06-01 12:00:00,-0.031222979,0.00534459,4358653.3150161095,-477350.1729464703,0.0
5042,318.1274,46.66667,-6.25,2024-06-01 12:00:00,-0.03362673,0.010227422,4358653.3150161095,-477350.1729464703,0.0
5222,380.213,46.66667,-6.25,2024-06-01 12:00:00,-0.0382379,0.011822324,4358653.3150161095,-477350.1729464703,0.0
5402,453.9377,46.66667,-6.25,2024-06-01 12:00:00,-0.035221435,0.0111572035,4358653.3150161095,-477350.1729464703,0.0
5582,541.0889,46.66667,-6.25,2024-06-01 12:00:00,-0.023217825,-0.0014444477,4358653.3150161095,-477350.1729464703,0.0
5762,643.5668,46.66667,-6.25,2024-06-01 12:00:00,-0.04383293,-0.013903601,4358653.3150161095,-477350.1729464703,0.0
5942,763.3331,46.66667,-6.25,2024-06-01 12:00:00,-0.04176917,-0.023211492,4358653.3150161095,-477350.1729464703,0.0
6122,902.3393,46.66667,-6.25,2024-06-01 12:00:00,0.014113414,-0.06575513,4358653.3150161095,-477350.1729464703,0.0
11,0.494025,46.66667,-6.1666565,2024-06-01 12:00:00,0.059650216,-0.0021312498,4359343.065935845,-471009.49203812674,0.0
191,1.541375,46.66667,-6.1666565,2024-06-01 12:00:00,0.06301266,0.0019664979,4359343.065935845,-471009.49203812674,0.0
371,2.645669,46.66667,-6.1666565,2024-06-01 12:00:00,0.06656428,0.0057806787,4359343.065935845,-471009.49203812674,0.0
551,3.819495,46.66667,-6.1666565,2024-06-01 12:00:00,0.07083537,0.009698801,4359343.065935845,-471009.49203812674,0.0
731,5.078224,46.66667,-6.1666565,2024-06-01 12:00:00,0.08048447,0.016520323,4359343.065935845,-471009.49203812674,0.0
911,6.440614,46.66667,-6.1666565,2024-06-01 12:00:00,0.10061763,0.024977416,4359343.065935845,-471009.49203812674,0.0
1091,7.92956,46.66667,-6.1666565,2024-06-01 12:00:00,0.12280641,0.027135324,4359343.065935845,-471009.49203812674,0.0
1271,9.572997,46.66667,-6.1666565,2024-06-01 12:00:00,0.13626266,0.023142237,4359343.065935845,-471009.49203812674,0.0
1451,11.405,46.66667,-6.1666565,2024-06-01 12:00:00,0.14164354,0.018230258,4359343.065935845,-471009.49203812674,0.0
1631,13.46714,46.66667,-6.1666565,2024-06-01 12:00:00,0.14383227,0.013747839,4359343.065935845,-471009.49203812674,0.0
1811,15.81007,46.66667,-6.1666565,2024-06-01 12:00:00,0.14435327,0.009761706,4359343.065935845,-471009.49203812674,0.0
1991,18.49556,46.66667,-6.1666565,2024-06-01 12:00:00,0.14299211,0.00618174,4359343.065935845,-471009.49203812674,0.0
2171,21.59882,46.66667,-6.1666565,2024-06-01 12:00:00,0.14155842,0.00378701,4359343.065935845,-471009.49203812674,0.0
2351,25.21141,46.66667,-6.1666565,2024-06-01 12:00:00,0.13958114,-0.013187475,4359343.065935845,-471009.49203812674,0.0
2531,29.44473,46.66667,-6.1666565,2024-06-01 12:00:00,0.13408029,-0.007959864,4359343.065935845,-471009.49203812674,0.0
2711,34.43415,46.66667,-6.1666565,2024-06-01 12:00:00,0.1258386,-0.016217936,4359343.065935845,-471009.49203812674,0.0
2891,40.34405,46.66667,-6.1666565,2024-06-01 12:00:00,0.111576065,-0.0066639194,4359343.065935845,-471009.49203812674,0.0
3071,47.37369,46.66667,-6.1666565,2024-06-01 12:00:00,0.10599421,-0.0014203237,4359343.065935845,-471009.49203812674,0.0
3251,55.76429,46.66667,-6.1666565,2024-06-01 12:00:00,0.102887996,-0.0052651656,4359343.065935845,-471009.49203812674,0.0
3431,65.80727,46.66667,-6.1666565,2024-06-01 12:00:00,0.09956976,-0.010138815,4359343.065935845,-471009.49203812674,0.0
3611,77.85385,46.66667,-6.1666565,2024-06-01 12:00:00,0.09647398,-0.012712272,4359343.065935845,-471009.49203812674,0.0
3791,92.32607,46.66667,-6.1666565,2024-06-01 12:00:00,0.08999039,-0.018711168,4359343.065935845,-471009.49203812674,0.0
3971,109.7293,46.66667,-6.1666565,2024-06-01 12:00:00,0.08432352,-0.02804247,4359343.065935845,-471009.49203812674,0.0
4151,130.666,46.66667,-6.1666565,2024-06-01 12:00:00,0.06900548,-0.030397212,4359343.065935845,-471009.49203812674,0.0
4331,155.8507,46.66667,-6.1666565,2024-06-01 12:00:00,0.042610615,-0.027206298,4359343.065935845,-471009.49203812674,0.0
4511,186.1256,46.66667,-6.1666565,2024-06-01 12:00:00,0.0072695883,-0.014375564,4359343.065935845,-471009.49203812674,0.0
4691,222.4752,46.66667,-6.1666565,2024-06-01 12:00:00,-0.018770603,-0.0037158905,4359343.065935845,-471009.49203812674,0.0
4871,266.0403,46.66667,-6.1666565,2024-06-01 12:00:00,-0.027809128,0.0018725788,4359343.065935845,-471009.49203812674,0.0
5051,318.1274,46.66667,-6.1666565,2024-06-01 12:00:00,-0.02815869,0.006274865,4359343.065935845,-471009.49203812674,0.0
5231,380.213,46.66667,-6.1666565,2024-06-01 12:00:00,-0.03282695,0.005140862,4359343.065935845,-471009.49203812674,0.0
5411,453.9377,46.66667,-6.1666565,2024-06-01 12:00:00,-0.025370996,-0.00058575196,4359343.065935845,-471009.49203812674,0.0
5591,541.0889,46.66667,-6.1666565,2024-06-01 12:00:00,-0.0124022,-0.017721955,4359343.065935845,-471009.49203812674,0.0
5771,643.5668,46.66667,-6.1666565,2024-06-01 12:00:00,-0.01182302,-0.027267935,4359343.065935845,-471009.49203812674,0.0
5951,763.3331,46.66667,-6.1666565,2024-06-01 12:00:00,-0.014294673,-0.03833994,4359343.065935845,-471009.49203812674,0.0
6131,902.3393,46.66667,-6.1666565,2024-06-01 12:00:00,0.03084847,-0.08252059,4359343.065935845,-471009.49203812674,0.0
20,0.494025,46.66667,-6.0833282,2024-06-01 12:00:00,0.059123814,-0.031549085,4360023.469108121,-464668.9756583009,0.0
200,1.541375,46.66667,-6.0833282,2024-06-01 12:00:00,0.062469948,-0.027439674,4360023.469108121,-464668.9756583009,0.0
380,2.645669,46.66667,-6.0833282,2024-06-01 12:00:00,0.06603347,-0.023616645,4360023.469108121,-464668.9756583009,0.0
560,3.819495,46.66667,-6.0833282,2024-06-01 12:00:00,0.07033411,-0.019705452,4360023.469108121,-464668.9756583009,0.0
740,5.078224,46.66667,-6.0833282,2024-06-01 12:00:00,0.07996904,-0.013036089,4360023.469108121,-464668.9756583009,0.0
920,6.440614,46.66667,-6.0833282,2024-06-01 12:00:00,0.10052108,-0.004908134,4360023.469108121,-464668.9756583009,0.0
1100,7.92956,46.66667,-6.0833282,2024-06-01 12:00:00,0.124038525,-0.0027108141,4360023.469108121,-464668.9756583009,0.0
1280,9.572997,46.66667,-6.0833282,2024-06-01 12:00:00,0.13928159,-0.0066542854,4360023.469108121,-464668.9756583009,0.0
1460,11.405,46.66667,-6.0833282,2024-06-01 12:00:00,0.14552243,-0.011405279,4360023.469108121,-464668.9756583009,0.0
1640,13.46714,46.66667,-6.0833282,2024-06-01 12:00:00,0.14850244,-0.015758019,4360023.469108121,-464668.9756583009,0.0
1820,15.81007,46.66667,-6.0833282,2024-06-01 12:00:00,0.1499751,-0.019903736,4360023.469108121,-464668.9756583009,0.0
2000,18.49556,46.66667,-6.0833282,2024-06-01 12:00:00,0.15002067,-0.023962557,4360023.469108121,-464668.9756583009,0.0
2180,21.59882,46.66667,-6.0833282,2024-06-01 12:00:00,0.14921714,-0.02535105,4360023.469108121,-464668.9756583009,0.0
2360,25.21141,46.66667,-6.0833282,2024-06-01 12:00:00,0.14468005,-0.041753933,4360023.469108121,-464668.9756583009,0.0
2540,29.44473,46.66667,-6.0833282,2024-06-01 12:00:00,0.13871512,-0.038722806,4360023.469108121,-464668.9756583009,0.0
2720,34.43415,46.66667,-6.0833282,2024-06-01 12:00:00,0.1359216,-0.045866497,4360023.469108121,-464668.9756583009,0.0
2900,40.34405,46.66667,-6.0833282,2024-06-01 12:00:00,0.13588656,-0.042478334,4360023.469108121,-464668.9756583009,0.0
3080,47.37369,46.66667,-6.0833282,2024-06-01 12:00:00,0.13941388,-0.0416398,4360023.469108121,-464668.9756583009,0.0
3260,55.76429,46.66667,-6.0833282,2024-06-01 12:00:00,0.14310633,-0.048736952,4360023.469108121,-464668.9756583009,0.0
3440,65.80727,46.66667,-6.0833282,2024-06-01 12:00:00,0.14352429,-0.05755711,4360023.469108121,-464668.9756583009,0.0
3620,77.85385,46.66667,-6.0833282,2024-06-01 12:00:00,0.13985367,-0.06325216,4360023.469108121,-464668.9756583009,0.0
3800,92.32607,46.66667,-6.0833282,2024-06-01 12:00:00,0.13236612,-0.06664574,4360023.469108121,-464668.9756583009,0.0
3980,109.7293,46.66667,-6.0833282,2024-06-01 12:00:00,0.12833469,-0.06883542,4360023.469108121,-464668.9756583009,0.0
4160,130.666,46.66667,-6.0833282,2024-06-01 12:00:00,0.109020196,-0.06370609,4360023.469108121,-464668.9756583009,0.0
4340,155.8507,46.66667,-6.0833282,2024-06-01 12:00:00,0.07489165,-0.05144015,4360023.469108121,-464668.9756583009,0.0
4520,186.1256,46.66667,-6.0833282,2024-06-01 12:00:00,0.041864045,-0.03740024,4360023.469108121,-464668.9756583009,0.0
4700,222.4752,46.66667,-6.0833282,2024-06-01 12:00:00,0.017152073,-0.025196921,4360023.469108121,-464668.9756583009,0.0
4880,266.0403,46.66667,-6.0833282,2024-06-01 12:00:00,0.0070730885,-0.016274624,4360023.469108121,-464668.9756583009,0.0
5060,318.1274,46.66667,-6.0833282,2024-06-01 12:00:00,0.0030904158,-0.014225176,4360023.469108121,-464668.9756583009,0.0
5240,380.213,46.66667,-6.0833282,2024-06-01 12:00:00,-0.0033218088,-0.021442601,4360023.469108121,-464668.9756583009,0.0
5420,453.9377,46.66667,-6.0833282,2024-06-01 12:00:00,-0.0013551811,-0.020176725,4360023.469108121,-464668.9756583009,0.0
5600,541.0889,46.66667,-6.0833282,2024-06-01 12:00:00,0.008324297,-0.031626824,4360023.469108121,-464668.9756583009,0.0
5780,643.5668,46.66667,-6.0833282,2024-06-01 12:00:00,0.013278155,-0.041113257,4360023.469108121,-464668.9756583009,0.0
5960,763.3331,46.66667,-6.0833282,2024-06-01 12:00:00,0.022844076,-0.053733412,4360023.469108121,-464668.9756583009,0.0
6140,902.3393,46.66667,-6.0833282,2024-06-01 12:00:00,0.05588224,-0.10188937,4360023.469108121,-464668.9756583009,0.0
29,0.494025,46.66667,-6.0,2024-06-01 12:00:00,0.07456956,-0.05731024,4360694.650219674,-458327.4764384654,0.0
209,1.541375,46.66667,-6.0,2024-06-01 12:00:00,0.07791634,-0.053207703,4360694.650219674,-458327.4764384654,0.0
389,2.645669,46.66667,-6.0,2024-06-01 12:00:00,0.081494376,-0.04939404,4360694.650219674,-458327.4764384654,0.0
569,3.819495,46.66667,-6.0,2024-06-01 12:00:00,0.085792,-0.045526806,4360694.650219674,-458327.4764384654,0.0
749,5.078224,46.66667,-6.0,2024-06-01 12:00:00,0.095088705,-0.03909843,4360694.650219674,-458327.4764384654,0.0
929,6.440614,46.66667,-6.0,2024-06-01 12:00:00,0.115439095,-0.031427182,4360694.650219674,-458327.4764384654,0.0
1109,7.92956,46.66667,-6.0,2024-06-01 12:00:00,0.13932279,-0.029875962,4360694.650219674,-458327.4764384654,0.0
1289,9.572997,46.66667,-6.0,2024-06-01 12:00:00,0.155097,-0.0347839,4360694.650219674,-458327.4764384654,0.0
1469,11.405,46.66667,-6.0,2024-06-01 12:00:00,0.16080207,-0.04008904,4360694.650219674,-458327.4764384654,0.0
1649,13.46714,46.66667,-6.0,2024-06-01 12:00:00,0.16333617,-0.044756386,4360694.650219674,-458327.4764384654,0.0
1829,15.81007,46.66667,-6.0,2024-06-01 12:00:00,0.16441722,-0.049027715,4360694.650219674,-458327.4764384654,0.0
2009,18.49556,46.66667,-6.0,2024-06-01 12:00:00,0.16442376,-0.052941352,4360694.650219674,-458327.4764384654,0.0
2189,21.59882,46.66667,-6.0,2024-06-01 12:00:00,0.16323778,-0.056192823,4360694.650219674,-458327.4764384654,0.0
2369,25.21141,46.66667,-6.0,2024-06-01 12:00:00,0.15807681,-0.06427117,4360694.650219674,-458327.4764384654,0.0
2549,29.44473,46.66667,-6.0,2024-06-01 12:00:00,0.14298035,-0.06574865,4360694.650219674,-458327.4764384654,0.0
2729,34.43415,46.66667,-6.0,2024-06-01 12:00:00,0.13507818,-0.06311714,4360694.650219674,-458327.4764384654,0.0
2909,40.34405,46.66667,-6.0,2024-06-01 12:00:00,0.14130424,-0.061383106,4360694.650219674,-458327.4764384654,0.0
3089,47.37369,46.66667,-6.0,2024-06-01 12:00:00,0.14698087,-0.0629482,4360694.650219674,-458327.4764384654,0.0
3269,55.76429,46.66667,-6.0,2024-06-01 12:00:00,0.14673227,-0.0693169,4360694.650219674,-458327.4764384654,0.0
3449,65.80727,46.66667,-6.0,2024-06-01 12:00:00,0.14116417,-0.07686938,4360694.650219674,-458327.4764384654,0.0
3629,77.85385,46.66667,-6.0,2024-06-01 12:00:00,0.13340953,-0.08473779,4360694.650219674,-458327.4764384654,0.0
3809,92.32607,46.66667,-6.0,2024-06-01 12:00:00,0.1254765,-0.088159375,4360694.650219674,-458327.4764384654,0.0
3989,109.7293,46.66667,-6.0,2024-06-01 12:00:00,0.12247586,-0.08794529,4360694.650219674,-458327.4764384654,0.0
4169,130.666,46.66667,-6.0,2024-06-01 12:00:00,0.10974717,-0.08195259,4360694.650219674,-458327.4764384654,0.0
4349,155.8507,46.66667,-6.0,2024-06-01 12:00:00,0.091020994,-0.06979587,4360694.650219674,-458327.4764384654,0.0
4529,186.1256,46.66667,-6.0,2024-06-01 12:00:00,0.0735792,-0.062120404,4360694.650219674,-458327.4764384654,0.0
4709,222.4752,46.66667,-6.0,2024-06-01 12:00:00,0.05741709,-0.055934984,4360694.650219674,-458327.4764384654,0.0
4889,266.0403,46.66667,-6.0,2024-06-01 12:00:00,0.04491413,-0.04964532,4360694.650219674,-458327.4764384654,0.0
5069,318.1274,46.66667,-6.0,2024-06-01 12:00:00,0.038183264,-0.0445083,4360694.650219674,-458327.4764384654,0.0
5249,380.213,46.66667,-6.0,2024-06-01 12:00:00,0.032427795,-0.048739493,4360694.650219674,-458327.4764384654,0.0
5429,453.9377,46.66667,-6.0,2024-06-01 12:00:00,0.03227434,-0.04259733,4360694.650219674,-458327.4764384654,0.0
5609,541.0889,46.66667,-6.0,2024-06-01 12:00:00,0.03541503,-0.047524262,4360694.650219674,-458327.4764384654,0.0
5789,643.5668,46.66667,-6.0,2024-06-01 12:00:00,0.03466511,-0.055917047,4360694.650219674,-458327.4764384654,0.0
5969,763.3331,46.66667,-6.0,2024-06-01 12:00:00,0.050566502,-0.06619827,4360694.650219674,-458327.4764384654,0.0
6149,902.3393,46.66667,-6.0,2024-06-01 12:00:00,0.07534248,-0.10900457,4360694.650219674,-458327.4764384654,0.0
38,0.494025,46.75,-6.25,2024-06-01 12:00:00,0.08436972,-0.03710778,4351950.96357759,-476616.1460837916,0.0
218,1.541375,46.75,-6.25,2024-06-01 12:00:00,0.087789446,-0.032897837,4351950.96357759,-476616.1460837916,0.0
398,2.645669,46.75,-6.25,2024-06-01 12:00:00,0.091472305,-0.028913869,4351950.96357759,-476616.1460837916,0.0
578,3.819495,46.75,-6.25,2024-06-01 12:00:00,0.09625705,-0.024549816,4351950.96357759,-476616.1460837916,0.0
758,5.078224,46.75,-6.25,2024-06-01 12:00:00,0.1088227,-0.016091147,4351950.96357759,-476616.1460837916,0.0
938,6.440614,46.75,-6.25,2024-06-01 12:00:00,0.13130555,-0.0076367683,4351950.96357759,-476616.1460837916,0.0
1118,7.92956,46.75,-6.25,2024-06-01 12:00:00,0.15227045,-0.0070217876,4351950.96357759,-476616.1460837916,0.0
1298,9.572997,46.75,-6.25,2024-06-01 12:00:00,0.16314058,-0.011540819,4351950.96357759,-476616.1460837916,0.0
1478,11.405,46.75,-6.25,2024-06-01 12:00:00,0.16842009,-0.016988365,4351950.96357759,-476616.1460837916,0.0
1658,13.46714,46.75,-6.25,2024-06-01 12:00:00,0.17113684,-0.02261153,4351950.96357759,-476616.1460837916,0.0
1838,15.81007,46.75,-6.25,2024-06-01 12:00:00,0.1722112,-0.028276298,4351950.96357759,-476616.1460837916,0.0
2018,18.49556,46.75,-6.25,2024-06-01 12:00:00,0.17176975,-0.033582088,4351950.96357759,-476616.1460837916,0.0
2198,21.59882,46.75,-6.25,2024-06-01 12:00:00,0.17291644,-0.04232602,4351950.96357759,-476616.1460837916,0.0
2378,25.21141,46.75,-6.25,2024-06-01 12:00:00,0.15164007,-0.07022844,4351950.96357759,-476616.1460837916,0.0
2558,29.44473,46.75,-6.25,2024-06-01 12:00:00,0.13891052,-0.040573288,4351950.96357759,-476616.1460837916,0.0
2738,34.43415,46.75,-6.25,2024-06-01 12:00:00,0.13036558,-0.029000927,4351950.96357759,-476616.1460837916,0.0
2918,40.34405,46.75,-6.25,2024-06-01 12:00:00,0.11919765,-0.02287672,4351950.96357759,-476616.1460837916,0.0
3098,47.37369,46.75,-6.25,2024-06-01 12:00:00,0.11453893,-0.0247584,4351950.96357759,-476616.1460837916,0.0
3278,55.76429,46.75,-6.25,2024-06-01 12:00:00,0.115367375,-0.03343541,4351950.96357759,-476616.1460837916,0.0
3458,65.80727,46.75,-6.25,2024-06-01 12:00:00,0.11060639,-0.039357387,4351950.96357759,-476616.1460837916,0.0
3638,77.85385,46.75,-6.25,2024-06-01 12:00:00,0.09778341,-0.039455533,4351950.96357759,-476616.1460837916,0.0
3818,92.32607,46.75,-6.25,2024-06-01 12:00:00,0.08550268,-0.037148632,4351950.96357759,-476616.1460837916,0.0
3998,109.7293,46.75,-6.25,2024-06-01 12:00:00,0.08105918,-0.040377054,4351950.96357759,-476616.1460837916,0.0
4178,130.666,46.75,-6.25,2024-06-01 12:00:00,0.07210998,-0.038787104,4351950.96357759,-476616.1460837916,0.0
4358,155.8507,46.75,-6.25,2024-06-01 12:00:00,0.052657004,-0.04044386,4351950.96357759,-476616.1460837916,0.0
4538,186.1256,46.75,-6.25,2024-06-01 12:00:00,0.029369911,-0.041537806,4351950.96357759,-476616.1460837916,0.0
4718,222.4752,46.75,-6.25,2024-06-01 12:00:00,0.009671353,-0.03916676,4351950.96357759,-476616.1460837916,0.0
4898,266.0403,46.75,-6.25,2024-06-01 12:00:00,-0.0039324416,-0.03758706,4351950.96357759,-476616.1460837916,0.0
5078,318.1274,46.75,-6.25,2024-06-01 12:00:00,-0.015843168,-0.029876888,4351950.96357759,-476616.1460837916,0.0
5258,380.213,46.75,-6.25,2024-06-01 12:00:00,-0.022345766,-0.021229777,4351950.96357759,-476616.1460837916,0.0
5438,453.9377,46.75,-6.25,2024-06-01 12:00:00,-0.012654132,-0.021354208,4351950.96357759,-476616.1460837916,0.0
5618,541.0889,46.75,-6.25,2024-06-01 12:00:00,-0.0032187188,-0.027973136,4351950.96357759,-476616.1460837916,0.0
5798,643.5668,46.75,-6.25,2024-06-01 12:00:00,-0.009936339,-0.034941517,4351950.96357759,-476616.1460837916,0.0
5978,763.3331,46.75,-6.25,2024-06-01 12:00:00,0.0022724597,-0.053488553,4351950.96357759,-476616.1460837916,0.0
6158,902.3393,46.75,-6.25,2024-06-01 12:00:00,0.013961017,-0.09335569,4351950.96357759,-476616.1460837916,0.0
47,0.494025,46.75,-6.1666565,2024-06-01 12:00:00,0.10174959,-0.057391968,4352639.653859386,-470285.21531356085,0.0
227,1.541375,46.75,-6.1666565,2024-06-01 12:00:00,0.1051445,-0.05318915,4352639.653859386,-470285.21531356085,0.0
407,2.645669,46.75,-6.1666565,2024-06-01 12:00:00,0.108844735,-0.049232394,4352639.653859386,-470285.21531356085,0.0
587,3.819495,46.75,-6.1666565,2024-06-01 12:00:00,0.113796264,-0.044890665,4352639.653859386,-470285.21531356085,0.0
767,5.078224,46.75,-6.1666565,2024-06-01 12:00:00,0.127512,-0.03642004,4352639.653859386,-470285.21531356085,0.0
947,6.440614,46.75,-6.1666565,2024-06-01 12:00:00,0.15131567,-0.02861413,4352639.653859386,-470285.21531356085,0.0
1127,7.92956,46.75,-6.1666565,2024-06-01 12:00:00,0.17327179,-0.028751124,4352639.653859386,-470285.21531356085,0.0
1307,9.572997,46.75,-6.1666565,2024-06-01 12:00:00,0.18432975,-0.033499245,4352639.653859386,-470285.21531356085,0.0
1487,11.405,46.75,-6.1666565,2024-06-01 12:00:00,0.18969883,-0.038758576,4352639.653859386,-470285.21531356085,0.0
1667,13.46714,46.75,-6.1666565,2024-06-01 12:00:00,0.19259286,-0.04398361,4352639.653859386,-470285.21531356085,0.0
1847,15.81007,46.75,-6.1666565,2024-06-01 12:00:00,0.1939377,-0.049106635,4352639.653859386,-470285.21531356085,0.0
2027,18.49556,46.75,-6.1666565,2024-06-01 12:00:00,0.19404525,-0.054040194,4352639.653859386,-470285.21531356085,0.0
2207,21.59882,46.75,-6.1666565,2024-06-01 12:00:00,0.19373456,-0.062084798,4352639.653859386,-470285.21531356085,0.0
2387,25.21141,46.75,-6.1666565,2024-06-01 12:00:00,0.16969554,-0.082654566,4352639.653859386,-470285.21531356085,0.0
2567,29.44473,46.75,-6.1666565,2024-06-01 12:00:00,0.16043107,-0.056400634,4352639.653859386,-470285.21531356085,0.0
2747,34.43415,46.75,-6.1666565,2024-06-01 12:00:00,0.15311141,-0.047417454,4352639.653859386,-470285.21531356085,0.0
2927,40.34405,46.75,-6.1666565,2024-06-01 12:00:00,0.1474887,-0.044919297,4352639.653859386,-470285.21531356085,0.0
3107,47.37369,46.75,-6.1666565,2024-06-01 12:00:00,0.14688607,-0.047249854,4352639.653859386,-470285.21531356085,0.0
3287,55.76429,46.75,-6.1666565,2024-06-01 12:00:00,0.145186,-0.056266323,4352639.653859386,-470285.21531356085,0.0
3467,65.80727,46.75,-6.1666565,2024-06-01 12:00:00,0.13809977,-0.06178638,4352639.653859386,-470285.21531356085,0.0
3647,77.85385,46.75,-6.1666565,2024-06-01 12:00:00,0.123847686,-0.062346127,4352639.653859386,-470285.21531356085,0.0
3827,92.32607,46.75,-6.1666565,2024-06-01 12:00:00,0.11050879,-0.05997306,4352639.653859386,-470285.21531356085,0.0
4007,109.7293,46.75,-6.1666565,2024-06-01 12:00:00,0.10721366,-0.06173423,4352639.653859386,-470285.21531356085,0.0
4187,130.666,46.75,-6.1666565,2024-06-01 12:00:00,0.10055258,-0.058968913,4352639.653859386,-470285.21531356085,0.0
4367,155.8507,46.75,-6.1666565,2024-06-01 12:00:00,0.08824234,-0.054926254,4352639.653859386,-470285.21531356085,0.0
4547,186.1256,46.75,-6.1666565,2024-06-01 12:00:00,0.07024184,-0.055564612,4352639.653859386,-470285.21531356085,0.0
4727,222.4752,46.75,-6.1666565,2024-06-01 12:00:00,0.051856283,-0.053003922,4352639.653859386,-470285.21531356085,0.0
4907,266.0403,46.75,-6.1666565,2024-06-01 12:00:00,0.03335581,-0.043782324,4352639.653859386,-470285.21531356085,0.0
5087,318.1274,46.75,-6.1666565,2024-06-01 12:00:00,0.01842606,-0.041278448,4352639.653859386,-470285.21531356085,0.0
5267,380.213,46.75,-6.1666565,2024-06-01 12:00:00,0.01631793,-0.039604563,4352639.653859386,-470285.21531356085,0.0
5447,453.9377,46.75,-6.1666565,2024-06-01 12:00:00,0.015430844,-0.038215164,4352639.653859386,-470285.21531356085,0.0
5627,541.0889,46.75,-6.1666565,2024-06-01 12:00:00,0.015305525,-0.05107376,4352639.653859386,-470285.21531356085,0.0
5807,643.5668,46.75,-6.1666565,2024-06-01 12:00:00,0.016280927,-0.06303888,4352639.653859386,-470285.21531356085,0.0
5987,763.3331,46.75,-6.1666565,2024-06-01 12:00:00,0.030045435,-0.07909579,4352639.653859386,-470285.21531356085,0.0
6167,902.3393,46.75,-6.1666565,2024-06-01 12:00:00,0.033018894,-0.11200817,4352639.653859386,-470285.21531356085,0.0
56,0.494025,46.75,-6.0833282,2024-06-01 12:00:00,0.10909243,-0.07569252,4353319.010767862,-463954.44881885045,0.0
236,1.541375,46.75,-6.0833282,2024-06-01 12:00:00,0.112470664,-0.07149303,4353319.010767862,-463954.44881885045,0.0
416,2.645669,46.75,-6.0833282,2024-06-01 12:00:00,0.11619978,-0.06755045,4353319.010767862,-463954.44881885045,0.0
596,3.819495,46.75,-6.0833282,2024-06-01 12:00:00,0.12130841,-0.06322164,4353319.010767862,-463954.44881885045,0.0
776,5.078224,46.75,-6.0833282,2024-06-01 12:00:00,0.13597281,-0.05476219,4353319.010767862,-463954.44881885045,0.0
956,6.440614,46.75,-6.0833282,2024-06-01 12:00:00,0.16076916,-0.047696568,4353319.010767862,-463954.44881885045,0.0
1136,7.92956,46.75,-6.0833282,2024-06-01 12:00:00,0.18392028,-0.04877319,4353319.010767862,-463954.44881885045,0.0
1316,9.572997,46.75,-6.0833282,2024-06-01 12:00:00,0.19542688,-0.054126933,4353319.010767862,-463954.44881885045,0.0
1496,11.405,46.75,-6.0833282,2024-06-01 12:00:00,0.2008582,-0.059517547,4353319.010767862,-463954.44881885045,0.0
1676,13.46714,46.75,-6.0833282,2024-06-01 12:00:00,0.20392019,-0.06467744,4353319.010767862,-463954.44881885045,0.0
1856,15.81007,46.75,-6.0833282,2024-06-01 12:00:00,0.20557018,-0.06966993,4353319.010767862,-463954.44881885045,0.0
2036,18.49556,46.75,-6.0833282,2024-06-01 12:00:00,0.20599227,-0.074849,4353319.010767862,-463954.44881885045,0.0
2216,21.59882,46.75,-6.0833282,2024-06-01 12:00:00,0.207174,-0.0828108,4353319.010767862,-463954.44881885045,0.0
2396,25.21141,46.75,-6.0833282,2024-06-01 12:00:00,0.18426646,-0.099581435,4353319.010767862,-463954.44881885045,0.0
2576,29.44473,46.75,-6.0833282,2024-06-01 12:00:00,0.17363498,-0.07423279,4353319.010767862,-463954.44881885045,0.0
2756,34.43415,46.75,-6.0833282,2024-06-01 12:00:00,0.1651004,-0.06318856,4353319.010767862,-463954.44881885045,0.0
2936,40.34405,46.75,-6.0833282,2024-06-01 12:00:00,0.15821898,-0.060313575,4353319.010767862,-463954.44881885045,0.0
3116,47.37369,46.75,-6.0833282,2024-06-01 12:00:00,0.15820849,-0.061358288,4353319.010767862,-463954.44881885045,0.0
3296,55.76429,46.75,-6.0833282,2024-06-01 12:00:00,0.15393738,-0.06742616,4353319.010767862,-463954.44881885045,0.0
3476,65.80727,46.75,-6.0833282,2024-06-01 12:00:00,0.14274585,-0.07240848,4353319.010767862,-463954.44881885045,0.0
3656,77.85385,46.75,-6.0833282,2024-06-01 12:00:00,0.12706149,-0.077166006,4353319.010767862,-463954.44881885045,0.0
3836,92.32607,46.75,-6.0833282,2024-06-01 12:00:00,0.11461854,-0.07881281,4353319.010767862,-463954.44881885045,0.0
4016,109.7293,46.75,-6.0833282,2024-06-01 12:00:00,0.11498984,-0.08043282,4353319.010767862,-463954.44881885045,0.0
4196,130.666,46.75,-6.0833282,2024-06-01 12:00:00,0.11740309,-0.07854563,4353319.010767862,-463954.44881885045,0.0
4376,155.8507,46.75,-6.0833282,2024-06-01 12:00:00,0.11202505,-0.07641411,4353319.010767862,-463954.44881885045,0.0
4556,186.1256,46.75,-6.0833282,2024-06-01 12:00:00,0.10075126,-0.07899603,4353319.010767862,-463954.44881885045,0.0
4736,222.4752,46.75,-6.0833282,2024-06-01 12:00:00,0.08405363,-0.073205985,4353319.010767862,-463954.44881885045,0.0
4916,266.0403,46.75,-6.0833282,2024-06-01 12:00:00,0.06704703,-0.060217105,4353319.010767862,-463954.44881885045,0.0
5096,318.1274,46.75,-6.0833282,2024-06-01 12:00:00,0.053672615,-0.05710187,4353319.010767862,-463954.44881885045,0.0
5276,380.213,46.75,-6.0833282,2024-06-01 12:00:00,0.04928427,-0.05743632,4353319.010767862,-463954.44881885045,0.0
5456,453.9377,46.75,-6.0833282,2024-06-01 12:00:00,0.04613165,-0.055221774,4353319.010767862,-463954.44881885045,0.0
5636,541.0889,46.75,-6.0833282,2024-06-01 12:00:00,0.03257732,-0.06407459,4353319.010767862,-463954.44881885045,0.0
5816,643.5668,46.75,-6.0833282,2024-06-01 12:00:00,0.032914333,-0.07358076,4353319.010767862,-463954.44881885045,0.0
5996,763.3331,46.75,-6.0833282,2024-06-01 12:00:00,0.04280331,-0.08603326,4353319.010767862,-463954.44881885045,0.0
6176,902.3393,46.75,-6.0833282,2024-06-01 12:00:00,0.034403976,-0.12205241,4353319.010767862,-463954.44881885045,0.0
65,0.494025,46.75,-6.0,2024-06-01 12:00:00,0.11406702,-0.09574249,4353989.159796485,-457622.70099545474,0.0
245,1.541375,46.75,-6.0,2024-06-01 12:00:00,0.11744206,-0.09155606,4353989.159796485,-457622.70099545474,0.0
425,2.645669,46.75,-6.0,2024-06-01 12:00:00,0.12120185,-0.08763121,4353989.159796485,-457622.70099545474,0.0
605,3.819495,46.75,-6.0,2024-06-01 12:00:00,0.12635997,-0.08336234,4353989.159796485,-457622.70099545474,0.0
785,5.078224,46.75,-6.0,2024-06-01 12:00:00,0.14111596,-0.075202994,4353989.159796485,-457622.70099545474,0.0
965,6.440614,46.75,-6.0,2024-06-01 12:00:00,0.16629452,-0.06856178,4353989.159796485,-457622.70099545474,0.0
1145,7.92956,46.75,-6.0,2024-06-01 12:00:00,0.19117059,-0.07000735,4353989.159796485,-457622.70099545474,0.0
1325,9.572997,46.75,-6.0,2024-06-01 12:00:00,0.20450518,-0.07608703,4353989.159796485,-457622.70099545474,0.0
1505,11.405,46.75,-6.0,2024-06-01 12:00:00,0.2106713,-0.081824265,4353989.159796485,-457622.70099545474,0.0
1685,13.46714,46.75,-6.0,2024-06-01 12:00:00,0.21443729,-0.087158486,4353989.159796485,-457622.70099545474,0.0
1865,15.81007,46.75,-6.0,2024-06-01 12:00:00,0.21697257,-0.092336506,4353989.159796485,-457622.70099545474,0.0
2045,18.49556,46.75,-6.0,2024-06-01 12:00:00,0.21845561,-0.097703114,4353989.159796485,-457622.70099545474,0.0
2225,21.59882,46.75,-6.0,2024-06-01 12:00:00,0.22121271,-0.10734061,4353989.159796485,-457622.70099545474,0.0
2405,25.21141,46.75,-6.0,2024-06-01 12:00:00,0.19903895,-0.12470327,4353989.159796485,-457622.70099545474,0.0
2585,29.44473,46.75,-6.0,2024-06-01 12:00:00,0.18439315,-0.09685307,4353989.159796485,-457622.70099545474,0.0
2765,34.43415,46.75,-6.0,2024-06-01 12:00:00,0.17293541,-0.07998489,4353989.159796485,-457622.70099545474,0.0
2945,40.34405,46.75,-6.0,2024-06-01 12:00:00,0.16533956,-0.069512874,4353989.159796485,-457622.70099545474,0.0
3125,47.37369,46.75,-6.0,2024-06-01 12:00:00,0.1651035,-0.06902613,4353989.159796485,-457622.70099545474,0.0
3305,55.76429,46.75,-6.0,2024-06-01 12:00:00,0.16161221,-0.07500869,4353989.159796485,-457622.70099545474,0.0
3485,65.80727,46.75,-6.0,2024-06-01 12:00:00,0.15115127,-0.08038663,4353989.159796485,-457622.70099545474,0.0
3665,77.85385,46.75,-6.0,2024-06-01 12:00:00,0.13829805,-0.0888169,4353989.159796485,-457622.70099545474,0.0
3845,92.32607,46.75,-6.0,2024-06-01 12:00:00,0.12839565,-0.09468812,4353989.159796485,-457622.70099545474,0.0
4025,109.7293,46.75,-6.0,2024-06-01 12:00:00,0.1296325,-0.095639184,4353989.159796485,-457622.70099545474,0.0
4205,130.666,46.75,-6.0,2024-06-01 12:00:00,0.13446125,-0.0926213,4353989.159796485,-457622.70099545474,0.0
4385,155.8507,46.75,-6.0,2024-06-01 12:00:00,0.12823677,-0.090759255,4353989.159796485,-457622.70099545474,0.0
4565,186.1256,46.75,-6.0,2024-06-01 12:00:00,0.11363998,-0.09370582,4353989.159796485,-457622.70099545474,0.0
4745,222.4752,46.75,-6.0,2024-06-01 12:00:00,0.095870815,-0.08705018,4353989.159796485,-457622.70099545474,0.0
4925,266.0403,46.75,-6.0,2024-06-01 12:00:00,0.086143024,-0.07671982,4353989.159796485,-457622.70099545474,0.0
5105,318.1274,46.75,-6.0,2024-06-01 12:00:00,0.075247094,-0.071256325,4353989.159796485,-457622.70099545474,0.0
5285,380.213,46.75,-6.0,2024-06-01 12:00:00,0.07107164,-0.06883617,4353989.159796485,-457622.70099545474,0.0
5465,453.9377,46.75,-6.0,2024-06-01 12:00:00,0.07179013,-0.07134084,4353989.159796485,-457622.70099545474,0.0
5645,541.0889,46.75,-6.0,2024-06-01 12:00:00,0.04835109,-0.078472406,4353989.159796485,-457622.70099545474,0.0
5825,643.5668,46.75,-6.0,2024-06-01 12:00:00,0.03855248,-0.07909571,4353989.159796485,-457622.70099545474,0.0
6005,763.3331,46.75,-6.0,2024-06-01 12:00:00,0.044388846,-0.08974018,4353989.159796485,-457622.70099545474,0.0
6185,902.3393,46.75,-6.0,2024-06-01 12:00:00,0.021242857,-0.10280802,4353989.159796485,-457622.70099545474,0.0
74,0.494025,46.833336,-6.25,2024-06-01 12:00:00,0.07263388,-0.12029715,4345238.723142079,-475881.0361998027,0.0
254,1.541375,46.833336,-6.25,2024-06-01 12:00:00,0.07607263,-0.11595129,4345238.723142079,-475881.0361998027,0.0
434,2.645669,46.833336,-6.25,2024-06-01 12:00:00,0.080002666,-0.11173128,4345238.723142079,-475881.0361998027,0.0
614,3.819495,46.833336,-6.25,2024-06-01 12:00:00,0.08597408,-0.10664411,4345238.723142079,-475881.0361998027,0.0
794,5.078224,46.833336,-6.25,2024-06-01 12:00:00,0.103170305,-0.09700327,4345238.723142079,-475881.0361998027,0.0
974,6.440614,46.833336,-6.25,2024-06-01 12:00:00,0.12894228,-0.089889325,4345238.723142079,-475881.0361998027,0.0
1154,7.92956,46.833336,-6.25,2024-06-01 12:00:00,0.15009691,-0.09086748,4345238.723142079,-475881.0361998027,0.0
1334,9.572997,46.833336,-6.25,2024-06-01 12:00:00,0.16068035,-0.09524865,4345238.723142079,-475881.0361998027,0.0
1514,11.405,46.833336,-6.25,2024-06-01 12:00:00,0.1670273,-0.099903144,4345238.723142079,-475881.0361998027,0.0
1694,13.46714,46.833336,-6.25,2024-06-01 12:00:00,0.17155527,-0.10449973,4345238.723142079,-475881.0361998027,0.0
1874,15.81007,46.833336,-6.25,2024-06-01 12:00:00,0.17499453,-0.10917375,4345238.723142079,-475881.0361998027,0.0
2054,18.49556,46.833336,-6.25,2024-06-01 12:00:00,0.17839998,-0.1154069,4345238.723142079,-475881.0361998027,0.0
2234,21.59882,46.833336,-6.25,2024-06-01 12:00:00,0.17660847,-0.13491926,4345238.723142079,-475881.0361998027,0.0
2414,25.21141,46.833336,-6.25,2024-06-01 12:00:00,0.13298678,-0.12755074,4345238.723142079,-475881.0361998027,0.0
2594,29.44473,46.833336,-6.25,2024-06-01 12:00:00,0.12750481,-0.10843623,4345238.723142079,-475881.0361998027,0.0
2774,34.43415,46.833336,-6.25,2024-06-01 12:00:00,0.111657046,-0.09148503,4345238.723142079,-475881.0361998027,0.0
2954,40.34405,46.833336,-6.25,2024-06-01 12:00:00,0.10332342,-0.07772614,4345238.723142079,-475881.0361998027,0.0
3134,47.37369,46.833336,-6.25,2024-06-01 12:00:00,0.10595285,-0.07659949,4345238.723142079,-475881.0361998027,0.0
3314,55.76429,46.833336,-6.25,2024-06-01 12:00:00,0.11175075,-0.08625406,4345238.723142079,-475881.0361998027,0.0
3494,65.80727,46.833336,-6.25,2024-06-01 12:00:00,0.109970145,-0.090599895,4345238.723142079,-475881.0361998027,0.0
3674,77.85385,46.833336,-6.25,2024-06-01 12:00:00,0.09978457,-0.08751278,4345238.723142079,-475881.0361998027,0.0
3854,92.32607,46.833336,-6.25,2024-06-01 12:00:00,0.09553313,-0.079330124,4345238.723142079,-475881.0361998027,0.0
4034,109.7293,46.833336,-6.25,2024-06-01 12:00:00,0.10610197,-0.074763566,4345238.723142079,-475881.0361998027,0.0
4214,130.666,46.833336,-6.25,2024-06-01 12:00:00,0.114646934,-0.06678199,4345238.723142079,-475881.0361998027,0.0
4394,155.8507,46.833336,-6.25,2024-06-01 12:00:00,0.1091787,-0.06651566,4345238.723142079,-475881.0361998027,0.0
4574,186.1256,46.833336,-6.25,2024-06-01 12:00:00,0.09481646,-0.07670677,4345238.723142079,-475881.0361998027,0.0
4754,222.4752,46.833336,-6.25,2024-06-01 12:00:00,0.07934161,-0.0745389,4345238.723142079,-475881.0361998027,0.0
4934,266.0403,46.833336,-6.25,2024-06-01 12:00:00,0.07135627,-0.067194216,4345238.723142079,-475881.0361998027,0.0
5114,318.1274,46.833336,-6.25,2024-06-01 12:00:00,0.058169086,-0.059270624,4345238.723142079,-475881.0361998027,0.0
5294,380.213,46.833336,-6.25,2024-06-01 12:00:00,0.055636708,-0.05638624,4345238.723142079,-475881.0361998027,0.0
5474,453.9377,46.833336,-6.25,2024-06-01 12:00:00,0.059572864,-0.052881535,4345238.723142079,-475881.0361998027,0.0
5654,541.0889,46.833336,-6.25,2024-06-01 12:00:00,0.052027375,-0.05422969,4345238.723142079,-475881.0361998027,0.0
5834,643.5668,46.833336,-6.25,2024-06-01 12:00:00,0.056209013,-0.060332555,4345238.723142079,-475881.0361998027,0.0
6014,763.3331,46.833336,-6.25,2024-06-01 12:00:00,0.052386455,-0.07617718,4345238.723142079,-475881.0361998027,0.0
6194,902.3393,46.833336,-6.25,2024-06-01 12:00:00,0.049593184,-0.10510473,4345238.723142079,-475881.0361998027,0.0
83,0.494025,46.833336,-6.1666565,2024-06-01 12:00:00,0.07467664,-0.12348081,4345926.351221016,-469559.8699535443,0.0
263,1.541375,46.833336,-6.1666565,2024-06-01 12:00:00,0.07812024,-0.11915169,4345926.351221016,-469559.8699535443,0.0
443,2.645669,46.833336,-6.1666565,2024-06-01 12:00:00,0.08208211,-0.114986666,4345926.351221016,-469559.8699535443,0.0
623,3.819495,46.833336,-6.1666565,2024-06-01 12:00:00,0.08821334,-0.10998352,4345926.351221016,-469559.8699535443,0.0
803,5.078224,46.833336,-6.1666565,2024-06-01 12:00:00,0.10634235,-0.10056719,4345926.351221016,-469559.8699535443,0.0
983,6.440614,46.833336,-6.1666565,2024-06-01 12:00:00,0.1329611,-0.094160214,4345926.351221016,-469559.8699535443,0.0
1163,7.92956,46.833336,-6.1666565,2024-06-01 12:00:00,0.1559495,-0.09576696,4345926.351221016,-469559.8699535443,0.0
1343,9.572997,46.833336,-6.1666565,2024-06-01 12:00:00,0.16773169,-0.10045841,4345926.351221016,-469559.8699535443,0.0
1523,11.405,46.833336,-6.1666565,2024-06-01 12:00:00,0.1747264,-0.105143644,4345926.351221016,-469559.8699535443,0.0
1703,13.46714,46.833336,-6.1666565,2024-06-01 12:00:00,0.17983998,-0.10965969,4345926.351221016,-469559.8699535443,0.0
1883,15.81007,46.833336,-6.1666565,2024-06-01 12:00:00,0.18389684,-0.11417403,4345926.351221016,-469559.8699535443,0.0
2063,18.49556,46.833336,-6.1666565,2024-06-01 12:00:00,0.18792988,-0.11970045,4345926.351221016,-469559.8699535443,0.0
2243,21.59882,46.833336,-6.1666565,2024-06-01 12:00:00,0.19383109,-0.14084788,4345926.351221016,-469559.8699535443,0.0
2423,25.21141,46.833336,-6.1666565,2024-06-01 12:00:00,0.15084976,-0.14088406,4345926.351221016,-469559.8699535443,0.0
2603,29.44473,46.833336,-6.1666565,2024-06-01 12:00:00,0.14727901,-0.11065399,4345926.351221016,-469559.8699535443,0.0
2783,34.43415,46.833336,-6.1666565,2024-06-01 12:00:00,0.13294962,-0.09431173,4345926.351221016,-469559.8699535443,0.0
2963,40.34405,46.833336,-6.1666565,2024-06-01 12:00:00,0.12528421,-0.08022262,4345926.351221016,-469559.8699535443,0.0
3143,47.37369,46.833336,-6.1666565,2024-06-01 12:00:00,0.12837984,-0.07852368,4345926.351221016,-469559.8699535443,0.0
3323,55.76429,46.833336,-6.1666565,2024-06-01 12:00:00,0.13296752,-0.087542675,4345926.351221016,-469559.8699535443,0.0
3503,65.80727,46.833336,-6.1666565,2024-06-01 12:00:00,0.1316627,-0.09163763,4345926.351221016,-469559.8699535443,0.0
3683,77.85385,46.833336,-6.1666565,2024-06-01 12:00:00,0.12391987,-0.09127517,4345926.351221016,-469559.8699535443,0.0
3863,92.32607,46.833336,-6.1666565,2024-06-01 12:00:00,0.11772794,-0.08707815,4345926.351221016,-469559.8699535443,0.0
4043,109.7293,46.833336,-6.1666565,2024-06-01 12:00:00,0.12380244,-0.083578534,4345926.351221016,-469559.8699535443,0.0
4223,130.666,46.833336,-6.1666565,2024-06-01 12:00:00,0.12902078,-0.078381464,4345926.351221016,-469559.8699535443,0.0
4403,155.8507,46.833336,-6.1666565,2024-06-01 12:00:00,0.11940759,-0.07808321,4345926.351221016,-469559.8699535443,0.0
4583,186.1256,46.833336,-6.1666565,2024-06-01 12:00:00,0.105516836,-0.08580587,4345926.351221016,-469559.8699535443,0.0
4763,222.4752,46.833336,-6.1666565,2024-06-01 12:00:00,0.09426465,-0.07945563,4345926.351221016,-469559.8699535443,0.0
4943,266.0403,46.833336,-6.1666565,2024-06-01 12:00:00,0.08524847,-0.06894329,4345926.351221016,-469559.8699535443,0.0
5123,318.1274,46.833336,-6.1666565,2024-06-01 12:00:00,0.076477304,-0.06411774,4345926.351221016,-469559.8699535443,0.0
5303,380.213,46.833336,-6.1666565,2024-06-01 12:00:00,0.07108616,-0.060043838,4345926.351221016,-469559.8699535443,0.0
5483,453.9377,46.833336,-6.1666565,2024-06-01 12:00:00,0.07430034,-0.0635639,4345926.351221016,-469559.8699535443,0.0
5663,541.0889,46.833336,-6.1666565,2024-06-01 12:00:00,0.06468809,-0.0733402,4345926.351221016,-469559.8699535443,0.0
5843,643.5668,46.833336,-6.1666565,2024-06-01 12:00:00,0.059436686,-0.086103335,4345926.351221016,-469559.8699535443,0.0
6023,763.3331,46.833336,-6.1666565,2024-06-01 12:00:00,0.04787387,-0.096499234,4345926.351221016,-469559.8699535443,0.0
6203,902.3393,46.833336,-6.1666565,2024-06-01 12:00:00,0.03957151,-0.110479854,4345926.351221016,-469559.8699535443,0.0
92,0.494025,46.833336,-6.0833282,2024-06-01 12:00:00,0.05651283,-0.1314487,4346604.66032198,-463238.86772943556,0.0
272,1.541375,46.833336,-6.0833282,2024-06-01 12:00:00,0.059922583,-0.12712435,4346604.66032198,-463238.86772943556,0.0
452,2.645669,46.833336,-6.0833282,2024-06-01 12:00:00,0.06391238,-0.12299732,4346604.66032198,-463238.86772943556,0.0
632,3.819495,46.833336,-6.0833282,2024-06-01 12:00:00,0.07071456,-0.11804436,4346604.66032198,-463238.86772943556,0.0
812,5.078224,46.833336,-6.0833282,2024-06-01 12:00:00,0.090028346,-0.108969145,4346604.66032198,-463238.86772943556,0.0
992,6.440614,46.833336,-6.0833282,2024-06-01 12:00:00,0.115714714,-0.10352443,4346604.66032198,-463238.86772943556,0.0
1172,7.92956,46.833336,-6.0833282,2024-06-01 12:00:00,0.14077963,-0.10594418,4346604.66032198,-463238.86772943556,0.0
1352,9.572997,46.833336,-6.0833282,2024-06-01 12:00:00,0.15480952,-0.1113036,4346604.66032198,-463238.86772943556,0.0
1532,11.405,46.833336,-6.0833282,2024-06-01 12:00:00,0.16280426,-0.11620164,4346604.66032198,-463238.86772943556,0.0
1712,13.46714,46.833336,-6.0833282,2024-06-01 12:00:00,0.16893579,-0.1207769,4346604.66032198,-463238.86772943556,0.0
1892,15.81007,46.833336,-6.0833282,2024-06-01 12:00:00,0.1742464,-0.12525266,4346604.66032198,-463238.86772943556,0.0
2072,18.49556,46.833336,-6.0833282,2024-06-01 12:00:00,0.18015298,-0.13018079,4346604.66032198,-463238.86772943556,0.0
2252,21.59882,46.833336,-6.0833282,2024-06-01 12:00:00,0.18728788,-0.14561069,4346604.66032198,-463238.86772943556,0.0
2432,25.21141,46.833336,-6.0833282,2024-06-01 12:00:00,0.15597792,-0.15852782,4346604.66032198,-463238.86772943556,0.0
2612,29.44473,46.833336,-6.0833282,2024-06-01 12:00:00,0.15042448,-0.122627884,4346604.66032198,-463238.86772943556,0.0
2792,34.43415,46.833336,-6.0833282,2024-06-01 12:00:00,0.1375199,-0.1014718,4346604.66032198,-463238.86772943556,0.0
2972,40.34405,46.833336,-6.0833282,2024-06-01 12:00:00,0.13194653,-0.08454803,4346604.66032198,-463238.86772943556,0.0
3152,47.37369,46.833336,-6.0833282,2024-06-01 12:00:00,0.13713056,-0.08153348,4346604.66032198,-463238.86772943556,0.0
3332,55.76429,46.833336,-6.0833282,2024-06-01 12:00:00,0.14358017,-0.08930248,4346604.66032198,-463238.86772943556,0.0
3512,65.80727,46.833336,-6.0833282,2024-06-01 12:00:00,0.14333178,-0.09478396,4346604.66032198,-463238.86772943556,0.0
3692,77.85385,46.833336,-6.0833282,2024-06-01 12:00:00,0.13770096,-0.09860673,4346604.66032198,-463238.86772943556,0.0
3872,92.32607,46.833336,-6.0833282,2024-06-01 12:00:00,0.1321166,-0.09923619,4346604.66032198,-463238.86772943556,0.0
4052,109.7293,46.833336,-6.0833282,2024-06-01 12:00:00,0.13484044,-0.095570505,4346604.66032198,-463238.86772943556,0.0
4232,130.666,46.833336,-6.0833282,2024-06-01 12:00:00,0.1337061,-0.08890166,4346604.66032198,-463238.86772943556,0.0
4412,155.8507,46.833336,-6.0833282,2024-06-01 12:00:00,0.12122717,-0.08770043,4346604.66032198,-463238.86772943556,0.0
4592,186.1256,46.833336,-6.0833282,2024-06-01 12:00:00,0.107774764,-0.0921786,4346604.66032198,-463238.86772943556,0.0
4772,222.4752,46.833336,-6.0833282,2024-06-01 12:00:00,0.10180028,-0.08539044,4346604.66032198,-463238.86772943556,0.0
4952,266.0403,46.833336,-6.0833282,2024-06-01 12:00:00,0.09904447,-0.07846121,4346604.66032198,-463238.86772943556,0.0
5132,318.1274,46.833336,-6.0833282,2024-06-01 12:00:00,0.095699474,-0.071654916,4346604.66032198,-463238.86772943556,0.0
5312,380.213,46.833336,-6.0833282,2024-06-01 12:00:00,0.0839316,-0.068419896,4346604.66032198,-463238.86772943556,0.0
5492,453.9377,46.833336,-6.0833282,2024-06-01 12:00:00,0.08975982,-0.07835042,4346604.66032198,-463238.86772943556,0.0
5672,541.0889,46.833336,-6.0833282,2024-06-01 12:00:00,0.07251568,-0.08798996,4346604.66032198,-463238.86772943556,0.0
5852,643.5668,46.833336,-6.0833282,2024-06-01 12:00:00,0.04737176,-0.08621192,4346604.66032198,-463238.86772943556,0.0
6032,763.3331,46.833336,-6.0833282,2024-06-01 12:00:00,0.04303622,-0.09034822,4346604.66032198,-463238.86772943556,0.0
6212,902.3393,46.833336,-6.0833282,2024-06-01 12:00:00,0.012971265,-0.09277424,4346604.66032198,-463238.86772943556,0.0
101,0.494025,46.833336,-6.0,2024-06-01 12:00:00,0.03101125,-0.12630849,4347273.775744883,-456916.88569019584,0.0
281,1.541375,46.833336,-6.0,2024-06-01 12:00:00,0.034371816,-0.12199621,4347273.775744883,-456916.88569019584,0.0
461,2.645669,46.833336,-6.0,2024-06-01 12:00:00,0.038360994,-0.11790698,4347273.775744883,-456916.88569019584,0.0
641,3.819495,46.833336,-6.0,2024-06-01 12:00:00,0.04541796,-0.11279987,4347273.775744883,-456916.88569019584,0.0
821,5.078224,46.833336,-6.0,2024-06-01 12:00:00,0.06516466,-0.10439726,4347273.775744883,-456916.88569019584,0.0
1001,6.440614,46.833336,-6.0,2024-06-01 12:00:00,0.09029235,-0.10051403,4347273.775744883,-456916.88569019584,0.0
1181,7.92956,46.833336,-6.0,2024-06-01 12:00:00,0.11654725,-0.10413716,4347273.775744883,-456916.88569019584,0.0
1361,9.572997,46.833336,-6.0,2024-06-01 12:00:00,0.13286275,-0.11097852,4347273.775744883,-456916.88569019584,0.0
1541,11.405,46.833336,-6.0,2024-06-01 12:00:00,0.1414999,-0.11654069,4347273.775744883,-456916.88569019584,0.0
1721,13.46714,46.833336,-6.0,2024-06-01 12:00:00,0.14823045,-0.121504456,4347273.775744883,-456916.88569019584,0.0
1901,15.81007,46.833336,-6.0,2024-06-01 12:00:00,0.15428646,-0.12623067,4347273.775744883,-456916.88569019584,0.0
2081,18.49556,46.833336,-6.0,2024-06-01 12:00:00,0.16038427,-0.13148212,4347273.775744883,-456916.88569019584,0.0
2261,21.59882,46.833336,-6.0,2024-06-01 12:00:00,0.16435425,-0.13805984,4347273.775744883,-456916.88569019584,0.0
2441,25.21141,46.833336,-6.0,2024-06-01 12:00:00,0.15395358,-0.15509662,4347273.775744883,-456916.88569019584,0.0
2621,29.44473,46.833336,-6.0,2024-06-01 12:00:00,0.14273587,-0.1247552,4347273.775744883,-456916.88569019584,0.0
2801,34.43415,46.833336,-6.0,2024-06-01 12:00:00,0.13019763,-0.10223489,4347273.775744883,-456916.88569019584,0.0
2981,40.34405,46.833336,-6.0,2024-06-01 12:00:00,0.12661035,-0.08817155,4347273.775744883,-456916.88569019584,0.0
3161,47.37369,46.833336,-6.0,2024-06-01 12:00:00,0.13441995,-0.088577144,4347273.775744883,-456916.88569019584,0.0
3341,55.76429,46.833336,-6.0,2024-06-01 12:00:00,0.14305873,-0.09805462,4347273.775744883,-456916.88569019584,0.0
3521,65.80727,46.833336,-6.0,2024-06-01 12:00:00,0.14538637,-0.10652408,4347273.775744883,-456916.88569019584,0.0
3701,77.85385,46.833336,-6.0,2024-06-01 12:00:00,0.1446456,-0.111133635,4347273.775744883,-456916.88569019584,0.0
3881,92.32607,46.833336,-6.0,2024-06-01 12:00:00,0.14221074,-0.11290497,4347273.775744883,-456916.88569019584,0.0
4061,109.7293,46.833336,-6.0,2024-06-01 12:00:00,0.14178403,-0.10681275,4347273.775744883,-456916.88569019584,0.0
4241,130.666,46.833336,-6.0,2024-06-01 12:00:00,0.13738224,-0.09565378,4347273.775744883,-456916.88569019584,0.0
4421,155.8507,46.833336,-6.0,2024-06-01 12:00:00,0.12291956,-0.09408801,4347273.775744883,-456916.88569019584,0.0
4601,186.1256,46.833336,-6.0,2024-06-01 12:00:00,0.10932414,-0.09678659,4347273.775744883,-456916.88569019584,0.0
4781,222.4752,46.833336,-6.0,2024-06-01 12:00:00,0.103563376,-0.08434501,4347273.775744883,-456916.88569019584,0.0
4961,266.0403,46.833336,-6.0,2024-06-01 12:00:00,0.0998588,-0.07451486,4347273.775744883,-456916.88569019584,0.0
5141,318.1274,46.833336,-6.0,2024-06-01 12:00:00,0.102605045,-0.06834939,4347273.775744883,-456916.88569019584,0.0
5321,380.213,46.833336,-6.0,2024-06-01 12:00:00,0.10094098,-0.07133833,4347273.775744883,-456916.88569019584,0.0
5501,453.9377,46.833336,-6.0,2024-06-01 12:00:00,0.09211499,-0.08946848,4347273.775744883,-456916.88569019584,0.0
5681,541.0889,46.833336,-6.0,2024-06-01 12:00:00,0.06892111,-0.099402785,4347273.775744883,-456916.88569019584,0.0
5861,643.5668,46.833336,-6.0,2024-06-01 12:00:00,0.036953326,-0.08710433,4347273.775744883,-456916.88569019584,0.0
6041,763.3331,46.833336,-6.0,2024-06-01 12:00:00,0.027233966,-0.07788235,4347273.775744883,-456916.88569019584,0.0
6221,902.3393,46.833336,-6.0,2024-06-01 12:00:00,0.004044761,-0.07001425,4347273.775744883,-456916.88569019584,0.0
110,0.494025,46.91667,-6.25,2024-06-01 12:00:00,0.047928862,-0.14731853,4338517.220887722,-475144.9119816816,0.0
290,1.541375,46.91667,-6.25,2024-06-01 12:00:00,0.05139651,-0.14292498,4338517.220887722,-475144.9119816816,0.0
470,2.645669,46.91667,-6.25,2024-06-01 12:00:00,0.0555402,-0.13858785,4338517.220887722,-475144.9119816816,0.0
650,3.819495,46.91667,-6.25,2024-06-01 12:00:00,0.06292237,-0.13268422,4338517.220887722,-475144.9119816816,0.0
830,5.078224,46.91667,-6.25,2024-06-01 12:00:00,0.08246685,-0.12389948,4338517.220887722,-475144.9119816816,0.0
1010,6.440614,46.91667,-6.25,2024-06-01 12:00:00,0.10907003,-0.12055027,4338517.220887722,-475144.9119816816,0.0
1190,7.92956,46.91667,-6.25,2024-06-01 12:00:00,0.13053839,-0.12513682,4338517.220887722,-475144.9119816816,0.0
1370,9.572997,46.91667,-6.25,2024-06-01 12:00:00,0.14114396,-0.1314518,4338517.220887722,-475144.9119816816,0.0
1550,11.405,46.91667,-6.25,2024-06-01 12:00:00,0.1477081,-0.13739218,4338517.220887722,-475144.9119816816,0.0
1730,13.46714,46.91667,-6.25,2024-06-01 12:00:00,0.15268315,-0.14312209,4338517.220887722,-475144.9119816816,0.0
1910,15.81007,46.91667,-6.25,2024-06-01 12:00:00,0.15694246,-0.14916284,4338517.220887722,-475144.9119816816,0.0
2090,18.49556,46.91667,-6.25,2024-06-01 12:00:00,0.16090956,-0.15768324,4338517.220887722,-475144.9119816816,0.0
2270,21.59882,46.91667,-6.25,2024-06-01 12:00:00,0.15500289,-0.17413722,4338517.220887722,-475144.9119816816,0.0
2450,25.21141,46.91667,-6.25,2024-06-01 12:00:00,0.11448156,-0.1767646,4338517.220887722,-475144.9119816816,0.0
2630,29.44473,46.91667,-6.25,2024-06-01 12:00:00,0.112247154,-0.13868146,4338517.220887722,-475144.9119816816,0.0
2810,34.43415,46.91667,-6.25,2024-06-01 12:00:00,0.09914748,-0.10019366,4338517.220887722,-475144.9119816816,0.0
2990,40.34405,46.91667,-6.25,2024-06-01 12:00:00,0.095781796,-0.07581879,4338517.220887722,-475144.9119816816,0.0
3170,47.37369,46.91667,-6.25,2024-06-01 12:00:00,0.10732457,-0.07685019,4338517.220887722,-475144.9119816816,0.0
3350,55.76429,46.91667,-6.25,2024-06-01 12:00:00,0.119386956,-0.09209813,4338517.220887722,-475144.9119816816,0.0
3530,65.80727,46.91667,-6.25,2024-06-01 12:00:00,0.12396439,-0.10095866,4338517.220887722,-475144.9119816816,0.0
3710,77.85385,46.91667,-6.25,2024-06-01 12:00:00,0.120747596,-0.101293415,4338517.220887722,-475144.9119816816,0.0
3890,92.32607,46.91667,-6.25,2024-06-01 12:00:00,0.12162602,-0.092359565,4338517.220887722,-475144.9119816816,0.0
4070,109.7293,46.91667,-6.25,2024-06-01 12:00:00,0.13515486,-0.08306831,4338517.220887722,-475144.9119816816,0.0
4250,130.666,46.91667,-6.25,2024-06-01 12:00:00,0.14514208,-0.07382847,4338517.220887722,-475144.9119816816,0.0
4430,155.8507,46.91667,-6.25,2024-06-01 12:00:00,0.14424485,-0.07720694,4338517.220887722,-475144.9119816816,0.0
4610,186.1256,46.91667,-6.25,2024-06-01 12:00:00,0.14167312,-0.09058993,4338517.220887722,-475144.9119816816,0.0
4790,222.4752,46.91667,-6.25,2024-06-01 12:00:00,0.12743305,-0.08809221,4338517.220887722,-475144.9119816816,0.0
4970,266.0403,46.91667,-6.25,2024-06-01 12:00:00,0.109184176,-0.08400395,4338517.220887722,-475144.9119816816,0.0
5150,318.1274,46.91667,-6.25,2024-06-01 12:00:00,0.099639796,-0.07736136,4338517.220887722,-475144.9119816816,0.0
5330,380.213,46.91667,-6.25,2024-06-01 12:00:00,0.0930674,-0.07381694,4338517.220887722,-475144.9119816816,0.0
5510,453.9377,46.91667,-6.25,2024-06-01 12:00:00,0.09170837,-0.079616696,4338517.220887722,-475144.9119816816,0.0
5690,541.0889,46.91667,-6.25,2024-06-01 12:00:00,0.08862896,-0.08237485,4338517.220887722,-475144.9119816816,0.0
5870,643.5668,46.91667,-6.25,2024-06-01 12:00:00,0.088286504,-0.075910226,4338517.220887722,-475144.9119816816,0.0
6050,763.3331,46.91667,-6.25,2024-06-01 12:00:00,0.08946849,-0.07053254,4338517.220887722,-475144.9119816816,0.0
6230,902.3393,46.91667,-6.25,2024-06-01 12:00:00,0.084501326,-0.10188412,4338517.220887722,-475144.9119816816,0.0
119,0.494025,46.91667,-6.1666565,2024-06-01 12:00:00,0.014870455,-0.1237403,4339203.78529813,-468833.52373287774,0.0
299,1.541375,46.91667,-6.1666565,2024-06-01 12:00:00,0.018345205,-0.11935882,4339203.78529813,-468833.52373287774,0.0
479,2.645669,46.91667,-6.1666565,2024-06-01 12:00:00,0.022498414,-0.11510816,4339203.78529813,-468833.52373287774,0.0
659,3.819495,46.91667,-6.1666565,2024-06-01 12:00:00,0.029752849,-0.10954099,4339203.78529813,-468833.52373287774,0.0
839,5.078224,46.91667,-6.1666565,2024-06-01 12:00:00,0.049913157,-0.10099977,4339203.78529813,-468833.52373287774,0.0
1019,6.440614,46.91667,-6.1666565,2024-06-01 12:00:00,0.077201515,-0.09799296,4339203.78529813,-468833.52373287774,0.0
1199,7.92956,46.91667,-6.1666565,2024-06-01 12:00:00,0.100265995,-0.10303375,4339203.78529813,-468833.52373287774,0.0
1379,9.572997,46.91667,-6.1666565,2024-06-01 12:00:00,0.11150039,-0.10954084,4339203.78529813,-468833.52373287774,0.0
1559,11.405,46.91667,-6.1666565,2024-06-01 12:00:00,0.118386865,-0.11544028,4339203.78529813,-468833.52373287774,0.0
1739,13.46714,46.91667,-6.1666565,2024-06-01 12:00:00,0.12369773,-0.1210442,4339203.78529813,-468833.52373287774,0.0
1919,15.81007,46.91667,-6.1666565,2024-06-01 12:00:00,0.12817511,-0.12669846,4339203.78529813,-468833.52373287774,0.0
2099,18.49556,46.91667,-6.1666565,2024-06-01 12:00:00,0.13192676,-0.133425,4339203.78529813,-468833.52373287774,0.0
2279,21.59882,46.91667,-6.1666565,2024-06-01 12:00:00,0.12941948,-0.14405636,4339203.78529813,-468833.52373287774,0.0
2459,25.21141,46.91667,-6.1666565,2024-06-01 12:00:00,0.10452253,-0.14962062,4339203.78529813,-468833.52373287774,0.0
2639,29.44473,46.91667,-6.1666565,2024-06-01 12:00:00,0.09981881,-0.11637286,4339203.78529813,-468833.52373287774,0.0
2819,34.43415,46.91667,-6.1666565,2024-06-01 12:00:00,0.086707965,-0.08445633,4339203.78529813,-468833.52373287774,0.0
2999,40.34405,46.91667,-6.1666565,2024-06-01 12:00:00,0.07812671,-0.06521682,4339203.78529813,-468833.52373287774,0.0
3179,47.37369,46.91667,-6.1666565,2024-06-01 12:00:00,0.08674004,-0.06478346,4339203.78529813,-468833.52373287774,0.0
3359,55.76429,46.91667,-6.1666565,2024-06-01 12:00:00,0.09818995,-0.07505779,4339203.78529813,-468833.52373287774,0.0
3539,65.80727,46.91667,-6.1666565,2024-06-01 12:00:00,0.103957914,-0.08310668,4339203.78529813,-468833.52373287774,0.0
3719,77.85385,46.91667,-6.1666565,2024-06-01 12:00:00,0.10666606,-0.08607224,4339203.78529813,-468833.52373287774,0.0
3899,92.32607,46.91667,-6.1666565,2024-06-01 12:00:00,0.11121233,-0.08259579,4339203.78529813,-468833.52373287774,0.0
4079,109.7293,46.91667,-6.1666565,2024-06-01 12:00:00,0.12336846,-0.07563573,4339203.78529813,-468833.52373287774,0.0
4259,130.666,46.91667,-6.1666565,2024-06-01 12:00:00,0.13419397,-0.06776911,4339203.78529813,-468833.52373287774,0.0
4439,155.8507,46.91667,-6.1666565,2024-06-01 12:00:00,0.13330935,-0.07496087,4339203.78529813,-468833.52373287774,0.0
4619,186.1256,46.91667,-6.1666565,2024-06-01 12:00:00,0.13330099,-0.08924774,4339203.78529813,-468833.52373287774,0.0
4799,222.4752,46.91667,-6.1666565,2024-06-01 12:00:00,0.12886469,-0.08409262,4339203.78529813,-468833.52373287774,0.0
4979,266.0403,46.91667,-6.1666565,2024-06-01 12:00:00,0.11773711,-0.07943617,4339203.78529813,-468833.52373287774,0.0
5159,318.1274,46.91667,-6.1666565,2024-06-01 12:00:00,0.108606,-0.07565594,4339203.78529813,-468833.52373287774,0.0
5339,380.213,46.91667,-6.1666565,2024-06-01 12:00:00,0.10098139,-0.07275163,4339203.78529813,-468833.52373287774,0.0
5519,453.9377,46.91667,-6.1666565,2024-06-01 12:00:00,0.09703362,-0.086641975,4339203.78529813,-468833.52373287774,0.0
5699,541.0889,46.91667,-6.1666565,2024-06-01 12:00:00,0.09307898,-0.090240344,4339203.78529813,-468833.52373287774,0.0
5879,643.5668,46.91667,-6.1666565,2024-06-01 12:00:00,0.076873444,-0.08172614,4339203.78529813,-468833.52373287774,0.0
6059,763.3331,46.91667,-6.1666565,2024-06-01 12:00:00,0.07467905,-0.07670408,4339203.78529813,-468833.52373287774,0.0
6239,902.3393,46.91667,-6.1666565,2024-06-01 12:00:00,0.06777924,-0.079845764,4339203.78529813,-468833.52373287774,0.0
128,0.494025,46.91667,-6.0833282,2024-06-01 12:00:00,-0.018242683,-0.09947206,4339881.045145775,-462522.2992525033,0.0
308,1.541375,46.91667,-6.0833282,2024-06-01 12:00:00,-0.014843996,-0.09510059,4339881.045145775,-462522.2992525033,0.0
488,2.645669,46.91667,-6.0833282,2024-06-01 12:00:00,-0.01079615,-0.09094789,4339881.045145775,-462522.2992525033,0.0
668,3.819495,46.91667,-6.0833282,2024-06-01 12:00:00,-0.0040690494,-0.08591095,4339881.045145775,-462522.2992525033,0.0
848,5.078224,46.91667,-6.0833282,2024-06-01 12:00:00,0.015692811,-0.07795274,4339881.045145775,-462522.2992525033,0.0
1028,6.440614,46.91667,-6.0833282,2024-06-01 12:00:00,0.043210033,-0.076113984,4339881.045145775,-462522.2992525033,0.0
1208,7.92956,46.91667,-6.0833282,2024-06-01 12:00:00,0.06726054,-0.08288866,4339881.045145775,-462522.2992525033,0.0
1388,9.572997,46.91667,-6.0833282,2024-06-01 12:00:00,0.07836259,-0.09057471,4339881.045145775,-462522.2992525033,0.0
1568,11.405,46.91667,-6.0833282,2024-06-01 12:00:00,0.08464261,-0.09706582,4339881.045145775,-462522.2992525033,0.0
1748,13.46714,46.91667,-6.0833282,2024-06-01 12:00:00,0.089334115,-0.10303449,4339881.045145775,-462522.2992525033,0.0
1928,15.81007,46.91667,-6.0833282,2024-06-01 12:00:00,0.09305676,-0.10864005,4339881.045145775,-462522.2992525033,0.0
2108,18.49556,46.91667,-6.0833282,2024-06-01 12:00:00,0.0957774,-0.1138182,4339881.045145775,-462522.2992525033,0.0
2288,21.59882,46.91667,-6.0833282,2024-06-01 12:00:00,0.095687546,-0.11757842,4339881.045145775,-462522.2992525033,0.0
2468,25.21141,46.91667,-6.0833282,2024-06-01 12:00:00,0.086299986,-0.11271585,4339881.045145775,-462522.2992525033,0.0
2648,29.44473,46.91667,-6.0833282,2024-06-01 12:00:00,0.07697779,-0.10261084,4339881.045145775,-462522.2992525033,0.0
2828,34.43415,46.91667,-6.0833282,2024-06-01 12:00:00,0.05922634,-0.081144005,4339881.045145775,-462522.2992525033,0.0
3008,40.34405,46.91667,-6.0833282,2024-06-01 12:00:00,0.048013788,-0.06329077,4339881.045145775,-462522.2992525033,0.0
3188,47.37369,46.91667,-6.0833282,2024-06-01 12:00:00,0.056140646,-0.06034085,4339881.045145775,-462522.2992525033,0.0
3368,55.76429,46.91667,-6.0833282,2024-06-01 12:00:00,0.0688537,-0.0688197,4339881.045145775,-462522.2992525033,0.0
3548,65.80727,46.91667,-6.0833282,2024-06-01 12:00:00,0.077464774,-0.08081116,4339881.045145775,-462522.2992525033,0.0
3728,77.85385,46.91667,-6.0833282,2024-06-01 12:00:00,0.08517422,-0.08753844,4339881.045145775,-462522.2992525033,0.0
3908,92.32607,46.91667,-6.0833282,2024-06-01 12:00:00,0.094075486,-0.08920922,4339881.045145775,-462522.2992525033,0.0
4088,109.7293,46.91667,-6.0833282,2024-06-01 12:00:00,0.10215911,-0.08321269,4339881.045145775,-462522.2992525033,0.0
4268,130.666,46.91667,-6.0833282,2024-06-01 12:00:00,0.11049775,-0.06969446,4339881.045145775,-462522.2992525033,0.0
4448,155.8507,46.91667,-6.0833282,2024-06-01 12:00:00,0.1134386,-0.073467836,4339881.045145775,-462522.2992525033,0.0
4628,186.1256,46.91667,-6.0833282,2024-06-01 12:00:00,0.11613342,-0.083032176,4339881.045145775,-462522.2992525033,0.0
4808,222.4752,46.91667,-6.0833282,2024-06-01 12:00:00,0.115867026,-0.07697406,4339881.045145775,-462522.2992525033,0.0
4988,266.0403,46.91667,-6.0833282,2024-06-01 12:00:00,0.11278748,-0.074550554,4339881.045145775,-462522.2992525033,0.0
5168,318.1274,46.91667,-6.0833282,2024-06-01 12:00:00,0.10624067,-0.07387227,4339881.045145775,-462522.2992525033,0.0
5348,380.213,46.91667,-6.0833282,2024-06-01 12:00:00,0.10514714,-0.07815985,4339881.045145775,-462522.2992525033,0.0
5528,453.9377,46.91667,-6.0833282,2024-06-01 12:00:00,0.101518445,-0.09037648,4339881.045145775,-462522.2992525033,0.0
5708,541.0889,46.91667,-6.0833282,2024-06-01 12:00:00,0.08137279,-0.0929335,4339881.045145775,-462522.2992525033,0.0
5888,643.5668,46.91667,-6.0833282,2024-06-01 12:00:00,0.06287268,-0.06986535,4339881.045145775,-462522.2992525033,0.0
6068,763.3331,46.91667,-6.0833282,2024-06-01 12:00:00,0.051580362,-0.05997782,4339881.045145775,-462522.2992525033,0.0
6248,902.3393,46.91667,-6.0833282,2024-06-01 12:00:00,0.05040552,-0.05720092,4339881.045145775,-462522.2992525033,0.0
137,0.494025,46.91667,-6.0,2024-06-01 12:00:00,-0.04727058,-0.053621355,4340549.125536747,-456210.0964726406,0.0
317,1.541375,46.91667,-6.0,2024-06-01 12:00:00,-0.044010997,-0.04922506,4340549.125536747,-456210.0964726406,0.0
497,2.645669,46.91667,-6.0,2024-06-01 12:00:00,-0.040171828,-0.045132224,4340549.125536747,-456210.0964726406,0.0
677,3.819495,46.91667,-6.0,2024-06-01 12:00:00,-0.03421402,-0.04053914,4340549.125536747,-456210.0964726406,0.0
857,5.078224,46.91667,-6.0,2024-06-01 12:00:00,-0.016117789,-0.03294824,4340549.125536747,-456210.0964726406,0.0
1037,6.440614,46.91667,-6.0,2024-06-01 12:00:00,0.011267905,-0.031192834,4340549.125536747,-456210.0964726406,0.0
1217,7.92956,46.91667,-6.0,2024-06-01 12:00:00,0.036045663,-0.03897941,4340549.125536747,-456210.0964726406,0.0
1397,9.572997,46.91667,-6.0,2024-06-01 12:00:00,0.04697412,-0.047826868,4340549.125536747,-456210.0964726406,0.0
1577,11.405,46.91667,-6.0,2024-06-01 12:00:00,0.052290272,-0.054688662,4340549.125536747,-456210.0964726406,0.0
1757,13.46714,46.91667,-6.0,2024-06-01 12:00:00,0.056041148,-0.060696226,4340549.125536747,-456210.0964726406,0.0
1937,15.81007,46.91667,-6.0,2024-06-01 12:00:00,0.058831282,-0.06594737,4340549.125536747,-456210.0964726406,0.0
2117,18.49556,46.91667,-6.0,2024-06-01 12:00:00,0.06064179,-0.07011957,4340549.125536747,-456210.0964726406,0.0
2297,21.59882,46.91667,-6.0,2024-06-01 12:00:00,0.06064658,-0.072480135,4340549.125536747,-456210.0964726406,0.0
2477,25.21141,46.91667,-6.0,2024-06-01 12:00:00,0.054367356,-0.071708165,4340549.125536747,-456210.0964726406,0.0
2657,29.44473,46.91667,-6.0,2024-06-01 12:00:00,0.039928127,-0.080865584,4340549.125536747,-456210.0964726406,0.0
2837,34.43415,46.91667,-6.0,2024-06-01 12:00:00,0.016096167,-0.070086524,4340549.125536747,-456210.0964726406,0.0
3017,40.34405,46.91667,-6.0,2024-06-01 12:00:00,0.0022885255,-0.055293687,4340549.125536747,-456210.0964726406,0.0
3197,47.37369,46.91667,-6.0,2024-06-01 12:00:00,0.006658756,-0.054968536,4340549.125536747,-456210.0964726406,0.0
3377,55.76429,46.91667,-6.0,2024-06-01 12:00:00,0.018582793,-0.06508326,4340549.125536747,-456210.0964726406,0.0
3557,65.80727,46.91667,-6.0,2024-06-01 12:00:00,0.031461257,-0.07487607,4340549.125536747,-456210.0964726406,0.0
3737,77.85385,46.91667,-6.0,2024-06-01 12:00:00,0.046906576,-0.07651004,4340549.125536747,-456210.0964726406,0.0
3917,92.32607,46.91667,-6.0,2024-06-01 12:00:00,0.06507333,-0.07738076,4340549.125536747,-456210.0964726406,0.0
4097,109.7293,46.91667,-6.0,2024-06-01 12:00:00,0.07464126,-0.07649285,4340549.125536747,-456210.0964726406,0.0
4277,130.666,46.91667,-6.0,2024-06-01 12:00:00,0.080136135,-0.06785865,4340549.125536747,-456210.0964726406,0.0
4457,155.8507,46.91667,-6.0,2024-06-01 12:00:00,0.08815675,-0.07837426,4340549.125536747,-456210.0964726406,0.0
4637,186.1256,46.91667,-6.0,2024-06-01 12:00:00,0.09867618,-0.08406623,4340549.125536747,-456210.0964726406,0.0
4817,222.4752,46.91667,-6.0,2024-06-01 12:00:00,0.10058861,-0.070435844,4340549.125536747,-456210.0964726406,0.0
4997,266.0403,46.91667,-6.0,2024-06-01 12:00:00,0.09567726,-0.05419137,4340549.125536747,-456210.0964726406,0.0
5177,318.1274,46.91667,-6.0,2024-06-01 12:00:00,0.092240736,-0.054253414,4340549.125536747,-456210.0964726406,0.0
5357,380.213,46.91667,-6.0,2024-06-01 12:00:00,0.09506417,-0.07736797,4340549.125536747,-456210.0964726406,0.0
5537,453.9377,46.91667,-6.0,2024-06-01 12:00:00,0.082481995,-0.081973046,4340549.125536747,-456210.0964726406,0.0
5717,541.0889,46.91667,-6.0,2024-06-01 12:00:00,0.053414047,-0.08092993,4340549.125536747,-456210.0964726406,0.0
5897,643.5668,46.91667,-6.0,2024-06-01 12:00:00,0.04865013,-0.07355051,4340549.125536747,-456210.0964726406,0.0
6077,763.3331,46.91667,-6.0,2024-06-01 12:00:00,0.037395447,-0.04345668,4340549.125536747,-456210.0964726406,0.0
6257,902.3393,46.91667,-6.0,2024-06-01 12:00:00,0.034588777,-0.045088492,4340549.125536747,-456210.0964726406,0.0
146,0.494025,47.0,-6.25,2024-06-01 12:00:00,-0.0038620743,-0.108496934,4331787.087405169,-474407.8424903363,0.0
326,1.541375,47.0,-6.25,2024-06-01 12:00:00,-0.00039974554,-0.104062326,4331787.087405169,-474407.8424903363,0.0
506,2.645669,47.0,-6.25,2024-06-01 12:00:00,0.003779977,-0.09964757,4331787.087405169,-474407.8424903363,0.0
686,3.819495,47.0,-6.25,2024-06-01 12:00:00,0.011476366,-0.09352145,4331787.087405169,-474407.8424903363,0.0
866,5.078224,47.0,-6.25,2024-06-01 12:00:00,0.031030206,-0.08484423,4331787.087405169,-474407.8424903363,0.0
1046,6.440614,47.0,-6.25,2024-06-01 12:00:00,0.057058297,-0.081871174,4331787.087405169,-474407.8424903363,0.0
1226,7.92956,47.0,-6.25,2024-06-01 12:00:00,0.07784351,-0.086855054,4331787.087405169,-474407.8424903363,0.0
1406,9.572997,47.0,-6.25,2024-06-01 12:00:00,0.08763366,-0.09331169,4331787.087405169,-474407.8424903363,0.0
1586,11.405,47.0,-6.25,2024-06-01 12:00:00,0.09318456,-0.0990214,4331787.087405169,-474407.8424903363,0.0
1766,13.46714,47.0,-6.25,2024-06-01 12:00:00,0.09701809,-0.10412218,4331787.087405169,-474407.8424903363,0.0
1946,15.81007,47.0,-6.25,2024-06-01 12:00:00,0.09982242,-0.10865247,4331787.087405169,-474407.8424903363,0.0
2126,18.49556,47.0,-6.25,2024-06-01 12:00:00,0.10171944,-0.11250391,4331787.087405169,-474407.8424903363,0.0
2306,21.59882,47.0,-6.25,2024-06-01 12:00:00,0.102034315,-0.11602253,4331787.087405169,-474407.8424903363,0.0
2486,25.21141,47.0,-6.25,2024-06-01 12:00:00,0.096534826,-0.12560791,4331787.087405169,-474407.8424903363,0.0
2666,29.44473,47.0,-6.25,2024-06-01 12:00:00,0.07105383,-0.10680292,4331787.087405169,-474407.8424903363,0.0
2846,34.43415,47.0,-6.25,2024-06-01 12:00:00,0.04129309,-0.05728536,4331787.087405169,-474407.8424903363,0.0
3026,40.34405,47.0,-6.25,2024-06-01 12:00:00,0.02591435,-0.011008903,4331787.087405169,-474407.8424903363,0.0
3206,47.37369,47.0,-6.25,2024-06-01 12:00:00,0.031321023,-0.0013621931,4331787.087405169,-474407.8424903363,0.0
3386,55.76429,47.0,-6.25,2024-06-01 12:00:00,0.044365972,-0.019433176,4331787.087405169,-474407.8424903363,0.0
3566,65.80727,47.0,-6.25,2024-06-01 12:00:00,0.058923613,-0.042439524,4331787.087405169,-474407.8424903363,0.0
3746,77.85385,47.0,-6.25,2024-06-01 12:00:00,0.06871012,-0.061177675,4331787.087405169,-474407.8424903363,0.0
3926,92.32607,47.0,-6.25,2024-06-01 12:00:00,0.08270789,-0.06798324,4331787.087405169,-474407.8424903363,0.0
4106,109.7293,47.0,-6.25,2024-06-01 12:00:00,0.10380863,-0.066511,4331787.087405169,-474407.8424903363,0.0
4286,130.666,47.0,-6.25,2024-06-01 12:00:00,0.11694218,-0.067577735,4331787.087405169,-474407.8424903363,0.0
4466,155.8507,47.0,-6.25,2024-06-01 12:00:00,0.120970964,-0.080778286,4331787.087405169,-474407.8424903363,0.0
4646,186.1256,47.0,-6.25,2024-06-01 12:00:00,0.1133038,-0.089240246,4331787.087405169,-474407.8424903363,0.0
4826,222.4752,47.0,-6.25,2024-06-01 12:00:00,0.09888932,-0.08495793,4331787.087405169,-474407.8424903363,0.0
5006,266.0403,47.0,-6.25,2024-06-01 12:00:00,0.09571506,-0.082670145,4331787.087405169,-474407.8424903363,0.0
5186,318.1274,47.0,-6.25,2024-06-01 12:00:00,0.09963938,-0.07456057,4331787.087405169,-474407.8424903363,0.0
5366,380.213,47.0,-6.25,2024-06-01 12:00:00,0.10156973,-0.06948921,4331787.087405169,-474407.8424903363,0.0
5546,453.9377,47.0,-6.25,2024-06-01 12:00:00,0.09769408,-0.07286689,4331787.087405169,-474407.8424903363,0.0
5726,541.0889,47.0,-6.25,2024-06-01 12:00:00,0.089973934,-0.07844514,4331787.087405169,-474407.8424903363,0.0
5906,643.5668,47.0,-6.25,2024-06-01 12:00:00,0.0913697,-0.070908755,4331787.087405169,-474407.8424903363,0.0
6086,763.3331,47.0,-6.25,2024-06-01 12:00:00,0.09956523,-0.072085045,4331787.087405169,-474407.8424903363,0.0
6266,902.3393,47.0,-6.25,2024-06-01 12:00:00,0.10779092,-0.076210685,4331787.087405169,-474407.8424903363,0.0
155,0.494025,47.0,-6.1666565,2024-06-01 12:00:00,-0.020685434,-0.083219655,4332472.586781167,-468106.2447951276,0.0
335,1.541375,47.0,-6.1666565,2024-06-01 12:00:00,-0.017257284,-0.0788183,4332472.586781167,-468106.2447951276,0.0
515,2.645669,47.0,-6.1666565,2024-06-01 12:00:00,-0.013176029,-0.0745345,4332472.586781167,-468106.2447951276,0.0
695,3.819495,47.0,-6.1666565,2024-06-01 12:00:00,-0.005902371,-0.06870365,4332472.586781167,-468106.2447951276,0.0
875,5.078224,47.0,-6.1666565,2024-06-01 12:00:00,0.013945649,-0.060100675,4332472.586781167,-468106.2447951276,0.0
1055,6.440614,47.0,-6.1666565,2024-06-01 12:00:00,0.040407706,-0.057849124,4332472.586781167,-468106.2447951276,0.0
1235,7.92956,47.0,-6.1666565,2024-06-01 12:00:00,0.060127802,-0.06379468,4332472.586781167,-468106.2447951276,0.0
1415,9.572997,47.0,-6.1666565,2024-06-01 12:00:00,0.06855774,-0.07055078,4332472.586781167,-468106.2447951276,0.0
1595,11.405,47.0,-6.1666565,2024-06-01 12:00:00,0.073137976,-0.07639095,4332472.586781167,-468106.2447951276,0.0
1775,13.46714,47.0,-6.1666565,2024-06-01 12:00:00,0.07614202,-0.081612505,4332472.586781167,-468106.2447951276,0.0
1955,15.81007,47.0,-6.1666565,2024-06-01 12:00:00,0.07815032,-0.08626607,4332472.586781167,-468106.2447951276,0.0
2135,18.49556,47.0,-6.1666565,2024-06-01 12:00:00,0.07928204,-0.090275705,4332472.586781167,-468106.2447951276,0.0
2315,21.59882,47.0,-6.1666565,2024-06-01 12:00:00,0.07915378,-0.093889676,4332472.586781167,-468106.2447951276,0.0
2495,25.21141,47.0,-6.1666565,2024-06-01 12:00:00,0.07492518,-0.097993605,4332472.586781167,-468106.2447951276,0.0
2675,29.44473,47.0,-6.1666565,2024-06-01 12:00:00,0.05073832,-0.08152618,4332472.586781167,-468106.2447951276,0.0
2855,34.43415,47.0,-6.1666565,2024-06-01 12:00:00,0.016022008,-0.045034286,4332472.586781167,-468106.2447951276,0.0
3035,40.34405,47.0,-6.1666565,2024-06-01 12:00:00,-0.0073130415,-0.011907456,4332472.586781167,-468106.2447951276,0.0
3215,47.37369,47.0,-6.1666565,2024-06-01 12:00:00,-0.008848199,-0.003608823,4332472.586781167,-468106.2447951276,0.0
3395,55.76429,47.0,-6.1666565,2024-06-01 12:00:00,-0.00028854277,-0.0129317,4332472.586781167,-468106.2447951276,0.0
3575,65.80727,47.0,-6.1666565,2024-06-01 12:00:00,0.015440193,-0.02871891,4332472.586781167,-468106.2447951276,0.0
3755,77.85385,47.0,-6.1666565,2024-06-01 12:00:00,0.030402077,-0.04026009,4332472.586781167,-468106.2447951276,0.0
3935,92.32607,47.0,-6.1666565,2024-06-01 12:00:00,0.04689681,-0.044247143,4332472.586781167,-468106.2447951276,0.0
4115,109.7293,47.0,-6.1666565,2024-06-01 12:00:00,0.06030797,-0.04221827,4332472.586781167,-468106.2447951276,0.0
4295,130.666,47.0,-6.1666565,2024-06-01 12:00:00,0.07004668,-0.04313883,4332472.586781167,-468106.2447951276,0.0
4475,155.8507,47.0,-6.1666565,2024-06-01 12:00:00,0.085868925,-0.06297557,4332472.586781167,-468106.2447951276,0.0
4655,186.1256,47.0,-6.1666565,2024-06-01 12:00:00,0.08861228,-0.07329952,4332472.586781167,-468106.2447951276,0.0
4835,222.4752,47.0,-6.1666565,2024-06-01 12:00:00,0.082753405,-0.066910565,4332472.586781167,-468106.2447951276,0.0
5015,266.0403,47.0,-6.1666565,2024-06-01 12:00:00,0.08652983,-0.06870149,4332472.586781167,-468106.2447951276,0.0
5195,318.1274,47.0,-6.1666565,2024-06-01 12:00:00,0.09449132,-0.06640932,4332472.586781167,-468106.2447951276,0.0
5375,380.213,47.0,-6.1666565,2024-06-01 12:00:00,0.094329014,-0.06618889,4332472.586781167,-468106.2447951276,0.0
5555,453.9377,47.0,-6.1666565,2024-06-01 12:00:00,0.08914556,-0.06992787,4332472.586781167,-468106.2447951276,0.0
5735,541.0889,47.0,-6.1666565,2024-06-01 12:00:00,0.075106435,-0.074101076,4332472.586781167,-468106.2447951276,0.0
5915,643.5668,47.0,-6.1666565,2024-06-01 12:00:00,0.07303678,-0.06188542,4332472.586781167,-468106.2447951276,0.0
6095,763.3331,47.0,-6.1666565,2024-06-01 12:00:00,0.07602552,-0.05648925,4332472.586781167,-468106.2447951276,0.0
6275,902.3393,47.0,-6.1666565,2024-06-01 12:00:00,0.07956876,-0.045908485,4332472.586781167,-468106.2447951276,0.0
164,0.494025,47.0,-6.0833282,2024-06-01 12:00:00,-0.030019686,-0.03919029,4333148.796028124,-461804.81061430223,0.0
344,1.541375,47.0,-6.0833282,2024-06-01 12:00:00,-0.026684036,-0.034792148,4333148.796028124,-461804.81061430223,0.0
524,2.645669,47.0,-6.0833282,2024-06-01 12:00:00,-0.02275981,-0.030607753,4333148.796028124,-461804.81061430223,0.0
704,3.819495,47.0,-6.0833282,2024-06-01 12:00:00,-0.016217597,-0.025479712,4333148.796028124,-461804.81061430223,0.0
884,5.078224,47.0,-6.0833282,2024-06-01 12:00:00,0.0031487478,-0.01728696,4333148.796028124,-461804.81061430223,0.0
1064,6.440614,47.0,-6.0833282,2024-06-01 12:00:00,0.03023,-0.015890887,4333148.796028124,-461804.81061430223,0.0
1244,7.92956,47.0,-6.0833282,2024-06-01 12:00:00,0.05035403,-0.023148473,4333148.796028124,-461804.81061430223,0.0
1424,9.572997,47.0,-6.0833282,2024-06-01 12:00:00,0.058370322,-0.030634586,4333148.796028124,-461804.81061430223,0.0
1604,11.405,47.0,-6.0833282,2024-06-01 12:00:00,0.062462624,-0.036874436,4333148.796028124,-461804.81061430223,0.0
1784,13.46714,47.0,-6.0833282,2024-06-01 12:00:00,0.065004006,-0.04241868,4333148.796028124,-461804.81061430223,0.0
1964,15.81007,47.0,-6.0833282,2024-06-01 12:00:00,0.06650232,-0.047249537,4333148.796028124,-461804.81061430223,0.0
2144,18.49556,47.0,-6.0833282,2024-06-01 12:00:00,0.06703994,-0.050970677,4333148.796028124,-461804.81061430223,0.0
2324,21.59882,47.0,-6.0833282,2024-06-01 12:00:00,0.06635211,-0.052941192,4333148.796028124,-461804.81061430223,0.0
2504,25.21141,47.0,-6.0833282,2024-06-01 12:00:00,0.061148677,-0.052242786,4333148.796028124,-461804.81061430223,0.0
2684,29.44473,47.0,-6.0833282,2024-06-01 12:00:00,0.044877462,-0.048100993,4333148.796028124,-461804.81061430223,0.0
2864,34.43415,47.0,-6.0833282,2024-06-01 12:00:00,0.01122943,-0.029155154,4333148.796028124,-461804.81061430223,0.0
3044,40.34405,47.0,-6.0833282,2024-06-01 12:00:00,-0.01703596,-0.0086894175,4333148.796028124,-461804.81061430223,0.0
3224,47.37369,47.0,-6.0833282,2024-06-01 12:00:00,-0.028595027,-0.0067926524,4333148.796028124,-461804.81061430223,0.0
3404,55.76429,47.0,-6.0833282,2024-06-01 12:00:00,-0.031781394,-0.017425612,4333148.796028124,-461804.81061430223,0.0
3584,65.80727,47.0,-6.0833282,2024-06-01 12:00:00,-0.026643664,-0.029052725,4333148.796028124,-461804.81061430223,0.0
3764,77.85385,47.0,-6.0833282,2024-06-01 12:00:00,-0.019433731,-0.031539626,4333148.796028124,-461804.81061430223,0.0
3944,92.32607,47.0,-6.0833282,2024-06-01 12:00:00,-0.0051453235,-0.026867189,4333148.796028124,-461804.81061430223,0.0
4124,109.7293,47.0,-6.0833282,2024-06-01 12:00:00,0.00411031,-0.025530579,4333148.796028124,-461804.81061430223,0.0
4304,130.666,47.0,-6.0833282,2024-06-01 12:00:00,0.012149295,-0.023454206,4333148.796028124,-461804.81061430223,0.0
4484,155.8507,47.0,-6.0833282,2024-06-01 12:00:00,0.037906203,-0.039258365,4333148.796028124,-461804.81061430223,0.0
4664,186.1256,47.0,-6.0833282,2024-06-01 12:00:00,0.055463165,-0.05310059,4333148.796028124,-461804.81061430223,0.0
4844,222.4752,47.0,-6.0833282,2024-06-01 12:00:00,0.068585,-0.048061755,4333148.796028124,-461804.81061430223,0.0
5024,266.0403,47.0,-6.0833282,2024-06-01 12:00:00,0.07217161,-0.045252763,4333148.796028124,-461804.81061430223,0.0
5204,318.1274,47.0,-6.0833282,2024-06-01 12:00:00,0.074356616,-0.045655027,4333148.796028124,-461804.81061430223,0.0
5384,380.213,47.0,-6.0833282,2024-06-01 12:00:00,0.078114256,-0.06451239,4333148.796028124,-461804.81061430223,0.0
5564,453.9377,47.0,-6.0833282,2024-06-01 12:00:00,0.06502321,-0.06337559,4333148.796028124,-461804.81061430223,0.0
5744,541.0889,47.0,-6.0833282,2024-06-01 12:00:00,0.05548262,-0.055839084,4333148.796028124,-461804.81061430223,0.0
5924,643.5668,47.0,-6.0833282,2024-06-01 12:00:00,0.054112006,-0.042114936,4333148.796028124,-461804.81061430223,0.0
6104,763.3331,47.0,-6.0833282,2024-06-01 12:00:00,0.05173492,-0.02708136,4333148.796028124,-461804.81061430223,0.0
6284,902.3393,47.0,-6.0833282,2024-06-01 12:00:00,0.060181882,-0.039037734,4333148.796028124,-461804.81061430223,0.0
173,0.494025,47.0,-6.0,2024-06-01 12:00:00,-0.040555064,-0.0043406337,4333815.840058059,-455502.3996515776,0.0
353,1.541375,47.0,-6.0,2024-06-01 12:00:00,-0.037361316,9.830785e-05,4333815.840058059,-455502.3996515776,0.0
533,2.645669,47.0,-6.0,2024-06-01 12:00:00,-0.033642467,0.0042562466,4333815.840058059,-455502.3996515776,0.0
713,3.819495,47.0,-6.0,2024-06-01 12:00:00,-0.027853593,0.00901343,4333815.840058059,-455502.3996515776,0.0
893,5.078224,47.0,-6.0,2024-06-01 12:00:00,-0.00973089,0.01739946,4333815.840058059,-455502.3996515776,0.0
1073,6.440614,47.0,-6.0,2024-06-01 12:00:00,0.017599516,0.020122768,4333815.840058059,-455502.3996515776,0.0
1253,7.92956,47.0,-6.0,2024-06-01 12:00:00,0.038920954,0.013596747,4333815.840058059,-455502.3996515776,0.0
1433,9.572997,47.0,-6.0,2024-06-01 12:00:00,0.04727841,0.0060923467,4333815.840058059,-455502.3996515776,0.0
1613,11.405,47.0,-6.0,2024-06-01 12:00:00,0.05108579,0.00018368056,4333815.840058059,-455502.3996515776,0.0
1793,13.46714,47.0,-6.0,2024-06-01 12:00:00,0.053505395,-0.0049351277,4333815.840058059,-455502.3996515776,0.0
1973,15.81007,47.0,-6.0,2024-06-01 12:00:00,0.055118784,-0.009384874,4333815.840058059,-455502.3996515776,0.0
2153,18.49556,47.0,-6.0,2024-06-01 12:00:00,0.056055382,-0.013042486,4333815.840058059,-455502.3996515776,0.0
2333,21.59882,47.0,-6.0,2024-06-01 12:00:00,0.056133527,-0.01617384,4333815.840058059,-455502.3996515776,0.0
2513,25.21141,47.0,-6.0,2024-06-01 12:00:00,0.048191126,-0.023003483,4333815.840058059,-455502.3996515776,0.0
2693,29.44473,47.0,-6.0,2024-06-01 12:00:00,0.03316743,-0.019187015,4333815.840058059,-455502.3996515776,0.0
2873,34.43415,47.0,-6.0,2024-06-01 12:00:00,0.00840948,-0.0055992287,4333815.840058059,-455502.3996515776,0.0
3053,40.34405,47.0,-6.0,2024-06-01 12:00:00,-0.018372716,0.013879823,4333815.840058059,-455502.3996515776,0.0
3233,47.37369,47.0,-6.0,2024-06-01 12:00:00,-0.037542768,0.023982404,4333815.840058059,-455502.3996515776,0.0
3413,55.76429,47.0,-6.0,2024-06-01 12:00:00,-0.04987414,0.02148966,4333815.840058059,-455502.3996515776,0.0
3593,65.80727,47.0,-6.0,2024-06-01 12:00:00,-0.058115117,0.015819332,4333815.840058059,-455502.3996515776,0.0
3773,77.85385,47.0,-6.0,2024-06-01 12:00:00,-0.062716074,0.013561066,4333815.840058059,-455502.3996515776,0.0
3953,92.32607,47.0,-6.0,2024-06-01 12:00:00,-0.052246843,0.011916491,4333815.840058059,-455502.3996515776,0.0
4133,109.7293,47.0,-6.0,2024-06-01 12:00:00,-0.04224509,0.0012654569,4333815.840058059,-455502.3996515776,0.0
4313,130.666,47.0,-6.0,2024-06-01 12:00:00,-0.033405654,-0.0041696616,4333815.840058059,-455502.3996515776,0.0
4493,155.8507,47.0,-6.0,2024-06-01 12:00:00,-0.007908661,-0.019866671,4333815.840058059,-455502.3996515776,0.0
4673,186.1256,47.0,-6.0,2024-06-01 12:00:00,0.0133620715,-0.03189137,4333815.840058059,-455502.3996515776,0.0
4853,222.4752,47.0,-6.0,2024-06-01 12:00:00,0.043544926,-0.04369474,4333815.840058059,-455502.3996515776,0.0
5033,266.0403,47.0,-6.0,2024-06-01 12:00:00,0.0555906,-0.042579684,4333815.840058059,-455502.3996515776,0.0
5213,318.1274,47.0,-6.0,2024-06-01 12:00:00,0.04779876,-0.04115429,4333815.840058059,-455502.3996515776,0.0
5393,380.213,47.0,-6.0,2024-06-01 12:00:00,0.040819343,-0.037431367,4333815.840058059,-455502.3996515776,0.0
5573,453.9377,47.0,-6.0,2024-06-01 12:00:00,0.022134718,-0.022747692,4333815.840058059,-455502.3996515776,0.0
5753,541.0889,47.0,-6.0,2024-06-01 12:00:00,0.02901658,-0.028463062,4333815.840058059,-455502.3996515776,0.0
5933,643.5668,47.0,-6.0,2024-06-01 12:00:00,0.040056236,-0.03550705,4333815.840058059,-455502.3996515776,0.0
6113,763.3331,47.0,-6.0,2024-06-01 12:00:00,0.03453472,-0.018785775,4333815.840058059,-455502.3996515776,0.0
6293,902.3393,47.0,-6.0,2024-06-01 12:00:00,0.048532218,-0.018576957,4333815.840058059,-455502.3996515776,0.0
3,0.494025,46.66667,-6.25,2024-06-01 18:00:00,-0.009930261,-0.062755786,4358653.3150161095,-477350.1729464703,0.0
183,1.541375,46.66667,-6.25,2024-06-01 18:00:00,-0.008454926,-0.05898392,4358653.3150161095,-477350.1729464703,0.0
363,2.645669,46.66667,-6.25,2024-06-01 18:00:00,-0.00695166,-0.055580266,4358653.3150161095,-477350.1729464703,0.0
543,3.819495,46.66667,-6.25,2024-06-01 18:00:00,-0.005423411,-0.052563455,4358653.3150161095,-477350.1729464703,0.0
723,5.078224,46.66667,-6.25,2024-06-01 18:00:00,-0.0038373584,-0.049905058,4358653.3150161095,-477350.1729464703,0.0
903,6.440614,46.66667,-6.25,2024-06-01 18:00:00,-0.002098013,-0.047544524,4358653.3150161095,-477350.1729464703,0.0
1083,7.92956,46.66667,-6.25,2024-06-01 18:00:00,0.0001557509,-0.045302358,4358653.3150161095,-477350.1729464703,0.0
1263,9.572997,46.66667,-6.25,2024-06-01 18:00:00,0.005836887,-0.042175505,4358653.3150161095,-477350.1729464703,0.0
1443,11.405,46.66667,-6.25,2024-06-01 18:00:00,0.046294417,-0.0531255,4358653.3150161095,-477350.1729464703,0.0
1623,13.46714,46.66667,-6.25,2024-06-01 18:00:00,0.05081547,-0.059248686,4358653.3150161095,-477350.1729464703,0.0
1803,15.81007,46.66667,-6.25,2024-06-01 18:00:00,0.044564098,-0.057156794,4358653.3150161095,-477350.1729464703,0.0
1983,18.49556,46.66667,-6.25,2024-06-01 18:00:00,0.038380377,-0.054115463,4358653.3150161095,-477350.1729464703,0.0
2163,21.59882,46.66667,-6.25,2024-06-01 18:00:00,0.031083854,-0.049562357,4358653.3150161095,-477350.1729464703,0.0
2343,25.21141,46.66667,-6.25,2024-06-01 18:00:00,0.028047664,-0.03784414,4358653.3150161095,-477350.1729464703,0.0
2523,29.44473,46.66667,-6.25,2024-06-01 18:00:00,0.039348863,-0.03169687,4358653.3150161095,-477350.1729464703,0.0
2703,34.43415,46.66667,-6.25,2024-06-01 18:00:00,0.04474473,-0.021443682,4358653.3150161095,-477350.1729464703,0.0
2883,40.34405,46.66667,-6.25,2024-06-01 18:00:00,0.05735333,-0.012464027,4358653.3150161095,-477350.1729464703,0.0
3063,47.37369,46.66667,-6.25,2024-06-01 18:00:00,0.056753296,-0.012252795,4358653.3150161095,-477350.1729464703,0.0
3243,55.76429,46.66667,-6.25,2024-06-01 18:00:00,0.045038722,-0.010487402,4358653.3150161095,-477350.1729464703,0.0
3423,65.80727,46.66667,-6.25,2024-06-01 18:00:00,0.03655244,-0.009231994,4358653.3150161095,-477350.1729464703,0.0
3603,77.85385,46.66667,-6.25,2024-06-01 18:00:00,0.03164729,-0.0092635695,4358653.3150161095,-477350.1729464703,0.0
3783,92.32607,46.66667,-6.25,2024-06-01 18:00:00,0.02034157,-0.0048719575,4358653.3150161095,-477350.1729464703,0.0
3963,109.7293,46.66667,-6.25,2024-06-01 18:00:00,0.0028670328,-0.0017182808,4358653.3150161095,-477350.1729464703,0.0
4143,130.666,46.66667,-6.25,2024-06-01 18:00:00,-0.0046116784,-0.0007401542,4358653.3150161095,-477350.1729464703,0.0
4323,155.8507,46.66667,-6.25,2024-06-01 18:00:00,-0.008245935,0.004388237,4358653.3150161095,-477350.1729464703,0.0
4503,186.1256,46.66667,-6.25,2024-06-01 18:00:00,-0.0055804136,0.010083612,4358653.3150161095,-477350.1729464703,0.0
4683,222.4752,46.66667,-6.25,2024-06-01 18:00:00,-0.01613589,0.011900265,4358653.3150161095,-477350.1729464703,0.0
4863,266.0403,46.66667,-6.25,2024-06-01 18:00:00,-0.037444733,0.0134360595,4358653.3150161095,-477350.1729464703,0.0
5043,318.1274,46.66667,-6.25,2024-06-01 18:00:00,-0.046743147,0.012426754,4358653.3150161095,-477350.1729464703,0.0
5223,380.213,46.66667,-6.25,2024-06-01 18:00:00,-0.04393036,0.013353565,4358653.3150161095,-477350.1729464703,0.0
5403,453.9377,46.66667,-6.25,2024-06-01 18:00:00,-0.04286502,0.005042522,4358653.3150161095,-477350.1729464703,0.0
5583,541.0889,46.66667,-6.25,2024-06-01 18:00:00,-0.040115926,-0.004197894,4358653.3150161095,-477350.1729464703,0.0
5763,643.5668,46.66667,-6.25,2024-06-01 18:00:00,-0.041773763,-0.011641343,4358653.3150161095,-477350.1729464703,0.0
5943,763.3331,46.66667,-6.25,2024-06-01 18:00:00,-0.02598642,-0.028435385,4358653.3150161095,-477350.1729464703,0.0
6123,902.3393,46.66667,-6.25,2024-06-01 18:00:00,0.005720702,-0.056833554,4358653.3150161095,-477350.1729464703,0.0
12,0.494025,46.66667,-6.1666565,2024-06-01 18:00:00,0.042559527,-0.089781396,4359343.065935845,-471009.49203812674,0.0
192,1.541375,46.66667,-6.1666565,2024-06-01 18:00:00,0.043895308,-0.08593114,4359343.065935845,-471009.49203812674,0.0
372,2.645669,46.66667,-6.1666565,2024-06-01 18:00:00,0.045280978,-0.08245255,4359343.065935845,-471009.49203812674,0.0
552,3.819495,46.66667,-6.1666565,2024-06-01 18:00:00,0.046715032,-0.0793661,4359343.065935845,-471009.49203812674,0.0
732,5.078224,46.66667,-6.1666565,2024-06-01 18:00:00,0.04823248,-0.07664374,4359343.065935845,-471009.49203812674,0.0
912,6.440614,46.66667,-6.1666565,2024-06-01 18:00:00,0.049936008,-0.07422592,4359343.065935845,-471009.49203812674,0.0
1092,7.92956,46.66667,-6.1666565,2024-06-01 18:00:00,0.05221922,-0.07192919,4359343.065935845,-471009.49203812674,0.0
1272,9.572997,46.66667,-6.1666565,2024-06-01 18:00:00,0.058257926,-0.06878073,4359343.065935845,-471009.49203812674,0.0
1452,11.405,46.66667,-6.1666565,2024-06-01 18:00:00,0.09803619,-0.07839817,4359343.065935845,-471009.49203812674,0.0
1632,13.46714,46.66667,-6.1666565,2024-06-01 18:00:00,0.103262156,-0.085681535,4359343.065935845,-471009.49203812674,0.0
1812,15.81007,46.66667,-6.1666565,2024-06-01 18:00:00,0.09662563,-0.08341249,4359343.065935845,-471009.49203812674,0.0
1992,18.49556,46.66667,-6.1666565,2024-06-01 18:00:00,0.09021483,-0.08021521,4359343.065935845,-471009.49203812674,0.0
2172,21.59882,46.66667,-6.1666565,2024-06-01 18:00:00,0.08449153,-0.07592028,4359343.065935845,-471009.49203812674,0.0
2352,25.21141,46.66667,-6.1666565,2024-06-01 18:00:00,0.07753117,-0.06488673,4359343.065935845,-471009.49203812674,0.0
2532,29.44473,46.66667,-6.1666565,2024-06-01 18:00:00,0.09102069,-0.061583877,4359343.065935845,-471009.49203812674,0.0
2712,34.43415,46.66667,-6.1666565,2024-06-01 18:00:00,0.09290386,-0.05618519,4359343.065935845,-471009.49203812674,0.0
2892,40.34405,46.66667,-6.1666565,2024-06-01 18:00:00,0.10031092,-0.053312708,4359343.065935845,-471009.49203812674,0.0
3072,47.37369,46.66667,-6.1666565,2024-06-01 18:00:00,0.0988248,-0.05205939,4359343.065935845,-471009.49203812674,0.0
3252,55.76429,46.66667,-6.1666565,2024-06-01 18:00:00,0.08994883,-0.048008926,4359343.065935845,-471009.49203812674,0.0
3432,65.80727,46.66667,-6.1666565,2024-06-01 18:00:00,0.08208793,-0.043620665,4359343.065935845,-471009.49203812674,0.0
3612,77.85385,46.66667,-6.1666565,2024-06-01 18:00:00,0.076537214,-0.03963714,4359343.065935845,-471009.49203812674,0.0
3792,92.32607,46.66667,-6.1666565,2024-06-01 18:00:00,0.06672237,-0.03237686,4359343.065935845,-471009.49203812674,0.0
3972,109.7293,46.66667,-6.1666565,2024-06-01 18:00:00,0.047001615,-0.027992282,4359343.065935845,-471009.49203812674,0.0
4152,130.666,46.66667,-6.1666565,2024-06-01 18:00:00,0.030575315,-0.022632089,4359343.065935845,-471009.49203812674,0.0
4332,155.8507,46.66667,-6.1666565,2024-06-01 18:00:00,0.012621115,-0.012876747,4359343.065935845,-471009.49203812674,0.0
4512,186.1256,46.66667,-6.1666565,2024-06-01 18:00:00,-0.0026743393,-0.0003434886,4359343.065935845,-471009.49203812674,0.0
4692,222.4752,46.66667,-6.1666565,2024-06-01 18:00:00,-0.016382096,0.010007168,4359343.065935845,-471009.49203812674,0.0
4872,266.0403,46.66667,-6.1666565,2024-06-01 18:00:00,-0.018165357,0.013822529,4359343.065935845,-471009.49203812674,0.0
5052,318.1274,46.66667,-6.1666565,2024-06-01 18:00:00,-0.024593873,0.009994601,4359343.065935845,-471009.49203812674,0.0
5232,380.213,46.66667,-6.1666565,2024-06-01 18:00:00,-0.032943934,0.010259151,4359343.065935845,-471009.49203812674,0.0
5412,453.9377,46.66667,-6.1666565,2024-06-01 18:00:00,-0.031652406,-0.0018560525,4359343.065935845,-471009.49203812674,0.0
5592,541.0889,46.66667,-6.1666565,2024-06-01 18:00:00,-0.028045993,-0.017360613,4359343.065935845,-471009.49203812674,0.0
5772,643.5668,46.66667,-6.1666565,2024-06-01 18:00:00,-0.011684702,-0.030138234,4359343.065935845,-471009.49203812674,0.0
5952,763.3331,46.66667,-6.1666565,2024-06-01 18:00:00,-0.005450117,-0.052118015,4359343.065935845,-471009.49203812674,0.0
6132,902.3393,46.66667,-6.1666565,2024-06-01 18:00:00,0.020364549,-0.073042706,4359343.065935845,-471009.49203812674,0.0
21,0.494025,46.66667,-6.0833282,2024-06-01 18:00:00,0.091803804,-0.11284717,4360023.469108121,-464668.9756583009,0.0
201,1.541375,46.66667,-6.0833282,2024-06-01 18:00:00,0.09302229,-0.108913995,4360023.469108121,-464668.9756583009,0.0
381,2.645669,46.66667,-6.0833282,2024-06-01 18:00:00,0.09431907,-0.105361745,4360023.469108121,-464668.9756583009,0.0
561,3.819495,46.66667,-6.0833282,2024-06-01 18:00:00,0.095693596,-0.102212116,4360023.469108121,-464668.9756583009,0.0
741,5.078224,46.66667,-6.0833282,2024-06-01 18:00:00,0.09718464,-0.099433504,4360023.469108121,-464668.9756583009,0.0
921,6.440614,46.66667,-6.0833282,2024-06-01 18:00:00,0.098910764,-0.09695649,4360023.469108121,-464668.9756583009,0.0
1101,7.92956,46.66667,-6.0833282,2024-06-01 18:00:00,0.10136466,-0.09454636,4360023.469108121,-464668.9756583009,0.0
1281,9.572997,46.66667,-6.0833282,2024-06-01 18:00:00,0.109102026,-0.09083485,4360023.469108121,-464668.9756583009,0.0
1461,11.405,46.66667,-6.0833282,2024-06-01 18:00:00,0.1504239,-0.10352781,4360023.469108121,-464668.9756583009,0.0
1641,13.46714,46.66667,-6.0833282,2024-06-01 18:00:00,0.15559042,-0.11359415,4360023.469108121,-464668.9756583009,0.0
1821,15.81007,46.66667,-6.0833282,2024-06-01 18:00:00,0.14887492,-0.11169002,4360023.469108121,-464668.9756583009,0.0
2001,18.49556,46.66667,-6.0833282,2024-06-01 18:00:00,0.14254372,-0.10868311,4360023.469108121,-464668.9756583009,0.0
2181,21.59882,46.66667,-6.0833282,2024-06-01 18:00:00,0.13743646,-0.10469526,4360023.469108121,-464668.9756583009,0.0
2361,25.21141,46.66667,-6.0833282,2024-06-01 18:00:00,0.12627752,-0.0932829,4360023.469108121,-464668.9756583009,0.0
2541,29.44473,46.66667,-6.0833282,2024-06-01 18:00:00,0.13658825,-0.09187972,4360023.469108121,-464668.9756583009,0.0
2721,34.43415,46.66667,-6.0833282,2024-06-01 18:00:00,0.13377722,-0.09320658,4360023.469108121,-464668.9756583009,0.0
2901,40.34405,46.66667,-6.0833282,2024-06-01 18:00:00,0.1372939,-0.09645485,4360023.469108121,-464668.9756583009,0.0
3081,47.37369,46.66667,-6.0833282,2024-06-01 18:00:00,0.13450998,-0.09821975,4360023.469108121,-464668.9756583009,0.0
3261,55.76429,46.66667,-6.0833282,2024-06-01 18:00:00,0.1274404,-0.09453216,4360023.469108121,-464668.9756583009,0.0
3441,65.80727,46.66667,-6.0833282,2024-06-01 18:00:00,0.121400885,-0.088538885,4360023.469108121,-464668.9756583009,0.0
3621,77.85385,46.66667,-6.0833282,2024-06-01 18:00:00,0.116400525,-0.08086935,4360023.469108121,-464668.9756583009,0.0
3801,92.32607,46.66667,-6.0833282,2024-06-01 18:00:00,0.107135214,-0.0716501,4360023.469108121,-464668.9756583009,0.0
3981,109.7293,46.66667,-6.0833282,2024-06-01 18:00:00,0.08621375,-0.06652682,4360023.469108121,-464668.9756583009,0.0
4161,130.666,46.66667,-6.0833282,2024-06-01 18:00:00,0.063307054,-0.058437444,4360023.469108121,-464668.9756583009,0.0
4341,155.8507,46.66667,-6.0833282,2024-06-01 18:00:00,0.03924023,-0.04561602,4360023.469108121,-464668.9756583009,0.0
4521,186.1256,46.66667,-6.0833282,2024-06-01 18:00:00,0.021593774,-0.030343816,4360023.469108121,-464668.9756583009,0.0
4701,222.4752,46.66667,-6.0833282,2024-06-01 18:00:00,0.011499479,-0.015959105,4360023.469108121,-464668.9756583009,0.0
4881,266.0403,46.66667,-6.0833282,2024-06-01 18:00:00,0.011353588,-0.007232807,4360023.469108121,-464668.9756583009,0.0
5061,318.1274,46.66667,-6.0833282,2024-06-01 18:00:00,0.004074191,-0.008294979,4360023.469108121,-464668.9756583009,0.0
5241,380.213,46.66667,-6.0833282,2024-06-01 18:00:00,-0.0033400143,-0.007018339,4360023.469108121,-464668.9756583009,0.0
5421,453.9377,46.66667,-6.0833282,2024-06-01 18:00:00,-0.0014840697,-0.013578319,4360023.469108121,-464668.9756583009,0.0
5601,541.0889,46.66667,-6.0833282,2024-06-01 18:00:00,0.0023885188,-0.028205832,4360023.469108121,-464668.9756583009,0.0
5781,643.5668,46.66667,-6.0833282,2024-06-01 18:00:00,0.012473748,-0.044970386,4360023.469108121,-464668.9756583009,0.0
5961,763.3331,46.66667,-6.0833282,2024-06-01 18:00:00,0.022521863,-0.07118847,4360023.469108121,-464668.9756583009,0.0
6141,902.3393,46.66667,-6.0833282,2024-06-01 18:00:00,0.051682077,-0.09329103,4360023.469108121,-464668.9756583009,0.0
30,0.494025,46.66667,-6.0,2024-06-01 18:00:00,0.10837742,-0.12727396,4360694.650219674,-458327.4764384654,0.0
210,1.541375,46.66667,-6.0,2024-06-01 18:00:00,0.10950497,-0.123266846,4360694.650219674,-458327.4764384654,0.0
390,2.645669,46.66667,-6.0,2024-06-01 18:00:00,0.11073304,-0.11964864,4360694.650219674,-458327.4764384654,0.0
570,3.819495,46.66667,-6.0,2024-06-01 18:00:00,0.11206121,-0.1164413,4360694.650219674,-458327.4764384654,0.0
750,5.078224,46.66667,-6.0,2024-06-01 18:00:00,0.11353104,-0.11360656,4360694.650219674,-458327.4764384654,0.0
930,6.440614,46.66667,-6.0,2024-06-01 18:00:00,0.11527742,-0.11105354,4360694.650219674,-458327.4764384654,0.0
1110,7.92956,46.66667,-6.0,2024-06-01 18:00:00,0.11792037,-0.108442046,4360694.650219674,-458327.4764384654,0.0
1290,9.572997,46.66667,-6.0,2024-06-01 18:00:00,0.12818111,-0.10348069,4360694.650219674,-458327.4764384654,0.0
1470,11.405,46.66667,-6.0,2024-06-01 18:00:00,0.17040071,-0.1219802,4360694.650219674,-458327.4764384654,0.0
1650,13.46714,46.66667,-6.0,2024-06-01 18:00:00,0.17218676,-0.13420334,4360694.650219674,-458327.4764384654,0.0
1830,15.81007,46.66667,-6.0,2024-06-01 18:00:00,0.16511843,-0.13309449,4360694.650219674,-458327.4764384654,0.0
2010,18.49556,46.66667,-6.0,2024-06-01 18:00:00,0.15852691,-0.13067645,4360694.650219674,-458327.4764384654,0.0
2190,21.59882,46.66667,-6.0,2024-06-01 18:00:00,0.15325107,-0.1273574,4360694.650219674,-458327.4764384654,0.0
2370,25.21141,46.66667,-6.0,2024-06-01 18:00:00,0.14338283,-0.11241806,4360694.650219674,-458327.4764384654,0.0
2550,29.44473,46.66667,-6.0,2024-06-01 18:00:00,0.14565064,-0.10867383,4360694.650219674,-458327.4764384654,0.0
2730,34.43415,46.66667,-6.0,2024-06-01 18:00:00,0.1476546,-0.111307435,4360694.650219674,-458327.4764384654,0.0
2910,40.34405,46.66667,-6.0,2024-06-01 18:00:00,0.15217105,-0.11979619,4360694.650219674,-458327.4764384654,0.0
3090,47.37369,46.66667,-6.0,2024-06-01 18:00:00,0.1469778,-0.12531805,4360694.650219674,-458327.4764384654,0.0
3270,55.76429,46.66667,-6.0,2024-06-01 18:00:00,0.13653688,-0.12114194,4360694.650219674,-458327.4764384654,0.0
3450,65.80727,46.66667,-6.0,2024-06-01 18:00:00,0.12728462,-0.11144982,4360694.650219674,-458327.4764384654,0.0
3630,77.85385,46.66667,-6.0,2024-06-01 18:00:00,0.11759514,-0.09910348,4360694.650219674,-458327.4764384654,0.0
3810,92.32607,46.66667,-6.0,2024-06-01 18:00:00,0.108200915,-0.08853277,4360694.650219674,-458327.4764384654,0.0
3990,109.7293,46.66667,-6.0,2024-06-01 18:00:00,0.09066794,-0.08568441,4360694.650219674,-458327.4764384654,0.0
4170,130.666,46.66667,-6.0,2024-06-01 18:00:00,0.072498895,-0.082312375,4360694.650219674,-458327.4764384654,0.0
4350,155.8507,46.66667,-6.0,2024-06-01 18:00:00,0.063199125,-0.074804135,4360694.650219674,-458327.4764384654,0.0
4530,186.1256,46.66667,-6.0,2024-06-01 18:00:00,0.056796174,-0.06359791,4360694.650219674,-458327.4764384654,0.0
4710,222.4752,46.66667,-6.0,2024-06-01 18:00:00,0.054848075,-0.051875465,4360694.650219674,-458327.4764384654,0.0
4890,266.0403,46.66667,-6.0,2024-06-01 18:00:00,0.049035817,-0.043138087,4360694.650219674,-458327.4764384654,0.0
5070,318.1274,46.66667,-6.0,2024-06-01 18:00:00,0.03765114,-0.036865186,4360694.650219674,-458327.4764384654,0.0
5250,380.213,46.66667,-6.0,2024-06-01 18:00:00,0.030201238,-0.03075913,4360694.650219674,-458327.4764384654,0.0
5430,453.9377,46.66667,-6.0,2024-06-01 18:00:00,0.03270141,-0.036599994,4360694.650219674,-458327.4764384654,0.0
5610,541.0889,46.66667,-6.0,2024-06-01 18:00:00,0.030207975,-0.04314533,4360694.650219674,-458327.4764384654,0.0
5790,643.5668,46.66667,-6.0,2024-06-01 18:00:00,0.033533353,-0.056078345,4360694.650219674,-458327.4764384654,0.0
5970,763.3331,46.66667,-6.0,2024-06-01 18:00:00,0.0493876,-0.08167534,4360694.650219674,-458327.4764384654,0.0
6150,902.3393,46.66667,-6.0,2024-06-01 18:00:00,0.074949495,-0.10012614,4360694.650219674,-458327.4764384654,0.0
39,0.494025,46.75,-6.25,2024-06-01 18:00:00,0.075268105,-0.09083317,4351950.96357759,-476616.1460837916,0.0
219,1.541375,46.75,-6.25,2024-06-01 18:00:00,0.07679613,-0.08712373,4351950.96357759,-476616.1460837916,0.0
399,2.645669,46.75,-6.25,2024-06-01 18:00:00,0.078358494,-0.083801925,4351950.96357759,-476616.1460837916,0.0
579,3.819495,46.75,-6.25,2024-06-01 18:00:00,0.07995399,-0.08088095,4351950.96357759,-476616.1460837916,0.0
759,5.078224,46.75,-6.25,2024-06-01 18:00:00,0.08162306,-0.07832604,4351950.96357759,-476616.1460837916,0.0
939,6.440614,46.75,-6.25,2024-06-01 18:00:00,0.08349082,-0.07605976,4351950.96357759,-476616.1460837916,0.0
1119,7.92956,46.75,-6.25,2024-06-01 18:00:00,0.08604134,-0.07386957,4351950.96357759,-476616.1460837916,0.0
1299,9.572997,46.75,-6.25,2024-06-01 18:00:00,0.094172366,-0.070355,4351950.96357759,-476616.1460837916,0.0
1479,11.405,46.75,-6.25,2024-06-01 18:00:00,0.1375108,-0.0896026,4351950.96357759,-476616.1460837916,0.0
1659,13.46714,46.75,-6.25,2024-06-01 18:00:00,0.13590233,-0.09752261,4351950.96357759,-476616.1460837916,0.0
1839,15.81007,46.75,-6.25,2024-06-01 18:00:00,0.12725104,-0.098066,4351950.96357759,-476616.1460837916,0.0
2019,18.49556,46.75,-6.25,2024-06-01 18:00:00,0.119109765,-0.09749935,4351950.96357759,-476616.1460837916,0.0
2199,21.59882,46.75,-6.25,2024-06-01 18:00:00,0.10769069,-0.0935317,4351950.96357759,-476616.1460837916,0.0
2379,25.21141,46.75,-6.25,2024-06-01 18:00:00,0.106992275,-0.08045477,4351950.96357759,-476616.1460837916,0.0
2559,29.44473,46.75,-6.25,2024-06-01 18:00:00,0.12696189,-0.07327196,4351950.96357759,-476616.1460837916,0.0
2739,34.43415,46.75,-6.25,2024-06-01 18:00:00,0.13751681,-0.066263184,4351950.96357759,-476616.1460837916,0.0
2919,40.34405,46.75,-6.25,2024-06-01 18:00:00,0.14603701,-0.06477508,4351950.96357759,-476616.1460837916,0.0
3099,47.37369,46.75,-6.25,2024-06-01 18:00:00,0.13869624,-0.0642766,4351950.96357759,-476616.1460837916,0.0
3279,55.76429,46.75,-6.25,2024-06-01 18:00:00,0.1222709,-0.06455849,4351950.96357759,-476616.1460837916,0.0
3459,65.80727,46.75,-6.25,2024-06-01 18:00:00,0.108713716,-0.062081207,4351950.96357759,-476616.1460837916,0.0
3639,77.85385,46.75,-6.25,2024-06-01 18:00:00,0.099244185,-0.0563645,4351950.96357759,-476616.1460837916,0.0
3819,92.32607,46.75,-6.25,2024-06-01 18:00:00,0.08696979,-0.05315603,4351950.96357759,-476616.1460837916,0.0
3999,109.7293,46.75,-6.25,2024-06-01 18:00:00,0.06313495,-0.054861885,4351950.96357759,-476616.1460837916,0.0
4179,130.666,46.75,-6.25,2024-06-01 18:00:00,0.041112702,-0.057836566,4351950.96357759,-476616.1460837916,0.0
4359,155.8507,46.75,-6.25,2024-06-01 18:00:00,0.018630356,-0.051522564,4351950.96357759,-476616.1460837916,0.0
4539,186.1256,46.75,-6.25,2024-06-01 18:00:00,0.0020920697,-0.036437765,4351950.96357759,-476616.1460837916,0.0
4719,222.4752,46.75,-6.25,2024-06-01 18:00:00,-0.009381098,-0.025649441,4351950.96357759,-476616.1460837916,0.0
4899,266.0403,46.75,-6.25,2024-06-01 18:00:00,-0.010528375,-0.024461038,4351950.96357759,-476616.1460837916,0.0
5079,318.1274,46.75,-6.25,2024-06-01 18:00:00,-0.010398242,-0.01850449,4351950.96357759,-476616.1460837916,0.0
5259,380.213,46.75,-6.25,2024-06-01 18:00:00,-0.010576626,-0.018514656,4351950.96357759,-476616.1460837916,0.0
5439,453.9377,46.75,-6.25,2024-06-01 18:00:00,-0.013211548,-0.028943082,4351950.96357759,-476616.1460837916,0.0
5619,541.0889,46.75,-6.25,2024-06-01 18:00:00,-0.01795061,-0.03315511,4351950.96357759,-476616.1460837916,0.0
5799,643.5668,46.75,-6.25,2024-06-01 18:00:00,-0.0098947035,-0.04954554,4351950.96357759,-476616.1460837916,0.0
5979,763.3331,46.75,-6.25,2024-06-01 18:00:00,0.006311259,-0.06811288,4351950.96357759,-476616.1460837916,0.0
6159,902.3393,46.75,-6.25,2024-06-01 18:00:00,0.01434084,-0.07521106,4351950.96357759,-476616.1460837916,0.0
48,0.494025,46.75,-6.1666565,2024-06-01 18:00:00,0.10675961,-0.104906075,4352639.653859386,-470285.21531356085,0.0
228,1.541375,46.75,-6.1666565,2024-06-01 18:00:00,0.10815111,-0.101129875,4352639.653859386,-470285.21531356085,0.0
408,2.645669,46.75,-6.1666565,2024-06-01 18:00:00,0.10959488,-0.09773805,4352639.653859386,-470285.21531356085,0.0
588,3.819495,46.75,-6.1666565,2024-06-01 18:00:00,0.11108971,-0.09474619,4352639.653859386,-470285.21531356085,0.0
768,5.078224,46.75,-6.1666565,2024-06-01 18:00:00,0.11267444,-0.09212213,4352639.653859386,-470285.21531356085,0.0
948,6.440614,46.75,-6.1666565,2024-06-01 18:00:00,0.11446948,-0.08979643,4352639.653859386,-470285.21531356085,0.0
1128,7.92956,46.75,-6.1666565,2024-06-01 18:00:00,0.116955034,-0.08756883,4352639.653859386,-470285.21531356085,0.0
1308,9.572997,46.75,-6.1666565,2024-06-01 18:00:00,0.12505253,-0.08429148,4352639.653859386,-470285.21531356085,0.0
1488,11.405,46.75,-6.1666565,2024-06-01 18:00:00,0.16927907,-0.102840394,4352639.653859386,-470285.21531356085,0.0
1668,13.46714,46.75,-6.1666565,2024-06-01 18:00:00,0.17001846,-0.1127357,4352639.653859386,-470285.21531356085,0.0
1848,15.81007,46.75,-6.1666565,2024-06-01 18:00:00,0.16200641,-0.1129503,4352639.653859386,-470285.21531356085,0.0
2028,18.49556,46.75,-6.1666565,2024-06-01 18:00:00,0.15482473,-0.112567455,4352639.653859386,-470285.21531356085,0.0
2208,21.59882,46.75,-6.1666565,2024-06-01 18:00:00,0.1418884,-0.10845535,4352639.653859386,-470285.21531356085,0.0
2388,25.21141,46.75,-6.1666565,2024-06-01 18:00:00,0.1370976,-0.084419206,4352639.653859386,-470285.21531356085,0.0
2568,29.44473,46.75,-6.1666565,2024-06-01 18:00:00,0.15819022,-0.08354799,4352639.653859386,-470285.21531356085,0.0
2748,34.43415,46.75,-6.1666565,2024-06-01 18:00:00,0.16827406,-0.07958298,4352639.653859386,-470285.21531356085,0.0
2928,40.34405,46.75,-6.1666565,2024-06-01 18:00:00,0.17572376,-0.083239615,4352639.653859386,-470285.21531356085,0.0
3108,47.37369,46.75,-6.1666565,2024-06-01 18:00:00,0.16867292,-0.08713572,4352639.653859386,-470285.21531356085,0.0
3288,55.76429,46.75,-6.1666565,2024-06-01 18:00:00,0.15080953,-0.08786549,4352639.653859386,-470285.21531356085,0.0
3468,65.80727,46.75,-6.1666565,2024-06-01 18:00:00,0.13635144,-0.08430944,4352639.653859386,-470285.21531356085,0.0
3648,77.85385,46.75,-6.1666565,2024-06-01 18:00:00,0.12610978,-0.07534943,4352639.653859386,-470285.21531356085,0.0
3828,92.32607,46.75,-6.1666565,2024-06-01 18:00:00,0.11413065,-0.06883083,4352639.653859386,-470285.21531356085,0.0
4008,109.7293,46.75,-6.1666565,2024-06-01 18:00:00,0.09070262,-0.07061998,4352639.653859386,-470285.21531356085,0.0
4188,130.666,46.75,-6.1666565,2024-06-01 18:00:00,0.069856666,-0.07160262,4352639.653859386,-470285.21531356085,0.0
4368,155.8507,46.75,-6.1666565,2024-06-01 18:00:00,0.056681875,-0.0636816,4352639.653859386,-470285.21531356085,0.0
4548,186.1256,46.75,-6.1666565,2024-06-01 18:00:00,0.043571938,-0.051000997,4352639.653859386,-470285.21531356085,0.0
4728,222.4752,46.75,-6.1666565,2024-06-01 18:00:00,0.033930134,-0.043406665,4352639.653859386,-470285.21531356085,0.0
4908,266.0403,46.75,-6.1666565,2024-06-01 18:00:00,0.027919995,-0.036204256,4352639.653859386,-470285.21531356085,0.0
5088,318.1274,46.75,-6.1666565,2024-06-01 18:00:00,0.025612686,-0.033265006,4352639.653859386,-470285.21531356085,0.0
5268,380.213,46.75,-6.1666565,2024-06-01 18:00:00,0.027044956,-0.03649923,4352639.653859386,-470285.21531356085,0.0
5448,453.9377,46.75,-6.1666565,2024-06-01 18:00:00,0.014814163,-0.040900093,4352639.653859386,-470285.21531356085,0.0
5628,541.0889,46.75,-6.1666565,2024-06-01 18:00:00,0.0032091662,-0.050349947,4352639.653859386,-470285.21531356085,0.0
5808,643.5668,46.75,-6.1666565,2024-06-01 18:00:00,0.012545614,-0.07816788,4352639.653859386,-470285.21531356085,0.0
5988,763.3331,46.75,-6.1666565,2024-06-01 18:00:00,0.025126737,-0.09702118,4352639.653859386,-470285.21531356085,0.0
6168,902.3393,46.75,-6.1666565,2024-06-01 18:00:00,0.04004069,-0.09535973,4352639.653859386,-470285.21531356085,0.0
57,0.494025,46.75,-6.0833282,2024-06-01 18:00:00,0.12440897,-0.11734299,4353319.010767862,-463954.44881885045,0.0
237,1.541375,46.75,-6.0833282,2024-06-01 18:00:00,0.12566346,-0.113491304,4353319.010767862,-463954.44881885045,0.0
417,2.645669,46.75,-6.0833282,2024-06-01 18:00:00,0.12699273,-0.1100253,4353319.010767862,-463954.44881885045,0.0
597,3.819495,46.75,-6.0833282,2024-06-01 18:00:00,0.12839693,-0.106960475,4353319.010767862,-463954.44881885045,0.0
777,5.078224,46.75,-6.0833282,2024-06-01 18:00:00,0.12991819,-0.10426017,4353319.010767862,-463954.44881885045,0.0
957,6.440614,46.75,-6.0833282,2024-06-01 18:00:00,0.13169274,-0.101842,4353319.010767862,-463954.44881885045,0.0
1137,7.92956,46.75,-6.0833282,2024-06-01 18:00:00,0.13430987,-0.09944149,4353319.010767862,-463954.44881885045,0.0
1317,9.572997,46.75,-6.0833282,2024-06-01 18:00:00,0.1447567,-0.09532062,4353319.010767862,-463954.44881885045,0.0
1497,11.405,46.75,-6.0833282,2024-06-01 18:00:00,0.18914245,-0.11623082,4353319.010767862,-463954.44881885045,0.0
1677,13.46714,46.75,-6.0833282,2024-06-01 18:00:00,0.18797506,-0.12581536,4353319.010767862,-463954.44881885045,0.0
1857,15.81007,46.75,-6.0833282,2024-06-01 18:00:00,0.1804867,-0.12560593,4353319.010767862,-463954.44881885045,0.0
2037,18.49556,46.75,-6.0833282,2024-06-01 18:00:00,0.17409262,-0.12442869,4353319.010767862,-463954.44881885045,0.0
2217,21.59882,46.75,-6.0833282,2024-06-01 18:00:00,0.1622165,-0.12390382,4353319.010767862,-463954.44881885045,0.0
2397,25.21141,46.75,-6.0833282,2024-06-01 18:00:00,0.154699,-0.09245102,4353319.010767862,-463954.44881885045,0.0
2577,29.44473,46.75,-6.0833282,2024-06-01 18:00:00,0.17691256,-0.09532637,4353319.010767862,-463954.44881885045,0.0
2757,34.43415,46.75,-6.0833282,2024-06-01 18:00:00,0.19105546,-0.096209824,4353319.010767862,-463954.44881885045,0.0
2937,40.34405,46.75,-6.0833282,2024-06-01 18:00:00,0.19661082,-0.10185564,4353319.010767862,-463954.44881885045,0.0
3117,47.37369,46.75,-6.0833282,2024-06-01 18:00:00,0.1881738,-0.10627374,4353319.010767862,-463954.44881885045,0.0
3297,55.76429,46.75,-6.0833282,2024-06-01 18:00:00,0.16864316,-0.103554145,4353319.010767862,-463954.44881885045,0.0
3477,65.80727,46.75,-6.0833282,2024-06-01 18:00:00,0.15140092,-0.09622801,4353319.010767862,-463954.44881885045,0.0
3657,77.85385,46.75,-6.0833282,2024-06-01 18:00:00,0.1367475,-0.08411507,4353319.010767862,-463954.44881885045,0.0
3837,92.32607,46.75,-6.0833282,2024-06-01 18:00:00,0.122994006,-0.0756083,4353319.010767862,-463954.44881885045,0.0
4017,109.7293,46.75,-6.0833282,2024-06-01 18:00:00,0.10405928,-0.078892775,4353319.010767862,-463954.44881885045,0.0
4197,130.666,46.75,-6.0833282,2024-06-01 18:00:00,0.09050317,-0.08451053,4353319.010767862,-463954.44881885045,0.0
4377,155.8507,46.75,-6.0833282,2024-06-01 18:00:00,0.084678896,-0.08346855,4353319.010767862,-463954.44881885045,0.0
4557,186.1256,46.75,-6.0833282,2024-06-01 18:00:00,0.076117545,-0.07495203,4353319.010767862,-463954.44881885045,0.0
4737,222.4752,46.75,-6.0833282,2024-06-01 18:00:00,0.06927347,-0.0674986,4353319.010767862,-463954.44881885045,0.0
4917,266.0403,46.75,-6.0833282,2024-06-01 18:00:00,0.06215088,-0.058947444,4353319.010767862,-463954.44881885045,0.0
5097,318.1274,46.75,-6.0833282,2024-06-01 18:00:00,0.05572989,-0.05558125,4353319.010767862,-463954.44881885045,0.0
5277,380.213,46.75,-6.0833282,2024-06-01 18:00:00,0.051701047,-0.057261832,4353319.010767862,-463954.44881885045,0.0
5457,453.9377,46.75,-6.0833282,2024-06-01 18:00:00,0.039524984,-0.060275458,4353319.010767862,-463954.44881885045,0.0
5637,541.0889,46.75,-6.0833282,2024-06-01 18:00:00,0.022386014,-0.06001046,4353319.010767862,-463954.44881885045,0.0
5817,643.5668,46.75,-6.0833282,2024-06-01 18:00:00,0.028228745,-0.07987528,4353319.010767862,-463954.44881885045,0.0
5997,763.3331,46.75,-6.0833282,2024-06-01 18:00:00,0.037596595,-0.09924792,4353319.010767862,-463954.44881885045,0.0
6177,902.3393,46.75,-6.0833282,2024-06-01 18:00:00,0.051393293,-0.108333826,4353319.010767862,-463954.44881885045,0.0
66,0.494025,46.75,-6.0,2024-06-01 18:00:00,0.12197531,-0.12385043,4353989.159796485,-457622.70099545474,0.0
246,1.541375,46.75,-6.0,2024-06-01 18:00:00,0.12310596,-0.119922236,4353989.159796485,-457622.70099545474,0.0
426,2.645669,46.75,-6.0,2024-06-01 18:00:00,0.124341846,-0.116385296,4353989.159796485,-457622.70099545474,0.0
606,3.819495,46.75,-6.0,2024-06-01 18:00:00,0.12568541,-0.11325435,4353989.159796485,-457622.70099545474,0.0
786,5.078224,46.75,-6.0,2024-06-01 18:00:00,0.1271863,-0.110485375,4353989.159796485,-457622.70099545474,0.0
966,6.440614,46.75,-6.0,2024-06-01 18:00:00,0.12901448,-0.10797152,4353989.159796485,-457622.70099545474,0.0
1146,7.92956,46.75,-6.0,2024-06-01 18:00:00,0.1319577,-0.10533858,4353989.159796485,-457622.70099545474,0.0
1326,9.572997,46.75,-6.0,2024-06-01 18:00:00,0.14685786,-0.099767245,4353989.159796485,-457622.70099545474,0.0
1506,11.405,46.75,-6.0,2024-06-01 18:00:00,0.19036481,-0.12492136,4353989.159796485,-457622.70099545474,0.0
1686,13.46714,46.75,-6.0,2024-06-01 18:00:00,0.1870615,-0.13271666,4353989.159796485,-457622.70099545474,0.0
1866,15.81007,46.75,-6.0,2024-06-01 18:00:00,0.18090555,-0.13265732,4353989.159796485,-457622.70099545474,0.0
2046,18.49556,46.75,-6.0,2024-06-01 18:00:00,0.1757303,-0.13168862,4353989.159796485,-457622.70099545474,0.0
2226,21.59882,46.75,-6.0,2024-06-01 18:00:00,0.16716671,-0.13338095,4353989.159796485,-457622.70099545474,0.0
2406,25.21141,46.75,-6.0,2024-06-01 18:00:00,0.1568769,-0.103184074,4353989.159796485,-457622.70099545474,0.0
2586,29.44473,46.75,-6.0,2024-06-01 18:00:00,0.18369958,-0.105720535,4353989.159796485,-457622.70099545474,0.0
2766,34.43415,46.75,-6.0,2024-06-01 18:00:00,0.20437382,-0.11079403,4353989.159796485,-457622.70099545474,0.0
2946,40.34405,46.75,-6.0,2024-06-01 18:00:00,0.21131475,-0.11441827,4353989.159796485,-457622.70099545474,0.0
3126,47.37369,46.75,-6.0,2024-06-01 18:00:00,0.20154077,-0.116794,4353989.159796485,-457622.70099545474,0.0
3306,55.76429,46.75,-6.0,2024-06-01 18:00:00,0.18193561,-0.111307494,4353989.159796485,-457622.70099545474,0.0
3486,65.80727,46.75,-6.0,2024-06-01 18:00:00,0.16349523,-0.100515835,4353989.159796485,-457622.70099545474,0.0
3666,77.85385,46.75,-6.0,2024-06-01 18:00:00,0.14521953,-0.08701194,4353989.159796485,-457622.70099545474,0.0
3846,92.32607,46.75,-6.0,2024-06-01 18:00:00,0.130117,-0.07914804,4353989.159796485,-457622.70099545474,0.0
4026,109.7293,46.75,-6.0,2024-06-01 18:00:00,0.11608696,-0.08442324,4353989.159796485,-457622.70099545474,0.0
4206,130.666,46.75,-6.0,2024-06-01 18:00:00,0.10726972,-0.09528733,4353989.159796485,-457622.70099545474,0.0
4386,155.8507,46.75,-6.0,2024-06-01 18:00:00,0.103432976,-0.09901388,4353989.159796485,-457622.70099545474,0.0
4566,186.1256,46.75,-6.0,2024-06-01 18:00:00,0.09307932,-0.09201145,4353989.159796485,-457622.70099545474,0.0
4746,222.4752,46.75,-6.0,2024-06-01 18:00:00,0.08831328,-0.08623371,4353989.159796485,-457622.70099545474,0.0
4926,266.0403,46.75,-6.0,2024-06-01 18:00:00,0.08489006,-0.081389524,4353989.159796485,-457622.70099545474,0.0
5106,318.1274,46.75,-6.0,2024-06-01 18:00:00,0.07492201,-0.076261245,4353989.159796485,-457622.70099545474,0.0
5286,380.213,46.75,-6.0,2024-06-01 18:00:00,0.0658555,-0.07400042,4353989.159796485,-457622.70099545474,0.0
5466,453.9377,46.75,-6.0,2024-06-01 18:00:00,0.05895177,-0.08125276,4353989.159796485,-457622.70099545474,0.0
5646,541.0889,46.75,-6.0,2024-06-01 18:00:00,0.04233681,-0.07129707,4353989.159796485,-457622.70099545474,0.0
5826,643.5668,46.75,-6.0,2024-06-01 18:00:00,0.037717566,-0.074285954,4353989.159796485,-457622.70099545474,0.0
6006,763.3331,46.75,-6.0,2024-06-01 18:00:00,0.04135621,-0.09773791,4353989.159796485,-457622.70099545474,0.0
6186,902.3393,46.75,-6.0,2024-06-01 18:00:00,0.046758473,-0.0969637,4353989.159796485,-457622.70099545474,0.0
75,0.494025,46.833336,-6.25,2024-06-01 18:00:00,0.024413534,-0.12573141,4345238.723142079,-475881.0361998027,0.0
255,1.541375,46.833336,-6.25,2024-06-01 18:00:00,0.025900807,-0.1220257,4345238.723142079,-475881.0361998027,0.0
435,2.645669,46.833336,-6.25,2024-06-01 18:00:00,0.027446106,-0.11871068,4345238.723142079,-475881.0361998027,0.0
615,3.819495,46.833336,-6.25,2024-06-01 18:00:00,0.029053722,-0.11579903,4345238.723142079,-475881.0361998027,0.0
795,5.078224,46.833336,-6.25,2024-06-01 18:00:00,0.030777737,-0.1132546,4345238.723142079,-475881.0361998027,0.0
975,6.440614,46.833336,-6.25,2024-06-01 18:00:00,0.03279636,-0.11098814,4345238.723142079,-475881.0361998027,0.0
1155,7.92956,46.833336,-6.25,2024-06-01 18:00:00,0.03590046,-0.108727545,4345238.723142079,-475881.0361998027,0.0
1335,9.572997,46.833336,-6.25,2024-06-01 18:00:00,0.05097579,-0.10473418,4345238.723142079,-475881.0361998027,0.0
1515,11.405,46.833336,-6.25,2024-06-01 18:00:00,0.0974891,-0.12520151,4345238.723142079,-475881.0361998027,0.0
1695,13.46714,46.833336,-6.25,2024-06-01 18:00:00,0.095709056,-0.12969983,4345238.723142079,-475881.0361998027,0.0
1875,15.81007,46.833336,-6.25,2024-06-01 18:00:00,0.090371355,-0.12877065,4345238.723142079,-475881.0361998027,0.0
2055,18.49556,46.833336,-6.25,2024-06-01 18:00:00,0.08543453,-0.12709706,4345238.723142079,-475881.0361998027,0.0
2235,21.59882,46.833336,-6.25,2024-06-01 18:00:00,0.06703856,-0.117211215,4345238.723142079,-475881.0361998027,0.0
2415,25.21141,46.833336,-6.25,2024-06-01 18:00:00,0.095572874,-0.080426276,4345238.723142079,-475881.0361998027,0.0
2595,29.44473,46.833336,-6.25,2024-06-01 18:00:00,0.11718179,-0.09166267,4345238.723142079,-475881.0361998027,0.0
2775,34.43415,46.833336,-6.25,2024-06-01 18:00:00,0.1390782,-0.09925093,4345238.723142079,-475881.0361998027,0.0
2955,40.34405,46.833336,-6.25,2024-06-01 18:00:00,0.15610842,-0.10356163,4345238.723142079,-475881.0361998027,0.0
3135,47.37369,46.833336,-6.25,2024-06-01 18:00:00,0.1525959,-0.10543227,4345238.723142079,-475881.0361998027,0.0
3315,55.76429,46.833336,-6.25,2024-06-01 18:00:00,0.13363156,-0.10414118,4345238.723142079,-475881.0361998027,0.0
3495,65.80727,46.833336,-6.25,2024-06-01 18:00:00,0.12307554,-0.098179415,4345238.723142079,-475881.0361998027,0.0
3675,77.85385,46.833336,-6.25,2024-06-01 18:00:00,0.12344642,-0.089854665,4345238.723142079,-475881.0361998027,0.0
3855,92.32607,46.833336,-6.25,2024-06-01 18:00:00,0.124751225,-0.08943937,4345238.723142079,-475881.0361998027,0.0
4035,109.7293,46.833336,-6.25,2024-06-01 18:00:00,0.11439658,-0.09784804,4345238.723142079,-475881.0361998027,0.0
4215,130.666,46.833336,-6.25,2024-06-01 18:00:00,0.10517598,-0.106193155,4345238.723142079,-475881.0361998027,0.0
4395,155.8507,46.833336,-6.25,2024-06-01 18:00:00,0.09371101,-0.10123253,4345238.723142079,-475881.0361998027,0.0
4575,186.1256,46.833336,-6.25,2024-06-01 18:00:00,0.071509324,-0.087012984,4345238.723142079,-475881.0361998027,0.0
4755,222.4752,46.833336,-6.25,2024-06-01 18:00:00,0.06281995,-0.07503231,4345238.723142079,-475881.0361998027,0.0
4935,266.0403,46.833336,-6.25,2024-06-01 18:00:00,0.06616392,-0.0644912,4345238.723142079,-475881.0361998027,0.0
5115,318.1274,46.833336,-6.25,2024-06-01 18:00:00,0.06423032,-0.056176916,4345238.723142079,-475881.0361998027,0.0
5295,380.213,46.833336,-6.25,2024-06-01 18:00:00,0.05899265,-0.06318831,4345238.723142079,-475881.0361998027,0.0
5475,453.9377,46.833336,-6.25,2024-06-01 18:00:00,0.044609837,-0.06367476,4345238.723142079,-475881.0361998027,0.0
5655,541.0889,46.833336,-6.25,2024-06-01 18:00:00,0.035260115,-0.056043945,4345238.723142079,-475881.0361998027,0.0
5835,643.5668,46.833336,-6.25,2024-06-01 18:00:00,0.061909806,-0.06622159,4345238.723142079,-475881.0361998027,0.0
6015,763.3331,46.833336,-6.25,2024-06-01 18:00:00,0.06498428,-0.081042685,4345238.723142079,-475881.0361998027,0.0
6195,902.3393,46.833336,-6.25,2024-06-01 18:00:00,0.06798767,-0.0939842,4345238.723142079,-475881.0361998027,0.0
84,0.494025,46.833336,-6.1666565,2024-06-01 18:00:00,0.030644393,-0.10366261,4345926.351221016,-469559.8699535443,0.0
264,1.541375,46.833336,-6.1666565,2024-06-01 18:00:00,0.03202718,-0.09990521,4345926.351221016,-469559.8699535443,0.0
444,2.645669,46.833336,-6.1666565,2024-06-01 18:00:00,0.03347904,-0.09652728,4345926.351221016,-469559.8699535443,0.0
624,3.819495,46.833336,-6.1666565,2024-06-01 18:00:00,0.035002455,-0.09354089,4345926.351221016,-469559.8699535443,0.0
804,5.078224,46.833336,-6.1666565,2024-06-01 18:00:00,0.03664507,-0.09090919,4345926.351221016,-469559.8699535443,0.0
984,6.440614,46.833336,-6.1666565,2024-06-01 18:00:00,0.038561612,-0.088544235,4345926.351221016,-469559.8699535443,0.0
1164,7.92956,46.833336,-6.1666565,2024-06-01 18:00:00,0.041409295,-0.08618205,4345926.351221016,-469559.8699535443,0.0
1344,9.572997,46.833336,-6.1666565,2024-06-01 18:00:00,0.053291593,-0.08192644,4345926.351221016,-469559.8699535443,0.0
1524,11.405,46.833336,-6.1666565,2024-06-01 18:00:00,0.10401028,-0.10210435,4345926.351221016,-469559.8699535443,0.0
1704,13.46714,46.833336,-6.1666565,2024-06-01 18:00:00,0.10512905,-0.108266145,4345926.351221016,-469559.8699535443,0.0
1884,15.81007,46.833336,-6.1666565,2024-06-01 18:00:00,0.1006454,-0.1076238,4345926.351221016,-469559.8699535443,0.0
2064,18.49556,46.833336,-6.1666565,2024-06-01 18:00:00,0.09771118,-0.10647045,4345926.351221016,-469559.8699535443,0.0
2244,21.59882,46.833336,-6.1666565,2024-06-01 18:00:00,0.08134249,-0.10009787,4345926.351221016,-469559.8699535443,0.0
2424,25.21141,46.833336,-6.1666565,2024-06-01 18:00:00,0.10249408,-0.065871686,4345926.351221016,-469559.8699535443,0.0
2604,29.44473,46.833336,-6.1666565,2024-06-01 18:00:00,0.13221867,-0.07895789,4345926.351221016,-469559.8699535443,0.0
2784,34.43415,46.833336,-6.1666565,2024-06-01 18:00:00,0.15770024,-0.091489926,4345926.351221016,-469559.8699535443,0.0
2964,40.34405,46.833336,-6.1666565,2024-06-01 18:00:00,0.17658304,-0.099288076,4345926.351221016,-469559.8699535443,0.0
3144,47.37369,46.833336,-6.1666565,2024-06-01 18:00:00,0.17436372,-0.10434567,4345926.351221016,-469559.8699535443,0.0
3324,55.76429,46.833336,-6.1666565,2024-06-01 18:00:00,0.15668479,-0.104093,4345926.351221016,-469559.8699535443,0.0
3504,65.80727,46.833336,-6.1666565,2024-06-01 18:00:00,0.14728251,-0.099889815,4345926.351221016,-469559.8699535443,0.0
3684,77.85385,46.833336,-6.1666565,2024-06-01 18:00:00,0.14596428,-0.092244886,4345926.351221016,-469559.8699535443,0.0
3864,92.32607,46.833336,-6.1666565,2024-06-01 18:00:00,0.14380728,-0.09023164,4345926.351221016,-469559.8699535443,0.0
4044,109.7293,46.833336,-6.1666565,2024-06-01 18:00:00,0.13226077,-0.099118166,4345926.351221016,-469559.8699535443,0.0
4224,130.666,46.833336,-6.1666565,2024-06-01 18:00:00,0.12041721,-0.10997811,4345926.351221016,-469559.8699535443,0.0
4404,155.8507,46.833336,-6.1666565,2024-06-01 18:00:00,0.10694972,-0.10531495,4345926.351221016,-469559.8699535443,0.0
4584,186.1256,46.833336,-6.1666565,2024-06-01 18:00:00,0.08767913,-0.09162526,4345926.351221016,-469559.8699535443,0.0
4764,222.4752,46.833336,-6.1666565,2024-06-01 18:00:00,0.08270241,-0.0819328,4345926.351221016,-469559.8699535443,0.0
4944,266.0403,46.833336,-6.1666565,2024-06-01 18:00:00,0.08237815,-0.07257189,4345926.351221016,-469559.8699535443,0.0
5124,318.1274,46.833336,-6.1666565,2024-06-01 18:00:00,0.083228365,-0.06866868,4345926.351221016,-469559.8699535443,0.0
5304,380.213,46.833336,-6.1666565,2024-06-01 18:00:00,0.0751574,-0.07284555,4345926.351221016,-469559.8699535443,0.0
5484,453.9377,46.833336,-6.1666565,2024-06-01 18:00:00,0.055837296,-0.07414536,4345926.351221016,-469559.8699535443,0.0
5664,541.0889,46.833336,-6.1666565,2024-06-01 18:00:00,0.04361476,-0.07029756,4345926.351221016,-469559.8699535443,0.0
5844,643.5668,46.833336,-6.1666565,2024-06-01 18:00:00,0.05914507,-0.08830589,4345926.351221016,-469559.8699535443,0.0
6024,763.3331,46.833336,-6.1666565,2024-06-01 18:00:00,0.062471017,-0.10094967,4345926.351221016,-469559.8699535443,0.0
6204,902.3393,46.833336,-6.1666565,2024-06-01 18:00:00,0.064105526,-0.1048111,4345926.351221016,-469559.8699535443,0.0
93,0.494025,46.833336,-6.0833282,2024-06-01 18:00:00,0.028563466,-0.090800546,4346604.66032198,-463238.86772943556,0.0
273,1.541375,46.833336,-6.0833282,2024-06-01 18:00:00,0.029815614,-0.08698241,4346604.66032198,-463238.86772943556,0.0
453,2.645669,46.833336,-6.0833282,2024-06-01 18:00:00,0.031147528,-0.083536245,4346604.66032198,-463238.86772943556,0.0
633,3.819495,46.833336,-6.0833282,2024-06-01 18:00:00,0.032560006,-0.0804738,4346604.66032198,-463238.86772943556,0.0
813,5.078224,46.833336,-6.0833282,2024-06-01 18:00:00,0.0340958,-0.07775621,4346604.66032198,-463238.86772943556,0.0
993,6.440614,46.833336,-6.0833282,2024-06-01 18:00:00,0.035895474,-0.07529083,4346604.66032198,-463238.86772943556,0.0
1173,7.92956,46.833336,-6.0833282,2024-06-01 18:00:00,0.03854893,-0.07279076,4346604.66032198,-463238.86772943556,0.0
1353,9.572997,46.833336,-6.0833282,2024-06-01 18:00:00,0.04921754,-0.06797403,4346604.66032198,-463238.86772943556,0.0
1533,11.405,46.833336,-6.0833282,2024-06-01 18:00:00,0.09848484,-0.08696438,4346604.66032198,-463238.86772943556,0.0
1713,13.46714,46.833336,-6.0833282,2024-06-01 18:00:00,0.10134621,-0.093488485,4346604.66032198,-463238.86772943556,0.0
1893,15.81007,46.833336,-6.0833282,2024-06-01 18:00:00,0.09817234,-0.09314233,4346604.66032198,-463238.86772943556,0.0
2073,18.49556,46.833336,-6.0833282,2024-06-01 18:00:00,0.09707745,-0.091946505,4346604.66032198,-463238.86772943556,0.0
2253,21.59882,46.833336,-6.0833282,2024-06-01 18:00:00,0.08847426,-0.089113966,4346604.66032198,-463238.86772943556,0.0
2433,25.21141,46.833336,-6.0833282,2024-06-01 18:00:00,0.10116207,-0.06491398,4346604.66032198,-463238.86772943556,0.0
2613,29.44473,46.833336,-6.0833282,2024-06-01 18:00:00,0.13453154,-0.07746605,4346604.66032198,-463238.86772943556,0.0
2793,34.43415,46.833336,-6.0833282,2024-06-01 18:00:00,0.16487996,-0.090636544,4346604.66032198,-463238.86772943556,0.0
2973,40.34405,46.833336,-6.0833282,2024-06-01 18:00:00,0.18851289,-0.099883564,4346604.66032198,-463238.86772943556,0.0
3153,47.37369,46.833336,-6.0833282,2024-06-01 18:00:00,0.18915074,-0.1070817,4346604.66032198,-463238.86772943556,0.0
3333,55.76429,46.833336,-6.0833282,2024-06-01 18:00:00,0.17609373,-0.10733813,4346604.66032198,-463238.86772943556,0.0
3513,65.80727,46.833336,-6.0833282,2024-06-01 18:00:00,0.16734858,-0.1028291,4346604.66032198,-463238.86772943556,0.0
3693,77.85385,46.833336,-6.0833282,2024-06-01 18:00:00,0.16028914,-0.097232185,4346604.66032198,-463238.86772943556,0.0
3873,92.32607,46.833336,-6.0833282,2024-06-01 18:00:00,0.15162489,-0.095047094,4346604.66032198,-463238.86772943556,0.0
4053,109.7293,46.833336,-6.0833282,2024-06-01 18:00:00,0.13923928,-0.10250122,4346604.66032198,-463238.86772943556,0.0
4233,130.666,46.833336,-6.0833282,2024-06-01 18:00:00,0.12382947,-0.11350035,4346604.66032198,-463238.86772943556,0.0
4413,155.8507,46.833336,-6.0833282,2024-06-01 18:00:00,0.10827877,-0.107376024,4346604.66032198,-463238.86772943556,0.0
4593,186.1256,46.833336,-6.0833282,2024-06-01 18:00:00,0.0907,-0.09382698,4346604.66032198,-463238.86772943556,0.0
4773,222.4752,46.833336,-6.0833282,2024-06-01 18:00:00,0.0905091,-0.09276474,4346604.66032198,-463238.86772943556,0.0
4953,266.0403,46.833336,-6.0833282,2024-06-01 18:00:00,0.093518846,-0.093247086,4346604.66032198,-463238.86772943556,0.0
5133,318.1274,46.833336,-6.0833282,2024-06-01 18:00:00,0.0951489,-0.08857191,4346604.66032198,-463238.86772943556,0.0
5313,380.213,46.833336,-6.0833282,2024-06-01 18:00:00,0.0792982,-0.08705295,4346604.66032198,-463238.86772943556,0.0
5493,453.9377,46.833336,-6.0833282,2024-06-01 18:00:00,0.066945806,-0.0915636,4346604.66032198,-463238.86772943556,0.0
5673,541.0889,46.833336,-6.0833282,2024-06-01 18:00:00,0.060345218,-0.08024384,4346604.66032198,-463238.86772943556,0.0
5853,643.5668,46.833336,-6.0833282,2024-06-01 18:00:00,0.04877935,-0.07898882,4346604.66032198,-463238.86772943556,0.0
6033,763.3331,46.833336,-6.0833282,2024-06-01 18:00:00,0.054973576,-0.090664186,4346604.66032198,-463238.86772943556,0.0
6213,902.3393,46.833336,-6.0833282,2024-06-01 18:00:00,0.04711383,-0.09360549,4346604.66032198,-463238.86772943556,0.0
102,0.494025,46.833336,-6.0,2024-06-01 18:00:00,0.014553934,-0.08179201,4347273.775744883,-456916.88569019584,0.0
282,1.541375,46.833336,-6.0,2024-06-01 18:00:00,0.015651945,-0.07789744,4347273.775744883,-456916.88569019584,0.0
462,2.645669,46.833336,-6.0,2024-06-01 18:00:00,0.016847763,-0.07436857,4347273.775744883,-456916.88569019584,0.0
642,3.819495,46.833336,-6.0,2024-06-01 18:00:00,0.018139971,-0.071218595,4347273.775744883,-456916.88569019584,0.0
822,5.078224,46.833336,-6.0,2024-06-01 18:00:00,0.019566976,-0.068406366,4347273.775744883,-456916.88569019584,0.0
1002,6.440614,46.833336,-6.0,2024-06-01 18:00:00,0.021261621,-0.06583057,4347273.775744883,-456916.88569019584,0.0
1182,7.92956,46.833336,-6.0,2024-06-01 18:00:00,0.0237905,-0.063170075,4347273.775744883,-456916.88569019584,0.0
1362,9.572997,46.833336,-6.0,2024-06-01 18:00:00,0.034256805,-0.05780678,4347273.775744883,-456916.88569019584,0.0
1542,11.405,46.833336,-6.0,2024-06-01 18:00:00,0.08123575,-0.076388665,4347273.775744883,-456916.88569019584,0.0
1722,13.46714,46.833336,-6.0,2024-06-01 18:00:00,0.084829815,-0.08308777,4347273.775744883,-456916.88569019584,0.0
1902,15.81007,46.833336,-6.0,2024-06-01 18:00:00,0.08321326,-0.083096884,4347273.775744883,-456916.88569019584,0.0
2082,18.49556,46.833336,-6.0,2024-06-01 18:00:00,0.083520606,-0.08292951,4347273.775744883,-456916.88569019584,0.0
2262,21.59882,46.833336,-6.0,2024-06-01 18:00:00,0.08246017,-0.08081136,4347273.775744883,-456916.88569019584,0.0
2442,25.21141,46.833336,-6.0,2024-06-01 18:00:00,0.09266233,-0.06401089,4347273.775744883,-456916.88569019584,0.0
2622,29.44473,46.833336,-6.0,2024-06-01 18:00:00,0.12587823,-0.07451303,4347273.775744883,-456916.88569019584,0.0
2802,34.43415,46.833336,-6.0,2024-06-01 18:00:00,0.16441497,-0.08583061,4347273.775744883,-456916.88569019584,0.0
2982,40.34405,46.833336,-6.0,2024-06-01 18:00:00,0.19214046,-0.09776321,4347273.775744883,-456916.88569019584,0.0
3162,47.37369,46.833336,-6.0,2024-06-01 18:00:00,0.19485077,-0.10785553,4347273.775744883,-456916.88569019584,0.0
3342,55.76429,46.833336,-6.0,2024-06-01 18:00:00,0.18478605,-0.108954415,4347273.775744883,-456916.88569019584,0.0
3522,65.80727,46.833336,-6.0,2024-06-01 18:00:00,0.17449237,-0.104140036,4347273.775744883,-456916.88569019584,0.0
3702,77.85385,46.833336,-6.0,2024-06-01 18:00:00,0.16262263,-0.100097254,4347273.775744883,-456916.88569019584,0.0
3882,92.32607,46.833336,-6.0,2024-06-01 18:00:00,0.1465423,-0.098150596,4347273.775744883,-456916.88569019584,0.0
4062,109.7293,46.833336,-6.0,2024-06-01 18:00:00,0.13150501,-0.10321551,4347273.775744883,-456916.88569019584,0.0
4242,130.666,46.833336,-6.0,2024-06-01 18:00:00,0.11744082,-0.11342699,4347273.775744883,-456916.88569019584,0.0
4422,155.8507,46.833336,-6.0,2024-06-01 18:00:00,0.10210781,-0.107288,4347273.775744883,-456916.88569019584,0.0
4602,186.1256,46.833336,-6.0,2024-06-01 18:00:00,0.08604663,-0.096677534,4347273.775744883,-456916.88569019584,0.0
4782,222.4752,46.833336,-6.0,2024-06-01 18:00:00,0.08848029,-0.09568934,4347273.775744883,-456916.88569019584,0.0
4962,266.0403,46.833336,-6.0,2024-06-01 18:00:00,0.08924787,-0.10103162,4347273.775744883,-456916.88569019584,0.0
5142,318.1274,46.833336,-6.0,2024-06-01 18:00:00,0.09448678,-0.1002685,4347273.775744883,-456916.88569019584,0.0
5322,380.213,46.833336,-6.0,2024-06-01 18:00:00,0.08782361,-0.0993946,4347273.775744883,-456916.88569019584,0.0
5502,453.9377,46.833336,-6.0,2024-06-01 18:00:00,0.0730757,-0.10627824,4347273.775744883,-456916.88569019584,0.0
5682,541.0889,46.833336,-6.0,2024-06-01 18:00:00,0.07493529,-0.083509326,4347273.775744883,-456916.88569019584,0.0
5862,643.5668,46.833336,-6.0,2024-06-01 18:00:00,0.04926265,-0.06887839,4347273.775744883,-456916.88569019584,0.0
6042,763.3331,46.833336,-6.0,2024-06-01 18:00:00,0.036627345,-0.07444673,4347273.775744883,-456916.88569019584,0.0
6222,902.3393,46.833336,-6.0,2024-06-01 18:00:00,0.033809267,-0.08315467,4347273.775744883,-456916.88569019584,0.0
111,0.494025,46.91667,-6.25,2024-06-01 18:00:00,-0.0028941706,-0.11844929,4338517.220887722,-475144.9119816816,0.0
291,1.541375,46.91667,-6.25,2024-06-01 18:00:00,-0.0014692554,-0.114769265,4338517.220887722,-475144.9119816816,0.0
471,2.645669,46.91667,-6.25,2024-06-01 18:00:00,1.6141217e-05,-0.11148715,4338517.220887722,-475144.9119816816,0.0
651,3.819495,46.91667,-6.25,2024-06-01 18:00:00,0.0015654685,-0.10861418,4338517.220887722,-475144.9119816816,0.0
831,5.078224,46.91667,-6.25,2024-06-01 18:00:00,0.0032272004,-0.10611839,4338517.220887722,-475144.9119816816,0.0
1011,6.440614,46.91667,-6.25,2024-06-01 18:00:00,0.005157146,-0.103923865,4338517.220887722,-475144.9119816816,0.0
1191,7.92956,46.91667,-6.25,2024-06-01 18:00:00,0.00801407,-0.10181475,4338517.220887722,-475144.9119816816,0.0
1371,9.572997,46.91667,-6.25,2024-06-01 18:00:00,0.020357458,-0.09845958,4338517.220887722,-475144.9119816816,0.0
1551,11.405,46.91667,-6.25,2024-06-01 18:00:00,0.06811548,-0.118594915,4338517.220887722,-475144.9119816816,0.0
1731,13.46714,46.91667,-6.25,2024-06-01 18:00:00,0.06852178,-0.12305832,4338517.220887722,-475144.9119816816,0.0
1911,15.81007,46.91667,-6.25,2024-06-01 18:00:00,0.06355809,-0.12222969,4338517.220887722,-475144.9119816816,0.0
2091,18.49556,46.91667,-6.25,2024-06-01 18:00:00,0.0585423,-0.1196733,4338517.220887722,-475144.9119816816,0.0
2271,21.59882,46.91667,-6.25,2024-06-01 18:00:00,0.05212605,-0.10827187,4338517.220887722,-475144.9119816816,0.0
2451,25.21141,46.91667,-6.25,2024-06-01 18:00:00,0.060005542,-0.09745565,4338517.220887722,-475144.9119816816,0.0
2631,29.44473,46.91667,-6.25,2024-06-01 18:00:00,0.10364122,-0.09631887,4338517.220887722,-475144.9119816816,0.0
2811,34.43415,46.91667,-6.25,2024-06-01 18:00:00,0.15448429,-0.10619815,4338517.220887722,-475144.9119816816,0.0
2991,40.34405,46.91667,-6.25,2024-06-01 18:00:00,0.18933392,-0.12523063,4338517.220887722,-475144.9119816816,0.0
3171,47.37369,46.91667,-6.25,2024-06-01 18:00:00,0.19168982,-0.13597275,4338517.220887722,-475144.9119816816,0.0
3351,55.76429,46.91667,-6.25,2024-06-01 18:00:00,0.17720474,-0.12708454,4338517.220887722,-475144.9119816816,0.0
3531,65.80727,46.91667,-6.25,2024-06-01 18:00:00,0.16745868,-0.11311324,4338517.220887722,-475144.9119816816,0.0
3711,77.85385,46.91667,-6.25,2024-06-01 18:00:00,0.16460186,-0.10259687,4338517.220887722,-475144.9119816816,0.0
3891,92.32607,46.91667,-6.25,2024-06-01 18:00:00,0.16091426,-0.10531445,4338517.220887722,-475144.9119816816,0.0
4071,109.7293,46.91667,-6.25,2024-06-01 18:00:00,0.14738515,-0.11892517,4338517.220887722,-475144.9119816816,0.0
4251,130.666,46.91667,-6.25,2024-06-01 18:00:00,0.13605484,-0.1273159,4338517.220887722,-475144.9119816816,0.0
4431,155.8507,46.91667,-6.25,2024-06-01 18:00:00,0.12255957,-0.11972802,4338517.220887722,-475144.9119816816,0.0
4611,186.1256,46.91667,-6.25,2024-06-01 18:00:00,0.10479474,-0.10888894,4338517.220887722,-475144.9119816816,0.0
4791,222.4752,46.91667,-6.25,2024-06-01 18:00:00,0.10017087,-0.09664818,4338517.220887722,-475144.9119816816,0.0
4971,266.0403,46.91667,-6.25,2024-06-01 18:00:00,0.09389138,-0.08708575,4338517.220887722,-475144.9119816816,0.0
5151,318.1274,46.91667,-6.25,2024-06-01 18:00:00,0.09141942,-0.0861939,4338517.220887722,-475144.9119816816,0.0
5331,380.213,46.91667,-6.25,2024-06-01 18:00:00,0.087131515,-0.087370776,4338517.220887722,-475144.9119816816,0.0
5511,453.9377,46.91667,-6.25,2024-06-01 18:00:00,0.07812763,-0.080263115,4338517.220887722,-475144.9119816816,0.0
5691,541.0889,46.91667,-6.25,2024-06-01 18:00:00,0.077059664,-0.068910696,4338517.220887722,-475144.9119816816,0.0
5871,643.5668,46.91667,-6.25,2024-06-01 18:00:00,0.098173246,-0.07272301,4338517.220887722,-475144.9119816816,0.0
6051,763.3331,46.91667,-6.25,2024-06-01 18:00:00,0.10770039,-0.07787737,4338517.220887722,-475144.9119816816,0.0
6231,902.3393,46.91667,-6.25,2024-06-01 18:00:00,0.10263747,-0.10227376,4338517.220887722,-475144.9119816816,0.0
120,0.494025,46.91667,-6.1666565,2024-06-01 18:00:00,-0.033175662,-0.07504713,4339203.78529813,-468833.52373287774,0.0
300,1.541375,46.91667,-6.1666565,2024-06-01 18:00:00,-0.031872604,-0.07131355,4339203.78529813,-468833.52373287774,0.0
480,2.645669,46.91667,-6.1666565,2024-06-01 18:00:00,-0.03050915,-0.067957096,4339203.78529813,-468833.52373287774,0.0
660,3.819495,46.91667,-6.1666565,2024-06-01 18:00:00,-0.029084612,-0.06498736,4339203.78529813,-468833.52373287774,0.0
840,5.078224,46.91667,-6.1666565,2024-06-01 18:00:00,-0.027560787,-0.06237022,4339203.78529813,-468833.52373287774,0.0
1020,6.440614,46.91667,-6.1666565,2024-06-01 18:00:00,-0.025814738,-0.060026314,4339203.78529813,-468833.52373287774,0.0
1200,7.92956,46.91667,-6.1666565,2024-06-01 18:00:00,-0.023366807,-0.057734337,4339203.78529813,-468833.52373287774,0.0
1380,9.572997,46.91667,-6.1666565,2024-06-01 18:00:00,-0.014745952,-0.05373172,4339203.78529813,-468833.52373287774,0.0
1560,11.405,46.91667,-6.1666565,2024-06-01 18:00:00,0.03354654,-0.06943257,4339203.78529813,-468833.52373287774,0.0
1740,13.46714,46.91667,-6.1666565,2024-06-01 18:00:00,0.036137704,-0.07477205,4339203.78529813,-468833.52373287774,0.0
1920,15.81007,46.91667,-6.1666565,2024-06-01 18:00:00,0.031899072,-0.074720256,4339203.78529813,-468833.52373287774,0.0
2100,18.49556,46.91667,-6.1666565,2024-06-01 18:00:00,0.028141346,-0.073817044,4339203.78529813,-468833.52373287774,0.0
2280,21.59882,46.91667,-6.1666565,2024-06-01 18:00:00,0.024162766,-0.06544055,4339203.78529813,-468833.52373287774,0.0
2460,25.21141,46.91667,-6.1666565,2024-06-01 18:00:00,0.03595481,-0.059680086,4339203.78529813,-468833.52373287774,0.0
2640,29.44473,46.91667,-6.1666565,2024-06-01 18:00:00,0.07625424,-0.061237942,4339203.78529813,-468833.52373287774,0.0
2820,34.43415,46.91667,-6.1666565,2024-06-01 18:00:00,0.12744713,-0.07062385,4339203.78529813,-468833.52373287774,0.0
3000,40.34405,46.91667,-6.1666565,2024-06-01 18:00:00,0.16386256,-0.08682557,4339203.78529813,-468833.52373287774,0.0
3180,47.37369,46.91667,-6.1666565,2024-06-01 18:00:00,0.17010967,-0.09969187,4339203.78529813,-468833.52373287774,0.0
3360,55.76429,46.91667,-6.1666565,2024-06-01 18:00:00,0.15968189,-0.09852409,4339203.78529813,-468833.52373287774,0.0
3540,65.80727,46.91667,-6.1666565,2024-06-01 18:00:00,0.14998035,-0.09224042,4339203.78529813,-468833.52373287774,0.0
3720,77.85385,46.91667,-6.1666565,2024-06-01 18:00:00,0.14539422,-0.087472714,4339203.78529813,-468833.52373287774,0.0
3900,92.32607,46.91667,-6.1666565,2024-06-01 18:00:00,0.14211197,-0.08916144,4339203.78529813,-468833.52373287774,0.0
4080,109.7293,46.91667,-6.1666565,2024-06-01 18:00:00,0.13630375,-0.10288433,4339203.78529813,-468833.52373287774,0.0
4260,130.666,46.91667,-6.1666565,2024-06-01 18:00:00,0.13169661,-0.11444755,4339203.78529813,-468833.52373287774,0.0
4440,155.8507,46.91667,-6.1666565,2024-06-01 18:00:00,0.1192343,-0.10730981,4339203.78529813,-468833.52373287774,0.0
4620,186.1256,46.91667,-6.1666565,2024-06-01 18:00:00,0.104075566,-0.100700125,4339203.78529813,-468833.52373287774,0.0
4800,222.4752,46.91667,-6.1666565,2024-06-01 18:00:00,0.10473704,-0.09616874,4339203.78529813,-468833.52373287774,0.0
4980,266.0403,46.91667,-6.1666565,2024-06-01 18:00:00,0.099329084,-0.090490706,4339203.78529813,-468833.52373287774,0.0
5160,318.1274,46.91667,-6.1666565,2024-06-01 18:00:00,0.09736857,-0.092429705,4339203.78529813,-468833.52373287774,0.0
5340,380.213,46.91667,-6.1666565,2024-06-01 18:00:00,0.09509887,-0.08994455,4339203.78529813,-468833.52373287774,0.0
5520,453.9377,46.91667,-6.1666565,2024-06-01 18:00:00,0.08457163,-0.08530667,4339203.78529813,-468833.52373287774,0.0
5700,541.0889,46.91667,-6.1666565,2024-06-01 18:00:00,0.08186744,-0.073343955,4339203.78529813,-468833.52373287774,0.0
5880,643.5668,46.91667,-6.1666565,2024-06-01 18:00:00,0.087615035,-0.07276621,4339203.78529813,-468833.52373287774,0.0
6060,763.3331,46.91667,-6.1666565,2024-06-01 18:00:00,0.098188795,-0.08411166,4339203.78529813,-468833.52373287774,0.0
6240,902.3393,46.91667,-6.1666565,2024-06-01 18:00:00,0.08695038,-0.08810918,4339203.78529813,-468833.52373287774,0.0
129,0.494025,46.91667,-6.0833282,2024-06-01 18:00:00,-0.060915414,-0.06443768,4339881.045145775,-462522.2992525033,0.0
309,1.541375,46.91667,-6.0833282,2024-06-01 18:00:00,-0.059744474,-0.060660288,4339881.045145775,-462522.2992525033,0.0
489,2.645669,46.91667,-6.0833282,2024-06-01 18:00:00,-0.058513377,-0.057251394,4339881.045145775,-462522.2992525033,0.0
669,3.819495,46.91667,-6.0833282,2024-06-01 18:00:00,-0.057223886,-0.05421994,4339881.045145775,-462522.2992525033,0.0
849,5.078224,46.91667,-6.0833282,2024-06-01 18:00:00,-0.055845454,-0.051530946,4339881.045145775,-462522.2992525033,0.0
1029,6.440614,46.91667,-6.0833282,2024-06-01 18:00:00,-0.05427812,-0.04910489,4339881.045145775,-462522.2992525033,0.0
1209,7.92956,46.91667,-6.0833282,2024-06-01 18:00:00,-0.052151076,-0.046727948,4339881.045145775,-462522.2992525033,0.0
1389,9.572997,46.91667,-6.0833282,2024-06-01 18:00:00,-0.04550405,-0.04254038,4339881.045145775,-462522.2992525033,0.0
1569,11.405,46.91667,-6.0833282,2024-06-01 18:00:00,-0.0008983989,-0.053442605,4339881.045145775,-462522.2992525033,0.0
1749,13.46714,46.91667,-6.0833282,2024-06-01 18:00:00,0.001606572,-0.05789762,4339881.045145775,-462522.2992525033,0.0
1929,15.81007,46.91667,-6.0833282,2024-06-01 18:00:00,-0.0028104791,-0.05758433,4339881.045145775,-462522.2992525033,0.0
2109,18.49556,46.91667,-6.0833282,2024-06-01 18:00:00,-0.006013708,-0.055969175,4339881.045145775,-462522.2992525033,0.0
2289,21.59882,46.91667,-6.0833282,2024-06-01 18:00:00,-0.0056409608,-0.04949438,4339881.045145775,-462522.2992525033,0.0
2469,25.21141,46.91667,-6.0833282,2024-06-01 18:00:00,0.010382653,-0.045783125,4339881.045145775,-462522.2992525033,0.0
2649,29.44473,46.91667,-6.0833282,2024-06-01 18:00:00,0.035025913,-0.05032087,4339881.045145775,-462522.2992525033,0.0
2829,34.43415,46.91667,-6.0833282,2024-06-01 18:00:00,0.076324455,-0.05662979,4339881.045145775,-462522.2992525033,0.0
3009,40.34405,46.91667,-6.0833282,2024-06-01 18:00:00,0.11219096,-0.06491644,4339881.045145775,-462522.2992525033,0.0
3189,47.37369,46.91667,-6.0833282,2024-06-01 18:00:00,0.12514415,-0.0742226,4339881.045145775,-462522.2992525033,0.0
3369,55.76429,46.91667,-6.0833282,2024-06-01 18:00:00,0.123717494,-0.07700119,4339881.045145775,-462522.2992525033,0.0
3549,65.80727,46.91667,-6.0833282,2024-06-01 18:00:00,0.11899219,-0.07895411,4339881.045145775,-462522.2992525033,0.0
3729,77.85385,46.91667,-6.0833282,2024-06-01 18:00:00,0.11665817,-0.0850259,4339881.045145775,-462522.2992525033,0.0
3909,92.32607,46.91667,-6.0833282,2024-06-01 18:00:00,0.112836696,-0.09172737,4339881.045145775,-462522.2992525033,0.0
4089,109.7293,46.91667,-6.0833282,2024-06-01 18:00:00,0.110703565,-0.0976668,4339881.045145775,-462522.2992525033,0.0
4269,130.666,46.91667,-6.0833282,2024-06-01 18:00:00,0.11487131,-0.102687165,4339881.045145775,-462522.2992525033,0.0
4449,155.8507,46.91667,-6.0833282,2024-06-01 18:00:00,0.10620848,-0.08870959,4339881.045145775,-462522.2992525033,0.0
4629,186.1256,46.91667,-6.0833282,2024-06-01 18:00:00,0.09365989,-0.08287753,4339881.045145775,-462522.2992525033,0.0
4809,222.4752,46.91667,-6.0833282,2024-06-01 18:00:00,0.09387679,-0.0887742,4339881.045145775,-462522.2992525033,0.0
4989,266.0403,46.91667,-6.0833282,2024-06-01 18:00:00,0.092622325,-0.09479597,4339881.045145775,-462522.2992525033,0.0
5169,318.1274,46.91667,-6.0833282,2024-06-01 18:00:00,0.091735795,-0.101097725,4339881.045145775,-462522.2992525033,0.0
5349,380.213,46.91667,-6.0833282,2024-06-01 18:00:00,0.09232506,-0.09810999,4339881.045145775,-462522.2992525033,0.0
5529,453.9377,46.91667,-6.0833282,2024-06-01 18:00:00,0.08884066,-0.09387166,4339881.045145775,-462522.2992525033,0.0
5709,541.0889,46.91667,-6.0833282,2024-06-01 18:00:00,0.08169345,-0.077618346,4339881.045145775,-462522.2992525033,0.0
5889,643.5668,46.91667,-6.0833282,2024-06-01 18:00:00,0.07675941,-0.056868337,4339881.045145775,-462522.2992525033,0.0
6069,763.3331,46.91667,-6.0833282,2024-06-01 18:00:00,0.076879375,-0.0622311,4339881.045145775,-462522.2992525033,0.0
6249,902.3393,46.91667,-6.0833282,2024-06-01 18:00:00,0.070271,-0.06744947,4339881.045145775,-462522.2992525033,0.0
138,0.494025,46.91667,-6.0,2024-06-01 18:00:00,-0.08808065,-0.055526838,4340549.125536747,-456210.0964726406,0.0
318,1.541375,46.91667,-6.0,2024-06-01 18:00:00,-0.08705417,-0.051684007,4340549.125536747,-456210.0964726406,0.0
498,2.645669,46.91667,-6.0,2024-06-01 18:00:00,-0.08595637,-0.048203662,4340549.125536747,-456210.0964726406,0.0
678,3.819495,46.91667,-6.0,2024-06-01 18:00:00,-0.084790386,-0.04509695,4340549.125536747,-456210.0964726406,0.0
858,5.078224,46.91667,-6.0,2024-06-01 18:00:00,-0.08352952,-0.042328823,4340549.125536747,-456210.0964726406,0.0
1038,6.440614,46.91667,-6.0,2024-06-01 18:00:00,-0.08208347,-0.039818466,4340549.125536747,-456210.0964726406,0.0
1218,7.92956,46.91667,-6.0,2024-06-01 18:00:00,-0.080114156,-0.037358567,4340549.125536747,-456210.0964726406,0.0
1398,9.572997,46.91667,-6.0,2024-06-01 18:00:00,-0.07404231,-0.033230156,4340549.125536747,-456210.0964726406,0.0
1578,11.405,46.91667,-6.0,2024-06-01 18:00:00,-0.02926729,-0.040826812,4340549.125536747,-456210.0964726406,0.0
1758,13.46714,46.91667,-6.0,2024-06-01 18:00:00,-0.02694027,-0.045362856,4340549.125536747,-456210.0964726406,0.0
1938,15.81007,46.91667,-6.0,2024-06-01 18:00:00,-0.031756952,-0.045096084,4340549.125536747,-456210.0964726406,0.0
2118,18.49556,46.91667,-6.0,2024-06-01 18:00:00,-0.035422858,-0.043826878,4340549.125536747,-456210.0964726406,0.0
2298,21.59882,46.91667,-6.0,2024-06-01 18:00:00,-0.035442706,-0.041995827,4340549.125536747,-456210.0964726406,0.0
2478,25.21141,46.91667,-6.0,2024-06-01 18:00:00,-0.025263436,-0.044410154,4340549.125536747,-456210.0964726406,0.0
2658,29.44473,46.91667,-6.0,2024-06-01 18:00:00,-0.014731161,-0.04691609,4340549.125536747,-456210.0964726406,0.0
2838,34.43415,46.91667,-6.0,2024-06-01 18:00:00,0.01272976,-0.046132185,4340549.125536747,-456210.0964726406,0.0
3018,40.34405,46.91667,-6.0,2024-06-01 18:00:00,0.04316691,-0.049925562,4340549.125536747,-456210.0964726406,0.0
3198,47.37369,46.91667,-6.0,2024-06-01 18:00:00,0.057309043,-0.056982417,4340549.125536747,-456210.0964726406,0.0
3378,55.76429,46.91667,-6.0,2024-06-01 18:00:00,0.05796096,-0.058696937,4340549.125536747,-456210.0964726406,0.0
3558,65.80727,46.91667,-6.0,2024-06-01 18:00:00,0.057392105,-0.059359826,4340549.125536747,-456210.0964726406,0.0
3738,77.85385,46.91667,-6.0,2024-06-01 18:00:00,0.062683135,-0.06689886,4340549.125536747,-456210.0964726406,0.0
3918,92.32607,46.91667,-6.0,2024-06-01 18:00:00,0.06485911,-0.0780027,4340549.125536747,-456210.0964726406,0.0
4098,109.7293,46.91667,-6.0,2024-06-01 18:00:00,0.06870501,-0.080966294,4340549.125536747,-456210.0964726406,0.0
4278,130.666,46.91667,-6.0,2024-06-01 18:00:00,0.081417106,-0.08517716,4340549.125536747,-456210.0964726406,0.0
4458,155.8507,46.91667,-6.0,2024-06-01 18:00:00,0.0764759,-0.07629415,4340549.125536747,-456210.0964726406,0.0
4638,186.1256,46.91667,-6.0,2024-06-01 18:00:00,0.07370456,-0.07510091,4340549.125536747,-456210.0964726406,0.0
4818,222.4752,46.91667,-6.0,2024-06-01 18:00:00,0.075238526,-0.07864682,4340549.125536747,-456210.0964726406,0.0
4998,266.0403,46.91667,-6.0,2024-06-01 18:00:00,0.07848711,-0.08217997,4340549.125536747,-456210.0964726406,0.0
5178,318.1274,46.91667,-6.0,2024-06-01 18:00:00,0.08283143,-0.08844061,4340549.125536747,-456210.0964726406,0.0
5358,380.213,46.91667,-6.0,2024-06-01 18:00:00,0.08268035,-0.09782406,4340549.125536747,-456210.0964726406,0.0
5538,453.9377,46.91667,-6.0,2024-06-01 18:00:00,0.08031107,-0.09080958,4340549.125536747,-456210.0964726406,0.0
5718,541.0889,46.91667,-6.0,2024-06-01 18:00:00,0.072851256,-0.065353386,4340549.125536747,-456210.0964726406,0.0
5898,643.5668,46.91667,-6.0,2024-06-01 18:00:00,0.06569939,-0.060056843,4340549.125536747,-456210.0964726406,0.0
6078,763.3331,46.91667,-6.0,2024-06-01 18:00:00,0.054181565,-0.04363651,4340549.125536747,-456210.0964726406,0.0
6258,902.3393,46.91667,-6.0,2024-06-01 18:00:00,0.044279803,-0.057663687,4340549.125536747,-456210.0964726406,0.0
147,0.494025,47.0,-6.25,2024-06-01 18:00:00,-0.063164145,-0.0610015,4331787.087405169,-474407.8424903363,0.0
327,1.541375,47.0,-6.25,2024-06-01 18:00:00,-0.061789945,-0.05732369,4331787.087405169,-474407.8424903363,0.0
507,2.645669,47.0,-6.25,2024-06-01 18:00:00,-0.06037212,-0.054012313,4331787.087405169,-474407.8424903363,0.0
687,3.819495,47.0,-6.25,2024-06-01 18:00:00,-0.058909632,-0.051075645,4331787.087405169,-474407.8424903363,0.0
867,5.078224,47.0,-6.25,2024-06-01 18:00:00,-0.05736482,-0.048478477,4331787.087405169,-474407.8424903363,0.0
1047,6.440614,47.0,-6.25,2024-06-01 18:00:00,-0.055622175,-0.046141032,4331787.087405169,-474407.8424903363,0.0
1227,7.92956,47.0,-6.25,2024-06-01 18:00:00,-0.053250663,-0.043840915,4331787.087405169,-474407.8424903363,0.0
1407,9.572997,47.0,-6.25,2024-06-01 18:00:00,-0.045489933,-0.039754726,4331787.087405169,-474407.8424903363,0.0
1587,11.405,47.0,-6.25,2024-06-01 18:00:00,0.0021616754,-0.049073454,4331787.087405169,-474407.8424903363,0.0
1767,13.46714,47.0,-6.25,2024-06-01 18:00:00,0.005568036,-0.051865984,4331787.087405169,-474407.8424903363,0.0
1947,15.81007,47.0,-6.25,2024-06-01 18:00:00,0.0017096226,-0.05007276,4331787.087405169,-474407.8424903363,0.0
2127,18.49556,47.0,-6.25,2024-06-01 18:00:00,-0.00048755598,-0.047553502,4331787.087405169,-474407.8424903363,0.0
2307,21.59882,47.0,-6.25,2024-06-01 18:00:00,0.00011892337,-0.04606203,4331787.087405169,-474407.8424903363,0.0
2487,25.21141,47.0,-6.25,2024-06-01 18:00:00,0.0022403577,-0.046129238,4331787.087405169,-474407.8424903363,0.0
2667,29.44473,47.0,-6.25,2024-06-01 18:00:00,0.03079896,-0.04350355,4331787.087405169,-474407.8424903363,0.0
2847,34.43415,47.0,-6.25,2024-06-01 18:00:00,0.08520224,-0.05800265,4331787.087405169,-474407.8424903363,0.0
3027,40.34405,47.0,-6.25,2024-06-01 18:00:00,0.12985489,-0.07883893,4331787.087405169,-474407.8424903363,0.0
3207,47.37369,47.0,-6.25,2024-06-01 18:00:00,0.14084493,-0.088770464,4331787.087405169,-474407.8424903363,0.0
3387,55.76429,47.0,-6.25,2024-06-01 18:00:00,0.12975936,-0.08350666,4331787.087405169,-474407.8424903363,0.0
3567,65.80727,47.0,-6.25,2024-06-01 18:00:00,0.11096999,-0.07256178,4331787.087405169,-474407.8424903363,0.0
3747,77.85385,47.0,-6.25,2024-06-01 18:00:00,0.097290814,-0.061926298,4331787.087405169,-474407.8424903363,0.0
3927,92.32607,47.0,-6.25,2024-06-01 18:00:00,0.090570875,-0.06661607,4331787.087405169,-474407.8424903363,0.0
4107,109.7293,47.0,-6.25,2024-06-01 18:00:00,0.08336145,-0.08588721,4331787.087405169,-474407.8424903363,0.0
4287,130.666,47.0,-6.25,2024-06-01 18:00:00,0.08788105,-0.10463538,4331787.087405169,-474407.8424903363,0.0
4467,155.8507,47.0,-6.25,2024-06-01 18:00:00,0.082441024,-0.10568074,4331787.087405169,-474407.8424903363,0.0
4647,186.1256,47.0,-6.25,2024-06-01 18:00:00,0.07004105,-0.09495863,4331787.087405169,-474407.8424903363,0.0
4827,222.4752,47.0,-6.25,2024-06-01 18:00:00,0.07524438,-0.08856583,4331787.087405169,-474407.8424903363,0.0
5007,266.0403,47.0,-6.25,2024-06-01 18:00:00,0.082264416,-0.084721364,4331787.087405169,-474407.8424903363,0.0
5187,318.1274,47.0,-6.25,2024-06-01 18:00:00,0.09266543,-0.091949694,4331787.087405169,-474407.8424903363,0.0
5367,380.213,47.0,-6.25,2024-06-01 18:00:00,0.10250275,-0.094840474,4331787.087405169,-474407.8424903363,0.0
5547,453.9377,47.0,-6.25,2024-06-01 18:00:00,0.106307015,-0.082595,4331787.087405169,-474407.8424903363,0.0
5727,541.0889,47.0,-6.25,2024-06-01 18:00:00,0.08853833,-0.06645816,4331787.087405169,-474407.8424903363,0.0
5907,643.5668,47.0,-6.25,2024-06-01 18:00:00,0.094084285,-0.062101554,4331787.087405169,-474407.8424903363,0.0
6087,763.3331,47.0,-6.25,2024-06-01 18:00:00,0.11097567,-0.068739,4331787.087405169,-474407.8424903363,0.0
6267,902.3393,47.0,-6.25,2024-06-01 18:00:00,0.114880696,-0.08179999,4331787.087405169,-474407.8424903363,0.0
156,0.494025,47.0,-6.1666565,2024-06-01 18:00:00,-0.08832032,-0.044818006,4332472.586781167,-468106.2447951276,0.0
336,1.541375,47.0,-6.1666565,2024-06-01 18:00:00,-0.08706898,-0.041105706,4332472.586781167,-468106.2447951276,0.0
516,2.645669,47.0,-6.1666565,2024-06-01 18:00:00,-0.0857761,-0.037750278,4332472.586781167,-468106.2447951276,0.0
696,3.819495,47.0,-6.1666565,2024-06-01 18:00:00,-0.08444126,-0.034757614,4332472.586781167,-468106.2447951276,0.0
876,5.078224,47.0,-6.1666565,2024-06-01 18:00:00,-0.08303164,-0.032089733,4332472.586781167,-468106.2447951276,0.0
1056,6.440614,47.0,-6.1666565,2024-06-01 18:00:00,-0.08144612,-0.029660374,4332472.586781167,-468106.2447951276,0.0
1236,7.92956,47.0,-6.1666565,2024-06-01 18:00:00,-0.07932009,-0.027228646,4332472.586781167,-468106.2447951276,0.0
1416,9.572997,47.0,-6.1666565,2024-06-01 18:00:00,-0.07263791,-0.022521246,4332472.586781167,-468106.2447951276,0.0
1596,11.405,47.0,-6.1666565,2024-06-01 18:00:00,-0.026809148,-0.0273821,4332472.586781167,-468106.2447951276,0.0
1776,13.46714,47.0,-6.1666565,2024-06-01 18:00:00,-0.023392206,-0.03002482,4332472.586781167,-468106.2447951276,0.0
1956,15.81007,47.0,-6.1666565,2024-06-01 18:00:00,-0.027636254,-0.028922088,4332472.586781167,-468106.2447951276,0.0
2136,18.49556,47.0,-6.1666565,2024-06-01 18:00:00,-0.030488217,-0.027422994,4332472.586781167,-468106.2447951276,0.0
2316,21.59882,47.0,-6.1666565,2024-06-01 18:00:00,-0.03099484,-0.027319208,4332472.586781167,-468106.2447951276,0.0
2496,25.21141,47.0,-6.1666565,2024-06-01 18:00:00,-0.026509143,-0.027646735,4332472.586781167,-468106.2447951276,0.0
2676,29.44473,47.0,-6.1666565,2024-06-01 18:00:00,-0.004584901,-0.017767087,4332472.586781167,-468106.2447951276,0.0
2856,34.43415,47.0,-6.1666565,2024-06-01 18:00:00,0.037115455,-0.021278119,4332472.586781167,-468106.2447951276,0.0
3036,40.34405,47.0,-6.1666565,2024-06-01 18:00:00,0.070749,-0.032548133,4332472.586781167,-468106.2447951276,0.0
3216,47.37369,47.0,-6.1666565,2024-06-01 18:00:00,0.077398084,-0.039797876,4332472.586781167,-468106.2447951276,0.0
3396,55.76429,47.0,-6.1666565,2024-06-01 18:00:00,0.0693212,-0.03687906,4332472.586781167,-468106.2447951276,0.0
3576,65.80727,47.0,-6.1666565,2024-06-01 18:00:00,0.058300577,-0.032699857,4332472.586781167,-468106.2447951276,0.0
3756,77.85385,47.0,-6.1666565,2024-06-01 18:00:00,0.055336688,-0.0326856,4332472.586781167,-468106.2447951276,0.0
3936,92.32607,47.0,-6.1666565,2024-06-01 18:00:00,0.05539467,-0.04445469,4332472.586781167,-468106.2447951276,0.0
4116,109.7293,47.0,-6.1666565,2024-06-01 18:00:00,0.052956283,-0.059295427,4332472.586781167,-468106.2447951276,0.0
4296,130.666,47.0,-6.1666565,2024-06-01 18:00:00,0.060320158,-0.07523427,4332472.586781167,-468106.2447951276,0.0
4476,155.8507,47.0,-6.1666565,2024-06-01 18:00:00,0.061458096,-0.0819941,4332472.586781167,-468106.2447951276,0.0
4656,186.1256,47.0,-6.1666565,2024-06-01 18:00:00,0.055729836,-0.0771476,4332472.586781167,-468106.2447951276,0.0
4836,222.4752,47.0,-6.1666565,2024-06-01 18:00:00,0.059374534,-0.08131049,4332472.586781167,-468106.2447951276,0.0
5016,266.0403,47.0,-6.1666565,2024-06-01 18:00:00,0.06776938,-0.08551683,4332472.586781167,-468106.2447951276,0.0
5196,318.1274,47.0,-6.1666565,2024-06-01 18:00:00,0.08311701,-0.09220438,4332472.586781167,-468106.2447951276,0.0
5376,380.213,47.0,-6.1666565,2024-06-01 18:00:00,0.090272464,-0.0878195,4332472.586781167,-468106.2447951276,0.0
5556,453.9377,47.0,-6.1666565,2024-06-01 18:00:00,0.09668913,-0.0753804,4332472.586781167,-468106.2447951276,0.0
5736,541.0889,47.0,-6.1666565,2024-06-01 18:00:00,0.08139583,-0.057828277,4332472.586781167,-468106.2447951276,0.0
5916,643.5668,47.0,-6.1666565,2024-06-01 18:00:00,0.0815822,-0.051291246,4332472.586781167,-468106.2447951276,0.0
6096,763.3331,47.0,-6.1666565,2024-06-01 18:00:00,0.09399542,-0.059084106,4332472.586781167,-468106.2447951276,0.0
6276,902.3393,47.0,-6.1666565,2024-06-01 18:00:00,0.08158543,-0.051484644,4332472.586781167,-468106.2447951276,0.0
165,0.494025,47.0,-6.0833282,2024-06-01 18:00:00,-0.10397506,-0.042790066,4333148.796028124,-461804.81061430223,0.0
345,1.541375,47.0,-6.0833282,2024-06-01 18:00:00,-0.10283356,-0.039044876,4333148.796028124,-461804.81061430223,0.0
525,2.645669,47.0,-6.0833282,2024-06-01 18:00:00,-0.10164481,-0.0356483,4333148.796028124,-461804.81061430223,0.0
705,3.819495,47.0,-6.0833282,2024-06-01 18:00:00,-0.10040916,-0.032606773,4333148.796028124,-461804.81061430223,0.0
885,5.078224,47.0,-6.0833282,2024-06-01 18:00:00,-0.09909767,-0.029884292,4333148.796028124,-461804.81061430223,0.0
1065,6.440614,47.0,-6.0833282,2024-06-01 18:00:00,-0.097620174,-0.027399622,4333148.796028124,-461804.81061430223,0.0
1245,7.92956,47.0,-6.0833282,2024-06-01 18:00:00,-0.095664576,-0.024945175,4333148.796028124,-461804.81061430223,0.0
1425,9.572997,47.0,-6.0833282,2024-06-01 18:00:00,-0.09010177,-0.020787697,4333148.796028124,-461804.81061430223,0.0
1605,11.405,47.0,-6.0833282,2024-06-01 18:00:00,-0.04368606,-0.02183879,4333148.796028124,-461804.81061430223,0.0
1785,13.46714,47.0,-6.0833282,2024-06-01 18:00:00,-0.038603626,-0.024195712,4333148.796028124,-461804.81061430223,0.0
1965,15.81007,47.0,-6.0833282,2024-06-01 18:00:00,-0.04304731,-0.023070332,4333148.796028124,-461804.81061430223,0.0
2145,18.49556,47.0,-6.0833282,2024-06-01 18:00:00,-0.046501298,-0.021784663,4333148.796028124,-461804.81061430223,0.0
2325,21.59882,47.0,-6.0833282,2024-06-01 18:00:00,-0.04805125,-0.020929174,4333148.796028124,-461804.81061430223,0.0
2505,25.21141,47.0,-6.0833282,2024-06-01 18:00:00,-0.044126578,-0.01677286,4333148.796028124,-461804.81061430223,0.0
2685,29.44473,47.0,-6.0833282,2024-06-01 18:00:00,-0.030829905,-0.009512298,4333148.796028124,-461804.81061430223,0.0
2865,34.43415,47.0,-6.0833282,2024-06-01 18:00:00,-0.0051711896,-0.0047476487,4333148.796028124,-461804.81061430223,0.0
3045,40.34405,47.0,-6.0833282,2024-06-01 18:00:00,0.01649784,-0.0077940733,4333148.796028124,-461804.81061430223,0.0
3225,47.37369,47.0,-6.0833282,2024-06-01 18:00:00,0.01961617,-0.012843115,4333148.796028124,-461804.81061430223,0.0
3405,55.76429,47.0,-6.0833282,2024-06-01 18:00:00,0.012231371,-0.011538748,4333148.796028124,-461804.81061430223,0.0
3585,65.80727,47.0,-6.0833282,2024-06-01 18:00:00,0.0051346878,-0.011046127,4333148.796028124,-461804.81061430223,0.0
3765,77.85385,47.0,-6.0833282,2024-06-01 18:00:00,0.00826515,-0.013795728,4333148.796028124,-461804.81061430223,0.0
3945,92.32607,47.0,-6.0833282,2024-06-01 18:00:00,0.013650125,-0.02419244,4333148.796028124,-461804.81061430223,0.0
4125,109.7293,47.0,-6.0833282,2024-06-01 18:00:00,0.016309908,-0.028550956,4333148.796028124,-461804.81061430223,0.0
4305,130.666,47.0,-6.0833282,2024-06-01 18:00:00,0.027477084,-0.034615483,4333148.796028124,-461804.81061430223,0.0
4485,155.8507,47.0,-6.0833282,2024-06-01 18:00:00,0.03043635,-0.04264508,4333148.796028124,-461804.81061430223,0.0
4665,186.1256,47.0,-6.0833282,2024-06-01 18:00:00,0.030234385,-0.05074881,4333148.796028124,-461804.81061430223,0.0
4845,222.4752,47.0,-6.0833282,2024-06-01 18:00:00,0.03954562,-0.06242261,4333148.796028124,-461804.81061430223,0.0
5025,266.0403,47.0,-6.0833282,2024-06-01 18:00:00,0.050614934,-0.06817869,4333148.796028124,-461804.81061430223,0.0
5205,318.1274,47.0,-6.0833282,2024-06-01 18:00:00,0.06204484,-0.072348155,4333148.796028124,-461804.81061430223,0.0
5385,380.213,47.0,-6.0833282,2024-06-01 18:00:00,0.065750614,-0.07802701,4333148.796028124,-461804.81061430223,0.0
5565,453.9377,47.0,-6.0833282,2024-06-01 18:00:00,0.07140805,-0.071989276,4333148.796028124,-461804.81061430223,0.0
5745,541.0889,47.0,-6.0833282,2024-06-01 18:00:00,0.0744335,-0.05234183,4333148.796028124,-461804.81061430223,0.0
5925,643.5668,47.0,-6.0833282,2024-06-01 18:00:00,0.07056113,-0.037257165,4333148.796028124,-461804.81061430223,0.0
6105,763.3331,47.0,-6.0833282,2024-06-01 18:00:00,0.074448936,-0.029185098,4333148.796028124,-461804.81061430223,0.0
6285,902.3393,47.0,-6.0833282,2024-06-01 18:00:00,0.057200547,-0.038084783,4333148.796028124,-461804.81061430223,0.0
174,0.494025,47.0,-6.0,2024-06-01 18:00:00,-0.11458189,-0.061266534,4333815.840058059,-455502.3996515776,0.0
354,1.541375,47.0,-6.0,2024-06-01 18:00:00,-0.1135521,-0.05746735,4333815.840058059,-455502.3996515776,0.0
534,2.645669,47.0,-6.0,2024-06-01 18:00:00,-0.11246203,-0.05400837,4333815.840058059,-455502.3996515776,0.0
714,3.819495,47.0,-6.0,2024-06-01 18:00:00,-0.11131206,-0.050896116,4333815.840058059,-455502.3996515776,0.0
894,5.078224,47.0,-6.0,2024-06-01 18:00:00,-0.11007442,-0.048093237,4333815.840058059,-455502.3996515776,0.0
1074,6.440614,47.0,-6.0,2024-06-01 18:00:00,-0.10866012,-0.04551282,4333815.840058059,-455502.3996515776,0.0
1254,7.92956,47.0,-6.0,2024-06-01 18:00:00,-0.106759235,-0.042939406,4333815.840058059,-455502.3996515776,0.0
1434,9.572997,47.0,-6.0,2024-06-01 18:00:00,-0.10135346,-0.038735714,4333815.840058059,-455502.3996515776,0.0
1614,11.405,47.0,-6.0,2024-06-01 18:00:00,-0.05333726,-0.034088463,4333815.840058059,-455502.3996515776,0.0
1794,13.46714,47.0,-6.0,2024-06-01 18:00:00,-0.047081146,-0.0351517,4333815.840058059,-455502.3996515776,0.0
1974,15.81007,47.0,-6.0,2024-06-01 18:00:00,-0.050785556,-0.034658086,4333815.840058059,-455502.3996515776,0.0
2154,18.49556,47.0,-6.0,2024-06-01 18:00:00,-0.05374804,-0.034270976,4333815.840058059,-455502.3996515776,0.0
2334,21.59882,47.0,-6.0,2024-06-01 18:00:00,-0.055431396,-0.03234791,4333815.840058059,-455502.3996515776,0.0
2514,25.21141,47.0,-6.0,2024-06-01 18:00:00,-0.055200633,-0.024635091,4333815.840058059,-455502.3996515776,0.0
2694,29.44473,47.0,-6.0,2024-06-01 18:00:00,-0.048730675,-0.013934806,4333815.840058059,-455502.3996515776,0.0
2874,34.43415,47.0,-6.0,2024-06-01 18:00:00,-0.034169678,-0.00084595825,4333815.840058059,-455502.3996515776,0.0
3054,40.34405,47.0,-6.0,2024-06-01 18:00:00,-0.023280783,0.011622778,4333815.840058059,-455502.3996515776,0.0
3234,47.37369,47.0,-6.0,2024-06-01 18:00:00,-0.025323607,0.025895046,4333815.840058059,-455502.3996515776,0.0
3414,55.76429,47.0,-6.0,2024-06-01 18:00:00,-0.03467261,0.034999058,4333815.840058059,-455502.3996515776,0.0
3594,65.80727,47.0,-6.0,2024-06-01 18:00:00,-0.04248103,0.037427966,4333815.840058059,-455502.3996515776,0.0
3774,77.85385,47.0,-6.0,2024-06-01 18:00:00,-0.03965676,0.03153452,4333815.840058059,-455502.3996515776,0.0
3954,92.32607,47.0,-6.0,2024-06-01 18:00:00,-0.03331735,0.012841276,4333815.840058059,-455502.3996515776,0.0
4134,109.7293,47.0,-6.0,2024-06-01 18:00:00,-0.027582118,0.0040965537,4333815.840058059,-455502.3996515776,0.0
4314,130.666,47.0,-6.0,2024-06-01 18:00:00,-0.012323348,-0.00056311325,4333815.840058059,-455502.3996515776,0.0
4494,155.8507,47.0,-6.0,2024-06-01 18:00:00,-0.010468934,-0.009099012,4333815.840058059,-455502.3996515776,0.0
4674,186.1256,47.0,-6.0,2024-06-01 18:00:00,-0.0112122875,-0.018225616,4333815.840058059,-455502.3996515776,0.0
4854,222.4752,47.0,-6.0,2024-06-01 18:00:00,0.0070700515,-0.04255137,4333815.840058059,-455502.3996515776,0.0
5034,266.0403,47.0,-6.0,2024-06-01 18:00:00,0.038500987,-0.058849227,4333815.840058059,-455502.3996515776,0.0
5214,318.1274,47.0,-6.0,2024-06-01 18:00:00,0.046334185,-0.06123747,4333815.840058059,-455502.3996515776,0.0
5394,380.213,47.0,-6.0,2024-06-01 18:00:00,0.033318203,-0.045949053,4333815.840058059,-455502.3996515776,0.0
5574,453.9377,47.0,-6.0,2024-06-01 18:00:00,0.033955134,-0.034172766,4333815.840058059,-455502.3996515776,0.0
5754,541.0889,47.0,-6.0,2024-06-01 18:00:00,0.057596654,-0.035890836,4333815.840058059,-455502.3996515776,0.0
5934,643.5668,47.0,-6.0,2024-06-01 18:00:00,0.058987785,-0.041143958,4333815.840058059,-455502.3996515776,0.0
6114,763.3331,47.0,-6.0,2024-06-01 18:00:00,0.05367022,-0.018522995,4333815.840058059,-455502.3996515776,0.0
6294,902.3393,47.0,-6.0,2024-06-01 18:00:00,0.039791357,-0.020083621,4333815.840058059,-455502.3996515776,0.0
4,0.494025,46.66667,-6.25,2024-06-02 00:00:00,-0.06011558,0.008687377,4358653.3150161095,-477350.1729464703,0.0
184,1.541375,46.66667,-6.25,2024-06-02 00:00:00,-0.058025867,0.011912128,4358653.3150161095,-477350.1729464703,0.0
364,2.645669,46.66667,-6.25,2024-06-02 00:00:00,-0.055926424,0.014932336,4358653.3150161095,-477350.1729464703,0.0
544,3.819495,46.66667,-6.25,2024-06-02 00:00:00,-0.05381956,0.017745934,4358653.3150161095,-477350.1729464703,0.0
724,5.078224,46.66667,-6.25,2024-06-02 00:00:00,-0.05169828,0.02035947,4358653.3150161095,-477350.1729464703,0.0
904,6.440614,46.66667,-6.25,2024-06-02 00:00:00,-0.049549647,0.022779599,4358653.3150161095,-477350.1729464703,0.0
1084,7.92956,46.66667,-6.25,2024-06-02 00:00:00,-0.047352023,0.025011212,4358653.3150161095,-477350.1729464703,0.0
1264,9.572997,46.66667,-6.25,2024-06-02 00:00:00,-0.045064826,0.027064059,4358653.3150161095,-477350.1729464703,0.0
1444,11.405,46.66667,-6.25,2024-06-02 00:00:00,-0.042578388,0.028967597,4358653.3150161095,-477350.1729464703,0.0
1624,13.46714,46.66667,-6.25,2024-06-02 00:00:00,-0.039600395,0.03080143,4358653.3150161095,-477350.1729464703,0.0
1804,15.81007,46.66667,-6.25,2024-06-02 00:00:00,-0.03478033,0.032935515,4358653.3150161095,-477350.1729464703,0.0
1984,18.49556,46.66667,-6.25,2024-06-02 00:00:00,-0.017564757,0.035902675,4358653.3150161095,-477350.1729464703,0.0
2164,21.59882,46.66667,-6.25,2024-06-02 00:00:00,0.044233132,0.02755875,4358653.3150161095,-477350.1729464703,0.0
2344,25.21141,46.66667,-6.25,2024-06-02 00:00:00,0.054189216,0.021067135,4358653.3150161095,-477350.1729464703,0.0
2524,29.44473,46.66667,-6.25,2024-06-02 00:00:00,0.053170882,0.015460791,4358653.3150161095,-477350.1729464703,0.0
2704,34.43415,46.66667,-6.25,2024-06-02 00:00:00,0.043510996,0.0064339153,4358653.3150161095,-477350.1729464703,0.0
2884,40.34405,46.66667,-6.25,2024-06-02 00:00:00,0.03220783,-0.012996934,4358653.3150161095,-477350.1729464703,0.0
3064,47.37369,46.66667,-6.25,2024-06-02 00:00:00,0.02151814,-0.017772557,4358653.3150161095,-477350.1729464703,0.0
3244,55.76429,46.66667,-6.25,2024-06-02 00:00:00,0.015122142,-0.012581341,4358653.3150161095,-477350.1729464703,0.0
3424,65.80727,46.66667,-6.25,2024-06-02 00:00:00,0.009803031,-0.0097542275,4358653.3150161095,-477350.1729464703,0.0
3604,77.85385,46.66667,-6.25,2024-06-02 00:00:00,0.009026549,-0.00605187,4358653.3150161095,-477350.1729464703,0.0
3784,92.32607,46.66667,-6.25,2024-06-02 00:00:00,0.0127763655,0.00017641718,4358653.3150161095,-477350.1729464703,0.0
3964,109.7293,46.66667,-6.25,2024-06-02 00:00:00,0.017876837,0.009557303,4358653.3150161095,-477350.1729464703,0.0
4144,130.666,46.66667,-6.25,2024-06-02 00:00:00,0.020821499,0.013587333,4358653.3150161095,-477350.1729464703,0.0
4324,155.8507,46.66667,-6.25,2024-06-02 00:00:00,0.024035117,0.011926259,4358653.3150161095,-477350.1729464703,0.0
4504,186.1256,46.66667,-6.25,2024-06-02 00:00:00,0.014377979,0.0016266082,4358653.3150161095,-477350.1729464703,0.0
4684,222.4752,46.66667,-6.25,2024-06-02 00:00:00,-0.0032064384,0.0016343629,4358653.3150161095,-477350.1729464703,0.0
4864,266.0403,46.66667,-6.25,2024-06-02 00:00:00,-0.024894118,0.0061508655,4358653.3150161095,-477350.1729464703,0.0
5044,318.1274,46.66667,-6.25,2024-06-02 00:00:00,-0.03685356,0.011045835,4358653.3150161095,-477350.1729464703,0.0
5224,380.213,46.66667,-6.25,2024-06-02 00:00:00,-0.044906966,0.0016585938,4358653.3150161095,-477350.1729464703,0.0
5404,453.9377,46.66667,-6.25,2024-06-02 00:00:00,-0.050609663,-0.00192221,4358653.3150161095,-477350.1729464703,0.0
5584,541.0889,46.66667,-6.25,2024-06-02 00:00:00,-0.035893884,-0.0015198842,4358653.3150161095,-477350.1729464703,0.0
5764,643.5668,46.66667,-6.25,2024-06-02 00:00:00,-0.045748554,-0.022190936,4358653.3150161095,-477350.1729464703,0.0
5944,763.3331,46.66667,-6.25,2024-06-02 00:00:00,-0.043884244,-0.043253347,4358653.3150161095,-477350.1729464703,0.0
6124,902.3393,46.66667,-6.25,2024-06-02 00:00:00,0.007469482,-0.064608134,4358653.3150161095,-477350.1729464703,0.0
13,0.494025,46.66667,-6.1666565,2024-06-02 00:00:00,-0.026763588,-0.028030584,4359343.065935845,-471009.49203812674,0.0
193,1.541375,46.66667,-6.1666565,2024-06-02 00:00:00,-0.024643188,-0.024772003,4359343.065935845,-471009.49203812674,0.0
373,2.645669,46.66667,-6.1666565,2024-06-02 00:00:00,-0.022510806,-0.021717673,4359343.065935845,-471009.49203812674,0.0
553,3.819495,46.66667,-6.1666565,2024-06-02 00:00:00,-0.02037042,-0.018872073,4359343.065935845,-471009.49203812674,0.0
733,5.078224,46.66667,-6.1666565,2024-06-02 00:00:00,-0.018216254,-0.016230784,4359343.065935845,-471009.49203812674,0.0
913,6.440614,46.66667,-6.1666565,2024-06-02 00:00:00,-0.016035298,-0.013788124,4359343.065935845,-471009.49203812674,0.0
1093,7.92956,46.66667,-6.1666565,2024-06-02 00:00:00,-0.013802525,-0.011537922,4359343.065935845,-471009.49203812674,0.0
1273,9.572997,46.66667,-6.1666565,2024-06-02 00:00:00,-0.011464631,-0.009464359,4359343.065935845,-471009.49203812674,0.0
1453,11.405,46.66667,-6.1666565,2024-06-02 00:00:00,-0.008882754,-0.0075266273,4359343.065935845,-471009.49203812674,0.0
1633,13.46714,46.66667,-6.1666565,2024-06-02 00:00:00,-0.005652784,-0.005610755,4359343.065935845,-471009.49203812674,0.0
1813,15.81007,46.66667,-6.1666565,2024-06-02 00:00:00,0.0002598133,-0.0031863176,4359343.065935845,-471009.49203812674,0.0
1993,18.49556,46.66667,-6.1666565,2024-06-02 00:00:00,0.023891695,0.00025928894,4359343.065935845,-471009.49203812674,0.0
2173,21.59882,46.66667,-6.1666565,2024-06-02 00:00:00,0.081644244,-0.0038144605,4359343.065935845,-471009.49203812674,0.0
2353,25.21141,46.66667,-6.1666565,2024-06-02 00:00:00,0.0912894,-0.008505886,4359343.065935845,-471009.49203812674,0.0
2533,29.44473,46.66667,-6.1666565,2024-06-02 00:00:00,0.09018646,-0.020334845,4359343.065935845,-471009.49203812674,0.0
2713,34.43415,46.66667,-6.1666565,2024-06-02 00:00:00,0.086224884,-0.025444634,4359343.065935845,-471009.49203812674,0.0
2893,40.34405,46.66667,-6.1666565,2024-06-02 00:00:00,0.07389606,-0.036440417,4359343.065935845,-471009.49203812674,0.0
3073,47.37369,46.66667,-6.1666565,2024-06-02 00:00:00,0.06767293,-0.035451747,4359343.065935845,-471009.49203812674,0.0
3253,55.76429,46.66667,-6.1666565,2024-06-02 00:00:00,0.0684308,-0.029216344,4359343.065935845,-471009.49203812674,0.0
3433,65.80727,46.66667,-6.1666565,2024-06-02 00:00:00,0.068398684,-0.02516445,4359343.065935845,-471009.49203812674,0.0
3613,77.85385,46.66667,-6.1666565,2024-06-02 00:00:00,0.06678955,-0.022825478,4359343.065935845,-471009.49203812674,0.0
3793,92.32607,46.66667,-6.1666565,2024-06-02 00:00:00,0.06757275,-0.01861607,4359343.065935845,-471009.49203812674,0.0
3973,109.7293,46.66667,-6.1666565,2024-06-02 00:00:00,0.067520276,-0.007494632,4359343.065935845,-471009.49203812674,0.0
4153,130.666,46.66667,-6.1666565,2024-06-02 00:00:00,0.061252147,-0.0021913606,4359343.065935845,-471009.49203812674,0.0
4333,155.8507,46.66667,-6.1666565,2024-06-02 00:00:00,0.045893572,-0.0012240126,4359343.065935845,-471009.49203812674,0.0
4513,186.1256,46.66667,-6.1666565,2024-06-02 00:00:00,0.017212346,-0.005033109,4359343.065935845,-471009.49203812674,0.0
4693,222.4752,46.66667,-6.1666565,2024-06-02 00:00:00,-0.0043065934,-0.0018786225,4359343.065935845,-471009.49203812674,0.0
4873,266.0403,46.66667,-6.1666565,2024-06-02 00:00:00,-0.013262946,-0.0028935915,4359343.065935845,-471009.49203812674,0.0
5053,318.1274,46.66667,-6.1666565,2024-06-02 00:00:00,-0.026812324,-0.0025402184,4359343.065935845,-471009.49203812674,0.0
5233,380.213,46.66667,-6.1666565,2024-06-02 00:00:00,-0.03210011,-0.0033796937,4359343.065935845,-471009.49203812674,0.0
5413,453.9377,46.66667,-6.1666565,2024-06-02 00:00:00,-0.028550398,-0.0068613086,4359343.065935845,-471009.49203812674,0.0
5593,541.0889,46.66667,-6.1666565,2024-06-02 00:00:00,-0.018102668,-0.016860357,4359343.065935845,-471009.49203812674,0.0
5773,643.5668,46.66667,-6.1666565,2024-06-02 00:00:00,-0.015713703,-0.0407,4359343.065935845,-471009.49203812674,0.0
5953,763.3331,46.66667,-6.1666565,2024-06-02 00:00:00,-0.019739375,-0.05828776,4359343.065935845,-471009.49203812674,0.0
6133,902.3393,46.66667,-6.1666565,2024-06-02 00:00:00,0.02442295,-0.07938768,4359343.065935845,-471009.49203812674,0.0
22,0.494025,46.66667,-6.0833282,2024-06-02 00:00:00,-0.0044447817,-0.06799767,4360023.469108121,-464668.9756583009,0.0
202,1.541375,46.66667,-6.0833282,2024-06-02 00:00:00,-0.0022766124,-0.06471113,4360023.469108121,-464668.9756583009,0.0
382,2.645669,46.66667,-6.0833282,2024-06-02 00:00:00,-9.031617e-05,-0.061632615,4360023.469108121,-464668.9756583009,0.0
562,3.819495,46.66667,-6.0833282,2024-06-02 00:00:00,0.0021080344,-0.058769476,4360023.469108121,-464668.9756583009,0.0
742,5.078224,46.66667,-6.0833282,2024-06-02 00:00:00,0.004323365,-0.056119185,4360023.469108121,-464668.9756583009,0.0
922,6.440614,46.66667,-6.0833282,2024-06-02 00:00:00,0.0065699387,-0.053676564,4360023.469108121,-464668.9756583009,0.0
1102,7.92956,46.66667,-6.0833282,2024-06-02 00:00:00,0.008875546,-0.05143445,4360023.469108121,-464668.9756583009,0.0
1282,9.572997,46.66667,-6.0833282,2024-06-02 00:00:00,0.011317386,-0.0493684,4360023.469108121,-464668.9756583009,0.0
1462,11.405,46.66667,-6.0833282,2024-06-02 00:00:00,0.014077801,-0.047425013,4360023.469108121,-464668.9756583009,0.0
1642,13.46714,46.66667,-6.0833282,2024-06-02 00:00:00,0.017766673,-0.045440458,4360023.469108121,-464668.9756583009,0.0
1822,15.81007,46.66667,-6.0833282,2024-06-02 00:00:00,0.026032329,-0.042623874,4360023.469108121,-464668.9756583009,0.0
2002,18.49556,46.66667,-6.0833282,2024-06-02 00:00:00,0.059532687,-0.040011764,4360023.469108121,-464668.9756583009,0.0
2182,21.59882,46.66667,-6.0833282,2024-06-02 00:00:00,0.1082983,-0.042038836,4360023.469108121,-464668.9756583009,0.0
2362,25.21141,46.66667,-6.0833282,2024-06-02 00:00:00,0.11873672,-0.045589067,4360023.469108121,-464668.9756583009,0.0
2542,29.44473,46.66667,-6.0833282,2024-06-02 00:00:00,0.11567896,-0.060903843,4360023.469108121,-464668.9756583009,0.0
2722,34.43415,46.66667,-6.0833282,2024-06-02 00:00:00,0.11048747,-0.06519488,4360023.469108121,-464668.9756583009,0.0
2902,40.34405,46.66667,-6.0833282,2024-06-02 00:00:00,0.1026964,-0.06983251,4360023.469108121,-464668.9756583009,0.0
3082,47.37369,46.66667,-6.0833282,2024-06-02 00:00:00,0.101719186,-0.06596526,4360023.469108121,-464668.9756583009,0.0
3262,55.76429,46.66667,-6.0833282,2024-06-02 00:00:00,0.110306635,-0.060319867,4360023.469108121,-464668.9756583009,0.0
3442,65.80727,46.66667,-6.0833282,2024-06-02 00:00:00,0.117597066,-0.058381,4360023.469108121,-464668.9756583009,0.0
3622,77.85385,46.66667,-6.0833282,2024-06-02 00:00:00,0.12097714,-0.058593497,4360023.469108121,-464668.9756583009,0.0
3802,92.32607,46.66667,-6.0833282,2024-06-02 00:00:00,0.12128732,-0.055741847,4360023.469108121,-464668.9756583009,0.0
3982,109.7293,46.66667,-6.0833282,2024-06-02 00:00:00,0.11581141,-0.0417719,4360023.469108121,-464668.9756583009,0.0
4162,130.666,46.66667,-6.0833282,2024-06-02 00:00:00,0.09936126,-0.03109862,4360023.469108121,-464668.9756583009,0.0
4342,155.8507,46.66667,-6.0833282,2024-06-02 00:00:00,0.0704214,-0.026249167,4360023.469108121,-464668.9756583009,0.0
4522,186.1256,46.66667,-6.0833282,2024-06-02 00:00:00,0.041317552,-0.025086451,4360023.469108121,-464668.9756583009,0.0
4702,222.4752,46.66667,-6.0833282,2024-06-02 00:00:00,0.023638621,-0.022407511,4360023.469108121,-464668.9756583009,0.0
4882,266.0403,46.66667,-6.0833282,2024-06-02 00:00:00,0.01612416,-0.022337686,4360023.469108121,-464668.9756583009,0.0
5062,318.1274,46.66667,-6.0833282,2024-06-02 00:00:00,0.007023652,-0.021012811,4360023.469108121,-464668.9756583009,0.0
5242,380.213,46.66667,-6.0833282,2024-06-02 00:00:00,0.008893809,-0.02264597,4360023.469108121,-464668.9756583009,0.0
5422,453.9377,46.66667,-6.0833282,2024-06-02 00:00:00,0.003219043,-0.024514815,4360023.469108121,-464668.9756583009,0.0
5602,541.0889,46.66667,-6.0833282,2024-06-02 00:00:00,0.004683435,-0.034927793,4360023.469108121,-464668.9756583009,0.0
5782,643.5668,46.66667,-6.0833282,2024-06-02 00:00:00,0.0062676906,-0.05317729,4360023.469108121,-464668.9756583009,0.0
5962,763.3331,46.66667,-6.0833282,2024-06-02 00:00:00,0.00950787,-0.06832396,4360023.469108121,-464668.9756583009,0.0
6142,902.3393,46.66667,-6.0833282,2024-06-02 00:00:00,0.055802345,-0.10245979,4360023.469108121,-464668.9756583009,0.0
31,0.494025,46.66667,-6.0,2024-06-02 00:00:00,0.015576666,-0.09316768,4360694.650219674,-458327.4764384654,0.0
211,1.541375,46.66667,-6.0,2024-06-02 00:00:00,0.017788552,-0.08987106,4360694.650219674,-458327.4764384654,0.0
391,2.645669,46.66667,-6.0,2024-06-02 00:00:00,0.02001143,-0.08678955,4360694.650219674,-458327.4764384654,0.0
571,3.819495,46.66667,-6.0,2024-06-02 00:00:00,0.022236496,-0.083932705,4360694.650219674,-458327.4764384654,0.0
751,5.078224,46.66667,-6.0,2024-06-02 00:00:00,0.024466947,-0.08129882,4360694.650219674,-458327.4764384654,0.0
931,6.440614,46.66667,-6.0,2024-06-02 00:00:00,0.026716705,-0.07888233,4360694.650219674,-458327.4764384654,0.0
1111,7.92956,46.66667,-6.0,2024-06-02 00:00:00,0.029016426,-0.07667215,4360694.650219674,-458327.4764384654,0.0
1291,9.572997,46.66667,-6.0,2024-06-02 00:00:00,0.03145928,-0.07463218,4360694.650219674,-458327.4764384654,0.0
1471,11.405,46.66667,-6.0,2024-06-02 00:00:00,0.034268793,-0.072692804,4360694.650219674,-458327.4764384654,0.0
1651,13.46714,46.66667,-6.0,2024-06-02 00:00:00,0.038352866,-0.07058502,4360694.650219674,-458327.4764384654,0.0
1831,15.81007,46.66667,-6.0,2024-06-02 00:00:00,0.050585512,-0.06691837,4360694.650219674,-458327.4764384654,0.0
2011,18.49556,46.66667,-6.0,2024-06-02 00:00:00,0.09747399,-0.06770656,4360694.650219674,-458327.4764384654,0.0
2191,21.59882,46.66667,-6.0,2024-06-02 00:00:00,0.12729616,-0.069032274,4360694.650219674,-458327.4764384654,0.0
2371,25.21141,46.66667,-6.0,2024-06-02 00:00:00,0.13634604,-0.071541056,4360694.650219674,-458327.4764384654,0.0
2551,29.44473,46.66667,-6.0,2024-06-02 00:00:00,0.12676862,-0.085551456,4360694.650219674,-458327.4764384654,0.0
2731,34.43415,46.66667,-6.0,2024-06-02 00:00:00,0.119355775,-0.09007289,4360694.650219674,-458327.4764384654,0.0
2911,40.34405,46.66667,-6.0,2024-06-02 00:00:00,0.11361589,-0.09325802,4360694.650219674,-458327.4764384654,0.0
3091,47.37369,46.66667,-6.0,2024-06-02 00:00:00,0.11156358,-0.0888218,4360694.650219674,-458327.4764384654,0.0
3271,55.76429,46.66667,-6.0,2024-06-02 00:00:00,0.11766656,-0.08302894,4360694.650219674,-458327.4764384654,0.0
3451,65.80727,46.66667,-6.0,2024-06-02 00:00:00,0.12441745,-0.08097052,4360694.650219674,-458327.4764384654,0.0
3631,77.85385,46.66667,-6.0,2024-06-02 00:00:00,0.13039029,-0.08012291,4360694.650219674,-458327.4764384654,0.0
3811,92.32607,46.66667,-6.0,2024-06-02 00:00:00,0.13185453,-0.07770508,4360694.650219674,-458327.4764384654,0.0
3991,109.7293,46.66667,-6.0,2024-06-02 00:00:00,0.123889126,-0.0643277,4360694.650219674,-458327.4764384654,0.0
4171,130.666,46.66667,-6.0,2024-06-02 00:00:00,0.106983334,-0.05314591,4360694.650219674,-458327.4764384654,0.0
4351,155.8507,46.66667,-6.0,2024-06-02 00:00:00,0.08655724,-0.051225625,4360694.650219674,-458327.4764384654,0.0
4531,186.1256,46.66667,-6.0,2024-06-02 00:00:00,0.0725233,-0.052704092,4360694.650219674,-458327.4764384654,0.0
4711,222.4752,46.66667,-6.0,2024-06-02 00:00:00,0.06487848,-0.05502947,4360694.650219674,-458327.4764384654,0.0
4891,266.0403,46.66667,-6.0,2024-06-02 00:00:00,0.056414116,-0.053916425,4360694.650219674,-458327.4764384654,0.0
5071,318.1274,46.66667,-6.0,2024-06-02 00:00:00,0.046408594,-0.046896815,4360694.650219674,-458327.4764384654,0.0
5251,380.213,46.66667,-6.0,2024-06-02 00:00:00,0.04804932,-0.0457135,4360694.650219674,-458327.4764384654,0.0
5431,453.9377,46.66667,-6.0,2024-06-02 00:00:00,0.037228808,-0.04989637,4360694.650219674,-458327.4764384654,0.0
5611,541.0889,46.66667,-6.0,2024-06-02 00:00:00,0.031174587,-0.054123994,4360694.650219674,-458327.4764384654,0.0
5791,643.5668,46.66667,-6.0,2024-06-02 00:00:00,0.030093066,-0.065550305,4360694.650219674,-458327.4764384654,0.0
5971,763.3331,46.66667,-6.0,2024-06-02 00:00:00,0.03747907,-0.0771754,4360694.650219674,-458327.4764384654,0.0
6151,902.3393,46.66667,-6.0,2024-06-02 00:00:00,0.073375285,-0.11305063,4360694.650219674,-458327.4764384654,0.0
40,0.494025,46.75,-6.25,2024-06-02 00:00:00,0.008947251,-0.053270053,4351950.96357759,-476616.1460837916,0.0
220,1.541375,46.75,-6.25,2024-06-02 00:00:00,0.0110108685,-0.050050113,4351950.96357759,-476616.1460837916,0.0
400,2.645669,46.75,-6.25,2024-06-02 00:00:00,0.013088234,-0.047046483,4351950.96357759,-476616.1460837916,0.0
580,3.819495,46.75,-6.25,2024-06-02 00:00:00,0.015177389,-0.044261277,4351950.96357759,-476616.1460837916,0.0
760,5.078224,46.75,-6.25,2024-06-02 00:00:00,0.017285477,-0.04168985,4351950.96357759,-476616.1460837916,0.0
940,6.440614,46.75,-6.25,2024-06-02 00:00:00,0.019426133,-0.03932964,4351950.96357759,-476616.1460837916,0.0
1120,7.92956,46.75,-6.25,2024-06-02 00:00:00,0.02163435,-0.03716788,4351950.96357759,-476616.1460837916,0.0
1300,9.572997,46.75,-6.25,2024-06-02 00:00:00,0.023987416,-0.035185516,4351950.96357759,-476616.1460837916,0.0
1480,11.405,46.75,-6.25,2024-06-02 00:00:00,0.026672157,-0.03334377,4351950.96357759,-476616.1460837916,0.0
1660,13.46714,46.75,-6.25,2024-06-02 00:00:00,0.030382063,-0.031500366,4351950.96357759,-476616.1460837916,0.0
1840,15.81007,46.75,-6.25,2024-06-02 00:00:00,0.040254585,-0.029027877,4351950.96357759,-476616.1460837916,0.0
2020,18.49556,46.75,-6.25,2024-06-02 00:00:00,0.094097674,-0.033025537,4351950.96357759,-476616.1460837916,0.0
2200,21.59882,46.75,-6.25,2024-06-02 00:00:00,0.12865174,-0.04148472,4351950.96357759,-476616.1460837916,0.0
2380,25.21141,46.75,-6.25,2024-06-02 00:00:00,0.13073482,-0.061851252,4351950.96357759,-476616.1460837916,0.0
2560,29.44473,46.75,-6.25,2024-06-02 00:00:00,0.12043561,-0.06812727,4351950.96357759,-476616.1460837916,0.0
2740,34.43415,46.75,-6.25,2024-06-02 00:00:00,0.108691156,-0.07356045,4351950.96357759,-476616.1460837916,0.0
2920,40.34405,46.75,-6.25,2024-06-02 00:00:00,0.0991078,-0.082940765,4351950.96357759,-476616.1460837916,0.0
3100,47.37369,46.75,-6.25,2024-06-02 00:00:00,0.0972019,-0.077617116,4351950.96357759,-476616.1460837916,0.0
3280,55.76429,46.75,-6.25,2024-06-02 00:00:00,0.09977016,-0.06690311,4351950.96357759,-476616.1460837916,0.0
3460,65.80727,46.75,-6.25,2024-06-02 00:00:00,0.09734759,-0.06309504,4351950.96357759,-476616.1460837916,0.0
3640,77.85385,46.75,-6.25,2024-06-02 00:00:00,0.08815969,-0.06592371,4351950.96357759,-476616.1460837916,0.0
3820,92.32607,46.75,-6.25,2024-06-02 00:00:00,0.07628589,-0.06404096,4351950.96357759,-476616.1460837916,0.0
4000,109.7293,46.75,-6.25,2024-06-02 00:00:00,0.06699907,-0.04979134,4351950.96357759,-476616.1460837916,0.0
4180,130.666,46.75,-6.25,2024-06-02 00:00:00,0.05137453,-0.038514815,4351950.96357759,-476616.1460837916,0.0
4360,155.8507,46.75,-6.25,2024-06-02 00:00:00,0.038492527,-0.032487046,4351950.96357759,-476616.1460837916,0.0
4540,186.1256,46.75,-6.25,2024-06-02 00:00:00,0.03228812,-0.028661575,4351950.96357759,-476616.1460837916,0.0
4720,222.4752,46.75,-6.25,2024-06-02 00:00:00,0.021064313,-0.027404102,4351950.96357759,-476616.1460837916,0.0
4900,266.0403,46.75,-6.25,2024-06-02 00:00:00,0.011098398,-0.038043045,4351950.96357759,-476616.1460837916,0.0
5080,318.1274,46.75,-6.25,2024-06-02 00:00:00,0.003918022,-0.040783178,4351950.96357759,-476616.1460837916,0.0
5260,380.213,46.75,-6.25,2024-06-02 00:00:00,-0.0072674826,-0.03985289,4351950.96357759,-476616.1460837916,0.0
5440,453.9377,46.75,-6.25,2024-06-02 00:00:00,-0.0098313615,-0.030939648,4351950.96357759,-476616.1460837916,0.0
5620,541.0889,46.75,-6.25,2024-06-02 00:00:00,-0.0066366815,-0.023598392,4351950.96357759,-476616.1460837916,0.0
5800,643.5668,46.75,-6.25,2024-06-02 00:00:00,-0.015200376,-0.046964467,4351950.96357759,-476616.1460837916,0.0
5980,763.3331,46.75,-6.25,2024-06-02 00:00:00,-0.0014006868,-0.06785337,4351950.96357759,-476616.1460837916,0.0
6160,902.3393,46.75,-6.25,2024-06-02 00:00:00,0.026684701,-0.09100408,4351950.96357759,-476616.1460837916,0.0
49,0.494025,46.75,-6.1666565,2024-06-02 00:00:00,0.045589972,-0.07024408,4352639.653859386,-470285.21531356085,0.0
229,1.541375,46.75,-6.1666565,2024-06-02 00:00:00,0.047671843,-0.06699502,4352639.653859386,-470285.21531356085,0.0
409,2.645669,46.75,-6.1666565,2024-06-02 00:00:00,0.049777698,-0.0639638,4352639.653859386,-470285.21531356085,0.0
589,3.819495,46.75,-6.1666565,2024-06-02 00:00:00,0.0519045,-0.061154753,4352639.653859386,-470285.21531356085,0.0
769,5.078224,46.75,-6.1666565,2024-06-02 00:00:00,0.05405878,-0.058565352,4352639.653859386,-470285.21531356085,0.0
949,6.440614,46.75,-6.1666565,2024-06-02 00:00:00,0.056255266,-0.05619396,4352639.653859386,-470285.21531356085,0.0
1129,7.92956,46.75,-6.1666565,2024-06-02 00:00:00,0.058533773,-0.05402862,4352639.653859386,-470285.21531356085,0.0
1309,9.572997,46.75,-6.1666565,2024-06-02 00:00:00,0.06098385,-0.052048903,4352639.653859386,-470285.21531356085,0.0
1489,11.405,46.75,-6.1666565,2024-06-02 00:00:00,0.063829765,-0.050213594,4352639.653859386,-470285.21531356085,0.0
1669,13.46714,46.75,-6.1666565,2024-06-02 00:00:00,0.067946486,-0.048375163,4352639.653859386,-470285.21531356085,0.0
1849,15.81007,46.75,-6.1666565,2024-06-02 00:00:00,0.07993755,-0.046010546,4352639.653859386,-470285.21531356085,0.0
2029,18.49556,46.75,-6.1666565,2024-06-02 00:00:00,0.13306528,-0.050625287,4352639.653859386,-470285.21531356085,0.0
2209,21.59882,46.75,-6.1666565,2024-06-02 00:00:00,0.16948907,-0.058681507,4352639.653859386,-470285.21531356085,0.0
2389,25.21141,46.75,-6.1666565,2024-06-02 00:00:00,0.17304139,-0.079184316,4352639.653859386,-470285.21531356085,0.0
2569,29.44473,46.75,-6.1666565,2024-06-02 00:00:00,0.15426473,-0.08776981,4352639.653859386,-470285.21531356085,0.0
2749,34.43415,46.75,-6.1666565,2024-06-02 00:00:00,0.1431758,-0.0912599,4352639.653859386,-470285.21531356085,0.0
2929,40.34405,46.75,-6.1666565,2024-06-02 00:00:00,0.13206765,-0.09823591,4352639.653859386,-470285.21531356085,0.0
3109,47.37369,46.75,-6.1666565,2024-06-02 00:00:00,0.12875548,-0.09285589,4352639.653859386,-470285.21531356085,0.0
3289,55.76429,46.75,-6.1666565,2024-06-02 00:00:00,0.12979901,-0.083490945,4352639.653859386,-470285.21531356085,0.0
3469,65.80727,46.75,-6.1666565,2024-06-02 00:00:00,0.12630719,-0.08040844,4352639.653859386,-470285.21531356085,0.0
3649,77.85385,46.75,-6.1666565,2024-06-02 00:00:00,0.11948859,-0.08212924,4352639.653859386,-470285.21531356085,0.0
3829,92.32607,46.75,-6.1666565,2024-06-02 00:00:00,0.10935136,-0.079797365,4352639.653859386,-470285.21531356085,0.0
4009,109.7293,46.75,-6.1666565,2024-06-02 00:00:00,0.09790012,-0.06478456,4352639.653859386,-470285.21531356085,0.0
4189,130.666,46.75,-6.1666565,2024-06-02 00:00:00,0.08309725,-0.050142393,4352639.653859386,-470285.21531356085,0.0
4369,155.8507,46.75,-6.1666565,2024-06-02 00:00:00,0.07434339,-0.04305286,4352639.653859386,-470285.21531356085,0.0
4549,186.1256,46.75,-6.1666565,2024-06-02 00:00:00,0.06935354,-0.040564362,4352639.653859386,-470285.21531356085,0.0
4729,222.4752,46.75,-6.1666565,2024-06-02 00:00:00,0.05682226,-0.040923238,4352639.653859386,-470285.21531356085,0.0
4909,266.0403,46.75,-6.1666565,2024-06-02 00:00:00,0.041571964,-0.044019725,4352639.653859386,-470285.21531356085,0.0
5089,318.1274,46.75,-6.1666565,2024-06-02 00:00:00,0.033553936,-0.051979054,4352639.653859386,-470285.21531356085,0.0
5269,380.213,46.75,-6.1666565,2024-06-02 00:00:00,0.02880981,-0.054811794,4352639.653859386,-470285.21531356085,0.0
5449,453.9377,46.75,-6.1666565,2024-06-02 00:00:00,0.020389,-0.04321913,4352639.653859386,-470285.21531356085,0.0
5629,541.0889,46.75,-6.1666565,2024-06-02 00:00:00,0.017974287,-0.04333327,4352639.653859386,-470285.21531356085,0.0
5809,643.5668,46.75,-6.1666565,2024-06-02 00:00:00,0.010446857,-0.075990945,4352639.653859386,-470285.21531356085,0.0
5989,763.3331,46.75,-6.1666565,2024-06-02 00:00:00,0.018872991,-0.095010445,4352639.653859386,-470285.21531356085,0.0
6169,902.3393,46.75,-6.1666565,2024-06-02 00:00:00,0.0473608,-0.115356795,4352639.653859386,-470285.21531356085,0.0
58,0.494025,46.75,-6.0833282,2024-06-02 00:00:00,0.06559026,-0.09047948,4353319.010767862,-463954.44881885045,0.0
238,1.541375,46.75,-6.0833282,2024-06-02 00:00:00,0.06770036,-0.08720086,4353319.010767862,-463954.44881885045,0.0
418,2.645669,46.75,-6.0833282,2024-06-02 00:00:00,0.069840275,-0.08414103,4353319.010767862,-463954.44881885045,0.0
598,3.819495,46.75,-6.0833282,2024-06-02 00:00:00,0.07200496,-0.08130655,4353319.010767862,-463954.44881885045,0.0
778,5.078224,46.75,-6.0833282,2024-06-02 00:00:00,0.07420007,-0.07869567,4353319.010767862,-463954.44881885045,0.0
958,6.440614,46.75,-6.0833282,2024-06-02 00:00:00,0.076441795,-0.07630492,4353319.010767862,-463954.44881885045,0.0
1138,7.92956,46.75,-6.0833282,2024-06-02 00:00:00,0.07877489,-0.07412122,4353319.010767862,-463954.44881885045,0.0
1318,9.572997,46.75,-6.0833282,2024-06-02 00:00:00,0.08130205,-0.07211782,4353319.010767862,-463954.44881885045,0.0
1498,11.405,46.75,-6.0833282,2024-06-02 00:00:00,0.08429359,-0.07023999,4353319.010767862,-463954.44881885045,0.0
1678,13.46714,46.75,-6.0833282,2024-06-02 00:00:00,0.08890521,-0.06828503,4353319.010767862,-463954.44881885045,0.0
1858,15.81007,46.75,-6.0833282,2024-06-02 00:00:00,0.1041747,-0.06566458,4353319.010767862,-463954.44881885045,0.0
2038,18.49556,46.75,-6.0833282,2024-06-02 00:00:00,0.15932553,-0.07112395,4353319.010767862,-463954.44881885045,0.0
2218,21.59882,46.75,-6.0833282,2024-06-02 00:00:00,0.19227833,-0.07707324,4353319.010767862,-463954.44881885045,0.0
2398,25.21141,46.75,-6.0833282,2024-06-02 00:00:00,0.19986248,-0.09511453,4353319.010767862,-463954.44881885045,0.0
2578,29.44473,46.75,-6.0833282,2024-06-02 00:00:00,0.1735805,-0.1075496,4353319.010767862,-463954.44881885045,0.0
2758,34.43415,46.75,-6.0833282,2024-06-02 00:00:00,0.15913627,-0.11235091,4353319.010767862,-463954.44881885045,0.0
2938,40.34405,46.75,-6.0833282,2024-06-02 00:00:00,0.14507921,-0.1159147,4353319.010767862,-463954.44881885045,0.0
3118,47.37369,46.75,-6.0833282,2024-06-02 00:00:00,0.13916837,-0.10892904,4353319.010767862,-463954.44881885045,0.0
3298,55.76429,46.75,-6.0833282,2024-06-02 00:00:00,0.1386615,-0.09893086,4353319.010767862,-463954.44881885045,0.0
3478,65.80727,46.75,-6.0833282,2024-06-02 00:00:00,0.1359802,-0.0956647,4353319.010767862,-463954.44881885045,0.0
3658,77.85385,46.75,-6.0833282,2024-06-02 00:00:00,0.13327172,-0.0960938,4353319.010767862,-463954.44881885045,0.0
3838,92.32607,46.75,-6.0833282,2024-06-02 00:00:00,0.12724493,-0.093450405,4353319.010767862,-463954.44881885045,0.0
4018,109.7293,46.75,-6.0833282,2024-06-02 00:00:00,0.11758593,-0.07892111,4353319.010767862,-463954.44881885045,0.0
4198,130.666,46.75,-6.0833282,2024-06-02 00:00:00,0.106148995,-0.06532491,4353319.010767862,-463954.44881885045,0.0
4378,155.8507,46.75,-6.0833282,2024-06-02 00:00:00,0.09984474,-0.06359109,4353319.010767862,-463954.44881885045,0.0
4558,186.1256,46.75,-6.0833282,2024-06-02 00:00:00,0.099049516,-0.06264742,4353319.010767862,-463954.44881885045,0.0
4738,222.4752,46.75,-6.0833282,2024-06-02 00:00:00,0.08568419,-0.06138467,4353319.010767862,-463954.44881885045,0.0
4918,266.0403,46.75,-6.0833282,2024-06-02 00:00:00,0.06887921,-0.060509276,4353319.010767862,-463954.44881885045,0.0
5098,318.1274,46.75,-6.0833282,2024-06-02 00:00:00,0.059613254,-0.06529847,4353319.010767862,-463954.44881885045,0.0
5278,380.213,46.75,-6.0833282,2024-06-02 00:00:00,0.05492051,-0.067126684,4353319.010767862,-463954.44881885045,0.0
5458,453.9377,46.75,-6.0833282,2024-06-02 00:00:00,0.046455063,-0.058835477,4353319.010767862,-463954.44881885045,0.0
5638,541.0889,46.75,-6.0833282,2024-06-02 00:00:00,0.04031228,-0.058834024,4353319.010767862,-463954.44881885045,0.0
5818,643.5668,46.75,-6.0833282,2024-06-02 00:00:00,0.034484457,-0.08107896,4353319.010767862,-463954.44881885045,0.0
5998,763.3331,46.75,-6.0833282,2024-06-02 00:00:00,0.034616604,-0.09525318,4353319.010767862,-463954.44881885045,0.0
6178,902.3393,46.75,-6.0833282,2024-06-02 00:00:00,0.04457282,-0.13125877,4353319.010767862,-463954.44881885045,0.0
67,0.494025,46.75,-6.0,2024-06-02 00:00:00,0.07052883,-0.10023477,4353989.159796485,-457622.70099545474,0.0
247,1.541375,46.75,-6.0,2024-06-02 00:00:00,0.07268684,-0.096943,4353989.159796485,-457622.70099545474,0.0
427,2.645669,46.75,-6.0,2024-06-02 00:00:00,0.07488347,-0.09387169,4353989.159796485,-457622.70099545474,0.0
607,3.819495,46.75,-6.0,2024-06-02 00:00:00,0.07711187,-0.09102969,4353989.159796485,-457622.70099545474,0.0
787,5.078224,46.75,-6.0,2024-06-02 00:00:00,0.07937791,-0.08841566,4353989.159796485,-457622.70099545474,0.0
967,6.440614,46.75,-6.0,2024-06-02 00:00:00,0.081700236,-0.08602536,4353989.159796485,-457622.70099545474,0.0
1147,7.92956,46.75,-6.0,2024-06-02 00:00:00,0.08413528,-0.08384115,4353989.159796485,-457622.70099545474,0.0
1327,9.572997,46.75,-6.0,2024-06-02 00:00:00,0.08680673,-0.08183259,4353989.159796485,-457622.70099545474,0.0
1507,11.405,46.75,-6.0,2024-06-02 00:00:00,0.09006345,-0.07993072,4353989.159796485,-457622.70099545474,0.0
1687,13.46714,46.75,-6.0,2024-06-02 00:00:00,0.09554204,-0.077863306,4353989.159796485,-457622.70099545474,0.0
1867,15.81007,46.75,-6.0,2024-06-02 00:00:00,0.115972765,-0.07502542,4353989.159796485,-457622.70099545474,0.0
2047,18.49556,46.75,-6.0,2024-06-02 00:00:00,0.17294979,-0.08315132,4353989.159796485,-457622.70099545474,0.0
2227,21.59882,46.75,-6.0,2024-06-02 00:00:00,0.20373279,-0.089214556,4353989.159796485,-457622.70099545474,0.0
2407,25.21141,46.75,-6.0,2024-06-02 00:00:00,0.2153864,-0.104300626,4353989.159796485,-457622.70099545474,0.0
2587,29.44473,46.75,-6.0,2024-06-02 00:00:00,0.18798104,-0.12138286,4353989.159796485,-457622.70099545474,0.0
2767,34.43415,46.75,-6.0,2024-06-02 00:00:00,0.16793601,-0.13065687,4353989.159796485,-457622.70099545474,0.0
2947,40.34405,46.75,-6.0,2024-06-02 00:00:00,0.15176941,-0.13117388,4353989.159796485,-457622.70099545474,0.0
3127,47.37369,46.75,-6.0,2024-06-02 00:00:00,0.14527397,-0.12210589,4353989.159796485,-457622.70099545474,0.0
3307,55.76429,46.75,-6.0,2024-06-02 00:00:00,0.14617944,-0.11162272,4353989.159796485,-457622.70099545474,0.0
3487,65.80727,46.75,-6.0,2024-06-02 00:00:00,0.14621422,-0.107270606,4353989.159796485,-457622.70099545474,0.0
3667,77.85385,46.75,-6.0,2024-06-02 00:00:00,0.14674804,-0.10447198,4353989.159796485,-457622.70099545474,0.0
3847,92.32607,46.75,-6.0,2024-06-02 00:00:00,0.14440845,-0.10070774,4353989.159796485,-457622.70099545474,0.0
4027,109.7293,46.75,-6.0,2024-06-02 00:00:00,0.1350664,-0.08838314,4353989.159796485,-457622.70099545474,0.0
4207,130.666,46.75,-6.0,2024-06-02 00:00:00,0.121591344,-0.077434614,4353989.159796485,-457622.70099545474,0.0
4387,155.8507,46.75,-6.0,2024-06-02 00:00:00,0.114088126,-0.08004421,4353989.159796485,-457622.70099545474,0.0
4567,186.1256,46.75,-6.0,2024-06-02 00:00:00,0.112181224,-0.080811836,4353989.159796485,-457622.70099545474,0.0
4747,222.4752,46.75,-6.0,2024-06-02 00:00:00,0.09776491,-0.08187918,4353989.159796485,-457622.70099545474,0.0
4927,266.0403,46.75,-6.0,2024-06-02 00:00:00,0.084547535,-0.07965633,4353989.159796485,-457622.70099545474,0.0
5107,318.1274,46.75,-6.0,2024-06-02 00:00:00,0.073412076,-0.07665491,4353989.159796485,-457622.70099545474,0.0
5287,380.213,46.75,-6.0,2024-06-02 00:00:00,0.07000079,-0.07335976,4353989.159796485,-457622.70099545474,0.0
5467,453.9377,46.75,-6.0,2024-06-02 00:00:00,0.06755789,-0.07275525,4353989.159796485,-457622.70099545474,0.0
5647,541.0889,46.75,-6.0,2024-06-02 00:00:00,0.06504376,-0.07738046,4353989.159796485,-457622.70099545474,0.0
5827,643.5668,46.75,-6.0,2024-06-02 00:00:00,0.05139849,-0.08207943,4353989.159796485,-457622.70099545474,0.0
6007,763.3331,46.75,-6.0,2024-06-02 00:00:00,0.03629371,-0.09245552,4353989.159796485,-457622.70099545474,0.0
6187,902.3393,46.75,-6.0,2024-06-02 00:00:00,0.026037298,-0.121935934,4353989.159796485,-457622.70099545474,0.0
76,0.494025,46.833336,-6.25,2024-06-02 00:00:00,0.021459809,-0.09658733,4345238.723142079,-475881.0361998027,0.0
256,1.541375,46.833336,-6.25,2024-06-02 00:00:00,0.023515068,-0.09333822,4345238.723142079,-475881.0361998027,0.0
436,2.645669,46.833336,-6.25,2024-06-02 00:00:00,0.025607042,-0.09029524,4345238.723142079,-475881.0361998027,0.0
616,3.819495,46.833336,-6.25,2024-06-02 00:00:00,0.02773409,-0.08746229,4345238.723142079,-475881.0361998027,0.0
796,5.078224,46.833336,-6.25,2024-06-02 00:00:00,0.029904624,-0.08483636,4345238.723142079,-475881.0361998027,0.0
976,6.440614,46.833336,-6.25,2024-06-02 00:00:00,0.032135133,-0.08241772,4345238.723142079,-475881.0361998027,0.0
1156,7.92956,46.833336,-6.25,2024-06-02 00:00:00,0.034480833,-0.08018405,4345238.723142079,-475881.0361998027,0.0
1336,9.572997,46.833336,-6.25,2024-06-02 00:00:00,0.03704722,-0.07811435,4345238.723142079,-475881.0361998027,0.0
1516,11.405,46.833336,-6.25,2024-06-02 00:00:00,0.040120304,-0.076152496,4345238.723142079,-475881.0361998027,0.0
1696,13.46714,46.833336,-6.25,2024-06-02 00:00:00,0.044916637,-0.07407524,4345238.723142079,-475881.0361998027,0.0
1876,15.81007,46.833336,-6.25,2024-06-02 00:00:00,0.061178897,-0.07105177,4345238.723142079,-475881.0361998027,0.0
2056,18.49556,46.833336,-6.25,2024-06-02 00:00:00,0.11976292,-0.078346506,4345238.723142079,-475881.0361998027,0.0
2236,21.59882,46.833336,-6.25,2024-06-02 00:00:00,0.16597499,-0.09025506,4345238.723142079,-475881.0361998027,0.0
2416,25.21141,46.833336,-6.25,2024-06-02 00:00:00,0.17201373,-0.12099582,4345238.723142079,-475881.0361998027,0.0
2596,29.44473,46.833336,-6.25,2024-06-02 00:00:00,0.13767798,-0.13578205,4345238.723142079,-475881.0361998027,0.0
2776,34.43415,46.833336,-6.25,2024-06-02 00:00:00,0.1120966,-0.1500781,4345238.723142079,-475881.0361998027,0.0
2956,40.34405,46.833336,-6.25,2024-06-02 00:00:00,0.09538234,-0.15557824,4345238.723142079,-475881.0361998027,0.0
3136,47.37369,46.833336,-6.25,2024-06-02 00:00:00,0.09506829,-0.14547516,4345238.723142079,-475881.0361998027,0.0
3316,55.76429,46.833336,-6.25,2024-06-02 00:00:00,0.10701113,-0.1299313,4345238.723142079,-475881.0361998027,0.0
3496,65.80727,46.833336,-6.25,2024-06-02 00:00:00,0.115326434,-0.12523213,4345238.723142079,-475881.0361998027,0.0
3676,77.85385,46.833336,-6.25,2024-06-02 00:00:00,0.11583028,-0.1292996,4345238.723142079,-475881.0361998027,0.0
3856,92.32607,46.833336,-6.25,2024-06-02 00:00:00,0.10890753,-0.12579302,4345238.723142079,-475881.0361998027,0.0
4036,109.7293,46.833336,-6.25,2024-06-02 00:00:00,0.10130643,-0.10540256,4345238.723142079,-475881.0361998027,0.0
4216,130.666,46.833336,-6.25,2024-06-02 00:00:00,0.08994712,-0.08793636,4345238.723142079,-475881.0361998027,0.0
4396,155.8507,46.833336,-6.25,2024-06-02 00:00:00,0.08844866,-0.07809941,4345238.723142079,-475881.0361998027,0.0
4576,186.1256,46.833336,-6.25,2024-06-02 00:00:00,0.094874024,-0.06534278,4345238.723142079,-475881.0361998027,0.0
4756,222.4752,46.833336,-6.25,2024-06-02 00:00:00,0.09196729,-0.064328454,4345238.723142079,-475881.0361998027,0.0
4936,266.0403,46.833336,-6.25,2024-06-02 00:00:00,0.0903043,-0.06787882,4345238.723142079,-475881.0361998027,0.0
5116,318.1274,46.833336,-6.25,2024-06-02 00:00:00,0.08179948,-0.06789852,4345238.723142079,-475881.0361998027,0.0
5296,380.213,46.833336,-6.25,2024-06-02 00:00:00,0.06623371,-0.066701904,4345238.723142079,-475881.0361998027,0.0
5476,453.9377,46.833336,-6.25,2024-06-02 00:00:00,0.05848889,-0.052409608,4345238.723142079,-475881.0361998027,0.0
5656,541.0889,46.833336,-6.25,2024-06-02 00:00:00,0.057518274,-0.04830601,4345238.723142079,-475881.0361998027,0.0
5836,643.5668,46.833336,-6.25,2024-06-02 00:00:00,0.0665528,-0.06773795,4345238.723142079,-475881.0361998027,0.0
6016,763.3331,46.833336,-6.25,2024-06-02 00:00:00,0.060354423,-0.08489351,4345238.723142079,-475881.0361998027,0.0
6196,902.3393,46.833336,-6.25,2024-06-02 00:00:00,0.06476521,-0.11857402,4345238.723142079,-475881.0361998027,0.0
85,0.494025,46.833336,-6.1666565,2024-06-02 00:00:00,0.041638073,-0.0819824,4345926.351221016,-469559.8699535443,0.0
265,1.541375,46.833336,-6.1666565,2024-06-02 00:00:00,0.043688178,-0.07869998,4345926.351221016,-469559.8699535443,0.0
445,2.645669,46.833336,-6.1666565,2024-06-02 00:00:00,0.04579317,-0.07562552,4345926.351221016,-469559.8699535443,0.0
625,3.819495,46.833336,-6.1666565,2024-06-02 00:00:00,0.04795076,-0.0727646,4345926.351221016,-469559.8699535443,0.0
805,5.078224,46.833336,-6.1666565,2024-06-02 00:00:00,0.05016897,-0.07011645,4345926.351221016,-469559.8699535443,0.0
985,6.440614,46.833336,-6.1666565,2024-06-02 00:00:00,0.052466393,-0.06768191,4345926.351221016,-469559.8699535443,0.0
1165,7.92956,46.833336,-6.1666565,2024-06-02 00:00:00,0.054901667,-0.065440945,4345926.351221016,-469559.8699535443,0.0
1345,9.572997,46.833336,-6.1666565,2024-06-02 00:00:00,0.05759399,-0.06337168,4345926.351221016,-469559.8699535443,0.0
1525,11.405,46.833336,-6.1666565,2024-06-02 00:00:00,0.06086741,-0.061418526,4345926.351221016,-469559.8699535443,0.0
1705,13.46714,46.833336,-6.1666565,2024-06-02 00:00:00,0.066098794,-0.059372183,4345926.351221016,-469559.8699535443,0.0
1885,15.81007,46.833336,-6.1666565,2024-06-02 00:00:00,0.0833949,-0.05669227,4345926.351221016,-469559.8699535443,0.0
2065,18.49556,46.833336,-6.1666565,2024-06-02 00:00:00,0.13305181,-0.06292276,4345926.351221016,-469559.8699535443,0.0
2245,21.59882,46.833336,-6.1666565,2024-06-02 00:00:00,0.19228561,-0.08169373,4345926.351221016,-469559.8699535443,0.0
2425,25.21141,46.833336,-6.1666565,2024-06-02 00:00:00,0.19968276,-0.1137858,4345926.351221016,-469559.8699535443,0.0
2605,29.44473,46.833336,-6.1666565,2024-06-02 00:00:00,0.16307017,-0.12982331,4345926.351221016,-469559.8699535443,0.0
2785,34.43415,46.833336,-6.1666565,2024-06-02 00:00:00,0.1338323,-0.14665355,4345926.351221016,-469559.8699535443,0.0
2965,40.34405,46.833336,-6.1666565,2024-06-02 00:00:00,0.11498402,-0.15126368,4345926.351221016,-469559.8699535443,0.0
3145,47.37369,46.833336,-6.1666565,2024-06-02 00:00:00,0.111482605,-0.14090255,4345926.351221016,-469559.8699535443,0.0
3325,55.76429,46.833336,-6.1666565,2024-06-02 00:00:00,0.119712956,-0.12641343,4345926.351221016,-469559.8699535443,0.0
3505,65.80727,46.833336,-6.1666565,2024-06-02 00:00:00,0.1262134,-0.1220259,4345926.351221016,-469559.8699535443,0.0
3685,77.85385,46.833336,-6.1666565,2024-06-02 00:00:00,0.12910092,-0.123535536,4345926.351221016,-469559.8699535443,0.0
3865,92.32607,46.833336,-6.1666565,2024-06-02 00:00:00,0.12537086,-0.120133966,4345926.351221016,-469559.8699535443,0.0
4045,109.7293,46.833336,-6.1666565,2024-06-02 00:00:00,0.11594146,-0.10270791,4345926.351221016,-469559.8699535443,0.0
4225,130.666,46.833336,-6.1666565,2024-06-02 00:00:00,0.102147035,-0.08689706,4345926.351221016,-469559.8699535443,0.0
4405,155.8507,46.833336,-6.1666565,2024-06-02 00:00:00,0.100848176,-0.08050558,4345926.351221016,-469559.8699535443,0.0
4585,186.1256,46.833336,-6.1666565,2024-06-02 00:00:00,0.10890864,-0.071869195,4345926.351221016,-469559.8699535443,0.0
4765,222.4752,46.833336,-6.1666565,2024-06-02 00:00:00,0.1041178,-0.06968576,4345926.351221016,-469559.8699535443,0.0
4945,266.0403,46.833336,-6.1666565,2024-06-02 00:00:00,0.09767708,-0.06870435,4345926.351221016,-469559.8699535443,0.0
5125,318.1274,46.833336,-6.1666565,2024-06-02 00:00:00,0.09173361,-0.07347481,4345926.351221016,-469559.8699535443,0.0
5305,380.213,46.833336,-6.1666565,2024-06-02 00:00:00,0.07764571,-0.075158946,4345926.351221016,-469559.8699535443,0.0
5485,453.9377,46.833336,-6.1666565,2024-06-02 00:00:00,0.07460948,-0.060613107,4345926.351221016,-469559.8699535443,0.0
5665,541.0889,46.833336,-6.1666565,2024-06-02 00:00:00,0.07469004,-0.05956077,4345926.351221016,-469559.8699535443,0.0
5845,643.5668,46.833336,-6.1666565,2024-06-02 00:00:00,0.072904035,-0.091537155,4345926.351221016,-469559.8699535443,0.0
6025,763.3331,46.833336,-6.1666565,2024-06-02 00:00:00,0.061485916,-0.11032989,4345926.351221016,-469559.8699535443,0.0
6205,902.3393,46.833336,-6.1666565,2024-06-02 00:00:00,0.049926627,-0.13168731,4345926.351221016,-469559.8699535443,0.0
94,0.494025,46.833336,-6.0833282,2024-06-02 00:00:00,0.03327168,-0.07551895,4346604.66032198,-463238.86772943556,0.0
274,1.541375,46.833336,-6.0833282,2024-06-02 00:00:00,0.035333276,-0.072197154,4346604.66032198,-463238.86772943556,0.0
454,2.645669,46.833336,-6.0833282,2024-06-02 00:00:00,0.03746768,-0.069080986,4346604.66032198,-463238.86772943556,0.0
634,3.819495,46.833336,-6.0833282,2024-06-02 00:00:00,0.039671,-0.06617777,4346604.66032198,-463238.86772943556,0.0
814,5.078224,46.833336,-6.0833282,2024-06-02 00:00:00,0.041950542,-0.06348761,4346604.66032198,-463238.86772943556,0.0
994,6.440614,46.833336,-6.0833282,2024-06-02 00:00:00,0.04432559,-0.061009012,4346604.66032198,-463238.86772943556,0.0
1174,7.92956,46.833336,-6.0833282,2024-06-02 00:00:00,0.04685675,-0.05872535,4346604.66032198,-463238.86772943556,0.0
1354,9.572997,46.833336,-6.0833282,2024-06-02 00:00:00,0.049669724,-0.056609564,4346604.66032198,-463238.86772943556,0.0
1534,11.405,46.833336,-6.0833282,2024-06-02 00:00:00,0.05310311,-0.054600336,4346604.66032198,-463238.86772943556,0.0
1714,13.46714,46.833336,-6.0833282,2024-06-02 00:00:00,0.058537807,-0.052472144,4346604.66032198,-463238.86772943556,0.0
1894,15.81007,46.833336,-6.0833282,2024-06-02 00:00:00,0.07475349,-0.04966271,4346604.66032198,-463238.86772943556,0.0
2074,18.49556,46.833336,-6.0833282,2024-06-02 00:00:00,0.1147747,-0.053356133,4346604.66032198,-463238.86772943556,0.0
2254,21.59882,46.833336,-6.0833282,2024-06-02 00:00:00,0.18585019,-0.07566572,4346604.66032198,-463238.86772943556,0.0
2434,25.21141,46.833336,-6.0833282,2024-06-02 00:00:00,0.19805358,-0.10656181,4346604.66032198,-463238.86772943556,0.0
2614,29.44473,46.833336,-6.0833282,2024-06-02 00:00:00,0.16938034,-0.121818006,4346604.66032198,-463238.86772943556,0.0
2794,34.43415,46.833336,-6.0833282,2024-06-02 00:00:00,0.14057124,-0.13943021,4346604.66032198,-463238.86772943556,0.0
2974,40.34405,46.833336,-6.0833282,2024-06-02 00:00:00,0.12287809,-0.14839801,4346604.66032198,-463238.86772943556,0.0
3154,47.37369,46.833336,-6.0833282,2024-06-02 00:00:00,0.118682146,-0.14245237,4346604.66032198,-463238.86772943556,0.0
3334,55.76429,46.833336,-6.0833282,2024-06-02 00:00:00,0.12659329,-0.13184154,4346604.66032198,-463238.86772943556,0.0
3514,65.80727,46.833336,-6.0833282,2024-06-02 00:00:00,0.13367641,-0.12775965,4346604.66032198,-463238.86772943556,0.0
3694,77.85385,46.833336,-6.0833282,2024-06-02 00:00:00,0.1355588,-0.12677331,4346604.66032198,-463238.86772943556,0.0
3874,92.32607,46.833336,-6.0833282,2024-06-02 00:00:00,0.13397606,-0.12225296,4346604.66032198,-463238.86772943556,0.0
4054,109.7293,46.833336,-6.0833282,2024-06-02 00:00:00,0.12503289,-0.108273305,4346604.66032198,-463238.86772943556,0.0
4234,130.666,46.833336,-6.0833282,2024-06-02 00:00:00,0.10696847,-0.09421134,4346604.66032198,-463238.86772943556,0.0
4414,155.8507,46.833336,-6.0833282,2024-06-02 00:00:00,0.10586859,-0.088304386,4346604.66032198,-463238.86772943556,0.0
4594,186.1256,46.833336,-6.0833282,2024-06-02 00:00:00,0.11332495,-0.079623714,4346604.66032198,-463238.86772943556,0.0
4774,222.4752,46.833336,-6.0833282,2024-06-02 00:00:00,0.10671167,-0.080129124,4346604.66032198,-463238.86772943556,0.0
4954,266.0403,46.833336,-6.0833282,2024-06-02 00:00:00,0.101593435,-0.08030707,4346604.66032198,-463238.86772943556,0.0
5134,318.1274,46.833336,-6.0833282,2024-06-02 00:00:00,0.097432286,-0.080751345,4346604.66032198,-463238.86772943556,0.0
5314,380.213,46.833336,-6.0833282,2024-06-02 00:00:00,0.08223429,-0.08005773,4346604.66032198,-463238.86772943556,0.0
5494,453.9377,46.833336,-6.0833282,2024-06-02 00:00:00,0.08388739,-0.07280141,4346604.66032198,-463238.86772943556,0.0
5674,541.0889,46.833336,-6.0833282,2024-06-02 00:00:00,0.090330034,-0.07471699,4346604.66032198,-463238.86772943556,0.0
5854,643.5668,46.833336,-6.0833282,2024-06-02 00:00:00,0.06943379,-0.08850601,4346604.66032198,-463238.86772943556,0.0
6034,763.3331,46.833336,-6.0833282,2024-06-02 00:00:00,0.055615164,-0.10645211,4346604.66032198,-463238.86772943556,0.0
6214,902.3393,46.833336,-6.0833282,2024-06-02 00:00:00,0.028201275,-0.117515124,4346604.66032198,-463238.86772943556,0.0
103,0.494025,46.833336,-6.0,2024-06-02 00:00:00,-0.00016085291,-0.0663446,4347273.775744883,-456916.88569019584,0.0
283,1.541375,46.833336,-6.0,2024-06-02 00:00:00,0.0019311283,-0.06300122,4347273.775744883,-456916.88569019584,0.0
463,2.645669,46.833336,-6.0,2024-06-02 00:00:00,0.0041092117,-0.059866417,4347273.775744883,-456916.88569019584,0.0
643,3.819495,46.833336,-6.0,2024-06-02 00:00:00,0.006368315,-0.056949176,4347273.775744883,-456916.88569019584,0.0
823,5.078224,46.833336,-6.0,2024-06-02 00:00:00,0.008716594,-0.05424921,4347273.775744883,-456916.88569019584,0.0
1003,6.440614,46.833336,-6.0,2024-06-02 00:00:00,0.01117657,-0.05176411,4347273.775744883,-456916.88569019584,0.0
1183,7.92956,46.833336,-6.0,2024-06-02 00:00:00,0.013815068,-0.04947773,4347273.775744883,-456916.88569019584,0.0
1363,9.572997,46.833336,-6.0,2024-06-02 00:00:00,0.016772293,-0.047364227,4347273.775744883,-456916.88569019584,0.0
1543,11.405,46.833336,-6.0,2024-06-02 00:00:00,0.02042802,-0.045368273,4347273.775744883,-456916.88569019584,0.0
1723,13.46714,46.833336,-6.0,2024-06-02 00:00:00,0.02633818,-0.04330487,4347273.775744883,-456916.88569019584,0.0
1903,15.81007,46.833336,-6.0,2024-06-02 00:00:00,0.043358773,-0.040991493,4347273.775744883,-456916.88569019584,0.0
2083,18.49556,46.833336,-6.0,2024-06-02 00:00:00,0.081053145,-0.044744644,4347273.775744883,-456916.88569019584,0.0
2263,21.59882,46.833336,-6.0,2024-06-02 00:00:00,0.15605523,-0.07030472,4347273.775744883,-456916.88569019584,0.0
2443,25.21141,46.833336,-6.0,2024-06-02 00:00:00,0.17375545,-0.09628745,4347273.775744883,-456916.88569019584,0.0
2623,29.44473,46.833336,-6.0,2024-06-02 00:00:00,0.15543817,-0.109434016,4347273.775744883,-456916.88569019584,0.0
2803,34.43415,46.833336,-6.0,2024-06-02 00:00:00,0.13630205,-0.12808108,4347273.775744883,-456916.88569019584,0.0
2983,40.34405,46.833336,-6.0,2024-06-02 00:00:00,0.123594046,-0.14388672,4347273.775744883,-456916.88569019584,0.0
3163,47.37369,46.833336,-6.0,2024-06-02 00:00:00,0.12334568,-0.1461471,4347273.775744883,-456916.88569019584,0.0
3343,55.76429,46.833336,-6.0,2024-06-02 00:00:00,0.13590664,-0.14230338,4347273.775744883,-456916.88569019584,0.0
3523,65.80727,46.833336,-6.0,2024-06-02 00:00:00,0.14739257,-0.13861217,4347273.775744883,-456916.88569019584,0.0
3703,77.85385,46.833336,-6.0,2024-06-02 00:00:00,0.14982456,-0.13278735,4347273.775744883,-456916.88569019584,0.0
3883,92.32607,46.833336,-6.0,2024-06-02 00:00:00,0.14733225,-0.12208022,4347273.775744883,-456916.88569019584,0.0
4063,109.7293,46.833336,-6.0,2024-06-02 00:00:00,0.13594322,-0.10935716,4347273.775744883,-456916.88569019584,0.0
4243,130.666,46.833336,-6.0,2024-06-02 00:00:00,0.11330839,-0.098188944,4347273.775744883,-456916.88569019584,0.0
4423,155.8507,46.833336,-6.0,2024-06-02 00:00:00,0.11097715,-0.09290233,4347273.775744883,-456916.88569019584,0.0
4603,186.1256,46.833336,-6.0,2024-06-02 00:00:00,0.11332096,-0.08384637,4347273.775744883,-456916.88569019584,0.0
4783,222.4752,46.833336,-6.0,2024-06-02 00:00:00,0.1036596,-0.08044909,4347273.775744883,-456916.88569019584,0.0
4963,266.0403,46.833336,-6.0,2024-06-02 00:00:00,0.08952097,-0.079112135,4347273.775744883,-456916.88569019584,0.0
5143,318.1274,46.833336,-6.0,2024-06-02 00:00:00,0.08671273,-0.078546405,4347273.775744883,-456916.88569019584,0.0
5323,380.213,46.833336,-6.0,2024-06-02 00:00:00,0.08599864,-0.078846104,4347273.775744883,-456916.88569019584,0.0
5503,453.9377,46.833336,-6.0,2024-06-02 00:00:00,0.08415224,-0.086508185,4347273.775744883,-456916.88569019584,0.0
5683,541.0889,46.833336,-6.0,2024-06-02 00:00:00,0.09911001,-0.09778184,4347273.775744883,-456916.88569019584,0.0
5863,643.5668,46.833336,-6.0,2024-06-02 00:00:00,0.069657564,-0.08843884,4347273.775744883,-456916.88569019584,0.0
6043,763.3331,46.833336,-6.0,2024-06-02 00:00:00,0.03727731,-0.0860825,4347273.775744883,-456916.88569019584,0.0
6223,902.3393,46.833336,-6.0,2024-06-02 00:00:00,0.007593249,-0.09940019,4347273.775744883,-456916.88569019584,0.0
112,0.494025,46.91667,-6.25,2024-06-02 00:00:00,0.03457603,-0.08519653,4338517.220887722,-475144.9119816816,0.0
292,1.541375,46.91667,-6.25,2024-06-02 00:00:00,0.036585484,-0.081892304,4338517.220887722,-475144.9119816816,0.0
472,2.645669,46.91667,-6.25,2024-06-02 00:00:00,0.03864602,-0.07881741,4338517.220887722,-475144.9119816816,0.0
652,3.819495,46.91667,-6.25,2024-06-02 00:00:00,0.04075424,-0.075978555,4338517.220887722,-475144.9119816816,0.0
832,5.078224,46.91667,-6.25,2024-06-02 00:00:00,0.042916022,-0.07337631,4338517.220887722,-475144.9119816816,0.0
1012,6.440614,46.91667,-6.25,2024-06-02 00:00:00,0.045140214,-0.07102274,4338517.220887722,-475144.9119816816,0.0
1192,7.92956,46.91667,-6.25,2024-06-02 00:00:00,0.04748318,-0.06888908,4338517.220887722,-475144.9119816816,0.0
1372,9.572997,46.91667,-6.25,2024-06-02 00:00:00,0.050037727,-0.06697307,4338517.220887722,-475144.9119816816,0.0
1552,11.405,46.91667,-6.25,2024-06-02 00:00:00,0.053057205,-0.06525334,4338517.220887722,-475144.9119816816,0.0
1732,13.46714,46.91667,-6.25,2024-06-02 00:00:00,0.05754616,-0.06365911,4338517.220887722,-475144.9119816816,0.0
1912,15.81007,46.91667,-6.25,2024-06-02 00:00:00,0.07125157,-0.062533736,4338517.220887722,-475144.9119816816,0.0
2092,18.49556,46.91667,-6.25,2024-06-02 00:00:00,0.11984357,-0.073527046,4338517.220887722,-475144.9119816816,0.0
2272,21.59882,46.91667,-6.25,2024-06-02 00:00:00,0.16740927,-0.10175797,4338517.220887722,-475144.9119816816,0.0
2452,25.21141,46.91667,-6.25,2024-06-02 00:00:00,0.16882357,-0.117631726,4338517.220887722,-475144.9119816816,0.0
2632,29.44473,46.91667,-6.25,2024-06-02 00:00:00,0.15313973,-0.14244582,4338517.220887722,-475144.9119816816,0.0
2812,34.43415,46.91667,-6.25,2024-06-02 00:00:00,0.123679966,-0.16457424,4338517.220887722,-475144.9119816816,0.0
2992,40.34405,46.91667,-6.25,2024-06-02 00:00:00,0.09818976,-0.17396599,4338517.220887722,-475144.9119816816,0.0
3172,47.37369,46.91667,-6.25,2024-06-02 00:00:00,0.09865255,-0.16610432,4338517.220887722,-475144.9119816816,0.0
3352,55.76429,46.91667,-6.25,2024-06-02 00:00:00,0.12080387,-0.15615869,4338517.220887722,-475144.9119816816,0.0
3532,65.80727,46.91667,-6.25,2024-06-02 00:00:00,0.140845,-0.15119967,4338517.220887722,-475144.9119816816,0.0
3712,77.85385,46.91667,-6.25,2024-06-02 00:00:00,0.14798543,-0.1512704,4338517.220887722,-475144.9119816816,0.0
3892,92.32607,46.91667,-6.25,2024-06-02 00:00:00,0.1416802,-0.14016008,4338517.220887722,-475144.9119816816,0.0
4072,109.7293,46.91667,-6.25,2024-06-02 00:00:00,0.12964883,-0.11433331,4338517.220887722,-475144.9119816816,0.0
4252,130.666,46.91667,-6.25,2024-06-02 00:00:00,0.11540684,-0.09451035,4338517.220887722,-475144.9119816816,0.0
4432,155.8507,46.91667,-6.25,2024-06-02 00:00:00,0.11620132,-0.0836214,4338517.220887722,-475144.9119816816,0.0
4612,186.1256,46.91667,-6.25,2024-06-02 00:00:00,0.12427027,-0.075967565,4338517.220887722,-475144.9119816816,0.0
4792,222.4752,46.91667,-6.25,2024-06-02 00:00:00,0.12130209,-0.08067124,4338517.220887722,-475144.9119816816,0.0
4972,266.0403,46.91667,-6.25,2024-06-02 00:00:00,0.11198035,-0.08590003,4338517.220887722,-475144.9119816816,0.0
5152,318.1274,46.91667,-6.25,2024-06-02 00:00:00,0.10094313,-0.08533678,4338517.220887722,-475144.9119816816,0.0
5332,380.213,46.91667,-6.25,2024-06-02 00:00:00,0.09204293,-0.08476736,4338517.220887722,-475144.9119816816,0.0
5512,453.9377,46.91667,-6.25,2024-06-02 00:00:00,0.09495063,-0.08175463,4338517.220887722,-475144.9119816816,0.0
5692,541.0889,46.91667,-6.25,2024-06-02 00:00:00,0.10259048,-0.08077172,4338517.220887722,-475144.9119816816,0.0
5872,643.5668,46.91667,-6.25,2024-06-02 00:00:00,0.10163329,-0.08874094,4338517.220887722,-475144.9119816816,0.0
6052,763.3331,46.91667,-6.25,2024-06-02 00:00:00,0.09769861,-0.08788778,4338517.220887722,-475144.9119816816,0.0
6232,902.3393,46.91667,-6.25,2024-06-02 00:00:00,0.10122042,-0.11329707,4338517.220887722,-475144.9119816816,0.0
121,0.494025,46.91667,-6.1666565,2024-06-02 00:00:00,0.0075686784,-0.038846307,4339203.78529813,-468833.52373287774,0.0
301,1.541375,46.91667,-6.1666565,2024-06-02 00:00:00,0.009546453,-0.03549705,4339203.78529813,-468833.52373287774,0.0
481,2.645669,46.91667,-6.1666565,2024-06-02 00:00:00,0.011596717,-0.032367792,4339203.78529813,-468833.52373287774,0.0
661,3.819495,46.91667,-6.1666565,2024-06-02 00:00:00,0.0137156015,-0.02946587,4339203.78529813,-468833.52373287774,0.0
841,5.078224,46.91667,-6.1666565,2024-06-02 00:00:00,0.015907472,-0.026793865,4339203.78529813,-468833.52373287774,0.0
1021,6.440614,46.91667,-6.1666565,2024-06-02 00:00:00,0.01818373,-0.024355736,4339203.78529813,-468833.52373287774,0.0
1201,7.92956,46.91667,-6.1666565,2024-06-02 00:00:00,0.02058747,-0.022142528,4339203.78529813,-468833.52373287774,0.0
1381,9.572997,46.91667,-6.1666565,2024-06-02 00:00:00,0.023212561,-0.020138187,4339203.78529813,-468833.52373287774,0.0
1561,11.405,46.91667,-6.1666565,2024-06-02 00:00:00,0.026290549,-0.018314555,4339203.78529813,-468833.52373287774,0.0
1741,13.46714,46.91667,-6.1666565,2024-06-02 00:00:00,0.030642377,-0.016587839,4339203.78529813,-468833.52373287774,0.0
1921,15.81007,46.91667,-6.1666565,2024-06-02 00:00:00,0.041430727,-0.014924244,4339203.78529813,-468833.52373287774,0.0
2101,18.49556,46.91667,-6.1666565,2024-06-02 00:00:00,0.07732929,-0.020671375,4339203.78529813,-468833.52373287774,0.0
2281,21.59882,46.91667,-6.1666565,2024-06-02 00:00:00,0.1394923,-0.049920194,4339203.78529813,-468833.52373287774,0.0
2461,25.21141,46.91667,-6.1666565,2024-06-02 00:00:00,0.15142252,-0.07103771,4339203.78529813,-468833.52373287774,0.0
2641,29.44473,46.91667,-6.1666565,2024-06-02 00:00:00,0.14048563,-0.09622358,4339203.78529813,-468833.52373287774,0.0
2821,34.43415,46.91667,-6.1666565,2024-06-02 00:00:00,0.11641415,-0.12669349,4339203.78529813,-468833.52373287774,0.0
3001,40.34405,46.91667,-6.1666565,2024-06-02 00:00:00,0.09115599,-0.14481802,4339203.78529813,-468833.52373287774,0.0
3181,47.37369,46.91667,-6.1666565,2024-06-02 00:00:00,0.086909026,-0.14111339,4339203.78529813,-468833.52373287774,0.0
3361,55.76429,46.91667,-6.1666565,2024-06-02 00:00:00,0.102526605,-0.13171823,4339203.78529813,-468833.52373287774,0.0
3541,65.80727,46.91667,-6.1666565,2024-06-02 00:00:00,0.11863548,-0.12423951,4339203.78529813,-468833.52373287774,0.0
3721,77.85385,46.91667,-6.1666565,2024-06-02 00:00:00,0.12608807,-0.11929029,4339203.78529813,-468833.52373287774,0.0
3901,92.32607,46.91667,-6.1666565,2024-06-02 00:00:00,0.12547362,-0.1083081,4339203.78529813,-468833.52373287774,0.0
4081,109.7293,46.91667,-6.1666565,2024-06-02 00:00:00,0.118049376,-0.09264374,4339203.78529813,-468833.52373287774,0.0
4261,130.666,46.91667,-6.1666565,2024-06-02 00:00:00,0.10770847,-0.07811056,4339203.78529813,-468833.52373287774,0.0
4441,155.8507,46.91667,-6.1666565,2024-06-02 00:00:00,0.11475345,-0.069859765,4339203.78529813,-468833.52373287774,0.0
4621,186.1256,46.91667,-6.1666565,2024-06-02 00:00:00,0.12541728,-0.06882654,4339203.78529813,-468833.52373287774,0.0
4801,222.4752,46.91667,-6.1666565,2024-06-02 00:00:00,0.121690676,-0.07567935,4339203.78529813,-468833.52373287774,0.0
4981,266.0403,46.91667,-6.1666565,2024-06-02 00:00:00,0.11165818,-0.07865194,4339203.78529813,-468833.52373287774,0.0
5161,318.1274,46.91667,-6.1666565,2024-06-02 00:00:00,0.09904686,-0.081688724,4339203.78529813,-468833.52373287774,0.0
5341,380.213,46.91667,-6.1666565,2024-06-02 00:00:00,0.09473965,-0.085198134,4339203.78529813,-468833.52373287774,0.0
5521,453.9377,46.91667,-6.1666565,2024-06-02 00:00:00,0.10043964,-0.085332334,4339203.78529813,-468833.52373287774,0.0
5701,541.0889,46.91667,-6.1666565,2024-06-02 00:00:00,0.108047105,-0.08220128,4339203.78529813,-468833.52373287774,0.0
5881,643.5668,46.91667,-6.1666565,2024-06-02 00:00:00,0.09788466,-0.092114136,4339203.78529813,-468833.52373287774,0.0
6061,763.3331,46.91667,-6.1666565,2024-06-02 00:00:00,0.08965557,-0.10202236,4339203.78529813,-468833.52373287774,0.0
6241,902.3393,46.91667,-6.1666565,2024-06-02 00:00:00,0.08331596,-0.101914704,4339203.78529813,-468833.52373287774,0.0
130,0.494025,46.91667,-6.0833282,2024-06-02 00:00:00,-0.04302816,-0.012730749,4339881.045145775,-462522.2992525033,0.0
310,1.541375,46.91667,-6.0833282,2024-06-02 00:00:00,-0.041079435,-0.009348043,4339881.045145775,-462522.2992525033,0.0
490,2.645669,46.91667,-6.0833282,2024-06-02 00:00:00,-0.039048698,-0.006182038,4339881.045145775,-462522.2992525033,0.0
670,3.819495,46.91667,-6.0833282,2024-06-02 00:00:00,-0.03694045,-0.0032408275,4339881.045145775,-462522.2992525033,0.0
850,5.078224,46.91667,-6.0833282,2024-06-02 00:00:00,-0.03475106,-0.0005283351,4339881.045145775,-462522.2992525033,0.0
1030,6.440614,46.91667,-6.0833282,2024-06-02 00:00:00,-0.032467496,0.0019523811,4339881.045145775,-462522.2992525033,0.0
1210,7.92956,46.91667,-6.0833282,2024-06-02 00:00:00,-0.03005944,0.004196112,4339881.045145775,-462522.2992525033,0.0
1390,9.572997,46.91667,-6.0833282,2024-06-02 00:00:00,-0.027435182,0.006220609,4339881.045145775,-462522.2992525033,0.0
1570,11.405,46.91667,-6.0833282,2024-06-02 00:00:00,-0.024394803,0.008038161,4339881.045145775,-462522.2992525033,0.0
1750,13.46714,46.91667,-6.0833282,2024-06-02 00:00:00,-0.020290386,0.0096762385,4339881.045145775,-462522.2992525033,0.0
1930,15.81007,46.91667,-6.0833282,2024-06-02 00:00:00,-0.011628739,0.011098494,4339881.045145775,-462522.2992525033,0.0
2110,18.49556,46.91667,-6.0833282,2024-06-02 00:00:00,0.017393397,0.008947198,4339881.045145775,-462522.2992525033,0.0
2290,21.59882,46.91667,-6.0833282,2024-06-02 00:00:00,0.082993165,-0.015521153,4339881.045145775,-462522.2992525033,0.0
2470,25.21141,46.91667,-6.0833282,2024-06-02 00:00:00,0.10564631,-0.042132758,4339881.045145775,-462522.2992525033,0.0
2650,29.44473,46.91667,-6.0833282,2024-06-02 00:00:00,0.0965236,-0.058851898,4339881.045145775,-462522.2992525033,0.0
2830,34.43415,46.91667,-6.0833282,2024-06-02 00:00:00,0.08135459,-0.08577886,4339881.045145775,-462522.2992525033,0.0
3010,40.34405,46.91667,-6.0833282,2024-06-02 00:00:00,0.06595002,-0.10721214,4339881.045145775,-462522.2992525033,0.0
3190,47.37369,46.91667,-6.0833282,2024-06-02 00:00:00,0.0648757,-0.11347115,4339881.045145775,-462522.2992525033,0.0
3370,55.76429,46.91667,-6.0833282,2024-06-02 00:00:00,0.0797787,-0.11480521,4339881.045145775,-462522.2992525033,0.0
3550,65.80727,46.91667,-6.0833282,2024-06-02 00:00:00,0.09527307,-0.11379897,4339881.045145775,-462522.2992525033,0.0
3730,77.85385,46.91667,-6.0833282,2024-06-02 00:00:00,0.100939505,-0.11158309,4339881.045145775,-462522.2992525033,0.0
3910,92.32607,46.91667,-6.0833282,2024-06-02 00:00:00,0.101642296,-0.102023266,4339881.045145775,-462522.2992525033,0.0
4090,109.7293,46.91667,-6.0833282,2024-06-02 00:00:00,0.1003337,-0.09303395,4339881.045145775,-462522.2992525033,0.0
4270,130.666,46.91667,-6.0833282,2024-06-02 00:00:00,0.09595851,-0.08280284,4339881.045145775,-462522.2992525033,0.0
4450,155.8507,46.91667,-6.0833282,2024-06-02 00:00:00,0.11047914,-0.06950941,4339881.045145775,-462522.2992525033,0.0
4630,186.1256,46.91667,-6.0833282,2024-06-02 00:00:00,0.12010204,-0.06487343,4339881.045145775,-462522.2992525033,0.0
4810,222.4752,46.91667,-6.0833282,2024-06-02 00:00:00,0.110353716,-0.06905127,4339881.045145775,-462522.2992525033,0.0
4990,266.0403,46.91667,-6.0833282,2024-06-02 00:00:00,0.09821406,-0.07082392,4339881.045145775,-462522.2992525033,0.0
5170,318.1274,46.91667,-6.0833282,2024-06-02 00:00:00,0.08776824,-0.07806334,4339881.045145775,-462522.2992525033,0.0
5350,380.213,46.91667,-6.0833282,2024-06-02 00:00:00,0.09443219,-0.08583562,4339881.045145775,-462522.2992525033,0.0
5530,453.9377,46.91667,-6.0833282,2024-06-02 00:00:00,0.1004123,-0.0901389,4339881.045145775,-462522.2992525033,0.0
5710,541.0889,46.91667,-6.0833282,2024-06-02 00:00:00,0.09816702,-0.08986956,4339881.045145775,-462522.2992525033,0.0
5890,643.5668,46.91667,-6.0833282,2024-06-02 00:00:00,0.08525795,-0.079588585,4339881.045145775,-462522.2992525033,0.0
6070,763.3331,46.91667,-6.0833282,2024-06-02 00:00:00,0.06984484,-0.08518159,4339881.045145775,-462522.2992525033,0.0
6250,902.3393,46.91667,-6.0833282,2024-06-02 00:00:00,0.06557091,-0.07710608,4339881.045145775,-462522.2992525033,0.0
139,0.494025,46.91667,-6.0,2024-06-02 00:00:00,-0.090952724,0.016688094,4340549.125536747,-456210.0964726406,0.0
319,1.541375,46.91667,-6.0,2024-06-02 00:00:00,-0.08901951,0.020083401,4340549.125536747,-456210.0964726406,0.0
499,2.645669,46.91667,-6.0,2024-06-02 00:00:00,-0.08700995,0.023257,4340549.125536747,-456210.0964726406,0.0
679,3.819495,46.91667,-6.0,2024-06-02 00:00:00,-0.08492888,0.026201542,4340549.125536747,-456210.0964726406,0.0
859,5.078224,46.91667,-6.0,2024-06-02 00:00:00,-0.0827716,0.028916813,4340549.125536747,-456210.0964726406,0.0
1039,6.440614,46.91667,-6.0,2024-06-02 00:00:00,-0.080523394,0.031404145,4340549.125536747,-456210.0964726406,0.0
1219,7.92956,46.91667,-6.0,2024-06-02 00:00:00,-0.078157015,0.03365915,4340549.125536747,-456210.0964726406,0.0
1399,9.572997,46.91667,-6.0,2024-06-02 00:00:00,-0.07558113,0.035708997,4340549.125536747,-456210.0964726406,0.0
1579,11.405,46.91667,-6.0,2024-06-02 00:00:00,-0.072607525,0.03756974,4340549.125536747,-456210.0964726406,0.0
1759,13.46714,46.91667,-6.0,2024-06-02 00:00:00,-0.06862825,0.039291874,4340549.125536747,-456210.0964726406,0.0
1939,15.81007,46.91667,-6.0,2024-06-02 00:00:00,-0.06039564,0.040943757,4340549.125536747,-456210.0964726406,0.0
2119,18.49556,46.91667,-6.0,2024-06-02 00:00:00,-0.031994402,0.039110433,4340549.125536747,-456210.0964726406,0.0
2299,21.59882,46.91667,-6.0,2024-06-02 00:00:00,0.031427335,0.013644803,4340549.125536747,-456210.0964726406,0.0
2479,25.21141,46.91667,-6.0,2024-06-02 00:00:00,0.04821911,-0.015880957,4340549.125536747,-456210.0964726406,0.0
2659,29.44473,46.91667,-6.0,2024-06-02 00:00:00,0.04187385,-0.025181172,4340549.125536747,-456210.0964726406,0.0
2839,34.43415,46.91667,-6.0,2024-06-02 00:00:00,0.031121716,-0.045547325,4340549.125536747,-456210.0964726406,0.0
3019,40.34405,46.91667,-6.0,2024-06-02 00:00:00,0.019994352,-0.06899735,4340549.125536747,-456210.0964726406,0.0
3199,47.37369,46.91667,-6.0,2024-06-02 00:00:00,0.021468196,-0.08315247,4340549.125536747,-456210.0964726406,0.0
3379,55.76429,46.91667,-6.0,2024-06-02 00:00:00,0.034620214,-0.0885657,4340549.125536747,-456210.0964726406,0.0
3559,65.80727,46.91667,-6.0,2024-06-02 00:00:00,0.04989893,-0.09029039,4340549.125536747,-456210.0964726406,0.0
3739,77.85385,46.91667,-6.0,2024-06-02 00:00:00,0.057201702,-0.09022433,4340549.125536747,-456210.0964726406,0.0
3919,92.32607,46.91667,-6.0,2024-06-02 00:00:00,0.06167059,-0.08280582,4340549.125536747,-456210.0964726406,0.0
4099,109.7293,46.91667,-6.0,2024-06-02 00:00:00,0.07105794,-0.079752624,4340549.125536747,-456210.0964726406,0.0
4279,130.666,46.91667,-6.0,2024-06-02 00:00:00,0.07374676,-0.08182777,4340549.125536747,-456210.0964726406,0.0
4459,155.8507,46.91667,-6.0,2024-06-02 00:00:00,0.09095063,-0.07134238,4340549.125536747,-456210.0964726406,0.0
4639,186.1256,46.91667,-6.0,2024-06-02 00:00:00,0.105072334,-0.06928837,4340549.125536747,-456210.0964726406,0.0
4819,222.4752,46.91667,-6.0,2024-06-02 00:00:00,0.09710203,-0.06412129,4340549.125536747,-456210.0964726406,0.0
4999,266.0403,46.91667,-6.0,2024-06-02 00:00:00,0.07981584,-0.060660668,4340549.125536747,-456210.0964726406,0.0
5179,318.1274,46.91667,-6.0,2024-06-02 00:00:00,0.07235423,-0.06608882,4340549.125536747,-456210.0964726406,0.0
5359,380.213,46.91667,-6.0,2024-06-02 00:00:00,0.08199245,-0.08047716,4340549.125536747,-456210.0964726406,0.0
5539,453.9377,46.91667,-6.0,2024-06-02 00:00:00,0.08236611,-0.0898208,4340549.125536747,-456210.0964726406,0.0
5719,541.0889,46.91667,-6.0,2024-06-02 00:00:00,0.07707811,-0.0886108,4340549.125536747,-456210.0964726406,0.0
5899,643.5668,46.91667,-6.0,2024-06-02 00:00:00,0.06904903,-0.080905974,4340549.125536747,-456210.0964726406,0.0
6079,763.3331,46.91667,-6.0,2024-06-02 00:00:00,0.050018232,-0.060261644,4340549.125536747,-456210.0964726406,0.0
6259,902.3393,46.91667,-6.0,2024-06-02 00:00:00,0.04063107,-0.05619949,4340549.125536747,-456210.0964726406,0.0
148,0.494025,47.0,-6.25,2024-06-02 00:00:00,0.0016359192,-0.025384098,4331787.087405169,-474407.8424903363,0.0
328,1.541375,47.0,-6.25,2024-06-02 00:00:00,0.003564735,-0.021992842,4331787.087405169,-474407.8424903363,0.0
508,2.645669,47.0,-6.25,2024-06-02 00:00:00,0.0055667916,-0.018828848,4331787.087405169,-474407.8424903363,0.0
688,3.819495,47.0,-6.25,2024-06-02 00:00:00,0.007636224,-0.01590165,4331787.087405169,-474407.8424903363,0.0
868,5.078224,47.0,-6.25,2024-06-02 00:00:00,0.009775089,-0.013214744,4331787.087405169,-474407.8424903363,0.0
1048,6.440614,47.0,-6.25,2024-06-02 00:00:00,0.011991416,-0.01078104,4331787.087405169,-474407.8424903363,0.0
1228,7.92956,47.0,-6.25,2024-06-02 00:00:00,0.014316722,-0.008583626,4331787.087405169,-474407.8424903363,0.0
1408,9.572997,47.0,-6.25,2024-06-02 00:00:00,0.01682995,-0.0066175777,4331787.087405169,-474407.8424903363,0.0
1588,11.405,47.0,-6.25,2024-06-02 00:00:00,0.019720713,-0.004869851,4331787.087405169,-474407.8424903363,0.0
1768,13.46714,47.0,-6.25,2024-06-02 00:00:00,0.023607237,-0.0033108552,4331787.087405169,-474407.8424903363,0.0
1948,15.81007,47.0,-6.25,2024-06-02 00:00:00,0.03196974,-0.002109056,4331787.087405169,-474407.8424903363,0.0
2128,18.49556,47.0,-6.25,2024-06-02 00:00:00,0.060363512,-0.007886031,4331787.087405169,-474407.8424903363,0.0
2308,21.59882,47.0,-6.25,2024-06-02 00:00:00,0.10847877,-0.038115643,4331787.087405169,-474407.8424903363,0.0
2488,25.21141,47.0,-6.25,2024-06-02 00:00:00,0.12238179,-0.057694815,4331787.087405169,-474407.8424903363,0.0
2668,29.44473,47.0,-6.25,2024-06-02 00:00:00,0.112368196,-0.0797344,4331787.087405169,-474407.8424903363,0.0
2848,34.43415,47.0,-6.25,2024-06-02 00:00:00,0.076429315,-0.10524358,4331787.087405169,-474407.8424903363,0.0
3028,40.34405,47.0,-6.25,2024-06-02 00:00:00,0.03180241,-0.115751386,4331787.087405169,-474407.8424903363,0.0
3208,47.37369,47.0,-6.25,2024-06-02 00:00:00,0.0139977,-0.111166395,4331787.087405169,-474407.8424903363,0.0
3388,55.76429,47.0,-6.25,2024-06-02 00:00:00,0.025352042,-0.105675206,4331787.087405169,-474407.8424903363,0.0
3568,65.80727,47.0,-6.25,2024-06-02 00:00:00,0.049714368,-0.09931856,4331787.087405169,-474407.8424903363,0.0
3748,77.85385,47.0,-6.25,2024-06-02 00:00:00,0.07142192,-0.095788375,4331787.087405169,-474407.8424903363,0.0
3928,92.32607,47.0,-6.25,2024-06-02 00:00:00,0.08035641,-0.085941456,4331787.087405169,-474407.8424903363,0.0
4108,109.7293,47.0,-6.25,2024-06-02 00:00:00,0.08029069,-0.068408065,4331787.087405169,-474407.8424903363,0.0
4288,130.666,47.0,-6.25,2024-06-02 00:00:00,0.07811233,-0.06648236,4331787.087405169,-474407.8424903363,0.0
4468,155.8507,47.0,-6.25,2024-06-02 00:00:00,0.08924069,-0.065951966,4331787.087405169,-474407.8424903363,0.0
4648,186.1256,47.0,-6.25,2024-06-02 00:00:00,0.09929463,-0.061819326,4331787.087405169,-474407.8424903363,0.0
4828,222.4752,47.0,-6.25,2024-06-02 00:00:00,0.09491211,-0.07370925,4331787.087405169,-474407.8424903363,0.0
5008,266.0403,47.0,-6.25,2024-06-02 00:00:00,0.09671897,-0.08035689,4331787.087405169,-474407.8424903363,0.0
5188,318.1274,47.0,-6.25,2024-06-02 00:00:00,0.09063059,-0.084671445,4331787.087405169,-474407.8424903363,0.0
5368,380.213,47.0,-6.25,2024-06-02 00:00:00,0.09066523,-0.092530526,4331787.087405169,-474407.8424903363,0.0
5548,453.9377,47.0,-6.25,2024-06-02 00:00:00,0.10063346,-0.09539301,4331787.087405169,-474407.8424903363,0.0
5728,541.0889,47.0,-6.25,2024-06-02 00:00:00,0.10930942,-0.08524435,4331787.087405169,-474407.8424903363,0.0
5908,643.5668,47.0,-6.25,2024-06-02 00:00:00,0.10923839,-0.08127885,4331787.087405169,-474407.8424903363,0.0
6088,763.3331,47.0,-6.25,2024-06-02 00:00:00,0.11698644,-0.08493573,4331787.087405169,-474407.8424903363,0.0
6268,902.3393,47.0,-6.25,2024-06-02 00:00:00,0.118039936,-0.09310979,4331787.087405169,-474407.8424903363,0.0
157,0.494025,47.0,-6.1666565,2024-06-02 00:00:00,-0.040132597,0.018864114,4332472.586781167,-468106.2447951276,0.0
337,1.541375,47.0,-6.1666565,2024-06-02 00:00:00,-0.03824927,0.022288643,4332472.586781167,-468106.2447951276,0.0
517,2.645669,47.0,-6.1666565,2024-06-02 00:00:00,-0.03628243,0.025495995,4332472.586781167,-468106.2447951276,0.0
697,3.819495,47.0,-6.1666565,2024-06-02 00:00:00,-0.034237485,0.02847608,4332472.586781167,-468106.2447951276,0.0
877,5.078224,47.0,-6.1666565,2024-06-02 00:00:00,-0.032114103,0.031221762,4332472.586781167,-468106.2447951276,0.0
1057,6.440614,47.0,-6.1666565,2024-06-02 00:00:00,-0.02990508,0.03372678,4332472.586781167,-468106.2447951276,0.0
1237,7.92956,47.0,-6.1666565,2024-06-02 00:00:00,-0.027587393,0.03598751,4332472.586781167,-468106.2447951276,0.0
1417,9.572997,47.0,-6.1666565,2024-06-02 00:00:00,-0.025097316,0.038011033,4332472.586781167,-468106.2447951276,0.0
1597,11.405,47.0,-6.1666565,2024-06-02 00:00:00,-0.022273611,0.039815128,4332472.586781167,-468106.2447951276,0.0
1777,13.46714,47.0,-6.1666565,2024-06-02 00:00:00,-0.018659145,0.041424323,4332472.586781167,-468106.2447951276,0.0
1957,15.81007,47.0,-6.1666565,2024-06-02 00:00:00,-0.01209847,0.04282108,4332472.586781167,-468106.2447951276,0.0
2137,18.49556,47.0,-6.1666565,2024-06-02 00:00:00,0.009485406,0.04080787,4332472.586781167,-468106.2447951276,0.0
2317,21.59882,47.0,-6.1666565,2024-06-02 00:00:00,0.05449773,0.02070416,4332472.586781167,-468106.2447951276,0.0
2497,25.21141,47.0,-6.1666565,2024-06-02 00:00:00,0.08315575,-0.006184185,4332472.586781167,-468106.2447951276,0.0
2677,29.44473,47.0,-6.1666565,2024-06-02 00:00:00,0.07984348,-0.025760056,4332472.586781167,-468106.2447951276,0.0
2857,34.43415,47.0,-6.1666565,2024-06-02 00:00:00,0.05109215,-0.05728525,4332472.586781167,-468106.2447951276,0.0
3037,40.34405,47.0,-6.1666565,2024-06-02 00:00:00,0.0120344665,-0.078071244,4332472.586781167,-468106.2447951276,0.0
3217,47.37369,47.0,-6.1666565,2024-06-02 00:00:00,-0.0048976033,-0.07919103,4332472.586781167,-468106.2447951276,0.0
3397,55.76429,47.0,-6.1666565,2024-06-02 00:00:00,0.0037700757,-0.07489044,4332472.586781167,-468106.2447951276,0.0
3577,65.80727,47.0,-6.1666565,2024-06-02 00:00:00,0.023051308,-0.067320645,4332472.586781167,-468106.2447951276,0.0
3757,77.85385,47.0,-6.1666565,2024-06-02 00:00:00,0.039455265,-0.06284573,4332472.586781167,-468106.2447951276,0.0
3937,92.32607,47.0,-6.1666565,2024-06-02 00:00:00,0.043460123,-0.055047408,4332472.586781167,-468106.2447951276,0.0
4117,109.7293,47.0,-6.1666565,2024-06-02 00:00:00,0.045206446,-0.045936298,4332472.586781167,-468106.2447951276,0.0
4297,130.666,47.0,-6.1666565,2024-06-02 00:00:00,0.047070514,-0.047601733,4332472.586781167,-468106.2447951276,0.0
4477,155.8507,47.0,-6.1666565,2024-06-02 00:00:00,0.068022,-0.0532194,4332472.586781167,-468106.2447951276,0.0
4657,186.1256,47.0,-6.1666565,2024-06-02 00:00:00,0.0821488,-0.05528631,4332472.586781167,-468106.2447951276,0.0
4837,222.4752,47.0,-6.1666565,2024-06-02 00:00:00,0.07305256,-0.06304233,4332472.586781167,-468106.2447951276,0.0
5017,266.0403,47.0,-6.1666565,2024-06-02 00:00:00,0.075010024,-0.06877945,4332472.586781167,-468106.2447951276,0.0
5197,318.1274,47.0,-6.1666565,2024-06-02 00:00:00,0.07800987,-0.07586233,4332472.586781167,-468106.2447951276,0.0
5377,380.213,47.0,-6.1666565,2024-06-02 00:00:00,0.08313099,-0.082009114,4332472.586781167,-468106.2447951276,0.0
5557,453.9377,47.0,-6.1666565,2024-06-02 00:00:00,0.09056249,-0.08801747,4332472.586781167,-468106.2447951276,0.0
5737,541.0889,47.0,-6.1666565,2024-06-02 00:00:00,0.09556094,-0.0765812,4332472.586781167,-468106.2447951276,0.0
5917,643.5668,47.0,-6.1666565,2024-06-02 00:00:00,0.09389223,-0.07114516,4332472.586781167,-468106.2447951276,0.0
6097,763.3331,47.0,-6.1666565,2024-06-02 00:00:00,0.09677065,-0.0782936,4332472.586781167,-468106.2447951276,0.0
6277,902.3393,47.0,-6.1666565,2024-06-02 00:00:00,0.09072045,-0.06008605,4332472.586781167,-468106.2447951276,0.0
166,0.494025,47.0,-6.0833282,2024-06-02 00:00:00,-0.08215493,0.05113257,4333148.796028124,-461804.81061430223,0.0
346,1.541375,47.0,-6.0833282,2024-06-02 00:00:00,-0.08030768,0.054575983,4333148.796028124,-461804.81061430223,0.0
526,2.645669,47.0,-6.0833282,2024-06-02 00:00:00,-0.07837308,0.057804286,4333148.796028124,-461804.81061430223,0.0
706,3.819495,47.0,-6.0833282,2024-06-02 00:00:00,-0.07635591,0.060807705,4333148.796028124,-461804.81061430223,0.0
886,5.078224,47.0,-6.0833282,2024-06-02 00:00:00,-0.0742555,0.06357863,4333148.796028124,-461804.81061430223,0.0
1066,6.440614,47.0,-6.0833282,2024-06-02 00:00:00,-0.07206438,0.06610964,4333148.796028124,-461804.81061430223,0.0
1246,7.92956,47.0,-6.0833282,2024-06-02 00:00:00,-0.069760785,0.0683931,4333148.796028124,-461804.81061430223,0.0
1426,9.572997,47.0,-6.0833282,2024-06-02 00:00:00,-0.06728796,0.07043722,4333148.796028124,-461804.81061430223,0.0
1606,11.405,47.0,-6.0833282,2024-06-02 00:00:00,-0.064496875,0.07225523,4333148.796028124,-461804.81061430223,0.0
1786,13.46714,47.0,-6.0833282,2024-06-02 00:00:00,-0.060991015,0.07386301,4333148.796028124,-461804.81061430223,0.0
1966,15.81007,47.0,-6.0833282,2024-06-02 00:00:00,-0.055057265,0.075268365,4333148.796028124,-461804.81061430223,0.0
2146,18.49556,47.0,-6.0833282,2024-06-02 00:00:00,-0.035934184,0.074581444,4333148.796028124,-461804.81061430223,0.0
2326,21.59882,47.0,-6.0833282,2024-06-02 00:00:00,0.005959102,0.060662046,4333148.796028124,-461804.81061430223,0.0
2506,25.21141,47.0,-6.0833282,2024-06-02 00:00:00,0.048840985,0.032109946,4333148.796028124,-461804.81061430223,0.0
2686,29.44473,47.0,-6.0833282,2024-06-02 00:00:00,0.047171596,0.01995503,4333148.796028124,-461804.81061430223,0.0
2866,34.43415,47.0,-6.0833282,2024-06-02 00:00:00,0.027294984,-0.002804273,4333148.796028124,-461804.81061430223,0.0
3046,40.34405,47.0,-6.0833282,2024-06-02 00:00:00,-0.00096138136,-0.026563633,4333148.796028124,-461804.81061430223,0.0
3226,47.37369,47.0,-6.0833282,2024-06-02 00:00:00,-0.01378133,-0.0401219,4333148.796028124,-461804.81061430223,0.0
3406,55.76429,47.0,-6.0833282,2024-06-02 00:00:00,-0.010546482,-0.046436727,4333148.796028124,-461804.81061430223,0.0
3586,65.80727,47.0,-6.0833282,2024-06-02 00:00:00,-0.0023256375,-0.047835264,4333148.796028124,-461804.81061430223,0.0
3766,77.85385,47.0,-6.0833282,2024-06-02 00:00:00,0.004506591,-0.049308054,4333148.796028124,-461804.81061430223,0.0
3946,92.32607,47.0,-6.0833282,2024-06-02 00:00:00,0.003806522,-0.0423039,4333148.796028124,-461804.81061430223,0.0
4126,109.7293,47.0,-6.0833282,2024-06-02 00:00:00,0.011420853,-0.03774832,4333148.796028124,-461804.81061430223,0.0
4306,130.666,47.0,-6.0833282,2024-06-02 00:00:00,0.019762456,-0.041277647,4333148.796028124,-461804.81061430223,0.0
4486,155.8507,47.0,-6.0833282,2024-06-02 00:00:00,0.041655235,-0.041367233,4333148.796028124,-461804.81061430223,0.0
4666,186.1256,47.0,-6.0833282,2024-06-02 00:00:00,0.054357167,-0.044418287,4333148.796028124,-461804.81061430223,0.0
4846,222.4752,47.0,-6.0833282,2024-06-02 00:00:00,0.055029582,-0.043400086,4333148.796028124,-461804.81061430223,0.0
5026,266.0403,47.0,-6.0833282,2024-06-02 00:00:00,0.054149114,-0.044344902,4333148.796028124,-461804.81061430223,0.0
5206,318.1274,47.0,-6.0833282,2024-06-02 00:00:00,0.058415093,-0.051243424,4333148.796028124,-461804.81061430223,0.0
5386,380.213,47.0,-6.0833282,2024-06-02 00:00:00,0.07033318,-0.06526328,4333148.796028124,-461804.81061430223,0.0
5566,453.9377,47.0,-6.0833282,2024-06-02 00:00:00,0.06608889,-0.07738234,4333148.796028124,-461804.81061430223,0.0
5746,541.0889,47.0,-6.0833282,2024-06-02 00:00:00,0.07431369,-0.07252147,4333148.796028124,-461804.81061430223,0.0
5926,643.5668,47.0,-6.0833282,2024-06-02 00:00:00,0.07095871,-0.05510904,4333148.796028124,-461804.81061430223,0.0
6106,763.3331,47.0,-6.0833282,2024-06-02 00:00:00,0.06849624,-0.05182953,4333148.796028124,-461804.81061430223,0.0
6286,902.3393,47.0,-6.0833282,2024-06-02 00:00:00,0.06807403,-0.03987753,4333148.796028124,-461804.81061430223,0.0
175,0.494025,47.0,-6.0,2024-06-02 00:00:00,-0.121537395,0.06241336,4333815.840058059,-455502.3996515776,0.0
355,1.541375,47.0,-6.0,2024-06-02 00:00:00,-0.1197078,0.06586148,4333815.840058059,-455502.3996515776,0.0
535,2.645669,47.0,-6.0,2024-06-02 00:00:00,-0.11779635,0.06909429,4333815.840058059,-455502.3996515776,0.0
715,3.819495,47.0,-6.0,2024-06-02 00:00:00,-0.11580762,0.07210361,4333815.840058059,-455502.3996515776,0.0
895,5.078224,47.0,-6.0,2024-06-02 00:00:00,-0.11373938,0.07488572,4333815.840058059,-455502.3996515776,0.0
1075,6.440614,47.0,-6.0,2024-06-02 00:00:00,-0.111582264,0.07743697,4333815.840058059,-455502.3996515776,0.0
1255,7.92956,47.0,-6.0,2024-06-02 00:00:00,-0.109313615,0.079750344,4333815.840058059,-455502.3996515776,0.0
1435,9.572997,47.0,-6.0,2024-06-02 00:00:00,-0.10687923,0.081836335,4333815.840058059,-455502.3996515776,0.0
1615,11.405,47.0,-6.0,2024-06-02 00:00:00,-0.104137495,0.083707266,4333815.840058059,-455502.3996515776,0.0
1795,13.46714,47.0,-6.0,2024-06-02 00:00:00,-0.10071014,0.085385725,4333815.840058059,-455502.3996515776,0.0
1975,15.81007,47.0,-6.0,2024-06-02 00:00:00,-0.09493018,0.08691617,4333815.840058059,-455502.3996515776,0.0
2155,18.49556,47.0,-6.0,2024-06-02 00:00:00,-0.07502994,0.08674963,4333815.840058059,-455502.3996515776,0.0
2335,21.59882,47.0,-6.0,2024-06-02 00:00:00,-0.027437458,0.07208022,4333815.840058059,-455502.3996515776,0.0
2515,25.21141,47.0,-6.0,2024-06-02 00:00:00,0.020706315,0.045906775,4333815.840058059,-455502.3996515776,0.0
2695,29.44473,47.0,-6.0,2024-06-02 00:00:00,0.018705744,0.042360313,4333815.840058059,-455502.3996515776,0.0
2875,34.43415,47.0,-6.0,2024-06-02 00:00:00,0.0048650983,0.03137982,4333815.840058059,-455502.3996515776,0.0
3055,40.34405,47.0,-6.0,2024-06-02 00:00:00,-0.014288704,0.019059286,4333815.840058059,-455502.3996515776,0.0
3235,47.37369,47.0,-6.0,2024-06-02 00:00:00,-0.02280802,0.0140817,4333815.840058059,-455502.3996515776,0.0
3415,55.76429,47.0,-6.0,2024-06-02 00:00:00,-0.026917804,0.011494059,4333815.840058059,-455502.3996515776,0.0
3595,65.80727,47.0,-6.0,2024-06-02 00:00:00,-0.031219719,0.007217898,4333815.840058059,-455502.3996515776,0.0
3775,77.85385,47.0,-6.0,2024-06-02 00:00:00,-0.03385545,-0.0031270273,4333815.840058059,-455502.3996515776,0.0
3955,92.32607,47.0,-6.0,2024-06-02 00:00:00,-0.038910963,-0.008353285,4333815.840058059,-455502.3996515776,0.0
4135,109.7293,47.0,-6.0,2024-06-02 00:00:00,-0.030303115,-0.01441519,4333815.840058059,-455502.3996515776,0.0
4315,130.666,47.0,-6.0,2024-06-02 00:00:00,-0.015235324,-0.025684254,4333815.840058059,-455502.3996515776,0.0
4495,155.8507,47.0,-6.0,2024-06-02 00:00:00,0.00512852,-0.021879723,4333815.840058059,-455502.3996515776,0.0
4675,186.1256,47.0,-6.0,2024-06-02 00:00:00,0.018201025,-0.019601885,4333815.840058059,-455502.3996515776,0.0
4855,222.4752,47.0,-6.0,2024-06-02 00:00:00,0.033856247,-0.024318848,4333815.840058059,-455502.3996515776,0.0
5035,266.0403,47.0,-6.0,2024-06-02 00:00:00,0.045423336,-0.04588251,4333815.840058059,-455502.3996515776,0.0
5215,318.1274,47.0,-6.0,2024-06-02 00:00:00,0.04262309,-0.052695215,4333815.840058059,-455502.3996515776,0.0
5395,380.213,47.0,-6.0,2024-06-02 00:00:00,0.03971848,-0.037393916,4333815.840058059,-455502.3996515776,0.0
5575,453.9377,47.0,-6.0,2024-06-02 00:00:00,0.02678726,-0.03999693,4333815.840058059,-455502.3996515776,0.0
5755,541.0889,47.0,-6.0,2024-06-02 00:00:00,0.042639427,-0.055449158,4333815.840058059,-455502.3996515776,0.0
5935,643.5668,47.0,-6.0,2024-06-02 00:00:00,0.05003761,-0.05198688,4333815.840058059,-455502.3996515776,0.0
6115,763.3331,47.0,-6.0,2024-06-02 00:00:00,0.048931353,-0.033204958,4333815.840058059,-455502.3996515776,0.0
6295,902.3393,47.0,-6.0,2024-06-02 00:00:00,0.052362096,-0.015607013,4333815.840058059,-455502.3996515776,0.0
5,0.494025,46.66667,-6.25,2024-06-02 06:00:00,0.059247028,0.046920244,4358653.3150161095,-477350.1729464703,0.0
185,1.541375,46.66667,-6.25,2024-06-02 06:00:00,0.06286814,0.049480587,4358653.3150161095,-477350.1729464703,0.0
365,2.645669,46.66667,-6.25,2024-06-02 06:00:00,0.06643421,0.051784318,4358653.3150161095,-477350.1729464703,0.0
545,3.819495,46.66667,-6.25,2024-06-02 06:00:00,0.06988491,0.05380394,4358653.3150161095,-477350.1729464703,0.0
725,5.078224,46.66667,-6.25,2024-06-02 06:00:00,0.07319868,0.05553955,4358653.3150161095,-477350.1729464703,0.0
905,6.440614,46.66667,-6.25,2024-06-02 06:00:00,0.07636601,0.056996796,4358653.3150161095,-477350.1729464703,0.0
1085,7.92956,46.66667,-6.25,2024-06-02 06:00:00,0.079377234,0.05817813,4358653.3150161095,-477350.1729464703,0.0
1265,9.572997,46.66667,-6.25,2024-06-02 06:00:00,0.0822202,0.05908017,4358653.3150161095,-477350.1729464703,0.0
1445,11.405,46.66667,-6.25,2024-06-02 06:00:00,0.084886685,0.059692167,4358653.3150161095,-477350.1729464703,0.0
1625,13.46714,46.66667,-6.25,2024-06-02 06:00:00,0.0874007,0.059987664,4358653.3150161095,-477350.1729464703,0.0
1805,15.81007,46.66667,-6.25,2024-06-02 06:00:00,0.08991396,0.05987647,4358653.3150161095,-477350.1729464703,0.0
1985,18.49556,46.66667,-6.25,2024-06-02 06:00:00,0.09355831,0.05873529,4358653.3150161095,-477350.1729464703,0.0
2165,21.59882,46.66667,-6.25,2024-06-02 06:00:00,0.11197516,0.046563342,4358653.3150161095,-477350.1729464703,0.0
2345,25.21141,46.66667,-6.25,2024-06-02 06:00:00,0.11080495,-0.024585191,4358653.3150161095,-477350.1729464703,0.0
2525,29.44473,46.66667,-6.25,2024-06-02 06:00:00,0.07532616,-0.03858684,4358653.3150161095,-477350.1729464703,0.0
2705,34.43415,46.66667,-6.25,2024-06-02 06:00:00,0.06928344,-0.017090814,4358653.3150161095,-477350.1729464703,0.0
2885,40.34405,46.66667,-6.25,2024-06-02 06:00:00,0.055376973,0.0014378654,4358653.3150161095,-477350.1729464703,0.0
3065,47.37369,46.66667,-6.25,2024-06-02 06:00:00,0.04868262,0.008427053,4358653.3150161095,-477350.1729464703,0.0
3245,55.76429,46.66667,-6.25,2024-06-02 06:00:00,0.038886014,0.0036604453,4358653.3150161095,-477350.1729464703,0.0
3425,65.80727,46.66667,-6.25,2024-06-02 06:00:00,0.029269015,0.0007833283,4358653.3150161095,-477350.1729464703,0.0
3605,77.85385,46.66667,-6.25,2024-06-02 06:00:00,0.027363485,-0.0005725258,4358653.3150161095,-477350.1729464703,0.0
3785,92.32607,46.66667,-6.25,2024-06-02 06:00:00,0.024058562,-0.008142322,4358653.3150161095,-477350.1729464703,0.0
3965,109.7293,46.66667,-6.25,2024-06-02 06:00:00,0.019425653,-0.02181387,4358653.3150161095,-477350.1729464703,0.0
4145,130.666,46.66667,-6.25,2024-06-02 06:00:00,0.017569464,-0.028637253,4358653.3150161095,-477350.1729464703,0.0
4325,155.8507,46.66667,-6.25,2024-06-02 06:00:00,0.009312384,-0.031914067,4358653.3150161095,-477350.1729464703,0.0
4505,186.1256,46.66667,-6.25,2024-06-02 06:00:00,-0.010508888,-0.023808498,4358653.3150161095,-477350.1729464703,0.0
4685,222.4752,46.66667,-6.25,2024-06-02 06:00:00,-0.025277082,-0.017464459,4358653.3150161095,-477350.1729464703,0.0
4865,266.0403,46.66667,-6.25,2024-06-02 06:00:00,-0.042637803,-0.014303613,4358653.3150161095,-477350.1729464703,0.0
5045,318.1274,46.66667,-6.25,2024-06-02 06:00:00,-0.048219733,-0.009485697,4358653.3150161095,-477350.1729464703,0.0
5225,380.213,46.66667,-6.25,2024-06-02 06:00:00,-0.058739815,-0.0036789917,4358653.3150161095,-477350.1729464703,0.0
5405,453.9377,46.66667,-6.25,2024-06-02 06:00:00,-0.051540606,-0.0022619136,4358653.3150161095,-477350.1729464703,0.0
5585,541.0889,46.66667,-6.25,2024-06-02 06:00:00,-0.03191079,-0.012810154,4358653.3150161095,-477350.1729464703,0.0
5765,643.5668,46.66667,-6.25,2024-06-02 06:00:00,-0.057336133,-0.021277841,4358653.3150161095,-477350.1729464703,0.0
5945,763.3331,46.66667,-6.25,2024-06-02 06:00:00,-0.056725174,-0.031870436,4358653.3150161095,-477350.1729464703,0.0
6125,902.3393,46.66667,-6.25,2024-06-02 06:00:00,-0.01840814,-0.06787767,4358653.3150161095,-477350.1729464703,0.0
14,0.494025,46.66667,-6.1666565,2024-06-02 06:00:00,0.10163409,0.038511075,4359343.065935845,-471009.49203812674,0.0
194,1.541375,46.66667,-6.1666565,2024-06-02 06:00:00,0.10527958,0.041088834,4359343.065935845,-471009.49203812674,0.0
374,2.645669,46.66667,-6.1666565,2024-06-02 06:00:00,0.10886912,0.043411937,4359343.065935845,-471009.49203812674,0.0
554,3.819495,46.66667,-6.1666565,2024-06-02 06:00:00,0.112341695,0.04545272,4359343.065935845,-471009.49203812674,0.0
734,5.078224,46.66667,-6.1666565,2024-06-02 06:00:00,0.115676954,0.0472126,4359343.065935845,-471009.49203812674,0.0
914,6.440614,46.66667,-6.1666565,2024-06-02 06:00:00,0.11886502,0.04869817,4359343.065935845,-471009.49203812674,0.0
1094,7.92956,46.66667,-6.1666565,2024-06-02 06:00:00,0.12189307,0.049912617,4359343.065935845,-471009.49203812674,0.0
1274,9.572997,46.66667,-6.1666565,2024-06-02 06:00:00,0.12474307,0.050854318,4359343.065935845,-471009.49203812674,0.0
1454,11.405,46.66667,-6.1666565,2024-06-02 06:00:00,0.12739734,0.05151728,4359343.065935845,-471009.49203812674,0.0
1634,13.46714,46.66667,-6.1666565,2024-06-02 06:00:00,0.129853,0.051887535,4359343.065935845,-471009.49203812674,0.0
1814,15.81007,46.66667,-6.1666565,2024-06-02 06:00:00,0.13216273,0.051917244,4359343.065935845,-471009.49203812674,0.0
1994,18.49556,46.66667,-6.1666565,2024-06-02 06:00:00,0.13464288,0.051313695,4359343.065935845,-471009.49203812674,0.0
2174,21.59882,46.66667,-6.1666565,2024-06-02 06:00:00,0.13968228,0.04426723,4359343.065935845,-471009.49203812674,0.0
2354,25.21141,46.66667,-6.1666565,2024-06-02 06:00:00,0.15064922,-0.033363193,4359343.065935845,-471009.49203812674,0.0
2534,29.44473,46.66667,-6.1666565,2024-06-02 06:00:00,0.12405177,-0.05320938,4359343.065935845,-471009.49203812674,0.0
2714,34.43415,46.66667,-6.1666565,2024-06-02 06:00:00,0.12020615,-0.042002175,4359343.065935845,-471009.49203812674,0.0
2894,40.34405,46.66667,-6.1666565,2024-06-02 06:00:00,0.11021415,-0.025702216,4359343.065935845,-471009.49203812674,0.0
3074,47.37369,46.66667,-6.1666565,2024-06-02 06:00:00,0.10558135,-0.01934253,4359343.065935845,-471009.49203812674,0.0
3254,55.76429,46.66667,-6.1666565,2024-06-02 06:00:00,0.09880095,-0.02410841,4359343.065935845,-471009.49203812674,0.0
3434,65.80727,46.66667,-6.1666565,2024-06-02 06:00:00,0.09030454,-0.027015837,4359343.065935845,-471009.49203812674,0.0
3614,77.85385,46.66667,-6.1666565,2024-06-02 06:00:00,0.08206691,-0.027294368,4359343.065935845,-471009.49203812674,0.0
3794,92.32607,46.66667,-6.1666565,2024-06-02 06:00:00,0.07287313,-0.03196918,4359343.065935845,-471009.49203812674,0.0
3974,109.7293,46.66667,-6.1666565,2024-06-02 06:00:00,0.06514968,-0.042768892,4359343.065935845,-471009.49203812674,0.0
4154,130.666,46.66667,-6.1666565,2024-06-02 06:00:00,0.052849855,-0.048087474,4359343.065935845,-471009.49203812674,0.0
4334,155.8507,46.66667,-6.1666565,2024-06-02 06:00:00,0.029161545,-0.045281105,4359343.065935845,-471009.49203812674,0.0
4514,186.1256,46.66667,-6.1666565,2024-06-02 06:00:00,-0.005043883,-0.03021592,4359343.065935845,-471009.49203812674,0.0
4694,222.4752,46.66667,-6.1666565,2024-06-02 06:00:00,-0.02497229,-0.018246379,4359343.065935845,-471009.49203812674,0.0
4874,266.0403,46.66667,-6.1666565,2024-06-02 06:00:00,-0.034971092,-0.01362287,4359343.065935845,-471009.49203812674,0.0
5054,318.1274,46.66667,-6.1666565,2024-06-02 06:00:00,-0.03990864,-0.009860479,4359343.065935845,-471009.49203812674,0.0
5234,380.213,46.66667,-6.1666565,2024-06-02 06:00:00,-0.042273123,-0.007275676,4359343.065935845,-471009.49203812674,0.0
5414,453.9377,46.66667,-6.1666565,2024-06-02 06:00:00,-0.03015177,-0.013420315,4359343.065935845,-471009.49203812674,0.0
5594,541.0889,46.66667,-6.1666565,2024-06-02 06:00:00,-0.022582881,-0.03148164,4359343.065935845,-471009.49203812674,0.0
5774,643.5668,46.66667,-6.1666565,2024-06-02 06:00:00,-0.025381576,-0.03983792,4359343.065935845,-471009.49203812674,0.0
5954,763.3331,46.66667,-6.1666565,2024-06-02 06:00:00,-0.01834454,-0.05235511,4359343.065935845,-471009.49203812674,0.0
6134,902.3393,46.66667,-6.1666565,2024-06-02 06:00:00,0.0032472247,-0.08784971,4359343.065935845,-471009.49203812674,0.0
23,0.494025,46.66667,-6.0833282,2024-06-02 06:00:00,0.13017872,0.016564991,4360023.469108121,-464668.9756583009,0.0
203,1.541375,46.66667,-6.0833282,2024-06-02 06:00:00,0.13385004,0.019149937,4360023.469108121,-464668.9756583009,0.0
383,2.645669,46.66667,-6.0833282,2024-06-02 06:00:00,0.13747108,0.021480098,4360023.469108121,-464668.9756583009,0.0
563,3.819495,46.66667,-6.0833282,2024-06-02 06:00:00,0.14098068,0.023527455,4360023.469108121,-464668.9756583009,0.0
743,5.078224,46.66667,-6.0833282,2024-06-02 06:00:00,0.1443601,0.025293816,4360023.469108121,-464668.9756583009,0.0
923,6.440614,46.66667,-6.0833282,2024-06-02 06:00:00,0.14760035,0.026785173,4360023.469108121,-464668.9756583009,0.0
1103,7.92956,46.66667,-6.0833282,2024-06-02 06:00:00,0.15068734,0.028002933,4360023.469108121,-464668.9756583009,0.0
1283,9.572997,46.66667,-6.0833282,2024-06-02 06:00:00,0.1535996,0.028943146,4360023.469108121,-464668.9756583009,0.0
1463,11.405,46.66667,-6.0833282,2024-06-02 06:00:00,0.15631457,0.029597756,4360023.469108121,-464668.9756583009,0.0
1643,13.46714,46.66667,-6.0833282,2024-06-02 06:00:00,0.15882279,0.029951602,4360023.469108121,-464668.9756583009,0.0
1823,15.81007,46.66667,-6.0833282,2024-06-02 06:00:00,0.16116382,0.029958213,4360023.469108121,-464668.9756583009,0.0
2003,18.49556,46.66667,-6.0833282,2024-06-02 06:00:00,0.16358095,0.0293699,4360023.469108121,-464668.9756583009,0.0
2183,21.59882,46.66667,-6.0833282,2024-06-02 06:00:00,0.16809556,0.02477745,4360023.469108121,-464668.9756583009,0.0
2363,25.21141,46.66667,-6.0833282,2024-06-02 06:00:00,0.18142472,-0.049920283,4360023.469108121,-464668.9756583009,0.0
2543,29.44473,46.66667,-6.0833282,2024-06-02 06:00:00,0.16238825,-0.073726766,4360023.469108121,-464668.9756583009,0.0
2723,34.43415,46.66667,-6.0833282,2024-06-02 06:00:00,0.15787834,-0.07054518,4360023.469108121,-464668.9756583009,0.0
2903,40.34405,46.66667,-6.0833282,2024-06-02 06:00:00,0.15502039,-0.059568223,4360023.469108121,-464668.9756583009,0.0
3083,47.37369,46.66667,-6.0833282,2024-06-02 06:00:00,0.1553492,-0.057001173,4360023.469108121,-464668.9756583009,0.0
3263,55.76429,46.66667,-6.0833282,2024-06-02 06:00:00,0.15373898,-0.06498682,4360023.469108121,-464668.9756583009,0.0
3443,65.80727,46.66667,-6.0833282,2024-06-02 06:00:00,0.14749362,-0.07111385,4360023.469108121,-464668.9756583009,0.0
3623,77.85385,46.66667,-6.0833282,2024-06-02 06:00:00,0.13652734,-0.07317469,4360023.469108121,-464668.9756583009,0.0
3803,92.32607,46.66667,-6.0833282,2024-06-02 06:00:00,0.123679236,-0.0751222,4360023.469108121,-464668.9756583009,0.0
3983,109.7293,46.66667,-6.0833282,2024-06-02 06:00:00,0.11511523,-0.08076832,4360023.469108121,-464668.9756583009,0.0
4163,130.666,46.66667,-6.0833282,2024-06-02 06:00:00,0.097512946,-0.080215566,4360023.469108121,-464668.9756583009,0.0
4343,155.8507,46.66667,-6.0833282,2024-06-02 06:00:00,0.064484954,-0.06935516,4360023.469108121,-464668.9756583009,0.0
4523,186.1256,46.66667,-6.0833282,2024-06-02 06:00:00,0.02850915,-0.05179806,4360023.469108121,-464668.9756583009,0.0
4703,222.4752,46.66667,-6.0833282,2024-06-02 06:00:00,0.006880463,-0.038264263,4360023.469108121,-464668.9756583009,0.0
4883,266.0403,46.66667,-6.0833282,2024-06-02 06:00:00,-0.0046426808,-0.028195633,4360023.469108121,-464668.9756583009,0.0
5063,318.1274,46.66667,-6.0833282,2024-06-02 06:00:00,-0.00731895,-0.025024407,4360023.469108121,-464668.9756583009,0.0
5243,380.213,46.66667,-6.0833282,2024-06-02 06:00:00,-0.008026559,-0.031219171,4360023.469108121,-464668.9756583009,0.0
5423,453.9377,46.66667,-6.0833282,2024-06-02 06:00:00,-0.010227843,-0.03350522,4360023.469108121,-464668.9756583009,0.0
5603,541.0889,46.66667,-6.0833282,2024-06-02 06:00:00,-0.005487044,-0.04418593,4360023.469108121,-464668.9756583009,0.0
5783,643.5668,46.66667,-6.0833282,2024-06-02 06:00:00,0.0046112062,-0.050891664,4360023.469108121,-464668.9756583009,0.0
5963,763.3331,46.66667,-6.0833282,2024-06-02 06:00:00,0.017932374,-0.06678581,4360023.469108121,-464668.9756583009,0.0
6143,902.3393,46.66667,-6.0833282,2024-06-02 06:00:00,0.035985567,-0.107049316,4360023.469108121,-464668.9756583009,0.0
32,0.494025,46.66667,-6.0,2024-06-02 06:00:00,0.14746292,-0.0074942852,4360694.650219674,-458327.4764384654,0.0
212,1.541375,46.66667,-6.0,2024-06-02 06:00:00,0.15115625,-0.0049063787,4360694.650219674,-458327.4764384654,0.0
392,2.645669,46.66667,-6.0,2024-06-02 06:00:00,0.1548083,-0.002579811,4360694.650219674,-458327.4764384654,0.0
572,3.819495,46.66667,-6.0,2024-06-02 06:00:00,0.15835887,-0.00054288283,4360694.650219674,-458327.4764384654,0.0
752,5.078224,46.66667,-6.0,2024-06-02 06:00:00,0.1617933,0.0012067538,4360694.650219674,-458327.4764384654,0.0
932,6.440614,46.66667,-6.0,2024-06-02 06:00:00,0.16510797,0.002674819,4360694.650219674,-458327.4764384654,0.0
1112,7.92956,46.66667,-6.0,2024-06-02 06:00:00,0.16829556,0.0038606739,4360694.650219674,-458327.4764384654,0.0
1292,9.572997,46.66667,-6.0,2024-06-02 06:00:00,0.17134364,0.0047558052,4360694.650219674,-458327.4764384654,0.0
1472,11.405,46.66667,-6.0,2024-06-02 06:00:00,0.17424479,0.0053433757,4360694.650219674,-458327.4764384654,0.0
1652,13.46714,46.66667,-6.0,2024-06-02 06:00:00,0.1770259,0.0055882465,4360694.650219674,-458327.4764384654,0.0
1832,15.81007,46.66667,-6.0,2024-06-02 06:00:00,0.1798466,0.0053749317,4360694.650219674,-458327.4764384654,0.0
2012,18.49556,46.66667,-6.0,2024-06-02 06:00:00,0.18363145,0.0039166724,4360694.650219674,-458327.4764384654,0.0
2192,21.59882,46.66667,-6.0,2024-06-02 06:00:00,0.19633633,-0.009208702,4360694.650219674,-458327.4764384654,0.0
2372,25.21141,46.66667,-6.0,2024-06-02 06:00:00,0.19702047,-0.08252078,4360694.650219674,-458327.4764384654,0.0
2552,29.44473,46.66667,-6.0,2024-06-02 06:00:00,0.17614056,-0.09325882,4360694.650219674,-458327.4764384654,0.0
2732,34.43415,46.66667,-6.0,2024-06-02 06:00:00,0.17567982,-0.08847946,4360694.650219674,-458327.4764384654,0.0
2912,40.34405,46.66667,-6.0,2024-06-02 06:00:00,0.1796583,-0.083005436,4360694.650219674,-458327.4764384654,0.0
3092,47.37369,46.66667,-6.0,2024-06-02 06:00:00,0.18173508,-0.08497794,4360694.650219674,-458327.4764384654,0.0
3272,55.76429,46.66667,-6.0,2024-06-02 06:00:00,0.17752379,-0.094436325,4360694.650219674,-458327.4764384654,0.0
3452,65.80727,46.66667,-6.0,2024-06-02 06:00:00,0.16666353,-0.101069115,4360694.650219674,-458327.4764384654,0.0
3632,77.85385,46.66667,-6.0,2024-06-02 06:00:00,0.15191938,-0.10553594,4360694.650219674,-458327.4764384654,0.0
3812,92.32607,46.66667,-6.0,2024-06-02 06:00:00,0.13710462,-0.10780124,4360694.650219674,-458327.4764384654,0.0
3992,109.7293,46.66667,-6.0,2024-06-02 06:00:00,0.12938546,-0.11050199,4360694.650219674,-458327.4764384654,0.0
4172,130.666,46.66667,-6.0,2024-06-02 06:00:00,0.11610937,-0.10638793,4360694.650219674,-458327.4764384654,0.0
4352,155.8507,46.66667,-6.0,2024-06-02 06:00:00,0.09248025,-0.09221373,4360694.650219674,-458327.4764384654,0.0
4532,186.1256,46.66667,-6.0,2024-06-02 06:00:00,0.06668641,-0.08005583,4360694.650219674,-458327.4764384654,0.0
4712,222.4752,46.66667,-6.0,2024-06-02 06:00:00,0.0496887,-0.06986525,4360694.650219674,-458327.4764384654,0.0
4892,266.0403,46.66667,-6.0,2024-06-02 06:00:00,0.038209047,-0.060538955,4360694.650219674,-458327.4764384654,0.0
5072,318.1274,46.66667,-6.0,2024-06-02 06:00:00,0.030589493,-0.053950407,4360694.650219674,-458327.4764384654,0.0
5252,380.213,46.66667,-6.0,2024-06-02 06:00:00,0.026181325,-0.05758869,4360694.650219674,-458327.4764384654,0.0
5432,453.9377,46.66667,-6.0,2024-06-02 06:00:00,0.02163393,-0.056115046,4360694.650219674,-458327.4764384654,0.0
5612,541.0889,46.66667,-6.0,2024-06-02 06:00:00,0.017994484,-0.05719539,4360694.650219674,-458327.4764384654,0.0
5792,643.5668,46.66667,-6.0,2024-06-02 06:00:00,0.02364753,-0.06329075,4360694.650219674,-458327.4764384654,0.0
5972,763.3331,46.66667,-6.0,2024-06-02 06:00:00,0.0454237,-0.07662652,4360694.650219674,-458327.4764384654,0.0
6152,902.3393,46.66667,-6.0,2024-06-02 06:00:00,0.05522587,-0.10815094,4360694.650219674,-458327.4764384654,0.0
41,0.494025,46.75,-6.25,2024-06-02 06:00:00,0.12488182,-0.003920368,4351950.96357759,-476616.1460837916,0.0
221,1.541375,46.75,-6.25,2024-06-02 06:00:00,0.12848137,-0.0012218594,4351950.96357759,-476616.1460837916,0.0
401,2.645669,46.75,-6.25,2024-06-02 06:00:00,0.13205351,0.0012038704,4351950.96357759,-476616.1460837916,0.0
581,3.819495,46.75,-6.25,2024-06-02 06:00:00,0.13553487,0.0033230241,4351950.96357759,-476616.1460837916,0.0
761,5.078224,46.75,-6.25,2024-06-02 06:00:00,0.13890328,0.0051323753,4351950.96357759,-476616.1460837916,0.0
941,6.440614,46.75,-6.25,2024-06-02 06:00:00,0.14215107,0.0066349013,4351950.96357759,-476616.1460837916,0.0
1121,7.92956,46.75,-6.25,2024-06-02 06:00:00,0.14527321,0.007829675,4351950.96357759,-476616.1460837916,0.0
1301,9.572997,46.75,-6.25,2024-06-02 06:00:00,0.14826587,0.008708248,4351950.96357759,-476616.1460837916,0.0
1481,11.405,46.75,-6.25,2024-06-02 06:00:00,0.15113828,0.009251319,4351950.96357759,-476616.1460837916,0.0
1661,13.46714,46.75,-6.25,2024-06-02 06:00:00,0.15393633,0.009411275,4351950.96357759,-476616.1460837916,0.0
1841,15.81007,46.75,-6.25,2024-06-02 06:00:00,0.15694426,0.009028218,4351950.96357759,-476616.1460837916,0.0
2021,18.49556,46.75,-6.25,2024-06-02 06:00:00,0.16174819,0.0069554076,4351950.96357759,-476616.1460837916,0.0
2201,21.59882,46.75,-6.25,2024-06-02 06:00:00,0.17544042,-0.008816687,4351950.96357759,-476616.1460837916,0.0
2381,25.21141,46.75,-6.25,2024-06-02 06:00:00,0.14320683,-0.091328815,4351950.96357759,-476616.1460837916,0.0
2561,29.44473,46.75,-6.25,2024-06-02 06:00:00,0.13375153,-0.08330375,4351950.96357759,-476616.1460837916,0.0
2741,34.43415,46.75,-6.25,2024-06-02 06:00:00,0.12930518,-0.06415433,4351950.96357759,-476616.1460837916,0.0
2921,40.34405,46.75,-6.25,2024-06-02 06:00:00,0.122969605,-0.04970995,4351950.96357759,-476616.1460837916,0.0
3101,47.37369,46.75,-6.25,2024-06-02 06:00:00,0.12030973,-0.049515344,4351950.96357759,-476616.1460837916,0.0
3281,55.76429,46.75,-6.25,2024-06-02 06:00:00,0.11834811,-0.058056016,4351950.96357759,-476616.1460837916,0.0
3461,65.80727,46.75,-6.25,2024-06-02 06:00:00,0.10895796,-0.06472883,4351950.96357759,-476616.1460837916,0.0
3641,77.85385,46.75,-6.25,2024-06-02 06:00:00,0.091910265,-0.06254538,4351950.96357759,-476616.1460837916,0.0
3821,92.32607,46.75,-6.25,2024-06-02 06:00:00,0.07896137,-0.055845425,4351950.96357759,-476616.1460837916,0.0
4001,109.7293,46.75,-6.25,2024-06-02 06:00:00,0.075256154,-0.059214614,4351950.96357759,-476616.1460837916,0.0
4181,130.666,46.75,-6.25,2024-06-02 06:00:00,0.07010877,-0.058722194,4351950.96357759,-476616.1460837916,0.0
4361,155.8507,46.75,-6.25,2024-06-02 06:00:00,0.05155876,-0.060175497,4351950.96357759,-476616.1460837916,0.0
4541,186.1256,46.75,-6.25,2024-06-02 06:00:00,0.02799124,-0.06690996,4351950.96357759,-476616.1460837916,0.0
4721,222.4752,46.75,-6.25,2024-06-02 06:00:00,0.008927609,-0.06599749,4351950.96357759,-476616.1460837916,0.0
4901,266.0403,46.75,-6.25,2024-06-02 06:00:00,-0.0056880116,-0.06316526,4351950.96357759,-476616.1460837916,0.0
5081,318.1274,46.75,-6.25,2024-06-02 06:00:00,-0.016219059,-0.056682773,4351950.96357759,-476616.1460837916,0.0
5261,380.213,46.75,-6.25,2024-06-02 06:00:00,-0.019548206,-0.04490595,4351950.96357759,-476616.1460837916,0.0
5441,453.9377,46.75,-6.25,2024-06-02 06:00:00,-0.006313775,-0.04321483,4351950.96357759,-476616.1460837916,0.0
5621,541.0889,46.75,-6.25,2024-06-02 06:00:00,0.0013014281,-0.045466114,4351950.96357759,-476616.1460837916,0.0
5801,643.5668,46.75,-6.25,2024-06-02 06:00:00,-0.010029645,-0.04917055,4351950.96357759,-476616.1460837916,0.0
5981,763.3331,46.75,-6.25,2024-06-02 06:00:00,-0.0015414893,-0.06876277,4351950.96357759,-476616.1460837916,0.0
6161,902.3393,46.75,-6.25,2024-06-02 06:00:00,-0.00063352054,-0.102370024,4351950.96357759,-476616.1460837916,0.0
50,0.494025,46.75,-6.1666565,2024-06-02 06:00:00,0.14931285,-0.017199868,4352639.653859386,-470285.21531356085,0.0
230,1.541375,46.75,-6.1666565,2024-06-02 06:00:00,0.1529253,-0.014487009,4352639.653859386,-470285.21531356085,0.0
410,2.645669,46.75,-6.1666565,2024-06-02 06:00:00,0.15652081,-0.012046513,4352639.653859386,-470285.21531356085,0.0
590,3.819495,46.75,-6.1666565,2024-06-02 06:00:00,0.16003585,-0.009912858,4352639.653859386,-470285.21531356085,0.0
770,5.078224,46.75,-6.1666565,2024-06-02 06:00:00,0.16345033,-0.008088998,4352639.653859386,-470285.21531356085,0.0
950,6.440614,46.75,-6.1666565,2024-06-02 06:00:00,0.16675931,-0.006572393,4352639.653859386,-470285.21531356085,0.0
1130,7.92956,46.75,-6.1666565,2024-06-02 06:00:00,0.16996035,-0.005365712,4352639.653859386,-470285.21531356085,0.0
1310,9.572997,46.75,-6.1666565,2024-06-02 06:00:00,0.17305307,-0.0044805896,4352639.653859386,-470285.21531356085,0.0
1490,11.405,46.75,-6.1666565,2024-06-02 06:00:00,0.17605396,-0.0039416524,4352639.653859386,-470285.21531356085,0.0
1670,13.46714,46.75,-6.1666565,2024-06-02 06:00:00,0.17903371,-0.003806349,4352639.653859386,-470285.21531356085,0.0
1850,15.81007,46.75,-6.1666565,2024-06-02 06:00:00,0.18234597,-0.0042699836,4352639.653859386,-470285.21531356085,0.0
2030,18.49556,46.75,-6.1666565,2024-06-02 06:00:00,0.18804665,-0.0066213254,4352639.653859386,-470285.21531356085,0.0
2210,21.59882,46.75,-6.1666565,2024-06-02 06:00:00,0.20209809,-0.02155579,4352639.653859386,-470285.21531356085,0.0
2390,25.21141,46.75,-6.1666565,2024-06-02 06:00:00,0.16912124,-0.10632263,4352639.653859386,-470285.21531356085,0.0
2570,29.44473,46.75,-6.1666565,2024-06-02 06:00:00,0.15716216,-0.09591487,4352639.653859386,-470285.21531356085,0.0
2750,34.43415,46.75,-6.1666565,2024-06-02 06:00:00,0.1563018,-0.0753111,4352639.653859386,-470285.21531356085,0.0
2930,40.34405,46.75,-6.1666565,2024-06-02 06:00:00,0.15625735,-0.06143274,4352639.653859386,-470285.21531356085,0.0
3110,47.37369,46.75,-6.1666565,2024-06-02 06:00:00,0.15702276,-0.0644619,4352639.653859386,-470285.21531356085,0.0
3290,55.76429,46.75,-6.1666565,2024-06-02 06:00:00,0.15512605,-0.07595065,4352639.653859386,-470285.21531356085,0.0
3470,65.80727,46.75,-6.1666565,2024-06-02 06:00:00,0.14509653,-0.08054881,4352639.653859386,-470285.21531356085,0.0
3650,77.85385,46.75,-6.1666565,2024-06-02 06:00:00,0.12756366,-0.077590466,4352639.653859386,-470285.21531356085,0.0
3830,92.32607,46.75,-6.1666565,2024-06-02 06:00:00,0.111877985,-0.072832406,4352639.653859386,-470285.21531356085,0.0
4010,109.7293,46.75,-6.1666565,2024-06-02 06:00:00,0.1069787,-0.077126205,4352639.653859386,-470285.21531356085,0.0
4190,130.666,46.75,-6.1666565,2024-06-02 06:00:00,0.103209436,-0.07629665,4352639.653859386,-470285.21531356085,0.0
4370,155.8507,46.75,-6.1666565,2024-06-02 06:00:00,0.08871635,-0.07320477,4352639.653859386,-470285.21531356085,0.0
4550,186.1256,46.75,-6.1666565,2024-06-02 06:00:00,0.06825072,-0.076988295,4352639.653859386,-470285.21531356085,0.0
4730,222.4752,46.75,-6.1666565,2024-06-02 06:00:00,0.050386723,-0.07302016,4352639.653859386,-470285.21531356085,0.0
4910,266.0403,46.75,-6.1666565,2024-06-02 06:00:00,0.03163697,-0.06231338,4352639.653859386,-470285.21531356085,0.0
5090,318.1274,46.75,-6.1666565,2024-06-02 06:00:00,0.017945271,-0.061986648,4352639.653859386,-470285.21531356085,0.0
5270,380.213,46.75,-6.1666565,2024-06-02 06:00:00,0.017633615,-0.057958566,4352639.653859386,-470285.21531356085,0.0
5450,453.9377,46.75,-6.1666565,2024-06-02 06:00:00,0.019514015,-0.058273155,4352639.653859386,-470285.21531356085,0.0
5630,541.0889,46.75,-6.1666565,2024-06-02 06:00:00,0.01785457,-0.068439975,4352639.653859386,-470285.21531356085,0.0
5810,643.5668,46.75,-6.1666565,2024-06-02 06:00:00,0.012137104,-0.08192964,4352639.653859386,-470285.21531356085,0.0
5990,763.3331,46.75,-6.1666565,2024-06-02 06:00:00,0.018768664,-0.09899903,4352639.653859386,-470285.21531356085,0.0
6170,902.3393,46.75,-6.1666565,2024-06-02 06:00:00,0.023616374,-0.11721385,4352639.653859386,-470285.21531356085,0.0
59,0.494025,46.75,-6.0833282,2024-06-02 06:00:00,0.1566766,-0.030333888,4353319.010767862,-463954.44881885045,0.0
239,1.541375,46.75,-6.0833282,2024-06-02 06:00:00,0.16030073,-0.027619116,4353319.010767862,-463954.44881885045,0.0
419,2.645669,46.75,-6.0833282,2024-06-02 06:00:00,0.16392139,-0.025177721,4353319.010767862,-463954.44881885045,0.0
599,3.819495,46.75,-6.0833282,2024-06-02 06:00:00,0.16747548,-0.023044521,4353319.010767862,-463954.44881885045,0.0
779,5.078224,46.75,-6.0833282,2024-06-02 06:00:00,0.17094564,-0.021222137,4353319.010767862,-463954.44881885045,0.0
959,6.440614,46.75,-6.0833282,2024-06-02 06:00:00,0.1743304,-0.019708782,4353319.010767862,-463954.44881885045,0.0
1139,7.92956,46.75,-6.0833282,2024-06-02 06:00:00,0.17763071,-0.01850957,4353319.010767862,-463954.44881885045,0.0
1319,9.572997,46.75,-6.0833282,2024-06-02 06:00:00,0.18085071,-0.01764037,4353319.010767862,-463954.44881885045,0.0
1499,11.405,46.75,-6.0833282,2024-06-02 06:00:00,0.18401594,-0.01713253,4353319.010767862,-463954.44881885045,0.0
1679,13.46714,46.75,-6.0833282,2024-06-02 06:00:00,0.18722701,-0.017055724,4353319.010767862,-463954.44881885045,0.0
1859,15.81007,46.75,-6.0833282,2024-06-02 06:00:00,0.19092348,-0.017639201,4353319.010767862,-463954.44881885045,0.0
2039,18.49556,46.75,-6.0833282,2024-06-02 06:00:00,0.19741315,-0.020200979,4353319.010767862,-463954.44881885045,0.0
2219,21.59882,46.75,-6.0833282,2024-06-02 06:00:00,0.21202508,-0.032134358,4353319.010767862,-463954.44881885045,0.0
2399,25.21141,46.75,-6.0833282,2024-06-02 06:00:00,0.17914099,-0.119601,4353319.010767862,-463954.44881885045,0.0
2579,29.44473,46.75,-6.0833282,2024-06-02 06:00:00,0.16678609,-0.10926632,4353319.010767862,-463954.44881885045,0.0
2759,34.43415,46.75,-6.0833282,2024-06-02 06:00:00,0.16883983,-0.089882635,4353319.010767862,-463954.44881885045,0.0
2939,40.34405,46.75,-6.0833282,2024-06-02 06:00:00,0.17172238,-0.07595788,4353319.010767862,-463954.44881885045,0.0
3119,47.37369,46.75,-6.0833282,2024-06-02 06:00:00,0.17284077,-0.077268414,4353319.010767862,-463954.44881885045,0.0
3299,55.76429,46.75,-6.0833282,2024-06-02 06:00:00,0.16842774,-0.08735996,4353319.010767862,-463954.44881885045,0.0
3479,65.80727,46.75,-6.0833282,2024-06-02 06:00:00,0.15588503,-0.09131493,4353319.010767862,-463954.44881885045,0.0
3659,77.85385,46.75,-6.0833282,2024-06-02 06:00:00,0.13780737,-0.09185463,4353319.010767862,-463954.44881885045,0.0
3839,92.32607,46.75,-6.0833282,2024-06-02 06:00:00,0.12120371,-0.09127999,4353319.010767862,-463954.44881885045,0.0
4019,109.7293,46.75,-6.0833282,2024-06-02 06:00:00,0.11904446,-0.09605069,4353319.010767862,-463954.44881885045,0.0
4199,130.666,46.75,-6.0833282,2024-06-02 06:00:00,0.123330064,-0.09650859,4353319.010767862,-463954.44881885045,0.0
4379,155.8507,46.75,-6.0833282,2024-06-02 06:00:00,0.11416429,-0.094043404,4353319.010767862,-463954.44881885045,0.0
4559,186.1256,46.75,-6.0833282,2024-06-02 06:00:00,0.09987461,-0.09774931,4353319.010767862,-463954.44881885045,0.0
4739,222.4752,46.75,-6.0833282,2024-06-02 06:00:00,0.0851506,-0.08942644,4353319.010767862,-463954.44881885045,0.0
4919,266.0403,46.75,-6.0833282,2024-06-02 06:00:00,0.06833802,-0.07675556,4353319.010767862,-463954.44881885045,0.0
5099,318.1274,46.75,-6.0833282,2024-06-02 06:00:00,0.055138502,-0.07561159,4353319.010767862,-463954.44881885045,0.0
5279,380.213,46.75,-6.0833282,2024-06-02 06:00:00,0.04905837,-0.07283145,4353319.010767862,-463954.44881885045,0.0
5459,453.9377,46.75,-6.0833282,2024-06-02 06:00:00,0.04629468,-0.07450712,4353319.010767862,-463954.44881885045,0.0
5639,541.0889,46.75,-6.0833282,2024-06-02 06:00:00,0.031180479,-0.08197857,4353319.010767862,-463954.44881885045,0.0
5819,643.5668,46.75,-6.0833282,2024-06-02 06:00:00,0.026300618,-0.09149001,4353319.010767862,-463954.44881885045,0.0
5999,763.3331,46.75,-6.0833282,2024-06-02 06:00:00,0.033280715,-0.10217108,4353319.010767862,-463954.44881885045,0.0
6179,902.3393,46.75,-6.0833282,2024-06-02 06:00:00,0.024988927,-0.11683324,4353319.010767862,-463954.44881885045,0.0
68,0.494025,46.75,-6.0,2024-06-02 06:00:00,0.15575293,-0.041309766,4353989.159796485,-457622.70099545474,0.0
248,1.541375,46.75,-6.0,2024-06-02 06:00:00,0.15938656,-0.038584657,4353989.159796485,-457622.70099545474,0.0
428,2.645669,46.75,-6.0,2024-06-02 06:00:00,0.16303128,-0.03612786,4353989.159796485,-457622.70099545474,0.0
608,3.819495,46.75,-6.0,2024-06-02 06:00:00,0.16662416,-0.033973783,4353989.159796485,-457622.70099545474,0.0
788,5.078224,46.75,-6.0,2024-06-02 06:00:00,0.17015101,-0.03212358,4353989.159796485,-457622.70099545474,0.0
968,6.440614,46.75,-6.0,2024-06-02 06:00:00,0.1736157,-0.030574556,4353989.159796485,-457622.70099545474,0.0
1148,7.92956,46.75,-6.0,2024-06-02 06:00:00,0.17702642,-0.029332075,4353989.159796485,-457622.70099545474,0.0
1328,9.572997,46.75,-6.0,2024-06-02 06:00:00,0.18039802,-0.028413579,4353989.159796485,-457622.70099545474,0.0
1508,11.405,46.75,-6.0,2024-06-02 06:00:00,0.18376891,-0.027854137,4353989.159796485,-457622.70099545474,0.0
1688,13.46714,46.75,-6.0,2024-06-02 06:00:00,0.187311,-0.02773187,4353989.159796485,-457622.70099545474,0.0
1868,15.81007,46.75,-6.0,2024-06-02 06:00:00,0.191643,-0.0283229,4353989.159796485,-457622.70099545474,0.0
2048,18.49556,46.75,-6.0,2024-06-02 06:00:00,0.19977295,-0.031487167,4353989.159796485,-457622.70099545474,0.0
2228,21.59882,46.75,-6.0,2024-06-02 06:00:00,0.21637712,-0.04725202,4353989.159796485,-457622.70099545474,0.0
2408,25.21141,46.75,-6.0,2024-06-02 06:00:00,0.18194157,-0.13192828,4353989.159796485,-457622.70099545474,0.0
2588,29.44473,46.75,-6.0,2024-06-02 06:00:00,0.173065,-0.121800184,4353989.159796485,-457622.70099545474,0.0
2768,34.43415,46.75,-6.0,2024-06-02 06:00:00,0.17393962,-0.10210763,4353989.159796485,-457622.70099545474,0.0
2948,40.34405,46.75,-6.0,2024-06-02 06:00:00,0.17551854,-0.086038105,4353989.159796485,-457622.70099545474,0.0
3128,47.37369,46.75,-6.0,2024-06-02 06:00:00,0.17613074,-0.08386457,4353989.159796485,-457622.70099545474,0.0
3308,55.76429,46.75,-6.0,2024-06-02 06:00:00,0.1696635,-0.091605745,4353989.159796485,-457622.70099545474,0.0
3488,65.80727,46.75,-6.0,2024-06-02 06:00:00,0.15532279,-0.09693157,4353989.159796485,-457622.70099545474,0.0
3668,77.85385,46.75,-6.0,2024-06-02 06:00:00,0.13980815,-0.10235676,4353989.159796485,-457622.70099545474,0.0
3848,92.32607,46.75,-6.0,2024-06-02 06:00:00,0.12816933,-0.10704186,4353989.159796485,-457622.70099545474,0.0
4028,109.7293,46.75,-6.0,2024-06-02 06:00:00,0.128648,-0.11157983,4353989.159796485,-457622.70099545474,0.0
4208,130.666,46.75,-6.0,2024-06-02 06:00:00,0.13648327,-0.111533016,4353989.159796485,-457622.70099545474,0.0
4388,155.8507,46.75,-6.0,2024-06-02 06:00:00,0.12798226,-0.109957084,4353989.159796485,-457622.70099545474,0.0
4568,186.1256,46.75,-6.0,2024-06-02 06:00:00,0.11474278,-0.11552293,4353989.159796485,-457622.70099545474,0.0
4748,222.4752,46.75,-6.0,2024-06-02 06:00:00,0.101469174,-0.105927825,4353989.159796485,-457622.70099545474,0.0
4928,266.0403,46.75,-6.0,2024-06-02 06:00:00,0.09314864,-0.0943931,4353989.159796485,-457622.70099545474,0.0
5108,318.1274,46.75,-6.0,2024-06-02 06:00:00,0.08065584,-0.0879561,4353989.159796485,-457622.70099545474,0.0
5288,380.213,46.75,-6.0,2024-06-02 06:00:00,0.072993696,-0.084696636,4353989.159796485,-457622.70099545474,0.0
5468,453.9377,46.75,-6.0,2024-06-02 06:00:00,0.07151844,-0.09117389,4353989.159796485,-457622.70099545474,0.0
5648,541.0889,46.75,-6.0,2024-06-02 06:00:00,0.043835226,-0.09824083,4353989.159796485,-457622.70099545474,0.0
5828,643.5668,46.75,-6.0,2024-06-02 06:00:00,0.03201259,-0.0932437,4353989.159796485,-457622.70099545474,0.0
6008,763.3331,46.75,-6.0,2024-06-02 06:00:00,0.038685646,-0.09600333,4353989.159796485,-457622.70099545474,0.0
6188,902.3393,46.75,-6.0,2024-06-02 06:00:00,0.018833073,-0.095404506,4353989.159796485,-457622.70099545474,0.0
77,0.494025,46.833336,-6.25,2024-06-02 06:00:00,0.0848844,-0.08969024,4345238.723142079,-475881.0361998027,0.0
257,1.541375,46.833336,-6.25,2024-06-02 06:00:00,0.08847487,-0.086902514,4345238.723142079,-475881.0361998027,0.0
437,2.645669,46.833336,-6.25,2024-06-02 06:00:00,0.092050925,-0.08434971,4345238.723142079,-475881.0361998027,0.0
617,3.819495,46.833336,-6.25,2024-06-02 06:00:00,0.09554523,-0.08206975,4345238.723142079,-475881.0361998027,0.0
797,5.078224,46.833336,-6.25,2024-06-02 06:00:00,0.098933615,-0.08006848,4345238.723142079,-475881.0361998027,0.0
977,6.440614,46.833336,-6.25,2024-06-02 06:00:00,0.102211624,-0.0783436,4345238.723142079,-475881.0361998027,0.0
1157,7.92956,46.833336,-6.25,2024-06-02 06:00:00,0.10538275,-0.07689661,4345238.723142079,-475881.0361998027,0.0
1337,9.572997,46.833336,-6.25,2024-06-02 06:00:00,0.10845863,-0.07573905,4345238.723142079,-475881.0361998027,0.0
1517,11.405,46.833336,-6.25,2024-06-02 06:00:00,0.111460984,-0.07490124,4345238.723142079,-475881.0361998027,0.0
1697,13.46714,46.833336,-6.25,2024-06-02 06:00:00,0.11459816,-0.07445383,4345238.723142079,-475881.0361998027,0.0
1877,15.81007,46.833336,-6.25,2024-06-02 06:00:00,0.11873976,-0.07471602,4345238.723142079,-475881.0361998027,0.0
2057,18.49556,46.833336,-6.25,2024-06-02 06:00:00,0.13336131,-0.08016549,4345238.723142079,-475881.0361998027,0.0
2237,21.59882,46.833336,-6.25,2024-06-02 06:00:00,0.15027344,-0.12639439,4345238.723142079,-475881.0361998027,0.0
2417,25.21141,46.833336,-6.25,2024-06-02 06:00:00,0.101765074,-0.1729299,4345238.723142079,-475881.0361998027,0.0
2597,29.44473,46.833336,-6.25,2024-06-02 06:00:00,0.09358743,-0.14633591,4345238.723142079,-475881.0361998027,0.0
2777,34.43415,46.833336,-6.25,2024-06-02 06:00:00,0.09905837,-0.11575609,4345238.723142079,-475881.0361998027,0.0
2957,40.34405,46.833336,-6.25,2024-06-02 06:00:00,0.10767216,-0.09356672,4345238.723142079,-475881.0361998027,0.0
3137,47.37369,46.833336,-6.25,2024-06-02 06:00:00,0.11471114,-0.09290196,4345238.723142079,-475881.0361998027,0.0
3317,55.76429,46.833336,-6.25,2024-06-02 06:00:00,0.11518187,-0.107834995,4345238.723142079,-475881.0361998027,0.0
3497,65.80727,46.833336,-6.25,2024-06-02 06:00:00,0.10607396,-0.11727,4345238.723142079,-475881.0361998027,0.0
3677,77.85385,46.833336,-6.25,2024-06-02 06:00:00,0.094961345,-0.11266659,4345238.723142079,-475881.0361998027,0.0
3857,92.32607,46.833336,-6.25,2024-06-02 06:00:00,0.09701089,-0.102527276,4345238.723142079,-475881.0361998027,0.0
4037,109.7293,46.833336,-6.25,2024-06-02 06:00:00,0.113134086,-0.10069907,4345238.723142079,-475881.0361998027,0.0
4217,130.666,46.833336,-6.25,2024-06-02 06:00:00,0.12630105,-0.0934461,4345238.723142079,-475881.0361998027,0.0
4397,155.8507,46.833336,-6.25,2024-06-02 06:00:00,0.12249495,-0.09030778,4345238.723142079,-475881.0361998027,0.0
4577,186.1256,46.833336,-6.25,2024-06-02 06:00:00,0.11373106,-0.099298,4345238.723142079,-475881.0361998027,0.0
4757,222.4752,46.833336,-6.25,2024-06-02 06:00:00,0.09752158,-0.10015131,4345238.723142079,-475881.0361998027,0.0
4937,266.0403,46.833336,-6.25,2024-06-02 06:00:00,0.08266401,-0.09592074,4345238.723142079,-475881.0361998027,0.0
5117,318.1274,46.833336,-6.25,2024-06-02 06:00:00,0.07083369,-0.090729274,4345238.723142079,-475881.0361998027,0.0
5297,380.213,46.833336,-6.25,2024-06-02 06:00:00,0.06571031,-0.08340007,4345238.723142079,-475881.0361998027,0.0
5477,453.9377,46.833336,-6.25,2024-06-02 06:00:00,0.06312661,-0.078661025,4345238.723142079,-475881.0361998027,0.0
5657,541.0889,46.833336,-6.25,2024-06-02 06:00:00,0.05466117,-0.07751015,4345238.723142079,-475881.0361998027,0.0
5837,643.5668,46.833336,-6.25,2024-06-02 06:00:00,0.06626061,-0.07090773,4345238.723142079,-475881.0361998027,0.0
6017,763.3331,46.833336,-6.25,2024-06-02 06:00:00,0.064440124,-0.07655215,4345238.723142079,-475881.0361998027,0.0
6197,902.3393,46.833336,-6.25,2024-06-02 06:00:00,0.052504033,-0.11416827,4345238.723142079,-475881.0361998027,0.0
86,0.494025,46.833336,-6.1666565,2024-06-02 06:00:00,0.08407881,-0.07577476,4345926.351221016,-469559.8699535443,0.0
266,1.541375,46.833336,-6.1666565,2024-06-02 06:00:00,0.087653175,-0.07293311,4345926.351221016,-469559.8699535443,0.0
446,2.645669,46.833336,-6.1666565,2024-06-02 06:00:00,0.09123987,-0.07032341,4345926.351221016,-469559.8699535443,0.0
626,3.819495,46.833336,-6.1666565,2024-06-02 06:00:00,0.0947711,-0.06798452,4345926.351221016,-469559.8699535443,0.0
806,5.078224,46.833336,-6.1666565,2024-06-02 06:00:00,0.098223224,-0.065921925,4345926.351221016,-469559.8699535443,0.0
986,6.440614,46.833336,-6.1666565,2024-06-02 06:00:00,0.101594046,-0.06413199,4345926.351221016,-469559.8699535443,0.0
1166,7.92956,46.833336,-6.1666565,2024-06-02 06:00:00,0.10489165,-0.06261434,4345926.351221016,-469559.8699535443,0.0
1346,9.572997,46.833336,-6.1666565,2024-06-02 06:00:00,0.10813544,-0.061378203,4345926.351221016,-469559.8699535443,0.0
1526,11.405,46.833336,-6.1666565,2024-06-02 06:00:00,0.11134229,-0.06045774,4345926.351221016,-469559.8699535443,0.0
1706,13.46714,46.833336,-6.1666565,2024-06-02 06:00:00,0.11478753,-0.05990332,4345926.351221016,-469559.8699535443,0.0
1886,15.81007,46.833336,-6.1666565,2024-06-02 06:00:00,0.11935938,-0.060020734,4345926.351221016,-469559.8699535443,0.0
2066,18.49556,46.833336,-6.1666565,2024-06-02 06:00:00,0.13269636,-0.064704545,4345926.351221016,-469559.8699535443,0.0
2246,21.59882,46.833336,-6.1666565,2024-06-02 06:00:00,0.15714721,-0.109085985,4345926.351221016,-469559.8699535443,0.0
2426,25.21141,46.833336,-6.1666565,2024-06-02 06:00:00,0.10673869,-0.15903747,4345926.351221016,-469559.8699535443,0.0
2606,29.44473,46.833336,-6.1666565,2024-06-02 06:00:00,0.10067469,-0.1362467,4345926.351221016,-469559.8699535443,0.0
2786,34.43415,46.833336,-6.1666565,2024-06-02 06:00:00,0.10440646,-0.10547771,4345926.351221016,-469559.8699535443,0.0
2966,40.34405,46.833336,-6.1666565,2024-06-02 06:00:00,0.115507536,-0.0798126,4345926.351221016,-469559.8699535443,0.0
3146,47.37369,46.833336,-6.1666565,2024-06-02 06:00:00,0.12610878,-0.078169465,4345926.351221016,-469559.8699535443,0.0
3326,55.76429,46.833336,-6.1666565,2024-06-02 06:00:00,0.12857237,-0.09280488,4345926.351221016,-469559.8699535443,0.0
3506,65.80727,46.833336,-6.1666565,2024-06-02 06:00:00,0.12298308,-0.101353586,4345926.351221016,-469559.8699535443,0.0
3686,77.85385,46.833336,-6.1666565,2024-06-02 06:00:00,0.11737531,-0.09962667,4345926.351221016,-469559.8699535443,0.0
3866,92.32607,46.833336,-6.1666565,2024-06-02 06:00:00,0.118972614,-0.09471738,4345926.351221016,-469559.8699535443,0.0
4046,109.7293,46.833336,-6.1666565,2024-06-02 06:00:00,0.13214055,-0.093762785,4345926.351221016,-469559.8699535443,0.0
4226,130.666,46.833336,-6.1666565,2024-06-02 06:00:00,0.14427072,-0.09040468,4345926.351221016,-469559.8699535443,0.0
4406,155.8507,46.833336,-6.1666565,2024-06-02 06:00:00,0.13671395,-0.09355873,4345926.351221016,-469559.8699535443,0.0
4586,186.1256,46.833336,-6.1666565,2024-06-02 06:00:00,0.1264077,-0.10503908,4345926.351221016,-469559.8699535443,0.0
4766,222.4752,46.833336,-6.1666565,2024-06-02 06:00:00,0.11337676,-0.1014678,4345926.351221016,-469559.8699535443,0.0
4946,266.0403,46.833336,-6.1666565,2024-06-02 06:00:00,0.100328244,-0.092353195,4345926.351221016,-469559.8699535443,0.0
5126,318.1274,46.833336,-6.1666565,2024-06-02 06:00:00,0.089994684,-0.08945847,4345926.351221016,-469559.8699535443,0.0
5306,380.213,46.833336,-6.1666565,2024-06-02 06:00:00,0.07723203,-0.086306974,4345926.351221016,-469559.8699535443,0.0
5486,453.9377,46.833336,-6.1666565,2024-06-02 06:00:00,0.07728326,-0.089107566,4345926.351221016,-469559.8699535443,0.0
5666,541.0889,46.833336,-6.1666565,2024-06-02 06:00:00,0.068297304,-0.09383945,4345926.351221016,-469559.8699535443,0.0
5846,643.5668,46.833336,-6.1666565,2024-06-02 06:00:00,0.06456833,-0.09918971,4345926.351221016,-469559.8699535443,0.0
6026,763.3331,46.833336,-6.1666565,2024-06-02 06:00:00,0.06142451,-0.102144785,4345926.351221016,-469559.8699535443,0.0
6206,902.3393,46.833336,-6.1666565,2024-06-02 06:00:00,0.041517742,-0.11931864,4345926.351221016,-469559.8699535443,0.0
95,0.494025,46.833336,-6.0833282,2024-06-02 06:00:00,0.070660956,-0.072366275,4346604.66032198,-463238.86772943556,0.0
275,1.541375,46.833336,-6.0833282,2024-06-02 06:00:00,0.07422432,-0.0694759,4346604.66032198,-463238.86772943556,0.0
455,2.645669,46.833336,-6.0833282,2024-06-02 06:00:00,0.07782533,-0.066813014,4346604.66032198,-463238.86772943556,0.0
635,3.819495,46.833336,-6.0833282,2024-06-02 06:00:00,0.0813963,-0.064417705,4346604.66032198,-463238.86772943556,0.0
815,5.078224,46.833336,-6.0833282,2024-06-02 06:00:00,0.08491513,-0.06229525,4346604.66032198,-463238.86772943556,0.0
995,6.440614,46.833336,-6.0833282,2024-06-02 06:00:00,0.08838272,-0.060441166,4346604.66032198,-463238.86772943556,0.0
1175,7.92956,46.833336,-6.0833282,2024-06-02 06:00:00,0.09181192,-0.058853988,4346604.66032198,-463238.86772943556,0.0
1355,9.572997,46.833336,-6.0833282,2024-06-02 06:00:00,0.09522978,-0.057541892,4346604.66032198,-463238.86772943556,0.0
1535,11.405,46.833336,-6.0833282,2024-06-02 06:00:00,0.09867653,-0.05653702,4346604.66032198,-463238.86772943556,0.0
1715,13.46714,46.833336,-6.0833282,2024-06-02 06:00:00,0.10242951,-0.05588699,4346604.66032198,-463238.86772943556,0.0
1895,15.81007,46.833336,-6.0833282,2024-06-02 06:00:00,0.10734607,-0.055859596,4346604.66032198,-463238.86772943556,0.0
2075,18.49556,46.833336,-6.0833282,2024-06-02 06:00:00,0.11871601,-0.05898422,4346604.66032198,-463238.86772943556,0.0
2255,21.59882,46.833336,-6.0833282,2024-06-02 06:00:00,0.14588138,-0.0911775,4346604.66032198,-463238.86772943556,0.0
2435,25.21141,46.833336,-6.0833282,2024-06-02 06:00:00,0.09886217,-0.15161105,4346604.66032198,-463238.86772943556,0.0
2615,29.44473,46.833336,-6.0833282,2024-06-02 06:00:00,0.09890762,-0.13427609,4346604.66032198,-463238.86772943556,0.0
2795,34.43415,46.833336,-6.0833282,2024-06-02 06:00:00,0.10578018,-0.10479108,4346604.66032198,-463238.86772943556,0.0
2975,40.34405,46.833336,-6.0833282,2024-06-02 06:00:00,0.11785326,-0.08179157,4346604.66032198,-463238.86772943556,0.0
3155,47.37369,46.833336,-6.0833282,2024-06-02 06:00:00,0.1286355,-0.079311125,4346604.66032198,-463238.86772943556,0.0
3335,55.76429,46.833336,-6.0833282,2024-06-02 06:00:00,0.13157503,-0.090444565,4346604.66032198,-463238.86772943556,0.0
3515,65.80727,46.833336,-6.0833282,2024-06-02 06:00:00,0.12846802,-0.09728396,4346604.66032198,-463238.86772943556,0.0
3695,77.85385,46.833336,-6.0833282,2024-06-02 06:00:00,0.12515919,-0.09806608,4346604.66032198,-463238.86772943556,0.0
3875,92.32607,46.833336,-6.0833282,2024-06-02 06:00:00,0.12644671,-0.098632455,4346604.66032198,-463238.86772943556,0.0
4055,109.7293,46.833336,-6.0833282,2024-06-02 06:00:00,0.13523008,-0.09785027,4346604.66032198,-463238.86772943556,0.0
4235,130.666,46.833336,-6.0833282,2024-06-02 06:00:00,0.14206325,-0.09449994,4346604.66032198,-463238.86772943556,0.0
4415,155.8507,46.833336,-6.0833282,2024-06-02 06:00:00,0.13075206,-0.10067333,4346604.66032198,-463238.86772943556,0.0
4595,186.1256,46.833336,-6.0833282,2024-06-02 06:00:00,0.12189486,-0.111044355,4346604.66032198,-463238.86772943556,0.0
4775,222.4752,46.833336,-6.0833282,2024-06-02 06:00:00,0.116079494,-0.106638856,4346604.66032198,-463238.86772943556,0.0
4955,266.0403,46.833336,-6.0833282,2024-06-02 06:00:00,0.11552268,-0.1007214,4346604.66032198,-463238.86772943556,0.0
5135,318.1274,46.833336,-6.0833282,2024-06-02 06:00:00,0.108687215,-0.094861604,4346604.66032198,-463238.86772943556,0.0
5315,380.213,46.833336,-6.0833282,2024-06-02 06:00:00,0.08903169,-0.09401877,4346604.66032198,-463238.86772943556,0.0
5495,453.9377,46.833336,-6.0833282,2024-06-02 06:00:00,0.08913607,-0.10364146,4346604.66032198,-463238.86772943556,0.0
5675,541.0889,46.833336,-6.0833282,2024-06-02 06:00:00,0.07641537,-0.105261266,4346604.66032198,-463238.86772943556,0.0
5855,643.5668,46.833336,-6.0833282,2024-06-02 06:00:00,0.05369508,-0.09850179,4346604.66032198,-463238.86772943556,0.0
6035,763.3331,46.833336,-6.0833282,2024-06-02 06:00:00,0.051184915,-0.09866148,4346604.66032198,-463238.86772943556,0.0
6215,902.3393,46.833336,-6.0833282,2024-06-02 06:00:00,0.032132663,-0.09365307,4346604.66032198,-463238.86772943556,0.0
104,0.494025,46.833336,-6.0,2024-06-02 06:00:00,0.052710395,-0.057466127,4347273.775744883,-456916.88569019584,0.0
284,1.541375,46.833336,-6.0,2024-06-02 06:00:00,0.056265593,-0.05453805,4347273.775744883,-456916.88569019584,0.0
464,2.645669,46.833336,-6.0,2024-06-02 06:00:00,0.05987514,-0.0518409,4347273.775744883,-456916.88569019584,0.0
644,3.819495,46.833336,-6.0,2024-06-02 06:00:00,0.06347214,-0.04941516,4347273.775744883,-456916.88569019584,0.0
824,5.078224,46.833336,-6.0,2024-06-02 06:00:00,0.067037016,-0.047265388,4347273.775744883,-456916.88569019584,0.0
1004,6.440614,46.833336,-6.0,2024-06-02 06:00:00,0.070574634,-0.045386773,4347273.775744883,-456916.88569019584,0.0
1184,7.92956,46.833336,-6.0,2024-06-02 06:00:00,0.074103914,-0.043778487,4347273.775744883,-456916.88569019584,0.0
1364,9.572997,46.833336,-6.0,2024-06-02 06:00:00,0.077663064,-0.042450637,4347273.775744883,-456916.88569019584,0.0
1544,11.405,46.833336,-6.0,2024-06-02 06:00:00,0.08132694,-0.04143348,4347273.775744883,-456916.88569019584,0.0
1724,13.46714,46.833336,-6.0,2024-06-02 06:00:00,0.08540577,-0.04079777,4347273.775744883,-456916.88569019584,0.0
1904,15.81007,46.833336,-6.0,2024-06-02 06:00:00,0.09094966,-0.040836357,4347273.775744883,-456916.88569019584,0.0
2084,18.49556,46.833336,-6.0,2024-06-02 06:00:00,0.10318634,-0.043809522,4347273.775744883,-456916.88569019584,0.0
2264,21.59882,46.833336,-6.0,2024-06-02 06:00:00,0.13083662,-0.06778474,4347273.775744883,-456916.88569019584,0.0
2444,25.21141,46.833336,-6.0,2024-06-02 06:00:00,0.084805325,-0.13728385,4347273.775744883,-456916.88569019584,0.0
2624,29.44473,46.833336,-6.0,2024-06-02 06:00:00,0.092054635,-0.12512632,4347273.775744883,-456916.88569019584,0.0
2804,34.43415,46.833336,-6.0,2024-06-02 06:00:00,0.10451583,-0.10158338,4347273.775744883,-456916.88569019584,0.0
2984,40.34405,46.833336,-6.0,2024-06-02 06:00:00,0.11663822,-0.085204735,4347273.775744883,-456916.88569019584,0.0
3164,47.37369,46.833336,-6.0,2024-06-02 06:00:00,0.12548348,-0.08607416,4347273.775744883,-456916.88569019584,0.0
3344,55.76429,46.833336,-6.0,2024-06-02 06:00:00,0.12705444,-0.09810923,4347273.775744883,-456916.88569019584,0.0
3524,65.80727,46.833336,-6.0,2024-06-02 06:00:00,0.12558796,-0.10563611,4347273.775744883,-456916.88569019584,0.0
3704,77.85385,46.833336,-6.0,2024-06-02 06:00:00,0.1256974,-0.10619287,4347273.775744883,-456916.88569019584,0.0
3884,92.32607,46.833336,-6.0,2024-06-02 06:00:00,0.1279668,-0.10840908,4347273.775744883,-456916.88569019584,0.0
4064,109.7293,46.833336,-6.0,2024-06-02 06:00:00,0.13024595,-0.10885784,4347273.775744883,-456916.88569019584,0.0
4244,130.666,46.833336,-6.0,2024-06-02 06:00:00,0.13130467,-0.104936644,4347273.775744883,-456916.88569019584,0.0
4424,155.8507,46.833336,-6.0,2024-06-02 06:00:00,0.11901752,-0.11366722,4347273.775744883,-456916.88569019584,0.0
4604,186.1256,46.833336,-6.0,2024-06-02 06:00:00,0.11187487,-0.11900057,4347273.775744883,-456916.88569019584,0.0
4784,222.4752,46.833336,-6.0,2024-06-02 06:00:00,0.11081065,-0.10788587,4347273.775744883,-456916.88569019584,0.0
4964,266.0403,46.833336,-6.0,2024-06-02 06:00:00,0.11265765,-0.09938956,4347273.775744883,-456916.88569019584,0.0
5144,318.1274,46.833336,-6.0,2024-06-02 06:00:00,0.11299199,-0.09343075,4347273.775744883,-456916.88569019584,0.0
5324,380.213,46.833336,-6.0,2024-06-02 06:00:00,0.10412079,-0.097681135,4347273.775744883,-456916.88569019584,0.0
5504,453.9377,46.833336,-6.0,2024-06-02 06:00:00,0.093527935,-0.1137795,4347273.775744883,-456916.88569019584,0.0
5684,541.0889,46.833336,-6.0,2024-06-02 06:00:00,0.071252584,-0.113471806,4347273.775744883,-456916.88569019584,0.0
5864,643.5668,46.833336,-6.0,2024-06-02 06:00:00,0.047380403,-0.09415495,4347273.775744883,-456916.88569019584,0.0
6044,763.3331,46.833336,-6.0,2024-06-02 06:00:00,0.04078663,-0.07835654,4347273.775744883,-456916.88569019584,0.0
6224,902.3393,46.833336,-6.0,2024-06-02 06:00:00,0.024102204,-0.072719194,4347273.775744883,-456916.88569019584,0.0
113,0.494025,46.91667,-6.25,2024-06-02 06:00:00,0.07596648,-0.13861573,4338517.220887722,-475144.9119816816,0.0
293,1.541375,46.91667,-6.25,2024-06-02 06:00:00,0.07955356,-0.13572097,4338517.220887722,-475144.9119816816,0.0
473,2.645669,46.91667,-6.25,2024-06-02 06:00:00,0.08315821,-0.13308273,4338517.220887722,-475144.9119816816,0.0
653,3.819495,46.91667,-6.25,2024-06-02 06:00:00,0.08670476,-0.13074708,4338517.220887722,-475144.9119816816,0.0
833,5.078224,46.91667,-6.25,2024-06-02 06:00:00,0.09015864,-0.12872592,4338517.220887722,-475144.9119816816,0.0
1013,6.440614,46.91667,-6.25,2024-06-02 06:00:00,0.09350835,-0.12701844,4338517.220887722,-475144.9119816816,0.0
1193,7.92956,46.91667,-6.25,2024-06-02 06:00:00,0.096754655,-0.12562372,4338517.220887722,-475144.9119816816,0.0
1373,9.572997,46.91667,-6.25,2024-06-02 06:00:00,0.099909484,-0.12454835,4338517.220887722,-475144.9119816816,0.0
1553,11.405,46.91667,-6.25,2024-06-02 06:00:00,0.10298738,-0.12381706,4338517.220887722,-475144.9119816816,0.0
1733,13.46714,46.91667,-6.25,2024-06-02 06:00:00,0.10621595,-0.12347883,4338517.220887722,-475144.9119816816,0.0
1913,15.81007,46.91667,-6.25,2024-06-02 06:00:00,0.11044162,-0.123759195,4338517.220887722,-475144.9119816816,0.0
2093,18.49556,46.91667,-6.25,2024-06-02 06:00:00,0.123785704,-0.12638104,4338517.220887722,-475144.9119816816,0.0
2273,21.59882,46.91667,-6.25,2024-06-02 06:00:00,0.14389525,-0.13820367,4338517.220887722,-475144.9119816816,0.0
2453,25.21141,46.91667,-6.25,2024-06-02 06:00:00,0.10754107,-0.1807628,4338517.220887722,-475144.9119816816,0.0
2633,29.44473,46.91667,-6.25,2024-06-02 06:00:00,0.103687,-0.15261634,4338517.220887722,-475144.9119816816,0.0
2813,34.43415,46.91667,-6.25,2024-06-02 06:00:00,0.12132061,-0.109544806,4338517.220887722,-475144.9119816816,0.0
2993,40.34405,46.91667,-6.25,2024-06-02 06:00:00,0.14323732,-0.08220147,4338517.220887722,-475144.9119816816,0.0
3173,47.37369,46.91667,-6.25,2024-06-02 06:00:00,0.15742235,-0.08515023,4338517.220887722,-475144.9119816816,0.0
3353,55.76429,46.91667,-6.25,2024-06-02 06:00:00,0.15439823,-0.10241255,4338517.220887722,-475144.9119816816,0.0
3533,65.80727,46.91667,-6.25,2024-06-02 06:00:00,0.14295894,-0.11489495,4338517.220887722,-475144.9119816816,0.0
3713,77.85385,46.91667,-6.25,2024-06-02 06:00:00,0.13180296,-0.11809679,4338517.220887722,-475144.9119816816,0.0
3893,92.32607,46.91667,-6.25,2024-06-02 06:00:00,0.13445777,-0.12155582,4338517.220887722,-475144.9119816816,0.0
4073,109.7293,46.91667,-6.25,2024-06-02 06:00:00,0.14767687,-0.12797618,4338517.220887722,-475144.9119816816,0.0
4253,130.666,46.91667,-6.25,2024-06-02 06:00:00,0.15616207,-0.12191235,4338517.220887722,-475144.9119816816,0.0
4433,155.8507,46.91667,-6.25,2024-06-02 06:00:00,0.14948046,-0.12117737,4338517.220887722,-475144.9119816816,0.0
4613,186.1256,46.91667,-6.25,2024-06-02 06:00:00,0.13710615,-0.12895533,4338517.220887722,-475144.9119816816,0.0
4793,222.4752,46.91667,-6.25,2024-06-02 06:00:00,0.11764765,-0.12668082,4338517.220887722,-475144.9119816816,0.0
4973,266.0403,46.91667,-6.25,2024-06-02 06:00:00,0.09667032,-0.11979054,4338517.220887722,-475144.9119816816,0.0
5153,318.1274,46.91667,-6.25,2024-06-02 06:00:00,0.09250824,-0.109912686,4338517.220887722,-475144.9119816816,0.0
5333,380.213,46.91667,-6.25,2024-06-02 06:00:00,0.090348005,-0.10251294,4338517.220887722,-475144.9119816816,0.0
5513,453.9377,46.91667,-6.25,2024-06-02 06:00:00,0.0875267,-0.098528415,4338517.220887722,-475144.9119816816,0.0
5693,541.0889,46.91667,-6.25,2024-06-02 06:00:00,0.08596217,-0.09522358,4338517.220887722,-475144.9119816816,0.0
5873,643.5668,46.91667,-6.25,2024-06-02 06:00:00,0.09228371,-0.08143728,4338517.220887722,-475144.9119816816,0.0
6053,763.3331,46.91667,-6.25,2024-06-02 06:00:00,0.100787684,-0.07700762,4338517.220887722,-475144.9119816816,0.0
6233,902.3393,46.91667,-6.25,2024-06-02 06:00:00,0.10537897,-0.11197783,4338517.220887722,-475144.9119816816,0.0
122,0.494025,46.91667,-6.1666565,2024-06-02 06:00:00,0.046257205,-0.086021155,4339203.78529813,-468833.52373287774,0.0
302,1.541375,46.91667,-6.1666565,2024-06-02 06:00:00,0.04979821,-0.08304466,4339203.78529813,-468833.52373287774,0.0
482,2.645669,46.91667,-6.1666565,2024-06-02 06:00:00,0.053382996,-0.08032007,4339203.78529813,-468833.52373287774,0.0
662,3.819495,46.91667,-6.1666565,2024-06-02 06:00:00,0.056935508,-0.07789466,4339203.78529813,-468833.52373287774,0.0
842,5.078224,46.91667,-6.1666565,2024-06-02 06:00:00,0.06042032,-0.07578002,4339203.78529813,-468833.52373287774,0.0
1022,6.440614,46.91667,-6.1666565,2024-06-02 06:00:00,0.06382605,-0.0739735,4339203.78529813,-468833.52373287774,0.0
1202,7.92956,46.91667,-6.1666565,2024-06-02 06:00:00,0.06715506,-0.07247154,4339203.78529813,-468833.52373287774,0.0
1382,9.572997,46.91667,-6.1666565,2024-06-02 06:00:00,0.07042076,-0.07127878,4339203.78529813,-468833.52373287774,0.0
1562,11.405,46.91667,-6.1666565,2024-06-02 06:00:00,0.07363041,-0.07042109,4339203.78529813,-468833.52373287774,0.0
1742,13.46714,46.91667,-6.1666565,2024-06-02 06:00:00,0.07699211,-0.06994743,4339203.78529813,-468833.52373287774,0.0
1922,15.81007,46.91667,-6.1666565,2024-06-02 06:00:00,0.08112449,-0.07007282,4339203.78529813,-468833.52373287774,0.0
2102,18.49556,46.91667,-6.1666565,2024-06-02 06:00:00,0.09096527,-0.07209135,4339203.78529813,-468833.52373287774,0.0
2282,21.59882,46.91667,-6.1666565,2024-06-02 06:00:00,0.113712996,-0.083412424,4339203.78529813,-468833.52373287774,0.0
2462,25.21141,46.91667,-6.1666565,2024-06-02 06:00:00,0.08182249,-0.13458477,4339203.78529813,-468833.52373287774,0.0
2642,29.44473,46.91667,-6.1666565,2024-06-02 06:00:00,0.07517084,-0.12287002,4339203.78529813,-468833.52373287774,0.0
2822,34.43415,46.91667,-6.1666565,2024-06-02 06:00:00,0.08747311,-0.08147997,4339203.78529813,-468833.52373287774,0.0
3002,40.34405,46.91667,-6.1666565,2024-06-02 06:00:00,0.10623025,-0.045627844,4339203.78529813,-468833.52373287774,0.0
3182,47.37369,46.91667,-6.1666565,2024-06-02 06:00:00,0.12234709,-0.040721558,4339203.78529813,-468833.52373287774,0.0
3362,55.76429,46.91667,-6.1666565,2024-06-02 06:00:00,0.12338233,-0.05469473,4339203.78529813,-468833.52373287774,0.0
3542,65.80727,46.91667,-6.1666565,2024-06-02 06:00:00,0.11868403,-0.069587104,4339203.78529813,-468833.52373287774,0.0
3722,77.85385,46.91667,-6.1666565,2024-06-02 06:00:00,0.11647008,-0.0776427,4339203.78529813,-468833.52373287774,0.0
3902,92.32607,46.91667,-6.1666565,2024-06-02 06:00:00,0.12468725,-0.085686855,4339203.78529813,-468833.52373287774,0.0
4082,109.7293,46.91667,-6.1666565,2024-06-02 06:00:00,0.13782422,-0.09426356,4339203.78529813,-468833.52373287774,0.0
4262,130.666,46.91667,-6.1666565,2024-06-02 06:00:00,0.14970098,-0.094251424,4339203.78529813,-468833.52373287774,0.0
4442,155.8507,46.91667,-6.1666565,2024-06-02 06:00:00,0.14406459,-0.10300141,4339203.78529813,-468833.52373287774,0.0
4622,186.1256,46.91667,-6.1666565,2024-06-02 06:00:00,0.13222939,-0.11994228,4339203.78529813,-468833.52373287774,0.0
4802,222.4752,46.91667,-6.1666565,2024-06-02 06:00:00,0.12026859,-0.118753776,4339203.78529813,-468833.52373287774,0.0
4982,266.0403,46.91667,-6.1666565,2024-06-02 06:00:00,0.107507445,-0.114222184,4339203.78529813,-468833.52373287774,0.0
5162,318.1274,46.91667,-6.1666565,2024-06-02 06:00:00,0.10216432,-0.10320686,4339203.78529813,-468833.52373287774,0.0
5342,380.213,46.91667,-6.1666565,2024-06-02 06:00:00,0.095777445,-0.09597027,4339203.78529813,-468833.52373287774,0.0
5522,453.9377,46.91667,-6.1666565,2024-06-02 06:00:00,0.0933433,-0.100116126,4339203.78529813,-468833.52373287774,0.0
5702,541.0889,46.91667,-6.1666565,2024-06-02 06:00:00,0.08895556,-0.09846488,4339203.78529813,-468833.52373287774,0.0
5882,643.5668,46.91667,-6.1666565,2024-06-02 06:00:00,0.083592825,-0.08742938,4339203.78529813,-468833.52373287774,0.0
6062,763.3331,46.91667,-6.1666565,2024-06-02 06:00:00,0.09045381,-0.08698361,4339203.78529813,-468833.52373287774,0.0
6242,902.3393,46.91667,-6.1666565,2024-06-02 06:00:00,0.09207826,-0.100618154,4339203.78529813,-468833.52373287774,0.0
131,0.494025,46.91667,-6.0833282,2024-06-02 06:00:00,0.017800119,-0.04363844,4339881.045145775,-462522.2992525033,0.0
311,1.541375,46.91667,-6.0833282,2024-06-02 06:00:00,0.021284603,-0.04060517,4339881.045145775,-462522.2992525033,0.0
491,2.645669,46.91667,-6.0833282,2024-06-02 06:00:00,0.024820173,-0.03782961,4339881.045145775,-462522.2992525033,0.0
671,3.819495,46.91667,-6.0833282,2024-06-02 06:00:00,0.02833176,-0.035359684,4339881.045145775,-462522.2992525033,0.0
851,5.078224,46.91667,-6.0833282,2024-06-02 06:00:00,0.031784188,-0.03320696,4339881.045145775,-462522.2992525033,0.0
1031,6.440614,46.91667,-6.0833282,2024-06-02 06:00:00,0.03516582,-0.0313683,4339881.045145775,-462522.2992525033,0.0
1211,7.92956,46.91667,-6.0833282,2024-06-02 06:00:00,0.03847828,-0.029839138,4339881.045145775,-462522.2992525033,0.0
1391,9.572997,46.91667,-6.0833282,2024-06-02 06:00:00,0.041732818,-0.02862234,4339881.045145775,-462522.2992525033,0.0
1571,11.405,46.91667,-6.0833282,2024-06-02 06:00:00,0.044939723,-0.027743664,4339881.045145775,-462522.2992525033,0.0
1751,13.46714,46.91667,-6.0833282,2024-06-02 06:00:00,0.04825322,-0.027240885,4339881.045145775,-462522.2992525033,0.0
1931,15.81007,46.91667,-6.0833282,2024-06-02 06:00:00,0.05212454,-0.027309634,4339881.045145775,-462522.2992525033,0.0
2111,18.49556,46.91667,-6.0833282,2024-06-02 06:00:00,0.059624266,-0.029106116,4339881.045145775,-462522.2992525033,0.0
2291,21.59882,46.91667,-6.0833282,2024-06-02 06:00:00,0.07953562,-0.04388819,4339881.045145775,-462522.2992525033,0.0
2471,25.21141,46.91667,-6.0833282,2024-06-02 06:00:00,0.04857038,-0.10546285,4339881.045145775,-462522.2992525033,0.0
2651,29.44473,46.91667,-6.0833282,2024-06-02 06:00:00,0.043483965,-0.10135985,4339881.045145775,-462522.2992525033,0.0
2831,34.43415,46.91667,-6.0833282,2024-06-02 06:00:00,0.054298088,-0.07131666,4339881.045145775,-462522.2992525033,0.0
3011,40.34405,46.91667,-6.0833282,2024-06-02 06:00:00,0.06797215,-0.04442785,4339881.045145775,-462522.2992525033,0.0
3191,47.37369,46.91667,-6.0833282,2024-06-02 06:00:00,0.07868314,-0.040218383,4339881.045145775,-462522.2992525033,0.0
3371,55.76429,46.91667,-6.0833282,2024-06-02 06:00:00,0.08111717,-0.052625824,4339881.045145775,-462522.2992525033,0.0
3551,65.80727,46.91667,-6.0833282,2024-06-02 06:00:00,0.08305188,-0.06658341,4339881.045145775,-462522.2992525033,0.0
3731,77.85385,46.91667,-6.0833282,2024-06-02 06:00:00,0.08787726,-0.073588625,4339881.045145775,-462522.2992525033,0.0
3911,92.32607,46.91667,-6.0833282,2024-06-02 06:00:00,0.09914997,-0.08155631,4339881.045145775,-462522.2992525033,0.0
4091,109.7293,46.91667,-6.0833282,2024-06-02 06:00:00,0.10754914,-0.087583914,4339881.045145775,-462522.2992525033,0.0
4271,130.666,46.91667,-6.0833282,2024-06-02 06:00:00,0.11888929,-0.084842816,4339881.045145775,-462522.2992525033,0.0
4451,155.8507,46.91667,-6.0833282,2024-06-02 06:00:00,0.119527414,-0.09453483,4339881.045145775,-462522.2992525033,0.0
4631,186.1256,46.91667,-6.0833282,2024-06-02 06:00:00,0.11280313,-0.1080033,4339881.045145775,-462522.2992525033,0.0
4811,222.4752,46.91667,-6.0833282,2024-06-02 06:00:00,0.10729048,-0.10611248,4339881.045145775,-462522.2992525033,0.0
4991,266.0403,46.91667,-6.0833282,2024-06-02 06:00:00,0.10531379,-0.10261619,4339881.045145775,-462522.2992525033,0.0
5171,318.1274,46.91667,-6.0833282,2024-06-02 06:00:00,0.102804564,-0.09754713,4339881.045145775,-462522.2992525033,0.0
5351,380.213,46.91667,-6.0833282,2024-06-02 06:00:00,0.10230018,-0.099970594,4339881.045145775,-462522.2992525033,0.0
5531,453.9377,46.91667,-6.0833282,2024-06-02 06:00:00,0.09940816,-0.10229582,4339881.045145775,-462522.2992525033,0.0
5711,541.0889,46.91667,-6.0833282,2024-06-02 06:00:00,0.082691744,-0.095508225,4339881.045145775,-462522.2992525033,0.0
5891,643.5668,46.91667,-6.0833282,2024-06-02 06:00:00,0.07140744,-0.07325933,4339881.045145775,-462522.2992525033,0.0
6071,763.3331,46.91667,-6.0833282,2024-06-02 06:00:00,0.06782673,-0.067792855,4339881.045145775,-462522.2992525033,0.0
6251,902.3393,46.91667,-6.0833282,2024-06-02 06:00:00,0.07622161,-0.07808584,4339881.045145775,-462522.2992525033,0.0
140,0.494025,46.91667,-6.0,2024-06-02 06:00:00,0.0007724854,-0.018229835,4340549.125536747,-456210.0964726406,0.0
320,1.541375,46.91667,-6.0,2024-06-02 06:00:00,0.004204098,-0.015158197,4340549.125536747,-456210.0964726406,0.0
500,2.645669,46.91667,-6.0,2024-06-02 06:00:00,0.0076804147,-0.012345725,4340549.125536747,-456210.0964726406,0.0
680,3.819495,46.91667,-6.0,2024-06-02 06:00:00,0.011128737,-0.009838709,4340549.125536747,-456210.0964726406,0.0
860,5.078224,46.91667,-6.0,2024-06-02 06:00:00,0.014515675,-0.007646621,4340549.125536747,-456210.0964726406,0.0
1040,6.440614,46.91667,-6.0,2024-06-02 06:00:00,0.017829508,-0.0057651,4340549.125536747,-456210.0964726406,0.0
1220,7.92956,46.91667,-6.0,2024-06-02 06:00:00,0.021069312,-0.0041890247,4340549.125536747,-456210.0964726406,0.0
1400,9.572997,46.91667,-6.0,2024-06-02 06:00:00,0.024240667,-0.0029204325,4340549.125536747,-456210.0964726406,0.0
1580,11.405,46.91667,-6.0,2024-06-02 06:00:00,0.0273595,-0.0019740243,4340549.125536747,-456210.0964726406,0.0
1760,13.46714,46.91667,-6.0,2024-06-02 06:00:00,0.030510915,-0.0013936881,4340549.125536747,-456210.0964726406,0.0
1940,15.81007,46.91667,-6.0,2024-06-02 06:00:00,0.034070488,-0.001332439,4340549.125536747,-456210.0964726406,0.0
2120,18.49556,46.91667,-6.0,2024-06-02 06:00:00,0.040311757,-0.0029542835,4340549.125536747,-456210.0964726406,0.0
2300,21.59882,46.91667,-6.0,2024-06-02 06:00:00,0.05797593,-0.025419533,4340549.125536747,-456210.0964726406,0.0
2480,25.21141,46.91667,-6.0,2024-06-02 06:00:00,0.017355548,-0.0906381,4340549.125536747,-456210.0964726406,0.0
2660,29.44473,46.91667,-6.0,2024-06-02 06:00:00,0.015193658,-0.082598604,4340549.125536747,-456210.0964726406,0.0
2840,34.43415,46.91667,-6.0,2024-06-02 06:00:00,0.01873719,-0.06565815,4340549.125536747,-456210.0964726406,0.0
3020,40.34405,46.91667,-6.0,2024-06-02 06:00:00,0.021231294,-0.050190967,4340549.125536747,-456210.0964726406,0.0
3200,47.37369,46.91667,-6.0,2024-06-02 06:00:00,0.022027269,-0.048017837,4340549.125536747,-456210.0964726406,0.0
3380,55.76429,46.91667,-6.0,2024-06-02 06:00:00,0.022217128,-0.05343197,4340549.125536747,-456210.0964726406,0.0
3560,65.80727,46.91667,-6.0,2024-06-02 06:00:00,0.026592242,-0.06012235,4340549.125536747,-456210.0964726406,0.0
3740,77.85385,46.91667,-6.0,2024-06-02 06:00:00,0.03736655,-0.06190492,4340549.125536747,-456210.0964726406,0.0
3920,92.32607,46.91667,-6.0,2024-06-02 06:00:00,0.055251665,-0.07018568,4340549.125536747,-456210.0964726406,0.0
4100,109.7293,46.91667,-6.0,2024-06-02 06:00:00,0.0663557,-0.079635076,4340549.125536747,-456210.0964726406,0.0
4280,130.666,46.91667,-6.0,2024-06-02 06:00:00,0.074984685,-0.078580976,4340549.125536747,-456210.0964726406,0.0
4460,155.8507,46.91667,-6.0,2024-06-02 06:00:00,0.08061846,-0.08933522,4340549.125536747,-456210.0964726406,0.0
4640,186.1256,46.91667,-6.0,2024-06-02 06:00:00,0.08383604,-0.10171354,4340549.125536747,-456210.0964726406,0.0
4820,222.4752,46.91667,-6.0,2024-06-02 06:00:00,0.0895843,-0.096435644,4340549.125536747,-456210.0964726406,0.0
5000,266.0403,46.91667,-6.0,2024-06-02 06:00:00,0.09021166,-0.08203659,4340549.125536747,-456210.0964726406,0.0
5180,318.1274,46.91667,-6.0,2024-06-02 06:00:00,0.094058536,-0.0783942,4340549.125536747,-456210.0964726406,0.0
5360,380.213,46.91667,-6.0,2024-06-02 06:00:00,0.09602042,-0.09696606,4340549.125536747,-456210.0964726406,0.0
5540,453.9377,46.91667,-6.0,2024-06-02 06:00:00,0.086648315,-0.098501265,4340549.125536747,-456210.0964726406,0.0
5720,541.0889,46.91667,-6.0,2024-06-02 06:00:00,0.06430802,-0.08040624,4340549.125536747,-456210.0964726406,0.0
5900,643.5668,46.91667,-6.0,2024-06-02 06:00:00,0.060357455,-0.071069576,4340549.125536747,-456210.0964726406,0.0
6080,763.3331,46.91667,-6.0,2024-06-02 06:00:00,0.052888278,-0.04623329,4340549.125536747,-456210.0964726406,0.0
6260,902.3393,46.91667,-6.0,2024-06-02 06:00:00,0.053920034,-0.055092026,4340549.125536747,-456210.0964726406,0.0
149,0.494025,47.0,-6.25,2024-06-02 06:00:00,0.031919092,-0.09689547,4331787.087405169,-474407.8424903363,0.0
329,1.541375,47.0,-6.25,2024-06-02 06:00:00,0.035499677,-0.093835,4331787.087405169,-474407.8424903363,0.0
509,2.645669,47.0,-6.25,2024-06-02 06:00:00,0.039136223,-0.091023915,4331787.087405169,-474407.8424903363,0.0
689,3.819495,47.0,-6.25,2024-06-02 06:00:00,0.042729102,-0.088523075,4331787.087405169,-474407.8424903363,0.0
869,5.078224,47.0,-6.25,2024-06-02 06:00:00,0.046219766,-0.08635325,4331787.087405169,-474407.8424903363,0.0
1049,6.440614,47.0,-6.25,2024-06-02 06:00:00,0.04958033,-0.084514506,4331787.087405169,-474407.8424903363,0.0
1229,7.92956,47.0,-6.25,2024-06-02 06:00:00,0.052801978,-0.08300096,4331787.087405169,-474407.8424903363,0.0
1409,9.572997,47.0,-6.25,2024-06-02 06:00:00,0.05588634,-0.081811555,4331787.087405169,-474407.8424903363,0.0
1589,11.405,47.0,-6.25,2024-06-02 06:00:00,0.058844842,-0.08095696,4331787.087405169,-474407.8424903363,0.0
1769,13.46714,47.0,-6.25,2024-06-02 06:00:00,0.06175159,-0.08047261,4331787.087405169,-474407.8424903363,0.0
1949,15.81007,47.0,-6.25,2024-06-02 06:00:00,0.064870685,-0.08047508,4331787.087405169,-474407.8424903363,0.0
2129,18.49556,47.0,-6.25,2024-06-02 06:00:00,0.06967207,-0.08167017,4331787.087405169,-474407.8424903363,0.0
2309,21.59882,47.0,-6.25,2024-06-02 06:00:00,0.08098679,-0.09036819,4331787.087405169,-474407.8424903363,0.0
2489,25.21141,47.0,-6.25,2024-06-02 06:00:00,0.04707945,-0.13384716,4331787.087405169,-474407.8424903363,0.0
2669,29.44473,47.0,-6.25,2024-06-02 06:00:00,0.04149651,-0.117736176,4331787.087405169,-474407.8424903363,0.0
2849,34.43415,47.0,-6.25,2024-06-02 06:00:00,0.04905479,-0.07354124,4331787.087405169,-474407.8424903363,0.0
3029,40.34405,47.0,-6.25,2024-06-02 06:00:00,0.06327065,-0.030192012,4331787.087405169,-474407.8424903363,0.0
3209,47.37369,47.0,-6.25,2024-06-02 06:00:00,0.074394405,-0.01632724,4331787.087405169,-474407.8424903363,0.0
3389,55.76429,47.0,-6.25,2024-06-02 06:00:00,0.07309172,-0.027101073,4331787.087405169,-474407.8424903363,0.0
3569,65.80727,47.0,-6.25,2024-06-02 06:00:00,0.06796395,-0.04901612,4331787.087405169,-474407.8424903363,0.0
3749,77.85385,47.0,-6.25,2024-06-02 06:00:00,0.06285932,-0.066935405,4331787.087405169,-474407.8424903363,0.0
3929,92.32607,47.0,-6.25,2024-06-02 06:00:00,0.07158322,-0.08181063,4331787.087405169,-474407.8424903363,0.0
4109,109.7293,47.0,-6.25,2024-06-02 06:00:00,0.08922348,-0.09676735,4331787.087405169,-474407.8424903363,0.0
4289,130.666,47.0,-6.25,2024-06-02 06:00:00,0.10238516,-0.10037417,4331787.087405169,-474407.8424903363,0.0
4469,155.8507,47.0,-6.25,2024-06-02 06:00:00,0.107094325,-0.11039098,4331787.087405169,-474407.8424903363,0.0
4649,186.1256,47.0,-6.25,2024-06-02 06:00:00,0.10571771,-0.118828624,4331787.087405169,-474407.8424903363,0.0
4829,222.4752,47.0,-6.25,2024-06-02 06:00:00,0.095782354,-0.11380891,4331787.087405169,-474407.8424903363,0.0
5009,266.0403,47.0,-6.25,2024-06-02 06:00:00,0.09542969,-0.110845804,4331787.087405169,-474407.8424903363,0.0
5189,318.1274,47.0,-6.25,2024-06-02 06:00:00,0.10277689,-0.10364108,4331787.087405169,-474407.8424903363,0.0
5369,380.213,47.0,-6.25,2024-06-02 06:00:00,0.10265974,-0.099083334,4331787.087405169,-474407.8424903363,0.0
5549,453.9377,47.0,-6.25,2024-06-02 06:00:00,0.096321344,-0.0924485,4331787.087405169,-474407.8424903363,0.0
5729,541.0889,47.0,-6.25,2024-06-02 06:00:00,0.08989951,-0.09388319,4331787.087405169,-474407.8424903363,0.0
5909,643.5668,47.0,-6.25,2024-06-02 06:00:00,0.09202975,-0.08255541,4331787.087405169,-474407.8424903363,0.0
6089,763.3331,47.0,-6.25,2024-06-02 06:00:00,0.107253,-0.08059674,4331787.087405169,-474407.8424903363,0.0
6269,902.3393,47.0,-6.25,2024-06-02 06:00:00,0.121724725,-0.09532499,4331787.087405169,-474407.8424903363,0.0
158,0.494025,47.0,-6.1666565,2024-06-02 06:00:00,0.015655065,-0.04945448,4332472.586781167,-468106.2447951276,0.0
338,1.541375,47.0,-6.1666565,2024-06-02 06:00:00,0.019167107,-0.046321806,4332472.586781167,-468106.2447951276,0.0
518,2.645669,47.0,-6.1666565,2024-06-02 06:00:00,0.022731569,-0.0434323,4332472.586781167,-468106.2447951276,0.0
698,3.819495,47.0,-6.1666565,2024-06-02 06:00:00,0.02625043,-0.040848136,4332472.586781167,-468106.2447951276,0.0
878,5.078224,47.0,-6.1666565,2024-06-02 06:00:00,0.029665174,-0.038589697,4332472.586781167,-468106.2447951276,0.0
1058,6.440614,47.0,-6.1666565,2024-06-02 06:00:00,0.032946456,-0.03665408,4332472.586781167,-468106.2447951276,0.0
1238,7.92956,47.0,-6.1666565,2024-06-02 06:00:00,0.03608235,-0.035030328,4332472.586781167,-468106.2447951276,0.0
1418,9.572997,47.0,-6.1666565,2024-06-02 06:00:00,0.039067645,-0.033710565,4332472.586781167,-468106.2447951276,0.0
1598,11.405,47.0,-6.1666565,2024-06-02 06:00:00,0.041901957,-0.032696653,4332472.586781167,-468106.2447951276,0.0
1778,13.46714,47.0,-6.1666565,2024-06-02 06:00:00,0.044606134,-0.03200828,4332472.586781167,-468106.2447951276,0.0
1958,15.81007,47.0,-6.1666565,2024-06-02 06:00:00,0.047276065,-0.031717617,4332472.586781167,-468106.2447951276,0.0
2138,18.49556,47.0,-6.1666565,2024-06-02 06:00:00,0.05062677,-0.032271966,4332472.586781167,-468106.2447951276,0.0
2318,21.59882,47.0,-6.1666565,2024-06-02 06:00:00,0.059885,-0.03908329,4332472.586781167,-468106.2447951276,0.0
2498,25.21141,47.0,-6.1666565,2024-06-02 06:00:00,0.033583563,-0.08973524,4332472.586781167,-468106.2447951276,0.0
2678,29.44473,47.0,-6.1666565,2024-06-02 06:00:00,0.017747829,-0.08508532,4332472.586781167,-468106.2447951276,0.0
2858,34.43415,47.0,-6.1666565,2024-06-02 06:00:00,0.013199614,-0.045498222,4332472.586781167,-468106.2447951276,0.0
3038,40.34405,47.0,-6.1666565,2024-06-02 06:00:00,0.014509275,-0.0077346764,4332472.586781167,-468106.2447951276,0.0
3218,47.37369,47.0,-6.1666565,2024-06-02 06:00:00,0.016834097,0.0018223217,4332472.586781167,-468106.2447951276,0.0
3398,55.76429,47.0,-6.1666565,2024-06-02 06:00:00,0.013996391,-0.008725818,4332472.586781167,-468106.2447951276,0.0
3578,65.80727,47.0,-6.1666565,2024-06-02 06:00:00,0.013553326,-0.025460694,4332472.586781167,-468106.2447951276,0.0
3758,77.85385,47.0,-6.1666565,2024-06-02 06:00:00,0.016907915,-0.03732231,4332472.586781167,-468106.2447951276,0.0
3938,92.32607,47.0,-6.1666565,2024-06-02 06:00:00,0.0315671,-0.04791367,4332472.586781167,-468106.2447951276,0.0
4118,109.7293,47.0,-6.1666565,2024-06-02 06:00:00,0.045503028,-0.060217336,4332472.586781167,-468106.2447951276,0.0
4298,130.666,47.0,-6.1666565,2024-06-02 06:00:00,0.05717405,-0.06473123,4332472.586781167,-468106.2447951276,0.0
4478,155.8507,47.0,-6.1666565,2024-06-02 06:00:00,0.06833181,-0.0864712,4332472.586781167,-468106.2447951276,0.0
4658,186.1256,47.0,-6.1666565,2024-06-02 06:00:00,0.075120576,-0.102791466,4332472.586781167,-468106.2447951276,0.0
4838,222.4752,47.0,-6.1666565,2024-06-02 06:00:00,0.079428636,-0.095756814,4332472.586781167,-468106.2447951276,0.0
5018,266.0403,47.0,-6.1666565,2024-06-02 06:00:00,0.08863028,-0.09561482,4332472.586781167,-468106.2447951276,0.0
5198,318.1274,47.0,-6.1666565,2024-06-02 06:00:00,0.100010574,-0.0905184,4332472.586781167,-468106.2447951276,0.0
5378,380.213,47.0,-6.1666565,2024-06-02 06:00:00,0.0986973,-0.08587518,4332472.586781167,-468106.2447951276,0.0
5558,453.9377,47.0,-6.1666565,2024-06-02 06:00:00,0.08912672,-0.082665525,4332472.586781167,-468106.2447951276,0.0
5738,541.0889,47.0,-6.1666565,2024-06-02 06:00:00,0.07737042,-0.08190217,4332472.586781167,-468106.2447951276,0.0
5918,643.5668,47.0,-6.1666565,2024-06-02 06:00:00,0.076541595,-0.07348569,4332472.586781167,-468106.2447951276,0.0
6098,763.3331,47.0,-6.1666565,2024-06-02 06:00:00,0.088080496,-0.07188473,4332472.586781167,-468106.2447951276,0.0
6278,902.3393,47.0,-6.1666565,2024-06-02 06:00:00,0.09170757,-0.06729337,4332472.586781167,-468106.2447951276,0.0
167,0.494025,47.0,-6.0833282,2024-06-02 06:00:00,0.012753718,-0.008133345,4333148.796028124,-461804.81061430223,0.0
347,1.541375,47.0,-6.0833282,2024-06-02 06:00:00,0.016207213,-0.00496382,4333148.796028124,-461804.81061430223,0.0
527,2.645669,47.0,-6.0833282,2024-06-02 06:00:00,0.019712137,-0.0020504748,4333148.796028124,-461804.81061430223,0.0
707,3.819495,47.0,-6.0833282,2024-06-02 06:00:00,0.023175064,0.0005444285,4333148.796028124,-461804.81061430223,0.0
887,5.078224,47.0,-6.0833282,2024-06-02 06:00:00,0.026541376,0.0028003356,4333148.796028124,-461804.81061430223,0.0
1067,6.440614,47.0,-6.0833282,2024-06-02 06:00:00,0.029784547,0.0047194413,4333148.796028124,-461804.81061430223,0.0
1247,7.92956,47.0,-6.0833282,2024-06-02 06:00:00,0.032895304,0.006311887,4333148.796028124,-461804.81061430223,0.0
1427,9.572997,47.0,-6.0833282,2024-06-02 06:00:00,0.035872784,0.007584747,4333148.796028124,-461804.81061430223,0.0
1607,11.405,47.0,-6.0833282,2024-06-02 06:00:00,0.038725942,0.008535345,4333148.796028124,-461804.81061430223,0.0
1787,13.46714,47.0,-6.0833282,2024-06-02 06:00:00,0.041500084,0.0091423085,4333148.796028124,-461804.81061430223,0.0
1967,15.81007,47.0,-6.0833282,2024-06-02 06:00:00,0.044404108,0.009324114,4333148.796028124,-461804.81061430223,0.0
2147,18.49556,47.0,-6.0833282,2024-06-02 06:00:00,0.04873781,0.008604241,4333148.796028124,-461804.81061430223,0.0
2327,21.59882,47.0,-6.0833282,2024-06-02 06:00:00,0.06255837,-0.0017809307,4333148.796028124,-461804.81061430223,0.0
2507,25.21141,47.0,-6.0833282,2024-06-02 06:00:00,0.037186354,-0.056441635,4333148.796028124,-461804.81061430223,0.0
2687,29.44473,47.0,-6.0833282,2024-06-02 06:00:00,0.014216672,-0.0591209,4333148.796028124,-461804.81061430223,0.0
2867,34.43415,47.0,-6.0833282,2024-06-02 06:00:00,0.0042146984,-0.026508303,4333148.796028124,-461804.81061430223,0.0
3047,40.34405,47.0,-6.0833282,2024-06-02 06:00:00,-0.0046121515,-0.00035292175,4333148.796028124,-461804.81061430223,0.0
3227,47.37369,47.0,-6.0833282,2024-06-02 06:00:00,-0.01357332,0.0019964562,4333148.796028124,-461804.81061430223,0.0
3407,55.76429,47.0,-6.0833282,2024-06-02 06:00:00,-0.023295613,-0.0083709955,4333148.796028124,-461804.81061430223,0.0
3587,65.80727,47.0,-6.0833282,2024-06-02 06:00:00,-0.029013151,-0.018672792,4333148.796028124,-461804.81061430223,0.0
3767,77.85385,47.0,-6.0833282,2024-06-02 06:00:00,-0.028423384,-0.02256098,4333148.796028124,-461804.81061430223,0.0
3947,92.32607,47.0,-6.0833282,2024-06-02 06:00:00,-0.013951773,-0.02497686,4333148.796028124,-461804.81061430223,0.0
4127,109.7293,47.0,-6.0833282,2024-06-02 06:00:00,-0.0027345265,-0.03595051,4333148.796028124,-461804.81061430223,0.0
4307,130.666,47.0,-6.0833282,2024-06-02 06:00:00,0.006342726,-0.041473363,4333148.796028124,-461804.81061430223,0.0
4487,155.8507,47.0,-6.0833282,2024-06-02 06:00:00,0.024879174,-0.06197716,4333148.796028124,-461804.81061430223,0.0
4667,186.1256,47.0,-6.0833282,2024-06-02 06:00:00,0.035516288,-0.07745647,4333148.796028124,-461804.81061430223,0.0
4847,222.4752,47.0,-6.0833282,2024-06-02 06:00:00,0.061197855,-0.07481145,4333148.796028124,-461804.81061430223,0.0
5027,266.0403,47.0,-6.0833282,2024-06-02 06:00:00,0.07237843,-0.066757225,4333148.796028124,-461804.81061430223,0.0
5207,318.1274,47.0,-6.0833282,2024-06-02 06:00:00,0.08232558,-0.066467546,4333148.796028124,-461804.81061430223,0.0
5387,380.213,47.0,-6.0833282,2024-06-02 06:00:00,0.085898414,-0.081718236,4333148.796028124,-461804.81061430223,0.0
5567,453.9377,47.0,-6.0833282,2024-06-02 06:00:00,0.06806188,-0.07424788,4333148.796028124,-461804.81061430223,0.0
5747,541.0889,47.0,-6.0833282,2024-06-02 06:00:00,0.06494183,-0.066155985,4333148.796028124,-461804.81061430223,0.0
5927,643.5668,47.0,-6.0833282,2024-06-02 06:00:00,0.064359695,-0.047546547,4333148.796028124,-461804.81061430223,0.0
6107,763.3331,47.0,-6.0833282,2024-06-02 06:00:00,0.06414357,-0.036566023,4333148.796028124,-461804.81061430223,0.0
6287,902.3393,47.0,-6.0833282,2024-06-02 06:00:00,0.06719715,-0.050369803,4333148.796028124,-461804.81061430223,0.0
176,0.494025,47.0,-6.0,2024-06-02 06:00:00,0.012485924,0.007217486,4333815.840058059,-455502.3996515776,0.0
356,1.541375,47.0,-6.0,2024-06-02 06:00:00,0.015891667,0.010403619,4333815.840058059,-455502.3996515776,0.0
536,2.645669,47.0,-6.0,2024-06-02 06:00:00,0.019345827,0.013325161,4333815.840058059,-455502.3996515776,0.0
716,3.819495,47.0,-6.0,2024-06-02 06:00:00,0.022761276,0.015922798,4333815.840058059,-455502.3996515776,0.0
896,5.078224,47.0,-6.0,2024-06-02 06:00:00,0.02609029,0.01817839,4333815.840058059,-455502.3996515776,0.0
1076,6.440614,47.0,-6.0,2024-06-02 06:00:00,0.029312104,0.020093929,4333815.840058059,-455502.3996515776,0.0
1256,7.92956,47.0,-6.0,2024-06-02 06:00:00,0.032422937,0.02167693,4333815.840058059,-455502.3996515776,0.0
1436,9.572997,47.0,-6.0,2024-06-02 06:00:00,0.03543091,0.022929974,4333815.840058059,-455502.3996515776,0.0
1616,11.405,47.0,-6.0,2024-06-02 06:00:00,0.03835884,0.023842689,4333815.840058059,-455502.3996515776,0.0
1796,13.46714,47.0,-6.0,2024-06-02 06:00:00,0.041339837,0.024375213,4333815.840058059,-455502.3996515776,0.0
1976,15.81007,47.0,-6.0,2024-06-02 06:00:00,0.04497432,0.024362544,4333815.840058059,-455502.3996515776,0.0
2156,18.49556,47.0,-6.0,2024-06-02 06:00:00,0.05436631,0.02241623,4333815.840058059,-455502.3996515776,0.0
2336,21.59882,47.0,-6.0,2024-06-02 06:00:00,0.07461538,0.001503028,4333815.840058059,-455502.3996515776,0.0
2516,25.21141,47.0,-6.0,2024-06-02 06:00:00,0.03487065,-0.05478444,4333815.840058059,-455502.3996515776,0.0
2696,29.44473,47.0,-6.0,2024-06-02 06:00:00,0.012668804,-0.043637343,4333815.840058059,-455502.3996515776,0.0
2876,34.43415,47.0,-6.0,2024-06-02 06:00:00,0.0002908772,-0.015257108,4333815.840058059,-455502.3996515776,0.0
3056,40.34405,47.0,-6.0,2024-06-02 06:00:00,-0.013530192,0.0076286336,4333815.840058059,-455502.3996515776,0.0
3236,47.37369,47.0,-6.0,2024-06-02 06:00:00,-0.02703077,0.01503632,4333815.840058059,-455502.3996515776,0.0
3416,55.76429,47.0,-6.0,2024-06-02 06:00:00,-0.042079337,0.017561996,4333815.840058059,-455502.3996515776,0.0
3596,65.80727,47.0,-6.0,2024-06-02 06:00:00,-0.05530823,0.017289564,4333815.840058059,-455502.3996515776,0.0
3776,77.85385,47.0,-6.0,2024-06-02 06:00:00,-0.061524466,0.014027221,4333815.840058059,-455502.3996515776,0.0
3956,92.32607,47.0,-6.0,2024-06-02 06:00:00,-0.052731,0.00753518,4333815.840058059,-455502.3996515776,0.0
4136,109.7293,47.0,-6.0,2024-06-02 06:00:00,-0.04660551,-0.0061790785,4333815.840058059,-455502.3996515776,0.0
4316,130.666,47.0,-6.0,2024-06-02 06:00:00,-0.038910884,-0.014596085,4333815.840058059,-455502.3996515776,0.0
4496,155.8507,47.0,-6.0,2024-06-02 06:00:00,-0.01954882,-0.030118065,4333815.840058059,-455502.3996515776,0.0
4676,186.1256,47.0,-6.0,2024-06-02 06:00:00,-0.0050052768,-0.04526955,4333815.840058059,-455502.3996515776,0.0
4856,222.4752,47.0,-6.0,2024-06-02 06:00:00,0.0329334,-0.058446262,4333815.840058059,-455502.3996515776,0.0
5036,266.0403,47.0,-6.0,2024-06-02 06:00:00,0.05244177,-0.06334173,4333815.840058059,-455502.3996515776,0.0
5216,318.1274,47.0,-6.0,2024-06-02 06:00:00,0.055717956,-0.061316025,4333815.840058059,-455502.3996515776,0.0
5396,380.213,47.0,-6.0,2024-06-02 06:00:00,0.04927056,-0.054179378,4333815.840058059,-455502.3996515776,0.0
5576,453.9377,47.0,-6.0,2024-06-02 06:00:00,0.032765985,-0.036662184,4333815.840058059,-455502.3996515776,0.0
5756,541.0889,47.0,-6.0,2024-06-02 06:00:00,0.043947387,-0.037316274,4333815.840058059,-455502.3996515776,0.0
5936,643.5668,47.0,-6.0,2024-06-02 06:00:00,0.05615899,-0.040689696,4333815.840058059,-455502.3996515776,0.0
6116,763.3331,47.0,-6.0,2024-06-02 06:00:00,0.04885694,-0.0187355,4333815.840058059,-455502.3996515776,0.0
6296,902.3393,47.0,-6.0,2024-06-02 06:00:00,0.052873943,-0.028977811,4333815.840058059,-455502.3996515776,0.0
6,0.494025,46.66667,-6.25,2024-06-02 12:00:00,0.026059384,-0.07553513,4358653.3150161095,-477350.1729464703,0.0
186,1.541375,46.66667,-6.25,2024-06-02 12:00:00,0.029069696,-0.071852215,4358653.3150161095,-477350.1729464703,0.0
366,2.645669,46.66667,-6.25,2024-06-02 12:00:00,0.03207281,-0.06845904,4358653.3150161095,-477350.1729464703,0.0
546,3.819495,46.66667,-6.25,2024-06-02 12:00:00,0.035107862,-0.06531775,4358653.3150161095,-477350.1729464703,0.0
726,5.078224,46.66667,-6.25,2024-06-02 12:00:00,0.038389858,-0.062251188,4358653.3150161095,-477350.1729464703,0.0
906,6.440614,46.66667,-6.25,2024-06-02 12:00:00,0.042504422,-0.058833558,4358653.3150161095,-477350.1729464703,0.0
1086,7.92956,46.66667,-6.25,2024-06-02 12:00:00,0.04973136,-0.05409453,4358653.3150161095,-477350.1729464703,0.0
1266,9.572997,46.66667,-6.25,2024-06-02 12:00:00,0.061539132,-0.049004197,4358653.3150161095,-477350.1729464703,0.0
1446,11.405,46.66667,-6.25,2024-06-02 12:00:00,0.0753416,-0.046940126,4358653.3150161095,-477350.1729464703,0.0
1626,13.46714,46.66667,-6.25,2024-06-02 12:00:00,0.08683938,-0.049350146,4358653.3150161095,-477350.1729464703,0.0
1806,15.81007,46.66667,-6.25,2024-06-02 12:00:00,0.09521998,-0.055044103,4358653.3150161095,-477350.1729464703,0.0
1986,18.49556,46.66667,-6.25,2024-06-02 12:00:00,0.10293164,-0.064790204,4358653.3150161095,-477350.1729464703,0.0
2166,21.59882,46.66667,-6.25,2024-06-02 12:00:00,0.105214186,-0.093430966,4358653.3150161095,-477350.1729464703,0.0
2346,25.21141,46.66667,-6.25,2024-06-02 12:00:00,0.0363821,-0.069861695,4358653.3150161095,-477350.1729464703,0.0
2526,29.44473,46.66667,-6.25,2024-06-02 12:00:00,0.03116554,-0.042437993,4358653.3150161095,-477350.1729464703,0.0
2706,34.43415,46.66667,-6.25,2024-06-02 12:00:00,0.045786723,-0.04608522,4358653.3150161095,-477350.1729464703,0.0
2886,40.34405,46.66667,-6.25,2024-06-02 12:00:00,0.060725465,-0.041914657,4358653.3150161095,-477350.1729464703,0.0
3066,47.37369,46.66667,-6.25,2024-06-02 12:00:00,0.058723442,-0.04206015,4358653.3150161095,-477350.1729464703,0.0
3246,55.76429,46.66667,-6.25,2024-06-02 12:00:00,0.0432833,-0.037685174,4358653.3150161095,-477350.1729464703,0.0
3426,65.80727,46.66667,-6.25,2024-06-02 12:00:00,0.036765918,-0.030154226,4358653.3150161095,-477350.1729464703,0.0
3606,77.85385,46.66667,-6.25,2024-06-02 12:00:00,0.0372622,-0.025772952,4358653.3150161095,-477350.1729464703,0.0
3786,92.32607,46.66667,-6.25,2024-06-02 12:00:00,0.027724648,-0.022672921,4358653.3150161095,-477350.1729464703,0.0
3966,109.7293,46.66667,-6.25,2024-06-02 12:00:00,0.007516261,-0.018617345,4358653.3150161095,-477350.1729464703,0.0
4146,130.666,46.66667,-6.25,2024-06-02 12:00:00,-0.0066629443,-0.018556718,4358653.3150161095,-477350.1729464703,0.0
4326,155.8507,46.66667,-6.25,2024-06-02 12:00:00,-0.01453762,-0.012753547,4358653.3150161095,-477350.1729464703,0.0
4506,186.1256,46.66667,-6.25,2024-06-02 12:00:00,-0.014905985,-0.004948381,4358653.3150161095,-477350.1729464703,0.0
4686,222.4752,46.66667,-6.25,2024-06-02 12:00:00,-0.02762551,-0.005111334,4358653.3150161095,-477350.1729464703,0.0
4866,266.0403,46.66667,-6.25,2024-06-02 12:00:00,-0.049115535,-0.0053115627,4358653.3150161095,-477350.1729464703,0.0
5046,318.1274,46.66667,-6.25,2024-06-02 12:00:00,-0.056954816,-0.0024045685,4358653.3150161095,-477350.1729464703,0.0
5226,380.213,46.66667,-6.25,2024-06-02 12:00:00,-0.055780895,-0.0009613021,4358653.3150161095,-477350.1729464703,0.0
5406,453.9377,46.66667,-6.25,2024-06-02 12:00:00,-0.05687283,-0.011478128,4358653.3150161095,-477350.1729464703,0.0
5586,541.0889,46.66667,-6.25,2024-06-02 12:00:00,-0.054083165,-0.022817615,4358653.3150161095,-477350.1729464703,0.0
5766,643.5668,46.66667,-6.25,2024-06-02 12:00:00,-0.05535131,-0.025067914,4358653.3150161095,-477350.1729464703,0.0
5946,763.3331,46.66667,-6.25,2024-06-02 12:00:00,-0.039271113,-0.037172094,4358653.3150161095,-477350.1729464703,0.0
6126,902.3393,46.66667,-6.25,2024-06-02 12:00:00,-0.015232437,-0.05545757,4358653.3150161095,-477350.1729464703,0.0
15,0.494025,46.66667,-6.1666565,2024-06-02 12:00:00,0.07524027,-0.09963953,4359343.065935845,-471009.49203812674,0.0
195,1.541375,46.66667,-6.1666565,2024-06-02 12:00:00,0.07827393,-0.09594981,4359343.065935845,-471009.49203812674,0.0
375,2.645669,46.66667,-6.1666565,2024-06-02 12:00:00,0.08130146,-0.092550986,4359343.065935845,-471009.49203812674,0.0
555,3.819495,46.66667,-6.1666565,2024-06-02 12:00:00,0.08436474,-0.08940277,4359343.065935845,-471009.49203812674,0.0
735,5.078224,46.66667,-6.1666565,2024-06-02 12:00:00,0.08768783,-0.08631921,4359343.065935845,-471009.49203812674,0.0
915,6.440614,46.66667,-6.1666565,2024-06-02 12:00:00,0.091881625,-0.082839355,4359343.065935845,-471009.49203812674,0.0
1095,7.92956,46.66667,-6.1666565,2024-06-02 12:00:00,0.09928986,-0.07802846,4359343.065935845,-471009.49203812674,0.0
1275,9.572997,46.66667,-6.1666565,2024-06-02 12:00:00,0.11118189,-0.07307918,4359343.065935845,-471009.49203812674,0.0
1455,11.405,46.66667,-6.1666565,2024-06-02 12:00:00,0.12451984,-0.07131891,4359343.065935845,-471009.49203812674,0.0
1635,13.46714,46.66667,-6.1666565,2024-06-02 12:00:00,0.13527142,-0.073811695,4359343.065935845,-471009.49203812674,0.0
1815,15.81007,46.66667,-6.1666565,2024-06-02 12:00:00,0.14290257,-0.07931127,4359343.065935845,-471009.49203812674,0.0
1995,18.49556,46.66667,-6.1666565,2024-06-02 12:00:00,0.14883985,-0.08888433,4359343.065935845,-471009.49203812674,0.0
2175,21.59882,46.66667,-6.1666565,2024-06-02 12:00:00,0.1390065,-0.11107597,4359343.065935845,-471009.49203812674,0.0
2355,25.21141,46.66667,-6.1666565,2024-06-02 12:00:00,0.07574232,-0.08911564,4359343.065935845,-471009.49203812674,0.0
2535,29.44473,46.66667,-6.1666565,2024-06-02 12:00:00,0.080277994,-0.062181566,4359343.065935845,-471009.49203812674,0.0
2715,34.43415,46.66667,-6.1666565,2024-06-02 12:00:00,0.09235815,-0.06803174,4359343.065935845,-471009.49203812674,0.0
2895,40.34405,46.66667,-6.1666565,2024-06-02 12:00:00,0.10126314,-0.068304256,4359343.065935845,-471009.49203812674,0.0
3075,47.37369,46.66667,-6.1666565,2024-06-02 12:00:00,0.096541055,-0.06828461,4359343.065935845,-471009.49203812674,0.0
3255,55.76429,46.66667,-6.1666565,2024-06-02 12:00:00,0.08369748,-0.062479276,4359343.065935845,-471009.49203812674,0.0
3435,65.80727,46.66667,-6.1666565,2024-06-02 12:00:00,0.07806458,-0.054482445,4359343.065935845,-471009.49203812674,0.0
3615,77.85385,46.66667,-6.1666565,2024-06-02 12:00:00,0.075665675,-0.04790666,4359343.065935845,-471009.49203812674,0.0
3795,92.32607,46.66667,-6.1666565,2024-06-02 12:00:00,0.065525755,-0.04163335,4359343.065935845,-471009.49203812674,0.0
3975,109.7293,46.66667,-6.1666565,2024-06-02 12:00:00,0.04314186,-0.036590636,4359343.065935845,-471009.49203812674,0.0
4155,130.666,46.66667,-6.1666565,2024-06-02 12:00:00,0.021289943,-0.03332407,4359343.065935845,-471009.49203812674,0.0
4335,155.8507,46.66667,-6.1666565,2024-06-02 12:00:00,0.0040038917,-0.023377974,4359343.065935845,-471009.49203812674,0.0
4515,186.1256,46.66667,-6.1666565,2024-06-02 12:00:00,-0.0070157936,-0.010383857,4359343.065935845,-471009.49203812674,0.0
4695,222.4752,46.66667,-6.1666565,2024-06-02 12:00:00,-0.020449502,-0.0048272884,4359343.065935845,-471009.49203812674,0.0
4875,266.0403,46.66667,-6.1666565,2024-06-02 12:00:00,-0.025165554,-0.002143907,4359343.065935845,-471009.49203812674,0.0
5055,318.1274,46.66667,-6.1666565,2024-06-02 12:00:00,-0.027925368,-0.0030516898,4359343.065935845,-471009.49203812674,0.0
5235,380.213,46.66667,-6.1666565,2024-06-02 12:00:00,-0.03457013,-0.006927912,4359343.065935845,-471009.49203812674,0.0
5415,453.9377,46.66667,-6.1666565,2024-06-02 12:00:00,-0.036521096,-0.0201049,4359343.065935845,-471009.49203812674,0.0
5595,541.0889,46.66667,-6.1666565,2024-06-02 12:00:00,-0.037911747,-0.033775784,4359343.065935845,-471009.49203812674,0.0
5775,643.5668,46.66667,-6.1666565,2024-06-02 12:00:00,-0.021604706,-0.04548679,4359343.065935845,-471009.49203812674,0.0
5955,763.3331,46.66667,-6.1666565,2024-06-02 12:00:00,-0.011882419,-0.06321961,4359343.065935845,-471009.49203812674,0.0
6135,902.3393,46.66667,-6.1666565,2024-06-02 12:00:00,0.004149558,-0.07573146,4359343.065935845,-471009.49203812674,0.0
24,0.494025,46.66667,-6.0833282,2024-06-02 12:00:00,0.12570558,-0.13341106,4360023.469108121,-464668.9756583009,0.0
204,1.541375,46.66667,-6.0833282,2024-06-02 12:00:00,0.12879403,-0.12972966,4360023.469108121,-464668.9756583009,0.0
384,2.645669,46.66667,-6.0833282,2024-06-02 12:00:00,0.13188308,-0.1263403,4360023.469108121,-464668.9756583009,0.0
564,3.819495,46.66667,-6.0833282,2024-06-02 12:00:00,0.13502055,-0.123199046,4360023.469108121,-464668.9756583009,0.0
744,5.078224,46.66667,-6.0833282,2024-06-02 12:00:00,0.13845168,-0.12010719,4360023.469108121,-464668.9756583009,0.0
924,6.440614,46.66667,-6.0833282,2024-06-02 12:00:00,0.1428679,-0.11655222,4360023.469108121,-464668.9756583009,0.0
1104,7.92956,46.66667,-6.0833282,2024-06-02 12:00:00,0.15070383,-0.11165977,4360023.469108121,-464668.9756583009,0.0
1284,9.572997,46.66667,-6.0833282,2024-06-02 12:00:00,0.16282701,-0.10698319,4360023.469108121,-464668.9756583009,0.0
1464,11.405,46.66667,-6.0833282,2024-06-02 12:00:00,0.1759862,-0.10570304,4360023.469108121,-464668.9756583009,0.0
1644,13.46714,46.66667,-6.0833282,2024-06-02 12:00:00,0.18654168,-0.10840609,4360023.469108121,-464668.9756583009,0.0
1824,15.81007,46.66667,-6.0833282,2024-06-02 12:00:00,0.19389424,-0.11375376,4360023.469108121,-464668.9756583009,0.0
2004,18.49556,46.66667,-6.0833282,2024-06-02 12:00:00,0.19843714,-0.12202922,4360023.469108121,-464668.9756583009,0.0
2184,21.59882,46.66667,-6.0833282,2024-06-02 12:00:00,0.19185384,-0.13512994,4360023.469108121,-464668.9756583009,0.0
2364,25.21141,46.66667,-6.0833282,2024-06-02 12:00:00,0.13839066,-0.11688881,4360023.469108121,-464668.9756583009,0.0
2544,29.44473,46.66667,-6.0833282,2024-06-02 12:00:00,0.131002,-0.095160484,4360023.469108121,-464668.9756583009,0.0
2724,34.43415,46.66667,-6.0833282,2024-06-02 12:00:00,0.13478982,-0.10350405,4360023.469108121,-464668.9756583009,0.0
2904,40.34405,46.66667,-6.0833282,2024-06-02 12:00:00,0.14042428,-0.1085117,4360023.469108121,-464668.9756583009,0.0
3084,47.37369,46.66667,-6.0833282,2024-06-02 12:00:00,0.1352171,-0.10950512,4360023.469108121,-464668.9756583009,0.0
3264,55.76429,46.66667,-6.0833282,2024-06-02 12:00:00,0.12491909,-0.10401214,4360023.469108121,-464668.9756583009,0.0
3444,65.80727,46.66667,-6.0833282,2024-06-02 12:00:00,0.12002797,-0.095910564,4360023.469108121,-464668.9756583009,0.0
3624,77.85385,46.66667,-6.0833282,2024-06-02 12:00:00,0.116570964,-0.085897975,4360023.469108121,-464668.9756583009,0.0
3804,92.32607,46.66667,-6.0833282,2024-06-02 12:00:00,0.10681459,-0.07574326,4360023.469108121,-464668.9756583009,0.0
3984,109.7293,46.66667,-6.0833282,2024-06-02 12:00:00,0.08187534,-0.069633745,4360023.469108121,-464668.9756583009,0.0
4164,130.666,46.66667,-6.0833282,2024-06-02 12:00:00,0.053989787,-0.06387961,4360023.469108121,-464668.9756583009,0.0
4344,155.8507,46.66667,-6.0833282,2024-06-02 12:00:00,0.032323007,-0.051148005,4360023.469108121,-464668.9756583009,0.0
4524,186.1256,46.66667,-6.0833282,2024-06-02 12:00:00,0.019329611,-0.03463105,4360023.469108121,-464668.9756583009,0.0
4704,222.4752,46.66667,-6.0833282,2024-06-02 12:00:00,0.009722294,-0.025195664,4360023.469108121,-464668.9756583009,0.0
4884,266.0403,46.66667,-6.0833282,2024-06-02 12:00:00,0.009056401,-0.016382081,4360023.469108121,-464668.9756583009,0.0
5064,318.1274,46.66667,-6.0833282,2024-06-02 12:00:00,0.006609638,-0.018252118,4360023.469108121,-464668.9756583009,0.0
5244,380.213,46.66667,-6.0833282,2024-06-02 12:00:00,0.0012241465,-0.023951406,4360023.469108121,-464668.9756583009,0.0
5424,453.9377,46.66667,-6.0833282,2024-06-02 12:00:00,-0.008945889,-0.029946811,4360023.469108121,-464668.9756583009,0.0
5604,541.0889,46.66667,-6.0833282,2024-06-02 12:00:00,-0.006800307,-0.039564177,4360023.469108121,-464668.9756583009,0.0
5784,643.5668,46.66667,-6.0833282,2024-06-02 12:00:00,0.008223965,-0.058563177,4360023.469108121,-464668.9756583009,0.0
5964,763.3331,46.66667,-6.0833282,2024-06-02 12:00:00,0.011834123,-0.079871036,4360023.469108121,-464668.9756583009,0.0
6144,902.3393,46.66667,-6.0833282,2024-06-02 12:00:00,0.03913917,-0.09725573,4360023.469108121,-464668.9756583009,0.0
33,0.494025,46.66667,-6.0,2024-06-02 12:00:00,0.14948237,-0.1596889,4360694.650219674,-458327.4764384654,0.0
213,1.541375,46.66667,-6.0,2024-06-02 12:00:00,0.15263401,-0.15601872,4360694.650219674,-458327.4764384654,0.0
393,2.645669,46.66667,-6.0,2024-06-02 12:00:00,0.15580116,-0.1526437,4360694.650219674,-458327.4764384654,0.0
573,3.819495,46.66667,-6.0,2024-06-02 12:00:00,0.15903734,-0.14951755,4360694.650219674,-458327.4764384654,0.0
753,5.078224,46.66667,-6.0,2024-06-02 12:00:00,0.16261154,-0.14643411,4360694.650219674,-458327.4764384654,0.0
933,6.440614,46.66667,-6.0,2024-06-02 12:00:00,0.16738464,-0.14282617,4360694.650219674,-458327.4764384654,0.0
1113,7.92956,46.66667,-6.0,2024-06-02 12:00:00,0.17582217,-0.13794139,4360694.650219674,-458327.4764384654,0.0
1293,9.572997,46.66667,-6.0,2024-06-02 12:00:00,0.18843578,-0.1336489,4360694.650219674,-458327.4764384654,0.0
1473,11.405,46.66667,-6.0,2024-06-02 12:00:00,0.20190567,-0.1328756,4360694.650219674,-458327.4764384654,0.0
1653,13.46714,46.66667,-6.0,2024-06-02 12:00:00,0.21311568,-0.13586906,4360694.650219674,-458327.4764384654,0.0
1833,15.81007,46.66667,-6.0,2024-06-02 12:00:00,0.2213238,-0.14129342,4360694.650219674,-458327.4764384654,0.0
2013,18.49556,46.66667,-6.0,2024-06-02 12:00:00,0.22669375,-0.14867638,4360694.650219674,-458327.4764384654,0.0
2193,21.59882,46.66667,-6.0,2024-06-02 12:00:00,0.22895426,-0.16074008,4360694.650219674,-458327.4764384654,0.0
2373,25.21141,46.66667,-6.0,2024-06-02 12:00:00,0.17745987,-0.14576676,4360694.650219674,-458327.4764384654,0.0
2553,29.44473,46.66667,-6.0,2024-06-02 12:00:00,0.15791985,-0.12082567,4360694.650219674,-458327.4764384654,0.0
2733,34.43415,46.66667,-6.0,2024-06-02 12:00:00,0.15720856,-0.12785846,4360694.650219674,-458327.4764384654,0.0
2913,40.34405,46.66667,-6.0,2024-06-02 12:00:00,0.16193266,-0.13897519,4360694.650219674,-458327.4764384654,0.0
3093,47.37369,46.66667,-6.0,2024-06-02 12:00:00,0.15672764,-0.14245978,4360694.650219674,-458327.4764384654,0.0
3273,55.76429,46.66667,-6.0,2024-06-02 12:00:00,0.1452495,-0.13582832,4360694.650219674,-458327.4764384654,0.0
3453,65.80727,46.66667,-6.0,2024-06-02 12:00:00,0.1377224,-0.12484587,4360694.650219674,-458327.4764384654,0.0
3633,77.85385,46.66667,-6.0,2024-06-02 12:00:00,0.13063149,-0.11135927,4360694.650219674,-458327.4764384654,0.0
3813,92.32607,46.66667,-6.0,2024-06-02 12:00:00,0.120940834,-0.09875653,4360694.650219674,-458327.4764384654,0.0
3993,109.7293,46.66667,-6.0,2024-06-02 12:00:00,0.09754566,-0.09343076,4360694.650219674,-458327.4764384654,0.0
4173,130.666,46.66667,-6.0,2024-06-02 12:00:00,0.07346951,-0.09056459,4360694.650219674,-458327.4764384654,0.0
4353,155.8507,46.66667,-6.0,2024-06-02 12:00:00,0.06386429,-0.08062236,4360694.650219674,-458327.4764384654,0.0
4533,186.1256,46.66667,-6.0,2024-06-02 12:00:00,0.05692728,-0.06661404,4360694.650219674,-458327.4764384654,0.0
4713,222.4752,46.66667,-6.0,2024-06-02 12:00:00,0.052816536,-0.058082003,4360694.650219674,-458327.4764384654,0.0
4893,266.0403,46.66667,-6.0,2024-06-02 12:00:00,0.04811071,-0.050968386,4360694.650219674,-458327.4764384654,0.0
5073,318.1274,46.66667,-6.0,2024-06-02 12:00:00,0.038205557,-0.046585854,4360694.650219674,-458327.4764384654,0.0
5253,380.213,46.66667,-6.0,2024-06-02 12:00:00,0.032228153,-0.044729136,4360694.650219674,-458327.4764384654,0.0
5433,453.9377,46.66667,-6.0,2024-06-02 12:00:00,0.028201591,-0.049295217,4360694.650219674,-458327.4764384654,0.0
5613,541.0889,46.66667,-6.0,2024-06-02 12:00:00,0.025866296,-0.050677408,4360694.650219674,-458327.4764384654,0.0
5793,643.5668,46.66667,-6.0,2024-06-02 12:00:00,0.028795216,-0.067189105,4360694.650219674,-458327.4764384654,0.0
5973,763.3331,46.66667,-6.0,2024-06-02 12:00:00,0.03675916,-0.089942716,4360694.650219674,-458327.4764384654,0.0
6153,902.3393,46.66667,-6.0,2024-06-02 12:00:00,0.059610125,-0.10527383,4360694.650219674,-458327.4764384654,0.0
42,0.494025,46.75,-6.25,2024-06-02 12:00:00,0.08903002,-0.14318371,4351950.96357759,-476616.1460837916,0.0
222,1.541375,46.75,-6.25,2024-06-02 12:00:00,0.09201849,-0.13935238,4351950.96357759,-476616.1460837916,0.0
402,2.645669,46.75,-6.25,2024-06-02 12:00:00,0.09503399,-0.13582487,4351950.96357759,-476616.1460837916,0.0
582,3.819495,46.75,-6.25,2024-06-02 12:00:00,0.098147005,-0.1325378,4351950.96357759,-476616.1460837916,0.0
762,5.078224,46.75,-6.25,2024-06-02 12:00:00,0.10172431,-0.12920202,4351950.96357759,-476616.1460837916,0.0
942,6.440614,46.75,-6.25,2024-06-02 12:00:00,0.1075173,-0.12470786,4351950.96357759,-476616.1460837916,0.0
1122,7.92956,46.75,-6.25,2024-06-02 12:00:00,0.11864126,-0.118470296,4351950.96357759,-476616.1460837916,0.0
1302,9.572997,46.75,-6.25,2024-06-02 12:00:00,0.13436002,-0.114133194,4351950.96357759,-476616.1460837916,0.0
1482,11.405,46.75,-6.25,2024-06-02 12:00:00,0.14908874,-0.11547599,4351950.96357759,-476616.1460837916,0.0
1662,13.46714,46.75,-6.25,2024-06-02 12:00:00,0.1592147,-0.12122196,4351950.96357759,-476616.1460837916,0.0
1842,15.81007,46.75,-6.25,2024-06-02 12:00:00,0.1649827,-0.1291781,4351950.96357759,-476616.1460837916,0.0
2022,18.49556,46.75,-6.25,2024-06-02 12:00:00,0.16550235,-0.13862869,4351950.96357759,-476616.1460837916,0.0
2202,21.59882,46.75,-6.25,2024-06-02 12:00:00,0.14857563,-0.13965791,4351950.96357759,-476616.1460837916,0.0
2382,25.21141,46.75,-6.25,2024-06-02 12:00:00,0.09849292,-0.09227071,4351950.96357759,-476616.1460837916,0.0
2562,29.44473,46.75,-6.25,2024-06-02 12:00:00,0.113955185,-0.09140838,4351950.96357759,-476616.1460837916,0.0
2742,34.43415,46.75,-6.25,2024-06-02 12:00:00,0.121613964,-0.10076927,4351950.96357759,-476616.1460837916,0.0
2922,40.34405,46.75,-6.25,2024-06-02 12:00:00,0.13010707,-0.10689292,4351950.96357759,-476616.1460837916,0.0
3102,47.37369,46.75,-6.25,2024-06-02 12:00:00,0.12457257,-0.10406345,4351950.96357759,-476616.1460837916,0.0
3282,55.76429,46.75,-6.25,2024-06-02 12:00:00,0.11109611,-0.096563175,4351950.96357759,-476616.1460837916,0.0
3462,65.80727,46.75,-6.25,2024-06-02 12:00:00,0.100547925,-0.087329336,4351950.96357759,-476616.1460837916,0.0
3642,77.85385,46.75,-6.25,2024-06-02 12:00:00,0.09593184,-0.078668185,4351950.96357759,-476616.1460837916,0.0
3822,92.32607,46.75,-6.25,2024-06-02 12:00:00,0.088474065,-0.07542665,4351950.96357759,-476616.1460837916,0.0
4002,109.7293,46.75,-6.25,2024-06-02 12:00:00,0.06726796,-0.07681346,4351950.96357759,-476616.1460837916,0.0
4182,130.666,46.75,-6.25,2024-06-02 12:00:00,0.047461264,-0.08181872,4351950.96357759,-476616.1460837916,0.0
4362,155.8507,46.75,-6.25,2024-06-02 12:00:00,0.028698854,-0.07713024,4351950.96357759,-476616.1460837916,0.0
4542,186.1256,46.75,-6.25,2024-06-02 12:00:00,0.009246299,-0.06554682,4351950.96357759,-476616.1460837916,0.0
4722,222.4752,46.75,-6.25,2024-06-02 12:00:00,-0.0010007492,-0.054981437,4351950.96357759,-476616.1460837916,0.0
4902,266.0403,46.75,-6.25,2024-06-02 12:00:00,0.00078706443,-0.047589887,4351950.96357759,-476616.1460837916,0.0
5082,318.1274,46.75,-6.25,2024-06-02 12:00:00,-0.0022594517,-0.0377035,4351950.96357759,-476616.1460837916,0.0
5262,380.213,46.75,-6.25,2024-06-02 12:00:00,-0.0020752642,-0.03904267,4351950.96357759,-476616.1460837916,0.0
5442,453.9377,46.75,-6.25,2024-06-02 12:00:00,-0.008016991,-0.045089748,4351950.96357759,-476616.1460837916,0.0
5622,541.0889,46.75,-6.25,2024-06-02 12:00:00,-0.012845505,-0.0418052,4351950.96357759,-476616.1460837916,0.0
5802,643.5668,46.75,-6.25,2024-06-02 12:00:00,-0.0064690188,-0.052027345,4351950.96357759,-476616.1460837916,0.0
5982,763.3331,46.75,-6.25,2024-06-02 12:00:00,0.003510472,-0.07319279,4351950.96357759,-476616.1460837916,0.0
6162,902.3393,46.75,-6.25,2024-06-02 12:00:00,0.0050203283,-0.090078175,4351950.96357759,-476616.1460837916,0.0
51,0.494025,46.75,-6.1666565,2024-06-02 12:00:00,0.12485814,-0.15075955,4352639.653859386,-470285.21531356085,0.0
231,1.541375,46.75,-6.1666565,2024-06-02 12:00:00,0.12784976,-0.14693046,4352639.653859386,-470285.21531356085,0.0
411,2.645669,46.75,-6.1666565,2024-06-02 12:00:00,0.13087852,-0.14340854,4352639.653859386,-470285.21531356085,0.0
591,3.819495,46.75,-6.1666565,2024-06-02 12:00:00,0.13402152,-0.14012861,4352639.653859386,-470285.21531356085,0.0
771,5.078224,46.75,-6.1666565,2024-06-02 12:00:00,0.1376783,-0.13679357,4352639.653859386,-470285.21531356085,0.0
951,6.440614,46.75,-6.1666565,2024-06-02 12:00:00,0.14379515,-0.13226222,4352639.653859386,-470285.21531356085,0.0
1131,7.92956,46.75,-6.1666565,2024-06-02 12:00:00,0.1554973,-0.12613153,4352639.653859386,-470285.21531356085,0.0
1311,9.572997,46.75,-6.1666565,2024-06-02 12:00:00,0.17150319,-0.12206985,4352639.653859386,-470285.21531356085,0.0
1491,11.405,46.75,-6.1666565,2024-06-02 12:00:00,0.18634915,-0.12340915,4352639.653859386,-470285.21531356085,0.0
1671,13.46714,46.75,-6.1666565,2024-06-02 12:00:00,0.19682783,-0.12887369,4352639.653859386,-470285.21531356085,0.0
1851,15.81007,46.75,-6.1666565,2024-06-02 12:00:00,0.20300613,-0.13629709,4352639.653859386,-470285.21531356085,0.0
2031,18.49556,46.75,-6.1666565,2024-06-02 12:00:00,0.20439212,-0.14447626,4352639.653859386,-470285.21531356085,0.0
2211,21.59882,46.75,-6.1666565,2024-06-02 12:00:00,0.19432577,-0.14593723,4352639.653859386,-470285.21531356085,0.0
2391,25.21141,46.75,-6.1666565,2024-06-02 12:00:00,0.14186127,-0.100967616,4352639.653859386,-470285.21531356085,0.0
2571,29.44473,46.75,-6.1666565,2024-06-02 12:00:00,0.14992963,-0.096635036,4352639.653859386,-470285.21531356085,0.0
2751,34.43415,46.75,-6.1666565,2024-06-02 12:00:00,0.16076283,-0.10487939,4352639.653859386,-470285.21531356085,0.0
2931,40.34405,46.75,-6.1666565,2024-06-02 12:00:00,0.16890416,-0.11614846,4352639.653859386,-470285.21531356085,0.0
3111,47.37369,46.75,-6.1666565,2024-06-02 12:00:00,0.16029927,-0.119044386,4352639.653859386,-470285.21531356085,0.0
3291,55.76429,46.75,-6.1666565,2024-06-02 12:00:00,0.14417626,-0.11367541,4352639.653859386,-470285.21531356085,0.0
3471,65.80727,46.75,-6.1666565,2024-06-02 12:00:00,0.13475412,-0.10415511,4352639.653859386,-470285.21531356085,0.0
3651,77.85385,46.75,-6.1666565,2024-06-02 12:00:00,0.13041897,-0.09391161,4352639.653859386,-470285.21531356085,0.0
3831,92.32607,46.75,-6.1666565,2024-06-02 12:00:00,0.12165991,-0.088806026,4352639.653859386,-470285.21531356085,0.0
4011,109.7293,46.75,-6.1666565,2024-06-02 12:00:00,0.0984096,-0.09053963,4352639.653859386,-470285.21531356085,0.0
4191,130.666,46.75,-6.1666565,2024-06-02 12:00:00,0.07741794,-0.09332754,4352639.653859386,-470285.21531356085,0.0
4371,155.8507,46.75,-6.1666565,2024-06-02 12:00:00,0.06431308,-0.0843042,4352639.653859386,-470285.21531356085,0.0
4551,186.1256,46.75,-6.1666565,2024-06-02 12:00:00,0.04903723,-0.07151115,4352639.653859386,-470285.21531356085,0.0
4731,222.4752,46.75,-6.1666565,2024-06-02 12:00:00,0.04027662,-0.063275345,4352639.653859386,-470285.21531356085,0.0
4911,266.0403,46.75,-6.1666565,2024-06-02 12:00:00,0.036950752,-0.05274222,4352639.653859386,-470285.21531356085,0.0
5091,318.1274,46.75,-6.1666565,2024-06-02 12:00:00,0.032057907,-0.047954928,4352639.653859386,-470285.21531356085,0.0
5271,380.213,46.75,-6.1666565,2024-06-02 12:00:00,0.034276046,-0.05141047,4352639.653859386,-470285.21531356085,0.0
5451,453.9377,46.75,-6.1666565,2024-06-02 12:00:00,0.017467465,-0.053620964,4352639.653859386,-470285.21531356085,0.0
5631,541.0889,46.75,-6.1666565,2024-06-02 12:00:00,0.0065742778,-0.057660237,4352639.653859386,-470285.21531356085,0.0
5811,643.5668,46.75,-6.1666565,2024-06-02 12:00:00,0.015260687,-0.08134038,4352639.653859386,-470285.21531356085,0.0
5991,763.3331,46.75,-6.1666565,2024-06-02 12:00:00,0.01935286,-0.103995815,4352639.653859386,-470285.21531356085,0.0
6171,902.3393,46.75,-6.1666565,2024-06-02 12:00:00,0.035337053,-0.11132221,4352639.653859386,-470285.21531356085,0.0
60,0.494025,46.75,-6.0833282,2024-06-02 12:00:00,0.14282168,-0.16137336,4353319.010767862,-463954.44881885045,0.0
240,1.541375,46.75,-6.0833282,2024-06-02 12:00:00,0.14582634,-0.15754582,4353319.010767862,-463954.44881885045,0.0
420,2.645669,46.75,-6.0833282,2024-06-02 12:00:00,0.14888218,-0.15403001,4353319.010767862,-463954.44881885045,0.0
600,3.819495,46.75,-6.0833282,2024-06-02 12:00:00,0.15207505,-0.15075776,4353319.010767862,-463954.44881885045,0.0
780,5.078224,46.75,-6.0833282,2024-06-02 12:00:00,0.15585326,-0.14741714,4353319.010767862,-463954.44881885045,0.0
960,6.440614,46.75,-6.0833282,2024-06-02 12:00:00,0.16245455,-0.14281324,4353319.010767862,-463954.44881885045,0.0
1140,7.92956,46.75,-6.0833282,2024-06-02 12:00:00,0.17507279,-0.13675891,4353319.010767862,-463954.44881885045,0.0
1320,9.572997,46.75,-6.0833282,2024-06-02 12:00:00,0.19160482,-0.13306314,4353319.010767862,-463954.44881885045,0.0
1500,11.405,46.75,-6.0833282,2024-06-02 12:00:00,0.2067428,-0.13450202,4353319.010767862,-463954.44881885045,0.0
1680,13.46714,46.75,-6.0833282,2024-06-02 12:00:00,0.21782383,-0.13972147,4353319.010767862,-463954.44881885045,0.0
1860,15.81007,46.75,-6.0833282,2024-06-02 12:00:00,0.22478458,-0.14662318,4353319.010767862,-463954.44881885045,0.0
2040,18.49556,46.75,-6.0833282,2024-06-02 12:00:00,0.2274496,-0.15362252,4353319.010767862,-463954.44881885045,0.0
2220,21.59882,46.75,-6.0833282,2024-06-02 12:00:00,0.22133231,-0.15522867,4353319.010767862,-463954.44881885045,0.0
2400,25.21141,46.75,-6.0833282,2024-06-02 12:00:00,0.1719056,-0.1141809,4353319.010767862,-463954.44881885045,0.0
2580,29.44473,46.75,-6.0833282,2024-06-02 12:00:00,0.1739773,-0.105003536,4353319.010767862,-463954.44881885045,0.0
2760,34.43415,46.75,-6.0833282,2024-06-02 12:00:00,0.18706957,-0.11686224,4353319.010767862,-463954.44881885045,0.0
2940,40.34405,46.75,-6.0833282,2024-06-02 12:00:00,0.19430709,-0.13211386,4353319.010767862,-463954.44881885045,0.0
3120,47.37369,46.75,-6.0833282,2024-06-02 12:00:00,0.18411343,-0.1368486,4353319.010767862,-463954.44881885045,0.0
3300,55.76429,46.75,-6.0833282,2024-06-02 12:00:00,0.166004,-0.13070646,4353319.010767862,-463954.44881885045,0.0
3480,65.80727,46.75,-6.0833282,2024-06-02 12:00:00,0.15533729,-0.12023115,4353319.010767862,-463954.44881885045,0.0
3660,77.85385,46.75,-6.0833282,2024-06-02 12:00:00,0.1475849,-0.108915545,4353319.010767862,-463954.44881885045,0.0
3840,92.32607,46.75,-6.0833282,2024-06-02 12:00:00,0.13586901,-0.10028493,4353319.010767862,-463954.44881885045,0.0
4020,109.7293,46.75,-6.0833282,2024-06-02 12:00:00,0.115503944,-0.10137294,4353319.010767862,-463954.44881885045,0.0
4200,130.666,46.75,-6.0833282,2024-06-02 12:00:00,0.09923324,-0.106469795,4353319.010767862,-463954.44881885045,0.0
4380,155.8507,46.75,-6.0833282,2024-06-02 12:00:00,0.091403395,-0.098389626,4353319.010767862,-463954.44881885045,0.0
4560,186.1256,46.75,-6.0833282,2024-06-02 12:00:00,0.07877412,-0.08640712,4353319.010767862,-463954.44881885045,0.0
4740,222.4752,46.75,-6.0833282,2024-06-02 12:00:00,0.071979724,-0.07933518,4353319.010767862,-463954.44881885045,0.0
4920,266.0403,46.75,-6.0833282,2024-06-02 12:00:00,0.065393776,-0.07143612,4353319.010767862,-463954.44881885045,0.0
5100,318.1274,46.75,-6.0833282,2024-06-02 12:00:00,0.059308898,-0.068272956,4353319.010767862,-463954.44881885045,0.0
5280,380.213,46.75,-6.0833282,2024-06-02 12:00:00,0.056238018,-0.06726098,4353319.010767862,-463954.44881885045,0.0
5460,453.9377,46.75,-6.0833282,2024-06-02 12:00:00,0.039942697,-0.06890849,4353319.010767862,-463954.44881885045,0.0
5640,541.0889,46.75,-6.0833282,2024-06-02 12:00:00,0.026924009,-0.06669426,4353319.010767862,-463954.44881885045,0.0
5820,643.5668,46.75,-6.0833282,2024-06-02 12:00:00,0.031723704,-0.08506196,4353319.010767862,-463954.44881885045,0.0
6000,763.3331,46.75,-6.0833282,2024-06-02 12:00:00,0.034080062,-0.104993016,4353319.010767862,-463954.44881885045,0.0
6180,902.3393,46.75,-6.0833282,2024-06-02 12:00:00,0.044214517,-0.11562328,4353319.010767862,-463954.44881885045,0.0
69,0.494025,46.75,-6.0,2024-06-02 12:00:00,0.13474616,-0.16888475,4353989.159796485,-457622.70099545474,0.0
249,1.541375,46.75,-6.0,2024-06-02 12:00:00,0.13776872,-0.16505171,4353989.159796485,-457622.70099545474,0.0
429,2.645669,46.75,-6.0,2024-06-02 12:00:00,0.1408621,-0.1615332,4353989.159796485,-457622.70099545474,0.0
609,3.819495,46.75,-6.0,2024-06-02 12:00:00,0.14412291,-0.1582568,4353989.159796485,-457622.70099545474,0.0
789,5.078224,46.75,-6.0,2024-06-02 12:00:00,0.14806372,-0.15488893,4353989.159796485,-457622.70099545474,0.0
969,6.440614,46.75,-6.0,2024-06-02 12:00:00,0.15530555,-0.15015873,4353989.159796485,-457622.70099545474,0.0
1149,7.92956,46.75,-6.0,2024-06-02 12:00:00,0.16910054,-0.14408386,4353989.159796485,-457622.70099545474,0.0
1329,9.572997,46.75,-6.0,2024-06-02 12:00:00,0.1864561,-0.1406843,4353989.159796485,-457622.70099545474,0.0
1509,11.405,46.75,-6.0,2024-06-02 12:00:00,0.20229469,-0.14217983,4353989.159796485,-457622.70099545474,0.0
1689,13.46714,46.75,-6.0,2024-06-02 12:00:00,0.21453606,-0.14720508,4353989.159796485,-457622.70099545474,0.0
1869,15.81007,46.75,-6.0,2024-06-02 12:00:00,0.22316547,-0.15395199,4353989.159796485,-457622.70099545474,0.0
2049,18.49556,46.75,-6.0,2024-06-02 12:00:00,0.22800198,-0.16127335,4353989.159796485,-457622.70099545474,0.0
2229,21.59882,46.75,-6.0,2024-06-02 12:00:00,0.22432844,-0.16657582,4353989.159796485,-457622.70099545474,0.0
2409,25.21141,46.75,-6.0,2024-06-02 12:00:00,0.18057032,-0.12569782,4353989.159796485,-457622.70099545474,0.0
2589,29.44473,46.75,-6.0,2024-06-02 12:00:00,0.18124576,-0.11305158,4353989.159796485,-457622.70099545474,0.0
2769,34.43415,46.75,-6.0,2024-06-02 12:00:00,0.19506018,-0.1277242,4353989.159796485,-457622.70099545474,0.0
2949,40.34405,46.75,-6.0,2024-06-02 12:00:00,0.20148627,-0.1434821,4353989.159796485,-457622.70099545474,0.0
3129,47.37369,46.75,-6.0,2024-06-02 12:00:00,0.1929176,-0.14718889,4353989.159796485,-457622.70099545474,0.0
3309,55.76429,46.75,-6.0,2024-06-02 12:00:00,0.17613828,-0.13859603,4353989.159796485,-457622.70099545474,0.0
3489,65.80727,46.75,-6.0,2024-06-02 12:00:00,0.16339666,-0.12646672,4353989.159796485,-457622.70099545474,0.0
3669,77.85385,46.75,-6.0,2024-06-02 12:00:00,0.15266827,-0.11484234,4353989.159796485,-457622.70099545474,0.0
3849,92.32607,46.75,-6.0,2024-06-02 12:00:00,0.1410551,-0.10544418,4353989.159796485,-457622.70099545474,0.0
4029,109.7293,46.75,-6.0,2024-06-02 12:00:00,0.12548412,-0.106951445,4353989.159796485,-457622.70099545474,0.0
4209,130.666,46.75,-6.0,2024-06-02 12:00:00,0.11280846,-0.11616727,4353989.159796485,-457622.70099545474,0.0
4389,155.8507,46.75,-6.0,2024-06-02 12:00:00,0.10565886,-0.10964964,4353989.159796485,-457622.70099545474,0.0
4569,186.1256,46.75,-6.0,2024-06-02 12:00:00,0.09234893,-0.10064905,4353989.159796485,-457622.70099545474,0.0
4749,222.4752,46.75,-6.0,2024-06-02 12:00:00,0.08814021,-0.0967712,4353989.159796485,-457622.70099545474,0.0
4929,266.0403,46.75,-6.0,2024-06-02 12:00:00,0.08444638,-0.095162384,4353989.159796485,-457622.70099545474,0.0
5109,318.1274,46.75,-6.0,2024-06-02 12:00:00,0.07639103,-0.089565575,4353989.159796485,-457622.70099545474,0.0
5289,380.213,46.75,-6.0,2024-06-02 12:00:00,0.071210645,-0.08266279,4353989.159796485,-457622.70099545474,0.0
5469,453.9377,46.75,-6.0,2024-06-02 12:00:00,0.06309227,-0.088920586,4353989.159796485,-457622.70099545474,0.0
5649,541.0889,46.75,-6.0,2024-06-02 12:00:00,0.05068192,-0.077339895,4353989.159796485,-457622.70099545474,0.0
5829,643.5668,46.75,-6.0,2024-06-02 12:00:00,0.04142788,-0.07666182,4353989.159796485,-457622.70099545474,0.0
6009,763.3331,46.75,-6.0,2024-06-02 12:00:00,0.037487973,-0.0996675,4353989.159796485,-457622.70099545474,0.0
6189,902.3393,46.75,-6.0,2024-06-02 12:00:00,0.04068294,-0.10833852,4353989.159796485,-457622.70099545474,0.0
78,0.494025,46.833336,-6.25,2024-06-02 12:00:00,0.047998462,-0.18214698,4345238.723142079,-475881.0361998027,0.0
258,1.541375,46.833336,-6.25,2024-06-02 12:00:00,0.05085032,-0.17810823,4345238.723142079,-475881.0361998027,0.0
438,2.645669,46.833336,-6.25,2024-06-02 12:00:00,0.0537793,-0.17434716,4345238.723142079,-475881.0361998027,0.0
618,3.819495,46.833336,-6.25,2024-06-02 12:00:00,0.05689327,-0.17077318,4345238.723142079,-475881.0361998027,0.0
798,5.078224,46.833336,-6.25,2024-06-02 12:00:00,0.060743686,-0.1669524,4345238.723142079,-475881.0361998027,0.0
978,6.440614,46.833336,-6.25,2024-06-02 12:00:00,0.06845329,-0.16090278,4345238.723142079,-475881.0361998027,0.0
1158,7.92956,46.833336,-6.25,2024-06-02 12:00:00,0.084560156,-0.15268604,4345238.723142079,-475881.0361998027,0.0
1338,9.572997,46.833336,-6.25,2024-06-02 12:00:00,0.104812734,-0.14866856,4345238.723142079,-475881.0361998027,0.0
1518,11.405,46.833336,-6.25,2024-06-02 12:00:00,0.1212226,-0.15131111,4345238.723142079,-475881.0361998027,0.0
1698,13.46714,46.833336,-6.25,2024-06-02 12:00:00,0.13150667,-0.1575609,4345238.723142079,-475881.0361998027,0.0
1878,15.81007,46.833336,-6.25,2024-06-02 12:00:00,0.13752069,-0.16584651,4345238.723142079,-475881.0361998027,0.0
2058,18.49556,46.833336,-6.25,2024-06-02 12:00:00,0.13784203,-0.17817256,4345238.723142079,-475881.0361998027,0.0
2238,21.59882,46.833336,-6.25,2024-06-02 12:00:00,0.10773366,-0.18869372,4345238.723142079,-475881.0361998027,0.0
2418,25.21141,46.833336,-6.25,2024-06-02 12:00:00,0.09558077,-0.13688679,4345238.723142079,-475881.0361998027,0.0
2598,29.44473,46.833336,-6.25,2024-06-02 12:00:00,0.12315014,-0.13378435,4345238.723142079,-475881.0361998027,0.0
2778,34.43415,46.833336,-6.25,2024-06-02 12:00:00,0.14368197,-0.1600749,4345238.723142079,-475881.0361998027,0.0
2958,40.34405,46.833336,-6.25,2024-06-02 12:00:00,0.15077461,-0.17995302,4345238.723142079,-475881.0361998027,0.0
3138,47.37369,46.833336,-6.25,2024-06-02 12:00:00,0.14408237,-0.18035948,4345238.723142079,-475881.0361998027,0.0
3318,55.76429,46.833336,-6.25,2024-06-02 12:00:00,0.1319932,-0.16489044,4345238.723142079,-475881.0361998027,0.0
3498,65.80727,46.833336,-6.25,2024-06-02 12:00:00,0.12902929,-0.14246872,4345238.723142079,-475881.0361998027,0.0
3678,77.85385,46.833336,-6.25,2024-06-02 12:00:00,0.13577177,-0.12676786,4345238.723142079,-475881.0361998027,0.0
3858,92.32607,46.833336,-6.25,2024-06-02 12:00:00,0.13695218,-0.12671801,4345238.723142079,-475881.0361998027,0.0
4038,109.7293,46.833336,-6.25,2024-06-02 12:00:00,0.12349472,-0.13293555,4345238.723142079,-475881.0361998027,0.0
4218,130.666,46.833336,-6.25,2024-06-02 12:00:00,0.11389448,-0.13763021,4345238.723142079,-475881.0361998027,0.0
4398,155.8507,46.833336,-6.25,2024-06-02 12:00:00,0.107170455,-0.12774013,4345238.723142079,-475881.0361998027,0.0
4578,186.1256,46.833336,-6.25,2024-06-02 12:00:00,0.089847736,-0.11352624,4345238.723142079,-475881.0361998027,0.0
4758,222.4752,46.833336,-6.25,2024-06-02 12:00:00,0.08003067,-0.09942074,4345238.723142079,-475881.0361998027,0.0
4938,266.0403,46.833336,-6.25,2024-06-02 12:00:00,0.077058576,-0.085998304,4345238.723142079,-475881.0361998027,0.0
5118,318.1274,46.833336,-6.25,2024-06-02 12:00:00,0.070038565,-0.079729214,4345238.723142079,-475881.0361998027,0.0
5298,380.213,46.833336,-6.25,2024-06-02 12:00:00,0.064564325,-0.08096872,4345238.723142079,-475881.0361998027,0.0
5478,453.9377,46.833336,-6.25,2024-06-02 12:00:00,0.050862424,-0.072763324,4345238.723142079,-475881.0361998027,0.0
5658,541.0889,46.833336,-6.25,2024-06-02 12:00:00,0.046566647,-0.06068477,4345238.723142079,-475881.0361998027,0.0
5838,643.5668,46.833336,-6.25,2024-06-02 12:00:00,0.07623978,-0.06590197,4345238.723142079,-475881.0361998027,0.0
6018,763.3331,46.833336,-6.25,2024-06-02 12:00:00,0.07655121,-0.08053281,4345238.723142079,-475881.0361998027,0.0
6198,902.3393,46.833336,-6.25,2024-06-02 12:00:00,0.0625225,-0.114647,4345238.723142079,-475881.0361998027,0.0
87,0.494025,46.833336,-6.1666565,2024-06-02 12:00:00,0.055886157,-0.15054303,4345926.351221016,-469559.8699535443,0.0
267,1.541375,46.833336,-6.1666565,2024-06-02 12:00:00,0.05871217,-0.14648576,4345926.351221016,-469559.8699535443,0.0
447,2.645669,46.833336,-6.1666565,2024-06-02 12:00:00,0.06163215,-0.14271422,4345926.351221016,-469559.8699535443,0.0
627,3.819495,46.833336,-6.1666565,2024-06-02 12:00:00,0.06475561,-0.13913868,4345926.351221016,-469559.8699535443,0.0
807,5.078224,46.833336,-6.1666565,2024-06-02 12:00:00,0.06865308,-0.1353251,4345926.351221016,-469559.8699535443,0.0
987,6.440614,46.833336,-6.1666565,2024-06-02 12:00:00,0.07657451,-0.12929286,4345926.351221016,-469559.8699535443,0.0
1167,7.92956,46.833336,-6.1666565,2024-06-02 12:00:00,0.09305475,-0.121226095,4345926.351221016,-469559.8699535443,0.0
1347,9.572997,46.833336,-6.1666565,2024-06-02 12:00:00,0.11377713,-0.11746407,4345926.351221016,-469559.8699535443,0.0
1527,11.405,46.833336,-6.1666565,2024-06-02 12:00:00,0.13127376,-0.12028913,4345926.351221016,-469559.8699535443,0.0
1707,13.46714,46.833336,-6.1666565,2024-06-02 12:00:00,0.14288302,-0.12673843,4345926.351221016,-469559.8699535443,0.0
1887,15.81007,46.833336,-6.1666565,2024-06-02 12:00:00,0.15022415,-0.13512355,4345926.351221016,-469559.8699535443,0.0
2067,18.49556,46.833336,-6.1666565,2024-06-02 12:00:00,0.15286982,-0.1477082,4345926.351221016,-469559.8699535443,0.0
2247,21.59882,46.833336,-6.1666565,2024-06-02 12:00:00,0.13028444,-0.16300611,4345926.351221016,-469559.8699535443,0.0
2427,25.21141,46.833336,-6.1666565,2024-06-02 12:00:00,0.11360329,-0.10643415,4345926.351221016,-469559.8699535443,0.0
2607,29.44473,46.833336,-6.1666565,2024-06-02 12:00:00,0.13667125,-0.10450848,4345926.351221016,-469559.8699535443,0.0
2787,34.43415,46.833336,-6.1666565,2024-06-02 12:00:00,0.15886429,-0.13040975,4345926.351221016,-469559.8699535443,0.0
2967,40.34405,46.833336,-6.1666565,2024-06-02 12:00:00,0.17304723,-0.15240696,4345926.351221016,-469559.8699535443,0.0
3147,47.37369,46.833336,-6.1666565,2024-06-02 12:00:00,0.16795118,-0.15796012,4345926.351221016,-469559.8699535443,0.0
3327,55.76429,46.833336,-6.1666565,2024-06-02 12:00:00,0.15295197,-0.14664859,4345926.351221016,-469559.8699535443,0.0
3507,65.80727,46.833336,-6.1666565,2024-06-02 12:00:00,0.14723611,-0.12903294,4345926.351221016,-469559.8699535443,0.0
3687,77.85385,46.833336,-6.1666565,2024-06-02 12:00:00,0.1514552,-0.1168067,4345926.351221016,-469559.8699535443,0.0
3867,92.32607,46.833336,-6.1666565,2024-06-02 12:00:00,0.15070216,-0.11542339,4345926.351221016,-469559.8699535443,0.0
4047,109.7293,46.833336,-6.1666565,2024-06-02 12:00:00,0.13911803,-0.122081935,4345926.351221016,-469559.8699535443,0.0
4227,130.666,46.833336,-6.1666565,2024-06-02 12:00:00,0.12709492,-0.13131024,4345926.351221016,-469559.8699535443,0.0
4407,155.8507,46.833336,-6.1666565,2024-06-02 12:00:00,0.11660834,-0.12355628,4345926.351221016,-469559.8699535443,0.0
4587,186.1256,46.833336,-6.1666565,2024-06-02 12:00:00,0.10055643,-0.10754359,4345926.351221016,-469559.8699535443,0.0
4767,222.4752,46.833336,-6.1666565,2024-06-02 12:00:00,0.0955109,-0.094095655,4345926.351221016,-469559.8699535443,0.0
4947,266.0403,46.833336,-6.1666565,2024-06-02 12:00:00,0.09099904,-0.08181026,4345926.351221016,-469559.8699535443,0.0
5127,318.1274,46.833336,-6.1666565,2024-06-02 12:00:00,0.088390894,-0.08203867,4345926.351221016,-469559.8699535443,0.0
5307,380.213,46.833336,-6.1666565,2024-06-02 12:00:00,0.078906536,-0.08518707,4345926.351221016,-469559.8699535443,0.0
5487,453.9377,46.833336,-6.1666565,2024-06-02 12:00:00,0.06456585,-0.08112055,4345926.351221016,-469559.8699535443,0.0
5667,541.0889,46.833336,-6.1666565,2024-06-02 12:00:00,0.060543645,-0.07594079,4345926.351221016,-469559.8699535443,0.0
5847,643.5668,46.833336,-6.1666565,2024-06-02 12:00:00,0.07755123,-0.09173961,4345926.351221016,-469559.8699535443,0.0
6027,763.3331,46.833336,-6.1666565,2024-06-02 12:00:00,0.08155981,-0.10783789,4345926.351221016,-469559.8699535443,0.0
6207,902.3393,46.833336,-6.1666565,2024-06-02 12:00:00,0.05572,-0.12517759,4345926.351221016,-469559.8699535443,0.0
96,0.494025,46.833336,-6.0833282,2024-06-02 12:00:00,0.04182808,-0.12921035,4346604.66032198,-463238.86772943556,0.0
276,1.541375,46.833336,-6.0833282,2024-06-02 12:00:00,0.04463603,-0.12512556,4346604.66032198,-463238.86772943556,0.0
456,2.645669,46.833336,-6.0833282,2024-06-02 12:00:00,0.047553215,-0.12133126,4346604.66032198,-463238.86772943556,0.0
636,3.819495,46.833336,-6.0833282,2024-06-02 12:00:00,0.050693836,-0.117734805,4346604.66032198,-463238.86772943556,0.0
816,5.078224,46.833336,-6.0833282,2024-06-02 12:00:00,0.054675147,-0.113878414,4346604.66032198,-463238.86772943556,0.0
996,6.440614,46.833336,-6.0833282,2024-06-02 12:00:00,0.06301651,-0.107685685,4346604.66032198,-463238.86772943556,0.0
1176,7.92956,46.833336,-6.0833282,2024-06-02 12:00:00,0.080029465,-0.09951717,4346604.66032198,-463238.86772943556,0.0
1356,9.572997,46.833336,-6.0833282,2024-06-02 12:00:00,0.101055786,-0.09559229,4346604.66032198,-463238.86772943556,0.0
1536,11.405,46.833336,-6.0833282,2024-06-02 12:00:00,0.11962769,-0.098047584,4346604.66032198,-463238.86772943556,0.0
1716,13.46714,46.833336,-6.0833282,2024-06-02 12:00:00,0.13304877,-0.104273915,4346604.66032198,-463238.86772943556,0.0
1896,15.81007,46.833336,-6.0833282,2024-06-02 12:00:00,0.14255734,-0.11242366,4346604.66032198,-463238.86772943556,0.0
2076,18.49556,46.833336,-6.0833282,2024-06-02 12:00:00,0.14875713,-0.124223165,4346604.66032198,-463238.86772943556,0.0
2256,21.59882,46.833336,-6.0833282,2024-06-02 12:00:00,0.13574076,-0.14183132,4346604.66032198,-463238.86772943556,0.0
2436,25.21141,46.833336,-6.0833282,2024-06-02 12:00:00,0.11289048,-0.08371651,4346604.66032198,-463238.86772943556,0.0
2616,29.44473,46.833336,-6.0833282,2024-06-02 12:00:00,0.13239793,-0.082810536,4346604.66032198,-463238.86772943556,0.0
2796,34.43415,46.833336,-6.0833282,2024-06-02 12:00:00,0.15531315,-0.1092475,4346604.66032198,-463238.86772943556,0.0
2976,40.34405,46.833336,-6.0833282,2024-06-02 12:00:00,0.17266385,-0.13618624,4346604.66032198,-463238.86772943556,0.0
3156,47.37369,46.833336,-6.0833282,2024-06-02 12:00:00,0.17221937,-0.14810343,4346604.66032198,-463238.86772943556,0.0
3336,55.76429,46.833336,-6.0833282,2024-06-02 12:00:00,0.16139296,-0.14135422,4346604.66032198,-463238.86772943556,0.0
3516,65.80727,46.833336,-6.0833282,2024-06-02 12:00:00,0.15615396,-0.12902516,4346604.66032198,-463238.86772943556,0.0
3696,77.85385,46.833336,-6.0833282,2024-06-02 12:00:00,0.1562631,-0.12174948,4346604.66032198,-463238.86772943556,0.0
3876,92.32607,46.833336,-6.0833282,2024-06-02 12:00:00,0.1519965,-0.119544275,4346604.66032198,-463238.86772943556,0.0
4056,109.7293,46.833336,-6.0833282,2024-06-02 12:00:00,0.14318356,-0.122478016,4346604.66032198,-463238.86772943556,0.0
4236,130.666,46.833336,-6.0833282,2024-06-02 12:00:00,0.12929124,-0.13151926,4346604.66032198,-463238.86772943556,0.0
4416,155.8507,46.833336,-6.0833282,2024-06-02 12:00:00,0.11381067,-0.1216808,4346604.66032198,-463238.86772943556,0.0
4596,186.1256,46.833336,-6.0833282,2024-06-02 12:00:00,0.09935904,-0.10460609,4346604.66032198,-463238.86772943556,0.0
4776,222.4752,46.833336,-6.0833282,2024-06-02 12:00:00,0.09907287,-0.09808469,4346604.66032198,-463238.86772943556,0.0
4956,266.0403,46.833336,-6.0833282,2024-06-02 12:00:00,0.0993218,-0.09657533,4346604.66032198,-463238.86772943556,0.0
5136,318.1274,46.833336,-6.0833282,2024-06-02 12:00:00,0.09728377,-0.09472137,4346604.66032198,-463238.86772943556,0.0
5316,380.213,46.833336,-6.0833282,2024-06-02 12:00:00,0.083352044,-0.09232891,4346604.66032198,-463238.86772943556,0.0
5496,453.9377,46.833336,-6.0833282,2024-06-02 12:00:00,0.0734751,-0.09268026,4346604.66032198,-463238.86772943556,0.0
5676,541.0889,46.833336,-6.0833282,2024-06-02 12:00:00,0.07628152,-0.082895085,4346604.66032198,-463238.86772943556,0.0
5856,643.5668,46.833336,-6.0833282,2024-06-02 12:00:00,0.07222864,-0.085000254,4346604.66032198,-463238.86772943556,0.0
6036,763.3331,46.833336,-6.0833282,2024-06-02 12:00:00,0.070956096,-0.106082045,4346604.66032198,-463238.86772943556,0.0
6216,902.3393,46.833336,-6.0833282,2024-06-02 12:00:00,0.052199516,-0.11372113,4346604.66032198,-463238.86772943556,0.0
105,0.494025,46.833336,-6.0,2024-06-02 12:00:00,0.0052534947,-0.11739184,4347273.775744883,-456916.88569019584,0.0
285,1.541375,46.833336,-6.0,2024-06-02 12:00:00,0.008053572,-0.11327562,4347273.775744883,-456916.88569019584,0.0
465,2.645669,46.833336,-6.0,2024-06-02 12:00:00,0.010978328,-0.109455675,4347273.775744883,-456916.88569019584,0.0
645,3.819495,46.833336,-6.0,2024-06-02 12:00:00,0.014153006,-0.10583192,4347273.775744883,-456916.88569019584,0.0
825,5.078224,46.833336,-6.0,2024-06-02 12:00:00,0.01827889,-0.101898275,4347273.775744883,-456916.88569019584,0.0
1005,6.440614,46.833336,-6.0,2024-06-02 12:00:00,0.0272923,-0.095409565,4347273.775744883,-456916.88569019584,0.0
1185,7.92956,46.833336,-6.0,2024-06-02 12:00:00,0.044961564,-0.08707812,4347273.775744883,-456916.88569019584,0.0
1365,9.572997,46.833336,-6.0,2024-06-02 12:00:00,0.06597225,-0.0830951,4347273.775744883,-456916.88569019584,0.0
1545,11.405,46.833336,-6.0,2024-06-02 12:00:00,0.08496322,-0.08516881,4347273.775744883,-456916.88569019584,0.0
1725,13.46714,46.833336,-6.0,2024-06-02 12:00:00,0.0998151,-0.09091422,4347273.775744883,-456916.88569019584,0.0
1905,15.81007,46.833336,-6.0,2024-06-02 12:00:00,0.11151723,-0.09855421,4347273.775744883,-456916.88569019584,0.0
2085,18.49556,46.833336,-6.0,2024-06-02 12:00:00,0.12104277,-0.10950986,4347273.775744883,-456916.88569019584,0.0
2265,21.59882,46.833336,-6.0,2024-06-02 12:00:00,0.120301165,-0.13011716,4347273.775744883,-456916.88569019584,0.0
2445,25.21141,46.833336,-6.0,2024-06-02 12:00:00,0.09645348,-0.07274602,4347273.775744883,-456916.88569019584,0.0
2625,29.44473,46.833336,-6.0,2024-06-02 12:00:00,0.10781668,-0.073891595,4347273.775744883,-456916.88569019584,0.0
2805,34.43415,46.833336,-6.0,2024-06-02 12:00:00,0.13169904,-0.100919634,4347273.775744883,-456916.88569019584,0.0
2985,40.34405,46.833336,-6.0,2024-06-02 12:00:00,0.15324593,-0.12900804,4347273.775744883,-456916.88569019584,0.0
3165,47.37369,46.833336,-6.0,2024-06-02 12:00:00,0.16055286,-0.14262465,4347273.775744883,-456916.88569019584,0.0
3345,55.76429,46.833336,-6.0,2024-06-02 12:00:00,0.15808687,-0.13876481,4347273.775744883,-456916.88569019584,0.0
3525,65.80727,46.833336,-6.0,2024-06-02 12:00:00,0.15732408,-0.12988035,4347273.775744883,-456916.88569019584,0.0
3705,77.85385,46.833336,-6.0,2024-06-02 12:00:00,0.15745044,-0.124939695,4347273.775744883,-456916.88569019584,0.0
3885,92.32607,46.833336,-6.0,2024-06-02 12:00:00,0.14903359,-0.12149967,4347273.775744883,-456916.88569019584,0.0
4065,109.7293,46.833336,-6.0,2024-06-02 12:00:00,0.13759342,-0.120207496,4347273.775744883,-456916.88569019584,0.0
4245,130.666,46.833336,-6.0,2024-06-02 12:00:00,0.12308631,-0.12702917,4347273.775744883,-456916.88569019584,0.0
4425,155.8507,46.833336,-6.0,2024-06-02 12:00:00,0.10286364,-0.116352946,4347273.775744883,-456916.88569019584,0.0
4605,186.1256,46.833336,-6.0,2024-06-02 12:00:00,0.092185296,-0.09948176,4347273.775744883,-456916.88569019584,0.0
4785,222.4752,46.833336,-6.0,2024-06-02 12:00:00,0.0930623,-0.094691075,4347273.775744883,-456916.88569019584,0.0
4965,266.0403,46.833336,-6.0,2024-06-02 12:00:00,0.093472406,-0.10273799,4347273.775744883,-456916.88569019584,0.0
5145,318.1274,46.833336,-6.0,2024-06-02 12:00:00,0.096027024,-0.10532966,4347273.775744883,-456916.88569019584,0.0
5325,380.213,46.833336,-6.0,2024-06-02 12:00:00,0.08990839,-0.10276551,4347273.775744883,-456916.88569019584,0.0
5505,453.9377,46.833336,-6.0,2024-06-02 12:00:00,0.07959818,-0.10814498,4347273.775744883,-456916.88569019584,0.0
5685,541.0889,46.833336,-6.0,2024-06-02 12:00:00,0.08544729,-0.090214014,4347273.775744883,-456916.88569019584,0.0
5865,643.5668,46.833336,-6.0,2024-06-02 12:00:00,0.06726586,-0.076614186,4347273.775744883,-456916.88569019584,0.0
6045,763.3331,46.833336,-6.0,2024-06-02 12:00:00,0.053272646,-0.08637609,4347273.775744883,-456916.88569019584,0.0
6225,902.3393,46.833336,-6.0,2024-06-02 12:00:00,0.03972654,-0.10087592,4347273.775744883,-456916.88569019584,0.0
114,0.494025,46.91667,-6.25,2024-06-02 12:00:00,0.03929335,-0.16384941,4338517.220887722,-475144.9119816816,0.0
294,1.541375,46.91667,-6.25,2024-06-02 12:00:00,0.0419913,-0.1596302,4338517.220887722,-475144.9119816816,0.0
474,2.645669,46.91667,-6.25,2024-06-02 12:00:00,0.044812735,-0.1556994,4338517.220887722,-475144.9119816816,0.0
654,3.819495,46.91667,-6.25,2024-06-02 12:00:00,0.047893897,-0.15193155,4338517.220887722,-475144.9119816816,0.0
834,5.078224,46.91667,-6.25,2024-06-02 12:00:00,0.051957116,-0.14768814,4338517.220887722,-475144.9119816816,0.0
1014,6.440614,46.91667,-6.25,2024-06-02 12:00:00,0.061161943,-0.14039871,4338517.220887722,-475144.9119816816,0.0
1194,7.92956,46.91667,-6.25,2024-06-02 12:00:00,0.07905587,-0.13293855,4338517.220887722,-475144.9119816816,0.0
1374,9.572997,46.91667,-6.25,2024-06-02 12:00:00,0.09998569,-0.13174927,4338517.220887722,-475144.9119816816,0.0
1554,11.405,46.91667,-6.25,2024-06-02 12:00:00,0.117283784,-0.1375088,4338517.220887722,-475144.9119816816,0.0
1734,13.46714,46.91667,-6.25,2024-06-02 12:00:00,0.12756611,-0.14573364,4338517.220887722,-475144.9119816816,0.0
1914,15.81007,46.91667,-6.25,2024-06-02 12:00:00,0.13335435,-0.15390186,4338517.220887722,-475144.9119816816,0.0
2094,18.49556,46.91667,-6.25,2024-06-02 12:00:00,0.13499215,-0.16027924,4338517.220887722,-475144.9119816816,0.0
2274,21.59882,46.91667,-6.25,2024-06-02 12:00:00,0.1251382,-0.15559338,4338517.220887722,-475144.9119816816,0.0
2454,25.21141,46.91667,-6.25,2024-06-02 12:00:00,0.1189362,-0.12799965,4338517.220887722,-475144.9119816816,0.0
2634,29.44473,46.91667,-6.25,2024-06-02 12:00:00,0.14089118,-0.13724826,4338517.220887722,-475144.9119816816,0.0
2814,34.43415,46.91667,-6.25,2024-06-02 12:00:00,0.16699167,-0.18019366,4338517.220887722,-475144.9119816816,0.0
2994,40.34405,46.91667,-6.25,2024-06-02 12:00:00,0.17721601,-0.22067474,4338517.220887722,-475144.9119816816,0.0
3174,47.37369,46.91667,-6.25,2024-06-02 12:00:00,0.17372853,-0.2280181,4338517.220887722,-475144.9119816816,0.0
3354,55.76429,46.91667,-6.25,2024-06-02 12:00:00,0.17002326,-0.20454378,4338517.220887722,-475144.9119816816,0.0
3534,65.80727,46.91667,-6.25,2024-06-02 12:00:00,0.17116562,-0.1741976,4338517.220887722,-475144.9119816816,0.0
3714,77.85385,46.91667,-6.25,2024-06-02 12:00:00,0.17396088,-0.15261467,4338517.220887722,-475144.9119816816,0.0
3894,92.32607,46.91667,-6.25,2024-06-02 12:00:00,0.1617276,-0.14657378,4338517.220887722,-475144.9119816816,0.0
4074,109.7293,46.91667,-6.25,2024-06-02 12:00:00,0.13593929,-0.14838246,4338517.220887722,-475144.9119816816,0.0
4254,130.666,46.91667,-6.25,2024-06-02 12:00:00,0.12107466,-0.15271814,4338517.220887722,-475144.9119816816,0.0
4434,155.8507,46.91667,-6.25,2024-06-02 12:00:00,0.11216919,-0.14546715,4338517.220887722,-475144.9119816816,0.0
4614,186.1256,46.91667,-6.25,2024-06-02 12:00:00,0.09700209,-0.13048689,4338517.220887722,-475144.9119816816,0.0
4794,222.4752,46.91667,-6.25,2024-06-02 12:00:00,0.08986172,-0.11607689,4338517.220887722,-475144.9119816816,0.0
4974,266.0403,46.91667,-6.25,2024-06-02 12:00:00,0.08449137,-0.100639686,4338517.220887722,-475144.9119816816,0.0
5154,318.1274,46.91667,-6.25,2024-06-02 12:00:00,0.085816704,-0.10263291,4338517.220887722,-475144.9119816816,0.0
5334,380.213,46.91667,-6.25,2024-06-02 12:00:00,0.08826443,-0.10445303,4338517.220887722,-475144.9119816816,0.0
5514,453.9377,46.91667,-6.25,2024-06-02 12:00:00,0.088115364,-0.09496401,4338517.220887722,-475144.9119816816,0.0
5694,541.0889,46.91667,-6.25,2024-06-02 12:00:00,0.09288505,-0.08557774,4338517.220887722,-475144.9119816816,0.0
5874,643.5668,46.91667,-6.25,2024-06-02 12:00:00,0.10615462,-0.0865443,4338517.220887722,-475144.9119816816,0.0
6054,763.3331,46.91667,-6.25,2024-06-02 12:00:00,0.108681135,-0.088643014,4338517.220887722,-475144.9119816816,0.0
6234,902.3393,46.91667,-6.25,2024-06-02 12:00:00,0.11117519,-0.11855581,4338517.220887722,-475144.9119816816,0.0
123,0.494025,46.91667,-6.1666565,2024-06-02 12:00:00,0.0064651333,-0.10530903,4339203.78529813,-468833.52373287774,0.0
303,1.541375,46.91667,-6.1666565,2024-06-02 12:00:00,0.009091756,-0.10105075,4339203.78529813,-468833.52373287774,0.0
483,2.645669,46.91667,-6.1666565,2024-06-02 12:00:00,0.011851134,-0.097083755,4339203.78529813,-468833.52373287774,0.0
663,3.819495,46.91667,-6.1666565,2024-06-02 12:00:00,0.014869818,-0.09329847,4339203.78529813,-468833.52373287774,0.0
843,5.078224,46.91667,-6.1666565,2024-06-02 12:00:00,0.018820642,-0.08914048,4339203.78529813,-468833.52373287774,0.0
1023,6.440614,46.91667,-6.1666565,2024-06-02 12:00:00,0.02767247,-0.08205847,4339203.78529813,-468833.52373287774,0.0
1203,7.92956,46.91667,-6.1666565,2024-06-02 12:00:00,0.0454651,-0.07378802,4339203.78529813,-468833.52373287774,0.0
1383,9.572997,46.91667,-6.1666565,2024-06-02 12:00:00,0.06687514,-0.07172289,4339203.78529813,-468833.52373287774,0.0
1563,11.405,46.91667,-6.1666565,2024-06-02 12:00:00,0.08486074,-0.07715026,4339203.78529813,-468833.52373287774,0.0
1743,13.46714,46.91667,-6.1666565,2024-06-02 12:00:00,0.09563223,-0.085114494,4339203.78529813,-468833.52373287774,0.0
1923,15.81007,46.91667,-6.1666565,2024-06-02 12:00:00,0.101930454,-0.092759244,4339203.78529813,-468833.52373287774,0.0
2103,18.49556,46.91667,-6.1666565,2024-06-02 12:00:00,0.10495545,-0.09917302,4339203.78529813,-468833.52373287774,0.0
2283,21.59882,46.91667,-6.1666565,2024-06-02 12:00:00,0.09933836,-0.09892796,4339203.78529813,-468833.52373287774,0.0
2463,25.21141,46.91667,-6.1666565,2024-06-02 12:00:00,0.087228425,-0.072357096,4339203.78529813,-468833.52373287774,0.0
2643,29.44473,46.91667,-6.1666565,2024-06-02 12:00:00,0.10297111,-0.07221409,4339203.78529813,-468833.52373287774,0.0
2823,34.43415,46.91667,-6.1666565,2024-06-02 12:00:00,0.13583162,-0.110189214,4339203.78529813,-468833.52373287774,0.0
3003,40.34405,46.91667,-6.1666565,2024-06-02 12:00:00,0.15941374,-0.15097529,4339203.78529813,-468833.52373287774,0.0
3183,47.37369,46.91667,-6.1666565,2024-06-02 12:00:00,0.16345531,-0.1643848,4339203.78529813,-468833.52373287774,0.0
3363,55.76429,46.91667,-6.1666565,2024-06-02 12:00:00,0.15986326,-0.14499418,4339203.78529813,-468833.52373287774,0.0
3543,65.80727,46.91667,-6.1666565,2024-06-02 12:00:00,0.15639378,-0.12001464,4339203.78529813,-468833.52373287774,0.0
3723,77.85385,46.91667,-6.1666565,2024-06-02 12:00:00,0.15501232,-0.10669962,4339203.78529813,-468833.52373287774,0.0
3903,92.32607,46.91667,-6.1666565,2024-06-02 12:00:00,0.14282617,-0.1075801,4339203.78529813,-468833.52373287774,0.0
4083,109.7293,46.91667,-6.1666565,2024-06-02 12:00:00,0.12377645,-0.11520053,4339203.78529813,-468833.52373287774,0.0
4263,130.666,46.91667,-6.1666565,2024-06-02 12:00:00,0.11228116,-0.12714005,4339203.78529813,-468833.52373287774,0.0
4443,155.8507,46.91667,-6.1666565,2024-06-02 12:00:00,0.10131123,-0.119028546,4339203.78529813,-468833.52373287774,0.0
4623,186.1256,46.91667,-6.1666565,2024-06-02 12:00:00,0.08749659,-0.106822535,4339203.78529813,-468833.52373287774,0.0
4803,222.4752,46.91667,-6.1666565,2024-06-02 12:00:00,0.08803655,-0.1010833,4339203.78529813,-468833.52373287774,0.0
4983,266.0403,46.91667,-6.1666565,2024-06-02 12:00:00,0.08566411,-0.09788187,4339203.78529813,-468833.52373287774,0.0
5163,318.1274,46.91667,-6.1666565,2024-06-02 12:00:00,0.0896687,-0.10218905,4339203.78529813,-468833.52373287774,0.0
5343,380.213,46.91667,-6.1666565,2024-06-02 12:00:00,0.09570139,-0.09909445,4339203.78529813,-468833.52373287774,0.0
5523,453.9377,46.91667,-6.1666565,2024-06-02 12:00:00,0.097947314,-0.09581165,4339203.78529813,-468833.52373287774,0.0
5703,541.0889,46.91667,-6.1666565,2024-06-02 12:00:00,0.09799011,-0.08630896,4339203.78529813,-468833.52373287774,0.0
5883,643.5668,46.91667,-6.1666565,2024-06-02 12:00:00,0.102792464,-0.09006704,4339203.78529813,-468833.52373287774,0.0
6063,763.3331,46.91667,-6.1666565,2024-06-02 12:00:00,0.10707386,-0.10217787,4339203.78529813,-468833.52373287774,0.0
6243,902.3393,46.91667,-6.1666565,2024-06-02 12:00:00,0.09834634,-0.1089208,4339203.78529813,-468833.52373287774,0.0
132,0.494025,46.91667,-6.0833282,2024-06-02 12:00:00,-0.029583644,-0.07915956,4339881.045145775,-462522.2992525033,0.0
312,1.541375,46.91667,-6.0833282,2024-06-02 12:00:00,-0.027015544,-0.07488157,4339881.045145775,-462522.2992525033,0.0
492,2.645669,46.91667,-6.0833282,2024-06-02 12:00:00,-0.024311945,-0.070900925,4339881.045145775,-462522.2992525033,0.0
672,3.819495,46.91667,-6.0833282,2024-06-02 12:00:00,-0.021355279,-0.06711499,4339881.045145775,-462522.2992525033,0.0
852,5.078224,46.91667,-6.0833282,2024-06-02 12:00:00,-0.017516209,-0.06300518,4339881.045145775,-462522.2992525033,0.0
1032,6.440614,46.91667,-6.0833282,2024-06-02 12:00:00,-0.0090655815,-0.056133363,4339881.045145775,-462522.2992525033,0.0
1212,7.92956,46.91667,-6.0833282,2024-06-02 12:00:00,0.008382977,-0.04747951,4339881.045145775,-462522.2992525033,0.0
1392,9.572997,46.91667,-6.0833282,2024-06-02 12:00:00,0.030143926,-0.044326253,4339881.045145775,-462522.2992525033,0.0
1572,11.405,46.91667,-6.0833282,2024-06-02 12:00:00,0.048628785,-0.04889417,4339881.045145775,-462522.2992525033,0.0
1752,13.46714,46.91667,-6.0833282,2024-06-02 12:00:00,0.059931714,-0.056602135,4339881.045145775,-462522.2992525033,0.0
1932,15.81007,46.91667,-6.0833282,2024-06-02 12:00:00,0.06688379,-0.06469274,4339881.045145775,-462522.2992525033,0.0
2112,18.49556,46.91667,-6.0833282,2024-06-02 12:00:00,0.070827946,-0.07334154,4339881.045145775,-462522.2992525033,0.0
2292,21.59882,46.91667,-6.0833282,2024-06-02 12:00:00,0.060454413,-0.07843376,4339881.045145775,-462522.2992525033,0.0
2472,25.21141,46.91667,-6.0833282,2024-06-02 12:00:00,0.037469756,-0.047137633,4339881.045145775,-462522.2992525033,0.0
2652,29.44473,46.91667,-6.0833282,2024-06-02 12:00:00,0.050426554,-0.04401253,4339881.045145775,-462522.2992525033,0.0
2832,34.43415,46.91667,-6.0833282,2024-06-02 12:00:00,0.08012966,-0.07178837,4339881.045145775,-462522.2992525033,0.0
3012,40.34405,46.91667,-6.0833282,2024-06-02 12:00:00,0.10717861,-0.101133905,4339881.045145775,-462522.2992525033,0.0
3192,47.37369,46.91667,-6.0833282,2024-06-02 12:00:00,0.1189042,-0.11109572,4339881.045145775,-462522.2992525033,0.0
3372,55.76429,46.91667,-6.0833282,2024-06-02 12:00:00,0.12276372,-0.09998763,4339881.045145775,-462522.2992525033,0.0
3552,65.80727,46.91667,-6.0833282,2024-06-02 12:00:00,0.124377616,-0.08892362,4339881.045145775,-462522.2992525033,0.0
3732,77.85385,46.91667,-6.0833282,2024-06-02 12:00:00,0.12618412,-0.08811951,4339881.045145775,-462522.2992525033,0.0
3912,92.32607,46.91667,-6.0833282,2024-06-02 12:00:00,0.116527624,-0.09434531,4339881.045145775,-462522.2992525033,0.0
4092,109.7293,46.91667,-6.0833282,2024-06-02 12:00:00,0.103693634,-0.0977502,4339881.045145775,-462522.2992525033,0.0
4272,130.666,46.91667,-6.0833282,2024-06-02 12:00:00,0.10014685,-0.107516,4339881.045145775,-462522.2992525033,0.0
4452,155.8507,46.91667,-6.0833282,2024-06-02 12:00:00,0.09279512,-0.094760194,4339881.045145775,-462522.2992525033,0.0
4632,186.1256,46.91667,-6.0833282,2024-06-02 12:00:00,0.084217876,-0.08130497,4339881.045145775,-462522.2992525033,0.0
4812,222.4752,46.91667,-6.0833282,2024-06-02 12:00:00,0.08058652,-0.08375902,4339881.045145775,-462522.2992525033,0.0
4992,266.0403,46.91667,-6.0833282,2024-06-02 12:00:00,0.0795531,-0.09370513,4339881.045145775,-462522.2992525033,0.0
5172,318.1274,46.91667,-6.0833282,2024-06-02 12:00:00,0.081816554,-0.10413764,4339881.045145775,-462522.2992525033,0.0
5352,380.213,46.91667,-6.0833282,2024-06-02 12:00:00,0.091092296,-0.10404586,4339881.045145775,-462522.2992525033,0.0
5532,453.9377,46.91667,-6.0833282,2024-06-02 12:00:00,0.09804074,-0.100377195,4339881.045145775,-462522.2992525033,0.0
5712,541.0889,46.91667,-6.0833282,2024-06-02 12:00:00,0.09372321,-0.08771994,4339881.045145775,-462522.2992525033,0.0
5892,643.5668,46.91667,-6.0833282,2024-06-02 12:00:00,0.09254874,-0.0760232,4339881.045145775,-462522.2992525033,0.0
6072,763.3331,46.91667,-6.0833282,2024-06-02 12:00:00,0.09067794,-0.08435967,4339881.045145775,-462522.2992525033,0.0
6252,902.3393,46.91667,-6.0833282,2024-06-02 12:00:00,0.08177425,-0.087118894,4339881.045145775,-462522.2992525033,0.0
141,0.494025,46.91667,-6.0,2024-06-02 12:00:00,-0.06499271,-0.0688921,4340549.125536747,-456210.0964726406,0.0
321,1.541375,46.91667,-6.0,2024-06-02 12:00:00,-0.06246636,-0.064598516,4340549.125536747,-456210.0964726406,0.0
501,2.645669,46.91667,-6.0,2024-06-02 12:00:00,-0.059809133,-0.060608145,4340549.125536747,-456210.0964726406,0.0
681,3.819495,46.91667,-6.0,2024-06-02 12:00:00,-0.05690802,-0.056817517,4340549.125536747,-456210.0964726406,0.0
861,5.078224,46.91667,-6.0,2024-06-02 12:00:00,-0.0531513,-0.052701365,4340549.125536747,-456210.0964726406,0.0
1041,6.440614,46.91667,-6.0,2024-06-02 12:00:00,-0.044939816,-0.04581973,4340549.125536747,-456210.0964726406,0.0
1221,7.92956,46.91667,-6.0,2024-06-02 12:00:00,-0.027819343,-0.036859084,4340549.125536747,-456210.0964726406,0.0
1401,9.572997,46.91667,-6.0,2024-06-02 12:00:00,-0.0063202754,-0.03309113,4340549.125536747,-456210.0964726406,0.0
1581,11.405,46.91667,-6.0,2024-06-02 12:00:00,0.011475138,-0.03693269,4340549.125536747,-456210.0964726406,0.0
1761,13.46714,46.91667,-6.0,2024-06-02 12:00:00,0.02237597,-0.04415287,4340549.125536747,-456210.0964726406,0.0
1941,15.81007,46.91667,-6.0,2024-06-02 12:00:00,0.029037338,-0.05209086,4340549.125536747,-456210.0964726406,0.0
2121,18.49556,46.91667,-6.0,2024-06-02 12:00:00,0.03206902,-0.06146993,4340549.125536747,-456210.0964726406,0.0
2301,21.59882,46.91667,-6.0,2024-06-02 12:00:00,0.015053709,-0.07487242,4340549.125536747,-456210.0964726406,0.0
2481,25.21141,46.91667,-6.0,2024-06-02 12:00:00,-0.011656991,-0.02754967,4340549.125536747,-456210.0964726406,0.0
2661,29.44473,46.91667,-6.0,2024-06-02 12:00:00,-0.0016731786,-0.027178051,4340549.125536747,-456210.0964726406,0.0
2841,34.43415,46.91667,-6.0,2024-06-02 12:00:00,0.014655014,-0.050528772,4340549.125536747,-456210.0964726406,0.0
3021,40.34405,46.91667,-6.0,2024-06-02 12:00:00,0.032270584,-0.07291519,4340549.125536747,-456210.0964726406,0.0
3201,47.37369,46.91667,-6.0,2024-06-02 12:00:00,0.042844977,-0.077341795,4340549.125536747,-456210.0964726406,0.0
3381,55.76429,46.91667,-6.0,2024-06-02 12:00:00,0.051896945,-0.06981139,4340549.125536747,-456210.0964726406,0.0
3561,65.80727,46.91667,-6.0,2024-06-02 12:00:00,0.060909595,-0.064826235,4340549.125536747,-456210.0964726406,0.0
3741,77.85385,46.91667,-6.0,2024-06-02 12:00:00,0.0709471,-0.067989156,4340549.125536747,-456210.0964726406,0.0
3921,92.32607,46.91667,-6.0,2024-06-02 12:00:00,0.06994309,-0.07710107,4340549.125536747,-456210.0964726406,0.0
4101,109.7293,46.91667,-6.0,2024-06-02 12:00:00,0.06875232,-0.078630894,4340549.125536747,-456210.0964726406,0.0
4281,130.666,46.91667,-6.0,2024-06-02 12:00:00,0.074872814,-0.08360445,4340549.125536747,-456210.0964726406,0.0
4461,155.8507,46.91667,-6.0,2024-06-02 12:00:00,0.07238624,-0.07225085,4340549.125536747,-456210.0964726406,0.0
4641,186.1256,46.91667,-6.0,2024-06-02 12:00:00,0.07112395,-0.06490471,4340549.125536747,-456210.0964726406,0.0
4821,222.4752,46.91667,-6.0,2024-06-02 12:00:00,0.068912685,-0.07154925,4340549.125536747,-456210.0964726406,0.0
5001,266.0403,46.91667,-6.0,2024-06-02 12:00:00,0.07012368,-0.0812317,4340549.125536747,-456210.0964726406,0.0
5181,318.1274,46.91667,-6.0,2024-06-02 12:00:00,0.075429164,-0.09548849,4340549.125536747,-456210.0964726406,0.0
5361,380.213,46.91667,-6.0,2024-06-02 12:00:00,0.07781861,-0.10356979,4340549.125536747,-456210.0964726406,0.0
5541,453.9377,46.91667,-6.0,2024-06-02 12:00:00,0.082170054,-0.10238283,4340549.125536747,-456210.0964726406,0.0
5721,541.0889,46.91667,-6.0,2024-06-02 12:00:00,0.08131589,-0.08274415,4340549.125536747,-456210.0964726406,0.0
5901,643.5668,46.91667,-6.0,2024-06-02 12:00:00,0.07594045,-0.07317521,4340549.125536747,-456210.0964726406,0.0
6081,763.3331,46.91667,-6.0,2024-06-02 12:00:00,0.06939724,-0.05836664,4340549.125536747,-456210.0964726406,0.0
6261,902.3393,46.91667,-6.0,2024-06-02 12:00:00,0.05642382,-0.062169775,4340549.125536747,-456210.0964726406,0.0
150,0.494025,47.0,-6.25,2024-06-02 12:00:00,-0.013458801,-0.10174998,4331787.087405169,-474407.8424903363,0.0
330,1.541375,47.0,-6.25,2024-06-02 12:00:00,-0.0109805465,-0.09737431,4331787.087405169,-474407.8424903363,0.0
510,2.645669,47.0,-6.25,2024-06-02 12:00:00,-0.00832585,-0.093272276,4331787.087405169,-474407.8424903363,0.0
690,3.819495,47.0,-6.25,2024-06-02 12:00:00,-0.0053392206,-0.089301735,4331787.087405169,-474407.8424903363,0.0
870,5.078224,47.0,-6.25,2024-06-02 12:00:00,-0.0012069354,-0.08472671,4331787.087405169,-474407.8424903363,0.0
1050,6.440614,47.0,-6.25,2024-06-02 12:00:00,0.008728945,-0.07668629,4331787.087405169,-474407.8424903363,0.0
1230,7.92956,47.0,-6.25,2024-06-02 12:00:00,0.028022083,-0.06893238,4331787.087405169,-474407.8424903363,0.0
1410,9.572997,47.0,-6.25,2024-06-02 12:00:00,0.05032309,-0.06833189,4331787.087405169,-474407.8424903363,0.0
1590,11.405,47.0,-6.25,2024-06-02 12:00:00,0.06653359,-0.07479775,4331787.087405169,-474407.8424903363,0.0
1770,13.46714,47.0,-6.25,2024-06-02 12:00:00,0.074718036,-0.08281512,4331787.087405169,-474407.8424903363,0.0
1950,15.81007,47.0,-6.25,2024-06-02 12:00:00,0.07880656,-0.09026615,4331787.087405169,-474407.8424903363,0.0
2130,18.49556,47.0,-6.25,2024-06-02 12:00:00,0.07951824,-0.09883461,4331787.087405169,-474407.8424903363,0.0
2310,21.59882,47.0,-6.25,2024-06-02 12:00:00,0.06635695,-0.09982667,4331787.087405169,-474407.8424903363,0.0
2490,25.21141,47.0,-6.25,2024-06-02 12:00:00,0.05659807,-0.05959929,4331787.087405169,-474407.8424903363,0.0
2670,29.44473,47.0,-6.25,2024-06-02 12:00:00,0.06691529,-0.06544501,4331787.087405169,-474407.8424903363,0.0
2850,34.43415,47.0,-6.25,2024-06-02 12:00:00,0.085046396,-0.100030854,4331787.087405169,-474407.8424903363,0.0
3030,40.34405,47.0,-6.25,2024-06-02 12:00:00,0.09724581,-0.1404254,4331787.087405169,-474407.8424903363,0.0
3210,47.37369,47.0,-6.25,2024-06-02 12:00:00,0.0976027,-0.16006438,4331787.087405169,-474407.8424903363,0.0
3390,55.76429,47.0,-6.25,2024-06-02 12:00:00,0.09303605,-0.15274525,4331787.087405169,-474407.8424903363,0.0
3570,65.80727,47.0,-6.25,2024-06-02 12:00:00,0.08408647,-0.13002694,4331787.087405169,-474407.8424903363,0.0
3750,77.85385,47.0,-6.25,2024-06-02 12:00:00,0.0793331,-0.10561489,4331787.087405169,-474407.8424903363,0.0
3930,92.32607,47.0,-6.25,2024-06-02 12:00:00,0.073625475,-0.09480812,4331787.087405169,-474407.8424903363,0.0
4110,109.7293,47.0,-6.25,2024-06-02 12:00:00,0.05930801,-0.09486931,4331787.087405169,-474407.8424903363,0.0
4290,130.666,47.0,-6.25,2024-06-02 12:00:00,0.06416433,-0.10689182,4331787.087405169,-474407.8424903363,0.0
4470,155.8507,47.0,-6.25,2024-06-02 12:00:00,0.06415529,-0.10925822,4331787.087405169,-474407.8424903363,0.0
4650,186.1256,47.0,-6.25,2024-06-02 12:00:00,0.06225114,-0.1039819,4331787.087405169,-474407.8424903363,0.0
4830,222.4752,47.0,-6.25,2024-06-02 12:00:00,0.076578945,-0.10000031,4331787.087405169,-474407.8424903363,0.0
5010,266.0403,47.0,-6.25,2024-06-02 12:00:00,0.086516224,-0.097603165,4331787.087405169,-474407.8424903363,0.0
5190,318.1274,47.0,-6.25,2024-06-02 12:00:00,0.095687546,-0.10832173,4331787.087405169,-474407.8424903363,0.0
5370,380.213,47.0,-6.25,2024-06-02 12:00:00,0.10377695,-0.11223126,4331787.087405169,-474407.8424903363,0.0
5550,453.9377,47.0,-6.25,2024-06-02 12:00:00,0.1110313,-0.103315316,4331787.087405169,-474407.8424903363,0.0
5730,541.0889,47.0,-6.25,2024-06-02 12:00:00,0.10119666,-0.08933884,4331787.087405169,-474407.8424903363,0.0
5910,643.5668,47.0,-6.25,2024-06-02 12:00:00,0.10551564,-0.082292676,4331787.087405169,-474407.8424903363,0.0
6090,763.3331,47.0,-6.25,2024-06-02 12:00:00,0.12151338,-0.08132997,4331787.087405169,-474407.8424903363,0.0
6270,902.3393,47.0,-6.25,2024-06-02 12:00:00,0.1285322,-0.10245488,4331787.087405169,-474407.8424903363,0.0
159,0.494025,47.0,-6.1666565,2024-06-02 12:00:00,-0.047903277,-0.059330378,4332472.586781167,-468106.2447951276,0.0
339,1.541375,47.0,-6.1666565,2024-06-02 12:00:00,-0.04550985,-0.05491872,4332472.586781167,-468106.2447951276,0.0
519,2.645669,47.0,-6.1666565,2024-06-02 12:00:00,-0.042953543,-0.050773814,4332472.586781167,-468106.2447951276,0.0
699,3.819495,47.0,-6.1666565,2024-06-02 12:00:00,-0.04009913,-0.046769947,4332472.586781167,-468106.2447951276,0.0
879,5.078224,47.0,-6.1666565,2024-06-02 12:00:00,-0.03624805,-0.042271137,4332472.586781167,-468106.2447951276,0.0
1059,6.440614,47.0,-6.1666565,2024-06-02 12:00:00,-0.027276298,-0.03436005,4332472.586781167,-468106.2447951276,0.0
1239,7.92956,47.0,-6.1666565,2024-06-02 12:00:00,-0.008805751,-0.02492717,4332472.586781167,-468106.2447951276,0.0
1419,9.572997,47.0,-6.1666565,2024-06-02 12:00:00,0.013926861,-0.022220489,4332472.586781167,-468106.2447951276,0.0
1599,11.405,47.0,-6.1666565,2024-06-02 12:00:00,0.029855026,-0.02735495,4332472.586781167,-468106.2447951276,0.0
1779,13.46714,47.0,-6.1666565,2024-06-02 12:00:00,0.03720822,-0.03410857,4332472.586781167,-468106.2447951276,0.0
1959,15.81007,47.0,-6.1666565,2024-06-02 12:00:00,0.040586118,-0.04007153,4332472.586781167,-468106.2447951276,0.0
2139,18.49556,47.0,-6.1666565,2024-06-02 12:00:00,0.04089818,-0.0455316,4332472.586781167,-468106.2447951276,0.0
2319,21.59882,47.0,-6.1666565,2024-06-02 12:00:00,0.03169403,-0.049284395,4332472.586781167,-468106.2447951276,0.0
2499,25.21141,47.0,-6.1666565,2024-06-02 12:00:00,0.010823255,-0.016937647,4332472.586781167,-468106.2447951276,0.0
2679,29.44473,47.0,-6.1666565,2024-06-02 12:00:00,0.019179026,-0.011964096,4332472.586781167,-468106.2447951276,0.0
2859,34.43415,47.0,-6.1666565,2024-06-02 12:00:00,0.038036842,-0.037203122,4332472.586781167,-468106.2447951276,0.0
3039,40.34405,47.0,-6.1666565,2024-06-02 12:00:00,0.05075392,-0.07148763,4332472.586781167,-468106.2447951276,0.0
3219,47.37369,47.0,-6.1666565,2024-06-02 12:00:00,0.04923094,-0.08788944,4332472.586781167,-468106.2447951276,0.0
3399,55.76429,47.0,-6.1666565,2024-06-02 12:00:00,0.043741904,-0.081616566,4332472.586781167,-468106.2447951276,0.0
3579,65.80727,47.0,-6.1666565,2024-06-02 12:00:00,0.037862774,-0.06831532,4332472.586781167,-468106.2447951276,0.0
3759,77.85385,47.0,-6.1666565,2024-06-02 12:00:00,0.039685424,-0.05971014,4332472.586781167,-468106.2447951276,0.0
3939,92.32607,47.0,-6.1666565,2024-06-02 12:00:00,0.038040873,-0.064376935,4332472.586781167,-468106.2447951276,0.0
4119,109.7293,47.0,-6.1666565,2024-06-02 12:00:00,0.026820324,-0.06779718,4332472.586781167,-468106.2447951276,0.0
4299,130.666,47.0,-6.1666565,2024-06-02 12:00:00,0.033185143,-0.07808116,4332472.586781167,-468106.2447951276,0.0
4479,155.8507,47.0,-6.1666565,2024-06-02 12:00:00,0.037499994,-0.07817084,4332472.586781167,-468106.2447951276,0.0
4659,186.1256,47.0,-6.1666565,2024-06-02 12:00:00,0.044252302,-0.07808982,4332472.586781167,-468106.2447951276,0.0
4839,222.4752,47.0,-6.1666565,2024-06-02 12:00:00,0.060697183,-0.08730288,4332472.586781167,-468106.2447951276,0.0
5019,266.0403,47.0,-6.1666565,2024-06-02 12:00:00,0.07262465,-0.09767595,4332472.586781167,-468106.2447951276,0.0
5199,318.1274,47.0,-6.1666565,2024-06-02 12:00:00,0.085055046,-0.105449006,4332472.586781167,-468106.2447951276,0.0
5379,380.213,47.0,-6.1666565,2024-06-02 12:00:00,0.09080724,-0.10122411,4332472.586781167,-468106.2447951276,0.0
5559,453.9377,47.0,-6.1666565,2024-06-02 12:00:00,0.10044928,-0.093856916,4332472.586781167,-468106.2447951276,0.0
5739,541.0889,47.0,-6.1666565,2024-06-02 12:00:00,0.09134536,-0.073576875,4332472.586781167,-468106.2447951276,0.0
5919,643.5668,47.0,-6.1666565,2024-06-02 12:00:00,0.0933956,-0.06803697,4332472.586781167,-468106.2447951276,0.0
6099,763.3331,47.0,-6.1666565,2024-06-02 12:00:00,0.11032908,-0.07844517,4332472.586781167,-468106.2447951276,0.0
6279,902.3393,47.0,-6.1666565,2024-06-02 12:00:00,0.096049726,-0.07318417,4332472.586781167,-468106.2447951276,0.0
168,0.494025,47.0,-6.0833282,2024-06-02 12:00:00,-0.066330865,-0.048418857,4333148.796028124,-461804.81061430223,0.0
348,1.541375,47.0,-6.0833282,2024-06-02 12:00:00,-0.06399219,-0.044003353,4333148.796028124,-461804.81061430223,0.0
528,2.645669,47.0,-6.0833282,2024-06-02 12:00:00,-0.06150169,-0.039858654,4333148.796028124,-461804.81061430223,0.0
708,3.819495,47.0,-6.0833282,2024-06-02 12:00:00,-0.05873834,-0.035867266,4333148.796028124,-461804.81061430223,0.0
888,5.078224,47.0,-6.0833282,2024-06-02 12:00:00,-0.055074245,-0.03143673,4333148.796028124,-461804.81061430223,0.0
1068,6.440614,47.0,-6.0833282,2024-06-02 12:00:00,-0.046718743,-0.023725431,4333148.796028124,-461804.81061430223,0.0
1248,7.92956,47.0,-6.0833282,2024-06-02 12:00:00,-0.02879108,-0.013710604,4333148.796028124,-461804.81061430223,0.0
1428,9.572997,47.0,-6.0833282,2024-06-02 12:00:00,-0.0056249183,-0.009714129,4333148.796028124,-461804.81061430223,0.0
1608,11.405,47.0,-6.0833282,2024-06-02 12:00:00,0.010488918,-0.014283519,4333148.796028124,-461804.81061430223,0.0
1788,13.46714,47.0,-6.0833282,2024-06-02 12:00:00,0.017826507,-0.020993752,4333148.796028124,-461804.81061430223,0.0
1968,15.81007,47.0,-6.0833282,2024-06-02 12:00:00,0.021308994,-0.027425284,4333148.796028124,-461804.81061430223,0.0
2148,18.49556,47.0,-6.0833282,2024-06-02 12:00:00,0.022378836,-0.03386145,4333148.796028124,-461804.81061430223,0.0
2328,21.59882,47.0,-6.0833282,2024-06-02 12:00:00,0.014218316,-0.042514108,4333148.796028124,-461804.81061430223,0.0
2508,25.21141,47.0,-6.0833282,2024-06-02 12:00:00,-0.01829105,-0.011377858,4333148.796028124,-461804.81061430223,0.0
2688,29.44473,47.0,-6.0833282,2024-06-02 12:00:00,-0.012201806,0.0037543694,4333148.796028124,-461804.81061430223,0.0
2868,34.43415,47.0,-6.0833282,2024-06-02 12:00:00,0.0045598317,-0.0101135075,4333148.796028124,-461804.81061430223,0.0
3048,40.34405,47.0,-6.0833282,2024-06-02 12:00:00,0.015082332,-0.030027293,4333148.796028124,-461804.81061430223,0.0
3228,47.37369,47.0,-6.0833282,2024-06-02 12:00:00,0.011863331,-0.036443163,4333148.796028124,-461804.81061430223,0.0
3408,55.76429,47.0,-6.0833282,2024-06-02 12:00:00,0.0073817302,-0.0316453,4333148.796028124,-461804.81061430223,0.0
3588,65.80727,47.0,-6.0833282,2024-06-02 12:00:00,0.0053887656,-0.025656408,4333148.796028124,-461804.81061430223,0.0
3768,77.85385,47.0,-6.0833282,2024-06-02 12:00:00,0.0095093,-0.024298018,4333148.796028124,-461804.81061430223,0.0
3948,92.32607,47.0,-6.0833282,2024-06-02 12:00:00,0.011022101,-0.03263918,4333148.796028124,-461804.81061430223,0.0
4128,109.7293,47.0,-6.0833282,2024-06-02 12:00:00,0.0066672084,-0.034939297,4333148.796028124,-461804.81061430223,0.0
4308,130.666,47.0,-6.0833282,2024-06-02 12:00:00,0.013467684,-0.041358124,4333148.796028124,-461804.81061430223,0.0
4488,155.8507,47.0,-6.0833282,2024-06-02 12:00:00,0.0211027,-0.0444831,4333148.796028124,-461804.81061430223,0.0
4668,186.1256,47.0,-6.0833282,2024-06-02 12:00:00,0.025882617,-0.046447266,4333148.796028124,-461804.81061430223,0.0
4848,222.4752,47.0,-6.0833282,2024-06-02 12:00:00,0.04394439,-0.066889495,4333148.796028124,-461804.81061430223,0.0
5028,266.0403,47.0,-6.0833282,2024-06-02 12:00:00,0.054629695,-0.07384487,4333148.796028124,-461804.81061430223,0.0
5208,318.1274,47.0,-6.0833282,2024-06-02 12:00:00,0.063186005,-0.081600614,4333148.796028124,-461804.81061430223,0.0
5388,380.213,47.0,-6.0833282,2024-06-02 12:00:00,0.06591573,-0.09097093,4333148.796028124,-461804.81061430223,0.0
5568,453.9377,47.0,-6.0833282,2024-06-02 12:00:00,0.07004045,-0.08409064,4333148.796028124,-461804.81061430223,0.0
5748,541.0889,47.0,-6.0833282,2024-06-02 12:00:00,0.077871986,-0.06891285,4333148.796028124,-461804.81061430223,0.0
5928,643.5668,47.0,-6.0833282,2024-06-02 12:00:00,0.07954077,-0.05224492,4333148.796028124,-461804.81061430223,0.0
6108,763.3331,47.0,-6.0833282,2024-06-02 12:00:00,0.09111709,-0.05099013,4333148.796028124,-461804.81061430223,0.0
6288,902.3393,47.0,-6.0833282,2024-06-02 12:00:00,0.06739244,-0.04830235,4333148.796028124,-461804.81061430223,0.0
177,0.494025,47.0,-6.0,2024-06-02 12:00:00,-0.07828837,-0.0743671,4333815.840058059,-455502.3996515776,0.0
357,1.541375,47.0,-6.0,2024-06-02 12:00:00,-0.07597267,-0.06995338,4333815.840058059,-455502.3996515776,0.0
537,2.645669,47.0,-6.0,2024-06-02 12:00:00,-0.07351353,-0.06581743,4333815.840058059,-455502.3996515776,0.0
717,3.819495,47.0,-6.0,2024-06-02 12:00:00,-0.07079843,-0.06184525,4333815.840058059,-455502.3996515776,0.0
897,5.078224,47.0,-6.0,2024-06-02 12:00:00,-0.067231834,-0.057454187,4333815.840058059,-455502.3996515776,0.0
1077,6.440614,47.0,-6.0,2024-06-02 12:00:00,-0.059157103,-0.04977646,4333815.840058059,-455502.3996515776,0.0
1257,7.92956,47.0,-6.0,2024-06-02 12:00:00,-0.041400563,-0.039381,4333815.840058059,-455502.3996515776,0.0
1437,9.572997,47.0,-6.0,2024-06-02 12:00:00,-0.018011328,-0.035284612,4333815.840058059,-455502.3996515776,0.0
1617,11.405,47.0,-6.0,2024-06-02 12:00:00,-0.0014985129,-0.040140506,4333815.840058059,-455502.3996515776,0.0
1797,13.46714,47.0,-6.0,2024-06-02 12:00:00,0.0065073124,-0.04734556,4333815.840058059,-455502.3996515776,0.0
1977,15.81007,47.0,-6.0,2024-06-02 12:00:00,0.010964856,-0.05484395,4333815.840058059,-455502.3996515776,0.0
2157,18.49556,47.0,-6.0,2024-06-02 12:00:00,0.011620946,-0.06300029,4333815.840058059,-455502.3996515776,0.0
2337,21.59882,47.0,-6.0,2024-06-02 12:00:00,-0.0049501937,-0.07138085,4333815.840058059,-455502.3996515776,0.0
2517,25.21141,47.0,-6.0,2024-06-02 12:00:00,-0.040569358,-0.030222988,4333815.840058059,-455502.3996515776,0.0
2697,29.44473,47.0,-6.0,2024-06-02 12:00:00,-0.031250827,-0.0018435454,4333815.840058059,-455502.3996515776,0.0
2877,34.43415,47.0,-6.0,2024-06-02 12:00:00,-0.018714657,-0.0016710926,4333815.840058059,-455502.3996515776,0.0
3057,40.34405,47.0,-6.0,2024-06-02 12:00:00,-0.012888347,-0.0016935577,4333815.840058059,-455502.3996515776,0.0
3237,47.37369,47.0,-6.0,2024-06-02 12:00:00,-0.017223703,0.0057792338,4333815.840058059,-455502.3996515776,0.0
3417,55.76429,47.0,-6.0,2024-06-02 12:00:00,-0.020707076,0.016223686,4333815.840058059,-455502.3996515776,0.0
3597,65.80727,47.0,-6.0,2024-06-02 12:00:00,-0.022188421,0.022808155,4333815.840058059,-455502.3996515776,0.0
3777,77.85385,47.0,-6.0,2024-06-02 12:00:00,-0.021527966,0.021254605,4333815.840058059,-455502.3996515776,0.0
3957,92.32607,47.0,-6.0,2024-06-02 12:00:00,-0.021703528,0.0075563593,4333815.840058059,-455502.3996515776,0.0
4137,109.7293,47.0,-6.0,2024-06-02 12:00:00,-0.02214815,0.0036140566,4333815.840058059,-455502.3996515776,0.0
4317,130.666,47.0,-6.0,2024-06-02 12:00:00,-0.0126115475,0.0013736847,4333815.840058059,-455502.3996515776,0.0
4497,155.8507,47.0,-6.0,2024-06-02 12:00:00,-0.0052567213,-0.0015429496,4333815.840058059,-455502.3996515776,0.0
4677,186.1256,47.0,-6.0,2024-06-02 12:00:00,-0.0048850887,-0.008410392,4333815.840058059,-455502.3996515776,0.0
4857,222.4752,47.0,-6.0,2024-06-02 12:00:00,0.013466473,-0.038111385,4333815.840058059,-455502.3996515776,0.0
5037,266.0403,47.0,-6.0,2024-06-02 12:00:00,0.038729478,-0.062460676,4333815.840058059,-455502.3996515776,0.0
5217,318.1274,47.0,-6.0,2024-06-02 12:00:00,0.04336709,-0.07370661,4333815.840058059,-455502.3996515776,0.0
5397,380.213,47.0,-6.0,2024-06-02 12:00:00,0.03210417,-0.06021049,4333815.840058059,-455502.3996515776,0.0
5577,453.9377,47.0,-6.0,2024-06-02 12:00:00,0.03575673,-0.051610284,4333815.840058059,-455502.3996515776,0.0
5757,541.0889,47.0,-6.0,2024-06-02 12:00:00,0.058866896,-0.05384658,4333815.840058059,-455502.3996515776,0.0
5937,643.5668,47.0,-6.0,2024-06-02 12:00:00,0.06399137,-0.052404158,4333815.840058059,-455502.3996515776,0.0
6117,763.3331,47.0,-6.0,2024-06-02 12:00:00,0.06635543,-0.028911777,4333815.840058059,-455502.3996515776,0.0
6297,902.3393,47.0,-6.0,2024-06-02 12:00:00,0.046601515,-0.024974318,4333815.840058059,-455502.3996515776,0.0
7,0.494025,46.66667,-6.25,2024-06-02 18:00:00,-0.023610823,-0.015838375,4358653.3150161095,-477350.1729464703,0.0
187,1.541375,46.66667,-6.25,2024-06-02 18:00:00,-0.021111833,-0.011795371,4358653.3150161095,-477350.1729464703,0.0
367,2.645669,46.66667,-6.25,2024-06-02 18:00:00,-0.01852738,-0.008122826,4358653.3150161095,-477350.1729464703,0.0
547,3.819495,46.66667,-6.25,2024-06-02 18:00:00,-0.015899032,-0.0048862207,4358653.3150161095,-477350.1729464703,0.0
727,5.078224,46.66667,-6.25,2024-06-02 18:00:00,-0.013171034,-0.002047909,4358653.3150161095,-477350.1729464703,0.0
907,6.440614,46.66667,-6.25,2024-06-02 18:00:00,-0.010109617,0.00051417993,4358653.3150161095,-477350.1729464703,0.0
1087,7.92956,46.66667,-6.25,2024-06-02 18:00:00,-0.005646849,0.0032115644,4358653.3150161095,-477350.1729464703,0.0
1267,9.572997,46.66667,-6.25,2024-06-02 18:00:00,0.0066682925,0.0067890054,4358653.3150161095,-477350.1729464703,0.0
1447,11.405,46.66667,-6.25,2024-06-02 18:00:00,0.035439096,0.00083583687,4358653.3150161095,-477350.1729464703,0.0
1627,13.46714,46.66667,-6.25,2024-06-02 18:00:00,0.06095654,-0.033964228,4358653.3150161095,-477350.1729464703,0.0
1807,15.81007,46.66667,-6.25,2024-06-02 18:00:00,0.05013672,-0.047963306,4358653.3150161095,-477350.1729464703,0.0
1987,18.49556,46.66667,-6.25,2024-06-02 18:00:00,0.036884233,-0.05009262,4358653.3150161095,-477350.1729464703,0.0
2167,21.59882,46.66667,-6.25,2024-06-02 18:00:00,0.013641145,-0.04661736,4358653.3150161095,-477350.1729464703,0.0
2347,25.21141,46.66667,-6.25,2024-06-02 18:00:00,0.044893686,-0.015167126,4358653.3150161095,-477350.1729464703,0.0
2527,29.44473,46.66667,-6.25,2024-06-02 18:00:00,0.061190218,-0.018964734,4358653.3150161095,-477350.1729464703,0.0
2707,34.43415,46.66667,-6.25,2024-06-02 18:00:00,0.052917406,-0.018337237,4358653.3150161095,-477350.1729464703,0.0
2887,40.34405,46.66667,-6.25,2024-06-02 18:00:00,0.044092357,-0.029220656,4358653.3150161095,-477350.1729464703,0.0
3067,47.37369,46.66667,-6.25,2024-06-02 18:00:00,0.035500467,-0.0303479,4358653.3150161095,-477350.1729464703,0.0
3247,55.76429,46.66667,-6.25,2024-06-02 18:00:00,0.031234862,-0.024682287,4358653.3150161095,-477350.1729464703,0.0
3427,65.80727,46.66667,-6.25,2024-06-02 18:00:00,0.028651586,-0.027467081,4358653.3150161095,-477350.1729464703,0.0
3607,77.85385,46.66667,-6.25,2024-06-02 18:00:00,0.024697337,-0.03276794,4358653.3150161095,-477350.1729464703,0.0
3787,92.32607,46.66667,-6.25,2024-06-02 18:00:00,0.020317808,-0.030876238,4358653.3150161095,-477350.1729464703,0.0
3967,109.7293,46.66667,-6.25,2024-06-02 18:00:00,0.020567592,-0.02273941,4358653.3150161095,-477350.1729464703,0.0
4147,130.666,46.66667,-6.25,2024-06-02 18:00:00,0.017897252,-0.015361572,4358653.3150161095,-477350.1729464703,0.0
4327,155.8507,46.66667,-6.25,2024-06-02 18:00:00,0.01844498,-0.013612099,4358653.3150161095,-477350.1729464703,0.0
4507,186.1256,46.66667,-6.25,2024-06-02 18:00:00,0.01023148,-0.021333516,4358653.3150161095,-477350.1729464703,0.0
4687,222.4752,46.66667,-6.25,2024-06-02 18:00:00,-0.012382136,-0.021111054,4358653.3150161095,-477350.1729464703,0.0
4867,266.0403,46.66667,-6.25,2024-06-02 18:00:00,-0.03789133,-0.019161431,4358653.3150161095,-477350.1729464703,0.0
5047,318.1274,46.66667,-6.25,2024-06-02 18:00:00,-0.04367932,-0.015100756,4358653.3150161095,-477350.1729464703,0.0
5227,380.213,46.66667,-6.25,2024-06-02 18:00:00,-0.05498094,-0.020643527,4358653.3150161095,-477350.1729464703,0.0
5407,453.9377,46.66667,-6.25,2024-06-02 18:00:00,-0.05902866,-0.01709962,4358653.3150161095,-477350.1729464703,0.0
5587,541.0889,46.66667,-6.25,2024-06-02 18:00:00,-0.0470085,-0.013161488,4358653.3150161095,-477350.1729464703,0.0
5767,643.5668,46.66667,-6.25,2024-06-02 18:00:00,-0.057725236,-0.03083919,4358653.3150161095,-477350.1729464703,0.0
5947,763.3331,46.66667,-6.25,2024-06-02 18:00:00,-0.054043774,-0.051385317,4358653.3150161095,-477350.1729464703,0.0
6127,902.3393,46.66667,-6.25,2024-06-02 18:00:00,-0.022025017,-0.074207485,4358653.3150161095,-477350.1729464703,0.0
16,0.494025,46.66667,-6.1666565,2024-06-02 18:00:00,0.012694342,-0.043184023,4359343.065935845,-471009.49203812674,0.0
196,1.541375,46.66667,-6.1666565,2024-06-02 18:00:00,0.0151547715,-0.039039154,4359343.065935845,-471009.49203812674,0.0
376,2.645669,46.66667,-6.1666565,2024-06-02 18:00:00,0.017714126,-0.035264853,4359343.065935845,-471009.49203812674,0.0
556,3.819495,46.66667,-6.1666565,2024-06-02 18:00:00,0.02032867,-0.03193257,4359343.065935845,-471009.49203812674,0.0
736,5.078224,46.66667,-6.1666565,2024-06-02 18:00:00,0.023061337,-0.02899851,4359343.065935845,-471009.49203812674,0.0
916,6.440614,46.66667,-6.1666565,2024-06-02 18:00:00,0.026183652,-0.026312508,4359343.065935845,-471009.49203812674,0.0
1096,7.92956,46.66667,-6.1666565,2024-06-02 18:00:00,0.030966043,-0.02333834,4359343.065935845,-471009.49203812674,0.0
1276,9.572997,46.66667,-6.1666565,2024-06-02 18:00:00,0.044700034,-0.01945103,4359343.065935845,-471009.49203812674,0.0
1456,11.405,46.66667,-6.1666565,2024-06-02 18:00:00,0.07302945,-0.025884973,4359343.065935845,-471009.49203812674,0.0
1636,13.46714,46.66667,-6.1666565,2024-06-02 18:00:00,0.09670569,-0.059877202,4359343.065935845,-471009.49203812674,0.0
1816,15.81007,46.66667,-6.1666565,2024-06-02 18:00:00,0.08654223,-0.07215814,4359343.065935845,-471009.49203812674,0.0
1996,18.49556,46.66667,-6.1666565,2024-06-02 18:00:00,0.07293941,-0.074135885,4359343.065935845,-471009.49203812674,0.0
2176,21.59882,46.66667,-6.1666565,2024-06-02 18:00:00,0.052349098,-0.06489646,4359343.065935845,-471009.49203812674,0.0
2356,25.21141,46.66667,-6.1666565,2024-06-02 18:00:00,0.08732986,-0.029337712,4359343.065935845,-471009.49203812674,0.0
2536,29.44473,46.66667,-6.1666565,2024-06-02 18:00:00,0.114518486,-0.03426296,4359343.065935845,-471009.49203812674,0.0
2716,34.43415,46.66667,-6.1666565,2024-06-02 18:00:00,0.10420468,-0.03808059,4359343.065935845,-471009.49203812674,0.0
2896,40.34405,46.66667,-6.1666565,2024-06-02 18:00:00,0.08970531,-0.046846934,4359343.065935845,-471009.49203812674,0.0
3076,47.37369,46.66667,-6.1666565,2024-06-02 18:00:00,0.08136486,-0.044537738,4359343.065935845,-471009.49203812674,0.0
3256,55.76429,46.66667,-6.1666565,2024-06-02 18:00:00,0.07990611,-0.038258374,4359343.065935845,-471009.49203812674,0.0
3436,65.80727,46.66667,-6.1666565,2024-06-02 18:00:00,0.07840965,-0.039303858,4359343.065935845,-471009.49203812674,0.0
3616,77.85385,46.66667,-6.1666565,2024-06-02 18:00:00,0.072572246,-0.043815818,4359343.065935845,-471009.49203812674,0.0
3796,92.32607,46.66667,-6.1666565,2024-06-02 18:00:00,0.06658703,-0.042827938,4359343.065935845,-471009.49203812674,0.0
3976,109.7293,46.66667,-6.1666565,2024-06-02 18:00:00,0.06466945,-0.031754594,4359343.065935845,-471009.49203812674,0.0
4156,130.666,46.66667,-6.1666565,2024-06-02 18:00:00,0.05577773,-0.022248268,4359343.065935845,-471009.49203812674,0.0
4336,155.8507,46.66667,-6.1666565,2024-06-02 18:00:00,0.04138988,-0.02048844,4359343.065935845,-471009.49203812674,0.0
4516,186.1256,46.66667,-6.1666565,2024-06-02 18:00:00,0.016841963,-0.024991136,4359343.065935845,-471009.49203812674,0.0
4696,222.4752,46.66667,-6.1666565,2024-06-02 18:00:00,-0.008422326,-0.020940887,4359343.065935845,-471009.49203812674,0.0
4876,266.0403,46.66667,-6.1666565,2024-06-02 18:00:00,-0.01870553,-0.022663016,4359343.065935845,-471009.49203812674,0.0
5056,318.1274,46.66667,-6.1666565,2024-06-02 18:00:00,-0.024845742,-0.025174465,4359343.065935845,-471009.49203812674,0.0
5236,380.213,46.66667,-6.1666565,2024-06-02 18:00:00,-0.0394732,-0.027032359,4359343.065935845,-471009.49203812674,0.0
5416,453.9377,46.66667,-6.1666565,2024-06-02 18:00:00,-0.035255708,-0.023385162,4359343.065935845,-471009.49203812674,0.0
5596,541.0889,46.66667,-6.1666565,2024-06-02 18:00:00,-0.024542997,-0.029881028,4359343.065935845,-471009.49203812674,0.0
5776,643.5668,46.66667,-6.1666565,2024-06-02 18:00:00,-0.02532831,-0.05688217,4359343.065935845,-471009.49203812674,0.0
5956,763.3331,46.66667,-6.1666565,2024-06-02 18:00:00,-0.018812697,-0.071469374,4359343.065935845,-471009.49203812674,0.0
6136,902.3393,46.66667,-6.1666565,2024-06-02 18:00:00,0.009039701,-0.091758214,4359343.065935845,-471009.49203812674,0.0
25,0.494025,46.66667,-6.0833282,2024-06-02 18:00:00,0.03332977,-0.076624215,4360023.469108121,-464668.9756583009,0.0
205,1.541375,46.66667,-6.0833282,2024-06-02 18:00:00,0.035760112,-0.07237971,4360023.469108121,-464668.9756583009,0.0
385,2.645669,46.66667,-6.0833282,2024-06-02 18:00:00,0.038312204,-0.06851468,4360023.469108121,-464668.9756583009,0.0
565,3.819495,46.66667,-6.0833282,2024-06-02 18:00:00,0.040944792,-0.06510628,4360023.469108121,-464668.9756583009,0.0
745,5.078224,46.66667,-6.0833282,2024-06-02 18:00:00,0.04374462,-0.06209975,4360023.469108121,-464668.9756583009,0.0
925,6.440614,46.66667,-6.0833282,2024-06-02 18:00:00,0.04709717,-0.059296966,4360023.469108121,-464668.9756583009,0.0
1105,7.92956,46.66667,-6.0833282,2024-06-02 18:00:00,0.05302892,-0.055930395,4360023.469108121,-464668.9756583009,0.0
1285,9.572997,46.66667,-6.0833282,2024-06-02 18:00:00,0.07045395,-0.052513912,4360023.469108121,-464668.9756583009,0.0
1465,11.405,46.66667,-6.0833282,2024-06-02 18:00:00,0.09947329,-0.061325453,4360023.469108121,-464668.9756583009,0.0
1645,13.46714,46.66667,-6.0833282,2024-06-02 18:00:00,0.11860518,-0.09536212,4360023.469108121,-464668.9756583009,0.0
1825,15.81007,46.66667,-6.0833282,2024-06-02 18:00:00,0.10784907,-0.10471789,4360023.469108121,-464668.9756583009,0.0
2005,18.49556,46.66667,-6.0833282,2024-06-02 18:00:00,0.0947393,-0.104975864,4360023.469108121,-464668.9756583009,0.0
2185,21.59882,46.66667,-6.0833282,2024-06-02 18:00:00,0.087103896,-0.093110524,4360023.469108121,-464668.9756583009,0.0
2365,25.21141,46.66667,-6.0833282,2024-06-02 18:00:00,0.12842315,-0.0616934,4360023.469108121,-464668.9756583009,0.0
2545,29.44473,46.66667,-6.0833282,2024-06-02 18:00:00,0.15216927,-0.06880099,4360023.469108121,-464668.9756583009,0.0
2725,34.43415,46.66667,-6.0833282,2024-06-02 18:00:00,0.13993569,-0.07264715,4360023.469108121,-464668.9756583009,0.0
2905,40.34405,46.66667,-6.0833282,2024-06-02 18:00:00,0.12626332,-0.07607957,4360023.469108121,-464668.9756583009,0.0
3085,47.37369,46.66667,-6.0833282,2024-06-02 18:00:00,0.121018365,-0.071399465,4360023.469108121,-464668.9756583009,0.0
3265,55.76429,46.66667,-6.0833282,2024-06-02 18:00:00,0.12525642,-0.066204175,4360023.469108121,-464668.9756583009,0.0
3445,65.80727,46.66667,-6.0833282,2024-06-02 18:00:00,0.12762786,-0.068249375,4360023.469108121,-464668.9756583009,0.0
3625,77.85385,46.66667,-6.0833282,2024-06-02 18:00:00,0.124806695,-0.07261504,4360023.469108121,-464668.9756583009,0.0
3805,92.32607,46.66667,-6.0833282,2024-06-02 18:00:00,0.11957575,-0.07269687,4360023.469108121,-464668.9756583009,0.0
3985,109.7293,46.66667,-6.0833282,2024-06-02 18:00:00,0.1134451,-0.059540387,4360023.469108121,-464668.9756583009,0.0
4165,130.666,46.66667,-6.0833282,2024-06-02 18:00:00,0.096994594,-0.04548768,4360023.469108121,-464668.9756583009,0.0
4345,155.8507,46.66667,-6.0833282,2024-06-02 18:00:00,0.07064216,-0.042074837,4360023.469108121,-464668.9756583009,0.0
4525,186.1256,46.66667,-6.0833282,2024-06-02 18:00:00,0.044950962,-0.04212361,4360023.469108121,-464668.9756583009,0.0
4705,222.4752,46.66667,-6.0833282,2024-06-02 18:00:00,0.024866644,-0.03806099,4360023.469108121,-464668.9756583009,0.0
4885,266.0403,46.66667,-6.0833282,2024-06-02 18:00:00,0.017190328,-0.038316607,4360023.469108121,-464668.9756583009,0.0
5065,318.1274,46.66667,-6.0833282,2024-06-02 18:00:00,0.0075406297,-0.041723736,4360023.469108121,-464668.9756583009,0.0
5245,380.213,46.66667,-6.0833282,2024-06-02 18:00:00,0.0037907318,-0.044979766,4360023.469108121,-464668.9756583009,0.0
5425,453.9377,46.66667,-6.0833282,2024-06-02 18:00:00,-0.0033127056,-0.040179845,4360023.469108121,-464668.9756583009,0.0
5605,541.0889,46.66667,-6.0833282,2024-06-02 18:00:00,-0.0008228491,-0.049111415,4360023.469108121,-464668.9756583009,0.0
5785,643.5668,46.66667,-6.0833282,2024-06-02 18:00:00,-0.0018853177,-0.07081883,4360023.469108121,-464668.9756583009,0.0
5965,763.3331,46.66667,-6.0833282,2024-06-02 18:00:00,0.008995619,-0.07721335,4360023.469108121,-464668.9756583009,0.0
6145,902.3393,46.66667,-6.0833282,2024-06-02 18:00:00,0.044536933,-0.10934235,4360023.469108121,-464668.9756583009,0.0
34,0.494025,46.66667,-6.0,2024-06-02 18:00:00,0.054989897,-0.09767463,4360694.650219674,-458327.4764384654,0.0
214,1.541375,46.66667,-6.0,2024-06-02 18:00:00,0.05736927,-0.0933346,4360694.650219674,-458327.4764384654,0.0
394,2.645669,46.66667,-6.0,2024-06-02 18:00:00,0.05989065,-0.089391254,4360694.650219674,-458327.4764384654,0.0
574,3.819495,46.66667,-6.0,2024-06-02 18:00:00,0.06251806,-0.08592615,4360694.650219674,-458327.4764384654,0.0
754,5.078224,46.66667,-6.0,2024-06-02 18:00:00,0.06537086,-0.082870424,4360694.650219674,-458327.4764384654,0.0
934,6.440614,46.66667,-6.0,2024-06-02 18:00:00,0.069025725,-0.0799512,4360694.650219674,-458327.4764384654,0.0
1114,7.92956,46.66667,-6.0,2024-06-02 18:00:00,0.07727488,-0.076009504,4360694.650219674,-458327.4764384654,0.0
1294,9.572997,46.66667,-6.0,2024-06-02 18:00:00,0.10005198,-0.07460305,4360694.650219674,-458327.4764384654,0.0
1474,11.405,46.66667,-6.0,2024-06-02 18:00:00,0.12824702,-0.089009956,4360694.650219674,-458327.4764384654,0.0
1654,13.46714,46.66667,-6.0,2024-06-02 18:00:00,0.1379107,-0.123557195,4360694.650219674,-458327.4764384654,0.0
1834,15.81007,46.66667,-6.0,2024-06-02 18:00:00,0.12601037,-0.1292983,4360694.650219674,-458327.4764384654,0.0
2014,18.49556,46.66667,-6.0,2024-06-02 18:00:00,0.115627274,-0.12776077,4360694.650219674,-458327.4764384654,0.0
2194,21.59882,46.66667,-6.0,2024-06-02 18:00:00,0.11703645,-0.1186883,4360694.650219674,-458327.4764384654,0.0
2374,25.21141,46.66667,-6.0,2024-06-02 18:00:00,0.15245612,-0.0950067,4360694.650219674,-458327.4764384654,0.0
2554,29.44473,46.66667,-6.0,2024-06-02 18:00:00,0.16828653,-0.09867645,4360694.650219674,-458327.4764384654,0.0
2734,34.43415,46.66667,-6.0,2024-06-02 18:00:00,0.1549524,-0.099714085,4360694.650219674,-458327.4764384654,0.0
2914,40.34405,46.66667,-6.0,2024-06-02 18:00:00,0.14334363,-0.10142466,4360694.650219674,-458327.4764384654,0.0
3094,47.37369,46.66667,-6.0,2024-06-02 18:00:00,0.14047168,-0.09659354,4360694.650219674,-458327.4764384654,0.0
3274,55.76429,46.66667,-6.0,2024-06-02 18:00:00,0.14601123,-0.09237557,4360694.650219674,-458327.4764384654,0.0
3454,65.80727,46.66667,-6.0,2024-06-02 18:00:00,0.14871822,-0.09519492,4360694.650219674,-458327.4764384654,0.0
3634,77.85385,46.66667,-6.0,2024-06-02 18:00:00,0.1484696,-0.09877609,4360694.650219674,-458327.4764384654,0.0
3814,92.32607,46.66667,-6.0,2024-06-02 18:00:00,0.14615501,-0.09919133,4360694.650219674,-458327.4764384654,0.0
3994,109.7293,46.66667,-6.0,2024-06-02 18:00:00,0.1375915,-0.085796036,4360694.650219674,-458327.4764384654,0.0
4174,130.666,46.66667,-6.0,2024-06-02 18:00:00,0.11925058,-0.07042737,4360694.650219674,-458327.4764384654,0.0
4354,155.8507,46.66667,-6.0,2024-06-02 18:00:00,0.098079495,-0.069852985,4360694.650219674,-458327.4764384654,0.0
4534,186.1256,46.66667,-6.0,2024-06-02 18:00:00,0.08335776,-0.070418715,4360694.650219674,-458327.4764384654,0.0
4714,222.4752,46.66667,-6.0,2024-06-02 18:00:00,0.069562666,-0.06970211,4360694.650219674,-458327.4764384654,0.0
4894,266.0403,46.66667,-6.0,2024-06-02 18:00:00,0.0579978,-0.06866355,4360694.650219674,-458327.4764384654,0.0
5074,318.1274,46.66667,-6.0,2024-06-02 18:00:00,0.043942872,-0.06415333,4360694.650219674,-458327.4764384654,0.0
5254,380.213,46.66667,-6.0,2024-06-02 18:00:00,0.04140339,-0.06459982,4360694.650219674,-458327.4764384654,0.0
5434,453.9377,46.66667,-6.0,2024-06-02 18:00:00,0.03292315,-0.06584566,4360694.650219674,-458327.4764384654,0.0
5614,541.0889,46.66667,-6.0,2024-06-02 18:00:00,0.02378894,-0.070845045,4360694.650219674,-458327.4764384654,0.0
5794,643.5668,46.66667,-6.0,2024-06-02 18:00:00,0.019086748,-0.078619,4360694.650219674,-458327.4764384654,0.0
5974,763.3331,46.66667,-6.0,2024-06-02 18:00:00,0.03253223,-0.08008977,4360694.650219674,-458327.4764384654,0.0
6154,902.3393,46.66667,-6.0,2024-06-02 18:00:00,0.051165424,-0.11458625,4360694.650219674,-458327.4764384654,0.0
43,0.494025,46.75,-6.25,2024-06-02 18:00:00,1.1543743e-05,-0.094280116,4351950.96357759,-476616.1460837916,0.0
223,1.541375,46.75,-6.25,2024-06-02 18:00:00,0.0023290203,-0.090225436,4351950.96357759,-476616.1460837916,0.0
403,2.645669,46.75,-6.25,2024-06-02 18:00:00,0.004723962,-0.08656157,4351950.96357759,-476616.1460837916,0.0
583,3.819495,46.75,-6.25,2024-06-02 18:00:00,0.0071640383,-0.08334411,4351950.96357759,-476616.1460837916,0.0
763,5.078224,46.75,-6.25,2024-06-02 18:00:00,0.009709892,-0.08053509,4351950.96357759,-476616.1460837916,0.0
943,6.440614,46.75,-6.25,2024-06-02 18:00:00,0.012614485,-0.07801603,4351950.96357759,-476616.1460837916,0.0
1123,7.92956,46.75,-6.25,2024-06-02 18:00:00,0.017226934,-0.07532918,4351950.96357759,-476616.1460837916,0.0
1303,9.572997,46.75,-6.25,2024-06-02 18:00:00,0.03445524,-0.07187429,4351950.96357759,-476616.1460837916,0.0
1483,11.405,46.75,-6.25,2024-06-02 18:00:00,0.0675111,-0.08409305,4351950.96357759,-476616.1460837916,0.0
1663,13.46714,46.75,-6.25,2024-06-02 18:00:00,0.07774297,-0.12112823,4351950.96357759,-476616.1460837916,0.0
1843,15.81007,46.75,-6.25,2024-06-02 18:00:00,0.06616664,-0.123458326,4351950.96357759,-476616.1460837916,0.0
2023,18.49556,46.75,-6.25,2024-06-02 18:00:00,0.057232775,-0.114243306,4351950.96357759,-476616.1460837916,0.0
2203,21.59882,46.75,-6.25,2024-06-02 18:00:00,0.06800431,-0.0895371,4351950.96357759,-476616.1460837916,0.0
2383,25.21141,46.75,-6.25,2024-06-02 18:00:00,0.12230576,-0.087618634,4351950.96357759,-476616.1460837916,0.0
2563,29.44473,46.75,-6.25,2024-06-02 18:00:00,0.1141931,-0.105574585,4351950.96357759,-476616.1460837916,0.0
2743,34.43415,46.75,-6.25,2024-06-02 18:00:00,0.092895016,-0.10191232,4351950.96357759,-476616.1460837916,0.0
2923,40.34405,46.75,-6.25,2024-06-02 18:00:00,0.080218114,-0.0993981,4351950.96357759,-476616.1460837916,0.0
3103,47.37369,46.75,-6.25,2024-06-02 18:00:00,0.08123917,-0.093311705,4351950.96357759,-476616.1460837916,0.0
3283,55.76429,46.75,-6.25,2024-06-02 18:00:00,0.08954514,-0.08735945,4351950.96357759,-476616.1460837916,0.0
3463,65.80727,46.75,-6.25,2024-06-02 18:00:00,0.09340833,-0.08625931,4351950.96357759,-476616.1460837916,0.0
3643,77.85385,46.75,-6.25,2024-06-02 18:00:00,0.08617906,-0.09323109,4351950.96357759,-476616.1460837916,0.0
3823,92.32607,46.75,-6.25,2024-06-02 18:00:00,0.07367684,-0.095419616,4351950.96357759,-476616.1460837916,0.0
4003,109.7293,46.75,-6.25,2024-06-02 18:00:00,0.06661159,-0.082640685,4351950.96357759,-476616.1460837916,0.0
4183,130.666,46.75,-6.25,2024-06-02 18:00:00,0.05301458,-0.07158124,4351950.96357759,-476616.1460837916,0.0
4363,155.8507,46.75,-6.25,2024-06-02 18:00:00,0.040531367,-0.06926367,4351950.96357759,-476616.1460837916,0.0
4543,186.1256,46.75,-6.25,2024-06-02 18:00:00,0.035056267,-0.06184358,4351950.96357759,-476616.1460837916,0.0
4723,222.4752,46.75,-6.25,2024-06-02 18:00:00,0.02745561,-0.058806892,4351950.96357759,-476616.1460837916,0.0
4903,266.0403,46.75,-6.25,2024-06-02 18:00:00,0.022668084,-0.06921367,4351950.96357759,-476616.1460837916,0.0
5083,318.1274,46.75,-6.25,2024-06-02 18:00:00,0.017227408,-0.06654871,4351950.96357759,-476616.1460837916,0.0
5263,380.213,46.75,-6.25,2024-06-02 18:00:00,0.003581704,-0.06632669,4351950.96357759,-476616.1460837916,0.0
5443,453.9377,46.75,-6.25,2024-06-02 18:00:00,-0.00019932026,-0.053144045,4351950.96357759,-476616.1460837916,0.0
5623,541.0889,46.75,-6.25,2024-06-02 18:00:00,0.0055077355,-0.043796986,4351950.96357759,-476616.1460837916,0.0
5803,643.5668,46.75,-6.25,2024-06-02 18:00:00,-0.0018717668,-0.06275522,4351950.96357759,-476616.1460837916,0.0
5983,763.3331,46.75,-6.25,2024-06-02 18:00:00,0.00317663,-0.08155188,4351950.96357759,-476616.1460837916,0.0
6163,902.3393,46.75,-6.25,2024-06-02 18:00:00,0.013000734,-0.10798414,4351950.96357759,-476616.1460837916,0.0
52,0.494025,46.75,-6.1666565,2024-06-02 18:00:00,0.04025995,-0.09704975,4352639.653859386,-470285.21531356085,0.0
232,1.541375,46.75,-6.1666565,2024-06-02 18:00:00,0.04251766,-0.09291713,4352639.653859386,-470285.21531356085,0.0
412,2.645669,46.75,-6.1666565,2024-06-02 18:00:00,0.04487121,-0.08918211,4352639.653859386,-470285.21531356085,0.0
592,3.819495,46.75,-6.1666565,2024-06-02 18:00:00,0.04729057,-0.08590327,4352639.653859386,-470285.21531356085,0.0
772,5.078224,46.75,-6.1666565,2024-06-02 18:00:00,0.04985314,-0.08303252,4352639.653859386,-470285.21531356085,0.0
952,6.440614,46.75,-6.1666565,2024-06-02 18:00:00,0.052894134,-0.080410965,4352639.653859386,-470285.21531356085,0.0
1132,7.92956,46.75,-6.1666565,2024-06-02 18:00:00,0.058524046,-0.07731994,4352639.653859386,-470285.21531356085,0.0
1312,9.572997,46.75,-6.1666565,2024-06-02 18:00:00,0.08017336,-0.07432956,4352639.653859386,-470285.21531356085,0.0
1492,11.405,46.75,-6.1666565,2024-06-02 18:00:00,0.11251276,-0.08954078,4352639.653859386,-470285.21531356085,0.0
1672,13.46714,46.75,-6.1666565,2024-06-02 18:00:00,0.11868539,-0.12368585,4352639.653859386,-470285.21531356085,0.0
1852,15.81007,46.75,-6.1666565,2024-06-02 18:00:00,0.10764413,-0.12311517,4352639.653859386,-470285.21531356085,0.0
2032,18.49556,46.75,-6.1666565,2024-06-02 18:00:00,0.10188607,-0.11256887,4352639.653859386,-470285.21531356085,0.0
2212,21.59882,46.75,-6.1666565,2024-06-02 18:00:00,0.12008968,-0.09424302,4352639.653859386,-470285.21531356085,0.0
2392,25.21141,46.75,-6.1666565,2024-06-02 18:00:00,0.16972217,-0.09754182,4352639.653859386,-470285.21531356085,0.0
2572,29.44473,46.75,-6.1666565,2024-06-02 18:00:00,0.15359868,-0.1164997,4352639.653859386,-470285.21531356085,0.0
2752,34.43415,46.75,-6.1666565,2024-06-02 18:00:00,0.13100335,-0.11204736,4352639.653859386,-470285.21531356085,0.0
2932,40.34405,46.75,-6.1666565,2024-06-02 18:00:00,0.11517115,-0.1094501,4352639.653859386,-470285.21531356085,0.0
3112,47.37369,46.75,-6.1666565,2024-06-02 18:00:00,0.114352316,-0.101048365,4352639.653859386,-470285.21531356085,0.0
3292,55.76429,46.75,-6.1666565,2024-06-02 18:00:00,0.12188307,-0.093768224,4352639.653859386,-470285.21531356085,0.0
3472,65.80727,46.75,-6.1666565,2024-06-02 18:00:00,0.12421207,-0.09446878,4352639.653859386,-470285.21531356085,0.0
3652,77.85385,46.75,-6.1666565,2024-06-02 18:00:00,0.1177953,-0.10070877,4352639.653859386,-470285.21531356085,0.0
3832,92.32607,46.75,-6.1666565,2024-06-02 18:00:00,0.10749161,-0.101749584,4352639.653859386,-470285.21531356085,0.0
4012,109.7293,46.75,-6.1666565,2024-06-02 18:00:00,0.09866774,-0.08770552,4352639.653859386,-470285.21531356085,0.0
4192,130.666,46.75,-6.1666565,2024-06-02 18:00:00,0.085643224,-0.072526745,4352639.653859386,-470285.21531356085,0.0
4372,155.8507,46.75,-6.1666565,2024-06-02 18:00:00,0.07821243,-0.06812845,4352639.653859386,-470285.21531356085,0.0
4552,186.1256,46.75,-6.1666565,2024-06-02 18:00:00,0.07647085,-0.06393135,4352639.653859386,-470285.21531356085,0.0
4732,222.4752,46.75,-6.1666565,2024-06-02 18:00:00,0.06667219,-0.06452402,4352639.653859386,-470285.21531356085,0.0
4912,266.0403,46.75,-6.1666565,2024-06-02 18:00:00,0.055163886,-0.07008238,4352639.653859386,-470285.21531356085,0.0
5092,318.1274,46.75,-6.1666565,2024-06-02 18:00:00,0.046271704,-0.07211875,4352639.653859386,-470285.21531356085,0.0
5272,380.213,46.75,-6.1666565,2024-06-02 18:00:00,0.03912355,-0.076125816,4352639.653859386,-470285.21531356085,0.0
5452,453.9377,46.75,-6.1666565,2024-06-02 18:00:00,0.03145044,-0.06151287,4352639.653859386,-470285.21531356085,0.0
5632,541.0889,46.75,-6.1666565,2024-06-02 18:00:00,0.028485648,-0.062416222,4352639.653859386,-470285.21531356085,0.0
5812,643.5668,46.75,-6.1666565,2024-06-02 18:00:00,0.019583076,-0.09361691,4352639.653859386,-470285.21531356085,0.0
5992,763.3331,46.75,-6.1666565,2024-06-02 18:00:00,0.015106171,-0.11259202,4352639.653859386,-470285.21531356085,0.0
6172,902.3393,46.75,-6.1666565,2024-06-02 18:00:00,0.030775482,-0.13388547,4352639.653859386,-470285.21531356085,0.0
61,0.494025,46.75,-6.0833282,2024-06-02 18:00:00,0.054862965,-0.10324685,4353319.010767862,-463954.44881885045,0.0
241,1.541375,46.75,-6.0833282,2024-06-02 18:00:00,0.05707565,-0.09902597,4353319.010767862,-463954.44881885045,0.0
421,2.645669,46.75,-6.0833282,2024-06-02 18:00:00,0.05941147,-0.095206454,4353319.010767862,-463954.44881885045,0.0
601,3.819495,46.75,-6.0833282,2024-06-02 18:00:00,0.061842285,-0.09185112,4353319.010767862,-463954.44881885045,0.0
781,5.078224,46.75,-6.0833282,2024-06-02 18:00:00,0.06446667,-0.08889908,4353319.010767862,-463954.44881885045,0.0
961,6.440614,46.75,-6.0833282,2024-06-02 18:00:00,0.06773724,-0.08613458,4353319.010767862,-463954.44881885045,0.0
1141,7.92956,46.75,-6.0833282,2024-06-02 18:00:00,0.07490882,-0.08248542,4353319.010767862,-463954.44881885045,0.0
1321,9.572997,46.75,-6.0833282,2024-06-02 18:00:00,0.0997368,-0.08048546,4353319.010767862,-463954.44881885045,0.0
1501,11.405,46.75,-6.0833282,2024-06-02 18:00:00,0.13182037,-0.09756666,4353319.010767862,-463954.44881885045,0.0
1681,13.46714,46.75,-6.0833282,2024-06-02 18:00:00,0.13769823,-0.13242562,4353319.010767862,-463954.44881885045,0.0
1861,15.81007,46.75,-6.0833282,2024-06-02 18:00:00,0.12722877,-0.13257232,4353319.010767862,-463954.44881885045,0.0
2041,18.49556,46.75,-6.0833282,2024-06-02 18:00:00,0.12171447,-0.12384407,4353319.010767862,-463954.44881885045,0.0
2221,21.59882,46.75,-6.0833282,2024-06-02 18:00:00,0.13714,-0.11074586,4353319.010767862,-463954.44881885045,0.0
2401,25.21141,46.75,-6.0833282,2024-06-02 18:00:00,0.1870594,-0.11378976,4353319.010767862,-463954.44881885045,0.0
2581,29.44473,46.75,-6.0833282,2024-06-02 18:00:00,0.17526186,-0.13054925,4353319.010767862,-463954.44881885045,0.0
2761,34.43415,46.75,-6.0833282,2024-06-02 18:00:00,0.1512159,-0.13105063,4353319.010767862,-463954.44881885045,0.0
2941,40.34405,46.75,-6.0833282,2024-06-02 18:00:00,0.13008481,-0.12833422,4353319.010767862,-463954.44881885045,0.0
3121,47.37369,46.75,-6.0833282,2024-06-02 18:00:00,0.12448004,-0.11772633,4353319.010767862,-463954.44881885045,0.0
3301,55.76429,46.75,-6.0833282,2024-06-02 18:00:00,0.12899226,-0.10890302,4353319.010767862,-463954.44881885045,0.0
3481,65.80727,46.75,-6.0833282,2024-06-02 18:00:00,0.13019648,-0.109940074,4353319.010767862,-463954.44881885045,0.0
3661,77.85385,46.75,-6.0833282,2024-06-02 18:00:00,0.12564105,-0.115282945,4353319.010767862,-463954.44881885045,0.0
3841,92.32607,46.75,-6.0833282,2024-06-02 18:00:00,0.120077625,-0.115278885,4353319.010767862,-463954.44881885045,0.0
4021,109.7293,46.75,-6.0833282,2024-06-02 18:00:00,0.115079015,-0.10172778,4353319.010767862,-463954.44881885045,0.0
4201,130.666,46.75,-6.0833282,2024-06-02 18:00:00,0.1068248,-0.085345425,4353319.010767862,-463954.44881885045,0.0
4381,155.8507,46.75,-6.0833282,2024-06-02 18:00:00,0.10624986,-0.08235791,4353319.010767862,-463954.44881885045,0.0
4561,186.1256,46.75,-6.0833282,2024-06-02 18:00:00,0.108992934,-0.07868295,4353319.010767862,-463954.44881885045,0.0
4741,222.4752,46.75,-6.0833282,2024-06-02 18:00:00,0.09829725,-0.07834259,4353319.010767862,-463954.44881885045,0.0
4921,266.0403,46.75,-6.0833282,2024-06-02 18:00:00,0.0836362,-0.07870516,4353319.010767862,-463954.44881885045,0.0
5101,318.1274,46.75,-6.0833282,2024-06-02 18:00:00,0.07430302,-0.08071148,4353319.010767862,-463954.44881885045,0.0
5281,380.213,46.75,-6.0833282,2024-06-02 18:00:00,0.06777941,-0.08410947,4353319.010767862,-463954.44881885045,0.0
5461,453.9377,46.75,-6.0833282,2024-06-02 18:00:00,0.059608288,-0.072478406,4353319.010767862,-463954.44881885045,0.0
5641,541.0889,46.75,-6.0833282,2024-06-02 18:00:00,0.050949834,-0.07441771,4353319.010767862,-463954.44881885045,0.0
5821,643.5668,46.75,-6.0833282,2024-06-02 18:00:00,0.039559685,-0.101567395,4353319.010767862,-463954.44881885045,0.0
6001,763.3331,46.75,-6.0833282,2024-06-02 18:00:00,0.02883726,-0.114834726,4353319.010767862,-463954.44881885045,0.0
6181,902.3393,46.75,-6.0833282,2024-06-02 18:00:00,0.021860674,-0.13628462,4353319.010767862,-463954.44881885045,0.0
70,0.494025,46.75,-6.0,2024-06-02 18:00:00,0.048044138,-0.101926126,4353989.159796485,-457622.70099545474,0.0
250,1.541375,46.75,-6.0,2024-06-02 18:00:00,0.050199356,-0.09760423,4353989.159796485,-457622.70099545474,0.0
430,2.645669,46.75,-6.0,2024-06-02 18:00:00,0.05251553,-0.09368388,4353989.159796485,-457622.70099545474,0.0
610,3.819495,46.75,-6.0,2024-06-02 18:00:00,0.054968096,-0.09023283,4353989.159796485,-457622.70099545474,0.0
790,5.078224,46.75,-6.0,2024-06-02 18:00:00,0.057684943,-0.087175176,4353989.159796485,-457622.70099545474,0.0
970,6.440614,46.75,-6.0,2024-06-02 18:00:00,0.06130534,-0.08421413,4353989.159796485,-457622.70099545474,0.0
1150,7.92956,46.75,-6.0,2024-06-02 18:00:00,0.07083842,-0.07988147,4353989.159796485,-457622.70099545474,0.0
1330,9.572997,46.75,-6.0,2024-06-02 18:00:00,0.098724894,-0.07928583,4353989.159796485,-457622.70099545474,0.0
1510,11.405,46.75,-6.0,2024-06-02 18:00:00,0.1301451,-0.09796638,4353989.159796485,-457622.70099545474,0.0
1690,13.46714,46.75,-6.0,2024-06-02 18:00:00,0.13695829,-0.13529703,4353989.159796485,-457622.70099545474,0.0
1870,15.81007,46.75,-6.0,2024-06-02 18:00:00,0.12784551,-0.13804437,4353989.159796485,-457622.70099545474,0.0
2050,18.49556,46.75,-6.0,2024-06-02 18:00:00,0.12168613,-0.13292147,4353989.159796485,-457622.70099545474,0.0
2230,21.59882,46.75,-6.0,2024-06-02 18:00:00,0.13133767,-0.12456959,4353989.159796485,-457622.70099545474,0.0
2410,25.21141,46.75,-6.0,2024-06-02 18:00:00,0.18414138,-0.12773225,4353989.159796485,-457622.70099545474,0.0
2590,29.44473,46.75,-6.0,2024-06-02 18:00:00,0.18167938,-0.14013414,4353989.159796485,-457622.70099545474,0.0
2770,34.43415,46.75,-6.0,2024-06-02 18:00:00,0.15727058,-0.14380372,4353989.159796485,-457622.70099545474,0.0
2950,40.34405,46.75,-6.0,2024-06-02 18:00:00,0.13412353,-0.1405384,4353989.159796485,-457622.70099545474,0.0
3130,47.37369,46.75,-6.0,2024-06-02 18:00:00,0.12718384,-0.13146818,4353989.159796485,-457622.70099545474,0.0
3310,55.76429,46.75,-6.0,2024-06-02 18:00:00,0.13112172,-0.124302685,4353989.159796485,-457622.70099545474,0.0
3490,65.80727,46.75,-6.0,2024-06-02 18:00:00,0.13195568,-0.12522447,4353989.159796485,-457622.70099545474,0.0
3670,77.85385,46.75,-6.0,2024-06-02 18:00:00,0.12996426,-0.12827152,4353989.159796485,-457622.70099545474,0.0
3850,92.32607,46.75,-6.0,2024-06-02 18:00:00,0.13044351,-0.12673081,4353989.159796485,-457622.70099545474,0.0
4030,109.7293,46.75,-6.0,2024-06-02 18:00:00,0.12892807,-0.11530199,4353989.159796485,-457622.70099545474,0.0
4210,130.666,46.75,-6.0,2024-06-02 18:00:00,0.12147174,-0.10008258,4353989.159796485,-457622.70099545474,0.0
4390,155.8507,46.75,-6.0,2024-06-02 18:00:00,0.12468187,-0.09750577,4353989.159796485,-457622.70099545474,0.0
4570,186.1256,46.75,-6.0,2024-06-02 18:00:00,0.12648532,-0.09385836,4353989.159796485,-457622.70099545474,0.0
4750,222.4752,46.75,-6.0,2024-06-02 18:00:00,0.11435289,-0.09327125,4353989.159796485,-457622.70099545474,0.0
4930,266.0403,46.75,-6.0,2024-06-02 18:00:00,0.09830732,-0.090816334,4353989.159796485,-457622.70099545474,0.0
5110,318.1274,46.75,-6.0,2024-06-02 18:00:00,0.08692985,-0.088928774,4353989.159796485,-457622.70099545474,0.0
5290,380.213,46.75,-6.0,2024-06-02 18:00:00,0.0827594,-0.089170106,4353989.159796485,-457622.70099545474,0.0
5470,453.9377,46.75,-6.0,2024-06-02 18:00:00,0.08016723,-0.08965718,4353989.159796485,-457622.70099545474,0.0
5650,541.0889,46.75,-6.0,2024-06-02 18:00:00,0.074666716,-0.09705849,4353989.159796485,-457622.70099545474,0.0
5830,643.5668,46.75,-6.0,2024-06-02 18:00:00,0.055622786,-0.099684596,4353989.159796485,-457622.70099545474,0.0
6010,763.3331,46.75,-6.0,2024-06-02 18:00:00,0.030364618,-0.10309455,4353989.159796485,-457622.70099545474,0.0
6190,902.3393,46.75,-6.0,2024-06-02 18:00:00,0.007069461,-0.119721554,4353989.159796485,-457622.70099545474,0.0
79,0.494025,46.833336,-6.25,2024-06-02 18:00:00,0.009442587,-0.17084111,4345238.723142079,-475881.0361998027,0.0
259,1.541375,46.833336,-6.25,2024-06-02 18:00:00,0.011604422,-0.16678451,4345238.723142079,-475881.0361998027,0.0
439,2.645669,46.833336,-6.25,2024-06-02 18:00:00,0.013840582,-0.16311078,4345238.723142079,-475881.0361998027,0.0
619,3.819495,46.833336,-6.25,2024-06-02 18:00:00,0.016126402,-0.1598738,4345238.723142079,-475881.0361998027,0.0
799,5.078224,46.833336,-6.25,2024-06-02 18:00:00,0.018525792,-0.15703839,4345238.723142079,-475881.0361998027,0.0
979,6.440614,46.833336,-6.25,2024-06-02 18:00:00,0.02129766,-0.15449226,4345238.723142079,-475881.0361998027,0.0
1159,7.92956,46.833336,-6.25,2024-06-02 18:00:00,0.02592156,-0.15178409,4345238.723142079,-475881.0361998027,0.0
1339,9.572997,46.833336,-6.25,2024-06-02 18:00:00,0.04591109,-0.14854926,4345238.723142079,-475881.0361998027,0.0
1519,11.405,46.833336,-6.25,2024-06-02 18:00:00,0.07914843,-0.16476698,4345238.723142079,-475881.0361998027,0.0
1699,13.46714,46.833336,-6.25,2024-06-02 18:00:00,0.088340044,-0.20227778,4345238.723142079,-475881.0361998027,0.0
1879,15.81007,46.833336,-6.25,2024-06-02 18:00:00,0.079948835,-0.20224352,4345238.723142079,-475881.0361998027,0.0
2059,18.49556,46.833336,-6.25,2024-06-02 18:00:00,0.075625435,-0.19024388,4345238.723142079,-475881.0361998027,0.0
2239,21.59882,46.833336,-6.25,2024-06-02 18:00:00,0.08635983,-0.17342456,4345238.723142079,-475881.0361998027,0.0
2419,25.21141,46.833336,-6.25,2024-06-02 18:00:00,0.120829605,-0.1900886,4345238.723142079,-475881.0361998027,0.0
2599,29.44473,46.833336,-6.25,2024-06-02 18:00:00,0.10740711,-0.20355421,4345238.723142079,-475881.0361998027,0.0
2779,34.43415,46.833336,-6.25,2024-06-02 18:00:00,0.07543253,-0.19701827,4345238.723142079,-475881.0361998027,0.0
2959,40.34405,46.833336,-6.25,2024-06-02 18:00:00,0.056085397,-0.17644984,4345238.723142079,-475881.0361998027,0.0
3139,47.37369,46.833336,-6.25,2024-06-02 18:00:00,0.062130414,-0.16201633,4345238.723142079,-475881.0361998027,0.0
3319,55.76429,46.833336,-6.25,2024-06-02 18:00:00,0.08471866,-0.1588403,4345238.723142079,-475881.0361998027,0.0
3499,65.80727,46.833336,-6.25,2024-06-02 18:00:00,0.105825484,-0.16450107,4345238.723142079,-475881.0361998027,0.0
3679,77.85385,46.833336,-6.25,2024-06-02 18:00:00,0.11310298,-0.17304347,4345238.723142079,-475881.0361998027,0.0
3859,92.32607,46.833336,-6.25,2024-06-02 18:00:00,0.11078673,-0.16658114,4345238.723142079,-475881.0361998027,0.0
4039,109.7293,46.833336,-6.25,2024-06-02 18:00:00,0.10956366,-0.14225993,4345238.723142079,-475881.0361998027,0.0
4219,130.666,46.833336,-6.25,2024-06-02 18:00:00,0.10259644,-0.12173791,4345238.723142079,-475881.0361998027,0.0
4399,155.8507,46.833336,-6.25,2024-06-02 18:00:00,0.10024241,-0.11281567,4345238.723142079,-475881.0361998027,0.0
4579,186.1256,46.833336,-6.25,2024-06-02 18:00:00,0.10462481,-0.10064287,4345238.723142079,-475881.0361998027,0.0
4759,222.4752,46.833336,-6.25,2024-06-02 18:00:00,0.10355414,-0.09619249,4345238.723142079,-475881.0361998027,0.0
4939,266.0403,46.833336,-6.25,2024-06-02 18:00:00,0.10149828,-0.09970893,4345238.723142079,-475881.0361998027,0.0
5119,318.1274,46.833336,-6.25,2024-06-02 18:00:00,0.08850072,-0.096381,4345238.723142079,-475881.0361998027,0.0
5299,380.213,46.833336,-6.25,2024-06-02 18:00:00,0.07454225,-0.090787604,4345238.723142079,-475881.0361998027,0.0
5479,453.9377,46.833336,-6.25,2024-06-02 18:00:00,0.06965997,-0.07907428,4345238.723142079,-475881.0361998027,0.0
5659,541.0889,46.833336,-6.25,2024-06-02 18:00:00,0.071719356,-0.077694625,4345238.723142079,-475881.0361998027,0.0
5839,643.5668,46.833336,-6.25,2024-06-02 18:00:00,0.08131778,-0.08534517,4345238.723142079,-475881.0361998027,0.0
6019,763.3331,46.833336,-6.25,2024-06-02 18:00:00,0.07190113,-0.08842214,4345238.723142079,-475881.0361998027,0.0
6199,902.3393,46.833336,-6.25,2024-06-02 18:00:00,0.060778122,-0.12286464,4345238.723142079,-475881.0361998027,0.0
88,0.494025,46.833336,-6.1666565,2024-06-02 18:00:00,0.019265758,-0.12528463,4345926.351221016,-469559.8699535443,0.0
268,1.541375,46.833336,-6.1666565,2024-06-02 18:00:00,0.021319762,-0.12113783,4345926.351221016,-469559.8699535443,0.0
448,2.645669,46.833336,-6.1666565,2024-06-02 18:00:00,0.023478966,-0.117376946,4345926.351221016,-469559.8699535443,0.0
628,3.819495,46.833336,-6.1666565,2024-06-02 18:00:00,0.025720121,-0.11405467,4345926.351221016,-469559.8699535443,0.0
808,5.078224,46.833336,-6.1666565,2024-06-02 18:00:00,0.028115118,-0.111124426,4345926.351221016,-469559.8699535443,0.0
988,6.440614,46.833336,-6.1666565,2024-06-02 18:00:00,0.030962106,-0.10843884,4345926.351221016,-469559.8699535443,0.0
1168,7.92956,46.833336,-6.1666565,2024-06-02 18:00:00,0.036101595,-0.10530367,4345926.351221016,-469559.8699535443,0.0
1348,9.572997,46.833336,-6.1666565,2024-06-02 18:00:00,0.057944,-0.10147687,4345926.351221016,-469559.8699535443,0.0
1528,11.405,46.833336,-6.1666565,2024-06-02 18:00:00,0.092749305,-0.117359534,4345926.351221016,-469559.8699535443,0.0
1708,13.46714,46.833336,-6.1666565,2024-06-02 18:00:00,0.10365545,-0.1534137,4345926.351221016,-469559.8699535443,0.0
1888,15.81007,46.833336,-6.1666565,2024-06-02 18:00:00,0.09556993,-0.15259708,4345926.351221016,-469559.8699535443,0.0
2068,18.49556,46.833336,-6.1666565,2024-06-02 18:00:00,0.09039468,-0.14297804,4345926.351221016,-469559.8699535443,0.0
2248,21.59882,46.833336,-6.1666565,2024-06-02 18:00:00,0.10001142,-0.1324178,4345926.351221016,-469559.8699535443,0.0
2428,25.21141,46.833336,-6.1666565,2024-06-02 18:00:00,0.14473553,-0.15738644,4345926.351221016,-469559.8699535443,0.0
2608,29.44473,46.833336,-6.1666565,2024-06-02 18:00:00,0.13039966,-0.17230543,4345926.351221016,-469559.8699535443,0.0
2788,34.43415,46.833336,-6.1666565,2024-06-02 18:00:00,0.09796387,-0.16681914,4345926.351221016,-469559.8699535443,0.0
2968,40.34405,46.833336,-6.1666565,2024-06-02 18:00:00,0.07709146,-0.14974509,4345926.351221016,-469559.8699535443,0.0
3148,47.37369,46.833336,-6.1666565,2024-06-02 18:00:00,0.07886163,-0.13617691,4345926.351221016,-469559.8699535443,0.0
3328,55.76429,46.833336,-6.1666565,2024-06-02 18:00:00,0.09844076,-0.13303997,4345926.351221016,-469559.8699535443,0.0
3508,65.80727,46.833336,-6.1666565,2024-06-02 18:00:00,0.11682911,-0.13888805,4345926.351221016,-469559.8699535443,0.0
3688,77.85385,46.833336,-6.1666565,2024-06-02 18:00:00,0.12403229,-0.14524876,4345926.351221016,-469559.8699535443,0.0
3868,92.32607,46.833336,-6.1666565,2024-06-02 18:00:00,0.124455616,-0.13807262,4345926.351221016,-469559.8699535443,0.0
4048,109.7293,46.833336,-6.1666565,2024-06-02 18:00:00,0.12318924,-0.11777171,4345926.351221016,-469559.8699535443,0.0
4228,130.666,46.833336,-6.1666565,2024-06-02 18:00:00,0.114522755,-0.09992565,4345926.351221016,-469559.8699535443,0.0
4408,155.8507,46.833336,-6.1666565,2024-06-02 18:00:00,0.115148835,-0.09679252,4345926.351221016,-469559.8699535443,0.0
4588,186.1256,46.833336,-6.1666565,2024-06-02 18:00:00,0.12549724,-0.0909587,4345926.351221016,-469559.8699535443,0.0
4768,222.4752,46.833336,-6.1666565,2024-06-02 18:00:00,0.124407046,-0.09075928,4345926.351221016,-469559.8699535443,0.0
4948,266.0403,46.833336,-6.1666565,2024-06-02 18:00:00,0.11667376,-0.092574015,4345926.351221016,-469559.8699535443,0.0
5128,318.1274,46.833336,-6.1666565,2024-06-02 18:00:00,0.10461057,-0.096710995,4345926.351221016,-469559.8699535443,0.0
5308,380.213,46.833336,-6.1666565,2024-06-02 18:00:00,0.08707519,-0.098450355,4345926.351221016,-469559.8699535443,0.0
5488,453.9377,46.833336,-6.1666565,2024-06-02 18:00:00,0.08476878,-0.08713474,4345926.351221016,-469559.8699535443,0.0
5668,541.0889,46.833336,-6.1666565,2024-06-02 18:00:00,0.08650786,-0.08870201,4345926.351221016,-469559.8699535443,0.0
5848,643.5668,46.833336,-6.1666565,2024-06-02 18:00:00,0.08258833,-0.110276505,4345926.351221016,-469559.8699535443,0.0
6028,763.3331,46.833336,-6.1666565,2024-06-02 18:00:00,0.074509904,-0.119589955,4345926.351221016,-469559.8699535443,0.0
6208,902.3393,46.833336,-6.1666565,2024-06-02 18:00:00,0.046334162,-0.13800155,4345926.351221016,-469559.8699535443,0.0
97,0.494025,46.833336,-6.0833282,2024-06-02 18:00:00,-0.006554281,-0.09919882,4346604.66032198,-463238.86772943556,0.0
277,1.541375,46.833336,-6.0833282,2024-06-02 18:00:00,-0.004580632,-0.09494873,4346604.66032198,-463238.86772943556,0.0
457,2.645669,46.833336,-6.0833282,2024-06-02 18:00:00,-0.0024601982,-0.09108029,4346604.66032198,-463238.86772943556,0.0
637,3.819495,46.833336,-6.0833282,2024-06-02 18:00:00,-0.00021387357,-0.08764669,4346604.66032198,-463238.86772943556,0.0
817,5.078224,46.833336,-6.0833282,2024-06-02 18:00:00,0.0022460702,-0.08458974,4346604.66032198,-463238.86772943556,0.0
997,6.440614,46.833336,-6.0833282,2024-06-02 18:00:00,0.005294056,-0.08172518,4346604.66032198,-463238.86772943556,0.0
1177,7.92956,46.833336,-6.0833282,2024-06-02 18:00:00,0.011371657,-0.07818947,4346604.66032198,-463238.86772943556,0.0
1357,9.572997,46.833336,-6.0833282,2024-06-02 18:00:00,0.034578826,-0.073958054,4346604.66032198,-463238.86772943556,0.0
1537,11.405,46.833336,-6.0833282,2024-06-02 18:00:00,0.07199013,-0.08729999,4346604.66032198,-463238.86772943556,0.0
1717,13.46714,46.833336,-6.0833282,2024-06-02 18:00:00,0.09128748,-0.12697247,4346604.66032198,-463238.86772943556,0.0
1897,15.81007,46.833336,-6.0833282,2024-06-02 18:00:00,0.085178465,-0.13121358,4346604.66032198,-463238.86772943556,0.0
2077,18.49556,46.833336,-6.0833282,2024-06-02 18:00:00,0.07848008,-0.12543957,4346604.66032198,-463238.86772943556,0.0
2257,21.59882,46.833336,-6.0833282,2024-06-02 18:00:00,0.07854874,-0.113234684,4346604.66032198,-463238.86772943556,0.0
2437,25.21141,46.833336,-6.0833282,2024-06-02 18:00:00,0.13519143,-0.1358872,4346604.66032198,-463238.86772943556,0.0
2617,29.44473,46.833336,-6.0833282,2024-06-02 18:00:00,0.1331225,-0.14980961,4346604.66032198,-463238.86772943556,0.0
2797,34.43415,46.833336,-6.0833282,2024-06-02 18:00:00,0.10701923,-0.14808308,4346604.66032198,-463238.86772943556,0.0
2977,40.34405,46.833336,-6.0833282,2024-06-02 18:00:00,0.08615505,-0.1402919,4346604.66032198,-463238.86772943556,0.0
3157,47.37369,46.833336,-6.0833282,2024-06-02 18:00:00,0.084481336,-0.1330889,4346604.66032198,-463238.86772943556,0.0
3337,55.76429,46.833336,-6.0833282,2024-06-02 18:00:00,0.10026328,-0.13089368,4346604.66032198,-463238.86772943556,0.0
3517,65.80727,46.833336,-6.0833282,2024-06-02 18:00:00,0.11412303,-0.13313295,4346604.66032198,-463238.86772943556,0.0
3697,77.85385,46.833336,-6.0833282,2024-06-02 18:00:00,0.11828601,-0.13442488,4346604.66032198,-463238.86772943556,0.0
3877,92.32607,46.833336,-6.0833282,2024-06-02 18:00:00,0.12231622,-0.12574966,4346604.66032198,-463238.86772943556,0.0
4057,109.7293,46.833336,-6.0833282,2024-06-02 18:00:00,0.12434743,-0.10975732,4346604.66032198,-463238.86772943556,0.0
4237,130.666,46.833336,-6.0833282,2024-06-02 18:00:00,0.11474955,-0.09335454,4346604.66032198,-463238.86772943556,0.0
4417,155.8507,46.833336,-6.0833282,2024-06-02 18:00:00,0.1200476,-0.091035426,4346604.66032198,-463238.86772943556,0.0
4597,186.1256,46.833336,-6.0833282,2024-06-02 18:00:00,0.13347203,-0.08865188,4346604.66032198,-463238.86772943556,0.0
4777,222.4752,46.833336,-6.0833282,2024-06-02 18:00:00,0.13366139,-0.09256995,4346604.66032198,-463238.86772943556,0.0
4957,266.0403,46.833336,-6.0833282,2024-06-02 18:00:00,0.12614462,-0.093054056,4346604.66032198,-463238.86772943556,0.0
5137,318.1274,46.833336,-6.0833282,2024-06-02 18:00:00,0.11356494,-0.094936244,4346604.66032198,-463238.86772943556,0.0
5317,380.213,46.833336,-6.0833282,2024-06-02 18:00:00,0.097028315,-0.100306064,4346604.66032198,-463238.86772943556,0.0
5497,453.9377,46.833336,-6.0833282,2024-06-02 18:00:00,0.09586135,-0.096385546,4346604.66032198,-463238.86772943556,0.0
5677,541.0889,46.833336,-6.0833282,2024-06-02 18:00:00,0.09641239,-0.09845455,4346604.66032198,-463238.86772943556,0.0
5857,643.5668,46.833336,-6.0833282,2024-06-02 18:00:00,0.07760448,-0.10913427,4346604.66032198,-463238.86772943556,0.0
6037,763.3331,46.833336,-6.0833282,2024-06-02 18:00:00,0.061903004,-0.12084514,4346604.66032198,-463238.86772943556,0.0
6217,902.3393,46.833336,-6.0833282,2024-06-02 18:00:00,0.037010282,-0.12129839,4346604.66032198,-463238.86772943556,0.0
106,0.494025,46.833336,-6.0,2024-06-02 18:00:00,-0.03880355,-0.07063929,4347273.775744883,-456916.88569019584,0.0
286,1.541375,46.833336,-6.0,2024-06-02 18:00:00,-0.036912616,-0.06628871,4347273.775744883,-456916.88569019584,0.0
466,2.645669,46.833336,-6.0,2024-06-02 18:00:00,-0.034845747,-0.062319335,4347273.775744883,-456916.88569019584,0.0
646,3.819495,46.833336,-6.0,2024-06-02 18:00:00,-0.032620255,-0.058787044,4347273.775744883,-456916.88569019584,0.0
826,5.078224,46.833336,-6.0,2024-06-02 18:00:00,-0.030125044,-0.05561901,4347273.775744883,-456916.88569019584,0.0
1006,6.440614,46.833336,-6.0,2024-06-02 18:00:00,-0.026849369,-0.05257224,4347273.775744883,-456916.88569019584,0.0
1186,7.92956,46.833336,-6.0,2024-06-02 18:00:00,-0.018915342,-0.048504464,4347273.775744883,-456916.88569019584,0.0
1366,9.572997,46.833336,-6.0,2024-06-02 18:00:00,0.007934703,-0.044475615,4347273.775744883,-456916.88569019584,0.0
1546,11.405,46.833336,-6.0,2024-06-02 18:00:00,0.044105764,-0.05832082,4347273.775744883,-456916.88569019584,0.0
1726,13.46714,46.833336,-6.0,2024-06-02 18:00:00,0.062433727,-0.10079911,4347273.775744883,-456916.88569019584,0.0
1906,15.81007,46.833336,-6.0,2024-06-02 18:00:00,0.056853555,-0.10771788,4347273.775744883,-456916.88569019584,0.0
2086,18.49556,46.833336,-6.0,2024-06-02 18:00:00,0.053160764,-0.10500817,4347273.775744883,-456916.88569019584,0.0
2266,21.59882,46.833336,-6.0,2024-06-02 18:00:00,0.06261948,-0.09886462,4347273.775744883,-456916.88569019584,0.0
2446,25.21141,46.833336,-6.0,2024-06-02 18:00:00,0.11964072,-0.12223641,4347273.775744883,-456916.88569019584,0.0
2626,29.44473,46.833336,-6.0,2024-06-02 18:00:00,0.11793212,-0.1306747,4347273.775744883,-456916.88569019584,0.0
2806,34.43415,46.833336,-6.0,2024-06-02 18:00:00,0.098417714,-0.12916872,4347273.775744883,-456916.88569019584,0.0
2986,40.34405,46.833336,-6.0,2024-06-02 18:00:00,0.082749486,-0.12834284,4347273.775744883,-456916.88569019584,0.0
3166,47.37369,46.833336,-6.0,2024-06-02 18:00:00,0.084378675,-0.13170433,4347273.775744883,-456916.88569019584,0.0
3346,55.76429,46.833336,-6.0,2024-06-02 18:00:00,0.100127995,-0.137549,4347273.775744883,-456916.88569019584,0.0
3526,65.80727,46.833336,-6.0,2024-06-02 18:00:00,0.11355943,-0.14099623,4347273.775744883,-456916.88569019584,0.0
3706,77.85385,46.833336,-6.0,2024-06-02 18:00:00,0.117283136,-0.13869436,4347273.775744883,-456916.88569019584,0.0
3886,92.32607,46.833336,-6.0,2024-06-02 18:00:00,0.12174058,-0.12676412,4347273.775744883,-456916.88569019584,0.0
4066,109.7293,46.833336,-6.0,2024-06-02 18:00:00,0.12434256,-0.11473566,4347273.775744883,-456916.88569019584,0.0
4246,130.666,46.833336,-6.0,2024-06-02 18:00:00,0.11408444,-0.10174628,4347273.775744883,-456916.88569019584,0.0
4426,155.8507,46.833336,-6.0,2024-06-02 18:00:00,0.11823538,-0.09723507,4347273.775744883,-456916.88569019584,0.0
4606,186.1256,46.833336,-6.0,2024-06-02 18:00:00,0.13084614,-0.09462952,4347273.775744883,-456916.88569019584,0.0
4786,222.4752,46.833336,-6.0,2024-06-02 18:00:00,0.1269247,-0.09087473,4347273.775744883,-456916.88569019584,0.0
4966,266.0403,46.833336,-6.0,2024-06-02 18:00:00,0.1113703,-0.08845833,4347273.775744883,-456916.88569019584,0.0
5146,318.1274,46.833336,-6.0,2024-06-02 18:00:00,0.10311043,-0.089559026,4347273.775744883,-456916.88569019584,0.0
5326,380.213,46.833336,-6.0,2024-06-02 18:00:00,0.09999308,-0.09771583,4347273.775744883,-456916.88569019584,0.0
5506,453.9377,46.833336,-6.0,2024-06-02 18:00:00,0.09737431,-0.10629796,4347273.775744883,-456916.88569019584,0.0
5686,541.0889,46.833336,-6.0,2024-06-02 18:00:00,0.099911906,-0.11336547,4347273.775744883,-456916.88569019584,0.0
5866,643.5668,46.833336,-6.0,2024-06-02 18:00:00,0.07653039,-0.104418024,4347273.775744883,-456916.88569019584,0.0
6046,763.3331,46.833336,-6.0,2024-06-02 18:00:00,0.045991223,-0.09444474,4347273.775744883,-456916.88569019584,0.0
6226,902.3393,46.833336,-6.0,2024-06-02 18:00:00,0.019740202,-0.09877537,4347273.775744883,-456916.88569019584,0.0
115,0.494025,46.91667,-6.25,2024-06-02 18:00:00,0.044600163,-0.16619326,4338517.220887722,-475144.9119816816,0.0
295,1.541375,46.91667,-6.25,2024-06-02 18:00:00,0.046705358,-0.162207,4338517.220887722,-475144.9119816816,0.0
475,2.645669,46.91667,-6.25,2024-06-02 18:00:00,0.048882924,-0.15861408,4338517.220887722,-475144.9119816816,0.0
655,3.819495,46.91667,-6.25,2024-06-02 18:00:00,0.051105283,-0.15546386,4338517.220887722,-475144.9119816816,0.0
835,5.078224,46.91667,-6.25,2024-06-02 18:00:00,0.053420067,-0.15272841,4338517.220887722,-475144.9119816816,0.0
1015,6.440614,46.91667,-6.25,2024-06-02 18:00:00,0.056016535,-0.15033214,4338517.220887722,-475144.9119816816,0.0
1195,7.92956,46.91667,-6.25,2024-06-02 18:00:00,0.059839454,-0.14801602,4338517.220887722,-475144.9119816816,0.0
1375,9.572997,46.91667,-6.25,2024-06-02 18:00:00,0.07432035,-0.14543153,4338517.220887722,-475144.9119816816,0.0
1555,11.405,46.91667,-6.25,2024-06-02 18:00:00,0.10732485,-0.162299,4338517.220887722,-475144.9119816816,0.0
1735,13.46714,46.91667,-6.25,2024-06-02 18:00:00,0.119978756,-0.20518948,4338517.220887722,-475144.9119816816,0.0
1915,15.81007,46.91667,-6.25,2024-06-02 18:00:00,0.113030225,-0.21055765,4338517.220887722,-475144.9119816816,0.0
2095,18.49556,46.91667,-6.25,2024-06-02 18:00:00,0.11220362,-0.20120698,4338517.220887722,-475144.9119816816,0.0
2275,21.59882,46.91667,-6.25,2024-06-02 18:00:00,0.13003737,-0.19517611,4338517.220887722,-475144.9119816816,0.0
2455,25.21141,46.91667,-6.25,2024-06-02 18:00:00,0.15103239,-0.2148923,4338517.220887722,-475144.9119816816,0.0
2635,29.44473,46.91667,-6.25,2024-06-02 18:00:00,0.136834,-0.2191474,4338517.220887722,-475144.9119816816,0.0
2815,34.43415,46.91667,-6.25,2024-06-02 18:00:00,0.10410553,-0.20169042,4338517.220887722,-475144.9119816816,0.0
2995,40.34405,46.91667,-6.25,2024-06-02 18:00:00,0.07797335,-0.17645256,4338517.220887722,-475144.9119816816,0.0
3175,47.37369,46.91667,-6.25,2024-06-02 18:00:00,0.07808269,-0.16359545,4338517.220887722,-475144.9119816816,0.0
3355,55.76429,46.91667,-6.25,2024-06-02 18:00:00,0.09751299,-0.1694477,4338517.220887722,-475144.9119816816,0.0
3535,65.80727,46.91667,-6.25,2024-06-02 18:00:00,0.11782382,-0.18134029,4338517.220887722,-475144.9119816816,0.0
3715,77.85385,46.91667,-6.25,2024-06-02 18:00:00,0.12818937,-0.19011045,4338517.220887722,-475144.9119816816,0.0
3895,92.32607,46.91667,-6.25,2024-06-02 18:00:00,0.13183637,-0.17939803,4338517.220887722,-475144.9119816816,0.0
4075,109.7293,46.91667,-6.25,2024-06-02 18:00:00,0.13293159,-0.15316051,4338517.220887722,-475144.9119816816,0.0
4255,130.666,46.91667,-6.25,2024-06-02 18:00:00,0.1215932,-0.13424963,4338517.220887722,-475144.9119816816,0.0
4435,155.8507,46.91667,-6.25,2024-06-02 18:00:00,0.11631353,-0.12871537,4338517.220887722,-475144.9119816816,0.0
4615,186.1256,46.91667,-6.25,2024-06-02 18:00:00,0.11829772,-0.12088945,4338517.220887722,-475144.9119816816,0.0
4795,222.4752,46.91667,-6.25,2024-06-02 18:00:00,0.11353083,-0.11777625,4338517.220887722,-475144.9119816816,0.0
4975,266.0403,46.91667,-6.25,2024-06-02 18:00:00,0.10992304,-0.11615727,4338517.220887722,-475144.9119816816,0.0
5155,318.1274,46.91667,-6.25,2024-06-02 18:00:00,0.10015258,-0.113456614,4338517.220887722,-475144.9119816816,0.0
5335,380.213,46.91667,-6.25,2024-06-02 18:00:00,0.09361621,-0.11300657,4338517.220887722,-475144.9119816816,0.0
5515,453.9377,46.91667,-6.25,2024-06-02 18:00:00,0.094143376,-0.10982698,4338517.220887722,-475144.9119816816,0.0
5695,541.0889,46.91667,-6.25,2024-06-02 18:00:00,0.1024396,-0.11100554,4338517.220887722,-475144.9119816816,0.0
5875,643.5668,46.91667,-6.25,2024-06-02 18:00:00,0.10045504,-0.10620325,4338517.220887722,-475144.9119816816,0.0
6055,763.3331,46.91667,-6.25,2024-06-02 18:00:00,0.100097954,-0.09446436,4338517.220887722,-475144.9119816816,0.0
6235,902.3393,46.91667,-6.25,2024-06-02 18:00:00,0.11241987,-0.12113602,4338517.220887722,-475144.9119816816,0.0
124,0.494025,46.91667,-6.1666565,2024-06-02 18:00:00,0.009487392,-0.08301057,4339203.78529813,-468833.52373287774,0.0
304,1.541375,46.91667,-6.1666565,2024-06-02 18:00:00,0.011436279,-0.07889607,4339203.78529813,-468833.52373287774,0.0
484,2.645669,46.91667,-6.1666565,2024-06-02 18:00:00,0.0134865735,-0.07515608,4339203.78529813,-468833.52373287774,0.0
664,3.819495,46.91667,-6.1666565,2024-06-02 18:00:00,0.015610961,-0.07183788,4339203.78529813,-468833.52373287774,0.0
844,5.078224,46.91667,-6.1666565,2024-06-02 18:00:00,0.017854199,-0.06890484,4339203.78529813,-468833.52373287774,0.0
1024,6.440614,46.91667,-6.1666565,2024-06-02 18:00:00,0.020393923,-0.0662641,4339203.78529813,-468833.52373287774,0.0
1204,7.92956,46.91667,-6.1666565,2024-06-02 18:00:00,0.024087753,-0.06360183,4339203.78529813,-468833.52373287774,0.0
1384,9.572997,46.91667,-6.1666565,2024-06-02 18:00:00,0.03687759,-0.05974463,4339203.78529813,-468833.52373287774,0.0
1564,11.405,46.91667,-6.1666565,2024-06-02 18:00:00,0.07257199,-0.06834104,4339203.78529813,-468833.52373287774,0.0
1744,13.46714,46.91667,-6.1666565,2024-06-02 18:00:00,0.09346304,-0.111073524,4339203.78529813,-468833.52373287774,0.0
1924,15.81007,46.91667,-6.1666565,2024-06-02 18:00:00,0.08904645,-0.120780215,4339203.78529813,-468833.52373287774,0.0
2104,18.49556,46.91667,-6.1666565,2024-06-02 18:00:00,0.08736969,-0.11588656,4339203.78529813,-468833.52373287774,0.0
2284,21.59882,46.91667,-6.1666565,2024-06-02 18:00:00,0.10069287,-0.11487302,4339203.78529813,-468833.52373287774,0.0
2464,25.21141,46.91667,-6.1666565,2024-06-02 18:00:00,0.12694079,-0.13877085,4339203.78529813,-468833.52373287774,0.0
2644,29.44473,46.91667,-6.1666565,2024-06-02 18:00:00,0.12077128,-0.14396259,4339203.78529813,-468833.52373287774,0.0
2824,34.43415,46.91667,-6.1666565,2024-06-02 18:00:00,0.08935363,-0.1356447,4339203.78529813,-468833.52373287774,0.0
3004,40.34405,46.91667,-6.1666565,2024-06-02 18:00:00,0.060298264,-0.117151685,4339203.78529813,-468833.52373287774,0.0
3184,47.37369,46.91667,-6.1666565,2024-06-02 18:00:00,0.059282854,-0.105370894,4339203.78529813,-468833.52373287774,0.0
3364,55.76429,46.91667,-6.1666565,2024-06-02 18:00:00,0.079933465,-0.11060479,4339203.78529813,-468833.52373287774,0.0
3544,65.80727,46.91667,-6.1666565,2024-06-02 18:00:00,0.099658936,-0.12042422,4339203.78529813,-468833.52373287774,0.0
3724,77.85385,46.91667,-6.1666565,2024-06-02 18:00:00,0.10758337,-0.12706739,4339203.78529813,-468833.52373287774,0.0
3904,92.32607,46.91667,-6.1666565,2024-06-02 18:00:00,0.11227964,-0.11664268,4339203.78529813,-468833.52373287774,0.0
4084,109.7293,46.91667,-6.1666565,2024-06-02 18:00:00,0.117327884,-0.10119784,4339203.78529813,-468833.52373287774,0.0
4264,130.666,46.91667,-6.1666565,2024-06-02 18:00:00,0.10934335,-0.090523526,4339203.78529813,-468833.52373287774,0.0
4444,155.8507,46.91667,-6.1666565,2024-06-02 18:00:00,0.11368296,-0.09079325,4339203.78529813,-468833.52373287774,0.0
4624,186.1256,46.91667,-6.1666565,2024-06-02 18:00:00,0.121767476,-0.09484584,4339203.78529813,-468833.52373287774,0.0
4804,222.4752,46.91667,-6.1666565,2024-06-02 18:00:00,0.11868496,-0.10316333,4339203.78529813,-468833.52373287774,0.0
4984,266.0403,46.91667,-6.1666565,2024-06-02 18:00:00,0.11061168,-0.10852578,4339203.78529813,-468833.52373287774,0.0
5164,318.1274,46.91667,-6.1666565,2024-06-02 18:00:00,0.09988104,-0.10975156,4339203.78529813,-468833.52373287774,0.0
5344,380.213,46.91667,-6.1666565,2024-06-02 18:00:00,0.096820645,-0.11195255,4339203.78529813,-468833.52373287774,0.0
5524,453.9377,46.91667,-6.1666565,2024-06-02 18:00:00,0.099089876,-0.115504496,4339203.78529813,-468833.52373287774,0.0
5704,541.0889,46.91667,-6.1666565,2024-06-02 18:00:00,0.10374644,-0.11007477,4339203.78529813,-468833.52373287774,0.0
5884,643.5668,46.91667,-6.1666565,2024-06-02 18:00:00,0.09536153,-0.10912279,4339203.78529813,-468833.52373287774,0.0
6064,763.3331,46.91667,-6.1666565,2024-06-02 18:00:00,0.09377214,-0.109417856,4339203.78529813,-468833.52373287774,0.0
6244,902.3393,46.91667,-6.1666565,2024-06-02 18:00:00,0.10439956,-0.1177724,4339203.78529813,-468833.52373287774,0.0
133,0.494025,46.91667,-6.0833282,2024-06-02 18:00:00,-0.04220854,-0.034263067,4339881.045145775,-462522.2992525033,0.0
313,1.541375,46.91667,-6.0833282,2024-06-02 18:00:00,-0.04042184,-0.030042594,4339881.045145775,-462522.2992525033,0.0
493,2.645669,46.91667,-6.0833282,2024-06-02 18:00:00,-0.038510676,-0.02619692,4339881.045145775,-462522.2992525033,0.0
673,3.819495,46.91667,-6.0833282,2024-06-02 18:00:00,-0.03650075,-0.022773363,4339881.045145775,-462522.2992525033,0.0
853,5.078224,46.91667,-6.0833282,2024-06-02 18:00:00,-0.034346126,-0.019728364,4339881.045145775,-462522.2992525033,0.0
1033,6.440614,46.91667,-6.0833282,2024-06-02 18:00:00,-0.031865183,-0.016954064,4339881.045145775,-462522.2992525033,0.0
1213,7.92956,46.91667,-6.0833282,2024-06-02 18:00:00,-0.028186072,-0.014084045,4339881.045145775,-462522.2992525033,0.0
1393,9.572997,46.91667,-6.0833282,2024-06-02 18:00:00,-0.0156136975,-0.009558796,4339881.045145775,-462522.2992525033,0.0
1573,11.405,46.91667,-6.0833282,2024-06-02 18:00:00,0.021590548,-0.01588932,4339881.045145775,-462522.2992525033,0.0
1753,13.46714,46.91667,-6.0833282,2024-06-02 18:00:00,0.048530098,-0.05921889,4339881.045145775,-462522.2992525033,0.0
1933,15.81007,46.91667,-6.0833282,2024-06-02 18:00:00,0.044625882,-0.0726415,4339881.045145775,-462522.2992525033,0.0
2113,18.49556,46.91667,-6.0833282,2024-06-02 18:00:00,0.039281186,-0.07067266,4339881.045145775,-462522.2992525033,0.0
2293,21.59882,46.91667,-6.0833282,2024-06-02 18:00:00,0.04030155,-0.058724206,4339881.045145775,-462522.2992525033,0.0
2473,25.21141,46.91667,-6.0833282,2024-06-02 18:00:00,0.07580975,-0.077764206,4339881.045145775,-462522.2992525033,0.0
2653,29.44473,46.91667,-6.0833282,2024-06-02 18:00:00,0.0818807,-0.086873725,4339881.045145775,-462522.2992525033,0.0
2833,34.43415,46.91667,-6.0833282,2024-06-02 18:00:00,0.06035054,-0.088235036,4339881.045145775,-462522.2992525033,0.0
3013,40.34405,46.91667,-6.0833282,2024-06-02 18:00:00,0.0372137,-0.08171669,4339881.045145775,-462522.2992525033,0.0
3193,47.37369,46.91667,-6.0833282,2024-06-02 18:00:00,0.03820338,-0.07872754,4339881.045145775,-462522.2992525033,0.0
3373,55.76429,46.91667,-6.0833282,2024-06-02 18:00:00,0.057630677,-0.088176034,4339881.045145775,-462522.2992525033,0.0
3553,65.80727,46.91667,-6.0833282,2024-06-02 18:00:00,0.075271405,-0.09868262,4339881.045145775,-462522.2992525033,0.0
3733,77.85385,46.91667,-6.0833282,2024-06-02 18:00:00,0.0815742,-0.10431802,4339881.045145775,-462522.2992525033,0.0
3913,92.32607,46.91667,-6.0833282,2024-06-02 18:00:00,0.08646274,-0.09428989,4339881.045145775,-462522.2992525033,0.0
4093,109.7293,46.91667,-6.0833282,2024-06-02 18:00:00,0.094258875,-0.085254386,4339881.045145775,-462522.2992525033,0.0
4273,130.666,46.91667,-6.0833282,2024-06-02 18:00:00,0.09317508,-0.07871912,4339881.045145775,-462522.2992525033,0.0
4453,155.8507,46.91667,-6.0833282,2024-06-02 18:00:00,0.10821729,-0.07651971,4339881.045145775,-462522.2992525033,0.0
4633,186.1256,46.91667,-6.0833282,2024-06-02 18:00:00,0.121493764,-0.08337241,4339881.045145775,-462522.2992525033,0.0
4813,222.4752,46.91667,-6.0833282,2024-06-02 18:00:00,0.112297036,-0.088623226,4339881.045145775,-462522.2992525033,0.0
4993,266.0403,46.91667,-6.0833282,2024-06-02 18:00:00,0.099896766,-0.09306186,4339881.045145775,-462522.2992525033,0.0
5173,318.1274,46.91667,-6.0833282,2024-06-02 18:00:00,0.08938989,-0.0965299,4339881.045145775,-462522.2992525033,0.0
5353,380.213,46.91667,-6.0833282,2024-06-02 18:00:00,0.09800963,-0.10673195,4339881.045145775,-462522.2992525033,0.0
5533,453.9377,46.91667,-6.0833282,2024-06-02 18:00:00,0.10134331,-0.113623485,4339881.045145775,-462522.2992525033,0.0
5713,541.0889,46.91667,-6.0833282,2024-06-02 18:00:00,0.09355592,-0.10481985,4339881.045145775,-462522.2992525033,0.0
5893,643.5668,46.91667,-6.0833282,2024-06-02 18:00:00,0.08304697,-0.09360989,4339881.045145775,-462522.2992525033,0.0
6073,763.3331,46.91667,-6.0833282,2024-06-02 18:00:00,0.07454401,-0.09580976,4339881.045145775,-462522.2992525033,0.0
6253,902.3393,46.91667,-6.0833282,2024-06-02 18:00:00,0.08638258,-0.09226837,4339881.045145775,-462522.2992525033,0.0
142,0.494025,46.91667,-6.0,2024-06-02 18:00:00,-0.077014394,-0.01482304,4340549.125536747,-456210.0964726406,0.0
322,1.541375,46.91667,-6.0,2024-06-02 18:00:00,-0.07538076,-0.010496081,4340549.125536747,-456210.0964726406,0.0
502,2.645669,46.91667,-6.0,2024-06-02 18:00:00,-0.07360973,-0.006544657,4340549.125536747,-456210.0964726406,0.0
682,3.819495,46.91667,-6.0,2024-06-02 18:00:00,-0.07172569,-0.0030185436,4340549.125536747,-456210.0964726406,0.0
862,5.078224,46.91667,-6.0,2024-06-02 18:00:00,-0.06968018,0.00013461476,4340549.125536747,-456210.0964726406,0.0
1042,6.440614,46.91667,-6.0,2024-06-02 18:00:00,-0.067278236,0.0030481662,4340549.125536747,-456210.0964726406,0.0
1222,7.92956,46.91667,-6.0,2024-06-02 18:00:00,-0.06355178,0.0062075304,4340549.125536747,-456210.0964726406,0.0
1402,9.572997,46.91667,-6.0,2024-06-02 18:00:00,-0.049563292,0.0118682245,4340549.125536747,-456210.0964726406,0.0
1582,11.405,46.91667,-6.0,2024-06-02 18:00:00,-0.012197866,0.0054183,4340549.125536747,-456210.0964726406,0.0
1762,13.46714,46.91667,-6.0,2024-06-02 18:00:00,0.009586525,-0.0356099,4340549.125536747,-456210.0964726406,0.0
1942,15.81007,46.91667,-6.0,2024-06-02 18:00:00,0.0017234052,-0.045560077,4340549.125536747,-456210.0964726406,0.0
2122,18.49556,46.91667,-6.0,2024-06-02 18:00:00,-0.007199114,-0.04102523,4340549.125536747,-456210.0964726406,0.0
2302,21.59882,46.91667,-6.0,2024-06-02 18:00:00,-0.0028108242,-0.0252378,4340549.125536747,-456210.0964726406,0.0
2482,25.21141,46.91667,-6.0,2024-06-02 18:00:00,0.04221297,-0.03985002,4340549.125536747,-456210.0964726406,0.0
2662,29.44473,46.91667,-6.0,2024-06-02 18:00:00,0.04343163,-0.052544292,4340549.125536747,-456210.0964726406,0.0
2842,34.43415,46.91667,-6.0,2024-06-02 18:00:00,0.021970289,-0.055291284,4340549.125536747,-456210.0964726406,0.0
3022,40.34405,46.91667,-6.0,2024-06-02 18:00:00,0.0020542413,-0.05409551,4340549.125536747,-456210.0964726406,0.0
3202,47.37369,46.91667,-6.0,2024-06-02 18:00:00,0.0018957998,-0.056902703,4340549.125536747,-456210.0964726406,0.0
3382,55.76429,46.91667,-6.0,2024-06-02 18:00:00,0.0133717535,-0.06908606,4340549.125536747,-456210.0964726406,0.0
3562,65.80727,46.91667,-6.0,2024-06-02 18:00:00,0.025426729,-0.079764016,4340549.125536747,-456210.0964726406,0.0
3742,77.85385,46.91667,-6.0,2024-06-02 18:00:00,0.032454062,-0.08392705,4340549.125536747,-456210.0964726406,0.0
3922,92.32607,46.91667,-6.0,2024-06-02 18:00:00,0.04144592,-0.076813266,4340549.125536747,-456210.0964726406,0.0
4102,109.7293,46.91667,-6.0,2024-06-02 18:00:00,0.057885364,-0.07670713,4340549.125536747,-456210.0964726406,0.0
4282,130.666,46.91667,-6.0,2024-06-02 18:00:00,0.06608135,-0.0784919,4340549.125536747,-456210.0964726406,0.0
4462,155.8507,46.91667,-6.0,2024-06-02 18:00:00,0.08465214,-0.07747651,4340549.125536747,-456210.0964726406,0.0
4642,186.1256,46.91667,-6.0,2024-06-02 18:00:00,0.10374392,-0.08648449,4340549.125536747,-456210.0964726406,0.0
4822,222.4752,46.91667,-6.0,2024-06-02 18:00:00,0.098060854,-0.08091681,4340549.125536747,-456210.0964726406,0.0
5002,266.0403,46.91667,-6.0,2024-06-02 18:00:00,0.082711436,-0.07750224,4340549.125536747,-456210.0964726406,0.0
5182,318.1274,46.91667,-6.0,2024-06-02 18:00:00,0.07608181,-0.08007567,4340549.125536747,-456210.0964726406,0.0
5362,380.213,46.91667,-6.0,2024-06-02 18:00:00,0.08607618,-0.09164991,4340549.125536747,-456210.0964726406,0.0
5542,453.9377,46.91667,-6.0,2024-06-02 18:00:00,0.08408046,-0.101882346,4340549.125536747,-456210.0964726406,0.0
5722,541.0889,46.91667,-6.0,2024-06-02 18:00:00,0.074940436,-0.09446998,4340549.125536747,-456210.0964726406,0.0
5902,643.5668,46.91667,-6.0,2024-06-02 18:00:00,0.070666626,-0.08406172,4340549.125536747,-456210.0964726406,0.0
6082,763.3331,46.91667,-6.0,2024-06-02 18:00:00,0.05712795,-0.066916354,4340549.125536747,-456210.0964726406,0.0
6262,902.3393,46.91667,-6.0,2024-06-02 18:00:00,0.06105774,-0.06062665,4340549.125536747,-456210.0964726406,0.0
151,0.494025,47.0,-6.25,2024-06-02 18:00:00,-0.0007657637,-0.09955611,4331787.087405169,-474407.8424903363,0.0
331,1.541375,47.0,-6.25,2024-06-02 18:00:00,0.0012426814,-0.095583394,4331787.087405169,-474407.8424903363,0.0
511,2.645669,47.0,-6.25,2024-06-02 18:00:00,0.0033153975,-0.09197966,4331787.087405169,-474407.8424903363,0.0
691,3.819495,47.0,-6.25,2024-06-02 18:00:00,0.0054259254,-0.08878985,4331787.087405169,-474407.8424903363,0.0
871,5.078224,47.0,-6.25,2024-06-02 18:00:00,0.0076097846,-0.085986406,4331787.087405169,-474407.8424903363,0.0
1051,6.440614,47.0,-6.25,2024-06-02 18:00:00,0.009998247,-0.083503224,4331787.087405169,-474407.8424903363,0.0
1231,7.92956,47.0,-6.25,2024-06-02 18:00:00,0.013131683,-0.08114136,4331787.087405169,-474407.8424903363,0.0
1411,9.572997,47.0,-6.25,2024-06-02 18:00:00,0.02152583,-0.078055665,4331787.087405169,-474407.8424903363,0.0
1591,11.405,47.0,-6.25,2024-06-02 18:00:00,0.053913124,-0.08710625,4331787.087405169,-474407.8424903363,0.0
1771,13.46714,47.0,-6.25,2024-06-02 18:00:00,0.075452514,-0.1268839,4331787.087405169,-474407.8424903363,0.0
1951,15.81007,47.0,-6.25,2024-06-02 18:00:00,0.0705572,-0.13690306,4331787.087405169,-474407.8424903363,0.0
2131,18.49556,47.0,-6.25,2024-06-02 18:00:00,0.063515946,-0.12912369,4331787.087405169,-474407.8424903363,0.0
2311,21.59882,47.0,-6.25,2024-06-02 18:00:00,0.07524763,-0.121986754,4331787.087405169,-474407.8424903363,0.0
2491,25.21141,47.0,-6.25,2024-06-02 18:00:00,0.11524522,-0.1524526,4331787.087405169,-474407.8424903363,0.0
2671,29.44473,47.0,-6.25,2024-06-02 18:00:00,0.110415936,-0.16151102,4331787.087405169,-474407.8424903363,0.0
2851,34.43415,47.0,-6.25,2024-06-02 18:00:00,0.07807725,-0.14755094,4331787.087405169,-474407.8424903363,0.0
3031,40.34405,47.0,-6.25,2024-06-02 18:00:00,0.037649672,-0.12150442,4331787.087405169,-474407.8424903363,0.0
3211,47.37369,47.0,-6.25,2024-06-02 18:00:00,0.014097933,-0.10214731,4331787.087405169,-474407.8424903363,0.0
3391,55.76429,47.0,-6.25,2024-06-02 18:00:00,0.013485275,-0.09925535,4331787.087405169,-474407.8424903363,0.0
3571,65.80727,47.0,-6.25,2024-06-02 18:00:00,0.027970769,-0.10329322,4331787.087405169,-474407.8424903363,0.0
3751,77.85385,47.0,-6.25,2024-06-02 18:00:00,0.04574465,-0.11079487,4331787.087405169,-474407.8424903363,0.0
3931,92.32607,47.0,-6.25,2024-06-02 18:00:00,0.058992647,-0.10845314,4331787.087405169,-474407.8424903363,0.0
4111,109.7293,47.0,-6.25,2024-06-02 18:00:00,0.074047945,-0.09448736,4331787.087405169,-474407.8424903363,0.0
4291,130.666,47.0,-6.25,2024-06-02 18:00:00,0.08154674,-0.09505973,4331787.087405169,-474407.8424903363,0.0
4471,155.8507,47.0,-6.25,2024-06-02 18:00:00,0.09541704,-0.0947934,4331787.087405169,-474407.8424903363,0.0
4651,186.1256,47.0,-6.25,2024-06-02 18:00:00,0.10043667,-0.09105263,4331787.087405169,-474407.8424903363,0.0
4831,222.4752,47.0,-6.25,2024-06-02 18:00:00,0.10004235,-0.10379682,4331787.087405169,-474407.8424903363,0.0
5011,266.0403,47.0,-6.25,2024-06-02 18:00:00,0.105722874,-0.11052921,4331787.087405169,-474407.8424903363,0.0
5191,318.1274,47.0,-6.25,2024-06-02 18:00:00,0.10128209,-0.113845,4331787.087405169,-474407.8424903363,0.0
5371,380.213,47.0,-6.25,2024-06-02 18:00:00,0.09894324,-0.11949257,4331787.087405169,-474407.8424903363,0.0
5551,453.9377,47.0,-6.25,2024-06-02 18:00:00,0.095056884,-0.12132947,4331787.087405169,-474407.8424903363,0.0
5731,541.0889,47.0,-6.25,2024-06-02 18:00:00,0.10354321,-0.11252193,4331787.087405169,-474407.8424903363,0.0
5911,643.5668,47.0,-6.25,2024-06-02 18:00:00,0.105739236,-0.1059231,4331787.087405169,-474407.8424903363,0.0
6091,763.3331,47.0,-6.25,2024-06-02 18:00:00,0.116902314,-0.09808143,4331787.087405169,-474407.8424903363,0.0
6271,902.3393,47.0,-6.25,2024-06-02 18:00:00,0.13048844,-0.108288795,4331787.087405169,-474407.8424903363,0.0
160,0.494025,47.0,-6.1666565,2024-06-02 18:00:00,-0.03706395,-0.037558664,4332472.586781167,-468106.2447951276,0.0
340,1.541375,47.0,-6.1666565,2024-06-02 18:00:00,-0.03520361,-0.03348087,4332472.586781167,-468106.2447951276,0.0
520,2.645669,47.0,-6.1666565,2024-06-02 18:00:00,-0.033266157,-0.029758802,4332472.586781167,-468106.2447951276,0.0
700,3.819495,47.0,-6.1666565,2024-06-02 18:00:00,-0.031276397,-0.026435725,4332472.586781167,-468106.2447951276,0.0
880,5.078224,47.0,-6.1666565,2024-06-02 18:00:00,-0.029200437,-0.023477675,4332472.586781167,-468106.2447951276,0.0
1060,6.440614,47.0,-6.1666565,2024-06-02 18:00:00,-0.026916208,-0.020807419,4332472.586781167,-468106.2447951276,0.0
1240,7.92956,47.0,-6.1666565,2024-06-02 18:00:00,-0.02395032,-0.01820481,4332472.586781167,-468106.2447951276,0.0
1420,9.572997,47.0,-6.1666565,2024-06-02 18:00:00,-0.01657778,-0.014504876,4332472.586781167,-468106.2447951276,0.0
1600,11.405,47.0,-6.1666565,2024-06-02 18:00:00,0.016488746,-0.017172955,4332472.586781167,-468106.2447951276,0.0
1780,13.46714,47.0,-6.1666565,2024-06-02 18:00:00,0.046469383,-0.0540822,4332472.586781167,-468106.2447951276,0.0
1960,15.81007,47.0,-6.1666565,2024-06-02 18:00:00,0.045436013,-0.06723254,4332472.586781167,-468106.2447951276,0.0
2140,18.49556,47.0,-6.1666565,2024-06-02 18:00:00,0.038981337,-0.061863333,4332472.586781167,-468106.2447951276,0.0
2320,21.59882,47.0,-6.1666565,2024-06-02 18:00:00,0.037970327,-0.05505309,4332472.586781167,-468106.2447951276,0.0
2500,25.21141,47.0,-6.1666565,2024-06-02 18:00:00,0.06911004,-0.071831845,4332472.586781167,-468106.2447951276,0.0
2680,29.44473,47.0,-6.1666565,2024-06-02 18:00:00,0.07052629,-0.0836341,4332472.586781167,-468106.2447951276,0.0
2860,34.43415,47.0,-6.1666565,2024-06-02 18:00:00,0.041172028,-0.07862244,4332472.586781167,-468106.2447951276,0.0
3040,40.34405,47.0,-6.1666565,2024-06-02 18:00:00,0.0036817417,-0.066721655,4332472.586781167,-468106.2447951276,0.0
3220,47.37369,47.0,-6.1666565,2024-06-02 18:00:00,-0.014550538,-0.05775114,4332472.586781167,-468106.2447951276,0.0
3400,55.76429,47.0,-6.1666565,2024-06-02 18:00:00,-0.013537482,-0.058730524,4332472.586781167,-468106.2447951276,0.0
3580,65.80727,47.0,-6.1666565,2024-06-02 18:00:00,-0.0022158567,-0.06375686,4332472.586781167,-468106.2447951276,0.0
3760,77.85385,47.0,-6.1666565,2024-06-02 18:00:00,0.011464205,-0.071718805,4332472.586781167,-468106.2447951276,0.0
3940,92.32607,47.0,-6.1666565,2024-06-02 18:00:00,0.02051171,-0.06914021,4332472.586781167,-468106.2447951276,0.0
4120,109.7293,47.0,-6.1666565,2024-06-02 18:00:00,0.03393874,-0.06053437,4332472.586781167,-468106.2447951276,0.0
4300,130.666,47.0,-6.1666565,2024-06-02 18:00:00,0.04303048,-0.06453639,4332472.586781167,-468106.2447951276,0.0
4480,155.8507,47.0,-6.1666565,2024-06-02 18:00:00,0.06856217,-0.07007635,4332472.586781167,-468106.2447951276,0.0
4660,186.1256,47.0,-6.1666565,2024-06-02 18:00:00,0.08523447,-0.07721531,4332472.586781167,-468106.2447951276,0.0
4840,222.4752,47.0,-6.1666565,2024-06-02 18:00:00,0.07878238,-0.08831649,4332472.586781167,-468106.2447951276,0.0
5020,266.0403,47.0,-6.1666565,2024-06-02 18:00:00,0.08220577,-0.09660025,4332472.586781167,-468106.2447951276,0.0
5200,318.1274,47.0,-6.1666565,2024-06-02 18:00:00,0.086418755,-0.09823702,4332472.586781167,-468106.2447951276,0.0
5380,380.213,47.0,-6.1666565,2024-06-02 18:00:00,0.086089775,-0.10027397,4332472.586781167,-468106.2447951276,0.0
5560,453.9377,47.0,-6.1666565,2024-06-02 18:00:00,0.08435093,-0.110115185,4332472.586781167,-468106.2447951276,0.0
5740,541.0889,47.0,-6.1666565,2024-06-02 18:00:00,0.09230853,-0.09910726,4332472.586781167,-468106.2447951276,0.0
5920,643.5668,47.0,-6.1666565,2024-06-02 18:00:00,0.09341952,-0.09285568,4332472.586781167,-468106.2447951276,0.0
6100,763.3331,47.0,-6.1666565,2024-06-02 18:00:00,0.101511516,-0.09561647,4332472.586781167,-468106.2447951276,0.0
6280,902.3393,47.0,-6.1666565,2024-06-02 18:00:00,0.102590024,-0.08363991,4332472.586781167,-468106.2447951276,0.0
169,0.494025,47.0,-6.0833282,2024-06-02 18:00:00,-0.070420854,0.013569546,4333148.796028124,-461804.81061430223,0.0
349,1.541375,47.0,-6.0833282,2024-06-02 18:00:00,-0.068723865,0.017735947,4333148.796028124,-461804.81061430223,0.0
529,2.645669,47.0,-6.0833282,2024-06-02 18:00:00,-0.06692696,0.021543507,4333148.796028124,-461804.81061430223,0.0
709,3.819495,47.0,-6.0833282,2024-06-02 18:00:00,-0.065052986,0.024949193,4333148.796028124,-461804.81061430223,0.0
889,5.078224,47.0,-6.0833282,2024-06-02 18:00:00,-0.06306663,0.02799221,4333148.796028124,-461804.81061430223,0.0
1069,6.440614,47.0,-6.0833282,2024-06-02 18:00:00,-0.06083945,0.030761106,4333148.796028124,-461804.81061430223,0.0
1249,7.92956,47.0,-6.0833282,2024-06-02 18:00:00,-0.05785946,0.03351507,4333148.796028124,-461804.81061430223,0.0
1429,9.572997,47.0,-6.0833282,2024-06-02 18:00:00,-0.050012,0.037650563,4333148.796028124,-461804.81061430223,0.0
1609,11.405,47.0,-6.0833282,2024-06-02 18:00:00,-0.015407715,0.036540497,4333148.796028124,-461804.81061430223,0.0
1789,13.46714,47.0,-6.0833282,2024-06-02 18:00:00,0.018583994,0.0011295293,4333148.796028124,-461804.81061430223,0.0
1969,15.81007,47.0,-6.0833282,2024-06-02 18:00:00,0.018369626,-0.013724701,4333148.796028124,-461804.81061430223,0.0
2149,18.49556,47.0,-6.0833282,2024-06-02 18:00:00,0.013202982,-0.011709266,4333148.796028124,-461804.81061430223,0.0
2329,21.59882,47.0,-6.0833282,2024-06-02 18:00:00,0.009424766,-0.0057965065,4333148.796028124,-461804.81061430223,0.0
2509,25.21141,47.0,-6.0833282,2024-06-02 18:00:00,0.034716424,-0.0046139527,4333148.796028124,-461804.81061430223,0.0
2689,29.44473,47.0,-6.0833282,2024-06-02 18:00:00,0.044728324,-0.018115167,4333148.796028124,-461804.81061430223,0.0
2869,34.43415,47.0,-6.0833282,2024-06-02 18:00:00,0.020349385,-0.023586899,4333148.796028124,-461804.81061430223,0.0
3049,40.34405,47.0,-6.0833282,2024-06-02 18:00:00,-0.010821927,-0.025859527,4333148.796028124,-461804.81061430223,0.0
3229,47.37369,47.0,-6.0833282,2024-06-02 18:00:00,-0.024970707,-0.025566334,4333148.796028124,-461804.81061430223,0.0
3409,55.76429,47.0,-6.0833282,2024-06-02 18:00:00,-0.026128415,-0.033255894,4333148.796028124,-461804.81061430223,0.0
3589,65.80727,47.0,-6.0833282,2024-06-02 18:00:00,-0.020668082,-0.04439644,4333148.796028124,-461804.81061430223,0.0
3769,77.85385,47.0,-6.0833282,2024-06-02 18:00:00,-0.013241692,-0.054247215,4333148.796028124,-461804.81061430223,0.0
3949,92.32607,47.0,-6.0833282,2024-06-02 18:00:00,-0.008894841,-0.051781043,4333148.796028124,-461804.81061430223,0.0
4129,109.7293,47.0,-6.0833282,2024-06-02 18:00:00,0.0036734,-0.05002143,4333148.796028124,-461804.81061430223,0.0
4309,130.666,47.0,-6.0833282,2024-06-02 18:00:00,0.013841897,-0.056342166,4333148.796028124,-461804.81061430223,0.0
4489,155.8507,47.0,-6.0833282,2024-06-02 18:00:00,0.040631324,-0.06531726,4333148.796028124,-461804.81061430223,0.0
4669,186.1256,47.0,-6.0833282,2024-06-02 18:00:00,0.05856001,-0.071023986,4333148.796028124,-461804.81061430223,0.0
4849,222.4752,47.0,-6.0833282,2024-06-02 18:00:00,0.05962111,-0.07097833,4333148.796028124,-461804.81061430223,0.0
5029,266.0403,47.0,-6.0833282,2024-06-02 18:00:00,0.06005658,-0.06444989,4333148.796028124,-461804.81061430223,0.0
5209,318.1274,47.0,-6.0833282,2024-06-02 18:00:00,0.06688371,-0.063464336,4333148.796028124,-461804.81061430223,0.0
5389,380.213,47.0,-6.0833282,2024-06-02 18:00:00,0.07342073,-0.07769391,4333148.796028124,-461804.81061430223,0.0
5569,453.9377,47.0,-6.0833282,2024-06-02 18:00:00,0.06481113,-0.08711753,4333148.796028124,-461804.81061430223,0.0
5749,541.0889,47.0,-6.0833282,2024-06-02 18:00:00,0.07668832,-0.08304662,4333148.796028124,-461804.81061430223,0.0
5929,643.5668,47.0,-6.0833282,2024-06-02 18:00:00,0.07365022,-0.067537114,4333148.796028124,-461804.81061430223,0.0
6109,763.3331,47.0,-6.0833282,2024-06-02 18:00:00,0.07307367,-0.06968621,4333148.796028124,-461804.81061430223,0.0
6289,902.3393,47.0,-6.0833282,2024-06-02 18:00:00,0.07450825,-0.055953663,4333148.796028124,-461804.81061430223,0.0
178,0.494025,47.0,-6.0,2024-06-02 18:00:00,-0.10077339,0.028177245,4333815.840058059,-455502.3996515776,0.0
358,1.541375,47.0,-6.0,2024-06-02 18:00:00,-0.099239774,0.032440197,4333815.840058059,-455502.3996515776,0.0
538,2.645669,47.0,-6.0,2024-06-02 18:00:00,-0.09757814,0.036338814,4333815.840058059,-455502.3996515776,0.0
718,3.819495,47.0,-6.0,2024-06-02 18:00:00,-0.095810026,0.039829016,4333815.840058059,-455502.3996515776,0.0
898,5.078224,47.0,-6.0,2024-06-02 18:00:00,-0.09389727,0.04295534,4333815.840058059,-455502.3996515776,0.0
1078,6.440614,47.0,-6.0,2024-06-02 18:00:00,-0.09169457,0.045821052,4333815.840058059,-455502.3996515776,0.0
1258,7.92956,47.0,-6.0,2024-06-02 18:00:00,-0.08856386,0.04875221,4333815.840058059,-455502.3996515776,0.0
1438,9.572997,47.0,-6.0,2024-06-02 18:00:00,-0.07901163,0.053458415,4333815.840058059,-455502.3996515776,0.0
1618,11.405,47.0,-6.0,2024-06-02 18:00:00,-0.04157293,0.05214023,4333815.840058059,-455502.3996515776,0.0
1798,13.46714,47.0,-6.0,2024-06-02 18:00:00,-0.010591145,0.016127199,4333815.840058059,-455502.3996515776,0.0
1978,15.81007,47.0,-6.0,2024-06-02 18:00:00,-0.014174159,0.000566083,4333815.840058059,-455502.3996515776,0.0
2158,18.49556,47.0,-6.0,2024-06-02 18:00:00,-0.025175786,0.0061517186,4333815.840058059,-455502.3996515776,0.0
2338,21.59882,47.0,-6.0,2024-06-02 18:00:00,-0.024629222,0.017842233,4333815.840058059,-455502.3996515776,0.0
2518,25.21141,47.0,-6.0,2024-06-02 18:00:00,0.00929521,0.02040487,4333815.840058059,-455502.3996515776,0.0
2698,29.44473,47.0,-6.0,2024-06-02 18:00:00,0.027652085,0.011297345,4333815.840058059,-455502.3996515776,0.0
2878,34.43415,47.0,-6.0,2024-06-02 18:00:00,0.010319528,0.0068056053,4333815.840058059,-455502.3996515776,0.0
3058,40.34405,47.0,-6.0,2024-06-02 18:00:00,-0.012868762,0.007226607,4333815.840058059,-455502.3996515776,0.0
3238,47.37369,47.0,-6.0,2024-06-02 18:00:00,-0.025964329,0.009969445,4333815.840058059,-455502.3996515776,0.0
3418,55.76429,47.0,-6.0,2024-06-02 18:00:00,-0.03343396,0.005175608,4333815.840058059,-455502.3996515776,0.0
3598,65.80727,47.0,-6.0,2024-06-02 18:00:00,-0.03743748,-0.0050043445,4333815.840058059,-455502.3996515776,0.0
3778,77.85385,47.0,-6.0,2024-06-02 18:00:00,-0.038267866,-0.0151036,4333815.840058059,-455502.3996515776,0.0
3958,92.32607,47.0,-6.0,2024-06-02 18:00:00,-0.03978905,-0.018888539,4333815.840058059,-455502.3996515776,0.0
4138,109.7293,47.0,-6.0,2024-06-02 18:00:00,-0.030224066,-0.026232127,4333815.840058059,-455502.3996515776,0.0
4318,130.666,47.0,-6.0,2024-06-02 18:00:00,-0.01658253,-0.034864143,4333815.840058059,-455502.3996515776,0.0
4498,155.8507,47.0,-6.0,2024-06-02 18:00:00,0.008485024,-0.040221754,4333815.840058059,-455502.3996515776,0.0
4678,186.1256,47.0,-6.0,2024-06-02 18:00:00,0.02231678,-0.043506313,4333815.840058059,-455502.3996515776,0.0
4858,222.4752,47.0,-6.0,2024-06-02 18:00:00,0.037890237,-0.0466457,4333815.840058059,-455502.3996515776,0.0
5038,266.0403,47.0,-6.0,2024-06-02 18:00:00,0.046891928,-0.059872337,4333815.840058059,-455502.3996515776,0.0
5218,318.1274,47.0,-6.0,2024-06-02 18:00:00,0.044470508,-0.060922503,4333815.840058059,-455502.3996515776,0.0
5398,380.213,47.0,-6.0,2024-06-02 18:00:00,0.041043498,-0.046678837,4333815.840058059,-455502.3996515776,0.0
5578,453.9377,47.0,-6.0,2024-06-02 18:00:00,0.030636046,-0.047443718,4333815.840058059,-455502.3996515776,0.0
5758,541.0889,47.0,-6.0,2024-06-02 18:00:00,0.048421446,-0.057129834,4333815.840058059,-455502.3996515776,0.0
5938,643.5668,47.0,-6.0,2024-06-02 18:00:00,0.057452995,-0.054556146,4333815.840058059,-455502.3996515776,0.0
6118,763.3331,47.0,-6.0,2024-06-02 18:00:00,0.05310353,-0.040295675,4333815.840058059,-455502.3996515776,0.0
6298,902.3393,47.0,-6.0,2024-06-02 18:00:00,0.05991028,-0.025278836,4333815.840058059,-455502.3996515776,0.0
8,0.494025,46.66667,-6.25,2024-06-03 00:00:00,0.080973476,-0.027375348,4358653.3150161095,-477350.1729464703,0.0
188,1.541375,46.66667,-6.25,2024-06-03 00:00:00,0.08417853,-0.02283913,4358653.3150161095,-477350.1729464703,0.0
368,2.645669,46.66667,-6.25,2024-06-03 00:00:00,0.08741178,-0.018654797,4358653.3150161095,-477350.1729464703,0.0
548,3.819495,46.66667,-6.25,2024-06-03 00:00:00,0.09042615,-0.015078844,4358653.3150161095,-477350.1729464703,0.0
728,5.078224,46.66667,-6.25,2024-06-03 00:00:00,0.09311305,-0.01216091,4358653.3150161095,-477350.1729464703,0.0
908,6.440614,46.66667,-6.25,2024-06-03 00:00:00,0.095454186,-0.009850105,4358653.3150161095,-477350.1729464703,0.0
1088,7.92956,46.66667,-6.25,2024-06-03 00:00:00,0.09748156,-0.008067559,4358653.3150161095,-477350.1729464703,0.0
1268,9.572997,46.66667,-6.25,2024-06-03 00:00:00,0.09928714,-0.006731157,4358653.3150161095,-477350.1729464703,0.0
1448,11.405,46.66667,-6.25,2024-06-03 00:00:00,0.10138286,-0.005671261,4358653.3150161095,-477350.1729464703,0.0
1628,13.46714,46.66667,-6.25,2024-06-03 00:00:00,0.121509135,-0.017249417,4358653.3150161095,-477350.1729464703,0.0
1808,15.81007,46.66667,-6.25,2024-06-03 00:00:00,0.10864331,-0.025787845,4358653.3150161095,-477350.1729464703,0.0
1988,18.49556,46.66667,-6.25,2024-06-03 00:00:00,0.10914022,-0.017283423,4358653.3150161095,-477350.1729464703,0.0
2168,21.59882,46.66667,-6.25,2024-06-03 00:00:00,0.108017534,-0.017974501,4358653.3150161095,-477350.1729464703,0.0
2348,25.21141,46.66667,-6.25,2024-06-03 00:00:00,0.09997096,-0.057828568,4358653.3150161095,-477350.1729464703,0.0
2528,29.44473,46.66667,-6.25,2024-06-03 00:00:00,0.07625781,-0.06262619,4358653.3150161095,-477350.1729464703,0.0
2708,34.43415,46.66667,-6.25,2024-06-03 00:00:00,0.08998105,-0.045590024,4358653.3150161095,-477350.1729464703,0.0
2888,40.34405,46.66667,-6.25,2024-06-03 00:00:00,0.085749246,-0.033861287,4358653.3150161095,-477350.1729464703,0.0
3068,47.37369,46.66667,-6.25,2024-06-03 00:00:00,0.07890452,-0.030530494,4358653.3150161095,-477350.1729464703,0.0
3248,55.76429,46.66667,-6.25,2024-06-03 00:00:00,0.06677604,-0.036092617,4358653.3150161095,-477350.1729464703,0.0
3428,65.80727,46.66667,-6.25,2024-06-03 00:00:00,0.04860755,-0.038423464,4358653.3150161095,-477350.1729464703,0.0
3608,77.85385,46.66667,-6.25,2024-06-03 00:00:00,0.038015343,-0.03293896,4358653.3150161095,-477350.1729464703,0.0
3788,92.32607,46.66667,-6.25,2024-06-03 00:00:00,0.032656286,-0.03176334,4358653.3150161095,-477350.1729464703,0.0
3968,109.7293,46.66667,-6.25,2024-06-03 00:00:00,0.025480527,-0.041871894,4358653.3150161095,-477350.1729464703,0.0
4148,130.666,46.66667,-6.25,2024-06-03 00:00:00,0.020723635,-0.048127383,4358653.3150161095,-477350.1729464703,0.0
4328,155.8507,46.66667,-6.25,2024-06-03 00:00:00,0.010457865,-0.05118767,4358653.3150161095,-477350.1729464703,0.0
4508,186.1256,46.66667,-6.25,2024-06-03 00:00:00,-0.013740998,-0.04832213,4358653.3150161095,-477350.1729464703,0.0
4688,222.4752,46.66667,-6.25,2024-06-03 00:00:00,-0.03475863,-0.041985918,4358653.3150161095,-477350.1729464703,0.0
4868,266.0403,46.66667,-6.25,2024-06-03 00:00:00,-0.057725012,-0.036453757,4358653.3150161095,-477350.1729464703,0.0
5048,318.1274,46.66667,-6.25,2024-06-03 00:00:00,-0.0655663,-0.033492856,4358653.3150161095,-477350.1729464703,0.0
5228,380.213,46.66667,-6.25,2024-06-03 00:00:00,-0.07386035,-0.022236055,4358653.3150161095,-477350.1729464703,0.0
5408,453.9377,46.66667,-6.25,2024-06-03 00:00:00,-0.056930386,-0.01890172,4358653.3150161095,-477350.1729464703,0.0
5588,541.0889,46.66667,-6.25,2024-06-03 00:00:00,-0.03702982,-0.028395703,4358653.3150161095,-477350.1729464703,0.0
5768,643.5668,46.66667,-6.25,2024-06-03 00:00:00,-0.06233738,-0.03280806,4358653.3150161095,-477350.1729464703,0.0
5948,763.3331,46.66667,-6.25,2024-06-03 00:00:00,-0.057823792,-0.041154966,4358653.3150161095,-477350.1729464703,0.0
6128,902.3393,46.66667,-6.25,2024-06-03 00:00:00,-0.041338287,-0.06496523,4358653.3150161095,-477350.1729464703,0.0
17,0.494025,46.66667,-6.1666565,2024-06-03 00:00:00,0.11570602,-0.03507422,4359343.065935845,-471009.49203812674,0.0
197,1.541375,46.66667,-6.1666565,2024-06-03 00:00:00,0.11911516,-0.030550946,4359343.065935845,-471009.49203812674,0.0
377,2.645669,46.66667,-6.1666565,2024-06-03 00:00:00,0.12251042,-0.026400875,4359343.065935845,-471009.49203812674,0.0
557,3.819495,46.66667,-6.1666565,2024-06-03 00:00:00,0.12564324,-0.022862729,4359343.065935845,-471009.49203812674,0.0
737,5.078224,46.66667,-6.1666565,2024-06-03 00:00:00,0.12840694,-0.019979844,4359343.065935845,-471009.49203812674,0.0
917,6.440614,46.66667,-6.1666565,2024-06-03 00:00:00,0.130776,-0.017714346,4359343.065935845,-471009.49203812674,0.0
1097,7.92956,46.66667,-6.1666565,2024-06-03 00:00:00,0.13278316,-0.015991293,4359343.065935845,-471009.49203812674,0.0
1277,9.572997,46.66667,-6.1666565,2024-06-03 00:00:00,0.13452134,-0.014722312,4359343.065935845,-471009.49203812674,0.0
1457,11.405,46.66667,-6.1666565,2024-06-03 00:00:00,0.13643105,-0.013725484,4359343.065935845,-471009.49203812674,0.0
1637,13.46714,46.66667,-6.1666565,2024-06-03 00:00:00,0.15410863,-0.027156813,4359343.065935845,-471009.49203812674,0.0
1817,15.81007,46.66667,-6.1666565,2024-06-03 00:00:00,0.1418765,-0.036738507,4359343.065935845,-471009.49203812674,0.0
1997,18.49556,46.66667,-6.1666565,2024-06-03 00:00:00,0.13998544,-0.028856931,4359343.065935845,-471009.49203812674,0.0
2177,21.59882,46.66667,-6.1666565,2024-06-03 00:00:00,0.14067091,-0.028304942,4359343.065935845,-471009.49203812674,0.0
2357,25.21141,46.66667,-6.1666565,2024-06-03 00:00:00,0.14327551,-0.06759546,4359343.065935845,-471009.49203812674,0.0
2537,29.44473,46.66667,-6.1666565,2024-06-03 00:00:00,0.12743935,-0.076553345,4359343.065935845,-471009.49203812674,0.0
2717,34.43415,46.66667,-6.1666565,2024-06-03 00:00:00,0.13253622,-0.06393152,4359343.065935845,-471009.49203812674,0.0
2897,40.34405,46.66667,-6.1666565,2024-06-03 00:00:00,0.12743038,-0.051717635,4359343.065935845,-471009.49203812674,0.0
3077,47.37369,46.66667,-6.1666565,2024-06-03 00:00:00,0.12332456,-0.049389377,4359343.065935845,-471009.49203812674,0.0
3257,55.76429,46.66667,-6.1666565,2024-06-03 00:00:00,0.11294374,-0.054977905,4359343.065935845,-471009.49203812674,0.0
3437,65.80727,46.66667,-6.1666565,2024-06-03 00:00:00,0.09687484,-0.055864394,4359343.065935845,-471009.49203812674,0.0
3617,77.85385,46.66667,-6.1666565,2024-06-03 00:00:00,0.083130166,-0.04978977,4359343.065935845,-471009.49203812674,0.0
3797,92.32607,46.66667,-6.1666565,2024-06-03 00:00:00,0.072851904,-0.04799995,4359343.065935845,-471009.49203812674,0.0
3977,109.7293,46.66667,-6.1666565,2024-06-03 00:00:00,0.06528797,-0.056858577,4359343.065935845,-471009.49203812674,0.0
4157,130.666,46.66667,-6.1666565,2024-06-03 00:00:00,0.053642143,-0.062170614,4359343.065935845,-471009.49203812674,0.0
4337,155.8507,46.66667,-6.1666565,2024-06-03 00:00:00,0.02898892,-0.06042455,4359343.065935845,-471009.49203812674,0.0
4517,186.1256,46.66667,-6.1666565,2024-06-03 00:00:00,-0.004344064,-0.04990876,4359343.065935845,-471009.49203812674,0.0
4697,222.4752,46.66667,-6.1666565,2024-06-03 00:00:00,-0.021905309,-0.038109697,4359343.065935845,-471009.49203812674,0.0
4877,266.0403,46.66667,-6.1666565,2024-06-03 00:00:00,-0.03397852,-0.034141537,4359343.065935845,-471009.49203812674,0.0
5057,318.1274,46.66667,-6.1666565,2024-06-03 00:00:00,-0.03842004,-0.03272604,4359343.065935845,-471009.49203812674,0.0
5237,380.213,46.66667,-6.1666565,2024-06-03 00:00:00,-0.043772966,-0.02507787,4359343.065935845,-471009.49203812674,0.0
5417,453.9377,46.66667,-6.1666565,2024-06-03 00:00:00,-0.027181907,-0.030113816,4359343.065935845,-471009.49203812674,0.0
5597,541.0889,46.66667,-6.1666565,2024-06-03 00:00:00,-0.022641718,-0.04801143,4359343.065935845,-471009.49203812674,0.0
5777,643.5668,46.66667,-6.1666565,2024-06-03 00:00:00,-0.035870735,-0.05658905,4359343.065935845,-471009.49203812674,0.0
5957,763.3331,46.66667,-6.1666565,2024-06-03 00:00:00,-0.021445252,-0.067147836,4359343.065935845,-471009.49203812674,0.0
6137,902.3393,46.66667,-6.1666565,2024-06-03 00:00:00,-0.007843523,-0.090782635,4359343.065935845,-471009.49203812674,0.0
26,0.494025,46.66667,-6.0833282,2024-06-03 00:00:00,0.15483652,-0.054411095,4360023.469108121,-464668.9756583009,0.0
206,1.541375,46.66667,-6.0833282,2024-06-03 00:00:00,0.15840828,-0.049844887,4360023.469108121,-464668.9756583009,0.0
386,2.645669,46.66667,-6.0833282,2024-06-03 00:00:00,0.16194516,-0.045666683,4360023.469108121,-464668.9756583009,0.0
566,3.819495,46.66667,-6.0833282,2024-06-03 00:00:00,0.16518733,-0.042115875,4360023.469108121,-464668.9756583009,0.0
746,5.078224,46.66667,-6.0833282,2024-06-03 00:00:00,0.16802241,-0.03924168,4360023.469108121,-464668.9756583009,0.0
926,6.440614,46.66667,-6.0833282,2024-06-03 00:00:00,0.17042454,-0.03701137,4360023.469108121,-464668.9756583009,0.0
1106,7.92956,46.66667,-6.0833282,2024-06-03 00:00:00,0.1724503,-0.035335585,4360023.469108121,-464668.9756583009,0.0
1286,9.572997,46.66667,-6.0833282,2024-06-03 00:00:00,0.17426987,-0.03408189,4360023.469108121,-464668.9756583009,0.0
1466,11.405,46.66667,-6.0833282,2024-06-03 00:00:00,0.17699577,-0.03260435,4360023.469108121,-464668.9756583009,0.0
1646,13.46714,46.66667,-6.0833282,2024-06-03 00:00:00,0.19357008,-0.04979321,4360023.469108121,-464668.9756583009,0.0
1826,15.81007,46.66667,-6.0833282,2024-06-03 00:00:00,0.1788256,-0.05469411,4360023.469108121,-464668.9756583009,0.0
2006,18.49556,46.66667,-6.0833282,2024-06-03 00:00:00,0.17675292,-0.048073422,4360023.469108121,-464668.9756583009,0.0
2186,21.59882,46.66667,-6.0833282,2024-06-03 00:00:00,0.18433154,-0.05271673,4360023.469108121,-464668.9756583009,0.0
2366,25.21141,46.66667,-6.0833282,2024-06-03 00:00:00,0.19089319,-0.09376916,4360023.469108121,-464668.9756583009,0.0
2546,29.44473,46.66667,-6.0833282,2024-06-03 00:00:00,0.17381322,-0.1046331,4360023.469108121,-464668.9756583009,0.0
2726,34.43415,46.66667,-6.0833282,2024-06-03 00:00:00,0.17531922,-0.09330291,4360023.469108121,-464668.9756583009,0.0
2906,40.34405,46.66667,-6.0833282,2024-06-03 00:00:00,0.1749983,-0.08053343,4360023.469108121,-464668.9756583009,0.0
3086,47.37369,46.66667,-6.0833282,2024-06-03 00:00:00,0.17333005,-0.080249876,4360023.469108121,-464668.9756583009,0.0
3266,55.76429,46.66667,-6.0833282,2024-06-03 00:00:00,0.16650993,-0.087986276,4360023.469108121,-464668.9756583009,0.0
3446,65.80727,46.66667,-6.0833282,2024-06-03 00:00:00,0.1527903,-0.08968023,4360023.469108121,-464668.9756583009,0.0
3626,77.85385,46.66667,-6.0833282,2024-06-03 00:00:00,0.13615736,-0.084641196,4360023.469108121,-464668.9756583009,0.0
3806,92.32607,46.66667,-6.0833282,2024-06-03 00:00:00,0.11984031,-0.082335025,4360023.469108121,-464668.9756583009,0.0
3986,109.7293,46.66667,-6.0833282,2024-06-03 00:00:00,0.109896675,-0.08834037,4360023.469108121,-464668.9756583009,0.0
4166,130.666,46.66667,-6.0833282,2024-06-03 00:00:00,0.09442249,-0.089476936,4360023.469108121,-464668.9756583009,0.0
4346,155.8507,46.66667,-6.0833282,2024-06-03 00:00:00,0.06095983,-0.08079996,4360023.469108121,-464668.9756583009,0.0
4526,186.1256,46.66667,-6.0833282,2024-06-03 00:00:00,0.027803237,-0.06732084,4360023.469108121,-464668.9756583009,0.0
4706,222.4752,46.66667,-6.0833282,2024-06-03 00:00:00,0.011624547,-0.054221857,4360023.469108121,-464668.9756583009,0.0
4886,266.0403,46.66667,-6.0833282,2024-06-03 00:00:00,-0.00086759205,-0.046416026,4360023.469108121,-464668.9756583009,0.0
5066,318.1274,46.66667,-6.0833282,2024-06-03 00:00:00,-0.006626141,-0.04383269,4360023.469108121,-464668.9756583009,0.0
5246,380.213,46.66667,-6.0833282,2024-06-03 00:00:00,-0.0030311416,-0.044460487,4360023.469108121,-464668.9756583009,0.0
5426,453.9377,46.66667,-6.0833282,2024-06-03 00:00:00,-0.0046180864,-0.048104618,4360023.469108121,-464668.9756583009,0.0
5606,541.0889,46.66667,-6.0833282,2024-06-03 00:00:00,-0.0062497063,-0.058111083,4360023.469108121,-464668.9756583009,0.0
5786,643.5668,46.66667,-6.0833282,2024-06-03 00:00:00,-0.0040733237,-0.064679846,4360023.469108121,-464668.9756583009,0.0
5966,763.3331,46.66667,-6.0833282,2024-06-03 00:00:00,0.012546627,-0.08133358,4360023.469108121,-464668.9756583009,0.0
6146,902.3393,46.66667,-6.0833282,2024-06-03 00:00:00,0.026591618,-0.1076736,4360023.469108121,-464668.9756583009,0.0
35,0.494025,46.66667,-6.0,2024-06-03 00:00:00,0.18842961,-0.079957575,4360694.650219674,-458327.4764384654,0.0
215,1.541375,46.66667,-6.0,2024-06-03 00:00:00,0.19211811,-0.075332716,4360694.650219674,-458327.4764384654,0.0
395,2.645669,46.66667,-6.0,2024-06-03 00:00:00,0.19577618,-0.07110509,4360694.650219674,-458327.4764384654,0.0
575,3.819495,46.66667,-6.0,2024-06-03 00:00:00,0.19911744,-0.06752886,4360694.650219674,-458327.4764384654,0.0
755,5.078224,46.66667,-6.0,2024-06-03 00:00:00,0.20202054,-0.064656466,4360694.650219674,-458327.4764384654,0.0
935,6.440614,46.66667,-6.0,2024-06-03 00:00:00,0.20447434,-0.062442116,4360694.650219674,-458327.4764384654,0.0
1115,7.92956,46.66667,-6.0,2024-06-03 00:00:00,0.20658055,-0.06076806,4360694.650219674,-458327.4764384654,0.0
1295,9.572997,46.66667,-6.0,2024-06-03 00:00:00,0.20871836,-0.059419654,4360694.650219674,-458327.4764384654,0.0
1475,11.405,46.66667,-6.0,2024-06-03 00:00:00,0.21900302,-0.057527963,4360694.650219674,-458327.4764384654,0.0
1655,13.46714,46.66667,-6.0,2024-06-03 00:00:00,0.22198285,-0.08072146,4360694.650219674,-458327.4764384654,0.0
1835,15.81007,46.66667,-6.0,2024-06-03 00:00:00,0.20978174,-0.07563758,4360694.650219674,-458327.4764384654,0.0
2015,18.49556,46.66667,-6.0,2024-06-03 00:00:00,0.21245025,-0.07022202,4360694.650219674,-458327.4764384654,0.0
2195,21.59882,46.66667,-6.0,2024-06-03 00:00:00,0.22267692,-0.082091935,4360694.650219674,-458327.4764384654,0.0
2375,25.21141,46.66667,-6.0,2024-06-03 00:00:00,0.21890187,-0.12291938,4360694.650219674,-458327.4764384654,0.0
2555,29.44473,46.66667,-6.0,2024-06-03 00:00:00,0.19749539,-0.1296121,4360694.650219674,-458327.4764384654,0.0
2735,34.43415,46.66667,-6.0,2024-06-03 00:00:00,0.20015304,-0.11807377,4360694.650219674,-458327.4764384654,0.0
2915,40.34405,46.66667,-6.0,2024-06-03 00:00:00,0.20675348,-0.10708122,4360694.650219674,-458327.4764384654,0.0
3095,47.37369,46.66667,-6.0,2024-06-03 00:00:00,0.20879158,-0.10803263,4360694.650219674,-458327.4764384654,0.0
3275,55.76429,46.66667,-6.0,2024-06-03 00:00:00,0.2024039,-0.11690766,4360694.650219674,-458327.4764384654,0.0
3455,65.80727,46.66667,-6.0,2024-06-03 00:00:00,0.18621226,-0.11914574,4360694.650219674,-458327.4764384654,0.0
3635,77.85385,46.66667,-6.0,2024-06-03 00:00:00,0.16628353,-0.11586734,4360694.650219674,-458327.4764384654,0.0
3815,92.32607,46.66667,-6.0,2024-06-03 00:00:00,0.1461933,-0.11448009,4360694.650219674,-458327.4764384654,0.0
3995,109.7293,46.66667,-6.0,2024-06-03 00:00:00,0.13394333,-0.11866479,4360694.650219674,-458327.4764384654,0.0
4175,130.666,46.66667,-6.0,2024-06-03 00:00:00,0.12122622,-0.11725497,4360694.650219674,-458327.4764384654,0.0
4355,155.8507,46.66667,-6.0,2024-06-03 00:00:00,0.09203057,-0.107063256,4360694.650219674,-458327.4764384654,0.0
4535,186.1256,46.66667,-6.0,2024-06-03 00:00:00,0.06708696,-0.09802307,4360694.650219674,-458327.4764384654,0.0
4715,222.4752,46.66667,-6.0,2024-06-03 00:00:00,0.052184414,-0.08593654,4360694.650219674,-458327.4764384654,0.0
4895,266.0403,46.66667,-6.0,2024-06-03 00:00:00,0.04028581,-0.07533658,4360694.650219674,-458327.4764384654,0.0
5075,318.1274,46.66667,-6.0,2024-06-03 00:00:00,0.031490613,-0.06616414,4360694.650219674,-458327.4764384654,0.0
5255,380.213,46.66667,-6.0,2024-06-03 00:00:00,0.028658237,-0.066584006,4360694.650219674,-458327.4764384654,0.0
5435,453.9377,46.66667,-6.0,2024-06-03 00:00:00,0.022932725,-0.07067055,4360694.650219674,-458327.4764384654,0.0
5615,541.0889,46.66667,-6.0,2024-06-03 00:00:00,0.010364348,-0.070034534,4360694.650219674,-458327.4764384654,0.0
5795,643.5668,46.66667,-6.0,2024-06-03 00:00:00,0.016701255,-0.07185384,4360694.650219674,-458327.4764384654,0.0
5975,763.3331,46.66667,-6.0,2024-06-03 00:00:00,0.043227818,-0.0879448,4360694.650219674,-458327.4764384654,0.0
6155,902.3393,46.66667,-6.0,2024-06-03 00:00:00,0.041751064,-0.10537409,4360694.650219674,-458327.4764384654,0.0
44,0.494025,46.75,-6.25,2024-06-03 00:00:00,0.09785829,-0.09332663,4351950.96357759,-476616.1460837916,0.0
224,1.541375,46.75,-6.25,2024-06-03 00:00:00,0.10112194,-0.08881465,4351950.96357759,-476616.1460837916,0.0
404,2.645669,46.75,-6.25,2024-06-03 00:00:00,0.10440816,-0.084628925,4351950.96357759,-476616.1460837916,0.0
584,3.819495,46.75,-6.25,2024-06-03 00:00:00,0.10749764,-0.08098297,4351950.96357759,-476616.1460837916,0.0
764,5.078224,46.75,-6.25,2024-06-03 00:00:00,0.110295504,-0.07791534,4351950.96357759,-476616.1460837916,0.0
944,6.440614,46.75,-6.25,2024-06-03 00:00:00,0.112764396,-0.075404465,4351950.96357759,-476616.1460837916,0.0
1124,7.92956,46.75,-6.25,2024-06-03 00:00:00,0.11490953,-0.07340098,4351950.96357759,-476616.1460837916,0.0
1304,9.572997,46.75,-6.25,2024-06-03 00:00:00,0.116803855,-0.07182518,4351950.96357759,-476616.1460837916,0.0
1484,11.405,46.75,-6.25,2024-06-03 00:00:00,0.1191411,-0.07033977,4351950.96357759,-476616.1460837916,0.0
1664,13.46714,46.75,-6.25,2024-06-03 00:00:00,0.13463546,-0.08503675,4351950.96357759,-476616.1460837916,0.0
1844,15.81007,46.75,-6.25,2024-06-03 00:00:00,0.12903582,-0.08872394,4351950.96357759,-476616.1460837916,0.0
2024,18.49556,46.75,-6.25,2024-06-03 00:00:00,0.13693915,-0.08511721,4351950.96357759,-476616.1460837916,0.0
2204,21.59882,46.75,-6.25,2024-06-03 00:00:00,0.14451368,-0.104582235,4351950.96357759,-476616.1460837916,0.0
2384,25.21141,46.75,-6.25,2024-06-03 00:00:00,0.116135806,-0.14538749,4351950.96357759,-476616.1460837916,0.0
2564,29.44473,46.75,-6.25,2024-06-03 00:00:00,0.10063679,-0.13392659,4351950.96357759,-476616.1460837916,0.0
2744,34.43415,46.75,-6.25,2024-06-03 00:00:00,0.115215585,-0.113412775,4351950.96357759,-476616.1460837916,0.0
2924,40.34405,46.75,-6.25,2024-06-03 00:00:00,0.129863,-0.09718172,4351950.96357759,-476616.1460837916,0.0
3104,47.37369,46.75,-6.25,2024-06-03 00:00:00,0.1312048,-0.09483863,4351950.96357759,-476616.1460837916,0.0
3284,55.76429,46.75,-6.25,2024-06-03 00:00:00,0.12118434,-0.100693054,4351950.96357759,-476616.1460837916,0.0
3464,65.80727,46.75,-6.25,2024-06-03 00:00:00,0.10446306,-0.10610355,4351950.96357759,-476616.1460837916,0.0
3644,77.85385,46.75,-6.25,2024-06-03 00:00:00,0.08510589,-0.10160929,4351950.96357759,-476616.1460837916,0.0
3824,92.32607,46.75,-6.25,2024-06-03 00:00:00,0.074720204,-0.092397034,4351950.96357759,-476616.1460837916,0.0
4004,109.7293,46.75,-6.25,2024-06-03 00:00:00,0.074436694,-0.09483486,4351950.96357759,-476616.1460837916,0.0
4184,130.666,46.75,-6.25,2024-06-03 00:00:00,0.07305365,-0.09345229,4351950.96357759,-476616.1460837916,0.0
4364,155.8507,46.75,-6.25,2024-06-03 00:00:00,0.057797816,-0.09026759,4351950.96357759,-476616.1460837916,0.0
4544,186.1256,46.75,-6.25,2024-06-03 00:00:00,0.041292228,-0.094165556,4351950.96357759,-476616.1460837916,0.0
4724,222.4752,46.75,-6.25,2024-06-03 00:00:00,0.025016706,-0.095378414,4351950.96357759,-476616.1460837916,0.0
4904,266.0403,46.75,-6.25,2024-06-03 00:00:00,0.006956322,-0.095026314,4351950.96357759,-476616.1460837916,0.0
5084,318.1274,46.75,-6.25,2024-06-03 00:00:00,-0.002497773,-0.08702623,4351950.96357759,-476616.1460837916,0.0
5264,380.213,46.75,-6.25,2024-06-03 00:00:00,-0.005059057,-0.07327377,4351950.96357759,-476616.1460837916,0.0
5444,453.9377,46.75,-6.25,2024-06-03 00:00:00,0.0022844733,-0.06712131,4351950.96357759,-476616.1460837916,0.0
5624,541.0889,46.75,-6.25,2024-06-03 00:00:00,0.0054039964,-0.063634604,4351950.96357759,-476616.1460837916,0.0
5804,643.5668,46.75,-6.25,2024-06-03 00:00:00,-0.004780812,-0.057262678,4351950.96357759,-476616.1460837916,0.0
5984,763.3331,46.75,-6.25,2024-06-03 00:00:00,-0.0026075584,-0.07184554,4351950.96357759,-476616.1460837916,0.0
6164,902.3393,46.75,-6.25,2024-06-03 00:00:00,-0.0031244736,-0.10669222,4351950.96357759,-476616.1460837916,0.0
53,0.494025,46.75,-6.1666565,2024-06-03 00:00:00,0.13161036,-0.08596539,4352639.653859386,-470285.21531356085,0.0
233,1.541375,46.75,-6.1666565,2024-06-03 00:00:00,0.13510543,-0.08147157,4352639.653859386,-470285.21531356085,0.0
413,2.645669,46.75,-6.1666565,2024-06-03 00:00:00,0.13862179,-0.077306814,4352639.653859386,-470285.21531356085,0.0
593,3.819495,46.75,-6.1666565,2024-06-03 00:00:00,0.14193769,-0.07367137,4352639.653859386,-470285.21531356085,0.0
773,5.078224,46.75,-6.1666565,2024-06-03 00:00:00,0.14495319,-0.07060375,4352639.653859386,-470285.21531356085,0.0
953,6.440614,46.75,-6.1666565,2024-06-03 00:00:00,0.14761464,-0.06809692,4352639.653859386,-470285.21531356085,0.0
1133,7.92956,46.75,-6.1666565,2024-06-03 00:00:00,0.14992782,-0.06610285,4352639.653859386,-470285.21531356085,0.0
1313,9.572997,46.75,-6.1666565,2024-06-03 00:00:00,0.15199785,-0.06452726,4352639.653859386,-470285.21531356085,0.0
1493,11.405,46.75,-6.1666565,2024-06-03 00:00:00,0.15476067,-0.06292608,4352639.653859386,-470285.21531356085,0.0
1673,13.46714,46.75,-6.1666565,2024-06-03 00:00:00,0.17162131,-0.08246157,4352639.653859386,-470285.21531356085,0.0
1853,15.81007,46.75,-6.1666565,2024-06-03 00:00:00,0.16900268,-0.08315251,4352639.653859386,-470285.21531356085,0.0
2033,18.49556,46.75,-6.1666565,2024-06-03 00:00:00,0.17885908,-0.081053086,4352639.653859386,-470285.21531356085,0.0
2213,21.59882,46.75,-6.1666565,2024-06-03 00:00:00,0.1891579,-0.10348456,4352639.653859386,-470285.21531356085,0.0
2393,25.21141,46.75,-6.1666565,2024-06-03 00:00:00,0.15608218,-0.14632368,4352639.653859386,-470285.21531356085,0.0
2573,29.44473,46.75,-6.1666565,2024-06-03 00:00:00,0.13653722,-0.12827422,4352639.653859386,-470285.21531356085,0.0
2753,34.43415,46.75,-6.1666565,2024-06-03 00:00:00,0.15065318,-0.10456628,4352639.653859386,-470285.21531356085,0.0
2933,40.34405,46.75,-6.1666565,2024-06-03 00:00:00,0.16624902,-0.09101795,4352639.653859386,-470285.21531356085,0.0
3113,47.37369,46.75,-6.1666565,2024-06-03 00:00:00,0.17096801,-0.09261152,4352639.653859386,-470285.21531356085,0.0
3293,55.76429,46.75,-6.1666565,2024-06-03 00:00:00,0.16342066,-0.100782976,4352639.653859386,-470285.21531356085,0.0
3473,65.80727,46.75,-6.1666565,2024-06-03 00:00:00,0.14652562,-0.10404861,4352639.653859386,-470285.21531356085,0.0
3653,77.85385,46.75,-6.1666565,2024-06-03 00:00:00,0.12802193,-0.09807682,4352639.653859386,-470285.21531356085,0.0
3833,92.32607,46.75,-6.1666565,2024-06-03 00:00:00,0.11627644,-0.091442846,4352639.653859386,-470285.21531356085,0.0
4013,109.7293,46.75,-6.1666565,2024-06-03 00:00:00,0.11381253,-0.094830945,4352639.653859386,-470285.21531356085,0.0
4193,130.666,46.75,-6.1666565,2024-06-03 00:00:00,0.11335972,-0.094587855,4352639.653859386,-470285.21531356085,0.0
4373,155.8507,46.75,-6.1666565,2024-06-03 00:00:00,0.09914193,-0.091864504,4352639.653859386,-470285.21531356085,0.0
4553,186.1256,46.75,-6.1666565,2024-06-03 00:00:00,0.0819013,-0.09798896,4352639.653859386,-470285.21531356085,0.0
4733,222.4752,46.75,-6.1666565,2024-06-03 00:00:00,0.064174294,-0.0970867,4352639.653859386,-470285.21531356085,0.0
4913,266.0403,46.75,-6.1666565,2024-06-03 00:00:00,0.042542674,-0.090142794,4352639.653859386,-470285.21531356085,0.0
5093,318.1274,46.75,-6.1666565,2024-06-03 00:00:00,0.030194324,-0.08642285,4352639.653859386,-470285.21531356085,0.0
5273,380.213,46.75,-6.1666565,2024-06-03 00:00:00,0.028378861,-0.08168638,4352639.653859386,-470285.21531356085,0.0
5453,453.9377,46.75,-6.1666565,2024-06-03 00:00:00,0.028620467,-0.08039645,4352639.653859386,-470285.21531356085,0.0
5633,541.0889,46.75,-6.1666565,2024-06-03 00:00:00,0.023198476,-0.08554829,4352639.653859386,-470285.21531356085,0.0
5813,643.5668,46.75,-6.1666565,2024-06-03 00:00:00,0.016592668,-0.09080863,4352639.653859386,-470285.21531356085,0.0
5993,763.3331,46.75,-6.1666565,2024-06-03 00:00:00,0.012283187,-0.10263563,4352639.653859386,-470285.21531356085,0.0
6173,902.3393,46.75,-6.1666565,2024-06-03 00:00:00,0.0125108715,-0.12620927,4352639.653859386,-470285.21531356085,0.0
62,0.494025,46.75,-6.0833282,2024-06-03 00:00:00,0.14880705,-0.08738308,4353319.010767862,-463954.44881885045,0.0
242,1.541375,46.75,-6.0833282,2024-06-03 00:00:00,0.15249233,-0.08288407,4353319.010767862,-463954.44881885045,0.0
422,2.645669,46.75,-6.0833282,2024-06-03 00:00:00,0.15621987,-0.07871488,4353319.010767862,-463954.44881885045,0.0
602,3.819495,46.75,-6.0833282,2024-06-03 00:00:00,0.15976073,-0.07507723,4353319.010767862,-463954.44881885045,0.0
782,5.078224,46.75,-6.0833282,2024-06-03 00:00:00,0.16300485,-0.07202581,4353319.010767862,-463954.44881885045,0.0
962,6.440614,46.75,-6.0833282,2024-06-03 00:00:00,0.16589639,-0.06956599,4353319.010767862,-463954.44881885045,0.0
1142,7.92956,46.75,-6.0833282,2024-06-03 00:00:00,0.1684871,-0.067634895,4353319.010767862,-463954.44881885045,0.0
1322,9.572997,46.75,-6.0833282,2024-06-03 00:00:00,0.17111011,-0.066070125,4353319.010767862,-463954.44881885045,0.0
1502,11.405,46.75,-6.0833282,2024-06-03 00:00:00,0.17641753,-0.06386453,4353319.010767862,-463954.44881885045,0.0
1682,13.46714,46.75,-6.0833282,2024-06-03 00:00:00,0.18839693,-0.087174326,4353319.010767862,-463954.44881885045,0.0
1862,15.81007,46.75,-6.0833282,2024-06-03 00:00:00,0.18604836,-0.08623544,4353319.010767862,-463954.44881885045,0.0
2042,18.49556,46.75,-6.0833282,2024-06-03 00:00:00,0.19568728,-0.08531169,4353319.010767862,-463954.44881885045,0.0
2222,21.59882,46.75,-6.0833282,2024-06-03 00:00:00,0.20316114,-0.10726993,4353319.010767862,-463954.44881885045,0.0
2402,25.21141,46.75,-6.0833282,2024-06-03 00:00:00,0.16653803,-0.14709069,4353319.010767862,-463954.44881885045,0.0
2582,29.44473,46.75,-6.0833282,2024-06-03 00:00:00,0.15005949,-0.13047796,4353319.010767862,-463954.44881885045,0.0
2762,34.43415,46.75,-6.0833282,2024-06-03 00:00:00,0.16352212,-0.111130066,4353319.010767862,-463954.44881885045,0.0
2942,40.34405,46.75,-6.0833282,2024-06-03 00:00:00,0.17901683,-0.09776517,4353319.010767862,-463954.44881885045,0.0
3122,47.37369,46.75,-6.0833282,2024-06-03 00:00:00,0.1853125,-0.097580165,4353319.010767862,-463954.44881885045,0.0
3302,55.76429,46.75,-6.0833282,2024-06-03 00:00:00,0.17861733,-0.104217514,4353319.010767862,-463954.44881885045,0.0
3482,65.80727,46.75,-6.0833282,2024-06-03 00:00:00,0.16267651,-0.10573551,4353319.010767862,-463954.44881885045,0.0
3662,77.85385,46.75,-6.0833282,2024-06-03 00:00:00,0.14533488,-0.10162434,4353319.010767862,-463954.44881885045,0.0
3842,92.32607,46.75,-6.0833282,2024-06-03 00:00:00,0.1320033,-0.09909493,4353319.010767862,-463954.44881885045,0.0
4022,109.7293,46.75,-6.0833282,2024-06-03 00:00:00,0.1300222,-0.103289604,4353319.010767862,-463954.44881885045,0.0
4202,130.666,46.75,-6.0833282,2024-06-03 00:00:00,0.1364129,-0.10468214,4353319.010767862,-463954.44881885045,0.0
4382,155.8507,46.75,-6.0833282,2024-06-03 00:00:00,0.12622264,-0.1044851,4353319.010767862,-463954.44881885045,0.0
4562,186.1256,46.75,-6.0833282,2024-06-03 00:00:00,0.11165994,-0.11075443,4353319.010767862,-463954.44881885045,0.0
4742,222.4752,46.75,-6.0833282,2024-06-03 00:00:00,0.09450345,-0.10651641,4353319.010767862,-463954.44881885045,0.0
4922,266.0403,46.75,-6.0833282,2024-06-03 00:00:00,0.07763243,-0.096947715,4353319.010767862,-463954.44881885045,0.0
5102,318.1274,46.75,-6.0833282,2024-06-03 00:00:00,0.06526443,-0.09451946,4353319.010767862,-463954.44881885045,0.0
5282,380.213,46.75,-6.0833282,2024-06-03 00:00:00,0.05497039,-0.093415424,4353319.010767862,-463954.44881885045,0.0
5462,453.9377,46.75,-6.0833282,2024-06-03 00:00:00,0.05066109,-0.09567444,4353319.010767862,-463954.44881885045,0.0
5642,541.0889,46.75,-6.0833282,2024-06-03 00:00:00,0.035136588,-0.09504423,4353319.010767862,-463954.44881885045,0.0
5822,643.5668,46.75,-6.0833282,2024-06-03 00:00:00,0.02734356,-0.10176462,4353319.010767862,-463954.44881885045,0.0
6002,763.3331,46.75,-6.0833282,2024-06-03 00:00:00,0.03122993,-0.10738433,4353319.010767862,-463954.44881885045,0.0
6182,902.3393,46.75,-6.0833282,2024-06-03 00:00:00,0.020998746,-0.110153824,4353319.010767862,-463954.44881885045,0.0
71,0.494025,46.75,-6.0,2024-06-03 00:00:00,0.14987004,-0.09323018,4353989.159796485,-457622.70099545474,0.0
251,1.541375,46.75,-6.0,2024-06-03 00:00:00,0.1536799,-0.08874774,4353989.159796485,-457622.70099545474,0.0
431,2.645669,46.75,-6.0,2024-06-03 00:00:00,0.15754758,-0.08460815,4353989.159796485,-457622.70099545474,0.0
611,3.819495,46.75,-6.0,2024-06-03 00:00:00,0.16122925,-0.08101484,4353989.159796485,-457622.70099545474,0.0
791,5.078224,46.75,-6.0,2024-06-03 00:00:00,0.16461381,-0.07801749,4353989.159796485,-457622.70099545474,0.0
971,6.440614,46.75,-6.0,2024-06-03 00:00:00,0.16765895,-0.07560739,4353989.159796485,-457622.70099545474,0.0
1151,7.92956,46.75,-6.0,2024-06-03 00:00:00,0.17047796,-0.07368766,4353989.159796485,-457622.70099545474,0.0
1331,9.572997,46.75,-6.0,2024-06-03 00:00:00,0.17392236,-0.07191767,4353989.159796485,-457622.70099545474,0.0
1511,11.405,46.75,-6.0,2024-06-03 00:00:00,0.19090432,-0.06863247,4353989.159796485,-457622.70099545474,0.0
1691,13.46714,46.75,-6.0,2024-06-03 00:00:00,0.18950455,-0.0969214,4353989.159796485,-457622.70099545474,0.0
1871,15.81007,46.75,-6.0,2024-06-03 00:00:00,0.18732119,-0.09390613,4353989.159796485,-457622.70099545474,0.0
2051,18.49556,46.75,-6.0,2024-06-03 00:00:00,0.19495022,-0.093877986,4353989.159796485,-457622.70099545474,0.0
2231,21.59882,46.75,-6.0,2024-06-03 00:00:00,0.19580586,-0.11155863,4353989.159796485,-457622.70099545474,0.0
2411,25.21141,46.75,-6.0,2024-06-03 00:00:00,0.15622246,-0.14462088,4353989.159796485,-457622.70099545474,0.0
2591,29.44473,46.75,-6.0,2024-06-03 00:00:00,0.14733544,-0.13445121,4353989.159796485,-457622.70099545474,0.0
2771,34.43415,46.75,-6.0,2024-06-03 00:00:00,0.16160013,-0.12033277,4353989.159796485,-457622.70099545474,0.0
2951,40.34405,46.75,-6.0,2024-06-03 00:00:00,0.17718975,-0.106063634,4353989.159796485,-457622.70099545474,0.0
3131,47.37369,46.75,-6.0,2024-06-03 00:00:00,0.18198141,-0.10310556,4353989.159796485,-457622.70099545474,0.0
3311,55.76429,46.75,-6.0,2024-06-03 00:00:00,0.1724202,-0.107734986,4353989.159796485,-457622.70099545474,0.0
3491,65.80727,46.75,-6.0,2024-06-03 00:00:00,0.15565763,-0.108690985,4353989.159796485,-457622.70099545474,0.0
3671,77.85385,46.75,-6.0,2024-06-03 00:00:00,0.14168096,-0.1075134,4353989.159796485,-457622.70099545474,0.0
3851,92.32607,46.75,-6.0,2024-06-03 00:00:00,0.13295113,-0.11026129,4353989.159796485,-457622.70099545474,0.0
4031,109.7293,46.75,-6.0,2024-06-03 00:00:00,0.13249604,-0.11651292,4353989.159796485,-457622.70099545474,0.0
4211,130.666,46.75,-6.0,2024-06-03 00:00:00,0.14205728,-0.119512044,4353989.159796485,-457622.70099545474,0.0
4391,155.8507,46.75,-6.0,2024-06-03 00:00:00,0.13552667,-0.12312983,4353989.159796485,-457622.70099545474,0.0
4571,186.1256,46.75,-6.0,2024-06-03 00:00:00,0.122261666,-0.12864953,4353989.159796485,-457622.70099545474,0.0
4751,222.4752,46.75,-6.0,2024-06-03 00:00:00,0.10995495,-0.12164863,4353989.159796485,-457622.70099545474,0.0
4931,266.0403,46.75,-6.0,2024-06-03 00:00:00,0.10320442,-0.11006165,4353989.159796485,-457622.70099545474,0.0
5111,318.1274,46.75,-6.0,2024-06-03 00:00:00,0.09132587,-0.105455995,4353989.159796485,-457622.70099545474,0.0
5291,380.213,46.75,-6.0,2024-06-03 00:00:00,0.07546262,-0.101920985,4353989.159796485,-457622.70099545474,0.0
5471,453.9377,46.75,-6.0,2024-06-03 00:00:00,0.07068359,-0.11063486,4353989.159796485,-457622.70099545474,0.0
5651,541.0889,46.75,-6.0,2024-06-03 00:00:00,0.046456683,-0.108829215,4353989.159796485,-457622.70099545474,0.0
5831,643.5668,46.75,-6.0,2024-06-03 00:00:00,0.032810338,-0.099973224,4353989.159796485,-457622.70099545474,0.0
6011,763.3331,46.75,-6.0,2024-06-03 00:00:00,0.039871976,-0.098949775,4353989.159796485,-457622.70099545474,0.0
6191,902.3393,46.75,-6.0,2024-06-03 00:00:00,0.02626389,-0.08810098,4353989.159796485,-457622.70099545474,0.0
80,0.494025,46.833336,-6.25,2024-06-03 00:00:00,0.06668873,-0.17120723,4345238.723142079,-475881.0361998027,0.0
260,1.541375,46.833336,-6.25,2024-06-03 00:00:00,0.070063084,-0.1668201,4345238.723142079,-475881.0361998027,0.0
440,2.645669,46.833336,-6.25,2024-06-03 00:00:00,0.07343422,-0.16271955,4345238.723142079,-475881.0361998027,0.0
620,3.819495,46.833336,-6.25,2024-06-03 00:00:00,0.07664333,-0.15906516,4345238.723142079,-475881.0361998027,0.0
800,5.078224,46.833336,-6.25,2024-06-03 00:00:00,0.07963456,-0.15588075,4345238.723142079,-475881.0361998027,0.0
980,6.440614,46.833336,-6.25,2024-06-03 00:00:00,0.08236678,-0.15317181,4345238.723142079,-475881.0361998027,0.0
1160,7.92956,46.833336,-6.25,2024-06-03 00:00:00,0.08484338,-0.15091328,4345238.723142079,-475881.0361998027,0.0
1340,9.572997,46.833336,-6.25,2024-06-03 00:00:00,0.08724561,-0.14896029,4345238.723142079,-475881.0361998027,0.0
1520,11.405,46.833336,-6.25,2024-06-03 00:00:00,0.09188471,-0.14575812,4345238.723142079,-475881.0361998027,0.0
1700,13.46714,46.833336,-6.25,2024-06-03 00:00:00,0.10325047,-0.16780168,4345238.723142079,-475881.0361998027,0.0
1880,15.81007,46.833336,-6.25,2024-06-03 00:00:00,0.103319705,-0.16345671,4345238.723142079,-475881.0361998027,0.0
2060,18.49556,46.833336,-6.25,2024-06-03 00:00:00,0.11321053,-0.16830705,4345238.723142079,-475881.0361998027,0.0
2240,21.59882,46.833336,-6.25,2024-06-03 00:00:00,0.10821089,-0.19095412,4345238.723142079,-475881.0361998027,0.0
2420,25.21141,46.833336,-6.25,2024-06-03 00:00:00,0.07935445,-0.199021,4345238.723142079,-475881.0361998027,0.0
2600,29.44473,46.833336,-6.25,2024-06-03 00:00:00,0.084503815,-0.17974913,4345238.723142079,-475881.0361998027,0.0
2780,34.43415,46.833336,-6.25,2024-06-03 00:00:00,0.11572599,-0.160232,4345238.723142079,-475881.0361998027,0.0
2960,40.34405,46.833336,-6.25,2024-06-03 00:00:00,0.14983876,-0.15164754,4345238.723142079,-475881.0361998027,0.0
3140,47.37369,46.833336,-6.25,2024-06-03 00:00:00,0.16059427,-0.15808819,4345238.723142079,-475881.0361998027,0.0
3320,55.76429,46.833336,-6.25,2024-06-03 00:00:00,0.14770503,-0.16922368,4345238.723142079,-475881.0361998027,0.0
3500,65.80727,46.833336,-6.25,2024-06-03 00:00:00,0.12465871,-0.17412193,4345238.723142079,-475881.0361998027,0.0
3680,77.85385,46.833336,-6.25,2024-06-03 00:00:00,0.107667714,-0.16667216,4345238.723142079,-475881.0361998027,0.0
3860,92.32607,46.833336,-6.25,2024-06-03 00:00:00,0.11011416,-0.1594225,4345238.723142079,-475881.0361998027,0.0
4040,109.7293,46.833336,-6.25,2024-06-03 00:00:00,0.12367578,-0.15997961,4345238.723142079,-475881.0361998027,0.0
4220,130.666,46.833336,-6.25,2024-06-03 00:00:00,0.13468498,-0.15132548,4345238.723142079,-475881.0361998027,0.0
4400,155.8507,46.833336,-6.25,2024-06-03 00:00:00,0.12795715,-0.13872264,4345238.723142079,-475881.0361998027,0.0
4580,186.1256,46.833336,-6.25,2024-06-03 00:00:00,0.11612563,-0.13780272,4345238.723142079,-475881.0361998027,0.0
4760,222.4752,46.833336,-6.25,2024-06-03 00:00:00,0.1013235,-0.13545802,4345238.723142079,-475881.0361998027,0.0
4940,266.0403,46.833336,-6.25,2024-06-03 00:00:00,0.082810536,-0.13308918,4345238.723142079,-475881.0361998027,0.0
5120,318.1274,46.833336,-6.25,2024-06-03 00:00:00,0.070650205,-0.12296408,4345238.723142079,-475881.0361998027,0.0
5300,380.213,46.833336,-6.25,2024-06-03 00:00:00,0.06767168,-0.10721354,4345238.723142079,-475881.0361998027,0.0
5480,453.9377,46.833336,-6.25,2024-06-03 00:00:00,0.05986778,-0.0984174,4345238.723142079,-475881.0361998027,0.0
5660,541.0889,46.833336,-6.25,2024-06-03 00:00:00,0.04856125,-0.09115042,4345238.723142079,-475881.0361998027,0.0
5840,643.5668,46.833336,-6.25,2024-06-03 00:00:00,0.069182366,-0.07709999,4345238.723142079,-475881.0361998027,0.0
6020,763.3331,46.833336,-6.25,2024-06-03 00:00:00,0.07460511,-0.076945245,4345238.723142079,-475881.0361998027,0.0
6200,902.3393,46.833336,-6.25,2024-06-03 00:00:00,0.060561832,-0.11688647,4345238.723142079,-475881.0361998027,0.0
89,0.494025,46.833336,-6.1666565,2024-06-03 00:00:00,0.07200234,-0.13492939,4345926.351221016,-469559.8699535443,0.0
269,1.541375,46.833336,-6.1666565,2024-06-03 00:00:00,0.07557513,-0.13058417,4345926.351221016,-469559.8699535443,0.0
449,2.645669,46.833336,-6.1666565,2024-06-03 00:00:00,0.07917816,-0.12650014,4345926.351221016,-469559.8699535443,0.0
629,3.819495,46.833336,-6.1666565,2024-06-03 00:00:00,0.08265172,-0.122824974,4345926.351221016,-469559.8699535443,0.0
809,5.078224,46.833336,-6.1666565,2024-06-03 00:00:00,0.0859161,-0.11960162,4345926.351221016,-469559.8699535443,0.0
989,6.440614,46.833336,-6.1666565,2024-06-03 00:00:00,0.08889069,-0.116873644,4345926.351221016,-469559.8699535443,0.0
1169,7.92956,46.833336,-6.1666565,2024-06-03 00:00:00,0.09155543,-0.114648744,4345926.351221016,-469559.8699535443,0.0
1349,9.572997,46.833336,-6.1666565,2024-06-03 00:00:00,0.094055824,-0.11286674,4345926.351221016,-469559.8699535443,0.0
1529,11.405,46.833336,-6.1666565,2024-06-03 00:00:00,0.09769221,-0.111073494,4345926.351221016,-469559.8699535443,0.0
1709,13.46714,46.833336,-6.1666565,2024-06-03 00:00:00,0.11749472,-0.13119172,4345926.351221016,-469559.8699535443,0.0
1889,15.81007,46.833336,-6.1666565,2024-06-03 00:00:00,0.11589217,-0.13363977,4345926.351221016,-469559.8699535443,0.0
2069,18.49556,46.833336,-6.1666565,2024-06-03 00:00:00,0.123133376,-0.1368258,4345926.351221016,-469559.8699535443,0.0
2249,21.59882,46.833336,-6.1666565,2024-06-03 00:00:00,0.12409119,-0.15367948,4345926.351221016,-469559.8699535443,0.0
2429,25.21141,46.833336,-6.1666565,2024-06-03 00:00:00,0.08963748,-0.16229764,4345926.351221016,-469559.8699535443,0.0
2609,29.44473,46.833336,-6.1666565,2024-06-03 00:00:00,0.08983496,-0.14397062,4345926.351221016,-469559.8699535443,0.0
2789,34.43415,46.833336,-6.1666565,2024-06-03 00:00:00,0.120850995,-0.11852223,4345926.351221016,-469559.8699535443,0.0
2969,40.34405,46.833336,-6.1666565,2024-06-03 00:00:00,0.15875296,-0.10338009,4345926.351221016,-469559.8699535443,0.0
3149,47.37369,46.833336,-6.1666565,2024-06-03 00:00:00,0.17330407,-0.107050024,4345926.351221016,-469559.8699535443,0.0
3329,55.76429,46.833336,-6.1666565,2024-06-03 00:00:00,0.16245653,-0.119653806,4345926.351221016,-469559.8699535443,0.0
3509,65.80727,46.833336,-6.1666565,2024-06-03 00:00:00,0.14304534,-0.12620558,4345926.351221016,-469559.8699535443,0.0
3689,77.85385,46.833336,-6.1666565,2024-06-03 00:00:00,0.1320706,-0.121434666,4345926.351221016,-469559.8699535443,0.0
3869,92.32607,46.833336,-6.1666565,2024-06-03 00:00:00,0.13600704,-0.12043989,4345926.351221016,-469559.8699535443,0.0
4049,109.7293,46.833336,-6.1666565,2024-06-03 00:00:00,0.14721613,-0.12746988,4345926.351221016,-469559.8699535443,0.0
4229,130.666,46.833336,-6.1666565,2024-06-03 00:00:00,0.15870637,-0.12671356,4345926.351221016,-469559.8699535443,0.0
4409,155.8507,46.833336,-6.1666565,2024-06-03 00:00:00,0.1476221,-0.124396,4345926.351221016,-469559.8699535443,0.0
4589,186.1256,46.833336,-6.1666565,2024-06-03 00:00:00,0.13297664,-0.13122782,4345926.351221016,-469559.8699535443,0.0
4769,222.4752,46.833336,-6.1666565,2024-06-03 00:00:00,0.115815185,-0.13030434,4345926.351221016,-469559.8699535443,0.0
4949,266.0403,46.833336,-6.1666565,2024-06-03 00:00:00,0.096533716,-0.12583758,4345926.351221016,-469559.8699535443,0.0
5129,318.1274,46.833336,-6.1666565,2024-06-03 00:00:00,0.087851785,-0.119790524,4345926.351221016,-469559.8699535443,0.0
5309,380.213,46.833336,-6.1666565,2024-06-03 00:00:00,0.07640356,-0.10957725,4345926.351221016,-469559.8699535443,0.0
5489,453.9377,46.833336,-6.1666565,2024-06-03 00:00:00,0.07290222,-0.10684634,4345926.351221016,-469559.8699535443,0.0
5669,541.0889,46.833336,-6.1666565,2024-06-03 00:00:00,0.06818706,-0.10614006,4345926.351221016,-469559.8699535443,0.0
5849,643.5668,46.833336,-6.1666565,2024-06-03 00:00:00,0.072494045,-0.101817094,4345926.351221016,-469559.8699535443,0.0
6029,763.3331,46.833336,-6.1666565,2024-06-03 00:00:00,0.079798356,-0.10340661,4345926.351221016,-469559.8699535443,0.0
6209,902.3393,46.833336,-6.1666565,2024-06-03 00:00:00,0.05257313,-0.1299842,4345926.351221016,-469559.8699535443,0.0
98,0.494025,46.833336,-6.0833282,2024-06-03 00:00:00,0.059563406,-0.09783858,4346604.66032198,-463238.86772943556,0.0
278,1.541375,46.833336,-6.0833282,2024-06-03 00:00:00,0.06330201,-0.09357675,4346604.66032198,-463238.86772943556,0.0
458,2.645669,46.833336,-6.0833282,2024-06-03 00:00:00,0.06710064,-0.08955201,4346604.66032198,-463238.86772943556,0.0
638,3.819495,46.833336,-6.0833282,2024-06-03 00:00:00,0.07080574,-0.085901186,4346604.66032198,-463238.86772943556,0.0
818,5.078224,46.833336,-6.0833282,2024-06-03 00:00:00,0.0743283,-0.08269556,4346604.66032198,-463238.86772943556,0.0
998,6.440614,46.833336,-6.0833282,2024-06-03 00:00:00,0.07758125,-0.08000667,4346604.66032198,-463238.86772943556,0.0
1178,7.92956,46.833336,-6.0833282,2024-06-03 00:00:00,0.08060681,-0.07783297,4346604.66032198,-463238.86772943556,0.0
1358,9.572997,46.833336,-6.0833282,2024-06-03 00:00:00,0.08401784,-0.076037124,4346604.66032198,-463238.86772943556,0.0
1538,11.405,46.833336,-6.0833282,2024-06-03 00:00:00,0.09534737,-0.07382427,4346604.66032198,-463238.86772943556,0.0
1718,13.46714,46.833336,-6.0833282,2024-06-03 00:00:00,0.111894734,-0.10250367,4346604.66032198,-463238.86772943556,0.0
1898,15.81007,46.833336,-6.0833282,2024-06-03 00:00:00,0.10737714,-0.10725939,4346604.66032198,-463238.86772943556,0.0
2078,18.49556,46.833336,-6.0833282,2024-06-03 00:00:00,0.11288567,-0.10808189,4346604.66032198,-463238.86772943556,0.0
2258,21.59882,46.833336,-6.0833282,2024-06-03 00:00:00,0.11265671,-0.11466794,4346604.66032198,-463238.86772943556,0.0
2438,25.21141,46.833336,-6.0833282,2024-06-03 00:00:00,0.07806208,-0.12788562,4346604.66032198,-463238.86772943556,0.0
2618,29.44473,46.833336,-6.0833282,2024-06-03 00:00:00,0.082122006,-0.11955366,4346604.66032198,-463238.86772943556,0.0
2798,34.43415,46.833336,-6.0833282,2024-06-03 00:00:00,0.11309323,-0.100253426,4346604.66032198,-463238.86772943556,0.0
2978,40.34405,46.833336,-6.0833282,2024-06-03 00:00:00,0.14603041,-0.086478144,4346604.66032198,-463238.86772943556,0.0
3158,47.37369,46.833336,-6.0833282,2024-06-03 00:00:00,0.15780507,-0.08776444,4346604.66032198,-463238.86772943556,0.0
3338,55.76429,46.833336,-6.0833282,2024-06-03 00:00:00,0.1504323,-0.09830028,4346604.66032198,-463238.86772943556,0.0
3518,65.80727,46.833336,-6.0833282,2024-06-03 00:00:00,0.13836434,-0.10354991,4346604.66032198,-463238.86772943556,0.0
3698,77.85385,46.833336,-6.0833282,2024-06-03 00:00:00,0.13408323,-0.100141026,4346604.66032198,-463238.86772943556,0.0
3878,92.32607,46.833336,-6.0833282,2024-06-03 00:00:00,0.14070687,-0.103199154,4346604.66032198,-463238.86772943556,0.0
4058,109.7293,46.833336,-6.0833282,2024-06-03 00:00:00,0.14910346,-0.110065065,4346604.66032198,-463238.86772943556,0.0
4238,130.666,46.833336,-6.0833282,2024-06-03 00:00:00,0.1581524,-0.11042283,4346604.66032198,-463238.86772943556,0.0
4418,155.8507,46.833336,-6.0833282,2024-06-03 00:00:00,0.14511934,-0.11598986,4346604.66032198,-463238.86772943556,0.0
4598,186.1256,46.833336,-6.0833282,2024-06-03 00:00:00,0.12865897,-0.12725914,4346604.66032198,-463238.86772943556,0.0
4778,222.4752,46.833336,-6.0833282,2024-06-03 00:00:00,0.11643551,-0.12927255,4346604.66032198,-463238.86772943556,0.0
4958,266.0403,46.833336,-6.0833282,2024-06-03 00:00:00,0.11117358,-0.12506455,4346604.66032198,-463238.86772943556,0.0
5138,318.1274,46.833336,-6.0833282,2024-06-03 00:00:00,0.103068925,-0.11800596,4346604.66032198,-463238.86772943556,0.0
5318,380.213,46.833336,-6.0833282,2024-06-03 00:00:00,0.08626,-0.11290933,4346604.66032198,-463238.86772943556,0.0
5498,453.9377,46.833336,-6.0833282,2024-06-03 00:00:00,0.08592004,-0.11461147,4346604.66032198,-463238.86772943556,0.0
5678,541.0889,46.833336,-6.0833282,2024-06-03 00:00:00,0.08032969,-0.10975603,4346604.66032198,-463238.86772943556,0.0
5858,643.5668,46.833336,-6.0833282,2024-06-03 00:00:00,0.06719094,-0.09820404,4346604.66032198,-463238.86772943556,0.0
6038,763.3331,46.833336,-6.0833282,2024-06-03 00:00:00,0.06980149,-0.10628635,4346604.66032198,-463238.86772943556,0.0
6218,902.3393,46.833336,-6.0833282,2024-06-03 00:00:00,0.056091394,-0.11389025,4346604.66032198,-463238.86772943556,0.0
107,0.494025,46.833336,-6.0,2024-06-03 00:00:00,0.031762265,-0.07224508,4347273.775744883,-456916.88569019584,0.0
287,1.541375,46.833336,-6.0,2024-06-03 00:00:00,0.035627857,-0.06811668,4347273.775744883,-456916.88569019584,0.0
467,2.645669,46.833336,-6.0,2024-06-03 00:00:00,0.039564963,-0.06422118,4347273.775744883,-456916.88569019584,0.0
647,3.819495,46.833336,-6.0,2024-06-03 00:00:00,0.04342331,-0.060679674,4347273.775744883,-456916.88569019584,0.0
827,5.078224,46.833336,-6.0,2024-06-03 00:00:00,0.04712496,-0.05755663,4347273.775744883,-456916.88569019584,0.0
1007,6.440614,46.833336,-6.0,2024-06-03 00:00:00,0.050599772,-0.054922096,4347273.775744883,-456916.88569019584,0.0
1187,7.92956,46.833336,-6.0,2024-06-03 00:00:00,0.053965442,-0.052757718,4347273.775744883,-456916.88569019584,0.0
1367,9.572997,46.833336,-6.0,2024-06-03 00:00:00,0.058631424,-0.05072087,4347273.775744883,-456916.88569019584,0.0
1547,11.405,46.833336,-6.0,2024-06-03 00:00:00,0.08165987,-0.047825214,4347273.775744883,-456916.88569019584,0.0
1727,13.46714,46.833336,-6.0,2024-06-03 00:00:00,0.08574804,-0.083864525,4347273.775744883,-456916.88569019584,0.0
1907,15.81007,46.833336,-6.0,2024-06-03 00:00:00,0.0810536,-0.08354957,4347273.775744883,-456916.88569019584,0.0
2087,18.49556,46.833336,-6.0,2024-06-03 00:00:00,0.090336055,-0.084683254,4347273.775744883,-456916.88569019584,0.0
2267,21.59882,46.833336,-6.0,2024-06-03 00:00:00,0.09621183,-0.09760117,4347273.775744883,-456916.88569019584,0.0
2447,25.21141,46.833336,-6.0,2024-06-03 00:00:00,0.05571875,-0.11446196,4347273.775744883,-456916.88569019584,0.0
2627,29.44473,46.833336,-6.0,2024-06-03 00:00:00,0.059702452,-0.10706179,4347273.775744883,-456916.88569019584,0.0
2807,34.43415,46.833336,-6.0,2024-06-03 00:00:00,0.09344271,-0.094369516,4347273.775744883,-456916.88569019584,0.0
2987,40.34405,46.833336,-6.0,2024-06-03 00:00:00,0.12413953,-0.08720823,4347273.775744883,-456916.88569019584,0.0
3167,47.37369,46.833336,-6.0,2024-06-03 00:00:00,0.13305596,-0.09123099,4347273.775744883,-456916.88569019584,0.0
3347,55.76429,46.833336,-6.0,2024-06-03 00:00:00,0.12749524,-0.09954474,4347273.775744883,-456916.88569019584,0.0
3527,65.80727,46.833336,-6.0,2024-06-03 00:00:00,0.1232196,-0.10180655,4347273.775744883,-456916.88569019584,0.0
3707,77.85385,46.833336,-6.0,2024-06-03 00:00:00,0.12639202,-0.09778772,4347273.775744883,-456916.88569019584,0.0
3887,92.32607,46.833336,-6.0,2024-06-03 00:00:00,0.13424402,-0.10197709,4347273.775744883,-456916.88569019584,0.0
4067,109.7293,46.833336,-6.0,2024-06-03 00:00:00,0.13726543,-0.107924424,4347273.775744883,-456916.88569019584,0.0
4247,130.666,46.833336,-6.0,2024-06-03 00:00:00,0.14067757,-0.10899497,4347273.775744883,-456916.88569019584,0.0
4427,155.8507,46.833336,-6.0,2024-06-03 00:00:00,0.1271878,-0.11852242,4347273.775744883,-456916.88569019584,0.0
4607,186.1256,46.833336,-6.0,2024-06-03 00:00:00,0.11111939,-0.12858252,4347273.775744883,-456916.88569019584,0.0
4787,222.4752,46.833336,-6.0,2024-06-03 00:00:00,0.10735089,-0.12523293,4347273.775744883,-456916.88569019584,0.0
4967,266.0403,46.833336,-6.0,2024-06-03 00:00:00,0.10902269,-0.11717124,4347273.775744883,-456916.88569019584,0.0
5147,318.1274,46.833336,-6.0,2024-06-03 00:00:00,0.110156804,-0.111783855,4347273.775744883,-456916.88569019584,0.0
5327,380.213,46.833336,-6.0,2024-06-03 00:00:00,0.09940613,-0.11635643,4347273.775744883,-456916.88569019584,0.0
5507,453.9377,46.833336,-6.0,2024-06-03 00:00:00,0.09418644,-0.12380798,4347273.775744883,-456916.88569019584,0.0
5687,541.0889,46.833336,-6.0,2024-06-03 00:00:00,0.079273626,-0.1109075,4347273.775744883,-456916.88569019584,0.0
5867,643.5668,46.833336,-6.0,2024-06-03 00:00:00,0.060321722,-0.092673615,4347273.775744883,-456916.88569019584,0.0
6047,763.3331,46.833336,-6.0,2024-06-03 00:00:00,0.05901321,-0.082543135,4347273.775744883,-456916.88569019584,0.0
6227,902.3393,46.833336,-6.0,2024-06-03 00:00:00,0.047358297,-0.09304387,4347273.775744883,-456916.88569019584,0.0
116,0.494025,46.91667,-6.25,2024-06-03 00:00:00,0.0761983,-0.1774332,4338517.220887722,-475144.9119816816,0.0
296,1.541375,46.91667,-6.25,2024-06-03 00:00:00,0.07961591,-0.1733588,4338517.220887722,-475144.9119816816,0.0
476,2.645669,46.91667,-6.25,2024-06-03 00:00:00,0.08302687,-0.169566,4338517.220887722,-475144.9119816816,0.0
656,3.819495,46.91667,-6.25,2024-06-03 00:00:00,0.08632214,-0.16614364,4338517.220887722,-475144.9119816816,0.0
836,5.078224,46.91667,-6.25,2024-06-03 00:00:00,0.089460745,-0.16310696,4338517.220887722,-475144.9119816816,0.0
1016,6.440614,46.91667,-6.25,2024-06-03 00:00:00,0.09238666,-0.16049682,4338517.220887722,-475144.9119816816,0.0
1196,7.92956,46.91667,-6.25,2024-06-03 00:00:00,0.09509718,-0.15832932,4338517.220887722,-475144.9119816816,0.0
1376,9.572997,46.91667,-6.25,2024-06-03 00:00:00,0.09802668,-0.15644409,4338517.220887722,-475144.9119816816,0.0
1556,11.405,46.91667,-6.25,2024-06-03 00:00:00,0.10689136,-0.15376647,4338517.220887722,-475144.9119816816,0.0
1736,13.46714,46.91667,-6.25,2024-06-03 00:00:00,0.11775868,-0.17467833,4338517.220887722,-475144.9119816816,0.0
1916,15.81007,46.91667,-6.25,2024-06-03 00:00:00,0.113145284,-0.1702957,4338517.220887722,-475144.9119816816,0.0
2096,18.49556,46.91667,-6.25,2024-06-03 00:00:00,0.11962581,-0.18267153,4338517.220887722,-475144.9119816816,0.0
2276,21.59882,46.91667,-6.25,2024-06-03 00:00:00,0.10917102,-0.20521802,4338517.220887722,-475144.9119816816,0.0
2456,25.21141,46.91667,-6.25,2024-06-03 00:00:00,0.084878966,-0.21081667,4338517.220887722,-475144.9119816816,0.0
2636,29.44473,46.91667,-6.25,2024-06-03 00:00:00,0.098443754,-0.19946195,4338517.220887722,-475144.9119816816,0.0
2816,34.43415,46.91667,-6.25,2024-06-03 00:00:00,0.13629206,-0.19107673,4338517.220887722,-475144.9119816816,0.0
2996,40.34405,46.91667,-6.25,2024-06-03 00:00:00,0.17279974,-0.18605311,4338517.220887722,-475144.9119816816,0.0
3176,47.37369,46.91667,-6.25,2024-06-03 00:00:00,0.18679233,-0.18523858,4338517.220887722,-475144.9119816816,0.0
3356,55.76429,46.91667,-6.25,2024-06-03 00:00:00,0.17632084,-0.18228258,4338517.220887722,-475144.9119816816,0.0
3536,65.80727,46.91667,-6.25,2024-06-03 00:00:00,0.15608822,-0.17785342,4338517.220887722,-475144.9119816816,0.0
3716,77.85385,46.91667,-6.25,2024-06-03 00:00:00,0.13753827,-0.17195027,4338517.220887722,-475144.9119816816,0.0
3896,92.32607,46.91667,-6.25,2024-06-03 00:00:00,0.13108207,-0.17486663,4338517.220887722,-475144.9119816816,0.0
4076,109.7293,46.91667,-6.25,2024-06-03 00:00:00,0.13322729,-0.18458737,4338517.220887722,-475144.9119816816,0.0
4256,130.666,46.91667,-6.25,2024-06-03 00:00:00,0.13687845,-0.17612651,4338517.220887722,-475144.9119816816,0.0
4436,155.8507,46.91667,-6.25,2024-06-03 00:00:00,0.12815,-0.16518308,4338517.220887722,-475144.9119816816,0.0
4616,186.1256,46.91667,-6.25,2024-06-03 00:00:00,0.11740386,-0.15981048,4338517.220887722,-475144.9119816816,0.0
4796,222.4752,46.91667,-6.25,2024-06-03 00:00:00,0.10291655,-0.15246707,4338517.220887722,-475144.9119816816,0.0
4976,266.0403,46.91667,-6.25,2024-06-03 00:00:00,0.08791458,-0.14689846,4338517.220887722,-475144.9119816816,0.0
5156,318.1274,46.91667,-6.25,2024-06-03 00:00:00,0.08772992,-0.1375017,4338517.220887722,-475144.9119816816,0.0
5336,380.213,46.91667,-6.25,2024-06-03 00:00:00,0.08841817,-0.13047643,4338517.220887722,-475144.9119816816,0.0
5516,453.9377,46.91667,-6.25,2024-06-03 00:00:00,0.08582815,-0.11595768,4338517.220887722,-475144.9119816816,0.0
5696,541.0889,46.91667,-6.25,2024-06-03 00:00:00,0.0831469,-0.108396746,4338517.220887722,-475144.9119816816,0.0
5876,643.5668,46.91667,-6.25,2024-06-03 00:00:00,0.09165455,-0.09458255,4338517.220887722,-475144.9119816816,0.0
6056,763.3331,46.91667,-6.25,2024-06-03 00:00:00,0.10417925,-0.08901251,4338517.220887722,-475144.9119816816,0.0
6236,902.3393,46.91667,-6.25,2024-06-03 00:00:00,0.1197346,-0.11945785,4338517.220887722,-475144.9119816816,0.0
125,0.494025,46.91667,-6.1666565,2024-06-03 00:00:00,0.044559937,-0.10756242,4339203.78529813,-468833.52373287774,0.0
305,1.541375,46.91667,-6.1666565,2024-06-03 00:00:00,0.048125133,-0.1035557,4339203.78529813,-468833.52373287774,0.0
485,2.645669,46.91667,-6.1666565,2024-06-03 00:00:00,0.051721282,-0.09977522,4339203.78529813,-468833.52373287774,0.0
665,3.819495,46.91667,-6.1666565,2024-06-03 00:00:00,0.055251896,-0.096298754,4339203.78529813,-468833.52373287774,0.0
845,5.078224,46.91667,-6.1666565,2024-06-03 00:00:00,0.05864588,-0.09318064,4339203.78529813,-468833.52373287774,0.0
1025,6.440614,46.91667,-6.1666565,2024-06-03 00:00:00,0.06178747,-0.09052069,4339203.78529813,-468833.52373287774,0.0
1205,7.92956,46.91667,-6.1666565,2024-06-03 00:00:00,0.06459795,-0.08839448,4339203.78529813,-468833.52373287774,0.0
1385,9.572997,46.91667,-6.1666565,2024-06-03 00:00:00,0.06720221,-0.08680402,4339203.78529813,-468833.52373287774,0.0
1565,11.405,46.91667,-6.1666565,2024-06-03 00:00:00,0.071634404,-0.08551343,4339203.78529813,-468833.52373287774,0.0
1745,13.46714,46.91667,-6.1666565,2024-06-03 00:00:00,0.09182909,-0.10273898,4339203.78529813,-468833.52373287774,0.0
1925,15.81007,46.91667,-6.1666565,2024-06-03 00:00:00,0.08307882,-0.11283392,4339203.78529813,-468833.52373287774,0.0
2105,18.49556,46.91667,-6.1666565,2024-06-03 00:00:00,0.0864658,-0.120274685,4339203.78529813,-468833.52373287774,0.0
2285,21.59882,46.91667,-6.1666565,2024-06-03 00:00:00,0.082205355,-0.13682191,4339203.78529813,-468833.52373287774,0.0
2465,25.21141,46.91667,-6.1666565,2024-06-03 00:00:00,0.052781586,-0.13575645,4339203.78529813,-468833.52373287774,0.0
2645,29.44473,46.91667,-6.1666565,2024-06-03 00:00:00,0.058303315,-0.1236826,4339203.78529813,-468833.52373287774,0.0
2825,34.43415,46.91667,-6.1666565,2024-06-03 00:00:00,0.094556026,-0.10772301,4339203.78529813,-468833.52373287774,0.0
3005,40.34405,46.91667,-6.1666565,2024-06-03 00:00:00,0.13657904,-0.09388185,4339203.78529813,-468833.52373287774,0.0
3185,47.37369,46.91667,-6.1666565,2024-06-03 00:00:00,0.15677136,-0.09190047,4339203.78529813,-468833.52373287774,0.0
3365,55.76429,46.91667,-6.1666565,2024-06-03 00:00:00,0.1483929,-0.093403086,4339203.78529813,-468833.52373287774,0.0
3545,65.80727,46.91667,-6.1666565,2024-06-03 00:00:00,0.13042669,-0.09355525,4339203.78529813,-468833.52373287774,0.0
3725,77.85385,46.91667,-6.1666565,2024-06-03 00:00:00,0.11707437,-0.09212075,4339203.78529813,-468833.52373287774,0.0
3905,92.32607,46.91667,-6.1666565,2024-06-03 00:00:00,0.11823132,-0.106038064,4339203.78529813,-468833.52373287774,0.0
4085,109.7293,46.91667,-6.1666565,2024-06-03 00:00:00,0.12283408,-0.129797,4339203.78529813,-468833.52373287774,0.0
4265,130.666,46.91667,-6.1666565,2024-06-03 00:00:00,0.12962969,-0.13314086,4339203.78529813,-468833.52373287774,0.0
4445,155.8507,46.91667,-6.1666565,2024-06-03 00:00:00,0.11993695,-0.13721955,4339203.78529813,-468833.52373287774,0.0
4625,186.1256,46.91667,-6.1666565,2024-06-03 00:00:00,0.10675585,-0.14626844,4339203.78529813,-468833.52373287774,0.0
4805,222.4752,46.91667,-6.1666565,2024-06-03 00:00:00,0.09813336,-0.14307785,4339203.78529813,-468833.52373287774,0.0
4985,266.0403,46.91667,-6.1666565,2024-06-03 00:00:00,0.089601345,-0.13983978,4339203.78529813,-468833.52373287774,0.0
5165,318.1274,46.91667,-6.1666565,2024-06-03 00:00:00,0.0929271,-0.13043104,4339203.78529813,-468833.52373287774,0.0
5345,380.213,46.91667,-6.1666565,2024-06-03 00:00:00,0.09343002,-0.121080086,4339203.78529813,-468833.52373287774,0.0
5525,453.9377,46.91667,-6.1666565,2024-06-03 00:00:00,0.093423575,-0.11307582,4339203.78529813,-468833.52373287774,0.0
5705,541.0889,46.91667,-6.1666565,2024-06-03 00:00:00,0.09168327,-0.10691799,4339203.78529813,-468833.52373287774,0.0
5885,643.5668,46.91667,-6.1666565,2024-06-03 00:00:00,0.092721984,-0.09704668,4339203.78529813,-468833.52373287774,0.0
6065,763.3331,46.91667,-6.1666565,2024-06-03 00:00:00,0.100747615,-0.099915996,4339203.78529813,-468833.52373287774,0.0
6245,902.3393,46.91667,-6.1666565,2024-06-03 00:00:00,0.10890665,-0.12514085,4339203.78529813,-468833.52373287774,0.0
134,0.494025,46.91667,-6.0833282,2024-06-03 00:00:00,0.016608214,-0.047215544,4339881.045145775,-462522.2992525033,0.0
314,1.541375,46.91667,-6.0833282,2024-06-03 00:00:00,0.020300608,-0.043376237,4339881.045145775,-462522.2992525033,0.0
494,2.645669,46.91667,-6.0833282,2024-06-03 00:00:00,0.024043147,-0.03971042,4339881.045145775,-462522.2992525033,0.0
674,3.819495,46.91667,-6.0833282,2024-06-03 00:00:00,0.027761277,-0.03628022,4339881.045145775,-462522.2992525033,0.0
854,5.078224,46.91667,-6.0833282,2024-06-03 00:00:00,0.031370983,-0.033172775,4339881.045145775,-462522.2992525033,0.0
1034,6.440614,46.91667,-6.0833282,2024-06-03 00:00:00,0.03472987,-0.03052632,4339881.045145775,-462522.2992525033,0.0
1214,7.92956,46.91667,-6.0833282,2024-06-03 00:00:00,0.037745487,-0.028435055,4339881.045145775,-462522.2992525033,0.0
1394,9.572997,46.91667,-6.0833282,2024-06-03 00:00:00,0.040599465,-0.0268782,4339881.045145775,-462522.2992525033,0.0
1574,11.405,46.91667,-6.0833282,2024-06-03 00:00:00,0.04735334,-0.025274655,4339881.045145775,-462522.2992525033,0.0
1754,13.46714,46.91667,-6.0833282,2024-06-03 00:00:00,0.065065965,-0.053679384,4339881.045145775,-462522.2992525033,0.0
1934,15.81007,46.91667,-6.0833282,2024-06-03 00:00:00,0.054771833,-0.069105946,4339881.045145775,-462522.2992525033,0.0
2114,18.49556,46.91667,-6.0833282,2024-06-03 00:00:00,0.05722318,-0.072500706,4339881.045145775,-462522.2992525033,0.0
2294,21.59882,46.91667,-6.0833282,2024-06-03 00:00:00,0.05386554,-0.07796171,4339881.045145775,-462522.2992525033,0.0
2474,25.21141,46.91667,-6.0833282,2024-06-03 00:00:00,0.027166491,-0.08426039,4339881.045145775,-462522.2992525033,0.0
2654,29.44473,46.91667,-6.0833282,2024-06-03 00:00:00,0.030603208,-0.082678385,4339881.045145775,-462522.2992525033,0.0
2834,34.43415,46.91667,-6.0833282,2024-06-03 00:00:00,0.0585362,-0.0702029,4339881.045145775,-462522.2992525033,0.0
3014,40.34405,46.91667,-6.0833282,2024-06-03 00:00:00,0.089356475,-0.05549875,4339881.045145775,-462522.2992525033,0.0
3194,47.37369,46.91667,-6.0833282,2024-06-03 00:00:00,0.103546284,-0.05505818,4339881.045145775,-462522.2992525033,0.0
3374,55.76429,46.91667,-6.0833282,2024-06-03 00:00:00,0.09793768,-0.06040984,4339881.045145775,-462522.2992525033,0.0
3554,65.80727,46.91667,-6.0833282,2024-06-03 00:00:00,0.08888626,-0.063989125,4339881.045145775,-462522.2992525033,0.0
3734,77.85385,46.91667,-6.0833282,2024-06-03 00:00:00,0.085335344,-0.06494894,4339881.045145775,-462522.2992525033,0.0
3914,92.32607,46.91667,-6.0833282,2024-06-03 00:00:00,0.092545,-0.079212315,4339881.045145775,-462522.2992525033,0.0
4094,109.7293,46.91667,-6.0833282,2024-06-03 00:00:00,0.095409684,-0.10041849,4339881.045145775,-462522.2992525033,0.0
4274,130.666,46.91667,-6.0833282,2024-06-03 00:00:00,0.10403057,-0.105113685,4339881.045145775,-462522.2992525033,0.0
4454,155.8507,46.91667,-6.0833282,2024-06-03 00:00:00,0.09954846,-0.113435484,4339881.045145775,-462522.2992525033,0.0
4634,186.1256,46.91667,-6.0833282,2024-06-03 00:00:00,0.087577835,-0.12788272,4339881.045145775,-462522.2992525033,0.0
4814,222.4752,46.91667,-6.0833282,2024-06-03 00:00:00,0.08351781,-0.1249997,4339881.045145775,-462522.2992525033,0.0
4994,266.0403,46.91667,-6.0833282,2024-06-03 00:00:00,0.08513298,-0.12031157,4339881.045145775,-462522.2992525033,0.0
5174,318.1274,46.91667,-6.0833282,2024-06-03 00:00:00,0.09091918,-0.11419373,4339881.045145775,-462522.2992525033,0.0
5354,380.213,46.91667,-6.0833282,2024-06-03 00:00:00,0.09766783,-0.11575382,4339881.045145775,-462522.2992525033,0.0
5534,453.9377,46.91667,-6.0833282,2024-06-03 00:00:00,0.09900586,-0.111389555,4339881.045145775,-462522.2992525033,0.0
5714,541.0889,46.91667,-6.0833282,2024-06-03 00:00:00,0.08901807,-0.098330244,4339881.045145775,-462522.2992525033,0.0
5894,643.5668,46.91667,-6.0833282,2024-06-03 00:00:00,0.085041456,-0.08035958,4339881.045145775,-462522.2992525033,0.0
6074,763.3331,46.91667,-6.0833282,2024-06-03 00:00:00,0.08622457,-0.08326372,4339881.045145775,-462522.2992525033,0.0
6254,902.3393,46.91667,-6.0833282,2024-06-03 00:00:00,0.093780935,-0.1046454,4339881.045145775,-462522.2992525033,0.0
143,0.494025,46.91667,-6.0,2024-06-03 00:00:00,-0.002537516,-0.029591369,4340549.125536747,-456210.0964726406,0.0
323,1.541375,46.91667,-6.0,2024-06-03 00:00:00,0.0012526423,-0.025977153,4340549.125536747,-456210.0964726406,0.0
503,2.645669,46.91667,-6.0,2024-06-03 00:00:00,0.0050893123,-0.022513933,4340549.125536747,-456210.0964726406,0.0
683,3.819495,46.91667,-6.0,2024-06-03 00:00:00,0.008921906,-0.019241855,4340549.125536747,-456210.0964726406,0.0
863,5.078224,46.91667,-6.0,2024-06-03 00:00:00,0.012675517,-0.016234618,4340549.125536747,-456210.0964726406,0.0
1043,6.440614,46.91667,-6.0,2024-06-03 00:00:00,0.016208734,-0.013622947,4340549.125536747,-456210.0964726406,0.0
1223,7.92956,46.91667,-6.0,2024-06-03 00:00:00,0.019433714,-0.011498374,4340549.125536747,-456210.0964726406,0.0
1403,9.572997,46.91667,-6.0,2024-06-03 00:00:00,0.022685522,-0.009762554,4340549.125536747,-456210.0964726406,0.0
1583,11.405,46.91667,-6.0,2024-06-03 00:00:00,0.03634959,-0.005876841,4340549.125536747,-456210.0964726406,0.0
1763,13.46714,46.91667,-6.0,2024-06-03 00:00:00,0.043677364,-0.039018378,4340549.125536747,-456210.0964726406,0.0
1943,15.81007,46.91667,-6.0,2024-06-03 00:00:00,0.034981474,-0.03959223,4340549.125536747,-456210.0964726406,0.0
2123,18.49556,46.91667,-6.0,2024-06-03 00:00:00,0.04147724,-0.04044114,4340549.125536747,-456210.0964726406,0.0
2303,21.59882,46.91667,-6.0,2024-06-03 00:00:00,0.04476147,-0.055841427,4340549.125536747,-456210.0964726406,0.0
2483,25.21141,46.91667,-6.0,2024-06-03 00:00:00,0.016192917,-0.07530237,4340549.125536747,-456210.0964726406,0.0
2663,29.44473,46.91667,-6.0,2024-06-03 00:00:00,0.008384222,-0.06938928,4340549.125536747,-456210.0964726406,0.0
2843,34.43415,46.91667,-6.0,2024-06-03 00:00:00,0.021808963,-0.055531148,4340549.125536747,-456210.0964726406,0.0
3023,40.34405,46.91667,-6.0,2024-06-03 00:00:00,0.036985464,-0.04520921,4340549.125536747,-456210.0964726406,0.0
3203,47.37369,46.91667,-6.0,2024-06-03 00:00:00,0.04025006,-0.046493545,4340549.125536747,-456210.0964726406,0.0
3383,55.76429,46.91667,-6.0,2024-06-03 00:00:00,0.032742176,-0.04642468,4340549.125536747,-456210.0964726406,0.0
3563,65.80727,46.91667,-6.0,2024-06-03 00:00:00,0.029210487,-0.043384247,4340549.125536747,-456210.0964726406,0.0
3743,77.85385,46.91667,-6.0,2024-06-03 00:00:00,0.03540013,-0.04154551,4340549.125536747,-456210.0964726406,0.0
3923,92.32607,46.91667,-6.0,2024-06-03 00:00:00,0.049305405,-0.054442327,4340549.125536747,-456210.0964726406,0.0
4103,109.7293,46.91667,-6.0,2024-06-03 00:00:00,0.054220732,-0.07220395,4340549.125536747,-456210.0964726406,0.0
4283,130.666,46.91667,-6.0,2024-06-03 00:00:00,0.06244049,-0.07969389,4340549.125536747,-456210.0964726406,0.0
4463,155.8507,46.91667,-6.0,2024-06-03 00:00:00,0.059932116,-0.08795551,4340549.125536747,-456210.0964726406,0.0
4643,186.1256,46.91667,-6.0,2024-06-03 00:00:00,0.05697615,-0.10696194,4340549.125536747,-456210.0964726406,0.0
4823,222.4752,46.91667,-6.0,2024-06-03 00:00:00,0.066999815,-0.106797524,4340549.125536747,-456210.0964726406,0.0
5003,266.0403,46.91667,-6.0,2024-06-03 00:00:00,0.07446717,-0.09847562,4340549.125536747,-456210.0964726406,0.0
5183,318.1274,46.91667,-6.0,2024-06-03 00:00:00,0.08796588,-0.09810783,4340549.125536747,-456210.0964726406,0.0
5363,380.213,46.91667,-6.0,2024-06-03 00:00:00,0.092923395,-0.10983226,4340549.125536747,-456210.0964726406,0.0
5543,453.9377,46.91667,-6.0,2024-06-03 00:00:00,0.08636386,-0.10584566,4340549.125536747,-456210.0964726406,0.0
5723,541.0889,46.91667,-6.0,2024-06-03 00:00:00,0.07377675,-0.085987754,4340549.125536747,-456210.0964726406,0.0
5903,643.5668,46.91667,-6.0,2024-06-03 00:00:00,0.07155323,-0.07404666,4340549.125536747,-456210.0964726406,0.0
6083,763.3331,46.91667,-6.0,2024-06-03 00:00:00,0.069578394,-0.05503933,4340549.125536747,-456210.0964726406,0.0
6263,902.3393,46.91667,-6.0,2024-06-03 00:00:00,0.07269991,-0.071172774,4340549.125536747,-456210.0964726406,0.0
152,0.494025,47.0,-6.25,2024-06-03 00:00:00,0.03880851,-0.11598288,4331787.087405169,-474407.8424903363,0.0
332,1.541375,47.0,-6.25,2024-06-03 00:00:00,0.042222746,-0.112108864,4331787.087405169,-474407.8424903363,0.0
512,2.645669,47.0,-6.25,2024-06-03 00:00:00,0.04564777,-0.10845228,4331787.087405169,-474407.8424903363,0.0
692,3.819495,47.0,-6.25,2024-06-03 00:00:00,0.049025223,-0.105067745,4331787.087405169,-474407.8424903363,0.0
872,5.078224,47.0,-6.25,2024-06-03 00:00:00,0.052309245,-0.101988465,4331787.087405169,-474407.8424903363,0.0
1052,6.440614,47.0,-6.25,2024-06-03 00:00:00,0.055400275,-0.09930072,4331787.087405169,-474407.8424903363,0.0
1232,7.92956,47.0,-6.25,2024-06-03 00:00:00,0.058203682,-0.097088255,4331787.087405169,-474407.8424903363,0.0
1412,9.572997,47.0,-6.25,2024-06-03 00:00:00,0.06075373,-0.0953638,4331787.087405169,-474407.8424903363,0.0
1592,11.405,47.0,-6.25,2024-06-03 00:00:00,0.06420257,-0.09383685,4331787.087405169,-474407.8424903363,0.0
1772,13.46714,47.0,-6.25,2024-06-03 00:00:00,0.08728593,-0.111399114,4331787.087405169,-474407.8424903363,0.0
1952,15.81007,47.0,-6.25,2024-06-03 00:00:00,0.079440884,-0.11348089,4331787.087405169,-474407.8424903363,0.0
2132,18.49556,47.0,-6.25,2024-06-03 00:00:00,0.08414257,-0.119889714,4331787.087405169,-474407.8424903363,0.0
2312,21.59882,47.0,-6.25,2024-06-03 00:00:00,0.07558918,-0.14093998,4331787.087405169,-474407.8424903363,0.0
2492,25.21141,47.0,-6.25,2024-06-03 00:00:00,0.040248383,-0.15616493,4331787.087405169,-474407.8424903363,0.0
2672,29.44473,47.0,-6.25,2024-06-03 00:00:00,0.03577105,-0.14625466,4331787.087405169,-474407.8424903363,0.0
2852,34.43415,47.0,-6.25,2024-06-03 00:00:00,0.056810774,-0.12993173,4331787.087405169,-474407.8424903363,0.0
3032,40.34405,47.0,-6.25,2024-06-03 00:00:00,0.085380495,-0.11318409,4331787.087405169,-474407.8424903363,0.0
3212,47.37369,47.0,-6.25,2024-06-03 00:00:00,0.102139086,-0.10366694,4331787.087405169,-474407.8424903363,0.0
3392,55.76429,47.0,-6.25,2024-06-03 00:00:00,0.099675484,-0.10027787,4331787.087405169,-474407.8424903363,0.0
3572,65.80727,47.0,-6.25,2024-06-03 00:00:00,0.08519563,-0.10190582,4331787.087405169,-474407.8424903363,0.0
3752,77.85385,47.0,-6.25,2024-06-03 00:00:00,0.0662116,-0.10253486,4331787.087405169,-474407.8424903363,0.0
3932,92.32607,47.0,-6.25,2024-06-03 00:00:00,0.059834234,-0.10607567,4331787.087405169,-474407.8424903363,0.0
4112,109.7293,47.0,-6.25,2024-06-03 00:00:00,0.06646368,-0.121189944,4331787.087405169,-474407.8424903363,0.0
4292,130.666,47.0,-6.25,2024-06-03 00:00:00,0.072361365,-0.12648585,4331787.087405169,-474407.8424903363,0.0
4472,155.8507,47.0,-6.25,2024-06-03 00:00:00,0.08631914,-0.13754608,4331787.087405169,-474407.8424903363,0.0
4652,186.1256,47.0,-6.25,2024-06-03 00:00:00,0.09403478,-0.13562016,4331787.087405169,-474407.8424903363,0.0
4832,222.4752,47.0,-6.25,2024-06-03 00:00:00,0.09093324,-0.1330288,4331787.087405169,-474407.8424903363,0.0
5012,266.0403,47.0,-6.25,2024-06-03 00:00:00,0.09536262,-0.1375645,4331787.087405169,-474407.8424903363,0.0
5192,318.1274,47.0,-6.25,2024-06-03 00:00:00,0.10375911,-0.13501322,4331787.087405169,-474407.8424903363,0.0
5372,380.213,47.0,-6.25,2024-06-03 00:00:00,0.10708989,-0.13267131,4331787.087405169,-474407.8424903363,0.0
5552,453.9377,47.0,-6.25,2024-06-03 00:00:00,0.10171269,-0.11582519,4331787.087405169,-474407.8424903363,0.0
5732,541.0889,47.0,-6.25,2024-06-03 00:00:00,0.100464545,-0.11084062,4331787.087405169,-474407.8424903363,0.0
5912,643.5668,47.0,-6.25,2024-06-03 00:00:00,0.10085149,-0.09904588,4331787.087405169,-474407.8424903363,0.0
6092,763.3331,47.0,-6.25,2024-06-03 00:00:00,0.110820025,-0.09199778,4331787.087405169,-474407.8424903363,0.0
6272,902.3393,47.0,-6.25,2024-06-03 00:00:00,0.13266812,-0.10822466,4331787.087405169,-474407.8424903363,0.0
161,0.494025,47.0,-6.1666565,2024-06-03 00:00:00,0.0026179126,-0.054872125,4332472.586781167,-468106.2447951276,0.0
341,1.541375,47.0,-6.1666565,2024-06-03 00:00:00,0.006130237,-0.05113709,4332472.586781167,-468106.2447951276,0.0
521,2.645669,47.0,-6.1666565,2024-06-03 00:00:00,0.009671889,-0.047550764,4332472.586781167,-468106.2447951276,0.0
701,3.819495,47.0,-6.1666565,2024-06-03 00:00:00,0.013212033,-0.044149425,4332472.586781167,-468106.2447951276,0.0
881,5.078224,47.0,-6.1666565,2024-06-03 00:00:00,0.01668467,-0.041004725,4332472.586781167,-468106.2447951276,0.0
1061,6.440614,47.0,-6.1666565,2024-06-03 00:00:00,0.0199541,-0.038255684,4332472.586781167,-468106.2447951276,0.0
1241,7.92956,47.0,-6.1666565,2024-06-03 00:00:00,0.02289555,-0.036030836,4332472.586781167,-468106.2447951276,0.0
1421,9.572997,47.0,-6.1666565,2024-06-03 00:00:00,0.025537996,-0.0343909,4332472.586781167,-468106.2447951276,0.0
1601,11.405,47.0,-6.1666565,2024-06-03 00:00:00,0.029692274,-0.033125073,4332472.586781167,-468106.2447951276,0.0
1781,13.46714,47.0,-6.1666565,2024-06-03 00:00:00,0.051822897,-0.052156888,4332472.586781167,-468106.2447951276,0.0
1961,15.81007,47.0,-6.1666565,2024-06-03 00:00:00,0.039703976,-0.065752245,4332472.586781167,-468106.2447951276,0.0
2141,18.49556,47.0,-6.1666565,2024-06-03 00:00:00,0.04256783,-0.06555357,4332472.586781167,-468106.2447951276,0.0
2321,21.59882,47.0,-6.1666565,2024-06-03 00:00:00,0.036211655,-0.07131145,4332472.586781167,-468106.2447951276,0.0
2501,25.21141,47.0,-6.1666565,2024-06-03 00:00:00,0.008273296,-0.08215346,4332472.586781167,-468106.2447951276,0.0
2681,29.44473,47.0,-6.1666565,2024-06-03 00:00:00,-0.0025751286,-0.07365062,4332472.586781167,-468106.2447951276,0.0
2861,34.43415,47.0,-6.1666565,2024-06-03 00:00:00,0.011791086,-0.0579295,4332472.586781167,-468106.2447951276,0.0
3041,40.34405,47.0,-6.1666565,2024-06-03 00:00:00,0.029979646,-0.04590131,4332472.586781167,-468106.2447951276,0.0
3221,47.37369,47.0,-6.1666565,2024-06-03 00:00:00,0.03898993,-0.045035116,4332472.586781167,-468106.2447951276,0.0
3401,55.76429,47.0,-6.1666565,2024-06-03 00:00:00,0.034661405,-0.04685486,4332472.586781167,-468106.2447951276,0.0
3581,65.80727,47.0,-6.1666565,2024-06-03 00:00:00,0.024537956,-0.05086776,4332472.586781167,-468106.2447951276,0.0
3761,77.85385,47.0,-6.1666565,2024-06-03 00:00:00,0.015815869,-0.0553694,4332472.586781167,-468106.2447951276,0.0
3941,92.32607,47.0,-6.1666565,2024-06-03 00:00:00,0.018648049,-0.0642844,4332472.586781167,-468106.2447951276,0.0
4121,109.7293,47.0,-6.1666565,2024-06-03 00:00:00,0.023282744,-0.08239601,4332472.586781167,-468106.2447951276,0.0
4301,130.666,47.0,-6.1666565,2024-06-03 00:00:00,0.029285457,-0.08878132,4332472.586781167,-468106.2447951276,0.0
4481,155.8507,47.0,-6.1666565,2024-06-03 00:00:00,0.042432602,-0.10920253,4332472.586781167,-468106.2447951276,0.0
4661,186.1256,47.0,-6.1666565,2024-06-03 00:00:00,0.06134099,-0.12075397,4332472.586781167,-468106.2447951276,0.0
4841,222.4752,47.0,-6.1666565,2024-06-03 00:00:00,0.07291293,-0.114257,4332472.586781167,-468106.2447951276,0.0
5021,266.0403,47.0,-6.1666565,2024-06-03 00:00:00,0.08792856,-0.12059146,4332472.586781167,-468106.2447951276,0.0
5201,318.1274,47.0,-6.1666565,2024-06-03 00:00:00,0.10385643,-0.12045221,4332472.586781167,-468106.2447951276,0.0
5381,380.213,47.0,-6.1666565,2024-06-03 00:00:00,0.10485653,-0.11175542,4332472.586781167,-468106.2447951276,0.0
5561,453.9377,47.0,-6.1666565,2024-06-03 00:00:00,0.09743527,-0.10166573,4332472.586781167,-468106.2447951276,0.0
5741,541.0889,47.0,-6.1666565,2024-06-03 00:00:00,0.08945471,-0.09778169,4332472.586781167,-468106.2447951276,0.0
5921,643.5668,47.0,-6.1666565,2024-06-03 00:00:00,0.087598845,-0.08820126,4332472.586781167,-468106.2447951276,0.0
6101,763.3331,47.0,-6.1666565,2024-06-03 00:00:00,0.098879755,-0.085031286,4332472.586781167,-468106.2447951276,0.0
6281,902.3393,47.0,-6.1666565,2024-06-03 00:00:00,0.10039013,-0.08870916,4332472.586781167,-468106.2447951276,0.0
170,0.494025,47.0,-6.0833282,2024-06-03 00:00:00,0.0043903077,-0.015668184,4333148.796028124,-461804.81061430223,0.0
350,1.541375,47.0,-6.0833282,2024-06-03 00:00:00,0.008009394,-0.012203426,4333148.796028124,-461804.81061430223,0.0
530,2.645669,47.0,-6.0833282,2024-06-03 00:00:00,0.01167467,-0.00885402,4333148.796028124,-461804.81061430223,0.0
710,3.819495,47.0,-6.0833282,2024-06-03 00:00:00,0.01538441,-0.005635144,4333148.796028124,-461804.81061430223,0.0
890,5.078224,47.0,-6.0833282,2024-06-03 00:00:00,0.01906718,-0.0026334964,4333148.796028124,-461804.81061430223,0.0
1070,6.440614,47.0,-6.0833282,2024-06-03 00:00:00,0.022574224,-5.633803e-06,4333148.796028124,-461804.81061430223,0.0
1250,7.92956,47.0,-6.0833282,2024-06-03 00:00:00,0.025786703,0.0021066428,4333148.796028124,-461804.81061430223,0.0
1430,9.572997,47.0,-6.0833282,2024-06-03 00:00:00,0.028984284,0.003652947,4333148.796028124,-461804.81061430223,0.0
1610,11.405,47.0,-6.0833282,2024-06-03 00:00:00,0.041025333,0.004891459,4333148.796028124,-461804.81061430223,0.0
1790,13.46714,47.0,-6.0833282,2024-06-03 00:00:00,0.05813203,-0.02571647,4333148.796028124,-461804.81061430223,0.0
1970,15.81007,47.0,-6.0833282,2024-06-03 00:00:00,0.04115364,-0.038920045,4333148.796028124,-461804.81061430223,0.0
2150,18.49556,47.0,-6.0833282,2024-06-03 00:00:00,0.045350328,-0.040271383,4333148.796028124,-461804.81061430223,0.0
2330,21.59882,47.0,-6.0833282,2024-06-03 00:00:00,0.038941327,-0.044325456,4333148.796028124,-461804.81061430223,0.0
2510,25.21141,47.0,-6.0833282,2024-06-03 00:00:00,0.01860452,-0.04996443,4333148.796028124,-461804.81061430223,0.0
2690,29.44473,47.0,-6.0833282,2024-06-03 00:00:00,0.0026883655,-0.04340157,4333148.796028124,-461804.81061430223,0.0
2870,34.43415,47.0,-6.0833282,2024-06-03 00:00:00,0.006015121,-0.023060078,4333148.796028124,-461804.81061430223,0.0
3050,40.34405,47.0,-6.0833282,2024-06-03 00:00:00,0.010167518,-0.011104997,4333148.796028124,-461804.81061430223,0.0
3230,47.37369,47.0,-6.0833282,2024-06-03 00:00:00,0.0075359894,-0.01310363,4333148.796028124,-461804.81061430223,0.0
3410,55.76429,47.0,-6.0833282,2024-06-03 00:00:00,-0.0028119993,-0.016719619,4333148.796028124,-461804.81061430223,0.0
3590,65.80727,47.0,-6.0833282,2024-06-03 00:00:00,-0.012857632,-0.02096554,4333148.796028124,-461804.81061430223,0.0
3770,77.85385,47.0,-6.0833282,2024-06-03 00:00:00,-0.017355893,-0.026494838,4333148.796028124,-461804.81061430223,0.0
3950,92.32607,47.0,-6.0833282,2024-06-03 00:00:00,-0.010876994,-0.03583339,4333148.796028124,-461804.81061430223,0.0
4130,109.7293,47.0,-6.0833282,2024-06-03 00:00:00,-0.0093232235,-0.052234326,4333148.796028124,-461804.81061430223,0.0
4310,130.666,47.0,-6.0833282,2024-06-03 00:00:00,-0.004849163,-0.060347132,4333148.796028124,-461804.81061430223,0.0
4490,155.8507,47.0,-6.0833282,2024-06-03 00:00:00,0.004520625,-0.081258394,4333148.796028124,-461804.81061430223,0.0
4670,186.1256,47.0,-6.0833282,2024-06-03 00:00:00,0.021882456,-0.09536205,4333148.796028124,-461804.81061430223,0.0
4850,222.4752,47.0,-6.0833282,2024-06-03 00:00:00,0.05284251,-0.08915381,4333148.796028124,-461804.81061430223,0.0
5030,266.0403,47.0,-6.0833282,2024-06-03 00:00:00,0.072603986,-0.081080675,4333148.796028124,-461804.81061430223,0.0
5210,318.1274,47.0,-6.0833282,2024-06-03 00:00:00,0.0894655,-0.08569523,4333148.796028124,-461804.81061430223,0.0
5390,380.213,47.0,-6.0833282,2024-06-03 00:00:00,0.09003114,-0.09837802,4333148.796028124,-461804.81061430223,0.0
5570,453.9377,47.0,-6.0833282,2024-06-03 00:00:00,0.07509362,-0.09023148,4333148.796028124,-461804.81061430223,0.0
5750,541.0889,47.0,-6.0833282,2024-06-03 00:00:00,0.07560663,-0.08396582,4333148.796028124,-461804.81061430223,0.0
5930,643.5668,47.0,-6.0833282,2024-06-03 00:00:00,0.07340975,-0.0613867,4333148.796028124,-461804.81061430223,0.0
6110,763.3331,47.0,-6.0833282,2024-06-03 00:00:00,0.080063164,-0.052257348,4333148.796028124,-461804.81061430223,0.0
6290,902.3393,47.0,-6.0833282,2024-06-03 00:00:00,0.074696966,-0.06304405,4333148.796028124,-461804.81061430223,0.0
179,0.494025,47.0,-6.0,2024-06-03 00:00:00,0.01124282,-0.020243498,4333815.840058059,-455502.3996515776,0.0
359,1.541375,47.0,-6.0,2024-06-03 00:00:00,0.014949936,-0.017075326,4333815.840058059,-455502.3996515776,0.0
539,2.645669,47.0,-6.0,2024-06-03 00:00:00,0.018711371,-0.014030071,4333815.840058059,-455502.3996515776,0.0
719,3.819495,47.0,-6.0,2024-06-03 00:00:00,0.022552665,-0.0111030135,4333815.840058059,-455502.3996515776,0.0
899,5.078224,47.0,-6.0,2024-06-03 00:00:00,0.026413161,-0.008358695,4333815.840058059,-455502.3996515776,0.0
1079,6.440614,47.0,-6.0,2024-06-03 00:00:00,0.030147702,-0.005936862,4333815.840058059,-455502.3996515776,0.0
1259,7.92956,47.0,-6.0,2024-06-03 00:00:00,0.03366535,-0.003978214,4333815.840058059,-455502.3996515776,0.0
1439,9.572997,47.0,-6.0,2024-06-03 00:00:00,0.03782062,-0.0024731709,4333815.840058059,-455502.3996515776,0.0
1619,11.405,47.0,-6.0,2024-06-03 00:00:00,0.064401,-0.0019235387,4333815.840058059,-455502.3996515776,0.0
1799,13.46714,47.0,-6.0,2024-06-03 00:00:00,0.06635338,-0.035746098,4333815.840058059,-455502.3996515776,0.0
1979,15.81007,47.0,-6.0,2024-06-03 00:00:00,0.052310526,-0.034693398,4333815.840058059,-455502.3996515776,0.0
2159,18.49556,47.0,-6.0,2024-06-03 00:00:00,0.06124942,-0.037357002,4333815.840058059,-455502.3996515776,0.0
2339,21.59882,47.0,-6.0,2024-06-03 00:00:00,0.056819342,-0.05374721,4333815.840058059,-455502.3996515776,0.0
2519,25.21141,47.0,-6.0,2024-06-03 00:00:00,0.034644615,-0.062058143,4333815.840058059,-455502.3996515776,0.0
2699,29.44473,47.0,-6.0,2024-06-03 00:00:00,0.016609076,-0.048562843,4333815.840058059,-455502.3996515776,0.0
2879,34.43415,47.0,-6.0,2024-06-03 00:00:00,0.011259819,-0.020440955,4333815.840058059,-455502.3996515776,0.0
3059,40.34405,47.0,-6.0,2024-06-03 00:00:00,0.007201122,-0.0013190865,4333815.840058059,-455502.3996515776,0.0
3239,47.37369,47.0,-6.0,2024-06-03 00:00:00,-0.0034790488,0.00744074,4333815.840058059,-455502.3996515776,0.0
3419,55.76429,47.0,-6.0,2024-06-03 00:00:00,-0.019887317,0.015693787,4333815.840058059,-455502.3996515776,0.0
3599,65.80727,47.0,-6.0,2024-06-03 00:00:00,-0.034439526,0.01991349,4333815.840058059,-455502.3996515776,0.0
3779,77.85385,47.0,-6.0,2024-06-03 00:00:00,-0.041020256,0.016440129,4333815.840058059,-455502.3996515776,0.0
3959,92.32607,47.0,-6.0,2024-06-03 00:00:00,-0.038897537,0.0070508746,4333815.840058059,-455502.3996515776,0.0
4139,109.7293,47.0,-6.0,2024-06-03 00:00:00,-0.043223385,-0.0074509187,4333815.840058059,-455502.3996515776,0.0
4319,130.666,47.0,-6.0,2024-06-03 00:00:00,-0.038873695,-0.015722627,4333815.840058059,-455502.3996515776,0.0
4499,155.8507,47.0,-6.0,2024-06-03 00:00:00,-0.02822081,-0.0316033,4333815.840058059,-455502.3996515776,0.0
4679,186.1256,47.0,-6.0,2024-06-03 00:00:00,-0.014218194,-0.04739193,4333815.840058059,-455502.3996515776,0.0
4859,222.4752,47.0,-6.0,2024-06-03 00:00:00,0.025177762,-0.06339275,4333815.840058059,-455502.3996515776,0.0
5039,266.0403,47.0,-6.0,2024-06-03 00:00:00,0.050388202,-0.06931859,4333815.840058059,-455502.3996515776,0.0
5219,318.1274,47.0,-6.0,2024-06-03 00:00:00,0.060445584,-0.074160695,4333815.840058059,-455502.3996515776,0.0
5399,380.213,47.0,-6.0,2024-06-03 00:00:00,0.050464667,-0.06924266,4333815.840058059,-455502.3996515776,0.0
5579,453.9377,47.0,-6.0,2024-06-03 00:00:00,0.04033511,-0.054343287,4333815.840058059,-455502.3996515776,0.0
5759,541.0889,47.0,-6.0,2024-06-03 00:00:00,0.057294883,-0.056549203,4333815.840058059,-455502.3996515776,0.0
5939,643.5668,47.0,-6.0,2024-06-03 00:00:00,0.06584146,-0.05231327,4333815.840058059,-455502.3996515776,0.0
6119,763.3331,47.0,-6.0,2024-06-03 00:00:00,0.0612507,-0.025762744,4333815.840058059,-455502.3996515776,0.0
6299,902.3393,47.0,-6.0,2024-06-03 00:00:00,0.058399204,-0.03888378,4333815.840058059,-455502.3996515776,0.0
