,Unnamed: 0,depth,latitude,longitude,time,uo,vo,x,y,z,wo
0,0,0.494025,46.66667,-6.25,21600,0.07536404520671813,0.01396660988571567,4358653.3150161095,-477350.1729464703,0.0,-3.534388192285783e-06
280,72,0.494025,46.833336,-6.25,21600,0.07533327374436055,0.01396838732663894,4345238.723142079,-475881.0361998027,0.0,4.480872149875439e-05
175,45,0.494025,46.75,-6.1666565,64800,0.07537787650353042,0.013957681435363802,4352639.653859386,-470285.21531356085,0.0,8.818559542088238e-05
525,135,0.494025,46.91667,-6.0,86400,0.07538862369489716,0.013959333537264411,4340549.125536747,-456210.0964726406,0.0,-7.910347141469278e-06
315,81,0.494025,46.833336,-6.1666565,21600,0.07537660537724787,0.013966034362220785,4345926.351221016,-469559.8699535443,0.0,9.37117597526539e-05
140,36,0.494025,46.75,-6.25,64800,0.07534523308978358,0.013964597655089173,4351950.96357759,-476616.1460837916,0.0,-8.24340474905316e-06
105,27,0.494025,46.66667,-6.0,64800,0.0753747012124653,0.01397307416508321,4360694.650219674,-458327.4764384654,0.0,1.570925815646731e-05
140,36,0.494025,46.75,-6.25,86400,0.07533073548592265,0.01397269540053387,4351950.96357759,-476616.1460837916,0.0,4.314362618715934e-05
175,45,0.494025,46.75,-6.1666565,86400,0.07540058912489489,0.013962330098176256,4352639.653859386,-470285.21531356085,0.0,1.6255080384767462e-05
70,18,0.494025,46.66667,-6.0833282,64800,0.07530367851556538,0.013974643258308697,4360023.469108121,-464668.9756583009,0.0,2.8915237252435907e-06
35,9,0.494025,46.66667,-6.1666565,64800,0.07531955083414468,0.013973873365444455,4359343.065935845,-471009.49203812674,0.0,1.1228642072016536e-05
385,99,0.494025,46.833336,-6.0,21600,0.07541117251586135,0.0139580960150928,4347273.775744883,-456916.88569019584,0.0,7.191661682362937e-05
0,0,0.494025,46.66667,-6.25,64800,0.07537996348221154,0.013963609390690832,4358653.3150161095,-477350.1729464703,0.0,2.8968460813655407e-05
210,54,0.494025,46.75,-6.0833282,86400,0.07533130005490046,0.013975786348494458,4353319.010767862,-463954.4488188505,0.0,-2.8105536999388637e-06
665,171,0.494025,47.0,-6.0,43200,0.07618084330301449,0.014256697748621655,4333815.840058059,-455502.3996515776,0.0,1.8522064768521014e-05
350,90,0.494025,46.833336,-6.0833282,21600,0.07542144170878012,0.013953997181587524,4346604.66032198,-463238.8677294356,0.0,2.462233994207654e-05
210,54,0.494025,46.75,-6.0833282,64800,0.07534898987073686,0.01396529638495566,4353319.010767862,-463954.4488188505,0.0,3.625375371660732e-05
245,63,0.494025,46.75,-6.0,64800,0.07538004811629627,0.013965369969404251,4353989.159796485,-457622.70099545474,0.0,3.349491581071811e-05
245,63,0.494025,46.75,-6.0,21600,0.07536894274140506,0.01396821093818362,4353989.159796485,-457622.70099545474,0.0,1.5657763963395256e-06
525,135,0.494025,46.91667,-6.0,64800,0.0752971539001124,0.013972606421844377,4340549.125536747,-456210.0964726406,0.0,-4.208279683319996e-05
105,27,0.494025,46.66667,-6.0,21600,0.07531367431071441,0.013974029652000635,4360694.650219674,-458327.4764384654,0.0,-4.669211632074348e-05
490,126,0.494025,46.91667,-6.0833282,64800,0.07539907257393651,0.013953189687369024,4339881.045145775,-462522.2992525033,0.0,-1.5330635313581996e-05
455,117,0.494025,46.91667,-6.1666565,64800,0.07534567202832597,0.013979155105279889,4339203.78529813,-468833.52373287774,0.0,2.0326800865451523e-05
70,18,0.494025,46.66667,-6.0833282,86400,0.07539973387296728,0.013962514921171733,4360023.469108121,-464668.9756583009,0.0,-2.0965673209361592e-05
140,36,0.494025,46.75,-6.25,21600,0.07540295067720222,0.01396063017745783,4351950.96357759,-476616.1460837916,0.0,6.120892217005712e-06
420,108,0.494025,46.91667,-6.25,64800,0.07535235842848192,0.013973123074943108,4338517.220887722,-475144.9119816816,0.0,1.0819467665628568e-05
175,45,0.494025,46.75,-6.1666565,21600,0.07538546914372768,0.013963637492570992,4352639.653859386,-470285.21531356085,0.0,-8.594106305429159e-05
385,99,0.494025,46.833336,-6.0,64800,0.07539743679695984,0.013962350105430923,4347273.775744883,-456916.88569019584,0.0,5.29941559063894e-05
350,90,0.494025,46.833336,-6.0833282,64800,0.07531984762333657,0.013968717674459322,4346604.66032198,-463238.8677294356,0.0,9.159182089730284e-06
105,27,0.494025,46.66667,-6.0,86400,0.07537738192119355,0.013960973387211532,4360694.650219674,-458327.4764384654,0.0,-1.586206736436971e-05
560,144,0.494025,47.0,-6.25,86400,0.07533121657660553,0.013966852116839798,4331787.087405169,-474407.8424903363,0.0,9.294589788856394e-05
210,54,0.494025,46.75,-6.0833282,21600,0.07543300058296407,0.013945912057946857,4353319.010767862,-463954.4488188505,0.0,-3.389165777939865e-05
315,81,0.494025,46.833336,-6.1666565,64800,0.07536970321298976,0.013975111031602103,4345926.351221016,-469559.8699535443,0.0,5.5293137452194796e-05
280,72,0.494025,46.833336,-6.25,64800,0.07535640795160027,0.013970769565820683,4345238.723142079,-475881.0361998027,0.0,-3.906418723465778e-05
420,108,0.494025,46.91667,-6.25,21600,0.07521037769730271,0.013987559691149301,4338517.220887722,-475144.9119816816,0.0,6.542154843901548e-05
595,153,0.494025,47.0,-6.1666565,86400,0.07532309630411717,0.013966413870521145,4332472.586781167,-468106.2447951276,0.0,2.9609418536008172e-05
630,162,0.494025,47.0,-6.0833282,43200,0.0753677329686638,0.013966325940788053,4333148.796028124,-461804.81061430223,0.0,-9.673287125427927e-05
455,117,0.494025,46.91667,-6.1666565,21600,0.07537058390221307,0.013960394959705438,4339203.78529813,-468833.52373287774,0.0,-3.9229968970429454e-05
315,81,0.494025,46.833336,-6.1666565,43200,0.0753028878380243,0.013974468710959122,4345926.351221016,-469559.8699535443,0.0,-3.925335384780604e-05
630,162,0.494025,47.0,-6.0833282,21600,0.07539277308387561,0.013953965394669773,4333148.796028124,-461804.81061430223,0.0,5.69232627514441e-05
280,72,0.494025,46.833336,-6.25,43200,0.07531820440160662,0.013973074889228866,4345238.723142079,-475881.0361998027,0.0,5.3469594692592014e-06
665,171,0.494025,47.0,-6.0,21600,0.07621731302968342,0.014253714785683557,4333815.840058059,-455502.3996515776,0.0,3.9955501317392214e-05
245,63,0.494025,46.75,-6.0,43200,0.07533027652601172,0.013974684195300884,4353989.159796485,-457622.70099545474,0.0,7.328647320051469e-05
210,54,0.494025,46.75,-6.0833282,43200,0.07544411618696453,0.01394774829314711,4353319.010767862,-463954.4488188505,0.0,-6.994335070831545e-05
315,81,0.494025,46.833336,-6.1666565,86400,0.07544067162029226,0.013948692045368962,4345926.351221016,-469559.8699535443,0.0,-1.207746871271283e-05
350,90,0.494025,46.833336,-6.0833282,86400,0.07528931407336727,0.01398250655502178,4346604.66032198,-463238.8677294356,0.0,-2.3342280207098773e-05
0,0,0.494025,46.66667,-6.25,43200,0.07536284977225702,0.01396361003627359,4358653.3150161095,-477350.1729464703,0.0,-1.9595359772716848e-05
175,45,0.494025,46.75,-6.1666565,43200,0.0753756612739993,0.013957968500339382,4352639.653859386,-470285.21531356085,0.0,5.0009922775071804e-05
140,36,0.494025,46.75,-6.25,43200,0.07539994875622304,0.013955568141247852,4351950.96357759,-476616.1460837916,0.0,1.9119225197853462e-05
35,9,0.494025,46.66667,-6.1666565,43200,0.07539409455685543,0.013957219325019898,4359343.065935845,-471009.49203812674,0.0,-1.737046558973645e-05
105,27,0.494025,46.66667,-6.0,43200,0.07543279369015259,0.013955371396496549,4360694.650219674,-458327.4764384654,0.0,2.339180249685996e-05
385,99,0.494025,46.833336,-6.0,86400,0.07542430501913339,0.013943671006505847,4347273.775744883,-456916.88569019584,0.0,-1.8354286881642642e-05
420,108,0.494025,46.91667,-6.25,86400,0.0753558743302719,0.013975521310758292,4338517.220887722,-475144.9119816816,0.0,2.7989745153438074e-05
630,162,0.494025,47.0,-6.0833282,86400,0.07541235530961685,0.013964481995566838,4333148.796028124,-461804.81061430223,0.0,4.779302244778255e-05
0,0,0.494025,46.66667,-6.25,86400,0.07542166251800811,0.013953095098032057,4358653.3150161095,-477350.1729464703,0.0,4.487082590398628e-05
350,90,0.494025,46.833336,-6.0833282,43200,0.0752657104594916,0.013992213365871434,4346604.66032198,-463238.8677294356,0.0,-3.659794679154994e-05
595,153,0.494025,47.0,-6.1666565,43200,0.0753629409033974,0.013954596539226635,4332472.586781167,-468106.2447951276,0.0,-5.7988124073055786e-05
560,144,0.494025,47.0,-6.25,43200,0.07544702352644805,0.013947194322279411,4331787.087405169,-474407.8424903363,0.0,-2.643959278626834e-06
245,63,0.494025,46.75,-6.0,86400,0.07542840070700639,0.013955753172512521,4353989.159796485,-457622.70099545474,0.0,-2.3667679076827582e-05
490,126,0.494025,46.91667,-6.0833282,21600,0.0753466361515016,0.013969324791199448,4339881.045145775,-462522.2992525033,0.0,-3.5352300435940445e-05
525,135,0.494025,46.91667,-6.0,43200,0.0753278722325016,0.013976196765972136,4340549.125536747,-456210.0964726406,0.0,4.997560672738805e-05
490,126,0.494025,46.91667,-6.0833282,43200,0.07536368984500336,0.01396353090038844,4339881.045145775,-462522.2992525033,0.0,3.1653315987660256e-05
525,135,0.494025,46.91667,-6.0,21600,0.07537505721180421,0.013968654396592749,4340549.125536747,-456210.0964726406,0.0,-2.0480552527292325e-06
455,117,0.494025,46.91667,-6.1666565,43200,0.07534744347299092,0.01397301553691308,4339203.78529813,-468833.52373287774,0.0,-4.900625521121763e-06
665,171,0.494025,47.0,-6.0,86400,0.07620768250036607,0.014258491275283414,4333815.840058059,-455502.3996515776,0.0,-3.81539204838239e-05
280,72,0.494025,46.833336,-6.25,86400,0.07531305652390097,0.013975709487725498,4345238.723142079,-475881.0361998027,0.0,7.960141017400651e-05
455,117,0.494025,46.91667,-6.1666565,86400,0.07534664347468634,0.013977729941123741,4339203.78529813,-468833.52373287774,0.0,6.721777572898854e-05
560,144,0.494025,47.0,-6.25,21600,0.07536630763538577,0.013966784113553484,4331787.087405169,-474407.8424903363,0.0,-5.823751221141706e-05
420,108,0.494025,46.91667,-6.25,43200,0.07534913845221866,0.013969295932675358,4338517.220887722,-475144.9119816816,0.0,2.125600151162785e-05
385,99,0.494025,46.833336,-6.0,43200,0.07546069625163603,0.013954681359324188,4347273.775744883,-456916.88569019584,0.0,-7.064066522718913e-05
595,153,0.494025,47.0,-6.1666565,21600,0.07536778534297554,0.013962520596389909,4332472.586781167,-468106.2447951276,0.0,-4.838476355905376e-05
490,126,0.494025,46.91667,-6.0833282,86400,0.07543571900469266,0.01396106342485237,4339881.045145775,-462522.2992525033,0.0,8.578768481111199e-05
560,144,0.494025,47.0,-6.25,64800,0.07531341556022147,0.01398196037876035,4331787.087405169,-474407.8424903363,0.0,-5.215007269502475e-06
70,18,0.494025,46.66667,-6.0833282,43200,0.07539363337816284,0.01396482428452207,4360023.469108121,-464668.9756583009,0.0,3.017165148626186e-05
35,9,0.494025,46.66667,-6.1666565,21600,0.0753697911745932,0.01396350224253325,4359343.065935845,-471009.49203812674,0.0,7.657855226930206e-05
70,18,0.494025,46.66667,-6.0833282,21600,0.07534331182806206,0.013973669674834549,4360023.469108121,-464668.9756583009,0.0,4.605450814486111e-05
35,9,0.494025,46.66667,-6.1666565,86400,0.07532767542523441,0.013976294732746837,4359343.065935845,-471009.49203812674,0.0,2.564276592466325e-05
595,153,0.494025,47.0,-6.1666565,64800,0.07538256730197591,0.01395996791723033,4332472.586781167,-468106.2447951276,0.0,2.5058097295432303e-05
630,162,0.494025,47.0,-6.0833282,64800,0.0754168897775431,0.01395693761148659,4333148.796028124,-461804.81061430223,0.0,-3.130750441070925e-05
665,171,0.494025,47.0,-6.0,64800,0.07618994008583296,0.014259465669767492,4333815.840058059,-455502.3996515776,0.0,1.125079990089637e-05
421,288,1.541375,46.91667,-6.25,21600,0.07527532871393634,0.013980650011569248,4338517.220887722,-475144.9119816816,0.0,2.9479228341157587e-05
491,306,1.541375,46.91667,-6.0833282,43200,0.07536354730944309,0.013967095207750274,4339881.045145775,-462522.2992525033,0.0,2.3741171818503268e-05
421,288,1.541375,46.91667,-6.25,64800,0.07536070656771676,0.013972144730038705,4338517.220887722,-475144.9119816816,0.0,4.7705489378086855e-06
246,243,1.541375,46.75,-6.0,64800,0.07537068287476628,0.013968440150014621,4353989.159796485,-457622.70099545474,0.0,2.4342177663877796e-05
421,288,1.541375,46.91667,-6.25,86400,0.07535915430821087,0.013974869971797383,4338517.220887722,-475144.9119816816,0.0,2.224471249140604e-05
526,315,1.541375,46.91667,-6.0,43200,0.07534303165886265,0.013975268688578128,4340549.125536747,-456210.0964726406,0.0,2.3356803910413046e-05
666,351,1.541375,47.0,-6.0,21600,0.07622027473280606,0.014253520206040905,4333815.840058059,-455502.3996515776,0.0,3.3268464154551566e-05
211,234,1.541375,46.75,-6.0833282,64800,0.07535251878453536,0.013968790419356716,4353319.010767862,-463954.4488188505,0.0,2.05040302439436e-05
246,243,1.541375,46.75,-6.0,43200,0.07535509163252557,0.01397040113393576,4353989.159796485,-457622.70099545474,0.0,5.489833331939993e-05
526,315,1.541375,46.91667,-6.0,21600,0.07537770530359057,0.013969266113018595,4340549.125536747,-456210.0964726406,0.0,-5.585965568836382e-06
491,306,1.541375,46.91667,-6.0833282,21600,0.07536067211744785,0.013969805403589356,4339881.045145775,-462522.2992525033,0.0,-2.628403028208862e-05
281,252,1.541375,46.833336,-6.25,21600,0.07535250144926409,0.013969703687582304,4345238.723142079,-475881.0361998027,0.0,2.5838993611847506e-05
141,216,1.541375,46.75,-6.25,21600,0.07538946754240032,0.013965606776264789,4351950.96357759,-476616.1460837916,0.0,8.151380696970292e-07
246,243,1.541375,46.75,-6.0,86400,0.07541558551479244,0.013958744239733967,4353989.159796485,-457622.70099545474,0.0,-1.9578455022360676e-05
71,198,1.541375,46.66667,-6.0833282,86400,0.07538871671982536,0.013966912550735192,4360023.469108121,-464668.9756583009,0.0,-2.380381724822624e-06
596,333,1.541375,47.0,-6.1666565,43200,0.07536693944547646,0.013961687050892766,4332472.586781167,-468106.2447951276,0.0,-3.7293342996538605e-05
561,324,1.541375,47.0,-6.25,64800,0.0753353285023206,0.013976909024405905,4331787.087405169,-474407.8424903363,0.0,8.753450474659437e-06
456,297,1.541375,46.91667,-6.1666565,64800,0.07535233525196344,0.013976608292748475,4339203.78529813,-468833.52373287774,0.0,5.457824710392463e-06
176,225,1.541375,46.75,-6.1666565,64800,0.07537070390924912,0.013964688401310306,4352639.653859386,-470285.21531356085,0.0,3.705306432425872e-05
211,234,1.541375,46.75,-6.0833282,43200,0.07541552483014405,0.013956253841795184,4353319.010767862,-463954.4488188505,0.0,-3.704661093814694e-05
141,216,1.541375,46.75,-6.25,86400,0.07535218329924226,0.013970576090074635,4351950.96357759,-476616.1460837916,0.0,2.819135389391918e-05
281,252,1.541375,46.833336,-6.25,43200,0.07534987606240345,0.013969840065591937,4345238.723142079,-475881.0361998027,0.0,-3.726031230941716e-06
596,333,1.541375,47.0,-6.1666565,64800,0.0753756372392931,0.01396462788505772,4332472.586781167,-468106.2447951276,0.0,1.5455234004247336e-07
1,180,1.541375,46.66667,-6.25,86400,0.07539378760529653,0.013960876306111567,4358653.3150161095,-477350.1729464703,0.0,3.18640747005781e-05
561,324,1.541375,47.0,-6.25,86400,0.07534687740609392,0.013969136171184346,4331787.087405169,-474407.8424903363,0.0,4.9687767972983994e-05
666,351,1.541375,47.0,-6.0,86400,0.07620668837940138,0.01425700954215872,4333815.840058059,-455502.3996515776,0.0,-2.342965230907308e-05
596,333,1.541375,47.0,-6.1666565,21600,0.0753676233109284,0.013966803331882452,4332472.586781167,-468106.2447951276,0.0,-2.0965619073721113e-05
211,234,1.541375,46.75,-6.0833282,21600,0.0754061972381346,0.013956494994595378,4353319.010767862,-463954.4488188505,0.0,-2.1027761622177184e-05
351,270,1.541375,46.833336,-6.0833282,64800,0.07533885438846401,0.013969970829722785,4346604.66032198,-463238.8677294356,0.0,1.6243902554209257e-05
666,351,1.541375,47.0,-6.0,64800,0.0762113090234321,0.014256385148619521,4333815.840058059,-455502.3996515776,0.0,8.712353265840585e-06
421,288,1.541375,46.91667,-6.25,43200,0.07536449761922163,0.013968491261100538,4338517.220887722,-475144.9119816816,0.0,8.368226125359756e-06
351,270,1.541375,46.833336,-6.0833282,43200,0.07531997086936153,0.013980801831065393,4346604.66032198,-463238.8677294356,0.0,-1.3525388376614008e-05
316,261,1.541375,46.833336,-6.1666565,64800,0.07536779249348975,0.013972979508596488,4345926.351221016,-469559.8699535443,0.0,3.5888979735458214e-05
561,324,1.541375,47.0,-6.25,21600,0.07536998096754478,0.013967973114588455,4331787.087405169,-474407.8424903363,0.0,-4.189555682023112e-05
316,261,1.541375,46.833336,-6.1666565,86400,0.07541060739833826,0.013957184004950288,4345926.351221016,-469559.8699535443,0.0,-2.922254218375418e-06
386,279,1.541375,46.833336,-6.0,64800,0.07538602699720773,0.013965846322192435,4347273.775744883,-456916.88569019584,0.0,2.6261500167128392e-05
106,207,1.541375,46.66667,-6.0,86400,0.07537486658501244,0.013966036761986394,4360694.650219674,-458327.4764384654,0.0,-2.0873135196217433e-06
316,261,1.541375,46.833336,-6.1666565,43200,0.07533451557522201,0.013973002164094297,4345926.351221016,-469559.8699535443,0.0,-2.416970228426604e-05
456,297,1.541375,46.91667,-6.1666565,86400,0.07536186702712769,0.013973648159148104,4339203.78529813,-468833.52373287774,0.0,4.2908642721621946e-05
176,225,1.541375,46.75,-6.1666565,21600,0.07537931562813639,0.013967360568099649,4352639.653859386,-470285.21531356085,0.0,-3.77102139624988e-05
281,252,1.541375,46.833336,-6.25,86400,0.07534710588616715,0.013972315550319525,4345238.723142079,-475881.0361998027,0.0,4.6835136745249884e-05
281,252,1.541375,46.833336,-6.25,64800,0.07536556323412279,0.0139694798291894,4345238.723142079,-475881.0361998027,0.0,-1.8823464651942393e-05
631,342,1.541375,47.0,-6.0833282,86400,0.07539749245421266,0.013965975621172775,4333148.796028124,-461804.81061430223,0.0,2.833839572366892e-05
631,342,1.541375,47.0,-6.0833282,21600,0.07537819768987476,0.01396152312111775,4333148.796028124,-461804.81061430223,0.0,3.078008107563267e-05
456,297,1.541375,46.91667,-6.1666565,43200,0.07535517865325216,0.013973572875337906,4339203.78529813,-468833.52373287774,0.0,6.5478019211569475e-06
246,243,1.541375,46.75,-6.0,21600,0.07537737670238996,0.013968130136584881,4353989.159796485,-457622.70099545474,0.0,-2.8443412881346476e-06
351,270,1.541375,46.833336,-6.0833282,86400,0.07532932294526128,0.013976146851911654,4346604.66032198,-463238.8677294356,0.0,-2.0485980955061495e-05
561,324,1.541375,47.0,-6.25,43200,0.07540494982347658,0.013959616288579514,4331787.087405169,-474407.8424903363,0.0,8.019735552937e-06
456,297,1.541375,46.91667,-6.1666565,21600,0.07537371381313566,0.013963841789453842,4339203.78529813,-468833.52373287774,0.0,-1.9863368433532678e-05
106,207,1.541375,46.66667,-6.0,21600,0.07534352049726604,0.013971370206445429,4360694.650219674,-458327.4764384654,0.0,-1.7978574128496795e-05
526,315,1.541375,46.91667,-6.0,64800,0.0753442973573246,0.013970098176379916,4340549.125536747,-456210.0964726406,0.0,-3.33669497233055e-05
71,198,1.541375,46.66667,-6.0833282,21600,0.07536242574018072,0.013971222697552797,4360023.469108121,-464668.9756583009,0.0,2.5532181518582275e-05
596,333,1.541375,47.0,-6.1666565,86400,0.07533945539074524,0.01396924229252674,4332472.586781167,-468106.2447951276,0.0,1.3684091307955232e-05
211,234,1.541375,46.75,-6.0833282,86400,0.07535902609456922,0.013971399262739425,4353319.010767862,-463954.4488188505,0.0,-4.0737574357176535e-06
666,351,1.541375,47.0,-6.0,43200,0.07620007066078859,0.01425617387894152,4333815.840058059,-455502.3996515776,0.0,1.549704450704454e-05
36,189,1.541375,46.66667,-6.1666565,43200,0.07538435115143356,0.013962631453926053,4359343.065935845,-471009.49203812674,0.0,-9.238922824431241e-06
106,207,1.541375,46.66667,-6.0,64800,0.07538163943062455,0.013969284568182758,4360694.650219674,-458327.4764384654,0.0,2.1909527055867787e-05
631,342,1.541375,47.0,-6.0833282,64800,0.07538909123045949,0.013964045821616493,4333148.796028124,-461804.81061430223,0.0,-2.3352713984874735e-05
141,216,1.541375,46.75,-6.25,64800,0.07536134690603195,0.013966516020920167,4351950.96357759,-476616.1460837916,0.0,-1.0868149599450454e-05
176,225,1.541375,46.75,-6.1666565,86400,0.07538153495297917,0.013967044904174747,4352639.653859386,-470285.21531356085,0.0,6.338452003586483e-07
106,207,1.541375,46.66667,-6.0,43200,0.07540526139557943,0.013962318855633935,4360694.650219674,-458327.4764384654,0.0,1.0533634984192252e-05
351,270,1.541375,46.833336,-6.0833282,21600,0.07539483392964018,0.013961925763844115,4346604.66032198,-463238.8677294356,0.0,8.098962984761419e-06
1,180,1.541375,46.66667,-6.25,21600,0.07537984769538769,0.01396698685221761,4358653.3150161095,-477350.1729464703,0.0,-1.0501919532131206e-05
386,279,1.541375,46.833336,-6.0,86400,0.07540273177167345,0.013955968686652977,4347273.775744883,-456916.88569019584,0.0,-1.222336958070258e-05
386,279,1.541375,46.833336,-6.0,21600,0.07538635863951247,0.013965842442542377,4347273.775744883,-456916.88569019584,0.0,4.4146132168811744e-05
36,189,1.541375,46.66667,-6.1666565,64800,0.07534518192797357,0.013972506490100832,4359343.065935845,-471009.49203812674,0.0,2.0931878349260092e-05
36,189,1.541375,46.66667,-6.1666565,86400,0.07533944315379464,0.013973859327455209,4359343.065935845,-471009.49203812674,0.0,1.0124861091415645e-05
71,198,1.541375,46.66667,-6.0833282,64800,0.07532890702035279,0.013973373668967731,4360023.469108121,-464668.9756583009,0.0,5.464055473478406e-06
71,198,1.541375,46.66667,-6.0833282,43200,0.07537621714345574,0.01396883610061266,4360023.469108121,-464668.9756583009,0.0,1.8976216635237343e-05
1,180,1.541375,46.66667,-6.25,64800,0.07537677696203741,0.013965272888499351,4358653.3150161095,-477350.1729464703,0.0,1.682772997557111e-05
141,216,1.541375,46.75,-6.25,43200,0.07538179060774737,0.013962448461874208,4351950.96357759,-476616.1460837916,0.0,4.326761414952858e-06
386,279,1.541375,46.833336,-6.0,43200,0.07541899401306934,0.013962092615591202,4347273.775744883,-456916.88569019584,0.0,-4.4553661294493976e-05
491,306,1.541375,46.91667,-6.0833282,64800,0.07538954372544467,0.013959898962813756,4339881.045145775,-462522.2992525033,0.0,-8.717274491080508e-06
631,342,1.541375,47.0,-6.0833282,43200,0.07536920353603195,0.013967367351296622,4333148.796028124,-461804.81061430223,0.0,-5.0994401722815833e-05
491,306,1.541375,46.91667,-6.0833282,86400,0.07539977339176154,0.013966045914417165,4339881.045145775,-462522.2992525033,0.0,3.682731028504621e-05
36,189,1.541375,46.66667,-6.1666565,21600,0.0753725546703272,0.013966859346531297,4359343.065935845,-471009.49203812674,0.0,3.0344061379337905e-05
1,180,1.541375,46.66667,-6.25,43200,0.07537353729643813,0.01396631164151069,4358653.3150161095,-477350.1729464703,0.0,-1.3677218123654677e-05
526,315,1.541375,46.91667,-6.0,86400,0.07538365529045513,0.01396414183090082,4340549.125536747,-456210.0964726406,0.0,-1.8323301390676555e-06
176,225,1.541375,46.75,-6.1666565,43200,0.07536694086911923,0.013965842966638485,4352639.653859386,-470285.21531356085,0.0,3.429192767303907e-05
316,261,1.541375,46.833336,-6.1666565,21600,0.07537067346459274,0.013969615346356757,4345926.351221016,-469559.8699535443,0.0,5.420394043445087e-05
37,369,2.645669,46.66667,-6.1666565,21600,0.07537442914493193,0.013969792265503466,4359343.065935845,-471009.49203812674,0.0,1.0321265887491347e-05
632,522,2.645669,47.0,-6.0833282,64800,0.07537772209276968,0.013968635936810164,4333148.796028124,-461804.81061430223,0.0,-1.8443037426907943e-05
107,387,2.645669,46.66667,-6.0,86400,0.07537412439209047,0.013969733642224438,4360694.650219674,-458327.4764384654,0.0,4.115666553291119e-06
562,504,2.645669,47.0,-6.25,43200,0.07538598367912025,0.013966745818651899,4331787.087405169,-474407.8424903363,0.0,1.1538529384477996e-05
352,450,2.645669,46.833336,-6.0833282,21600,0.07538306006106114,0.013967104707740189,4346604.66032198,-463238.8677294356,0.0,1.110119686887121e-06
387,459,2.645669,46.833336,-6.0,21600,0.07537660964516345,0.01397049781404433,4347273.775744883,-456916.88569019584,0.0,2.9585634453213245e-05
422,468,2.645669,46.91667,-6.25,43200,0.07537205902257488,0.013969659008618263,4338517.220887722,-475144.9119816816,0.0,2.674459230979696e-06
2,360,2.645669,46.66667,-6.25,64800,0.07537509350185999,0.013967864306979232,4358653.3150161095,-477350.1729464703,0.0,1.0904097843419899e-05
492,486,2.645669,46.91667,-6.0833282,86400,0.07538368751575768,0.013969744864495892,4339881.045145775,-462522.2992525033,0.0,1.5302970728719277e-05
597,513,2.645669,47.0,-6.1666565,43200,0.07536959430898378,0.01396663223281341,4332472.586781167,-468106.2447951276,0.0,-2.5939220445543754e-05
212,414,2.645669,46.75,-6.0833282,21600,0.07539331776099839,0.013963197696988651,4353319.010767862,-463954.4488188505,0.0,-1.4487866518845737e-05
177,405,2.645669,46.75,-6.1666565,64800,0.07536823131488952,0.013969419143573431,4352639.653859386,-470285.21531356085,0.0,1.3563325897960174e-05
72,378,2.645669,46.66667,-6.0833282,64800,0.07534305241593113,0.013973962254316644,4360023.469108121,-464668.9756583009,0.0,5.52631863988989e-06
37,369,2.645669,46.66667,-6.1666565,64800,0.07535906772204848,0.013972980049431143,4359343.065935845,-471009.49203812674,0.0,2.314418057931956e-05
177,405,2.645669,46.75,-6.1666565,86400,0.07537412101743768,0.013970430945748546,4352639.653859386,-470285.21531356085,0.0,-6.03718332573619e-06
562,504,2.645669,47.0,-6.25,86400,0.07535637988729117,0.013971379205427098,4331787.087405169,-474407.8424903363,0.0,2.7991531945780034e-05
317,441,2.645669,46.833336,-6.1666565,64800,0.07536777819041632,0.013973301035918003,4345926.351221016,-469559.8699535443,0.0,2.496026328904608e-05
387,459,2.645669,46.833336,-6.0,43200,0.07539862959701389,0.013967165670712132,4347273.775744883,-456916.88569019584,0.0,-3.064982379274274e-05
282,432,2.645669,46.833336,-6.25,86400,0.07536369198833982,0.013972104112384942,4345238.723142079,-475881.0361998027,0.0,2.9466654692457137e-05
212,414,2.645669,46.75,-6.0833282,64800,0.07535652289045408,0.013971557994207526,4353319.010767862,-463954.4488188505,0.0,1.3093895003555783e-05
527,495,2.645669,46.91667,-6.0,43200,0.07535246024132916,0.013975748677302656,4340549.125536747,-456210.0964726406,0.0,1.0507407522760078e-05
422,468,2.645669,46.91667,-6.25,21600,0.07531055723738221,0.013978330411565279,4338517.220887722,-475144.9119816816,0.0,1.2241718176515624e-05
142,396,2.645669,46.75,-6.25,64800,0.07537013397761205,0.013968719280412559,4351950.96357759,-476616.1460837916,0.0,-1.0822394834622963e-05
597,513,2.645669,47.0,-6.1666565,64800,0.07537334082007614,0.013968330800807104,4332472.586781167,-468106.2447951276,0.0,-9.850921811975538e-06
492,486,2.645669,46.91667,-6.0833282,21600,0.07536818419622934,0.01397131110623201,4339881.045145775,-462522.2992525033,0.0,-1.9421044333901492e-05
317,441,2.645669,46.833336,-6.1666565,21600,0.07536950991364008,0.013972387354176559,4345926.351221016,-469559.8699535443,0.0,3.374026957582349e-05
247,423,2.645669,46.75,-6.0,64800,0.0753680292065822,0.01397108575839894,4353989.159796485,-457622.70099545474,0.0,1.860747989744288e-05
492,486,2.645669,46.91667,-6.0833282,43200,0.07536542416678005,0.013969965244164113,4339881.045145775,-462522.2992525033,0.0,1.8754783539884424e-05
212,414,2.645669,46.75,-6.0833282,86400,0.07537197996088722,0.013970799324446828,4353319.010767862,-463954.4488188505,0.0,-4.931352091789264e-06
142,396,2.645669,46.75,-6.25,86400,0.07536366442060123,0.013970920462371028,4351950.96357759,-476616.1460837916,0.0,1.9491967063264036e-05
527,495,2.645669,46.91667,-6.0,21600,0.0753789352012744,0.013970909999606252,4340549.125536747,-456210.0964726406,0.0,-5.917842693931993e-06
457,477,2.645669,46.91667,-6.1666565,21600,0.07537588105792108,0.013967007020233955,4339203.78529813,-468833.52373287774,0.0,-1.0546351919138135e-05
247,423,2.645669,46.75,-6.0,86400,0.0754070712869371,0.013962268901736505,4353989.159796485,-457622.70099545474,0.0,-1.6089190168111643e-05
457,477,2.645669,46.91667,-6.1666565,43200,0.07536076170114518,0.01397471631957622,4339203.78529813,-468833.52373287774,0.0,1.0272841535693297e-05
667,531,2.645669,47.0,-6.0,43200,0.07620977073269873,0.014255389367207699,4333815.840058059,-455502.3996515776,0.0,1.2926538185405778e-05
282,432,2.645669,46.833336,-6.25,21600,0.0753618389999609,0.01397169377321475,4345238.723142079,-475881.0361998027,0.0,1.5880457980090053e-05
107,387,2.645669,46.66667,-6.0,64800,0.07538460618929152,0.013969135009861501,4360694.650219674,-458327.4764384654,0.0,2.2274715424177454e-05
527,495,2.645669,46.91667,-6.0,86400,0.07538087010980064,0.013968108055854044,4340549.125536747,-456210.0964726406,0.0,8.267529804537252e-07
282,432,2.645669,46.833336,-6.25,64800,0.0753705573998354,0.01397032673397161,4345238.723142079,-475881.0361998027,0.0,-9.35258278609055e-06
632,522,2.645669,47.0,-6.0833282,43200,0.07537101115930588,0.013969299121073706,4333148.796028124,-461804.81061430223,0.0,-2.842729679986807e-05
632,522,2.645669,47.0,-6.0833282,86400,0.07539049205288252,0.013968232818377755,4333148.796028124,-461804.81061430223,0.0,1.7786310370216353e-05
457,477,2.645669,46.91667,-6.1666565,86400,0.07536972028418816,0.013972919783569048,4339203.78529813,-468833.52373287774,0.0,3.049734281812277e-05
247,423,2.645669,46.75,-6.0,21600,0.07538163854955185,0.01396951136901174,4353989.159796485,-457622.70099545474,0.0,-4.5608613178547435e-06
562,504,2.645669,47.0,-6.25,21600,0.07537221536551826,0.013969973180471397,4331787.087405169,-474407.8424903363,0.0,-3.11128115453653e-05
142,396,2.645669,46.75,-6.25,21600,0.07538283993975882,0.013969405580977699,4351950.96357759,-476616.1460837916,0.0,-1.1408328854560651e-06
177,405,2.645669,46.75,-6.1666565,43200,0.07536550097997975,0.013970519893581654,4352639.653859386,-470285.21531356085,0.0,2.4858129355040085e-05
527,495,2.645669,46.91667,-6.0,64800,0.07536693039032981,0.013970251699662622,4340549.125536747,-456210.0964726406,0.0,-2.666809584338229e-05
37,369,2.645669,46.66667,-6.1666565,43200,0.07538063065219197,0.013966724770016014,4359343.065935845,-471009.49203812674,0.0,-4.6266610885485e-06
212,414,2.645669,46.75,-6.0833282,43200,0.07540087709318354,0.013962296657618289,4353319.010767862,-463954.4488188505,0.0,-2.0340688861633126e-05
352,450,2.645669,46.833336,-6.0833282,86400,0.07535057049820645,0.01397430399406814,4346604.66032198,-463238.8677294356,0.0,-1.7155852250268934e-05
597,513,2.645669,47.0,-6.1666565,86400,0.07534961454413966,0.013971747573320722,4332472.586781167,-468106.2447951276,0.0,6.626608393144434e-06
177,405,2.645669,46.75,-6.1666565,21600,0.07537655556280824,0.013970471920965632,4352639.653859386,-470285.21531356085,0.0,-1.4910869820265663e-05
667,531,2.645669,47.0,-6.0,21600,0.07622168117013801,0.014253157526476296,4333815.840058059,-455502.3996515776,0.0,2.722404950633321e-05
317,441,2.645669,46.833336,-6.1666565,86400,0.07539606817915384,0.013962975588646205,4345926.351221016,-469559.8699535443,0.0,1.3950978029948648e-06
422,468,2.645669,46.91667,-6.25,64800,0.07536607572966976,0.013972868627549283,4338517.220887722,-475144.9119816816,0.0,2.4284806778467096e-06
387,459,2.645669,46.833336,-6.0,64800,0.07538072950464043,0.01396891807968734,4347273.775744883,-456916.88569019584,0.0,1.3100539640035235e-05
422,468,2.645669,46.91667,-6.25,86400,0.07536241107996361,0.013975540309452552,4338517.220887722,-475144.9119816816,0.0,1.7529644766345777e-05
632,522,2.645669,47.0,-6.0833282,21600,0.07537262501782092,0.01396660563204364,4333148.796028124,-461804.81061430223,0.0,1.7475942929269094e-05
492,486,2.645669,46.91667,-6.0833282,64800,0.07538531038657764,0.013964690103234902,4339881.045145775,-462522.2992525033,0.0,-5.528432068722134e-06
142,396,2.645669,46.75,-6.25,43200,0.07537472801231755,0.013967124801692769,4351950.96357759,-476616.1460837916,0.0,-2.4966015551145394e-06
2,360,2.645669,46.66667,-6.25,43200,0.0753780949957498,0.013969059068684146,4358653.3150161095,-477350.1729464703,0.0,-9.717277078356983e-06
107,387,2.645669,46.66667,-6.0,21600,0.07535900680380864,0.013971562191768531,4360694.650219674,-458327.4764384654,0.0,-5.088947511024971e-06
457,477,2.645669,46.91667,-6.1666565,64800,0.07535783790006662,0.013976220744195786,4339203.78529813,-468833.52373287774,0.0,-1.0710126339186546e-06
317,441,2.645669,46.833336,-6.1666565,43200,0.07535107232356689,0.013973536205938455,4345926.351221016,-469559.8699535443,0.0,-1.697707934788099e-05
352,450,2.645669,46.833336,-6.0833282,43200,0.0753472035509804,0.013976645533662986,4346604.66032198,-463238.8677294356,0.0,-3.356220317298745e-06
667,531,2.645669,47.0,-6.0,86400,0.07620845013559192,0.01425574133612876,4333815.840058059,-455502.3996515776,0.0,-1.572042592138727e-05
667,531,2.645669,47.0,-6.0,64800,0.07622094835926073,0.01425454943822047,4333815.840058059,-455502.3996515776,0.0,7.228638951569435e-06
72,378,2.645669,46.66667,-6.0833282,43200,0.07536941058511037,0.01397183163187616,4360023.469108121,-464668.9756583009,0.0,1.2990103867146857e-05
2,360,2.645669,46.66667,-6.25,86400,0.07538108198625992,0.013966193544472342,4358653.3150161095,-477350.1729464703,0.0,2.401295025003733e-05
72,378,2.645669,46.66667,-6.0833282,21600,0.0753707783874427,0.01397163778405428,4360023.469108121,-464668.9756583009,0.0,1.5152209654792848e-05
37,369,2.645669,46.66667,-6.1666565,86400,0.07534796558959099,0.013973890662091253,4359343.065935845,-471009.49203812674,0.0,3.403857994019595e-06
597,513,2.645669,47.0,-6.1666565,21600,0.07536891853369788,0.01396999395380068,4332472.586781167,-468106.2447951276,0.0,-8.31746655294608e-06
352,450,2.645669,46.833336,-6.0833282,64800,0.07535055166019426,0.013971799741836443,4346604.66032198,-463238.8677294356,0.0,1.7233918935541867e-05
247,423,2.645669,46.75,-6.0,43200,0.07536675217501251,0.013970126399509808,4353989.159796485,-457622.70099545474,0.0,4.247144869654347e-05
72,378,2.645669,46.66667,-6.0833282,86400,0.07538361547218433,0.013970297687790704,4360023.469108121,-464668.9756583009,0.0,4.510036234003695e-06
282,432,2.645669,46.833336,-6.25,43200,0.07536495597012034,0.013969928377157418,4345238.723142079,-475881.0361998027,0.0,-6.62067124444363e-06
562,504,2.645669,47.0,-6.25,64800,0.07534800789746324,0.01397572597555722,4331787.087405169,-474407.8424903363,0.0,1.3449808915845736e-05
387,459,2.645669,46.833336,-6.0,86400,0.07539288399084534,0.013963343888974298,4347273.775744883,-456916.88569019584,0.0,-8.906885658181878e-06
2,360,2.645669,46.66667,-6.25,21600,0.07538661986676207,0.013968640613527284,4358653.3150161095,-477350.1729464703,0.0,-1.22123343289199e-05
107,387,2.645669,46.66667,-6.0,43200,0.07539224761445498,0.013967099215120012,4360694.650219674,-458327.4764384654,0.0,4.813195497423008e-06
353,630,3.819495,46.833336,-6.0833282,86400,0.07536219762264518,0.01397480850049625,4346604.66032198,-463238.8677294356,0.0,-1.4066201105318412e-05
213,594,3.819495,46.75,-6.0833282,43200,0.07539342767595646,0.013967084649402967,4353319.010767862,-463954.4488188505,0.0,-1.179322316071977e-05
598,693,3.819495,47.0,-6.1666565,43200,0.07537170440631757,0.01397058041028797,4332472.586781167,-468106.2447951276,0.0,-1.9320160990105546e-05
458,657,3.819495,46.91667,-6.1666565,21600,0.07537745614694749,0.013970163459755118,4339203.78529813,-468833.52373287774,0.0,-6.086394170411214e-06
563,684,3.819495,47.0,-6.25,43200,0.07537842991527761,0.013971430204300918,4331787.087405169,-474407.8424903363,0.0,1.1786553052871524e-05
458,657,3.819495,46.91667,-6.1666565,64800,0.07536250781093004,0.013977096719588899,4339203.78529813,-468833.52373287774,0.0,-3.5257393811050583e-06
493,666,3.819495,46.91667,-6.0833282,64800,0.07538363849013328,0.013968653110240618,4339881.045145775,-462522.2992525033,0.0,-3.88431960921317e-06
178,585,3.819495,46.75,-6.1666565,64800,0.07536853770807367,0.013973008827067812,4352639.653859386,-470285.21531356085,0.0,3.3022294404304227e-06
3,540,3.819495,46.66667,-6.25,43200,0.07538004831742152,0.013971882706806113,4358653.3150161095,-477350.1729464703,0.0,-6.9832927412367715e-06
633,702,3.819495,47.0,-6.0833282,43200,0.07537294278698811,0.013971754459107715,4333148.796028124,-461804.81061430223,0.0,-1.718089175823744e-05
633,702,3.819495,47.0,-6.0833282,64800,0.07537406379577055,0.013972157820016668,4333148.796028124,-461804.81061430223,0.0,-1.4838130331568111e-05
73,558,3.819495,46.66667,-6.0833282,86400,0.0753814499852628,0.01397328543634859,4360023.469108121,-464668.9756583009,0.0,6.311447427987495e-06
563,684,3.819495,47.0,-6.25,86400,0.07536275770567567,0.013973733543316958,4331787.087405169,-474407.8424903363,0.0,1.6923491991293107e-05
178,585,3.819495,46.75,-6.1666565,43200,0.07536714279832958,0.013973836496077453,4352639.653859386,-470285.21531356085,0.0,1.8831537640557887e-05
178,585,3.819495,46.75,-6.1666565,86400,0.07537223649765401,0.0139733219412523,4352639.653859386,-470285.21531356085,0.0,-8.10949842919184e-06
73,558,3.819495,46.66667,-6.0833282,43200,0.07536790107324769,0.013974472912913254,4360023.469108121,-464668.9756583009,0.0,9.669830036092767e-06
38,549,3.819495,46.66667,-6.1666565,86400,0.07535472457339984,0.013975210291638809,4359343.065935845,-471009.49203812674,0.0,7.374278463168759e-07
388,639,3.819495,46.833336,-6.0,86400,0.07538846505151804,0.013968448841431181,4347273.775744883,-456916.88569019584,0.0,-6.986005778683685e-06
388,639,3.819495,46.833336,-6.0,21600,0.07537388876643375,0.013973822179878892,4347273.775744883,-456916.88569019584,0.0,2.148365805097915e-05
353,630,3.819495,46.833336,-6.0833282,21600,0.07537854278836378,0.013971039932401588,4346604.66032198,-463238.8677294356,0.0,-1.3953124960528297e-06
73,558,3.819495,46.66667,-6.0833282,64800,0.07535190556437973,0.01397554761115334,4360023.469108121,-464668.9756583009,0.0,4.68511217549751e-06
3,540,3.819495,46.66667,-6.25,64800,0.07537474256095711,0.01397083191554453,4358653.3150161095,-477350.1729464703,0.0,7.772370192370849e-06
108,567,3.819495,46.66667,-6.0,43200,0.07538646596692242,0.013970880791051363,4360694.650219674,-458327.4764384654,0.0,2.2534309355052314e-06
633,702,3.819495,47.0,-6.0833282,86400,0.0753872493962292,0.013970958034493743,4333148.796028124,-461804.81061430223,0.0,1.1805323292518883e-05
38,549,3.819495,46.66667,-6.1666565,43200,0.07537950457378555,0.013970294811996565,4359343.065935845,-471009.49203812674,0.0,-2.1575733144698905e-06
528,675,3.819495,46.91667,-6.0,64800,0.07537748532623813,0.013971880170056876,4340549.125536747,-456210.0964726406,0.0,-2.1520134537598487e-05
108,567,3.819495,46.66667,-6.0,64800,0.07538558195919033,0.013970849576676214,4360694.650219674,-458327.4764384654,0.0,2.0091957331238657e-05
668,711,3.819495,47.0,-6.0,43200,0.07621479765499743,0.014254513362096773,4333815.840058059,-455502.3996515776,0.0,1.062068546049862e-05
3,540,3.819495,46.66667,-6.25,21600,0.07538888555821305,0.013971068699195198,4358653.3150161095,-477350.1729464703,0.0,-1.164913544142706e-05
598,693,3.819495,47.0,-6.1666565,86400,0.0753567412887572,0.013974181918012717,4332472.586781167,-468106.2447951276,0.0,3.54978160292352e-06
38,549,3.819495,46.66667,-6.1666565,21600,0.07537594106037748,0.013972610675404059,4359343.065935845,-471009.49203812674,0.0,2.4428419186085063e-06
108,567,3.819495,46.66667,-6.0,21600,0.07536738410569697,0.013973197466110317,4360694.650219674,-458327.4764384654,0.0,2.7548466641151117e-07
143,576,3.819495,46.75,-6.25,64800,0.07537506634866974,0.013971263190875468,4351950.96357759,-476616.1460837916,0.0,-9.602176542984845e-06
283,612,3.819495,46.833336,-6.25,21600,0.07536686563246471,0.013974054133489788,4345238.723142079,-475881.0361998027,0.0,1.0450687643409197e-05
213,594,3.819495,46.75,-6.0833282,86400,0.0753779519071258,0.013972126595771567,4353319.010767862,-463954.4488188505,0.0,-5.167924061329266e-06
73,558,3.819495,46.66667,-6.0833282,21600,0.07537451108592527,0.013973439646851271,4360023.469108121,-464668.9756583009,0.0,9.672964749164255e-06
143,576,3.819495,46.75,-6.25,43200,0.0753728208739292,0.013970861400058626,4351950.96357759,-476616.1460837916,0.0,-5.064875204863112e-06
423,648,3.819495,46.91667,-6.25,21600,0.07533103688891167,0.013978333453400986,4338517.220887722,-475144.9119816816,0.0,4.270245710767087e-06
318,621,3.819495,46.833336,-6.1666565,21600,0.07537047531330433,0.013974894473319061,4345926.351221016,-469559.8699535443,0.0,2.27369004063029e-05
528,675,3.819495,46.91667,-6.0,86400,0.07537969399328945,0.013971600328435125,4340549.125536747,-456210.0964726406,0.0,1.8040316068449354e-06
493,666,3.819495,46.91667,-6.0833282,86400,0.07537739281590987,0.013972890289362837,4339881.045145775,-462522.2992525033,0.0,6.33730345554495e-06
563,684,3.819495,47.0,-6.25,64800,0.07535630330754854,0.013976432287786696,4331787.087405169,-474407.8424903363,0.0,1.404153689140103e-05
633,702,3.819495,47.0,-6.0833282,21600,0.075371459172249,0.01397056064729426,4333148.796028124,-461804.81061430223,0.0,1.0728560608900229e-05
423,648,3.819495,46.91667,-6.25,86400,0.07536564412416008,0.01397695727416477,4338517.220887722,-475144.9119816816,0.0,1.3833316964496385e-05
458,657,3.819495,46.91667,-6.1666565,86400,0.07537392420511628,0.013973995267616047,4339203.78529813,-468833.52373287774,0.0,2.3514099343420557e-05
38,549,3.819495,46.66667,-6.1666565,64800,0.07536689600926229,0.013974506735700762,4359343.065935845,-471009.49203812674,0.0,2.1889333996342932e-05
528,675,3.819495,46.91667,-6.0,21600,0.07537963949320414,0.01397313657664957,4340549.125536747,-456210.0964726406,0.0,-5.286808447418881e-06
318,621,3.819495,46.833336,-6.1666565,64800,0.07536901830163248,0.013974833905268455,4345926.351221016,-469559.8699535443,0.0,1.844814469866219e-05
668,711,3.819495,47.0,-6.0,86400,0.07621096052320993,0.01425464697082301,4333815.840058059,-455502.3996515776,0.0,-1.1457085439049989e-05
458,657,3.819495,46.91667,-6.1666565,43200,0.07536519428604278,0.01397633202480843,4339203.78529813,-468833.52373287774,0.0,1.0481197182542389e-05
248,603,3.819495,46.75,-6.0,21600,0.07538366711605236,0.013971727519062357,4353989.159796485,-457622.70099545474,0.0,-4.9737802455119534e-06
283,612,3.819495,46.833336,-6.25,43200,0.07537228803247806,0.013971680567821484,4345238.723142079,-475881.0361998027,0.0,-6.941521042811254e-06
318,621,3.819495,46.833336,-6.1666565,43200,0.07536027842745222,0.013975117929053012,4345926.351221016,-469559.8699535443,0.0,-1.3153826261769307e-05
143,576,3.819495,46.75,-6.25,21600,0.07538009930823106,0.013972631438890732,4351950.96357759,-476616.1460837916,0.0,-1.6531167086335393e-06
388,639,3.819495,46.833336,-6.0,64800,0.07537870685100655,0.013971886198431208,4347273.775744883,-456916.88569019584,0.0,6.688091823396713e-06
108,567,3.819495,46.66667,-6.0,86400,0.07537449285442158,0.01397286005219779,4360694.650219674,-458327.4764384654,0.0,6.462949000881231e-06
318,621,3.819495,46.833336,-6.1666565,86400,0.07538928835164205,0.013967516462401682,4345926.351221016,-469559.8699535443,0.0,3.1695143637390676e-06
283,612,3.819495,46.833336,-6.25,64800,0.07537359072707225,0.01397230724820421,4345238.723142079,-475881.0361998027,0.0,-5.0197932953107354e-06
423,648,3.819495,46.91667,-6.25,43200,0.07537598184367562,0.013971828692492371,4338517.220887722,-475144.9119816816,0.0,2.387727120286827e-07
283,612,3.819495,46.833336,-6.25,86400,0.07537179215736611,0.013973528859231884,4345238.723142079,-475881.0361998027,0.0,1.984007269234878e-05
493,666,3.819495,46.91667,-6.0833282,43200,0.07536780452822048,0.01397271727867484,4339881.045145775,-462522.2992525033,0.0,1.5187903366074374e-05
248,603,3.819495,46.75,-6.0,64800,0.07536855510011681,0.013973637277484909,4353989.159796485,-457622.70099545474,0.0,1.4718256016088876e-05
563,684,3.819495,47.0,-6.25,21600,0.0753739602226255,0.013972433334497268,4331787.087405169,-474407.8424903363,0.0,-2.3699237391548443e-05
353,630,3.819495,46.833336,-6.0833282,43200,0.07536112154240897,0.013976125985898346,4346604.66032198,-463238.8677294356,0.0,5.945891193695717e-07
248,603,3.819495,46.75,-6.0,86400,0.07540129088690972,0.013966056430399793,4353989.159796485,-457622.70099545474,0.0,-1.3124961242074251e-05
143,576,3.819495,46.75,-6.25,86400,0.07537011221602057,0.013972594417727188,4351950.96357759,-476616.1460837916,0.0,1.4183359583505497e-05
248,603,3.819495,46.75,-6.0,43200,0.07537247830528537,0.013971767643325816,4353989.159796485,-457622.70099545474,0.0,3.35665673490267e-05
388,639,3.819495,46.833336,-6.0,43200,0.07538915470428766,0.013971107568367763,4347273.775744883,-456916.88569019584,0.0,-2.27522876856573e-05
493,666,3.819495,46.91667,-6.0833282,21600,0.07537245098382223,0.01397345171559861,4339881.045145775,-462522.2992525033,0.0,-1.4445107992602885e-05
598,693,3.819495,47.0,-6.1666565,64800,0.07537333894895275,0.013971619558695938,4332472.586781167,-468106.2447951276,0.0,-1.2815164970645438e-05
668,711,3.819495,47.0,-6.0,21600,0.07622230642511815,0.01425271068018909,4333815.840058059,-455502.3996515776,0.0,2.2141168647725265e-05
598,693,3.819495,47.0,-6.1666565,21600,0.07537068924462464,0.013972853116618007,4332472.586781167,-468106.2447951276,0.0,-2.706152641477947e-06
213,594,3.819495,46.75,-6.0833282,64800,0.07536056880582055,0.013974129449338483,4353319.010767862,-463954.4488188505,0.0,9.267452345102315e-06
178,585,3.819495,46.75,-6.1666565,21600,0.07537581476845,0.013973339972608185,4352639.653859386,-470285.21531356085,0.0,-4.559263413318142e-06
3,540,3.819495,46.66667,-6.25,86400,0.07537617410292316,0.013970311221501872,4358653.3150161095,-477350.1729464703,0.0,1.8791525650547622e-05
423,648,3.819495,46.91667,-6.25,64800,0.07536989319006121,0.013974531430330598,4338517.220887722,-475144.9119816816,0.0,1.6267163233905847e-06
668,711,3.819495,47.0,-6.0,64800,0.07622493376122028,0.014253352298084077,4333815.840058059,-455502.3996515776,0.0,6.210524630125023e-06
528,675,3.819495,46.91667,-6.0,43200,0.07535894674718037,0.013977070769643702,4340549.125536747,-456210.0964726406,0.0,4.50762044237375e-06
353,630,3.819495,46.833336,-6.0833282,64800,0.07535833459077693,0.013974012272927097,4346604.66032198,-463238.8677294356,0.0,1.570458791468647e-05
213,594,3.819495,46.75,-6.0833282,21600,0.07538731064071844,0.013968078307131903,4353319.010767862,-463954.4488188505,0.0,-1.0854927314538677e-05
669,891,5.078224,47.0,-6.0,86400,0.07621343661777197,0.014253669222378943,4333815.840058059,-455502.3996515776,0.0,-8.858773873891786e-06
424,828,5.078224,46.91667,-6.25,43200,0.07537831243137826,0.013974557373841819,4338517.220887722,-475144.9119816816,0.0,-7.599544622998987e-07
354,810,5.078224,46.833336,-6.0833282,43200,0.07536867629898802,0.013977451106490664,4346604.66032198,-463238.8677294356,0.0,1.7115317483939622e-06
564,864,5.078224,47.0,-6.25,21600,0.07537561724912711,0.01397521156570504,4331787.087405169,-474407.8424903363,0.0,-1.8335112480422552e-05
39,729,5.078224,46.66667,-6.1666565,21600,0.07537735847739718,0.013975493442611862,4359343.065935845,-471009.49203812674,0.0,-1.045037610597018e-07
669,891,5.078224,47.0,-6.0,64800,0.0762262808843886,0.014252470714239986,4333815.840058059,-455502.3996515776,0.0,5.386583597853591e-06
389,819,5.078224,46.833336,-6.0,43200,0.07538515061142942,0.013974581872102883,4347273.775744883,-456916.88569019584,0.0,-1.779874597121881e-05
74,738,5.078224,46.66667,-6.0833282,43200,0.07536895520765811,0.013977097887887289,4360023.469108121,-464668.9756583009,0.0,7.663916547479268e-06
39,729,5.078224,46.66667,-6.1666565,43200,0.07537953762927788,0.013973726053865208,4359343.065935845,-471009.49203812674,0.0,-9.110887410398951e-07
389,819,5.078224,46.833336,-6.0,86400,0.07538657266322418,0.013972593761828656,4347273.775744883,-456916.88569019584,0.0,-5.736061273249495e-06
319,801,5.078224,46.833336,-6.1666565,43200,0.07536601461169751,0.013977310462484273,4345926.351221016,-469559.8699535443,0.0,-1.0730046901666291e-05
109,747,5.078224,46.66667,-6.0,43200,0.07538424012155899,0.013974284894835712,4360694.650219674,-458327.4764384654,0.0,1.0593093059835246e-06
389,819,5.078224,46.833336,-6.0,21600,0.07537430231939563,0.013976695615071665,4347273.775744883,-456916.88569019584,0.0,1.652043202117636e-05
4,720,5.078224,46.66667,-6.25,64800,0.07537536298742062,0.013974001997357462,4358653.3150161095,-477350.1729464703,0.0,5.8937539554330195e-06
599,873,5.078224,47.0,-6.1666565,21600,0.07537263449429361,0.013975718663654624,4332472.586781167,-468106.2447951276,0.0,-3.4430688290276127e-07
214,774,5.078224,46.75,-6.0833282,43200,0.07538970262420931,0.013971295043736964,4353319.010767862,-463954.4488188505,0.0,-7.303510587587214e-06
459,837,5.078224,46.91667,-6.1666565,86400,0.07537644294050919,0.013976078268771513,4339203.78529813,-468833.52373287774,0.0,1.8988777312477865e-05
249,783,5.078224,46.75,-6.0,86400,0.07539728921558907,0.013970001739271378,4353989.159796485,-457622.70099545474,0.0,-1.060629545475082e-05
669,891,5.078224,47.0,-6.0,21600,0.07622255941242033,0.0142522122151395,4333815.840058059,-455502.3996515776,0.0,1.7924156978327198e-05
564,864,5.078224,47.0,-6.25,43200,0.07537635856644175,0.013975095366251184,4331787.087405169,-474407.8424903363,0.0,1.0659698761887263e-05
634,882,5.078224,47.0,-6.0833282,64800,0.07537390463061783,0.013975327290678997,4333148.796028124,-461804.81061430223,0.0,-1.187509032698e-05
459,837,5.078224,46.91667,-6.1666565,21600,0.0753787508573349,0.013973433727621007,4339203.78529813,-468833.52373287774,0.0,-3.913357154427802e-06
494,846,5.078224,46.91667,-6.0833282,21600,0.07537520702795082,0.013976025995853405,4339881.045145775,-462522.2992525033,0.0,-1.0856382574205364e-05
529,855,5.078224,46.91667,-6.0,43200,0.07536394249388902,0.013978955097052532,4340549.125536747,-456210.0964726406,0.0,1.8229506965380856e-06
249,783,5.078224,46.75,-6.0,43200,0.0753756696448881,0.013974355885096825,4353989.159796485,-457622.70099545474,0.0,2.6799645256669025e-05
494,846,5.078224,46.91667,-6.0833282,43200,0.07537023880263011,0.013975583893750589,4339881.045145775,-462522.2992525033,0.0,1.236410210436205e-05
599,873,5.078224,47.0,-6.1666565,43200,0.07537366070255615,0.013974136138892935,4332472.586781167,-468106.2447951276,0.0,-1.5094181583090286e-05
354,810,5.078224,46.833336,-6.0833282,86400,0.0753690172924062,0.013976575077629512,4346604.66032198,-463238.8677294356,0.0,-1.1382176858185952e-05
424,828,5.078224,46.91667,-6.25,86400,0.07536883186184616,0.013978872725135143,4338517.220887722,-475144.9119816816,0.0,1.0947054146618838e-05
4,720,5.078224,46.66667,-6.25,43200,0.07538105997820631,0.013974836227025928,4358653.3150161095,-477350.1729464703,0.0,-5.022625073712738e-06
4,720,5.078224,46.66667,-6.25,86400,0.07537516955782825,0.01397392539436072,4358653.3150161095,-477350.1729464703,0.0,1.4956733412537518e-05
179,765,5.078224,46.75,-6.1666565,43200,0.07536995277386394,0.013976694395464383,4352639.653859386,-470285.21531356085,0.0,1.4659708156491229e-05
529,855,5.078224,46.91667,-6.0,21600,0.07538025643402475,0.013975752083738475,4340549.125536747,-456210.0964726406,0.0,-4.4903504914021275e-06
634,882,5.078224,47.0,-6.0833282,43200,0.07537493143412292,0.013974569645162504,4333148.796028124,-461804.81061430223,0.0,-1.1348433604906399e-05
214,774,5.078224,46.75,-6.0833282,86400,0.07538080154758114,0.013974474982817392,4353319.010767862,-463954.4488188505,0.0,-4.916527916338753e-06
424,828,5.078224,46.91667,-6.25,21600,0.07534419873938737,0.013979582784521811,4338517.220887722,-475144.9119816816,0.0,7.772097490286898e-07
459,837,5.078224,46.91667,-6.1666565,43200,0.07536899053587158,0.01397835501477093,4339203.78529813,-468833.52373287774,0.0,9.254018080311563e-06
144,756,5.078224,46.75,-6.25,43200,0.07537326534539143,0.013974278164785477,4351950.96357759,-476616.1460837916,0.0,-5.494314893082216e-06
284,792,5.078224,46.833336,-6.25,43200,0.07537616997311965,0.013974297698930481,4345238.723142079,-475881.0361998027,0.0,-6.305589024753535e-06
634,882,5.078224,47.0,-6.0833282,21600,0.07537238932781605,0.013974082197757613,4333148.796028124,-461804.81061430223,0.0,7.24187672017185e-06
494,846,5.078224,46.91667,-6.0833282,86400,0.07537580896430497,0.013975881807816629,4339881.045145775,-462522.2992525033,0.0,2.867980156321846e-06
319,801,5.078224,46.833336,-6.1666565,86400,0.07538635564186685,0.013971545894263766,4345926.351221016,-469559.8699535443,0.0,3.6662529776635795e-06
4,720,5.078224,46.66667,-6.25,21600,0.07538914401271744,0.013973988244825425,4358653.3150161095,-477350.1729464703,0.0,-1.0211482794061222e-05
284,792,5.078224,46.833336,-6.25,86400,0.07537596403509252,0.013975835518134081,4345238.723142079,-475881.0361998027,0.0,1.4096574000605412e-05
669,891,5.078224,47.0,-6.0,43200,0.07621756438425231,0.0142536164558001,4333815.840058059,-455502.3996515776,0.0,8.542333854342875e-06
39,729,5.078224,46.66667,-6.1666565,64800,0.07537169952547317,0.013976690495147616,4359343.065935845,-471009.49203812674,0.0,1.921423338230567e-05
74,738,5.078224,46.66667,-6.0833282,21600,0.07537646602531872,0.013975954513227945,4360023.469108121,-464668.9756583009,0.0,6.560860229146968e-06
144,756,5.078224,46.75,-6.25,64800,0.07537807539511521,0.01397413399439225,4351950.96357759,-476616.1460837916,0.0,-7.986083387684074e-06
634,882,5.078224,47.0,-6.0833282,86400,0.07538585664641496,0.013974002844333389,4333148.796028124,-461804.81061430223,0.0,8.195357593775915e-06
214,774,5.078224,46.75,-6.0833282,64800,0.07536450631160932,0.013976763622063366,4353319.010767862,-463954.4488188505,0.0,6.9606214387141385e-06
284,792,5.078224,46.833336,-6.25,64800,0.07537577408301126,0.013974932289176683,4345238.723142079,-475881.0361998027,0.0,-3.0418051995723793e-06
389,819,5.078224,46.833336,-6.0,64800,0.07537843830120312,0.013974919283105033,4347273.775744883,-456916.88569019584,0.0,3.5565469371048924e-06
599,873,5.078224,47.0,-6.1666565,64800,0.07537447012114865,0.013974799708950169,4332472.586781167,-468106.2447951276,0.0,-1.263752507857235e-05
144,756,5.078224,46.75,-6.25,86400,0.07537411483232191,0.013975028012382368,4351950.96357759,-476616.1460837916,0.0,1.0705566436357627e-05
109,747,5.078224,46.66667,-6.0,64800,0.0753857302877802,0.013973539578828478,4360694.650219674,-458327.4764384654,0.0,1.699424120883007e-05
564,864,5.078224,47.0,-6.25,64800,0.0753624797731032,0.013978127931316546,4331787.087405169,-474407.8424903363,0.0,1.2939942035692059e-05
179,765,5.078224,46.75,-6.1666565,21600,0.07537625907239849,0.01397619501727424,4352639.653859386,-470285.21531356085,0.0,-1.5028915247918792e-07
319,801,5.078224,46.833336,-6.1666565,21600,0.0753723517850099,0.013977424709109577,4345926.351221016,-469559.8699535443,0.0,1.63842746327224e-05
74,738,5.078224,46.66667,-6.0833282,64800,0.07535826925432941,0.01397772705743882,4360023.469108121,-464668.9756583009,0.0,3.633438273188717e-06
354,810,5.078224,46.833336,-6.0833282,21600,0.07537750165210458,0.013974499097343348,4346604.66032198,-463238.8677294356,0.0,-1.9087866424060992e-06
284,792,5.078224,46.833336,-6.25,21600,0.07537015222360573,0.013976679770225358,4345238.723142079,-475881.0361998027,0.0,7.303279108171428e-06
494,846,5.078224,46.91667,-6.0833282,64800,0.07538324115891167,0.013972330320029041,4339881.045145775,-462522.2992525033,0.0,-2.9301918891671544e-06
74,738,5.078224,46.66667,-6.0833282,86400,0.07538079892108518,0.01397620182589935,4360023.469108121,-464668.9756583009,0.0,6.066444530815863e-06
109,747,5.078224,46.66667,-6.0,86400,0.07537555735712542,0.013975834852328643,4360694.650219674,-458327.4764384654,0.0,6.910978375300566e-06
109,747,5.078224,46.66667,-6.0,21600,0.07537233909632789,0.013975611163735944,4360694.650219674,-458327.4764384654,0.0,2.1871118823214497e-06
354,810,5.078224,46.833336,-6.0833282,64800,0.07536404254632934,0.013976533642990821,4346604.66032198,-463238.8677294356,0.0,1.3312003410534688e-05
424,828,5.078224,46.91667,-6.25,64800,0.07537291932263195,0.013976775088390164,4338517.220887722,-475144.9119816816,0.0,1.4000484603001181e-06
179,765,5.078224,46.75,-6.1666565,64800,0.0753703492434688,0.013976130800770281,4352639.653859386,-470285.21531356085,0.0,-8.18000637027449e-07
249,783,5.078224,46.75,-6.0,64800,0.07537051299658513,0.013976282204690006,4353989.159796485,-457622.70099545474,0.0,1.1832797739794603e-05
599,873,5.078224,47.0,-6.1666565,86400,0.07536235295947907,0.013976714041088393,4332472.586781167,-468106.2447951276,0.0,2.1895305614847775e-06
564,864,5.078224,47.0,-6.25,86400,0.07536755135227748,0.013976288005938324,4331787.087405169,-474407.8424903363,0.0,1.1018572964072267e-05
319,801,5.078224,46.833336,-6.1666565,64800,0.07537100180057414,0.013977031701608578,4345926.351221016,-469559.8699535443,0.0,1.4234891239545685e-05
249,783,5.078224,46.75,-6.0,21600,0.0753846341987324,0.01397446396656698,4353989.159796485,-457622.70099545474,0.0,-4.768338837810354e-06
179,765,5.078224,46.75,-6.1666565,86400,0.07537291202147257,0.013976128742909925,4352639.653859386,-470285.21531356085,0.0,-7.970588145377908e-06
529,855,5.078224,46.91667,-6.0,64800,0.07538231608828345,0.013974358993321195,4340549.125536747,-456210.0964726406,0.0,-1.74614327524235e-05
214,774,5.078224,46.75,-6.0833282,21600,0.07538472290508676,0.01397217932261646,4353319.010767862,-463954.4488188505,0.0,-8.537983445961082e-06
529,855,5.078224,46.91667,-6.0,86400,0.07537960638334151,0.01397489985239191,4340549.125536747,-456210.0964726406,0.0,1.9897705637037345e-06
459,837,5.078224,46.91667,-6.1666565,64800,0.07536661506354858,0.013978767506613938,4339203.78529813,-468833.52373287774,0.0,-4.080751727001041e-06
39,729,5.078224,46.66667,-6.1666565,86400,0.07536045251489552,0.013977269092435143,4359343.065935845,-471009.49203812674,0.0,-1.4716973043764198e-07
144,756,5.078224,46.75,-6.25,21600,0.07537949449374111,0.013975665542692865,4351950.96357759,-476616.1460837916,0.0,-1.577740148127141e-06
670,1071,6.440614,47.0,-6.0,21600,0.07622264619590562,0.014251670385972423,4333815.840058059,-455502.3996515776,0.0,1.439963543938615e-05
425,1008,6.440614,46.91667,-6.25,64800,0.07537556691625556,0.013979449515121077,4338517.220887722,-475144.9119816816,0.0,1.3418256912835607e-06
215,954,6.440614,46.75,-6.0833282,64800,0.0753683112603195,0.013979596809369563,4353319.010767862,-463954.4488188505,0.0,5.322113272393862e-06
5,900,6.440614,46.66667,-6.25,64800,0.07537664226243801,0.013977355922048412,4358653.3150161095,-477350.1729464703,0.0,4.594577873011824e-06
495,1026,6.440614,46.91667,-6.0833282,21600,0.07537734825024296,0.01397894798084684,4339881.045145775,-462522.2992525033,0.0,-8.219670771398151e-06
635,1062,6.440614,47.0,-6.0833282,86400,0.07538545344516831,0.013977312190256662,4333148.796028124,-461804.81061430223,0.0,5.848270405937295e-06
145,936,6.440614,46.75,-6.25,21600,0.07538004652340735,0.013978747431727851,4351950.96357759,-476616.1460837916,0.0,-1.2921030795494317e-06
600,1053,6.440614,47.0,-6.1666565,64800,0.07537617653359274,0.013978054959631838,4332472.586781167,-468106.2447951276,0.0,-1.1198072315866564e-05
285,972,6.440614,46.833336,-6.25,21600,0.07537284211233641,0.013979559123391935,4345238.723142079,-475881.0361998027,0.0,5.3234285234923235e-06
635,1062,6.440614,47.0,-6.0833282,64800,0.07537528209493412,0.013978501031693793,4333148.796028124,-461804.81061430223,0.0,-9.328205305383348e-06
565,1044,6.440614,47.0,-6.25,43200,0.07537684074827143,0.013978453882088484,4331787.087405169,-474407.8424903363,0.0,9.057433418728053e-06
460,1017,6.440614,46.91667,-6.1666565,64800,0.07537036072790633,0.013981006115033244,4339203.78529813,-468833.52373287774,0.0,-3.815809821659902e-06
180,945,6.440614,46.75,-6.1666565,64800,0.07537290231654191,0.013979178963563342,4352639.653859386,-470285.21531356085,0.0,-2.2012043246229226e-06
355,990,6.440614,46.833336,-6.0833282,86400,0.07537351698792782,0.013979087763953794,4346604.66032198,-463238.8677294356,0.0,-9.091648880684627e-06
460,1017,6.440614,46.91667,-6.1666565,21600,0.0753799937899216,0.013976884308270644,4339203.78529813,-468833.52373287774,0.0,-2.7851815607985416e-06
145,936,6.440614,46.75,-6.25,86400,0.07537700208506196,0.01397795760430123,4351950.96357759,-476616.1460837916,0.0,8.231814331983794e-06
530,1035,6.440614,46.91667,-6.0,43200,0.07536819171288088,0.013981281529559202,4340549.125536747,-456210.0964726406,0.0,6.850103892942977e-07
250,963,6.440614,46.75,-6.0,86400,0.07539451753939483,0.013974084483074661,4353989.159796485,-457622.70099545474,0.0,-8.464229760359454e-06
460,1017,6.440614,46.91667,-6.1666565,43200,0.07537241964296026,0.013980763342444394,4339203.78529813,-468833.52373287774,0.0,7.579917314604471e-06
495,1026,6.440614,46.91667,-6.0833282,43200,0.07537266892283363,0.013978664819384833,4339881.045145775,-462522.2992525033,0.0,9.98810176138459e-06
355,990,6.440614,46.833336,-6.0833282,43200,0.07537331580545416,0.013979769760520892,4346604.66032198,-463238.8677294356,0.0,1.6565024936671015e-06
355,990,6.440614,46.833336,-6.0833282,64800,0.07536865775704826,0.013979352288486825,4346604.66032198,-463238.8677294356,0.0,1.0794224471550977e-05
600,1053,6.440614,47.0,-6.1666565,21600,0.0753746977963737,0.013978751640303249,4332472.586781167,-468106.2447951276,0.0,5.726608254438487e-07
565,1044,6.440614,47.0,-6.25,86400,0.07537153528586582,0.013979105119636603,4331787.087405169,-474407.8424903363,0.0,7.605885182794141e-06
390,999,6.440614,46.833336,-6.0,43200,0.07538387641190138,0.013977959180039787,4347273.775744883,-456916.88569019584,0.0,-1.430631504562016e-05
670,1071,6.440614,47.0,-6.0,64800,0.07622644934545449,0.014251732360749413,4333815.840058059,-455502.3996515776,0.0,4.642565192629817e-06
320,981,6.440614,46.833336,-6.1666565,64800,0.07537339764739044,0.013979678064627956,4345926.351221016,-469559.8699535443,0.0,1.1239280220411478e-05
215,954,6.440614,46.75,-6.0833282,21600,0.07538389650108743,0.01397603407836215,4353319.010767862,-463954.4488188505,0.0,-6.831814093635766e-06
565,1044,6.440614,47.0,-6.25,21600,0.07537734790950447,0.013978270610336909,4331787.087405169,-474407.8424903363,0.0,-1.4249679665972544e-05
320,981,6.440614,46.833336,-6.1666565,43200,0.07537018691548597,0.013979935468762692,4345926.351221016,-469559.8699535443,0.0,-8.893411566541684e-06
110,927,6.440614,46.66667,-6.0,86400,0.0753770750035646,0.013978888105223361,4360694.650219674,-458327.4764384654,0.0,6.474176451149287e-06
425,1008,6.440614,46.91667,-6.25,43200,0.07538003789034733,0.013977665853015126,4338517.220887722,-475144.9119816816,0.0,-1.1358946770149091e-06
5,900,6.440614,46.66667,-6.25,86400,0.07537606832331435,0.013977423068683872,4358653.3150161095,-477350.1729464703,0.0,1.1914458953442158e-05
75,918,6.440614,46.66667,-6.0833282,86400,0.07538100613743502,0.013979229881768427,4360023.469108121,-464668.9756583009,0.0,5.124379151529159e-06
180,945,6.440614,46.75,-6.1666565,21600,0.07537741097071204,0.013979186529232177,4352639.653859386,-470285.21531356085,0.0,1.5104748204076066e-06
460,1017,6.440614,46.91667,-6.1666565,86400,0.07537829211388837,0.013978784420549784,4339203.78529813,-468833.52373287774,0.0,1.560316852945351e-05
320,981,6.440614,46.833336,-6.1666565,86400,0.07538535253469829,0.013975447518324323,4345926.351221016,-469559.8699535443,0.0,3.5597238563953955e-06
285,972,6.440614,46.833336,-6.25,86400,0.07537846958112775,0.01397868020305781,4345238.723142079,-475881.0361998027,0.0,1.0335704835081867e-05
285,972,6.440614,46.833336,-6.25,64800,0.07537766345462699,0.013977983946325996,4345238.723142079,-475881.0361998027,0.0,-2.0899908892483185e-06
390,999,6.440614,46.833336,-6.0,64800,0.0753791328518186,0.013978118495130858,4347273.775744883,-456916.88569019584,0.0,1.9841324806750423e-06
635,1062,6.440614,47.0,-6.0833282,21600,0.07537429272279686,0.013977534099441231,4333148.796028124,-461804.81061430223,0.0,5.327482870259438e-06
250,963,6.440614,46.75,-6.0,21600,0.07538521870735838,0.013977580367239145,4353989.159796485,-457622.70099545474,0.0,-4.283472259004415e-06
530,1035,6.440614,46.91667,-6.0,21600,0.07538100712410109,0.013978690425782784,4340549.125536747,-456210.0964726406,0.0,-3.756646068181199e-06
285,972,6.440614,46.833336,-6.25,43200,0.07537863567216314,0.013977422470087804,4345238.723142079,-475881.0361998027,0.0,-5.3978017805102775e-06
670,1071,6.440614,47.0,-6.0,86400,0.07621561564369038,0.014252759007013662,4333815.840058059,-455502.3996515776,0.0,-7.06391182028921e-06
250,963,6.440614,46.75,-6.0,43200,0.07537788748320397,0.013977472979379894,4353989.159796485,-457622.70099545474,0.0,2.1395018754756684e-05
425,1008,6.440614,46.91667,-6.25,86400,0.07537196665202425,0.013981199039384643,4338517.220887722,-475144.9119816816,0.0,8.657746545368585e-06
250,963,6.440614,46.75,-6.0,64800,0.07537307191476092,0.013979137173949274,4353989.159796485,-457622.70099545474,0.0,9.524224270611402e-06
565,1044,6.440614,47.0,-6.25,64800,0.0753675793133776,0.013980433929311429,4331787.087405169,-474407.8424903363,0.0,1.123515977724064e-05
600,1053,6.440614,47.0,-6.1666565,43200,0.07537564913392827,0.013977626018443786,4332472.586781167,-468106.2447951276,0.0,-1.2092704538401785e-05
215,954,6.440614,46.75,-6.0833282,43200,0.07538795685398285,0.013975312414286966,4353319.010767862,-463954.4488188505,0.0,-4.813131873426928e-06
180,945,6.440614,46.75,-6.1666565,43200,0.07537310987571531,0.013979539439100089,4352639.653859386,-470285.21531356085,0.0,1.1533704378710632e-05
40,909,6.440614,46.66667,-6.1666565,86400,0.07536553014424419,0.013979830265374688,4359343.065935845,-471009.49203812674,0.0,-3.0640754533833655e-07
110,927,6.440614,46.66667,-6.0,21600,0.07537571974688162,0.013978512553969511,4360694.650219674,-458327.4764384654,0.0,2.5952977599459914e-06
5,900,6.440614,46.66667,-6.25,21600,0.07538872668091297,0.013977262420053939,4358653.3150161095,-477350.1729464703,0.0,-8.534040820123045e-06
320,981,6.440614,46.833336,-6.1666565,21600,0.07537461291165184,0.013980139379384329,4345926.351221016,-469559.8699535443,0.0,1.2324551277587367e-05
110,927,6.440614,46.66667,-6.0,43200,0.07538376899211907,0.013977649044936268,4360694.650219674,-458327.4764384654,0.0,4.5250841406656783e-07
635,1062,6.440614,47.0,-6.0833282,43200,0.07537697346044846,0.013977688716280292,4333148.796028124,-461804.81061430223,0.0,-8.063300144457372e-06
530,1035,6.440614,46.91667,-6.0,64800,0.07538460795505257,0.013977380771844539,4340549.125536747,-456210.0964726406,0.0,-1.4151794593328698e-05
215,954,6.440614,46.75,-6.0833282,86400,0.07538240057015491,0.013977427952852237,4353319.010767862,-463954.4488188505,0.0,-4.370288976823612e-06
530,1035,6.440614,46.91667,-6.0,86400,0.07538023824020272,0.013978210085985534,4340549.125536747,-456210.0964726406,0.0,1.8327352952691147e-06
355,990,6.440614,46.833336,-6.0833282,21600,0.07537811080260876,0.01397787838327353,4346604.66032198,-463238.8677294356,0.0,-1.6311548071814906e-06
75,918,6.440614,46.66667,-6.0833282,43200,0.07537120639675413,0.013979887939809206,4360023.469108121,-464668.9756583009,0.0,6.285880270609431e-06
40,909,6.440614,46.66667,-6.1666565,43200,0.07538017072152636,0.013977215842213385,4359343.065935845,-471009.49203812674,0.0,-3.176300737460655e-07
145,936,6.440614,46.75,-6.25,64800,0.07538020695945834,0.01397731638991668,4351950.96357759,-476616.1460837916,0.0,-6.35622213755817e-06
40,909,6.440614,46.66667,-6.1666565,21600,0.07537882548910539,0.01397855321063179,4359343.065935845,-471009.49203812674,0.0,-5.128561779515649e-07
495,1026,6.440614,46.91667,-6.0833282,86400,0.07537643779565142,0.013978946663268273,4339881.045145775,-462522.2992525033,0.0,1.6517297889724517e-06
145,936,6.440614,46.75,-6.25,43200,0.07537478526781993,0.01397768650412419,4351950.96357759,-476616.1460837916,0.0,-4.952760471220927e-06
40,909,6.440614,46.66667,-6.1666565,64800,0.07537507142928072,0.013979348860029451,4359343.065935845,-471009.49203812674,0.0,1.6124305921798453e-05
390,999,6.440614,46.833336,-6.0,21600,0.07537603848349461,0.01397955809259334,4347273.775744883,-456916.88569019584,0.0,1.309873927190177e-05
600,1053,6.440614,47.0,-6.1666565,86400,0.07536716974223918,0.013979460594004244,4332472.586781167,-468106.2447951276,0.0,1.5359030056478353e-06
670,1071,6.440614,47.0,-6.0,43200,0.0762192337844038,0.014252723364058743,4333815.840058059,-455502.3996515776,0.0,6.697443078258269e-06
5,900,6.440614,46.66667,-6.25,43200,0.07538188438030272,0.013977981139243813,4358653.3150161095,-477350.1729464703,0.0,-3.565823440169481e-06
110,927,6.440614,46.66667,-6.0,64800,0.07538570132012001,0.013976786859924257,4360694.650219674,-458327.4764384654,0.0,1.3766860278119642e-05
75,918,6.440614,46.66667,-6.0833282,21600,0.07537791146169343,0.013978902221182069,4360023.469108121,-464668.9756583009,0.0,4.612782652049678e-06
75,918,6.440614,46.66667,-6.0833282,64800,0.07536347189971106,0.013980331809049522,4360023.469108121,-464668.9756583009,0.0,2.644818230213151e-06
495,1026,6.440614,46.91667,-6.0833282,64800,0.07538353382052908,0.013976000876438549,4339881.045145775,-462522.2992525033,0.0,-2.2881837215131966e-06
390,999,6.440614,46.833336,-6.0,86400,0.07538592227028268,0.013976426085043165,4347273.775744883,-456916.88569019584,0.0,-4.802955681846862e-06
180,945,6.440614,46.75,-6.1666565,86400,0.07537474397613153,0.013979064507274012,4352639.653859386,-470285.21531356085,0.0,-6.892757268393744e-06
425,1008,6.440614,46.91667,-6.25,21600,0.07535368080868235,0.013981591280600423,4338517.220887722,-475144.9119816816,0.0,-6.187336491043555e-07
286,1152,7.92956,46.833336,-6.25,64800,0.07537953796312646,0.013981387949715032,4345238.723142079,-475881.0361998027,0.0,-1.5597318725066696e-06
531,1215,7.92956,46.91667,-6.0,64800,0.0753859224360719,0.013980816509757197,4340549.125536747,-456210.0964726406,0.0,-1.1373865954101533e-05
601,1233,7.92956,47.0,-6.1666565,43200,0.07537776002626086,0.013981239539436788,4332472.586781167,-468106.2447951276,0.0,-9.748559648877548e-06
111,1107,7.92956,46.66667,-6.0,43200,0.0753842101089239,0.013981168029880727,4360694.650219674,-458327.4764384654,0.0,1.1129108692132678e-07
391,1179,7.92956,46.833336,-6.0,64800,0.07538040003176136,0.013981559436033438,4347273.775744883,-456916.88569019584,0.0,1.1416869900569e-06
636,1242,7.92956,47.0,-6.0833282,21600,0.07537665378202577,0.013981119290594429,4333148.796028124,-461804.81061430223,0.0,4.14874882546775e-06
41,1089,7.92956,46.66667,-6.1666565,43200,0.07538121320303054,0.013980882141914877,4359343.065935845,-471009.49203812674,0.0,-4.8775179725550515e-08
531,1215,7.92956,46.91667,-6.0,21600,0.07538200893539172,0.013981951589079993,4340549.125536747,-456210.0964726406,0.0,-3.1177420025803848e-06
671,1251,7.92956,47.0,-6.0,43200,0.07622034288650635,0.014251837428785368,4333815.840058059,-455502.3996515776,0.0,5.095953533510657e-06
251,1143,7.92956,46.75,-6.0,21600,0.07538580206498734,0.013981034657209282,4353989.159796485,-457622.70099545474,0.0,-3.6880474658708644e-06
286,1152,7.92956,46.833336,-6.25,43200,0.0753806214085833,0.013980921888088076,4345238.723142079,-475881.0361998027,0.0,-4.484149195357531e-06
111,1107,7.92956,46.66667,-6.0,64800,0.0753858435915098,0.013980420900571796,4360694.650219674,-458327.4764384654,0.0,1.0767623374161773e-05
6,1080,7.92956,46.66667,-6.25,86400,0.07537788590523915,0.01398102893584002,4358653.3150161095,-477350.1729464703,0.0,9.389547578007944e-06
76,1098,7.92956,46.66667,-6.0833282,64800,0.07536813098330203,0.013983313791446312,4360023.469108121,-464668.9756583009,0.0,1.8097751139701647e-06
356,1170,7.92956,46.833336,-6.0833282,21600,0.07537953055204476,0.01398139380331097,4346604.66032198,-463238.8677294356,0.0,-1.1200507387942705e-06
426,1188,7.92956,46.91667,-6.25,43200,0.0753816280594372,0.013981106263102791,4338517.220887722,-475144.9119816816,0.0,-1.2383938074880807e-06
391,1179,7.92956,46.833336,-6.0,86400,0.07538598068290425,0.013980275109683655,4347273.775744883,-456916.88569019584,0.0,-4.024209851108035e-06
356,1170,7.92956,46.833336,-6.0833282,43200,0.0753767073727444,0.013982709715803308,4346604.66032198,-463238.8677294356,0.0,1.2103592152017887e-06
601,1233,7.92956,47.0,-6.1666565,21600,0.07537689880045621,0.013982046063291982,4332472.586781167,-468106.2447951276,0.0,8.738260419379589e-07
566,1224,7.92956,47.0,-6.25,86400,0.07537510166036251,0.013982240612477687,4331787.087405169,-474407.8424903363,0.0,5.4172728824789525e-06
76,1098,7.92956,46.66667,-6.0833282,21600,0.07537938774150689,0.01398219431344717,4360023.469108121,-464668.9756583009,0.0,3.2700288994269655e-06
41,1089,7.92956,46.66667,-6.1666565,64800,0.0753778355228281,0.013982417551071116,4359343.065935845,-471009.49203812674,0.0,1.3090490675444135e-05
356,1170,7.92956,46.833336,-6.0833282,64800,0.07537270157172249,0.013982492776176454,4346604.66032198,-463238.8677294356,0.0,8.460471337532543e-06
321,1161,7.92956,46.833336,-6.1666565,64800,0.07537602349202739,0.013982712480729489,4345926.351221016,-469559.8699535443,0.0,8.923726184630543e-06
391,1179,7.92956,46.833336,-6.0,43200,0.07538399565344098,0.013981457186200459,4347273.775744883,-456916.88569019584,0.0,-1.1579465012212312e-05
671,1251,7.92956,47.0,-6.0,64800,0.07622612151131043,0.01425104409323473,4333815.840058059,-455502.3996515776,0.0,3.9388252680911925e-06
566,1224,7.92956,47.0,-6.25,64800,0.07537208266217071,0.01398321858064715,4331787.087405169,-474407.8424903363,0.0,9.401651717262917e-06
286,1152,7.92956,46.833336,-6.25,86400,0.07538040131626433,0.013981931123378076,4345238.723142079,-475881.0361998027,0.0,7.646598325298658e-06
76,1098,7.92956,46.66667,-6.0833282,43200,0.07537400289795813,0.013982953997780162,4360023.469108121,-464668.9756583009,0.0,5.2066477372123225e-06
216,1134,7.92956,46.75,-6.0833282,21600,0.07538405992246477,0.01397992676723427,4353319.010767862,-463954.4488188505,0.0,-5.444151774861691e-06
181,1125,7.92956,46.75,-6.1666565,86400,0.0753770986984398,0.013982254821113298,4352639.653859386,-470285.21531356085,0.0,-5.527409038734571e-06
321,1161,7.92956,46.833336,-6.1666565,43200,0.07537370860992469,0.013982944033064442,4345926.351221016,-469559.8699535443,0.0,-7.335220004048473e-06
566,1224,7.92956,47.0,-6.25,21600,0.07537921985171507,0.013981626903632041,4331787.087405169,-474407.8424903363,0.0,-1.1006892146065825e-05
6,1080,7.92956,46.66667,-6.25,64800,0.07537837234173786,0.01398093590246781,4358653.3150161095,-477350.1729464703,0.0,3.5895881729752417e-06
181,1125,7.92956,46.75,-6.1666565,21600,0.07537901777315938,0.013982420983841377,4352639.653859386,-470285.21531356085,0.0,1.951433614523361e-06
41,1089,7.92956,46.66667,-6.1666565,86400,0.07537017235830525,0.0139828132797491,4359343.065935845,-471009.49203812674,0.0,-2.1137744644790375e-07
41,1089,7.92956,46.66667,-6.1666565,21600,0.07538042867645423,0.013981872960859535,4359343.065935845,-471009.49203812674,0.0,-2.0830164965178275e-07
111,1107,7.92956,46.66667,-6.0,86400,0.07537891597969165,0.013982159908496218,4360694.650219674,-458327.4764384654,0.0,5.668301347382098e-06
391,1179,7.92956,46.833336,-6.0,21600,0.07537830628066139,0.013982638007324818,4347273.775744883,-456916.88569019584,0.0,1.0473053155670267e-05
321,1161,7.92956,46.833336,-6.1666565,86400,0.07538537840498039,0.01397943272412928,4345926.351221016,-469559.8699535443,0.0,3.1950049919129667e-06
251,1143,7.92956,46.75,-6.0,43200,0.07537983200270626,0.013980967305700738,4353989.159796485,-457622.70099545474,0.0,1.6926333208902263e-05
461,1197,7.92956,46.91667,-6.1666565,86400,0.0753799869541621,0.013981952601392735,4339203.78529813,-468833.52373287774,0.0,1.2799270776920448e-05
251,1143,7.92956,46.75,-6.0,86400,0.07539268107135935,0.013978329964408709,4353989.159796485,-457622.70099545474,0.0,-6.6445003987360255e-06
531,1215,7.92956,46.91667,-6.0,43200,0.07537207419998315,0.013984019607576946,4340549.125536747,-456210.0964726406,0.0,2.3424499646208017e-07
146,1116,7.92956,46.75,-6.25,21600,0.07538124477562558,0.013982033930913304,4351950.96357759,-476616.1460837916,0.0,-9.591434427764877e-07
671,1251,7.92956,47.0,-6.0,86400,0.07621743733058123,0.01425187973489708,4333815.840058059,-455502.3996515776,0.0,-5.673508724953884e-06
461,1197,7.92956,46.91667,-6.1666565,43200,0.07537563496000046,0.013983568331728329,4339203.78529813,-468833.52373287774,0.0,5.901969632477298e-06
146,1116,7.92956,46.75,-6.25,43200,0.07537683270184277,0.013981256633016309,4351950.96357759,-476616.1460837916,0.0,-4.058547300030047e-06
216,1134,7.92956,46.75,-6.0833282,43200,0.07538734686792445,0.01397936510033358,4353319.010767862,-463954.4488188505,0.0,-3.312048993223763e-06
636,1242,7.92956,47.0,-6.0833282,64800,0.07537733219517216,0.013981867605233528,4333148.796028124,-461804.81061430223,0.0,-7.13287378328336e-06
636,1242,7.92956,47.0,-6.0833282,43200,0.07537909284987124,0.013981114970127597,4333148.796028124,-461804.81061430223,0.0,-5.981332823738813e-06
286,1152,7.92956,46.833336,-6.25,21600,0.07537542372603771,0.0139827256310604,4345238.723142079,-475881.0361998027,0.0,3.964529392676963e-06
566,1224,7.92956,47.0,-6.25,43200,0.07537848631521296,0.01398186907415611,4331787.087405169,-474407.8424903363,0.0,7.38918647891865e-06
531,1215,7.92956,46.91667,-6.0,86400,0.07538136604579015,0.01398167954660867,4340549.125536747,-456210.0964726406,0.0,1.5530763890301739e-06
461,1197,7.92956,46.91667,-6.1666565,64800,0.07537388930782801,0.013983722784534344,4339203.78529813,-468833.52373287774,0.0,-3.2484506265485196e-06
181,1125,7.92956,46.75,-6.1666565,64800,0.07537578348366528,0.013982387760861421,4352639.653859386,-470285.21531356085,0.0,-2.4317593331625976e-06
181,1125,7.92956,46.75,-6.1666565,43200,0.07537630174112449,0.013982602509733218,4352639.653859386,-470285.21531356085,0.0,9.047141124846806e-06
461,1197,7.92956,46.91667,-6.1666565,21600,0.07538134210007114,0.013980568012781445,4339203.78529813,-468833.52373287774,0.0,-2.121450088756512e-06
6,1080,7.92956,46.66667,-6.25,43200,0.07538285061965123,0.013981382693680197,4358653.3150161095,-477350.1729464703,0.0,-2.4567270712716644e-06
601,1233,7.92956,47.0,-6.1666565,64800,0.0753782080159334,0.013981508938853018,4332472.586781167,-468106.2447951276,0.0,-9.36921042584761e-06
146,1116,7.92956,46.75,-6.25,86400,0.0753794445447898,0.0139812845189414,4351950.96357759,-476616.1460837916,0.0,6.33888121704651e-06
356,1170,7.92956,46.833336,-6.0833282,86400,0.07537695678716752,0.013982126948535926,4346604.66032198,-463238.8677294356,0.0,-7.143999019842001e-06
6,1080,7.92956,46.66667,-6.25,21600,0.07538831622016655,0.013980847149830588,4358653.3150161095,-477350.1729464703,0.0,-6.8919533293982756e-06
496,1206,7.92956,46.91667,-6.0833282,64800,0.07538426969802625,0.013979822577119558,4339881.045145775,-462522.2992525033,0.0,-1.7974021294169087e-06
216,1134,7.92956,46.75,-6.0833282,86400,0.07538363554266303,0.013980818858058202,4353319.010767862,-463954.4488188505,0.0,-3.688230576191469e-06
146,1116,7.92956,46.75,-6.25,64800,0.075382016366748,0.013980815753531621,4351950.96357759,-476616.1460837916,0.0,-4.8836458084441556e-06
636,1242,7.92956,47.0,-6.0833282,86400,0.07538567094250798,0.013980889274238444,4333148.796028124,-461804.81061430223,0.0,4.210640050586401e-06
251,1143,7.92956,46.75,-6.0,64800,0.07537586563611522,0.01398228677267545,4353989.159796485,-457622.70099545474,0.0,7.588387999290216e-06
496,1206,7.92956,46.91667,-6.0833282,86400,0.07537809917945587,0.013982226269731477,4339881.045145775,-462522.2992525033,0.0,1.2667732924837289e-06
426,1188,7.92956,46.91667,-6.25,64800,0.0753780683939278,0.013982512784819571,4338517.220887722,-475144.9119816816,0.0,1.2966455902651044e-06
216,1134,7.92956,46.75,-6.0833282,64800,0.07537201094579153,0.01398271585376714,4353319.010767862,-463954.4488188505,0.0,4.024157123743924e-06
321,1161,7.92956,46.833336,-6.1666565,21600,0.07537705848753153,0.013983141981410511,4345926.351221016,-469559.8699535443,0.0,9.435885886966742e-06
426,1188,7.92956,46.91667,-6.25,21600,0.07536124091243743,0.013984161942097487,4338517.220887722,-475144.9119816816,0.0,-1.0718788158380988e-06
601,1233,7.92956,47.0,-6.1666565,86400,0.07537153759280342,0.013982510309088958,4332472.586781167,-468106.2447951276,0.0,1.1615573360699061e-06
671,1251,7.92956,47.0,-6.0,21600,0.07622266246590415,0.014251082282121812,4333815.840058059,-455502.3996515776,0.0,1.1423158789587167e-05
426,1188,7.92956,46.91667,-6.25,86400,0.07537506197637805,0.013983928201853039,4338517.220887722,-475144.9119816816,0.0,6.803541269404749e-06
496,1206,7.92956,46.91667,-6.0833282,43200,0.07537515410893307,0.0139820189031561,4339881.045145775,-462522.2992525033,0.0,7.935783041577115e-06
496,1206,7.92956,46.91667,-6.0833282,21600,0.07537932809547679,0.013982201840205346,4339881.045145775,-462522.2992525033,0.0,-6.223039056369481e-06
111,1107,7.92956,46.66667,-6.0,21600,0.07537844016223541,0.013981798833134588,4360694.650219674,-458327.4764384654,0.0,2.4024661225101027e-06
76,1098,7.92956,46.66667,-6.0833282,86400,0.07538178543286736,0.013982486221966973,4360023.469108121,-464668.9756583009,0.0,4.051151469355189e-06
182,1305,9.572997,46.75,-6.1666565,43200,0.07537944561210891,0.013986019446955125,4352639.653859386,-470285.21531356085,0.0,7.0026993854547174e-06
7,1260,9.572997,46.66667,-6.25,21600,0.07538825072906011,0.013984756684543942,4358653.3150161095,-477350.1729464703,0.0,-5.397283840701327e-06
462,1377,9.572997,46.91667,-6.1666565,64800,0.07537730690830396,0.01398690703801208,4339203.78529813,-468833.52373287774,0.0,-2.614987931267618e-06
357,1350,9.572997,46.833336,-6.0833282,64800,0.07537645606423352,0.013986003100208512,4346604.66032198,-463238.8677294356,0.0,6.425769821888509e-06
322,1341,9.572997,46.833336,-6.1666565,86400,0.0753860411332535,0.013983635019247542,4345926.351221016,-469559.8699535443,0.0,2.7403075633029467e-06
112,1287,9.572997,46.66667,-6.0,43200,0.07538520129348657,0.013984969586214915,4360694.650219674,-458327.4764384654,0.0,-9.151144983985437e-08
672,1431,9.572997,47.0,-6.0,64800,0.07622560083637592,0.014250353313672331,4333815.840058059,-455502.3996515776,0.0,3.269026753541905e-06
602,1413,9.572997,47.0,-6.1666565,21600,0.07537927586197482,0.013985676852855436,4332472.586781167,-468106.2447951276,0.0,9.22362516996618e-07
77,1278,9.572997,46.66667,-6.0833282,86400,0.0753830261520428,0.013986061426215557,4360023.469108121,-464668.9756583009,0.0,3.0633790198479693e-06
392,1359,9.572997,46.833336,-6.0,86400,0.0753865527283176,0.013984325193030457,4347273.775744883,-456916.88569019584,0.0,-3.3324174643960395e-06
497,1386,9.572997,46.91667,-6.0833282,64800,0.07538536361546132,0.013983902444044462,4339881.045145775,-462522.2992525033,0.0,-1.3927573056651486e-06
427,1368,9.572997,46.91667,-6.25,86400,0.0753781505607165,0.01398709398209139,4338517.220887722,-475144.9119816816,0.0,5.2772498966199136e-06
7,1260,9.572997,46.66667,-6.25,43200,0.07538410094233335,0.013985110844940515,4358653.3150161095,-477350.1729464703,0.0,-1.605798075667703e-06
672,1431,9.572997,47.0,-6.0,86400,0.0762189079720986,0.014251004607137217,4333815.840058059,-455502.3996515776,0.0,-4.5143346049401175e-06
637,1422,9.572997,47.0,-6.0833282,21600,0.07537926107255605,0.01398496796826158,4333148.796028124,-461804.81061430223,0.0,3.310355284588307e-06
287,1332,9.572997,46.833336,-6.25,43200,0.07538255191161884,0.013984776828654713,4345238.723142079,-475881.0361998027,0.0,-3.653640452301544e-06
147,1296,9.572997,46.75,-6.25,21600,0.07538285214454783,0.01398563874961268,4351950.96357759,-476616.1460837916,0.0,-6.473466537660036e-07
532,1395,9.572997,46.91667,-6.0,64800,0.07538701011416217,0.013984638274950405,4340549.125536747,-456210.0964726406,0.0,-9.002267892652158e-06
567,1404,9.572997,47.0,-6.25,86400,0.07537845998630249,0.013985753860781155,4331787.087405169,-474407.8424903363,0.0,3.871459649187385e-06
42,1269,9.572997,46.66667,-6.1666565,86400,0.07537451639819798,0.01398621819999114,4359343.065935845,-471009.49203812674,0.0,-5.995304732929108e-08
672,1431,9.572997,47.0,-6.0,21600,0.07622264494148723,0.014250439764176743,4333815.840058059,-455502.3996515776,0.0,8.897936272144696e-06
217,1314,9.572997,46.75,-6.0833282,43200,0.07538749089511468,0.013983603181691543,4353319.010767862,-463954.4488188505,0.0,-2.3187236658092897e-06
427,1368,9.572997,46.91667,-6.25,64800,0.07538056488095704,0.013985981594103074,4338517.220887722,-475144.9119816816,0.0,1.2165981259910485e-06
392,1359,9.572997,46.833336,-6.0,64800,0.07538206660596954,0.013985313044546812,4347273.775744883,-456916.88569019584,0.0,6.453101347449419e-07
322,1341,9.572997,46.833336,-6.1666565,43200,0.07537701014294239,0.013986353619476097,4345926.351221016,-469559.8699535443,0.0,-5.953203337923178e-06
567,1404,9.572997,47.0,-6.25,64800,0.07537622522806402,0.013986466522201908,4331787.087405169,-474407.8424903363,0.0,7.638195472398447e-06
182,1305,9.572997,46.75,-6.1666565,21600,0.07538096358504714,0.013985986147987258,4352639.653859386,-470285.21531356085,0.0,1.880779464902905e-06
357,1350,9.572997,46.833336,-6.0833282,86400,0.07537996579658174,0.013985626835249652,4346604.66032198,-463238.8677294356,0.0,-5.4938339750868775e-06
77,1278,9.572997,46.66667,-6.0833282,43200,0.07537706069123698,0.01398638051617956,4360023.469108121,-464668.9756583009,0.0,4.281210849252897e-06
42,1269,9.572997,46.66667,-6.1666565,43200,0.07538262078007633,0.013984814873747609,4359343.065935845,-471009.49203812674,0.0,7.094471750077077e-08
637,1422,9.572997,47.0,-6.0833282,86400,0.07538636777030938,0.013984774519081887,4333148.796028124,-461804.81061430223,0.0,3.0073972972004237e-06
602,1413,9.572997,47.0,-6.1666565,86400,0.07537563498766785,0.013985940881401461,4332472.586781167,-468106.2447951276,0.0,8.987760727358139e-07
112,1287,9.572997,46.66667,-6.0,21600,0.0753809520680909,0.013985462847016747,4360694.650219674,-458327.4764384654,0.0,2.0083008422302746e-06
77,1278,9.572997,46.66667,-6.0833282,21600,0.0753811144031369,0.013985836402073869,4360023.469108121,-464668.9756583009,0.0,2.279227698588574e-06
147,1296,9.572997,46.75,-6.25,43200,0.07537919756429584,0.013985100211553416,4351950.96357759,-476616.1460837916,0.0,-3.120378080841664e-06
252,1323,9.572997,46.75,-6.0,43200,0.07538181578886366,0.013984815726033103,4353989.159796485,-457622.70099545474,0.0,1.3165407921677463e-05
182,1305,9.572997,46.75,-6.1666565,86400,0.07537971528142821,0.013985791403759407,4352639.653859386,-470285.21531356085,0.0,-4.1889361401129e-06
497,1386,9.572997,46.91667,-6.0833282,21600,0.07538137648515382,0.013985815674645713,4339881.045145775,-462522.2992525033,0.0,-4.666558218694648e-06
252,1323,9.572997,46.75,-6.0,64800,0.0753787604884869,0.013985804919094387,4353989.159796485,-457622.70099545474,0.0,5.933704907285669e-06
147,1296,9.572997,46.75,-6.25,64800,0.07538379934291048,0.013984662661897528,4351950.96357759,-476616.1460837916,0.0,-3.631968157975936e-06
427,1368,9.572997,46.91667,-6.25,43200,0.07538331052441831,0.013984897444571334,4338517.220887722,-475144.9119816816,0.0,-1.2117058433285043e-06
287,1332,9.572997,46.833336,-6.25,21600,0.0753781003840807,0.013986236936619255,4345238.723142079,-475881.0361998027,0.0,2.962050093343129e-06
602,1413,9.572997,47.0,-6.1666565,43200,0.07538004497613593,0.013985103619036805,4332472.586781167,-468106.2447951276,0.0,-7.797624078982482e-06
112,1287,9.572997,46.66667,-6.0,64800,0.07538634011523873,0.01398440162718308,4360694.650219674,-458327.4764384654,0.0,8.143643297929521e-06
287,1332,9.572997,46.833336,-6.25,64800,0.0753815436813481,0.0139851478527362,4345238.723142079,-475881.0361998027,0.0,-1.1945679381782646e-06
42,1269,9.572997,46.66667,-6.1666565,21600,0.07538223011846845,0.013985526800122095,4359343.065935845,-471009.49203812674,0.0,2.1728372030089712e-07
7,1260,9.572997,46.66667,-6.25,86400,0.07538017127363598,0.013984887845115548,4358653.3150161095,-477350.1729464703,0.0,7.257971328897905e-06
602,1413,9.572997,47.0,-6.1666565,64800,0.07538047055701391,0.013985259080034075,4332472.586781167,-468106.2447951276,0.0,-7.535769848066899e-06
462,1377,9.572997,46.91667,-6.1666565,43200,0.0753787404127712,0.013986806782257184,4339203.78529813,-468833.52373287774,0.0,4.4012340813504e-06
147,1296,9.572997,46.75,-6.25,86400,0.07538177940620674,0.013984999457886784,4351950.96357759,-476616.1460837916,0.0,4.81920728484078e-06
462,1377,9.572997,46.91667,-6.1666565,21600,0.07538290289168123,0.013984542412550623,4339203.78529813,-468833.52373287774,0.0,-1.663611857809818e-06
462,1377,9.572997,46.91667,-6.1666565,86400,0.07538178766229052,0.013985542579999536,4339203.78529813,-468833.52373287774,0.0,1.0357369882792375e-05
567,1404,9.572997,47.0,-6.25,43200,0.07538067829554904,0.013985540872895295,4331787.087405169,-474407.8424903363,0.0,5.8310622490163364e-06
392,1359,9.572997,46.833336,-6.0,21600,0.07538080030995851,0.013986069247616206,4347273.775744883,-456916.88569019584,0.0,8.310105732994954e-06
532,1395,9.572997,46.91667,-6.0,21600,0.07538333077400783,0.01398557291239959,4340549.125536747,-456210.0964726406,0.0,-2.5561756408905848e-06
252,1323,9.572997,46.75,-6.0,21600,0.07538659722614133,0.013984842117085679,4353989.159796485,-457622.70099545474,0.0,-3.067575364030271e-06
357,1350,9.572997,46.833336,-6.0833282,21600,0.07538140639158512,0.013985180128561096,4346604.66032198,-463238.8677294356,0.0,-6.180465212305952e-07
182,1305,9.572997,46.75,-6.1666565,64800,0.07537880079347037,0.013985907554983782,4352639.653859386,-470285.21531356085,0.0,-2.2181651262456808e-06
672,1431,9.572997,47.0,-6.0,43200,0.07622112497255977,0.014250951619930336,4333815.840058059,-455502.3996515776,0.0,3.740788705573804e-06
112,1287,9.572997,46.66667,-6.0,86400,0.07538102317902924,0.013985752154149721,4360694.650219674,-458327.4764384654,0.0,4.749488642577872e-06
532,1395,9.572997,46.91667,-6.0,86400,0.07538287717034133,0.013985424328862127,4340549.125536747,-456210.0964726406,0.0,1.2539819650084592e-06
497,1386,9.572997,46.91667,-6.0833282,43200,0.0753777715352751,0.013985702196224236,4339881.045145775,-462522.2992525033,0.0,6.15735330885618e-06
217,1314,9.572997,46.75,-6.0833282,64800,0.07537565164228581,0.013986193519884716,4353319.010767862,-463954.4488188505,0.0,2.9512628550780245e-06
357,1350,9.572997,46.833336,-6.0833282,43200,0.0753796385024594,0.013986139912319362,4346604.66032198,-463238.8677294356,0.0,7.156005350371295e-07
427,1368,9.572997,46.91667,-6.25,21600,0.07536772465230009,0.01398724146358502,4338517.220887722,-475144.9119816816,0.0,-1.123443791374708e-06
322,1341,9.572997,46.833336,-6.1666565,64800,0.07537880067104764,0.013986149415111376,4345926.351221016,-469559.8699535443,0.0,7.029595047391346e-06
217,1314,9.572997,46.75,-6.0833282,86400,0.0753849198340804,0.013984609020195169,4353319.010767862,-463954.4488188505,0.0,-2.97790628298284e-06
637,1422,9.572997,47.0,-6.0833282,64800,0.07537971265607092,0.013985543649369304,4333148.796028124,-461804.81061430223,0.0,-5.273335405930482e-06
392,1359,9.572997,46.833336,-6.0,43200,0.07538489415811107,0.0139852187363375,4347273.775744883,-456916.88569019584,0.0,-9.305940069700696e-06
532,1395,9.572997,46.91667,-6.0,43200,0.07537578918918376,0.01398719096309437,4340549.125536747,-456210.0964726406,0.0,6.937183207990685e-08
252,1323,9.572997,46.75,-6.0,86400,0.07539163700002624,0.013982791024408431,4353989.159796485,-457622.70099545474,0.0,-5.106745891818243e-06
77,1278,9.572997,46.66667,-6.0833282,64800,0.07537253302134778,0.0139866896639982,4360023.469108121,-464668.9756583009,0.0,1.1449553485209457e-06
7,1260,9.572997,46.66667,-6.25,64800,0.07538044094258055,0.013984808686861033,4358653.3150161095,-477350.1729464703,0.0,2.7629169153052443e-06
637,1422,9.572997,47.0,-6.0833282,43200,0.07538132739888616,0.013984886913972984,4333148.796028124,-461804.81061430223,0.0,-4.498898408600594e-06
42,1269,9.572997,46.66667,-6.1666565,64800,0.07538041429158474,0.013985899857097188,4359343.065935845,-471009.49203812674,0.0,1.0318818084605364e-05
287,1332,9.572997,46.833336,-6.25,86400,0.0753822730234241,0.013985567112163264,4345238.723142079,-475881.0361998027,0.0,5.604319959391333e-06
567,1404,9.572997,47.0,-6.25,21600,0.07538127302529751,0.01398532690049243,4331787.087405169,-474407.8424903363,0.0,-8.367932829703164e-06
217,1314,9.572997,46.75,-6.0833282,21600,0.0753848740812104,0.013984025570042453,4353319.010767862,-463954.4488188505,0.0,-4.264663391876008e-06
497,1386,9.572997,46.91667,-6.0833282,86400,0.0753802729969317,0.013985823762870405,4339881.045145775,-462522.2992525033,0.0,1.1311949351367548e-06
322,1341,9.572997,46.833336,-6.1666565,21600,0.07537963702679719,0.013986514619015646,4345926.351221016,-469559.8699535443,0.0,7.203932259829807e-06
183,1485,11.405,46.75,-6.1666565,64800,0.07538189507252545,0.013989850461549092,4352639.653859386,-470285.21531356085,0.0,-1.8624188358889841e-06
533,1575,11.405,46.91667,-6.0,43200,0.07537945288463904,0.013990850171008016,4340549.125536747,-456210.0964726406,0.0,1.3311273734593089e-08
218,1494,11.405,46.75,-6.0833282,43200,0.07538823829358526,0.013988143099108266,4353319.010767862,-463954.4488188505,0.0,-1.6106516265425273e-06
288,1512,11.405,46.833336,-6.25,21600,0.07538096228448843,0.013990167377664058,4345238.723142079,-475881.0361998027,0.0,2.1889970815548384e-06
568,1584,11.405,47.0,-6.25,64800,0.07538014489652249,0.013990218695565836,4331787.087405169,-474407.8424903363,0.0,6.026768977529446e-06
148,1476,11.405,46.75,-6.25,21600,0.07538478597843881,0.013989658164500488,4351950.96357759,-476616.1460837916,0.0,-3.8406459355937627e-07
533,1575,11.405,46.91667,-6.0,86400,0.07538473496233067,0.013989546331551264,4340549.125536747,-456210.0964726406,0.0,9.799913940235203e-07
43,1449,11.405,46.66667,-6.1666565,43200,0.07538440411860767,0.013989100451708172,4359343.065935845,-471009.49203812674,0.0,1.267950046814704e-07
568,1584,11.405,47.0,-6.25,21600,0.07538354730001733,0.013989437330436588,4331787.087405169,-474407.8424903363,0.0,-6.205189448281941e-06
8,1440,11.405,46.66667,-6.25,21600,0.07538869618840058,0.013989043422015993,4358653.3150161095,-477350.1729464703,0.0,-4.091544988521915e-06
603,1593,11.405,47.0,-6.1666565,64800,0.07538295010102576,0.013989395977970425,4332472.586781167,-468106.2447951276,0.0,-5.856525083807849e-06
428,1548,11.405,46.91667,-6.25,21600,0.07537355035963643,0.013990850246060855,4338517.220887722,-475144.9119816816,0.0,-1.0171153217731022e-06
218,1494,11.405,46.75,-6.0833282,86400,0.07538645088298754,0.013988827347256155,4353319.010767862,-463954.4488188505,0.0,-2.3039876264013455e-06
148,1476,11.405,46.75,-6.25,43200,0.0753818221377053,0.013989311010014339,4351950.96357759,-476616.1460837916,0.0,-2.2784034511856785e-06
113,1467,11.405,46.66667,-6.0,43200,0.07538661557514768,0.013989155250019227,4360694.650219674,-458327.4764384654,0.0,-2.0636891001264758e-07
358,1530,11.405,46.833336,-6.0833282,86400,0.07538286227344197,0.013989602859214465,4346604.66032198,-463238.8677294356,0.0,-4.109002375926167e-06
638,1602,11.405,47.0,-6.0833282,43200,0.07538372486379853,0.01398906710776467,4333148.796028124,-461804.81061430223,0.0,-3.3579313514321926e-06
673,1611,11.405,47.0,-6.0,86400,0.07622004754334151,0.014250112393197982,4333815.840058059,-455502.3996515776,0.0,-3.5184053631454747e-06
113,1467,11.405,46.66667,-6.0,21600,0.07538348813478103,0.013989548874878138,4360694.650219674,-458327.4764384654,0.0,1.5801286001105477e-06
498,1566,11.405,46.91667,-6.0833282,86400,0.07538276180629964,0.013989830401622109,4339881.045145775,-462522.2992525033,0.0,1.0323989216380084e-06
498,1566,11.405,46.91667,-6.0833282,64800,0.07538680850624929,0.013988332052195847,4339881.045145775,-462522.2992525033,0.0,-1.0497468059445956e-06
8,1440,11.405,46.66667,-6.25,43200,0.07538570455885923,0.01398924328017612,4358653.3150161095,-477350.1729464703,0.0,-9.60466615675785e-07
148,1476,11.405,46.75,-6.25,64800,0.07538572318368315,0.013988911893358165,4351950.96357759,-476616.1460837916,0.0,-2.6129385743596468e-06
113,1467,11.405,46.66667,-6.0,64800,0.07538729064898272,0.013988759592910235,4360694.650219674,-458327.4764384654,0.0,5.9410017849831165e-06
603,1593,11.405,47.0,-6.1666565,43200,0.07538254535331976,0.013989322208232421,4332472.586781167,-468106.2447951276,0.0,-6.124546011186978e-06
673,1611,11.405,47.0,-6.0,21600,0.07622259921549625,0.014249731749475183,4333815.840058059,-455502.3996515776,0.0,6.765156098178193e-06
183,1485,11.405,46.75,-6.1666565,43200,0.07538256013494601,0.01398989031407239,4352639.653859386,-470285.21531356085,0.0,5.305879907600471e-06
603,1593,11.405,47.0,-6.1666565,86400,0.07537957264503062,0.013989830356842873,4332472.586781167,-468106.2447951276,0.0,6.88546946458338e-07
673,1611,11.405,47.0,-6.0,43200,0.07622167222532324,0.014250053066851027,4333815.840058059,-455502.3996515776,0.0,2.626725780396791e-06
463,1557,11.405,46.91667,-6.1666565,64800,0.07538069847567029,0.013990596417954112,4339203.78529813,-468833.52373287774,0.0,-2.0162289447082053e-06
463,1557,11.405,46.91667,-6.1666565,21600,0.07538475370138409,0.01398887778327011,4339203.78529813,-468833.52373287774,0.0,-1.3043136468691821e-06
568,1584,11.405,47.0,-6.25,43200,0.0753831785612563,0.013989599927847759,4331787.087405169,-474407.8424903363,0.0,4.452682660122758e-06
148,1476,11.405,46.75,-6.25,86400,0.07538418498162976,0.013989143619746005,4351950.96357759,-476616.1460837916,0.0,3.5756212341976368e-06
393,1539,11.405,46.833336,-6.0,21600,0.07538343858962572,0.013989950275475263,4347273.775744883,-456916.88569019584,0.0,6.47004177695864e-06
218,1494,11.405,46.75,-6.0833282,64800,0.07537928725428569,0.013990105575753536,4353319.010767862,-463954.4488188505,0.0,2.065877522834139e-06
498,1566,11.405,46.91667,-6.0833282,21600,0.07538361841824343,0.013989847419642609,4339881.045145775,-462522.2992525033,0.0,-3.431598739647596e-06
78,1458,11.405,46.66667,-6.0833282,21600,0.07538318087619833,0.013989882875589301,4360023.469108121,-464668.9756583009,0.0,1.5266642659321585e-06
428,1548,11.405,46.91667,-6.25,43200,0.07538520762581992,0.013989095006768516,4338517.220887722,-475144.9119816816,0.0,-1.1155999144216499e-06
568,1584,11.405,47.0,-6.25,86400,0.07538173958016813,0.013989713880000724,4331787.087405169,-474407.8424903363,0.0,2.711497762016896e-06
288,1512,11.405,46.833336,-6.25,64800,0.0753837675948696,0.013989312212260931,4345238.723142079,-475881.0361998027,0.0,-8.976864006015514e-07
43,1449,11.405,46.66667,-6.1666565,21600,0.07538428423459884,0.013989592061948476,4359343.065935845,-471009.49203812674,0.0,5.49323054071229e-07
113,1467,11.405,46.66667,-6.0,86400,0.07538338646275534,0.013989755821711183,4360694.650219674,-458327.4764384654,0.0,3.8419642299675805e-06
673,1611,11.405,47.0,-6.0,64800,0.07622501202260518,0.014249626997226763,4333815.840058059,-455502.3996515776,0.0,2.640299681323108e-06
638,1602,11.405,47.0,-6.0833282,86400,0.07538750784405543,0.01398903423894977,4333148.796028124,-461804.81061430223,0.0,2.1003876902296538e-06
218,1494,11.405,46.75,-6.0833282,21600,0.07538620798834407,0.013988450794204133,4353319.010767862,-463954.4488188505,0.0,-3.2564898328260473e-06
183,1485,11.405,46.75,-6.1666565,21600,0.07538321374842062,0.013989966603294253,4352639.653859386,-470285.21531356085,0.0,1.6153762004601103e-06
323,1521,11.405,46.833336,-6.1666565,43200,0.0753802993340853,0.013990218738944387,4345926.351221016,-469559.8699535443,0.0,-4.722416916419813e-06
288,1512,11.405,46.833336,-6.25,86400,0.07538432494531988,0.01398962711983483,4345238.723142079,-475881.0361998027,0.0,4.012689045687209e-06
43,1449,11.405,46.66667,-6.1666565,64800,0.07538302975087449,0.013989840494259281,4359343.065935845,-471009.49203812674,0.0,7.8898116642585e-06
393,1539,11.405,46.833336,-6.0,86400,0.0753875902987066,0.013988701919914467,4347273.775744883,-456916.88569019584,0.0,-2.7047397332839552e-06
393,1539,11.405,46.833336,-6.0,43200,0.07538632015734521,0.013989355356655917,4347273.775744883,-456916.88569019584,0.0,-7.35384681554393e-06
358,1530,11.405,46.833336,-6.0833282,64800,0.07538008639812546,0.013989949585369189,4346604.66032198,-463238.8677294356,0.0,4.720299281280326e-06
603,1593,11.405,47.0,-6.1666565,21600,0.07538187142406118,0.013989720604669452,4332472.586781167,-468106.2447951276,0.0,8.683758308486875e-07
183,1485,11.405,46.75,-6.1666565,86400,0.07538251109889052,0.013989758500330142,4352639.653859386,-470285.21531356085,0.0,-3.0147360215301213e-06
358,1530,11.405,46.833336,-6.0833282,43200,0.07538248069565386,0.013990050864557348,4346604.66032198,-463238.8677294356,0.0,3.046509034804933e-07
323,1521,11.405,46.833336,-6.1666565,64800,0.07538171728150907,0.01399004253935665,4345926.351221016,-469559.8699535443,0.0,5.437309283629791e-06
358,1530,11.405,46.833336,-6.0833282,21600,0.07538361573434922,0.013989341723736264,4346604.66032198,-463238.8677294356,0.0,-2.1718314822489559e-07
8,1440,11.405,46.66667,-6.25,86400,0.07538274707112977,0.013989111013741343,4358653.3150161095,-477350.1729464703,0.0,5.4636175512782735e-06
323,1521,11.405,46.833336,-6.1666565,86400,0.07538719723111127,0.013988158620812229,4345926.351221016,-469559.8699535443,0.0,2.273591521299946e-06
428,1548,11.405,46.91667,-6.25,86400,0.07538128119660502,0.013990755527515589,4338517.220887722,-475144.9119816816,0.0,4.013454822524432e-06
78,1458,11.405,46.66667,-6.0833282,64800,0.07537681969850861,0.01399051411461676,4360023.469108121,-464668.9756583009,0.0,6.405217752397974e-07
428,1548,11.405,46.91667,-6.25,64800,0.07538315472302758,0.013989907621557395,4338517.220887722,-475144.9119816816,0.0,1.096386336762188e-06
638,1602,11.405,47.0,-6.0833282,64800,0.07538232092025174,0.013989621822554602,4333148.796028124,-461804.81061430223,0.0,-3.741067457199388e-06
253,1503,11.405,46.75,-6.0,86400,0.07539133051210326,0.013987540641660261,4353989.159796485,-457622.70099545474,0.0,-3.8215364740682435e-06
498,1566,11.405,46.91667,-6.0833282,43200,0.0753805890375366,0.013989782770171896,4339881.045145775,-462522.2992525033,0.0,4.633401082697287e-06
533,1575,11.405,46.91667,-6.0,64800,0.07538823274223705,0.01398887730235511,4340549.125536747,-456210.0964726406,0.0,-6.970839741649848e-06
43,1449,11.405,46.66667,-6.1666565,86400,0.07537866563490964,0.013990090020569987,4359343.065935845,-471009.49203812674,0.0,7.248871372277721e-08
463,1557,11.405,46.91667,-6.1666565,43200,0.07538182378599456,0.013990536277488728,4339203.78529813,-468833.52373287774,0.0,3.139111308689441e-06
253,1503,11.405,46.75,-6.0,64800,0.07538173849223682,0.013989767161801881,4353989.159796485,-457622.70099545474,0.0,4.521202386637982e-06
463,1557,11.405,46.91667,-6.1666565,86400,0.0753838316677997,0.013989581189203964,4339203.78529813,-468833.52373287774,0.0,8.201602375457142e-06
253,1503,11.405,46.75,-6.0,43200,0.07538398798146617,0.013989059044912844,4353989.159796485,-457622.70099545474,0.0,9.993395255400811e-06
323,1521,11.405,46.833336,-6.1666565,21600,0.07538236345970825,0.013990337324442157,4345926.351221016,-469559.8699535443,0.0,5.402259814639374e-06
533,1575,11.405,46.91667,-6.0,21600,0.07538502096648914,0.013989616563444615,4340549.125536747,-456210.0964726406,0.0,-2.054328365262818e-06
8,1440,11.405,46.66667,-6.25,64800,0.07538280685640397,0.013989054379129874,4358653.3150161095,-477350.1729464703,0.0,2.0694794222473933e-06
638,1602,11.405,47.0,-6.0833282,21600,0.07538205283585107,0.013989183363309596,4333148.796028124,-461804.81061430223,0.0,2.6383704945035225e-06
393,1539,11.405,46.833336,-6.0,64800,0.07538407592008602,0.013989456472255097,4347273.775744883,-456916.88569019584,0.0,3.2541567512655466e-07
78,1458,11.405,46.66667,-6.0833282,43200,0.07538028168449935,0.013990247999285834,4360023.469108121,-464668.9756583009,0.0,3.454451143945731e-06
253,1503,11.405,46.75,-6.0,21600,0.07538772934245663,0.01398905422971286,4353989.159796485,-457622.70099545474,0.0,-2.466957564046864e-06
288,1512,11.405,46.833336,-6.25,43200,0.07538462808448318,0.013989027933092531,4345238.723142079,-475881.0361998027,0.0,-2.9273092622303924e-06
78,1458,11.405,46.66667,-6.0833282,86400,0.07538469968336323,0.013990041620983383,4360023.469108121,-464668.9756583009,0.0,2.2297680639664185e-06
674,1791,13.46714,47.0,-6.0,43200,0.07622201540930548,0.014249124463553533,4333815.840058059,-455502.3996515776,0.0,1.7417285861362265e-06
79,1638,13.46714,46.66667,-6.0833282,64800,0.07538107773224106,0.01399486811168696,4360023.469108121,-464668.9756583009,0.0,2.785747283769898e-07
184,1665,13.46714,46.75,-6.1666565,86400,0.07538548981239,0.01399424634243777,4352639.653859386,-470285.21531356085,0.0,-2.052837785930619e-06
114,1647,13.46714,46.66667,-6.0,43200,0.07538843916533565,0.013993822835589564,4360694.650219674,-458327.4764384654,0.0,-2.570274654843739e-07
79,1638,13.46714,46.66667,-6.0833282,43200,0.07538366137089726,0.013994644882918949,4360023.469108121,-464668.9756583009,0.0,2.712094256538176e-06
44,1629,13.46714,46.66667,-6.1666565,64800,0.07538581202261785,0.013994312964411063,4359343.065935845,-471009.49203812674,0.0,5.827320860642392e-06
534,1755,13.46714,46.91667,-6.0,64800,0.07538977800981786,0.013993602533137556,4340549.125536747,-456210.0964726406,0.0,-5.2468455192316465e-06
114,1647,13.46714,46.66667,-6.0,64800,0.07538875872509752,0.013993567147848145,4360694.650219674,-458327.4764384654,0.0,4.158127573239831e-06
604,1773,13.46714,47.0,-6.1666565,64800,0.07538567561834643,0.01399401516094165,4332472.586781167,-468106.2447951276,0.0,-4.3910888337386456e-06
674,1791,13.46714,47.0,-6.0,86400,0.0762208731356482,0.014249183525389442,4333815.840058059,-455502.3996515776,0.0,-2.6632589836185936e-06
9,1620,13.46714,46.66667,-6.25,64800,0.07538547721546893,0.01399376556200608,4358653.3150161095,-477350.1729464703,0.0,1.491706956936451e-06
324,1701,13.46714,46.833336,-6.1666565,64800,0.07538480376060873,0.01399447045457921,4345926.351221016,-469559.8699535443,0.0,4.093707608333734e-06
149,1656,13.46714,46.75,-6.25,43200,0.07538471691145422,0.013993985194669175,4351950.96357759,-476616.1460837916,0.0,-1.5848951506377267e-06
79,1638,13.46714,46.66667,-6.0833282,86400,0.07538681646566814,0.013994520447662822,4360023.469108121,-464668.9756583009,0.0,1.5605155612223838e-06
394,1719,13.46714,46.833336,-6.0,64800,0.0753864341478939,0.013994079389052208,4347273.775744883,-456916.88569019584,0.0,1.1023301083658005e-07
289,1692,13.46714,46.833336,-6.25,43200,0.07538696363386438,0.013993750949289993,4345238.723142079,-475881.0361998027,0.0,-2.303899758165383e-06
324,1701,13.46714,46.833336,-6.1666565,86400,0.07538882239282865,0.01399310388943944,4345926.351221016,-469559.8699535443,0.0,1.8299782697317775e-06
254,1683,13.46714,46.75,-6.0,64800,0.07538484071055233,0.01399425836145276,4353989.159796485,-457622.70099545474,0.0,3.3335839117477297e-06
114,1647,13.46714,46.66667,-6.0,86400,0.07538602760356398,0.013994265773807737,4360694.650219674,-458327.4764384654,0.0,3.005084418125808e-06
674,1791,13.46714,47.0,-6.0,64800,0.07622439889010206,0.014248840173045845,4333815.840058059,-455502.3996515776,0.0,2.064170144880906e-06
429,1728,13.46714,46.91667,-6.25,43200,0.07538740306469034,0.013993779000159932,4338517.220887722,-475144.9119816816,0.0,-9.786336529726934e-07
289,1692,13.46714,46.833336,-6.25,64800,0.07538627555262253,0.013993959411441985,4345238.723142079,-475881.0361998027,0.0,-6.405986293433315e-07
324,1701,13.46714,46.833336,-6.1666565,43200,0.07538369120126577,0.01399461866027608,4345926.351221016,-469559.8699535443,0.0,-3.6426485278733596e-06
289,1692,13.46714,46.833336,-6.25,86400,0.07538667822610012,0.01399418644504547,4345238.723142079,-475881.0361998027,0.0,2.776294735845327e-06
394,1719,13.46714,46.833336,-6.0,43200,0.07538819910314044,0.013993971752511221,4347273.775744883,-456916.88569019584,0.0,-5.671939245900117e-06
359,1710,13.46714,46.833336,-6.0833282,64800,0.07538370768553383,0.013994415836621496,4346604.66032198,-463238.8677294356,0.0,3.33799546504939e-06
569,1764,13.46714,47.0,-6.25,64800,0.07538394985572565,0.013994546931978626,4331787.087405169,-474407.8424903363,0.0,4.603019319333321e-06
359,1710,13.46714,46.833336,-6.0833282,43200,0.07538542293519516,0.013994496827701718,4346604.66032198,-463238.8677294356,0.0,1.4108069366562187e-08
9,1620,13.46714,46.66667,-6.25,86400,0.07538557365384652,0.013993802057779798,4358653.3150161095,-477350.1729464703,0.0,3.978036576406419e-06
254,1683,13.46714,46.75,-6.0,43200,0.07538643720990194,0.01399377394184104,4353989.159796485,-457622.70099545474,0.0,7.3479956300479745e-06
464,1737,13.46714,46.91667,-6.1666565,43200,0.07538497330352929,0.01399483325884468,4339203.78529813,-468833.52373287774,0.0,2.125240785812323e-06
639,1782,13.46714,47.0,-6.0833282,64800,0.0753851616692544,0.013994194695146575,4333148.796028124,-461804.81061430223,0.0,-2.5216641953631033e-06
359,1710,13.46714,46.833336,-6.0833282,86400,0.07538582271441098,0.013994116411425594,4346604.66032198,-463238.8677294356,0.0,-2.9672554918638592e-06
44,1629,13.46714,46.66667,-6.1666565,86400,0.07538271346011337,0.013994502882963994,4359343.065935845,-471009.49203812674,0.0,1.62867849615616e-07
499,1746,13.46714,46.91667,-6.0833282,64800,0.07538863724278065,0.013993205750019519,4339881.045145775,-462522.2992525033,0.0,-7.600212744890258e-07
219,1674,13.46714,46.75,-6.0833282,86400,0.07538833666270178,0.013993542000383581,4353319.010767862,-463954.4488188505,0.0,-1.7020395832096213e-06
604,1773,13.46714,47.0,-6.1666565,43200,0.07538530626119039,0.013993997708376145,4332472.586781167,-468106.2447951276,0.0,-4.683927325757293e-06
149,1656,13.46714,46.75,-6.25,64800,0.07538789902589363,0.013993640857377596,4351950.96357759,-476616.1460837916,0.0,-1.8145771559942072e-06
149,1656,13.46714,46.75,-6.25,86400,0.07538677234847252,0.013993790157058383,4351950.96357759,-476616.1460837916,0.0,2.5635054945780635e-06
639,1782,13.46714,47.0,-6.0833282,43200,0.07538634347610246,0.013993737939639444,4333148.796028124,-461804.81061430223,0.0,-2.4521198773947497e-06
184,1665,13.46714,46.75,-6.1666565,43200,0.0753857105578989,0.013994308645910268,4352639.653859386,-470285.21531356085,0.0,3.90875175634684e-06
569,1764,13.46714,47.0,-6.25,43200,0.07538593014655047,0.013994154958471283,4331787.087405169,-474407.8424903363,0.0,3.2772890814341968e-06
219,1674,13.46714,46.75,-6.0833282,43200,0.07538955159817555,0.013993093425968951,4353319.010767862,-463954.4488188505,0.0,-1.0868337414287164e-06
534,1755,13.46714,46.91667,-6.0,43200,0.07538314991330419,0.01399507592165639,4340549.125536747,-456210.0964726406,0.0,-6.085429640773309e-09
429,1728,13.46714,46.91667,-6.25,64800,0.07538592071730715,0.01399436727146911,4338517.220887722,-475144.9119816816,0.0,9.457374690519095e-07
254,1683,13.46714,46.75,-6.0,86400,0.07539175666018588,0.01399267015343898,4353989.159796485,-457622.70099545474,0.0,-2.766603771569733e-06
499,1746,13.46714,46.91667,-6.0833282,43200,0.07538366464970943,0.01399434633557127,4339881.045145775,-462522.2992525033,0.0,3.3550892230173695e-06
219,1674,13.46714,46.75,-6.0833282,64800,0.07538297829343009,0.013994539354379594,4353319.010767862,-463954.4488188505,0.0,1.354031132245413e-06
464,1737,13.46714,46.91667,-6.1666565,64800,0.07538414224212805,0.01399486051296014,4339203.78529813,-468833.52373287774,0.0,-1.49090046443265e-06
184,1665,13.46714,46.75,-6.1666565,64800,0.07538508484443822,0.013994317642608146,4352639.653859386,-470285.21531356085,0.0,-1.487172621074181e-06
639,1782,13.46714,47.0,-6.0833282,86400,0.07538910596049828,0.013993755685194894,4333148.796028124,-461804.81061430223,0.0,1.4164917790503329e-06
394,1719,13.46714,46.833336,-6.0,86400,0.07538910848525304,0.013993514722796722,4347273.775744883,-456916.88569019584,0.0,-2.1375188421029706e-06
674,1791,13.46714,47.0,-6.0,21600,0.07622251445746227,0.01424894464780757,4333815.840058059,-455502.3996515776,0.0,4.988974310822984e-06
604,1773,13.46714,47.0,-6.1666565,86400,0.0753834413969103,0.013994264896589392,4332472.586781167,-468106.2447951276,0.0,5.131060601790014e-07
79,1638,13.46714,46.66667,-6.0833282,21600,0.0753856326225303,0.013994417588665656,4360023.469108121,-464668.9756583009,0.0,9.587705334668735e-07
429,1728,13.46714,46.91667,-6.25,21600,0.0753789491624371,0.013995050378305686,4338517.220887722,-475144.9119816816,0.0,-8.579287699968069e-07
499,1746,13.46714,46.91667,-6.0833282,86400,0.07538552245727048,0.013994340630093834,4339881.045145775,-462522.2992525033,0.0,9.097426457654638e-07
394,1719,13.46714,46.833336,-6.0,21600,0.07538624004661267,0.01399437362268027,4347273.775744883,-456916.88569019584,0.0,4.899257231439511e-06
114,1647,13.46714,46.66667,-6.0,21600,0.07538618573349344,0.013994132915432023,4360694.650219674,-458327.4764384654,0.0,1.183484993248604e-06
359,1710,13.46714,46.833336,-6.0833282,21600,0.07538614446385042,0.013993978758432264,4346604.66032198,-463238.8677294356,0.0,6.00564339272191e-08
324,1701,13.46714,46.833336,-6.1666565,21600,0.07538528413441833,0.013994698594721232,4345926.351221016,-469559.8699535443,0.0,3.933502954190524e-06
289,1692,13.46714,46.833336,-6.25,21600,0.0753840635888957,0.013994606725183982,4345238.723142079,-475881.0361998027,0.0,1.5834105546238536e-06
149,1656,13.46714,46.75,-6.25,21600,0.07538704872081244,0.013994187502320283,4351950.96357759,-476616.1460837916,0.0,-1.7850804924727766e-07
534,1755,13.46714,46.91667,-6.0,86400,0.07538695223738472,0.013994146943341775,4340549.125536747,-456210.0964726406,0.0,7.47152216535146e-07
9,1620,13.46714,46.66667,-6.25,43200,0.07538770959838906,0.013993869184907835,4358653.3150161095,-477350.1729464703,0.0,-4.86945919862084e-07
254,1683,13.46714,46.75,-6.0,21600,0.07538928383170514,0.013993748787016312,4353989.159796485,-457622.70099545474,0.0,-1.9115239180776344e-06
219,1674,13.46714,46.75,-6.0833282,21600,0.07538803033803815,0.01399331001530368,4353319.010767862,-463954.4488188505,0.0,-2.408164864189035e-06
569,1764,13.46714,47.0,-6.25,86400,0.07538504156588169,0.013994203307273035,4331787.087405169,-474407.8424903363,0.0,1.8253029165810558e-06
184,1665,13.46714,46.75,-6.1666565,21600,0.07538578179501346,0.01399445388403355,4352639.653859386,-470285.21531356085,0.0,1.293370718013683e-06
464,1737,13.46714,46.91667,-6.1666565,21600,0.07538695878424916,0.013993661025829794,4339203.78529813,-468833.52373287774,0.0,-1.0036006852112782e-06
499,1746,13.46714,46.91667,-6.0833282,21600,0.07538613654492782,0.013994378328850317,4339881.045145775,-462522.2992525033,0.0,-2.4504932995799495e-06
44,1629,13.46714,46.66667,-6.1666565,43200,0.07538659522522746,0.013993834015794349,4359343.065935845,-471009.49203812674,0.0,1.5506752872249383e-07
604,1773,13.46714,47.0,-6.1666565,21600,0.07538473209781965,0.013994265066043935,4332472.586781167,-468106.2447951276,0.0,7.706741949981652e-07
569,1764,13.46714,47.0,-6.25,21600,0.07538609280870284,0.013994042487782576,4331787.087405169,-474407.8424903363,0.0,-4.449392110449789e-06
44,1629,13.46714,46.66667,-6.1666565,21600,0.0753866470287351,0.01399415679649291,4359343.065935845,-471009.49203812674,0.0,7.343175553647756e-07
9,1620,13.46714,46.66667,-6.25,21600,0.07538974032674418,0.013993787553409425,4358653.3150161095,-477350.1729464703,0.0,-2.987061302361135e-06
464,1737,13.46714,46.91667,-6.1666565,86400,0.07538620353616822,0.013994135578338998,4339203.78529813,-468833.52373287774,0.0,6.313199614078144e-06
534,1755,13.46714,46.91667,-6.0,21600,0.07538712228771498,0.013994165042658916,4340549.125536747,-456210.0964726406,0.0,-1.6052579376705224e-06
639,1782,13.46714,47.0,-6.0833282,21600,0.07538504140469632,0.013993865733974604,4333148.796028124,-461804.81061430223,0.0,2.0647520499348264e-06
429,1728,13.46714,46.91667,-6.25,86400,0.07538451702045879,0.013994991451977905,4338517.220887722,-475144.9119816816,0.0,2.9734273665555297e-06
500,1926,15.81007,46.91667,-6.0833282,43200,0.07538705417873023,0.013999498675749242,4339881.045145775,-462522.2992525033,0.0,2.3149721925752537e-06
535,1935,15.81007,46.91667,-6.0,86400,0.07538957411955642,0.013999336903658077,4340549.125536747,-456210.0964726406,0.0,5.583199478897424e-07
430,1908,15.81007,46.91667,-6.25,86400,0.0753879357106609,0.013999898824023702,4338517.220887722,-475144.9119816816,0.0,2.13266466251021e-06
150,1836,15.81007,46.75,-6.25,86400,0.07538963234650732,0.013999036605222198,4351950.96357759,-476616.1460837916,0.0,1.7597994607821553e-06
150,1836,15.81007,46.75,-6.25,64800,0.07539042024608887,0.013998949003061329,4351950.96357759,-476616.1460837916,0.0,-1.2142812250633893e-06
290,1872,15.81007,46.833336,-6.25,86400,0.07538941099822377,0.013999346709459404,4345238.723142079,-475881.0361998027,0.0,1.8392422303082334e-06
325,1881,15.81007,46.833336,-6.1666565,21600,0.0753884645071084,0.013999701447792478,4345926.351221016,-469559.8699535443,0.0,2.7528107886365447e-06
185,1845,15.81007,46.75,-6.1666565,64800,0.07538843544338472,0.013999415305913535,4352639.653859386,-470285.21531356085,0.0,-1.1408757790025223e-06
220,1854,15.81007,46.75,-6.0833282,64800,0.07538679559583646,0.01399959846187266,4353319.010767862,-463954.4488188505,0.0,8.05246970641649e-07
395,1899,15.81007,46.833336,-6.0,43200,0.07539054220445184,0.013999179792063682,4347273.775744883,-456916.88569019584,0.0,-4.241911652819889e-06
115,1827,15.81007,46.66667,-6.0,64800,0.07539079705476513,0.013998926001759223,4360694.650219674,-458327.4764384654,0.0,2.7700133623358525e-06
10,1800,15.81007,46.66667,-6.25,43200,0.07539016569478252,0.013999093029520763,4358653.3150161095,-477350.1729464703,0.0,-1.5948872597085457e-07
255,1863,15.81007,46.75,-6.0,21600,0.07539133361876828,0.013999026247370807,4353989.159796485,-457622.70099545474,0.0,-1.4171563079127807e-06
360,1890,15.81007,46.833336,-6.0833282,43200,0.07538858545767675,0.013999569694641709,4346604.66032198,-463238.8677294356,0.0,-1.6054521359057243e-07
255,1863,15.81007,46.75,-6.0,64800,0.07538814151229556,0.01399937797160132,4353989.159796485,-457622.70099545474,0.0,2.3601026672197243e-06
360,1890,15.81007,46.833336,-6.0833282,86400,0.07538896914684055,0.013999259130234136,4346604.66032198,-463238.8677294356,0.0,-2.050783985238651e-06
115,1827,15.81007,46.66667,-6.0,86400,0.07538899265087101,0.01399938916178058,4360694.650219674,-458327.4764384654,0.0,2.267293791762495e-06
290,1872,15.81007,46.833336,-6.25,64800,0.07538913194374214,0.013999191712432328,4345238.723142079,-475881.0361998027,0.0,-4.208533532632114e-07
220,1854,15.81007,46.75,-6.0833282,21600,0.07539035927441756,0.013998716524152178,4353319.010767862,-463954.4488188505,0.0,-1.7139587456671703e-06
325,1881,15.81007,46.833336,-6.1666565,64800,0.07538811934604704,0.01399953230929308,4345926.351221016,-469559.8699535443,0.0,2.974993475867868e-06
605,1953,15.81007,47.0,-6.1666565,21600,0.07538791268916648,0.01399941417226336,4332472.586781167,-468106.2447951276,0.0,6.527649216672396e-07
185,1845,15.81007,46.75,-6.1666565,43200,0.07538898840193038,0.013999376041655267,4352639.653859386,-470285.21531356085,0.0,2.7814773012575756e-06
80,1818,15.81007,46.66667,-6.0833282,64800,0.07538538217733452,0.013999854599780351,4360023.469108121,-464668.9756583009,0.0,3.884286839090901e-08
185,1845,15.81007,46.75,-6.1666565,86400,0.0753887006061672,0.013999358532256992,4352639.653859386,-470285.21531356085,0.0,-1.3077844184056826e-06
360,1890,15.81007,46.833336,-6.0833282,21600,0.07538903030608969,0.013999200946277789,4346604.66032198,-463238.8677294356,0.0,2.220129475463009e-07
325,1881,15.81007,46.833336,-6.1666565,86400,0.07539094960790978,0.013998581140385012,4345926.351221016,-469559.8699535443,0.0,1.4261798982688846e-06
255,1863,15.81007,46.75,-6.0,86400,0.07539293883473809,0.013998290317668685,4353989.159796485,-457622.70099545474,0.0,-1.9230439735452705e-06
500,1926,15.81007,46.91667,-6.0833282,21600,0.07538900310266737,0.013999510925797903,4339881.045145775,-462522.2992525033,0.0,-1.6830511918538294e-06
535,1935,15.81007,46.91667,-6.0,43200,0.07538696071936685,0.013999967735656852,4340549.125536747,-456210.0964726406,0.0,-1.4910990214702037e-08
570,1944,15.81007,47.0,-6.25,43200,0.07538896258132424,0.01399931650554654,4331787.087405169,-474407.8424903363,0.0,2.3082240631067917e-06
465,1917,15.81007,46.91667,-6.1666565,21600,0.07538958092963079,0.013998998298999825,4339203.78529813,-468833.52373287774,0.0,-7.491318031395835e-07
465,1917,15.81007,46.91667,-6.1666565,86400,0.07538897112870414,0.013999301251879186,4339203.78529813,-468833.52373287774,0.0,4.692884429257445e-06
605,1953,15.81007,47.0,-6.1666565,43200,0.0753883835974856,0.013999242892596573,4332472.586781167,-468106.2447951276,0.0,-3.4606057772876016e-06
255,1863,15.81007,46.75,-6.0,43200,0.07538923723708595,0.013999062462325764,4353989.159796485,-457622.70099545474,0.0,5.191717379179639e-06
220,1854,15.81007,46.75,-6.0833282,86400,0.07539065602977187,0.013998848487177988,4353319.010767862,-463954.4488188505,0.0,-1.189951199427134e-06
640,1962,15.81007,47.0,-6.0833282,43200,0.07538925416895666,0.013999001043773204,4333148.796028124,-461804.81061430223,0.0,-1.735773833021122e-06
640,1962,15.81007,47.0,-6.0833282,21600,0.07538827891753615,0.013999125230856682,4333148.796028124,-461804.81061430223,0.0,1.5684555751898292e-06
290,1872,15.81007,46.833336,-6.25,43200,0.075389646930957,0.013999047066797849,4345238.723142079,-475881.0361998027,0.0,-1.7768125779071014e-06
675,1971,15.81007,47.0,-6.0,21600,0.07622237109287745,0.014248061856605399,4333815.840058059,-455502.3996515776,0.0,3.5438590100414405e-06
430,1908,15.81007,46.91667,-6.25,21600,0.07538408225246084,0.01399993212755616,4338517.220887722,-475144.9119816816,0.0,-6.896864681922017e-07
360,1890,15.81007,46.833336,-6.0833282,64800,0.0753874212397686,0.013999503697108935,4346604.66032198,-463238.8677294356,0.0,2.256562447570643e-06
535,1935,15.81007,46.91667,-6.0,21600,0.0753896809915797,0.013999320532660809,4340549.125536747,-456210.0964726406,0.0,-1.2105529051396106e-06
500,1926,15.81007,46.91667,-6.0833282,86400,0.07538858587786974,0.013999461003598765,4339881.045145775,-462522.2992525033,0.0,7.593899461669171e-07
675,1971,15.81007,47.0,-6.0,43200,0.07622216128802149,0.01424814396908443,4333815.840058059,-455502.3996515776,0.0,1.0681606736998349e-06
395,1899,15.81007,46.833336,-6.0,21600,0.0753892715219969,0.013999440614084523,4347273.775744883,-456916.88569019584,0.0,3.578919493552357e-06
430,1908,15.81007,46.91667,-6.25,43200,0.0753899732889498,0.013999050248186169,4338517.220887722,-475144.9119816816,0.0,-8.196920306753081e-07
10,1800,15.81007,46.66667,-6.25,64800,0.07538849179743684,0.013999050067495628,4358653.3150161095,-477350.1729464703,0.0,1.0211131939424162e-06
45,1809,15.81007,46.66667,-6.1666565,64800,0.075388857200153,0.013999414264439585,4359343.065935845,-471009.49203812674,0.0,4.129836292674848e-06
220,1854,15.81007,46.75,-6.0833282,43200,0.07539144879044567,0.01399856994089251,4353319.010767862,-463954.4488188505,0.0,-6.994249028744056e-07
465,1917,15.81007,46.91667,-6.1666565,43200,0.07538828610175861,0.01399979304965707,4339203.78529813,-468833.52373287774,0.0,1.3472302139549939e-06
570,1944,15.81007,47.0,-6.25,21600,0.07538897341199756,0.013999244861411454,4331787.087405169,-474407.8424903363,0.0,-3.057715328268491e-06
185,1845,15.81007,46.75,-6.1666565,21600,0.07538871139163589,0.013999553287166547,4352639.653859386,-470285.21531356085,0.0,9.756941581162638e-07
290,1872,15.81007,46.833336,-6.25,21600,0.07538745570962031,0.013999661594219866,4345238.723142079,-475881.0361998027,0.0,1.112405960581562e-06
325,1881,15.81007,46.833336,-6.1666565,43200,0.07538727111124131,0.013999653447003815,4345926.351221016,-469559.8699535443,0.0,-2.718725945688703e-06
640,1962,15.81007,47.0,-6.0833282,64800,0.07538828858352452,0.013999366877576809,4333148.796028124,-461804.81061430223,0.0,-1.5919640417052969e-06
45,1809,15.81007,46.66667,-6.1666565,21600,0.07538938185752904,0.013999324780382013,4359343.065935845,-471009.49203812674,0.0,7.82619680796869e-07
150,1836,15.81007,46.75,-6.25,21600,0.07538968977861,0.013999331727065386,4351950.96357759,-476616.1460837916,0.0,-3.125439166006009e-08
430,1908,15.81007,46.91667,-6.25,64800,0.07538894591123024,0.013999458199908431,4338517.220887722,-475144.9119816816,0.0,7.787118118534112e-07
605,1953,15.81007,47.0,-6.1666565,64800,0.07538870264796477,0.013999224724373392,4332472.586781167,-468106.2447951276,0.0,-3.1578903651589254e-06
465,1917,15.81007,46.91667,-6.1666565,64800,0.07538772118520355,0.013999793594701042,4339203.78529813,-468833.52373287774,0.0,-1.0509190341170235e-06
570,1944,15.81007,47.0,-6.25,64800,0.07538774941674918,0.013999544875380528,4331787.087405169,-474407.8424903363,0.0,3.3845575034372696e-06
675,1971,15.81007,47.0,-6.0,86400,0.07622139697591125,0.014248196921396793,4333815.840058059,-455502.3996515776,0.0,-1.9433531502614744e-06
115,1827,15.81007,46.66667,-6.0,21600,0.07538914851235355,0.013999315193471265,4360694.650219674,-458327.4764384654,0.0,8.422766068985707e-07
605,1953,15.81007,47.0,-6.1666565,86400,0.07538733560023388,0.01399934422874315,4332472.586781167,-468106.2447951276,0.0,3.678277687602096e-07
80,1818,15.81007,46.66667,-6.0833282,21600,0.07538850851647876,0.013999547021182987,4360023.469108121,-464668.9756583009,0.0,5.450803488116654e-07
500,1926,15.81007,46.91667,-6.0833282,64800,0.07539090635138337,0.013998630638360569,4339881.045145775,-462522.2992525033,0.0,-5.209080488728692e-07
45,1809,15.81007,46.66667,-6.1666565,43200,0.07538923804352472,0.013999126126470631,4359343.065935845,-471009.49203812674,0.0,1.683376656949368e-07
115,1827,15.81007,46.66667,-6.0,43200,0.07539071340332855,0.013999079206352969,4360694.650219674,-458327.4764384654,0.0,-2.5975136250450415e-07
45,1809,15.81007,46.66667,-6.1666565,86400,0.07538675808904295,0.013999554011261406,4359343.065935845,-471009.49203812674,0.0,2.0935417440455795e-07
80,1818,15.81007,46.66667,-6.0833282,86400,0.07538940817743295,0.013999606039764462,4360023.469108121,-464668.9756583009,0.0,1.0444264854531738e-06
10,1800,15.81007,46.66667,-6.25,86400,0.07538868145174557,0.013999071821233196,4358653.3150161095,-477350.1729464703,0.0,2.7812609999416817e-06
535,1935,15.81007,46.91667,-6.0,64800,0.07539176533236923,0.01399891074470251,4340549.125536747,-456210.0964726406,0.0,-3.8130446040766173e-06
80,1818,15.81007,46.66667,-6.0833282,43200,0.07538724455739973,0.013999674196443714,4360023.469108121,-464668.9756583009,0.0,2.056365599402277e-06
675,1971,15.81007,47.0,-6.0,64800,0.07622377021041377,0.01424796945556897,4333815.840058059,-455502.3996515776,0.0,1.5525061890393494e-06
150,1836,15.81007,46.75,-6.25,43200,0.07538792557129545,0.013999231854960742,4351950.96357759,-476616.1460837916,0.0,-1.0485772521444819e-06
570,1944,15.81007,47.0,-6.25,86400,0.07538846515151694,0.013999321489921621,4331787.087405169,-474407.8424903363,0.0,1.1597744218205318e-06
395,1899,15.81007,46.833336,-6.0,64800,0.0753891831261573,0.013999288190558366,4347273.775744883,-456916.88569019584,0.0,-3.093325555678668e-08
10,1800,15.81007,46.66667,-6.25,21600,0.07539144111920136,0.01399909289828095,4358653.3150161095,-477350.1729464703,0.0,-2.083672052161857e-06
395,1899,15.81007,46.833336,-6.0,86400,0.07539115171821675,0.013998878009619707,4347273.775744883,-456916.88569019584,0.0,-1.6341279062684573e-06
640,1962,15.81007,47.0,-6.0833282,86400,0.07539120507014346,0.013999045924106529,4333148.796028124,-461804.81061430223,0.0,9.115711698493976e-07
256,2043,18.49556,46.75,-6.0,43200,0.07539246708559783,0.014005050050273374,4353989.159796485,-457622.70099545474,0.0,3.492423202861521e-06
221,2034,18.49556,46.75,-6.0833282,86400,0.0753934868627744,0.014004866482526544,4353319.010767862,-463954.4488188505,0.0,-7.75061843638451e-07
606,2133,18.49556,47.0,-6.1666565,86400,0.07539136573664976,0.014005186212822237,4332472.586781167,-468106.2447951276,0.0,2.507736735166486e-07
11,1980,18.49556,46.66667,-6.25,21600,0.07539385063076674,0.014005086824498197,4358653.3150161095,-477350.1729464703,0.0,-1.3739661722495221e-06
641,2142,18.49556,47.0,-6.0833282,43200,0.07539254361600779,0.014004979085658197,4333148.796028124,-461804.81061430223,0.0,-1.1835222015650518e-06
361,2070,18.49556,46.833336,-6.0833282,43200,0.07539207317256319,0.014005389206910353,4346604.66032198,-463238.8677294356,0.0,-2.4019341449730806e-07
676,2151,18.49556,47.0,-6.0,21600,0.07622214500007476,0.014247062645012635,4333815.840058059,-455502.3996515776,0.0,2.4057093641909646e-06
431,2088,18.49556,46.91667,-6.25,21600,0.07538909798841782,0.014005609715822412,4338517.220887722,-475144.9119816816,0.0,-5.307439617196871e-07
431,2088,18.49556,46.91667,-6.25,43200,0.07539300214869032,0.014005031231321047,4338517.220887722,-475144.9119816816,0.0,-6.551392321065746e-07
46,1989,18.49556,46.66667,-6.1666565,43200,0.07539238876818516,0.014005107501121767,4359343.065935845,-471009.49203812674,0.0,1.697726350007109e-07
81,1998,18.49556,46.66667,-6.0833282,21600,0.0753918573484203,0.014005399558870348,4360023.469108121,-464668.9756583009,0.0,2.6182970587054256e-07
151,2016,18.49556,46.75,-6.25,43200,0.07539151351054095,0.014005179441648245,4351950.96357759,-476616.1460837916,0.0,-6.575926811383641e-07
396,2079,18.49556,46.833336,-6.0,21600,0.07539262809237443,0.014005269509113839,4347273.775744883,-456916.88569019584,0.0,2.5004252184644472e-06
116,2007,18.49556,46.66667,-6.0,43200,0.07539350940192467,0.01400504845252937,4360694.650219674,-458327.4764384654,0.0,-2.2945489747597e-07
501,2106,18.49556,46.91667,-6.0833282,86400,0.07539202234071007,0.014005316286728428,4339881.045145775,-462522.2992525033,0.0,5.955283774580453e-07
606,2133,18.49556,47.0,-6.1666565,21600,0.07539148111289341,0.014005291953021493,4332472.586781167,-468106.2447951276,0.0,5.267060275957888e-07
536,2115,18.49556,46.91667,-6.0,64800,0.07539429559765584,0.014004923618957384,4340549.125536747,-456210.0964726406,0.0,-2.6559222832813622e-06
11,1980,18.49556,46.66667,-6.25,64800,0.07539191487761908,0.014005035101034841,4358653.3150161095,-477350.1729464703,0.0,6.506178739892283e-07
396,2079,18.49556,46.833336,-6.0,86400,0.07539378241882067,0.014004922433424386,4347273.775744883,-456916.88569019584,0.0,-1.1993299752562646e-06
606,2133,18.49556,47.0,-6.1666565,43200,0.07539184867811075,0.014005188370108966,4332472.586781167,-468106.2447951276,0.0,-2.4496110635200446e-06
571,2124,18.49556,47.0,-6.25,64800,0.07539166859332226,0.014005326723891282,4331787.087405169,-474407.8424903363,0.0,2.379768639299044e-06
466,2097,18.49556,46.91667,-6.1666565,21600,0.07539269002495512,0.01400501790158623,4339203.78529813,-468833.52373287774,0.0,-5.381213303656472e-07
536,2115,18.49556,46.91667,-6.0,21600,0.07539275347254609,0.014005206504451636,4340549.125536747,-456210.0964726406,0.0,-8.75383000190392e-07
11,1980,18.49556,46.66667,-6.25,86400,0.07539214065363317,0.01400504755807507,4358653.3150161095,-477350.1729464703,0.0,1.8524525801466673e-06
291,2052,18.49556,46.833336,-6.25,43200,0.07539276763313377,0.01400504106229803,4345238.723142079,-475881.0361998027,0.0,-1.3390043277119142e-06
81,1998,18.49556,46.66667,-6.0833282,43200,0.07539110696208826,0.01400545821235839,4360023.469108121,-464668.9756583009,0.0,1.4942824954012822e-06
641,2142,18.49556,47.0,-6.0833282,21600,0.07539184441251567,0.014005089662336457,4333148.796028124,-461804.81061430223,0.0,1.1465291199496953e-06
641,2142,18.49556,47.0,-6.0833282,64800,0.07539178202318321,0.014005262080143775,4333148.796028124,-461804.81061430223,0.0,-9.201494786780182e-07
571,2124,18.49556,47.0,-6.25,21600,0.07539226847526707,0.014005167697538467,4331787.087405169,-474407.8424903363,0.0,-1.9949485994269736e-06
466,2097,18.49556,46.91667,-6.1666565,86400,0.0753922044794757,0.014005198423283386,4339203.78529813,-468833.52373287774,0.0,3.3442202030310825e-06
466,2097,18.49556,46.91667,-6.1666565,43200,0.07539187321220184,0.014005531601732667,4339203.78529813,-468833.52373287774,0.0,7.81880827173035e-07
46,1989,18.49556,46.66667,-6.1666565,21600,0.07539256399801987,0.014005219698810936,4359343.065935845,-471009.49203812674,0.0,7.27395857489825e-07
501,2106,18.49556,46.91667,-6.0833282,43200,0.07539082030643174,0.014005367760115147,4339881.045145775,-462522.2992525033,0.0,1.5021528475472165e-06
291,2052,18.49556,46.833336,-6.25,86400,0.07539259525985469,0.01400523315301708,4345238.723142079,-475881.0361998027,0.0,1.1575639194130533e-06
676,2151,18.49556,47.0,-6.0,86400,0.07622162925120363,0.01424712733938277,4333815.840058059,-455502.3996515776,0.0,-1.3567471639286375e-06
326,2061,18.49556,46.833336,-6.1666565,86400,0.0753936418512844,0.014004719204284666,4345926.351221016,-469559.8699535443,0.0,1.0717184074158193e-06
256,2043,18.49556,46.75,-6.0,86400,0.07539491775195412,0.014004534220517431,4353989.159796485,-457622.70099545474,0.0,-1.27191752479395e-06
501,2106,18.49556,46.91667,-6.0833282,21600,0.07539229610697348,0.014005369896680612,4339881.045145775,-462522.2992525033,0.0,-1.1008176086112211e-06
606,2133,18.49556,47.0,-6.1666565,64800,0.07539210777843385,0.014005151098693372,4332472.586781167,-468106.2447951276,0.0,-2.157773626577224e-06
676,2151,18.49556,47.0,-6.0,64800,0.0762231196229392,0.014246989157669832,4333815.840058059,-455502.3996515776,0.0,1.1153666603775649e-06
431,2088,18.49556,46.91667,-6.25,86400,0.07539163157935899,0.014005594767369596,4338517.220887722,-475144.9119816816,0.0,1.4720231864602803e-06
536,2115,18.49556,46.91667,-6.0,43200,0.07539097718802566,0.014005645991686614,4340549.125536747,-456210.0964726406,0.0,-2.0836483069963423e-08
571,2124,18.49556,47.0,-6.25,43200,0.07539235035742266,0.014005209502746948,4331787.087405169,-474407.8424903363,0.0,1.5389790219722969e-06
396,2079,18.49556,46.833336,-6.0,43200,0.07539340462172557,0.014005107211843759,4347273.775744883,-456916.88569019584,0.0,-3.0559175472460123e-06
641,2142,18.49556,47.0,-6.0833282,86400,0.0753938681861902,0.014005033309951068,4333148.796028124,-461804.81061430223,0.0,5.529219431946986e-07
676,2151,18.49556,47.0,-6.0,43200,0.07622210925540032,0.014247084288819368,4333815.840058059,-455502.3996515776,0.0,5.832903981051309e-07
46,1989,18.49556,46.66667,-6.1666565,64800,0.07539225798616025,0.01400526403430479,4359343.065935845,-471009.49203812674,0.0,2.7824109967507375e-06
291,2052,18.49556,46.833336,-6.25,21600,0.07539120217759215,0.014005458263795291,4345238.723142079,-475881.0361998027,0.0,7.54711447796543e-07
326,2061,18.49556,46.833336,-6.1666565,43200,0.07539112540890887,0.014005444331196795,4345926.351221016,-469559.8699535443,0.0,-1.9535116559042856e-06
466,2097,18.49556,46.91667,-6.1666565,64800,0.07539153223694385,0.014005512506819955,4339203.78529813,-468833.52373287774,0.0,-6.969623660224459e-07
186,2025,18.49556,46.75,-6.1666565,64800,0.07539204418615097,0.014005264592104525,4352639.653859386,-470285.21531356085,0.0,-8.429653486954389e-07
186,2025,18.49556,46.75,-6.1666565,86400,0.07539222282830374,0.014005217109603433,4352639.653859386,-470285.21531356085,0.0,-7.630476786161048e-07
536,2115,18.49556,46.91667,-6.0,86400,0.07539266894594253,0.014005243759280469,4340549.125536747,-456210.0964726406,0.0,4.1064288233115833e-07
186,2025,18.49556,46.75,-6.1666565,43200,0.07539250650524497,0.014005210319988417,4352639.653859386,-470285.21531356085,0.0,1.898597934249187e-06
221,2034,18.49556,46.75,-6.0833282,64800,0.07539082629922259,0.014005406326910629,4353319.010767862,-463954.4488188505,0.0,4.0588046873555265e-07
151,2016,18.49556,46.75,-6.25,21600,0.07539278657015651,0.014005212876608974,4351950.96357759,-476616.1460837916,0.0,6.206021417818345e-08
11,1980,18.49556,46.66667,-6.25,43200,0.0753931340544687,0.01400503857404482,4358653.3150161095,-477350.1729464703,0.0,4.559505940103415e-08
151,2016,18.49556,46.75,-6.25,86400,0.07539285940175475,0.014005003522145386,4351950.96357759,-476616.1460837916,0.0,1.1468603918138405e-06
256,2043,18.49556,46.75,-6.0,21600,0.0753939540602593,0.014005009961263927,4353989.159796485,-457622.70099545474,0.0,-9.946200664812694e-07
256,2043,18.49556,46.75,-6.0,64800,0.07539173858260512,0.014005244572623756,4353989.159796485,-457622.70099545474,0.0,1.5893306531290473e-06
116,2007,18.49556,46.66667,-6.0,86400,0.07539234964212624,0.014005251075580543,4360694.650219674,-458327.4764384654,0.0,1.642008740662952e-06
361,2070,18.49556,46.833336,-6.0833282,86400,0.07539241310798141,0.014005147701006969,4346604.66032198,-463238.8677294356,0.0,-1.341530253264557e-06
396,2079,18.49556,46.833336,-6.0,64800,0.07539238850388749,0.014005209713346293,4347273.775744883,-456916.88569019584,0.0,-1.139101462399216e-07
291,2052,18.49556,46.833336,-6.25,64800,0.07539241073088374,0.014005134471269371,4345238.723142079,-475881.0361998027,0.0,-2.4335425083574775e-07
221,2034,18.49556,46.75,-6.0833282,21600,0.07539324147699228,0.014004799916490602,4353319.010767862,-463954.4488188505,0.0,-1.1665431389602e-06
571,2124,18.49556,47.0,-6.25,86400,0.07539212137310702,0.014005187712720132,4331787.087405169,-474407.8424903363,0.0,6.816786961125036e-07
326,2061,18.49556,46.833336,-6.1666565,64800,0.07539174668098374,0.014005348228782697,4345926.351221016,-469559.8699535443,0.0,2.0679059818477022e-06
186,2025,18.49556,46.75,-6.1666565,21600,0.07539206834447264,0.014005389124578797,4352639.653859386,-470285.21531356085,0.0,6.914135034973573e-07
361,2070,18.49556,46.833336,-6.0833282,64800,0.07539133464179397,0.014005335602414608,4346604.66032198,-463238.8677294356,0.0,1.4447291634618309e-06
81,1998,18.49556,46.66667,-6.0833282,86400,0.0753925227889747,0.014005425869097707,4360023.469108121,-464668.9756583009,0.0,6.628249494977448e-07
151,2016,18.49556,46.75,-6.25,64800,0.07539338229876578,0.014004958937900828,4351950.96357759,-476616.1460837916,0.0,-7.842762691737252e-07
431,2088,18.49556,46.91667,-6.25,64800,0.07539232342618768,0.014005299684657514,4338517.220887722,-475144.9119816816,0.0,6.099191335998914e-07
326,2061,18.49556,46.833336,-6.1666565,21600,0.07539198739989791,0.014005467746649796,4345926.351221016,-469559.8699535443,0.0,1.8322960415403053e-06
361,2070,18.49556,46.833336,-6.0833282,21600,0.07539233997554019,0.014005135590424152,4346604.66032198,-463238.8677294356,0.0,2.8994759437070506e-07
501,2106,18.49556,46.91667,-6.0833282,64800,0.07539369036319303,0.014004733146271615,4339881.045145775,-462522.2992525033,0.0,-3.3095137436759434e-07
116,2007,18.49556,46.66667,-6.0,21600,0.07539247650508217,0.014005219026557483,4360694.650219674,-458327.4764384654,0.0,5.643319962882818e-07
116,2007,18.49556,46.66667,-6.0,64800,0.07539346095753653,0.014004963648208867,4360694.650219674,-458327.4764384654,0.0,1.737866238484756e-06
46,1989,18.49556,46.66667,-6.1666565,86400,0.07539091317396054,0.014005362802096922,4359343.065935845,-471009.49203812674,0.0,2.1852352995873496e-07
221,2034,18.49556,46.75,-6.0833282,43200,0.07539397756640656,0.014004705166329571,4353319.010767862,-463954.4488188505,0.0,-4.2126363134285473e-07
81,1998,18.49556,46.66667,-6.0833282,64800,0.07538981862771092,0.014005598227650636,4360023.469108121,-464668.9756583009,0.0,-1.0040835111329964e-07
47,2169,21.59882,46.66667,-6.1666565,86400,0.07539531539287259,0.014012072201135074,4359343.065935845,-471009.49203812674,0.0,2.0027776551376734e-07
397,2259,21.59882,46.833336,-6.0,64800,0.07539613645585405,0.014011994475533853,4347273.775744883,-456916.88569019584,0.0,-1.5072614322624984e-07
397,2259,21.59882,46.833336,-6.0,21600,0.07539642781206683,0.014012000604827476,4347273.775744883,-456916.88569019584,0.0,1.6537146410918986e-06
152,2196,21.59882,46.75,-6.25,64800,0.07539689279713999,0.014011818518551964,4351950.96357759,-476616.1460837916,0.0,-4.939537518024015e-07
572,2304,21.59882,47.0,-6.25,21600,0.07539607488421086,0.014011958104239403,4331787.087405169,-474407.8424903363,0.0,-1.22330806887688e-06
432,2268,21.59882,46.91667,-6.25,43200,0.0753965880459769,0.014011868725974794,4338517.220887722,-475144.9119816816,0.0,-4.998507014003027e-07
537,2295,21.59882,46.91667,-6.0,21600,0.0753964121925564,0.014011970131759916,4340549.125536747,-456210.0964726406,0.0,-6.042170852101589e-07
257,2223,21.59882,46.75,-6.0,64800,0.07539575029214317,0.014011999859876709,4353989.159796485,-457622.70099545474,0.0,1.005737501965419e-06
677,2331,21.59882,47.0,-6.0,43200,0.07622185812950033,0.014245911417473141,4333815.840058059,-455502.3996515776,0.0,2.595783634193387e-07
82,2178,21.59882,46.66667,-6.0833282,86400,0.07539622619900394,0.014012130267638406,4360023.469108121,-464668.9756583009,0.0,3.942552150312091e-07
117,2187,21.59882,46.66667,-6.0,86400,0.07539618971226035,0.014011998643132764,4360694.650219674,-458327.4764384654,0.0,1.1339678290887442e-06
362,2250,21.59882,46.833336,-6.0833282,21600,0.07539616252732824,0.014011932684130533,4346604.66032198,-463238.8677294356,0.0,2.8975813361245323e-07
292,2232,21.59882,46.833336,-6.25,86400,0.07539631510102353,0.014011995168808581,4345238.723142079,-475881.0361998027,0.0,6.884040029349469e-07
502,2286,21.59882,46.91667,-6.0833282,64800,0.07539708120438582,0.01401166376602578,4339881.045145775,-462522.2992525033,0.0,-1.8792274537339238e-07
222,2214,21.59882,46.75,-6.0833282,21600,0.07539674590068102,0.014011712556094364,4353319.010767862,-463954.4488188505,0.0,-7.545272769608583e-07
397,2259,21.59882,46.833336,-6.0,43200,0.07539686904696538,0.01401190326874922,4347273.775744883,-456916.88569019584,0.0,-2.1059294285107423e-06
677,2331,21.59882,47.0,-6.0,64800,0.07622243323040945,0.014245868740714818,4333815.840058059,-455502.3996515776,0.0,7.593542092401242e-07
12,2160,21.59882,46.66667,-6.25,21600,0.0753970269473357,0.01401192200309907,4358653.3150161095,-477350.1729464703,0.0,-8.439327855996934e-07
572,2304,21.59882,47.0,-6.25,86400,0.07539614044260982,0.014011944408974651,4331787.087405169,-474407.8424903363,0.0,3.6137479752679096e-07
502,2286,21.59882,46.91667,-6.0833282,86400,0.07539592910705588,0.014012053840011151,4339881.045145775,-462522.2992525033,0.0,4.356077712710533e-07
362,2250,21.59882,46.833336,-6.0833282,43200,0.07539599975986377,0.014012100723283134,4346604.66032198,-463238.8677294356,0.0,-2.512655952135025e-07
327,2241,21.59882,46.833336,-6.1666565,64800,0.07539579135210621,0.014012061566326606,4345926.351221016,-469559.8699535443,0.0,1.3601120890300608e-06
187,2205,21.59882,46.75,-6.1666565,21600,0.07539593894541553,0.0140121087877986,4352639.653859386,-470285.21531356085,0.0,4.557058990095621e-07
47,2169,21.59882,46.66667,-6.1666565,64800,0.07539611986435094,0.014012005849193042,4359343.065935845,-471009.49203812674,0.0,1.7597070600226148e-06
12,2160,21.59882,46.66667,-6.25,64800,0.07539583300938507,0.01401187121155494,4358653.3150161095,-477350.1729464703,0.0,3.7149116912111047e-07
607,2313,21.59882,47.0,-6.1666565,21600,0.07539552343352289,0.014012045911360783,4332472.586781167,-468106.2447951276,0.0,4.018837888440472e-07
327,2241,21.59882,46.833336,-6.1666565,43200,0.07539535683507721,0.014012135786372433,4345926.351221016,-469559.8699535443,0.0,-1.3451177458291393e-06
292,2232,21.59882,46.833336,-6.25,64800,0.07539620256226783,0.014011937589707285,4345238.723142079,-475881.0361998027,0.0,-1.1232009500741961e-07
12,2160,21.59882,46.66667,-6.25,86400,0.07539605023203201,0.01401187885097027,4358653.3150161095,-477350.1729464703,0.0,1.1653812906799663e-06
257,2223,21.59882,46.75,-6.0,21600,0.07539723124682308,0.01401184812247881,4353989.159796485,-457622.70099545474,0.0,-6.507031444346212e-07
537,2295,21.59882,46.91667,-6.0,64800,0.07539747313439164,0.014011788266681426,4340549.125536747,-456210.0964726406,0.0,-1.7585022166648715e-06
222,2214,21.59882,46.75,-6.0833282,86400,0.07539691926673253,0.014011740641271848,4353319.010767862,-463954.4488188505,0.0,-4.57522941880403e-07
607,2313,21.59882,47.0,-6.1666565,43200,0.07539579233235631,0.014011987491266191,4332472.586781167,-468106.2447951276,0.0,-1.6458529730315257e-06
607,2313,21.59882,47.0,-6.1666565,86400,0.0753956658051418,0.014011930772306749,4332472.586781167,-468106.2447951276,0.0,1.595707034841237e-07
152,2196,21.59882,46.75,-6.25,86400,0.07539656358905769,0.014011835966115839,4351950.96357759,-476616.1460837916,0.0,7.046627878968021e-07
467,2277,21.59882,46.91667,-6.1666565,64800,0.07539569334159818,0.014012157264834924,4339203.78529813,-468833.52373287774,0.0,-4.2447161447262794e-07
292,2232,21.59882,46.833336,-6.25,21600,0.0753953866649429,0.014012145694520752,4345238.723142079,-475881.0361998027,0.0,4.927114855888838e-07
572,2304,21.59882,47.0,-6.25,64800,0.07539585517025138,0.014012029145362585,4331787.087405169,-474407.8424903363,0.0,1.588515267239443e-06
572,2304,21.59882,47.0,-6.25,43200,0.07539619742730883,0.01401198033918689,4331787.087405169,-474407.8424903363,0.0,9.55999397513012e-07
327,2241,21.59882,46.833336,-6.1666565,21600,0.07539595546574847,0.014012141599882021,4345926.351221016,-469559.8699535443,0.0,1.1454941893989331e-06
642,2322,21.59882,47.0,-6.0833282,86400,0.07539717693974145,0.01401186995935632,4333148.796028124,-461804.81061430223,0.0,3.1156626556013837e-07
467,2277,21.59882,46.91667,-6.1666565,21600,0.0753963695880892,0.014011873159743364,4339203.78529813,-468833.52373287774,0.0,-3.696205287188003e-07
537,2295,21.59882,46.91667,-6.0,43200,0.0753953123231953,0.014012253446176843,4340549.125536747,-456210.0964726406,0.0,-2.5157067459143536e-08
117,2187,21.59882,46.66667,-6.0,64800,0.07539681619292606,0.014011833730126795,4360694.650219674,-458327.4764384654,0.0,1.0127537984585821e-06
47,2169,21.59882,46.66667,-6.1666565,21600,0.07539628485633369,0.014011988689644985,4359343.065935845,-471009.49203812674,0.0,6.07874738743318e-07
642,2322,21.59882,47.0,-6.0833282,64800,0.07539574296579972,0.014012027706632464,4333148.796028124,-461804.81061430223,0.0,-4.668469705309515e-07
642,2322,21.59882,47.0,-6.0833282,43200,0.07539631739883605,0.014011818498543447,4333148.796028124,-461804.81061430223,0.0,-7.741875852055028e-07
432,2268,21.59882,46.91667,-6.25,64800,0.07539616288049582,0.014012034665544336,4338517.220887722,-475144.9119816816,0.0,4.5290394813999264e-07
502,2286,21.59882,46.91667,-6.0833282,21600,0.07539610801844168,0.01401210420913323,4339881.045145775,-462522.2992525033,0.0,-6.781106132254913e-07
607,2313,21.59882,47.0,-6.1666565,64800,0.07539598863250943,0.014011943460644329,4332472.586781167,-468106.2447951276,0.0,-1.3816368208619903e-06
432,2268,21.59882,46.91667,-6.25,21600,0.07539415929912623,0.014012221291439433,4338517.220887722,-475144.9119816816,0.0,-3.892715023709134e-07
257,2223,21.59882,46.75,-6.0,86400,0.07539774734034321,0.014011560594580669,4353989.159796485,-457622.70099545474,0.0,-7.918076164732158e-07
502,2286,21.59882,46.91667,-6.0833282,43200,0.07539504122828021,0.014012105851102184,4339881.045145775,-462522.2992525033,0.0,8.994323149606737e-07
537,2295,21.59882,46.91667,-6.0,86400,0.07539632506271032,0.014012017308863594,4340549.125536747,-456210.0964726406,0.0,2.9905108062629433e-07
82,2178,21.59882,46.66667,-6.0833282,64800,0.0753944959686125,0.01401224673979578,4360023.469108121,-464668.9756583009,0.0,-1.6238078337698028e-07
467,2277,21.59882,46.91667,-6.1666565,43200,0.07539586276192163,0.014012188079708597,4339203.78529813,-468833.52373287774,0.0,3.98809354348046e-07
222,2214,21.59882,46.75,-6.0833282,64800,0.07539518017366563,0.014012109194474433,4353319.010767862,-463954.4488188505,0.0,1.3731318473813057e-07
467,2277,21.59882,46.91667,-6.1666565,86400,0.07539598640379544,0.014011972331952444,4339203.78529813,-468833.52373287774,0.0,2.2654164447093718e-06
152,2196,21.59882,46.75,-6.25,21600,0.07539643674626036,0.014011975407579053,4351950.96357759,-476616.1460837916,0.0,1.0932262956131728e-07
82,2178,21.59882,46.66667,-6.0833282,21600,0.07539574657031113,0.014012127079791534,4360023.469108121,-464668.9756583009,0.0,8.556807846183988e-08
117,2187,21.59882,46.66667,-6.0,21600,0.07539628072841648,0.0140119923383283,4360694.650219674,-458327.4764384654,0.0,3.5077871132120744e-07
187,2205,21.59882,46.75,-6.1666565,64800,0.07539603473068997,0.014012007917371266,4352639.653859386,-470285.21531356085,0.0,-6.01068446608831e-07
362,2250,21.59882,46.833336,-6.0833282,64800,0.07539557304180974,0.014012057343603302,4346604.66032198,-463238.8677294356,0.0,8.648419235042934e-07
187,2205,21.59882,46.75,-6.1666565,86400,0.07539616238571292,0.014011966437810174,4352639.653859386,-470285.21531356085,0.0,-3.9128125533948206e-07
222,2214,21.59882,46.75,-6.0833282,43200,0.07539720626237804,0.01401165452781464,4353319.010767862,-463954.4488188505,0.0,-2.3173927191686982e-07
677,2331,21.59882,47.0,-6.0,21600,0.07622181020659834,0.01424592065315391,4333815.840058059,-455502.3996515776,0.0,1.5465211661225789e-06
82,2178,21.59882,46.66667,-6.0833282,43200,0.0753953499929577,0.014012142023271121,4360023.469108121,-464668.9756583009,0.0,1.0319029863390498e-06
12,2160,21.59882,46.66667,-6.25,43200,0.07539669309845923,0.01401185257583999,4358653.3150161095,-477350.1729464703,0.0,1.526959648434273e-07
257,2223,21.59882,46.75,-6.0,43200,0.07539622060118178,0.014011886962080338,4353989.159796485,-457622.70099545474,0.0,2.211895365794617e-06
327,2241,21.59882,46.833336,-6.1666565,86400,0.0753969820578931,0.01401167111665839,4345926.351221016,-469559.8699535443,0.0,7.729484057304298e-07
152,2196,21.59882,46.75,-6.25,43200,0.07539556698085513,0.014011980093490693,4351950.96357759,-476616.1460837916,0.0,-3.906980485377388e-07
117,2187,21.59882,46.66667,-6.0,43200,0.07539691875995708,0.01401187747316484,4360694.650219674,-458327.4764384654,0.0,-1.8066110727169664e-07
187,2205,21.59882,46.75,-6.1666565,43200,0.07539639957798484,0.014011950717214396,4352639.653859386,-470285.21531356085,0.0,1.2330822917827147e-06
362,2250,21.59882,46.833336,-6.0833282,86400,0.07539627699014423,0.01401192364781818,4346604.66032198,-463238.8677294356,0.0,-8.181325153669466e-07
677,2331,21.59882,47.0,-6.0,86400,0.07622158128807521,0.014245943146761574,4333815.840058059,-455502.3996515776,0.0,-8.990346037685679e-07
397,2259,21.59882,46.833336,-6.0,86400,0.07539707922703232,0.014011801329607984,4347273.775744883,-456916.88569019584,0.0,-8.365964902849502e-07
432,2268,21.59882,46.91667,-6.25,86400,0.07539571867541936,0.01401221901231298,4338517.220887722,-475144.9119816816,0.0,9.723322113481952e-07
642,2322,21.59882,47.0,-6.0833282,21600,0.07539584110534053,0.014011909550073871,4333148.796028124,-461804.81061430223,0.0,8.005528641153309e-07
292,2232,21.59882,46.833336,-6.25,43200,0.07539642780252583,0.014011882735898923,4345238.723142079,-475881.0361998027,0.0,-9.836362199074224e-07
47,2169,21.59882,46.66667,-6.1666565,43200,0.07539611978519124,0.014011932633151153,4359343.065935845,-471009.49203812674,0.0,1.6042574653458252e-07
608,2493,25.21141,47.0,-6.1666565,64800,0.07540046692181877,0.014019777802722028,4332472.586781167,-468106.2447951276,0.0,-8.11628199721668e-07
223,2394,25.21141,46.75,-6.0833282,21600,0.0754009652519853,0.014019634456194533,4353319.010767862,-463954.4488188505,0.0,-4.6179904271509283e-07
83,2358,25.21141,46.66667,-6.0833282,86400,0.07540060779944721,0.014019895750797146,4360023.469108121,-464668.9756583009,0.0,2.162375792706368e-07
503,2466,25.21141,46.91667,-6.0833282,64800,0.075401190502287,0.01401960131136437,4339881.045145775,-462522.2992525033,0.0,-8.782908114371902e-08
48,2349,25.21141,46.66667,-6.1666565,21600,0.07540065675472468,0.0140198060329572,4359343.065935845,-471009.49203812674,0.0,4.615717739598214e-07
118,2367,25.21141,46.66667,-6.0,64800,0.07540094571179716,0.014019718386911734,4360694.650219674,-458327.4764384654,0.0,5.380013136444e-07
433,2448,25.21141,46.91667,-6.25,43200,0.07540084870060153,0.014019737491977647,4338517.220887722,-475144.9119816816,0.0,-3.6593612729018405e-07
573,2484,25.21141,47.0,-6.25,86400,0.0754006761821078,0.014019760935253358,4331787.087405169,-474407.8424903363,0.0,1.674298424038764e-07
538,2475,25.21141,46.91667,-6.0,86400,0.07540065212474276,0.014019834165163567,4340549.125536747,-456210.0964726406,0.0,2.1778554824388375e-07
258,2403,25.21141,46.75,-6.0,43200,0.07540061274689629,0.014019751301604407,4353989.159796485,-457622.70099545474,0.0,1.3001432048650028e-06
328,2421,25.21141,46.833336,-6.1666565,64800,0.07540038443385534,0.014019842326762658,4345926.351221016,-469559.8699535443,0.0,8.351918486539925e-07
608,2493,25.21141,47.0,-6.1666565,43200,0.07540032975021838,0.014019820369460914,4332472.586781167,-468106.2447951276,0.0,-1.0384900569706858e-06
153,2376,25.21141,46.75,-6.25,86400,0.07540087747694975,0.014019706688269181,4351950.96357759,-476616.1460837916,0.0,4.078429002989814e-07
573,2484,25.21141,47.0,-6.25,21600,0.07540051044625884,0.014019790709691662,4331787.087405169,-474407.8424903363,0.0,-6.982104034664896e-07
188,2385,25.21141,46.75,-6.1666565,86400,0.07540065334382964,0.014019777125534746,4352639.653859386,-470285.21531356085,0.0,-1.5919260803727818e-07
293,2412,25.21141,46.833336,-6.25,86400,0.07540067732049067,0.014019808700813789,4345238.723142079,-475881.0361998027,0.0,3.874212659511906e-07
13,2340,25.21141,46.66667,-6.25,86400,0.0754005366379332,0.014019742303543406,4358653.3150161095,-477350.1729464703,0.0,6.86717718613153e-07
328,2421,25.21141,46.833336,-6.1666565,21600,0.07540049541771983,0.01401989295714163,4345926.351221016,-469559.8699535443,0.0,6.61403813097382e-07
188,2385,25.21141,46.75,-6.1666565,43200,0.07540082619149073,0.014019762519757272,4352639.653859386,-470285.21531356085,0.0,7.543702056046162e-07
223,2394,25.21141,46.75,-6.0833282,86400,0.07540106295382236,0.014019643665299408,4353319.010767862,-463954.4488188505,0.0,-2.3129569050318204e-07
398,2439,25.21141,46.833336,-6.0,43200,0.07540104205738712,0.01401974332363511,4347273.775744883,-456916.88569019584,0.0,-1.3783567858877929e-06
398,2439,25.21141,46.833336,-6.0,64800,0.07540053559417859,0.014019820083444495,4347273.775744883,-456916.88569019584,0.0,-1.534583142179456e-07
118,2367,25.21141,46.66667,-6.0,21600,0.07540069122071649,0.014019810631204551,4360694.650219674,-458327.4764384654,0.0,1.98543997574696e-07
538,2475,25.21141,46.91667,-6.0,21600,0.07540075216212812,0.014019785502242286,4340549.125536747,-456210.0964726406,0.0,-3.9792448419697875e-07
153,2376,25.21141,46.75,-6.25,21600,0.0754007572645256,0.014019790849255299,4351950.96357759,-476616.1460837916,0.0,1.2111651162793883e-07
293,2412,25.21141,46.833336,-6.25,43200,0.0754007476939774,0.014019750010075549,4345238.723142079,-475881.0361998027,0.0,-7.036330303017465e-07
83,2358,25.21141,46.66667,-6.0833282,64800,0.07539955525920815,0.01401997358144413,4360023.469108121,-464668.9756583009,0.0,-1.710252106265245e-07
538,2475,25.21141,46.91667,-6.0,43200,0.07540010726589041,0.014019958039051966,4340549.125536747,-456210.0964726406,0.0,-2.7560699439614587e-08
503,2466,25.21141,46.91667,-6.0833282,21600,0.07540055198627899,0.014019890139716105,4339881.045145775,-462522.2992525033,0.0,-3.8811310346412507e-07
328,2421,25.21141,46.833336,-6.1666565,86400,0.07540107214930258,0.014019618711852276,4345926.351221016,-469559.8699535443,0.0,5.334902978994643e-07
258,2403,25.21141,46.75,-6.0,86400,0.07540149593574515,0.01401955742474312,4353989.159796485,-457622.70099545474,0.0,-4.5765246896154437e-07
83,2358,25.21141,46.66667,-6.0833282,21600,0.07540026951592574,0.01401990775302328,4360023.469108121,-464668.9756583009,0.0,-8.37131459552132e-09
643,2502,25.21141,47.0,-6.0833282,86400,0.0754012337202104,0.014019735019784312,4333148.796028124,-461804.81061430223,0.0,1.5986047671350176e-07
538,2475,25.21141,46.91667,-6.0,64800,0.07540141547527038,0.014019679902283843,4340549.125536747,-456210.0964726406,0.0,-1.0964306769841958e-06
363,2430,25.21141,46.833336,-6.0833282,21600,0.07540061053648486,0.014019769105989338,4346604.66032198,-463238.8677294356,0.0,2.4760250906504823e-07
398,2439,25.21141,46.833336,-6.0,86400,0.07540113968950629,0.014019695398480374,4347273.775744883,-456916.88569019584,0.0,-5.466065652038555e-07
503,2466,25.21141,46.91667,-6.0833282,43200,0.07539981932729292,0.014019892170286858,4339881.045145775,-462522.2992525033,0.0,4.818050487643982e-07
48,2349,25.21141,46.66667,-6.1666565,43200,0.07540052556420568,0.014019783256813067,4359343.065935845,-471009.49203812674,0.0,1.4231591439445254e-07
223,2394,25.21141,46.75,-6.0833282,43200,0.0754012237004116,0.014019601094171066,4353319.010767862,-463954.4488188505,0.0,-1.1170603247438396e-07
153,2376,25.21141,46.75,-6.25,43200,0.07540019727686186,0.014019813392765116,4351950.96357759,-476616.1460837916,0.0,-2.2265975241525437e-07
608,2493,25.21141,47.0,-6.1666565,86400,0.07540039821655453,0.014019744115193631,4332472.586781167,-468106.2447951276,0.0,9.096079998462597e-08
468,2457,25.21141,46.91667,-6.1666565,86400,0.07540042029425723,0.014019795832314642,4339203.78529813,-468833.52373287774,0.0,1.4445341406035354e-06
188,2385,25.21141,46.75,-6.1666565,21600,0.07540043268384061,0.014019886574870829,4352639.653859386,-470285.21531356085,0.0,2.7545336209647733e-07
573,2484,25.21141,47.0,-6.25,64800,0.07540048333062876,0.014019814983864804,4331787.087405169,-474407.8424903363,0.0,1.000293487963001e-06
468,2457,25.21141,46.91667,-6.1666565,21600,0.07540072297876092,0.014019745669035326,4339203.78529813,-468833.52373287774,0.0,-2.414819716824204e-07
678,2511,25.21141,47.0,-6.0,86400,0.07622126723891828,0.014244604238385085,4333815.840058059,-455502.3996515776,0.0,-5.606562818863612e-07
223,2394,25.21141,46.75,-6.0833282,64800,0.07539999574989242,0.014019879480938082,4353319.010767862,-463954.4488188505,0.0,-2.3961173397355514e-08
573,2484,25.21141,47.0,-6.25,43200,0.07540063393406672,0.014019801936414724,4331787.087405169,-474407.8424903363,0.0,5.389848055880715e-07
48,2349,25.21141,46.66667,-6.1666565,86400,0.075400129775904,0.014019851673917947,4359343.065935845,-471009.49203812674,0.0,1.6556739150604068e-07
468,2457,25.21141,46.91667,-6.1666565,43200,0.07540040275091786,0.014019928426616673,4339203.78529813,-468833.52373287774,0.0,1.6217340591967411e-07
48,2349,25.21141,46.66667,-6.1666565,64800,0.07540057040706359,0.014019810102474987,4359343.065935845,-471009.49203812674,0.0,1.025956082696036e-06
643,2502,25.21141,47.0,-6.0833282,21600,0.07540039836367905,0.014019762370724907,4333148.796028124,-461804.81061430223,0.0,5.304841268644733e-07
118,2367,25.21141,46.66667,-6.0,43200,0.07540105240653422,0.014019740690971902,4360694.650219674,-458327.4764384654,0.0,-1.2659179447189412e-07
433,2448,25.21141,46.91667,-6.25,86400,0.07540033477004358,0.014019937342208607,4338517.220887722,-475144.9119816816,0.0,6.118516183547691e-07
363,2430,25.21141,46.833336,-6.0833282,64800,0.0754002862304691,0.014019841436951503,4346604.66032198,-463238.8677294356,0.0,4.74604346802318e-07
433,2448,25.21141,46.91667,-6.25,21600,0.07539945683757329,0.014019931359666317,4338517.220887722,-475144.9119816816,0.0,-2.6904925068654807e-07
678,2511,25.21141,47.0,-6.0,64800,0.07622169172307676,0.014244570743551743,4333815.840058059,-455502.3996515776,0.0,4.860431888484537e-07
433,2448,25.21141,46.91667,-6.25,64800,0.07540059543758572,0.014019833037204577,4338517.220887722,-475144.9119816816,0.0,3.187138062599825e-07
363,2430,25.21141,46.833336,-6.0833282,86400,0.07540070445373047,0.014019755928909283,4346604.66032198,-463238.8677294356,0.0,-4.5454179922424044e-07
13,2340,25.21141,46.66667,-6.25,21600,0.07540104228285464,0.014019779305394412,4358653.3150161095,-477350.1729464703,0.0,-4.7253167176660223e-07
643,2502,25.21141,47.0,-6.0833282,43200,0.0754007035619832,0.014019693106616852,4333148.796028124,-461804.81061430223,0.0,-4.854955056228775e-07
118,2367,25.21141,46.66667,-6.0,86400,0.07540063059195258,0.014019804915350058,4360694.650219674,-458327.4764384654,0.0,7.4096811339792e-07
608,2493,25.21141,47.0,-6.1666565,21600,0.07540014968873936,0.014019850641554085,4332472.586781167,-468106.2447951276,0.0,2.870834665054601e-07
13,2340,25.21141,46.66667,-6.25,64800,0.07540035735966807,0.0140197362787315,4358653.3150161095,-477350.1729464703,0.0,1.7235511190754486e-07
398,2439,25.21141,46.833336,-6.0,21600,0.07540081218289948,0.014019800710348865,4347273.775744883,-456916.88569019584,0.0,1.0217159141135613e-06
258,2403,25.21141,46.75,-6.0,21600,0.07540126793386275,0.014019716914372645,4353989.159796485,-457622.70099545474,0.0,-3.87593085992983e-07
468,2457,25.21141,46.91667,-6.1666565,64800,0.07540034905184621,0.014019893670814963,4339203.78529813,-468833.52373287774,0.0,-2.2551288144571057e-07
293,2412,25.21141,46.833336,-6.25,21600,0.07540011961418208,0.014019898921583174,4345238.723142079,-475881.0361998027,0.0,3.0939663630197733e-07
678,2511,25.21141,47.0,-6.0,21600,0.07622134097973374,0.014244601949194701,4333815.840058059,-455502.3996515776,0.0,9.317902520735496e-07
83,2358,25.21141,46.66667,-6.0833282,43200,0.07540010226793004,0.014019897159750098,4360023.469108121,-464668.9756583009,0.0,6.710668651416687e-07
363,2430,25.21141,46.833336,-6.0833282,43200,0.07540049902068173,0.014019876767441009,4346604.66032198,-463238.8677294356,0.0,-2.2050398086333897e-07
13,2340,25.21141,46.66667,-6.25,43200,0.0754009437324279,0.014019708712023638,4358653.3150161095,-477350.1729464703,0.0,1.873827800076032e-07
188,2385,25.21141,46.75,-6.1666565,64800,0.07540055637760368,0.014019814065366306,4352639.653859386,-470285.21531356085,0.0,-4.163512967786985e-07
503,2466,25.21141,46.91667,-6.0833282,86400,0.07540042882243422,0.014019847610255941,4339881.045145775,-462522.2992525033,0.0,2.946149503520422e-07
678,2511,25.21141,47.0,-6.0,43200,0.07622140833641602,0.01424458314703456,4333815.840058059,-455502.3996515776,0.0,6.539979638647742e-08
293,2412,25.21141,46.833336,-6.25,64800,0.07540062083024038,0.01401977835137715,4345238.723142079,-475881.0361998027,0.0,-2.7790377217282573e-08
153,2376,25.21141,46.75,-6.25,64800,0.07540107744776868,0.01401970395374105,4351950.96357759,-476616.1460837916,0.0,-3.115581689566955e-07
258,2403,25.21141,46.75,-6.0,64800,0.07540031677415465,0.01401981286082434,4353989.159796485,-457622.70099545474,0.0,5.881447232082656e-07
328,2421,25.21141,46.833336,-6.1666565,43200,0.07540009383794481,0.01401989872953262,4345926.351221016,-469559.8699535443,0.0,-8.852978574946285e-07
643,2502,25.21141,47.0,-6.0833282,64800,0.07540029428507376,0.014019838832005338,4333148.796028124,-461804.81061430223,0.0,-1.8714664642839206e-07
679,2691,29.44473,47.0,-6.0,21600,0.07622071342587895,0.014243062678313602,4333815.840058059,-455502.3996515776,0.0,5.204284463370422e-07
469,2637,29.44473,46.91667,-6.1666565,21600,0.07540588033549306,0.014028848317331704,4339203.78529813,-468833.52373287774,0.0,-1.4948340255983345e-07
154,2556,29.44473,46.75,-6.25,21600,0.07540588789600451,0.014028861925498834,4351950.96357759,-476616.1460837916,0.0,1.0960940699849515e-07
539,2655,29.44473,46.91667,-6.0,43200,0.07540553660977221,0.014028956435439797,4340549.125536747,-456210.0964726406,0.0,-2.781077208729044e-08
84,2538,29.44473,46.66667,-6.0833282,64800,0.07540517610080455,0.014028981052265037,4360023.469108121,-464668.9756583009,0.0,-1.491793106695802e-07
259,2583,29.44473,46.75,-6.0,64800,0.07540560299961456,0.014028884104493912,4353989.159796485,-457622.70099545474,0.0,3.097201404100608e-07
14,2520,29.44473,46.66667,-6.25,43200,0.07540601556844007,0.014028811419744143,4358653.3150161095,-477350.1729464703,0.0,1.7517367958183424e-07
189,2565,29.44473,46.75,-6.1666565,64800,0.0754057855298661,0.014028882668389123,4352639.653859386,-470285.21531356085,0.0,-2.849113455899701e-07
574,2664,29.44473,47.0,-6.25,64800,0.07540575519967598,0.014028877682271228,4331787.087405169,-474407.8424903363,0.0,5.930648544517713e-07
49,2529,29.44473,46.66667,-6.1666565,86400,0.07540555275404234,0.014028900886585345,4359343.065935845,-471009.49203812674,0.0,1.248136332257167e-07
469,2637,29.44473,46.91667,-6.1666565,43200,0.07540566413296429,0.014028949345202267,4339203.78529813,-468833.52373287774,0.0,3.329745744491728e-08
294,2592,29.44473,46.833336,-6.25,21600,0.0754055449911991,0.014028922462195342,4345238.723142079,-475881.0361998027,0.0,1.8789527365085298e-07
49,2529,29.44473,46.66667,-6.1666565,64800,0.0754057655863187,0.014028877583147602,4359343.065935845,-471009.49203812674,0.0,5.354478504594642e-07
399,2619,29.44473,46.833336,-6.0,64800,0.07540572202486315,0.014028894513346305,4347273.775744883,-456916.88569019584,0.0,-1.3467501321988525e-07
644,2682,29.44473,47.0,-6.0833282,21600,0.07540567538907743,0.014028856284076123,4333148.796028124,-461804.81061430223,0.0,3.320978934363191e-07
574,2664,29.44473,47.0,-6.25,43200,0.07540581812087409,0.014028877914587738,4331787.087405169,-474407.8424903363,0.0,2.613677539810977e-07
364,2610,29.44473,46.833336,-6.0833282,64800,0.07540565349109153,0.014028890647545379,4346604.66032198,-463238.8677294356,0.0,2.2975688670992907e-07
434,2628,29.44473,46.91667,-6.25,64800,0.07540577856541268,0.014028895393688387,4338517.220887722,-475144.9119816816,0.0,2.1430811605780975e-07
119,2547,29.44473,46.66667,-6.0,43200,0.07540604396523541,0.014028844108976245,4360694.650219674,-458327.4764384654,0.0,-7.771189574240636e-08
679,2691,29.44473,47.0,-6.0,43200,0.0762207615573619,0.014243047453851283,4333815.840058059,-455502.3996515776,0.0,-3.3121337364866365e-08
399,2619,29.44473,46.833336,-6.0,21600,0.07540594853190812,0.014028867475315355,4347273.775744883,-456916.88569019584,0.0,5.784709218773847e-07
84,2538,29.44473,46.66667,-6.0833282,21600,0.07540555299179764,0.014028949117109786,4360023.469108121,-464668.9756583009,0.0,-4.4901482993451355e-08
504,2646,29.44473,46.91667,-6.0833282,43200,0.0754052900982819,0.014028935705274703,4339881.045145775,-462522.2992525033,0.0,2.1676430733252629e-07
679,2691,29.44473,47.0,-6.0,64800,0.0762208705504018,0.014243048724432569,4333815.840058059,-455502.3996515776,0.0,2.908792340073932e-07
539,2655,29.44473,46.91667,-6.0,64800,0.07540625921760077,0.014028805257595707,4340549.125536747,-456210.0964726406,0.0,-6.369680613626398e-07
399,2619,29.44473,46.833336,-6.0,86400,0.07540608561382967,0.01402881639758303,4347273.775744883,-456916.88569019584,0.0,-3.2638745330567976e-07
609,2673,29.44473,47.0,-6.1666565,21600,0.07540550062069579,0.014028911374912082,4332472.586781167,-468106.2447951276,0.0,1.8981415828364343e-07
189,2565,29.44473,46.75,-6.1666565,21600,0.07540568774719196,0.014028927216638861,4352639.653859386,-470285.21531356085,0.0,1.5033321305111966e-07
154,2556,29.44473,46.75,-6.25,43200,0.07540554710066333,0.014028889624208275,4351950.96357759,-476616.1460837916,0.0,-1.274451396936948e-07
329,2601,29.44473,46.833336,-6.1666565,64800,0.07540568646268275,0.014028890968269054,4345926.351221016,-469559.8699535443,0.0,4.704406682923475e-07
259,2583,29.44473,46.75,-6.0,86400,0.07540625220734494,0.014028745037917257,4353989.159796485,-457622.70099545474,0.0,-2.411625440054438e-07
329,2601,29.44473,46.833336,-6.1666565,43200,0.0754054974580328,0.01402893409612859,4345926.351221016,-469559.8699535443,0.0,-5.587168616912648e-07
609,2673,29.44473,47.0,-6.1666565,86400,0.07540575677770027,0.01402882312900951,4332472.586781167,-468106.2447951276,0.0,4.11716560943495e-08
14,2520,29.44473,46.66667,-6.25,21600,0.07540599172790967,0.014028870791869454,4358653.3150161095,-477350.1729464703,0.0,-2.3223190625672096e-07
644,2682,29.44473,47.0,-6.0833282,86400,0.075406166201169,0.014028838025112832,4333148.796028124,-461804.81061430223,0.0,7.197887853522416e-08
329,2601,29.44473,46.833336,-6.1666565,86400,0.07540603725270376,0.014028776229473013,4345926.351221016,-469559.8699535443,0.0,3.533402486023161e-07
504,2646,29.44473,46.91667,-6.0833282,21600,0.07540576810000195,0.014028934437473523,4339881.045145775,-462522.2992525033,0.0,-2.0248245160029725e-07
364,2610,29.44473,46.833336,-6.0833282,21600,0.07540582496407836,0.014028852270202565,4346604.66032198,-463238.8677294356,0.0,1.868125284565144e-07
49,2529,29.44473,46.66667,-6.1666565,43200,0.0754057299414405,0.01402887147226723,4359343.065935845,-471009.49203812674,0.0,1.190672917411026e-07
294,2592,29.44473,46.833336,-6.25,64800,0.07540580780958148,0.014028864616091498,4345238.723142079,-475881.0361998027,0.0,1.5570418531519124e-08
294,2592,29.44473,46.833336,-6.25,43200,0.07540587087256438,0.014028852287437034,4345238.723142079,-475881.0361998027,0.0,-4.912529639139738e-07
434,2628,29.44473,46.91667,-6.25,43200,0.07540592598809788,0.014028844040484986,4338517.220887722,-475144.9119816816,0.0,-2.6101189731552743e-07
224,2574,29.44473,46.75,-6.0833282,21600,0.07540602157816727,0.014028777144441259,4353319.010767862,-463954.4488188505,0.0,-2.6798867856574345e-07
679,2691,29.44473,47.0,-6.0,86400,0.07622070344346618,0.014243060045764052,4333815.840058059,-455502.3996515776,0.0,-3.2626989762870557e-07
119,2547,29.44473,46.66667,-6.0,21600,0.07540586296929688,0.01402888027419478,4360694.650219674,-458327.4764384654,0.0,1.0064346313583647e-07
469,2637,29.44473,46.91667,-6.1666565,86400,0.0754056376557437,0.014028872764111364,4339203.78529813,-468833.52373287774,0.0,8.571720762350295e-07
434,2628,29.44473,46.91667,-6.25,86400,0.07540564587062776,0.01402894544043964,4338517.220887722,-475144.9119816816,0.0,3.660624868742543e-07
469,2637,29.44473,46.91667,-6.1666565,64800,0.07540567480399073,0.014028917017551363,4339203.78529813,-468833.52373287774,0.0,-8.940968866509486e-08
224,2574,29.44473,46.75,-6.0833282,64800,0.07540544549246446,0.014028919334758755,4353319.010767862,-463954.4488188505,0.0,-1.0484278057152025e-07
609,2673,29.44473,47.0,-6.1666565,43200,0.07540560621041248,0.014028897280799016,4332472.586781167,-468106.2447951276,0.0,-6.081597000754151e-07
154,2556,29.44473,46.75,-6.25,86400,0.07540596089368706,0.01402881982804251,4351950.96357759,-476616.1460837916,0.0,2.260827247716752e-07
434,2628,29.44473,46.91667,-6.25,21600,0.07540521455220867,0.014028934364460009,4338517.220887722,-475144.9119816816,0.0,-1.7142815658099808e-07
574,2664,29.44473,47.0,-6.25,86400,0.07540590906162783,0.014028837551181193,4331787.087405169,-474407.8424903363,0.0,6.662150315312974e-08
294,2592,29.44473,46.833336,-6.25,86400,0.07540581940251861,0.014028879322806942,4345238.723142079,-475881.0361998027,0.0,2.1038949695794388e-07
574,2664,29.44473,47.0,-6.25,21600,0.07540571889960496,0.01402887129149341,4331787.087405169,-474407.8424903363,0.0,-3.6875099534978805e-07
329,2601,29.44473,46.833336,-6.1666565,21600,0.07540576287529914,0.014028921395474578,4345926.351221016,-469559.8699535443,0.0,3.4361324108253743e-07
644,2682,29.44473,47.0,-6.0833282,64800,0.07540558534789432,0.014028901740683263,4333148.796028124,-461804.81061430223,0.0,-3.4085684743186784e-08
14,2520,29.44473,46.66667,-6.25,86400,0.07540575665760792,0.014028845452348743,4358653.3150161095,-477350.1729464703,0.0,3.768624713349049e-07
189,2565,29.44473,46.75,-6.1666565,86400,0.07540586116504244,0.014028849984170814,4352639.653859386,-470285.21531356085,0.0,-3.0997285792865234e-08
14,2520,29.44473,46.66667,-6.25,64800,0.07540562897423603,0.014028839130543903,4358653.3150161095,-477350.1729464703,0.0,3.939769299742704e-08
189,2565,29.44473,46.75,-6.1666565,43200,0.07540597058218676,0.014028841636011804,4352639.653859386,-470285.21531356085,0.0,4.2881326592569936e-07
224,2574,29.44473,46.75,-6.0833282,86400,0.07540605309701356,0.014028780101648215,4353319.010767862,-463954.4488188505,0.0,-8.450829064329108e-08
399,2619,29.44473,46.833336,-6.0,43200,0.07540605673145453,0.01402883283700662,4347273.775744883,-456916.88569019584,0.0,-8.515183887679684e-07
154,2556,29.44473,46.75,-6.25,64800,0.07540608494473477,0.014028823130921034,4351950.96357759,-476616.1460837916,0.0,-2.0636244110504033e-07
119,2547,29.44473,46.66667,-6.0,86400,0.07540582134632075,0.0140288726593045,4360694.650219674,-458327.4764384654,0.0,4.5414822573761317e-07
644,2682,29.44473,47.0,-6.0833282,43200,0.0754058566773681,0.014028807946780648,4333148.796028124,-461804.81061430223,0.0,-2.9353782926040925e-07
364,2610,29.44473,46.833336,-6.0833282,86400,0.07540586588231811,0.014028844629953097,4346604.66032198,-463238.8677294356,0.0,-2.2044729137900543e-07
259,2583,29.44473,46.75,-6.0,21600,0.07540618970387204,0.014028823895455978,4353989.159796485,-457622.70099545474,0.0,-2.017321168401915e-07
49,2529,29.44473,46.66667,-6.1666565,21600,0.0754058186804116,0.01402887675606522,4359343.065935845,-471009.49203812674,0.0,3.192571518003134e-07
259,2583,29.44473,46.75,-6.0,43200,0.07540578554165894,0.01402885232225182,4353989.159796485,-457622.70099545474,0.0,6.94935285327042e-07
539,2655,29.44473,46.91667,-6.0,21600,0.07540589834430352,0.014028857056716103,4340549.125536747,-456210.0964726406,0.0,-2.523420602665878e-07
224,2574,29.44473,46.75,-6.0833282,43200,0.0754061440303544,0.014028759293287046,4353319.010767862,-463954.4488188505,0.0,-4.268198743942119e-08
504,2646,29.44473,46.91667,-6.0833282,86400,0.07540567266774997,0.014028901825774775,4339881.045145775,-462522.2992525033,0.0,1.8242124623719766e-07
119,2547,29.44473,46.66667,-6.0,64800,0.07540595775522436,0.014028830968265623,4360694.650219674,-458327.4764384654,0.0,2.530161039279087e-07
364,2610,29.44473,46.833336,-6.0833282,43200,0.07540573141189337,0.014028920000248149,4346604.66032198,-463238.8677294356,0.0,-1.7151232024270022e-07
609,2673,29.44473,47.0,-6.1666565,64800,0.07540569307965289,0.014028860626301046,4332472.586781167,-468106.2447951276,0.0,-4.210871336078928e-07
539,2655,29.44473,46.91667,-6.0,86400,0.07540578567489292,0.01402890155635445,4340549.125536747,-456210.0964726406,0.0,1.6106704414969504e-07
84,2538,29.44473,46.66667,-6.0833282,43200,0.07540552404325059,0.014028925203736045,4360023.469108121,-464668.9756583009,0.0,4.0745141674428056e-07
504,2646,29.44473,46.91667,-6.0833282,64800,0.07540615397743075,0.0140287566215572,4339881.045145775,-462522.2992525033,0.0,-2.4525858592768117e-08
84,2538,29.44473,46.66667,-6.0833282,86400,0.07540578831641756,0.014028928191061166,4360023.469108121,-464668.9756583009,0.0,1.0660845469672587e-07
540,2835,34.43415,46.91667,-6.0,64800,0.07541216646603308,0.014039405741395245,4340549.125536747,-456210.0964726406,0.0,-3.407295434657578e-07
190,2745,34.43415,46.75,-6.1666565,86400,0.07541198622921093,0.014039419720771329,4352639.653859386,-470285.21531356085,0.0,2.79031436503954e-08
505,2826,34.43415,46.91667,-6.0833282,64800,0.0754121378669124,0.014039375388268743,4339881.045145775,-462522.2992525033,0.0,1.0036017994576271e-08
15,2700,34.43415,46.66667,-6.25,64800,0.07541182574510685,0.01403942246839125,4358653.3150161095,-477350.1729464703,0.0,-4.2528455077026084e-08
645,2862,34.43415,47.0,-6.0833282,43200,0.07541196286526486,0.014039402661906319,4333148.796028124,-461804.81061430223,0.0,-1.7427857107418884e-07
365,2790,34.43415,46.833336,-6.0833282,64800,0.07541188755378288,0.014039441233061932,4346604.66032198,-463238.8677294356,0.0,8.790000581805589e-08
540,2835,34.43415,46.91667,-6.0,43200,0.07541181250231656,0.014039477828906164,4340549.125536747,-456210.0964726406,0.0,-2.621407563064997e-08
50,2709,34.43415,46.66667,-6.1666565,86400,0.07541181368505837,0.014039453382146015,4359343.065935845,-471009.49203812674,0.0,8.645540070948185e-08
225,2754,34.43415,46.75,-6.0833282,86400,0.07541205671128304,0.01403938982419871,4353319.010767862,-463954.4488188505,0.0,-5.451251674386463e-10
470,2817,34.43415,46.91667,-6.1666565,64800,0.07541188040139982,0.01403945611113655,4339203.78529813,-468833.52373287774,0.0,-3.4973006592104143e-09
575,2844,34.43415,47.0,-6.25,86400,0.07541204917919479,0.01403940908012616,4331787.087405169,-474407.8424903363,0.0,2.6669508412981225e-08
400,2799,34.43415,46.833336,-6.0,64800,0.07541186648730791,0.014039458943741277,4347273.775744883,-456916.88569019584,0.0,-1.0628993393906786e-07
15,2700,34.43415,46.66667,-6.25,43200,0.07541207424584172,0.014039399280029957,4358653.3150161095,-477350.1729464703,0.0,1.3923150643490064e-07
260,2763,34.43415,46.75,-6.0,21600,0.0754121527824327,0.014039410919141845,4353989.159796485,-457622.70099545474,0.0,-8.332868547517636e-08
400,2799,34.43415,46.833336,-6.0,21600,0.07541203352178978,0.014039433350532654,4347273.775744883,-456916.88569019584,0.0,2.902230212019586e-07
680,2871,34.43415,47.0,-6.0,43200,0.07621991858644593,0.01424124068140972,4333815.840058059,-455502.3996515776,0.0,-6.904112945799827e-08
470,2817,34.43415,46.91667,-6.1666565,21600,0.0754120067664762,0.014039427613633335,4339203.78529813,-468833.52373287774,0.0,-8.758356825001044e-08
400,2799,34.43415,46.833336,-6.0,86400,0.07541207069224112,0.014039409927044113,4347273.775744883,-456916.88569019584,0.0,-1.6911659665280129e-07
120,2727,34.43415,46.66667,-6.0,43200,0.0754120564113329,0.014039428511672608,4360694.650219674,-458327.4764384654,0.0,-4.04495193930964e-08
365,2790,34.43415,46.833336,-6.0833282,21600,0.07541198196478092,0.014039423146930366,4346604.66032198,-463238.8677294356,0.0,1.2541757954046102e-07
540,2835,34.43415,46.91667,-6.0,86400,0.07541189424879746,0.014039460302282836,4340549.125536747,-456210.0964726406,0.0,1.2342254343991934e-07
260,2763,34.43415,46.75,-6.0,43200,0.07541191479436195,0.014039433235159292,4353989.159796485,-457622.70099545474,0.0,3.261073979266876e-07
575,2844,34.43415,47.0,-6.25,43200,0.07541194059319166,0.014039446015774892,4331787.087405169,-474407.8424903363,0.0,9.222076754902418e-08
155,2736,34.43415,46.75,-6.25,21600,0.07541199816134973,0.014039425951487609,4351950.96357759,-476616.1460837916,0.0,8.68494984021055e-08
610,2853,34.43415,47.0,-6.1666565,43200,0.07541180355883616,0.01403946141080724,4332472.586781167,-468106.2447951276,0.0,-3.2678978019611997e-07
50,2709,34.43415,46.66667,-6.1666565,64800,0.07541189523017931,0.014039443023702814,4359343.065935845,-471009.49203812674,0.0,2.3533664626593822e-07
505,2826,34.43415,46.91667,-6.0833282,86400,0.07541184575649343,0.01403945421351975,4339881.045145775,-462522.2992525033,0.0,1.025923083868394e-07
225,2754,34.43415,46.75,-6.0833282,43200,0.0754121146895992,0.014039377617327743,4353319.010767862,-463954.4488188505,0.0,-7.82981870307674e-09
680,2871,34.43415,47.0,-6.0,21600,0.07621990619189704,0.014241246314988753,4333815.840058059,-455502.3996515776,0.0,2.670401832947229e-07
435,2808,34.43415,46.91667,-6.25,64800,0.0754119014475535,0.01403945655068938,4338517.220887722,-475144.9119816816,0.0,1.4137167324337155e-07
435,2808,34.43415,46.91667,-6.25,21600,0.07541169125409433,0.014039458521975681,4338517.220887722,-475144.9119816816,0.0,-9.605138216888067e-08
645,2862,34.43415,47.0,-6.0833282,86400,0.07541213393598327,0.014039421839637824,4333148.796028124,-461804.81061430223,0.0,2.5594447039195124e-08
85,2718,34.43415,46.66667,-6.0833282,86400,0.07541192868992212,0.014039465725473167,4360023.469108121,-464668.9756583009,0.0,4.502284022771541e-08
120,2727,34.43415,46.66667,-6.0,21600,0.07541198204014302,0.014039441397534578,4360694.650219674,-458327.4764384654,0.0,4.6499594957923486e-08
505,2826,34.43415,46.91667,-6.0833282,43200,0.07541163111496527,0.01403947776938677,4339881.045145775,-462522.2992525033,0.0,6.688238396764585e-08
470,2817,34.43415,46.91667,-6.1666565,86400,0.07541180634453237,0.014039441145286238,4339203.78529813,-468833.52373287774,0.0,4.6709635731861024e-07
645,2862,34.43415,47.0,-6.0833282,21600,0.07541186562459531,0.014039433221191285,4333148.796028124,-461804.81061430223,0.0,1.964960506703584e-07
225,2754,34.43415,46.75,-6.0833282,21600,0.07541207401339285,0.014039386521753537,4353319.010767862,-463954.4488188505,0.0,-1.500884105128413e-07
575,2844,34.43415,47.0,-6.25,64800,0.07541190161936139,0.014039445633177165,4331787.087405169,-474407.8424903363,0.0,3.345605591610119e-07
295,2772,34.43415,46.833336,-6.25,64800,0.07541194133917611,0.014039437700751093,4345238.723142079,-475881.0361998027,0.0,2.783593080034731e-08
435,2808,34.43415,46.91667,-6.25,43200,0.07541199220926113,0.014039429764828805,4338517.220887722,-475144.9119816816,0.0,-1.871184876296364e-07
190,2745,34.43415,46.75,-6.1666565,21600,0.07541187830548572,0.01403946887617135,4352639.653859386,-470285.21531356085,0.0,7.342491485798067e-08
295,2772,34.43415,46.833336,-6.25,21600,0.07541184721584492,0.014039453434327578,4345238.723142079,-475881.0361998027,0.0,1.1222595021276699e-07
155,2736,34.43415,46.75,-6.25,64800,0.07541209273005627,0.014039418474813431,4351950.96357759,-476616.1460837916,0.0,-1.512786082776001e-07
435,2808,34.43415,46.91667,-6.25,86400,0.07541185135803531,0.014039472653961327,4338517.220887722,-475144.9119816816,0.0,2.091516603910295e-07
365,2790,34.43415,46.833336,-6.0833282,43200,0.07541188955177809,0.014039466375792406,4346604.66032198,-463238.8677294356,0.0,-1.220621214909833e-07
680,2871,34.43415,47.0,-6.0,86400,0.07621990542588845,0.014241247527678165,4333815.840058059,-455502.3996515776,0.0,-1.7587693567657618e-07
50,2709,34.43415,46.66667,-6.1666565,21600,0.0754119432895657,0.01403943977552195,4359343.065935845,-471009.49203812674,0.0,2.013454592928317e-07
330,2781,34.43415,46.833336,-6.1666565,64800,0.07541189224413868,0.014039441967507874,4345926.351221016,-469559.8699535443,0.0,2.3700831103287596e-07
120,2727,34.43415,46.66667,-6.0,86400,0.07541194765590044,0.014039437886539895,4360694.650219674,-458327.4764384654,0.0,2.586837057956089e-07
85,2718,34.43415,46.66667,-6.0833282,43200,0.07541181271612325,0.01403946110680332,4360023.469108121,-464668.9756583009,0.0,2.2996154900477852e-07
120,2727,34.43415,46.66667,-6.0,64800,0.07541199602776234,0.014039418259170272,4360694.650219674,-458327.4764384654,0.0,9.905085892976989e-08
645,2862,34.43415,47.0,-6.0833282,64800,0.07541179859756847,0.014039456791233777,4333148.796028124,-461804.81061430223,0.0,3.654019978313774e-08
470,2817,34.43415,46.91667,-6.1666565,43200,0.07541184527811935,0.014039482054875568,4339203.78529813,-468833.52373287774,0.0,-2.520158322391113e-08
540,2835,34.43415,46.91667,-6.0,21600,0.07541201386137084,0.014039422764828122,4340549.125536747,-456210.0964726406,0.0,-1.5837608035711215e-07
190,2745,34.43415,46.75,-6.1666565,43200,0.07541204466340234,0.01403941888579051,4352639.653859386,-470285.21531356085,0.0,2.2165770452008032e-07
330,2781,34.43415,46.833336,-6.1666565,21600,0.07541194772338958,0.014039459793466795,4345926.351221016,-469559.8699535443,0.0,1.5253750317001403e-07
295,2772,34.43415,46.833336,-6.25,86400,0.07541191672744538,0.014039445321054146,4345238.723142079,-475881.0361998027,0.0,1.1671728443942022e-07
15,2700,34.43415,46.66667,-6.25,86400,0.0754119019148682,0.014039429884523842,4358653.3150161095,-477350.1729464703,0.0,1.9318432189753233e-07
400,2799,34.43415,46.833336,-6.0,43200,0.07541207864301963,0.01403941079063656,4347273.775744883,-456916.88569019584,0.0,-4.954418254776561e-07
610,2853,34.43415,47.0,-6.1666565,64800,0.07541185193034015,0.014039432054154515,4332472.586781167,-468106.2447951276,0.0,-1.7582953002371406e-07
50,2709,34.43415,46.66667,-6.1666565,43200,0.07541189452213604,0.014039442281775493,4359343.065935845,-471009.49203812674,0.0,9.516413555723692e-08
575,2844,34.43415,47.0,-6.25,21600,0.07541187666037513,0.014039439861727385,4331787.087405169,-474407.8424903363,0.0,-1.817751025099277e-07
260,2763,34.43415,46.75,-6.0,64800,0.0754118036760163,0.014039449233087146,4353989.159796485,-457622.70099545474,0.0,1.3964185008804596e-07
85,2718,34.43415,46.66667,-6.0833282,21600,0.07541176521725601,0.014039490957512484,4360023.469108121,-464668.9756583009,0.0,-4.6993146379140215e-08
330,2781,34.43415,46.833336,-6.1666565,43200,0.07541176713903533,0.014039476243776019,4345926.351221016,-469559.8699535443,0.0,-3.4359619726560005e-07
505,2826,34.43415,46.91667,-6.0833282,21600,0.07541193070475595,0.014039477081215305,4339881.045145775,-462522.2992525033,0.0,-9.308188160823666e-08
225,2754,34.43415,46.75,-6.0833282,64800,0.07541173989811184,0.014039464048497935,4353319.010767862,-463954.4488188505,0.0,-1.3277400859935598e-07
330,2781,34.43415,46.833336,-6.1666565,86400,0.07541203344878888,0.014039392741359182,4345926.351221016,-469559.8699535443,0.0,2.2806249689781585e-07
610,2853,34.43415,47.0,-6.1666565,86400,0.07541196842782998,0.01403939952256331,4332472.586781167,-468106.2447951276,0.0,6.439864311778131e-09
155,2736,34.43415,46.75,-6.25,86400,0.07541200537374507,0.014039414263384288,4351950.96357759,-476616.1460837916,0.0,1.2696699696001543e-07
260,2763,34.43415,46.75,-6.0,86400,0.07541213539053362,0.014039378136719061,4353989.159796485,-457622.70099545474,0.0,-1.1273909731653986e-07
190,2745,34.43415,46.75,-6.1666565,64800,0.07541192847487978,0.014039448046327757,4352639.653859386,-470285.21531356085,0.0,-1.9869933955070584e-07
295,2772,34.43415,46.833336,-6.25,43200,0.07541197082804235,0.014039433230027874,4345238.723142079,-475881.0361998027,0.0,-3.378515690288488e-07
85,2718,34.43415,46.66667,-6.0833282,64800,0.07541158068035944,0.014039503556499904,4360023.469108121,-464668.9756583009,0.0,-1.1601489039090229e-07
680,2871,34.43415,47.0,-6.0,64800,0.07621993989711351,0.014241244842538674,4333815.840058059,-455502.3996515776,0.0,1.6323596930704655e-07
155,2736,34.43415,46.75,-6.25,43200,0.07541179776462928,0.014039452362500747,4351950.96357759,-476616.1460837916,0.0,-8.0825889612037e-08
365,2790,34.43415,46.833336,-6.0833282,86400,0.07541196229613795,0.014039424637399227,4346604.66032198,-463238.8677294356,0.0,-8.342752197399901e-08
15,2700,34.43415,46.66667,-6.25,21600,0.07541200438808263,0.01403944212172787,4358653.3150161095,-477350.1729464703,0.0,-9.140227428147634e-08
610,2853,34.43415,47.0,-6.1666565,21600,0.07541175517153206,0.014039467047638102,4332472.586781167,-468106.2447951276,0.0,1.1482563026412169e-07
401,2979,40.34405,46.833336,-6.0,43200,0.075419314412946,0.01405175243960203,4347273.775744883,-456916.88569019584,0.0,-2.7405008298134323e-07
226,2934,40.34405,46.75,-6.0833282,64800,0.07541913141208559,0.01405178502794718,4353319.010767862,-463954.4488188505,0.0,-1.320830322834024e-07
16,2880,40.34405,46.66667,-6.25,64800,0.0754191704760838,0.014051764997728014,4358653.3150161095,-477350.1729464703,0.0,-8.826849308476821e-08
191,2925,40.34405,46.75,-6.1666565,86400,0.07541926809197196,0.014051758046190287,4352639.653859386,-470285.21531356085,0.0,4.709248406404473e-08
436,2988,40.34405,46.91667,-6.25,21600,0.07541918125158878,0.014051769286935243,4338517.220887722,-475144.9119816816,0.0,-4.127790867146511e-08
296,2952,40.34405,46.833336,-6.25,64800,0.07541924246263286,0.014051774672450144,4345238.723142079,-475881.0361998027,0.0,2.1485405338715585e-08
471,2997,40.34405,46.91667,-6.1666565,64800,0.07541921404205902,0.01405177699017732,4339203.78529813,-468833.52373287774,0.0,4.559290078475449e-08
156,2916,40.34405,46.75,-6.25,64800,0.07541931502173774,0.01405176900707004,4351950.96357759,-476616.1460837916,0.0,-1.2510232783877512e-07
226,2934,40.34405,46.75,-6.0833282,86400,0.07541928083057549,0.014051750575184398,4353319.010767862,-463954.4488188505,0.0,3.952346449181151e-08
611,3033,40.34405,47.0,-6.1666565,86400,0.07541929541360148,0.014051743220099396,4332472.586781167,-468106.2447951276,0.0,-1.6592916606917842e-08
366,2970,40.34405,46.833336,-6.0833282,43200,0.07541920480525714,0.014051787932738523,4346604.66032198,-463238.8677294356,0.0,-8.256012809558172e-08
646,3042,40.34405,47.0,-6.0833282,64800,0.0754191580231374,0.014051780478281239,4333148.796028124,-461804.81061430223,0.0,6.121135978440219e-08
366,2970,40.34405,46.833336,-6.0833282,86400,0.07541923031390413,0.014051768615187737,4346604.66032198,-463238.8677294356,0.0,-1.2312066111920549e-08
156,2916,40.34405,46.75,-6.25,21600,0.07541929737987262,0.014051757323831347,4351950.96357759,-476616.1460837916,0.0,6.27396059144416e-08
681,3051,40.34405,47.0,-6.0,43200,0.07621887597109873,0.014239085136631238,4333815.840058059,-455502.3996515776,0.0,-7.090041227743732e-08
331,2961,40.34405,46.833336,-6.1666565,43200,0.07541914628571912,0.014051795872633686,4345926.351221016,-469559.8699535443,0.0,-2.1405535019464673e-07
191,2925,40.34405,46.75,-6.1666565,64800,0.0754192263163981,0.014051782157796934,4352639.653859386,-470285.21531356085,0.0,-1.4711299064066662e-07
681,3051,40.34405,47.0,-6.0,64800,0.07621886524770542,0.014239086669083975,4333815.840058059,-455502.3996515776,0.0,8.808470597725042e-08
401,2979,40.34405,46.833336,-6.0,21600,0.07541929879052699,0.014051768776164087,4347273.775744883,-456916.88569019584,0.0,1.1902789808443956e-07
611,3033,40.34405,47.0,-6.1666565,21600,0.0754191386201783,0.014051792685104907,4332472.586781167,-468106.2447951276,0.0,6.29964742317945e-08
16,2880,40.34405,46.66667,-6.25,21600,0.07541925680225646,0.014051774217911837,4358653.3150161095,-477350.1729464703,0.0,-1.8348007160656543e-08
436,2988,40.34405,46.91667,-6.25,64800,0.0754191920673834,0.014051788406845445,4338517.220887722,-475144.9119816816,0.0,9.635681888607338e-08
261,2943,40.34405,46.75,-6.0,64800,0.07541915065627947,0.014051781641784349,4353989.159796485,-457622.70099545474,0.0,4.631515156217291e-08
401,2979,40.34405,46.833336,-6.0,86400,0.07541929046682094,0.014051757348135522,4347273.775744883,-456916.88569019584,0.0,-6.472462763477851e-08
681,3051,40.34405,47.0,-6.0,86400,0.07621888323137188,0.01423908880129536,4333815.840058059,-455502.3996515776,0.0,-8.744249610304854e-08
576,3024,40.34405,47.0,-6.25,86400,0.07541934096548394,0.014051747821544436,4331787.087405169,-474407.8424903363,0.0,1.993652756067467e-08
16,2880,40.34405,46.66667,-6.25,43200,0.07541932982588435,0.014051747685644602,4358653.3150161095,-477350.1729464703,0.0,9.783066883122928e-08
401,2979,40.34405,46.833336,-6.0,64800,0.07541918319792516,0.01405179002746542,4347273.775744883,-456916.88569019584,0.0,-7.787346655636437e-08
296,2952,40.34405,46.833336,-6.25,21600,0.07541925820727971,0.014051764250852554,4345238.723142079,-475881.0361998027,0.0,6.836067506763211e-08
436,2988,40.34405,46.91667,-6.25,86400,0.07541919036185701,0.01405178530124674,4338517.220887722,-475144.9119816816,0.0,1.1636485143406925e-07
646,3042,40.34405,47.0,-6.0833282,86400,0.07541933722317931,0.014051764989713666,4333148.796028124,-461804.81061430223,0.0,3.4387237911916844e-09
121,2907,40.34405,46.66667,-6.0,86400,0.07541923779008294,0.014051772909778227,4360694.650219674,-458327.4764384654,0.0,1.3567967269214067e-07
646,3042,40.34405,47.0,-6.0833282,43200,0.07541924667029165,0.014051754063982758,4333148.796028124,-461804.81061430223,0.0,-1.0570054431968786e-07
86,2898,40.34405,46.66667,-6.0833282,43200,0.07541920904271962,0.014051775986542885,4360023.469108121,-464668.9756583009,0.0,1.218393638457228e-07
191,2925,40.34405,46.75,-6.1666565,43200,0.07541929208343386,0.014051763529852594,4352639.653859386,-470285.21531356085,0.0,9.981627859625257e-08
296,2952,40.34405,46.833336,-6.25,86400,0.07541918977693793,0.014051780487804755,4345238.723142079,-475881.0361998027,0.0,7.30858344422332e-08
16,2880,40.34405,46.66667,-6.25,86400,0.07541920464026988,0.014051773518379811,4358653.3150161095,-477350.1729464703,0.0,9.489706520069942e-08
611,3033,40.34405,47.0,-6.1666565,43200,0.07541914756051012,0.014051790993819105,4332472.586781167,-468106.2447951276,0.0,-1.6014042826646e-07
576,3024,40.34405,47.0,-6.25,21600,0.07541920156667303,0.014051772942709144,4331787.087405169,-474407.8424903363,0.0,-8.791747075912513e-08
156,2916,40.34405,46.75,-6.25,43200,0.07541917681174067,0.014051780384042369,4351950.96357759,-476616.1460837916,0.0,-6.262322238361519e-08
471,2997,40.34405,46.91667,-6.1666565,43200,0.07541917921953475,0.014051795324249335,4339203.78529813,-468833.52373287774,0.0,-4.476280053266213e-08
121,2907,40.34405,46.66667,-6.0,43200,0.07541929186136873,0.014051771656428123,4360694.650219674,-458327.4764384654,0.0,-1.6708204272037008e-08
51,2889,40.34405,46.66667,-6.1666565,64800,0.07541918922562153,0.014051778129978645,4359343.065935845,-471009.49203812674,0.0,7.102103441609393e-08
541,3015,40.34405,46.91667,-6.0,64800,0.07541933434346206,0.014051759805836759,4340549.125536747,-456210.0964726406,0.0,-1.6570887013626293e-07
576,3024,40.34405,47.0,-6.25,43200,0.07541923062657034,0.014051780712186268,4331787.087405169,-474407.8424903363,0.0,-2.7360100493053564e-10
261,2943,40.34405,46.75,-6.0,86400,0.07541930909874069,0.014051746742213475,4353989.159796485,-457622.70099545474,0.0,-4.4350933249105964e-08
331,2961,40.34405,46.833336,-6.1666565,64800,0.07541923692073137,0.014051766742937802,4345926.351221016,-469559.8699535443,0.0,1.0227177871832021e-07
51,2889,40.34405,46.66667,-6.1666565,86400,0.07541917686934435,0.014051779734795815,4359343.065935845,-471009.49203812674,0.0,5.581704284251178e-08
226,2934,40.34405,46.75,-6.0833282,43200,0.07541932667910912,0.014051740374355118,4353319.010767862,-463954.4488188505,0.0,6.69612655099998e-09
681,3051,40.34405,47.0,-6.0,21600,0.0762188997281193,0.014239080411592935,4333815.840058059,-455502.3996515776,0.0,1.2610488216218746e-07
541,3015,40.34405,46.91667,-6.0,86400,0.07541918867046088,0.01405178699607969,4340549.125536747,-456210.0964726406,0.0,9.98769484242758e-08
86,2898,40.34405,46.66667,-6.0833282,64800,0.07541903623587946,0.014051810698893972,4360023.469108121,-464668.9756583009,0.0,-8.47936204824933e-08
191,2925,40.34405,46.75,-6.1666565,21600,0.07541922312205039,0.014051785523160654,4352639.653859386,-470285.21531356085,0.0,3.307061320082581e-08
576,3024,40.34405,47.0,-6.25,64800,0.07541918437523999,0.014051785826365645,4331787.087405169,-474407.8424903363,0.0,1.8660770408870922e-07
471,2997,40.34405,46.91667,-6.1666565,21600,0.07541931195126368,0.01405176524879932,4339203.78529813,-468833.52373287774,0.0,-4.882167659765035e-08
366,2970,40.34405,46.833336,-6.0833282,21600,0.07541930115780776,0.014051758581096327,4346604.66032198,-463238.8677294356,0.0,7.463060739369606e-08
506,3006,40.34405,46.91667,-6.0833282,43200,0.07541907060034339,0.014051794217791862,4339881.045145775,-462522.2992525033,0.0,-5.566427258669569e-09
86,2898,40.34405,46.66667,-6.0833282,86400,0.07541923913075053,0.014051781368681092,4360023.469108121,-464668.9756583009,0.0,1.4350039270685651e-08
646,3042,40.34405,47.0,-6.0833282,21600,0.0754192024397902,0.014051771204983958,4333148.796028124,-461804.81061430223,0.0,1.1117197605601343e-07
331,2961,40.34405,46.833336,-6.1666565,21600,0.07541928066114881,0.014051777557440397,4345926.351221016,-469559.8699535443,0.0,4.9473387934265995e-08
541,3015,40.34405,46.91667,-6.0,21600,0.07541930880957902,0.014051756762523515,4340549.125536747,-456210.0964726406,0.0,-1.0362405226346234e-07
506,3006,40.34405,46.91667,-6.0833282,86400,0.07541917431932026,0.01405177859168849,4339881.045145775,-462522.2992525033,0.0,5.266824229790268e-08
261,2943,40.34405,46.75,-6.0,21600,0.07541935416639897,0.014051756272600266,4353989.159796485,-457622.70099545474,0.0,-1.7463088680413798e-08
471,2997,40.34405,46.91667,-6.1666565,86400,0.07541913975852974,0.01405177570613192,4339203.78529813,-468833.52373287774,0.0,2.3014474745403e-07
156,2916,40.34405,46.75,-6.25,86400,0.07541923983541152,0.014051766152705779,4351950.96357759,-476616.1460837916,0.0,8.02347634213653e-08
86,2898,40.34405,46.66667,-6.0833282,21600,0.07541912374470926,0.014051807850313784,4360023.469108121,-464668.9756583009,0.0,-3.327850530881096e-08
121,2907,40.34405,46.66667,-6.0,21600,0.07541927329192187,0.01405177012400771,4360694.650219674,-458327.4764384654,0.0,2.3235206178831524e-08
331,2961,40.34405,46.833336,-6.1666565,86400,0.0754192583020625,0.014051753434655622,4345926.351221016,-469559.8699535443,0.0,1.4893408193731152e-07
541,3015,40.34405,46.91667,-6.0,43200,0.07541918854270703,0.014051787609058692,4340549.125536747,-456210.0964726406,0.0,-2.3561698109139165e-08
226,2934,40.34405,46.75,-6.0833282,21600,0.07541932774096992,0.014051744724287541,4353319.010767862,-463954.4488188505,0.0,-8.508003715456601e-08
506,3006,40.34405,46.91667,-6.0833282,64800,0.07541934776278354,0.014051739964313165,4339881.045145775,-462522.2992525033,0.0,2.4859771138056377e-08
506,3006,40.34405,46.91667,-6.0833282,21600,0.07541925721560556,0.014051793459059407,4339881.045145775,-462522.2992525033,0.0,-3.455835330913379e-08
51,2889,40.34405,46.66667,-6.1666565,43200,0.07541922802520723,0.014051775528396244,4359343.065935845,-471009.49203812674,0.0,7.458272721771949e-08
296,2952,40.34405,46.833336,-6.25,43200,0.07541926016348048,0.014051772658910132,4345238.723142079,-475881.0361998027,0.0,-2.3380651897599988e-07
366,2970,40.34405,46.833336,-6.0833282,64800,0.07541923914501812,0.014051765657851172,4346604.66032198,-463238.8677294356,0.0,1.2550906314932264e-08
436,2988,40.34405,46.91667,-6.25,43200,0.0754192587497459,0.0140517730776615,4338517.220887722,-475144.9119816816,0.0,-1.409916642257958e-07
121,2907,40.34405,46.66667,-6.0,64800,0.07541925150841218,0.014051762053801162,4360694.650219674,-458327.4764384654,0.0,2.5597158590822535e-08
261,2943,40.34405,46.75,-6.0,43200,0.07541921828760499,0.014051773253080721,4353989.159796485,-457622.70099545474,0.0,1.2334844570790172e-07
51,2889,40.34405,46.66667,-6.1666565,21600,0.07541924552616684,0.014051770338989423,4359343.065935845,-471009.49203812674,0.0,1.1649483129507001e-07
611,3033,40.34405,47.0,-6.1666565,64800,0.07541916969072801,0.014051768253362198,4332472.586781167,-468106.2447951276,0.0,-3.769821300747919e-08
157,3096,47.37369,46.75,-6.25,21600,0.07542804681392118,0.014066167793219802,4351950.96357759,-476616.1460837916,0.0,4.344397467465608e-08
192,3105,47.37369,46.75,-6.1666565,64800,0.07542796302263303,0.014066195178576026,4352639.653859386,-470285.21531356085,0.0,-1.191325710516228e-07
87,3078,47.37369,46.66667,-6.0833282,64800,0.07542785746254012,0.014066208719860696,4360023.469108121,-464668.9756583009,0.0,-6.202218720364135e-08
682,3231,47.37369,47.0,-6.0,21600,0.07621767410487933,0.01423647269831258,4333815.840058059,-455502.3996515776,0.0,5.695090014619336e-08
192,3105,47.37369,46.75,-6.1666565,43200,0.07542799603407353,0.014066184273193737,4352639.653859386,-470285.21531356085,0.0,3.457380970999725e-08
367,3150,47.37369,46.833336,-6.0833282,64800,0.07542800336971396,0.014066173381799614,4346604.66032198,-463238.8677294356,0.0,-2.3994792063958148e-08
647,3222,47.37369,47.0,-6.0833282,86400,0.07542802800539057,0.014066182078531747,4333148.796028124,-461804.81061430223,0.0,-6.155227875935014e-09
332,3141,47.37369,46.833336,-6.1666565,64800,0.07542800377207412,0.014066174421498519,4345926.351221016,-469559.8699535443,0.0,3.3931749170621935e-08
262,3123,47.37369,46.75,-6.0,64800,0.0754279229459287,0.014066192704395124,4353989.159796485,-457622.70099545474,0.0,1.333170797337739e-09
507,3186,47.37369,46.91667,-6.0833282,86400,0.07542793455682278,0.01406618550256846,4339881.045145775,-462522.2992525033,0.0,2.5969300172683607e-08
297,3132,47.37369,46.833336,-6.25,64800,0.07542798405131496,0.014066188754990681,4345238.723142079,-475881.0361998027,0.0,8.113074150474002e-09
157,3096,47.37369,46.75,-6.25,86400,0.07542793856255042,0.014066189223165486,4351950.96357759,-476616.1460837916,0.0,6.178811070358201e-08
192,3105,47.37369,46.75,-6.1666565,86400,0.07542799161738178,0.014066174632243755,4352639.653859386,-470285.21531356085,0.0,4.823286219834534e-08
402,3159,47.37369,46.833336,-6.0,86400,0.07542799404721179,0.01406617572099175,4347273.775744883,-456916.88569019584,0.0,-1.2546685660452826e-09
17,3060,47.37369,46.66667,-6.25,64800,0.07542793947431492,0.014066181573279461,4358653.3150161095,-477350.1729464703,0.0,-1.107166206670834e-07
122,3087,47.37369,46.66667,-6.0,64800,0.07542797434040655,0.014066179046960016,4360694.650219674,-458327.4764384654,0.0,-4.9168920865111275e-09
157,3096,47.37369,46.75,-6.25,64800,0.07542801347920573,0.014066190328725105,4351950.96357759,-476616.1460837916,0.0,-1.1346284173403026e-07
332,3141,47.37369,46.833336,-6.1666565,21600,0.07542804140750511,0.01406618180565664,4345926.351221016,-469559.8699535443,0.0,9.845828313702012e-10
52,3069,47.37369,46.66667,-6.1666565,64800,0.07542792540753644,0.014066192485778482,4359343.065935845,-471009.49203812674,0.0,-7.128223284025872e-09
227,3114,47.37369,46.75,-6.0833282,43200,0.07542802619956068,0.014066167407276219,4353319.010767862,-463954.4488188505,0.0,1.089676975392535e-08
297,3132,47.37369,46.833336,-6.25,21600,0.07542806440892268,0.014066163554217715,4345238.723142079,-475881.0361998027,0.0,4.4995244753941577e-08
542,3195,47.37369,46.91667,-6.0,86400,0.07542793275770349,0.01406619426987596,4340549.125536747,-456210.0964726406,0.0,8.60913542472321e-08
87,3078,47.37369,46.66667,-6.0833282,86400,0.07542798756756015,0.014066184040758904,4360023.469108121,-464668.9756583009,0.0,1.5159903014251017e-09
192,3105,47.37369,46.75,-6.1666565,21600,0.07542799486214077,0.014066187449872909,4352639.653859386,-470285.21531356085,0.0,1.606508083580135e-08
402,3159,47.37369,46.833336,-6.0,64800,0.07542793977653095,0.014066200371930205,4347273.775744883,-456916.88569019584,0.0,-5.5304524405298944e-08
367,3150,47.37369,46.833336,-6.0833282,21600,0.07542805487544868,0.014066171669190972,4346604.66032198,-463238.8677294356,0.0,3.884913128518397e-08
157,3096,47.37369,46.75,-6.25,43200,0.07542796575806705,0.01406618781144326,4351950.96357759,-476616.1460837916,0.0,-5.8141015196496006e-08
227,3114,47.37369,46.75,-6.0833282,21600,0.07542804339998639,0.014066169883634525,4353319.010767862,-463954.4488188505,0.0,-5.286222251907734e-08
612,3213,47.37369,47.0,-6.1666565,21600,0.0754279309160009,0.01406619981908878,4332472.586781167,-468106.2447951276,0.0,3.1385356435361303e-08
262,3123,47.37369,46.75,-6.0,86400,0.07542799675708255,0.01406617517176521,4353989.159796485,-457622.70099545474,0.0,-1.2426459101803577e-08
472,3177,47.37369,46.91667,-6.1666565,43200,0.07542794411857406,0.01406619621191883,4339203.78529813,-468833.52373287774,0.0,-4.7519422937185164e-08
52,3069,47.37369,46.66667,-6.1666565,43200,0.07542799593797254,0.014066186130466195,4359343.065935845,-471009.49203812674,0.0,5.9569719442247274e-08
577,3204,47.37369,47.0,-6.25,64800,0.07542790206471847,0.014066204997707037,4331787.087405169,-474407.8424903363,0.0,1.1150167076291491e-07
507,3186,47.37369,46.91667,-6.0833282,21600,0.07542801801210781,0.0140661947759684,4339881.045145775,-462522.2992525033,0.0,-6.584369596738651e-09
507,3186,47.37369,46.91667,-6.0833282,43200,0.07542789487114114,0.014066196118686971,4339881.045145775,-462522.2992525033,0.0,-3.327454158185401e-08
332,3141,47.37369,46.833336,-6.1666565,86400,0.07542796298740459,0.014066178843040534,4345926.351221016,-469559.8699535443,0.0,1.043920277818407e-07
87,3078,47.37369,46.66667,-6.0833282,21600,0.07542790298866991,0.014066210070787472,4360023.469108121,-464668.9756583009,0.0,-1.642286908960232e-08
542,3195,47.37369,46.91667,-6.0,43200,0.0754279647199656,0.014066189172100362,4340549.125536747,-456210.0964726406,0.0,-2.0796751412135922e-08
542,3195,47.37369,46.91667,-6.0,64800,0.07542800798717296,0.014066183058865648,4340549.125536747,-456210.0964726406,0.0,-7.24121242628164e-08
472,3177,47.37369,46.91667,-6.1666565,86400,0.07542790647062289,0.014066188324066238,4339203.78529813,-468833.52373287774,0.0,1.0063246250535985e-07
472,3177,47.37369,46.91667,-6.1666565,21600,0.07542806049191621,0.014066177874376404,4339203.78529813,-468833.52373287774,0.0,-2.6420755206616936e-08
262,3123,47.37369,46.75,-6.0,43200,0.07542796536172801,0.01406618764048533,4353989.159796485,-457622.70099545474,0.0,2.4875542605801316e-08
577,3204,47.37369,47.0,-6.25,43200,0.07542796473888953,0.014066193671065303,4331787.087405169,-474407.8424903363,0.0,-4.46606837056651e-08
122,3087,47.37369,46.66667,-6.0,43200,0.07542800376578647,0.014066188226362374,4360694.650219674,-458327.4764384654,0.0,-4.5843647905593574e-09
262,3123,47.37369,46.75,-6.0,21600,0.07542804355796538,0.014066174755950183,4353989.159796485,-457622.70099545474,0.0,1.3008748018206548e-08
507,3186,47.37369,46.91667,-6.0833282,64800,0.07542803964493465,0.014066169007809774,4339881.045145775,-462522.2992525033,0.0,2.842905015925073e-08
612,3213,47.37369,47.0,-6.1666565,43200,0.07542791607916804,0.014066199700664707,4332472.586781167,-468106.2447951276,0.0,-7.264001099782209e-08
647,3222,47.37369,47.0,-6.0833282,21600,0.07542796686117224,0.014066184611931737,4333148.796028124,-461804.81061430223,0.0,6.21893678961412e-08
122,3087,47.37369,46.66667,-6.0,21600,0.0754280099815935,0.014066178876929543,4360694.650219674,-458327.4764384654,0.0,1.7962951058621914e-08
52,3069,47.37369,46.66667,-6.1666565,21600,0.07542799260444215,0.014066180432910046,4359343.065935845,-471009.49203812674,0.0,6.322953865448224e-08
437,3168,47.37369,46.91667,-6.25,43200,0.0754279870819241,0.014066189270971509,4338517.220887722,-475144.9119816816,0.0,-1.1583683723176204e-07
332,3141,47.37369,46.833336,-6.1666565,43200,0.07542792820078109,0.014066200996231534,4345926.351221016,-469559.8699535443,0.0,-1.4376284571788433e-07
682,3231,47.37369,47.0,-6.0,64800,0.07621760872028242,0.014236482944066497,4333815.840058059,-455502.3996515776,0.0,4.9010067635116644e-08
122,3087,47.37369,46.66667,-6.0,86400,0.0754279697141586,0.01406618741974457,4360694.650219674,-458327.4764384654,0.0,6.507010864699359e-08
17,3060,47.37369,46.66667,-6.25,21600,0.07542798682261026,0.014066183111601557,4358653.3150161095,-477350.1729464703,0.0,1.425671322549983e-08
437,3168,47.37369,46.91667,-6.25,86400,0.07542794967624017,0.01406618795141101,4338517.220887722,-475144.9119816816,0.0,6.627300730298232e-08
367,3150,47.37369,46.833336,-6.0833282,43200,0.07542795583451757,0.014066193705811556,4346604.66032198,-463238.8677294356,0.0,-5.63242911536282e-08
647,3222,47.37369,47.0,-6.0833282,64800,0.07542793909672203,0.014066185515166637,4333148.796028124,-461804.81061430223,0.0,6.540124237329608e-08
297,3132,47.37369,46.833336,-6.25,86400,0.0754279116076292,0.014066195177387875,4345238.723142079,-475881.0361998027,0.0,5.563014136287857e-08
87,3078,47.37369,46.66667,-6.0833282,43200,0.07542800412240538,0.01406617799235537,4360023.469108121,-464668.9756583009,0.0,6.349961805794532e-08
227,3114,47.37369,46.75,-6.0833282,64800,0.07542791942668377,0.014066190813414634,4353319.010767862,-463954.4488188505,0.0,-1.2077276986824165e-07
577,3204,47.37369,47.0,-6.25,21600,0.07542796321790657,0.014066183741288926,4331787.087405169,-474407.8424903363,0.0,-4.7293576787472744e-08
402,3159,47.37369,46.833336,-6.0,43200,0.0754280222481705,0.01406617000903286,4347273.775744883,-456916.88569019584,0.0,-1.4942897409587833e-07
612,3213,47.37369,47.0,-6.1666565,86400,0.07542803995045647,0.014066163293094465,4332472.586781167,-468106.2447951276,0.0,-3.074904884497986e-08
17,3060,47.37369,46.66667,-6.25,86400,0.07542794504930092,0.01406619081793554,4358653.3150161095,-477350.1729464703,0.0,4.7939584840265026e-08
682,3231,47.37369,47.0,-6.0,86400,0.07621763669646857,0.014236487925535637,4333815.840058059,-455502.3996515776,0.0,-4.0207404986905444e-08
612,3213,47.37369,47.0,-6.1666565,64800,0.0754279224965191,0.014066181892747286,4332472.586781167,-468106.2447951276,0.0,3.01644102565374e-08
297,3132,47.37369,46.833336,-6.25,43200,0.07542800207424023,0.014066186390820308,4345238.723142079,-475881.0361998027,0.0,-1.686706915959027e-07
542,3195,47.37369,46.91667,-6.0,21600,0.07542804918588769,0.014066170052212496,4340549.125536747,-456210.0964726406,0.0,-7.502995445493266e-08
52,3069,47.37369,46.66667,-6.1666565,86400,0.07542794634160921,0.014066188531662239,4359343.065935845,-471009.49203812674,0.0,3.474490428635089e-08
17,3060,47.37369,46.66667,-6.25,43200,0.07542804594732593,0.014066169375817169,4358653.3150161095,-477350.1729464703,0.0,6.260201395442426e-08
227,3114,47.37369,46.75,-6.0833282,86400,0.07542798282731364,0.014066178023694979,4353319.010767862,-463954.4488188505,0.0,5.35750015484717e-08
647,3222,47.37369,47.0,-6.0833282,43200,0.07542798025684766,0.01406617641632954,4333148.796028124,-461804.81061430223,0.0,-6.961438151409931e-08
472,3177,47.37369,46.91667,-6.1666565,64800,0.07542796831401893,0.014066184501789617,4339203.78529813,-468833.52373287774,0.0,7.030291027819236e-08
577,3204,47.37369,47.0,-6.25,86400,0.07542807094156938,0.014066164178684906,4331787.087405169,-474407.8424903363,0.0,2.64201507100107e-08
437,3168,47.37369,46.91667,-6.25,64800,0.07542792630377027,0.014066200638214427,4338517.220887722,-475144.9119816816,0.0,7.214369083693343e-08
402,3159,47.37369,46.833336,-6.0,21600,0.07542801970904252,0.014066182966258355,4347273.775744883,-456916.88569019584,0.0,2.7849227033751467e-08
437,3168,47.37369,46.91667,-6.25,21600,0.07542801683182364,0.014066170715626344,4338517.220887722,-475144.9119816816,0.0,-4.49215500722984e-09
367,3150,47.37369,46.833336,-6.0833282,86400,0.0754279498632917,0.014066187628807484,4346604.66032198,-463238.8677294356,0.0,1.929946773627088e-08
682,3231,47.37369,47.0,-6.0,43200,0.07621762257368797,0.014236485603731126,4333815.840058059,-455502.3996515776,0.0,-5.965083751505249e-08
613,3393,55.76429,47.0,-6.1666565,64800,0.07543844724556027,0.014083019821904711,4332472.586781167,-468106.2447951276,0.0,5.813453448456387e-08
158,3276,55.76429,46.75,-6.25,86400,0.07543843280976248,0.014083032001941068,4351950.96357759,-476616.1460837916,0.0,5.574042028522397e-08
298,3312,55.76429,46.833336,-6.25,43200,0.07543852369325842,0.014083023446174651,4345238.723142079,-475881.0361998027,0.0,-1.3171275294850586e-07
333,3321,55.76429,46.833336,-6.1666565,86400,0.07543846542890523,0.014083021683322854,4345926.351221016,-469559.8699535443,0.0,8.24241414427038e-08
578,3384,55.76429,47.0,-6.25,86400,0.07543857970221464,0.014083004098367371,4331787.087405169,-474407.8424903363,0.0,3.466093938585207e-08
438,3348,55.76429,46.91667,-6.25,43200,0.0754385020090935,0.014083027506614387,4338517.220887722,-475144.9119816816,0.0,-1.039427627247224e-07
123,3267,55.76429,46.66667,-6.0,64800,0.07543848520496312,0.014083018455032919,4360694.650219674,-458327.4764384654,0.0,-1.6031699403357e-08
53,3249,55.76429,46.66667,-6.1666565,43200,0.07543853076058786,0.014083021896682415,4359343.065935845,-471009.49203812674,0.0,5.023699971085651e-08
543,3375,55.76429,46.91667,-6.0,21600,0.07543856658510352,0.014083008343198845,4340549.125536747,-456210.0964726406,0.0,-6.149605999087894e-08
158,3276,55.76429,46.75,-6.25,43200,0.07543850891924113,0.014083021825789317,4351950.96357759,-476616.1460837916,0.0,-5.835384614835526e-08
53,3249,55.76429,46.66667,-6.1666565,86400,0.0754384758756451,0.014083024120781459,4359343.065935845,-471009.49203812674,0.0,2.2243481191619103e-08
368,3330,55.76429,46.833336,-6.0833282,86400,0.07543845613325843,0.014083028459599432,4346604.66032198,-463238.8677294356,0.0,3.067082809970365e-08
333,3321,55.76429,46.833336,-6.1666565,21600,0.07543856947816441,0.014083015410198735,4345926.351221016,-469559.8699535443,0.0,-1.8025219129162593e-08
473,3357,55.76429,46.91667,-6.1666565,43200,0.07543847688814694,0.01408302761963852,4339203.78529813,-468833.52373287774,0.0,-4.574029762375763e-08
53,3249,55.76429,46.66667,-6.1666565,21600,0.07543851558002267,0.014083016362550662,4359343.065935845,-471009.49203812674,0.0,3.40443362717746e-08
333,3321,55.76429,46.833336,-6.1666565,64800,0.0754385347960463,0.014083009511440476,4345926.351221016,-469559.8699535443,0.0,4.463317901134052e-09
193,3285,55.76429,46.75,-6.1666565,64800,0.07543847762165562,0.014083032845061632,4352639.653859386,-470285.21531356085,0.0,-1.0526816267605637e-07
648,3402,55.76429,47.0,-6.0833282,43200,0.07543849557188351,0.014083018625783225,4333148.796028124,-461804.81061430223,0.0,-5.2496863457783624e-08
193,3285,55.76429,46.75,-6.1666565,21600,0.07543853044748897,0.014083019137836213,4352639.653859386,-470285.21531356085,0.0,1.1017424527695107e-08
578,3384,55.76429,47.0,-6.25,64800,0.07543840161465976,0.014083047153794782,4331787.087405169,-474407.8424903363,0.0,7.805315604405346e-08
123,3267,55.76429,46.66667,-6.0,86400,0.07543848078328753,0.014083026489208363,4360694.650219674,-458327.4764384654,0.0,2.8610338687552632e-08
263,3303,55.76429,46.75,-6.0,86400,0.075438496910585,0.014083018762986912,4353989.159796485,-457622.70099545474,0.0,2.8789637155922596e-10
228,3294,55.76429,46.75,-6.0833282,43200,0.07543852743159972,0.014083011195574898,4353319.010767862,-463954.4488188505,0.0,1.0956530286981523e-08
648,3402,55.76429,47.0,-6.0833282,21600,0.0754384985338948,0.014083021613229442,4333148.796028124,-461804.81061430223,0.0,3.66508376223058e-08
18,3240,55.76429,46.66667,-6.25,86400,0.07543846164182091,0.0140830302041778,4358653.3150161095,-477350.1729464703,0.0,2.792388062165281e-08
228,3294,55.76429,46.75,-6.0833282,21600,0.07543854742649383,0.0140830132174294,4353319.010767862,-463954.4488188505,0.0,-3.838095947324646e-08
193,3285,55.76429,46.75,-6.1666565,43200,0.0754384921639657,0.014083026641892614,4352639.653859386,-470285.21531356085,0.0,3.417670768036702e-09
18,3240,55.76429,46.66667,-6.25,21600,0.07543850663349741,0.014083017405242988,4358653.3150161095,-477350.1729464703,0.0,2.631260836467619e-08
263,3303,55.76429,46.75,-6.0,64800,0.07543845933429655,0.01408302886977328,4353989.159796485,-457622.70099545474,0.0,-1.7256604149348912e-08
158,3276,55.76429,46.75,-6.25,21600,0.0754385731032707,0.014083003790476384,4351950.96357759,-476616.1460837916,0.0,3.102962246303379e-08
438,3348,55.76429,46.91667,-6.25,86400,0.07543847408173211,0.014083021578204449,4338517.220887722,-475144.9119816816,0.0,4.215085573272955e-08
368,3330,55.76429,46.833336,-6.0833282,43200,0.07543848004947168,0.014083027745353126,4346604.66032198,-463238.8677294356,0.0,-4.163479664188e-08
298,3312,55.76429,46.833336,-6.25,21600,0.07543861491064459,0.014082994441910923,4345238.723142079,-475881.0361998027,0.0,3.3759690384953214e-08
228,3294,55.76429,46.75,-6.0833282,64800,0.07543845851622027,0.014083025119528669,4353319.010767862,-463954.4488188505,0.0,-1.0915622954337965e-07
648,3402,55.76429,47.0,-6.0833282,64800,0.07543848023217392,0.014083018303501478,4333148.796028124,-461804.81061430223,0.0,6.337660170119927e-08
683,3411,55.76429,47.0,-6.0,64800,0.07621613072259827,0.014233317792522623,4333815.840058059,-455502.3996515776,0.0,3.145474238775167e-08
403,3339,55.76429,46.833336,-6.0,64800,0.07543846841505916,0.014083036407962468,4347273.775744883,-456916.88569019584,0.0,-4.048217659649767e-08
543,3375,55.76429,46.91667,-6.0,86400,0.07543845527680518,0.014083028461024796,4340549.125536747,-456210.0964726406,0.0,7.848204300794711e-08
403,3339,55.76429,46.833336,-6.0,21600,0.07543852820633115,0.014083021298382657,4347273.775744883,-456916.88569019584,0.0,-1.4635787775820223e-08
613,3393,55.76429,47.0,-6.1666565,21600,0.07543847584006447,0.014083034165320125,4332472.586781167,-468106.2447951276,0.0,1.4604336146692136e-08
158,3276,55.76429,46.75,-6.25,64800,0.07543851074655929,0.014083031844491346,4351950.96357759,-476616.1460837916,0.0,-1.0810821996405349e-07
88,3258,55.76429,46.66667,-6.0833282,43200,0.07543854832131903,0.014083010299536005,4360023.469108121,-464668.9756583009,0.0,3.624587661996645e-08
333,3321,55.76429,46.833336,-6.1666565,43200,0.07543846415512606,0.014083034959700834,4345926.351221016,-469559.8699535443,0.0,-1.097207413218013e-07
578,3384,55.76429,47.0,-6.25,21600,0.07543849487471317,0.014083019517707455,4331787.087405169,-474407.8424903363,0.0,-3.252025409602218e-08
438,3348,55.76429,46.91667,-6.25,64800,0.07543843958030617,0.014083038316566503,4338517.220887722,-475144.9119816816,0.0,6.074721041615786e-08
403,3339,55.76429,46.833336,-6.0,43200,0.0754385244992872,0.014083010406327397,4347273.775744883,-456916.88569019584,0.0,-8.694055632814595e-08
298,3312,55.76429,46.833336,-6.25,64800,0.07543850118723967,0.014083027046051378,4345238.723142079,-475881.0361998027,0.0,-4.3625303555913695e-09
508,3366,55.76429,46.91667,-6.0833282,21600,0.07543854755687242,0.014083025945014559,4339881.045145775,-462522.2992525033,0.0,5.127343536255792e-09
298,3312,55.76429,46.833336,-6.25,86400,0.0754384169810291,0.014083034539601729,4345238.723142079,-475881.0361998027,0.0,4.979583995199392e-08
613,3393,55.76429,47.0,-6.1666565,86400,0.07543855386394939,0.014083005368066805,4332472.586781167,-468106.2447951276,0.0,-3.8415113585847456e-08
683,3411,55.76429,47.0,-6.0,86400,0.0762161526150413,0.014233325917618212,4333815.840058059,-455502.3996515776,0.0,-1.742256131754496e-08
683,3411,55.76429,47.0,-6.0,43200,0.07621613753031259,0.014233323959899248,4333815.840058059,-455502.3996515776,0.0,-4.750235837645367e-08
368,3330,55.76429,46.833336,-6.0833282,64800,0.0754385296151334,0.014083008787500097,4346604.66032198,-463238.8677294356,0.0,-4.006882357758181e-08
648,3402,55.76429,47.0,-6.0833282,86400,0.07543852291842135,0.014083021445493765,4333148.796028124,-461804.81061430223,0.0,-9.956794189787992e-09
123,3267,55.76429,46.66667,-6.0,43200,0.07543851088629848,0.014083026928411586,4360694.650219674,-458327.4764384654,0.0,-1.432726008613796e-10
543,3375,55.76429,46.91667,-6.0,64800,0.07543849650625128,0.01408302535321779,4340549.125536747,-456210.0964726406,0.0,-2.8328788759660837e-08
263,3303,55.76429,46.75,-6.0,43200,0.07543848831289472,0.014083025094221343,4353989.159796485,-457622.70099545474,0.0,-1.6266459864763993e-08
228,3294,55.76429,46.75,-6.0833282,86400,0.07543848328673469,0.014083022581516048,4353319.010767862,-463954.4488188505,0.0,5.539910040280682e-08
473,3357,55.76429,46.91667,-6.1666565,64800,0.07543849006701055,0.014083020435973896,4339203.78529813,-468833.52373287774,0.0,8.069974408455206e-08
543,3375,55.76429,46.91667,-6.0,43200,0.0754384955715854,0.01408302253031048,4340549.125536747,-456210.0964726406,0.0,-1.8624461275912572e-08
473,3357,55.76429,46.91667,-6.1666565,86400,0.07543844062703207,0.014083025524989953,4339203.78529813,-468833.52373287774,0.0,3.8133422656952994e-08
508,3366,55.76429,46.91667,-6.0833282,64800,0.07543853308741941,0.014083014413325603,4339881.045145775,-462522.2992525033,0.0,2.726220087101975e-08
473,3357,55.76429,46.91667,-6.1666565,21600,0.07543858301022255,0.014083014570649166,4339203.78529813,-468833.52373287774,0.0,-1.4639904884139331e-08
368,3330,55.76429,46.833336,-6.0833282,21600,0.07543857877900247,0.014083009420928144,4346604.66032198,-463238.8677294356,0.0,1.7218350534109458e-08
578,3384,55.76429,47.0,-6.25,43200,0.07543847829242545,0.014083031266587751,4331787.087405169,-474407.8424903363,0.0,-6.288448244455905e-08
53,3249,55.76429,46.66667,-6.1666565,64800,0.07543844038532475,0.014083031287104095,4359343.065935845,-471009.49203812674,0.0,-3.803182249290382e-08
88,3258,55.76429,46.66667,-6.0833282,86400,0.07543850831333221,0.014083017000454398,4360023.469108121,-464668.9756583009,0.0,-2.429730324959921e-09
403,3339,55.76429,46.833336,-6.0,86400,0.07543849731729313,0.014083015127946625,4347273.775744883,-456916.88569019584,0.0,3.3384108828585236e-08
88,3258,55.76429,46.66667,-6.0833282,21600,0.07543844250404827,0.014083041895103088,4360023.469108121,-464668.9756583009,0.0,-2.9559760603324366e-09
263,3303,55.76429,46.75,-6.0,21600,0.075438536776746,0.014083015006209213,4353989.159796485,-457622.70099545474,0.0,2.3695291051330268e-08
683,3411,55.76429,47.0,-6.0,21600,0.07621620620446523,0.014233305924076803,4333815.840058059,-455502.3996515776,0.0,2.781945303393243e-08
88,3258,55.76429,46.66667,-6.0833282,64800,0.07543841198638371,0.0140830390865395,4360023.469108121,-464668.9756583009,0.0,-4.8522896572736114e-08
18,3240,55.76429,46.66667,-6.25,64800,0.07543847226669362,0.014083020661079068,4358653.3150161095,-477350.1729464703,0.0,-1.1972207183805274e-07
123,3267,55.76429,46.66667,-6.0,21600,0.07543852572579694,0.014083014019433477,4360694.650219674,-458327.4764384654,0.0,2.027765312738047e-08
18,3240,55.76429,46.66667,-6.25,43200,0.07543855040579184,0.014083011949006944,4358653.3150161095,-477350.1729464703,0.0,3.8358530837429746e-08
508,3366,55.76429,46.91667,-6.0833282,86400,0.07543846374188744,0.01408302001985705,4339881.045145775,-462522.2992525033,0.0,1.4323728293015448e-08
508,3366,55.76429,46.91667,-6.0833282,43200,0.07543845551596876,0.014083028019011979,4339881.045145775,-462522.2992525033,0.0,-3.9965904214647034e-08
193,3285,55.76429,46.75,-6.1666565,86400,0.07543849694094239,0.014083014864217798,4352639.653859386,-470285.21531356085,0.0,4.421471134365574e-08
613,3393,55.76429,47.0,-6.1666565,43200,0.07543844895152023,0.014083034503982376,4332472.586781167,-468106.2447951276,0.0,-3.2910790791139965e-08
438,3348,55.76429,46.91667,-6.25,21600,0.07543857566870457,0.014083003559823466,4338517.220887722,-475144.9119816816,0.0,1.7681055969370573e-08
369,3510,65.80727,46.833336,-6.0833282,86400,0.07545115532583782,0.014102665432508366,4346604.66032198,-463238.8677294356,0.0,3.356842641211899e-08
544,3555,65.80727,46.91667,-6.0,86400,0.07545116276263977,0.014102662361607104,4340549.125536747,-456210.0964726406,0.0,7.4317479332556e-08
299,3492,65.80727,46.833336,-6.25,86400,0.07545111420768709,0.01410267131306977,4345238.723142079,-475881.0361998027,0.0,4.821775590090004e-08
684,3591,65.80727,47.0,-6.0,64800,0.07621439144490108,0.014229442944350502,4333815.840058059,-455502.3996515776,0.0,2.4839429648198176e-08
404,3519,65.80727,46.833336,-6.0,86400,0.07545119688293817,0.014102651158021097,4347273.775744883,-456916.88569019584,0.0,4.9784939107066396e-08
159,3456,65.80727,46.75,-6.25,64800,0.07545120592658146,0.014102669031720399,4351950.96357759,-476616.1460837916,0.0,-1.0505676507822233e-07
264,3483,65.80727,46.75,-6.0,21600,0.07545122986912431,0.014102651855366154,4353989.159796485,-457622.70099545474,0.0,2.5773181151157384e-08
124,3447,65.80727,46.66667,-6.0,21600,0.07545122844533013,0.014102648506888188,4360694.650219674,-458327.4764384654,0.0,2.37803689743349e-08
404,3519,65.80727,46.833336,-6.0,21600,0.07545122881917593,0.014102657123705366,4347273.775744883,-456916.88569019584,0.0,-3.121054058966813e-08
54,3429,65.80727,46.66667,-6.1666565,64800,0.07545114335026029,0.01410266755299649,4359343.065935845,-471009.49203812674,0.0,-4.736179891827659e-08
89,3438,65.80727,46.66667,-6.0833282,43200,0.07545126281986951,0.014102643812038233,4360023.469108121,-464668.9756583009,0.0,2.5410348246981264e-08
614,3573,65.80727,47.0,-6.1666565,21600,0.07545119163935257,0.014102668252358713,4332472.586781167,-468106.2447951276,0.0,6.862457819761208e-09
579,3564,65.80727,47.0,-6.25,43200,0.07545117975271676,0.014102666895579133,4331787.087405169,-474407.8424903363,0.0,-6.907496736917235e-08
509,3546,65.80727,46.91667,-6.0833282,64800,0.07545122584605102,0.01410265343792609,4339881.045145775,-462522.2992525033,0.0,2.51831728246547e-08
649,3582,65.80727,47.0,-6.0833282,64800,0.0754511953758865,0.014102651566160609,4333148.796028124,-461804.81061430223,0.0,6.091259225745877e-08
19,3420,65.80727,46.66667,-6.25,43200,0.07545124754193418,0.014102650059861133,4358653.3150161095,-477350.1729464703,0.0,2.4648924288845964e-08
124,3447,65.80727,46.66667,-6.0,43200,0.07545121184394754,0.014102662649173326,4360694.650219674,-458327.4764384654,0.0,5.434432224816907e-10
194,3465,65.80727,46.75,-6.1666565,43200,0.07545118563990173,0.014102664560890179,4352639.653859386,-470285.21531356085,0.0,-9.418643821963983e-09
264,3483,65.80727,46.75,-6.0,64800,0.07545117264151321,0.014102663609375352,4353989.159796485,-457622.70099545474,0.0,-2.3679055583795093e-08
439,3528,65.80727,46.91667,-6.25,86400,0.07545117924697103,0.014102656099438107,4338517.220887722,-475144.9119816816,0.0,3.2224839476661244e-08
19,3420,65.80727,46.66667,-6.25,21600,0.07545121426760298,0.014102651100385227,4358653.3150161095,-477350.1729464703,0.0,2.9776491180362473e-08
229,3474,65.80727,46.75,-6.0833282,64800,0.0754511708081708,0.014102659450697837,4353319.010767862,-463954.4488188505,0.0,-1.009178712268467e-07
194,3465,65.80727,46.75,-6.1666565,64800,0.07545117981328513,0.014102668425695679,4352639.653859386,-470285.21531356085,0.0,-9.864595677171261e-08
159,3456,65.80727,46.75,-6.25,21600,0.07545128188969943,0.01410263864374229,4351950.96357759,-476616.1460837916,0.0,2.454029041921893e-08
229,3474,65.80727,46.75,-6.0833282,86400,0.0754511807188166,0.014102661000528266,4353319.010767862,-463954.4488188505,0.0,5.332873148720555e-08
299,3492,65.80727,46.833336,-6.25,21600,0.07545133164538219,0.014102627470146198,4345238.723142079,-475881.0361998027,0.0,2.8959818588644373e-08
369,3510,65.80727,46.833336,-6.0833282,43200,0.07545118770554314,0.014102661769113005,4346604.66032198,-463238.8677294356,0.0,-3.4600375008387415e-08
614,3573,65.80727,47.0,-6.1666565,43200,0.07545115997619627,0.014102668593928001,4332472.586781167,-468106.2447951276,0.0,-1.7761023189386002e-08
54,3429,65.80727,46.66667,-6.1666565,86400,0.07545118428446225,0.014102658804080747,4359343.065935845,-471009.49203812674,0.0,1.5835128168518386e-08
194,3465,65.80727,46.75,-6.1666565,86400,0.07545119372859471,0.01410265202148439,4352639.653859386,-470285.21531356085,0.0,4.0625391409321284e-08
334,3501,65.80727,46.833336,-6.1666565,43200,0.07545117478580961,0.014102669050774636,4345926.351221016,-469559.8699535443,0.0,-9.480896504004009e-08
614,3573,65.80727,47.0,-6.1666565,86400,0.07545125364657435,0.01410264331494086,4332472.586781167,-468106.2447951276,0.0,-4.166226777951549e-08
89,3438,65.80727,46.66667,-6.0833282,64800,0.07545113103709128,0.014102671548774771,4360023.469108121,-464668.9756583009,0.0,-4.189705919428664e-08
124,3447,65.80727,46.66667,-6.0,86400,0.07545118063758328,0.01410266301758905,4360694.650219674,-458327.4764384654,0.0,1.1968527530484444e-08
509,3546,65.80727,46.91667,-6.0833282,86400,0.07545117338935303,0.014102654368240389,4339881.045145775,-462522.2992525033,0.0,1.0599245020789838e-08
649,3582,65.80727,47.0,-6.0833282,43200,0.07545119891767682,0.014102656202627097,4333148.796028124,-461804.81061430223,0.0,-4.529524358519746e-08
369,3510,65.80727,46.833336,-6.0833282,64800,0.07545123532264818,0.014102643810837777,4346604.66032198,-463238.8677294356,0.0,-4.6216941102373104e-08
229,3474,65.80727,46.75,-6.0833282,43200,0.0754512259970785,0.014102649172943935,4353319.010767862,-463954.4488188505,0.0,1.0025627711756029e-08
544,3555,65.80727,46.91667,-6.0,43200,0.07545120258716055,0.014102657041373385,4340549.125536747,-456210.0964726406,0.0,-1.729746221863639e-08
334,3501,65.80727,46.833336,-6.1666565,21600,0.07545127745350763,0.014102649468540847,4345926.351221016,-469559.8699535443,0.0,-2.358920910945734e-08
474,3537,65.80727,46.91667,-6.1666565,43200,0.07545118850029371,0.014102660479574656,4339203.78529813,-468833.52373287774,0.0,-4.4114464964250326e-08
684,3591,65.80727,47.0,-6.0,21600,0.07621446791357309,0.014229430655375004,4333815.840058059,-455502.3996515776,0.0,1.753435920728239e-08
544,3555,65.80727,46.91667,-6.0,64800,0.07545118989352781,0.014102662742539776,4340549.125536747,-456210.0964726406,0.0,-1.0241083100301648e-08
579,3564,65.80727,47.0,-6.25,86400,0.07545127749516022,0.014102641114902007,4331787.087405169,-474407.8424903363,0.0,4.0239779197504427e-08
334,3501,65.80727,46.833336,-6.1666565,64800,0.07545124407298891,0.014102644195821775,4345926.351221016,-469559.8699535443,0.0,-5.87486198555142e-09
649,3582,65.80727,47.0,-6.0833282,86400,0.0754512178087488,0.014102657714017485,4333148.796028124,-461804.81061430223,0.0,-1.1314021826916445e-08
684,3591,65.80727,47.0,-6.0,86400,0.07621440534022222,0.01422945314872352,4333815.840058059,-455502.3996515776,0.0,-7.510068757087314e-09
194,3465,65.80727,46.75,-6.1666565,21600,0.07545124271093229,0.014102652084271104,4352639.653859386,-470285.21531356085,0.0,1.0394076250583689e-08
439,3528,65.80727,46.91667,-6.25,21600,0.0754512941695967,0.0141026376530604,4338517.220887722,-475144.9119816816,0.0,2.9093882564005346e-08
579,3564,65.80727,47.0,-6.25,64800,0.0754510950118186,0.014102685241072842,4331787.087405169,-474407.8424903363,0.0,6.485426806085303e-08
509,3546,65.80727,46.91667,-6.0833282,43200,0.07545117782844632,0.014102661221330496,4339881.045145775,-462522.2992525033,0.0,-3.948331950931683e-08
264,3483,65.80727,46.75,-6.0,86400,0.07545119686772897,0.01410265632252926,4353989.159796485,-457622.70099545474,0.0,4.5187444134935684e-09
684,3591,65.80727,47.0,-6.0,43200,0.07621439085394578,0.014229451230898825,4333815.840058059,-455502.3996515776,0.0,-3.918082509020352e-08
509,3546,65.80727,46.91667,-6.0833282,21600,0.0754512566437321,0.0141026585577597,4339881.045145775,-462522.2992525033,0.0,9.26432344838762e-09
54,3429,65.80727,46.66667,-6.1666565,21600,0.07545122224231338,0.014102651231872475,4359343.065935845,-471009.49203812674,0.0,2.0054912047371123e-08
579,3564,65.80727,47.0,-6.25,21600,0.07545120641135745,0.014102653964015515,4331787.087405169,-474407.8424903363,0.0,-2.806985192304346e-08
544,3555,65.80727,46.91667,-6.0,21600,0.0754512693758165,0.014102644618318979,4340549.125536747,-456210.0964726406,0.0,-5.5338024742453664e-08
19,3420,65.80727,46.66667,-6.25,64800,0.07545118298529066,0.014102656849648464,4358653.3150161095,-477350.1729464703,0.0,-1.2183717717978885e-07
439,3528,65.80727,46.91667,-6.25,64800,0.0754511407228575,0.01410267417061857,4338517.220887722,-475144.9119816816,0.0,5.57346003982483e-08
89,3438,65.80727,46.66667,-6.0833282,86400,0.07545121218798345,0.014102651023881186,4360023.469108121,-464668.9756583009,0.0,-2.8827537632473287e-09
299,3492,65.80727,46.833336,-6.25,64800,0.0754512035875535,0.014102663183907493,4345238.723142079,-475881.0361998027,0.0,-1.2620690641854987e-08
649,3582,65.80727,47.0,-6.0833282,21600,0.07545120968336723,0.014102656572347067,4333148.796028124,-461804.81061430223,0.0,2.4492205579486147e-08
264,3483,65.80727,46.75,-6.0,43200,0.07545119541253205,0.014102660228359265,4353989.159796485,-457622.70099545474,0.0,-3.045349346358785e-08
229,3474,65.80727,46.75,-6.0833282,21600,0.07545124384391794,0.014102651317204503,4353319.010767862,-463954.4488188505,0.0,-3.2150131912382365e-08
474,3537,65.80727,46.91667,-6.1666565,64800,0.07545119448351793,0.01410265573919833,4339203.78529813,-468833.52373287774,0.0,8.373797117450256e-08
369,3510,65.80727,46.833336,-6.0833282,21600,0.07545128397825272,0.014102645379320166,4346604.66032198,-463238.8677294356,0.0,6.08313296358131e-09
404,3519,65.80727,46.833336,-6.0,64800,0.07545117821916382,0.014102671204405825,4347273.775744883,-456916.88569019584,0.0,-3.230204763146801e-08
54,3429,65.80727,46.66667,-6.1666565,43200,0.07545124311505338,0.014102656503480908,4359343.065935845,-471009.49203812674,0.0,4.515328690385089e-08
19,3420,65.80727,46.66667,-6.25,86400,0.07545116474293673,0.014102666414283099,4358653.3150161095,-477350.1729464703,0.0,2.0127934321115748e-08
614,3573,65.80727,47.0,-6.1666565,64800,0.07545115473348973,0.014102655627473386,4332472.586781167,-468106.2447951276,0.0,6.712074714882596e-08
474,3537,65.80727,46.91667,-6.1666565,21600,0.07545128797292153,0.01410264972642166,4339203.78529813,-468833.52373287774,0.0,-9.136233181870136e-09
89,3438,65.80727,46.66667,-6.0833282,21600,0.07545115719893611,0.014102674703968384,4360023.469108121,-464668.9756583009,0.0,5.408712850605756e-09
159,3456,65.80727,46.75,-6.25,86400,0.07545112590363855,0.014102669815614045,4351950.96357759,-476616.1460837916,0.0,5.377928810119515e-08
334,3501,65.80727,46.833336,-6.1666565,86400,0.07545116382553511,0.014102659237506041,4345926.351221016,-469559.8699535443,0.0,7.293715951378169e-08
474,3537,65.80727,46.91667,-6.1666565,86400,0.0754511533997649,0.014102660797928795,4339203.78529813,-468833.52373287774,0.0,1.2155806614254025e-08
439,3528,65.80727,46.91667,-6.25,43200,0.07545120614180481,0.014102662910470402,4338517.220887722,-475144.9119816816,0.0,-9.89416008739459e-08
159,3456,65.80727,46.75,-6.25,43200,0.0754512241996188,0.01410265558541418,4351950.96357759,-476616.1460837916,0.0,-5.890060090904413e-08
124,3447,65.80727,46.66667,-6.0,64800,0.0754511863380613,0.014102654980130993,4360694.650219674,-458327.4764384654,0.0,-1.981366336231024e-08
299,3492,65.80727,46.833336,-6.25,43200,0.07545123017631236,0.014102658500708904,4345238.723142079,-475881.0361998027,0.0,-1.1291877045282849e-07
404,3519,65.80727,46.833336,-6.0,43200,0.07545122161278084,0.014102647600190577,4347273.775744883,-456916.88569019584,0.0,-5.9364573932302684e-08
475,3717,77.85385,46.91667,-6.1666565,64800,0.0754665823963152,0.014125474591944662,4339203.78529813,-468833.52373287774,0.0,8.343541544889825e-08
20,3600,77.85385,46.66667,-6.25,43200,0.07546663274153967,0.014125469951169728,4358653.3150161095,-477350.1729464703,0.0,1.833851193824765e-08
685,3771,77.85385,47.0,-6.0,64800,0.07621235230408249,0.014224667130702895,4333815.840058059,-455502.3996515776,0.0,2.2883129378660863e-08
55,3609,77.85385,46.66667,-6.1666565,43200,0.07546663449466426,0.014125474899985483,4359343.065935845,-471009.49203812674,0.0,4.24456469184708e-08
20,3600,77.85385,46.66667,-6.25,21600,0.07546660475606487,0.014125469098514748,4358653.3150161095,-477350.1729464703,0.0,3.04046347827235e-08
650,3762,77.85385,47.0,-6.0833282,64800,0.07546658788867279,0.014125469560201042,4333148.796028124,-461804.81061430223,0.0,5.918381426549803e-08
615,3753,77.85385,47.0,-6.1666565,86400,0.07546663944579529,0.014125463176595583,4332472.586781167,-468106.2447951276,0.0,-4.2210930756567245e-08
90,3618,77.85385,46.66667,-6.0833282,43200,0.07546665417956423,0.014125462042399287,4360023.469108121,-464668.9756583009,0.0,2.1659479501505295e-08
20,3600,77.85385,46.66667,-6.25,86400,0.07546655278278301,0.014125485363499689,4358653.3150161095,-477350.1729464703,0.0,1.7132021507504873e-08
615,3753,77.85385,47.0,-6.1666565,64800,0.07546654483347959,0.014125474547333292,4332472.586781167,-468106.2447951276,0.0,6.880307179861141e-08
55,3609,77.85385,46.66667,-6.1666565,21600,0.07546661136505323,0.014125469855568323,4359343.065935845,-471009.49203812674,0.0,1.4143799534212969e-08
580,3744,77.85385,47.0,-6.25,64800,0.07546647912121114,0.014125504926943873,4331787.087405169,-474407.8424903363,0.0,5.98692003970208e-08
545,3735,77.85385,46.91667,-6.0,64800,0.07546657524305381,0.014125482068947873,4340549.125536747,-456210.0964726406,0.0,-3.932458746797084e-09
90,3618,77.85385,46.66667,-6.0833282,21600,0.07546655047918721,0.014125492177408553,4360023.469108121,-464668.9756583009,0.0,9.652900202685606e-09
510,3726,77.85385,46.91667,-6.0833282,64800,0.07546660925487289,0.014125473602547714,4339881.045145775,-462522.2992525033,0.0,2.363839723892977e-08
125,3627,77.85385,46.66667,-6.0,43200,0.07546659975372566,0.014125481293932093,4360694.650219674,-458327.4764384654,0.0,8.455301670944182e-11
265,3663,77.85385,46.75,-6.0,64800,0.07546656493665951,0.014125481999164151,4353989.159796485,-457622.70099545474,0.0,-2.5444318072149715e-08
55,3609,77.85385,46.66667,-6.1666565,86400,0.07546657422073781,0.014125477227336014,4359343.065935845,-471009.49203812674,0.0,1.2953665713264044e-08
580,3744,77.85385,47.0,-6.25,86400,0.07546666196675073,0.014125460744475868,4331787.087405169,-474407.8424903363,0.0,4.2864802804079506e-08
440,3708,77.85385,46.91667,-6.25,64800,0.07546652765735828,0.014125493130328284,4338517.220887722,-475144.9119816816,0.0,5.32176055742493e-08
370,3690,77.85385,46.833336,-6.0833282,86400,0.07546654260576824,0.014125484619801865,4346604.66032198,-463238.8677294356,0.0,3.3768605322333054e-08
160,3636,77.85385,46.75,-6.25,21600,0.07546667160016311,0.014125457321652804,4351950.96357759,-476616.1460837916,0.0,2.1803378519288148e-08
405,3699,77.85385,46.833336,-6.0,64800,0.07546656905227302,0.01412548957520345,4347273.775744883,-456916.88569019584,0.0,-2.8363105648990048e-08
90,3618,77.85385,46.66667,-6.0833282,86400,0.07546659943971726,0.014125469562794483,4360023.469108121,-464668.9756583009,0.0,-2.572923694033879e-09
370,3690,77.85385,46.833336,-6.0833282,64800,0.07546662296743607,0.014125462744471854,4346604.66032198,-463238.8677294356,0.0,-4.780966133182936e-08
195,3645,77.85385,46.75,-6.1666565,21600,0.07546663394897828,0.014125469947280424,4352639.653859386,-470285.21531356085,0.0,1.0558004464301485e-08
335,3681,77.85385,46.833336,-6.1666565,64800,0.0754666334367626,0.01412546291213226,4345926.351221016,-469559.8699535443,0.0,-8.658334469653894e-09
160,3636,77.85385,46.75,-6.25,43200,0.07546661669802174,0.014125473630885852,4351950.96357759,-476616.1460837916,0.0,-5.84207795778139e-08
650,3762,77.85385,47.0,-6.0833282,86400,0.07546660306661564,0.014125476734208864,4333148.796028124,-461804.81061430223,0.0,-1.1651765357095422e-08
230,3654,77.85385,46.75,-6.0833282,21600,0.07546662813349776,0.014125471172560359,4353319.010767862,-463954.4488188505,0.0,-2.920963802266815e-08
300,3672,77.85385,46.833336,-6.25,64800,0.07546659025289251,0.014125482388985987,4345238.723142079,-475881.0361998027,0.0,-1.6792931631309678e-08
545,3735,77.85385,46.91667,-6.0,86400,0.07546655342010374,0.014125480419611836,4340549.125536747,-456210.0964726406,0.0,7.174020470671984e-08
125,3627,77.85385,46.66667,-6.0,21600,0.07546661591372249,0.014125466972495318,4360694.650219674,-458327.4764384654,0.0,2.5920179955787644e-08
125,3627,77.85385,46.66667,-6.0,86400,0.07546656708463065,0.014125482218094289,4360694.650219674,-458327.4764384654,0.0,5.412040305276036e-09
160,3636,77.85385,46.75,-6.25,64800,0.0754665909267982,0.014125488304785423,4351950.96357759,-476616.1460837916,0.0,-1.0264424178283409e-07
195,3645,77.85385,46.75,-6.1666565,86400,0.07546657873864666,0.014125471603253163,4352639.653859386,-470285.21531356085,0.0,3.8609928117396176e-08
300,3672,77.85385,46.833336,-6.25,86400,0.07546650018521521,0.014125490582469822,4345238.723142079,-475881.0361998027,0.0,4.78839364490893e-08
300,3672,77.85385,46.833336,-6.25,21600,0.07546672259522445,0.014125445783471038,4345238.723142079,-475881.0361998027,0.0,2.7090817212389235e-08
335,3681,77.85385,46.833336,-6.1666565,86400,0.07546655073672359,0.014125478681286696,4345926.351221016,-469559.8699535443,0.0,6.907372738669623e-08
265,3663,77.85385,46.75,-6.0,43200,0.0754665854752128,0.014125478655268631,4353989.159796485,-457622.70099545474,0.0,-3.409598341829365e-08
580,3744,77.85385,47.0,-6.25,21600,0.07546659836164518,0.01412547215254898,4331787.087405169,-474407.8424903363,0.0,-2.692149932448808e-08
405,3699,77.85385,46.833336,-6.0,43200,0.07546660705772226,0.014125467279853332,4347273.775744883,-456916.88569019584,0.0,-4.856267417094067e-08
475,3717,77.85385,46.91667,-6.1666565,21600,0.07546667490915823,0.014125468579043341,4339203.78529813,-468833.52373287774,0.0,-6.9251204034265025e-09
685,3771,77.85385,47.0,-6.0,43200,0.07621234696362333,0.01422467637892282,4333815.840058059,-455502.3996515776,0.0,-3.481271158668749e-08
405,3699,77.85385,46.833336,-6.0,21600,0.07546661631372675,0.01412547589118858,4347273.775744883,-456916.88569019584,0.0,-3.5962043491919776e-08
300,3672,77.85385,46.833336,-6.25,43200,0.07546661913095805,0.014125477071160315,4345238.723142079,-475881.0361998027,0.0,-1.0415670197962403e-07
335,3681,77.85385,46.833336,-6.1666565,21600,0.07546666634830794,0.014125467841062328,4345926.351221016,-469559.8699535443,0.0,-2.418672974813364e-08
230,3654,77.85385,46.75,-6.0833282,86400,0.07546656720135814,0.014125480693478397,4353319.010767862,-463954.4488188505,0.0,5.095174125281115e-08
475,3717,77.85385,46.91667,-6.1666565,86400,0.07546654620869922,0.014125479329643021,4339203.78529813,-468833.52373287774,0.0,3.2732002480845044e-09
55,3609,77.85385,46.66667,-6.1666565,64800,0.07546653222692754,0.014125486520503836,4359343.065935845,-471009.49203812674,0.0,-4.888242112507694e-08
125,3627,77.85385,46.66667,-6.0,64800,0.07546657358776371,0.01412547429457337,4360694.650219674,-458327.4764384654,0.0,-2.1196756562081762e-08
545,3735,77.85385,46.91667,-6.0,21600,0.07546665620192493,0.014125463914807762,4340549.125536747,-456210.0964726406,0.0,-5.2206707374496534e-08
475,3717,77.85385,46.91667,-6.1666565,43200,0.07546657981900844,0.014125478305450138,4339203.78529813,-468833.52373287774,0.0,-4.330569122166976e-08
545,3735,77.85385,46.91667,-6.0,43200,0.07546659064333944,0.014125475807547003,4340549.125536747,-456210.0964726406,0.0,-1.668073123482111e-08
510,3726,77.85385,46.91667,-6.0833282,86400,0.07546656423068385,0.014125472843739493,4339881.045145775,-462522.2992525033,0.0,1.0066564451100026e-08
370,3690,77.85385,46.833336,-6.0833282,21600,0.07546667105203941,0.014125464652000338,4346604.66032198,-463238.8677294356,0.0,1.3005068959909688e-09
510,3726,77.85385,46.91667,-6.0833282,43200,0.07546657250810307,0.014125479229841923,4339881.045145775,-462522.2992525033,0.0,-3.7861530106022175e-08
650,3762,77.85385,47.0,-6.0833282,21600,0.07546660114441874,0.01412547498889965,4333148.796028124,-461804.81061430223,0.0,1.9041108691837095e-08
510,3726,77.85385,46.91667,-6.0833282,21600,0.07546664617159367,0.014125476213104275,4339881.045145775,-462522.2992525033,0.0,1.0340264288069291e-08
265,3663,77.85385,46.75,-6.0,86400,0.0754665848370027,0.014125475700981495,4353989.159796485,-457622.70099545474,0.0,5.752082377447071e-09
440,3708,77.85385,46.91667,-6.25,43200,0.0754665949435191,0.014125481436881443,4338517.220887722,-475144.9119816816,0.0,-9.679445995664197e-08
685,3771,77.85385,47.0,-6.0,86400,0.07621236106223966,0.01422467825720107,4333815.840058059,-455502.3996515776,0.0,-3.5779426347425276e-09
580,3744,77.85385,47.0,-6.25,43200,0.07546656682779408,0.014125485708027618,4331787.087405169,-474407.8424903363,0.0,-7.064604201496974e-08
20,3600,77.85385,46.66667,-6.25,64800,0.07546657413406475,0.014125475881482443,4358653.3150161095,-477350.1729464703,0.0,-1.2079812622638978e-07
685,3771,77.85385,47.0,-6.0,21600,0.07621242687482802,0.014224654926913874,4333815.840058059,-455502.3996515776,0.0,1.43812706957289e-08
615,3753,77.85385,47.0,-6.1666565,21600,0.07546658409850149,0.014125486457002151,4332472.586781167,-468106.2447951276,0.0,3.6061724655195326e-09
90,3618,77.85385,46.66667,-6.0833282,64800,0.07546652562260744,0.0141254890241931,4360023.469108121,-464668.9756583009,0.0,-3.907711877477362e-08
230,3654,77.85385,46.75,-6.0833282,64800,0.07546656217344028,0.01412547783653379,4353319.010767862,-463954.4488188505,0.0,-9.580686036041281e-08
335,3681,77.85385,46.833336,-6.1666565,43200,0.07546656526997239,0.0141254872094502,4345926.351221016,-469559.8699535443,0.0,-8.830715465387215e-08
405,3699,77.85385,46.833336,-6.0,86400,0.07546658448174341,0.014125470032542565,4347273.775744883,-456916.88569019584,0.0,5.5991123331200375e-08
265,3663,77.85385,46.75,-6.0,21600,0.0754666136812208,0.014125471256885132,4353989.159796485,-457622.70099545474,0.0,2.5284082826213635e-08
195,3645,77.85385,46.75,-6.1666565,43200,0.07546657017162886,0.01412548416669332,4352639.653859386,-470285.21531356085,0.0,-1.3641732582667132e-08
650,3762,77.85385,47.0,-6.0833282,43200,0.07546658704938969,0.014125475758217786,4333148.796028124,-461804.81061430223,0.0,-4.258413590856306e-08
440,3708,77.85385,46.91667,-6.25,86400,0.07546656724168259,0.014125474843750652,4338517.220887722,-475144.9119816816,0.0,2.9076801788982857e-08
615,3753,77.85385,47.0,-6.1666565,43200,0.07546655130039395,0.014125486663193668,4332472.586781167,-468106.2447951276,0.0,-1.310726452038217e-08
440,3708,77.85385,46.91667,-6.25,21600,0.07546668584956608,0.014125456250829942,4338517.220887722,-475144.9119816816,0.0,3.355199207960306e-08
160,3636,77.85385,46.75,-6.25,86400,0.07546651073622669,0.014125489272880595,4351950.96357759,-476616.1460837916,0.0,5.266427906964798e-08
230,3654,77.85385,46.75,-6.0833282,43200,0.07546661305097482,0.01412546879715415,4353319.010767862,-463954.4488188505,0.0,9.304293057222817e-09
370,3690,77.85385,46.833336,-6.0833282,43200,0.07546657797544445,0.014125479929244044,4346604.66032198,-463238.8677294356,0.0,-3.1522444100830595e-08
195,3645,77.85385,46.75,-6.1666565,64800,0.075466567489958,0.014125487123676471,4352639.653859386,-470285.21531356085,0.0,-9.506494529580436e-08
91,3798,92.32607,46.66667,-6.0833282,64800,0.0754852056773717,0.014151860916643156,4360023.469108121,-464668.9756583009,0.0,-3.7831527463861774e-08
266,3843,92.32607,46.75,-6.0,43200,0.07548526323163247,0.014151850981608392,4353989.159796485,-457622.70099545474,0.0,-3.44122592213624e-08
406,3879,92.32607,46.833336,-6.0,64800,0.07548524648255729,0.014151861846962549,4347273.775744883,-456916.88569019584,0.0,-2.6463161027027443e-08
546,3915,92.32607,46.91667,-6.0,64800,0.07548525131386581,0.014151854725103722,4340549.125536747,-456210.0964726406,0.0,-2.0629418165672143e-09
231,3834,92.32607,46.75,-6.0833282,86400,0.0754852437171403,0.014151853407639498,4353319.010767862,-463954.4488188505,0.0,4.904419812482401e-08
161,3816,92.32607,46.75,-6.25,43200,0.07548529448375652,0.014151845962219129,4351950.96357759,-476616.1460837916,0.0,-5.6939807631239175e-08
371,3870,92.32607,46.833336,-6.0833282,21600,0.07548534545486711,0.014151837722590186,4346604.66032198,-463238.8677294356,0.0,-3.4059242101036605e-10
511,3906,92.32607,46.91667,-6.0833282,64800,0.07548528354266751,0.014151846700540833,4339881.045145775,-462522.2992525033,0.0,2.2704895443443102e-08
511,3906,92.32607,46.91667,-6.0833282,43200,0.07548525081548453,0.014151851613082283,4339881.045145775,-462522.2992525033,0.0,-3.670555277066027e-08
686,3951,92.32607,47.0,-6.0,21600,0.07621005075743582,0.014218729533226454,4333815.840058059,-455502.3996515776,0.0,1.3187282561204116e-08
441,3888,92.32607,46.91667,-6.25,21600,0.07548536176840596,0.014151829063380035,4338517.220887722,-475144.9119816816,0.0,3.416597665146698e-08
476,3897,92.32607,46.91667,-6.1666565,64800,0.07548525848034456,0.0141518472813657,4339203.78529813,-468833.52373287774,0.0,8.169271484099683e-08
91,3798,92.32607,46.66667,-6.0833282,86400,0.07548527502640325,0.014151842307605926,4360023.469108121,-464668.9756583009,0.0,-2.511806139327373e-09
126,3807,92.32607,46.66667,-6.0,21600,0.07548529186396649,0.014151839569343131,4360694.650219674,-458327.4764384654,0.0,2.6536259462628766e-08
651,3942,92.32607,47.0,-6.0833282,21600,0.07548527880124982,0.014151847404792297,4333148.796028124,-461804.81061430223,0.0,1.6506825884020038e-08
651,3942,92.32607,47.0,-6.0833282,43200,0.07548526337197839,0.014151848632856203,4333148.796028124,-461804.81061430223,0.0,-4.15219283781853e-08
476,3897,92.32607,46.91667,-6.1666565,21600,0.07548534899839972,0.014151841485918405,4339203.78529813,-468833.52373287774,0.0,-6.17081460271746e-09
336,3861,92.32607,46.833336,-6.1666565,64800,0.07548530903064564,0.014151835807152948,4345926.351221016,-469559.8699535443,0.0,-9.220692706906765e-09
161,3816,92.32607,46.75,-6.25,86400,0.07548518740721913,0.014151861809425414,4351950.96357759,-476616.1460837916,0.0,5.154497352362815e-08
91,3798,92.32607,46.66667,-6.0833282,21600,0.07548522962491905,0.014151863992024446,4360023.469108121,-464668.9756583009,0.0,1.1503825726038963e-08
616,3933,92.32607,47.0,-6.1666565,43200,0.07548522930316494,0.014151858857136435,4332472.586781167,-468106.2447951276,0.0,-1.208839791095368e-08
56,3789,92.32607,46.66667,-6.1666565,64800,0.07548521049530285,0.014151858936725928,4359343.065935845,-471009.49203812674,0.0,-4.8303880454292365e-08
546,3915,92.32607,46.91667,-6.0,43200,0.07548526634143561,0.01415184857577654,4340549.125536747,-456210.0964726406,0.0,-1.6484724365246182e-08
336,3861,92.32607,46.833336,-6.1666565,21600,0.0754853418659047,0.014151840435201587,4345926.351221016,-469559.8699535443,0.0,-2.337164748180255e-08
581,3924,92.32607,47.0,-6.25,43200,0.07548524302138891,0.014151858239412611,4331787.087405169,-474407.8424903363,0.0,-7.067401436180386e-08
476,3897,92.32607,46.91667,-6.1666565,86400,0.07548522548754992,0.014151851649819453,4339203.78529813,-468833.52373287774,0.0,1.1615292038792477e-09
56,3789,92.32607,46.66667,-6.1666565,86400,0.07548525136466006,0.01415184969009421,4359343.065935845,-471009.49203812674,0.0,1.1752585886612854e-08
371,3870,92.32607,46.833336,-6.0833282,64800,0.07548529815450415,0.01415183572515102,4346604.66032198,-463238.8677294356,0.0,-4.736613439960993e-08
196,3825,92.32607,46.75,-6.1666565,21600,0.07548531100615524,0.014151842326633897,4352639.653859386,-470285.21531356085,0.0,1.0422642695412809e-08
581,3924,92.32607,47.0,-6.25,86400,0.07548533599412975,0.014151833862736902,4331787.087405169,-474407.8424903363,0.0,4.3649334784381484e-08
126,3807,92.32607,46.66667,-6.0,43200,0.07548527661077563,0.01415185367369404,4360694.650219674,-458327.4764384654,0.0,-3.967736532225181e-10
126,3807,92.32607,46.66667,-6.0,64800,0.0754852500898626,0.014151847165433405,4360694.650219674,-458327.4764384654,0.0,-2.179927988119017e-08
301,3852,92.32607,46.833336,-6.25,64800,0.07548526541801574,0.014151855250012725,4345238.723142079,-475881.0361998027,0.0,-1.840621885949741e-08
266,3843,92.32607,46.75,-6.0,86400,0.07548526143318893,0.01415184849937101,4353989.159796485,-457622.70099545474,0.0,6.197828663141453e-09
511,3906,92.32607,46.91667,-6.0833282,21600,0.07548532215265506,0.014151848432182092,4339881.045145775,-462522.2992525033,0.0,1.033091101017583e-08
616,3933,92.32607,47.0,-6.1666565,86400,0.07548531476596507,0.014151836228779633,4332472.586781167,-468106.2447951276,0.0,-4.1296679826502155e-08
686,3951,92.32607,47.0,-6.0,43200,0.07620997083710099,0.014218751000516925,4333815.840058059,-455502.3996515776,0.0,-3.286722096246269e-08
301,3852,92.32607,46.833336,-6.25,86400,0.07548517720778888,0.014151863118187379,4345238.723142079,-475881.0361998027,0.0,4.7821269912213415e-08
266,3843,92.32607,46.75,-6.0,64800,0.07548524308235917,0.0141518544072092,4353989.159796485,-457622.70099545474,0.0,-2.5689571017302427e-08
651,3942,92.32607,47.0,-6.0833282,64800,0.07548526548960494,0.014151842087217441,4333148.796028124,-461804.81061430223,0.0,5.784455692475152e-08
21,3780,92.32607,46.66667,-6.25,64800,0.07548525219928819,0.014151848549495373,4358653.3150161095,-477350.1729464703,0.0,-1.1837588990139945e-07
196,3825,92.32607,46.75,-6.1666565,43200,0.07548524630748076,0.014151856804278004,4352639.653859386,-470285.21531356085,0.0,-1.4390478152331438e-08
196,3825,92.32607,46.75,-6.1666565,64800,0.07548524413837378,0.014151859528095148,4352639.653859386,-470285.21531356085,0.0,-9.236971458557012e-08
371,3870,92.32607,46.833336,-6.0833282,43200,0.07548525551780993,0.014151852255858032,4346604.66032198,-463238.8677294356,0.0,-2.998656314563178e-08
581,3924,92.32607,47.0,-6.25,21600,0.07548527677322138,0.01415184441232299,4331787.087405169,-474407.8424903363,0.0,-2.664489581521883e-08
231,3834,92.32607,46.75,-6.0833282,43200,0.07548528948597674,0.014151841699065372,4353319.010767862,-463954.4488188505,0.0,9.00220608983205e-09
441,3888,92.32607,46.91667,-6.25,86400,0.07548524354146072,0.014151847613122482,4338517.220887722,-475144.9119816816,0.0,2.8636606366470737e-08
56,3789,92.32607,46.66667,-6.1666565,43200,0.07548531159055506,0.014151847363649894,4359343.065935845,-471009.49203812674,0.0,4.066273871676001e-08
161,3816,92.32607,46.75,-6.25,21600,0.07548534752401927,0.014151830146279128,4351950.96357759,-476616.1460837916,0.0,2.08910373232826e-08
336,3861,92.32607,46.833336,-6.1666565,43200,0.07548524276182048,0.014151859404968072,4345926.351221016,-469559.8699535443,0.0,-8.467273175115022e-08
266,3843,92.32607,46.75,-6.0,21600,0.0754852884326663,0.014151844146890644,4353989.159796485,-457622.70099545474,0.0,2.4466371093070615e-08
231,3834,92.32607,46.75,-6.0833282,64800,0.0754852401886673,0.014151850266343661,4353319.010767862,-463954.4488188505,0.0,-9.23357350316574e-08
616,3933,92.32607,47.0,-6.1666565,21600,0.07548526180716375,0.014151858796926172,4332472.586781167,-468106.2447951276,0.0,2.0890781991873226e-09
126,3807,92.32607,46.66667,-6.0,86400,0.07548524319407293,0.014151854873940514,4360694.650219674,-458327.4764384654,0.0,3.2684878847410976e-09
686,3951,92.32607,47.0,-6.0,64800,0.07620997868655163,0.014218741449783223,4333815.840058059,-455502.3996515776,0.0,2.2557563111402467e-08
196,3825,92.32607,46.75,-6.1666565,86400,0.0754852540773201,0.014151844553281537,4352639.653859386,-470285.21531356085,0.0,3.7610579908457824e-08
21,3780,92.32607,46.66667,-6.25,21600,0.07548528210551222,0.014151841479257495,4358653.3150161095,-477350.1729464703,0.0,3.033360527498971e-08
406,3879,92.32607,46.833336,-6.0,86400,0.07548526133101245,0.014151842680041982,4347273.775744883,-456916.88569019584,0.0,5.723089416189518e-08
301,3852,92.32607,46.833336,-6.25,21600,0.07548539747821226,0.014151818768145445,4345238.723142079,-475881.0361998027,0.0,2.6279606276310913e-08
651,3942,92.32607,47.0,-6.0833282,86400,0.07548527872151255,0.014151849381397229,4333148.796028124,-461804.81061430223,0.0,-1.1512078036267952e-08
371,3870,92.32607,46.833336,-6.0833282,86400,0.07548521980451132,0.014151857165361315,4346604.66032198,-463238.8677294356,0.0,3.340029253437103e-08
231,3834,92.32607,46.75,-6.0833282,21600,0.07548530253314321,0.014151844233942239,4353319.010767862,-463954.4488188505,0.0,-2.7390555657475736e-08
581,3924,92.32607,47.0,-6.25,64800,0.07548515540363089,0.01415187743878914,4331787.087405169,-474407.8424903363,0.0,5.7602560154102446e-08
21,3780,92.32607,46.66667,-6.25,43200,0.07548530812349126,0.014151842927964746,4358653.3150161095,-477350.1729464703,0.0,1.6024170327554767e-08
441,3888,92.32607,46.91667,-6.25,64800,0.07548520386025138,0.014151865729677542,4338517.220887722,-475144.9119816816,0.0,5.14067059887177e-08
21,3780,92.32607,46.66667,-6.25,86400,0.07548522945729917,0.014151857943593452,4358653.3150161095,-477350.1729464703,0.0,1.5787826862186648e-08
56,3789,92.32607,46.66667,-6.1666565,21600,0.07548528778069208,0.01415184251114536,4359343.065935845,-471009.49203812674,0.0,1.1893343073419095e-08
686,3951,92.32607,47.0,-6.0,86400,0.07620998507203734,0.014218752763752413,4333815.840058059,-455502.3996515776,0.0,-2.059909090162059e-09
476,3897,92.32607,46.91667,-6.1666565,43200,0.0754852571651759,0.014151850654243774,4339203.78529813,-468833.52373287774,0.0,-4.2813493014003866e-08
546,3915,92.32607,46.91667,-6.0,21600,0.07548533127047927,0.01415183683528971,4340549.125536747,-456210.0964726406,0.0,-5.005737186640761e-08
406,3879,92.32607,46.833336,-6.0,43200,0.07548528243757632,0.014151840384829039,4347273.775744883,-456916.88569019584,0.0,-4.445487664657924e-08
441,3888,92.32607,46.91667,-6.25,43200,0.07548527165894865,0.014151853845430395,4338517.220887722,-475144.9119816816,0.0,-9.550629524844836e-08
336,3861,92.32607,46.833336,-6.1666565,86400,0.07548522751932718,0.014151851442441188,4345926.351221016,-469559.8699535443,0.0,6.712017316395673e-08
616,3933,92.32607,47.0,-6.1666565,64800,0.07548522258758542,0.014151847175409574,4332472.586781167,-468106.2447951276,0.0,6.827270052097533e-08
301,3852,92.32607,46.833336,-6.25,43200,0.07548529515092416,0.014151849649396047,4345238.723142079,-475881.0361998027,0.0,-9.99026368382041e-08
406,3879,92.32607,46.833336,-6.0,21600,0.07548529275568382,0.01415184837641296,4347273.775744883,-456916.88569019584,0.0,-3.616434594994374e-08
546,3915,92.32607,46.91667,-6.0,86400,0.07548523185147181,0.014151852654430898,4340549.125536747,-456210.0964726406,0.0,6.966213785625486e-08
91,3798,92.32607,46.66667,-6.0833282,43200,0.07548533092221231,0.01415183463834925,4360023.469108121,-464668.9756583009,0.0,2.0291371118113118e-08
161,3816,92.32607,46.75,-6.25,64800,0.07548526634250077,0.014151860863796628,4351950.96357759,-476616.1460837916,0.0,-1.0020773936215866e-07
511,3906,92.32607,46.91667,-6.0833282,86400,0.07548524202304259,0.014151845475027954,4339881.045145775,-462522.2992525033,0.0,1.0385587465012702e-08
337,4041,109.7293,46.833336,-6.1666565,86400,0.0755079176881745,0.014182091975695489,4345926.351221016,-469559.8699535443,0.0,6.55071098733062e-08
407,4059,109.7293,46.833336,-6.0,21600,0.07550798200484284,0.014182088788986011,4347273.775744883,-456916.88569019584,0.0,-3.4869537502782745e-08
197,4005,109.7293,46.75,-6.1666565,86400,0.07550794302414642,0.01418208526483653,4352639.653859386,-470285.21531356085,0.0,3.695795728026666e-08
127,3987,109.7293,46.66667,-6.0,21600,0.07550798068187793,0.014182080218944135,4360694.650219674,-458327.4764384654,0.0,2.6245904599670115e-08
582,4104,109.7293,47.0,-6.25,86400,0.0755080232416339,0.014182074810040638,4331787.087405169,-474407.8424903363,0.0,4.359488369852154e-08
442,4068,109.7293,46.91667,-6.25,64800,0.0755078934167279,0.01418210614516192,4338517.220887722,-475144.9119816816,0.0,4.9639563952456054e-08
687,4131,109.7293,47.0,-6.0,43200,0.07620723715416143,0.014211348534869538,4333815.840058059,-455502.3996515776,0.0,-3.194553872194181e-08
652,4122,109.7293,47.0,-6.0833282,43200,0.07550795234389598,0.014182089292062319,4333148.796028124,-461804.81061430223,0.0,-4.086455596552596e-08
162,3996,109.7293,46.75,-6.25,21600,0.07550803525659525,0.01418207108146782,4351950.96357759,-476616.1460837916,0.0,2.0665567260536114e-08
372,4050,109.7293,46.833336,-6.0833282,86400,0.07550791044345262,0.014182097474634357,4346604.66032198,-463238.8677294356,0.0,3.296256917904403e-08
477,4077,109.7293,46.91667,-6.1666565,64800,0.07550794734675305,0.01418208790506025,4339203.78529813,-468833.52373287774,0.0,7.923211439437605e-08
547,4095,109.7293,46.91667,-6.0,21600,0.07550801907541836,0.01418207760859366,4340549.125536747,-456210.0964726406,0.0,-4.805933589023965e-08
617,4113,109.7293,47.0,-6.1666565,64800,0.0755079130777995,0.014182087677038626,4332472.586781167,-468106.2447951276,0.0,6.71564845965563e-08
302,4032,109.7293,46.833336,-6.25,43200,0.07550798341591315,0.014182090243542868,4345238.723142079,-475881.0361998027,0.0,-9.711996946906771e-08
92,3978,109.7293,46.66667,-6.0833282,43200,0.07550801951818933,0.01418207534423972,4360023.469108121,-464668.9756583009,0.0,1.9485777028654726e-08
407,4059,109.7293,46.833336,-6.0,43200,0.07550797122635733,0.014182081279295081,4347273.775744883,-456916.88569019584,0.0,-4.244941964258716e-08
617,4113,109.7293,47.0,-6.1666565,86400,0.075508003357984,0.014182077008794808,4332472.586781167,-468106.2447951276,0.0,-3.963104893557752e-08
582,4104,109.7293,47.0,-6.25,21600,0.07550796740789917,0.014182084698072039,4331787.087405169,-474407.8424903363,0.0,-2.6606512314943752e-08
652,4122,109.7293,47.0,-6.0833282,64800,0.07550795475215538,0.014182082838666543,4333148.796028124,-461804.81061430223,0.0,5.6482712988557705e-08
372,4050,109.7293,46.833336,-6.0833282,43200,0.07550794537089198,0.014182092641450969,4346604.66032198,-463238.8677294356,0.0,-2.8830605908926864e-08
442,4068,109.7293,46.91667,-6.25,86400,0.07550793295279398,0.014182088328215088,4338517.220887722,-475144.9119816816,0.0,2.90566604946076e-08
22,3960,109.7293,46.66667,-6.25,21600,0.07550797152807322,0.014182082033456462,4358653.3150161095,-477350.1729464703,0.0,3.0135472798722314e-08
617,4113,109.7293,47.0,-6.1666565,21600,0.07550795143275238,0.014182099135856295,4332472.586781167,-468106.2447951276,0.0,1.0310962105767086e-09
337,4041,109.7293,46.833336,-6.1666565,43200,0.07550793288457533,0.014182099547525527,4345926.351221016,-469559.8699535443,0.0,-8.159396795863852e-08
687,4131,109.7293,47.0,-6.0,64800,0.07620724640634899,0.014211338967911932,4333815.840058059,-455502.3996515776,0.0,2.2680527109612606e-08
57,3969,109.7293,46.66667,-6.1666565,43200,0.07550800047591187,0.014182087855786287,4359343.065935845,-471009.49203812674,0.0,3.902296555997169e-08
442,4068,109.7293,46.91667,-6.25,43200,0.07550796086877534,0.014182094247940605,4338517.220887722,-475144.9119816816,0.0,-9.42937320255913e-08
477,4077,109.7293,46.91667,-6.1666565,43200,0.07550794653084458,0.014182091161379182,4339203.78529813,-468833.52373287774,0.0,-4.226115142640954e-08
22,3960,109.7293,46.66667,-6.25,86400,0.07550791907515711,0.0141820984003765,4358653.3150161095,-477350.1729464703,0.0,1.4925135535215112e-08
57,3969,109.7293,46.66667,-6.1666565,21600,0.07550797659587781,0.014182083180375475,4359343.065935845,-471009.49203812674,0.0,1.1055885032446454e-08
57,3969,109.7293,46.66667,-6.1666565,86400,0.07550794091618768,0.014182090185719445,4359343.065935845,-471009.49203812674,0.0,1.1210957840713515e-08
652,4122,109.7293,47.0,-6.0833282,21600,0.07550796838510014,0.014182087848635458,4333148.796028124,-461804.81061430223,0.0,1.5025235467431694e-08
617,4113,109.7293,47.0,-6.1666565,43200,0.07550791967944633,0.014182099070317016,4332472.586781167,-468106.2447951276,0.0,-1.2084659847122093e-08
127,3987,109.7293,46.66667,-6.0,43200,0.07550796640102381,0.014182093965469317,4360694.650219674,-458327.4764384654,0.0,-6.873874657665262e-10
477,4077,109.7293,46.91667,-6.1666565,86400,0.0755079171184739,0.01418209186366412,4339203.78529813,-468833.52373287774,0.0,1.3092598458086728e-09
232,4014,109.7293,46.75,-6.0833282,86400,0.07550793364171678,0.014182093776793922,4353319.010767862,-463954.4488188505,0.0,4.737595766379424e-08
512,4086,109.7293,46.91667,-6.0833282,64800,0.07550797149191711,0.01418208742334286,4339881.045145775,-462522.2992525033,0.0,2.2057329360703805e-08
442,4068,109.7293,46.91667,-6.25,21600,0.07550804913515975,0.014182069933272238,4338517.220887722,-475144.9119816816,0.0,3.295926655477851e-08
582,4104,109.7293,47.0,-6.25,43200,0.07550793251537319,0.01418209862075186,4331787.087405169,-474407.8424903363,0.0,-7.014792269936077e-08
477,4077,109.7293,46.91667,-6.1666565,21600,0.07550803534686351,0.014182082431209853,4339203.78529813,-468833.52373287774,0.0,-5.921245586917993e-09
547,4095,109.7293,46.91667,-6.0,43200,0.07550795488115374,0.014182089266266944,4340549.125536747,-456210.0964726406,0.0,-1.6464215024042296e-08
547,4095,109.7293,46.91667,-6.0,64800,0.07550794079030822,0.014182095164541999,4340549.125536747,-456210.0964726406,0.0,-1.517802530586518e-09
512,4086,109.7293,46.91667,-6.0833282,43200,0.07550794055170337,0.014182092068615799,4339881.045145775,-462522.2992525033,0.0,-3.596798437225964e-08
512,4086,109.7293,46.91667,-6.0833282,21600,0.07550801019339429,0.014182088827808328,4339881.045145775,-462522.2992525033,0.0,9.951093333223743e-09
267,4023,109.7293,46.75,-6.0,86400,0.07550795059793064,0.014182089153458343,4353989.159796485,-457622.70099545474,0.0,6.514388291118547e-09
582,4104,109.7293,47.0,-6.25,64800,0.07550784647289406,0.014182117386357568,4331787.087405169,-474407.8424903363,0.0,5.5998484698798196e-08
92,3978,109.7293,46.66667,-6.0833282,21600,0.07550792084573285,0.014182103861626973,4360023.469108121,-464668.9756583009,0.0,1.2311634678022846e-08
267,4023,109.7293,46.75,-6.0,43200,0.07550795369531332,0.014182091279133807,4353989.159796485,-457622.70099545474,0.0,-3.388599317267744e-08
302,4032,109.7293,46.833336,-6.25,86400,0.07550786849621662,0.014182103289649516,4345238.723142079,-475881.0361998027,0.0,4.7775085289007655e-08
92,3978,109.7293,46.66667,-6.0833282,64800,0.07550789800390588,0.014182100873402078,4360023.469108121,-464668.9756583009,0.0,-3.702780839273408e-08
197,4005,109.7293,46.75,-6.1666565,64800,0.07550793398244507,0.014182099783698339,4352639.653859386,-470285.21531356085,0.0,-8.964146650606363e-08
57,3969,109.7293,46.66667,-6.1666565,64800,0.07550790229671395,0.014182099086642464,4359343.065935845,-471009.49203812674,0.0,-4.7308726960449205e-08
197,4005,109.7293,46.75,-6.1666565,43200,0.07550793666876586,0.014182097047465723,4352639.653859386,-470285.21531356085,0.0,-1.3945673309686685e-08
267,4023,109.7293,46.75,-6.0,64800,0.07550793324347019,0.014182094813433941,4353989.159796485,-457622.70099545474,0.0,-2.5436600494216652e-08
372,4050,109.7293,46.833336,-6.0833282,64800,0.07550798587758273,0.014182076733910549,4346604.66032198,-463238.8677294356,0.0,-4.600465967292774e-08
512,4086,109.7293,46.91667,-6.0833282,86400,0.0755079322670319,0.014182086148677385,4339881.045145775,-462522.2992525033,0.0,1.0768808879107405e-08
302,4032,109.7293,46.833336,-6.25,21600,0.07550808345007215,0.01418206002788372,4345238.723142079,-475881.0361998027,0.0,2.5708960829311793e-08
547,4095,109.7293,46.91667,-6.0,86400,0.07550792307044861,0.014182092917830725,4340549.125536747,-456210.0964726406,0.0,6.755055890403062e-08
162,3996,109.7293,46.75,-6.25,86400,0.07550787833986969,0.014182101988079749,4351950.96357759,-476616.1460837916,0.0,5.028406933971876e-08
92,3978,109.7293,46.66667,-6.0833282,86400,0.0755079636511442,0.014182083074332618,4360023.469108121,-464668.9756583009,0.0,-2.834024034931448e-09
232,4014,109.7293,46.75,-6.0833282,21600,0.07550799049567994,0.014182085019658845,4353319.010767862,-463954.4488188505,0.0,-2.5850971657241542e-08
162,3996,109.7293,46.75,-6.25,64800,0.07550795524843275,0.01418210112912511,4351950.96357759,-476616.1460837916,0.0,-9.747002580228992e-08
407,4059,109.7293,46.833336,-6.0,86400,0.07550795111690821,0.014182083306363594,4347273.775744883,-456916.88569019584,0.0,5.634808356774791e-08
197,4005,109.7293,46.75,-6.1666565,21600,0.0755079999289896,0.014182082882350386,4352639.653859386,-470285.21531356085,0.0,9.956841441025728e-09
337,4041,109.7293,46.833336,-6.1666565,64800,0.07550799649228877,0.014182076813616199,4345926.351221016,-469559.8699535443,0.0,-9.373135411161599e-09
302,4032,109.7293,46.833336,-6.25,64800,0.07550795353092844,0.014182095953095894,4345238.723142079,-475881.0361998027,0.0,-1.8845171210437328e-08
337,4041,109.7293,46.833336,-6.1666565,21600,0.07550802940990395,0.014182081108218912,4345926.351221016,-469559.8699535443,0.0,-2.223010641787649e-08
687,4131,109.7293,47.0,-6.0,21600,0.07620731580316965,0.01421132743928973,4333815.840058059,-455502.3996515776,0.0,1.2235613889714306e-08
162,3996,109.7293,46.75,-6.25,43200,0.07550798403294391,0.0141820863916672,4351950.96357759,-476616.1460837916,0.0,-5.48028737397115e-08
372,4050,109.7293,46.833336,-6.0833282,21600,0.07550803230220786,0.014182078710121027,4346604.66032198,-463238.8677294356,0.0,-7.301270349901783e-10
22,3960,109.7293,46.66667,-6.25,43200,0.0755079971077211,0.0141820835464821,4358653.3150161095,-477350.1729464703,0.0,1.5355391947114823e-08
127,3987,109.7293,46.66667,-6.0,64800,0.07550793995274885,0.01418208784962367,4360694.650219674,-458327.4764384654,0.0,-2.2098816556611365e-08
22,3960,109.7293,46.66667,-6.25,64800,0.07550794280396149,0.01418208907861393,4358653.3150161095,-477350.1729464703,0.0,-1.1522759493809209e-07
127,3987,109.7293,46.66667,-6.0,86400,0.0755079327573966,0.01418209530240175,4360694.650219674,-458327.4764384654,0.0,2.745610663490244e-09
652,4122,109.7293,47.0,-6.0833282,86400,0.07550796772976259,0.014182089907845743,4333148.796028124,-461804.81061430223,0.0,-1.1098190471052585e-08
407,4059,109.7293,46.833336,-6.0,64800,0.07550793605712322,0.014182102044319347,4347273.775744883,-456916.88569019584,0.0,-2.5254428001496786e-08
687,4131,109.7293,47.0,-6.0,86400,0.07620725186066157,0.014211350129544643,4333815.840058059,-455502.3996515776,0.0,-1.3465323563866615e-09
232,4014,109.7293,46.75,-6.0833282,43200,0.07550797883978771,0.014182082413297473,4353319.010767862,-463954.4488188505,0.0,8.97973278641147e-09
232,4014,109.7293,46.75,-6.0833282,64800,0.07550793073384932,0.014182090655383114,4353319.010767862,-463954.4488188505,0.0,-8.929929652827068e-08
267,4023,109.7293,46.75,-6.0,21600,0.07550797696167805,0.014182084834650447,4353989.159796485,-457622.70099545474,0.0,2.3724022980614184e-08
233,4194,130.666,46.75,-6.0833282,21600,0.07553554579641689,0.01421638883337088,4353319.010767862,-463954.4488188505,0.0,-2.4268581527779065e-08
583,4284,130.666,47.0,-6.25,64800,0.07553540569200434,0.014216420160530903,4331787.087405169,-474407.8424903363,0.0,5.4399413099109345e-08
618,4293,130.666,47.0,-6.1666565,64800,0.0755354708786013,0.014216391229124865,4332472.586781167,-468106.2447951276,0.0,6.578007124664286e-08
128,4167,130.666,46.66667,-6.0,43200,0.07553552338134505,0.014216397313072447,4360694.650219674,-458327.4764384654,0.0,-8.726449802700526e-10
338,4221,130.666,46.833336,-6.1666565,86400,0.07553547528111679,0.014216395536801242,4345926.351221016,-469559.8699535443,0.0,6.372404625322359e-08
548,4275,130.666,46.91667,-6.0,86400,0.07553548163002956,0.014216396259308968,4340549.125536747,-456210.0964726406,0.0,6.519066210818667e-08
338,4221,130.666,46.833336,-6.1666565,43200,0.07553549025437696,0.014216402725323667,4345926.351221016,-469559.8699535443,0.0,-7.830836856405156e-08
548,4275,130.666,46.91667,-6.0,43200,0.07553551064268135,0.014216393014175151,4340549.125536747,-456210.0964726406,0.0,-1.6482967578585507e-08
93,4158,130.666,46.66667,-6.0833282,43200,0.07553557491601054,0.014216379197139558,4360023.469108121,-464668.9756583009,0.0,1.8712340627584748e-08
618,4293,130.666,47.0,-6.1666565,43200,0.07553547721412279,0.014216402355037178,4332472.586781167,-468106.2447951276,0.0,-1.231602556227619e-08
128,4167,130.666,46.66667,-6.0,86400,0.07553548973909519,0.01421639874588569,4360694.650219674,-458327.4764384654,0.0,2.7096300661426988e-09
163,4176,130.666,46.75,-6.25,64800,0.07553551148386979,0.014216404364737362,4351950.96357759,-476616.1460837916,0.0,-9.431129034306832e-08
408,4239,130.666,46.833336,-6.0,43200,0.07553552733720632,0.014216385232009137,4347273.775744883,-456916.88569019584,0.0,-4.085949769570538e-08
653,4302,130.666,47.0,-6.0833282,21600,0.0755355248267806,0.0142163914019089,4333148.796028124,-461804.81061430223,0.0,1.3801360222624614e-08
93,4158,130.666,46.66667,-6.0833282,64800,0.07553545766099412,0.014216403881560653,4360023.469108121,-464668.9756583009,0.0,-3.6245392134947917e-08
163,4176,130.666,46.75,-6.25,43200,0.07553554042340647,0.014216389943392135,4351950.96357759,-476616.1460837916,0.0,-5.224697431555262e-08
58,4149,130.666,46.66667,-6.1666565,86400,0.0755354975145013,0.014216393794176921,4359343.065935845,-471009.49203812674,0.0,1.0866741703105457e-08
478,4257,130.666,46.91667,-6.1666565,86400,0.07553547600258945,0.014216395112980689,4339203.78529813,-468833.52373287774,0.0,2.115749091106967e-09
303,4212,130.666,46.833336,-6.25,43200,0.07553553859053555,0.014216393940159701,4345238.723142079,-475881.0361998027,0.0,-9.448715092517918e-08
688,4311,130.666,47.0,-6.0,64800,0.07620415508058918,0.014202026315838012,4333815.840058059,-455502.3996515776,0.0,2.2872034748309304e-08
163,4176,130.666,46.75,-6.25,86400,0.07553543704623361,0.014216405123862122,4351950.96357759,-476616.1460837916,0.0,4.884163687718328e-08
303,4212,130.666,46.833336,-6.25,64800,0.07553550879052784,0.014216399699712704,4345238.723142079,-475881.0361998027,0.0,-1.8861581628212486e-08
478,4257,130.666,46.91667,-6.1666565,43200,0.07553550287745792,0.014216394795105601,4339203.78529813,-468833.52373287774,0.0,-4.154642238110637e-08
338,4221,130.666,46.833336,-6.1666565,21600,0.07553558366935335,0.014216384917640032,4345926.351221016,-469559.8699535443,0.0,-2.0952260150912507e-08
338,4221,130.666,46.833336,-6.1666565,64800,0.07553555061641241,0.014216381008108696,4345926.351221016,-469559.8699535443,0.0,-9.5026520718627e-09
478,4257,130.666,46.91667,-6.1666565,21600,0.07553558843903478,0.014216386514021588,4339203.78529813,-468833.52373287774,0.0,-5.796646040801635e-09
163,4176,130.666,46.75,-6.25,21600,0.07553558963698868,0.01421637520198946,4351950.96357759,-476616.1460837916,0.0,2.063511658011869e-08
303,4212,130.666,46.833336,-6.25,21600,0.07553563574393408,0.014216364540506572,4345238.723142079,-475881.0361998027,0.0,2.510533410585239e-08
583,4284,130.666,47.0,-6.25,43200,0.07553548943479595,0.01421640201757121,4331787.087405169,-474407.8424903363,0.0,-6.931756371428395e-08
688,4311,130.666,47.0,-6.0,21600,0.07620422155714437,0.014202015245747086,4333815.840058059,-455502.3996515776,0.0,1.1152482873677514e-08
58,4149,130.666,46.66667,-6.1666565,21600,0.07553553240123106,0.014216386962313518,4359343.065935845,-471009.49203812674,0.0,1.0666160236471416e-08
443,4248,130.666,46.91667,-6.25,43200,0.07553551707505222,0.014216397747784965,4338517.220887722,-475144.9119816816,0.0,-9.288777629515365e-08
513,4266,130.666,46.91667,-6.0833282,64800,0.07553552675959677,0.014216391139511567,4339881.045145775,-462522.2992525033,0.0,2.144490332282602e-08
233,4194,130.666,46.75,-6.0833282,43200,0.07553553527144749,0.014216386207762187,4353319.010767862,-463954.4488188505,0.0,9.069558627707807e-09
58,4149,130.666,46.66667,-6.1666565,43200,0.07553555612747066,0.014216391457887341,4359343.065935845,-471009.49203812674,0.0,3.7223734898552136e-08
548,4275,130.666,46.91667,-6.0,21600,0.07553557385040192,0.014216381460002018,4340549.125536747,-456210.0964726406,0.0,-4.590933297941275e-08
233,4194,130.666,46.75,-6.0833282,86400,0.07553549096347527,0.014216397125578446,4353319.010767862,-463954.4488188505,0.0,4.565085816890454e-08
93,4158,130.666,46.66667,-6.0833282,86400,0.07553551954196039,0.0142163869467622,4360023.469108121,-464668.9756583009,0.0,-3.395412993604956e-09
198,4185,130.666,46.75,-6.1666565,86400,0.07553549936082676,0.014216389016898662,4352639.653859386,-470285.21531356085,0.0,3.631213416422555e-08
408,4239,130.666,46.833336,-6.0,86400,0.07553550804899684,0.014216387056456373,4347273.775744883,-456916.88569019584,0.0,5.459730183709724e-08
198,4185,130.666,46.75,-6.1666565,21600,0.07553555565748758,0.014216386591782464,4352639.653859386,-470285.21531356085,0.0,9.317238806065254e-09
93,4158,130.666,46.66667,-6.0833282,21600,0.07553547917656094,0.014216406778643583,4360023.469108121,-464668.9756583009,0.0,1.2784886194459291e-08
478,4257,130.666,46.91667,-6.1666565,64800,0.07553550333691265,0.014216391616759342,4339203.78529813,-468833.52373287774,0.0,7.626661097093092e-08
23,4140,130.666,46.66667,-6.25,64800,0.07553550063682973,0.014216392660316933,4358653.3150161095,-477350.1729464703,0.0,-1.1151620448274516e-07
198,4185,130.666,46.75,-6.1666565,64800,0.07553549121566067,0.014216403049925951,4352639.653859386,-470285.21531356085,0.0,-8.655131977031099e-08
653,4302,130.666,47.0,-6.0833282,43200,0.07553550837821736,0.014216392997614785,4333148.796028124,-461804.81061430223,0.0,-4.017542820214725e-08
618,4293,130.666,47.0,-6.1666565,86400,0.07553555913341317,0.014216380838775227,4332472.586781167,-468106.2447951276,0.0,-3.7526376271886004e-08
268,4203,130.666,46.75,-6.0,43200,0.07553551139911097,0.014216394653428138,4353989.159796485,-457622.70099545474,0.0,-3.3131913200591574e-08
373,4230,130.666,46.833336,-6.0833282,21600,0.07553558602882071,0.014216382792825034,4346604.66032198,-463238.8677294356,0.0,-7.22746030682328e-10
23,4140,130.666,46.66667,-6.25,21600,0.07553552781999004,0.014216385754924246,4358653.3150161095,-477350.1729464703,0.0,2.9897831615914624e-08
408,4239,130.666,46.833336,-6.0,64800,0.07553549260805116,0.014216405278250705,4347273.775744883,-456916.88569019584,0.0,-2.4146739048321258e-08
23,4140,130.666,46.66667,-6.25,86400,0.07553547592483646,0.01421640190940672,4358653.3150161095,-477350.1729464703,0.0,1.4137417106508934e-08
443,4248,130.666,46.91667,-6.25,64800,0.07553545042849566,0.014216409565397796,4338517.220887722,-475144.9119816816,0.0,4.768333085727341e-08
23,4140,130.666,46.66667,-6.25,43200,0.07553555348605269,0.014216387152600745,4358653.3150161095,-477350.1729464703,0.0,1.5172434252544165e-08
653,4302,130.666,47.0,-6.0833282,86400,0.07553552397075525,0.01421639350021908,4333148.796028124,-461804.81061430223,0.0,-1.0498491930482532e-08
373,4230,130.666,46.833336,-6.0833282,86400,0.07553546855654371,0.014216400790144622,4346604.66032198,-463238.8677294356,0.0,3.24698667471808e-08
618,4293,130.666,47.0,-6.1666565,21600,0.0755355080472395,0.014216402532693068,4332472.586781167,-468106.2447951276,0.0,-2.1709250108679676e-11
303,4212,130.666,46.833336,-6.25,86400,0.07553542770786166,0.014216406390125568,4345238.723142079,-475881.0361998027,0.0,4.7667668230413417e-08
408,4239,130.666,46.833336,-6.0,21600,0.07553553830516042,0.0142163922833819,4347273.775744883,-456916.88569019584,0.0,-3.307377769740184e-08
128,4167,130.666,46.66667,-6.0,64800,0.07553549727039598,0.014216391575512997,4360694.650219674,-458327.4764384654,0.0,-2.2253247985700562e-08
513,4266,130.666,46.91667,-6.0833282,43200,0.07553549717156444,0.014216395613329803,4339881.045145775,-462522.2992525033,0.0,-3.53457852895577e-08
268,4203,130.666,46.75,-6.0,21600,0.07553553293762688,0.014216388555515472,4353989.159796485,-457622.70099545474,0.0,2.2973174901279325e-08
513,4266,130.666,46.91667,-6.0833282,21600,0.07553556503594583,0.01421639235778449,4339881.045145775,-462522.2992525033,0.0,9.409667293664559e-09
58,4149,130.666,46.66667,-6.1666565,64800,0.07553546175907462,0.01421640220597701,4359343.065935845,-471009.49203812674,0.0,-4.6173409687797014e-08
653,4302,130.666,47.0,-6.0833282,64800,0.07553551084812286,0.01421638678183111,4333148.796028124,-461804.81061430223,0.0,5.4908181456725485e-08
268,4203,130.666,46.75,-6.0,86400,0.07553550677367966,0.014216392878071329,4353989.159796485,-457622.70099545474,0.0,6.830939150825554e-09
513,4266,130.666,46.91667,-6.0833282,86400,0.07553548969722726,0.014216389935253437,4339881.045145775,-462522.2992525033,0.0,1.1091046673772721e-08
583,4284,130.666,47.0,-6.25,21600,0.07553552512111406,0.014216388078510467,4331787.087405169,-474407.8424903363,0.0,-2.6655032925571913e-08
443,4248,130.666,46.91667,-6.25,21600,0.07553560308576802,0.014216373947413478,4338517.220887722,-475144.9119816816,0.0,3.0951545976779696e-08
233,4194,130.666,46.75,-6.0833282,64800,0.07553548853171187,0.01421639410249616,4353319.010767862,-463954.4488188505,0.0,-8.608851225092877e-08
688,4311,130.666,47.0,-6.0,86400,0.07620416011910588,0.014202037184537105,4333815.840058059,-455502.3996515776,0.0,-8.148280749012093e-10
583,4284,130.666,47.0,-6.25,86400,0.07553557757625615,0.014216378845339925,4331787.087405169,-474407.8424903363,0.0,4.32170762974891e-08
443,4248,130.666,46.91667,-6.25,86400,0.07553548974249967,0.014216392116032497,4338517.220887722,-475144.9119816816,0.0,2.968748815399724e-08
373,4230,130.666,46.833336,-6.0833282,64800,0.07553554056483829,0.014216380888275301,4346604.66032198,-463238.8677294356,0.0,-4.417614239076035e-08
688,4311,130.666,47.0,-6.0,43200,0.07620414479928594,0.014202035785364109,4333815.840058059,-455502.3996515776,0.0,-3.128349635973411e-08
548,4275,130.666,46.91667,-6.0,64800,0.07553549755648452,0.014216398631802263,4340549.125536747,-456210.0964726406,0.0,-1.2550777133509632e-09
373,4230,130.666,46.833336,-6.0833282,43200,0.07553550220857752,0.014216396138785704,4346604.66032198,-463238.8677294356,0.0,-2.764360957171213e-08
128,4167,130.666,46.66667,-6.0,21600,0.07553553662542131,0.01421638399874832,4360694.650219674,-458327.4764384654,0.0,2.5546656887409138e-08
198,4185,130.666,46.75,-6.1666565,43200,0.07553549477648597,0.014216400233788935,4352639.653859386,-470285.21531356085,0.0,-1.3137357913613509e-08
268,4203,130.666,46.75,-6.0,64800,0.0755354904391859,0.014216398298382735,4353989.159796485,-457622.70099545474,0.0,-2.4957631387831918e-08
59,4329,155.8507,46.66667,-6.1666565,43200,0.07556896012283126,0.014254746511038457,4359343.065935845,-471009.49203812674,0.0,3.517737157454286e-08
584,4464,155.8507,47.0,-6.25,64800,0.0755688141103516,0.0142547742093823,4331787.087405169,-474407.8424903363,0.0,5.261042137836863e-08
304,4392,155.8507,46.833336,-6.25,64800,0.07556891251501097,0.01425475487698385,4345238.723142079,-475881.0361998027,0.0,-1.8732852050476264e-08
479,4437,155.8507,46.91667,-6.1666565,43200,0.0755689077626839,0.014254749874125488,4339203.78529813,-468833.52373287774,0.0,-4.0664387498184413e-08
514,4446,155.8507,46.91667,-6.0833282,21600,0.07556896816746275,0.014254747332986225,4339881.045145775,-462522.2992525033,0.0,8.755114421861847e-09
374,4410,155.8507,46.833336,-6.0833282,86400,0.07556887549028085,0.014254755494143952,4346604.66032198,-463238.8677294356,0.0,3.186994308749243e-08
129,4347,155.8507,46.66667,-6.0,64800,0.07556890331885602,0.014254746741230135,4360694.650219674,-458327.4764384654,0.0,-2.2311549046411556e-08
59,4329,155.8507,46.66667,-6.1666565,21600,0.07556893666143641,0.014254742209619312,4359343.065935845,-471009.49203812674,0.0,1.037630534213608e-08
269,4383,155.8507,46.75,-6.0,86400,0.07556891146301745,0.014254748045054739,4353989.159796485,-457622.70099545474,0.0,7.155485351982989e-09
549,4455,155.8507,46.91667,-6.0,86400,0.07556888897834267,0.014254751017214077,4340549.125536747,-456210.0964726406,0.0,6.25086098139743e-08
129,4347,155.8507,46.66667,-6.0,86400,0.07556889540797516,0.014254753594999399,4360694.650219674,-458327.4764384654,0.0,2.7905792680720037e-09
339,4401,155.8507,46.833336,-6.1666565,43200,0.0755688963185587,0.014254757287007942,4345926.351221016,-469559.8699535443,0.0,-7.461367205478998e-08
269,4383,155.8507,46.75,-6.0,21600,0.07556893752550298,0.01425474370771968,4353989.159796485,-457622.70099545474,0.0,2.2132413420567057e-08
304,4392,155.8507,46.833336,-6.25,86400,0.07556883599866075,0.014254760837033451,4345238.723142079,-475881.0361998027,0.0,4.744263973747793e-08
619,4473,155.8507,47.0,-6.1666565,21600,0.0755689132201506,0.01425475732853411,4332472.586781167,-468106.2447951276,0.0,-1.1840490875230173e-09
199,4365,155.8507,46.75,-6.1666565,64800,0.07556889716558023,0.014254757694251137,4352639.653859386,-470285.21531356085,0.0,-8.298621324462783e-08
24,4320,155.8507,46.66667,-6.25,21600,0.07556893256273786,0.014254740955486338,4358653.3150161095,-477350.1729464703,0.0,2.9609078615452494e-08
619,4473,155.8507,47.0,-6.1666565,86400,0.07556896333305534,0.01425473613797948,4332472.586781167,-468106.2447951276,0.0,-3.508132922658166e-08
654,4482,155.8507,47.0,-6.0833282,64800,0.07556891542032816,0.01425474222477512,4333148.796028124,-461804.81061430223,0.0,5.305368289482093e-08
374,4410,155.8507,46.833336,-6.0833282,43200,0.07556890759743172,0.014254751072655824,4346604.66032198,-463238.8677294356,0.0,-2.632459506004616e-08
444,4428,155.8507,46.91667,-6.25,86400,0.07556889524302633,0.014254747345683355,4338517.220887722,-475144.9119816816,0.0,3.03578571599555e-08
584,4464,155.8507,47.0,-6.25,21600,0.0755689314457022,0.014254742894028748,4331787.087405169,-474407.8424903363,0.0,-2.6730621329666905e-08
269,4383,155.8507,46.75,-6.0,64800,0.07556889626401496,0.014254753204220231,4353989.159796485,-457622.70099545474,0.0,-2.4320342938671677e-08
24,4320,155.8507,46.66667,-6.25,86400,0.075568881429914,0.014254756830229807,4358653.3150161095,-477350.1729464703,0.0,1.3286125699011603e-08
654,4482,155.8507,47.0,-6.0833282,86400,0.0755689287510676,0.014254748527964881,4333148.796028124,-461804.81061430223,0.0,-9.757097298916692e-09
164,4356,155.8507,46.75,-6.25,64800,0.07556891629843096,0.014254758969553064,4351950.96357759,-476616.1460837916,0.0,-9.067705142619055e-08
409,4419,155.8507,46.833336,-6.0,43200,0.07556893200456041,0.014254740653912839,4347273.775744883,-456916.88569019584,0.0,-3.91916937886369e-08
304,4392,155.8507,46.833336,-6.25,43200,0.07556894216685228,0.014254749081936236,4345238.723142079,-475881.0361998027,0.0,-9.154456696811423e-08
619,4473,155.8507,47.0,-6.1666565,64800,0.07556887747166086,0.01425474620711023,4332472.586781167,-468106.2447951276,0.0,6.414334823963651e-08
234,4374,155.8507,46.75,-6.0833282,21600,0.07556894959340917,0.014254744092226925,4353319.010767862,-463954.4488188505,0.0,-2.251941870566048e-08
549,4455,155.8507,46.91667,-6.0,21600,0.07556897690812021,0.014254736790340849,4340549.125536747,-456210.0964726406,0.0,-4.351051076282116e-08
94,4338,155.8507,46.66667,-6.0833282,43200,0.07556897861707132,0.014254734545677782,4360023.469108121,-464668.9756583009,0.0,1.784959196160611e-08
444,4428,155.8507,46.91667,-6.25,43200,0.07556892175651438,0.014254752681185453,4338517.220887722,-475144.9119816816,0.0,-9.117800613934705e-08
409,4419,155.8507,46.833336,-6.0,86400,0.07556891354032522,0.014254742283353132,4347273.775744883,-456916.88569019584,0.0,5.240980209888652e-08
304,4392,155.8507,46.833336,-6.25,21600,0.07556903595164108,0.014254720634210747,4345238.723142079,-475881.0361998027,0.0,2.4397787112309458e-08
689,4491,155.8507,47.0,-6.0,86400,0.07620075767364229,0.014190234585287963,4333815.840058059,-455502.3996515776,0.0,-2.648472378608534e-10
689,4491,155.8507,47.0,-6.0,64800,0.07620075289992774,0.014190224090804707,4333815.840058059,-455502.3996515776,0.0,2.3016707255038884e-08
199,4365,155.8507,46.75,-6.1666565,43200,0.07556890174520478,0.014254754786083226,4352639.653859386,-470285.21531356085,0.0,-1.2214748694465073e-08
409,4419,155.8507,46.833336,-6.0,64800,0.07556889771944422,0.014254759895364661,4347273.775744883,-456916.88569019584,0.0,-2.295257725603381e-08
269,4383,155.8507,46.75,-6.0,43200,0.07556891776907336,0.014254749451500579,4353989.159796485,-457622.70099545474,0.0,-3.222767746793408e-08
514,4446,155.8507,46.91667,-6.0833282,43200,0.07556890235529541,0.0142547505829984,4339881.045145775,-462522.2992525033,0.0,-3.465402239505338e-08
94,4338,155.8507,46.66667,-6.0833282,86400,0.07556892398126312,0.014254742290027465,4360023.469108121,-464668.9756583009,0.0,-4.060164981316013e-09
234,4374,155.8507,46.75,-6.0833282,64800,0.07556889504721544,0.014254748968473301,4353319.010767862,-463954.4488188505,0.0,-8.247002392905184e-08
479,4437,155.8507,46.91667,-6.1666565,21600,0.07556898966662136,0.014254742088272236,4339203.78529813,-468833.52373287774,0.0,-5.694522734848233e-09
339,4401,155.8507,46.833336,-6.1666565,21600,0.0755689861396628,0.014254740201959633,4345926.351221016,-469559.8699535443,0.0,-1.9528840131356653e-08
374,4410,155.8507,46.833336,-6.0833282,21600,0.07556898797787494,0.01425473836088049,4346604.66032198,-463238.8677294356,0.0,-6.097904715429543e-10
374,4410,155.8507,46.833336,-6.0833282,64800,0.07556894361250717,0.014254736550444552,4346604.66032198,-463238.8677294356,0.0,-4.2028524136609056e-08
94,4338,155.8507,46.66667,-6.0833282,21600,0.07556888624080231,0.014254761057190849,4360023.469108121,-464668.9756583009,0.0,1.3182869658499107e-08
24,4320,155.8507,46.66667,-6.25,43200,0.0755689584301544,0.014254742180705438,4358653.3150161095,-477350.1729464703,0.0,1.5053181333128275e-08
479,4437,155.8507,46.91667,-6.1666565,86400,0.07556888371056061,0.01425474976087063,4339203.78529813,-468833.52373287774,0.0,3.117662215699625e-09
339,4401,155.8507,46.833336,-6.1666565,64800,0.07556895293292264,0.01425473673467328,4345926.351221016,-469559.8699535443,0.0,-9.618554575864776e-09
444,4428,155.8507,46.91667,-6.25,64800,0.07556885622758285,0.014254764364718007,4338517.220887722,-475144.9119816816,0.0,4.544494632372298e-08
59,4329,155.8507,46.66667,-6.1666565,86400,0.07556890268470189,0.014254748846505785,4359343.065935845,-471009.49203812674,0.0,1.0536590423477994e-08
129,4347,155.8507,46.66667,-6.0,21600,0.07556894104457158,0.01425473925686544,4360694.650219674,-458327.4764384654,0.0,2.465101940290756e-08
584,4464,155.8507,47.0,-6.25,43200,0.07556889506759763,0.014254756804003081,4331787.087405169,-474407.8424903363,0.0,-6.822614636340575e-08
164,4356,155.8507,46.75,-6.25,86400,0.07556884470482554,0.014254759623804156,4351950.96357759,-476616.1460837916,0.0,4.717755991092402e-08
654,4482,155.8507,47.0,-6.0833282,43200,0.07556891292659962,0.014254748139543824,4333148.796028124,-461804.81061430223,0.0,-3.932375102444086e-08
234,4374,155.8507,46.75,-6.0833282,86400,0.07556889698424911,0.014254751868984982,4353319.010767862,-463954.4488188505,0.0,4.3723059287144265e-08
514,4446,155.8507,46.91667,-6.0833282,64800,0.07556893051936943,0.01425474628280006,4339881.045145775,-462522.2992525033,0.0,2.0756655449668233e-08
584,4464,155.8507,47.0,-6.25,86400,0.07556898018972598,0.014254734376395196,4331787.087405169,-474407.8424903363,0.0,4.269434285402784e-08
409,4419,155.8507,46.833336,-6.0,21600,0.07556894307686404,0.014254747212117768,4347273.775744883,-456916.88569019584,0.0,-3.101294175817187e-08
549,4455,155.8507,46.91667,-6.0,43200,0.0755689149750488,0.01425474819497142,4340549.125536747,-456210.0964726406,0.0,-1.648384826114198e-08
59,4329,155.8507,46.66667,-6.1666565,64800,0.07556887018452438,0.014254756692730656,4359343.065935845,-471009.49203812674,0.0,-4.4878495313614474e-08
689,4491,155.8507,47.0,-6.0,21600,0.07620081612431938,0.014190213540903242,4333815.840058059,-455502.3996515776,0.0,9.916010169470657e-09
94,4338,155.8507,46.66667,-6.0833282,64800,0.07556886622938856,0.014254758259496727,4360023.469108121,-464668.9756583009,0.0,-3.5363581208327185e-08
619,4473,155.8507,47.0,-6.1666565,43200,0.07556888343136636,0.014254757042577698,4332472.586781167,-468106.2447951276,0.0,-1.2584927652106191e-08
234,4374,155.8507,46.75,-6.0833282,43200,0.07556894018026984,0.014254741470465276,4353319.010767862,-463954.4488188505,0.0,9.169085788246377e-09
479,4437,155.8507,46.91667,-6.1666565,64800,0.07556890786598443,0.014254746775563994,4339203.78529813,-468833.52373287774,0.0,7.283495532095087e-08
549,4455,155.8507,46.91667,-6.0,64800,0.07556890293828018,0.014254753508778497,4340549.125536747,-456210.0964726406,0.0,-1.0208642720928548e-09
164,4356,155.8507,46.75,-6.25,21600,0.07556899218897134,0.014254730851601055,4351950.96357759,-476616.1460837916,0.0,2.063396616345501e-08
199,4365,155.8507,46.75,-6.1666565,86400,0.07556890430745444,0.0142547442204042,4352639.653859386,-470285.21531356085,0.0,3.556003145341558e-08
164,4356,155.8507,46.75,-6.25,43200,0.07556894526055023,0.01425474494674473,4351950.96357759,-476616.1460837916,0.0,-4.937117368399569e-08
129,4347,155.8507,46.66667,-6.0,43200,0.07556892894151222,0.014254752070141473,4360694.650219674,-458327.4764384654,0.0,-1.0403930478092962e-09
514,4446,155.8507,46.91667,-6.0833282,86400,0.07556889582200695,0.014254745179890704,4339881.045145775,-462522.2992525033,0.0,1.1374329236292917e-08
24,4320,155.8507,46.66667,-6.25,64800,0.07556890716388398,0.014254747674826465,4358653.3150161095,-477350.1729464703,0.0,-1.0724408341794028e-07
339,4401,155.8507,46.833336,-6.1666565,86400,0.07556888163707172,0.01425475051666265,4345926.351221016,-469559.8699535443,0.0,6.163165652448591e-08
654,4482,155.8507,47.0,-6.0833282,21600,0.07556892972834674,0.014254746400938439,4333148.796028124,-461804.81061430223,0.0,1.2548229570570675e-08
444,4428,155.8507,46.91667,-6.25,21600,0.07556900517817323,0.014254729467376532,4338517.220887722,-475144.9119816816,0.0,2.8537047236434614e-08
199,4365,155.8507,46.75,-6.1666565,21600,0.07556895974496637,0.01425474177324322,4352639.653859386,-470285.21531356085,0.0,8.594491701961302e-09
689,4491,155.8507,47.0,-6.0,43200,0.07620074169370304,0.014190233397274018,4333815.840058059,-455502.3996515776,0.0,-3.0579626844689445e-08
375,4590,186.1256,46.833336,-6.0833282,64800,0.07560927748720399,0.01429680902730619,4346604.66032198,-463238.8677294356,0.0,-3.959717353566559e-08
375,4590,186.1256,46.833336,-6.0833282,43200,0.07560924407759063,0.014296822733421708,4346604.66032198,-463238.8677294356,0.0,-2.4861680160184424e-08
270,4563,186.1256,46.75,-6.0,64800,0.07560923323037157,0.014296824830543144,4353989.159796485,-457622.70099545474,0.0,-2.353573834709231e-08
60,4509,186.1256,46.66667,-6.1666565,64800,0.07560920999891291,0.014296827864337903,4359343.065935845,-471009.49203812674,0.0,-4.3389236974050846e-08
655,4662,186.1256,47.0,-6.0833282,21600,0.0756092656034853,0.014296818144797436,4333148.796028124,-461804.81061430223,0.0,1.1185986904810349e-08
480,4617,186.1256,46.91667,-6.1666565,64800,0.07560924343341884,0.014296818679081823,4339203.78529813,-468833.52373287774,0.0,6.893079524745988e-08
130,4527,186.1256,46.66667,-6.0,21600,0.07560927638408446,0.014296811299685389,4360694.650219674,-458327.4764384654,0.0,2.3612989485844944e-08
585,4644,186.1256,47.0,-6.25,21600,0.0756092688509629,0.014296814450969888,4331787.087405169,-474407.8424903363,0.0,-2.679637698520439e-08
130,4527,186.1256,46.66667,-6.0,43200,0.07560926553798761,0.01429682353752901,4360694.650219674,-458327.4764384654,0.0,-1.2291336671355063e-09
445,4608,186.1256,46.91667,-6.25,64800,0.0756091933085592,0.014296835841920714,4338517.220887722,-475144.9119816816,0.0,4.2884109152916096e-08
690,4671,186.1256,47.0,-6.0,86400,0.07619718515988225,0.014175162058868571,4333815.840058059,-455502.3996515776,0.0,3.544104531962751e-10
60,4509,186.1256,46.66667,-6.1666565,43200,0.07560929495580304,0.01429681831439048,4359343.065935845,-471009.49203812674,0.0,3.2862153446837315e-08
410,4599,186.1256,46.833336,-6.0,64800,0.0756092339281778,0.014296831191512744,4347273.775744883,-456916.88569019584,0.0,-2.1629713434525073e-08
235,4554,186.1256,46.75,-6.0833282,43200,0.07560927603888809,0.01429681351067228,4353319.010767862,-463954.4488188505,0.0,9.224715989009286e-09
690,4671,186.1256,47.0,-6.0,64800,0.07619718057962682,0.014175152015575794,4333815.840058059,-455502.3996515776,0.0,2.306012218871761e-08
200,4545,186.1256,46.75,-6.1666565,86400,0.07560924030018124,0.014296816195131195,4352639.653859386,-470285.21531356085,0.0,3.466339970757777e-08
690,4671,186.1256,47.0,-6.0,43200,0.07619716851834055,0.01417516109285447,4333815.840058059,-455502.3996515776,0.0,-2.9733311570953522e-08
340,4581,186.1256,46.833336,-6.1666565,86400,0.07560921923037502,0.014296822224371748,4345926.351221016,-469559.8699535443,0.0,5.9177989042117974e-08
165,4536,186.1256,46.75,-6.25,21600,0.07560932537616111,0.014296803336541184,4351950.96357759,-476616.1460837916,0.0,2.0610501268868283e-08
25,4500,186.1256,46.66667,-6.25,64800,0.07560924484808051,0.01429681943399248,4358653.3150161095,-477350.1729464703,0.0,-1.0238286467717847e-07
340,4581,186.1256,46.833336,-6.1666565,43200,0.0756092335582199,0.014296828534135926,4345926.351221016,-469559.8699535443,0.0,-7.046345524438458e-08
655,4662,186.1256,47.0,-6.0833282,64800,0.07560925099751585,0.014296814459935128,4333148.796028124,-461804.81061430223,0.0,5.0885270812414925e-08
375,4590,186.1256,46.833336,-6.0833282,21600,0.07560932057144179,0.014296810732139204,4346604.66032198,-463238.8677294356,0.0,-4.637417538480744e-10
410,4599,186.1256,46.833336,-6.0,21600,0.07560927879580683,0.014296818875499669,4347273.775744883,-456916.88569019584,0.0,-2.872728892815494e-08
270,4563,186.1256,46.75,-6.0,21600,0.07560927313064683,0.014296815606854823,4353989.159796485,-457622.70099545474,0.0,2.1173289909884698e-08
25,4500,186.1256,46.66667,-6.25,43200,0.0756092943204253,0.014296813958413547,4358653.3150161095,-477350.1729464703,0.0,1.4872980342516455e-08
620,4653,186.1256,47.0,-6.1666565,21600,0.07560924944897571,0.014296828821997433,4332472.586781167,-468106.2447951276,0.0,-2.4672286918951317e-09
130,4527,186.1256,46.66667,-6.0,86400,0.07560923221185292,0.014296825157382505,4360694.650219674,-458327.4764384654,0.0,2.8920301855585846e-09
200,4545,186.1256,46.75,-6.1666565,64800,0.07560923427335939,0.014296829021465661,4352639.653859386,-470285.21531356085,0.0,-7.889529917179784e-08
620,4653,186.1256,47.0,-6.1666565,86400,0.0756092983711839,0.014296808228803718,4332472.586781167,-468106.2447951276,0.0,-3.231774157219696e-08
25,4500,186.1256,46.66667,-6.25,21600,0.07560926828038961,0.014296812928676761,4358653.3150161095,-477350.1729464703,0.0,2.9247717551385114e-08
655,4662,186.1256,47.0,-6.0833282,43200,0.07560924848672011,0.014296820025506916,4333148.796028124,-461804.81061430223,0.0,-3.825645969658824e-08
60,4509,186.1256,46.66667,-6.1666565,86400,0.07560923894927066,0.014296820634370815,4359343.065935845,-471009.49203812674,0.0,1.015267861728678e-08
305,4572,186.1256,46.833336,-6.25,86400,0.07560917579241204,0.014296831948196687,4345238.723142079,-475881.0361998027,0.0,4.7038208998076115e-08
200,4545,186.1256,46.75,-6.1666565,43200,0.07560923995998174,0.014296826024608422,4352639.653859386,-470285.21531356085,0.0,-1.1251246708279729e-08
515,4626,186.1256,46.91667,-6.0833282,86400,0.07560923313538577,0.014296817183197008,4339881.045145775,-462522.2992525033,0.0,1.162634003395194e-08
620,4653,186.1256,47.0,-6.1666565,43200,0.07560922082956531,0.014296828429001021,4332472.586781167,-468106.2447951276,0.0,-1.2829158752947152e-08
585,4644,186.1256,47.0,-6.25,86400,0.07560931347323162,0.014296806724621977,4331787.087405169,-474407.8424903363,0.0,4.2061746370170386e-08
165,4536,186.1256,46.75,-6.25,64800,0.0756092521227813,0.014296830256206644,4351950.96357759,-476616.1460837916,0.0,-8.65373949852486e-08
410,4599,186.1256,46.833336,-6.0,86400,0.07560925007021012,0.014296814290020101,4347273.775744883,-456916.88569019584,0.0,4.989445723515192e-08
95,4518,186.1256,46.66667,-6.0833282,21600,0.07560922456157157,0.014296831990684052,4360023.469108121,-464668.9756583009,0.0,1.3561373557032184e-08
25,4500,186.1256,46.66667,-6.25,86400,0.07560921810124506,0.014296828458378359,4358653.3150161095,-477350.1729464703,0.0,1.232533765194198e-08
585,4644,186.1256,47.0,-6.25,64800,0.07560915413421897,0.014296844855633317,4331787.087405169,-474407.8424903363,0.0,5.057099814650992e-08
480,4617,186.1256,46.91667,-6.1666565,21600,0.07560932148751642,0.014296814456068103,4339203.78529813,-468833.52373287774,0.0,-5.602427947915214e-09
550,4635,186.1256,46.91667,-6.0,43200,0.07560925033941011,0.01429682011676919,4340549.125536747,-456210.0964726406,0.0,-1.6441861393631233e-08
305,4572,186.1256,46.833336,-6.25,64800,0.07560924716109348,0.014296826792111188,4345238.723142079,-475881.0361998027,0.0,-1.8524280897383697e-08
480,4617,186.1256,46.91667,-6.1666565,43200,0.07560924367568775,0.014296821697933029,4339203.78529813,-468833.52373287774,0.0,-3.960635761688768e-08
305,4572,186.1256,46.833336,-6.25,21600,0.07560936655266641,0.014296793614479872,4345238.723142079,-475881.0361998027,0.0,2.3564654341365192e-08
270,4563,186.1256,46.75,-6.0,86400,0.07560924717828636,0.014296819958078785,4353989.159796485,-457622.70099545474,0.0,7.476640203998264e-09
690,4671,186.1256,47.0,-6.0,21600,0.0761972401893092,0.0141751420447159,4333815.840058059,-455502.3996515776,0.0,8.55152695564746e-09
515,4626,186.1256,46.91667,-6.0833282,21600,0.07560930205749336,0.014296819049352148,4339881.045145775,-462522.2992525033,0.0,7.996571847501081e-09
375,4590,186.1256,46.833336,-6.0833282,86400,0.07560921371837928,0.014296826891793889,4346604.66032198,-463238.8677294356,0.0,3.112211261966261e-08
60,4509,186.1256,46.66667,-6.1666565,21600,0.07560927185662168,0.014296814226876819,4359343.065935845,-471009.49203812674,0.0,1.0086578411502912e-08
550,4635,186.1256,46.91667,-6.0,86400,0.0756092275788977,0.014296822494262432,4340549.125536747,-456210.0964726406,0.0,5.9480355349505664e-08
655,4662,186.1256,47.0,-6.0833282,86400,0.07560926453300008,0.01429682029526593,4333148.796028124,-461804.81061430223,0.0,-8.893038119336723e-09
550,4635,186.1256,46.91667,-6.0,64800,0.07560923940140109,0.014296825101516752,4340549.125536747,-456210.0964726406,0.0,-7.808143667459961e-10
270,4563,186.1256,46.75,-6.0,43200,0.07560925524962106,0.01429682097743724,4353989.159796485,-457622.70099545474,0.0,-3.115248929694638e-08
130,4527,186.1256,46.66667,-6.0,64800,0.07560924052177272,0.014296818662315434,4360694.650219674,-458327.4764384654,0.0,-2.2268548287020503e-08
515,4626,186.1256,46.91667,-6.0833282,43200,0.07560923863631437,0.014296822278229792,4339881.045145775,-462522.2992525033,0.0,-3.380810885683495e-08
200,4545,186.1256,46.75,-6.1666565,21600,0.07560929466939321,0.014296813726084498,4352639.653859386,-470285.21531356085,0.0,7.824010663638071e-09
340,4581,186.1256,46.833336,-6.1666565,64800,0.0756092859397884,0.014296809295619528,4345926.351221016,-469559.8699535443,0.0,-9.683291971256725e-09
235,4554,186.1256,46.75,-6.0833282,64800,0.07560923274886346,0.014296820563107434,4353319.010767862,-463954.4488188505,0.0,-7.836250683112481e-08
235,4554,186.1256,46.75,-6.0833282,86400,0.0756092341466759,0.014296823327557169,4353319.010767862,-463954.4488188505,0.0,4.1542524000335144e-08
480,4617,186.1256,46.91667,-6.1666565,86400,0.07560922274791457,0.014296821115617378,4339203.78529813,-468833.52373287774,0.0,4.192163965668146e-09
165,4536,186.1256,46.75,-6.25,86400,0.07560918376295271,0.014296830799553259,4351950.96357759,-476616.1460837916,0.0,4.526065644964991e-08
445,4608,186.1256,46.91667,-6.25,86400,0.075609231920074,0.014296819321457016,4338517.220887722,-475144.9119816816,0.0,3.101711913326368e-08
445,4608,186.1256,46.91667,-6.25,21600,0.07560933788674847,0.014296801806444947,4338517.220887722,-475144.9119816816,0.0,2.5840893458811796e-08
340,4581,186.1256,46.833336,-6.1666565,21600,0.07560931930587436,0.014296812261690087,4345926.351221016,-469559.8699535443,0.0,-1.7947027711934773e-08
550,4635,186.1256,46.91667,-6.0,21600,0.07560931066464484,0.014296808921823112,4340549.125536747,-456210.0964726406,0.0,-4.084216672350142e-08
620,4653,186.1256,47.0,-6.1666565,64800,0.07560921536415793,0.014296817919932703,4332472.586781167,-468106.2447951276,0.0,6.220059608459806e-08
305,4572,186.1256,46.833336,-6.25,43200,0.07560927663807547,0.01429682096684011,4345238.723142079,-475881.0361998027,0.0,-8.814826242292477e-08
235,4554,186.1256,46.75,-6.0833282,21600,0.07560928427757545,0.014296816117155406,4353319.010767862,-463954.4488188505,0.0,-2.0563623576154815e-08
95,4518,186.1256,46.66667,-6.0833282,43200,0.0756093130648312,0.014296806703614585,4360023.469108121,-464668.9756583009,0.0,1.6869878197091324e-08
410,4599,186.1256,46.833336,-6.0,43200,0.0756092676406556,0.014296812865045826,4347273.775744883,-456916.88569019584,0.0,-3.733180224189019e-08
95,4518,186.1256,46.66667,-6.0833282,86400,0.07560925938488178,0.014296814417261928,4360023.469108121,-464668.9756583009,0.0,-4.754327337535872e-09
515,4626,186.1256,46.91667,-6.0833282,64800,0.07560926518571479,0.014296818176592316,4339881.045145775,-462522.2992525033,0.0,1.9952947164085978e-08
95,4518,186.1256,46.66667,-6.0833282,64800,0.07560920620701815,0.014296829302884747,4360023.469108121,-464668.9756583009,0.0,-3.4347766697374404e-08
445,4608,186.1256,46.91667,-6.25,43200,0.07560925740736317,0.014296824341914968,4338517.220887722,-475144.9119816816,0.0,-8.908736940846586e-08
585,4644,186.1256,47.0,-6.25,43200,0.0756092318464302,0.014296828287362756,4331787.087405169,-474407.8424903363,0.0,-6.685263651534383e-08
165,4536,186.1256,46.75,-6.25,43200,0.07560928104650831,0.014296816703460072,4351950.96357759,-476616.1460837916,0.0,-4.621727508804691e-08
516,4806,222.4752,46.91667,-6.0833282,86400,0.07565761850756565,0.014341804805316846,4339881.045145775,-462522.2992525033,0.0,1.1831303934847282e-08
481,4797,222.4752,46.91667,-6.1666565,86400,0.07565760996603102,0.014341808047929323,4339203.78529813,-468833.52373287774,0.0,5.28876260893095e-09
551,4815,222.4752,46.91667,-6.0,86400,0.07565761426714587,0.014341809558248354,4340549.125536747,-456210.0964726406,0.0,5.6101252698366365e-08
201,4725,222.4752,46.75,-6.1666565,86400,0.07565762421016324,0.014341803809795085,4352639.653859386,-470285.21531356085,0.0,3.3594693904727355e-08
96,4698,222.4752,46.66667,-6.0833282,86400,0.07565764260071497,0.014341802196385043,4360023.469108121,-464668.9756583009,0.0,-5.433725447166208e-09
166,4716,222.4752,46.75,-6.25,86400,0.07565757109692997,0.014341817516489858,4351950.96357759,-476616.1460837916,0.0,4.307020115177566e-08
341,4761,222.4752,46.833336,-6.1666565,86400,0.07565760493806535,0.014341809522329517,4345926.351221016,-469559.8699535443,0.0,5.6326818582868637e-08
411,4779,222.4752,46.833336,-6.0,86400,0.07565763449384685,0.014341801942887469,4347273.775744883,-456916.88569019584,0.0,4.707144854640171e-08
271,4743,222.4752,46.75,-6.0,86400,0.07565763080536358,0.014341807477198437,4353989.159796485,-457622.70099545474,0.0,7.776688927053709e-09
306,4752,222.4752,46.833336,-6.25,86400,0.07565756395726922,0.014341818590019269,4345238.723142079,-475881.0361998027,0.0,4.638630333639465e-08
446,4788,222.4752,46.91667,-6.25,86400,0.07565761665998512,0.014341806900906176,4338517.220887722,-475144.9119816816,0.0,3.1619942170195385e-08
236,4734,222.4752,46.75,-6.0833282,86400,0.07565761930089955,0.014341810373224946,4353319.010767862,-463954.4488188505,0.0,3.9094305340123215e-08
26,4680,222.4752,46.66667,-6.25,86400,0.07565760284068822,0.014341815648270279,4358653.3150161095,-477350.1729464703,0.0,1.1243291872212517e-08
586,4824,222.4752,47.0,-6.25,86400,0.07565769425910544,0.014341794761036187,4331787.087405169,-474407.8424903363,0.0,4.1309615869496304e-08
61,4689,222.4752,46.66667,-6.1666565,86400,0.07565762319986705,0.014341808015488608,4359343.065935845,-471009.49203812674,0.0,9.690202014580752e-09
376,4770,222.4752,46.833336,-6.0833282,86400,0.07565760010857851,0.014341813845417202,4346604.66032198,-463238.8677294356,0.0,3.019205912675087e-08
131,4707,222.4752,46.66667,-6.0,86400,0.07565761702118359,0.014341812294663588,4360694.650219674,-458327.4764384654,0.0,2.9904078144102422e-09
621,4833,222.4752,47.0,-6.1666565,86400,0.0756576810743583,0.014341795984329159,4332472.586781167,-468106.2447951276,0.0,-2.9248080634502852e-08
481,4797,222.4752,46.91667,-6.1666565,43200,0.07565762748461538,0.014341809129967851,4339203.78529813,-468833.52373287774,0.0,-3.8348483937942895e-08
481,4797,222.4752,46.91667,-6.1666565,64800,0.07565762693715489,0.014341806184764739,4339203.78529813,-468833.52373287774,0.0,6.45484709957509e-08
586,4824,222.4752,47.0,-6.25,21600,0.0756576541579373,0.014341801623558158,4331787.087405169,-474407.8424903363,0.0,-2.6822857616829627e-08
201,4725,222.4752,46.75,-6.1666565,43200,0.07565762624577874,0.014341812819813763,4352639.653859386,-470285.21531356085,0.0,-1.0284972684601798e-08
271,4743,222.4752,46.75,-6.0,64800,0.075657618212346,0.014341812038508935,4353989.159796485,-457622.70099545474,0.0,-2.259509352124476e-08
446,4788,222.4752,46.91667,-6.25,43200,0.07565764089791724,0.014341811589126903,4338517.220887722,-475144.9119816816,0.0,-8.654029111826115e-08
166,4716,222.4752,46.75,-6.25,21600,0.07565770603566285,0.01434179152512189,4351950.96357759,-476616.1460837916,0.0,2.0539529053606713e-08
61,4689,222.4752,46.66667,-6.1666565,64800,0.07565759802469589,0.014341814592594577,4359343.065935845,-471009.49203812674,0.0,-4.168136210012376e-08
516,4806,222.4752,46.91667,-6.0833282,64800,0.07565764762243501,0.014341805688363431,4339881.045145775,-462522.2992525033,0.0,1.9015719854863856e-08
341,4761,222.4752,46.833336,-6.1666565,21600,0.07565770003119886,0.014341799961082057,4345926.351221016,-469559.8699535443,0.0,-1.6214419695134833e-08
341,4761,222.4752,46.833336,-6.1666565,43200,0.07565761884180658,0.014341815331319846,4345926.351221016,-469559.8699535443,0.0,-6.585768953729341e-08
691,4851,222.4752,47.0,-6.0,86400,0.07619375307014757,0.014155763889926117,4333815.840058059,-455502.3996515776,0.0,1.0498412894423704e-09
551,4815,222.4752,46.91667,-6.0,64800,0.07565762381147333,0.014341812272606537,4340549.125536747,-456210.0964726406,0.0,-5.413951026333118e-10
236,4734,222.4752,46.75,-6.0833282,64800,0.07565761848514745,0.014341807755343902,4353319.010767862,-463954.4488188505,0.0,-7.373995866210751e-08
131,4707,222.4752,46.66667,-6.0,21600,0.07565765949236831,0.014341798995968874,4360694.650219674,-458327.4764384654,0.0,2.2438893124620903e-08
61,4689,222.4752,46.66667,-6.1666565,43200,0.07565767747543399,0.014341805731551258,4359343.065935845,-471009.49203812674,0.0,3.0276876192432387e-08
516,4806,222.4752,46.91667,-6.0833282,21600,0.07565768355835091,0.014341806372078748,4339881.045145775,-462522.2992525033,0.0,7.13750567914131e-09
621,4833,222.4752,47.0,-6.1666565,21600,0.07565763360407222,0.014341815872008529,4332472.586781167,-468106.2447951276,0.0,-3.8542324513366095e-09
551,4815,222.4752,46.91667,-6.0,43200,0.07565763362284077,0.014341807639593555,4340549.125536747,-456210.0964726406,0.0,-1.6337767443649685e-08
201,4725,222.4752,46.75,-6.1666565,21600,0.07565767727096528,0.01434180131671604,4352639.653859386,-470285.21531356085,0.0,7.026973082836102e-09
376,4770,222.4752,46.833336,-6.0833282,64800,0.07565765906597809,0.014341797181233963,4346604.66032198,-463238.8677294356,0.0,-3.6893924597371166e-08
516,4806,222.4752,46.91667,-6.0833282,43200,0.07565762290653377,0.014341809560773968,4339881.045145775,-462522.2992525033,0.0,-3.2761553555610566e-08
26,4680,222.4752,46.66667,-6.25,64800,0.07565763052339765,0.014341806805828278,4358653.3150161095,-477350.1729464703,0.0,-9.691212197767033e-08
236,4734,222.4752,46.75,-6.0833282,21600,0.07565766669324211,0.014341803775098038,4353319.010767862,-463954.4488188505,0.0,-1.8400223368967073e-08
271,4743,222.4752,46.75,-6.0,21600,0.07565765660344238,0.014341803118810283,4353989.159796485,-457622.70099545474,0.0,2.00870040708464e-08
411,4779,222.4752,46.833336,-6.0,64800,0.07565761813280412,0.01434181802522504,4347273.775744883,-456916.88569019584,0.0,-2.017618444710535e-08
131,4707,222.4752,46.66667,-6.0,43200,0.07565765000942873,0.01434181057943276,4360694.650219674,-458327.4764384654,0.0,-1.449938622837538e-09
376,4770,222.4752,46.833336,-6.0833282,43200,0.0756576285423506,0.014341809978866187,4346604.66032198,-463238.8677294356,0.0,-2.3263612634493962e-08
341,4761,222.4752,46.833336,-6.1666565,64800,0.07565766651890508,0.014341797553138995,4345926.351221016,-469559.8699535443,0.0,-9.665340705055947e-09
166,4716,222.4752,46.75,-6.25,43200,0.07565766463297137,0.014341804081686924,4351950.96357759,-476616.1460837916,0.0,-4.2824288699163454e-08
411,4779,222.4752,46.833336,-6.0,43200,0.07565765108720479,0.014341800732501036,4347273.775744883,-456916.88569019584,0.0,-3.52613791699399e-08
446,4788,222.4752,46.91667,-6.25,64800,0.07565757859247299,0.014341822847988411,4338517.220887722,-475144.9119816816,0.0,3.998649125162554e-08
306,4752,222.4752,46.833336,-6.25,21600,0.07565774440415236,0.014341782348820177,4345238.723142079,-475881.0361998027,0.0,2.259170905566653e-08
26,4680,222.4752,46.66667,-6.25,43200,0.07565767796658988,0.01434180135965769,4358653.3150161095,-477350.1729464703,0.0,1.4585753997501238e-08
306,4752,222.4752,46.833336,-6.25,64800,0.07565762961622893,0.014341814300926216,4345238.723142079,-475881.0361998027,0.0,-1.8235931620357987e-08
691,4851,222.4752,47.0,-6.0,43200,0.0761937358060652,0.014155763151370012,4333815.840058059,-455502.3996515776,0.0,-2.8703758685878327e-08
586,4824,222.4752,47.0,-6.25,64800,0.07565754264929782,0.014341830963019053,4331787.087405169,-474407.8424903363,0.0,4.8257555408551573e-08
656,4842,222.4752,47.0,-6.0833282,43200,0.07565763194491447,0.014341807516382844,4333148.796028124,-461804.81061430223,0.0,-3.6931650718348774e-08
376,4770,222.4752,46.833336,-6.0833282,21600,0.07565770065767877,0.014341798772742978,4346604.66032198,-463238.8677294356,0.0,-2.975346681428658e-10
621,4833,222.4752,47.0,-6.1666565,64800,0.07565760144382062,0.014341805233762472,4332472.586781167,-468106.2447951276,0.0,5.990608268649436e-08
656,4842,222.4752,47.0,-6.0833282,21600,0.0756576493144563,0.014341805498596902,4333148.796028124,-461804.81061430223,0.0,9.707557995128308e-09
236,4734,222.4752,46.75,-6.0833282,43200,0.07565765969553635,0.014341801193931344,4353319.010767862,-463954.4488188505,0.0,9.199818401307443e-09
481,4797,222.4752,46.91667,-6.1666565,21600,0.07565770077921102,0.014341802474756575,4339203.78529813,-468833.52373287774,0.0,-5.5250445504789855e-09
166,4716,222.4752,46.75,-6.25,64800,0.07565763581131475,0.014341817089837127,4351950.96357759,-476616.1460837916,0.0,-8.187710673360698e-08
656,4842,222.4752,47.0,-6.0833282,64800,0.07565763446673898,0.014341802346799621,4333148.796028124,-461804.81061430223,0.0,4.837608623996841e-08
96,4698,222.4752,46.66667,-6.0833282,21600,0.07565761100103896,0.014341818444556016,4360023.469108121,-464668.9756583009,0.0,1.390961652004103e-08
446,4788,222.4752,46.91667,-6.25,21600,0.07565771805842876,0.014341789837105327,4338517.220887722,-475144.9119816816,0.0,2.291485246720161e-08
61,4689,222.4752,46.66667,-6.1666565,21600,0.07565765485233945,0.014341801878934237,4359343.065935845,-471009.49203812674,0.0,9.777598916972291e-09
271,4743,222.4752,46.75,-6.0,43200,0.07565764066223417,0.01434180810028732,4353989.159796485,-457622.70099545474,0.0,-2.988166857239151e-08
691,4851,222.4752,47.0,-6.0,64800,0.07619374860531196,0.01415575438280067,4333815.840058059,-455502.3996515776,0.0,2.2952938386339123e-08
131,4707,222.4752,46.66667,-6.0,64800,0.0756576257227031,0.014341806204550198,4360694.650219674,-458327.4764384654,0.0,-2.209282633569919e-08
656,4842,222.4752,47.0,-6.0833282,86400,0.07565764818251122,0.014341807664757704,4333148.796028124,-461804.81061430223,0.0,-7.912998975816194e-09
26,4680,222.4752,46.66667,-6.25,21600,0.07565765184679461,0.014341800538566346,4358653.3150161095,-477350.1729464703,0.0,2.8792224971880984e-08
586,4824,222.4752,47.0,-6.25,43200,0.07565761662999948,0.014341815329816638,4331787.087405169,-474407.8424903363,0.0,-6.51474725336738e-08
411,4779,222.4752,46.833336,-6.0,21600,0.07565766231125759,0.014341806138354273,4347273.775744883,-456916.88569019584,0.0,-2.6235473390917052e-08
691,4851,222.4752,47.0,-6.0,21600,0.07619380424500766,0.014155745046829052,4333815.840058059,-455502.3996515776,0.0,7.083662164966592e-09
201,4725,222.4752,46.75,-6.1666565,64800,0.07565761939170543,0.014341815893900989,4352639.653859386,-470285.21531356085,0.0,-7.425148661480632e-08
96,4698,222.4752,46.66667,-6.0833282,64800,0.07565759443546512,0.014341815877243291,4360023.469108121,-464668.9756583009,0.0,-3.317935139988998e-08
306,4752,222.4752,46.833336,-6.25,43200,0.0756576588885628,0.014341808452804384,4345238.723142079,-475881.0361998027,0.0,-8.424259498647443e-08
96,4698,222.4752,46.66667,-6.0833282,43200,0.07565769507491443,0.01434179454684729,4360023.469108121,-464668.9756583009,0.0,1.5766032833932905e-08
621,4833,222.4752,47.0,-6.1666565,43200,0.07565760627904528,0.01434181537626465,4332472.586781167,-468106.2447951276,0.0,-1.3009562173176397e-08
551,4815,222.4752,46.91667,-6.0,21600,0.07565769194815138,0.014341796728973146,4340549.125536747,-456210.0964726406,0.0,-3.791403613155859e-08
657,5022,266.0403,47.0,-6.0833282,21600,0.07571510515940788,0.014388285657488929,4333148.796028124,-461804.81061430223,0.0,8.131752523416123e-09
482,4977,266.0403,46.91667,-6.1666565,21600,0.07571515189231753,0.014388283324240619,4339203.78529813,-468833.52373287774,0.0,-5.4677886788911236e-09
272,4923,266.0403,46.75,-6.0,86400,0.07571508667433578,0.014388287788716649,4353989.159796485,-457622.70099545474,0.0,8.032499808617908e-09
377,4950,266.0403,46.833336,-6.0833282,21600,0.07571515255565253,0.014388279670093356,4346604.66032198,-463238.8677294356,0.0,-1.1389228282403104e-10
97,4878,266.0403,46.66667,-6.0833282,86400,0.07571509793746944,0.01438828281948916,4360023.469108121,-464668.9756583009,0.0,-6.056730544596977e-09
27,4860,266.0403,46.66667,-6.25,64800,0.07571508845234523,0.014388286985802128,4358653.3150161095,-477350.1729464703,0.0,-9.083214781461086e-08
657,5022,266.0403,47.0,-6.0833282,86400,0.07571510400951746,0.014388287827014314,4333148.796028124,-461804.81061430223,0.0,-6.823540228522792e-09
132,4887,266.0403,46.66667,-6.0,43200,0.07571510662927043,0.014388290390928832,4360694.650219674,-458327.4764384654,0.0,-1.7033502556140597e-09
132,4887,266.0403,46.66667,-6.0,64800,0.07571508321069177,0.01438828655877507,4360694.650219674,-458327.4764384654,0.0,-2.174288620201733e-08
132,4887,266.0403,46.66667,-6.0,86400,0.07571507415447531,0.014388292196479881,4360694.650219674,-458327.4764384654,0.0,3.0748294677933966e-09
272,4923,266.0403,46.75,-6.0,21600,0.07571511224768919,0.01438828343555945,4353989.159796485,-457622.70099545474,0.0,1.887015778681878e-08
167,4896,266.0403,46.75,-6.25,86400,0.07571503102159247,0.014388296970330462,4351950.96357759,-476616.1460837916,0.0,4.0594302234535584e-08
342,4941,266.0403,46.833336,-6.1666565,21600,0.07571515262819567,0.014388280492904132,4345926.351221016,-469559.8699535443,0.0,-1.4355648368820813e-08
342,4941,266.0403,46.833336,-6.1666565,64800,0.07571511901692742,0.014388278692461001,4345926.351221016,-469559.8699535443,0.0,-9.537121409390636e-09
447,4968,266.0403,46.91667,-6.25,21600,0.07571516999241946,0.014388270758742529,4338517.220887722,-475144.9119816816,0.0,1.9809966845105913e-08
272,4923,266.0403,46.75,-6.0,64800,0.0757150755214951,0.014388292017222793,4353989.159796485,-457622.70099545474,0.0,-2.148582591979875e-08
202,4905,266.0403,46.75,-6.1666565,64800,0.07571507681967693,0.01438829550305656,4352639.653859386,-470285.21531356085,0.0,-6.905178742550867e-08
237,4914,266.0403,46.75,-6.0833282,64800,0.07571507653887677,0.014388287742754217,4353319.010767862,-463954.4488188505,0.0,-6.86083961281084e-08
412,4959,266.0403,46.833336,-6.0,21600,0.07571511790952794,0.014388286195795987,4347273.775744883,-456916.88569019584,0.0,-2.3570188433422136e-08
97,4878,266.0403,46.66667,-6.0833282,43200,0.07571514890695222,0.014388275278622551,4360023.469108121,-464668.9756583009,0.0,1.4539922435782682e-08
307,4932,266.0403,46.833336,-6.25,21600,0.07571519383078332,0.014388264027749688,4345238.723142079,-475881.0361998027,0.0,2.1467604807240326e-08
27,4860,266.0403,46.66667,-6.25,43200,0.07571513362304172,0.014388281584824813,4358653.3150161095,-477350.1729464703,0.0,1.4157935144090314e-08
412,4959,266.0403,46.833336,-6.0,43200,0.07571510664054,0.014388281446310582,4347273.775744883,-456916.88569019584,0.0,-3.2986848020913985e-08
307,4932,266.0403,46.833336,-6.25,64800,0.07571508423530886,0.014388294581939657,4345238.723142079,-475881.0361998027,0.0,-1.7853449890668163e-08
97,4878,266.0403,46.66667,-6.0833282,64800,0.07571505516984905,0.014388295181974653,4360023.469108121,-464668.9756583009,0.0,-3.184073785036322e-08
167,4896,266.0403,46.75,-6.25,64800,0.07571509167137827,0.01438829666426769,4351950.96357759,-476616.1460837916,0.0,-7.670009303383955e-08
517,4986,266.0403,46.91667,-6.0833282,21600,0.07571513697468865,0.014388286496724063,4339881.045145775,-462522.2992525033,0.0,6.185829104703256e-09
62,4869,266.0403,46.66667,-6.1666565,64800,0.07571505850864035,0.014388294079180427,4359343.065935845,-471009.49203812674,0.0,-3.973460396958905e-08
447,4968,266.0403,46.91667,-6.25,43200,0.07571509654290437,0.014388291611514798,4338517.220887722,-475144.9119816816,0.0,-8.345917487367325e-08
482,4977,266.0403,46.91667,-6.1666565,86400,0.07571506963146964,0.014388287760583663,4339203.78529813,-468833.52373287774,0.0,6.361291782699694e-09
377,4950,266.0403,46.833336,-6.0833282,86400,0.07571505896212129,0.01438829354694244,4346604.66032198,-463238.8677294356,0.0,2.9045954445415415e-08
517,4986,266.0403,46.91667,-6.0833282,86400,0.07571507624601075,0.014388285232827208,4339881.045145775,-462522.2992525033,0.0,1.1963524705675562e-08
482,4977,266.0403,46.91667,-6.1666565,43200,0.07571508351106622,0.01438828935991773,4339203.78529813,-468833.52373287774,0.0,-3.686121025334177e-08
412,4959,266.0403,46.833336,-6.0,64800,0.0757150746713518,0.014388297585585342,4347273.775744883,-456916.88569019584,0.0,-1.86036016840604e-08
552,4995,266.0403,46.91667,-6.0,21600,0.07571514504601465,0.014388277411579066,4340549.125536747,-456210.0964726406,0.0,-3.47554648792101e-08
517,4986,266.0403,46.91667,-6.0833282,64800,0.07571510216020969,0.014388286009472987,4339881.045145775,-462522.2992525033,0.0,1.7933118432738406e-08
657,5022,266.0403,47.0,-6.0833282,43200,0.07571508763725651,0.014388287798971092,4333148.796028124,-461804.81061430223,0.0,-3.53103433664512e-08
342,4941,266.0403,46.833336,-6.1666565,43200,0.0757150764759169,0.01438829487437868,4345926.351221016,-469559.8699535443,0.0,-6.082671815069751e-08
132,4887,266.0403,46.66667,-6.0,21600,0.07571511466667226,0.014388279542356365,4360694.650219674,-458327.4764384654,0.0,2.1129670443168037e-08
517,4986,266.0403,46.91667,-6.0833282,43200,0.07571507950122187,0.014388289620114746,4339881.045145775,-462522.2992525033,0.0,-3.147841162324719e-08
587,5004,266.0403,47.0,-6.25,21600,0.07571511161208833,0.014388281618377066,4331787.087405169,-474407.8424903363,0.0,-2.677659069066348e-08
587,5004,266.0403,47.0,-6.25,86400,0.0757151468471523,0.014388275680227379,4331787.087405169,-474407.8424903363,0.0,4.0414725722449703e-08
587,5004,266.0403,47.0,-6.25,64800,0.07571500399282358,0.014388309723334611,4331787.087405169,-474407.8424903363,0.0,4.565938705279498e-08
412,4959,266.0403,46.833336,-6.0,86400,0.07571509110228374,0.014388282436791813,4347273.775744883,-456916.88569019584,0.0,4.395216349895992e-08
622,5013,266.0403,47.0,-6.1666565,86400,0.0757151357141678,0.01438827660418132,4332472.586781167,-468106.2447951276,0.0,-2.5901413918520292e-08
307,4932,266.0403,46.833336,-6.25,43200,0.075715113258756,0.0143882887239448,4345238.723142079,-475881.0361998027,0.0,-7.980028520310766e-08
622,5013,266.0403,47.0,-6.1666565,43200,0.07571506408879311,0.0143882950768791,4332472.586781167,-468106.2447951276,0.0,-1.3087166839807394e-08
27,4860,266.0403,46.66667,-6.25,86400,0.07571505999140271,0.014388295582498871,4358653.3150161095,-477350.1729464703,0.0,1.0044627372871474e-08
622,5013,266.0403,47.0,-6.1666565,21600,0.07571509000006683,0.014388295665469513,4332472.586781167,-468106.2447951276,0.0,-5.3122961446982834e-09
97,4878,266.0403,46.66667,-6.0833282,21600,0.07571506984301961,0.014388297619112466,4360023.469108121,-464668.9756583009,0.0,1.4197132212117546e-08
622,5013,266.0403,47.0,-6.1666565,64800,0.07571506003219855,0.014388285343495039,4332472.586781167,-468106.2447951276,0.0,5.721845886771866e-08
342,4941,266.0403,46.833336,-6.1666565,86400,0.0757150630775319,0.01438828959963669,4345926.351221016,-469559.8699535443,0.0,5.305309678801072e-08
62,4869,266.0403,46.66667,-6.1666565,21600,0.07571510996107736,0.014388282358041984,4359343.065935845,-471009.49203812674,0.0,9.449898570389149e-09
657,5022,266.0403,47.0,-6.0833282,64800,0.07571509015974437,0.014388283070924244,4333148.796028124,-461804.81061430223,0.0,4.55071763257679e-08
587,5004,266.0403,47.0,-6.25,43200,0.07571507372869934,0.014388295121228436,4331787.087405169,-474407.8424903363,0.0,-6.304893518188181e-08
272,4923,266.0403,46.75,-6.0,43200,0.07571509825999656,0.014388288019681048,4353989.159796485,-457622.70099545474,0.0,-2.8398133971776786e-08
237,4914,266.0403,46.75,-6.0833282,86400,0.0757150767390597,0.014388290206040533,4353319.010767862,-463954.4488188505,0.0,3.637815159145536e-08
692,5031,266.0403,47.0,-6.0,64800,0.07619107248046575,0.014130600589472441,4333815.840058059,-455502.3996515776,0.0,2.264232106397688e-08
237,4914,266.0403,46.75,-6.0833282,43200,0.07571511543419975,0.014388281712598637,4353319.010767862,-463954.4488188505,0.0,9.058910067769542e-09
27,4860,266.0403,46.66667,-6.25,21600,0.07571510756712847,0.014388280979813046,4358653.3150161095,-477350.1729464703,0.0,2.8219120973620798e-08
202,4905,266.0403,46.75,-6.1666565,43200,0.0757150848661971,0.014388292371885226,4352639.653859386,-470285.21531356085,0.0,-9.352868448296876e-09
167,4896,266.0403,46.75,-6.25,21600,0.07571515846041127,0.014388272610566258,4351950.96357759,-476616.1460837916,0.0,2.039622707454038e-08
552,4995,266.0403,46.91667,-6.0,64800,0.07571508047871003,0.014388292212811715,4340549.125536747,-456210.0964726406,0.0,-3.1365316755553623e-10
482,4977,266.0403,46.91667,-6.1666565,64800,0.07571508272422595,0.014388286478615137,4339203.78529813,-468833.52373287774,0.0,5.970155074524163e-08
202,4905,266.0403,46.75,-6.1666565,86400,0.07571508036590308,0.014388284257391705,4352639.653859386,-470285.21531356085,0.0,3.2324395322973566e-08
552,4995,266.0403,46.91667,-6.0,43200,0.07571508917116251,0.014388287948548894,4340549.125536747,-456210.0964726406,0.0,-1.6150573892054125e-08
447,4968,266.0403,46.91667,-6.25,64800,0.07571503645464314,0.014388302559505767,4338517.220887722,-475144.9119816816,0.0,3.675799998670095e-08
167,4896,266.0403,46.75,-6.25,43200,0.07571512030705177,0.014388284278777955,4351950.96357759,-476616.1460837916,0.0,-3.9246887711172106e-08
307,4932,266.0403,46.833336,-6.25,86400,0.07571502480212883,0.014388297957457493,4345238.723142079,-475881.0361998027,0.0,4.541428746866489e-08
62,4869,266.0403,46.66667,-6.1666565,43200,0.07571513196906335,0.014388285955722025,4359343.065935845,-471009.49203812674,0.0,2.743644175535837e-08
552,4995,266.0403,46.91667,-6.0,86400,0.0757150733052873,0.014388289407531474,4340549.125536747,-456210.0964726406,0.0,5.23820597999379e-08
692,5031,266.0403,47.0,-6.0,21600,0.07619112382942003,0.014130591938325441,4333815.840058059,-455502.3996515776,0.0,5.541244648376974e-09
692,5031,266.0403,47.0,-6.0,86400,0.07619107692899682,0.014130609468028466,4333815.840058059,-455502.3996515776,0.0,1.8126414659807583e-09
202,4905,266.0403,46.75,-6.1666565,21600,0.07571513183351646,0.014388281739727445,4352639.653859386,-470285.21531356085,0.0,6.2263865355775044e-09
237,4914,266.0403,46.75,-6.0833282,21600,0.07571512114951727,0.014388284255987122,4353319.010767862,-463954.4488188505,0.0,-1.605162691449486e-08
377,4950,266.0403,46.833336,-6.0833282,43200,0.07571508531724369,0.014388289996806735,4346604.66032198,-463238.8677294356,0.0,-2.1548421432290326e-08
692,5031,266.0403,47.0,-6.0,43200,0.07619105913195999,0.014130608954914296,4333815.840058059,-455502.3996515776,0.0,-2.746545363255012e-08
62,4869,266.0403,46.66667,-6.1666565,86400,0.0757150797662831,0.014388288177502347,4359343.065935845,-471009.49203812674,0.0,9.14000242716263e-09
377,4950,266.0403,46.833336,-6.0833282,64800,0.07571511268890138,0.014388278197709214,4346604.66032198,-463238.8677294356,0.0,-3.393969724834965e-08
447,4968,266.0403,46.91667,-6.25,86400,0.07571507379672346,0.014388287266880927,4338517.220887722,-475144.9119816816,0.0,3.210560221491441e-08
518,5166,318.1274,46.91667,-6.0833282,43200,0.07578232635738213,0.014434078800465542,4339881.045145775,-462522.2992525033,0.0,-2.9929214211423366e-08
238,5094,318.1274,46.75,-6.0833282,86400,0.07578232434843866,0.01443407918201376,4353319.010767862,-463954.4488188505,0.0,3.34072142804632e-08
483,5157,318.1274,46.91667,-6.1666565,86400,0.07578231958345155,0.014434076615071099,4339203.78529813,-468833.52373287774,0.0,7.3561330806255524e-09
553,5175,318.1274,46.91667,-6.0,21600,0.07578238786587717,0.014434067320612426,4340549.125536747,-456210.0964726406,0.0,-3.141462078052105e-08
238,5094,318.1274,46.75,-6.0833282,43200,0.07578236113780178,0.014434071411449935,4353319.010767862,-463954.4488188505,0.0,8.765629872584774e-09
28,5040,318.1274,46.66667,-6.25,64800,0.07578233648360232,0.014434076323395759,4358653.3150161095,-477350.1729464703,0.0,-8.417197132987679e-08
588,5184,318.1274,47.0,-6.25,43200,0.07578232105171324,0.01443408400746929,4331787.087405169,-474407.8424903363,0.0,-6.049409550725002e-08
168,5076,318.1274,46.75,-6.25,86400,0.07578228143838033,0.014434085514832787,4351950.96357759,-476616.1460837916,0.0,3.7831967927235443e-08
483,5157,318.1274,46.91667,-6.1666565,43200,0.07578232968774075,0.014434078729617756,4339203.78529813,-468833.52373287774,0.0,-3.5115628756295286e-08
623,5193,318.1274,47.0,-6.1666565,21600,0.07578233655374812,0.014434084544527862,4332472.586781167,-468106.2447951276,0.0,-6.791244491407197e-09
693,5211,318.1274,47.0,-6.0,43200,0.076190296155726,0.014097769530197585,4333815.840058059,-455502.3996515776,0.0,-2.6001473510898686e-08
413,5139,318.1274,46.833336,-6.0,86400,0.07578233778521788,0.014434072119288632,4347273.775744883,-456916.88569019584,0.0,4.056089716975112e-08
203,5085,318.1274,46.75,-6.1666565,86400,0.07578232670512818,0.014434073882144158,4352639.653859386,-470285.21531356085,0.0,3.0822092261440504e-08
693,5211,318.1274,47.0,-6.0,21600,0.07619035658476464,0.014097753748568639,4333815.840058059,-455502.3996515776,0.0,3.962600235282078e-09
623,5193,318.1274,47.0,-6.1666565,43200,0.07578231216439046,0.01443408387964619,4332472.586781167,-468106.2447951276,0.0,-1.3020032645987408e-08
518,5166,318.1274,46.91667,-6.0833282,21600,0.0757823802255227,0.014434075774180077,4339881.045145775,-462522.2992525033,0.0,5.158538420931873e-09
483,5157,318.1274,46.91667,-6.1666565,21600,0.07578239280887963,0.014434073333242932,4339203.78529813,-468833.52373287774,0.0,-5.433882519220841e-09
553,5175,318.1274,46.91667,-6.0,43200,0.07578233493751807,0.014434077382050516,4340549.125536747,-456210.0964726406,0.0,-1.5857605793787687e-08
588,5184,318.1274,47.0,-6.25,21600,0.07578235904478649,0.014434070799416263,4331787.087405169,-474407.8424903363,0.0,-2.6614022202476933e-08
63,5049,318.1274,46.66667,-6.1666565,64800,0.07578230927198691,0.014434082683464699,4359343.065935845,-471009.49203812674,0.0,-3.7531972794637996e-08
448,5148,318.1274,46.91667,-6.25,86400,0.0757823212591374,0.01443407675530496,4338517.220887722,-475144.9119816816,0.0,3.2398139949971046e-08
28,5040,318.1274,46.66667,-6.25,43200,0.07578237913909425,0.01443407098933527,4358653.3150161095,-477350.1729464703,0.0,1.3558320358853602e-08
658,5202,318.1274,47.0,-6.0833282,86400,0.07578234992432563,0.014434077126716538,4333148.796028124,-461804.81061430223,0.0,-5.639132077276232e-09
658,5202,318.1274,47.0,-6.0833282,43200,0.07578233350791926,0.014434077213167208,4333148.796028124,-461804.81061430223,0.0,-3.336157941101179e-08
98,5058,318.1274,46.66667,-6.0833282,64800,0.07578230623650918,0.014434083576665558,4360023.469108121,-464668.9756583009,0.0,-3.0314266655283655e-08
273,5103,318.1274,46.75,-6.0,64800,0.07578232306514636,0.014434081110159914,4353989.159796485,-457622.70099545474,0.0,-2.0200363957274e-08
658,5202,318.1274,47.0,-6.0833282,21600,0.07578235103765488,0.014434074971833804,4333148.796028124,-461804.81061430223,0.0,6.491817655458217e-09
133,5067,318.1274,46.66667,-6.0,64800,0.07578233086890417,0.014434076068348277,4360694.650219674,-458327.4764384654,0.0,-2.117619921207532e-08
378,5130,318.1274,46.833336,-6.0833282,43200,0.07578233232409683,0.014434079129887182,4346604.66032198,-463238.8677294356,0.0,-1.97431388165718e-08
238,5094,318.1274,46.75,-6.0833282,21600,0.07578236556778954,0.014434073900925042,4353319.010767862,-463954.4488188505,0.0,-1.356151707232147e-08
378,5130,318.1274,46.833336,-6.0833282,64800,0.07578235631554893,0.014434068411270477,4346604.66032198,-463238.8677294356,0.0,-3.07742068632108e-08
413,5139,318.1274,46.833336,-6.0,64800,0.07578232148216761,0.014434086218854779,4347273.775744883,-456916.88569019584,0.0,-1.6932921315409756e-08
553,5175,318.1274,46.91667,-6.0,86400,0.07578232253876308,0.014434078396753782,4340549.125536747,-456210.0964726406,0.0,4.8351599043869864e-08
98,5058,318.1274,46.66667,-6.0833282,21600,0.07578231895433392,0.014434085875256096,4360023.469108121,-464668.9756583009,0.0,1.4384919800917152e-08
623,5193,318.1274,47.0,-6.1666565,86400,0.07578238016631737,0.014434066441063795,4332472.586781167,-468106.2447951276,0.0,-2.233340883393471e-08
448,5148,318.1274,46.91667,-6.25,21600,0.07578241160432025,0.014434060923268863,4338517.220887722,-475144.9119816816,0.0,1.659594422442348e-08
448,5148,318.1274,46.91667,-6.25,64800,0.0757822848713372,0.014434091307137627,4338517.220887722,-475144.9119816816,0.0,3.322821297817446e-08
343,5121,318.1274,46.833336,-6.1666565,86400,0.07578231155884071,0.01443407879946104,4345926.351221016,-469559.8699535443,0.0,4.93510158388653e-08
203,5085,318.1274,46.75,-6.1666565,21600,0.0757823762484964,0.014434071342715528,4352639.653859386,-470285.21531356085,0.0,5.448982131498596e-09
308,5112,318.1274,46.833336,-6.25,43200,0.0757823577022359,0.014434078116959886,4345238.723142079,-475881.0361998027,0.0,-7.481717482428372e-08
693,5211,318.1274,47.0,-6.0,86400,0.0761903143348146,0.0140977698289954,4333815.840058059,-455502.3996515776,0.0,2.6219597604204957e-09
63,5049,318.1274,46.66667,-6.1666565,86400,0.07578232657544422,0.014434077463407552,4359343.065935845,-471009.49203812674,0.0,8.500938602113903e-09
168,5076,318.1274,46.75,-6.25,43200,0.07578236595509608,0.01443407364623909,4351950.96357759,-476616.1460837916,0.0,-3.5557671320089546e-08
588,5184,318.1274,47.0,-6.25,64800,0.07578225608362713,0.014434097488287308,4331787.087405169,-474407.8424903363,0.0,4.277609704874586e-08
483,5157,318.1274,46.91667,-6.1666565,64800,0.07578232874680532,0.014434075901396412,4339203.78529813,-468833.52373287774,0.0,5.4432760351177826e-08
168,5076,318.1274,46.75,-6.25,21600,0.07578240056486474,0.014434062935246026,4351950.96357759,-476616.1460837916,0.0,2.0150373628141904e-08
518,5166,318.1274,46.91667,-6.0833282,64800,0.07578234674700063,0.014434075483825108,4339881.045145775,-462522.2992525033,0.0,1.669889265294834e-08
343,5121,318.1274,46.833336,-6.1666565,43200,0.07578232436005188,0.014434083516789506,4345926.351221016,-469559.8699535443,0.0,-5.5432960597239064e-08
133,5067,318.1274,46.66667,-6.0,21600,0.07578235981018284,0.014434069288436642,4360694.650219674,-458327.4764384654,0.0,1.9691305626862693e-08
553,5175,318.1274,46.91667,-6.0,64800,0.07578232731461837,0.014434081268019745,4340549.125536747,-456210.0964726406,0.0,-1.090469104458036e-10
203,5085,318.1274,46.75,-6.1666565,43200,0.07578233366698957,0.014434081039464234,4352639.653859386,-470285.21531356085,0.0,-8.493130394757575e-09
28,5040,318.1274,46.66667,-6.25,86400,0.07578230749418884,0.014434084598521756,4358653.3150161095,-477350.1729464703,0.0,8.746458114189607e-09
308,5112,318.1274,46.833336,-6.25,86400,0.07578227621665778,0.014434086403264724,4345238.723142079,-475881.0361998027,0.0,4.404996308276238e-08
343,5121,318.1274,46.833336,-6.1666565,64800,0.0757823614119158,0.014434069045744385,4345926.351221016,-469559.8699535443,0.0,-9.274720199119857e-09
133,5067,318.1274,46.66667,-6.0,43200,0.07578235326423449,0.014434079324023165,4360694.650219674,-458327.4764384654,0.0,-1.9836717140454827e-09
273,5103,318.1274,46.75,-6.0,21600,0.07578235796483523,0.014434072903824422,4353989.159796485,-457622.70099545474,0.0,1.7524216504164345e-08
273,5103,318.1274,46.75,-6.0,86400,0.07578233271963927,0.01443407723203725,4353989.159796485,-457622.70099545474,0.0,8.217000941062326e-09
63,5049,318.1274,46.66667,-6.1666565,43200,0.07578237632783223,0.014434075334687284,4359343.065935845,-471009.49203812674,0.0,2.4375735219249983e-08
168,5076,318.1274,46.75,-6.25,64800,0.07578233761612506,0.014434085330413097,4351950.96357759,-476616.1460837916,0.0,-7.103659660556962e-08
693,5211,318.1274,47.0,-6.0,64800,0.07619030978773336,0.014097761674446279,4333815.840058059,-455502.3996515776,0.0,2.207556937663101e-08
28,5040,318.1274,46.66667,-6.25,21600,0.07578235334311605,0.01443407060168935,4358653.3150161095,-477350.1729464703,0.0,2.750182561538889e-08
413,5139,318.1274,46.833336,-6.0,21600,0.07578236347636808,0.014434075398551018,4347273.775744883,-456916.88569019584,0.0,-2.078255726871494e-08
203,5085,318.1274,46.75,-6.1666565,64800,0.07578232445231955,0.014434084197706743,4352639.653859386,-470285.21531356085,0.0,-6.332609169222394e-08
98,5058,318.1274,46.66667,-6.0833282,43200,0.07578239242830093,0.014434065254338203,4360023.469108121,-464668.9756583009,0.0,1.320192813890598e-08
378,5130,318.1274,46.833336,-6.0833282,21600,0.07578239421011251,0.014434069760459124,4346604.66032198,-463238.8677294356,0.0,8.405219542747801e-11
273,5103,318.1274,46.75,-6.0,43200,0.07578234588462866,0.014434077091222814,4353989.159796485,-457622.70099545474,0.0,-2.669480104501225e-08
658,5202,318.1274,47.0,-6.0833282,64800,0.07578233601449388,0.014434072967969998,4333148.796028124,-461804.81061430223,0.0,4.227447656582385e-08
98,5058,318.1274,46.66667,-6.0833282,86400,0.07578234331457089,0.014434072629446987,4360023.469108121,-464668.9756583009,0.0,-6.5767512572165164e-09
448,5148,318.1274,46.91667,-6.25,43200,0.07578234226439849,0.014434080752255768,4338517.220887722,-475144.9119816816,0.0,-7.977033233919133e-08
63,5049,318.1274,46.66667,-6.1666565,21600,0.07578235510096615,0.014434072009747908,4359343.065935845,-471009.49203812674,0.0,9.107395857553074e-09
343,5121,318.1274,46.833336,-6.1666565,21600,0.07578239502154412,0.0144340702039395,4345926.351221016,-469559.8699535443,0.0,-1.241139755148297e-08
238,5094,318.1274,46.75,-6.0833282,64800,0.07578232478265685,0.014434076878320271,4353319.010767862,-463954.4488188505,0.0,-6.30059562210133e-08
518,5166,318.1274,46.91667,-6.0833282,86400,0.07578232424998438,0.014434074805124972,4339881.045145775,-462522.2992525033,0.0,1.1993878513495939e-08
378,5130,318.1274,46.833336,-6.0833282,86400,0.07578230816630588,0.01443408234525243,4346604.66032198,-463238.8677294356,0.0,2.765217258810587e-08
623,5193,318.1274,47.0,-6.1666565,64800,0.07578230903579249,0.014434074599888536,4332472.586781167,-468106.2447951276,0.0,5.410547017813647e-08
413,5139,318.1274,46.833336,-6.0,43200,0.07578235220298654,0.014434071346950225,4347273.775744883,-456916.88569019584,0.0,-3.0528243526532364e-08
308,5112,318.1274,46.833336,-6.25,64800,0.07578232899559269,0.014434083964037683,4345238.723142079,-475881.0361998027,0.0,-1.7361056177902903e-08
308,5112,318.1274,46.833336,-6.25,21600,0.07578243279123194,0.014434054988885931,4345238.723142079,-475881.0361998027,0.0,2.0186037182828513e-08
133,5067,318.1274,46.66667,-6.0,86400,0.07578232152981107,0.014434081207649472,4360694.650219674,-458327.4764384654,0.0,3.1345146044169745e-09
588,5184,318.1274,47.0,-6.25,86400,0.07578238916145229,0.014434065826606267,4331787.087405169,-474407.8424903363,0.0,3.934650133658925e-08
344,5301,380.213,46.833336,-6.1666565,86400,0.07585944714096804,0.014476168311021014,4345926.351221016,-469559.8699535443,0.0,4.5243262929878786e-08
274,5283,380.213,46.75,-6.0,43200,0.07585948023026273,0.014476166517119908,4353989.159796485,-457622.70099545474,0.0,-2.4777893511640482e-08
659,5382,380.213,47.0,-6.0833282,21600,0.07622940454050303,0.014257995282758364,4333148.796028124,-461804.81061430223,0.0,4.833363308562621e-09
414,5319,380.213,46.833336,-6.0,86400,0.07585947129476578,0.014476162180846826,4347273.775744883,-456916.88569019584,0.0,3.6940383617564024e-08
519,5346,380.213,46.91667,-6.0833282,43200,0.07585946026951575,0.014476168292963743,4339881.045145775,-462522.2992525033,0.0,-2.809541648728288e-08
554,5355,380.213,46.91667,-6.0,43200,0.07585946773652091,0.014476167124384775,4340549.125536747,-456210.0964726406,0.0,-1.543650664217203e-08
274,5283,380.213,46.75,-6.0,86400,0.07585946573871322,0.014476166991714072,4353989.159796485,-457622.70099545474,0.0,8.301766608170288e-09
64,5229,380.213,46.66667,-6.1666565,43200,0.07585950731077783,0.014476165061713061,4359343.065935845,-471009.49203812674,0.0,2.1153087523747797e-08
484,5337,380.213,46.91667,-6.1666565,43200,0.07585946281769636,0.014476168424463235,4339203.78529813,-468833.52373287774,0.0,-3.308830477983362e-08
99,5238,380.213,46.66667,-6.0833282,43200,0.07585952238166153,0.014476155670950312,4360023.469108121,-464668.9756583009,0.0,1.1772057900364174e-08
449,5328,380.213,46.91667,-6.25,43200,0.07585947485365509,0.0144761702003531,4338517.220887722,-475144.9119816816,0.0,-7.54148291860194e-08
29,5220,380.213,46.66667,-6.25,43200,0.0758595112215311,0.014476160774879898,4358653.3150161095,-477350.1729464703,0.0,1.2761577083459517e-08
309,5292,380.213,46.833336,-6.25,43200,0.07585948904224143,0.01447616781343678,4345238.723142079,-475881.0361998027,0.0,-6.931796546364915e-08
379,5310,380.213,46.833336,-6.0833282,86400,0.07585944445169013,0.014476171438303069,4346604.66032198,-463238.8677294356,0.0,2.5986839680561567e-08
379,5310,380.213,46.833336,-6.0833282,43200,0.0758594663392456,0.014476168567399564,4346604.66032198,-463238.8677294356,0.0,-1.7882917011338733e-08
134,5247,380.213,46.66667,-6.0,43200,0.07585948663689158,0.014476168579120912,4360694.650219674,-458327.4764384654,0.0,-2.2783974313408278e-09
694,5391,380.213,47.0,-6.0,21600,0.07619361631535022,0.014054668688134722,4333815.840058059,-455502.3996515776,0.0,2.396565040356413e-09
344,5301,380.213,46.833336,-6.1666565,43200,0.0758594592449109,0.014476172461121248,4345926.351221016,-469559.8699535443,0.0,-4.977239365605536e-08
169,5256,380.213,46.75,-6.25,43200,0.07585949832420613,0.014476163380452017,4351950.96357759,-476616.1460837916,0.0,-3.1842593398306035e-08
204,5265,380.213,46.75,-6.1666565,43200,0.07585946933438432,0.01447617003125942,4352639.653859386,-470285.21531356085,0.0,-7.739640992140287e-09
414,5319,380.213,46.833336,-6.0,43200,0.07585948454355607,0.014476161616559683,4347273.775744883,-456916.88569019584,0.0,-2.7918736439928093e-08
309,5292,380.213,46.833336,-6.25,86400,0.07585941492405882,0.014476175130237292,4345238.723142079,-475881.0361998027,0.0,4.223117692788013e-08
99,5238,380.213,46.66667,-6.0833282,64800,0.07585944429361295,0.014476172272840026,4360023.469108121,-464668.9756583009,0.0,-2.8584281726948173e-08
624,5373,380.213,47.0,-6.1666565,86400,0.07622943195215605,0.014257987310485989,4332472.586781167,-468106.2447951276,0.0,-1.8630391597280526e-08
414,5319,380.213,46.833336,-6.0,64800,0.07585945536104595,0.014476175120704425,4347273.775744883,-456916.88569019584,0.0,-1.519353159258016e-08
379,5310,380.213,46.833336,-6.0833282,64800,0.07585948678348506,0.014476158996972362,4346604.66032198,-463238.8677294356,0.0,-2.745802898669659e-08
239,5274,380.213,46.75,-6.0833282,21600,0.07585949674014358,0.014476163893930482,4353319.010767862,-463954.4488188505,0.0,-1.099539588788719e-08
344,5301,380.213,46.833336,-6.1666565,64800,0.07585949057636134,0.014476159782381062,4345926.351221016,-469559.8699535443,0.0,-8.862010219103614e-09
99,5238,380.213,46.66667,-6.0833282,86400,0.07585947552166714,0.0144761628108147,4360023.469108121,-464668.9756583009,0.0,-6.945000577859391e-09
274,5283,380.213,46.75,-6.0,21600,0.07585949050972358,0.014476162717370993,4353989.159796485,-457622.70099545474,0.0,1.6057648282341738e-08
554,5355,380.213,46.91667,-6.0,86400,0.07585945865796799,0.014476167727781005,4340549.125536747,-456210.0964726406,0.0,4.405899764816671e-08
309,5292,380.213,46.833336,-6.25,64800,0.07585946075531734,0.014476173618870316,4345238.723142079,-475881.0361998027,0.0,-1.6745134222092107e-08
239,5274,380.213,46.75,-6.0833282,86400,0.0758594588722399,0.01447616850404022,4353319.010767862,-463954.4488188505,0.0,3.0210946660138695e-08
274,5283,380.213,46.75,-6.0,64800,0.07585945760474805,0.014476170507040292,4353989.159796485,-457622.70099545474,0.0,-1.8741379798385344e-08
519,5346,380.213,46.91667,-6.0833282,86400,0.07585945926747807,0.014476164706343591,4339881.045145775,-462522.2992525033,0.0,1.1893154024875547e-08
239,5274,380.213,46.75,-6.0833282,64800,0.07585945993941907,0.014476166361570435,4353319.010767862,-463954.4488188505,0.0,-5.700697565361002e-08
134,5247,380.213,46.66667,-6.0,86400,0.07585945592252237,0.014476170520040814,4360694.650219674,-458327.4764384654,0.0,3.1576710747980797e-09
344,5301,380.213,46.833336,-6.1666565,21600,0.07585952400934012,0.014476160286321805,4345926.351221016,-469559.8699535443,0.0,-1.0437872237604383e-08
309,5292,380.213,46.833336,-6.25,21600,0.07585955814130926,0.014476146407363303,4345238.723142079,-475881.0361998027,0.0,1.874842834332252e-08
449,5328,380.213,46.91667,-6.25,64800,0.0758594206694285,0.01447618026920528,4338517.220887722,-475144.9119816816,0.0,2.94550436381013e-08
204,5265,380.213,46.75,-6.1666565,21600,0.07585950727828969,0.014476161317299315,4352639.653859386,-470285.21531356085,0.0,4.722949267135554e-09
64,5229,380.213,46.66667,-6.1666565,86400,0.07585946040808488,0.014476167063575315,4359343.065935845,-471009.49203812674,0.0,7.77915632809279e-09
694,5391,380.213,47.0,-6.0,64800,0.07619357424815054,0.014054675861143996,4333815.840058059,-455502.3996515776,0.0,2.1207922135730954e-08
29,5220,380.213,46.66667,-6.25,21600,0.07585948593448832,0.014476160598791877,4358653.3150161095,-477350.1729464703,0.0,2.6611217734185867e-08
659,5382,380.213,47.0,-6.0833282,64800,0.07622938967596056,0.014257993865897814,4333148.796028124,-461804.81061430223,0.0,3.869630559836473e-08
64,5229,380.213,46.66667,-6.1666565,21600,0.07585948705589908,0.014476162024043372,4359343.065935845,-471009.49203812674,0.0,8.753130553300441e-09
624,5373,380.213,47.0,-6.1666565,64800,0.07622936602137034,0.014257994842907528,4332472.586781167,-468106.2447951276,0.0,5.055153557703696e-08
99,5238,380.213,46.66667,-6.0833282,21600,0.07585945504480036,0.014476174425903977,4360023.469108121,-464668.9756583009,0.0,1.4429389140664931e-08
589,5364,380.213,47.0,-6.25,64800,0.07622931643497986,0.014258016077672712,4331787.087405169,-474407.8424903363,0.0,3.961991113203003e-08
29,5220,380.213,46.66667,-6.25,86400,0.07585944214390195,0.014476173881152906,4358653.3150161095,-477350.1729464703,0.0,7.378127057287068e-09
589,5364,380.213,47.0,-6.25,86400,0.07622943880057477,0.014257987008727123,4331787.087405169,-474407.8424903363,0.0,3.806773581218355e-08
554,5355,380.213,46.91667,-6.0,64800,0.0758594610919217,0.014476170630991077,4340549.125536747,-456210.0964726406,0.0,6.194996429445603e-11
134,5247,380.213,46.66667,-6.0,21600,0.07585949169367848,0.014476159427224541,4360694.650219674,-458327.4764384654,0.0,1.8137343473414975e-08
519,5346,380.213,46.91667,-6.0833282,64800,0.07585947820658541,0.01447616529962217,4339881.045145775,-462522.2992525033,0.0,1.5315497238416264e-08
694,5391,380.213,47.0,-6.0,86400,0.07619357901056599,0.014054683200155273,4333815.840058059,-455502.3996515776,0.0,3.4436158890720368e-09
484,5337,380.213,46.91667,-6.1666565,64800,0.07585946181794763,0.014476165640866116,4339203.78529813,-468833.52373287774,0.0,4.882003802400139e-08
169,5256,380.213,46.75,-6.25,21600,0.07585952914971643,0.014476153681049734,4351950.96357759,-476616.1460837916,0.0,1.9766227310917756e-08
379,5310,380.213,46.833336,-6.0833282,21600,0.07585952245225734,0.01447616022057887,4346604.66032198,-463238.8677294356,0.0,2.9076922040664143e-10
204,5265,380.213,46.75,-6.1666565,64800,0.07585945903845942,0.014476173176457451,4352639.653859386,-470285.21531356085,0.0,-5.7145993233940695e-08
239,5274,380.213,46.75,-6.0833282,43200,0.07585949355159952,0.014476161478611098,4353319.010767862,-463954.4488188505,0.0,8.287439352669838e-09
659,5382,380.213,47.0,-6.0833282,43200,0.07622938717991791,0.014257997581289346,4333148.796028124,-461804.81061430223,0.0,-3.107024461257045e-08
659,5382,380.213,47.0,-6.0833282,86400,0.07622940354672413,0.014257997408915389,4333148.796028124,-461804.81061430223,0.0,-4.386225848110906e-09
64,5229,380.213,46.66667,-6.1666565,64800,0.07585944697166677,0.01447617161356355,4359343.065935845,-471009.49203812674,0.0,-3.506285557198777e-08
519,5346,380.213,46.91667,-6.0833282,21600,0.0758595101070959,0.014476165401601697,4339881.045145775,-462522.2992525033,0.0,4.083823949534125e-09
484,5337,380.213,46.91667,-6.1666565,21600,0.0758595204017608,0.014476163671349277,4339203.78529813,-468833.52373287774,0.0,-5.422273722289013e-09
554,5355,380.213,46.91667,-6.0,21600,0.07585951720182944,0.014476157648036333,4340549.125536747,-456210.0964726406,0.0,-2.7957636897122182e-08
449,5328,380.213,46.91667,-6.25,21600,0.075859539689655,0.014476151525538205,4338517.220887722,-475144.9119816816,0.0,1.3363315967419991e-08
589,5364,380.213,47.0,-6.25,21600,0.07622941395104699,0.014257991015457442,4331787.087405169,-474407.8424903363,0.0,-2.628054818108424e-08
449,5328,380.213,46.91667,-6.25,86400,0.07585945582453249,0.014476166547880467,4338517.220887722,-475144.9119816816,0.0,3.24106372616866e-08
169,5256,380.213,46.75,-6.25,86400,0.07585941909125553,0.014476174353477374,4351950.96357759,-476616.1460837916,0.0,3.479702714409685e-08
29,5220,380.213,46.66667,-6.25,64800,0.07585947131510051,0.014476166012955795,4358653.3150161095,-477350.1729464703,0.0,-7.699567042871739e-08
484,5337,380.213,46.91667,-6.1666565,86400,0.07585945649342732,0.014476165822661561,4339203.78529813,-468833.52373287774,0.0,8.214000368811986e-09
694,5391,380.213,47.0,-6.0,43200,0.07619356066814763,0.01405468309477414,4333815.840058059,-455502.3996515776,0.0,-2.4306292389118833e-08
624,5373,380.213,47.0,-6.1666565,21600,0.07622939085320175,0.014258004334986484,4332472.586781167,-468106.2447951276,0.0,-8.221982988392064e-09
204,5265,380.213,46.75,-6.1666565,86400,0.07585946003296201,0.014476163870348968,4352639.653859386,-470285.21531356085,0.0,2.9060770553988394e-08
134,5247,380.213,46.66667,-6.0,64800,0.07585946543291329,0.014476165920507872,4360694.650219674,-458327.4764384654,0.0,-2.0356587043620346e-08
414,5319,380.213,46.833336,-6.0,21600,0.07585949575918598,0.014476164944267568,4347273.775744883,-456916.88569019584,0.0,-1.7941113923722514e-08
169,5256,380.213,46.75,-6.25,64800,0.07585947042504686,0.014476174288211525,4351950.96357759,-476616.1460837916,0.0,-6.494866185847604e-08
589,5364,380.213,47.0,-6.25,43200,0.0762293762288822,0.01425800384479013,4331787.087405169,-474407.8424903363,0.0,-5.742889563369685e-08
624,5373,380.213,47.0,-6.1666565,43200,0.07622936807715844,0.014258003616934928,4332472.586781167,-468106.2447951276,0.0,-1.2766528349323529e-08
450,5508,453.9377,46.91667,-6.25,86400,0.07594554388035216,0.014510816103029078,4338517.220887722,-475144.9119816816,0.0,3.2053241022467916e-08
135,5427,453.9377,46.66667,-6.0,21600,0.07594557672490136,0.014510809423519596,4360694.650219674,-458327.4764384654,0.0,1.6489686763987236e-08
695,5571,453.9377,47.0,-6.0,86400,0.07620465962354067,0.013998063383972494,4333815.840058059,-455502.3996515776,0.0,4.229776144555043e-09
205,5445,453.9377,46.75,-6.1666565,43200,0.07594555816619432,0.014510818834572932,4352639.653859386,-470285.21531356085,0.0,-7.114284633048302e-09
65,5409,453.9377,46.66667,-6.1666565,43200,0.07594559131666286,0.014510814604444531,4359343.065935845,-471009.49203812674,0.0,1.7851394046899025e-08
590,5544,453.9377,47.0,-6.25,86400,0.07621572800710184,0.014232266640723317,4331787.087405169,-474407.8424903363,0.0,3.653601911158311e-08
100,5418,453.9377,46.66667,-6.0833282,21600,0.07594554443665004,0.01451082276455791,4360023.469108121,-464668.9756583009,0.0,1.4287112461569464e-08
590,5544,453.9377,47.0,-6.25,21600,0.07621570835001529,0.014232269682383248,4331787.087405169,-474407.8424903363,0.0,-2.5713690799734867e-08
65,5409,453.9377,46.66667,-6.1666565,21600,0.07594557224298269,0.014510811864326515,4359343.065935845,-471009.49203812674,0.0,8.386964441471131e-09
625,5553,453.9377,47.0,-6.1666565,21600,0.07621568501930205,0.014232282437375034,4332472.586781167,-468106.2447951276,0.0,-9.518283831030513e-09
30,5400,453.9377,46.66667,-6.25,21600,0.07594557172749059,0.01451081043971443,4358653.3150161095,-477350.1729464703,0.0,2.5517860565345625e-08
415,5499,453.9377,46.833336,-6.0,86400,0.0759455580170229,0.014510812083102178,4347273.775744883,-456916.88569019584,0.0,3.3152788820404406e-08
345,5481,453.9377,46.833336,-6.1666565,86400,0.0759455361960043,0.014510817599558638,4345926.351221016,-469559.8699535443,0.0,4.078920146238679e-08
555,5535,453.9377,46.91667,-6.0,21600,0.07594559950740609,0.01451080785436697,4340549.125536747,-456210.0964726406,0.0,-2.4465264941328393e-08
520,5526,453.9377,46.91667,-6.0833282,21600,0.07594559306262345,0.014510814850970126,4339881.045145775,-462522.2992525033,0.0,3.0009161358153232e-09
170,5436,453.9377,46.75,-6.25,43200,0.07594558379128098,0.014510812951269415,4351950.96357759,-476616.1460837916,0.0,-2.8192225877313006e-08
345,5481,453.9377,46.833336,-6.1666565,21600,0.07594560603101555,0.01451081020666841,4345926.351221016,-469559.8699535443,0.0,-8.503796914040414e-09
415,5499,453.9377,46.833336,-6.0,21600,0.0759455811373303,0.014510814306664918,4347273.775744883,-456916.88569019584,0.0,-1.5127902233001343e-08
380,5490,453.9377,46.833336,-6.0833282,86400,0.07594553415899966,0.014510820302863554,4346604.66032198,-463238.8677294356,0.0,2.4041372226542584e-08
625,5553,453.9377,47.0,-6.1666565,86400,0.07621572325023089,0.014232266651353713,4332472.586781167,-468106.2447951276,0.0,-1.490876869931238e-08
520,5526,453.9377,46.91667,-6.0833282,86400,0.07594554766071972,0.014510814395468693,4339881.045145775,-462522.2992525033,0.0,1.1635616454981194e-08
485,5517,453.9377,46.91667,-6.1666565,86400,0.07594554663624348,0.01451081487246192,4339203.78529813,-468833.52373287774,0.0,8.87591151346234e-09
310,5472,453.9377,46.833336,-6.25,21600,0.0759456364011504,0.014510797724850569,4345238.723142079,-475881.0361998027,0.0,1.7166362368584265e-08
275,5463,453.9377,46.75,-6.0,21600,0.0759455762571496,0.014510812346613056,4353989.159796485,-457622.70099545474,0.0,1.4488148448108186e-08
695,5571,453.9377,47.0,-6.0,21600,0.07620469180981292,0.013998050530891247,4333815.840058059,-455502.3996515776,0.0,9.00807834222461e-10
100,5418,453.9377,46.66667,-6.0833282,43200,0.07594560516241824,0.014510805993799853,4360023.469108121,-464668.9756583009,0.0,1.0280631541416044e-08
240,5454,453.9377,46.75,-6.0833282,21600,0.07594558109600531,0.014510813691625863,4353319.010767862,-463954.4488188505,0.0,-8.438814138949133e-09
30,5400,453.9377,46.66667,-6.25,43200,0.0759455962092823,0.014510810417693566,4358653.3150161095,-477350.1729464703,0.0,1.175508398492311e-08
485,5517,453.9377,46.91667,-6.1666565,21600,0.07594560119773057,0.014510813779868563,4339203.78529813,-468833.52373287774,0.0,-5.4254725278859226e-09
135,5427,453.9377,46.66667,-6.0,43200,0.07594557309803512,0.014510817634135765,4360694.650219674,-458327.4764384654,0.0,-2.5672998615261456e-09
555,5535,453.9377,46.91667,-6.0,86400,0.07594554797083378,0.014510816878180057,4340549.125536747,-456210.0964726406,0.0,3.957407369222065e-08
205,5445,453.9377,46.75,-6.1666565,21600,0.07594559132699998,0.01451081112821567,4352639.653859386,-470285.21531356085,0.0,4.074233766334839e-09
380,5490,453.9377,46.833336,-6.0833282,21600,0.07594560376711142,0.014510810497413726,4346604.66032198,-463238.8677294356,0.0,4.977683306394063e-10
170,5436,453.9377,46.75,-6.25,21600,0.07594561067239974,0.01451080429826923,4351950.96357759,-476616.1460837916,0.0,1.920502199419473e-08
450,5508,453.9377,46.91667,-6.25,21600,0.07594562069429686,0.01451080203130269,4338517.220887722,-475144.9119816816,0.0,1.0219066081566121e-08
660,5562,453.9377,47.0,-6.0833282,21600,0.07621569774322838,0.014232273974182627,4333148.796028124,-461804.81061430223,0.0,3.212638755749881e-09
660,5562,453.9377,47.0,-6.0833282,43200,0.07621568080316646,0.014232276293379422,4333148.796028124,-461804.81061430223,0.0,-2.8445617590927178e-08
450,5508,453.9377,46.91667,-6.25,43200,0.07594556073849965,0.014510819420323378,4338517.220887722,-475144.9119816816,0.0,-7.036316561522754e-08
65,5409,453.9377,46.66667,-6.1666565,86400,0.07594554766242922,0.014510816445881326,4359343.065935845,-471009.49203812674,0.0,6.988345668065092e-09
450,5508,453.9377,46.91667,-6.25,64800,0.07594551028137445,0.014510828903715274,4338517.220887722,-475144.9119816816,0.0,2.552681511602436e-08
65,5409,453.9377,46.66667,-6.1666565,64800,0.07594553787463998,0.01451082035444039,4359343.065935845,-471009.49203812674,0.0,-3.232814415224359e-08
380,5490,453.9377,46.833336,-6.0833282,43200,0.07594555375680741,0.01451081777569584,4346604.66032198,-463238.8677294356,0.0,-1.600835685409143e-08
555,5535,453.9377,46.91667,-6.0,43200,0.07594555400515782,0.014510816636132007,4340549.125536747,-456210.0964726406,0.0,-1.4867952025818731e-08
415,5499,453.9377,46.833336,-6.0,64800,0.07594554272441974,0.014510823766313423,4347273.775744883,-456916.88569019584,0.0,-1.3421803404753902e-08
240,5454,453.9377,46.75,-6.0833282,43200,0.07594557905432102,0.014510811374675959,4353319.010767862,-463954.4488188505,0.0,7.603663623184595e-09
380,5490,453.9377,46.833336,-6.0833282,64800,0.07594557057256264,0.014510809400277758,4346604.66032198,-463238.8677294356,0.0,-2.407075224786653e-08
415,5499,453.9377,46.833336,-6.0,43200,0.07594557006763766,0.01451081170810545,4347273.775744883,-456916.88569019584,0.0,-2.5204196786630086e-08
170,5436,453.9377,46.75,-6.25,86400,0.07594551033112311,0.014510822968512156,4351950.96357759,-476616.1460837916,0.0,3.1522221804753434e-08
345,5481,453.9377,46.833336,-6.1666565,64800,0.07594557304276715,0.014510810338330328,4345926.351221016,-469559.8699535443,0.0,-8.295708430085247e-09
100,5418,453.9377,46.66667,-6.0833282,86400,0.07594556098697253,0.014510812818550437,4360023.469108121,-464668.9756583009,0.0,-7.117491008582974e-09
100,5418,453.9377,46.66667,-6.0833282,64800,0.07594553560355127,0.014510820762885693,4360023.469108121,-464668.9756583009,0.0,-2.664093404787622e-08
310,5472,453.9377,46.833336,-6.25,64800,0.07594554601598906,0.014510822991982563,4345238.723142079,-475881.0361998027,0.0,-1.5996029954922997e-08
625,5553,453.9377,47.0,-6.1666565,43200,0.07621566392847536,0.014232281695528391,4332472.586781167,-468106.2447951276,0.0,-1.2291921767802819e-08
135,5427,453.9377,46.66667,-6.0,64800,0.07594555325948438,0.01451081557552109,4360694.650219674,-458327.4764384654,0.0,-1.9262181692337724e-08
520,5526,453.9377,46.91667,-6.0833282,43200,0.07594554765120344,0.014510817565671947,4339881.045145775,-462522.2992525033,0.0,-2.5976257731846134e-08
275,5463,453.9377,46.75,-6.0,64800,0.0759455455220362,0.014510819673745078,4353989.159796485,-457622.70099545474,0.0,-1.7125360394879536e-08
240,5454,453.9377,46.75,-6.0833282,64800,0.07594554835300062,0.014510815667124975,4353319.010767862,-463954.4488188505,0.0,-5.0723933949955735e-08
135,5427,453.9377,46.66667,-6.0,86400,0.07594554373001909,0.014510819602476667,4360694.650219674,-458327.4764384654,0.0,3.1327129692367086e-09
170,5436,453.9377,46.75,-6.25,64800,0.07594555651320882,0.014510823015764384,4351950.96357759,-476616.1460837916,0.0,-5.853271262938464e-08
275,5463,453.9377,46.75,-6.0,86400,0.07594555215718846,0.014510816527556104,4353989.159796485,-457622.70099545474,0.0,8.260649186266095e-09
485,5517,453.9377,46.91667,-6.1666565,43200,0.07594554934024292,0.014510817902820286,4339203.78529813,-468833.52373287774,0.0,-3.076732750280892e-08
30,5400,453.9377,46.66667,-6.25,64800,0.07594555926862469,0.014510815522077178,4358653.3150161095,-477350.1729464703,0.0,-6.940668947011216e-08
345,5481,453.9377,46.833336,-6.1666565,43200,0.07594554749907119,0.01451082118800189,4345926.351221016,-469559.8699535443,0.0,-4.397200464944251e-08
205,5445,453.9377,46.75,-6.1666565,64800,0.07594554694859758,0.014510821917725259,4352639.653859386,-470285.21531356085,0.0,-5.063056905362949e-08
310,5472,453.9377,46.833336,-6.25,86400,0.0759455072442852,0.014510823620758588,4345238.723142079,-475881.0361998027,0.0,3.9918842982510445e-08
310,5472,453.9377,46.833336,-6.25,43200,0.07594557373321083,0.014510817270649947,4345238.723142079,-475881.0361998027,0.0,-6.336202811112942e-08
485,5517,453.9377,46.91667,-6.1666565,64800,0.07594554837277975,0.014510815162188303,4339203.78529813,-468833.52373287774,0.0,4.29789218312302e-08
590,5544,453.9377,47.0,-6.25,43200,0.0762156712510776,0.014232281976709121,4331787.087405169,-474407.8424903363,0.0,-5.3820275149498946e-08
590,5544,453.9377,47.0,-6.25,64800,0.07621561718954961,0.01423229296296924,4331787.087405169,-474407.8424903363,0.0,3.6218631795871184e-08
30,5400,453.9377,46.66667,-6.25,86400,0.07594553035240971,0.014510822893288887,4358653.3150161095,-477350.1729464703,0.0,5.980548204657579e-09
660,5562,453.9377,47.0,-6.0833282,64800,0.07621568322626363,0.014232273109106316,4333148.796028124,-461804.81061430223,0.0,3.481998176827094e-08
625,5553,453.9377,47.0,-6.1666565,64800,0.07621566302552871,0.01423227346694169,4332472.586781167,-468106.2447951276,0.0,4.656688542702503e-08
205,5445,453.9377,46.75,-6.1666565,86400,0.07594554678612893,0.014510813679299276,4352639.653859386,-470285.21531356085,0.0,2.7023403878683676e-08
660,5562,453.9377,47.0,-6.0833282,86400,0.0762156969077151,0.014232276027233587,4333148.796028124,-461804.81061430223,0.0,-3.1048387961388994e-09
695,5571,453.9377,47.0,-6.0,43200,0.07620464140285318,0.01399806344198325,4333815.840058059,-455502.3996515776,0.0,-2.238985457406584e-08
520,5526,453.9377,46.91667,-6.0833282,64800,0.07594556300350823,0.01451081491877583,4339881.045145775,-462522.2992525033,0.0,1.3797727975936151e-08
275,5463,453.9377,46.75,-6.0,43200,0.07594556761888027,0.014510815774323822,4353989.159796485,-457622.70099545474,0.0,-2.2669970199499934e-08
695,5571,453.9377,47.0,-6.0,64800,0.076204654547256,0.01399805693885151,4333815.840058059,-455502.3996515776,0.0,2.0012598499959092e-08
555,5535,453.9377,46.91667,-6.0,64800,0.07594554821235053,0.014510819770805573,4340549.125536747,-456210.0964726406,0.0,1.9200647818515568e-10
240,5454,453.9377,46.75,-6.0833282,86400,0.0759455466802316,0.014510817649883288,4353319.010767862,-463954.4488188505,0.0,2.683810324339612e-08
626,5733,541.0889,47.0,-6.1666565,43200,0.07620208558198281,0.014195096654860984,4332472.586781167,-468106.2447951276,0.0,-1.1576645788358486e-08
416,5679,541.0889,46.833336,-6.0,21600,0.0760382174846005,0.014533906771350271,4347273.775744883,-456916.88569019584,0.0,-1.2431233147111857e-08
136,5607,541.0889,46.66667,-6.0,64800,0.07603819218878662,0.014533908302991942,4360694.650219674,-458327.4764384654,0.0,-1.7893140190293577e-08
171,5616,541.0889,46.75,-6.25,64800,0.0760381937913831,0.014533914804810309,4351950.96357759,-476616.1460837916,0.0,-5.1917792781355834e-08
591,5724,541.0889,47.0,-6.25,21600,0.07620212804831125,0.014195085349286663,4331787.087405169,-474407.8424903363,0.0,-2.4850683407903102e-08
661,5742,541.0889,47.0,-6.0833282,43200,0.07620210030006472,0.014195091877135987,4333148.796028124,-461804.81061430223,0.0,-2.552864349354213e-08
101,5598,541.0889,46.66667,-6.0833282,64800,0.07603817790190902,0.014533912354809537,4360023.469108121,-464668.9756583009,0.0,-2.44855461222996e-08
451,5688,541.0889,46.91667,-6.25,86400,0.0760381832788059,0.014533908693902989,4338517.220887722,-475144.9119816816,0.0,3.1245320550559685e-08
626,5733,541.0889,47.0,-6.1666565,86400,0.07620213992385542,0.014195082966904872,4332472.586781167,-468106.2447951276,0.0,-1.1308199234482301e-08
171,5616,541.0889,46.75,-6.25,86400,0.07603815297308618,0.014533914656261592,4351950.96357759,-476616.1460837916,0.0,2.806232037635422e-08
556,5715,541.0889,46.91667,-6.0,21600,0.07603823275637842,0.014533901203706796,4340549.125536747,-456210.0964726406,0.0,-2.102667984448465e-08
206,5625,541.0889,46.75,-6.1666565,86400,0.0760381848859998,0.01453390657384133,4352639.653859386,-470285.21531356085,0.0,2.471131703843363e-08
66,5589,541.0889,46.66667,-6.1666565,64800,0.07603817972841967,0.01453391220240107,4359343.065935845,-471009.49203812674,0.0,-2.934663176218677e-08
696,5751,541.0889,47.0,-6.0,43200,0.076230233338358,0.013923997342207235,4333815.840058059,-455502.3996515776,0.0,-2.0280452947838443e-08
381,5670,541.0889,46.833336,-6.0833282,21600,0.0760382361490486,0.014533903845657708,4346604.66032198,-463238.8677294356,0.0,6.936376822373592e-10
31,5580,541.0889,46.66667,-6.25,64800,0.07603819815915112,0.014533908126895919,4358653.3150161095,-477350.1729464703,0.0,-6.15484995752291e-08
521,5706,541.0889,46.91667,-6.0833282,21600,0.07603822704180763,0.014533907404266244,4339881.045145775,-462522.2992525033,0.0,1.9573134984124655e-09
486,5697,541.0889,46.91667,-6.1666565,86400,0.0760381877584667,0.014533907065365337,4339203.78529813,-468833.52373287774,0.0,9.29114525398367e-09
486,5697,541.0889,46.91667,-6.1666565,21600,0.07603823322694761,0.014533906910702353,4339203.78529813,-468833.52373287774,0.0,-5.428098136047512e-09
241,5634,541.0889,46.75,-6.0833282,43200,0.0760382155212399,0.01453390436908166,4353319.010767862,-463954.4488188505,0.0,6.714818168891229e-09
346,5661,541.0889,46.833336,-6.1666565,21600,0.07603823902666713,0.014533903241738146,4345926.351221016,-469559.8699535443,0.0,-6.6838708951078395e-09
696,5751,541.0889,47.0,-6.0,64800,0.07623024565163625,0.013923991661043855,4333815.840058059,-455502.3996515776,0.0,1.8490942720013036e-08
661,5742,541.0889,47.0,-6.0833282,64800,0.07620210261267675,0.01419508922758854,4333148.796028124,-461804.81061430223,0.0,3.072567292274241e-08
31,5580,541.0889,46.66667,-6.25,21600,0.07603820859608611,0.014533903402369847,4358653.3150161095,-477350.1729464703,0.0,2.4196109278815862e-08
626,5733,541.0889,47.0,-6.1666565,64800,0.07620208586161,0.014195089020051226,4332472.586781167,-468106.2447951276,0.0,4.219621746826733e-08
66,5589,541.0889,46.66667,-6.1666565,21600,0.07603820857102409,0.014533904803237012,4359343.065935845,-471009.49203812674,0.0,8.00370306991415e-09
696,5751,541.0889,47.0,-6.0,86400,0.07623025109863336,0.013923997157773848,4333815.840058059,-455502.3996515776,0.0,4.921750441312521e-09
591,5724,541.0889,47.0,-6.25,64800,0.07620204407243315,0.014195106676542781,4331787.087405169,-474407.8424903363,0.0,3.261801459409214e-08
101,5598,541.0889,46.66667,-6.0833282,21600,0.07603818492830018,0.014533914199758953,4360023.469108121,-464668.9756583009,0.0,1.3921440109946674e-08
31,5580,541.0889,46.66667,-6.25,86400,0.07603817000333189,0.01453391491353462,4358653.3150161095,-477350.1729464703,0.0,4.603543935834757e-09
591,5724,541.0889,47.0,-6.25,86400,0.07620214274643308,0.014195083216830887,4331787.087405169,-474407.8424903363,0.0,3.4708013053838205e-08
556,5715,541.0889,46.91667,-6.0,64800,0.07603818656558362,0.014533911969043368,4340549.125536747,-456210.0964726406,0.0,2.7915845005586485e-10
521,5706,541.0889,46.91667,-6.0833282,64800,0.07603819909626268,0.014533907613459747,4339881.045145775,-462522.2992525033,0.0,1.2175498427909168e-08
136,5607,541.0889,46.66667,-6.0,21600,0.07603821280871358,0.014533902549280484,4360694.650219674,-458327.4764384654,0.0,1.4778273226961487e-08
486,5697,541.0889,46.91667,-6.1666565,64800,0.07603818632034623,0.014533907744978838,4339203.78529813,-468833.52373287774,0.0,3.705943040562468e-08
171,5616,541.0889,46.75,-6.25,21600,0.0760382431057221,0.014533898042312737,4351950.96357759,-476616.1460837916,0.0,1.8430010007973052e-08
66,5589,541.0889,46.66667,-6.1666565,86400,0.07603818621066942,0.014533908892402934,4359343.065935845,-471009.49203812674,0.0,6.148949595915005e-09
451,5688,541.0889,46.91667,-6.25,64800,0.07603815159077575,0.014533920487656912,4338517.220887722,-475144.9119816816,0.0,2.1559396551095668e-08
136,5607,541.0889,46.66667,-6.0,86400,0.07603818282753542,0.014533911737591478,4360694.650219674,-458327.4764384654,0.0,3.050167303213724e-09
241,5634,541.0889,46.75,-6.0833282,64800,0.07603818785234884,0.014533908079867888,4353319.010767862,-463954.4488188505,0.0,-4.430420659400891e-08
521,5706,541.0889,46.91667,-6.0833282,86400,0.07603818726459305,0.014533907143619223,4339881.045145775,-462522.2992525033,0.0,1.1203132781902783e-08
276,5643,541.0889,46.75,-6.0,64800,0.07603818467732111,0.01453391188928467,4353989.159796485,-457622.70099545474,0.0,-1.5384447642878778e-08
311,5652,541.0889,46.833336,-6.25,21600,0.07603826560944622,0.014533892186405705,4345238.723142079,-475881.0361998027,0.0,1.54631347924944e-08
311,5652,541.0889,46.833336,-6.25,64800,0.0760381827704588,0.014533915341986132,4345238.723142079,-475881.0361998027,0.0,-1.5109142573464617e-08
206,5625,541.0889,46.75,-6.1666565,64800,0.07603818603584246,0.014533913715963858,4352639.653859386,-470285.21531356085,0.0,-4.394560748351377e-08
276,5643,541.0889,46.75,-6.0,21600,0.07603821306298313,0.014533905074522754,4353989.159796485,-457622.70099545474,0.0,1.2844305587751823e-08
241,5634,541.0889,46.75,-6.0833282,21600,0.07603821655898113,0.014533906560381072,4353319.010767862,-463954.4488188505,0.0,-5.991241454942098e-09
346,5661,541.0889,46.833336,-6.1666565,64800,0.07603820685390265,0.014533903953945567,4345926.351221016,-469559.8699535443,0.0,-7.58904275427185e-09
381,5670,541.0889,46.833336,-6.0833282,64800,0.07603820565789148,0.014533902874617406,4346604.66032198,-463238.8677294356,0.0,-2.0705176559591713e-08
416,5679,541.0889,46.833336,-6.0,64800,0.07603818146378477,0.01453391544705478,4347273.775744883,-456916.88569019584,0.0,-1.16585429046902e-08
556,5715,541.0889,46.91667,-6.0,86400,0.07603818826990862,0.014533909136274262,4340549.125536747,-456210.0964726406,0.0,3.4985273122999087e-08
206,5625,541.0889,46.75,-6.1666565,21600,0.07603822630202087,0.014533904049528703,4352639.653859386,-470285.21531356085,0.0,3.522166977005277e-09
101,5598,541.0889,46.66667,-6.0833282,86400,0.07603819763607855,0.014533905914124554,4360023.469108121,-464668.9756583009,0.0,-7.063982281817235e-09
661,5742,541.0889,47.0,-6.0833282,86400,0.07620211592852533,0.014195091537519125,4333148.796028124,-461804.81061430223,0.0,-1.8475833262128556e-09
451,5688,541.0889,46.91667,-6.25,21600,0.07603825257514658,0.01453389571189378,4338517.220887722,-475144.9119816816,0.0,7.2776426572793186e-09
381,5670,541.0889,46.833336,-6.0833282,43200,0.07603819244305401,0.014533910035776202,4346604.66032198,-463238.8677294356,0.0,-1.416129791751506e-08
311,5652,541.0889,46.833336,-6.25,86400,0.07603815095160289,0.0145339151727742,4345238.723142079,-475881.0361998027,0.0,3.711050691800651e-08
381,5670,541.0889,46.833336,-6.0833282,86400,0.0760381750999799,0.014533912230727645,4346604.66032198,-463238.8677294356,0.0,2.1830583171693113e-08
696,5751,541.0889,47.0,-6.0,21600,0.07623027815009752,0.013923986013615927,4333815.840058059,-455502.3996515776,0.0,-4.620288920817438e-10
416,5679,541.0889,46.833336,-6.0,86400,0.07603819583484125,0.01453390509431139,4347273.775744883,-456916.88569019584,0.0,2.9277787206344926e-08
521,5706,541.0889,46.91667,-6.0833282,43200,0.07603818638729724,0.014533909900313708,4339881.045145775,-462522.2992525033,0.0,-2.35952914185865e-08
661,5742,541.0889,47.0,-6.0833282,21600,0.07620211655352944,0.01419508959270594,4333148.796028124,-461804.81061430223,0.0,1.6928329057084718e-09
346,5661,541.0889,46.833336,-6.1666565,43200,0.07603818696798074,0.014533912991605998,4345926.351221016,-469559.8699535443,0.0,-3.818141077750298e-08
451,5688,541.0889,46.91667,-6.25,43200,0.07603819783959806,0.014533911689083454,4338517.220887722,-475144.9119816816,0.0,-6.463184325855773e-08
311,5652,541.0889,46.833336,-6.25,43200,0.07603820971127626,0.014533909759784093,4345238.723142079,-475881.0361998027,0.0,-5.704603315191988e-08
206,5625,541.0889,46.75,-6.1666565,43200,0.07603819793897745,0.014533910749823234,4352639.653859386,-470285.21531356085,0.0,-6.619729079228021e-09
101,5598,541.0889,46.66667,-6.0833282,43200,0.07603823868775578,0.014533899490431794,4360023.469108121,-464668.9756583009,0.0,8.76760413228809e-09
171,5616,541.0889,46.75,-6.25,43200,0.07603822022396917,0.014533905637619813,4351950.96357759,-476616.1460837916,0.0,-2.4690423731223417e-08
276,5643,541.0889,46.75,-6.0,86400,0.0760381898846585,0.014533909111815107,4353989.159796485,-457622.70099545474,0.0,8.074024326383461e-09
486,5697,541.0889,46.91667,-6.1666565,43200,0.07603818718519713,0.014533910432905025,4339203.78529813,-468833.52373287774,0.0,-2.8159570868742416e-08
346,5661,541.0889,46.833336,-6.1666565,86400,0.07603817656558769,0.0145339099433832,4345926.351221016,-469559.8699535443,0.0,3.6088916665996694e-08
136,5607,541.0889,46.66667,-6.0,43200,0.07603821049257242,0.014533909780039492,4360694.650219674,-458327.4764384654,0.0,-2.823041693060011e-09
241,5634,541.0889,46.75,-6.0833282,86400,0.07603818563202357,0.014533909906658492,4353319.010767862,-463954.4488188505,0.0,2.3358352473381134e-08
556,5715,541.0889,46.91667,-6.0,43200,0.07603819165431076,0.014533909191482423,4340549.125536747,-456210.0964726406,0.0,-1.4138732488074247e-08
66,5589,541.0889,46.66667,-6.1666565,43200,0.07603822624756913,0.01453390724067723,4359343.065935845,-471009.49203812674,0.0,1.457528797909955e-08
31,5580,541.0889,46.66667,-6.25,43200,0.07603823194281278,0.014533903203241137,4358653.3150161095,-477350.1729464703,0.0,1.0546426317983956e-08
276,5643,541.0889,46.75,-6.0,43200,0.0760382058701058,0.014533908149312732,4353989.159796485,-457622.70099545474,0.0,-2.0410995266739802e-08
626,5733,541.0889,47.0,-6.1666565,21600,0.07620210493822735,0.014195097387707443,4332472.586781167,-468106.2447951276,0.0,-1.058331062891043e-08
591,5724,541.0889,47.0,-6.25,43200,0.07620209204443612,0.014195096978379722,4331787.087405169,-474407.8424903363,0.0,-4.9669947979804945e-08
416,5679,541.0889,46.833336,-6.0,43200,0.07603820667762404,0.014533904882001927,4347273.775744883,-456916.88569019584,0.0,-2.244082269048352e-08
382,5850,643.5668,46.833336,-6.0833282,64800,0.07613319741257402,0.01454164416588127,4346604.66032198,-463238.8677294356,0.0,-1.745807726722982e-08
382,5850,643.5668,46.833336,-6.0833282,43200,0.07613318764448562,0.014541650126967617,4346604.66032198,-463238.8677294356,0.0,-1.2379959729732514e-08
347,5841,643.5668,46.833336,-6.1666565,64800,0.07613319745806885,0.014541645359849297,4345926.351221016,-469559.8699535443,0.0,-6.772240485188282e-09
102,5778,643.5668,46.66667,-6.0833282,43200,0.07613322831589285,0.01454164091147319,4360023.469108121,-464668.9756583009,0.0,7.28014649926389e-09
592,5904,643.5668,47.0,-6.25,43200,0.07619196848652378,0.014141210450027726,4331787.087405169,-474407.8424903363,0.0,-4.5027140016675917e-08
417,5859,643.5668,46.833336,-6.0,43200,0.07613319968435901,0.01454164588971593,4347273.775744883,-456916.88569019584,0.0,-1.9690741741564125e-08
102,5778,643.5668,46.66667,-6.0833282,86400,0.07613319080123028,0.014541646848721218,4360023.469108121,-464668.9756583009,0.0,-6.77657295811803e-09
382,5850,643.5668,46.833336,-6.0833282,86400,0.07613317247298738,0.01454165201061686,4346604.66032198,-463238.8677294356,0.0,1.9399139495462303e-08
417,5859,643.5668,46.833336,-6.0,64800,0.07613317685312213,0.014541654952939348,4347273.775744883,-456916.88569019584,0.0,-9.945693428766276e-09
312,5832,643.5668,46.833336,-6.25,64800,0.07613317639808845,0.014541655426853654,4345238.723142079,-475881.0361998027,0.0,-1.4085484932935264e-08
312,5832,643.5668,46.833336,-6.25,21600,0.0761332512262109,0.014541634524466721,4345238.723142079,-475881.0361998027,0.0,1.3673909527264884e-08
452,5868,643.5668,46.91667,-6.25,43200,0.07613319147618446,0.014541651779327423,4338517.220887722,-475144.9119816816,0.0,-5.8298368096601125e-08
522,5886,643.5668,46.91667,-6.0833282,86400,0.07613318329955567,0.014541647717630628,4339881.045145775,-462522.2992525033,0.0,1.0589270323448279e-08
242,5814,643.5668,46.75,-6.0833282,64800,0.07613318366936744,0.01454164837632432,4353319.010767862,-463954.4488188505,0.0,-3.792065205762137e-08
67,5769,643.5668,46.66667,-6.1666565,43200,0.0761332174244292,0.014541647740424461,4359343.065935845,-471009.49203812674,0.0,1.1443308216151262e-08
207,5805,643.5668,46.75,-6.1666565,64800,0.07613318155041317,0.014541653363233636,4352639.653859386,-470285.21531356085,0.0,-3.729368652090933e-08
277,5823,643.5668,46.75,-6.0,86400,0.076133184221996,0.014541649512677918,4353989.159796485,-457622.70099545474,0.0,7.732714281351409e-09
242,5814,643.5668,46.75,-6.0833282,21600,0.07613320845494022,0.0145416472602659,4353319.010767862,-463954.4488188505,0.0,-3.755467256792476e-09
277,5823,643.5668,46.75,-6.0,21600,0.0761332061814282,0.014541645678029623,4353989.159796485,-457622.70099545474,0.0,1.1165904276077465e-08
137,5787,643.5668,46.66667,-6.0,43200,0.07613320407886802,0.014541649802183343,4360694.650219674,-458327.4764384654,0.0,-3.0142622268142997e-09
207,5805,643.5668,46.75,-6.1666565,21600,0.07613321752694202,0.014541644847248382,4352639.653859386,-470285.21531356085,0.0,3.075403127995147e-09
242,5814,643.5668,46.75,-6.0833282,43200,0.07613320823959224,0.014541645223099312,4353319.010767862,-463954.4488188505,0.0,5.650400634841027e-09
662,5922,643.5668,47.0,-6.0833282,64800,0.07619197775066754,0.014141203788626915,4333148.796028124,-461804.81061430223,0.0,2.652533841721696e-08
32,5760,643.5668,46.66667,-6.25,21600,0.07613320181702696,0.014541644255333396,4358653.3150161095,-477350.1729464703,0.0,2.2630173671822743e-08
697,5931,643.5668,47.0,-6.0,86400,0.07628200993775808,0.013828599339660944,4333815.840058059,-455502.3996515776,0.0,5.456875865331035e-09
277,5823,643.5668,46.75,-6.0,43200,0.07613320022416474,0.01454164841917981,4353989.159796485,-457622.70099545474,0.0,-1.8056586783060332e-08
627,5913,643.5668,47.0,-6.1666565,64800,0.07619196431581889,0.014141203100526342,4332472.586781167,-468106.2447951276,0.0,3.75243227209878e-08
347,5841,643.5668,46.833336,-6.1666565,86400,0.07613317347116093,0.014541650117208389,4345926.351221016,-469559.8699535443,0.0,3.1279920849585634e-08
67,5769,643.5668,46.66667,-6.1666565,21600,0.07613320135079214,0.014541645604843107,4359343.065935845,-471009.49203812674,0.0,7.592428953617153e-09
592,5904,643.5668,47.0,-6.25,64800,0.07619192681761326,0.014141218845551086,4331787.087405169,-474407.8424903363,0.0,2.888291746425249e-08
207,5805,643.5668,46.75,-6.1666565,43200,0.07613319383182528,0.014541650570535516,4352639.653859386,-470285.21531356085,0.0,-6.235523547152215e-09
102,5778,643.5668,46.66667,-6.0833282,21600,0.07613318171305762,0.014541653534941268,4360023.469108121,-464668.9756583009,0.0,1.3310131408379821e-08
312,5832,643.5668,46.833336,-6.25,43200,0.07613320229624097,0.014541650050544993,4345238.723142079,-475881.0361998027,0.0,-5.0502046225827453e-08
592,5904,643.5668,47.0,-6.25,86400,0.0761920130467581,0.014141198300047826,4331787.087405169,-474407.8424903363,0.0,3.254765193322913e-08
32,5760,643.5668,46.66667,-6.25,86400,0.076133166360291,0.014541654719767688,4358653.3150161095,-477350.1729464703,0.0,3.301095204740511e-09
557,5895,643.5668,46.91667,-6.0,64800,0.07613318143961649,0.014541652002124181,4340549.125536747,-456210.0964726406,0.0,3.279984547774278e-10
312,5832,643.5668,46.833336,-6.25,86400,0.07613315118849596,0.014541654581487732,4345238.723142079,-475881.0361998027,0.0,3.3850569070753166e-08
522,5886,643.5668,46.91667,-6.0833282,64800,0.07613319183959869,0.014541648149247287,4339881.045145775,-462522.2992525033,0.0,1.0494425509598813e-08
172,5796,643.5668,46.75,-6.25,43200,0.07613321289475958,0.014541646209617965,4351950.96357759,-476616.1460837916,0.0,-2.1403295988833e-08
137,5787,643.5668,46.66667,-6.0,21600,0.07613320525857878,0.014541643565546483,4360694.650219674,-458327.4764384654,0.0,1.3039596375960186e-08
487,5877,643.5668,46.91667,-6.1666565,64800,0.07613318094889676,0.014541648165852386,4339203.78529813,-468833.52373287774,0.0,3.123622536822656e-08
697,5931,643.5668,47.0,-6.0,64800,0.07628200412596897,0.013828594811708131,4333815.840058059,-455502.3996515776,0.0,1.6679631990419395e-08
452,5868,643.5668,46.91667,-6.25,64800,0.07613314983250828,0.01454165980233364,4338517.220887722,-475144.9119816816,0.0,1.768731385523092e-08
172,5796,643.5668,46.75,-6.25,21600,0.07613323184506403,0.014541639657641398,4351950.96357759,-476616.1460837916,0.0,1.7413992054266854e-08
67,5769,643.5668,46.66667,-6.1666565,86400,0.07613318131053949,0.014541649181656475,4359343.065935845,-471009.49203812674,0.0,5.286161449661502e-09
347,5841,643.5668,46.833336,-6.1666565,43200,0.07613318288616441,0.014541652661156501,4345926.351221016,-469559.8699535443,0.0,-3.255896874328469e-08
557,5895,643.5668,46.91667,-6.0,86400,0.07613318475370542,0.014541649282324612,4340549.125536747,-456210.0964726406,0.0,3.039521178665128e-08
347,5841,643.5668,46.833336,-6.1666565,21600,0.07613322834943943,0.01454164415982111,4345926.351221016,-469559.8699535443,0.0,-5.049125487711572e-09
277,5823,643.5668,46.75,-6.0,64800,0.07613318032116102,0.014541651929032968,4353989.159796485,-457622.70099545474,0.0,-1.3565729550739522e-08
417,5859,643.5668,46.833336,-6.0,86400,0.07613319004126196,0.014541645971691322,4347273.775744883,-456916.88569019584,0.0,2.5407888888225184e-08
417,5859,643.5668,46.833336,-6.0,21600,0.07613321008452227,0.014541647117623525,4347273.775744883,-456916.88569019584,0.0,-9.935838643150831e-09
697,5931,643.5668,47.0,-6.0,43200,0.07628199300480333,0.013828599610172585,4333815.840058059,-455502.3996515776,0.0,-1.8025286197211243e-08
452,5868,643.5668,46.91667,-6.25,21600,0.07613324071154035,0.014541637325208806,4338517.220887722,-475144.9119816816,0.0,4.648493696165685e-09
207,5805,643.5668,46.75,-6.1666565,86400,0.07613317964187712,0.01454164731011924,4352639.653859386,-470285.21531356085,0.0,2.2152648352139628e-08
242,5814,643.5668,46.75,-6.0833282,86400,0.07613318099255652,0.014541650051629254,4353319.010767862,-463954.4488188505,0.0,1.9861304134565543e-08
452,5868,643.5668,46.91667,-6.25,86400,0.07613317924714881,0.014541649092320592,4338517.220887722,-475144.9119816816,0.0,2.9930517443293575e-08
557,5895,643.5668,46.91667,-6.0,21600,0.07613322235024454,0.014541642446195834,4340549.125536747,-456210.0964726406,0.0,-1.773133178894983e-08
627,5913,643.5668,47.0,-6.1666565,86400,0.07619201191254395,0.014141197834347995,4332472.586781167,-468106.2447951276,0.0,-7.977741571352549e-09
102,5778,643.5668,46.66667,-6.0833282,64800,0.07613317632309288,0.01454165185213145,4360023.469108121,-464668.9756583009,0.0,-2.213676260675824e-08
662,5922,643.5668,47.0,-6.0833282,21600,0.07619199087912179,0.014141203729636318,4333148.796028124,-461804.81061430223,0.0,3.3813202339324547e-10
487,5877,643.5668,46.91667,-6.1666565,86400,0.07613318500456422,0.014541647193416616,4339203.78529813,-468833.52373287774,0.0,9.425405795087363e-09
697,5931,643.5668,47.0,-6.0,21600,0.07628203201797726,0.013828589903898068,4333815.840058059,-455502.3996515776,0.0,-1.6302198210529494e-09
662,5922,643.5668,47.0,-6.0833282,86400,0.07619199049823426,0.014141205529277211,4333148.796028124,-461804.81061430223,0.0,-6.755299138616402e-10
522,5886,643.5668,46.91667,-6.0833282,43200,0.0761331817393586,0.014541650074878296,4339881.045145775,-462522.2992525033,0.0,-2.100434977076422e-08
32,5760,643.5668,46.66667,-6.25,64800,0.07613319321769202,0.014541648594068143,4358653.3150161095,-477350.1729464703,0.0,-5.3600273599266176e-08
522,5886,643.5668,46.91667,-6.0833282,21600,0.07613321741029748,0.014541647834838039,4339881.045145775,-462522.2992525033,0.0,1.0033950505698e-09
662,5922,643.5668,47.0,-6.0833282,43200,0.07619197558871134,0.014141205919228711,4333148.796028124,-461804.81061430223,0.0,-2.2395428986839418e-08
67,5769,643.5668,46.66667,-6.1666565,64800,0.07613317768692171,0.014541651945724859,4359343.065935845,-471009.49203812674,0.0,-2.616135719324565e-08
487,5877,643.5668,46.91667,-6.1666565,21600,0.07613322192062942,0.014541647812300393,4339203.78529813,-468833.52373287774,0.0,-5.407068183325473e-09
32,5760,643.5668,46.66667,-6.25,43200,0.07613322368775662,0.014541643906902423,4358653.3150161095,-477350.1729464703,0.0,9.169197328064793e-09
592,5904,643.5668,47.0,-6.25,21600,0.07619200288331646,0.014141199615475393,4331787.087405169,-474407.8424903363,0.0,-2.3640402185087324e-08
382,5850,643.5668,46.833336,-6.0833282,21600,0.07613322500612135,0.014541645012369053,4346604.66032198,-463238.8677294356,0.0,8.648683692058362e-10
627,5913,643.5668,47.0,-6.1666565,21600,0.07619198050003625,0.014141210784956846,4332472.586781167,-468106.2447951276,0.0,-1.1321503612977679e-08
137,5787,643.5668,46.66667,-6.0,64800,0.07613318746054287,0.014541648864864195,4360694.650219674,-458327.4764384654,0.0,-1.6276959837015377e-08
627,5913,643.5668,47.0,-6.1666565,43200,0.0761919629063091,0.01414121009433076,4332472.586781167,-468106.2447951276,0.0,-1.0624296615449269e-08
172,5796,643.5668,46.75,-6.25,64800,0.07613318757670863,0.01454165444203107,4351950.96357759,-476616.1460837916,0.0,-4.525875281952251e-08
487,5877,643.5668,46.91667,-6.1666565,43200,0.07613318167561385,0.01454165077674229,4339203.78529813,-468833.52373287774,0.0,-2.5297825684446432e-08
557,5895,643.5668,46.91667,-6.0,43200,0.07613318597339674,0.014541649561557155,4340549.125536747,-456210.0964726406,0.0,-1.3244780589166748e-08
137,5787,643.5668,46.66667,-6.0,86400,0.07613317847647044,0.014541651704810619,4360694.650219674,-458327.4764384654,0.0,2.904744085603721e-09
172,5796,643.5668,46.75,-6.25,86400,0.07613315220807293,0.014541654208096758,4351950.96357759,-476616.1460837916,0.0,2.449512349470682e-08
138,5967,763.3331,46.66667,-6.0,21600,0.07622459237682026,0.014531585983981707,4360694.650219674,-458327.4764384654,0.0,1.1314101535438461e-08
523,6066,763.3331,46.91667,-6.0833282,64800,0.07622457955502528,0.014531590047591908,4339881.045145775,-462522.2992525033,0.0,8.812968680159007e-09
418,6039,763.3331,46.833336,-6.0,86400,0.07622457891984118,0.014531588223845888,4347273.775744883,-456916.88569019584,0.0,2.1641213176000834e-08
173,5976,763.3331,46.75,-6.25,43200,0.07622460006622409,0.014531588190077882,4351950.96357759,-476616.1460837916,0.0,-1.8371832542891358e-08
488,6057,763.3331,46.91667,-6.1666565,64800,0.07622457050434087,0.014531589959016102,4339203.78529813,-468833.52373287774,0.0,2.569190130274604e-08
313,6012,763.3331,46.833336,-6.25,86400,0.07622454605496583,0.014531595399484976,4345238.723142079,-475881.0361998027,0.0,3.023296345927043e-08
523,6066,763.3331,46.91667,-6.0833282,21600,0.07622460252617895,0.014531589668173786,4339881.045145775,-462522.2992525033,0.0,1.852000967563336e-10
558,6075,763.3331,46.91667,-6.0,64800,0.07622457109992552,0.014531593402734348,4340549.125536747,-456210.0964726406,0.0,3.488127557478473e-10
103,5958,763.3331,46.66667,-6.0833282,21600,0.07622457296958006,0.014531594326875749,4360023.469108121,-464668.9756583009,0.0,1.2452227187148839e-08
698,6111,763.3331,47.0,-6.0,43200,0.0763798062772816,0.013710072685622559,4333815.840058059,-455502.3996515776,0.0,-1.568809798033347e-08
698,6111,763.3331,47.0,-6.0,86400,0.07637982202387582,0.013710072368407291,4333815.840058059,-455502.3996515776,0.0,5.7792188935039044e-09
348,6021,763.3331,46.833336,-6.1666565,21600,0.07622461234837966,0.014531586480866629,4345926.351221016,-469559.8699535443,0.0,-3.6558267893492456e-09
663,6102,763.3331,47.0,-6.0833282,21600,0.07619254130586256,0.01406357288054398,4333148.796028124,-461804.81061430223,0.0,-7.940330257129329e-10
593,6084,763.3331,47.0,-6.25,21600,0.07619255339745243,0.01406356897830821,4331787.087405169,-474407.8424903363,0.0,-2.205784165624791e-08
243,5994,763.3331,46.75,-6.0833282,43200,0.07622459549317331,0.01453158745221895,4353319.010767862,-463954.4488188505,0.0,4.47141660146732e-09
663,6102,763.3331,47.0,-6.0833282,64800,0.07619252921168698,0.014063573269302089,4333148.796028124,-461804.81061430223,0.0,2.2354895868310538e-08
208,5985,763.3331,46.75,-6.1666565,43200,0.0762245840231028,0.014531591841975028,4352639.653859386,-470285.21531356085,0.0,-5.920064722492359e-09
33,5940,763.3331,46.66667,-6.25,21600,0.0762245896557315,0.014531586518330069,4358653.3150161095,-477350.1729464703,0.0,2.0821292410513213e-08
628,6093,763.3331,47.0,-6.1666565,43200,0.0761925164338183,0.014063578521393668,4332472.586781167,-468106.2447951276,0.0,-9.466742743210246e-09
628,6093,763.3331,47.0,-6.1666565,21600,0.07619253225573938,0.014063579140099767,4332472.586781167,-468106.2447951276,0.0,-1.1654938794387215e-08
628,6093,763.3331,47.0,-6.1666565,64800,0.07619251883008382,0.01406357221148458,4332472.586781167,-468106.2447951276,0.0,3.26756299233941e-08
33,5940,763.3331,46.66667,-6.25,86400,0.0762245576468527,0.014531595851176811,4358653.3150161095,-477350.1729464703,0.0,2.125215416732901e-09
558,6075,763.3331,46.91667,-6.0,21600,0.07622460668922595,0.01453158508114749,4340549.125536747,-456210.0964726406,0.0,-1.466019468160744e-08
663,6102,763.3331,47.0,-6.0833282,43200,0.07619252723874534,0.014063574916722138,4333148.796028124,-461804.81061430223,0.0,-1.9154385586284324e-08
68,5949,763.3331,46.66667,-6.1666565,21600,0.07622458887446902,0.01453158778627548,4359343.065935845,-471009.49203812674,0.0,7.138043883950952e-09
348,6021,763.3331,46.833336,-6.1666565,86400,0.07622456509686854,0.014531591654332179,4345926.351221016,-469559.8699535443,0.0,2.6524413123310318e-08
593,6084,763.3331,47.0,-6.25,64800,0.0761924857882063,0.014063586010031529,4331787.087405169,-474407.8424903363,0.0,2.5096248431907336e-08
208,5985,763.3331,46.75,-6.1666565,86400,0.07622456932396217,0.014531589399260077,4352639.653859386,-470285.21531356085,0.0,1.9407867562067017e-08
453,6048,763.3331,46.91667,-6.25,86400,0.07622456997287977,0.01453159083088769,4338517.220887722,-475144.9119816816,0.0,2.809178985281935e-08
593,6084,763.3331,47.0,-6.25,86400,0.07619255961964538,0.014063568356804454,4331787.087405169,-474407.8424903363,0.0,3.0037961120281324e-08
313,6012,763.3331,46.833336,-6.25,43200,0.07622458976550305,0.01453159167432084,4345238.723142079,-475881.0361998027,0.0,-4.3890333798514385e-08
278,6003,763.3331,46.75,-6.0,43200,0.07622458893279842,0.014531590112230135,4353989.159796485,-457622.70099545474,0.0,-1.567334868032133e-08
243,5994,763.3331,46.75,-6.0833282,86400,0.07622457101583639,0.014531591612704236,4353319.010767862,-463954.4488188505,0.0,1.645153338883238e-08
33,5940,763.3331,46.66667,-6.25,64800,0.076224582682219,0.014531590442692255,4358653.3150161095,-477350.1729464703,0.0,-4.5766180509928894e-08
488,6057,763.3331,46.91667,-6.1666565,21600,0.07622460567672487,0.014531589994885004,4339203.78529813,-468833.52373287774,0.0,-5.334198471520273e-09
418,6039,763.3331,46.833336,-6.0,21600,0.07622459721543988,0.014531588879090309,4347273.775744883,-456916.88569019584,0.0,-7.712167824665638e-09
278,6003,763.3331,46.75,-6.0,21600,0.07622459385552621,0.014531587687834857,4353989.159796485,-457622.70099545474,0.0,9.501818701636451e-09
383,6030,763.3331,46.833336,-6.0833282,86400,0.0762245644507092,0.01453159318850839,4346604.66032198,-463238.8677294356,0.0,1.682328085118535e-08
628,6093,763.3331,47.0,-6.1666565,86400,0.07619255985658284,0.014063567730993596,4332472.586781167,-468106.2447951276,0.0,-5.056051397801799e-09
278,6003,763.3331,46.75,-6.0,64800,0.07622457067750668,0.0145315933267802,4353989.159796485,-457622.70099545474,0.0,-1.1727316480910597e-08
593,6084,763.3331,47.0,-6.25,43200,0.07619252112575371,0.014063578899813387,4331787.087405169,-474407.8424903363,0.0,-3.999589325515298e-08
488,6057,763.3331,46.91667,-6.1666565,43200,0.07622457109780666,0.014531592453966869,4339203.78529813,-468833.52373287774,0.0,-2.2245409232574323e-08
313,6012,763.3331,46.833336,-6.25,21600,0.07622463170283558,0.014531578222681949,4345238.723142079,-475881.0361998027,0.0,1.1844204941029335e-08
138,5967,763.3331,46.66667,-6.0,64800,0.07622457730116936,0.014531590778069224,4360694.650219674,-458327.4764384654,0.0,-1.4469098940827065e-08
523,6066,763.3331,46.91667,-6.0833282,86400,0.07622457395752125,0.014531589642467417,4339881.045145775,-462522.2992525033,0.0,9.802494189484477e-09
278,6003,763.3331,46.75,-6.0,86400,0.07622457343827306,0.014531591256696043,4353989.159796485,-457622.70099545474,0.0,7.2405538731604535e-09
68,5949,763.3331,46.66667,-6.1666565,43200,0.07622460317076453,0.014531589627278284,4359343.065935845,-471009.49203812674,0.0,8.574834518066262e-09
243,5994,763.3331,46.75,-6.0833282,64800,0.07622457402668034,0.014531590085359529,4353319.010767862,-463954.4488188505,0.0,-3.1756364297554945e-08
383,6030,763.3331,46.833336,-6.0833282,21600,0.07622460873154349,0.014531587501256573,4346604.66032198,-463238.8677294356,0.0,9.976027468820668e-10
208,5985,763.3331,46.75,-6.1666565,64800,0.07622457172479073,0.014531594408828738,4352639.653859386,-470285.21531356085,0.0,-3.0894158769539884e-08
173,5976,763.3331,46.75,-6.25,64800,0.07622457617044037,0.01453159546929927,4351950.96357759,-476616.1460837916,0.0,-3.872435737170536e-08
33,5940,763.3331,46.66667,-6.25,43200,0.07622460972785472,0.014531586053861774,4358653.3150161095,-477350.1729464703,0.0,7.684250014826344e-09
453,6048,763.3331,46.91667,-6.25,43200,0.07622457993981278,0.014531593222013327,4338517.220887722,-475144.9119816816,0.0,-5.150936994625194e-08
138,5967,763.3331,46.66667,-6.0,86400,0.07622456890437806,0.014531593042009438,4360694.650219674,-458327.4764384654,0.0,2.69703538915678e-09
313,6012,763.3331,46.833336,-6.25,64800,0.07622456522739711,0.014531596769382246,4345238.723142079,-475881.0361998027,0.0,-1.2932221019213035e-08
453,6048,763.3331,46.91667,-6.25,64800,0.07622454316922096,0.014531600396656054,4338517.220887722,-475144.9119816816,0.0,1.404911009960863e-08
103,5958,763.3331,46.66667,-6.0833282,86400,0.07622457879820241,0.014531589126610662,4360023.469108121,-464668.9756583009,0.0,-6.274863377525196e-09
103,5958,763.3331,46.66667,-6.0833282,64800,0.07622456899845287,0.014531592811949632,4360023.469108121,-464668.9756583009,0.0,-1.9635530624163382e-08
173,5976,763.3331,46.75,-6.25,21600,0.07622461528229564,0.014531582641556151,4351950.96357759,-476616.1460837916,0.0,1.6148184866772308e-08
138,5967,763.3331,46.66667,-6.0,43200,0.0762245921174568,0.014531591240331631,4360694.650219674,-458327.4764384654,0.0,-3.111274609613869e-09
558,6075,763.3331,46.91667,-6.0,43200,0.07622457520785095,0.01453159127632786,4340549.125536747,-456210.0964726406,0.0,-1.2193638163034394e-08
68,5949,763.3331,46.66667,-6.1666565,86400,0.0762245711902732,0.014531590849035313,4359343.065935845,-471009.49203812674,0.0,4.427371402229485e-09
348,6021,763.3331,46.833336,-6.1666565,43200,0.0762245734605742,0.014531593741401986,4345926.351221016,-469559.8699535443,0.0,-2.725438635551164e-08
68,5949,763.3331,46.66667,-6.1666565,64800,0.07622456990684712,0.01453159312465253,4359343.065935845,-471009.49203812674,0.0,-2.2843310113118793e-08
418,6039,763.3331,46.833336,-6.0,64800,0.07622456712794093,0.014531595833455124,4347273.775744883,-456916.88569019584,0.0,-8.322840997503423e-09
558,6075,763.3331,46.91667,-6.0,86400,0.07622457561837193,0.014531590848932102,4340549.125536747,-456210.0964726406,0.0,2.5913972071427503e-08
453,6048,763.3331,46.91667,-6.25,21600,0.07622462348429065,0.014531580376301872,4338517.220887722,-475144.9119816816,0.0,2.421986923921876e-09
663,6102,763.3331,47.0,-6.0833282,86400,0.07619254117650538,0.014063574500429544,4333148.796028124,-461804.81061430223,0.0,3.4923386811687165e-10
698,6111,763.3331,47.0,-6.0,21600,0.07637983947782177,0.013710064584467671,4333815.840058059,-455502.3996515776,0.0,-2.5505961478396833e-09
173,5976,763.3331,46.75,-6.25,86400,0.0762245461873535,0.014531595170116506,4351950.96357759,-476616.1460837916,0.0,2.0918776239770945e-08
383,6030,763.3331,46.833336,-6.0833282,64800,0.07622458417879652,0.014531586776425997,4346604.66032198,-463238.8677294356,0.0,-1.441911960845433e-08
208,5985,763.3331,46.75,-6.1666565,21600,0.07622460332329621,0.014531587041047274,4352639.653859386,-470285.21531356085,0.0,2.7293670208058584e-09
523,6066,763.3331,46.91667,-6.0833282,43200,0.07622457192450882,0.014531591624723101,4339881.045145775,-462522.2992525033,0.0,-1.8282719137469562e-08
348,6021,763.3331,46.833336,-6.1666565,64800,0.07622458326843376,0.014531588043486542,4345926.351221016,-469559.8699535443,0.0,-5.888847376883662e-09
383,6030,763.3331,46.833336,-6.0833282,43200,0.07622457756940383,0.01453159158887682,4346604.66032198,-463238.8677294356,0.0,-1.0694679995986936e-08
488,6057,763.3331,46.91667,-6.1666565,86400,0.07622457651680756,0.014531588797915879,4339203.78529813,-468833.52373287774,0.0,9.267154745396358e-09
243,5994,763.3331,46.75,-6.0833282,21600,0.0762245950898896,0.014531589308357098,4353319.010767862,-463954.4488188505,0.0,-1.8239415443797543e-09
418,6039,763.3331,46.833336,-6.0,43200,0.07622458738641144,0.014531588237237346,4347273.775744883,-456916.88569019584,0.0,-1.7016088403866712e-08
103,5958,763.3331,46.66667,-6.0833282,43200,0.07622461242966129,0.01453158375227235,4360023.469108121,-464668.9756583009,0.0,5.8683675287347446e-09
698,6111,763.3331,47.0,-6.0,64800,0.07637981592768912,0.013710068788134341,4333815.840058059,-455502.3996515776,0.0,1.4651619391791497e-08
664,6282,902.3393,47.0,-6.0833282,86400,0.07621841676402294,0.013953925235562313,4333148.796028124,-461804.81061430223,0.0,1.173251250603985e-09
629,6273,902.3393,47.0,-6.1666565,86400,0.07621843266054447,0.013953919413281756,4332472.586781167,-468106.2447951276,0.0,-2.6495580692617946e-09
699,6291,902.3393,47.0,-6.0,43200,0.07655650219909367,0.013574008790970125,4333815.840058059,-455502.3996515776,0.0,-1.3344108885410007e-08
559,6255,902.3393,46.91667,-6.0,86400,0.07620970650737084,0.01421798175351657,4340549.125536747,-456210.0964726406,0.0,2.1650844511149734e-08
34,6120,902.3393,46.66667,-6.25,43200,0.07630529729391665,0.014503785998246215,4358653.3150161095,-477350.1729464703,0.0,6.174147378506868e-09
69,6129,902.3393,46.66667,-6.1666565,43200,0.07620972925472641,0.014217980810913106,4359343.065935845,-471009.49203812674,0.0,6.073496092583929e-09
104,6138,902.3393,46.66667,-6.0833282,43200,0.07620973686834674,0.014217975889943928,4360023.469108121,-464668.9756583009,0.0,4.579587867347355e-09
139,6147,902.3393,46.66667,-6.0,43200,0.07620972032980113,0.014217982013825974,4360694.650219674,-458327.4764384654,0.0,-3.0932290429044867e-09
174,6156,902.3393,46.75,-6.25,43200,0.07620972743830384,0.014217979487410054,4351950.96357759,-476616.1460837916,0.0,-1.561100387037025e-08
209,6165,902.3393,46.75,-6.1666565,43200,0.07620971414105633,0.01421798249452459,4352639.653859386,-470285.21531356085,0.0,-5.619334419584425e-09
244,6174,902.3393,46.75,-6.0833282,43200,0.07630528448545157,0.014503787407352923,4353319.010767862,-463954.4488188505,0.0,3.2644952583813647e-09
279,6183,902.3393,46.75,-6.0,43200,0.07630527918541363,0.014503789587970068,4353989.159796485,-457622.70099545474,0.0,-1.3332250694522414e-08
314,6192,902.3393,46.833336,-6.25,43200,0.0762097177740796,0.014217982567001715,4345238.723142079,-475881.0361998027,0.0,-3.738753424827311e-08
349,6201,902.3393,46.833336,-6.1666565,43200,0.07620970428838808,0.014217984177980902,4345926.351221016,-469559.8699535443,0.0,-2.2391832319289426e-08
384,6210,902.3393,46.833336,-6.0833282,43200,0.07620970779849637,0.014217982371292013,4346604.66032198,-463238.8677294356,0.0,-9.125672205352555e-09
419,6219,902.3393,46.833336,-6.0,43200,0.07620971552709631,0.014217979810952287,4347273.775744883,-456916.88569019584,0.0,-1.4472916792615747e-08
454,6228,902.3393,46.91667,-6.25,43200,0.07620970891812993,0.014217983945190148,4338517.220887722,-475144.9119816816,0.0,-4.447666935044871e-08
489,6237,902.3393,46.91667,-6.1666565,43200,0.07620970111706678,0.01421798338475431,4339203.78529813,-468833.52373287774,0.0,-1.9095655406307236e-08
524,6246,902.3393,46.91667,-6.0833282,43200,0.07620970254988602,0.014217982479543421,4339881.045145775,-462522.2992525033,0.0,-1.5530365719907478e-08
699,6291,902.3393,47.0,-6.0,21600,0.07655652977878279,0.013574002217474934,4333815.840058059,-455502.3996515776,0.0,-3.186931910127789e-09
664,6282,902.3393,47.0,-6.0833282,21600,0.0762184166633559,0.013953923822814311,4333148.796028124,-461804.81061430223,0.0,-1.6613052219415004e-09
629,6273,902.3393,47.0,-6.1666565,21600,0.0762184089843338,0.013953929253585625,4332472.586781167,-468106.2447951276,0.0,-1.1540896872822808e-08
594,6264,902.3393,47.0,-6.25,21600,0.0762184284135568,0.01395392020969237,4331787.087405169,-474407.8424903363,0.0,-2.0117277679783873e-08
34,6120,902.3393,46.66667,-6.25,21600,0.0763052792917515,0.014503786541898059,4358653.3150161095,-477350.1729464703,0.0,1.8794103529930145e-08
69,6129,902.3393,46.66667,-6.1666565,21600,0.07620971684873601,0.01421797925426,4359343.065935845,-471009.49203812674,0.0,6.625344394396999e-09
104,6138,902.3393,46.66667,-6.0833282,21600,0.07620970429914094,0.014217984522357851,4360023.469108121,-464668.9756583009,0.0,1.1371970575210944e-08
139,6147,902.3393,46.66667,-6.0,21600,0.07620971987221738,0.01421797771125702,4360694.650219674,-458327.4764384654,0.0,9.642870865569544e-09
174,6156,902.3393,46.75,-6.25,21600,0.07620973924166674,0.01421797487798906,4351950.96357759,-476616.1460837916,0.0,1.4649969561952674e-08
209,6165,902.3393,46.75,-6.1666565,21600,0.07620972944862656,0.01421797853858626,4352639.653859386,-470285.21531356085,0.0,2.4663785120782583e-09
244,6174,902.3393,46.75,-6.0833282,21600,0.07630528366914287,0.014503789060461056,4353319.010767862,-463954.4488188505,0.0,-2.6506105235011203e-10
559,6255,902.3393,46.91667,-6.0,43200,0.07620970497959827,0.0142179822680736,4340549.125536747,-456210.0964726406,0.0,-1.1005966720559373e-08
279,6183,902.3393,46.75,-6.0,21600,0.07630528324875975,0.014503787466690884,4353989.159796485,-457622.70099545474,0.0,7.90504760562918e-09
349,6201,902.3393,46.833336,-6.1666565,21600,0.07620973680456551,0.014217978111271146,4345926.351221016,-469559.8699535443,0.0,-2.535779519692733e-09
384,6210,902.3393,46.833336,-6.0833282,21600,0.07620973314225457,0.01421797920452153,4346604.66032198,-463238.8677294356,0.0,1.0801227715569484e-09
419,6219,902.3393,46.833336,-6.0,21600,0.07620972459881399,0.014217979973561183,4347273.775744883,-456916.88569019584,0.0,-5.8074460039457725e-09
454,6228,902.3393,46.91667,-6.25,21600,0.07620974665432252,0.014217972778884827,4338517.220887722,-475144.9119816816,0.0,6.566868236677121e-10
489,6237,902.3393,46.91667,-6.1666565,21600,0.07620973028290838,0.014217981368523317,4339203.78529813,-468833.52373287774,0.0,-5.181333443656943e-09
524,6246,902.3393,46.91667,-6.0833282,21600,0.07620972816131537,0.014217980821020356,4339881.045145775,-462522.2992525033,0.0,-4.6292014149654896e-10
559,6255,902.3393,46.91667,-6.0,21600,0.0762097315948654,0.014217976994946263,4340549.125536747,-456210.0964726406,0.0,-1.1878145664479532e-08
314,6192,902.3393,46.833336,-6.25,21600,0.07620975289402283,0.01421797116021602,4345238.723142079,-475881.0361998027,0.0,1.0026910784852913e-08
594,6264,902.3393,47.0,-6.25,86400,0.07621843141110092,0.01395392013801682,4331787.087405169,-474407.8424903363,0.0,2.719421904257169e-08
594,6264,902.3393,47.0,-6.25,43200,0.07621839875041435,0.013953929120628376,4331787.087405169,-474407.8424903363,0.0,-3.473271970698628e-08
664,6282,902.3393,47.0,-6.0833282,43200,0.07621840403521887,0.013953925655402589,4333148.796028124,-461804.81061430223,0.0,-1.5935801461282312e-08
34,6120,902.3393,46.66667,-6.25,86400,0.07630525096848248,0.014503794688172877,4358653.3150161095,-477350.1729464703,0.0,1.1196664695339264e-09
69,6129,902.3393,46.66667,-6.1666565,86400,0.07620970147335168,0.014217981829265557,4359343.065935845,-471009.49203812674,0.0,3.599976126810331e-09
104,6138,902.3393,46.66667,-6.0833282,86400,0.07620970736328612,0.014217980639890942,4360023.469108121,-464668.9756583009,0.0,-5.604902039095326e-09
139,6147,902.3393,46.66667,-6.0,86400,0.07620969974371919,0.014217983680139299,4360694.650219674,-458327.4764384654,0.0,2.4343501255861605e-09
174,6156,902.3393,46.75,-6.25,86400,0.07620968045322252,0.014217985482805505,4351950.96357759,-476616.1460837916,0.0,1.7444293736447063e-08
209,6165,902.3393,46.75,-6.1666565,86400,0.07620969959892168,0.014217980742888702,4352639.653859386,-470285.21531356085,0.0,1.6569080149949733e-08
244,6174,902.3393,46.75,-6.0833282,86400,0.07630526286571267,0.01450379094871866,4353319.010767862,-463954.4488188505,0.0,1.3239029795329781e-08
279,6183,902.3393,46.75,-6.0,86400,0.07630526468850538,0.014503790709482614,4353989.159796485,-457622.70099545474,0.0,6.614965055981073e-09
314,6192,902.3393,46.833336,-6.25,86400,0.07620968104236395,0.014217985578110123,4345238.723142079,-475881.0361998027,0.0,2.639377181889445e-08
349,6201,902.3393,46.833336,-6.1666565,86400,0.07620969705196247,0.014217982471981019,4345926.351221016,-469559.8699535443,0.0,2.1988422643294763e-08
384,6210,902.3393,46.833336,-6.0833282,86400,0.07620969659971574,0.01421798371344156,4346604.66032198,-463238.8677294356,0.0,1.4205248399434991e-08
419,6219,902.3393,46.833336,-6.0,86400,0.07620970819372486,0.014217979739851548,4347273.775744883,-456916.88569019584,0.0,1.8072693105094465e-08
454,6228,902.3393,46.91667,-6.25,86400,0.07620970104075338,0.014217981841967946,4338517.220887722,-475144.9119816816,0.0,2.5762443907772305e-08
489,6237,902.3393,46.91667,-6.1666565,86400,0.07620970788228791,0.014217979805851917,4339203.78529813,-468833.52373287774,0.0,8.83034344422835e-09
524,6246,902.3393,46.91667,-6.0833282,86400,0.0762097048606789,0.014217980829823186,4339881.045145775,-462522.2992525033,0.0,8.867515322638069e-09
699,6291,902.3393,47.0,-6.0,64800,0.07655651021985521,0.013574005764090987,4333815.840058059,-455502.3996515776,0.0,1.2508800338858853e-08
664,6282,902.3393,47.0,-6.0833282,64800,0.07621840578748398,0.01395392443757892,4333148.796028124,-461804.81061430223,0.0,1.83596687429031e-08
629,6273,902.3393,47.0,-6.1666565,64800,0.0762183980860723,0.013953923136895977,4332472.586781167,-468106.2447951276,0.0,2.7805714255064264e-08
594,6264,902.3393,47.0,-6.25,64800,0.07621836956035691,0.013953934997978973,4331787.087405169,-474407.8424903363,0.0,2.1354979397141715e-08
34,6120,902.3393,46.66667,-6.25,64800,0.07630527372377331,0.01450379002592568,4358653.3150161095,-477350.1729464703,0.0,-3.825846419627348e-08
69,6129,902.3393,46.66667,-6.1666565,64800,0.07620970198079653,0.01421798367370571,4359343.065935845,-471009.49203812674,0.0,-1.948970596629802e-08
104,6138,902.3393,46.66667,-6.0833282,64800,0.07620970148402849,0.014217983188832925,4360023.469108121,-464668.9756583009,0.0,-1.7046436032609037e-08
139,6147,902.3393,46.66667,-6.0,64800,0.07620970736851695,0.014217981950290885,4360694.650219674,-458327.4764384654,0.0,-1.2547725735884603e-08
174,6156,902.3393,46.75,-6.25,64800,0.07620970528161368,0.014217985821109164,4351950.96357759,-476616.1460837916,0.0,-3.2482098009298394e-08
209,6165,902.3393,46.75,-6.1666565,64800,0.07620970221257999,0.014217984792579057,4352639.653859386,-470285.21531356085,0.0,-2.495588363867381e-08
244,6174,902.3393,46.75,-6.0833282,64800,0.07630526606378518,0.014503789568055418,4353319.010767862,-463954.4488188505,0.0,-2.5985993302059565e-08
629,6273,902.3393,47.0,-6.1666565,43200,0.07621839492821232,0.013953928729096586,4332472.586781167,-468106.2447951276,0.0,-8.16377165251393e-09
279,6183,902.3393,46.75,-6.0,64800,0.07630526286863298,0.01450379245487804,4353989.159796485,-457622.70099545474,0.0,-9.931522560309809e-09
349,6201,902.3393,46.833336,-6.1666565,64800,0.07620971007187344,0.014217979892278475,4345926.351221016,-469559.8699535443,0.0,-4.9884908692433104e-09
384,6210,902.3393,46.833336,-6.0833282,64800,0.07620971167628295,0.0142179786118153,4346604.66032198,-463238.8677294356,0.0,-1.1660657693573355e-08
419,6219,902.3393,46.833336,-6.0,64800,0.07620969792811101,0.014217986028522912,4347273.775744883,-456916.88569019584,0.0,-6.824190542494805e-09
454,6228,902.3393,46.91667,-6.25,64800,0.07620967712488341,0.014217990226188689,4338517.220887722,-475144.9119816816,0.0,1.0769471131300375e-08
489,6237,902.3393,46.91667,-6.1666565,64800,0.07620970061631743,0.014217981055776645,4339203.78529813,-468833.52373287774,0.0,2.0595694438634026e-08
524,6246,902.3393,46.91667,-6.0833282,64800,0.07620970796701158,0.014217981217546166,4339881.045145775,-462522.2992525033,0.0,7.195827188452049e-09
559,6255,902.3393,46.91667,-6.0,64800,0.07620970120580087,0.014217984103646395,4340549.125536747,-456210.0964726406,0.0,3.543547901028396e-10
314,6192,902.3393,46.833336,-6.25,64800,0.07620969495121409,0.014217987298020238,4345238.723142079,-475881.0361998027,0.0,-1.1663986081270048e-08
699,6291,902.3393,47.0,-6.0,86400,0.07655651644890585,0.013574008461328972,4333815.840058059,-455502.3996515776,0.0,5.851960489573248e-09
