,Unnamed: 0,depth,latitude,longitude,time,uo,vo,x,y,z,wo
0,0,0.494025,46.66667,-6.25,21600,-0.45701067643192783,-0.9729439725448725,4358653.3150161095,-477350.1729464703,0.0,0.4536290387552509
280,72,0.494025,46.833336,-6.25,21600,0.513770286290707,0.6654016693018294,4345238.723142079,-475881.0361998027,0.0,2.188467570857903
175,45,0.494025,46.75,-6.1666565,64800,0.2057846903598175,0.3064916543841137,4352639.653859386,-470285.21531356085,0.0,0.1802740688463199
525,135,0.494025,46.91667,-6.0,86400,0.00902713033837356,-0.10610840281640638,4340549.125536747,-456210.0964726406,0.0,0.0
315,81,0.494025,46.833336,-6.1666565,21600,0.00902713033837356,-0.10610840281640638,4345926.351221016,-469559.8699535443,0.0,0.0
140,36,0.494025,46.75,-6.25,64800,0.8851249320553963,1.2454804015861933,4351950.96357759,-476616.1460837916,0.0,1.5632644455240987
105,27,0.494025,46.66667,-6.0,64800,0.00902713033837356,-0.10610840281640638,4360694.650219674,-458327.4764384654,0.0,0.0
140,36,0.494025,46.75,-6.25,86400,0.7311548471140719,-0.014870616963517602,4351950.96357759,-476616.1460837916,0.0,-0.9230097310122188
175,45,0.494025,46.75,-6.1666565,86400,0.13771031274596823,0.630751496785442,4352639.653859386,-470285.21531356085,0.0,-0.9844734083982493
70,18,0.494025,46.66667,-6.0833282,64800,0.7689812711943409,0.4709623575153818,4360023.469108121,-464668.9756583009,0.0,0.09980497240760874
35,9,0.494025,46.66667,-6.1666565,64800,0.00902713033837356,-0.10610840281640638,4359343.065935845,-471009.49203812674,0.0,0.0
385,99,0.494025,46.833336,-6.0,21600,0.00902713033837356,-0.10610840281640638,4347273.775744883,-456916.88569019584,0.0,0.0
0,0,0.494025,46.66667,-6.25,64800,0.8824765607107125,1.9103451058139465,4358653.3150161095,-477350.1729464703,0.0,0.5364570817778438
210,54,0.494025,46.75,-6.0833282,86400,0.006303888850932401,-0.10587792950890548,4353319.010767862,-463954.4488188505,0.0,0.0
665,171,0.494025,47.0,-6.0,43200,0.33727865580697847,-0.78774168210529,4333815.840058059,-455502.3996515776,0.0,-0.4069711664479171
350,90,0.494025,46.833336,-6.0833282,21600,0.5917996458757354,0.8001731082556816,4346604.66032198,-463238.8677294356,0.0,-0.12054021825433071
210,54,0.494025,46.75,-6.0833282,64800,0.7548377099383414,0.8175377233163645,4353319.010767862,-463954.4488188505,0.0,-0.28051116396644876
245,63,0.494025,46.75,-6.0,64800,1.0668436873583689,1.4286414752181955,4353989.159796485,-457622.70099545474,0.0,2.454948127527304
245,63,0.494025,46.75,-6.0,21600,0.0074303730718838406,-0.9017037728958801,4353989.159796485,-457622.70099545474,0.0,-1.7564448044304675
525,135,0.494025,46.91667,-6.0,64800,0.00902713033837356,-0.10610840281640638,4340549.125536747,-456210.0964726406,0.0,0.0
105,27,0.494025,46.66667,-6.0,21600,0.00902713033837356,-0.10610840281640638,4360694.650219674,-458327.4764384654,0.0,0.0
490,126,0.494025,46.91667,-6.0833282,64800,0.00902713033837356,-0.10610840281640638,4339881.045145775,-462522.2992525033,0.0,0.0
455,117,0.494025,46.91667,-6.1666565,64800,-0.011343223698986236,0.24416034349862653,4339203.78529813,-468833.52373287774,0.0,-1.714854586012138
70,18,0.494025,46.66667,-6.0833282,86400,0.795197678507858,1.1254689203376826,4360023.469108121,-464668.9756583009,0.0,1.8538642351384016
140,36,0.494025,46.75,-6.25,21600,0.00902713033837356,-0.10610840281640638,4351950.96357759,-476616.1460837916,0.0,0.0
420,108,0.494025,46.91667,-6.25,64800,1.2140467452329577,-0.28179351295024097,4338517.220887722,-475144.9119816816,0.0,-0.102002272636913
175,45,0.494025,46.75,-6.1666565,21600,0.00902713033837356,-0.10610840281640638,4352639.653859386,-470285.21531356085,0.0,0.0
385,99,0.494025,46.833336,-6.0,64800,0.00902713033837356,-0.10610840281640638,4347273.775744883,-456916.88569019584,0.0,0.0
350,90,0.494025,46.833336,-6.0833282,64800,0.9336013547541208,1.6552813394738715,4346604.66032198,-463238.8677294356,0.0,-0.20695661675761576
105,27,0.494025,46.66667,-6.0,86400,0.07078494841146579,0.9351672673012141,4360694.650219674,-458327.4764384654,0.0,2.269840108714443
560,144,0.494025,47.0,-6.25,86400,0.1618202421889957,-0.2080652644723448,4331787.087405169,-474407.8424903363,0.0,-0.39039780154394166
210,54,0.494025,46.75,-6.0833282,21600,0.4944392450961914,1.545907813473904,4353319.010767862,-463954.4488188505,0.0,-0.1113980221839112
315,81,0.494025,46.833336,-6.1666565,64800,0.00902713033837356,-0.10610840281640638,4345926.351221016,-469559.8699535443,0.0,0.0
280,72,0.494025,46.833336,-6.25,64800,-1.6369472740738285,-1.4962335191647793,4345238.723142079,-475881.0361998027,0.0,-1.7121097957215532
420,108,0.494025,46.91667,-6.25,21600,-0.3185531161063125,0.4354340706706588,4338517.220887722,-475144.9119816816,0.0,0.6213608295486249
595,153,0.494025,47.0,-6.1666565,86400,1.2767363963425218,1.4595443943904962,4332472.586781167,-468106.2447951276,0.0,0.3715424808965335
630,162,0.494025,47.0,-6.0833282,43200,0.3277676953072036,-0.31055451679966994,4333148.796028124,-461804.81061430223,0.0,-0.6263244671154004
455,117,0.494025,46.91667,-6.1666565,21600,0.5367618669061984,0.45909559694907304,4339203.78529813,-468833.52373287774,0.0,1.6887225084389903
315,81,0.494025,46.833336,-6.1666565,43200,0.00902713033837356,-0.10610840281640638,4345926.351221016,-469559.8699535443,0.0,0.0
630,162,0.494025,47.0,-6.0833282,21600,0.012293386159224534,-0.10564885403200794,4333148.796028124,-461804.81061430223,0.0,0.0
280,72,0.494025,46.833336,-6.25,43200,-0.9500209242576955,-0.5759105912820334,4345238.723142079,-475881.0361998027,0.0,0.2487134828628122
665,171,0.494025,47.0,-6.0,21600,-0.36476152579901006,-0.4690414824171159,4333815.840058059,-455502.3996515776,0.0,-1.1604462946000915
245,63,0.494025,46.75,-6.0,43200,-0.4971993256844052,0.331415974918187,4353989.159796485,-457622.70099545474,0.0,1.6851680090958658
210,54,0.494025,46.75,-6.0833282,43200,0.006303888850932401,-0.10587792950890548,4353319.010767862,-463954.4488188505,0.0,0.0
315,81,0.494025,46.833336,-6.1666565,86400,1.0063030261401498,-0.5293828954683785,4345926.351221016,-469559.8699535443,0.0,1.3411852221982312
350,90,0.494025,46.833336,-6.0833282,86400,1.3425039421260592,1.382273147993465,4346604.66032198,-463238.8677294356,0.0,2.9897671848912095
0,0,0.494025,46.66667,-6.25,43200,0.006303888850932401,-0.10587792950890548,4358653.3150161095,-477350.1729464703,0.0,0.0
175,45,0.494025,46.75,-6.1666565,43200,0.00902713033837356,-0.10610840281640638,4352639.653859386,-470285.21531356085,0.0,0.0
140,36,0.494025,46.75,-6.25,43200,1.1459055395752864,-0.05756603125953327,4351950.96357759,-476616.1460837916,0.0,0.2628843460824465
35,9,0.494025,46.66667,-6.1666565,43200,0.4135168843513823,0.5355143510976206,4359343.065935845,-471009.49203812674,0.0,-1.4988521303428943
105,27,0.494025,46.66667,-6.0,43200,-0.41674751230234625,-0.3492262491886275,4360694.650219674,-458327.4764384654,0.0,0.8411419021153639
385,99,0.494025,46.833336,-6.0,86400,-0.569925048340586,-1.5685471556829724,4347273.775744883,-456916.88569019584,0.0,-0.08653683184954618
420,108,0.494025,46.91667,-6.25,86400,0.00902713033837356,-0.10610840281640638,4338517.220887722,-475144.9119816816,0.0,0.0
630,162,0.494025,47.0,-6.0833282,86400,0.154857515088172,1.3339744844430246,4333148.796028124,-461804.81061430223,0.0,-0.6205153669131799
0,0,0.494025,46.66667,-6.25,86400,1.3290525821708605,1.6407388589378435,4358653.3150161095,-477350.1729464703,0.0,-1.4051738183224376
350,90,0.494025,46.833336,-6.0833282,43200,0.7216457931776552,1.1594421531766808,4346604.66032198,-463238.8677294356,0.0,-1.701845462470519
595,153,0.494025,47.0,-6.1666565,43200,0.012293386159224534,-0.10564885403200794,4332472.586781167,-468106.2447951276,0.0,0.0
560,144,0.494025,47.0,-6.25,43200,0.7204015176058673,1.6112672489363393,4331787.087405169,-474407.8424903363,0.0,0.26744264320750893
245,63,0.494025,46.75,-6.0,86400,1.321546397453755,0.9333577441369202,4353989.159796485,-457622.70099545474,0.0,2.74591812785447
490,126,0.494025,46.91667,-6.0833282,21600,0.7217317893274523,0.9537790897497889,4339881.045145775,-462522.2992525033,0.0,1.7926272168860629
525,135,0.494025,46.91667,-6.0,43200,0.00902713033837356,-0.10610840281640638,4340549.125536747,-456210.0964726406,0.0,0.0
490,126,0.494025,46.91667,-6.0833282,43200,0.16244954210958262,0.09884001851282681,4339881.045145775,-462522.2992525033,0.0,-0.14047174433153342
525,135,0.494025,46.91667,-6.0,21600,-0.7893791653618977,-0.6413878808821893,4340549.125536747,-456210.0964726406,0.0,-0.36968102161998034
455,117,0.494025,46.91667,-6.1666565,43200,-0.29881930094946507,-0.0047546364817468295,4339203.78529813,-468833.52373287774,0.0,-0.9782223359138561
665,171,0.494025,47.0,-6.0,86400,0.5703781102972585,0.1392712699160294,4333815.840058059,-455502.3996515776,0.0,-3.7813936927955445
280,72,0.494025,46.833336,-6.25,86400,0.00902713033837356,-0.10610840281640638,4345238.723142079,-475881.0361998027,0.0,0.0
455,117,0.494025,46.91667,-6.1666565,86400,0.00902713033837356,-0.10610840281640638,4339203.78529813,-468833.52373287774,0.0,0.0
560,144,0.494025,47.0,-6.25,21600,0.012293386159224534,-0.10564885403200794,4331787.087405169,-474407.8424903363,0.0,0.0
420,108,0.494025,46.91667,-6.25,43200,-0.33064608355504715,-0.29386101477722526,4338517.220887722,-475144.9119816816,0.0,0.16404594453089288
385,99,0.494025,46.833336,-6.0,43200,0.9991095249952514,1.662490324790197,4347273.775744883,-456916.88569019584,0.0,1.7400151744022216
595,153,0.494025,47.0,-6.1666565,21600,0.5286227560281205,0.10119423852291093,4332472.586781167,-468106.2447951276,0.0,-0.5705029172907687
490,126,0.494025,46.91667,-6.0833282,86400,-0.4409631113997667,-0.21202114932039423,4339881.045145775,-462522.2992525033,0.0,-2.2700277685514556
560,144,0.494025,47.0,-6.25,64800,0.012293386159224534,-0.10564885403200794,4331787.087405169,-474407.8424903363,0.0,0.0
70,18,0.494025,46.66667,-6.0833282,43200,-0.14106049348008143,0.42882552186481876,4360023.469108121,-464668.9756583009,0.0,1.450032107420946
35,9,0.494025,46.66667,-6.1666565,21600,0.00902713033837356,-0.10610840281640638,4359343.065935845,-471009.49203812674,0.0,0.0
70,18,0.494025,46.66667,-6.0833282,21600,0.00902713033837356,-0.10610840281640638,4360023.469108121,-464668.9756583009,0.0,0.0
35,9,0.494025,46.66667,-6.1666565,86400,0.00902713033837356,-0.10610840281640638,4359343.065935845,-471009.49203812674,0.0,0.0
595,153,0.494025,47.0,-6.1666565,64800,-0.21832586992709288,0.5530960006409769,4332472.586781167,-468106.2447951276,0.0,1.0435510943259763
630,162,0.494025,47.0,-6.0833282,64800,-0.13964795677743436,-1.1282567625015858,4333148.796028124,-461804.81061430223,0.0,-1.8139969765464203
665,171,0.494025,47.0,-6.0,64800,0.01596997723087854,-0.10428486563199496,4333815.840058059,-455502.3996515776,0.0,0.0
421,288,1.541375,46.91667,-6.25,21600,-0.024003203989832033,0.43419401992547313,4338517.220887722,-475144.9119816816,0.0,0.2824922775481071
491,306,1.541375,46.91667,-6.0833282,43200,0.3231885737844672,0.2463704631368581,4339881.045145775,-462522.2992525033,0.0,0.055229147761499786
421,288,1.541375,46.91667,-6.25,64800,0.8384866453768329,-0.21576504035438188,4338517.220887722,-475144.9119816816,0.0,-0.038830879128283875
246,243,1.541375,46.75,-6.0,64800,0.7378354067750389,1.0662740913099873,4353989.159796485,-457622.70099545474,0.0,1.6027255408195598
421,288,1.541375,46.91667,-6.25,86400,0.009034626397786825,-0.10610820939163504,4338517.220887722,-475144.9119816816,0.0,0.0
526,315,1.541375,46.91667,-6.0,43200,0.14089682893940195,-0.4824311209793015,4340549.125536747,-456210.0964726406,0.0,0.37188927972073066
666,351,1.541375,47.0,-6.0,21600,-0.31565422810810506,-0.6205776524266197,4333815.840058059,-455502.3996515776,0.0,-0.8746980493099119
211,234,1.541375,46.75,-6.0833282,64800,0.5763350281855213,0.712034853633448,4353319.010767862,-463954.4488188505,0.0,-0.30105527094304435
246,243,1.541375,46.75,-6.0,43200,-0.3867044871454932,-0.02474743293568836,4353989.159796485,-457622.70099545474,0.0,1.4672348540905975
526,315,1.541375,46.91667,-6.0,21600,-0.55268233641132,-0.5002120548102489,4340549.125536747,-456210.0964726406,0.0,-0.3423673622766104
491,306,1.541375,46.91667,-6.0833282,21600,0.5446668568321641,0.6193101431535132,4339881.045145775,-462522.2992525033,0.0,1.0774618301791823
281,252,1.541375,46.833336,-6.25,21600,0.3892200235856099,0.5591337179322532,4345238.723142079,-475881.0361998027,0.0,1.5033222883437554
141,216,1.541375,46.75,-6.25,21600,-0.45862390710539414,0.024418572489604218,4351950.96357759,-476616.1460837916,0.0,0.793958723108001
246,243,1.541375,46.75,-6.0,86400,0.909999268392965,0.7518998808130083,4353989.159796485,-457622.70099545474,0.0,1.6859681129773052
71,198,1.541375,46.66667,-6.0833282,86400,0.6477772878108088,0.9523374870390915,4360023.469108121,-464668.9756583009,0.0,0.9521005282583894
596,333,1.541375,47.0,-6.1666565,43200,0.23948602184989853,0.0746146536152448,4332472.586781167,-468106.2447951276,0.0,0.5551781564237369
561,324,1.541375,47.0,-6.25,64800,0.012302451963010597,-0.1056465756137728,4331787.087405169,-474407.8424903363,0.0,0.0
456,297,1.541375,46.91667,-6.1666565,64800,0.013859976547262206,0.2236538301345599,4339203.78529813,-468833.52373287774,0.0,-1.0711954686101133
176,225,1.541375,46.75,-6.1666565,64800,0.10254139324598095,0.13150323897545865,4352639.653859386,-470285.21531356085,0.0,0.1152200281161043
211,234,1.541375,46.75,-6.0833282,43200,-0.573483860691181,-1.0058424421095153,4353319.010767862,-463954.4488188505,0.0,1.0131344904718662
141,216,1.541375,46.75,-6.25,86400,0.3121823585760179,-0.18468547417465292,4351950.96357759,-476616.1460837916,0.0,-0.5540439577212111
281,252,1.541375,46.833336,-6.25,43200,-0.467862538196391,-0.3254896898762135,4345238.723142079,-475881.0361998027,0.0,0.12798539896449962
596,333,1.541375,47.0,-6.1666565,64800,-0.24837346845753677,0.15008160933285006,4332472.586781167,-468106.2447951276,0.0,0.30689282056028727
1,180,1.541375,46.66667,-6.25,86400,0.9828854332149344,1.1117453509226147,4358653.3150161095,-477350.1729464703,0.0,-0.9219271988985485
561,324,1.541375,47.0,-6.25,86400,0.06022071145325973,-0.4806905628252278,4331787.087405169,-474407.8424903363,0.0,-0.255490191536558
666,351,1.541375,47.0,-6.0,86400,0.43691401821192244,0.22204068093442064,4333815.840058059,-455502.3996515776,0.0,-2.9159431244050693
596,333,1.541375,47.0,-6.1666565,21600,0.5520331089277369,0.21916988857407613,4332472.586781167,-468106.2447951276,0.0,0.04595361621087158
211,234,1.541375,46.75,-6.0833282,21600,0.29819887735233647,0.7862437616770338,4353319.010767862,-463954.4488188505,0.0,-0.010947696243410222
351,270,1.541375,46.833336,-6.0833282,64800,0.4401773475521695,0.947468928649633,4346604.66032198,-463238.8677294356,0.0,-0.1879495194399393
666,351,1.541375,47.0,-6.0,64800,0.13821877123286988,-0.8416207764090756,4333815.840058059,-455502.3996515776,0.0,1.0991806931026553
421,288,1.541375,46.91667,-6.25,43200,-0.3834325864886038,-0.4727684060534899,4338517.220887722,-475144.9119816816,0.0,0.3655936698167748
351,270,1.541375,46.833336,-6.0833282,43200,0.6463403507985898,0.8488957998891932,4346604.66032198,-463238.8677294356,0.0,-1.2305913740534433
316,261,1.541375,46.833336,-6.1666565,64800,-0.8118241314026883,-0.8525191092396714,4345926.351221016,-469559.8699535443,0.0,-0.9350202470039404
561,324,1.541375,47.0,-6.25,21600,-0.023441172274795172,-0.28221582142984836,4331787.087405169,-474407.8424903363,0.0,-0.02836133454749454
316,261,1.541375,46.833336,-6.1666565,86400,0.35356495145770894,-0.7879061226112928,4345926.351221016,-469559.8699535443,0.0,1.074057626101928
386,279,1.541375,46.833336,-6.0,64800,-1.4236037681477367,-1.3112747318345395,4347273.775744883,-456916.88569019584,0.0,-0.13555492361490207
106,207,1.541375,46.66667,-6.0,86400,0.13061297888467438,0.6188631114978036,4360694.650219674,-458327.4764384654,0.0,1.363330200657191
316,261,1.541375,46.833336,-6.1666565,43200,-0.9323699418713446,-0.3789391539205953,4345926.351221016,-469559.8699535443,0.0,1.6129049302323655
456,297,1.541375,46.91667,-6.1666565,86400,0.009034626397786825,-0.10610820939163504,4339203.78529813,-468833.52373287774,0.0,0.0
176,225,1.541375,46.75,-6.1666565,21600,0.009034626397786825,-0.10610820939163504,4352639.653859386,-470285.21531356085,0.0,0.0
281,252,1.541375,46.833336,-6.25,86400,-0.6930778812371651,-1.2861638872839285,4345238.723142079,-475881.0361998027,0.0,-1.1278394223813553
281,252,1.541375,46.833336,-6.25,64800,-1.2274099114364243,-0.9680776502938322,4345238.723142079,-475881.0361998027,0.0,-1.0496031434007085
631,342,1.541375,47.0,-6.0833282,86400,0.11305695705776547,0.8668642732829747,4333148.796028124,-461804.81061430223,0.0,-0.5403350258132225
631,342,1.541375,47.0,-6.0833282,21600,0.21263742413535197,-0.45886501461731155,4333148.796028124,-461804.81061430223,0.0,1.7760896424835948
456,297,1.541375,46.91667,-6.1666565,43200,-0.14774118255224905,0.09259342730762149,4339203.78529813,-468833.52373287774,0.0,-0.663641121149877
246,243,1.541375,46.75,-6.0,21600,0.16639220457821485,-0.5274209675233422,4353989.159796485,-457622.70099545474,0.0,-0.9449122493593222
351,270,1.541375,46.833336,-6.0833282,86400,1.021744296927553,1.1445749301350847,4346604.66032198,-463238.8677294356,0.0,1.9119999776200074
561,324,1.541375,47.0,-6.25,43200,0.3078203460146515,1.0117703328672987,4331787.087405169,-474407.8424903363,0.0,0.23194523325538358
456,297,1.541375,46.91667,-6.1666565,21600,0.38152424860576345,0.3931049515067342,4339203.78529813,-468833.52373287774,0.0,0.8850487341861291
106,207,1.541375,46.66667,-6.0,21600,-0.10974821843769726,-1.182727741287729,4360694.650219674,-458327.4764384654,0.0,0.7449081558314439
526,315,1.541375,46.91667,-6.0,64800,-0.7749847411404229,-0.9784037758247809,4340549.125536747,-456210.0964726406,0.0,-1.451573077295568
71,198,1.541375,46.66667,-6.0833282,21600,0.009034626397786825,-0.10610820939163504,4360023.469108121,-464668.9756583009,0.0,0.0
596,333,1.541375,47.0,-6.1666565,86400,0.903685123375996,1.1570915870723102,4332472.586781167,-468106.2447951276,0.0,-0.0014778994200067763
211,234,1.541375,46.75,-6.0833282,86400,0.006309732723497905,-0.10587913122778385,4353319.010767862,-463954.4488188505,0.0,0.0
666,351,1.541375,47.0,-6.0,43200,0.19294863717994687,-0.6114269630812627,4333815.840058059,-455502.3996515776,0.0,0.10985873475405428
36,189,1.541375,46.66667,-6.1666565,43200,0.19115000481235123,0.3497116721891539,4359343.065935845,-471009.49203812674,0.0,-1.007229503094895
106,207,1.541375,46.66667,-6.0,64800,-0.47813877383791703,-0.6424778308729935,4360694.650219674,-458327.4764384654,0.0,1.601044773156509
631,342,1.541375,47.0,-6.0833282,64800,-0.32835154728685745,-0.9844506995592422,4333148.796028124,-461804.81061430223,0.0,-1.4045826394181378
141,216,1.541375,46.75,-6.25,64800,0.629496202246098,0.8585255151094683,4351950.96357759,-476616.1460837916,0.0,1.3467112824631318
176,225,1.541375,46.75,-6.1666565,86400,0.022851826110581074,0.24531151383121733,4352639.653859386,-470285.21531356085,0.0,-0.5763216976105433
106,207,1.541375,46.66667,-6.0,43200,-0.3415496632387841,-0.18165039358434532,4360694.650219674,-458327.4764384654,0.0,0.5274531228932947
351,270,1.541375,46.833336,-6.0833282,21600,0.5542124679357051,0.7475624764034349,4346604.66032198,-463238.8677294356,0.0,0.11314546670097517
1,180,1.541375,46.66667,-6.25,21600,-0.36300636683120335,-0.5457410133300519,4358653.3150161095,-477350.1729464703,0.0,0.17897330222647767
386,279,1.541375,46.833336,-6.0,86400,-0.4448080441327344,-0.9969087456777107,4347273.775744883,-456916.88569019584,0.0,-0.061591594948773934
386,279,1.541375,46.833336,-6.0,21600,-0.4845130144813027,-0.6968325516690592,4347273.775744883,-456916.88569019584,0.0,-0.008604939190927332
36,189,1.541375,46.66667,-6.1666565,64800,-0.1458502344980269,-0.45025490385977407,4359343.065935845,-471009.49203812674,0.0,-0.5848571966611231
36,189,1.541375,46.66667,-6.1666565,86400,0.009034626397786825,-0.10610820939163504,4359343.065935845,-471009.49203812674,0.0,0.0
71,198,1.541375,46.66667,-6.0833282,64800,0.23106488074604747,0.029885175761536015,4360023.469108121,-464668.9756583009,0.0,0.3675282174891593
71,198,1.541375,46.66667,-6.0833282,43200,0.013587631815505475,0.22052327343475817,4360023.469108121,-464668.9756583009,0.0,1.0859854402994042
1,180,1.541375,46.66667,-6.25,64800,0.5285902320111973,1.224707310379342,4358653.3150161095,-477350.1729464703,0.0,0.5344865241121675
141,216,1.541375,46.75,-6.25,43200,0.8849098627348276,0.22627968870861134,4351950.96357759,-476616.1460837916,0.0,0.2723899174022328
386,279,1.541375,46.833336,-6.0,43200,0.6614103616170794,1.025892750890048,4347273.775744883,-456916.88569019584,0.0,1.3611774044105414
491,306,1.541375,46.91667,-6.0833282,64800,0.2681493958912972,0.1432588323748434,4339881.045145775,-462522.2992525033,0.0,0.5884992986073205
631,342,1.541375,47.0,-6.0833282,43200,0.2526690544807576,-0.11086097095591013,4333148.796028124,-461804.81061430223,0.0,-0.08444062737647955
491,306,1.541375,46.91667,-6.0833282,86400,-0.5737397123963567,-0.3509742762748594,4339881.045145775,-462522.2992525033,0.0,-1.4573642301328567
36,189,1.541375,46.66667,-6.1666565,21600,0.009034626397786825,-0.10610820939163504,4359343.065935845,-471009.49203812674,0.0,0.0
1,180,1.541375,46.66667,-6.25,43200,-0.9441463388756293,-1.435700364743208,4358653.3150161095,-477350.1729464703,0.0,1.6008620663647473
526,315,1.541375,46.91667,-6.0,86400,-0.028304599369658432,-0.1514914551846835,4340549.125536747,-456210.0964726406,0.0,-0.08760660021047449
176,225,1.541375,46.75,-6.1666565,43200,-0.9119656185413634,-1.5025400366147388,4352639.653859386,-470285.21531356085,0.0,2.2000234687876468
316,261,1.541375,46.833336,-6.1666565,21600,0.38369841687982986,-0.5764964386897155,4345926.351221016,-469559.8699535443,0.0,0.031216223590891316
37,369,2.645669,46.66667,-6.1666565,21600,-0.29351231606608374,-0.7940865895985735,4359343.065935845,-471009.49203812674,0.0,1.0241498025097528
632,522,2.645669,47.0,-6.0833282,64800,-0.31562981094971554,-0.7879050682112417,4333148.796028124,-461804.81061430223,0.0,-1.0560419011033066
107,387,2.645669,46.66667,-6.0,86400,0.14189612285345374,0.4433998828226083,4360694.650219674,-458327.4764384654,0.0,0.8697412794092084
562,504,2.645669,47.0,-6.25,43200,0.13129928985669376,0.6538475938390873,4331787.087405169,-474407.8424903363,0.0,0.1630213028875683
352,450,2.645669,46.833336,-6.0833282,21600,0.4566821150060075,0.6059766194673923,4346604.66032198,-463238.8677294356,0.0,0.15851131760096684
387,459,2.645669,46.833336,-6.0,21600,-0.3591840249567307,-0.5520773899347196,4347273.775744883,-456916.88569019584,0.0,-0.11532201314748465
422,468,2.645669,46.91667,-6.25,43200,-0.3401088678970532,-0.4695399678506101,4338517.220887722,-475144.9119816816,0.0,0.3727330599329592
2,360,2.645669,46.66667,-6.25,64800,0.3382078237064685,0.7954959377283879,4358653.3150161095,-477350.1729464703,0.0,0.4660082641440352
492,486,2.645669,46.91667,-6.0833282,86400,-0.5185017724557568,-0.3596951539972312,4339881.045145775,-462522.2992525033,0.0,-0.9428699009058022
597,513,2.645669,47.0,-6.1666565,43200,0.1122637798981813,-0.16655826761465134,4332472.586781167,-468106.2447951276,0.0,0.5348496688261676
212,414,2.645669,46.75,-6.0833282,21600,0.14970521576018272,0.35676987626729384,4353319.010767862,-463954.4488188505,0.0,-0.0003232972250599591
177,405,2.645669,46.75,-6.1666565,64800,0.0679105472477167,0.06359561812195637,4352639.653859386,-470285.21531356085,0.0,0.002747544081283184
72,378,2.645669,46.66667,-6.0833282,64800,0.0030952925234220587,-0.12768536801974067,4360023.469108121,-464668.9756583009,0.0,0.38325644805956055
37,369,2.645669,46.66667,-6.1666565,64800,-0.05655572715855456,-0.3518916745078986,4359343.065935845,-471009.49203812674,0.0,-0.41331526351597603
177,405,2.645669,46.75,-6.1666565,86400,-0.04563702075260702,0.051271959100163175,4352639.653859386,-470285.21531356085,0.0,-0.27451441498527707
562,504,2.645669,47.0,-6.25,86400,0.026553509955413626,-0.47954780397591956,4331787.087405169,-474407.8424903363,0.0,-0.19222269700505765
317,441,2.645669,46.833336,-6.1666565,64800,-0.6422633567032735,-0.762990842006965,4345926.351221016,-469559.8699535443,0.0,-0.5319716593837539
387,459,2.645669,46.833336,-6.0,43200,0.4585464758382139,0.6389324722446299,4347273.775744883,-456916.88569019584,0.0,1.0367300877882661
282,432,2.645669,46.833336,-6.25,86400,-0.4678422243878272,-1.0056755537539956,4345238.723142079,-475881.0361998027,0.0,-0.8605061597029944
212,414,2.645669,46.75,-6.0833282,64800,0.39720013775103813,0.5139540718460481,4353319.010767862,-463954.4488188505,0.0,-0.2483096335988831
527,495,2.645669,46.91667,-6.0,43200,0.058142794147453644,-0.4066654863965751,4340549.125536747,-456210.0964726406,0.0,0.36205081471668926
422,468,2.645669,46.91667,-6.25,21600,0.08033168629905434,0.3522257768180766,4338517.220887722,-475144.9119816816,0.0,0.16730667988987427
142,396,2.645669,46.75,-6.25,64800,0.421927686934956,0.5697797795591334,4351950.96357759,-476616.1460837916,0.0,1.045120056797007
597,513,2.645669,47.0,-6.1666565,64800,-0.24498546259567694,-0.044847866157320865,4332472.586781167,-468106.2447951276,0.0,-0.008656256669352169
492,486,2.645669,46.91667,-6.0833282,21600,0.3985130693909419,0.4123877123697222,4339881.045145775,-462522.2992525033,0.0,0.7432846043889301
317,441,2.645669,46.833336,-6.1666565,21600,0.38294847914337066,-0.4190008410181081,4345926.351221016,-469559.8699535443,0.0,-0.14713064929442474
247,423,2.645669,46.75,-6.0,64800,0.5292300614455615,0.7666261279729992,4353989.159796485,-457622.70099545474,0.0,1.130904753244862
492,486,2.645669,46.91667,-6.0833282,43200,0.311140362201392,0.23309792222405756,4339881.045145775,-462522.2992525033,0.0,0.12160132426579666
212,414,2.645669,46.75,-6.0833282,86400,-0.5192477825497622,-0.6438314107429759,4353319.010767862,-463954.4488188505,0.0,0.13655713372377504
142,396,2.645669,46.75,-6.25,86400,0.13013805074989504,-0.22896080616766076,4351950.96357759,-476616.1460837916,0.0,-0.38388666361273943
527,495,2.645669,46.91667,-6.0,21600,-0.361050799215851,-0.33734237786513216,4340549.125536747,-456210.0964726406,0.0,-0.31035377375642864
457,477,2.645669,46.91667,-6.1666565,21600,0.2699711554007903,0.3206025354353215,4339203.78529813,-468833.52373287774,0.0,0.471970666896858
247,423,2.645669,46.75,-6.0,86400,0.6448280570130851,0.5443070973972098,4353989.159796485,-457622.70099545474,0.0,1.1344778985192836
457,477,2.645669,46.91667,-6.1666565,43200,-0.05465077657294572,0.16096374053248785,4339203.78529813,-468833.52373287774,0.0,-0.4663522201556701
667,531,2.645669,47.0,-6.0,43200,0.12659891453103783,-0.45241278782190464,4333815.840058059,-455502.3996515776,0.0,0.3197799111908357
282,432,2.645669,46.833336,-6.25,21600,0.29509859030934993,0.45365545308844607,4345238.723142079,-475881.0361998027,0.0,1.0459700004412649
107,387,2.645669,46.66667,-6.0,64800,-0.402654615280586,-0.5997698044901578,4360694.650219674,-458327.4764384654,0.0,1.2242408751917877
527,495,2.645669,46.91667,-6.0,86400,0.04281158802873364,-0.059719607579183015,4340549.125536747,-456210.0964726406,0.0,-0.1554413621765944
282,432,2.645669,46.833336,-6.25,64800,-0.9034858317104265,-0.6522252262048399,4345238.723142079,-475881.0361998027,0.0,-0.6652558703539276
632,522,2.645669,47.0,-6.0833282,43200,0.19140740586508226,-0.041825573268829006,4333148.796028124,-461804.81061430223,0.0,0.10845935085916235
632,522,2.645669,47.0,-6.0833282,86400,0.059666691999695015,0.5602392888724701,4333148.796028124,-461804.81061430223,0.0,-0.4710013326040201
457,477,2.645669,46.91667,-6.1666565,86400,-1.015925886639004,-0.7974530492488988,4339203.78529813,-468833.52373287774,0.0,-0.21976704230247357
247,423,2.645669,46.75,-6.0,21600,0.16255477104351912,-0.37588772765880496,4353989.159796485,-457622.70099545474,0.0,-0.5747166250171514
562,504,2.645669,47.0,-6.25,21600,-0.013047471792496664,-0.20562095538847575,4331787.087405169,-474407.8424903363,0.0,-0.057882646472688065
142,396,2.645669,46.75,-6.25,21600,-0.4273371095884069,-0.18322775624810755,4351950.96357759,-476616.1460837916,0.0,0.47410277210857843
177,405,2.645669,46.75,-6.1666565,43200,-0.6330707751210427,-1.06558805448391,4352639.653859386,-470285.21531356085,0.0,1.6322683846505643
527,495,2.645669,46.91667,-6.0,64800,-0.5844727945265075,-0.7240110246485547,4340549.125536747,-456210.0964726406,0.0,-1.0997639574117237
37,369,2.645669,46.66667,-6.1666565,43200,0.10145268184283408,0.2248893041908202,4359343.065935845,-471009.49203812674,0.0,-0.6764254407033056
212,414,2.645669,46.75,-6.0833282,43200,-0.4285276317396159,-0.7425906137709913,4353319.010767862,-463954.4488188505,0.0,0.7194766548943066
352,450,2.645669,46.833336,-6.0833282,86400,0.761144672724081,0.865553293363626,4346604.66032198,-463238.8677294356,0.0,1.2366110893385378
597,513,2.645669,47.0,-6.1666565,86400,0.635028524507448,0.8438326482598991,4332472.586781167,-468106.2447951276,0.0,-0.12317079140656899
177,405,2.645669,46.75,-6.1666565,21600,-0.3840725465137683,-0.7448115429721099,4352639.653859386,-470285.21531356085,0.0,-0.6471513107411612
667,531,2.645669,47.0,-6.0,21600,-0.24240606923862523,-0.577345000840133,4333815.840058059,-455502.3996515776,0.0,-0.6283557113687082
317,441,2.645669,46.833336,-6.1666565,86400,0.10240555141997996,-0.7445672496869689,4345926.351221016,-469559.8699535443,0.0,0.8334058377686496
422,468,2.645669,46.91667,-6.25,64800,0.6135402784896199,-0.1579637362954654,4338517.220887722,-475144.9119816816,0.0,-0.03435517829370361
387,459,2.645669,46.833336,-6.0,64800,-1.0403997890120797,-1.0035023427802137,4347273.775744883,-456916.88569019584,0.0,-0.12990915090838803
422,468,2.645669,46.91667,-6.25,86400,0.04970949515924378,-0.45864928912356817,4338517.220887722,-475144.9119816816,0.0,-1.3377971800788968
632,522,2.645669,47.0,-6.0833282,21600,0.16818423297885937,-0.36853208257094583,4333148.796028124,-461804.81061430223,0.0,1.3028290538297522
492,486,2.645669,46.91667,-6.0833282,64800,0.18700498655826106,0.07737466308278025,4339881.045145775,-462522.2992525033,0.0,0.503873518901027
142,396,2.645669,46.75,-6.25,43200,0.6566828034268175,0.308485102288061,4351950.96357759,-476616.1460837916,0.0,0.21962357328057555
2,360,2.645669,46.66667,-6.25,43200,-0.6424921551287989,-1.0553667988383424,4358653.3150161095,-477350.1729464703,0.0,1.1739651379732485
107,387,2.645669,46.66667,-6.0,21600,-0.001674922995373973,-0.7890556308851269,4360694.650219674,-458327.4764384654,0.0,0.5866154355349136
457,477,2.645669,46.91667,-6.1666565,64800,0.052178771926761805,0.19796555099798308,4339203.78529813,-468833.52373287774,0.0,-0.6888250780456003
317,441,2.645669,46.833336,-6.1666565,43200,-0.6277835089398508,-0.24749481033207138,4345926.351221016,-469559.8699535443,0.0,1.237293235141143
352,450,2.645669,46.833336,-6.0833282,43200,0.5008353723381718,0.6013466053107892,4346604.66032198,-463238.8677294356,0.0,-0.8970477771902449
667,531,2.645669,47.0,-6.0,86400,0.35120781582052796,0.21358590435408026,4333815.840058059,-455502.3996515776,0.0,-2.22454637980128
667,531,2.645669,47.0,-6.0,64800,0.08737574475235106,-0.6847199775514856,4333815.840058059,-455502.3996515776,0.0,0.8379969143597524
72,378,2.645669,46.66667,-6.0833282,43200,0.05590277272132718,0.11913846945266586,4360023.469108121,-464668.9756583009,0.0,0.7664691150210674
2,360,2.645669,46.66667,-6.25,86400,0.7108557654293652,0.7450959213558088,4358653.3150161095,-477350.1729464703,0.0,-0.5840172842939152
72,378,2.645669,46.66667,-6.0833282,21600,0.2786615880877454,-0.37350644659173926,4360023.469108121,-464668.9756583009,0.0,1.1287837047982834
37,369,2.645669,46.66667,-6.1666565,86400,0.009042534438651367,-0.10610800078968734,4359343.065935845,-471009.49203812674,0.0,0.0
597,513,2.645669,47.0,-6.1666565,21600,0.4925541760328412,0.22561497454363577,4332472.586781167,-468106.2447951276,0.0,0.29507608472001773
352,450,2.645669,46.833336,-6.0833282,64800,0.23045412866391526,0.5935803030271172,4346604.66032198,-463238.8677294356,0.0,-0.1954810160695057
247,423,2.645669,46.75,-6.0,43200,-0.26758973370656525,-0.09230631648965523,4353989.159796485,-457622.70099545474,0.0,1.2550353422872143
72,378,2.645669,46.66667,-6.0833282,86400,0.5226040773880125,0.7446474439653488,4360023.469108121,-464668.9756583009,0.0,0.5370353733622
282,432,2.645669,46.833336,-6.25,43200,-0.21927783887047733,-0.21749740788639346,4345238.723142079,-475881.0361998027,0.0,0.04710619477700635
562,504,2.645669,47.0,-6.25,64800,-0.2732199553389354,-0.9907288104749791,4331787.087405169,-474407.8424903363,0.0,0.5806578463612382
387,459,2.645669,46.833336,-6.0,86400,-0.30518542455873177,-0.6554445196158005,4347273.775744883,-456916.88569019584,0.0,-0.034840850375628674
2,360,2.645669,46.66667,-6.25,21600,-0.25002940034261395,-0.29975743400504684,4358653.3150161095,-477350.1729464703,0.0,0.07221810997584732
107,387,2.645669,46.66667,-6.0,43200,-0.2381963579041188,-0.09092615141709416,4360694.650219674,-458327.4764384654,0.0,0.28965485439786964
353,630,3.819495,46.833336,-6.0833282,86400,0.5573133879406383,0.6136671791718132,4346604.66032198,-463238.8677294356,0.0,0.7831382786409873
213,594,3.819495,46.75,-6.0833282,43200,-0.3231823128730812,-0.5568585660841362,4353319.010767862,-463954.4488188505,0.0,0.5376617288767203
598,693,3.819495,47.0,-6.1666565,43200,0.04395089309899043,-0.28264865725360466,4332472.586781167,-468106.2447951276,0.0,0.47712542817469844
458,657,3.819495,46.91667,-6.1666565,21600,0.1892344268141024,0.257605018564668,4339203.78529813,-468833.52373287774,0.0,0.25192011668557773
563,684,3.819495,47.0,-6.25,43200,0.053262893022722746,0.4210550756975066,4331787.087405169,-474407.8424903363,0.0,0.0914633562095383
458,657,3.819495,46.91667,-6.1666565,64800,0.08578832558383775,0.17033175479953144,4339203.78529813,-468833.52373287774,0.0,-0.4498896116613019
493,666,3.819495,46.91667,-6.0833282,64800,0.12010653029496586,0.01105618518765436,4339881.045145775,-462522.2992525033,0.0,0.37332172206362074
178,585,3.819495,46.75,-6.1666565,64800,0.058383034468471165,0.036971465319056276,4352639.653859386,-470285.21531356085,0.0,-0.10160961875867257
3,540,3.819495,46.66667,-6.25,43200,-0.44844443073625545,-0.7707718088205209,4358653.3150161095,-477350.1729464703,0.0,0.8556867636886997
633,702,3.819495,47.0,-6.0833282,43200,0.14514851772822726,-0.02472314141466686,4333148.796028124,-461804.81061430223,0.0,0.15829375074456345
633,702,3.819495,47.0,-6.0833282,64800,-0.23476670417933382,-0.5944292271023924,4333148.796028124,-461804.81061430223,0.0,-0.7770379034279914
73,558,3.819495,46.66667,-6.0833282,86400,0.4226492429424984,0.5533426309000286,4360023.469108121,-464668.9756583009,0.0,0.3396520688588213
563,684,3.819495,47.0,-6.25,86400,0.0215461828364929,-0.38446612694977306,4331787.087405169,-474407.8424903363,0.0,-0.16164662348259512
178,585,3.819495,46.75,-6.1666565,43200,-0.4455165216857381,-0.751616376815221,4352639.653859386,-470285.21531356085,0.0,1.2156686289224468
178,585,3.819495,46.75,-6.1666565,86400,-0.0894834842849629,-0.05582229725058659,4352639.653859386,-470285.21531356085,0.0,-0.05018300006016925
73,558,3.819495,46.66667,-6.0833282,43200,0.05466620986442686,0.06647860674523755,4360023.469108121,-464668.9756583009,0.0,0.5082922810461279
38,549,3.819495,46.66667,-6.1666565,86400,-0.3074266613399147,-1.1757653236998724,4359343.065935845,-471009.49203812674,0.0,0.49452132771550494
388,639,3.819495,46.833336,-6.0,86400,-0.18239920364037074,-0.43655811958763163,4347273.775744883,-456916.88569019584,0.0,-0.015772263090550895
388,639,3.819495,46.833336,-6.0,21600,-0.2621889656081015,-0.43925665422052856,4347273.775744883,-456916.88569019584,0.0,-0.15098717476930626
353,630,3.819495,46.833336,-6.0833282,21600,0.3534337025490546,0.45748375548976195,4346604.66032198,-463238.8677294356,0.0,0.14104704347021482
73,558,3.819495,46.66667,-6.0833282,64800,-0.09049177443698043,-0.1713409294745778,4360023.469108121,-464668.9756583009,0.0,0.3165537918470034
3,540,3.819495,46.66667,-6.25,64800,0.22847244776843093,0.5083525277746357,4358653.3150161095,-477350.1729464703,0.0,0.38741319697286963
108,567,3.819495,46.66667,-6.0,43200,-0.13669075717020013,-0.03300950473196332,4360694.650219674,-458327.4764384654,0.0,0.11840299559404253
633,702,3.819495,47.0,-6.0833282,86400,0.009678695959403053,0.34799588046854674,4333148.796028124,-461804.81061430223,0.0,-0.4231560916155735
38,549,3.819495,46.66667,-6.1666565,43200,0.06697137020301033,0.13491870595582967,4359343.065935845,-471009.49203812674,0.0,-0.446467768420298
528,675,3.819495,46.91667,-6.0,64800,-0.4289294425962666,-0.5217245833576942,4340549.125536747,-456210.0964726406,0.0,-0.800141031117362
108,567,3.819495,46.66667,-6.0,64800,-0.32539865140613494,-0.512256319534491,4360694.650219674,-458327.4764384654,0.0,0.8844348657492337
668,711,3.819495,47.0,-6.0,43200,0.09462561891278116,-0.3199325793535601,4333815.840058059,-455502.3996515776,0.0,0.3983328749100391
3,540,3.819495,46.66667,-6.25,21600,-0.15003547358603125,-0.15026613094381838,4358653.3150161095,-477350.1729464703,0.0,0.03271070887873632
598,693,3.819495,47.0,-6.1666565,86400,0.4397975207142123,0.5707448230201541,4332472.586781167,-468106.2447951276,0.0,-0.14057896730778388
38,549,3.819495,46.66667,-6.1666565,21600,-0.19991714951305362,-0.5878933061358202,4359343.065935845,-471009.49203812674,0.0,0.7582272175386824
108,567,3.819495,46.66667,-6.0,21600,0.04820698060269393,-0.5463128041906279,4360694.650219674,-458327.4764384654,0.0,0.42691928771680343
143,576,3.819495,46.75,-6.25,64800,0.26105184935885195,0.3538795120144451,4351950.96357759,-476616.1460837916,0.0,0.7595141083699312
283,612,3.819495,46.833336,-6.25,21600,0.22178041327912962,0.3589838688462467,4345238.723142079,-475881.0361998027,0.0,0.7225901262890658
213,594,3.819495,46.75,-6.0833282,86400,-0.36126568818586435,-0.4565559133820543,4353319.010767862,-463954.4488188505,0.0,0.005196022626814934
73,558,3.819495,46.66667,-6.0833282,21600,0.1872317259344703,-0.349571335170738,4360023.469108121,-464668.9756583009,0.0,0.8224759461525872
143,576,3.819495,46.75,-6.25,43200,0.4702856356146615,0.31090222066493645,4351950.96357759,-476616.1460837916,0.0,0.1513323255009894
423,648,3.819495,46.91667,-6.25,21600,0.10882186482614122,0.2559226236114554,4338517.220887722,-475144.9119816816,0.0,0.13807659044419246
318,621,3.819495,46.833336,-6.1666565,21600,0.3413027529166086,-0.3235649990063824,4345926.351221016,-469559.8699535443,0.0,-0.1819134552258312
528,675,3.819495,46.91667,-6.0,86400,0.05164487517765051,-0.03446533637376044,4340549.125536747,-456210.0964726406,0.0,-0.16400137310264126
493,666,3.819495,46.91667,-6.0833282,86400,-0.4124543452118651,-0.3260610987244736,4339881.045145775,-462522.2992525033,0.0,-0.5939317709076741
563,684,3.819495,47.0,-6.25,64800,-0.14025610108101622,-0.7037489711979651,4331787.087405169,-474407.8424903363,0.0,0.38511636203859206
633,702,3.819495,47.0,-6.0833282,21600,0.11037191671398426,-0.3172696063763448,4333148.796028124,-461804.81061430223,0.0,0.9695890852825653
423,648,3.819495,46.91667,-6.25,86400,0.020405096991470834,-0.4187294801793694,4338517.220887722,-475144.9119816816,0.0,-0.995221840452835
458,657,3.819495,46.91667,-6.1666565,86400,-0.7310025590772835,-0.6068794960809083,4339203.78529813,-468833.52373287774,0.0,-0.08671531104305212
38,549,3.819495,46.66667,-6.1666565,64800,-0.007684580079855018,-0.2961507924058718,4359343.065935845,-471009.49203812674,0.0,-0.26804309281216476
528,675,3.819495,46.91667,-6.0,21600,-0.2092767536119974,-0.19008265727681098,4340549.125536747,-456210.0964726406,0.0,-0.2753960758031307
318,621,3.819495,46.833336,-6.1666565,64800,-0.48047167418185033,-0.6519106022297262,4345926.351221016,-469559.8699535443,0.0,-0.2787777615336294
668,711,3.819495,47.0,-6.0,86400,0.2900003598926047,0.17149139536468527,4333815.840058059,-455502.3996515776,0.0,-1.6846806292779524
458,657,3.819495,46.91667,-6.1666565,43200,0.003458710930780701,0.20360153958670218,4339203.78529813,-468833.52373287774,0.0,-0.33027501695243244
248,603,3.819495,46.75,-6.0,21600,0.10970402125944481,-0.3112373137458332,4353989.159796485,-457622.70099545474,0.0,-0.39661463140159137
283,612,3.819495,46.833336,-6.25,43200,-0.08302375847909492,-0.17098560099186733,4345238.723142079,-475881.0361998027,0.0,-0.014815932103581038
318,621,3.819495,46.833336,-6.1666565,43200,-0.4245709146413561,-0.20176485337165173,4345926.351221016,-469559.8699535443,0.0,0.9600405378701314
143,576,3.819495,46.75,-6.25,21600,-0.38368089115443227,-0.2670077288463841,4351950.96357759,-476616.1460837916,0.0,0.3132904895892484
388,639,3.819495,46.833336,-6.0,64800,-0.7456631047102261,-0.7606056571617306,4347273.775744883,-456916.88569019584,0.0,-0.12016170094294655
108,567,3.819495,46.66667,-6.0,86400,0.13397469336252857,0.33476477709821023,4360694.650219674,-458327.4764384654,0.0,0.5799303400216804
318,621,3.819495,46.833336,-6.1666565,86400,0.018442936026925462,-0.6084338803264672,4345926.351221016,-469559.8699535443,0.0,0.6342817444864399
283,612,3.819495,46.833336,-6.25,64800,-0.6471963660332435,-0.4407784041276978,4345238.723142079,-475881.0361998027,0.0,-0.42187969187590735
423,648,3.819495,46.91667,-6.25,43200,-0.27039275690659514,-0.40794721495283687,4338517.220887722,-475144.9119816816,0.0,0.3180559264096352
283,612,3.819495,46.833336,-6.25,86400,-0.271622622224388,-0.7312187826256756,4345238.723142079,-475881.0361998027,0.0,-0.6557807645327185
493,666,3.819495,46.91667,-6.0833282,43200,0.24665856883768908,0.16923818467908214,4339881.045145775,-462522.2992525033,0.0,0.13716753975578394
248,603,3.819495,46.75,-6.0,64800,0.3859946802863003,0.5266661127463665,4353989.159796485,-457622.70099545474,0.0,0.8490743827748726
563,684,3.819495,47.0,-6.25,21600,-0.04457282606200495,-0.21095855496074462,4331787.087405169,-474407.8424903363,0.0,-0.05884452501503193
353,630,3.819495,46.833336,-6.0833282,43200,0.35271747175912915,0.407131840499245,4346604.66032198,-463238.8677294356,0.0,-0.6596960078696339
248,603,3.819495,46.75,-6.0,86400,0.46494573504689785,0.3599782040524663,4353989.159796485,-457622.70099545474,0.0,0.8234744994021964
143,576,3.819495,46.75,-6.25,86400,0.05187139540740117,-0.22785341314849628,4351950.96357759,-476616.1460837916,0.0,-0.2979836414071419
248,603,3.819495,46.75,-6.0,43200,-0.16657089578840667,-0.06341489762931582,4353989.159796485,-457622.70099545474,0.0,1.0669188842878603
388,639,3.819495,46.833336,-6.0,43200,0.3290474155534679,0.3890847560274339,4347273.775744883,-456916.88569019584,0.0,0.7745930596743368
493,666,3.819495,46.91667,-6.0833282,21600,0.2807980411793547,0.27002308412250065,4339881.045145775,-462522.2992525033,0.0,0.5763380718539611
598,693,3.819495,47.0,-6.1666565,64800,-0.2256672744664782,-0.13833620654017942,4332472.586781167,-468106.2447951276,0.0,-0.14411078857225262
668,711,3.819495,47.0,-6.0,21600,-0.16916720435345892,-0.4737894725739374,4333815.840058059,-455502.3996515776,0.0,-0.4349176185076154
598,693,3.819495,47.0,-6.1666565,21600,0.41412281271245066,0.19564408928096694,4332472.586781167,-468106.2447951276,0.0,0.38952644925800656
213,594,3.819495,46.75,-6.0833282,64800,0.24699466625837613,0.3188702483450413,4353319.010767862,-463954.4488188505,0.0,-0.178677070712865
178,585,3.819495,46.75,-6.1666565,21600,-0.31784455382279503,-0.5970312537995268,4352639.653859386,-470285.21531356085,0.0,-0.5235873258989997
3,540,3.819495,46.66667,-6.25,86400,0.5028920335836502,0.4844202261575908,4358653.3150161095,-477350.1729464703,0.0,-0.3446226456226848
423,648,3.819495,46.91667,-6.25,64800,0.4692534391828939,-0.11116612687672932,4338517.220887722,-475144.9119816816,0.0,-0.05181680086484653
668,711,3.819495,47.0,-6.0,64800,0.05261533808710646,-0.5513878697834855,4333815.840058059,-455502.3996515776,0.0,0.6272944451865424
528,675,3.819495,46.91667,-6.0,43200,0.024180691386054984,-0.34654482986743096,4340549.125536747,-456210.0964726406,0.0,0.3365395958385987
353,630,3.819495,46.833336,-6.0833282,64800,0.14439173661481663,0.40656663510914626,4346604.66032198,-463238.8677294356,0.0,-0.2097341242895512
213,594,3.819495,46.75,-6.0833282,21600,0.04073095678057483,0.09820869493221775,4353319.010767862,-463954.4488188505,0.0,-0.01966921821757536
669,891,5.078224,47.0,-6.0,86400,0.24310011407562343,0.1212855868619488,4333815.840058059,-455502.3996515776,0.0,-1.271877750461376
424,828,5.078224,46.91667,-6.25,43200,-0.20226670175296352,-0.3381751207965268,4338517.220887722,-475144.9119816816,0.0,0.2537873577733958
354,810,5.078224,46.833336,-6.0833282,43200,0.2257104706988925,0.25714922052044786,4346604.66032198,-463238.8677294356,0.0,-0.4920249926124107
564,864,5.078224,47.0,-6.25,21600,-0.08330609957470511,-0.2393994480181738,4331787.087405169,-474407.8424903363,0.0,-0.05000297888162132
39,729,5.078224,46.66667,-6.1666565,21600,-0.1275683088092362,-0.4351146503399591,4359343.065935845,-471009.49203812674,0.0,0.5496938304616134
669,891,5.078224,47.0,-6.0,64800,0.028254674581458642,-0.4465250861995888,4333815.840058059,-455502.3996515776,0.0,0.46176875598539985
389,819,5.078224,46.833336,-6.0,43200,0.24213553545388936,0.22025658506020487,4347273.775744883,-456916.88569019584,0.0,0.5703671574053956
74,738,5.078224,46.66667,-6.0833282,43200,0.03938981060183925,0.03694208028794252,4360023.469108121,-464668.9756583009,0.0,0.308790233898171
39,729,5.078224,46.66667,-6.1666565,43200,0.054331746852151,0.0673033625056284,4359343.065935845,-471009.49203812674,0.0,-0.2850054424299337
389,819,5.078224,46.833336,-6.0,86400,-0.08449460269319756,-0.28820611781647826,4347273.775744883,-456916.88569019584,0.0,-0.004881748937908702
319,801,5.078224,46.833336,-6.1666565,43200,-0.2817998014276219,-0.18832239973557122,4345926.351221016,-469559.8699535443,0.0,0.7561266385071518
109,747,5.078224,46.66667,-6.0,43200,-0.04784012614101726,0.010132540984526331,4360694.650219674,-458327.4764384654,0.0,4.446101242834495e-05
389,819,5.078224,46.833336,-6.0,21600,-0.18611977240839195,-0.3530399890271305,4347273.775744883,-456916.88569019584,0.0,-0.15458978131175183
4,720,5.078224,46.66667,-6.25,64800,0.16093266705010772,0.3077930732747084,4358653.3150161095,-477350.1729464703,0.0,0.31843780834941315
599,873,5.078224,47.0,-6.1666565,21600,0.3411610016963222,0.15959202136207618,4332472.586781167,-468106.2447951276,0.0,0.42070783549772084
214,774,5.078224,46.75,-6.0833282,43200,-0.24594434556644512,-0.42640665687202894,4353319.010767862,-463954.4488188505,0.0,0.41757194594289576
459,837,5.078224,46.91667,-6.1666565,86400,-0.5255402804840797,-0.4586833995477686,4339203.78529813,-468833.52373287774,0.0,-0.003272779691642624
249,783,5.078224,46.75,-6.0,86400,0.3382182300221495,0.21176757231753526,4353989.159796485,-457622.70099545474,0.0,0.6323229645289618
669,891,5.078224,47.0,-6.0,21600,-0.10546480035025221,-0.3649434482893323,4333815.840058059,-455502.3996515776,0.0,-0.29137758092242194
564,864,5.078224,47.0,-6.25,43200,0.015588524212433182,0.25919227691705055,4331787.087405169,-474407.8424903363,0.0,0.02882431858502017
634,882,5.078224,47.0,-6.0833282,64800,-0.14102307873493874,-0.42504491765417923,4333148.796028124,-461804.81061430223,0.0,-0.5621374528505646
459,837,5.078224,46.91667,-6.1666565,21600,0.13060363730108243,0.2079577173210483,4339203.78529813,-468833.52373287774,0.0,0.13182617090445292
494,846,5.078224,46.91667,-6.0833282,21600,0.1878550167193747,0.16420772227644256,4339881.045145775,-462522.2992525033,0.0,0.4838682660433295
529,855,5.078224,46.91667,-6.0,43200,0.008538667148154764,-0.30177872390422844,4340549.125536747,-456210.0964726406,0.0,0.31009851401326494
249,783,5.078224,46.75,-6.0,43200,-0.08917875821804007,-0.013628579107319641,4353989.159796485,-457622.70099545474,0.0,0.9078113643826088
494,846,5.078224,46.91667,-6.0833282,43200,0.17699218701015934,0.09888758597603675,4339881.045145775,-462522.2992525033,0.0,0.1349545154389681
599,873,5.078224,47.0,-6.1666565,43200,0.0030257787190790374,-0.3422852437148518,4332472.586781167,-468106.2447951276,0.0,0.4104868208022485
354,810,5.078224,46.833336,-6.0833282,86400,0.40233777899270684,0.40886166526765744,4346604.66032198,-463238.8677294356,0.0,0.4648338209563114
424,828,5.078224,46.91667,-6.25,86400,0.003282026956910042,-0.3840689456945596,4338517.220887722,-475144.9119816816,0.0,-0.7366820799586693
4,720,5.078224,46.66667,-6.25,43200,-0.3143882801918681,-0.5563106459737646,4358653.3150161095,-477350.1729464703,0.0,0.6140866615098537
4,720,5.078224,46.66667,-6.25,86400,0.3479577654969066,0.29747986187303277,4358653.3150161095,-477350.1729464703,0.0,-0.17440826022412395
179,765,5.078224,46.75,-6.1666565,43200,-0.3126341378343631,-0.5230846770778733,4352639.653859386,-470285.21531356085,0.0,0.9043333746892428
529,855,5.078224,46.91667,-6.0,21600,-0.09210791262461462,-0.07045437149255954,4340549.125536747,-456210.0964726406,0.0,-0.24051045491085163
634,882,5.078224,47.0,-6.0833282,43200,0.11195284404970092,-0.02612782744250719,4333148.796028124,-461804.81061430223,0.0,0.1536367694425758
214,774,5.078224,46.75,-6.0833282,86400,-0.24913352574288844,-0.33508029679870016,4353319.010767862,-463954.4488188505,0.0,-0.07694274433517424
424,828,5.078224,46.91667,-6.25,21600,0.10956916343446745,0.1693393558116191,4338517.220887722,-475144.9119816816,0.0,0.1376188452016476
459,837,5.078224,46.91667,-6.1666565,43200,0.03956673932465049,0.22619197788675652,4339203.78529813,-468833.52373287774,0.0,-0.23001744466806406
144,756,5.078224,46.75,-6.25,43200,0.3236226536200066,0.28455542033313586,4351950.96357759,-476616.1460837916,0.0,0.08712437129107163
284,792,5.078224,46.833336,-6.25,43200,-0.004025922173408747,-0.15120461547986278,4345238.723142079,-475881.0361998027,0.0,-0.06573491152119752
634,882,5.078224,47.0,-6.0833282,21600,0.05868830383008179,-0.2844069211176228,4333148.796028124,-461804.81061430223,0.0,0.7287732945200303
494,846,5.078224,46.91667,-6.0833282,86400,-0.30791168344355613,-0.28472084003009274,4339881.045145775,-462522.2992525033,0.0,-0.34660627460726623
319,801,5.078224,46.833336,-6.1666565,86400,0.0005943540134316829,-0.4625273929831888,4345926.351221016,-469559.8699535443,0.0,0.47738027074201245
4,720,5.078224,46.66667,-6.25,21600,-0.07151816661835171,-0.055794703414544095,4358653.3150161095,-477350.1729464703,0.0,0.018577829911728308
284,792,5.078224,46.833336,-6.25,86400,-0.11314776028446587,-0.49628373011802107,4345238.723142079,-475881.0361998027,0.0,-0.4990070041533867
669,891,5.078224,47.0,-6.0,43200,0.07783502394426525,-0.2149911609616393,4333815.840058059,-455502.3996515776,0.0,0.42212308048427766
39,729,5.078224,46.66667,-6.1666565,64800,0.02315912540680514,-0.2602482700939054,4359343.065935845,-471009.49203812674,0.0,-0.15568276601034306
74,738,5.078224,46.66667,-6.0833282,21600,0.10850150701200982,-0.35409737088318693,4360023.469108121,-464668.9756583009,0.0,0.5541817906336067
144,756,5.078224,46.75,-6.25,64800,0.1406310221678974,0.19394438025197205,4351950.96357759,-476616.1460837916,0.0,0.5218164059987451
634,882,5.078224,47.0,-6.0833282,86400,-0.03182044959775793,0.19686128368565786,4333148.796028124,-461804.81061430223,0.0,-0.3951936797576951
214,774,5.078224,46.75,-6.0833282,64800,0.13185721069667097,0.1584722958972322,4353319.010767862,-463954.4488188505,0.0,-0.11400429782984159
284,792,5.078224,46.833336,-6.25,64800,-0.44580966817517753,-0.2864838523376295,4345238.723142079,-475881.0361998027,0.0,-0.2570590128410046
389,819,5.078224,46.833336,-6.0,64800,-0.5250912212031297,-0.5780905308282427,4347273.775744883,-456916.88569019584,0.0,-0.10656209060897107
599,873,5.078224,47.0,-6.1666565,64800,-0.1998770390041081,-0.18128239936972257,4332472.586781167,-468106.2447951276,0.0,-0.20333693976085804
144,756,5.078224,46.75,-6.25,86400,0.018642787544796265,-0.21370384175608764,4351950.96357759,-476616.1460837916,0.0,-0.24794137742304342
109,747,5.078224,46.66667,-6.0,64800,-0.2608521981841601,-0.42635169049939536,4360694.650219674,-458327.4764384654,0.0,0.6067900292044196
564,864,5.078224,47.0,-6.25,64800,-0.06134895286970414,-0.522450214976754,4331787.087405169,-474407.8424903363,0.0,0.2752909574182347
179,765,5.078224,46.75,-6.1666565,21600,-0.2685500777024894,-0.49239777287244413,4352639.653859386,-470285.21531356085,0.0,-0.4180002583798656
319,801,5.078224,46.833336,-6.1666565,21600,0.29260265555212345,-0.26108156234059765,4345926.351221016,-469559.8699535443,0.0,-0.16657783419733962
74,738,5.078224,46.66667,-6.0833282,64800,-0.1263784038366981,-0.1725652835358141,4360023.469108121,-464668.9756583009,0.0,0.23582412019718904
354,810,5.078224,46.833336,-6.0833282,21600,0.2639884567521487,0.3306388877420311,4346604.66032198,-463238.8677294356,0.0,0.10983181231228029
284,792,5.078224,46.833336,-6.25,21600,0.16424704503429988,0.278435821740761,4345238.723142079,-475881.0361998027,0.0,0.48670064236055094
494,846,5.078224,46.91667,-6.0833282,64800,0.06765753230722546,-0.044691888304387146,4339881.045145775,-462522.2992525033,0.0,0.24721559832561782
74,738,5.078224,46.66667,-6.0833282,86400,0.345349233389655,0.3939346139573585,4360023.469108121,-464668.9756583009,0.0,0.24155484648615874
109,747,5.078224,46.66667,-6.0,86400,0.11956726907865327,0.25982814403498455,4360694.650219674,-458327.4764384654,0.0,0.3979014290793387
109,747,5.078224,46.66667,-6.0,21600,0.07034491051680525,-0.38636645492027055,4360694.650219674,-458327.4764384654,0.0,0.2876701484700204
354,810,5.078224,46.833336,-6.0833282,64800,0.11104987692836292,0.30099285340149706,4346604.66032198,-463238.8677294356,0.0,-0.22326163747729935
424,828,5.078224,46.91667,-6.25,64800,0.3715259037182181,-0.07493347136121153,4338517.220887722,-475144.9119816816,0.0,-0.07578353329230496
179,765,5.078224,46.75,-6.1666565,64800,0.0565841213414277,0.024654161717058726,4352639.653859386,-470285.21531356085,0.0,-0.18137964679877122
249,783,5.078224,46.75,-6.0,64800,0.28215903109058105,0.3393190217757178,4353989.159796485,-457622.70099545474,0.0,0.6687709563241426
599,873,5.078224,47.0,-6.1666565,86400,0.2975807413228678,0.3501962406865508,4332472.586781167,-468106.2447951276,0.0,-0.11862070817817334
564,864,5.078224,47.0,-6.25,86400,0.027494832813158288,-0.2704554054574955,4331787.087405169,-474407.8424903363,0.0,-0.14609142301651934
319,801,5.078224,46.833336,-6.1666565,64800,-0.3449971772762951,-0.5497389586471335,4345926.351221016,-469559.8699535443,0.0,-0.10660433914037556
249,783,5.078224,46.75,-6.0,21600,0.052296031386716964,-0.2782351699526073,4353989.159796485,-457622.70099545474,0.0,-0.3030009156255776
179,765,5.078224,46.75,-6.1666565,86400,-0.11880018807172399,-0.12150526209255678,4352639.653859386,-470285.21531356085,0.0,0.11626410596515653
529,855,5.078224,46.91667,-6.0,64800,-0.30864886439620204,-0.36872205054975515,4340549.125536747,-456210.0964726406,0.0,-0.5580799598464841
214,774,5.078224,46.75,-6.0833282,21600,-0.037181891292281055,-0.06615516461107557,4353319.010767862,-463954.4488188505,0.0,-0.04431571828310095
529,855,5.078224,46.91667,-6.0,86400,0.039555086090848235,-0.03444719760103898,4340549.125536747,-456210.0964726406,0.0,-0.15149708585085386
459,837,5.078224,46.91667,-6.1666565,64800,0.11010976838306487,0.14260038798995797,4339203.78529813,-468833.52373287774,0.0,-0.2962220772050962
39,729,5.078224,46.66667,-6.1666565,86400,-0.24179494755725087,-0.942920921047286,4359343.065935845,-471009.49203812674,0.0,0.3357021376219934
144,756,5.078224,46.75,-6.25,21600,-0.3410995170354849,-0.30009020857765534,4351950.96357759,-476616.1460837916,0.0,0.22147490579066256
670,1071,6.440614,47.0,-6.0,21600,-0.05396922405603599,-0.27065734921097695,4333815.840058059,-455502.3996515776,0.0,-0.18941619165340462
425,1008,6.440614,46.91667,-6.25,64800,0.3030270649565401,-0.047871529384948014,4338517.220887722,-475144.9119816816,0.0,-0.09988402132832468
215,954,6.440614,46.75,-6.0833282,64800,0.048812725411551135,0.03814442396429807,4353319.010767862,-463954.4488188505,0.0,-0.06122998208892664
5,900,6.440614,46.66667,-6.25,64800,0.11734584207814208,0.16514397504317838,4358653.3150161095,-477350.1729464703,0.0,0.26404907911369435
495,1026,6.440614,46.91667,-6.0833282,21600,0.11588469529203792,0.08235910555608417,4339881.045145775,-462522.2992525033,0.0,0.4262915336424495
635,1062,6.440614,47.0,-6.0833282,86400,-0.06387371609142993,0.08868224227887993,4333148.796028124,-461804.81061430223,0.0,-0.3821020102523669
145,936,6.440614,46.75,-6.25,21600,-0.3045680516875572,-0.31335546599479214,4351950.96357759,-476616.1460837916,0.0,0.16160047452399084
600,1053,6.440614,47.0,-6.1666565,64800,-0.17275533428842488,-0.1984175219009487,4332472.586781167,-468106.2447951276,0.0,-0.2298616774336083
285,972,6.440614,46.833336,-6.25,21600,0.11941164932241037,0.21231245517177494,4345238.723142079,-475881.0361998027,0.0,0.31306156955342096
635,1062,6.440614,47.0,-6.0833282,64800,-0.055643975426381616,-0.2856184546976442,4333148.796028124,-461804.81061430223,0.0,-0.40140083032810964
565,1044,6.440614,47.0,-6.25,43200,-0.0053522932866616,0.14222155501302902,4331787.087405169,-474407.8424903363,0.0,-0.02165837303364798
460,1017,6.440614,46.91667,-6.1666565,64800,0.12551123291230862,0.11610919181655774,4339203.78529813,-468833.52373287774,0.0,-0.19712149168363222
180,945,6.440614,46.75,-6.1666565,64800,0.05620731028013787,0.01647635434703762,4352639.653859386,-470285.21531356085,0.0,-0.23545236468219874
355,990,6.440614,46.833336,-6.0833282,86400,0.2874275410362892,0.25166385557644155,4346604.66032198,-463238.8677294356,0.0,0.2370566463928934
460,1017,6.440614,46.91667,-6.1666565,21600,0.08818447109591569,0.17090476786085373,4339203.78529813,-468833.52373287774,0.0,0.06652955796726463
145,936,6.440614,46.75,-6.25,86400,0.00497818082612856,-0.19852007650241707,4351950.96357759,-476616.1460837916,0.0,-0.21393746808037623
530,1035,6.440614,46.91667,-6.0,43200,-0.0005601835069257016,-0.2697798204451446,4340549.125536747,-456210.0964726406,0.0,0.2877517583373984
250,963,6.440614,46.75,-6.0,86400,0.24705587885791833,0.09880797204078531,4353989.159796485,-457622.70099545474,0.0,0.5063555755135231
460,1017,6.440614,46.91667,-6.1666565,43200,0.061338057121699215,0.23437121578481862,4339203.78529813,-468833.52373287774,0.0,-0.15373057252144368
495,1026,6.440614,46.91667,-6.0833282,43200,0.11826420744054718,0.03769253520608867,4339881.045145775,-462522.2992525033,0.0,0.12791675067312497
355,990,6.440614,46.833336,-6.0833282,43200,0.12527572746870635,0.1433431138010699,4346604.66032198,-463238.8677294356,0.0,-0.3755601524231796
355,990,6.440614,46.833336,-6.0833282,64800,0.09960723005803215,0.2375576545393271,4346604.66032198,-463238.8677294356,0.0,-0.23386955614603083
600,1053,6.440614,47.0,-6.1666565,21600,0.2812608034697048,0.12824843432453426,4332472.586781167,-468106.2447951276,0.0,0.4267980477925681
565,1044,6.440614,47.0,-6.25,86400,0.036707066005431756,-0.16624667381342445,4331787.087405169,-474407.8424903363,0.0,-0.13768672088732195
390,999,6.440614,46.833336,-6.0,43200,0.181900105748521,0.103213732666154,4347273.775744883,-456916.88569019584,0.0,0.41568735335791973
670,1071,6.440614,47.0,-6.0,64800,0.011036098014013764,-0.3679446472204565,4333815.840058059,-455502.3996515776,0.0,0.33445767864974646
320,981,6.440614,46.833336,-6.1666565,64800,-0.2392107166287442,-0.46594246834804687,4345926.351221016,-469559.8699535443,0.0,0.015661105212158744
215,954,6.440614,46.75,-6.0833282,21600,-0.09130377422806435,-0.17428034203903964,4353319.010767862,-463954.4488188505,0.0,-0.06525659632204776
565,1044,6.440614,47.0,-6.25,21600,-0.11673520017606212,-0.2685453709841193,4331787.087405169,-474407.8424903363,0.0,-0.03908787161013344
320,981,6.440614,46.833336,-6.1666565,43200,-0.17913848923002504,-0.18590755116274502,4345926.351221016,-469559.8699535443,0.0,0.607601527402114
110,927,6.440614,46.66667,-6.0,86400,0.10409029368734347,0.20393219138995694,4360694.650219674,-458327.4764384654,0.0,0.278318321234523
425,1008,6.440614,46.91667,-6.25,43200,-0.1452716084935701,-0.27804974120535847,4338517.220887722,-475144.9119816816,0.0,0.19797376240165424
5,900,6.440614,46.66667,-6.25,86400,0.23556152290226987,0.16410481065661206,4358653.3150161095,-477350.1729464703,0.0,-0.05422246376208851
75,918,6.440614,46.66667,-6.0833282,86400,0.2869134859310087,0.26806476139759733,4360023.469108121,-464668.9756583009,0.0,0.19071501862310547
180,945,6.440614,46.75,-6.1666565,21600,-0.2294386723475962,-0.4139180989204294,4352639.653859386,-470285.21531356085,0.0,-0.3369516390769798
460,1017,6.440614,46.91667,-6.1666565,86400,-0.3776784331548694,-0.3493570424586478,4339203.78529813,-468833.52373287774,0.0,0.046355314245678
320,981,6.440614,46.833336,-6.1666565,86400,0.006553782892785817,-0.3359634439134656,4345926.351221016,-469559.8699535443,0.0,0.35798552363609554
285,972,6.440614,46.833336,-6.25,86400,0.008975587105385242,-0.30824925499936556,4345238.723142079,-475881.0361998027,0.0,-0.3798025134158931
285,972,6.440614,46.833336,-6.25,64800,-0.2896479191641449,-0.16858556258209317,4345238.723142079,-475881.0361998027,0.0,-0.14118803102204944
390,999,6.440614,46.833336,-6.0,64800,-0.3640634610042114,-0.4456899451916634,4347273.775744883,-456916.88569019584,0.0,-0.09070676368924223
635,1062,6.440614,47.0,-6.0833282,21600,0.01848392969207468,-0.2611238089406813,4333148.796028124,-461804.81061430223,0.0,0.5532761963573036
250,963,6.440614,46.75,-6.0,21600,0.005141984510144636,-0.25603026143581065,4353989.159796485,-457622.70099545474,0.0,-0.24831588114351025
530,1035,6.440614,46.91667,-6.0,21600,-0.0041404974427647154,0.02054137386561966,4340549.125536747,-456210.0964726406,0.0,-0.20819600468084754
285,972,6.440614,46.833336,-6.25,43200,0.04334055389876316,-0.14332487819848705,4345238.723142079,-475881.0361998027,0.0,-0.10836312966918646
670,1071,6.440614,47.0,-6.0,86400,0.2059020232476743,0.07371715042171262,4333815.840058059,-455502.3996515776,0.0,-0.9629119655848335
250,963,6.440614,46.75,-6.0,43200,-0.033399722413466615,0.030695874468247786,4353989.159796485,-457622.70099545474,0.0,0.7771962968125884
425,1008,6.440614,46.91667,-6.25,86400,-0.010936887095087123,-0.35602942490182127,4338517.220887722,-475144.9119816816,0.0,-0.5465359427947694
250,963,6.440614,46.75,-6.0,64800,0.20494939713377844,0.1964954215856037,4353989.159796485,-457622.70099545474,0.0,0.5477866112495053
565,1044,6.440614,47.0,-6.25,64800,-0.010549402955215075,-0.3991998012412181,4331787.087405169,-474407.8424903363,0.0,0.20895413327423498
600,1053,6.440614,47.0,-6.1666565,43200,-0.023909488907396192,-0.37511433640982417,4332472.586781167,-468106.2447951276,0.0,0.3472435577496125
215,954,6.440614,46.75,-6.0833282,43200,-0.1894551497419393,-0.3362758701508785,4353319.010767862,-463954.4488188505,0.0,0.33462267233475007
180,945,6.440614,46.75,-6.1666565,43200,-0.2159666789933519,-0.3568733673251713,4352639.653859386,-470285.21531356085,0.0,0.6708427562247137
40,909,6.440614,46.66667,-6.1666565,86400,-0.1923351199042308,-0.7713181920940235,4359343.065935845,-471009.49203812674,0.0,0.22651759128132556
110,927,6.440614,46.66667,-6.0,21600,0.07891573509500505,-0.2766615679598854,4360694.650219674,-458327.4764384654,0.0,0.17491449013212762
5,900,6.440614,46.66667,-6.25,21600,-0.013932174555064673,0.004862349159142229,4358653.3150161095,-477350.1729464703,0.0,0.013188122911820541
320,981,6.440614,46.833336,-6.1666565,21600,0.24905297785505376,-0.2179425477596974,4345926.351221016,-469559.8699535443,0.0,-0.13834121285976436
110,927,6.440614,46.66667,-6.0,43200,0.02544142663102917,0.04519540583895276,4360694.650219674,-458327.4764384654,0.0,-0.078333010215504
635,1062,6.440614,47.0,-6.0833282,43200,0.0891243365369599,-0.032630950140238396,4333148.796028124,-461804.81061430223,0.0,0.13141052133154763
530,1035,6.440614,46.91667,-6.0,64800,-0.21867168682176444,-0.256855064824269,4340549.125536747,-456210.0964726406,0.0,-0.3696637302642412
215,954,6.440614,46.75,-6.0833282,86400,-0.17184419562446607,-0.25624668529567257,4353319.010767862,-463954.4488188505,0.0,-0.129672726084883
530,1035,6.440614,46.91667,-6.0,86400,0.022901288896068756,-0.042602723950494706,4340549.125536747,-456210.0964726406,0.0,-0.1340793061246287
355,990,6.440614,46.833336,-6.0833282,21600,0.19319005720083707,0.23179868449020197,4346604.66032198,-463238.8677294356,0.0,0.08179134642404927
75,918,6.440614,46.66667,-6.0833282,43200,0.02207530017784126,0.019169120734819578,4360023.469108121,-464668.9756583009,0.0,0.15942256125272508
40,909,6.440614,46.66667,-6.1666565,43200,0.04968174144811494,0.01565695566829038,4359343.065935845,-471009.49203812674,0.0,-0.1725134987841481
145,936,6.440614,46.75,-6.25,64800,0.05339198216358611,0.07778916634324179,4351950.96357759,-476616.1460837916,0.0,0.3365376821678802
40,909,6.440614,46.66667,-6.1666565,21600,-0.07304115472949223,-0.3219132478386195,4359343.065935845,-471009.49203812674,0.0,0.39387464797666105
495,1026,6.440614,46.91667,-6.0833282,86400,-0.22149137368846025,-0.24783621269742234,4339881.045145775,-462522.2992525033,0.0,-0.16812635535761308
145,936,6.440614,46.75,-6.25,43200,0.21124577604688613,0.25030184252425514,4351950.96357759,-476616.1460837916,0.0,0.0340190457176209
40,909,6.440614,46.66667,-6.1666565,64800,0.04517166155286881,-0.23440628113581427,4359343.065935845,-471009.49203812674,0.0,-0.07398580361864744
390,999,6.440614,46.833336,-6.0,21600,-0.1269437679959335,-0.28864871817992366,4347273.775744883,-456916.88569019584,0.0,-0.14450078800113805
600,1053,6.440614,47.0,-6.1666565,86400,0.19455862443653832,0.17985294861543716,4332472.586781167,-468106.2447951276,0.0,-0.08524413875622881
670,1071,6.440614,47.0,-6.0,43200,0.06792972605118282,-0.13505886408784265,4333815.840058059,-455502.3996515776,0.0,0.42369595508660074
5,900,6.440614,46.66667,-6.25,43200,-0.21791258399434088,-0.3954612948157046,4358653.3150161095,-477350.1729464703,0.0,0.4298883998803947
110,927,6.440614,46.66667,-6.0,64800,-0.21180324247999252,-0.356611298042533,4360694.650219674,-458327.4764384654,0.0,0.39180885626629963
75,918,6.440614,46.66667,-6.0833282,21600,0.046876138542656556,-0.36553568697077216,4360023.469108121,-464668.9756583009,0.0,0.3423021029727744
75,918,6.440614,46.66667,-6.0833282,64800,-0.13754033022160725,-0.1602708716173756,4360023.469108121,-464668.9756583009,0.0,0.16526196868282805
495,1026,6.440614,46.91667,-6.0833282,64800,0.02773220868070146,-0.08787513483833807,4339881.045145775,-462522.2992525033,0.0,0.14251634196963028
390,999,6.440614,46.833336,-6.0,86400,-0.010720278653860433,-0.1843491783044273,4347273.775744883,-456916.88569019584,0.0,-0.0001605697716948004
180,945,6.440614,46.75,-6.1666565,86400,-0.13856564282404285,-0.16534754935389423,4352639.653859386,-470285.21531356085,0.0,0.23847802095523693
425,1008,6.440614,46.91667,-6.25,21600,0.10175900262045053,0.09899323204828864,4338517.220887722,-475144.9119816816,0.0,0.14382034970946717
286,1152,7.92956,46.833336,-6.25,64800,-0.17092500258433546,-0.07751734658245131,4345238.723142079,-475881.0361998027,0.0,-0.05894872990212542
531,1215,7.92956,46.91667,-6.0,64800,-0.15305622878141958,-0.17737040979923813,4340549.125536747,-456210.0964726406,0.0,-0.22769942258929915
601,1233,7.92956,47.0,-6.1666565,43200,-0.042630756032406444,-0.3940185795644344,4332472.586781167,-468106.2447951276,0.0,0.2922705234286095
111,1107,7.92956,46.66667,-6.0,43200,0.08332549207722731,0.07421834351025015,4360694.650219674,-458327.4764384654,0.0,-0.1274654663027072
391,1179,7.92956,46.833336,-6.0,64800,-0.24950001874384325,-0.35245611548140676,4347273.775744883,-456916.88569019584,0.0,-0.07425865808353858
636,1242,7.92956,47.0,-6.0833282,21600,-0.010296596445487605,-0.24364697506299063,4333148.796028124,-461804.81061430223,0.0,0.42599913613828466
41,1089,7.92956,46.66667,-6.1666565,43200,0.04755865642039639,-0.023682348501503275,4359343.065935845,-471009.49203812674,0.0,-0.09583828373750747
531,1215,7.92956,46.91667,-6.0,21600,0.05985877811896338,0.08617747870298338,4340549.125536747,-456210.0964726406,0.0,-0.18003838217312584
671,1251,7.92956,47.0,-6.0,43200,0.0613615335777459,-0.07638224815847523,4333815.840058059,-455502.3996515776,0.0,0.41648940602208756
251,1143,7.92956,46.75,-6.0,21600,-0.028891659966676683,-0.23774136873663948,4353989.159796485,-457622.70099545474,0.0,-0.21342460408511538
286,1152,7.92956,46.833336,-6.25,43200,0.07171602172988438,-0.14089888644641207,4345238.723142079,-475881.0361998027,0.0,-0.1434752580276259
111,1107,7.92956,46.66667,-6.0,64800,-0.17668845051273244,-0.3049793256557214,4360694.650219674,-458327.4764384654,0.0,0.23150762858668614
6,1080,7.92956,46.66667,-6.25,86400,0.15642711607591678,0.07052694163496667,4358653.3150161095,-477350.1729464703,0.0,0.02909553712679278
76,1098,7.92956,46.66667,-6.0833282,64800,-0.13806058746021402,-0.14549007502013414,4360023.469108121,-464668.9756583009,0.0,0.11081057662732546
356,1170,7.92956,46.833336,-6.0833282,21600,0.140138817414334,0.15888947571980694,4346604.66032198,-463238.8677294356,0.0,0.061112886503324415
426,1188,7.92956,46.91667,-6.25,43200,-0.10121990193239895,-0.2318808621715996,4338517.220887722,-475144.9119816816,0.0,0.15490268111547853
391,1179,7.92956,46.833336,-6.0,86400,0.04248593219456,-0.11103522959524884,4347273.775744883,-456916.88569019584,0.0,0.0006261227658167028
356,1170,7.92956,46.833336,-6.0833282,43200,0.04988385014596351,0.05879852715312549,4346604.66032198,-463238.8677294356,0.0,-0.29663073457487565
601,1233,7.92956,47.0,-6.1666565,21600,0.23524866278531795,0.10428312643466164,4332472.586781167,-468106.2447951276,0.0,0.42325629281038424
566,1224,7.92956,47.0,-6.25,86400,0.04598535497023547,-0.08089045997636006,4331787.087405169,-474407.8424903363,0.0,-0.1329440404156642
76,1098,7.92956,46.66667,-6.0833282,21600,0.0016143511037740891,-0.3758708350877345,4360023.469108121,-464668.9756583009,0.0,0.18525174462753022
41,1089,7.92956,46.66667,-6.1666565,64800,0.06196276043591753,-0.2145007025819078,4359343.065935845,-471009.49203812674,0.0,-0.017856726632660653
356,1170,7.92956,46.833336,-6.0833282,64800,0.09691964126135878,0.19764019772647967,4346604.66032198,-463238.8677294356,0.0,-0.24137110294141337
321,1161,7.92956,46.833336,-6.1666565,64800,-0.1605036321190232,-0.4013663677139937,4345926.351221016,-469559.8699535443,0.0,0.1033215331836801
391,1179,7.92956,46.833336,-6.0,43200,0.13960160590625578,0.02155208152014744,4347273.775744883,-456916.88569019584,0.0,0.30164470063563
671,1251,7.92956,47.0,-6.0,64800,-0.0010769346105382015,-0.31128931909158025,4333815.840058059,-455502.3996515776,0.0,0.23853966651262531
566,1224,7.92956,47.0,-6.25,64800,0.02374359742325157,-0.3121407265584343,4331787.087405169,-474407.8424903363,0.0,0.16668195475616537
286,1152,7.92956,46.833336,-6.25,86400,0.09954132047211992,-0.16450952602013513,4345238.723142079,-475881.0361998027,0.0,-0.29041969062162853
76,1098,7.92956,46.66667,-6.0833282,43200,0.007144372331149504,0.00793046301365044,4360023.469108121,-464668.9756583009,0.0,0.05085996162148559
216,1134,7.92956,46.75,-6.0833282,21600,-0.12749272479016685,-0.24602199173601663,4353319.010767862,-463954.4488188505,0.0,-0.08015021048142035
181,1125,7.92956,46.75,-6.1666565,86400,-0.15148399576802046,-0.19582627030495364,4352639.653859386,-470285.21531356085,0.0,0.3263471965163109
321,1161,7.92956,46.833336,-6.1666565,43200,-0.10528711957159644,-0.18640573498832086,4345926.351221016,-469559.8699535443,0.0,0.5011418519650707
566,1224,7.92956,47.0,-6.25,21600,-0.1415950848094676,-0.29127434864201485,4331787.087405169,-474407.8424903363,0.0,-0.02912730240942511
6,1080,7.92956,46.66667,-6.25,64800,0.08858365839220012,0.06401369300887425,4358653.3150161095,-477350.1729464703,0.0,0.22370545691917856
181,1125,7.92956,46.75,-6.1666565,21600,-0.19781680890871298,-0.3538415081422616,4352639.653859386,-470285.21531356085,0.0,-0.27873881367362
41,1089,7.92956,46.66667,-6.1666565,86400,-0.15616340343059307,-0.6482250792854818,4359343.065935845,-471009.49203812674,0.0,0.15106843681852103
41,1089,7.92956,46.66667,-6.1666565,21600,-0.03312612858764577,-0.23934050395399348,4359343.065935845,-471009.49203812674,0.0,0.2819503001427529
111,1107,7.92956,46.66667,-6.0,86400,0.0897883497429022,0.16052473548432883,4360694.650219674,-458327.4764384654,0.0,0.19835590602040146
391,1179,7.92956,46.833336,-6.0,21600,-0.08186960846754868,-0.2418118531122429,4347273.775744883,-456916.88569019584,0.0,-0.12941909819746764
321,1161,7.92956,46.833336,-6.1666565,86400,0.019253895102232257,-0.23588952931588342,4345926.351221016,-469559.8699535443,0.0,0.2698897304566884
251,1143,7.92956,46.75,-6.0,43200,0.0048640569111598544,0.06286087162574922,4353989.159796485,-457622.70099545474,0.0,0.6724984668403553
461,1197,7.92956,46.91667,-6.1666565,86400,-0.2724949421110448,-0.27191719497454614,4339203.78529813,-468833.52373287774,0.0,0.07340820788799485
251,1143,7.92956,46.75,-6.0,86400,0.1811725277942906,0.0158989975532053,4353989.159796485,-457622.70099545474,0.0,0.4199135847347512
531,1215,7.92956,46.91667,-6.0,43200,-0.007239930649765854,-0.2476084430408802,4340549.125536747,-456210.0964726406,0.0,0.2705363158026791
146,1116,7.92956,46.75,-6.25,21600,-0.275233210615769,-0.3191823443687011,4351950.96357759,-476616.1460837916,0.0,0.11877936355978877
671,1251,7.92956,47.0,-6.0,86400,0.17610976572357084,0.032826759485305224,4333815.840058059,-455502.3996515776,0.0,-0.7370744679120508
461,1197,7.92956,46.91667,-6.1666565,43200,0.07355070911681093,0.23287845754383368,4339203.78529813,-468833.52373287774,0.0,-0.09542073257243397
146,1116,7.92956,46.75,-6.25,43200,0.1272676377042125,0.2164517853511419,4351950.96357759,-476616.1460837916,0.0,-0.006562450226166995
216,1134,7.92956,46.75,-6.0833282,43200,-0.14872356048614968,-0.27584322699343955,4353319.010767862,-463954.4488188505,0.0,0.2759786576710202
636,1242,7.92956,47.0,-6.0833282,64800,0.014515800950408504,-0.17570223902472873,4333148.796028124,-461804.81061430223,0.0,-0.2843716443156409
636,1242,7.92956,47.0,-6.0833282,43200,0.07409017021772056,-0.03936539121173588,4333148.796028124,-461804.81061430223,0.0,0.10639487636142803
286,1152,7.92956,46.833336,-6.25,21600,0.08504389874583483,0.1596409612569658,4345238.723142079,-475881.0361998027,0.0,0.18619985331487945
566,1224,7.92956,47.0,-6.25,43200,-0.01873507223322618,0.05670066139585417,4331787.087405169,-474407.8424903363,0.0,-0.0601148148270808
531,1215,7.92956,46.91667,-6.0,86400,0.007541940012926572,-0.05230601966755405,4340549.125536747,-456210.0964726406,0.0,-0.11805614638465307
461,1197,7.92956,46.91667,-6.1666565,64800,0.1338623906783547,0.09190171623361855,4339203.78529813,-468833.52373287774,0.0,-0.13477967437113492
181,1125,7.92956,46.75,-6.1666565,64800,0.055394162114711445,0.009192335866925333,4352639.653859386,-470285.21531356085,0.0,-0.26795217334877275
181,1125,7.92956,46.75,-6.1666565,43200,-0.1453566363098241,-0.2374477339823738,4352639.653859386,-470285.21531356085,0.0,0.4973473298332562
461,1197,7.92956,46.91667,-6.1666565,21600,0.05787242037505205,0.14423050975794505,4339203.78529813,-468833.52373287774,0.0,0.032805139494990095
6,1080,7.92956,46.66667,-6.25,43200,-0.1475943049132135,-0.27658317018037115,4358653.3150161095,-477350.1729464703,0.0,0.29054248460083726
601,1233,7.92956,47.0,-6.1666565,64800,-0.14709674070186857,-0.20220647154107496,4332472.586781167,-468106.2447951276,0.0,-0.24145839172448222
146,1116,7.92956,46.75,-6.25,86400,-3.680810986388984e-05,-0.18601297155921165,4351950.96357759,-476616.1460837916,0.0,-0.1880694504084783
356,1170,7.92956,46.833336,-6.0833282,86400,0.20437491640848707,0.13580510387783945,4346604.66032198,-463238.8677294356,0.0,0.07426646493125494
6,1080,7.92956,46.66667,-6.25,21600,0.026178060147696715,0.043351709071868416,4358653.3150161095,-477350.1729464703,0.0,0.010370838350546615
496,1206,7.92956,46.91667,-6.0833282,64800,-0.001965129839864162,-0.11975956800037016,4339881.045145775,-462522.2992525033,0.0,0.062349204133368606
216,1134,7.92956,46.75,-6.0833282,86400,-0.12062180254390861,-0.20617424092277353,4353319.010767862,-463954.4488188505,0.0,-0.1633225902504684
146,1116,7.92956,46.75,-6.25,64800,-0.007512917127037947,-0.003975333607854792,4351950.96357759,-476616.1460837916,0.0,0.19842076155541807
636,1242,7.92956,47.0,-6.0833282,86400,-0.08712332031685832,0.012391400309635661,4333148.796028124,-461804.81061430223,0.0,-0.3786938309741892
251,1143,7.92956,46.75,-6.0,64800,0.14748240908068633,0.09038288071703043,4353989.159796485,-457622.70099545474,0.0,0.46472314992817904
496,1206,7.92956,46.91667,-6.0833282,86400,-0.15571624406712734,-0.2185355419838874,4339881.045145775,-462522.2992525033,0.0,-0.039872880274812714
426,1188,7.92956,46.91667,-6.25,64800,0.2542854823958251,-0.028453308452090736,4338517.220887722,-475144.9119816816,0.0,-0.12152140947246116
216,1134,7.92956,46.75,-6.0833282,64800,-0.007952308691530118,-0.04645129564643586,4353319.010767862,-463954.4488188505,0.0,-0.021217682111381857
321,1161,7.92956,46.833336,-6.1666565,21600,0.21390793878021522,-0.18749563786914186,4345926.351221016,-469559.8699535443,0.0,-0.11092133192375066
426,1188,7.92956,46.91667,-6.25,21600,0.09243053979786546,0.04468677895255267,4338517.220887722,-475144.9119816816,0.0,0.1492096011749117
601,1233,7.92956,47.0,-6.1666565,86400,0.12099147023883658,0.052656575400503364,4332472.586781167,-468106.2447951276,0.0,-0.05209135679634521
671,1251,7.92956,47.0,-6.0,21600,-0.01433989161502618,-0.19590111476935018,4333815.840058059,-455502.3996515776,0.0,-0.11991270249612017
426,1188,7.92956,46.91667,-6.25,86400,-0.024378913832779788,-0.3339233666244078,4338517.220887722,-475144.9119816816,0.0,-0.41011064857435586
496,1206,7.92956,46.91667,-6.0833282,43200,0.07403146012013649,-0.010370957019337088,4339881.045145775,-462522.2992525033,0.0,0.12051588112188796
496,1206,7.92956,46.91667,-6.0833282,21600,0.06136259908587263,0.018480436727847174,4339881.045145775,-462522.2992525033,0.0,0.3867854935543315
111,1107,7.92956,46.66667,-6.0,21600,0.08070568747028792,-0.20045315905475108,4360694.650219674,-458327.4764384654,0.0,0.08814992755275479
76,1098,7.92956,46.66667,-6.0833282,86400,0.24372356552862584,0.1724847908307326,4360023.469108121,-464668.9756583009,0.0,0.16383552076059454
182,1305,9.572997,46.75,-6.1666565,43200,-0.09447946975445327,-0.15353746447312458,4352639.653859386,-470285.21531356085,0.0,0.3710214934804892
7,1260,9.572997,46.66667,-6.25,21600,0.052735228452136296,0.06669874611698817,4358653.3150161095,-477350.1729464703,0.0,0.008086217698722553
462,1377,9.572997,46.91667,-6.1666565,64800,0.13719761076576667,0.07074444186148675,4339203.78529813,-468833.52373287774,0.0,-0.09774466631198364
357,1350,9.572997,46.833336,-6.0833282,64800,0.09744899534970378,0.17182319628003595,4346604.66032198,-463238.8677294356,0.0,-0.24617392225192677
322,1341,9.572997,46.833336,-6.1666565,86400,0.032133209465716406,-0.16117641011730316,4345926.351221016,-469559.8699535443,0.0,0.2069747797252945
112,1287,9.572997,46.66667,-6.0,43200,0.12711550411816464,0.09755073201496935,4360694.650219674,-458327.4764384654,0.0,-0.15580605575955528
672,1431,9.572997,47.0,-6.0,64800,-0.00948071988293818,-0.2719942886773379,4333815.840058059,-455502.3996515776,0.0,0.16791972502352176
602,1413,9.572997,47.0,-6.1666565,21600,0.2014968230543391,0.0872667765217775,4332472.586781167,-468106.2447951276,0.0,0.41616179296611466
77,1278,9.572997,46.66667,-6.0833282,86400,0.21264809122891085,0.1025842019559453,4360023.469108121,-464668.9756583009,0.0,0.14990247994878256
392,1359,9.572997,46.833336,-6.0,86400,0.0791812011075203,-0.0599400075785114,4347273.775744883,-456916.88569019584,0.0,-0.0007185513743646864
497,1386,9.572997,46.91667,-6.0833282,64800,-0.023518856431139615,-0.14248637787093263,4339881.045145775,-462522.2992525033,0.0,0.004615344556975688
427,1368,9.572997,46.91667,-6.25,86400,-0.03679972409849881,-0.3166084109757682,4338517.220887722,-475144.9119816816,0.0,-0.3147669337823056
7,1260,9.572997,46.66667,-6.25,43200,-0.09679358562563556,-0.19083606665680486,4358653.3150161095,-477350.1729464703,0.0,0.1871000636921725
672,1431,9.572997,47.0,-6.0,86400,0.15233708283804467,-0.00035681908727509815,4333815.840058059,-455502.3996515776,0.0,-0.5764641398562721
637,1422,9.572997,47.0,-6.0833282,21600,-0.029484287517499395,-0.2302621243180161,4333148.796028124,-461804.81061430223,0.0,0.3350347546584381
287,1332,9.572997,46.833336,-6.25,43200,0.0879933394071953,-0.1409310717453396,4345238.723142079,-475881.0361998027,0.0,-0.17128133351652783
147,1296,9.572997,46.75,-6.25,21600,-0.25263114156467886,-0.3221791062221877,4351950.96357759,-476616.1460837916,0.0,0.08694308734910323
532,1395,9.572997,46.91667,-6.0,64800,-0.1063467606874767,-0.12251334591732688,4340549.125536747,-456210.0964726406,0.0,-0.12433110973943708
567,1404,9.572997,47.0,-6.25,86400,0.054065354856835446,-0.015510999718802695,4331787.087405169,-474407.8424903363,0.0,-0.13025405664150336
42,1269,9.572997,46.66667,-6.1666565,86400,-0.13051076245292612,-0.5624499357653283,4359343.065935845,-471009.49203812674,0.0,0.09970868926937858
672,1431,9.572997,47.0,-6.0,21600,0.014938404227682096,-0.13981020078866294,4333815.840058059,-455502.3996515776,0.0,-0.07457869860039203
217,1314,9.572997,46.75,-6.0833282,43200,-0.12011316478468431,-0.2371724506626701,4353319.010767862,-463954.4488188505,0.0,0.23422788711940673
427,1368,9.572997,46.91667,-6.25,64800,0.21957232400411325,-0.015276442515639088,4338517.220887722,-475144.9119816816,0.0,-0.13966792399104724
392,1359,9.572997,46.833336,-6.0,64800,-0.17031116656794004,-0.2885740184868973,4347273.775744883,-456916.88569019584,0.0,-0.05857517477198183
322,1341,9.572997,46.833336,-6.1666565,43200,-0.05302677457118759,-0.1868747732008768,4345926.351221016,-469559.8699535443,0.0,0.426532595733981
567,1404,9.572997,47.0,-6.25,64800,0.047083128809963015,-0.2503054074099108,4331787.087405169,-474407.8424903363,0.0,0.13896726051331312
182,1305,9.572997,46.75,-6.1666565,21600,-0.17249099772018928,-0.3082510357494024,4352639.653859386,-470285.21531356085,0.0,-0.2391240740312161
357,1350,9.572997,46.833336,-6.0833282,86400,0.146022394713758,0.05340964482876685,4346604.66032198,-463238.8677294356,0.0,-0.040106462419527325
77,1278,9.572997,46.66667,-6.0833282,43200,-0.004138945640102667,0.0006199639976888632,4360023.469108121,-464668.9756583009,0.0,-0.025375046873356292
42,1269,9.572997,46.66667,-6.1666565,43200,0.04596240668655086,-0.05315598639355429,4359343.065935845,-471009.49203812674,0.0,-0.04535956247131004
637,1422,9.572997,47.0,-6.0833282,86400,-0.10274609808619506,-0.039611475701376464,4333148.796028124,-461804.81061430223,0.0,-0.3806061092860297
602,1413,9.572997,47.0,-6.1666565,86400,0.06969451392042633,-0.039273484002134235,4332472.586781167,-468106.2447951276,0.0,-0.02374869753702449
112,1287,9.572997,46.66667,-6.0,21600,0.07913436929191894,-0.14806884942186077,4360694.650219674,-458327.4764384654,0.0,0.02439606175269765
77,1278,9.572997,46.66667,-6.0833282,21600,-0.029728548209574927,-0.3826452273499435,4360023.469108121,-464668.9756583009,0.0,0.07476252708637689
147,1296,9.572997,46.75,-6.25,43200,0.06629320116171855,0.18618744971338708,4351950.96357759,-476616.1460837916,0.0,-0.0355257261834587
252,1323,9.572997,46.75,-6.0,43200,0.029786766645166142,0.0833097312454456,4353989.159796485,-457622.70099545474,0.0,0.5904463773952875
182,1305,9.572997,46.75,-6.1666565,86400,-0.15922877286016288,-0.21686903430413906,4352639.653859386,-470285.21531356085,0.0,0.3873579973541607
497,1386,9.572997,46.91667,-6.0833282,21600,0.021148040042256032,-0.030749824970278825,4339881.045145775,-462522.2992525033,0.0,0.35798013933824674
252,1323,9.572997,46.75,-6.0,64800,0.10545891487720965,0.013899907362206518,4353989.159796485,-457622.70099545474,0.0,0.4075486749164084
147,1296,9.572997,46.75,-6.25,64800,-0.04805714073764606,-0.05892713984480285,4351950.96357759,-476616.1460837916,0.0,0.09952050391651401
427,1368,9.572997,46.91667,-6.25,43200,-0.0689674887595398,-0.19881319083634835,4338517.220887722,-475144.9119816816,0.0,0.1238271137938266
287,1332,9.572997,46.833336,-6.25,21600,0.059343304238181634,0.11895947047069154,4345238.723142079,-475881.0361998027,0.0,0.09539759018523565
602,1413,9.572997,47.0,-6.1666565,43200,-0.05578575773280858,-0.4048026543703637,4332472.586781167,-468106.2447951276,0.0,0.24704635819753848
112,1287,9.572997,46.66667,-6.0,64800,-0.15269416910097428,-0.26901091267861216,4360694.650219674,-458327.4764384654,0.0,0.11592836239475847
287,1332,9.572997,46.833336,-6.25,64800,-0.08309016206151269,-0.008206780318872786,4345238.723142079,-475881.0361998027,0.0,-0.0012935883743133265
42,1269,9.572997,46.66667,-6.1666565,21600,-0.004948783332957375,-0.18085868842251743,4359343.065935845,-471009.49203812674,0.0,0.2045502610349498
7,1260,9.572997,46.66667,-6.25,86400,0.10268022712028076,0.006667286530739877,4358653.3150161095,-477350.1729464703,0.0,0.08508979300382274
602,1413,9.572997,47.0,-6.1666565,64800,-0.12437927607713456,-0.19929202883898456,4332472.586781167,-468106.2447951276,0.0,-0.2453338243581979
462,1377,9.572997,46.91667,-6.1666565,43200,0.07935126051094908,0.22538801006349013,4339203.78529813,-468833.52373287774,0.0,-0.05156943755845415
147,1296,9.572997,46.75,-6.25,86400,-0.0010873329941971047,-0.17671800090871315,4351950.96357759,-476616.1460837916,0.0,-0.16717899080945767
462,1377,9.572997,46.91667,-6.1666565,21600,0.03667382288539668,0.12548544393444222,4339203.78529813,-468833.52373287774,0.0,0.017622418041071564
462,1377,9.572997,46.91667,-6.1666565,86400,-0.19915253736685062,-0.21917330989107786,4339203.78529813,-468833.52373287774,0.0,0.08601148438896127
567,1404,9.572997,47.0,-6.25,43200,-0.027979610838558357,-0.005215638617445895,4331787.087405169,-474407.8424903363,0.0,-0.08788884811509293
392,1359,9.572997,46.833336,-6.0,21600,-0.048583754338066554,-0.20877929045964816,4347273.775744883,-456916.88569019584,0.0,-0.11351403044348864
532,1395,9.572997,46.91667,-6.0,21600,0.10469263365022968,0.13095891258922238,4340549.125536747,-456210.0964726406,0.0,-0.1567701168708606
252,1323,9.572997,46.75,-6.0,21600,-0.0512489170623557,-0.22172371193503973,4353989.159796485,-457622.70099545474,0.0,-0.190062932205432
357,1350,9.572997,46.833336,-6.0833282,21600,0.10202980224378429,0.10721817300002572,4346604.66032198,-463238.8677294356,0.0,0.04745662850248184
182,1305,9.572997,46.75,-6.1666565,64800,0.05391726600474717,0.0021678202457541124,4352639.653859386,-470285.21531356085,0.0,-0.28413163593750457
672,1431,9.572997,47.0,-6.0,43200,0.05659759074942547,-0.035046207487047176,4333815.840058059,-455502.3996515776,0.0,0.40591349089715173
112,1287,9.572997,46.66667,-6.0,86400,0.07752402050128952,0.12645719609392653,4360694.650219674,-458327.4764384654,0.0,0.14523749772039207
532,1395,9.572997,46.91667,-6.0,86400,-0.004831941677310934,-0.061201851498296767,4340549.125536747,-456210.0964726406,0.0,-0.10544463110977846
497,1386,9.572997,46.91667,-6.0833282,43200,0.04322597621480678,-0.04575276539824894,4339881.045145775,-462522.2992525033,0.0,0.11385109758369706
217,1314,9.572997,46.75,-6.0833282,64800,-0.04450992852712265,-0.10238474228874485,4353319.010767862,-463954.4488188505,0.0,0.007400760883751316
357,1350,9.572997,46.833336,-6.0833282,43200,-0.004231504909361694,-0.0023544779150352912,4346604.66032198,-463238.8677294356,0.0,-0.2447690405754243
427,1368,9.572997,46.91667,-6.25,21600,0.08380013533477847,0.004041404940178767,4338517.220887722,-475144.9119816816,0.0,0.15203457552728258
322,1341,9.572997,46.833336,-6.1666565,64800,-0.10433241006133308,-0.3536744980319373,4345926.351221016,-469559.8699535443,0.0,0.16511235355317463
217,1314,9.572997,46.75,-6.0833282,86400,-0.08841275166501587,-0.17578883518321953,4353319.010767862,-463954.4488188505,0.0,-0.1837368480861284
637,1422,9.572997,47.0,-6.0833282,64800,0.06847065454553249,-0.09239105195958415,4333148.796028124,-461804.81061430223,0.0,-0.20154227206382128
392,1359,9.572997,46.833336,-6.0,43200,0.10998156070776376,-0.03488853936289946,4347273.775744883,-456916.88569019584,0.0,0.22003252720160238
532,1395,9.572997,46.91667,-6.0,43200,-0.012707295848198926,-0.23264103565611943,4340549.125536747,-456210.0964726406,0.0,0.25797702917131604
252,1323,9.572997,46.75,-6.0,86400,0.1339868807757979,-0.04288593805434307,4353989.159796485,-457622.70099545474,0.0,0.35989709070772385
77,1278,9.572997,46.66667,-6.0833282,64800,-0.13403743578059085,-0.13206049250961718,4360023.469108121,-464668.9756583009,0.0,0.07161054224141969
7,1260,9.572997,46.66667,-6.25,64800,0.06963138407038452,-0.006210516372622127,4358653.3150161095,-477350.1729464703,0.0,0.1951040971747901
637,1422,9.572997,47.0,-6.0833282,43200,0.06466767405086174,-0.04492883202350674,4333148.796028124,-461804.81061430223,0.0,0.08416114743347526
42,1269,9.572997,46.66667,-6.1666565,64800,0.07490266444401057,-0.19876292229150522,4359343.065935845,-471009.49203812674,0.0,0.018196571787193496
287,1332,9.572997,46.833336,-6.25,86400,0.16402995653402233,-0.05919328601284266,4345238.723142079,-475881.0361998027,0.0,-0.224807530343066
567,1404,9.572997,47.0,-6.25,21600,-0.1581679995593142,-0.30644419147566737,4331787.087405169,-474407.8424903363,0.0,-0.02114827198904738
217,1314,9.572997,46.75,-6.0833282,21600,-0.15035691744318744,-0.29273528265557314,4353319.010767862,-463954.4488188505,0.0,-0.08927589319297785
497,1386,9.572997,46.91667,-6.0833282,86400,-0.10816251829445556,-0.1966071268003668,4339881.045145775,-462522.2992525033,0.0,0.050249713986694484
322,1341,9.572997,46.833336,-6.1666565,21600,0.1870018580520503,-0.16615829547545466,4345926.351221016,-469559.8699535443,0.0,-0.08862454326529895
183,1485,11.405,46.75,-6.1666565,64800,0.052036252223400865,-0.0044191460266952975,4352639.653859386,-470285.21531356085,0.0,-0.28884287762636296
533,1575,11.405,46.91667,-6.0,43200,-0.017195931311712993,-0.22273413314999063,4340549.125536747,-456210.0964726406,0.0,0.24911470073025235
218,1494,11.405,46.75,-6.0833282,43200,-0.1007855369090631,-0.21409903908478894,4353319.010767862,-463954.4488188505,0.0,0.20452811779026606
288,1512,11.405,46.833336,-6.25,21600,0.040763795466086994,0.08864157150165793,4345238.723142079,-475881.0361998027,0.0,0.03249686355234857
568,1584,11.405,47.0,-6.25,64800,0.06253391025738858,-0.20722706744246241,4331787.087405169,-474407.8424903363,0.0,0.12055662044023387
148,1476,11.405,46.75,-6.25,21600,-0.2357067293948835,-0.32387588470536477,4351950.96357759,-476616.1460837916,0.0,0.06328152327290767
533,1575,11.405,46.91667,-6.0,86400,-0.014046396489335285,-0.06855828202916066,4340549.125536747,-456210.0964726406,0.0,-0.09643616139253379
43,1449,11.405,46.66667,-6.1666565,43200,0.04424659184713975,-0.07464379494147831,4359343.065935845,-471009.49203812674,0.0,-0.013706662524089705
568,1584,11.405,47.0,-6.25,21600,-0.16788091211805553,-0.3149771636071702,4331787.087405169,-474407.8424903363,0.0,-0.015297409249009991
8,1440,11.405,46.66667,-6.25,21600,0.0692621743915258,0.07955684881323478,4358653.3150161095,-477350.1729464703,0.0,0.00581762223108317
603,1593,11.405,47.0,-6.1666565,64800,-0.10529189655836003,-0.19343062798343819,4332472.586781167,-468106.2447951276,0.0,-0.24456431488104982
428,1548,11.405,46.91667,-6.25,21600,0.07633129370126907,-0.02572825194790543,4338517.220887722,-475144.9119816816,0.0,0.152519076411146
218,1494,11.405,46.75,-6.0833282,86400,-0.06957183306986223,-0.1587241548251534,4353319.010767862,-463954.4488188505,0.0,-0.1946331499067278
148,1476,11.405,46.75,-6.25,43200,0.023607187941211465,0.16056763857387157,4351950.96357759,-476616.1460837916,0.0,-0.05462583601397432
113,1467,11.405,46.66667,-6.0,43200,0.15850733249642712,0.11512398855137555,4360694.650219674,-458327.4764384654,0.0,-0.1698201577194483
358,1530,11.405,46.833336,-6.0833282,86400,0.10631617303158014,-0.0030622881708647492,4346604.66032198,-463238.8677294356,0.0,-0.11807873388145954
638,1602,11.405,47.0,-6.0833282,43200,0.059097711222125364,-0.04921630105947491,4333148.796028124,-461804.81061430223,0.0,0.06655178763758962
673,1611,11.405,47.0,-6.0,86400,0.13353101130089473,-0.026164800229604254,4333815.840058059,-455502.3996515776,0.0,-0.4658412947573108
113,1467,11.405,46.66667,-6.0,21600,0.07604250976816962,-0.1131219077179436,4360694.650219674,-458327.4764384654,0.0,-0.02009958023226988
498,1566,11.405,46.91667,-6.0833282,86400,-0.07512667225790423,-0.18079458297749101,4339881.045145775,-462522.2992525033,0.0,0.111168517058313
498,1566,11.405,46.91667,-6.0833282,64800,-0.03867160274127466,-0.15816246199647366,4339881.045145775,-462522.2992525033,0.0,-0.03438944751377229
8,1440,11.405,46.66667,-6.25,43200,-0.06100232373183681,-0.13111514759452528,4358653.3150161095,-477350.1729464703,0.0,0.11257583192238668
148,1476,11.405,46.75,-6.25,64800,-0.07328567438571854,-0.09335996094473031,4351950.96357759,-476616.1460837916,0.0,0.03180500924024854
113,1467,11.405,46.66667,-6.0,64800,-0.13697501940376125,-0.24519622254544604,4360694.650219674,-458327.4764384654,0.0,0.03551278144543852
603,1593,11.405,47.0,-6.1666565,43200,-0.06475828892202175,-0.41029588382301607,4332472.586781167,-468106.2447951276,0.0,0.2114696433555753
673,1611,11.405,47.0,-6.0,21600,0.0357219479274076,-0.09954581973149529,4333815.840058059,-455502.3996515776,0.0,-0.04642239890342574
183,1485,11.405,46.75,-6.1666565,43200,-0.0588539242602307,-0.09648015842865601,4352639.653859386,-470285.21531356085,0.0,0.28176716028905846
603,1593,11.405,47.0,-6.1666565,86400,0.03513805736186105,-0.10328794576952882,4332472.586781167,-468106.2447951276,0.0,-0.0017654593217132479
673,1611,11.405,47.0,-6.0,43200,0.052939135908012955,-0.007412080933102319,4333815.840058059,-455502.3996515776,0.0,0.39411174057739906
463,1557,11.405,46.91667,-6.1666565,64800,0.13725816540284103,0.05310248394218635,4339203.78529813,-468833.52373287774,0.0,-0.0780056824470223
463,1557,11.405,46.91667,-6.1666565,21600,0.022293598405607906,0.11241873848110563,4339203.78529813,-468833.52373287774,0.0,0.012948126506026628
568,1584,11.405,47.0,-6.25,43200,-0.034384534070074954,-0.04886081876727605,4331787.087405169,-474407.8424903363,0.0,-0.10665742917241772
148,1476,11.405,46.75,-6.25,86400,-0.00023935718292914486,-0.1700904626829269,4351950.96357759,-476616.1460837916,0.0,-0.1498711221881551
393,1539,11.405,46.833336,-6.0,21600,-0.02499704993782058,-0.18631278561775017,4347273.775744883,-456916.88569019584,0.0,-0.09878414086184048
218,1494,11.405,46.75,-6.0833282,64800,-0.066248238525304,-0.13672308743908734,4353319.010767862,-463954.4488188505,0.0,0.02663219648591201
498,1566,11.405,46.91667,-6.0833282,21600,-0.007528902171215513,-0.06765878672896017,4339881.045145775,-462522.2992525033,0.0,0.3363146418756844
78,1458,11.405,46.66667,-6.0833282,21600,-0.04997165917079653,-0.3856251149111332,4360023.469108121,-464668.9756583009,0.0,0.0012236893113021145
428,1548,11.405,46.91667,-6.25,43200,-0.04644220902470479,-0.1763647886371018,4338517.220887722,-475144.9119816816,0.0,0.10250633436216998
568,1584,11.405,47.0,-6.25,86400,0.06047585613660484,0.031705786630618904,4331787.087405169,-474407.8424903363,0.0,-0.12877034379811908
288,1512,11.405,46.833336,-6.25,64800,-0.020435013946938856,0.04276030952509795,4345238.723142079,-475881.0361998027,0.0,0.037948437963752496
43,1449,11.405,46.66667,-6.1666565,21600,0.014005281313923945,-0.14122464891865816,4359343.065935845,-471009.49203812674,0.0,0.15312853829459389
113,1467,11.405,46.66667,-6.0,86400,0.06753240716485137,0.09990789334805229,4360694.650219674,-458327.4764384654,0.0,0.11083113374108478
673,1611,11.405,47.0,-6.0,64800,-0.015211300321565625,-0.24597135321006602,4333815.840058059,-455502.3996515776,0.0,0.11731919709426222
638,1602,11.405,47.0,-6.0833282,86400,-0.11203123884788367,-0.07308271055833654,4333148.796028124,-461804.81061430223,0.0,-0.3844870864511993
218,1494,11.405,46.75,-6.0833282,21600,-0.16349101904310837,-0.3216625113505307,4353319.010767862,-463954.4488188505,0.0,-0.09377838662663845
183,1485,11.405,46.75,-6.1666565,21600,-0.15273270990480142,-0.2747252212042437,4352639.653859386,-470285.21531356085,0.0,-0.21355318500054488
323,1521,11.405,46.833336,-6.1666565,43200,-0.017131886918436805,-0.18633333660637497,4345926.351221016,-469559.8699535443,0.0,0.37572791058380545
288,1512,11.405,46.833336,-6.25,86400,0.2076253111699635,0.014224030575513538,4345238.723142079,-475881.0361998027,0.0,-0.17804703992952847
43,1449,11.405,46.66667,-6.1666565,64800,0.08454656113067083,-0.18634317734530004,4359343.065935845,-471009.49203812674,0.0,0.039166897184822136
393,1539,11.405,46.833336,-6.0,86400,0.10311928365312299,-0.025425025408135904,4347273.775744883,-456916.88569019584,0.0,-0.002916402409148223
393,1539,11.405,46.833336,-6.0,43200,0.08952334796641863,-0.07307873578996057,4347273.775744883,-456916.88569019584,0.0,0.16368308179886323
358,1530,11.405,46.833336,-6.0833282,64800,0.09886651390547165,0.15483147829077604,4346604.66032198,-463238.8677294356,0.0,-0.24871763521646062
603,1593,11.405,47.0,-6.1666565,21600,0.17767844449092443,0.07578510252593182,4332472.586781167,-468106.2447951276,0.0,0.40784596279562074
183,1485,11.405,46.75,-6.1666565,86400,-0.16297541748264524,-0.23063388072505026,4352639.653859386,-470285.21531356085,0.0,0.427419403481441
358,1530,11.405,46.833336,-6.0833282,43200,-0.04120250562789003,-0.045101868294717684,4346604.66032198,-463238.8677294356,0.0,-0.21184596298943287
323,1521,11.405,46.833336,-6.1666565,64800,-0.06589270666308979,-0.3196244321332675,4345926.351221016,-469559.8699535443,0.0,0.20697224048902732
358,1530,11.405,46.833336,-6.0833282,21600,0.07570796644364426,0.07177257345608366,4346604.66032198,-463238.8677294356,0.0,0.03924001469188706
8,1440,11.405,46.66667,-6.25,86400,0.06780018522384462,-0.035205862094468715,4358653.3150161095,-477350.1729464703,0.0,0.12101463774747905
323,1521,11.405,46.833336,-6.1666565,86400,0.04287323876220775,-0.10801670972569066,4345926.351221016,-469559.8699535443,0.0,0.16375283347336161
428,1548,11.405,46.91667,-6.25,86400,-0.047437792512050325,-0.30297646876792933,4338517.220887722,-475144.9119816816,0.0,-0.24998938387631897
78,1458,11.405,46.66667,-6.0833282,64800,-0.12823534069164844,-0.12107712663135066,4360023.469108121,-464668.9756583009,0.0,0.04479975957681158
428,1548,11.405,46.91667,-6.25,64800,0.19502027950713177,-0.007116305697780184,4338517.220887722,-475144.9119816816,0.0,-0.15398551197877192
638,1602,11.405,47.0,-6.0833282,64800,0.10753618910301685,-0.0319255397636493,4333148.796028124,-461804.81061430223,0.0,-0.14474534526190783
253,1503,11.405,46.75,-6.0,86400,0.10085600812044068,-0.08298075459633197,4353989.159796485,-457622.70099545474,0.0,0.3186337413767659
498,1566,11.405,46.91667,-6.0833282,43200,0.02339390580033241,-0.07034185445328907,4339881.045145775,-462522.2992525033,0.0,0.10784297768840274
533,1575,11.405,46.91667,-6.0,64800,-0.0739427374304716,-0.0858953329429776,4340549.125536747,-456210.0964726406,0.0,-0.05206638482456318
43,1449,11.405,46.66667,-6.1666565,86400,-0.11291680011877524,-0.5045042706107632,4359343.065935845,-471009.49203812674,0.0,0.06581855949175947
463,1557,11.405,46.91667,-6.1666565,43200,0.08090520003331554,0.21458490952608789,4339203.78529813,-468833.52373287774,0.0,-0.01967974445561908
253,1503,11.405,46.75,-6.0,64800,0.07570514132673227,-0.03921790695069845,4353989.159796485,-457622.70099545474,0.0,0.3685528540368708
463,1557,11.405,46.91667,-6.1666565,86400,-0.14939496693776114,-0.18481247834495163,4339203.78529813,-468833.52373287774,0.0,0.09001640259952899
253,1503,11.405,46.75,-6.0,43200,0.044994059221229094,0.09457501432197236,4353989.159796485,-457622.70099545474,0.0,0.5275734561931447
323,1521,11.405,46.833336,-6.1666565,21600,0.16705035007679872,-0.15169338087010611,4345926.351221016,-469559.8699535443,0.0,-0.07218353776740047
533,1575,11.405,46.91667,-6.0,21600,0.13461092794915971,0.1593526837351778,4340549.125536747,-456210.0964726406,0.0,-0.13844145240648525
8,1440,11.405,46.66667,-6.25,64800,0.05738060814509173,-0.05323815160898668,4358653.3150161095,-477350.1729464703,0.0,0.1756011413909022
638,1602,11.405,47.0,-6.0833282,21600,-0.04126123204248976,-0.22004266068997802,4333148.796028124,-461804.81061430223,0.0,0.27142827055888014
393,1539,11.405,46.833336,-6.0,64800,-0.11731955889683732,-0.24583667682151067,4347273.775744883,-456916.88569019584,0.0,-0.04464009674052764
78,1458,11.405,46.66667,-6.0833282,43200,-0.011763513864037614,-0.004222336721378214,4360023.469108121,-464668.9756583009,0.0,-0.0765598664096913
253,1503,11.405,46.75,-6.0,21600,-0.06454981791845225,-0.20799266622002113,4353989.159796485,-457622.70099545474,0.0,-0.1742708978214908
288,1512,11.405,46.833336,-6.25,43200,0.09641854138720421,-0.14185044179870285,4345238.723142079,-475881.0361998027,0.0,-0.19197568037504953
78,1458,11.405,46.66667,-6.0833282,86400,0.19101123806581508,0.05364691358567221,4360023.469108121,-464668.9756583009,0.0,0.14319406679067237
674,1791,13.46714,47.0,-6.0,43200,0.05002843059511995,0.009730655081394854,4333815.840058059,-455502.3996515776,0.0,0.38191640348262595
79,1638,13.46714,46.66667,-6.0833282,64800,-0.12199019711397013,-0.11265002035010206,4360023.469108121,-464668.9756583009,0.0,0.027362293586872113
184,1665,13.46714,46.75,-6.1666565,86400,-0.16362421073456257,-0.23862501725157853,4352639.653859386,-470285.21531356085,0.0,0.4513422570427875
114,1647,13.46714,46.66667,-6.0,43200,0.17933349446538605,0.126965820586036,4360694.650219674,-458327.4764384654,0.0,-0.17433438763974884
79,1638,13.46714,46.66667,-6.0833282,43200,-0.016184004519984814,-0.0075153772323466594,4360023.469108121,-464668.9756583009,0.0,-0.10882876090346026
44,1629,13.46714,46.66667,-6.1666565,64800,0.09121583233495087,-0.17670714500766616,4359343.065935845,-471009.49203812674,0.0,0.04927963209112039
534,1755,13.46714,46.91667,-6.0,64800,-0.052087046341639236,-0.06243078875007136,4340549.125536747,-456210.0964726406,0.0,-0.004115145057563987
114,1647,13.46714,46.66667,-6.0,64800,-0.12707361061823735,-0.2301891739450623,4360694.650219674,-458327.4764384654,0.0,-0.018181858187740103
604,1773,13.46714,47.0,-6.1666565,64800,-0.09000112877625302,-0.1868063079815278,4332472.586781167,-468106.2447951276,0.0,-0.24068226692174516
674,1791,13.46714,47.0,-6.0,86400,0.11874759662519238,-0.04556070626846269,4333815.840058059,-455502.3996515776,0.0,-0.3923576121882974
9,1620,13.46714,46.66667,-6.25,64800,0.049680366858618485,-0.08312422134181935,4358653.3150161095,-477350.1729464703,0.0,0.1627062818608789
324,1701,13.46714,46.833336,-6.1666565,64800,-0.04075398468022564,-0.29595469469603936,4345926.351221016,-469559.8699535443,0.0,0.23351145338059465
149,1656,13.46714,46.75,-6.25,43200,-0.004869651239793675,0.13968865651826862,4351950.96357759,-476616.1460837916,0.0,-0.06582446673180396
79,1638,13.46714,46.66667,-6.0833282,86400,0.17649695119648814,0.021234691108009893,4360023.469108121,-464668.9756583009,0.0,0.14040696217828275
394,1719,13.46714,46.833336,-6.0,64800,-0.08304444654007148,-0.2176368073162766,4347273.775744883,-456916.88569019584,0.0,-0.03307274088409344
289,1692,13.46714,46.833336,-6.25,43200,0.0998758113142826,-0.14272293400846262,4345238.723142079,-475881.0361998027,0.0,-0.2059423654752341
324,1701,13.46714,46.833336,-6.1666565,86400,0.05084805798416367,-0.07206508967853636,4345926.351221016,-469559.8699535443,0.0,0.13548419808910037
254,1683,13.46714,46.75,-6.0,64800,0.05556204767422881,-0.0744554367032927,4353989.159796485,-457622.70099545474,0.0,0.3421841946660578
114,1647,13.46714,46.66667,-6.0,86400,0.05973232688625618,0.07950336517325761,4360694.650219674,-458327.4764384654,0.0,0.08936775194416513
674,1791,13.46714,47.0,-6.0,64800,-0.0190776037648567,-0.22977841393457737,4333815.840058059,-455502.3996515776,0.0,0.08219956736487777
429,1728,13.46714,46.91667,-6.25,43200,-0.03145161150520758,-0.16183077360878442,4338517.220887722,-475144.9119816816,0.0,0.08853254831472
289,1692,13.46714,46.833336,-6.25,64800,0.022137490304699498,0.07827791109205011,4345238.723142079,-475881.0361998027,0.0,0.06347021553722637
324,1701,13.46714,46.833336,-6.1666565,43200,0.006498669383674086,-0.1845297836516163,4345926.351221016,-469559.8699535443,0.0,0.34227944227155255
289,1692,13.46714,46.833336,-6.25,86400,0.23492801513270722,0.06200836752592019,4345238.723142079,-475881.0361998027,0.0,-0.14600495989336632
394,1719,13.46714,46.833336,-6.0,43200,0.07565222752036108,-0.09819123227249905,4347273.775744883,-456916.88569019584,0.0,0.12647137206166273
359,1710,13.46714,46.833336,-6.0833282,64800,0.10019853897541275,0.14336062313867748,4346604.66032198,-463238.8677294356,0.0,-0.24929581267626183
569,1764,13.46714,47.0,-6.25,64800,0.072131806536711,-0.1783164905528034,4331787.087405169,-474407.8424903363,0.0,0.10807454305984669
359,1710,13.46714,46.833336,-6.0833282,43200,-0.06486890417606458,-0.07369897851645901,4346604.66032198,-463238.8677294356,0.0,-0.1915643435660221
9,1620,13.46714,46.66667,-6.25,86400,0.046488743512971366,-0.061167808706176975,4358653.3150161095,-477350.1729464703,0.0,0.14255743438907256
254,1683,13.46714,46.75,-6.0,43200,0.05344180719233764,0.09938416745232351,4353989.159796485,-457622.70099545474,0.0,0.4803838289243232
464,1737,13.46714,46.91667,-6.1666565,43200,0.0797339982794235,0.2023010711619162,4339203.78529813,-468833.52373287774,0.0,0.0023295519275545206
639,1782,13.46714,47.0,-6.0833282,64800,0.1338928516845275,0.009672853084135305,4333148.796028124,-461804.81061430223,0.0,-0.10714467865720131
359,1710,13.46714,46.833336,-6.0833282,86400,0.08022164953648121,-0.04020511105660926,4346604.66032198,-463238.8677294356,0.0,-0.16902459502738562
44,1629,13.46714,46.66667,-6.1666565,86400,-0.1012670969719819,-0.46649704925759516,4359343.065935845,-471009.49203812674,0.0,0.04440583330444419
499,1746,13.46714,46.91667,-6.0833282,64800,-0.04884416531678709,-0.16857001060071397,4339881.045145775,-462522.2992525033,0.0,-0.05855267737556139
219,1674,13.46714,46.75,-6.0833282,86400,-0.059648720041041804,-0.1503324313885787,4353319.010767862,-463954.4488188505,0.0,-0.19866306451725016
604,1773,13.46714,47.0,-6.1666565,43200,-0.070413963410039,-0.412032517962945,4332472.586781167,-468106.2447951276,0.0,0.18465232766343231
149,1656,13.46714,46.75,-6.25,64800,-0.08738007399980414,-0.11255954026627495,4351950.96357759,-476616.1460837916,0.0,-0.012020685464606455
149,1656,13.46714,46.75,-6.25,86400,0.001549025869294108,-0.16531880431936993,4351950.96357759,-476616.1460837916,0.0,-0.13533722349094543
639,1782,13.46714,47.0,-6.0833282,43200,0.056005930824208655,-0.05253830725897135,4333148.796028124,-461804.81061430223,0.0,0.053899448822308946
184,1665,13.46714,46.75,-6.1666565,43200,-0.03496749650507177,-0.05937287494784266,4352639.653859386,-470285.21531356085,0.0,0.22109595158332135
569,1764,13.46714,47.0,-6.25,43200,-0.038561969364458513,-0.07837576772769089,4331787.087405169,-474407.8424903363,0.0,-0.11810212897635848
219,1674,13.46714,46.75,-6.0833282,43200,-0.0884102195781242,-0.20173899892918895,4353319.010767862,-463954.4488188505,0.0,0.183351901414886
534,1755,13.46714,46.91667,-6.0,43200,-0.020712405844925223,-0.2162119859313059,4340549.125536747,-456210.0964726406,0.0,0.2429154596176906
429,1728,13.46714,46.91667,-6.25,64800,0.17777442467143634,-0.0029194693920008286,4338517.220887722,-475144.9119816816,0.0,-0.16449417169064617
254,1683,13.46714,46.75,-6.0,86400,0.07822509204285141,-0.10902331949130803,4353989.159796485,-457622.70099545474,0.0,0.2908973371157787
499,1746,13.46714,46.91667,-6.0833282,43200,0.011928255305184866,-0.08631480682781789,4339881.045145775,-462522.2992525033,0.0,0.1021073571681393
219,1674,13.46714,46.75,-6.0833282,64800,-0.07760806785053181,-0.15559370424587454,4353319.010767862,-463954.4488188505,0.0,0.03850619816971872
464,1737,13.46714,46.91667,-6.1666565,64800,0.13537701934394858,0.039121854707460255,4339203.78529813,-468833.52373287774,0.0,-0.06969454891029242
184,1665,13.46714,46.75,-6.1666565,64800,0.05006592249045921,-0.010279645864706921,4352639.653859386,-470285.21531356085,0.0,-0.28605104771021844
639,1782,13.46714,47.0,-6.0833282,86400,-0.11622283181111326,-0.09265519737036489,4333148.796028124,-461804.81061430223,0.0,-0.38793535254752753
394,1719,13.46714,46.833336,-6.0,86400,0.11753255330521159,-0.0032379157977079076,4347273.775744883,-456916.88569019584,0.0,-0.0051466857130180585
674,1791,13.46714,47.0,-6.0,21600,0.04985278491091562,-0.07184573523803953,4333815.840058059,-455502.3996515776,0.0,-0.029791154643719373
604,1773,13.46714,47.0,-6.1666565,86400,0.012933414442026938,-0.14584732387125274,4332472.586781167,-468106.2447951276,0.0,0.013663094161538809
79,1638,13.46714,46.66667,-6.0833282,21600,-0.0618276454626126,-0.38543554743481684,4360023.469108121,-464668.9756583009,0.0,-0.04436110861408564
429,1728,13.46714,46.91667,-6.25,21600,0.06994097497053345,-0.047201193913203474,4338517.220887722,-475144.9119816816,0.0,0.15138132642797397
499,1746,13.46714,46.91667,-6.0833282,86400,-0.05297354202934411,-0.16965976643744846,4339881.045145775,-462522.2992525033,0.0,0.15007130739655963
394,1719,13.46714,46.833336,-6.0,21600,-0.009172132611509313,-0.17165836540618717,4347273.775744883,-456916.88569019584,0.0,-0.08610972441245707
114,1647,13.46714,46.66667,-6.0,21600,0.07246934223437407,-0.0909087360713404,4360694.650219674,-458327.4764384654,0.0,-0.04918132043906694
359,1710,13.46714,46.833336,-6.0833282,21600,0.05824399262876594,0.04804266205582218,4346604.66032198,-463238.8677294356,0.0,0.03483457488119468
324,1701,13.46714,46.833336,-6.1666565,21600,0.15254267750641667,-0.14247247758230014,4345926.351221016,-469559.8699535443,0.0,-0.06105753586644284
289,1692,13.46714,46.833336,-6.25,21600,0.02793385071388122,0.06701375519528148,4345238.723142079,-475881.0361998027,0.0,-0.009074715243857282
149,1656,13.46714,46.75,-6.25,21600,-0.2232575495896256,-0.3246879984952263,4351950.96357759,-476616.1460837916,0.0,0.04606007201525023
534,1755,13.46714,46.91667,-6.0,86400,-0.020407052911571417,-0.07420555984016716,4340549.125536747,-456210.0964726406,0.0,-0.09047186487702932
9,1620,13.46714,46.66667,-6.25,43200,-0.03674228848624571,-0.09149697295526414,4358653.3150161095,-477350.1729464703,0.0,0.06110631854651395
254,1683,13.46714,46.75,-6.0,21600,-0.0713949410456966,-0.19685123829813073,4353989.159796485,-457622.70099545474,0.0,-0.16375071724371915
219,1674,13.46714,46.75,-6.0833282,21600,-0.169678546310301,-0.3378886695913617,4353319.010767862,-463954.4488188505,0.0,-0.09493696129388872
569,1764,13.46714,47.0,-6.25,86400,0.06506682809152495,0.06351238989132241,4331787.087405169,-474407.8424903363,0.0,-0.1279425829661038
184,1665,13.46714,46.75,-6.1666565,21600,-0.13788307041396947,-0.25136367507413604,4352639.653859386,-470285.21531356085,0.0,-0.1979312434104762
464,1737,13.46714,46.91667,-6.1666565,21600,0.01290424503507422,0.10310719051676485,4339203.78529813,-468833.52373287774,0.0,0.013504204847832156
499,1746,13.46714,46.91667,-6.0833282,21600,-0.027113260099560478,-0.0942655669694463,4339881.045145775,-462522.2992525033,0.0,0.3197416783779636
44,1629,13.46714,46.66667,-6.1666565,43200,0.04225620880548412,-0.08974409760203914,4359343.065935845,-471009.49203812674,0.0,0.004853816218320772
604,1773,13.46714,47.0,-6.1666565,21600,0.16143510477040474,0.06827774973813225,4332472.586781167,-468106.2447951276,0.0,0.39915912696809985
569,1764,13.46714,47.0,-6.25,21600,-0.17235183597949955,-0.3183086199855657,4331787.087405169,-474407.8424903363,0.0,-0.011302423590295322
44,1629,13.46714,46.66667,-6.1666565,21600,0.025906676829417018,-0.11599757855211243,4359343.065935845,-471009.49203812674,0.0,0.12039303832448045
9,1620,13.46714,46.66667,-6.25,21600,0.07864670328272197,0.08521677239353245,4358653.3150161095,-477350.1729464703,0.0,0.0035489155587958474
464,1737,13.46714,46.91667,-6.1666565,86400,-0.11674285724538636,-0.16364061627614088,4339203.78529813,-468833.52373287774,0.0,0.08951453809174084
534,1755,13.46714,46.91667,-6.0,21600,0.15328219779422372,0.17532220412917293,4340549.125536747,-456210.0964726406,0.0,-0.12459517774272957
639,1782,13.46714,47.0,-6.0833282,21600,-0.04764730823051085,-0.21233517506729643,4333148.796028124,-461804.81061430223,0.0,0.22811433403178494
429,1728,13.46714,46.91667,-6.25,86400,-0.05566743682808102,-0.29205588060257287,4338517.220887722,-475144.9119816816,0.0,-0.20718015752979357
500,1926,15.81007,46.91667,-6.0833282,43200,0.006496754147210645,-0.09572823898759554,4339881.045145775,-462522.2992525033,0.0,0.09626947899483694
535,1935,15.81007,46.91667,-6.0,86400,-0.024335473658389874,-0.07816255886481534,4340549.125536747,-456210.0964726406,0.0,-0.08672067408695242
430,1908,15.81007,46.91667,-6.25,86400,-0.06118381457546776,-0.28300693132281357,4338517.220887722,-475144.9119816816,0.0,-0.1794277581454193
150,1836,15.81007,46.75,-6.25,86400,0.003816566621262598,-0.1616217357183038,4351950.96357759,-476616.1460837916,0.0,-0.122925988802246
150,1836,15.81007,46.75,-6.25,64800,-0.09373090045644544,-0.12092803878884961,4351950.96357759,-476616.1460837916,0.0,-0.038304941067479774
290,1872,15.81007,46.833336,-6.25,86400,0.24990721016053313,0.0898813969662045,4345238.723142079,-475881.0361998027,0.0,-0.12513282738084783
325,1881,15.81007,46.833336,-6.1666565,21600,0.14205417454620967,-0.1371832376758658,4345926.351221016,-469559.8699535443,0.0,-0.05429247688848461
185,1845,15.81007,46.75,-6.1666565,64800,0.048234484161738984,-0.015252791685236536,4352639.653859386,-470285.21531356085,0.0,-0.2787361144056648
220,1854,15.81007,46.75,-6.0833282,64800,-0.08207074684128814,-0.16394710688953545,4353319.010767862,-463954.4488188505,0.0,0.044856022465802906
395,1899,15.81007,46.833336,-6.0,43200,0.06638058845964984,-0.11421790985104258,4347273.775744883,-456916.88569019584,0.0,0.10323990936598354
115,1827,15.81007,46.66667,-6.0,64800,-0.12102425563363843,-0.2211917973862737,4360694.650219674,-458327.4764384654,0.0,-0.052344781252026656
10,1800,15.81007,46.66667,-6.25,43200,-0.021131212347619784,-0.06696586307435076,4358653.3150161095,-477350.1729464703,0.0,0.027550912853561343
255,1863,15.81007,46.75,-6.0,21600,-0.0739604773951551,-0.18842173625770517,4353989.159796485,-457622.70099545474,0.0,-0.15687958627442217
360,1890,15.81007,46.833336,-6.0833282,43200,-0.07858313157894449,-0.09177721669786909,4346604.66032198,-463238.8677294356,0.0,-0.17914029178967095
255,1863,15.81007,46.75,-6.0,64800,0.04266796188403975,-0.09655860053214169,4353989.159796485,-457622.70099545474,0.0,0.3241635791737079
360,1890,15.81007,46.833336,-6.0833282,86400,0.06362383528897,-0.06354490976648099,4346604.66032198,-463238.8677294356,0.0,-0.20048991923722087
115,1827,15.81007,46.66667,-6.0,86400,0.053860377709732024,0.06398160053676082,4360694.650219674,-458327.4764384654,0.0,0.07650964293823943
290,1872,15.81007,46.833336,-6.25,64800,0.04921924804302146,0.10111576850438812,4345238.723142079,-475881.0361998027,0.0,0.07903868186517302
220,1854,15.81007,46.75,-6.0833282,21600,-0.17103794659488072,-0.3451849204106372,4353319.010767862,-463954.4488188505,0.0,-0.09387390180203793
325,1881,15.81007,46.833336,-6.1666565,64800,-0.025077972983236954,-0.2797069805660596,4345926.351221016,-469559.8699535443,0.0,0.24853700496988593
605,1953,15.81007,47.0,-6.1666565,21600,0.15061673474811113,0.06334651304452033,4332472.586781167,-468106.2447951276,0.0,0.3903311790705607
185,1845,15.81007,46.75,-6.1666565,43200,-0.019904786254239817,-0.03663590007395259,4352639.653859386,-470285.21531356085,0.0,0.18165209291082893
80,1818,15.81007,46.66667,-6.0833282,64800,-0.11595640223536559,-0.10654893452533544,4360023.469108121,-464668.9756583009,0.0,0.01673014875907838
185,1845,15.81007,46.75,-6.1666565,86400,-0.1618890457017665,-0.24209217170900993,4352639.653859386,-470285.21531356085,0.0,0.4630948073862682
360,1890,15.81007,46.833336,-6.0833282,21600,0.04712094823747431,0.03226545391196893,4346604.66032198,-463238.8677294356,0.0,0.032927289674802296
325,1881,15.81007,46.833336,-6.1666565,86400,0.05613068907106404,-0.04919448927953964,4345926.351221016,-469559.8699535443,0.0,0.11815845958762022
255,1863,15.81007,46.75,-6.0,86400,0.06323485163551064,-0.12485221433210342,4353989.159796485,-457622.70099545474,0.0,0.2727264717135896
500,1926,15.81007,46.91667,-6.0833282,21600,-0.039759298753949596,-0.11252084301555101,4339881.045145775,-462522.2992525033,0.0,0.3068404160648078
535,1935,15.81007,46.91667,-6.0,43200,-0.023287731308973603,-0.21180753601228053,4340549.125536747,-456210.0964726406,0.0,0.23843149202718023
570,1944,15.81007,47.0,-6.25,43200,-0.04094958720275831,-0.09723357952267339,4331787.087405169,-474407.8424903363,0.0,-0.12379538954649941
465,1917,15.81007,46.91667,-6.1666565,21600,0.007030350267461401,0.09598427830514299,4339203.78529813,-468833.52373287774,0.0,0.015816003251476154
465,1917,15.81007,46.91667,-6.1666565,86400,-0.09606299050770087,-0.1515428541728841,4339203.78529813,-468833.52373287774,0.0,0.08718505249445856
605,1953,15.81007,47.0,-6.1666565,43200,-0.07338839828369322,-0.4109219978953669,4332472.586781167,-468106.2447951276,0.0,0.16527394950455832
255,1863,15.81007,46.75,-6.0,43200,0.057445901805585925,0.10002943986368283,4353989.159796485,-457622.70099545474,0.0,0.4454251066950217
220,1854,15.81007,46.75,-6.0833282,86400,-0.055237264145671726,-0.14720930962529133,4353319.010767862,-463954.4488188505,0.0,-0.19784995622207432
640,1962,15.81007,47.0,-6.0833282,43200,0.054353921425119966,-0.055282554514237796,4333148.796028124,-461804.81061430223,0.0,0.04588400489135426
640,1962,15.81007,47.0,-6.0833282,21600,-0.0503363286182586,-0.20657158722512572,4333148.796028124,-461804.81061430223,0.0,0.1994019686219404
290,1872,15.81007,46.833336,-6.25,43200,0.10040142370229435,-0.14296919852936923,4345238.723142079,-475881.0361998027,0.0,-0.2138113404291128
675,1971,15.81007,47.0,-6.0,21600,0.05901331007300588,-0.05360656363643552,4333815.840058059,-455502.3996515776,0.0,-0.020295177002461532
430,1908,15.81007,46.91667,-6.25,21600,0.0644230647333322,-0.0625895120472465,4338517.220887722,-475144.9119816816,0.0,0.14929929333560177
360,1890,15.81007,46.833336,-6.0833282,64800,0.10106918141461058,0.13517022884608548,4346604.66032198,-463238.8677294356,0.0,-0.2480456406150976
535,1935,15.81007,46.91667,-6.0,21600,0.1638018613344523,0.18219376990990443,4340549.125536747,-456210.0964726406,0.0,-0.11443065100737347
500,1926,15.81007,46.91667,-6.0833282,86400,-0.038565158241329035,-0.1618783044066962,4339881.045145775,-462522.2992525033,0.0,0.1729613502523637
675,1971,15.81007,47.0,-6.0,43200,0.0476493126452579,0.01912340556499717,4333815.840058059,-455502.3996515776,0.0,0.3696053323881828
395,1899,15.81007,46.833336,-6.0,21600,0.0006805430934454272,-0.1625194324363317,4347273.775744883,-456916.88569019584,0.0,-0.07572008364105304
430,1908,15.81007,46.91667,-6.25,43200,-0.02198212953782697,-0.15279019699257745,4338517.220887722,-475144.9119816816,0.0,0.07976741230049433
10,1800,15.81007,46.66667,-6.25,64800,0.044941905019559886,-0.10078820541530849,4358653.3150161095,-477350.1729464703,0.0,0.15424702277685085
45,1809,15.81007,46.66667,-6.1666565,64800,0.09521957011720882,-0.1693958376860291,4359343.065935845,-471009.49203812674,0.0,0.05194840263002483
220,1854,15.81007,46.75,-6.0833282,43200,-0.08103099444912834,-0.19624376171369834,4353319.010767862,-463954.4488188505,0.0,0.16795781672913995
465,1917,15.81007,46.91667,-6.1666565,43200,0.07689221360522053,0.1896510883968141,4339203.78529813,-468833.52373287774,0.0,0.016355273737786648
570,1944,15.81007,47.0,-6.25,21600,-0.17303904637577563,-0.317821969771356,4331787.087405169,-474407.8424903363,0.0,-0.0086813173130847
185,1845,15.81007,46.75,-6.1666565,21600,-0.1272208601624562,-0.23641142830264605,4352639.653859386,-470285.21531356085,0.0,-0.18885497304382956
290,1872,15.81007,46.833336,-6.25,21600,0.019617836181355007,0.05239817661537864,4345238.723142079,-475881.0361998027,0.0,-0.034740433737401336
325,1881,15.81007,46.833336,-6.1666565,43200,0.021195981990837595,-0.1814911523186074,4345926.351221016,-469559.8699535443,0.0,0.32100151577379216
640,1962,15.81007,47.0,-6.0833282,64800,0.15000476135704513,0.036333242494540396,4333148.796028124,-461804.81061430223,0.0,-0.08312405210788307
45,1809,15.81007,46.66667,-6.1666565,21600,0.0326044852139948,-0.10134886672348231,4359343.065935845,-471009.49203812674,0.0,0.10037815589930583
150,1836,15.81007,46.75,-6.25,21600,-0.21411642476247178,-0.3246860246034101,4351950.96357759,-476616.1460837916,0.0,0.03385249544542936
430,1908,15.81007,46.91667,-6.25,64800,0.16561465596215147,-0.0017910901300358384,4338517.220887722,-475144.9119816816,0.0,-0.17144754419056837
605,1953,15.81007,47.0,-6.1666565,64800,-0.0782939324941206,-0.18062215994800612,4332472.586781167,-468106.2447951276,0.0,-0.23462977539161808
465,1917,15.81007,46.91667,-6.1666565,64800,0.13248433681217275,0.028634276428212105,4339203.78529813,-468833.52373287774,0.0,-0.06849654971272359
570,1944,15.81007,47.0,-6.25,64800,0.07743916815567796,-0.1598675625757564,4331787.087405169,-474407.8424903363,0.0,0.09910078723294394
675,1971,15.81007,47.0,-6.0,86400,0.10707934018200538,-0.059802417344979514,4333815.840058059,-455502.3996515776,0.0,-0.3453228418716694
115,1827,15.81007,46.66667,-6.0,21600,0.06898877403313171,-0.07775314940214291,4360694.650219674,-458327.4764384654,0.0,-0.06650268724429682
605,1953,15.81007,47.0,-6.1666565,86400,-0.0004454222192089314,-0.17248455508122792,4332472.586781167,-468106.2447951276,0.0,0.02300603755452334
80,1818,15.81007,46.66667,-6.0833282,21600,-0.06772438864428333,-0.38298310511107025,4360023.469108121,-464668.9756583009,0.0,-0.06974603022969947
500,1926,15.81007,46.91667,-6.0833282,64800,-0.05518921303810424,-0.17511761600939788,4339881.045145775,-462522.2992525033,0.0,-0.07143214195051541
45,1809,15.81007,46.66667,-6.1666565,43200,0.039995682684728764,-0.0998796833675859,4359343.065935845,-471009.49203812674,0.0,0.014734332511926946
115,1827,15.81007,46.66667,-6.0,43200,0.19146786375785607,0.13337516603307958,4360694.650219674,-458327.4764384654,0.0,-0.1728352692231988
45,1809,15.81007,46.66667,-6.1666565,86400,-0.09378481041690688,-0.4419946052564088,4359343.065935845,-471009.49203812674,0.0,0.0315276536855416
80,1818,15.81007,46.66667,-6.0833282,86400,0.16708470620965626,0.0012947216626691266,4360023.469108121,-464668.9756583009,0.0,0.13950763767835403
10,1800,15.81007,46.66667,-6.25,86400,0.034533653849774165,-0.07600713299923284,4358653.3150161095,-477350.1729464703,0.0,0.15421161832496028
535,1935,15.81007,46.91667,-6.0,64800,-0.037758745501563884,-0.04816509130340631,4340549.125536747,-456210.0964726406,0.0,0.02552066622250814
80,1818,15.81007,46.66667,-6.0833282,43200,-0.018005585626268954,-0.009882869108739548,4360023.469108121,-464668.9756583009,0.0,-0.1272935522818095
675,1971,15.81007,47.0,-6.0,64800,-0.021721562541489593,-0.22061030740617463,4333815.840058059,-455502.3996515776,0.0,0.058667892870614524
150,1836,15.81007,46.75,-6.25,43200,-0.022653050322623124,0.12312355277438221,4351950.96357759,-476616.1460837916,0.0,-0.07101017370293707
570,1944,15.81007,47.0,-6.25,86400,0.0678385052973468,0.08284439663270488,4331787.087405169,-474407.8424903363,0.0,-0.12734670991181982
395,1899,15.81007,46.833336,-6.0,64800,-0.06150156909271039,-0.19882628927091178,4347273.775744883,-456916.88569019584,0.0,-0.024147013939171565
10,1800,15.81007,46.66667,-6.25,21600,0.08313323531478485,0.08605521481710278,4358653.3150161095,-477350.1729464703,0.0,0.0013847819130402982
395,1899,15.81007,46.833336,-6.0,86400,0.12510275710754737,0.010026460389298497,4347273.775744883,-456916.88569019584,0.0,-0.0069525589820273286
640,1962,15.81007,47.0,-6.0833282,86400,-0.11645759753799155,-0.10214310839930472,4333148.796028124,-461804.81061430223,0.0,-0.38938679694145034
256,2043,18.49556,46.75,-6.0,43200,0.058741529551979074,0.09821029605917328,4353989.159796485,-457622.70099545474,0.0,0.4193715576231499
221,2034,18.49556,46.75,-6.0833282,86400,-0.05385863347078167,-0.14694429414666405,4353319.010767862,-463954.4488188505,0.0,-0.19374266485898883
606,2133,18.49556,47.0,-6.1666565,86400,-0.007803368525970182,-0.18783042606963235,4332472.586781167,-468106.2447951276,0.0,0.027091314697451012
11,1980,18.49556,46.66667,-6.25,21600,0.08438424505801458,0.08374496358505798,4358653.3150161095,-477350.1729464703,0.0,-0.0005850276615574207
641,2142,18.49556,47.0,-6.0833282,43200,0.05339673041676797,-0.05779165946204955,4333148.796028124,-461804.81061430223,0.0,0.0418653803686311
361,2070,18.49556,46.833336,-6.0833282,43200,-0.0851627903872161,-0.10239497534130679,4346604.66032198,-463238.8677294356,0.0,-0.17107827230186093
676,2151,18.49556,47.0,-6.0,21600,0.06466199827091616,-0.04209752821118814,4333815.840058059,-455502.3996515776,0.0,-0.014706438044110409
431,2088,18.49556,46.91667,-6.25,21600,0.0595654181339866,-0.07372997771779413,4338517.220887722,-475144.9119816816,0.0,0.14675067183048557
431,2088,18.49556,46.91667,-6.25,43200,-0.01630720557146806,-0.14726399643082344,4338517.220887722,-475144.9119816816,0.0,0.07445360781468675
46,1989,18.49556,46.66667,-6.1666565,43200,0.037509248941637964,-0.10632029348521108,4359343.065935845,-471009.49203812674,0.0,0.019216457466242485
81,1998,18.49556,46.66667,-6.0833282,21600,-0.06971385137945064,-0.3791693318807906,4360023.469108121,-464668.9756583009,0.0,-0.08127864451067716
151,2016,18.49556,46.75,-6.25,43200,-0.03273231698239045,0.11011503426421035,4351950.96357759,-476616.1460837916,0.0,-0.07186158850208359
396,2079,18.49556,46.833336,-6.0,21600,0.006172568008366292,-0.15703985405625526,4347273.775744883,-456916.88569019584,0.0,-0.06742422756948908
116,2007,18.49556,46.66667,-6.0,43200,0.19675498126333,0.13493417789309733,4360694.650219674,-458327.4764384654,0.0,-0.16771150666301546
501,2106,18.49556,46.91667,-6.0833282,86400,-0.02935819988720955,-0.15633053778338057,4339881.045145775,-462522.2992525033,0.0,0.18481578341261362
606,2133,18.49556,47.0,-6.1666565,21600,0.14337350939540588,0.05985692877747173,4332472.586781167,-468106.2447951276,0.0,0.38128806025848944
536,2115,18.49556,46.91667,-6.0,64800,-0.028566435827595403,-0.04010082907464381,4340549.125536747,-456210.0964726406,0.0,0.04201214775273887
11,1980,18.49556,46.66667,-6.25,64800,0.041976660543038544,-0.11020913853240479,4358653.3150161095,-477350.1729464703,0.0,0.14843378010770233
396,2079,18.49556,46.833336,-6.0,86400,0.1279744241993597,0.017119850015792026,4347273.775744883,-456916.88569019584,0.0,-0.008152255174739182
606,2133,18.49556,47.0,-6.1666565,43200,-0.07419708949233028,-0.4075230473645671,4332472.586781167,-468106.2447951276,0.0,0.15177580049568293
571,2124,18.49556,47.0,-6.25,64800,0.07972635633846425,-0.14874632604209814,4331787.087405169,-474407.8424903363,0.0,0.09185457454659432
466,2097,18.49556,46.91667,-6.1666565,21600,0.0035000547249175763,0.08984167225332337,4339203.78529813,-468833.52373287774,0.0,0.01777464031996039
536,2115,18.49556,46.91667,-6.0,21600,0.16870265838084025,0.18264031438705833,4340549.125536747,-456210.0964726406,0.0,-0.10696522522841694
11,1980,18.49556,46.66667,-6.25,86400,0.028690326500342596,-0.08343706746369807,4358653.3150161095,-477350.1729464703,0.0,0.15945733376896734
291,2052,18.49556,46.833336,-6.25,43200,0.09939312867518468,-0.14226895455609495,4345238.723142079,-475881.0361998027,0.0,-0.21643460671624146
81,1998,18.49556,46.66667,-6.0833282,43200,-0.017851485699894573,-0.011760876278417653,4360023.469108121,-464668.9756583009,0.0,-0.1361259638076012
641,2142,18.49556,47.0,-6.0833282,21600,-0.050653945217831814,-0.20221895632097242,4333148.796028124,-461804.81061430223,0.0,0.18071916742440602
641,2142,18.49556,47.0,-6.0833282,64800,0.15833768088048505,0.05176459906653774,4333148.796028124,-461804.81061430223,0.0,-0.06818267755763403
571,2124,18.49556,47.0,-6.25,21600,-0.17112265234283403,-0.31466411318853754,4331787.087405169,-474407.8424903363,0.0,-0.006870336502218778
466,2097,18.49556,46.91667,-6.1666565,86400,-0.08333404333402224,-0.14537370437470892,4339203.78529813,-468833.52373287774,0.0,0.08457344227034193
466,2097,18.49556,46.91667,-6.1666565,43200,0.07306897426042286,0.17716077142410333,4339203.78529813,-468833.52373287774,0.0,0.024168930266722607
46,1989,18.49556,46.66667,-6.1666565,21600,0.035638773927994936,-0.09402583334501796,4359343.065935845,-471009.49203812674,0.0,0.08840490545620328
501,2106,18.49556,46.91667,-6.0833282,43200,0.005174858437342758,-0.1003827724984146,4339881.045145775,-462522.2992525033,0.0,0.09005127879905801
291,2052,18.49556,46.833336,-6.25,86400,0.2559038736210035,0.10290987571056126,4345238.723142079,-475881.0361998027,0.0,-0.11237003919217979
676,2151,18.49556,47.0,-6.0,86400,0.09765052617556634,-0.07024842266711834,4333815.840058059,-455502.3996515776,0.0,-0.3160528256513483
326,2061,18.49556,46.833336,-6.1666565,86400,0.05910529560505056,-0.03575742556793428,4345926.351221016,-469559.8699535443,0.0,0.10845531086753071
256,2043,18.49556,46.75,-6.0,86400,0.05355407816274371,-0.13357039085158876,4353989.159796485,-457622.70099545474,0.0,0.2609913707695371
501,2106,18.49556,46.91667,-6.0833282,21600,-0.04733678696491632,-0.12433643508929972,4339881.045145775,-462522.2992525033,0.0,0.29649058426489455
606,2133,18.49556,47.0,-6.1666565,64800,-0.06967547217979254,-0.17539653954169332,4332472.586781167,-468106.2447951276,0.0,-0.22705890096049344
676,2151,18.49556,47.0,-6.0,64800,-0.023642380205763536,-0.216244564560188,4333815.840058059,-455502.3996515776,0.0,0.04341710106717197
431,2088,18.49556,46.91667,-6.25,86400,-0.0640118058291119,-0.27510717647402727,4338517.220887722,-475144.9119816816,0.0,-0.161327737345189
536,2115,18.49556,46.91667,-6.0,43200,-0.02503397376509759,-0.2085988181952494,4340549.125536747,-456210.0964726406,0.0,0.23486822325198145
571,2124,18.49556,47.0,-6.25,43200,-0.04195318103549347,-0.1084067372650964,4331787.087405169,-474407.8424903363,0.0,-0.12515114297042457
396,2079,18.49556,46.833336,-6.0,43200,0.060155890092547085,-0.1242394027493619,4347273.775744883,-456916.88569019584,0.0,0.08973702325868697
641,2142,18.49556,47.0,-6.0833282,86400,-0.11372748052002309,-0.1046534298221039,4333148.796028124,-461804.81061430223,0.0,-0.3879925486531887
676,2151,18.49556,47.0,-6.0,43200,0.04564638669034292,0.023028030497667704,4333815.840058059,-455502.3996515776,0.0,0.35717805802061237
46,1989,18.49556,46.66667,-6.1666565,64800,0.09692331594055596,-0.16394223585789908,4359343.065935845,-471009.49203812674,0.0,0.049798738868950095
291,2052,18.49556,46.833336,-6.25,21600,0.01470179023791348,0.04314738868275897,4345238.723142079,-475881.0361998027,0.0,-0.04896736886636975
326,2061,18.49556,46.833336,-6.1666565,43200,0.029660623451862753,-0.17735461218710794,4345926.351221016,-469559.8699535443,0.0,0.3077807204824863
466,2097,18.49556,46.91667,-6.1666565,64800,0.12915188323633403,0.021192426872917836,4339203.78529813,-468833.52373287774,0.0,-0.07135349507240098
186,2025,18.49556,46.75,-6.1666565,64800,0.0466545468348842,-0.01935605959300747,4352639.653859386,-470285.21531356085,0.0,-0.2689335488773325
186,2025,18.49556,46.75,-6.1666565,86400,-0.1583286751936466,-0.24213279018797396,4352639.653859386,-470285.21531356085,0.0,0.46591870588555295
536,2115,18.49556,46.91667,-6.0,86400,-0.026264474412156055,-0.08053961653789339,4340549.125536747,-456210.0964726406,0.0,-0.08431669080084388
186,2025,18.49556,46.75,-6.1666565,43200,-0.011205175854175112,-0.023793407321750754,4352639.653859386,-470285.21531356085,0.0,0.1570897019056225
221,2034,18.49556,46.75,-6.0833282,64800,-0.082226145087427,-0.1655649144749494,4353319.010767862,-463954.4488188505,0.0,0.04724556154015085
151,2016,18.49556,46.75,-6.25,21600,-0.2072249600815343,-0.32386749342456594,4351950.96357759,-476616.1460837916,0.0,0.02534026080022317
11,1980,18.49556,46.66667,-6.25,43200,-0.01173444124956348,-0.053302198039890634,4358653.3150161095,-477350.1729464703,0.0,0.007351075128776213
151,2016,18.49556,46.75,-6.25,86400,0.006352629695213399,-0.15835075431207843,4351950.96357759,-476616.1460837916,0.0,-0.11201293078714378
256,2043,18.49556,46.75,-6.0,21600,-0.07389509335712827,-0.18253567268350515,4353989.159796485,-457622.70099545474,0.0,-0.15238464249945752
256,2043,18.49556,46.75,-6.0,64800,0.03492513413935127,-0.10953621540763245,4353989.159796485,-457622.70099545474,0.0,0.31114418525554394
116,2007,18.49556,46.66667,-6.0,86400,0.049544296908927206,0.052101598312484676,4360694.650219674,-458327.4764384654,0.0,0.06897857333283187
361,2070,18.49556,46.833336,-6.0833282,86400,0.05325068224297664,-0.07755824290357768,4346604.66032198,-463238.8677294356,0.0,-0.21853091111836948
396,2079,18.49556,46.833336,-6.0,64800,-0.048051758640718936,-0.1855582090000628,4347273.775744883,-456916.88569019584,0.0,-0.01781652138906036
291,2052,18.49556,46.833336,-6.25,64800,0.06490091801934522,0.11398335367785647,4345238.723142079,-475881.0361998027,0.0,0.08769750804424006
221,2034,18.49556,46.75,-6.0833282,21600,-0.16912539710293217,-0.34636536278788776,4353319.010767862,-463954.4488188505,0.0,-0.09144471709826422
571,2124,18.49556,47.0,-6.25,86400,0.06889385298513491,0.09253004679240875,4331787.087405169,-474407.8424903363,0.0,-0.12664323069977845
326,2061,18.49556,46.833336,-6.1666565,64800,-0.01569192498415333,-0.26834497761213927,4345926.351221016,-469559.8699535443,0.0,0.2552059875252033
186,2025,18.49556,46.75,-6.1666565,21600,-0.11994136111500256,-0.22814941294278906,4352639.653859386,-470285.21531356085,0.0,-0.18366179516582384
361,2070,18.49556,46.833336,-6.0833282,64800,0.10138724370637459,0.12870131076941216,4346604.66032198,-463238.8677294356,0.0,-0.2450039973620845
81,1998,18.49556,46.66667,-6.0833282,86400,0.16103487885860746,-0.009775985536590093,4360023.469108121,-464668.9756583009,0.0,0.13925896974083474
151,2016,18.49556,46.75,-6.25,64800,-0.09498852629689494,-0.12201930712138992,4351950.96357759,-476616.1460837916,0.0,-0.05239413917408709
431,2088,18.49556,46.91667,-6.25,64800,0.15678831616225541,-0.0029906922523665197,4338517.220887722,-475144.9119816816,0.0,-0.175270679250321
326,2061,18.49556,46.833336,-6.1666565,21600,0.1343415419293894,-0.13473123413049906,4345926.351221016,-469559.8699535443,0.0,-0.05084360720533196
361,2070,18.49556,46.833336,-6.0833282,21600,0.04028201865892039,0.021466204926318094,4346604.66032198,-463238.8677294356,0.0,0.03257473812182112
501,2106,18.49556,46.91667,-6.0833282,64800,-0.05864061062046231,-0.1788760120624187,4339881.045145775,-462522.2992525033,0.0,-0.07608444146331575
116,2007,18.49556,46.66667,-6.0,21600,0.06586543522140034,-0.0707493186403454,4360694.650219674,-458327.4764384654,0.0,-0.07536513438323199
116,2007,18.49556,46.66667,-6.0,64800,-0.11734134230304932,-0.21602508627367212,4360694.650219674,-458327.4764384654,0.0,-0.07292127172272718
46,1989,18.49556,46.66667,-6.1666565,86400,-0.08901891954092395,-0.42591360474788176,4359343.065935845,-471009.49203812674,0.0,0.02407101020629231
221,2034,18.49556,46.75,-6.0833282,43200,-0.07702076484730593,-0.1946867389939154,4353319.010767862,-463954.4488188505,0.0,0.1561814148588262
81,1998,18.49556,46.66667,-6.0833282,64800,-0.11039746023368019,-0.10242171770613577,4360023.469108121,-464668.9756583009,0.0,0.010895093421867091
47,2169,21.59882,46.66667,-6.1666565,86400,-0.08583824246502682,-0.41443765129610943,4359343.065935845,-471009.49203812674,0.0,0.019676311502333007
397,2259,21.59882,46.833336,-6.0,64800,-0.03927914416979439,-0.17512774447023888,4347273.775744883,-456916.88569019584,0.0,-0.013765217025960404
397,2259,21.59882,46.833336,-6.0,21600,0.00868544972416303,-0.15379462074601563,4347273.775744883,-456916.88569019584,0.0,-0.06076954132606767
152,2196,21.59882,46.75,-6.25,64800,-0.0931030095181796,-0.11853973005210242,4351950.96357759,-476616.1460837916,0.0,-0.05858506953003252
572,2304,21.59882,47.0,-6.25,21600,-0.1674710534964758,-0.30969462883462456,4331787.087405169,-474407.8424903363,0.0,-0.0053307471675278035
432,2268,21.59882,46.91667,-6.25,43200,-0.013033253998378028,-0.14374797149162963,4338517.220887722,-475144.9119816816,0.0,0.07122521854598236
537,2295,21.59882,46.91667,-6.0,21600,0.16995714725972855,0.17869824497469208,4340549.125536747,-456210.0964726406,0.0,-0.10119682023068902
257,2223,21.59882,46.75,-6.0,64800,0.030548576570353446,-0.116625924372096,4353989.159796485,-457622.70099545474,0.0,0.30058702878901533
677,2331,21.59882,47.0,-6.0,43200,0.043890412455801955,0.023219853392946382,4333815.840058059,-455502.3996515776,0.0,0.3444617570409601
82,2178,21.59882,46.66667,-6.0833282,86400,0.1569111198502861,-0.015040246671626553,4360023.469108121,-464668.9756583009,0.0,0.13897927849707026
117,2187,21.59882,46.66667,-6.0,86400,0.0463637037316572,0.04267079827257564,4360694.650219674,-458327.4764384654,0.0,0.06439347392181276
362,2250,21.59882,46.833336,-6.0833282,21600,0.03613302753511447,0.013429933664729138,4346604.66032198,-463238.8677294356,0.0,0.033158119724832
292,2232,21.59882,46.833336,-6.25,86400,0.25562390773101473,0.105403566321401,4345238.723142079,-475881.0361998027,0.0,-0.10512488386257723
502,2286,21.59882,46.91667,-6.0833282,64800,-0.05994885644360268,-0.18063642702182997,4339881.045145775,-462522.2992525033,0.0,-0.07500481697290196
222,2214,21.59882,46.75,-6.0833282,21600,-0.1650177073352627,-0.34345272206938826,4353319.010767862,-463954.4488188505,0.0,-0.08820929889308857
397,2259,21.59882,46.833336,-6.0,43200,0.05579331559899346,-0.13055388726741207,4347273.775744883,-456916.88569019584,0.0,0.08258768113930136
677,2331,21.59882,47.0,-6.0,64800,-0.025204959249308073,-0.2149850136149874,4333815.840058059,-455502.3996515776,0.0,0.033711966774257585
12,2160,21.59882,46.66667,-6.25,21600,0.08356127260169563,0.07938169339018676,4358653.3150161095,-477350.1729464703,0.0,-0.00233309599605318
572,2304,21.59882,47.0,-6.25,86400,0.06842722180771235,0.09513490270944487,4331787.087405169,-474407.8424903363,0.0,-0.12558105840746478
502,2286,21.59882,46.91667,-6.0833282,86400,-0.023396726165797275,-0.1521280438422769,4339881.045145775,-462522.2992525033,0.0,0.18957701856487502
362,2250,21.59882,46.833336,-6.0833282,43200,-0.08687342732046639,-0.10804123293027679,4346604.66032198,-463238.8677294356,0.0,-0.16497897191218872
327,2241,21.59882,46.833336,-6.1666565,64800,-0.010116905038480877,-0.2598129125355493,4345926.351221016,-469559.8699535443,0.0,0.25604348436053914
187,2205,21.59882,46.75,-6.1666565,21600,-0.11519081701286382,-0.2249141979564656,4352639.653859386,-470285.21531356085,0.0,-0.18041507050513672
47,2169,21.59882,46.66667,-6.1666565,64800,0.09674665557756575,-0.15986121435426048,4359343.065935845,-471009.49203812674,0.0,0.044718250310492876
12,2160,21.59882,46.66667,-6.25,64800,0.03992397318575511,-0.1144865825107506,4358653.3150161095,-477350.1729464703,0.0,0.14389603913432356
607,2313,21.59882,47.0,-6.1666565,21600,0.1382037812415043,0.0569616557792562,4332472.586781167,-468106.2447951276,0.0,0.3717876814988881
327,2241,21.59882,46.833336,-6.1666565,43200,0.034014768948792795,-0.17229109908088308,4345926.351221016,-469559.8699535443,0.0,0.29946318371238084
292,2232,21.59882,46.833336,-6.25,64800,0.0726961596883334,0.11943239465247851,4345238.723142079,-475881.0361998027,0.0,0.09183181016174802
12,2160,21.59882,46.66667,-6.25,86400,0.02657586420340693,-0.08623513546974408,4358653.3150161095,-477350.1729464703,0.0,0.1608534439031702
257,2223,21.59882,46.75,-6.0,21600,-0.07233064896178243,-0.17877078162710813,4353989.159796485,-457622.70099545474,0.0,-0.1492612222525737
537,2295,21.59882,46.91667,-6.0,64800,-0.022664745106438035,-0.036045279434821706,4340549.125536747,-456210.0964726406,0.0,0.049653486519751946
222,2214,21.59882,46.75,-6.0833282,86400,-0.05384830352031233,-0.14795208962550285,4353319.010767862,-463954.4488188505,0.0,-0.1874599599510374
607,2313,21.59882,47.0,-6.1666565,43200,-0.073277117284327,-0.4021743394920078,4332472.586781167,-468106.2447951276,0.0,0.14252375193378614
607,2313,21.59882,47.0,-6.1666565,86400,-0.011295204298897802,-0.19562076119802999,4332472.586781167,-468106.2447951276,0.0,0.026919851002060756
152,2196,21.59882,46.75,-6.25,86400,0.009086127124847073,-0.15502244152080355,4351950.96357759,-476616.1460837916,0.0,-0.10199011099066625
467,2277,21.59882,46.91667,-6.1666565,64800,0.12565393841395672,0.01614295005901585,4339203.78529813,-468833.52373287774,0.0,-0.0762606798632216
292,2232,21.59882,46.833336,-6.25,21600,0.012200354910364836,0.03770307928934641,4345238.723142079,-475881.0361998027,0.0,-0.055344014916966854
572,2304,21.59882,47.0,-6.25,64800,0.08000874749111314,-0.14235487446535805,4331787.087405169,-474407.8424903363,0.0,0.08509959029664639
572,2304,21.59882,47.0,-6.25,43200,-0.04195071537084946,-0.11437349567010086,4331787.087405169,-474407.8424903363,0.0,-0.12338099419093661
327,2241,21.59882,46.833336,-6.1666565,21600,0.128370452693127,-0.13422251330929724,4345926.351221016,-469559.8699535443,0.0,-0.049724553176174
642,2322,21.59882,47.0,-6.0833282,86400,-0.1088457081649925,-0.10261471005678871,4333148.796028124,-461804.81061430223,0.0,-0.3834763786712286
467,2277,21.59882,46.91667,-6.1666565,21600,0.0014285843122415418,0.08381875185778068,4339203.78529813,-468833.52373287774,0.0,0.01835106144760213
537,2295,21.59882,46.91667,-6.0,43200,-0.026126705037545207,-0.20594880848140523,4340549.125536747,-456210.0964726406,0.0,0.2316138619392783
117,2187,21.59882,46.66667,-6.0,64800,-0.1149665133473626,-0.21309318014230028,4360694.650219674,-458327.4764384654,0.0,-0.08462778090365614
47,2169,21.59882,46.66667,-6.1666565,21600,0.036241331263487636,-0.09138959712600363,4359343.065935845,-471009.49203812674,0.0,0.08100700890575156
642,2322,21.59882,47.0,-6.0833282,64800,0.16115494947694955,0.05927814607726224,4333148.796028124,-461804.81061430223,0.0,-0.05885918920373219
642,2322,21.59882,47.0,-6.0833282,43200,0.05264408254265105,-0.06032133546099372,4333148.796028124,-461804.81061430223,0.0,0.041046295498832513
432,2268,21.59882,46.91667,-6.25,64800,0.14993327435066278,-0.005934497267063368,4338517.220887722,-475144.9119816816,0.0,-0.17649975309485844
502,2286,21.59882,46.91667,-6.0833282,21600,-0.0514088799248517,-0.1315056422223864,4339881.045145775,-462522.2992525033,0.0,0.2877569200669904
607,2313,21.59882,47.0,-6.1666565,64800,-0.06346754450541757,-0.1711633041544725,4332472.586781167,-468106.2447951276,0.0,-0.21840093827199836
432,2268,21.59882,46.91667,-6.25,21600,0.05516521128809501,-0.08210636301301187,4338517.220887722,-475144.9119816816,0.0,0.1439946163737098
257,2223,21.59882,46.75,-6.0,86400,0.047319462760093564,-0.13760288325736195,4353989.159796485,-457622.70099545474,0.0,0.2532497522281391
502,2286,21.59882,46.91667,-6.0833282,43200,0.006480024026497194,-0.10176891221187188,4339881.045145775,-462522.2992525033,0.0,0.08327413980629582
537,2295,21.59882,46.91667,-6.0,86400,-0.02661506525767315,-0.0815309003096759,4340549.125536747,-456210.0964726406,0.0,-0.08250000149274114
82,2178,21.59882,46.66667,-6.0833282,64800,-0.10532000688641255,-0.09987247833337087,4360023.469108121,-464668.9756583009,0.0,0.008352684066303746
467,2277,21.59882,46.91667,-6.1666565,43200,0.06866241003827961,0.1649028385386074,4339203.78529813,-468833.52373287774,0.0,0.02738665503098407
222,2214,21.59882,46.75,-6.0833282,64800,-0.07986883632596167,-0.16315122845842928,4353319.010767862,-463954.4488188505,0.0,0.0469445460436701
467,2277,21.59882,46.91667,-6.1666565,86400,-0.07550812902986316,-0.1428383560027966,4339203.78529813,-468833.52373287774,0.0,0.08236218793248191
152,2196,21.59882,46.75,-6.25,21600,-0.20166835673614672,-0.32223168150803405,4351950.96357759,-476616.1460837916,0.0,0.01932477839986006
82,2178,21.59882,46.66667,-6.0833282,21600,-0.06940416922455137,-0.3747137401824041,4360023.469108121,-464668.9756583009,0.0,-0.08387812790332931
117,2187,21.59882,46.66667,-6.0,21600,0.06314774687527944,-0.06766350856466694,4360694.650219674,-458327.4764384654,0.0,-0.07857687141287725
187,2205,21.59882,46.75,-6.1666565,64800,0.04533776557196534,-0.022757313401286436,4352639.653859386,-470285.21531356085,0.0,-0.2578434181538443
362,2250,21.59882,46.833336,-6.0833282,64800,0.10119617553208475,0.1228900899274101,4346604.66032198,-463238.8677294356,0.0,-0.2401777161390979
187,2205,21.59882,46.75,-6.1666565,86400,-0.15335586376793175,-0.23968002940172353,4352639.653859386,-470285.21531356085,0.0,0.4623664068691787
222,2214,21.59882,46.75,-6.0833282,43200,-0.0750803833724224,-0.19499759416438595,4353319.010767862,-463954.4488188505,0.0,0.14635739588630103
677,2331,21.59882,47.0,-6.0,21600,0.06799518238073327,-0.035054752765853486,4333815.840058059,-455502.3996515776,0.0,-0.010836976685627721
82,2178,21.59882,46.66667,-6.0833282,43200,-0.01629330682531671,-0.01345736090869451,4360023.469108121,-464668.9756583009,0.0,-0.13859659131404026
12,2160,21.59882,46.66667,-6.25,43200,-0.006538775974500564,-0.04706312702369539,4358653.3150161095,-477350.1729464703,0.0,-0.0034504444664954738
257,2223,21.59882,46.75,-6.0,43200,0.05854562261758925,0.0950460843001593,4353989.159796485,-457622.70099545474,0.0,0.39915584832263584
327,2241,21.59882,46.833336,-6.1666565,86400,0.0602856633061402,-0.028703815228231788,4345926.351221016,-469559.8699535443,0.0,0.10372019927213043
152,2196,21.59882,46.75,-6.25,43200,-0.037564712728677285,0.09971497281190578,4351950.96357759,-476616.1460837916,0.0,-0.06976391878600885
117,2187,21.59882,46.66667,-6.0,43200,0.19691429666823643,0.1324259950298432,4360694.650219674,-458327.4764384654,0.0,-0.16046489531199917
187,2205,21.59882,46.75,-6.1666565,43200,-0.006828706134624229,-0.017367312741829705,4352639.653859386,-470285.21531356085,0.0,0.14213766359485655
362,2250,21.59882,46.833336,-6.0833282,86400,0.046616955503640006,-0.08571516528240793,4346604.66032198,-463238.8677294356,0.0,-0.22785397810235825
677,2331,21.59882,47.0,-6.0,86400,0.0896473204823604,-0.0782056755804858,4333815.840058059,-455502.3996515776,0.0,-0.2977794832723979
397,2259,21.59882,46.833336,-6.0,86400,0.12777134063012255,0.020187892909919847,4347273.775744883,-456916.88569019584,0.0,-0.008752872881081683
432,2268,21.59882,46.91667,-6.25,86400,-0.06444096530723968,-0.26775187964531993,4338517.220887722,-475144.9119816816,0.0,-0.1488499613952232
642,2322,21.59882,47.0,-6.0833282,21600,-0.04955834958805309,-0.1987860638442241,4333148.796028124,-461804.81061430223,0.0,0.16848272830596517
292,2232,21.59882,46.833336,-6.25,43200,0.09772202243606608,-0.14051560222702902,4345238.723142079,-475881.0361998027,0.0,-0.21480220939959319
47,2169,21.59882,46.66667,-6.1666565,43200,0.03483981182323439,-0.11016308108104302,4359343.065935845,-471009.49203812674,0.0,0.02059920648053357
608,2493,25.21141,47.0,-6.1666565,64800,-0.05892121137852754,-0.1676539895894586,4332472.586781167,-468106.2447951276,0.0,-0.20888166993410728
223,2394,25.21141,46.75,-6.0833282,21600,-0.1593974995824775,-0.33779576427353186,4353319.010767862,-463954.4488188505,0.0,-0.08445306437580094
83,2358,25.21141,46.66667,-6.0833282,86400,0.15360867852442228,-0.016925904026062047,4360023.469108121,-464668.9756583009,0.0,0.1383634599194236
503,2466,25.21141,46.91667,-6.0833282,64800,-0.05970542152020695,-0.18097013063540435,4339881.045145775,-462522.2992525033,0.0,-0.07011290593419464
48,2349,25.21141,46.66667,-6.1666565,21600,0.03533688741060179,-0.09145857099198357,4359343.065935845,-471009.49203812674,0.0,0.07581667917315953
118,2367,25.21141,46.66667,-6.0,64800,-0.113194377160472,-0.21130477492730604,4360694.650219674,-458327.4764384654,0.0,-0.09097540836583741
433,2448,25.21141,46.91667,-6.25,43200,-0.011117417159523227,-0.1411924741859229,4338517.220887722,-475144.9119816816,0.0,0.0690864642659977
573,2484,25.21141,47.0,-6.25,86400,0.06670879209226346,0.09283831685201911,4331787.087405169,-474407.8424903363,0.0,-0.12400448888145336
538,2475,25.21141,46.91667,-6.0,86400,-0.025786327886804628,-0.08141443901318306,4340549.125536747,-456210.0964726406,0.0,-0.08070003640615077
258,2403,25.21141,46.75,-6.0,43200,0.057631495820656534,0.09116136470518997,4353989.159796485,-457622.70099545474,0.0,0.3821271650067429
328,2421,25.21141,46.833336,-6.1666565,64800,-0.006561174409099287,-0.2525646248464891,4345926.351221016,-469559.8699535443,0.0,0.2529373558383728
608,2493,25.21141,47.0,-6.1666565,43200,-0.07100130993906478,-0.395074165963342,4332472.586781167,-468106.2447951276,0.0,0.13597347635270443
153,2376,25.21141,46.75,-6.25,86400,0.012020488423873248,-0.15131923802391006,4351950.96357759,-476616.1460837916,0.0,-0.09230435491293995
573,2484,25.21141,47.0,-6.25,21600,-0.16264732090697107,-0.30348557663011577,4331787.087405169,-474407.8424903363,0.0,-0.003638215101373354
188,2385,25.21141,46.75,-6.1666565,86400,-0.14724369457793443,-0.23546285120180865,4352639.653859386,-470285.21531356085,0.0,0.4543170332490772
293,2412,25.21141,46.833336,-6.25,86400,0.25112825563779784,0.10081016608337633,4345238.723142079,-475881.0361998027,0.0,-0.10129657646995138
13,2340,25.21141,46.66667,-6.25,86400,0.02655203713487415,-0.08636923200303422,4358653.3150161095,-477350.1729464703,0.0,0.16012036119900153
328,2421,25.21141,46.833336,-6.1666565,21600,0.1233233774176902,-0.13496929480830433,4345926.351221016,-469559.8699535443,0.0,-0.05010270238316802
188,2385,25.21141,46.75,-6.1666565,43200,-0.005162198713882075,-0.014806651475788177,4352639.653859386,-470285.21531356085,0.0,0.13270875025084305
223,2394,25.21141,46.75,-6.0833282,86400,-0.054218020175460874,-0.14931080193211688,4353319.010767862,-463954.4488188505,0.0,-0.1797207427000452
398,2439,25.21141,46.833336,-6.0,43200,0.05243206397882771,-0.1347732147279581,4347273.775744883,-456916.88569019584,0.0,0.07926764861699953
398,2439,25.21141,46.833336,-6.0,64800,-0.03285262098791034,-0.1657894999582817,4347273.775744883,-456916.88569019584,0.0,-0.011496500533298735
118,2367,25.21141,46.66667,-6.0,21600,0.06074437252727588,-0.06687961398734299,4360694.650219674,-458327.4764384654,0.0,-0.07833411183208346
538,2475,25.21141,46.91667,-6.0,21600,0.16898837441010597,0.17180404252244208,4340549.125536747,-456210.0964726406,0.0,-0.09624951310295388
153,2376,25.21141,46.75,-6.25,21600,-0.19669437757038308,-0.31978148975919185,4351950.96357759,-476616.1460837916,0.0,0.014799997860209415
293,2412,25.21141,46.833336,-6.25,43200,0.09583583336725573,-0.13776696721001064,4345238.723142079,-475881.0361998027,0.0,-0.20991640965114405
83,2358,25.21141,46.66667,-6.0833282,64800,-0.10056725087788788,-0.09850640428380215,4360023.469108121,-464668.9756583009,0.0,0.008003537501289501
538,2475,25.21141,46.91667,-6.0,43200,-0.026762398532815007,-0.20344529571357783,4340549.125536747,-456210.0964726406,0.0,0.22824175043294664
503,2466,25.21141,46.91667,-6.0833282,21600,-0.05320002297851874,-0.13557813430578014,4339881.045145775,-462522.2992525033,0.0,0.2798463759729307
328,2421,25.21141,46.833336,-6.1666565,86400,0.06019494998964075,-0.025651505038998906,4345926.351221016,-469559.8699535443,0.0,0.1019400981747884
258,2403,25.21141,46.75,-6.0,86400,0.04311251065798112,-0.1387489285182965,4353989.159796485,-457622.70099545474,0.0,0.24768554670344248
83,2358,25.21141,46.66667,-6.0833282,21600,-0.06792324801354266,-0.37004822697773915,4360023.469108121,-464668.9756583009,0.0,-0.08109219685164472
643,2502,25.21141,47.0,-6.0833282,86400,-0.10242156767711115,-0.09779641321908178,4333148.796028124,-461804.81061430223,0.0,-0.3759580985197387
538,2475,25.21141,46.91667,-6.0,64800,-0.01868405605351365,-0.0344690234305608,4340549.125536747,-456210.0964726406,0.0,0.051813821030598055
363,2430,25.21141,46.833336,-6.0833282,21600,0.03351844927511537,0.00662911195946736,4346604.66032198,-463238.8677294356,0.0,0.03431198000286008
398,2439,25.21141,46.833336,-6.0,86400,0.12562481163147357,0.020780216400295384,4347273.775744883,-456916.88569019584,0.0,-0.008864238503437961
503,2466,25.21141,46.91667,-6.0833282,43200,0.009361708437732505,-0.10103932417722346,4339881.045145775,-462522.2992525033,0.0,0.07583458265314966
48,2349,25.21141,46.66667,-6.1666565,43200,0.03201491390936701,-0.11230046988971921,4359343.065935845,-471009.49203812674,0.0,0.02035679565110197
223,2394,25.21141,46.75,-6.0833282,43200,-0.07424310820380489,-0.195876289897842,4353319.010767862,-463954.4488188505,0.0,0.13727733976952844
153,2376,25.21141,46.75,-6.25,43200,-0.039055842613573866,0.09092737445574618,4351950.96357759,-476616.1460837916,0.0,-0.06576133404063933
608,2493,25.21141,47.0,-6.1666565,86400,-0.012479446037514866,-0.1986991874207062,4332472.586781167,-468106.2447951276,0.0,0.023507702900076942
468,2457,25.21141,46.91667,-6.1666565,86400,-0.07039687166134419,-0.14236424515239773,4339203.78529813,-468833.52373287774,0.0,0.08065406678439416
188,2385,25.21141,46.75,-6.1666565,21600,-0.11213007562842697,-0.22517822671760196,4352639.653859386,-470285.21531356085,0.0,-0.17784063794412855
573,2484,25.21141,47.0,-6.25,64800,0.07904207998116376,-0.13867744979479438,4331787.087405169,-474407.8424903363,0.0,0.07809244564555515
468,2457,25.21141,46.91667,-6.1666565,21600,0.00020546544308026014,0.07737170721475488,4339203.78529813,-468833.52373287774,0.0,0.017307895476785164
678,2511,25.21141,47.0,-6.0,86400,0.08236169672908011,-0.08479933720825031,4333815.840058059,-455502.3996515776,0.0,-0.2855444368262828
223,2394,25.21141,46.75,-6.0833282,64800,-0.07612116859895668,-0.15847495967485647,4353319.010767862,-463954.4488188505,0.0,0.044927951726104
573,2484,25.21141,47.0,-6.25,43200,-0.04125512787967372,-0.11707313033089115,4331787.087405169,-474407.8424903363,0.0,-0.11944988942662882
48,2349,25.21141,46.66667,-6.1666565,86400,-0.08342033652294296,-0.4049058724216551,4359343.065935845,-471009.49203812674,0.0,0.016688389496011074
468,2457,25.21141,46.91667,-6.1666565,43200,0.06385265153434545,0.15264766272046654,4339203.78529813,-468833.52373287774,0.0,0.02739894730951378
48,2349,25.21141,46.66667,-6.1666565,64800,0.09512407004672242,-0.15667706810129697,4359343.065935845,-471009.49203812674,0.0,0.037941102862955996
643,2502,25.21141,47.0,-6.0833282,21600,-0.047668548552874376,-0.1958481037761482,4333148.796028124,-461804.81061430223,0.0,0.1600101352347033
118,2367,25.21141,46.66667,-6.0,43200,0.19342519440130013,0.12669708513494926,4360694.650219674,-458327.4764384654,0.0,-0.1519147025218489
433,2448,25.21141,46.91667,-6.25,86400,-0.06292256255212715,-0.26046516601144987,4338517.220887722,-475144.9119816816,0.0,-0.13920274759645
363,2430,25.21141,46.833336,-6.0833282,64800,0.10058012889826123,0.117039928971942,4346604.66032198,-463238.8677294356,0.0,-0.23359569498470062
433,2448,25.21141,46.91667,-6.25,21600,0.0510254256504764,-0.08886711239373528,4338517.220887722,-475144.9119816816,0.0,0.14110870382079102
678,2511,25.21141,47.0,-6.0,64800,-0.026645856509459068,-0.21560221947572422,4333815.840058059,-455502.3996515776,0.0,0.027396370070047454
433,2448,25.21141,46.91667,-6.25,64800,0.14403150145031043,-0.010194791063814587,4338517.220887722,-475144.9119816816,0.0,-0.17570776796218662
363,2430,25.21141,46.833336,-6.0833282,86400,0.04196035236864639,-0.0905406567987331,4346604.66032198,-463238.8677294356,0.0,-0.23190717894923807
13,2340,25.21141,46.66667,-6.25,21600,0.08141750835193574,0.07360052794218787,4358653.3150161095,-477350.1729464703,0.0,-0.0039057585514065255
643,2502,25.21141,47.0,-6.0833282,43200,0.051816284669131366,-0.0630310715653033,4333148.796028124,-461804.81061430223,0.0,0.042592941275346755
118,2367,25.21141,46.66667,-6.0,86400,0.04390955742609614,0.03462282158790621,4360694.650219674,-458327.4764384654,0.0,0.06115521773157223
608,2493,25.21141,47.0,-6.1666565,21600,0.1339766094986959,0.054084683660686264,4332472.586781167,-468106.2447951276,0.0,0.36150992935972714
13,2340,25.21141,46.66667,-6.25,64800,0.03820270143313879,-0.11587732657229835,4358653.3150161095,-477350.1729464703,0.0,0.13968803800779878
398,2439,25.21141,46.833336,-6.0,21600,0.009316269838383398,-0.1517716039282201,4347273.775744883,-456916.88569019584,0.0,-0.05518929958311789
258,2403,25.21141,46.75,-6.0,21600,-0.06994870272088305,-0.17655365428514913,4353989.159796485,-457622.70099545474,0.0,-0.14676008374547841
468,2457,25.21141,46.91667,-6.1666565,64800,0.12204117025934082,0.012732353091890095,4339203.78529813,-468833.52373287774,0.0,-0.08206196895627162
293,2412,25.21141,46.833336,-6.25,21600,0.011277399627827542,0.03467672936292214,4345238.723142079,-475881.0361998027,0.0,-0.056620748292937076
678,2511,25.21141,47.0,-6.0,21600,0.06992457615209088,-0.030729510408614755,4333815.840058059,-455502.3996515776,0.0,-0.007370293954244631
83,2358,25.21141,46.66667,-6.0833282,43200,-0.01380580678389381,-0.01519634245651691,4360023.469108121,-464668.9756583009,0.0,-0.13711298915791229
363,2430,25.21141,46.833336,-6.0833282,43200,-0.08542372232911236,-0.11062441669273937,4346604.66032198,-463238.8677294356,0.0,-0.1593359022041057
13,2340,25.21141,46.66667,-6.25,43200,-0.003964957989779278,-0.04558903213926998,4358653.3150161095,-477350.1729464703,0.0,-0.008116404720394849
188,2385,25.21141,46.75,-6.1666565,64800,0.044227099187750606,-0.025713735401966115,4352639.653859386,-470285.21531356085,0.0,-0.24599927899941382
503,2466,25.21141,46.91667,-6.0833282,86400,-0.019266010944039312,-0.148616978573106,4339881.045145775,-462522.2992525033,0.0,0.19012170696999184
678,2511,25.21141,47.0,-6.0,43200,0.04226306704339275,0.020992545811293478,4333815.840058059,-455502.3996515776,0.0,0.3311703193813509
293,2412,25.21141,46.833336,-6.25,64800,0.07543807629838908,0.11969410935397158,4345238.723142079,-475881.0361998027,0.0,0.09319789306680527
153,2376,25.21141,46.75,-6.25,64800,-0.08938363797879954,-0.11237478767093415,4351950.96357759,-476616.1460837916,0.0,-0.06009334927594418
258,2403,25.21141,46.75,-6.0,64800,0.028129582771335752,-0.12026678059181689,4353989.159796485,-457622.70099545474,0.0,0.2906896645618414
328,2421,25.21141,46.833336,-6.1666565,43200,0.03583379384620733,-0.16646066696300305,4345926.351221016,-469559.8699535443,0.0,0.293758772179942
643,2502,25.21141,47.0,-6.0833282,64800,0.16034231762515586,0.06160563982194721,4333148.796028124,-461804.81061430223,0.0,-0.05265467031987605
679,2691,29.44473,47.0,-6.0,21600,0.07107737045427712,-0.027894421492066585,4333815.840058059,-455502.3996515776,0.0,-0.003638436353087472
469,2637,29.44473,46.91667,-6.1666565,21600,-0.0005327034513292177,0.07021535526903225,4339203.78529813,-468833.52373287774,0.0,0.014880501592783757
154,2556,29.44473,46.75,-6.25,21600,-0.19171889368440068,-0.3165023559259709,4351950.96357759,-476616.1460837916,0.0,0.011014356959998332
539,2655,29.44473,46.91667,-6.0,43200,-0.027114445078474745,-0.2008401084382797,4340549.125536747,-456210.0964726406,0.0,0.22448412201214774
84,2538,29.44473,46.66667,-6.0833282,64800,-0.09590541571077559,-0.09797184647254917,4360023.469108121,-464668.9756583009,0.0,0.00905980608038587
259,2583,29.44473,46.75,-6.0,64800,0.02666533622571656,-0.12212576949248233,4353989.159796485,-457622.70099545474,0.0,0.2802915434350827
14,2520,29.44473,46.66667,-6.25,43200,-0.0028703311859736604,-0.04698113378833766,4358653.3150161095,-477350.1729464703,0.0,-0.009127605243315679
189,2565,29.44473,46.75,-6.1666565,64800,0.04323462129749353,-0.028501720732281313,4352639.653859386,-470285.21531356085,0.0,-0.23348773293319638
574,2664,29.44473,47.0,-6.25,64800,0.07732449117346067,-0.13630794221042686,4331787.087405169,-474407.8424903363,0.0,0.07050402957456703
49,2529,29.44473,46.66667,-6.1666565,86400,-0.08122167857447267,-0.3956338148094106,4359343.065935845,-471009.49203812674,0.0,0.014073879552183307
469,2637,29.44473,46.91667,-6.1666565,43200,0.05868104579400034,0.14002189140700907,4339203.78529813,-468833.52373287774,0.0,0.025300585859909096
294,2592,29.44473,46.833336,-6.25,21600,0.011268277282587776,0.0329285408830218,4345238.723142079,-475881.0361998027,0.0,-0.05476324817737053
49,2529,29.44473,46.66667,-6.1666565,64800,0.09245113313854467,-0.1539678854327175,4359343.065935845,-471009.49203812674,0.0,0.03017860722105667
399,2619,29.44473,46.833336,-6.0,64800,-0.02733999667324723,-0.15654232035588983,4347273.775744883,-456916.88569019584,0.0,-0.01045387874193046
644,2682,29.44473,47.0,-6.0833282,21600,-0.04532168608355523,-0.1930686906565668,4333148.796028124,-461804.81061430223,0.0,0.1534244362640486
574,2664,29.44473,47.0,-6.25,43200,-0.040080548615864395,-0.11788019606688188,4331787.087405169,-474407.8424903363,0.0,-0.11404957203277258
364,2610,29.44473,46.833336,-6.0833282,64800,0.0995982218913806,0.11070718592383863,4346604.66032198,-463238.8677294356,0.0,-0.22532424742175478
434,2628,29.44473,46.91667,-6.25,64800,0.13836564136055882,-0.015487247448995864,4338517.220887722,-475144.9119816816,0.0,-0.17342324683754493
119,2547,29.44473,46.66667,-6.0,43200,0.18742744287679358,0.11850616345198467,4360694.650219674,-458327.4764384654,0.0,-0.14240323142229735
679,2691,29.44473,47.0,-6.0,43200,0.040653443744340365,0.017193071396040024,4333815.840058059,-455502.3996515776,0.0,0.31695966852655305
399,2619,29.44473,46.833336,-6.0,21600,0.008846589199604885,-0.15032831860137175,4347273.775744883,-456916.88569019584,0.0,-0.05014227003396526
84,2538,29.44473,46.66667,-6.0833282,21600,-0.06594111215724054,-0.3652950843140431,4360023.469108121,-464668.9756583009,0.0,-0.07524850927089259
504,2646,29.44473,46.91667,-6.0833282,43200,0.013151580064466015,-0.09900568419572867,4339881.045145775,-462522.2992525033,0.0,0.06767824591811757
679,2691,29.44473,47.0,-6.0,64800,-0.028084863126701932,-0.21726004976736102,4333815.840058059,-455502.3996515776,0.0,0.022889045834455193
539,2655,29.44473,46.91667,-6.0,64800,-0.015661538570482678,-0.03436874439609784,4340549.125536747,-456210.0964726406,0.0,0.05093798044649791
399,2619,29.44473,46.833336,-6.0,86400,0.12223128867574624,0.019884865737252122,4347273.775744883,-456916.88569019584,0.0,-0.008620486855466573
609,2673,29.44473,47.0,-6.1666565,21600,0.12991914892086273,0.050875573490877124,4332472.586781167,-468106.2447951276,0.0,0.35013392489305717
189,2565,29.44473,46.75,-6.1666565,21600,-0.11000602694091773,-0.22764223469346795,4352639.653859386,-470285.21531356085,0.0,-0.17520756327996218
154,2556,29.44473,46.75,-6.25,43200,-0.0385620164602289,0.08284946592263981,4351950.96357759,-476616.1460837916,0.0,-0.06055595977339326
329,2601,29.44473,46.833336,-6.1666565,64800,-0.0038621023738756657,-0.24555271806853501,4345926.351221016,-469559.8699535443,0.0,0.2471662296434266
259,2583,29.44473,46.75,-6.0,86400,0.03993275990782,-0.13824687546258585,4353989.159796485,-457622.70099545474,0.0,0.2430424539801927
329,2601,29.44473,46.833336,-6.1666565,43200,0.036193550519507026,-0.15998981488654251,4345926.351221016,-469559.8699535443,0.0,0.28912253371509544
609,2673,29.44473,47.0,-6.1666565,86400,-0.012389802643692004,-0.19905545811164038,4332472.586781167,-468106.2447951276,0.0,0.017748307015432823
14,2520,29.44473,46.66667,-6.25,21600,0.07839915382511362,0.06670514718830048,4358653.3150161095,-477350.1729464703,0.0,-0.005412640828998685
644,2682,29.44473,47.0,-6.0833282,86400,-0.09485896574449487,-0.09136855356484994,4333148.796028124,-461804.81061430223,0.0,-0.36575411401872115
329,2601,29.44473,46.833336,-6.1666565,86400,0.05927378530064935,-0.024906924518535198,4345926.351221016,-469559.8699535443,0.0,0.10169256636680041
504,2646,29.44473,46.91667,-6.0833282,21600,-0.053578314469784075,-0.13774459986109447,4339881.045145775,-462522.2992525033,0.0,0.2720916305586033
364,2610,29.44473,46.833336,-6.0833282,21600,0.031668502071678206,0.00010810747150133415,4346604.66032198,-463238.8677294356,0.0,0.0358503642354763
49,2529,29.44473,46.66667,-6.1666565,43200,0.02904425892124718,-0.11339812442466304,4359343.065935845,-471009.49203812674,0.0,0.01932560652573482
294,2592,29.44473,46.833336,-6.25,64800,0.07521084578581981,0.11652601777795474,4345238.723142079,-475881.0361998027,0.0,0.09297033875155797
294,2592,29.44473,46.833336,-6.25,43200,0.09388011284664893,-0.134180143053991,4345238.723142079,-475881.0361998027,0.0,-0.20265702391665888
434,2628,29.44473,46.91667,-6.25,43200,-0.009854949317807709,-0.1389441799588647,4338517.220887722,-475144.9119816816,0.0,0.06737027525707705
224,2574,29.44473,46.75,-6.0833282,21600,-0.152650189670487,-0.330197623991635,4353319.010767862,-463954.4488188505,0.0,-0.08024759531126051
679,2691,29.44473,47.0,-6.0,86400,0.07523248140740578,-0.09088115942444605,4333815.840058059,-455502.3996515776,0.0,-0.2760062239639296
119,2547,29.44473,46.66667,-6.0,21600,0.058495268686830984,-0.06733302093349425,4360694.650219674,-458327.4764384654,0.0,-0.07616786734545597
469,2637,29.44473,46.91667,-6.1666565,86400,-0.06654196704359706,-0.14295506664121416,4339203.78529813,-468833.52373287774,0.0,0.07924754504738078
434,2628,29.44473,46.91667,-6.25,86400,-0.05995220365255362,-0.2529108036360236,4338517.220887722,-475144.9119816816,0.0,-0.1306524376700324
469,2637,29.44473,46.91667,-6.1666565,64800,0.11822340273783913,0.010226427240748306,4339203.78529813,-468833.52373287774,0.0,-0.08821239752514604
224,2574,29.44473,46.75,-6.0833282,64800,-0.07158717604086597,-0.1525622973752866,4353319.010767862,-463954.4488188505,0.0,0.04190075016154831
609,2673,29.44473,47.0,-6.1666565,43200,-0.06767902342855395,-0.3863340450075563,4332472.586781167,-468106.2447951276,0.0,0.1308204258618558
154,2556,29.44473,46.75,-6.25,86400,0.015187148940262452,-0.1470679569989312,4351950.96357759,-476616.1460837916,0.0,-0.08251090159432439
434,2628,29.44473,46.91667,-6.25,21600,0.046962245418184875,-0.09483652119702153,4338517.220887722,-475144.9119816816,0.0,0.1380494247649062
574,2664,29.44473,47.0,-6.25,86400,0.06405141971560906,0.08733947467881556,4331787.087405169,-474407.8424903363,0.0,-0.12184336120242117
294,2592,29.44473,46.833336,-6.25,86400,0.24385041417547867,0.09165693011520754,4345238.723142079,-475881.0361998027,0.0,-0.0992970687125509
574,2664,29.44473,47.0,-6.25,21600,-0.15694839656649945,-0.29635417866279595,4331787.087405169,-474407.8424903363,0.0,-0.0015352592398584623
329,2601,29.44473,46.833336,-6.1666565,21600,0.11859597150983126,-0.13648789405799733,4345926.351221016,-469559.8699535443,0.0,-0.0513590087120069
644,2682,29.44473,47.0,-6.0833282,64800,0.15728766084748155,0.0607662152801314,4333148.796028124,-461804.81061430223,0.0,-0.047921078267543805
14,2520,29.44473,46.66667,-6.25,86400,0.027581968337027328,-0.08514082882141387,4358653.3150161095,-477350.1729464703,0.0,0.1582623851521715
189,2565,29.44473,46.75,-6.1666565,86400,-0.14014076494283687,-0.22998324503665643,4352639.653859386,-470285.21531356085,0.0,0.4430156628284688
14,2520,29.44473,46.66667,-6.25,64800,0.03645953920255904,-0.11587189599237283,4358653.3150161095,-477350.1729464703,0.0,0.13524688590524325
189,2565,29.44473,46.75,-6.1666565,43200,-0.005021206333471464,-0.014398243137996453,4352639.653859386,-470285.21531356085,0.0,0.1259362562308324
224,2574,29.44473,46.75,-6.0833282,86400,-0.054482157826779384,-0.15058091068969193,4353319.010767862,-463954.4488188505,0.0,-0.17090675093062985
399,2619,29.44473,46.833336,-6.0,43200,0.049488167945549236,-0.1379335343031199,4347273.775744883,-456916.88569019584,0.0,0.07804411677760832
154,2556,29.44473,46.75,-6.25,64800,-0.08460184700022393,-0.10468688609488667,4351950.96357759,-476616.1460837916,0.0,-0.05909206545144185
119,2547,29.44473,46.66667,-6.0,86400,0.04183629400376403,0.027100353368993607,4360694.650219674,-458327.4764384654,0.0,0.05831009856572889
644,2682,29.44473,47.0,-6.0833282,43200,0.05078979960899495,-0.0659932256684159,4333148.796028124,-461804.81061430223,0.0,0.04573996255951583
364,2610,29.44473,46.833336,-6.0833282,86400,0.03814561592296626,-0.09371727994346754,4346604.66032198,-463238.8677294356,0.0,-0.2330050275995451
259,2583,29.44473,46.75,-6.0,21600,-0.06708470840785002,-0.17528516648700454,4353989.159796485,-457622.70099545474,0.0,-0.1443736476652679
49,2529,29.44473,46.66667,-6.1666565,21600,0.03356065816000724,-0.09290045411865464,4359343.065935845,-471009.49203812674,0.0,0.07139099101957587
259,2583,29.44473,46.75,-6.0,43200,0.056424640067827984,0.08681253564290772,4353989.159796485,-457622.70099545474,0.0,0.36618588097048876
539,2655,29.44473,46.91667,-6.0,21600,0.166711846777222,0.16286244474950987,4340549.125536747,-456210.0964726406,0.0,-0.09147198018543087
224,2574,29.44473,46.75,-6.0833282,43200,-0.07385578891104891,-0.19664781241313908,4353319.010767862,-463954.4488188505,0.0,0.1281382418333916
504,2646,29.44473,46.91667,-6.0833282,86400,-0.016020422751616664,-0.14536498337167553,4339881.045145775,-462522.2992525033,0.0,0.1883020386683647
119,2547,29.44473,46.66667,-6.0,64800,-0.11158418282663904,-0.20996889521203355,4360694.650219674,-458327.4764384654,0.0,-0.09434414467708953
364,2610,29.44473,46.833336,-6.0833282,43200,-0.0819896814580248,-0.11148376456332268,4346604.66032198,-463238.8677294356,0.0,-0.1533076699568551
609,2673,29.44473,47.0,-6.1666565,64800,-0.055333021457381906,-0.16447155647312614,4332472.586781167,-468106.2447951276,0.0,-0.1985532283837904
539,2655,29.44473,46.91667,-6.0,86400,-0.02413798303811646,-0.08052937071535118,4340549.125536747,-456210.0964726406,0.0,-0.07856009994851927
84,2538,29.44473,46.66667,-6.0833282,43200,-0.010743409041639552,-0.01715336734208453,4360023.469108121,-464668.9756583009,0.0,-0.13329954645162045
504,2646,29.44473,46.91667,-6.0833282,64800,-0.058359794322306674,-0.18027915574225026,4339881.045145775,-462522.2992525033,0.0,-0.06278187647708067
84,2538,29.44473,46.66667,-6.0833282,86400,0.15035672409696452,-0.017179868527597023,4360023.469108121,-464668.9756583009,0.0,0.13732088975731965
540,2835,34.43415,46.91667,-6.0,64800,-0.012966049738236472,-0.03513600651551818,4340549.125536747,-456210.0964726406,0.0,0.048639351773499886
190,2745,34.43415,46.75,-6.1666565,86400,-0.13210044173256075,-0.22353263338725454,4352639.653859386,-470285.21531356085,0.0,0.42916356544801276
505,2826,34.43415,46.91667,-6.0833282,64800,-0.05623381270194535,-0.17883366151762886,4339881.045145775,-462522.2992525033,0.0,-0.05392099262108826
15,2700,34.43415,46.66667,-6.25,64800,0.03450809247142863,-0.11533728878108744,4358653.3150161095,-477350.1729464703,0.0,0.1303011691521343
645,2862,34.43415,47.0,-6.0833282,43200,0.049536605793667324,-0.06921411401222971,4333148.796028124,-461804.81061430223,0.0,0.049862853497973016
365,2790,34.43415,46.833336,-6.0833282,64800,0.09824856741531712,0.10360084076195462,4346604.66032198,-463238.8677294356,0.0,-0.21544688166745946
540,2835,34.43415,46.91667,-6.0,43200,-0.02730326411011455,-0.19799218842489413,4340549.125536747,-456210.0964726406,0.0,0.22018176732887015
50,2709,34.43415,46.66667,-6.1666565,86400,-0.07892291692195166,-0.38566629814083786,4359343.065935845,-471009.49203812674,0.0,0.011285020353584831
225,2754,34.43415,46.75,-6.0833282,86400,-0.05446510211446868,-0.15161522030726524,4353319.010767862,-463954.4488188505,0.0,-0.16116586235939878
470,2817,34.43415,46.91667,-6.1666565,64800,0.11404912706073003,0.00800908646465627,4339203.78529813,-468833.52373287774,0.0,-0.09452607007200374
575,2844,34.43415,47.0,-6.25,86400,0.060767111328117795,0.07982914613802959,4331787.087405169,-474407.8424903363,0.0,-0.11908370763136675
400,2799,34.43415,46.833336,-6.0,64800,-0.021977303285424875,-0.1469010460885955,4347273.775744883,-456916.88569019584,0.0,-0.01014033283582573
15,2700,34.43415,46.66667,-6.25,43200,-0.0025120034077896368,-0.050014412583197033,4358653.3150161095,-477350.1729464703,0.0,-0.008174826877102566
260,2763,34.43415,46.75,-6.0,21600,-0.0638511232906367,-0.17444764590843057,4353989.159796485,-457622.70099545474,0.0,-0.1417975536945278
400,2799,34.43415,46.833336,-6.0,21600,0.007757005755296472,-0.14911783603993933,4347273.775744883,-456916.88569019584,0.0,-0.045217615545911805
680,2871,34.43415,47.0,-6.0,43200,0.03896316688970228,0.01229805853999233,4333815.840058059,-455502.3996515776,0.0,0.3014863381595075
470,2817,34.43415,46.91667,-6.1666565,21600,-0.0009501308563668719,0.06224412610795098,4339203.78529813,-468833.52373287774,0.0,0.011477991893213116
400,2799,34.43415,46.833336,-6.0,86400,0.11794610374246278,0.01801511083721448,4347273.775744883,-456916.88569019584,0.0,-0.008124871180309825
120,2727,34.43415,46.66667,-6.0,43200,0.1796811652364916,0.10841271375130758,4360694.650219674,-458327.4764384654,0.0,-0.13199159692202966
365,2790,34.43415,46.833336,-6.0833282,21600,0.03011836718203306,-0.006664907215122001,4346604.66032198,-463238.8677294356,0.0,0.037699514284668896
540,2835,34.43415,46.91667,-6.0,86400,-0.021969495196697834,-0.07923241136509498,4340549.125536747,-456210.0964726406,0.0,-0.07590231248365006
260,2763,34.43415,46.75,-6.0,43200,0.0551142319020167,0.08203037833369918,4353989.159796485,-457622.70099545474,0.0,0.3498377739505297
575,2844,34.43415,47.0,-6.25,43200,-0.03853361796230527,-0.11764244321364543,4331787.087405169,-474407.8424903363,0.0,-0.10761232845714325
155,2736,34.43415,46.75,-6.25,21600,-0.1863136131170157,-0.31234107022331475,4351950.96357759,-476616.1460837916,0.0,0.007486715209033827
610,2853,34.43415,47.0,-6.1666565,43200,-0.06355243533803445,-0.37601037412264876,4332472.586781167,-468106.2447951276,0.0,0.1260928824682896
50,2709,34.43415,46.66667,-6.1666565,64800,0.08903972391201237,-0.15140563139885355,4359343.065935845,-471009.49203812674,0.0,0.021787912946284797
505,2826,34.43415,46.91667,-6.0833282,86400,-0.013089341198292165,-0.14213128619694881,4339881.045145775,-462522.2992525033,0.0,0.1851037373998561
225,2754,34.43415,46.75,-6.0833282,43200,-0.07352272356548116,-0.1970605073324499,4353319.010767862,-463954.4488188505,0.0,0.11846793939725853
680,2871,34.43415,47.0,-6.0,21600,0.07182665684094597,-0.025795139358433278,4333815.840058059,-455502.3996515776,0.0,0.0006240410804300435
435,2808,34.43415,46.91667,-6.25,64800,0.1324675989977453,-0.021642454608461217,4338517.220887722,-475144.9119816816,0.0,-0.1700629953909366
435,2808,34.43415,46.91667,-6.25,21600,0.042825929487386644,-0.10053264646317098,4338517.220887722,-475144.9119816816,0.0,0.13471794881322124
645,2862,34.43415,47.0,-6.0833282,86400,-0.08638961651946608,-0.08402417033000054,4333148.796028124,-461804.81061430223,0.0,-0.35319615168293367
85,2718,34.43415,46.66667,-6.0833282,86400,0.14667483929095576,-0.016918281702814786,4360023.469108121,-464668.9756583009,0.0,0.1358389989548253
120,2727,34.43415,46.66667,-6.0,21600,0.056231222483388174,-0.06841007991498066,4360694.650219674,-458327.4764384654,0.0,-0.07299575576581031
505,2826,34.43415,46.91667,-6.0833282,43200,0.0174736940623675,-0.09617282687473598,4339881.045145775,-462522.2992525033,0.0,0.05878509481919934
470,2817,34.43415,46.91667,-6.1666565,86400,-0.06305770297335209,-0.14403141966020713,4339203.78529813,-468833.52373287774,0.0,0.07785673768250445
645,2862,34.43415,47.0,-6.0833282,21600,-0.04265477581919991,-0.19020698037958494,4333148.796028124,-461804.81061430223,0.0,0.14752561646466927
225,2754,34.43415,46.75,-6.0833282,21600,-0.14496695682609526,-0.3210649591435166,4353319.010767862,-463954.4488188505,0.0,-0.07553473560226859
575,2844,34.43415,47.0,-6.25,64800,0.07512697877970126,-0.13440455324952313,4331787.087405169,-474407.8424903363,0.0,0.06230582349271339
295,2772,34.43415,46.833336,-6.25,64800,0.07337314651931334,0.1111364037626751,4345238.723142079,-475881.0361998027,0.0,0.09183052305221903
435,2808,34.43415,46.91667,-6.25,43200,-0.008829039362275762,-0.1366551139916516,4338517.220887722,-475144.9119816816,0.0,0.06567352178482347
190,2745,34.43415,46.75,-6.1666565,21600,-0.108205149539644,-0.23129290304112615,4352639.653859386,-470285.21531356085,0.0,-0.1721635537861815
295,2772,34.43415,46.833336,-6.25,21600,0.011687299919502401,0.031608616519440094,4345238.723142079,-475881.0361998027,0.0,-0.05105155751563703
155,2736,34.43415,46.75,-6.25,64800,-0.07913782616164483,-0.09609485628760998,4351950.96357759,-476616.1460837916,0.0,-0.05686185743956558
435,2808,34.43415,46.91667,-6.25,86400,-0.05596887093624659,-0.244892355662491,4338517.220887722,-475144.9119816816,0.0,-0.12228726635603693
365,2790,34.43415,46.833336,-6.0833282,43200,-0.0772865790482172,-0.11145224616759541,4346604.66032198,-463238.8677294356,0.0,-0.14648512193133612
680,2871,34.43415,47.0,-6.0,86400,0.06786811087422098,-0.09699970455667728,4333815.840058059,-455502.3996515776,0.0,-0.26713344592781324
50,2709,34.43415,46.66667,-6.1666565,21600,0.03130349441999496,-0.09493987910565646,4359343.065935845,-471009.49203812674,0.0,0.06698229565709324
330,2781,34.43415,46.833336,-6.1666565,64800,-0.001368221836010642,-0.23816381587869717,4345926.351221016,-469559.8699535443,0.0,0.23948434777539918
120,2727,34.43415,46.66667,-6.0,86400,0.03989423253075556,0.01950519952920797,4360694.650219674,-458327.4764384654,0.0,0.05537891575740028
85,2718,34.43415,46.66667,-6.0833282,43200,-0.007344899743887613,-0.01948013525978412,4360023.469108121,-464668.9756583009,0.0,-0.12813987937191695
120,2727,34.43415,46.66667,-6.0,64800,-0.10986824206726525,-0.20867598329547138,4360694.650219674,-458327.4764384654,0.0,-0.09614211772979697
645,2862,34.43415,47.0,-6.0833282,64800,0.15285894577189468,0.058044388710199304,4333148.796028124,-461804.81061430223,0.0,-0.043698830514297765
470,2817,34.43415,46.91667,-6.1666565,43200,0.05312860435275579,0.12665063073354949,4339203.78529813,-468833.52373287774,0.0,0.021859785597425792
540,2835,34.43415,46.91667,-6.0,21600,0.16362331795027435,0.15235631562607505,4340549.125536747,-456210.0964726406,0.0,-0.086464495270269
190,2745,34.43415,46.75,-6.1666565,43200,-0.005616105061127207,-0.015127632900130542,4352639.653859386,-470285.21531356085,0.0,0.12006305104443724
330,2781,34.43415,46.833336,-6.1666565,21600,0.1137779482737041,-0.13847350628175648,4345926.351221016,-469559.8699535443,0.0,-0.053098302241269164
295,2772,34.43415,46.833336,-6.25,86400,0.23467011984017816,0.07959866933056121,4345238.723142079,-475881.0361998027,0.0,-0.09803106668205981
15,2700,34.43415,46.66667,-6.25,86400,0.029063882700518694,-0.08335159504926118,4358653.3150161095,-477350.1729464703,0.0,0.15574173421121987
400,2799,34.43415,46.833336,-6.0,43200,0.04659692709836808,-0.14062793641554122,4347273.775744883,-456916.88569019584,0.0,0.07785763605778344
610,2853,34.43415,47.0,-6.1666565,64800,-0.05213645585192464,-0.16122935849769846,4332472.586781167,-468106.2447951276,0.0,-0.18735936968852704
50,2709,34.43415,46.66667,-6.1666565,43200,0.025925945433050147,-0.11389922662939359,4359343.065935845,-471009.49203812674,0.0,0.017910095024273504
575,2844,34.43415,47.0,-6.25,21600,-0.1504737787073079,-0.28842588311589423,4331787.087405169,-474407.8424903363,0.0,0.001070026112965726
260,2763,34.43415,46.75,-6.0,64800,0.02552670996506175,-0.12320609039632113,4353989.159796485,-457622.70099545474,0.0,0.26873244549575426
85,2718,34.43415,46.66667,-6.0833282,21600,-0.06376213262002153,-0.3603316235109476,4360023.469108121,-464668.9756583009,0.0,-0.06770928925144144
330,2781,34.43415,46.833336,-6.1666565,43200,0.03575010214684772,-0.15297346944979526,4345926.351221016,-469559.8699535443,0.0,0.28459814311642156
505,2826,34.43415,46.91667,-6.0833282,21600,-0.05307425760313973,-0.13878247919214243,4339881.045145775,-462522.2992525033,0.0,0.2639450519687463
225,2754,34.43415,46.75,-6.0833282,64800,-0.06652584075950407,-0.14592575349300582,4353319.010767862,-463954.4488188505,0.0,0.03835010177860353
330,2781,34.43415,46.833336,-6.1666565,86400,0.05782653719005847,-0.025409486967524125,4345926.351221016,-469559.8699535443,0.0,0.1020487519816276
610,2853,34.43415,47.0,-6.1666565,86400,-0.01163826007238148,-0.1979328745202417,4332472.586781167,-468106.2447951276,0.0,0.01032338787663049
155,2736,34.43415,46.75,-6.25,86400,0.01861350938574384,-0.14220199114029453,4351950.96357759,-476616.1460837916,0.0,-0.07231802141205262
260,2763,34.43415,46.75,-6.0,86400,0.037145329255439875,-0.1368674321406368,4353989.159796485,-457622.70099545474,0.0,0.23852218843512776
190,2745,34.43415,46.75,-6.1666565,64800,0.04227500874427514,-0.03135859014508684,4352639.653859386,-470285.21531356085,0.0,-0.22018130367463054
295,2772,34.43415,46.833336,-6.25,43200,0.09182619473684933,-0.12994375013906392,4345238.723142079,-475881.0361998027,0.0,-0.19368539989678238
85,2718,34.43415,46.66667,-6.0833282,64800,-0.09109966589798005,-0.09799707190770635,4360023.469108121,-464668.9756583009,0.0,0.010971515187657647
680,2871,34.43415,47.0,-6.0,64800,-0.029545133332074862,-0.21942272498438026,4333815.840058059,-455502.3996515776,0.0,0.01913801275070402
155,2736,34.43415,46.75,-6.25,43200,-0.03694315961381229,0.07477711084016762,4351950.96357759,-476616.1460837916,0.0,-0.05456199887512139
365,2790,34.43415,46.833336,-6.0833282,86400,0.03453030376424526,-0.09624298983661625,4346604.66032198,-463238.8677294356,0.0,-0.23252242917069366
15,2700,34.43415,46.66667,-6.25,21600,0.07474632172382664,0.058799438798254264,4358653.3150161095,-477350.1729464703,0.0,-0.007001027420621559
610,2853,34.43415,47.0,-6.1666565,21600,0.1255610213901835,0.04714222978671552,4332472.586781167,-468106.2447951276,0.0,0.33739437538927786
401,2979,40.34405,46.833336,-6.0,43200,0.04355191727752602,-0.14314105559241105,4347273.775744883,-456916.88569019584,0.0,0.07815233310911218
226,2934,40.34405,46.75,-6.0833282,64800,-0.06101433739710079,-0.13879081748421537,4353319.010767862,-463954.4488188505,0.0,0.03461495258174047
16,2880,40.34405,46.66667,-6.25,64800,0.032266971586378694,-0.11470720851871141,4358653.3150161095,-477350.1729464703,0.0,0.1247564248961193
191,2925,40.34405,46.75,-6.1666565,86400,-0.12312145292814572,-0.21624634354922906,4352639.653859386,-470285.21531356085,0.0,0.41305766991822623
436,2988,40.34405,46.91667,-6.25,21600,0.03852384968423815,-0.10620400884914895,4338517.220887722,-475144.9119816816,0.0,0.13101477484324417
296,2952,40.34405,46.833336,-6.25,64800,0.0706871470634363,0.10422053010698151,4345238.723142079,-475881.0361998027,0.0,0.09009196381734084
471,2997,40.34405,46.91667,-6.1666565,64800,0.1093656849497705,0.00562930348670429,4339203.78529813,-468833.52373287774,0.0,-0.10095495642287382
156,2916,40.34405,46.75,-6.25,64800,-0.07314204674220037,-0.08689769016926309,4351950.96357759,-476616.1460837916,0.0,-0.05403551368609816
226,2934,40.34405,46.75,-6.0833282,86400,-0.05412810074866768,-0.15239209303211798,4353319.010767862,-463954.4488188505,0.0,-0.15053230268296108
611,3033,40.34405,47.0,-6.1666565,86400,-0.010539040364344254,-0.1960016178003203,4332472.586781167,-468106.2447951276,0.0,0.0016873182606985896
366,2970,40.34405,46.833336,-6.0833282,43200,-0.07168545594033868,-0.11097210298112786,4346604.66032198,-463238.8677294356,0.0,-0.13869370891001376
646,3042,40.34405,47.0,-6.0833282,64800,0.14749002721929672,0.05409909079617703,4333148.796028124,-461804.81061430223,0.0,-0.03952153428147636
366,2970,40.34405,46.833336,-6.0833282,86400,0.030812064228652156,-0.09862589219362525,4346604.66032198,-463238.8677294356,0.0,-0.23114221377511832
156,2916,40.34405,46.75,-6.25,21600,-0.18017631259332476,-0.30719631727587526,4351950.96357759,-476616.1460837916,0.0,0.003971031351490043
681,3051,40.34405,47.0,-6.0,43200,0.03711549749966849,0.006522327581962917,4333815.840058059,-455502.3996515776,0.0,0.28446157625038554
331,2961,40.34405,46.833336,-6.1666565,43200,0.034846442748342796,-0.14549866073235437,4345926.351221016,-469559.8699535443,0.0,0.27963800717928666
191,2925,40.34405,46.75,-6.1666565,64800,0.041286548383544126,-0.03445196732628489,4352639.653859386,-470285.21531356085,0.0,-0.20592905329760178
681,3051,40.34405,47.0,-6.0,64800,-0.03097876190682935,-0.22175064236554043,4333815.840058059,-455502.3996515776,0.0,0.015526258587837623
401,2979,40.34405,46.833336,-6.0,21600,0.006289640074029983,-0.14799597827428895,4347273.775744883,-456916.88569019584,0.0,-0.04017985091275428
611,3033,40.34405,47.0,-6.1666565,21600,0.12064808423413664,0.04278059292301059,4332472.586781167,-468106.2447951276,0.0,0.3231050642663795
16,2880,40.34405,46.66667,-6.25,21600,0.07057933721199153,0.049897221266685915,4358653.3150161095,-477350.1729464703,0.0,-0.008824675317658159
436,2988,40.34405,46.91667,-6.25,64800,0.12606042604899667,-0.02856613323034561,4338517.220887722,-475144.9119816816,0.0,-0.16589971662637457
261,2943,40.34405,46.75,-6.0,64800,0.024370226538519835,-0.12402122454458242,4353989.159796485,-457622.70099545474,0.0,0.25568512979924424
401,2979,40.34405,46.833336,-6.0,86400,0.11289880886552656,0.015340285180665866,4347273.775744883,-456916.88569019584,0.0,-0.00742909612785614
681,3051,40.34405,47.0,-6.0,86400,0.060044005888051616,-0.1034338868948097,4333815.840058059,-455502.3996515776,0.0,-0.2578267890127892
576,3024,40.34405,47.0,-6.25,86400,0.05713198364010448,0.0710492861797967,4331787.087405169,-474407.8424903363,0.0,-0.11573017978290134
16,2880,40.34405,46.66667,-6.25,43200,-0.002466028905588561,-0.0539870695714647,4358653.3150161095,-477350.1729464703,0.0,-0.0062640250913076805
401,2979,40.34405,46.833336,-6.0,64800,-0.016432367656893213,-0.1366966993791417,4347273.775744883,-456916.88569019584,0.0,-0.010194688422989791
296,2952,40.34405,46.833336,-6.25,21600,0.012209167536454776,0.030136488202050032,4345238.723142079,-475881.0361998027,0.0,-0.046229286894289005
436,2988,40.34405,46.91667,-6.25,86400,-0.05129969499443229,-0.2363392463361923,4338517.220887722,-475144.9119816816,0.0,-0.11375708097341156
646,3042,40.34405,47.0,-6.0833282,86400,-0.0771356299937246,-0.07614835710145235,4333148.796028124,-461804.81061430223,0.0,-0.3385168125170312
121,2907,40.34405,46.66667,-6.0,86400,0.03793549871158542,0.01149509826350556,4360694.650219674,-458327.4764384654,0.0,0.05217819583410893
646,3042,40.34405,47.0,-6.0833282,43200,0.04806997035577231,-0.07265763451571501,4333148.796028124,-461804.81061430223,0.0,0.05449702119955082
86,2898,40.34405,46.66667,-6.0833282,43200,-0.003764545433392724,-0.02231667168706271,4360023.469108121,-464668.9756583009,0.0,-0.12216452176314697
191,2925,40.34405,46.75,-6.1666565,43200,-0.006473426077334275,-0.01649538979716228,4352639.653859386,-470285.21531356085,0.0,0.11418877540890693
296,2952,40.34405,46.833336,-6.25,86400,0.22404516550192632,0.06558792401501976,4345238.723142079,-475881.0361998027,0.0,-0.09681458224218233
16,2880,40.34405,46.66667,-6.25,86400,0.030665992747185063,-0.08147573427348867,4358653.3150161095,-477350.1729464703,0.0,0.15267650008167996
611,3033,40.34405,47.0,-6.1666565,43200,-0.05879787770478243,-0.36412007453413575,4332472.586781167,-468106.2447951276,0.0,0.12116061241987328
576,3024,40.34405,47.0,-6.25,21600,-0.1432088280469895,-0.27971634225799424,4331787.087405169,-474407.8424903363,0.0,0.0041518453932047755
156,2916,40.34405,46.75,-6.25,43200,-0.0346682445652624,0.0662461490990876,4351950.96357759,-476616.1460837916,0.0,-0.04800068487255586
471,2997,40.34405,46.91667,-6.1666565,43200,0.047179933923812305,0.11225653298800964,4339203.78529813,-468833.52373287774,0.0,0.017547969664241655
121,2907,40.34405,46.66667,-6.0,43200,0.17060876917666887,0.09674619154742292,4360694.650219674,-458327.4764384654,0.0,-0.12062504868723557
51,2889,40.34405,46.66667,-6.1666565,64800,0.08510173581905323,-0.14877409483890952,4359343.065935845,-471009.49203812674,0.0,0.012945759981463684
541,3015,40.34405,46.91667,-6.0,64800,-0.010218299989138448,-0.03644076288392517,4340549.125536747,-456210.0964726406,0.0,0.04588432391017784
576,3024,40.34405,47.0,-6.25,43200,-0.03663289151894942,-0.1167882650488146,4331787.087405169,-474407.8424903363,0.0,-0.10036996851003381
261,2943,40.34405,46.75,-6.0,86400,0.03440180451706536,-0.13503307433462458,4353989.159796485,-457622.70099545474,0.0,0.23365580841653
331,2961,40.34405,46.833336,-6.1666565,64800,0.0012170401944775078,-0.23010940572601035,4345926.351221016,-469559.8699535443,0.0,0.23025372194289598
51,2889,40.34405,46.66667,-6.1666565,86400,-0.0763578779110256,-0.37451114535367463,4359343.065935845,-471009.49203812674,0.0,0.008091799101502527
226,2934,40.34405,46.75,-6.0833282,43200,-0.07302086457362811,-0.1970737338418742,4353319.010767862,-463954.4488188505,0.0,0.10803806557582966
681,3051,40.34405,47.0,-6.0,21600,0.07234753425411591,-0.02405324905294,4333815.840058059,-455502.3996515776,0.0,0.005489526332379966
541,3015,40.34405,46.91667,-6.0,86400,-0.019508372890000555,-0.07785452547045055,4340549.125536747,-456210.0964726406,0.0,-0.07265489334021802
86,2898,40.34405,46.66667,-6.0833282,64800,-0.08596561830857874,-0.09840922049455407,4360023.469108121,-464668.9756583009,0.0,0.013370398330894422
191,2925,40.34405,46.75,-6.1666565,21600,-0.10626903756597478,-0.23539426382232523,4352639.653859386,-470285.21531356085,0.0,-0.16856413978979778
576,3024,40.34405,47.0,-6.25,64800,0.07255186833987425,-0.1325669420365377,4331787.087405169,-474407.8424903363,0.0,0.05365150760223296
471,2997,40.34405,46.91667,-6.1666565,21600,-0.0010730951762806824,0.053453135274629276,4339203.78529813,-468833.52373287774,0.0,0.0074783864849945775
366,2970,40.34405,46.833336,-6.0833282,21600,0.0286149514440798,-0.013947598972330458,4346604.66032198,-463238.8677294356,0.0,0.039842862599045605
506,3006,40.34405,46.91667,-6.0833282,43200,0.02213144811966363,-0.09281123625572753,4339881.045145775,-462522.2992525033,0.0,0.049171183415787634
86,2898,40.34405,46.66667,-6.0833282,86400,0.1422900753977705,-0.016773902812828853,4360023.469108121,-464668.9756583009,0.0,0.13389370815295712
646,3042,40.34405,47.0,-6.0833282,21600,-0.03969278696996421,-0.1871071491623807,4333148.796028124,-461804.81061430223,0.0,0.14163070900531666
331,2961,40.34405,46.833336,-6.1666565,21600,0.10861803217365154,-0.14075256899796282,4345926.351221016,-469559.8699535443,0.0,-0.05510592940805812
541,3015,40.34405,46.91667,-6.0,21600,0.1599221499667256,0.14048733296077995,4340549.125536747,-456210.0964726406,0.0,-0.08103869810791468
506,3006,40.34405,46.91667,-6.0833282,86400,-0.01017409406723082,-0.13882497251235462,4339881.045145775,-462522.2992525033,0.0,0.1808950511266578
261,2943,40.34405,46.75,-6.0,21600,-0.06025066443190156,-0.17365913202994937,4353989.159796485,-457622.70099545474,0.0,-0.1388713165331568
471,2997,40.34405,46.91667,-6.1666565,86400,-0.059461146192685756,-0.1452781346907082,4339203.78529813,-468833.52373287774,0.0,0.07623637749523639
156,2916,40.34405,46.75,-6.25,86400,0.0223053271001194,-0.13671977008517147,4351950.96357759,-476616.1460837916,0.0,-0.061605532078008333
86,2898,40.34405,46.66667,-6.0833282,21600,-0.06146158788871376,-0.35490619570016935,4360023.469108121,-464668.9756583009,0.0,-0.059186708770627594
121,2907,40.34405,46.66667,-6.0,21600,0.0538122321208278,-0.06981984854193146,4360694.650219674,-458327.4764384654,0.0,-0.0692725607184613
331,2961,40.34405,46.833336,-6.1666565,86400,0.05601647618343713,-0.026599510485890362,4345926.351221016,-469559.8699535443,0.0,0.10243721129767264
541,3015,40.34405,46.91667,-6.0,43200,-0.027388179285066094,-0.194821574598125,4340549.125536747,-456210.0964726406,0.0,0.21522593374771534
226,2934,40.34405,46.75,-6.0833282,21600,-0.13643744527769536,-0.3105579450836159,4353319.010767862,-463954.4488188505,0.0,-0.07020797830612831
506,3006,40.34405,46.91667,-6.0833282,64800,-0.05353787183637656,-0.1767970848970974,4339881.045145775,-462522.2992525033,0.0,-0.04410331636834548
506,3006,40.34405,46.91667,-6.0833282,21600,-0.05194061230668149,-0.13908669910130814,4339881.045145775,-462522.2992525033,0.0,0.25497474996262876
51,2889,40.34405,46.66667,-6.1666565,43200,0.022660219421426833,-0.11405735728721302,4359343.065935845,-471009.49203812674,0.0,0.01627400619803149
296,2952,40.34405,46.833336,-6.25,43200,0.08957747643317446,-0.125230587477037,4345238.723142079,-475881.0361998027,0.0,-0.183423590138645
366,2970,40.34405,46.833336,-6.0833282,64800,0.09646436490244747,0.09551051923603077,4346604.66032198,-463238.8677294356,0.0,-0.20403136483967116
436,2988,40.34405,46.91667,-6.25,43200,-0.007830798593302789,-0.13417557253033033,4338517.220887722,-475144.9119816816,0.0,0.06377412871033762
121,2907,40.34405,46.66667,-6.0,64800,-0.10787275838603413,-0.20718320894792636,4360694.650219674,-458327.4764384654,0.0,-0.09703943734069305
261,2943,40.34405,46.75,-6.0,43200,0.05375977764583806,0.07674506890544719,4353989.159796485,-457622.70099545474,0.0,0.33214386106561283
51,2889,40.34405,46.66667,-6.1666565,21600,0.028781512035321533,-0.0971949346906479,4359343.065935845,-471009.49203812674,0.0,0.062293570217915845
611,3033,40.34405,47.0,-6.1666565,64800,-0.04894266361870729,-0.15762742597816792,4332472.586781167,-468106.2447951276,0.0,-0.1752181291514424
157,3096,47.37369,46.75,-6.25,21600,-0.17309308884980462,-0.3009251387645163,4351950.96357759,-476616.1460837916,0.0,0.00039087347560711296
192,3105,47.37369,46.75,-6.1666565,64800,0.040237100639817926,-0.03787919596251829,4352639.653859386,-470285.21531356085,0.0,-0.19066766018880235
87,3078,47.37369,46.66667,-6.0833282,64800,-0.08039012180327955,-0.09912774914360147,4360023.469108121,-464668.9756583009,0.0,0.01601962695332481
682,3231,47.37369,47.0,-6.0,21600,0.07268159786784423,-0.02254976079100264,4333815.840058059,-455502.3996515776,0.0,0.010961450825117427
192,3105,47.37369,46.75,-6.1666565,43200,-0.007330408910741545,-0.018325019072632995,4352639.653859386,-470285.21531356085,0.0,0.10795913338996335
367,3150,47.37369,46.833336,-6.0833282,64800,0.09413333570073103,0.08627181435781629,4346604.66032198,-463238.8677294356,0.0,-0.1911161474495739
647,3222,47.37369,47.0,-6.0833282,86400,-0.06718164913103201,-0.06798880673862334,4333148.796028124,-461804.81061430223,0.0,-0.3218265297504596
332,3141,47.37369,46.833336,-6.1666565,64800,0.0039860917993242324,-0.22130785812233017,4345926.351221016,-469559.8699535443,0.0,0.2195926690720943
262,3123,47.37369,46.75,-6.0,64800,0.02302996600000763,-0.12478249923987575,4353989.159796485,-457622.70099545474,0.0,0.24100958239038187
507,3186,47.37369,46.91667,-6.0833282,86400,-0.0071544963277461945,-0.1354619664985307,4339881.045145775,-462522.2992525033,0.0,0.1756888559124721
297,3132,47.37369,46.833336,-6.25,64800,0.06751234648702657,0.09608943123560555,4345238.723142079,-475881.0361998027,0.0,0.087836208104359
157,3096,47.37369,46.75,-6.25,86400,0.02623953814942328,-0.13065561406434972,4351950.96357759,-476616.1460837916,0.0,-0.0504158476287919
192,3105,47.37369,46.75,-6.1666565,86400,-0.11319212774359727,-0.20817665496460871,4352639.653859386,-470285.21531356085,0.0,0.3947529846499126
402,3159,47.37369,46.833336,-6.0,86400,0.10710306130092412,0.01182612544168482,4347273.775744883,-456916.88569019584,0.0,-0.006543981306343021
17,3060,47.37369,46.66667,-6.25,64800,0.02971101542066009,-0.11416922471801043,4358653.3150161095,-477350.1729464703,0.0,0.11859869908590648
122,3087,47.37369,46.66667,-6.0,64800,-0.1054629079468417,-0.20532438102427425,4360694.650219674,-458327.4764384654,0.0,-0.09722420317634446
157,3096,47.37369,46.75,-6.25,64800,-0.06667182688095616,-0.07727950699778195,4351950.96357759,-476616.1460837916,0.0,-0.05086560759322526
332,3141,47.37369,46.833336,-6.1666565,21600,0.10298101453995176,-0.14322616725568593,4345926.351221016,-469559.8699535443,0.0,-0.05727122549856434
52,3069,47.37369,46.66667,-6.1666565,64800,0.08076568729005665,-0.14596019790547343,4359343.065935845,-471009.49203812674,0.0,0.0037884695125973977
227,3114,47.37369,46.75,-6.0833282,43200,-0.07221266442939123,-0.19669430044836989,4353319.010767862,-463954.4488188505,0.0,0.09678783687436242
297,3132,47.37369,46.833336,-6.25,21600,0.012626666905786949,0.028126886984598795,4345238.723142079,-475881.0361998027,0.0,-0.04067999056312931
542,3195,47.37369,46.91667,-6.0,86400,-0.01691666252941122,-0.07667983903482709,4340549.125536747,-456210.0964726406,0.0,-0.06878079503436411
87,3078,47.37369,46.66667,-6.0833282,86400,0.1370458053476781,-0.0170876039782466,4360023.469108121,-464668.9756583009,0.0,0.13141301926362497
192,3105,47.37369,46.75,-6.1666565,21600,-0.1038701149464164,-0.2394141085110642,4352639.653859386,-470285.21531356085,0.0,-0.16434248793099326
402,3159,47.37369,46.833336,-6.0,64800,-0.01061282848390905,-0.12594057104187423,4347273.775744883,-456916.88569019584,0.0,-0.01040326882547334
367,3150,47.37369,46.833336,-6.0833282,21600,0.027033433164678617,-0.021839966212768236,4346604.66032198,-463238.8677294356,0.0,0.04228104335968961
157,3096,47.37369,46.75,-6.25,43200,-0.03194685898689763,0.0570113924870906,4351950.96357759,-476616.1460837916,0.0,-0.04100300065162093
227,3114,47.37369,46.75,-6.0833282,21600,-0.1271191228706913,-0.29871639071595835,4353319.010767862,-463954.4488188505,0.0,-0.06416907101093976
612,3213,47.37369,47.0,-6.1666565,21600,0.11505577818337244,0.037723004755017206,4332472.586781167,-468106.2447951276,0.0,0.3071561722118249
262,3123,47.37369,46.75,-6.0,86400,0.03155112068199944,-0.13294414885676217,4353989.159796485,-457622.70099545474,0.0,0.22817709147599105
472,3177,47.37369,46.91667,-6.1666565,43200,0.040863932338315256,0.09670691405980335,4339203.78529813,-468833.52373287774,0.0,0.012621643660888325
52,3069,47.37369,46.66667,-6.1666565,43200,0.01926700589947264,-0.11398652192545428,4359343.065935845,-471009.49203812674,0.0,0.01448317531281926
577,3204,47.37369,47.0,-6.25,64800,0.06960177434558293,-0.13067769997937453,4331787.087405169,-474407.8424903363,0.0,0.04479230245156927
507,3186,47.37369,46.91667,-6.0833282,21600,-0.0502372056491755,-0.138766815354539,4339881.045145775,-462522.2992525033,0.0,0.24485637118582393
507,3186,47.37369,46.91667,-6.0833282,43200,0.027001088149292748,-0.08904987260787801,4339881.045145775,-462522.2992525033,0.0,0.03890522328102008
332,3141,47.37369,46.833336,-6.1666565,86400,0.053901398588027144,-0.02824716684057392,4345926.351221016,-469559.8699535443,0.0,0.1024998526283198
87,3078,47.37369,46.66667,-6.0833282,21600,-0.05901573159199976,-0.3487455603872227,4360023.469108121,-464668.9756583009,0.0,-0.050042310366297596
542,3195,47.37369,46.91667,-6.0,43200,-0.02737809583752888,-0.19127889023002648,4340549.125536747,-456210.0964726406,0.0,0.20951274417919832
542,3195,47.37369,46.91667,-6.0,64800,-0.00721452221564451,-0.03813634469583527,4340549.125536747,-456210.0964726406,0.0,0.04321748431416271
472,3177,47.37369,46.91667,-6.1666565,86400,-0.05552048960199241,-0.14652124770634847,4339203.78529813,-468833.52373287774,0.0,0.07421318119198739
472,3177,47.37369,46.91667,-6.1666565,21600,-0.0008498019587884383,0.043883036527059535,4339203.78529813,-468833.52373287774,0.0,0.003153755806506843
262,3123,47.37369,46.75,-6.0,43200,0.052370544517007164,0.07086734074475018,4353989.159796485,-457622.70099545474,0.0,0.3125968543233254
577,3204,47.37369,47.0,-6.25,43200,-0.03434349907399023,-0.11547057026666972,4331787.087405169,-474407.8424903363,0.0,-0.09243872286449528
122,3087,47.37369,46.66667,-6.0,43200,0.16040221646699976,0.08365910056126814,4360694.650219674,-458327.4764384654,0.0,-0.10825330737700335
262,3123,47.37369,46.75,-6.0,21600,-0.056255148739214354,-0.17266569646013785,4353989.159796485,-457622.70099545474,0.0,-0.1355174115128967
507,3186,47.37369,46.91667,-6.0833282,64800,-0.0503933152587417,-0.17424679319020983,4339881.045145775,-462522.2992525033,0.0,-0.03370994166904946
612,3213,47.37369,47.0,-6.1666565,43200,-0.053540441331230745,-0.35065505008089703,4332472.586781167,-468106.2447951276,0.0,0.11567124909068723
647,3222,47.37369,47.0,-6.0833282,21600,-0.03642085916382409,-0.18367701550732207,4333148.796028124,-461804.81061430223,0.0,0.1354085192436967
122,3087,47.37369,46.66667,-6.0,21600,0.05114185267522435,-0.07146511314635129,4360694.650219674,-458327.4764384654,0.0,-0.06518305707033785
52,3069,47.37369,46.66667,-6.1666565,21600,0.026113062014896746,-0.09949609969104417,4359343.065935845,-471009.49203812674,0.0,0.05727587250880837
437,3168,47.37369,46.91667,-6.25,43200,-0.006772852287778755,-0.13145706667275955,4338517.220887722,-475144.9119816816,0.0,0.06154803615690367
332,3141,47.37369,46.833336,-6.1666565,43200,0.03362451475909681,-0.137678535249175,4345926.351221016,-469559.8699535443,0.0,0.2739336424353098
682,3231,47.37369,47.0,-6.0,64800,-0.03229053473001109,-0.2240027314044336,4333815.840058059,-455502.3996515776,0.0,0.011749088239846744
122,3087,47.37369,46.66667,-6.0,86400,0.03589877641764601,0.002935745146474794,4360694.650219674,-458327.4764384654,0.0,0.048675183764380736
17,3060,47.37369,46.66667,-6.25,21600,0.06596175288414449,0.039994816155209556,4358653.3150161095,-477350.1729464703,0.0,-0.011017284965578526
437,3168,47.37369,46.91667,-6.25,86400,-0.046160610147701606,-0.22728425439485628,4338517.220887722,-475144.9119816816,0.0,-0.105043708030817
367,3150,47.37369,46.833336,-6.0833282,43200,-0.0653475154364152,-0.11023422215711824,4346604.66032198,-463238.8677294356,0.0,-0.12986580444857396
647,3222,47.37369,47.0,-6.0833282,64800,0.1413328339037887,0.04915975273562072,4333148.796028124,-461804.81061430223,0.0,-0.03523048770854396
297,3132,47.37369,46.833336,-6.25,86400,0.21217287962505757,0.050122572747596975,4345238.723142079,-475881.0361998027,0.0,-0.09524843716991814
87,3078,47.37369,46.66667,-6.0833282,43200,-0.00011552206464952863,-0.025793225531519345,4360023.469108121,-464668.9756583009,0.0,-0.1156405296767682
227,3114,47.37369,46.75,-6.0833282,64800,-0.05507140255344515,-0.13127602407832606,4353319.010767862,-463954.4488188505,0.0,0.030954177729659492
577,3204,47.37369,47.0,-6.25,21600,-0.13510091787418013,-0.270210975389838,4331787.087405169,-474407.8424903363,0.0,0.007627820644808767
402,3159,47.37369,46.833336,-6.0,43200,0.04025268276185248,-0.14555901885610464,4347273.775744883,-456916.88569019584,0.0,0.07869080483883452
612,3213,47.37369,47.0,-6.1666565,86400,-0.009227482848062652,-0.19355757635415094,4332472.586781167,-468106.2447951276,0.0,-0.00787799579729143
17,3060,47.37369,46.66667,-6.25,86400,0.03219195955641306,-0.07980965213300806,4358653.3150161095,-477350.1729464703,0.0,0.1490149107361604
682,3231,47.37369,47.0,-6.0,86400,0.05168086944454919,-0.11026176608720012,4333815.840058059,-455502.3996515776,0.0,-0.2475591029134995
612,3213,47.37369,47.0,-6.1666565,64800,-0.045526807908609704,-0.1534647712623172,4332472.586781167,-468106.2447951276,0.0,-0.16209383703223398
297,3132,47.37369,46.833336,-6.25,43200,0.08703276299678449,-0.12018522609603498,4345238.723142079,-475881.0361998027,0.0,-0.17210981227084507
542,3195,47.37369,46.91667,-6.0,21600,0.15563839972480611,0.12731845775816447,4340549.125536747,-456210.0964726406,0.0,-0.07514536854622081
52,3069,47.37369,46.66667,-6.1666565,86400,-0.0734459322009152,-0.36192270848117525,4359343.065935845,-471009.49203812674,0.0,0.004429884829006196
17,3060,47.37369,46.66667,-6.25,43200,-0.0025232067708543734,-0.05854168139330498,4358653.3150161095,-477350.1729464703,0.0,-0.003908753439459058
227,3114,47.37369,46.75,-6.0833282,86400,-0.05345176814690408,-0.15290230703882274,4353319.010767862,-463954.4488188505,0.0,-0.139029713812177
647,3222,47.37369,47.0,-6.0833282,43200,0.04640978813795647,-0.07626048709420524,4333148.796028124,-461804.81061430223,0.0,0.05930251063513285
472,3177,47.37369,46.91667,-6.1666565,64800,0.10405142779288572,0.002789228456182777,4339203.78529813,-468833.52373287774,0.0,-0.10743788050782624
577,3204,47.37369,47.0,-6.25,86400,0.05337620113304049,0.061423021816546644,4331787.087405169,-474407.8424903363,0.0,-0.1117775328701786
437,3168,47.37369,46.91667,-6.25,64800,0.11900285900731085,-0.03619669742304758,4338517.220887722,-475144.9119816816,0.0,-0.16107154144336486
402,3159,47.37369,46.833336,-6.0,21600,0.0045366548174994815,-0.14693342206683163,4347273.775744883,-456916.88569019584,0.0,-0.03495480000748204
437,3168,47.37369,46.91667,-6.25,21600,0.03403300399376981,-0.11188482194543921,4338517.220887722,-475144.9119816816,0.0,0.12687336521276518
367,3150,47.37369,46.833336,-6.0833282,86400,0.02689161574736061,-0.10107315269102612,4346604.66032198,-463238.8677294356,0.0,-0.229104854888282
682,3231,47.37369,47.0,-6.0,43200,0.035062851664539,-6.598827757396675e-05,4333815.840058059,-455502.3996515776,0.0,0.265692726211381
613,3393,55.76429,47.0,-6.1666565,64800,-0.04178179226485773,-0.14861606581624398,4332472.586781167,-468106.2447951276,0.0,-0.14803933975923916
158,3276,55.76429,46.75,-6.25,86400,0.030361459048562738,-0.12407183956877532,4351950.96357759,-476616.1460837916,0.0,-0.038930013615725755
298,3312,55.76429,46.833336,-6.25,43200,0.08410791597701506,-0.11494048306665133,4345238.723142079,-475881.0361998027,0.0,-0.15989276301737454
333,3321,55.76429,46.833336,-6.1666565,86400,0.051484332158861744,-0.030295365817593192,4345926.351221016,-469559.8699535443,0.0,0.10197649631361
578,3384,55.76429,47.0,-6.25,86400,0.049698869768308895,0.0512034876327825,4331787.087405169,-474407.8424903363,0.0,-0.10720227982907106
438,3348,55.76429,46.91667,-6.25,43200,-0.0056209813887310965,-0.12848549004723134,4338517.220887722,-475144.9119816816,0.0,0.058906317379312984
123,3267,55.76429,46.66667,-6.0,64800,-0.1025130771293375,-0.2029542337667566,4360694.650219674,-458327.4764384654,0.0,-0.09662052583922398
53,3249,55.76429,46.66667,-6.1666565,43200,0.01580074126180371,-0.1137122334929973,4359343.065935845,-471009.49203812674,0.0,0.012588404202340192
543,3375,55.76429,46.91667,-6.0,21600,0.15073045838969423,0.11288733698085485,4340549.125536747,-456210.0964726406,0.0,-0.06881162022037536
158,3276,55.76429,46.75,-6.25,43200,-0.02884927686348515,0.04699362474135513,4351950.96357759,-476616.1460837916,0.0,-0.033688572024615254
53,3249,55.76429,46.66667,-6.1666565,86400,-0.07014488147634075,-0.34777599602743575,4359343.065935845,-471009.49203812674,0.0,0.0003036881130535245
368,3330,55.76429,46.833336,-6.0833282,86400,0.022776943544012912,-0.10363422728810781,4346604.66032198,-463238.8677294356,0.0,-0.2264076486512716
333,3321,55.76429,46.833336,-6.1666565,21600,0.09680851050675295,-0.14582095503896936,4345926.351221016,-469559.8699535443,0.0,-0.05951185370559735
473,3357,55.76429,46.91667,-6.1666565,43200,0.03427290018717999,0.08002141293227102,4339203.78529813,-468833.52373287774,0.0,0.007223666317606999
53,3249,55.76429,46.66667,-6.1666565,21600,0.023382216166296172,-0.10174572533242475,4359343.065935845,-471009.49203812674,0.0,0.052003385744901216
333,3321,55.76429,46.833336,-6.1666565,64800,0.006934424849657108,-0.21179637458002987,4345926.351221016,-469559.8699535443,0.0,0.2075082040024656
193,3285,55.76429,46.75,-6.1666565,64800,0.03911946311692837,-0.04168438820923828,4352639.653859386,-470285.21531356085,0.0,-0.174456516153282
648,3402,55.76429,47.0,-6.0833282,43200,0.044571179578612855,-0.07993487481781311,4333148.796028124,-461804.81061430223,0.0,0.06399884416547627
193,3285,55.76429,46.75,-6.1666565,21600,-0.10076621655202263,-0.24292059510589611,4352639.653859386,-470285.21531356085,0.0,-0.15944246002984427
578,3384,55.76429,47.0,-6.25,64800,0.06623718152347319,-0.12876612410397617,4331787.087405169,-474407.8424903363,0.0,0.03604032817021338
123,3267,55.76429,46.66667,-6.0,86400,0.03378626455799511,-0.006162374216935426,4360694.650219674,-458327.4764384654,0.0,0.044902393530553565
263,3303,55.76429,46.75,-6.0,86400,0.0285623993652152,-0.1306861002549185,4353989.159796485,-457622.70099545474,0.0,0.2219246455637172
228,3294,55.76429,46.75,-6.0833282,43200,-0.07098254200473245,-0.1958937116264678,4353319.010767862,-463954.4488188505,0.0,0.08477520559815259
648,3402,55.76429,47.0,-6.0833282,21600,-0.03282844793604883,-0.1798665683164457,4333148.796028124,-461804.81061430223,0.0,0.1287399325253892
18,3240,55.76429,46.66667,-6.25,86400,0.03349363557210484,-0.07857655649705131,4358653.3150161095,-477350.1729464703,0.0,0.14465138457892854
228,3294,55.76429,46.75,-6.0833282,21600,-0.11708093932592657,-0.2855504803669523,4353319.010767862,-463954.4488188505,0.0,-0.05735591237789643
193,3285,55.76429,46.75,-6.1666565,43200,-0.00803600915048386,-0.020605819866198027,4352639.653859386,-470285.21531356085,0.0,0.10130184593454596
18,3240,55.76429,46.66667,-6.25,21600,0.060941256316950264,0.029110764760655924,4358653.3150161095,-477350.1729464703,0.0,-0.013675205171464963
263,3303,55.76429,46.75,-6.0,64800,0.021429900079833347,-0.12554670109203797,4353989.159796485,-457622.70099545474,0.0,0.2246671902740163
158,3276,55.76429,46.75,-6.25,21600,-0.16490667402698184,-0.2933630352916904,4351950.96357759,-476616.1460837916,0.0,-0.0032261794099670694
438,3348,55.76429,46.91667,-6.25,86400,-0.04069575259087745,-0.21784102828761182,4338517.220887722,-475144.9119816816,0.0,-0.09630082381320731
368,3330,55.76429,46.833336,-6.0833282,43200,-0.0583423115747426,-0.10930204202374538,4346604.66032198,-463238.8677294356,0.0,-0.1199885018281006
298,3312,55.76429,46.833336,-6.25,21600,0.012801111016606536,0.025299172333779374,4345238.723142079,-475881.0361998027,0.0,-0.034593468475556624
228,3294,55.76429,46.75,-6.0833282,64800,-0.04872850568468634,-0.1235029665437915,4353319.010767862,-463954.4488188505,0.0,0.027595960574001963
648,3402,55.76429,47.0,-6.0833282,64800,0.1344086525589258,0.04322909396195791,4333148.796028124,-461804.81061430223,0.0,-0.03083723969490324
683,3411,55.76429,47.0,-6.0,64800,-0.03335358395314933,-0.22596160269593368,4333815.840058059,-455502.3996515776,0.0,0.007698133224189402
403,3339,55.76429,46.833336,-6.0,64800,-0.004545281954978808,-0.11475579147325926,4347273.775744883,-456916.88569019584,0.0,-0.010661361282259018
543,3375,55.76429,46.91667,-6.0,86400,-0.014312151962190359,-0.0759514165423858,4340549.125536747,-456210.0964726406,0.0,-0.06423804318436177
403,3339,55.76429,46.833336,-6.0,21600,0.002523145776379864,-0.1459515781867272,4347273.775744883,-456916.88569019584,0.0,-0.029583984913903613
613,3393,55.76429,47.0,-6.1666565,21600,0.10873013310509257,0.03191618246827978,4332472.586781167,-468106.2447951276,0.0,0.28950667359004595
158,3276,55.76429,46.75,-6.25,64800,-0.059777676369332615,-0.06744747245430933,4351950.96357759,-476616.1460837916,0.0,-0.0474363467224225
88,3258,55.76429,46.66667,-6.0833282,43200,0.003493326994872447,-0.030025652905772082,4360023.469108121,-464668.9756583009,0.0,-0.10872073976196697
333,3321,55.76429,46.833336,-6.1666565,43200,0.03211904779611486,-0.129682179575503,4345926.351221016,-469559.8699535443,0.0,0.26728716383099377
578,3384,55.76429,47.0,-6.25,21600,-0.12611262673663307,-0.2599221367059992,4331787.087405169,-474407.8424903363,0.0,0.01139670553114793
438,3348,55.76429,46.91667,-6.25,64800,0.11124673235661078,-0.044467943377133855,4338517.220887722,-475144.9119816816,0.0,-0.15562096759884445
403,3339,55.76429,46.833336,-6.0,43200,0.036669215327384805,-0.1478418697425697,4347273.775744883,-456916.88569019584,0.0,0.079396903723818
298,3312,55.76429,46.833336,-6.25,64800,0.06399508197590784,0.08683131841156186,4345238.723142079,-475881.0361998027,0.0,0.08502864691654252
508,3366,55.76429,46.91667,-6.0833282,21600,-0.047914767365768746,-0.13776389676644854,4339881.045145775,-462522.2992525033,0.0,0.2333581452803375
298,3312,55.76429,46.833336,-6.25,86400,0.19913829965561705,0.03349052359448673,4345238.723142079,-475881.0361998027,0.0,-0.09309031875237704
613,3393,55.76429,47.0,-6.1666565,86400,-0.007750616984245583,-0.19069534079936146,4332472.586781167,-468106.2447951276,0.0,-0.018170272602265173
683,3411,55.76429,47.0,-6.0,86400,0.042818175080637316,-0.11742603212136274,4333815.840058059,-455502.3996515776,0.0,-0.2361100938982756
683,3411,55.76429,47.0,-6.0,43200,0.03278992871222021,-0.007449455316836176,4333815.840058059,-455502.3996515776,0.0,0.2451087933827625
368,3330,55.76429,46.833336,-6.0833282,64800,0.09112485527045741,0.0757627685044874,4346604.66032198,-463238.8677294356,0.0,-0.17673180702980398
648,3402,55.76429,47.0,-6.0833282,86400,-0.05663349599016469,-0.05978276917794381,4333148.796028124,-461804.81061430223,0.0,-0.3031634755162155
123,3267,55.76429,46.66667,-6.0,43200,0.1491487697135947,0.0692248575885594,4360694.650219674,-458327.4764384654,0.0,-0.09490430006351498
543,3375,55.76429,46.91667,-6.0,64800,-0.0038640442382081447,-0.04018711422189557,4340549.125536747,-456210.0964726406,0.0,0.0409563367347342
263,3303,55.76429,46.75,-6.0,43200,0.05094817623485469,0.0643223027504022,4353989.159796485,-457622.70099545474,0.0,0.29098851469871245
228,3294,55.76429,46.75,-6.0833282,86400,-0.05238431827681247,-0.15309771102462003,4353319.010767862,-463954.4488188505,0.0,-0.12673629411993761
473,3357,55.76429,46.91667,-6.1666565,64800,0.09802489495172671,-0.0007028180918188798,4339203.78529813,-468833.52373287774,0.0,-0.1138281352790567
543,3375,55.76429,46.91667,-6.0,43200,-0.027250113788363624,-0.18732942646355427,4340549.125536747,-456210.0964726406,0.0,0.20292015872908667
473,3357,55.76429,46.91667,-6.1666565,86400,-0.05114604149931743,-0.14764647506332784,4339203.78529813,-468833.52373287774,0.0,0.07166573783556983
508,3366,55.76429,46.91667,-6.0833282,64800,-0.04686195135966945,-0.171198736757738,4339881.045145775,-462522.2992525033,0.0,-0.023055440493185773
473,3357,55.76429,46.91667,-6.1666565,21600,-0.00019722861351609278,0.03359768515641351,4339203.78529813,-468833.52373287774,0.0,-0.0013051522115258391
368,3330,55.76429,46.833336,-6.0833282,21600,0.02531805790738615,-0.030353000183632767,4346604.66032198,-463238.8677294356,0.0,0.0450056692565641
578,3384,55.76429,47.0,-6.25,43200,-0.03160965994493256,-0.11369958027954744,4331787.087405169,-474407.8424903363,0.0,-0.08389846018433621
53,3249,55.76429,46.66667,-6.1666565,64800,0.07611226476114147,-0.14292981042424266,4359343.065935845,-471009.49203812674,0.0,-0.0055039005484097585
88,3258,55.76429,46.66667,-6.0833282,86400,0.13083746846909688,-0.018070165930048843,4360023.469108121,-464668.9756583009,0.0,0.12827791324662563
403,3339,55.76429,46.833336,-6.0,86400,0.10053939471976236,0.007349116845826051,4347273.775744883,-456916.88569019584,0.0,-0.005465563877811733
88,3258,55.76429,46.66667,-6.0833282,21600,-0.05638378546348354,-0.34161016379668563,4360023.469108121,-464668.9756583009,0.0,-0.040506193509034
263,3303,55.76429,46.75,-6.0,21600,-0.05184468481385394,-0.17129500201349224,4353989.159796485,-457622.70099545474,0.0,-0.13169783590025827
683,3411,55.76429,47.0,-6.0,21600,0.07279092486779425,-0.021324110153030235,4333815.840058059,-455502.3996515776,0.0,0.017009887848075486
88,3258,55.76429,46.66667,-6.0833282,64800,-0.07432836565561063,-0.10013674187985835,4360023.469108121,-464668.9756583009,0.0,0.01876169751584281
18,3240,55.76429,46.66667,-6.25,64800,0.02684521495958467,-0.11379998939292328,4358653.3150161095,-477350.1729464703,0.0,0.11184238818631013
123,3267,55.76429,46.66667,-6.0,21600,0.048164126105296134,-0.07334179397619728,4360694.650219674,-458327.4764384654,0.0,-0.060806562341453305
18,3240,55.76429,46.66667,-6.25,43200,-0.0025927412875171143,-0.06350431183896602,4358653.3150161095,-477350.1729464703,0.0,-0.001340288257149571
508,3366,55.76429,46.91667,-6.0833282,86400,-0.00401830885422878,-0.13213005608652426,4339881.045145775,-462522.2992525033,0.0,0.1693427289277274
508,3366,55.76429,46.91667,-6.0833282,43200,0.03195679157453182,-0.08496193428381321,4339881.045145775,-462522.2992525033,0.0,0.028131091517833745
193,3285,55.76429,46.75,-6.1666565,86400,-0.10232942775257955,-0.19935945617346312,4352639.653859386,-470285.21531356085,0.0,0.3742120592511637
613,3393,55.76429,47.0,-6.1666565,43200,-0.0478819399989477,-0.33560858767426194,4332472.586781167,-468106.2447951276,0.0,0.10945972252558761
438,3348,55.76429,46.91667,-6.25,21600,0.029397628072703054,-0.11745595956460199,4338517.220887722,-475144.9119816816,0.0,0.12227423053236156
369,3510,65.80727,46.833336,-6.0833282,86400,0.01853228306369544,-0.10628421079691433,4346604.66032198,-463238.8677294356,0.0,-0.22293057153182194
544,3555,65.80727,46.91667,-6.0,86400,-0.011790993081618672,-0.07588796147531539,4340549.125536747,-456210.0964726406,0.0,-0.05897595664234132
299,3492,65.80727,46.833336,-6.25,86400,0.18501988881768427,0.01594877765621723,4345238.723142079,-475881.0361998027,0.0,-0.09016625494606298
684,3591,65.80727,47.0,-6.0,64800,-0.03401619828512057,-0.22738743891975471,4333815.840058059,-455502.3996515776,0.0,0.0033800071273758247
404,3519,65.80727,46.833336,-6.0,86400,0.09320766307920417,0.0017721704173183639,4347273.775744883,-456916.88569019584,0.0,-0.0042007409859954594
159,3456,65.80727,46.75,-6.25,64800,-0.05254207386030978,-0.057696472256119534,4351950.96357759,-476616.1460837916,0.0,-0.04378513827405665
264,3483,65.80727,46.75,-6.0,21600,-0.04702095234980948,-0.16940820976942877,4353989.159796485,-457622.70099545474,0.0,-0.12739478751297875
124,3447,65.80727,46.66667,-6.0,21600,0.04485495079480417,-0.07547932912393111,4360694.650219674,-458327.4764384654,0.0,-0.056215372377082455
404,3519,65.80727,46.833336,-6.0,21600,0.0002646908439051677,-0.14508525665894123,4347273.775744883,-456916.88569019584,0.0,-0.024179793640338808
54,3429,65.80727,46.66667,-6.1666565,64800,0.07120844884037994,-0.1397051320859303,4359343.065935845,-471009.49203812674,0.0,-0.014675162315770571
89,3438,65.80727,46.66667,-6.0833282,43200,0.006938722954785319,-0.0351053378690941,4360023.469108121,-464668.9756583009,0.0,-0.10153504783839115
614,3573,65.80727,47.0,-6.1666565,21600,0.10166565574529755,0.025324207411755145,4332472.586781167,-468106.2447951276,0.0,0.2701901956970542
579,3564,65.80727,47.0,-6.25,43200,-0.028377054774529762,-0.11143582870346423,4331787.087405169,-474407.8424903363,0.0,-0.07484581774417035
509,3546,65.80727,46.91667,-6.0833282,64800,-0.042978480401737226,-0.16763810463220186,4339881.045145775,-462522.2992525033,0.0,-0.01247121378154096
649,3582,65.80727,47.0,-6.0833282,64800,0.12671275278181496,0.036232384709802945,4333148.796028124,-461804.81061430223,0.0,-0.02644518888216026
19,3420,65.80727,46.66667,-6.25,43200,-0.002635364086201587,-0.06877149602775325,4358653.3150161095,-477350.1729464703,0.0,0.0013297841898686727
124,3447,65.80727,46.66667,-6.0,43200,0.1369321568061771,0.05353087329600055,4360694.650219674,-458327.4764384654,0.0,-0.08072271777059119
194,3465,65.80727,46.75,-6.1666565,43200,-0.008484525074953985,-0.02339286877462049,4352639.653859386,-470285.21531356085,0.0,0.09426669521704668
264,3483,65.80727,46.75,-6.0,64800,0.019536127585408944,-0.12630170072466662,4353989.159796485,-457622.70099545474,0.0,0.20670087083109695
439,3528,65.80727,46.91667,-6.25,86400,-0.0350250390443331,-0.2081870902263977,4338517.220887722,-475144.9119816816,0.0,-0.08776361587849925
19,3420,65.80727,46.66667,-6.25,21600,0.055575397795081596,0.017309155281377567,4358653.3150161095,-477350.1729464703,0.0,-0.016845616378138598
229,3474,65.80727,46.75,-6.0833282,64800,-0.042058667815506046,-0.11564380375530169,4353319.010767862,-463954.4488188505,0.0,0.02476038043650137
194,3465,65.80727,46.75,-6.1666565,64800,0.03794408104985351,-0.04587512538223239,4352639.653859386,-470285.21531356085,0.0,-0.15747195903142427
159,3456,65.80727,46.75,-6.25,21600,-0.15550248264235875,-0.28435425837278444,4351950.96357759,-476616.1460837916,0.0,-0.006795204240566953
229,3474,65.80727,46.75,-6.0833282,86400,-0.05083741837047787,-0.15288564505962476,4353319.010767862,-463954.4488188505,0.0,-0.11381561696369422
299,3492,65.80727,46.833336,-6.25,21600,0.012625615005875116,0.021411698063060272,4345238.723142079,-475881.0361998027,0.0,-0.028092017903881685
369,3510,65.80727,46.833336,-6.0833282,43200,-0.05072995265580733,-0.1081961072831217,4346604.66032198,-463238.8677294356,0.0,-0.10910497459016429
614,3573,65.80727,47.0,-6.1666565,43200,-0.04193315130023216,-0.31901574761084894,4332472.586781167,-468106.2447951276,0.0,0.10247795775971018
54,3429,65.80727,46.66667,-6.1666565,86400,-0.06642881091829858,-0.3320247458747096,4359343.065935845,-471009.49203812674,0.0,-0.0042488501857029905
194,3465,65.80727,46.75,-6.1666565,86400,-0.09060882361676721,-0.18986047256991628,4352639.653859386,-470285.21531356085,0.0,0.35141885412386376
334,3501,65.80727,46.833336,-6.1666565,43200,0.030321618601770205,-0.12175127487092485,4345926.351221016,-469559.8699535443,0.0,0.25953610703683694
614,3573,65.80727,47.0,-6.1666565,86400,-0.00612221465493271,-0.18742537750615815,4332472.586781167,-468106.2447951276,0.0,-0.028975581327693012
89,3438,65.80727,46.66667,-6.0833282,64800,-0.06779270623986307,-0.10144927493224264,4360023.469108121,-464668.9756583009,0.0,0.02146919013470367
124,3447,65.80727,46.66667,-6.0,86400,0.03164464229887135,-0.01569344102214204,4360694.650219674,-458327.4764384654,0.0,0.04092654611551346
509,3546,65.80727,46.91667,-6.0833282,86400,-0.0008165948234854451,-0.12896501880418185,4339881.045145775,-462522.2992525033,0.0,0.16167442709905452
649,3582,65.80727,47.0,-6.0833282,43200,0.042568680707276055,-0.08356388193945585,4333148.796028124,-461804.81061430223,0.0,0.06830441125780808
369,3510,65.80727,46.833336,-6.0833282,64800,0.08731455365715078,0.06391846363487912,4346604.66032198,-463238.8677294356,0.0,-0.16094752598039802
229,3474,65.80727,46.75,-6.0833282,43200,-0.06920646409055045,-0.19459332139146382,4353319.010767862,-463954.4488188505,0.0,0.07215638636092077
544,3555,65.80727,46.91667,-6.0,43200,-0.02696564490358435,-0.18294777945544383,4340549.125536747,-456210.0964726406,0.0,0.19530393201752666
334,3501,65.80727,46.833336,-6.1666565,21600,0.09009255376697126,-0.14845602027797425,4345926.351221016,-469559.8699535443,0.0,-0.06172245428960497
474,3537,65.80727,46.91667,-6.1666565,43200,0.027569023153287596,0.06236374599873572,4339203.78529813,-468833.52373287774,0.0,0.0014705899457020883
684,3591,65.80727,47.0,-6.0,21600,0.07259283615879053,-0.020507535440232996,4333815.840058059,-455502.3996515776,0.0,0.02355445158358252
544,3555,65.80727,46.91667,-6.0,64800,-0.00014902251072700275,-0.04261710948069089,4340549.125536747,-456210.0964726406,0.0,0.03930808517359745
579,3564,65.80727,47.0,-6.25,86400,0.046291349509415824,0.04058994645546149,4331787.087405169,-474407.8424903363,0.0,-0.10197360578347518
334,3501,65.80727,46.833336,-6.1666565,64800,0.010014591837739844,-0.20168962310422414,4345926.351221016,-469559.8699535443,0.0,0.19399578912956078
649,3582,65.80727,47.0,-6.0833282,86400,-0.04565252016420315,-0.05182386278845084,4333148.796028124,-461804.81061430223,0.0,-0.28257310982873346
684,3591,65.80727,47.0,-6.0,86400,0.03359565023836274,-0.12477255035468181,4333815.840058059,-455502.3996515776,0.0,-0.2234190353748527
194,3465,65.80727,46.75,-6.1666565,21600,-0.09676088297619971,-0.24549458245215888,4352639.653859386,-470285.21531356085,0.0,-0.1538031301924609
439,3528,65.80727,46.91667,-6.25,21600,0.024717744697616006,-0.12269634182790483,4338517.220887722,-475144.9119816816,0.0,0.11724930158844271
579,3564,65.80727,47.0,-6.25,64800,0.06241197261125937,-0.12692744897185151,4331787.087405169,-474407.8424903363,0.0,0.027762968770867882
509,3546,65.80727,46.91667,-6.0833282,43200,0.03683280054958317,-0.0806253030602381,4339881.045145775,-462522.2992525033,0.0,0.017086545888934077
264,3483,65.80727,46.75,-6.0,86400,0.025473416268509397,-0.12830139647310546,4353989.159796485,-457622.70099545474,0.0,0.21478299519010768
684,3591,65.80727,47.0,-6.0,43200,0.030314661455910122,-0.015594644328388696,4333815.840058059,-455502.3996515776,0.0,0.2227768659331699
509,3546,65.80727,46.91667,-6.0833282,21600,-0.04487993224595955,-0.1359477363035581,4339881.045145775,-462522.2992525033,0.0,0.22032582624133615
54,3429,65.80727,46.66667,-6.1666565,21600,0.020677649140169445,-0.10384271761312171,4359343.065935845,-471009.49203812674,0.0,0.046620921555515546
579,3564,65.80727,47.0,-6.25,21600,-0.11625214833262534,-0.2489188253496748,4331787.087405169,-474407.8424903363,0.0,0.015339707044469653
544,3555,65.80727,46.91667,-6.0,21600,0.14514098209611714,0.09727846490125543,4340549.125536747,-456210.0964726406,0.0,-0.06210793289671106
19,3420,65.80727,46.66667,-6.25,64800,0.023700757562282918,-0.11363144264152343,4358653.3150161095,-477350.1729464703,0.0,0.10451861496241774
439,3528,65.80727,46.91667,-6.25,64800,0.10281335589348699,-0.05327974367774919,4338517.220887722,-475144.9119816816,0.0,-0.1495405473012456
89,3438,65.80727,46.66667,-6.0833282,86400,0.1235912041088978,-0.019889620426428875,4360023.469108121,-464668.9756583009,0.0,0.1243367452799113
299,3492,65.80727,46.833336,-6.25,64800,0.060202361091067705,0.07644753040971071,4345238.723142079,-475881.0361998027,0.0,0.08159810268551503
649,3582,65.80727,47.0,-6.0833282,21600,-0.02892956180703417,-0.175654685231518,4333148.796028124,-461804.81061430223,0.0,0.12162185734872555
264,3483,65.80727,46.75,-6.0,43200,0.049499193277549064,0.057053565252337485,4353989.159796485,-457622.70099545474,0.0,0.26732298510999103
229,3474,65.80727,46.75,-6.0833282,21600,-0.10642833461678858,-0.27110209509885985,4353319.010767862,-463954.4488188505,0.0,-0.04975526463864911
474,3537,65.80727,46.91667,-6.1666565,64800,0.09124599536216282,-0.004977785541700627,4339203.78529813,-468833.52373287774,0.0,-0.11987785228221179
369,3510,65.80727,46.833336,-6.0833282,21600,0.02344814291094157,-0.03943831555505309,4346604.66032198,-463238.8677294356,0.0,0.04798212502261781
404,3519,65.80727,46.833336,-6.0,64800,0.001682470731479242,-0.10335269286886113,4347273.775744883,-456916.88569019584,0.0,-0.010920886692692687
54,3429,65.80727,46.66667,-6.1666565,43200,0.012357432377392919,-0.11321298445439396,4359343.065935845,-471009.49203812674,0.0,0.010662087770290402
19,3420,65.80727,46.66667,-6.25,86400,0.03442861499098328,-0.07797975938368655,4358653.3150161095,-477350.1729464703,0.0,0.13948409825999214
614,3573,65.80727,47.0,-6.1666565,64800,-0.03767047110826721,-0.14300867202735057,4332472.586781167,-468106.2447951276,0.0,-0.1332110631838931
474,3537,65.80727,46.91667,-6.1666565,21600,0.0009664463492357056,0.02268594313843321,4339203.78529813,-468833.52373287774,0.0,-0.005730714914216458
89,3438,65.80727,46.66667,-6.0833282,21600,-0.05353622886820131,-0.33329985611122404,4360023.469108121,-464668.9756583009,0.0,-0.030798861830121118
159,3456,65.80727,46.75,-6.25,86400,0.034582367443282615,-0.1170687843010806,4351950.96357759,-476616.1460837916,0.0,-0.027444181455002343
334,3501,65.80727,46.833336,-6.1666565,86400,0.04875555812255921,-0.0327506652077537,4345926.351221016,-469559.8699535443,0.0,0.10063844526305538
474,3537,65.80727,46.91667,-6.1666565,86400,-0.04632982346407787,-0.1485559216325109,4339203.78529813,-468833.52373287774,0.0,0.0685022494090136
439,3528,65.80727,46.91667,-6.25,43200,-0.0043540411629308055,-0.1252475752203725,4338517.220887722,-475144.9119816816,0.0,0.05576175710456654
159,3456,65.80727,46.75,-6.25,43200,-0.025390545423116022,0.036230698713663786,4351950.96357759,-476616.1460837916,0.0,-0.026209318934576526
124,3447,65.80727,46.66667,-6.0,64800,-0.09889536206846124,-0.19992316813225847,4360694.650219674,-458327.4764384654,0.0,-0.09503817219756647
299,3492,65.80727,46.833336,-6.25,43200,0.08073514942225116,-0.10964277435569268,4345238.723142079,-475881.0361998027,0.0,-0.1469183750905646
404,3519,65.80727,46.833336,-6.0,43200,0.03282444350777418,-0.14986323188551987,4347273.775744883,-456916.88569019584,0.0,0.080250574378669
475,3717,77.85385,46.91667,-6.1666565,64800,0.08372152050749804,-0.010126831262269556,4339203.78529813,-468833.52373287774,0.0,-0.12525113691394452
20,3600,77.85385,46.66667,-6.25,43200,-0.002628233474200367,-0.07424879676083167,4358653.3150161095,-477350.1729464703,0.0,0.004017643222068373
685,3771,77.85385,47.0,-6.0,64800,-0.03410529220730538,-0.22799790768149364,4333815.840058059,-455502.3996515776,0.0,-0.001124444467440085
55,3609,77.85385,46.66667,-6.1666565,43200,0.009072453144547268,-0.1124500737997344,4359343.065935845,-471009.49203812674,0.0,0.008810176001407813
20,3600,77.85385,46.66667,-6.25,21600,0.04994711032541625,0.004717579758386284,4358653.3150161095,-477350.1729464703,0.0,-0.02051302149835982
650,3762,77.85385,47.0,-6.0833282,64800,0.1182692361213404,0.02810383371622413,4333148.796028124,-461804.81061430223,0.0,-0.022213494022334457
615,3753,77.85385,47.0,-6.1666565,86400,-0.004349964671071245,-0.18373724863109625,4332472.586781167,-468106.2447951276,0.0,-0.04000329201798277
90,3618,77.85385,46.66667,-6.0833282,43200,0.010082361367879055,-0.04108287972107097,4360023.469108121,-464668.9756583009,0.0,-0.0942306838709015
20,3600,77.85385,46.66667,-6.25,86400,0.0348496025125961,-0.07821244833130392,4358653.3150161095,-477350.1729464703,0.0,0.13343847823141355
615,3753,77.85385,47.0,-6.1666565,64800,-0.033195165105282795,-0.13661883394262003,4332472.586781167,-468106.2447951276,0.0,-0.11786930807325997
55,3609,77.85385,46.66667,-6.1666565,21600,0.018108764509072183,-0.10565952244078863,4359343.065935845,-471009.49203812674,0.0,0.041330496005183646
580,3744,77.85385,47.0,-6.25,64800,0.058091569346950235,-0.1252895443714005,4331787.087405169,-474407.8424903363,0.0,0.020377116387916724
545,3735,77.85385,46.91667,-6.0,64800,0.003892385307887678,-0.04547724123061999,4340549.125536747,-456210.0964726406,0.0,0.038404557750641735
90,3618,77.85385,46.66667,-6.0833282,21600,-0.05045185695013418,-0.3236425058860837,4360023.469108121,-464668.9756583009,0.0,-0.021177023331688534
510,3726,77.85385,46.91667,-6.0833282,64800,-0.03877875490060095,-0.1635510500304534,4339881.045145775,-462522.2992525033,0.0,-0.0023402898796427017
125,3627,77.85385,46.66667,-6.0,43200,0.12389326547339424,0.03673898090293633,4360694.650219674,-458327.4764384654,0.0,-0.06598740507714855
265,3663,77.85385,46.75,-6.0,64800,0.01734322801844346,-0.12700217379861675,4353989.159796485,-457622.70099545474,0.0,0.18725674464823755
55,3609,77.85385,46.66667,-6.1666565,86400,-0.062283306086368,-0.3147075433306778,4359343.065935845,-471009.49203812674,0.0,-0.009151764306780785
580,3744,77.85385,47.0,-6.25,86400,0.043349044001873366,0.029787489107971826,4331787.087405169,-474407.8424903363,0.0,-0.09607452131574795
440,3708,77.85385,46.91667,-6.25,64800,0.0937867931202798,-0.06247757132908082,4338517.220887722,-475144.9119816816,0.0,-0.14280783374525396
370,3690,77.85385,46.833336,-6.0833282,86400,0.01425765102897564,-0.10895975209252705,4346604.66032198,-463238.8677294356,0.0,-0.21850093086628458
160,3636,77.85385,46.75,-6.25,21600,-0.1448153510243411,-0.2737903878061596,4351950.96357759,-476616.1460837916,0.0,-0.010201462351601081
405,3699,77.85385,46.833336,-6.0,64800,0.007943180884523665,-0.09201858929119883,4347273.775744883,-456916.88569019584,0.0,-0.011152304911947184
90,3618,77.85385,46.66667,-6.0833282,86400,0.11527662800064689,-0.0226880496424451,4360023.469108121,-464668.9756583009,0.0,0.11941931515887136
370,3690,77.85385,46.833336,-6.0833282,64800,0.08260694866460525,0.050753454246223725,4346604.66032198,-463238.8677294356,0.0,-0.14391913818376958
195,3645,77.85385,46.75,-6.1666565,21600,-0.09168725672478381,-0.24668691437815782,4352639.653859386,-470285.21531356085,0.0,-0.14736688875343368
335,3681,77.85385,46.833336,-6.1666565,64800,0.01315332128642709,-0.1911723888082686,4345926.351221016,-469559.8699535443,0.0,0.17910624231927316
160,3636,77.85385,46.75,-6.25,43200,-0.021577658767361833,0.024848755069363807,4351950.96357759,-476616.1460837916,0.0,-0.018763667769348367
650,3762,77.85385,47.0,-6.0833282,86400,-0.03446753378805249,-0.04447973916306601,4333148.796028124,-461804.81061430223,0.0,-0.260179369508542
230,3654,77.85385,46.75,-6.0833282,21600,-0.09531598736761121,-0.2554874021112284,4353319.010767862,-463954.4488188505,0.0,-0.041414837653284256
300,3672,77.85385,46.833336,-6.25,64800,0.05619094011787002,0.06493920325359286,4345238.723142079,-475881.0361998027,0.0,0.07748414632778491
545,3735,77.85385,46.91667,-6.0,86400,-0.009439279796573979,-0.07668954387906807,4340549.125536747,-456210.0964726406,0.0,-0.05295201681284862
125,3627,77.85385,46.66667,-6.0,21600,0.041217091409132496,-0.07791389656505904,4360694.650219674,-458327.4764384654,0.0,-0.05151333310777331
125,3627,77.85385,46.66667,-6.0,86400,0.02955328998222919,-0.025483907627521327,4360694.650219674,-458327.4764384654,0.0,0.036846094476848446
160,3636,77.85385,46.75,-6.25,64800,-0.0450890180958832,-0.048422919887623456,4351950.96357759,-476616.1460837916,0.0,-0.039951342310887684
195,3645,77.85385,46.75,-6.1666565,86400,-0.07818498550227462,-0.17980089435678445,4352639.653859386,-470285.21531356085,0.0,0.32645397554895844
300,3672,77.85385,46.833336,-6.25,86400,0.1699492581053539,-0.002179721724398051,4345238.723142079,-475881.0361998027,0.0,-0.08633434928247931
300,3672,77.85385,46.833336,-6.25,21600,0.012012061708339999,0.016240213128783182,4345238.723142079,-475881.0361998027,0.0,-0.02130741450374875
335,3681,77.85385,46.833336,-6.1666565,86400,0.04571797201214435,-0.035623363596474014,4345926.351221016,-469559.8699535443,0.0,0.09826988711809945
265,3663,77.85385,46.75,-6.0,43200,0.048031201899659315,0.04901781864836478,4353989.159796485,-457622.70099545474,0.0,0.24178858264527137
580,3744,77.85385,47.0,-6.25,21600,-0.1055907759230201,-0.2373363752830115,4331787.087405169,-474407.8424903363,0.0,0.01930022944595198
405,3699,77.85385,46.833336,-6.0,43200,0.028790674603500988,-0.15143052885199368,4347273.775744883,-456916.88569019584,0.0,0.08123077542437777
475,3717,77.85385,46.91667,-6.1666565,21600,0.002697308896517688,0.011271021064690245,4339203.78529813,-468833.52373287774,0.0,-0.009936097219562371
685,3771,77.85385,47.0,-6.0,43200,0.02769058443722099,-0.024410075784261867,4333815.840058059,-455502.3996515776,0.0,0.198917197768018
405,3699,77.85385,46.833336,-6.0,21600,-0.0022002508395765393,-0.1443622858192477,4347273.775744883,-456916.88569019584,0.0,-0.01889541403897557
300,3672,77.85385,46.833336,-6.25,43200,0.07685979509061744,-0.10446801333879625,4345238.723142079,-475881.0361998027,0.0,-0.1333830411103731
335,3681,77.85385,46.833336,-6.1666565,21600,0.08286406155569784,-0.15102430196202032,4345926.351221016,-469559.8699535443,0.0,-0.06375014742994689
230,3654,77.85385,46.75,-6.0833282,86400,-0.0487034077210789,-0.1521452468016098,4353319.010767862,-463954.4488188505,0.0,-0.10052671973106984
475,3717,77.85385,46.91667,-6.1666565,86400,-0.04112212070015604,-0.14915151469764512,4339203.78529813,-468833.52373287774,0.0,0.06466082980245501
55,3609,77.85385,46.66667,-6.1666565,64800,0.06612748816484798,-0.13635281213957276,4359343.065935845,-471009.49203812674,0.0,-0.023395763379485637
125,3627,77.85385,46.66667,-6.0,64800,-0.09447966078197045,-0.1960726275826261,4360694.650219674,-458327.4764384654,0.0,-0.09226405065145103
545,3735,77.85385,46.91667,-6.0,21600,0.13882166167499124,0.08066072299820203,4340549.125536747,-456210.0964726406,0.0,-0.05513872773197973
475,3717,77.85385,46.91667,-6.1666565,43200,0.02098417094284214,0.04403183974415355,4339203.78529813,-468833.52373287774,0.0,-0.00448970924191636
545,3735,77.85385,46.91667,-6.0,43200,-0.02648052078415588,-0.178118729444162,4340549.125536747,-456210.0964726406,0.0,0.18650402631173854
510,3726,77.85385,46.91667,-6.0833282,86400,0.002361153713439392,-0.1261331964731758,4339881.045145775,-462522.2992525033,0.0,0.15252098653760915
370,3690,77.85385,46.833336,-6.0833282,21600,0.021422334840017418,-0.04899751320079634,4346604.66032198,-463238.8677294356,0.0,0.0511366839134455
510,3726,77.85385,46.91667,-6.0833282,43200,0.041413124161774596,-0.07615652968328537,4339881.045145775,-462522.2992525033,0.0,0.006109964395740901
650,3762,77.85385,47.0,-6.0833282,21600,-0.02477129578047578,-0.1710462486941791,4333148.796028124,-461804.81061430223,0.0,0.1141118065274359
510,3726,77.85385,46.91667,-6.0833282,21600,-0.04104018100000336,-0.13318514879547952,4339881.045145775,-462522.2992525033,0.0,0.20567826935553427
265,3663,77.85385,46.75,-6.0,86400,0.022363516703985953,-0.12582630227914982,4353989.159796485,-457622.70099545474,0.0,0.2066562398935022
440,3708,77.85385,46.91667,-6.25,43200,-0.0029464897416482914,-0.12171949684115257,4338517.220887722,-475144.9119816816,0.0,0.05202004122471228
685,3771,77.85385,47.0,-6.0,86400,0.02424483710735555,-0.13206417243292362,4333815.840058059,-455502.3996515776,0.0,-0.20952827199743798
580,3744,77.85385,47.0,-6.25,43200,-0.0246087264355321,-0.10864528093368789,4331787.087405169,-474407.8424903363,0.0,-0.0654202026577043
20,3600,77.85385,46.66667,-6.25,64800,0.02034441602026149,-0.11366431682258771,4358653.3150161095,-477350.1729464703,0.0,0.09668186811753125
685,3771,77.85385,47.0,-6.0,21600,0.07197937565602455,-0.0202870089192341,4333815.840058059,-455502.3996515776,0.0,0.03043427632464781
615,3753,77.85385,47.0,-6.1666565,21600,0.09390966361159377,0.017943493377133884,4332472.586781167,-468106.2447951276,0.0,0.24933415175705437
90,3618,77.85385,46.66667,-6.0833282,64800,-0.060844911990896415,-0.10307547103499393,4360023.469108121,-464668.9756583009,0.0,0.024009799024913864
230,3654,77.85385,46.75,-6.0833282,64800,-0.035181295260472076,-0.10792924643828207,4353319.010767862,-463954.4488188505,0.0,0.022654338095327995
335,3681,77.85385,46.833336,-6.1666565,43200,0.028218154073908312,-0.1141997532257787,4345926.351221016,-469559.8699535443,0.0,0.25052300856284637
405,3699,77.85385,46.833336,-6.0,86400,0.08515914709397146,-0.005007286221065374,4347273.775744883,-456916.88569019584,0.0,-0.002785941365739488
265,3663,77.85385,46.75,-6.0,21600,-0.04181130174437317,-0.16687458369943606,4353989.159796485,-457622.70099545474,0.0,-0.12260848057733544
195,3645,77.85385,46.75,-6.1666565,43200,-0.008587384491379853,-0.026756481713963498,4352639.653859386,-470285.21531356085,0.0,0.08695819394933225
650,3762,77.85385,47.0,-6.0833282,43200,0.04042460581969808,-0.08699879038628232,4333148.796028124,-461804.81061430223,0.0,0.07190503122007941
440,3708,77.85385,46.91667,-6.25,86400,-0.029276791113805822,-0.19854933239322392,4338517.220887722,-475144.9119816816,0.0,-0.07969801938120806
615,3753,77.85385,47.0,-6.1666565,43200,-0.03583795028422437,-0.30099769097820694,4332472.586781167,-468106.2447951276,0.0,0.09476429606131914
440,3708,77.85385,46.91667,-6.25,21600,0.02013564065106336,-0.1273213034943338,4338517.220887722,-475144.9119816816,0.0,0.11188389936135386
160,3636,77.85385,46.75,-6.25,86400,0.03877789328735773,-0.10980084822632762,4351950.96357759,-476616.1460837916,0.0,-0.016349781673443867
230,3654,77.85385,46.75,-6.0833282,43200,-0.0667477211778337,-0.19268117706701288,4353319.010767862,-463954.4488188505,0.0,0.05918154172858597
370,3690,77.85385,46.833336,-6.0833282,43200,-0.04260798105755923,-0.10694044267207045,4346604.66032198,-463238.8677294356,0.0,-0.09733822669458692
195,3645,77.85385,46.75,-6.1666565,64800,0.03673453893008619,-0.0504284956732214,4352639.653859386,-470285.21531356085,0.0,-0.13999164629975017
91,3798,92.32607,46.66667,-6.0833282,64800,-0.0535943897531894,-0.10499801452310153,4360023.469108121,-464668.9756583009,0.0,0.02623135781414308
266,3843,92.32607,46.75,-6.0,43200,0.046543858971171206,0.04018040320286752,4353989.159796485,-457622.70099545474,0.0,0.21476552854531997
406,3879,92.32607,46.833336,-6.0,64800,0.014078809384631893,-0.0811047240437041,4347273.775744883,-456916.88569019584,0.0,-0.011326924766546214
546,3915,92.32607,46.91667,-6.0,64800,0.008166053019630262,-0.04882621918384457,4340549.125536747,-456210.0964726406,0.0,0.03828113687532516
231,3834,92.32607,46.75,-6.0833282,86400,-0.04587872562594462,-0.15075053818118378,4353319.010767862,-463954.4488188505,0.0,-0.08722069646782585
161,3816,92.32607,46.75,-6.25,43200,-0.017433720123349292,0.013047226127778366,4351950.96357759,-476616.1460837916,0.0,-0.011591025491866724
371,3870,92.32607,46.833336,-6.0833282,21600,0.019254197303386608,-0.05888511671777743,4346604.66032198,-463238.8677294356,0.0,0.05434649574885836
511,3906,92.32607,46.91667,-6.0833282,64800,-0.03431954470107082,-0.15895229844233097,4339881.045145775,-462522.2992525033,0.0,0.006910559601791763
511,3906,92.32607,46.91667,-6.0833282,43200,0.04543852832110838,-0.07172658073548675,4339881.045145775,-462522.2992525033,0.0,-0.004371111388984453
686,3951,92.32607,47.0,-6.0,21600,0.07083123759980313,-0.020883882127039483,4333815.840058059,-455502.3996515776,0.0,0.03738600284636731
441,3888,92.32607,46.91667,-6.25,21600,0.015821471967743084,-0.13101750734545728,4338517.220887722,-475144.9119816816,0.0,0.1063149052565499
476,3897,92.32607,46.91667,-6.1666565,64800,0.0755176650383862,-0.01619777600422645,4339203.78529813,-468833.52373287774,0.0,-0.12955074980558987
91,3798,92.32607,46.66667,-6.0833282,86400,0.10593476895292475,-0.02655833431098996,4360023.469108121,-464668.9756583009,0.0,0.1133510595003451
126,3807,92.32607,46.66667,-6.0,21600,0.037281668069853065,-0.08067657338076363,4360694.650219674,-458327.4764384654,0.0,-0.046839466294417535
651,3942,92.32607,47.0,-6.0833282,21600,-0.02043945268847993,-0.16607770128127408,4333148.796028124,-461804.81061430223,0.0,0.10629698110637605
651,3942,92.32607,47.0,-6.0833282,43200,0.038174921018489724,-0.09006445755569956,4333148.796028124,-461804.81061430223,0.0,0.07445846525258283
476,3897,92.32607,46.91667,-6.1666565,21600,0.005003103259031888,-0.00048338466858083295,4339203.78529813,-468833.52373287774,0.0,-0.013701699098629162
336,3861,92.32607,46.833336,-6.1666565,64800,0.016254425498528013,-0.18050131384609167,4345926.351221016,-469559.8699535443,0.0,0.1629872933998116
161,3816,92.32607,46.75,-6.25,86400,0.04278984150069053,-0.10248701627277337,4351950.96357759,-476616.1460837916,0.0,-0.006108359093764958
91,3798,92.32607,46.66667,-6.0833282,21600,-0.04710744515743827,-0.31249269001718916,4360023.469108121,-464668.9756583009,0.0,-0.011933957856251664
616,3933,92.32607,47.0,-6.1666565,43200,-0.029781665524095786,-0.2817981715130353,4332472.586781167,-468106.2447951276,0.0,0.08644267453644226
56,3789,92.32607,46.66667,-6.1666565,64800,0.060953640269171244,-0.1329805921069743,4359343.065935845,-471009.49203812674,0.0,-0.03128706975186547
546,3915,92.32607,46.91667,-6.0,43200,-0.02575157083064588,-0.17284167457283772,4340549.125536747,-456210.0964726406,0.0,0.1763585222782146
336,3861,92.32607,46.833336,-6.1666565,21600,0.07519255496956756,-0.1533836077550042,4345926.351221016,-469559.8699535443,0.0,-0.0653891609025313
581,3924,92.32607,47.0,-6.25,43200,-0.020301204914097995,-0.1053338640971406,4331787.087405169,-474407.8424903363,0.0,-0.05581153544148861
476,3897,92.32607,46.91667,-6.1666565,86400,-0.035626546286674346,-0.1493338053792008,4339203.78529813,-468833.52373287774,0.0,0.060131051647811205
56,3789,92.32607,46.66667,-6.1666565,86400,-0.05770773654646812,-0.2959689180511316,4359343.065935845,-471009.49203812674,0.0,-0.01427368552571369
371,3870,92.32607,46.833336,-6.0833282,64800,0.07696144432082225,0.03638691669294335,4346604.66032198,-463238.8677294356,0.0,-0.12592131039605126
196,3825,92.32607,46.75,-6.1666565,21600,-0.08541830832766378,-0.2460256996694699,4352639.653859386,-470285.21531356085,0.0,-0.14009110340513758
581,3924,92.32607,47.0,-6.25,86400,0.04106172678260281,0.019016437053190616,4331787.087405169,-474407.8424903363,0.0,-0.08952502429157486
126,3807,92.32607,46.66667,-6.0,43200,0.11025759052951561,0.019112563086706905,4360694.650219674,-458327.4764384654,0.0,-0.05111490957532644
126,3807,92.32607,46.66667,-6.0,64800,-0.08914323746536834,-0.1912447949071827,4360694.650219674,-458327.4764384654,0.0,-0.08812541070064488
301,3852,92.32607,46.833336,-6.25,64800,0.052031521218710575,0.052353331908931836,4345238.723142079,-475881.0361998027,0.0,0.07266640182697355
266,3843,92.32607,46.75,-6.0,86400,0.019340111242831613,-0.12330419518744667,4353989.159796485,-457622.70099545474,0.0,0.19746171564428616
511,3906,92.32607,46.91667,-6.0833282,21600,-0.03633760182698989,-0.12939143921932583,4339881.045145775,-462522.2992525033,0.0,0.18941978893998154
616,3933,92.32607,47.0,-6.1666565,86400,-0.002447064121557766,-0.1796284006117312,4332472.586781167,-468106.2447951276,0.0,-0.05085203141062016
686,3951,92.32607,47.0,-6.0,43200,0.025010906069992934,-0.03372042073125753,4333815.840058059,-455502.3996515776,0.0,0.1739182293997068
301,3852,92.32607,46.833336,-6.25,86400,0.15413821984719384,-0.020473216461345242,4345238.723142079,-475881.0361998027,0.0,-0.08148803217241166
266,3843,92.32607,46.75,-6.0,64800,0.014878742210592641,-0.12757991936685134,4353989.159796485,-457622.70099545474,0.0,0.1666164652027765
651,3942,92.32607,47.0,-6.0833282,64800,0.10915734149708889,0.018834027119289193,4333148.796028124,-461804.81061430223,0.0,-0.018337906778872634
21,3780,92.32607,46.66667,-6.25,64800,0.016891003295969955,-0.11385703401344681,4358653.3150161095,-477350.1729464703,0.0,0.08841633324141587
196,3825,92.32607,46.75,-6.1666565,43200,-0.008272876905511112,-0.030758591898226342,4352639.653859386,-470285.21531356085,0.0,0.07951587591344439
196,3825,92.32607,46.75,-6.1666565,64800,0.035526236034769794,-0.05528732676647403,4352639.653859386,-470285.21531356085,0.0,-0.12237841808034426
371,3870,92.32607,46.833336,-6.0833282,43200,-0.034134171999682335,-0.10558518423816467,4346604.66032198,-463238.8677294356,0.0,-0.08491386321865604
581,3924,92.32607,47.0,-6.25,21600,-0.09427519298084308,-0.22537496528348677,4331787.087405169,-474407.8424903363,0.0,0.02306458977265809
231,3834,92.32607,46.75,-6.0833282,43200,-0.0634681131950472,-0.19003362401658802,4353319.010767862,-463954.4488188505,0.0,0.046191801055581565
441,3888,92.32607,46.91667,-6.25,86400,-0.023599127875158922,-0.18918425110504267,4338517.220887722,-475144.9119816816,0.0,-0.07235792025337522
56,3789,92.32607,46.66667,-6.1666565,43200,0.006109925102289968,-0.11138917832080779,4359343.065935845,-471009.49203812674,0.0,0.0071719989630892765
161,3816,92.32607,46.75,-6.25,21600,-0.1328520828229828,-0.2616555346877094,4351950.96357759,-476616.1460837916,0.0,-0.013318577319727624
336,3861,92.32607,46.833336,-6.1666565,43200,0.025810579160086788,-0.10739400243071853,4345926.351221016,-469559.8699535443,0.0,0.24009237086669613
266,3843,92.32607,46.75,-6.0,21600,-0.03627177713519019,-0.16357196666964816,4353989.159796485,-457622.70099545474,0.0,-0.11736035185868741
231,3834,92.32607,46.75,-6.0833282,64800,-0.02825582778477454,-0.1006360828730782,4353319.010767862,-463954.4488188505,0.0,0.02144166793543842
616,3933,92.32607,47.0,-6.1666565,21600,0.08557612285680459,0.009818642935365954,4332472.586781167,-468106.2447951276,0.0,0.22718008368812148
126,3807,92.32607,46.66667,-6.0,86400,0.027615932141011556,-0.03530836117724634,4360694.650219674,-458327.4764384654,0.0,0.03279296686295229
686,3951,92.32607,47.0,-6.0,64800,-0.03343405937916301,-0.22746971468585836,4333815.840058059,-455502.3996515776,0.0,-0.005672896480288979
196,3825,92.32607,46.75,-6.1666565,86400,-0.06530371388623796,-0.16936838540196508,4352639.653859386,-470285.21531356085,0.0,0.2995400133159468
21,3780,92.32607,46.66667,-6.25,21600,0.04417168210994795,-0.00845967138506215,4358653.3150161095,-477350.1729464703,0.0,-0.024580649359105897
406,3879,92.32607,46.833336,-6.0,86400,0.0765182332127948,-0.013019952211947933,4347273.775744883,-456916.88569019584,0.0,-0.0012991986647946927
301,3852,92.32607,46.833336,-6.25,21600,0.010899935196344739,0.00959537640739222,4345238.723142079,-475881.0361998027,0.0,-0.014417684316017594
651,3942,92.32607,47.0,-6.0833282,86400,-0.023370391983759793,-0.03817854744806161,4333148.796028124,-461804.81061430223,0.0,-0.2362315710235651
371,3870,92.32607,46.833336,-6.0833282,86400,0.01008154491759951,-0.1115695839385068,4346604.66032198,-463238.8677294356,0.0,-0.21292519806760749
231,3834,92.32607,46.75,-6.0833282,21600,-0.08395007123088696,-0.23892647026972014,4353319.010767862,-463954.4488188505,0.0,-0.032459094150765734
581,3924,92.32607,47.0,-6.25,64800,0.05326530670785702,-0.1239974931741109,4331787.087405169,-474407.8424903363,0.0,0.014321215516102112
21,3780,92.32607,46.66667,-6.25,43200,-0.002551230631064108,-0.07982721318653137,4358653.3150161095,-477350.1729464703,0.0,0.006630172624876294
441,3888,92.32607,46.91667,-6.25,64800,0.08431573216140595,-0.07184215234478919,4338517.220887722,-475144.9119816816,0.0,-0.13540572993447114
21,3780,92.32607,46.66667,-6.25,86400,0.03461340321495861,-0.07943734551548304,4358653.3150161095,-477350.1729464703,0.0,0.1264807082883004
56,3789,92.32607,46.66667,-6.1666565,21600,0.015806758950487387,-0.10704680725778509,4359343.065935845,-471009.49203812674,0.0,0.03638267031567125
686,3951,92.32607,47.0,-6.0,86400,0.015083316684752433,-0.13898623241166824,4333815.840058059,-455502.3996515776,0.0,-0.19457313154806985
476,3897,92.32607,46.91667,-6.1666565,43200,0.014811554025463648,0.02544527667315198,4339203.78529813,-468833.52373287774,0.0,-0.010448919384108935
546,3915,92.32607,46.91667,-6.0,21600,0.13174458844280926,0.06330226812202287,4340549.125536747,-456210.0964726406,0.0,-0.04804062593038773
406,3879,92.32607,46.833336,-6.0,43200,0.024693763246313255,-0.15229872775114875,4347273.775744883,-456916.88569019584,0.0,0.08228661094705914
441,3888,92.32607,46.91667,-6.25,43200,-0.0013631201465913855,-0.11786586056079482,4338517.220887722,-475144.9119816816,0.0,0.047586435531921524
336,3861,92.32607,46.833336,-6.1666565,86400,0.042400905704591645,-0.03889921505254648,4345926.351221016,-469559.8699535443,0.0,0.09468440087204595
616,3933,92.32607,47.0,-6.1666565,64800,-0.028385299472522232,-0.12948559402056634,4332472.586781167,-468106.2447951276,0.0,-0.10236974585673503
301,3852,92.32607,46.833336,-6.25,43200,0.07244422694168329,-0.09962060035595392,4345238.723142079,-475881.0361998027,0.0,-0.11955330094017279
406,3879,92.32607,46.833336,-6.0,21600,-0.004792886625513557,-0.14378916700783914,4347273.775744883,-456916.88569019584,0.0,-0.013904667007953325
546,3915,92.32607,46.91667,-6.0,86400,-0.007330139428077788,-0.07852095709909472,4340549.125536747,-456210.0964726406,0.0,-0.046154218961507315
91,3798,92.32607,46.66667,-6.0833282,43200,0.012782898676114152,-0.0479465929712061,4360023.469108121,-464668.9756583009,0.0,-0.08697846663646919
161,3816,92.32607,46.75,-6.25,64800,-0.037580001994837374,-0.04010933292342696,4351950.96357759,-476616.1460837916,0.0,-0.035988484033966185
511,3906,92.32607,46.91667,-6.0833282,86400,0.005402064046842574,-0.12381216623786198,4339881.045145775,-462522.2992525033,0.0,0.14178081405588816
337,4041,109.7293,46.833336,-6.1666565,86400,0.03886863577904468,-0.04252767711812672,4345926.351221016,-469559.8699535443,0.0,0.08976257463952622
407,4059,109.7293,46.833336,-6.0,21600,-0.0073846303842687415,-0.14333837294086033,4347273.775744883,-456916.88569019584,0.0,-0.009382527572249307
197,4005,109.7293,46.75,-6.1666565,86400,-0.05230230226195069,-0.15881659603416337,4352639.653859386,-470285.21531356085,0.0,0.27106271007628513
127,3987,109.7293,46.66667,-6.0,21600,0.033113989641965096,-0.08378203970094969,4360694.650219674,-458327.4764384654,0.0,-0.04235370522606374
582,4104,109.7293,47.0,-6.25,86400,0.03958407518525961,0.008489709270089657,4331787.087405169,-474407.8424903363,0.0,-0.08240304352062598
442,4068,109.7293,46.91667,-6.25,64800,0.07461379166384849,-0.08109173102305908,4338517.220887722,-475144.9119816816,0.0,-0.127333615147543
687,4131,109.7293,47.0,-6.0,43200,0.0224103258368261,-0.04325454960150287,4333815.840058059,-455502.3996515776,0.0,0.1483433779936132
652,4122,109.7293,47.0,-6.0833282,43200,0.03587144992466543,-0.09257478408264026,4333148.796028124,-461804.81061430223,0.0,0.07563047032345482
162,3996,109.7293,46.75,-6.25,21600,-0.11972067216246168,-0.24807235131006072,4351950.96357759,-476616.1460837916,0.0,-0.016025682655021495
372,4050,109.7293,46.833336,-6.0833282,86400,0.006155744657645944,-0.11399640802808053,4346604.66032198,-463238.8677294356,0.0,-0.20601230157450828
477,4077,109.7293,46.91667,-6.1666565,64800,0.06677446390612558,-0.02317971762978735,4339203.78529813,-468833.52373287774,0.0,-0.13235667500923382
547,4095,109.7293,46.91667,-6.0,21600,0.12391120238888083,0.04556771911826428,4340549.125536747,-456210.0964726406,0.0,-0.04097821758087375
617,4113,109.7293,47.0,-6.1666565,64800,-0.02329498462392591,-0.12173229870958277,4332472.586781167,-468106.2447951276,0.0,-0.08714160273474612
302,4032,109.7293,46.833336,-6.25,43200,0.0674799929551361,-0.09531587513962993,4345238.723142079,-475881.0361998027,0.0,-0.10576151056593172
92,3978,109.7293,46.66667,-6.0833282,43200,0.014915323990754258,-0.05560059349193834,4360023.469108121,-464668.9756583009,0.0,-0.07995890942938588
407,4059,109.7293,46.833336,-6.0,43200,0.020717477482868788,-0.15218891961695996,4347273.775744883,-456916.88569019584,0.0,0.08331912247109437
617,4113,109.7293,47.0,-6.1666565,86400,-0.0004370271068392627,-0.1751166361064375,4332472.586781167,-468106.2447951276,0.0,-0.06100354412984085
582,4104,109.7293,47.0,-6.25,21600,-0.08253394116802494,-0.2132892632641979,4331787.087405169,-474407.8424903363,0.0,0.026357820146106305
652,4122,109.7293,47.0,-6.0833282,64800,0.09952624296122273,0.008500615868520953,4333148.796028124,-461804.81061430223,0.0,-0.015030331294116255
372,4050,109.7293,46.833336,-6.0833282,43200,-0.0255338454080522,-0.10421697370352576,4346604.66032198,-463238.8677294356,0.0,-0.0721682402421441
442,4068,109.7293,46.91667,-6.25,86400,-0.018154310771550428,-0.18034717765657904,4338517.220887722,-475144.9119816816,0.0,-0.06593629394621546
22,3960,109.7293,46.66667,-6.25,21600,0.03839575268450302,-0.021937370527834565,4358653.3150161095,-477350.1729464703,0.0,-0.028851214155909945
617,4113,109.7293,47.0,-6.1666565,21600,0.0768552118951435,0.0010523383389092894,4332472.586781167,-468106.2447951276,0.0,0.20409334978792923
337,4041,109.7293,46.833336,-6.1666565,43200,0.023131667394660986,-0.10171072673696084,4345926.351221016,-469559.8699535443,0.0,0.22810149067269617
687,4131,109.7293,47.0,-6.0,64800,-0.031818926023572586,-0.22546005497466448,4333815.840058059,-455502.3996515776,0.0,-0.010064667829313782
57,3969,109.7293,46.66667,-6.1666565,43200,0.0036439529177101446,-0.11001811940900477,4359343.065935845,-471009.49203812674,0.0,0.005908762522642564
442,4068,109.7293,46.91667,-6.25,43200,0.00043952016048335457,-0.11364579024422004,4338517.220887722,-475144.9119816816,0.0,0.04238363776625388
477,4077,109.7293,46.91667,-6.1666565,43200,0.009383285531010501,0.0071196707937432185,4339203.78529813,-468833.52373287774,0.0,-0.016132124478067163
22,3960,109.7293,46.66667,-6.25,86400,0.03360214156849485,-0.08174919773223877,4358653.3150161095,-477350.1729464703,0.0,0.11863046349647674
57,3969,109.7293,46.66667,-6.1666565,21600,0.01391596017313939,-0.10785171877347832,4359343.065935845,-471009.49203812674,0.0,0.03205222646670994
57,3969,109.7293,46.66667,-6.1666565,86400,-0.05271825114044876,-0.2760764765419758,4359343.065935845,-471009.49203812674,0.0,-0.019414028473443434
652,4122,109.7293,47.0,-6.0833282,21600,-0.016062321757408186,-0.16082744341437558,4333148.796028124,-461804.81061430223,0.0,0.09827127244123571
617,4113,109.7293,47.0,-6.1666565,43200,-0.023981635007215056,-0.2618035854888907,4332472.586781167,-468106.2447951276,0.0,0.07772932402374252
127,3987,109.7293,46.66667,-6.0,43200,0.09633995684045732,0.0010186809219048104,4360694.650219674,-458327.4764384654,0.0,-0.03664523799819193
477,4077,109.7293,46.91667,-6.1666565,86400,-0.02999749816998137,-0.1490086881500618,4339203.78529813,-468833.52373287774,0.0,0.05498509426053667
232,4014,109.7293,46.75,-6.0833282,86400,-0.04229099101579974,-0.14859693676178898,4353319.010767862,-463954.4488188505,0.0,-0.07432097618715976
512,4086,109.7293,46.91667,-6.0833282,64800,-0.02968998138527287,-0.15390675718517333,4339881.045145775,-462522.2992525033,0.0,0.014851011254187209
442,4068,109.7293,46.91667,-6.25,21600,0.011954849548928576,-0.1334862454515928,4338517.220887722,-475144.9119816816,0.0,0.10071745195899914
582,4104,109.7293,47.0,-6.25,43200,-0.015502859595083109,-0.10157422431818379,4331787.087405169,-474407.8424903363,0.0,-0.04625611559222335
477,4077,109.7293,46.91667,-6.1666565,21600,0.007823163776694222,-0.012372192828924503,4339203.78529813,-468833.52373287774,0.0,-0.016784015647999802
547,4095,109.7293,46.91667,-6.0,43200,-0.024743024175718987,-0.1671373869121356,4340549.125536747,-456210.0964726406,0.0,0.16472820561663928
547,4095,109.7293,46.91667,-6.0,64800,0.012516346157079639,-0.05271798245619622,4340549.125536747,-456210.0964726406,0.0,0.03883256957840801
512,4086,109.7293,46.91667,-6.0833282,43200,0.04862748854888037,-0.067563800021502,4339881.045145775,-462522.2992525033,0.0,-0.013875326088260687
512,4086,109.7293,46.91667,-6.0833282,21600,-0.030778581746527683,-0.12457620502704907,4339881.045145775,-462522.2992525033,0.0,0.1716660268656786
267,4023,109.7293,46.75,-6.0,86400,0.016527282092134457,-0.1207875925459703,4353989.159796485,-457622.70099545474,0.0,0.18713342550950382
582,4104,109.7293,47.0,-6.25,64800,0.04796115619549521,-0.12319180894594084,4331787.087405169,-474407.8424903363,0.0,0.009998948507266106
92,3978,109.7293,46.66667,-6.0833282,21600,-0.043470765360206096,-0.29974724948130416,4360023.469108121,-464668.9756583009,0.0,-0.003375961852709154
267,4023,109.7293,46.75,-6.0,43200,0.04502027749939861,0.030514657020516797,4353989.159796485,-457622.70099545474,0.0,0.1868365559454761
302,4032,109.7293,46.833336,-6.25,86400,0.137885896481931,-0.03841933238704889,4345238.723142079,-475881.0361998027,0.0,-0.07557936754782484
92,3978,109.7293,46.66667,-6.0833282,64800,-0.046198093841537446,-0.10715413217391315,4360023.469108121,-464668.9756583009,0.0,0.027964587062171583
197,4005,109.7293,46.75,-6.1666565,64800,0.03436541974673308,-0.060353051741538245,4352639.653859386,-470285.21531356085,0.0,-0.105058772504802
57,3969,109.7293,46.66667,-6.1666565,64800,0.055776413399818855,-0.1297343599671451,4359343.065935845,-471009.49203812674,0.0,-0.037961311480112114
197,4005,109.7293,46.75,-6.1666565,43200,-0.007500331905633498,-0.03543773058784175,4352639.653859386,-470285.21531356085,0.0,0.0721056429981462
267,4023,109.7293,46.75,-6.0,64800,0.012212672912974565,-0.12794731028683307,4353989.159796485,-457622.70099545474,0.0,0.14521816807901516
372,4050,109.7293,46.833336,-6.0833282,64800,0.0704227553795301,0.02106482006524911,4346604.66032198,-463238.8677294356,0.0,-0.10735542342723792
512,4086,109.7293,46.91667,-6.0833282,86400,0.00818381085186612,-0.12216316458392021,4339881.045145775,-462522.2992525033,0.0,0.1294588857379432
302,4032,109.7293,46.833336,-6.25,21600,0.009278534443151649,0.0013652587527915316,4345238.723142079,-475881.0361998027,0.0,-0.007656902564331824
547,4095,109.7293,46.91667,-6.0,86400,-0.005510865079350665,-0.08147533090810616,4340549.125536747,-456210.0964726406,0.0,-0.03862251239170764
162,3996,109.7293,46.75,-6.25,86400,0.04643380387148491,-0.09540869264536157,4351950.96357759,-476616.1460837916,0.0,0.002790391118219603
92,3978,109.7293,46.66667,-6.0833282,86400,0.09570552764086357,-0.03150905057226076,4360023.469108121,-464668.9756583009,0.0,0.10597374234415456
232,4014,109.7293,46.75,-6.0833282,21600,-0.07257913919220221,-0.2217587669348594,4353319.010767862,-463954.4488188505,0.0,-0.02310396943133264
162,3996,109.7293,46.75,-6.25,64800,-0.030202410317259797,-0.03328659276332879,4351950.96357759,-476616.1460837916,0.0,-0.03196414137669533
407,4059,109.7293,46.833336,-6.0,86400,0.06749543528381363,-0.0221915204624636,4347273.775744883,-456916.88569019584,0.0,0.0001348378499917374
197,4005,109.7293,46.75,-6.1666565,21600,-0.07789594358528584,-0.24306526692620356,4352639.653859386,-470285.21531356085,0.0,-0.131956900882069
337,4041,109.7293,46.833336,-6.1666565,64800,0.019201794280299493,-0.1699965557808697,4345926.351221016,-469559.8699535443,0.0,0.1459049615455067
302,4032,109.7293,46.833336,-6.25,64800,0.047810113431595205,0.038805709685318976,4345238.723142079,-475881.0361998027,0.0,0.06718595792416149
337,4041,109.7293,46.833336,-6.1666565,21600,0.0671914883986341,-0.15535474632798954,4345926.351221016,-469559.8699535443,0.0,-0.0663906412229947
687,4131,109.7293,47.0,-6.0,21600,0.06903429416045459,-0.022532185846880978,4333815.840058059,-455502.3996515776,0.0,0.044038353178798235
162,3996,109.7293,46.75,-6.25,43200,-0.013013056106672548,0.001082533224771573,4351950.96357759,-476616.1460837916,0.0,-0.004952014608778373
372,4050,109.7293,46.833336,-6.0833282,21600,0.016974519204961493,-0.06891143308151179,4346604.66032198,-463238.8677294356,0.0,0.057434630562022464
22,3960,109.7293,46.66667,-6.25,43200,-0.002383135920314994,-0.0853806073400292,4358653.3150161095,-477350.1729464703,0.0,0.009057025153486
127,3987,109.7293,46.66667,-6.0,64800,-0.08279006237194478,-0.18530527967031918,4360694.650219674,-458327.4764384654,0.0,-0.08254666355029079
22,3960,109.7293,46.66667,-6.25,64800,0.013510799370832062,-0.11411178598017187,4358653.3150161095,-477350.1729464703,0.0,0.07983477917427914
127,3987,109.7293,46.66667,-6.0,86400,0.025949893409334658,-0.044907328922739236,4360694.650219674,-458327.4764384654,0.0,0.028925884081088305
652,4122,109.7293,47.0,-6.0833282,86400,-0.012698305866667953,-0.033373947128921305,4333148.796028124,-461804.81061430223,0.0,-0.21112505715130847
407,4059,109.7293,46.833336,-6.0,64800,0.019906537415150097,-0.07100531782076167,4347273.775744883,-456916.88569019584,0.0,-0.011413538930234739
687,4131,109.7293,47.0,-6.0,86400,0.0065008390886427524,-0.14515954188262994,4333815.840058059,-455502.3996515776,0.0,-0.17878230094808625
232,4014,109.7293,46.75,-6.0833282,43200,-0.059248637684803644,-0.18653460425810225,4353319.010767862,-463954.4488188505,0.0,0.033605734316154184
232,4014,109.7293,46.75,-6.0833282,64800,-0.021467961947315845,-0.09406253572681016,4353319.010767862,-463954.4488188505,0.0,0.021195434623816324
267,4023,109.7293,46.75,-6.0,21600,-0.030489109074924456,-0.15940564707941218,4353989.159796485,-457622.70099545474,0.0,-0.11169285245713118
233,4194,130.666,46.75,-6.0833282,21600,-0.061473821585363284,-0.20443951160201979,4353319.010767862,-463954.4488188505,0.0,-0.013662602155399464
583,4284,130.666,47.0,-6.25,64800,0.042264053139114785,-0.12297157413560739,4331787.087405169,-474407.8424903363,0.0,0.0077005895557233925
618,4293,130.666,47.0,-6.1666565,64800,-0.01800318110586238,-0.11358515751827401,4332472.586781167,-468106.2447951276,0.0,-0.07264632835888273
128,4167,130.666,46.66667,-6.0,43200,0.08253052633634059,-0.017089685842764657,4360694.650219674,-458327.4764384654,0.0,-0.023199567307321287
338,4221,130.666,46.833336,-6.1666565,86400,0.0352244821823494,-0.04642193671207506,4345926.351221016,-469559.8699535443,0.0,0.08349697886076002
548,4275,130.666,46.91667,-6.0,86400,-0.003987836760437288,-0.08552963438352888,4340549.125536747,-456210.0964726406,0.0,-0.030467762512721458
338,4221,130.666,46.833336,-6.1666565,43200,0.020256405168738313,-0.09747287012711214,4345926.351221016,-469559.8699535443,0.0,0.2144399977988633
548,4275,130.666,46.91667,-6.0,43200,-0.023433604472120964,-0.16105631704599846,4340549.125536747,-456210.0964726406,0.0,0.15153529412189173
93,4158,130.666,46.66667,-6.0833282,43200,0.016393712789840635,-0.06384960678597099,4360023.469108121,-464668.9756583009,0.0,-0.07333649359647919
618,4293,130.666,47.0,-6.1666565,43200,-0.018660739476851866,-0.24153937830748817,4332472.586781167,-468106.2447951276,0.0,0.0689273679201194
128,4167,130.666,46.66667,-6.0,86400,0.024669045747976348,-0.05401378538982883,4360694.650219674,-458327.4764384654,0.0,0.02541133441893434
163,4176,130.666,46.75,-6.25,64800,-0.02315176443498245,-0.02847378519650641,4351950.96357759,-476616.1460837916,0.0,-0.02795540093540309
408,4239,130.666,46.833336,-6.0,43200,0.017099367533562806,-0.15082169947420465,4347273.775744883,-456916.88569019584,0.0,0.08416716738613912
653,4302,130.666,47.0,-6.0833282,21600,-0.011808670084218905,-0.1554262443616443,4333148.796028124,-461804.81061430223,0.0,0.09011200880184426
93,4158,130.666,46.66667,-6.0833282,64800,-0.0388558368766189,-0.10942452580576605,4360023.469108121,-464668.9756583009,0.0,0.02903954369793734
163,4176,130.666,46.75,-6.25,43200,-0.008414097045654441,-0.010760479916583646,4351950.96357759,-476616.1460837916,0.0,0.0009023521192285473
58,4149,130.666,46.66667,-6.1666565,86400,-0.047349602846464306,-0.2554241604447405,4359343.065935845,-471009.49203812674,0.0,-0.02430015302807914
478,4257,130.666,46.91667,-6.1666565,86400,-0.024429635106406097,-0.14809805916037863,4339203.78529813,-468833.52373287774,0.0,0.04940500002191743
303,4212,130.666,46.833336,-6.25,43200,0.06200540914277556,-0.09174964758570174,4345238.723142079,-475881.0361998027,0.0,-0.09238370328118009
688,4311,130.666,47.0,-6.0,64800,-0.029107217524539004,-0.22164772428562785,4333815.840058059,-455502.3996515776,0.0,-0.014049117853844403
163,4176,130.666,46.75,-6.25,86400,0.04951336554393229,-0.0888915452006888,4351950.96357759,-476616.1460837916,0.0,0.009891949474708403
303,4212,130.666,46.833336,-6.25,64800,0.043618866929969954,0.02449087976066329,4345238.723142079,-475881.0361998027,0.0,0.06115842185666157
478,4257,130.666,46.91667,-6.1666565,43200,0.005029576463104643,-0.010380944996203234,4339203.78529813,-468833.52373287774,0.0,-0.02121293612312421
338,4221,130.666,46.833336,-6.1666565,21600,0.05902429058348178,-0.15672747432702583,4345926.351221016,-469559.8699535443,0.0,-0.06648931098541361
338,4221,130.666,46.833336,-6.1666565,64800,0.02186745565328642,-0.16001490302017923,4345926.351221016,-469559.8699535443,0.0,0.12824379151800855
478,4257,130.666,46.91667,-6.1666565,21600,0.011017695850045648,-0.024151561811088726,4339203.78529813,-468833.52373287774,0.0,-0.018940303323842174
163,4176,130.666,46.75,-6.25,21600,-0.10565525022624445,-0.23333637186828426,4351950.96357759,-476616.1460837916,0.0,-0.01822550445429471
303,4212,130.666,46.833336,-6.25,21600,0.007212769989866188,-0.008431308370009258,4345238.723142079,-475881.0361998027,0.0,-0.0013049594297600664
583,4284,130.666,47.0,-6.25,43200,-0.010331055371330207,-0.0975261865004023,4331787.087405169,-474407.8424903363,0.0,-0.03702250867893287
688,4311,130.666,47.0,-6.0,21600,0.06650241370644289,-0.025447750585157067,4333815.840058059,-455502.3996515776,0.0,0.0499316726243335
58,4149,130.666,46.66667,-6.1666565,21600,0.012576826256062466,-0.10794697639276574,4359343.065935845,-471009.49203812674,0.0,0.028591415183765262
443,4248,130.666,46.91667,-6.25,43200,0.002504938080113848,-0.10902988235500817,4338517.220887722,-475144.9119816816,0.0,0.03638074081610209
513,4266,130.666,46.91667,-6.0833282,64800,-0.025016144288440567,-0.14854369918863658,4339881.045145775,-462522.2992525033,0.0,0.021107475023637773
233,4194,130.666,46.75,-6.0833282,43200,-0.05401739642344408,-0.18209557412351307,4353319.010767862,-463954.4488188505,0.0,0.021887920211730742
58,4149,130.666,46.66667,-6.1666565,43200,0.0018320065859669266,-0.10836287820049531,4359343.065935845,-471009.49203812674,0.0,0.005177126752019415
548,4275,130.666,46.91667,-6.0,21600,0.1153620220504334,0.02789637101697627,4340549.125536747,-456210.0964726406,0.0,-0.034135376645601186
233,4194,130.666,46.75,-6.0833282,86400,-0.03792994678105697,-0.14563197097040192,4353319.010767862,-463954.4488188505,0.0,-0.06228201579745833
93,4158,130.666,46.66667,-6.0833282,86400,0.08484405207173673,-0.03743605856427139,4360023.469108121,-464668.9756583009,0.0,0.0971774987593003
198,4185,130.666,46.75,-6.1666565,86400,-0.03959325896000516,-0.14845243135456798,4352639.653859386,-470285.21531356085,0.0,0.24156565123705553
408,4239,130.666,46.833336,-6.0,86400,0.05838678813967615,-0.03231958834170012,4347273.775744883,-456916.88569019584,0.0,0.0013510530622178512
198,4185,130.666,46.75,-6.1666565,21600,-0.06916771147284932,-0.23746499889849837,4352639.653859386,-470285.21531356085,0.0,-0.12297538842254141
93,4158,130.666,46.66667,-6.0833282,21600,-0.039499022628380474,-0.28537271571057266,4360023.469108121,-464668.9756583009,0.0,0.0042120035610811795
478,4257,130.666,46.91667,-6.1666565,64800,0.057714458023137585,-0.03098862248487501,4339203.78529813,-468833.52373287774,0.0,-0.1332776244681709
23,4140,130.666,46.66667,-6.25,64800,0.010425505200305248,-0.11427145203562472,4358653.3150161095,-477350.1729464703,0.0,0.07106965218598522
198,4185,130.666,46.75,-6.1666565,64800,0.0333052671978407,-0.06548166761176905,4352639.653859386,-470285.21531356085,0.0,-0.08849118425227774
653,4302,130.666,47.0,-6.0833282,43200,0.0335809066532649,-0.09435822018414879,4333148.796028124,-461804.81061430223,0.0,0.07515390439777045
618,4293,130.666,47.0,-6.1666565,86400,0.0016447398123154242,-0.1702451233127289,4332472.586781167,-468106.2447951276,0.0,-0.06984431200219102
268,4203,130.666,46.75,-6.0,43200,0.043422022236724075,0.020006940069141138,4353989.159796485,-457622.70099545474,0.0,0.1587735502588827
373,4230,130.666,46.833336,-6.0833282,21600,0.01463688192070888,-0.07884730764116815,4346604.66032198,-463238.8677294356,0.0,0.0601735827654298
23,4140,130.666,46.66667,-6.25,21600,0.032789436873273424,-0.03535714606759244,4358653.3150161095,-477350.1729464703,0.0,-0.033018177203712355
408,4239,130.666,46.833336,-6.0,64800,0.025224639635800596,-0.06212985218649871,4347273.775744883,-456916.88569019584,0.0,-0.011383746664820466
23,4140,130.666,46.66667,-6.25,86400,0.031751567479659674,-0.08513260747455499,4358653.3150161095,-477350.1729464703,0.0,0.10997022683740117
443,4248,130.666,46.91667,-6.25,64800,0.06495040162652527,-0.08989914773933497,4338517.220887722,-475144.9119816816,0.0,-0.1186155176312536
23,4140,130.666,46.66667,-6.25,43200,-0.0021006426550468074,-0.09077149459185045,4358653.3150161095,-477350.1729464703,0.0,0.011176001061681195
653,4302,130.666,47.0,-6.0833282,86400,-0.0028043210393904946,-0.030492493880869206,4333148.796028124,-461804.81061430223,0.0,-0.18539562330657863
373,4230,130.666,46.833336,-6.0833282,86400,0.002648218811490793,-0.11609839835461608,4346604.66032198,-463238.8677294356,0.0,-0.1976007237188754
618,4293,130.666,47.0,-6.1666565,21600,0.06800930914096365,-0.008195865624647636,4332472.586781167,-468106.2447951276,0.0,0.1805550999943013
303,4212,130.666,46.833336,-6.25,86400,0.12157068210766381,-0.055451245008871296,4345238.723142079,-475881.0361998027,0.0,-0.06864751168907055
408,4239,130.666,46.833336,-6.0,21600,-0.009795975808119396,-0.14293936075001362,4347273.775744883,-456916.88569019584,0.0,-0.0054833190539576625
128,4167,130.666,46.66667,-6.0,64800,-0.07537918204564299,-0.17817816634289796,4360694.650219674,-458327.4764384654,0.0,-0.07560125744767808
513,4266,130.666,46.91667,-6.0833282,43200,0.05071128315418012,-0.06394340291353191,4339881.045145775,-462522.2992525033,0.0,-0.021929295030480488
268,4203,130.666,46.75,-6.0,21600,-0.024579381294013318,-0.15433779765186798,4353989.159796485,-457622.70099545474,0.0,-0.10566183871660864
513,4266,130.666,46.91667,-6.0833282,21600,-0.02445888084064237,-0.11888204637435859,4339881.045145775,-462522.2992525033,0.0,0.15267381276261022
58,4149,130.666,46.66667,-6.1666565,64800,0.050679860566786715,-0.12678733501001718,4359343.065935845,-471009.49203812674,0.0,-0.04307321133003661
653,4302,130.666,47.0,-6.0833282,64800,0.08960184127583004,-0.002712082917134359,4333148.796028124,-461804.81061430223,0.0,-0.012489691257337262
268,4203,130.666,46.75,-6.0,86400,0.014050044629661817,-0.11833538706401524,4353989.159796485,-457622.70099545474,0.0,0.17563035385494752
513,4266,130.666,46.91667,-6.0833282,86400,0.0105913464946283,-0.12129532222387544,4339881.045145775,-462522.2992525033,0.0,0.11571388749591907
583,4284,130.666,47.0,-6.25,21600,-0.0706720347927504,-0.20136751818466475,4331787.087405169,-474407.8424903363,0.0,0.02886070928989877
443,4248,130.666,46.91667,-6.25,21600,0.008700866567740257,-0.13449853140220347,4338517.220887722,-475144.9119816816,0.0,0.09527324584436499
233,4194,130.666,46.75,-6.0833282,64800,-0.015008938070964081,-0.0884948172849656,4353319.010767862,-463954.4488188505,0.0,0.021846272140961714
688,4311,130.666,47.0,-6.0,86400,-0.0010710542001231942,-0.1501701130762647,4333815.840058059,-455502.3996515776,0.0,-0.1624678528999228
583,4284,130.666,47.0,-6.25,86400,0.038995047378858734,-0.0016239557012138195,4331787.087405169,-474407.8424903363,0.0,-0.07485976172973202
443,4248,130.666,46.91667,-6.25,86400,-0.013102026832744411,-0.1722518048615893,4338517.220887722,-475144.9119816816,0.0,-0.06051497184327539
373,4230,130.666,46.833336,-6.0833282,64800,0.06314951702895363,0.005170077932875078,4346604.66032198,-463238.8677294356,0.0,-0.08872813885230928
688,4311,130.666,47.0,-6.0,43200,0.02005901880893512,-0.052651971637738146,4333815.840058059,-455502.3996515776,0.0,0.12291722324391664
548,4275,130.666,46.91667,-6.0,64800,0.016726269371641247,-0.05718915873260047,4340549.125536747,-456210.0964726406,0.0,0.039776448413180496
373,4230,130.666,46.833336,-6.0833282,43200,-0.017093415930446942,-0.10295975580766507,4346604.66032198,-463238.8677294356,0.0,-0.05953323146805494
128,4167,130.666,46.66667,-6.0,21600,0.028819855608740112,-0.08721176067905326,4360694.650219674,-458327.4764384654,0.0,-0.03821032792128617
198,4185,130.666,46.75,-6.1666565,43200,-0.006277900878941714,-0.04079501380176227,4352639.653859386,-470285.21531356085,0.0,0.06490689025745605
268,4203,130.666,46.75,-6.0,64800,0.009463675009452133,-0.12800321999914602,4353989.159796485,-457622.70099545474,0.0,0.12365249026555553
59,4329,155.8507,46.66667,-6.1666565,43200,0.0007839359784289311,-0.10649956502818955,4359343.065935845,-471009.49203812674,0.0,0.005087246337486924
584,4464,155.8507,47.0,-6.25,64800,0.03633330681237379,-0.12334720973145533,4331787.087405169,-474407.8424903363,0.0,0.007517255953401563
304,4392,155.8507,46.833336,-6.25,64800,0.039542386564050895,0.009680653139129719,4345238.723142079,-475881.0361998027,0.0,0.054770728037104845
479,4437,155.8507,46.91667,-6.1666565,43200,0.0020216996529843975,-0.02651425343580531,4339203.78529813,-468833.52373287774,0.0,-0.025351414183665925
514,4446,155.8507,46.91667,-6.0833282,21600,-0.017576947601528697,-0.11260372086696756,4339881.045145775,-462522.2992525033,0.0,0.13286234442190092
374,4410,155.8507,46.833336,-6.0833282,86400,-0.00026641951977304963,-0.11771438585546712,4346604.66032198,-463238.8677294356,0.0,-0.18759103098807772
129,4347,155.8507,46.66667,-6.0,64800,-0.06695784711584286,-0.16988905655202025,4360694.650219674,-458327.4764384654,0.0,-0.06754270850941052
59,4329,155.8507,46.66667,-6.1666565,21600,0.011900860974517428,-0.10727012707585748,4359343.065935845,-471009.49203812674,0.0,0.026164799923704657
269,4383,155.8507,46.75,-6.0,86400,0.012013643026295925,-0.11600704486155733,4353989.159796485,-457622.70099545474,0.0,0.16294879123618752
549,4455,155.8507,46.91667,-6.0,86400,-0.002717256002484531,-0.09050893150326923,4340549.125536747,-456210.0964726406,0.0,-0.02188584400500888
129,4347,155.8507,46.66667,-6.0,86400,0.02386009425468115,-0.06238737889526843,4360694.650219674,-458327.4764384654,0.0,0.022392708268742748
339,4401,155.8507,46.833336,-6.1666565,43200,0.017308015704867733,-0.09487271585287754,4345926.351221016,-469559.8699535443,0.0,0.19905762777145516
269,4383,155.8507,46.75,-6.0,21600,-0.018681619363491067,-0.14841986587971184,4353989.159796485,-457622.70099545474,0.0,-0.0993213564226588
304,4392,155.8507,46.833336,-6.25,86400,0.10562645120148616,-0.07100506313453421,4345238.723142079,-475881.0361998027,0.0,-0.060840870041611816
619,4473,155.8507,47.0,-6.1666565,21600,0.05934948332162398,-0.01772599456966882,4332472.586781167,-468106.2447951276,0.0,0.15713240431323186
199,4365,155.8507,46.75,-6.1666565,64800,0.03239653308070473,-0.07048863295585789,4352639.653859386,-470285.21531356085,0.0,-0.07312405845565179
24,4320,155.8507,46.66667,-6.25,21600,0.02753331638314894,-0.04830847302510971,4358653.3150161095,-477350.1729464703,0.0,-0.036681084411901516
619,4473,155.8507,47.0,-6.1666565,86400,0.003752616050608136,-0.1650814028159176,4332472.586781167,-468106.2447951276,0.0,-0.07671889648213855
654,4482,155.8507,47.0,-6.0833282,64800,0.07968082633999626,-0.014510280222363739,4333148.796028124,-461804.81061430223,0.0,-0.010864745504665244
374,4410,155.8507,46.833336,-6.0833282,43200,-0.00913793881552656,-0.10196285472386817,4346604.66032198,-463238.8677294356,0.0,-0.04749206334609613
444,4428,155.8507,46.91667,-6.25,86400,-0.008576604521690344,-0.16502880068972683,4338517.220887722,-475144.9119816816,0.0,-0.05602866795663872
584,4464,155.8507,47.0,-6.25,21600,-0.05904741576445594,-0.18989985581601,4331787.087405169,-474407.8424903363,0.0,0.030251196149177425
269,4383,155.8507,46.75,-6.0,64800,0.0067955933375891285,-0.12764548740241854,4353989.159796485,-457622.70099545474,0.0,0.10262352039452567
24,4320,155.8507,46.66667,-6.25,86400,0.029080307684684573,-0.08942980920404531,4358653.3150161095,-477350.1729464703,0.0,0.10064474003928472
654,4482,155.8507,47.0,-6.0833282,86400,0.005980903436800068,-0.02986888252005214,4333148.796028124,-461804.81061430223,0.0,-0.15968650089960584
164,4356,155.8507,46.75,-6.25,64800,-0.01661012725849123,-0.026099850172520603,4351950.96357759,-476616.1460837916,0.0,-0.024040390652244628
409,4419,155.8507,46.833336,-6.0,43200,0.01410919768975226,-0.14797162121346674,4347273.775744883,-456916.88569019584,0.0,0.0846002215629277
304,4392,155.8507,46.833336,-6.25,43200,0.05612324081100861,-0.08906153681762784,4345238.723142079,-475881.0361998027,0.0,-0.07980171100249182
619,4473,155.8507,47.0,-6.1666565,64800,-0.012612422376829892,-0.10537839016471989,4332472.586781167,-468106.2447951276,0.0,-0.05931666944018933
234,4374,155.8507,46.75,-6.0833282,21600,-0.0508979066414805,-0.18751087636833708,4353319.010767862,-463954.4488188505,0.0,-0.004534086168080814
549,4455,155.8507,46.91667,-6.0,21600,0.10618683175329484,0.01076046191020609,4340549.125536747,-456210.0964726406,0.0,-0.027703840529418808
94,4338,155.8507,46.66667,-6.0833282,43200,0.017192932238002934,-0.07239779666899489,4360023.469108121,-464668.9756583009,0.0,-0.0672284421710001
444,4428,155.8507,46.91667,-6.25,43200,0.004860482970305321,-0.10403148907268962,4338517.220887722,-475144.9119816816,0.0,0.02963107906573316
409,4419,155.8507,46.833336,-6.0,86400,0.04955264509251052,-0.04307243678078698,4347273.775744883,-456916.88569019584,0.0,0.002165775319288253
304,4392,155.8507,46.833336,-6.25,21600,0.004861798044352084,-0.019596775755291604,4345238.723142079,-475881.0361998027,0.0,0.004342068992870389
689,4491,155.8507,47.0,-6.0,86400,-0.007209265026578385,-0.15361857042458424,4333815.840058059,-455502.3996515776,0.0,-0.14599589803927626
689,4491,155.8507,47.0,-6.0,64800,-0.025213584344778977,-0.2157914009291728,4333815.840058059,-455502.3996515776,0.0,-0.0173486935130355
199,4365,155.8507,46.75,-6.1666565,43200,-0.004674642161368545,-0.046780813014000486,4352639.653859386,-470285.21531356085,0.0,0.058092851095901635
409,4419,155.8507,46.833336,-6.0,64800,0.029819682708990096,-0.05487153754420939,4347273.775744883,-456916.88569019584,0.0,-0.011223657144376096
269,4383,155.8507,46.75,-6.0,43200,0.04169068840255167,0.008670241950945151,4353989.159796485,-457622.70099545474,0.0,0.13148295729968368
514,4446,155.8507,46.91667,-6.0833282,43200,0.05148078256777753,-0.061160705574048034,4339881.045145775,-462522.2992525033,0.0,-0.02814976792409782
94,4338,155.8507,46.66667,-6.0833282,86400,0.07371676114262661,-0.044115413426659686,4360023.469108121,-464668.9756583009,0.0,0.08694488532242452
234,4374,155.8507,46.75,-6.0833282,64800,-0.009050680568747143,-0.0841697629669029,4353319.010767862,-463954.4488188505,0.0,0.023148110495663333
479,4437,155.8507,46.91667,-6.1666565,21600,0.014375049138140916,-0.03554535942378892,4339203.78529813,-468833.52373287774,0.0,-0.019965839611438836
339,4401,155.8507,46.833336,-6.1666565,21600,0.05090659212072013,-0.15727636695706543,4345926.351221016,-469559.8699535443,0.0,-0.0654476987420012
374,4410,155.8507,46.833336,-6.0833282,21600,0.01232263525817057,-0.08843154973865566,4346604.66032198,-463238.8677294356,0.0,0.06229942601730788
374,4410,155.8507,46.833336,-6.0833282,64800,0.05542946501194122,-0.010789823261229611,4346604.66032198,-463238.8677294356,0.0,-0.07059858231349532
94,4338,155.8507,46.66667,-6.0833282,21600,-0.03514346779616606,-0.2694367937986595,4360023.469108121,-464668.9756583009,0.0,0.010600742574529701
24,4320,155.8507,46.66667,-6.25,43200,-0.0016772747817832417,-0.09585716497341429,4358653.3150161095,-477350.1729464703,0.0,0.012866606509556906
479,4437,155.8507,46.91667,-6.1666565,86400,-0.019134727012348342,-0.1465524421346065,4339203.78529813,-468833.52373287774,0.0,0.043689866231706745
339,4401,155.8507,46.833336,-6.1666565,64800,0.024125122370567294,-0.1509036684981757,4345926.351221016,-469559.8699535443,0.0,0.11048134848599965
444,4428,155.8507,46.91667,-6.25,64800,0.055628259400254114,-0.09792406297205719,4338517.220887722,-475144.9119816816,0.0,-0.10930805419329172
59,4329,155.8507,46.66667,-6.1666565,86400,-0.04165630847341779,-0.2345152606521308,4359343.065935845,-471009.49203812674,0.0,-0.02860015277949517
129,4347,155.8507,46.66667,-6.0,21600,0.024548141080346454,-0.09089289783626363,4360694.650219674,-458327.4764384654,0.0,-0.034522814260214064
584,4464,155.8507,47.0,-6.25,43200,-0.004981020403309177,-0.09344401812856777,4331787.087405169,-474407.8424903363,0.0,-0.028388246932646768
164,4356,155.8507,46.75,-6.25,86400,0.051839887315526745,-0.08327140335370853,4351950.96357759,-476616.1460837916,0.0,0.014856348336849842
654,4482,155.8507,47.0,-6.0833282,43200,0.03138075920810908,-0.09529151819014105,4333148.796028124,-461804.81061430223,0.0,0.07289767211410458
234,4374,155.8507,46.75,-6.0833282,86400,-0.03287741031377122,-0.14188775175206084,4353319.010767862,-463954.4488188505,0.0,-0.05152607601434736
514,4446,155.8507,46.91667,-6.0833282,64800,-0.020457920929539533,-0.14305903002258302,4339881.045145775,-462522.2992525033,0.0,0.025427911353107416
584,4464,155.8507,47.0,-6.25,86400,0.03925914015692683,-0.011234345121150596,4331787.087405169,-474407.8424903363,0.0,-0.06712283612262938
409,4419,155.8507,46.833336,-6.0,21600,-0.011808000023117956,-0.14247827312417014,4347273.775744883,-456916.88569019584,0.0,-0.002319461380492987
549,4455,155.8507,46.91667,-6.0,43200,-0.021822482725842522,-0.15468647605240746,4340549.125536747,-456210.0964726406,0.0,0.1368136282463086
59,4329,155.8507,46.66667,-6.1666565,64800,0.04573246962266138,-0.12431524510854666,4359343.065935845,-471009.49203812674,0.0,-0.04637489426226268
689,4491,155.8507,47.0,-6.0,21600,0.06320548644881586,-0.02978575232483087,4333815.840058059,-455502.3996515776,0.0,0.054570860646736274
94,4338,155.8507,46.66667,-6.0833282,64800,-0.031795071947971806,-0.1116334664426587,4360023.469108121,-464668.9756583009,0.0,0.029313508528669395
619,4473,155.8507,47.0,-6.1666565,43200,-0.014007111902924165,-0.22163536895022817,4332472.586781167,-468106.2447951276,0.0,0.06039703965168704
234,4374,155.8507,46.75,-6.0833282,43200,-0.047780947020699585,-0.1766785229700248,4353319.010767862,-463954.4488188505,0.0,0.011497207170572333
479,4437,155.8507,46.91667,-6.1666565,64800,0.04863788487902823,-0.03946286558522209,4339203.78529813,-468833.52373287774,0.0,-0.13201047296863322
549,4455,155.8507,46.91667,-6.0,64800,0.02053232917497523,-0.062243475215030444,4340549.125536747,-456210.0964726406,0.0,0.04065365362065203
164,4356,155.8507,46.75,-6.25,21600,-0.09102379465660822,-0.21792054385649684,4351950.96357759,-476616.1460837916,0.0,-0.019860090018350256
199,4365,155.8507,46.75,-6.1666565,86400,-0.02762740752975451,-0.13861014917620523,4352639.653859386,-470285.21531356085,0.0,0.2117127918537843
164,4356,155.8507,46.75,-6.25,43200,-0.0037894624083455366,-0.022211294110141416,4351950.96357759,-476616.1460837916,0.0,0.005767595618569729
129,4347,155.8507,46.66667,-6.0,43200,0.06926248552237166,-0.03470790013938159,4360694.650219674,-458327.4764384654,0.0,-0.011402707969119769
514,4446,155.8507,46.91667,-6.0833282,86400,0.012535062133432792,-0.12122910925509806,4339881.045145775,-462522.2992525033,0.0,0.10089344355978586
24,4320,155.8507,46.66667,-6.25,64800,0.007887016754809042,-0.1141371116612972,4358653.3150161095,-477350.1729464703,0.0,0.06225854325993931
339,4401,155.8507,46.833336,-6.1666565,86400,0.0316075381946937,-0.050471778519196285,4345926.351221016,-469559.8699535443,0.0,0.07602786380159356
654,4482,155.8507,47.0,-6.0833282,21600,-0.007874256131788212,-0.1500600105870426,4333148.796028124,-461804.81061430223,0.0,0.08185877815764216
444,4428,155.8507,46.91667,-6.25,21600,0.0061837271366842125,-0.13395393578048537,4338517.220887722,-475144.9119816816,0.0,0.09012106486478846
199,4365,155.8507,46.75,-6.1666565,21600,-0.0594176485715825,-0.22908243244040707,4352639.653859386,-470285.21531356085,0.0,-0.11319278916919712
689,4491,155.8507,47.0,-6.0,43200,0.018144370629600576,-0.06149460353484634,4333815.840058059,-455502.3996515776,0.0,0.09847995486892769
375,4590,186.1256,46.833336,-6.0833282,64800,0.04766862462841975,-0.02622431860491435,4346604.66032198,-463238.8677294356,0.0,-0.05350295505844678
375,4590,186.1256,46.833336,-6.0833282,43200,-0.0019918049020195717,-0.10137317358851301,4346604.66032198,-463238.8677294356,0.0,-0.03650879777746818
270,4563,186.1256,46.75,-6.0,64800,0.004399857992535066,-0.12679107395443762,4353989.159796485,-457622.70099545474,0.0,0.08287128943831648
60,4509,186.1256,46.66667,-6.1666565,64800,0.040983879526693905,-0.12245577755340498,4359343.065935845,-471009.49203812674,0.0,-0.04775982666000408
655,4662,186.1256,47.0,-6.0833282,21600,-0.004452315769976201,-0.14495452004915474,4333148.796028124,-461804.81061430223,0.0,0.07350533541392591
480,4617,186.1256,46.91667,-6.1666565,64800,0.03989924960256137,-0.04837281141311699,4339203.78529813,-468833.52373287774,0.0,-0.12839475481399784
130,4527,186.1256,46.66667,-6.0,21600,0.020485689932162293,-0.09468030891109055,4360694.650219674,-458327.4764384654,0.0,-0.031329953499644694
585,4644,186.1256,47.0,-6.25,21600,-0.04802797305463098,-0.17914068428503832,4331787.087405169,-474407.8424903363,0.0,0.030268182705558328
130,4527,186.1256,46.66667,-6.0,43200,0.05696539342894933,-0.05132245394724883,4360694.650219674,-458327.4764384654,0.0,-0.0017761967076142021
445,4608,186.1256,46.91667,-6.25,64800,0.04694889983884653,-0.10485606168492155,4338517.220887722,-475144.9119816816,0.0,-0.09950819164391031
690,4671,186.1256,47.0,-6.0,86400,-0.01156471715102568,-0.15518502640032142,4333815.840058059,-455502.3996515776,0.0,-0.12973960363404516
60,4509,186.1256,46.66667,-6.1666565,43200,0.0005351802870148595,-0.10455637093871438,4359343.065935845,-471009.49203812674,0.0,0.00565239039449265
410,4599,186.1256,46.833336,-6.0,64800,0.03347909721924297,-0.04957422559502949,4347273.775744883,-456916.88569019584,0.0,-0.010949411291968171
235,4554,186.1256,46.75,-6.0833282,43200,-0.04065137961108788,-0.17032095727370045,4353319.010767862,-463954.4488188505,0.0,0.002819806710934232
690,4671,186.1256,47.0,-6.0,64800,-0.020159183738167073,-0.20779643500374587,4333815.840058059,-455502.3996515776,0.0,-0.01969983354467687
200,4545,186.1256,46.75,-6.1666565,86400,-0.016838144174708525,-0.12961538741715356,4352639.653859386,-470285.21531356085,0.0,0.18222092982305454
690,4671,186.1256,47.0,-6.0,43200,0.01683994959967354,-0.06936563568058321,4333815.840058059,-455502.3996515776,0.0,0.07590640288576245
340,4581,186.1256,46.833336,-6.1666565,86400,0.028179535184693856,-0.05456833877419337,4345926.351221016,-469559.8699535443,0.0,0.06765074948356477
165,4536,186.1256,46.75,-6.25,21600,-0.0763064103283243,-0.2024339377168011,4351950.96357759,-476616.1460837916,0.0,-0.020918421290639044
25,4500,186.1256,46.66667,-6.25,64800,0.006136429311355287,-0.11351105639589465,4358653.3150161095,-477350.1729464703,0.0,0.05352952928317502
340,4581,186.1256,46.833336,-6.1666565,43200,0.014454284698198653,-0.09390353730416004,4345926.351221016,-469559.8699535443,0.0,0.18200002586437594
655,4662,186.1256,47.0,-6.0833282,64800,0.07010671732129554,-0.026511286587430877,4333148.796028124,-461804.81061430223,0.0,-0.010215424551143278
375,4590,186.1256,46.833336,-6.0833282,21600,0.010140396230316569,-0.09738199842224265,4346604.66032198,-463238.8677294356,0.0,0.06353593963318008
410,4599,186.1256,46.833336,-6.0,21600,-0.013189617208597572,-0.14181049430552245,4347273.775744883,-456916.88569019584,0.0,5.498364374576348e-05
270,4563,186.1256,46.75,-6.0,21600,-0.012946273869817188,-0.1418178874826831,4353989.159796485,-457622.70099545474,0.0,-0.09270490096941703
25,4500,186.1256,46.66667,-6.25,43200,-0.001081901478488927,-0.10049154357827816,4358653.3150161095,-477350.1729464703,0.0,0.014030224087844986
620,4653,186.1256,47.0,-6.1666565,21600,0.05119278265737792,-0.027328713623937725,4332472.586781167,-468106.2447951276,0.0,0.13442713643200682
130,4527,186.1256,46.66667,-6.0,86400,0.023556281393099857,-0.06984945429325454,4360694.650219674,-458327.4764384654,0.0,0.01995295399700593
200,4545,186.1256,46.75,-6.1666565,64800,0.031672327943617774,-0.07516769487207071,4352639.653859386,-470285.21531356085,0.0,-0.059347375612866
620,4653,186.1256,47.0,-6.1666565,86400,0.0058367063619128665,-0.15970956439406114,4332472.586781167,-468106.2447951276,0.0,-0.08101644040018346
25,4500,186.1256,46.66667,-6.25,21600,0.022802960221145786,-0.06036189326879715,4358653.3150161095,-477350.1729464703,0.0,-0.03939455775332114
655,4662,186.1256,47.0,-6.0833282,43200,0.02935196651334493,-0.09533665658338884,4333148.796028124,-461804.81061430223,0.0,0.0689240302737728
60,4509,186.1256,46.66667,-6.1666565,86400,-0.03571490255645466,-0.2139245169758769,4359343.065935845,-471009.49203812674,0.0,-0.03195449122721634
305,4572,186.1256,46.833336,-6.25,86400,0.09050354615793893,-0.08458857426932241,4345238.723142079,-475881.0361998027,0.0,-0.05242281114317636
200,4545,186.1256,46.75,-6.1666565,43200,-0.002818054145029985,-0.05328432412719073,4352639.653859386,-470285.21531356085,0.0,0.051806450480884
515,4626,186.1256,46.91667,-6.0833282,86400,0.013965649389689824,-0.12187155191548245,4339881.045145775,-462522.2992525033,0.0,0.08553890261856402
620,4653,186.1256,47.0,-6.1666565,43200,-0.010128682799788706,-0.20275763667145405,4332472.586781167,-468106.2447951276,0.0,0.05249927730837418
585,4644,186.1256,47.0,-6.25,86400,0.04020615304183844,-0.02034400886421224,4331787.087405169,-474407.8424903363,0.0,-0.05947886767686734
165,4536,186.1256,46.75,-6.25,64800,-0.010725601837240051,-0.026420802861378545,4351950.96357759,-476616.1460837916,0.0,-0.020286274006746492
410,4599,186.1256,46.833336,-6.0,86400,0.041372835367275956,-0.054018622206701436,4347273.775744883,-456916.88569019584,0.0,0.002414103413463607
95,4518,186.1256,46.66667,-6.0833282,21600,-0.03036163934628306,-0.25213595523631593,4360023.469108121,-464668.9756583009,0.0,0.01564075982110739
25,4500,186.1256,46.66667,-6.25,86400,0.025711960543542942,-0.09433420361234665,4358653.3150161095,-477350.1729464703,0.0,0.09084623952668684
585,4644,186.1256,47.0,-6.25,64800,0.030410583810703162,-0.12419873278264432,4331787.087405169,-474407.8424903363,0.0,0.009272290090296544
480,4617,186.1256,46.91667,-6.1666565,21600,0.01764160674170613,-0.04625926448829696,4339203.78529813,-468833.52373287774,0.0,-0.01973917682127405
550,4635,186.1256,46.91667,-6.0,43200,-0.019930899037598378,-0.14815730045210215,4340549.125536747,-456210.0964726406,0.0,0.12075847622743005
305,4572,186.1256,46.833336,-6.25,64800,0.03564556183577197,-0.005289233408751551,4345238.723142079,-475881.0361998027,0.0,0.04825483203364752
480,4617,186.1256,46.91667,-6.1666565,43200,0.0005104313811028546,-0.04084007025325166,4339203.78529813,-468833.52373287774,0.0,-0.02825251833489556
305,4572,186.1256,46.833336,-6.25,21600,0.002478834690514147,-0.03173230360281408,4345238.723142079,-475881.0361998027,0.0,0.00901911995774451
270,4563,186.1256,46.75,-6.0,86400,0.010482355553793486,-0.11385437204184722,4353989.159796485,-457622.70099545474,0.0,0.14914006132144736
690,4671,186.1256,47.0,-6.0,21600,0.05919676733955793,-0.03559046761198578,4333815.840058059,-455502.3996515776,0.0,0.0575112804352946
515,4626,186.1256,46.91667,-6.0833282,21600,-0.01042678116242511,-0.10617237378123776,4339881.045145775,-462522.2992525033,0.0,0.11281203342138509
375,4590,186.1256,46.833336,-6.0833282,86400,-0.002419159128697555,-0.11867663484266139,4346604.66032198,-463238.8677294356,0.0,-0.17597819125164232
60,4509,186.1256,46.66667,-6.1666565,21600,0.011939974763759603,-0.10586681122645278,4359343.065935845,-471009.49203812674,0.0,0.024781655590911198
550,4635,186.1256,46.91667,-6.0,86400,-0.0016083769867881615,-0.0960786268569858,4340549.125536747,-456210.0964726406,0.0,-0.013162968958792378
655,4662,186.1256,47.0,-6.0833282,86400,0.013389526518625438,-0.03167972145007081,4333148.796028124,-461804.81061430223,0.0,-0.13469161154706827
550,4635,186.1256,46.91667,-6.0,64800,0.02365880814162539,-0.06783351724581801,4340549.125536747,-456210.0964726406,0.0,0.040889605434587195
270,4563,186.1256,46.75,-6.0,43200,0.03975860555399732,-0.003431633808645612,4353989.159796485,-457622.70099545474,0.0,0.10590640114116859
130,4527,186.1256,46.66667,-6.0,64800,-0.0576906217660336,-0.16060616424836682,4360694.650219674,-458327.4764384654,0.0,-0.0587929644118391
515,4626,186.1256,46.91667,-6.0833282,43200,0.0508362160980219,-0.05948884114297451,4339881.045145775,-462522.2992525033,0.0,-0.03232672176708074
200,4545,186.1256,46.75,-6.1666565,21600,-0.0489766959434235,-0.21805729657675518,4352639.653859386,-470285.21531356085,0.0,-0.10269667460835635
340,4581,186.1256,46.833336,-6.1666565,64800,0.025867546699607696,-0.14294240707074532,4345926.351221016,-469559.8699535443,0.0,0.09313702937059491
235,4554,186.1256,46.75,-6.0833282,64800,-0.0037236729838370196,-0.081241470154189,4353319.010767862,-463954.4488188505,0.0,0.024686090574928946
235,4554,186.1256,46.75,-6.0833282,86400,-0.027325072412030173,-0.1375071381316318,4353319.010767862,-463954.4488188505,0.0,-0.04236814243581722
480,4617,186.1256,46.91667,-6.1666565,86400,-0.014307590042411415,-0.14436453037510483,4339203.78529813,-468833.52373287774,0.0,0.03822618510238052
165,4536,186.1256,46.75,-6.25,86400,0.053254989835093684,-0.07884950066699581,4351950.96357759,-476616.1460837916,0.0,0.017537644677678602
445,4608,186.1256,46.91667,-6.25,86400,-0.00466396963553713,-0.15869799428104717,4338517.220887722,-475144.9119816816,0.0,-0.05226122048436693
445,4608,186.1256,46.91667,-6.25,21600,0.004465330584513601,-0.13192600326870144,4338517.220887722,-475144.9119816816,0.0,0.08530271308119307
340,4581,186.1256,46.833336,-6.1666565,21600,0.04309976134263617,-0.15678817636214715,4345926.351221016,-469559.8699535443,0.0,-0.0631115490544384
550,4635,186.1256,46.91667,-6.0,21600,0.09653411194206257,-0.0053907421461877325,4340549.125536747,-456210.0964726406,0.0,-0.021870851703621456
620,4653,186.1256,47.0,-6.1666565,64800,-0.007244269168266546,-0.09753599533638388,4332472.586781167,-468106.2447951276,0.0,-0.047486631925560484
305,4572,186.1256,46.833336,-6.25,43200,0.05001020103933704,-0.08730386992206318,4345238.723142079,-475881.0361998027,0.0,-0.0683533017755911
235,4554,186.1256,46.75,-6.0833282,21600,-0.04107675292618166,-0.17154651842205815,4353319.010767862,-463954.4488188505,0.0,0.0038303902548868334
95,4518,186.1256,46.66667,-6.0833282,43200,0.017363812542952797,-0.08086586960722568,4360023.469108121,-464668.9756583009,0.0,-0.061676308186397355
410,4599,186.1256,46.833336,-6.0,43200,0.012004390930470971,-0.14354062955440047,4347273.775744883,-456916.88569019584,0.0,0.0843259966464483
95,4518,186.1256,46.66667,-6.0833282,86400,0.06277034692998083,-0.05122862819077799,4360023.469108121,-464668.9756583009,0.0,0.07540212784505294
515,4626,186.1256,46.91667,-6.0833282,64800,-0.01619500418957908,-0.13769945273396816,4339881.045145775,-462522.2992525033,0.0,0.027731213499117474
95,4518,186.1256,46.66667,-6.0833282,64800,-0.025241498862662498,-0.11356537182501061,4360023.469108121,-464668.9756583009,0.0,0.028707085670380758
445,4608,186.1256,46.91667,-6.25,43200,0.00749500088384951,-0.09874827346062429,4338517.220887722,-475144.9119816816,0.0,0.022309548767515893
585,4644,186.1256,47.0,-6.25,43200,0.00028199065583587625,-0.08966099739616598,4331787.087405169,-474407.8424903363,0.0,-0.020610461430505274
165,4536,186.1256,46.75,-6.25,43200,0.0006527603770542165,-0.03306140631369332,4351950.96357759,-476616.1460837916,0.0,0.009519935624435446
516,4806,222.4752,46.91667,-6.0833282,86400,0.014881456745672528,-0.12301533443383916,4339881.045145775,-462522.2992525033,0.0,0.07034400981863055
481,4797,222.4752,46.91667,-6.1666565,86400,-0.01008913574106066,-0.14158236388503603,4339203.78529813,-468833.52373287774,0.0,0.033413136232069617
551,4815,222.4752,46.91667,-6.0,86400,-0.0005416318484547274,-0.1017795769630427,4340549.125536747,-456210.0964726406,0.0,-0.004667997496522088
201,4725,222.4752,46.75,-6.1666565,86400,-0.007576197681835987,-0.12174650725514452,4352639.653859386,-470285.21531356085,0.0,0.15377825269396433
96,4698,222.4752,46.66667,-6.0833282,86400,0.05247426220474266,-0.05842060001386954,4360023.469108121,-464668.9756583009,0.0,0.06286479068818951
166,4716,222.4752,46.75,-6.25,86400,0.05365236032576862,-0.07584741240812075,4351950.96357759,-476616.1460837916,0.0,0.018039506771189734
341,4761,222.4752,46.833336,-6.1666565,86400,0.02510301428346284,-0.058632923304465394,4345926.351221016,-469559.8699535443,0.0,0.05878220894856181
411,4779,222.4752,46.833336,-6.0,86400,0.034183951544042024,-0.06468560154786235,4347273.775744883,-456916.88569019584,0.0,0.0019935659518846953
271,4743,222.4752,46.75,-6.0,86400,0.009465558566919337,-0.1119126520784219,4353989.159796485,-457622.70099545474,0.0,0.1343346118565514
306,4752,222.4752,46.833336,-6.25,86400,0.07661946763007942,-0.09584587921514306,4345238.723142079,-475881.0361998027,0.0,-0.043753896131358175
446,4788,222.4752,46.91667,-6.25,86400,-0.001385707534852506,-0.1531686049394418,4338517.220887722,-475144.9119816816,0.0,-0.0488842625997164
236,4734,222.4752,46.75,-6.0833282,86400,-0.02156623894188822,-0.13275094785763286,4353319.010767862,-463954.4488188505,0.0,-0.03494977732034514
26,4680,222.4752,46.66667,-6.25,86400,0.021881249871554213,-0.09942077769260056,4358653.3150161095,-477350.1729464703,0.0,0.08078666510206646
586,4824,222.4752,47.0,-6.25,86400,0.04154511499462486,-0.02902822416349167,4331787.087405169,-474407.8424903363,0.0,-0.05222922947158596
61,4689,222.4752,46.66667,-6.1666565,86400,-0.029628658338933803,-0.19424613283743766,4359343.065935845,-471009.49203812674,0.0,-0.03402643214622469
376,4770,222.4752,46.833336,-6.0833282,86400,-0.0036633410147885632,-0.11883591097718232,4346604.66032198,-463238.8677294356,0.0,-0.162873871070938
131,4707,222.4752,46.66667,-6.0,86400,0.023716799154212424,-0.07630874387257011,4360694.650219674,-458327.4764384654,0.0,0.01808191188112628
621,4833,222.4752,47.0,-6.1666565,86400,0.007852665025469715,-0.15421652495758958,4332472.586781167,-468106.2447951276,0.0,-0.08228276243986858
481,4797,222.4752,46.91667,-6.1666565,43200,0.0004800425610284771,-0.05308828293440398,4339203.78529813,-468833.52373287774,0.0,-0.029732933202719112
481,4797,222.4752,46.91667,-6.1666565,64800,0.03186571274817044,-0.05744230043022836,4339203.78529813,-468833.52373287774,0.0,-0.12244667797448816
586,4824,222.4752,47.0,-6.25,21600,-0.037935885759523155,-0.16927425700730464,4331787.087405169,-474407.8424903363,0.0,0.02878570895341273
201,4725,222.4752,46.75,-6.1666565,43200,-0.0008712321386461826,-0.06012870659124234,4352639.653859386,-470285.21531356085,0.0,0.04613627824831673
271,4743,222.4752,46.75,-6.0,64800,0.0024636681408562637,-0.1254019409754913,4353989.159796485,-457622.70099545474,0.0,0.06506523793545958
446,4788,222.4752,46.91667,-6.25,43200,0.010337950843778242,-0.0933977492179361,4338517.220887722,-475144.9119816816,0.0,0.014731872153715268
166,4716,222.4752,46.75,-6.25,21600,-0.062038643223388326,-0.18753216071954762,4351950.96357759,-476616.1460837916,0.0,-0.02143115387083923
61,4689,222.4752,46.66667,-6.1666565,64800,0.03647343449304995,-0.12125836144462182,4359343.065935845,-471009.49203812674,0.0,-0.047281261186389034
516,4806,222.4752,46.91667,-6.0833282,64800,-0.012399073684998548,-0.13272534749251463,4339881.045145775,-462522.2992525033,0.0,0.02812270756681294
341,4761,222.4752,46.833336,-6.1666565,21600,0.03589084761238329,-0.155100181819873,4345926.351221016,-469559.8699535443,0.0,-0.05946152589142217
341,4761,222.4752,46.833336,-6.1666565,43200,0.011890339702562563,-0.09432957406715926,4345926.351221016,-469559.8699535443,0.0,0.16344902119903576
691,4851,222.4752,47.0,-6.0,86400,-0.013929762437949432,-0.15469684624287675,4333815.840058059,-455502.3996515776,0.0,-0.11402657321840859
551,4815,222.4752,46.91667,-6.0,64800,0.02586891690467221,-0.07384334389081838,4340549.125536747,-456210.0964726406,0.0,0.03992164944586089
236,4734,222.4752,46.75,-6.0833282,64800,0.0008946418007495065,-0.07975915436297276,4353319.010767862,-463954.4488188505,0.0,0.02594401080587139
131,4707,222.4752,46.66667,-6.0,21600,0.016841512964062874,-0.09835406761737105,4360694.650219674,-458327.4764384654,0.0,-0.028579138853410267
61,4689,222.4752,46.66667,-6.1666565,43200,0.001035412534792269,-0.1026990112528099,4359343.065935845,-471009.49203812674,0.0,0.006746966404996852
516,4806,222.4752,46.91667,-6.0833282,21600,-0.003366020446022931,-0.10009699789028485,4339881.045145775,-462522.2992525033,0.0,0.0932284744241144
621,4833,222.4752,47.0,-6.1666565,21600,0.04381020542116537,-0.0368218186674438,4332472.586781167,-468106.2447951276,0.0,0.11301048017060354
551,4815,222.4752,46.91667,-6.0,43200,-0.017796936386439206,-0.14163531889330944,4340549.125536747,-456210.0964726406,0.0,0.10375571260744838
201,4725,222.4752,46.75,-6.1666565,21600,-0.03830078403508762,-0.20485679536417184,4352639.653859386,-470285.21531356085,0.0,-0.09162548606404144
376,4770,222.4752,46.833336,-6.0833282,64800,0.040346420850046305,-0.04052921424414774,4346604.66032198,-463238.8677294356,0.0,-0.03788031173853876
516,4806,222.4752,46.91667,-6.0833282,43200,0.04882540378767669,-0.05912850418390434,4339881.045145775,-462522.2992525033,0.0,-0.03447776604649032
26,4680,222.4752,46.66667,-6.25,64800,0.0053479411185817505,-0.11225966429040986,4358653.3150161095,-477350.1729464703,0.0,0.044995053790577506
236,4734,222.4752,46.75,-6.0833282,21600,-0.032171086221274965,-0.15707668521215912,4353319.010767862,-463954.4488188505,0.0,0.010984492440035187
271,4743,222.4752,46.75,-6.0,21600,-0.007520612374230431,-0.13481872084577254,4353989.159796485,-457622.70099545474,0.0,-0.08581174686438042
411,4779,222.4752,46.833336,-6.0,64800,0.03601620625660694,-0.04649580550555,4347273.775744883,-456916.88569019584,0.0,-0.01061982744717215
131,4707,222.4752,46.66667,-6.0,43200,0.04601390934989438,-0.06645106868199122,4360694.650219674,-458327.4764384654,0.0,0.005374267947792217
376,4770,222.4752,46.833336,-6.0833282,43200,0.004073336101038094,-0.10129361517408086,4346604.66032198,-463238.8677294356,0.0,-0.026946127039540364
341,4761,222.4752,46.833336,-6.1666565,64800,0.027024664953406382,-0.13628724972065417,4345926.351221016,-469559.8699535443,0.0,0.0767060223712934
166,4716,222.4752,46.75,-6.25,43200,0.004665591497612352,-0.04319858143946989,4351950.96357759,-476616.1460837916,0.0,0.012137087049097538
411,4779,222.4752,46.833336,-6.0,43200,0.010966160269228989,-0.13763477489554338,4347273.775744883,-456916.88569019584,0.0,0.08302203052976606
446,4788,222.4752,46.91667,-6.25,64800,0.03917392089101561,-0.11045891382403963,4338517.220887722,-475144.9119816816,0.0,-0.08935999363510383
306,4752,222.4752,46.833336,-6.25,21600,0.00038307664434126046,-0.044259321880252916,4345238.723142079,-475881.0361998027,0.0,0.01254696464820919
26,4680,222.4752,46.66667,-6.25,43200,-0.00027867591905232636,-0.10452347229644698,4358653.3150161095,-477350.1729464703,0.0,0.014613579360864654
306,4752,222.4752,46.833336,-6.25,64800,0.03197023889814381,-0.020042467368772382,4345238.723142079,-475881.0361998027,0.0,0.041840929985359224
691,4851,222.4752,47.0,-6.0,43200,0.016267480734089654,-0.075926004422076,4333815.840058059,-455502.3996515776,0.0,0.05599650106183075
586,4824,222.4752,47.0,-6.25,64800,0.024808294214789216,-0.1252630219891085,4331787.087405169,-474407.8424903363,0.0,0.012498833823190393
656,4842,222.4752,47.0,-6.0833282,43200,0.027569473180831763,-0.09457169760472682,4333148.796028124,-461804.81061430223,0.0,0.063507400832205
376,4770,222.4752,46.833336,-6.0833282,21600,0.008215250534200236,-0.1054126689195506,4346604.66032198,-463238.8677294356,0.0,0.06362545457195884
621,4833,222.4752,47.0,-6.1666565,64800,-0.002030619360025337,-0.09052378892035175,4332472.586781167,-468106.2447951276,0.0,-0.03733240093642421
656,4842,222.4752,47.0,-6.0833282,21600,-0.0016882113657490719,-0.14033321943532434,4333148.796028124,-461804.81061430223,0.0,0.06501784297961156
236,4734,222.4752,46.75,-6.0833282,43200,-0.03285839269438836,-0.1631577303471053,4353319.010767862,-463954.4488188505,0.0,-0.003898915931056938
481,4797,222.4752,46.91667,-6.1666565,21600,0.020569896529019843,-0.056008186870898466,4339203.78529813,-468833.52373287774,0.0,-0.018265671389822116
166,4716,222.4752,46.75,-6.25,64800,-0.00559813549372282,-0.029453029953010967,4351950.96357759,-476616.1460837916,0.0,-0.016737212170280957
656,4842,222.4752,47.0,-6.0833282,64800,0.06122709068105407,-0.03828752848859725,4333148.796028124,-461804.81061430223,0.0,-0.010482830612106352
96,4698,222.4752,46.66667,-6.0833282,21600,-0.025137803200898323,-0.23381146825771254,4360023.469108121,-464668.9756583009,0.0,0.0192692398543425
446,4788,222.4752,46.91667,-6.25,21600,0.003536920570647949,-0.12867441477655164,4338517.220887722,-475144.9119816816,0.0,0.08072964088018889
61,4689,222.4752,46.66667,-6.1666565,21600,0.01265739079564621,-0.1039231025819623,4359343.065935845,-471009.49203812674,0.0,0.024252899520698343
271,4743,222.4752,46.75,-6.0,43200,0.0375685881070004,-0.01615234745286112,4353989.159796485,-457622.70099545474,0.0,0.08289033846374212
691,4851,222.4752,47.0,-6.0,64800,-0.01410234188112993,-0.1977733958956165,4333815.840058059,-455502.3996515776,0.0,-0.020907140079802215
131,4707,222.4752,46.66667,-6.0,64800,-0.047871638574370906,-0.1506642660426516,4360694.650219674,-458327.4764384654,0.0,-0.04987572258222671
656,4842,222.4752,47.0,-6.0833282,86400,0.019251553662811123,-0.03588965698687541,4333148.796028124,-461804.81061430223,0.0,-0.11108673986298723
26,4680,222.4752,46.66667,-6.25,21600,0.018753499106536946,-0.07111249935737898,4358653.3150161095,-477350.1729464703,0.0,-0.04074956533254057
586,4824,222.4752,47.0,-6.25,43200,0.0051534416923124,-0.08654530298957669,4331787.087405169,-474407.8424903363,0.0,-0.01389631176781071
411,4779,222.4752,46.833336,-6.0,21600,-0.013738539727165329,-0.1407861970038619,4347273.775744883,-456916.88569019584,0.0,0.001654418371114521
691,4851,222.4752,47.0,-6.0,21600,0.05462956959519783,-0.042747520302155714,4333815.840058059,-455502.3996515776,0.0,0.05846072087799273
201,4725,222.4752,46.75,-6.1666565,64800,0.031130564074419276,-0.07932526952696864,4352639.653859386,-470285.21531356085,0.0,-0.04744433797317528
96,4698,222.4752,46.66667,-6.0833282,64800,-0.019376897971375685,-0.11499987763828201,4360023.469108121,-464668.9756583009,0.0,0.02724000770929614
306,4752,222.4752,46.833336,-6.25,43200,0.043908725790098926,-0.08643074884830762,4345238.723142079,-475881.0361998027,0.0,-0.05827889548007916
96,4698,222.4752,46.66667,-6.0833282,43200,0.017036288501389375,-0.08882579348007902,4360023.469108121,-464668.9756583009,0.0,-0.056630729478786154
621,4833,222.4752,47.0,-6.1666565,43200,-0.007017277563597216,-0.18551510010451217,4332472.586781167,-468106.2447951276,0.0,0.04552347973158149
551,4815,222.4752,46.91667,-6.0,21600,0.0866172014629005,-0.020187960395743415,4340549.125536747,-456210.0964726406,0.0,-0.01680514306777623
657,5022,266.0403,47.0,-6.0833282,21600,0.00037243823145564035,-0.13634984147638915,4333148.796028124,-461804.81061430223,0.0,0.05638356577023106
482,4977,266.0403,46.91667,-6.1666565,21600,0.022970721309296924,-0.06455916446753285,4339203.78529813,-468833.52373287774,0.0,-0.01570397007366192
272,4923,266.0403,46.75,-6.0,86400,0.008918534286021552,-0.11019458950499704,4353989.159796485,-457622.70099545474,0.0,0.1187682667587491
377,4950,266.0403,46.833336,-6.0833282,21600,0.006666559442080109,-0.11226026616159072,4346604.66032198,-463238.8677294356,0.0,0.0623627600949103
97,4878,266.0403,46.66667,-6.0833282,86400,0.04324737571277308,-0.06537388256177531,4360023.469108121,-464668.9756583009,0.0,0.04985557446252988
27,4860,266.0403,46.66667,-6.25,64800,0.005572471272316656,-0.11037620451286245,4358653.3150161095,-477350.1729464703,0.0,0.03676104557207934
657,5022,266.0403,47.0,-6.0833282,86400,0.023518868468235747,-0.04222370069262471,4333148.796028124,-461804.81061430223,0.0,-0.0894631520260916
132,4887,266.0403,46.66667,-6.0,43200,0.03668374688132616,-0.07967442194685267,4360694.650219674,-458327.4764384654,0.0,0.010038686005361763
132,4887,266.0403,46.66667,-6.0,64800,-0.0379059794978501,-0.14055372022119023,4360694.650219674,-458327.4764384654,0.0,-0.041306092576251875
132,4887,266.0403,46.66667,-6.0,86400,0.024222449724216416,-0.08176811332056094,4360694.650219674,-458327.4764384654,0.0,0.01666303571666096
272,4923,266.0403,46.75,-6.0,21600,-0.0025341752079581087,-0.12780695557977145,4353989.159796485,-457622.70099545474,0.0,-0.0786082602221004
167,4896,266.0403,46.75,-6.25,86400,0.0529966748342825,-0.07437279804175995,4351950.96357759,-476616.1460837916,0.0,0.016721551072792978
342,4941,266.0403,46.833336,-6.1666565,21600,0.02955642478113256,-0.15214509038133814,4345926.351221016,-469559.8699535443,0.0,-0.054641829044006586
342,4941,266.0403,46.833336,-6.1666565,64800,0.02757897754597114,-0.13093623096492357,4345926.351221016,-469559.8699535443,0.0,0.06159840185706921
447,4968,266.0403,46.91667,-6.25,21600,0.0033281767731649916,-0.124610341629212,4338517.220887722,-475144.9119816816,0.0,0.07619549407546419
272,4923,266.0403,46.75,-6.0,64800,0.001130854888805483,-0.12351039784456369,4353989.159796485,-457622.70099545474,0.0,0.049692732370945625
202,4905,266.0403,46.75,-6.1666565,64800,0.030722613610065723,-0.08282478915746881,4352639.653859386,-470285.21531356085,0.0,-0.03755048207106703
237,4914,266.0403,46.75,-6.0833282,64800,0.004778043958959772,-0.07965879210591333,4353319.010767862,-463954.4488188505,0.0,0.026426389429427717
412,4959,266.0403,46.833336,-6.0,21600,-0.01332667923024482,-0.13928325413122536,4347273.775744883,-456916.88569019584,0.0,0.0025664960117664348
97,4878,266.0403,46.66667,-6.0833282,43200,0.016406293541419797,-0.09584923429521461,4360023.469108121,-464668.9756583009,0.0,-0.051958251218727915
307,4932,266.0403,46.833336,-6.25,21600,-0.0010970535472614035,-0.05649363787079193,4345238.723142079,-475881.0361998027,0.0,0.014875106122917228
27,4860,266.0403,46.66667,-6.25,43200,0.0007683331908482924,-0.10779970333879449,4358653.3150161095,-477350.1729464703,0.0,0.01462815256626653
412,4959,266.0403,46.833336,-6.0,43200,0.011034504484202434,-0.13061243559958693,4347273.775744883,-456916.88569019584,0.0,0.0803961602127547
307,4932,266.0403,46.833336,-6.25,64800,0.028545373084979613,-0.03419208487066652,4345238.723142079,-475881.0361998027,0.0,0.03570627703591528
97,4878,266.0403,46.66667,-6.0833282,64800,-0.01429386072708657,-0.115760242415304,4360023.469108121,-464668.9756583009,0.0,0.025050843980694994
167,4896,266.0403,46.75,-6.25,64800,-0.0012732518741935765,-0.0349430509190809,4351950.96357759,-476616.1460837916,0.0,-0.013409500802813066
517,4986,266.0403,46.91667,-6.0833282,21600,0.0032365874404886134,-0.09487167465612585,4339881.045145775,-462522.2992525033,0.0,0.07486436052770871
62,4869,266.0403,46.66667,-6.1666565,64800,0.03224986733505872,-0.12064065017608569,4359343.065935845,-471009.49203812674,0.0,-0.045138634373811076
447,4968,266.0403,46.91667,-6.25,43200,0.013252595497498066,-0.08832045771391363,4338517.220887722,-475144.9119816816,0.0,0.007335544465176324
482,4977,266.0403,46.91667,-6.1666565,86400,-0.006538046821461488,-0.13831849904698162,4339203.78529813,-468833.52373287774,0.0,0.0295548481743537
377,4950,266.0403,46.833336,-6.0833282,86400,-0.0038984205966240016,-0.11810089992852732,4346604.66032198,-463238.8677294356,0.0,-0.14850857967748365
517,4986,266.0403,46.91667,-6.0833282,86400,0.0153283923640462,-0.1243663968129174,4339881.045145775,-462522.2992525033,0.0,0.05606260326500571
482,4977,266.0403,46.91667,-6.1666565,43200,0.0017391588716129617,-0.06319079346569559,4339203.78529813,-468833.52373287774,0.0,-0.029773468881010193
412,4959,266.0403,46.833336,-6.0,64800,0.03731293410959983,-0.04576272771765576,4347273.775744883,-456916.88569019584,0.0,-0.010334716823186447
552,4995,266.0403,46.91667,-6.0,21600,0.0767118480609667,-0.033385063305782864,4340549.125536747,-456210.0964726406,0.0,-0.01263761439922938
517,4986,266.0403,46.91667,-6.0833282,64800,-0.009193158721046282,-0.12835704993945685,4339881.045145775,-462522.2992525033,0.0,0.02686846486316136
657,5022,266.0403,47.0,-6.0833282,43200,0.026092374262520517,-0.0932024215797354,4333148.796028124,-461804.81061430223,0.0,0.05709388480083777
342,4941,266.0403,46.833336,-6.1666565,43200,0.009807747164711509,-0.09571987522159839,4345926.351221016,-469559.8699535443,0.0,0.14375655093255535
132,4887,266.0403,46.66667,-6.0,21600,0.013819835974972158,-0.10164541774178544,4360694.650219674,-458327.4764384654,0.0,-0.02614108260644063
517,4986,266.0403,46.91667,-6.0833282,43200,0.04565447005088341,-0.06016339758740117,4339881.045145775,-462522.2992525033,0.0,-0.03484658909500724
587,5004,266.0403,47.0,-6.25,21600,-0.02899299049413867,-0.1603920561978943,4331787.087405169,-474407.8424903363,0.0,0.025873920275308875
587,5004,266.0403,47.0,-6.25,86400,0.042918428745992096,-0.03738056671986757,4331787.087405169,-474407.8424903363,0.0,-0.04562300024646799
587,5004,266.0403,47.0,-6.25,64800,0.019871494317165048,-0.12617072789403216,4331787.087405169,-474407.8424903363,0.0,0.01648778520353678
412,4959,266.0403,46.833336,-6.0,86400,0.02821515126748407,-0.07463186534826141,4347273.775744883,-456916.88569019584,0.0,0.0008976953817569007
622,5013,266.0403,47.0,-6.1666565,86400,0.009772265435195928,-0.14867664247188028,4332472.586781167,-468106.2447951276,0.0,-0.08033694508173678
307,4932,266.0403,46.833336,-6.25,43200,0.03809522530529809,-0.08631707296840238,4345238.723142079,-475881.0361998027,0.0,-0.04967754352020589
622,5013,266.0403,47.0,-6.1666565,43200,-0.004538351650933213,-0.17035985861137257,4332472.586781167,-468106.2447951276,0.0,0.03962207944709087
27,4860,266.0403,46.66667,-6.25,86400,0.017916824007625936,-0.1042129817943736,4358653.3150161095,-477350.1729464703,0.0,0.07066511894943453
622,5013,266.0403,47.0,-6.1666565,21600,0.037383519321597905,-0.046075512912625634,4332472.586781167,-468106.2447951276,0.0,0.09335473629764973
97,4878,266.0403,46.66667,-6.0833282,21600,-0.019508641044931545,-0.21494656327289044,4360023.469108121,-464668.9756583009,0.0,0.021502175311602676
622,5013,266.0403,47.0,-6.1666565,64800,0.00289934300773588,-0.08477380288797741,4332472.586781167,-468106.2447951276,0.0,-0.028847055974629013
342,4941,266.0403,46.833336,-6.1666565,86400,0.022516353700632666,-0.06263637706900207,4345926.351221016,-469559.8699535443,0.0,0.049885417861189815
62,4869,266.0403,46.66667,-6.1666565,21600,0.013912595548093447,-0.10176452276924751,4359343.065935845,-471009.49203812674,0.0,0.024201744951690755
657,5022,266.0403,47.0,-6.0833282,64800,0.053338897806851325,-0.049424860915833285,4333148.796028124,-461804.81061430223,0.0,-0.011478363826558558
587,5004,266.0403,47.0,-6.25,43200,0.009342628027584895,-0.08443060666707229,4331787.087405169,-474407.8424903363,0.0,-0.008379679238569358
272,4923,266.0403,46.75,-6.0,43200,0.035098171732694,-0.029235534720532336,4353989.159796485,-457622.70099545474,0.0,0.06305414738047155
237,4914,266.0403,46.75,-6.0833282,86400,-0.01595180489119852,-0.1279722792977552,4353319.010767862,-463954.4488188505,0.0,-0.029206946300544177
692,5031,266.0403,47.0,-6.0,64800,-0.0073446633285001554,-0.18606517305508066,4333815.840058059,-455502.3996515776,0.0,-0.020897373220867304
237,4914,266.0403,46.75,-6.0833282,43200,-0.02473596200309694,-0.15543013377288906,4353319.010767862,-463954.4488188505,0.0,-0.008603478478711594
27,4860,266.0403,46.66667,-6.25,21600,0.015504740049553543,-0.08023210842860257,4358653.3150161095,-477350.1729464703,0.0,-0.04046976419617771
202,4905,266.0403,46.75,-6.1666565,43200,0.0010085128901557265,-0.06707519534481327,4352639.653859386,-470285.21531356085,0.0,0.04109899849590619
167,4896,266.0403,46.75,-6.25,21600,-0.048726612166442904,-0.1737983025439937,4351950.96357759,-476616.1460837916,0.0,-0.021452101944322313
552,4995,266.0403,46.91667,-6.0,64800,0.02702117171192962,-0.08007871853623386,4340549.125536747,-456210.0964726406,0.0,0.03736500338716964
482,4977,266.0403,46.91667,-6.1666565,64800,0.0248650061319271,-0.06637468286658807,4339203.78529813,-468833.52373287774,0.0,-0.11436225084673841
202,4905,266.0403,46.75,-6.1666565,86400,-4.9710639044488886e-05,-0.1152012556916871,4352639.653859386,-470285.21531356085,0.0,0.1269747492277621
552,4995,266.0403,46.91667,-6.0,43200,-0.015463891897494305,-0.1353090844111245,4340549.125536747,-456210.0964726406,0.0,0.08636817464260708
447,4968,266.0403,46.91667,-6.25,64800,0.03249297384493857,-0.11460344890754821,4338517.220887722,-475144.9119816816,0.0,-0.07905866656198746
167,4896,266.0403,46.75,-6.25,43200,0.008004662070193012,-0.0526088267388854,4351950.96357759,-476616.1460837916,0.0,0.013697938360383218
307,4932,266.0403,46.833336,-6.25,86400,0.06430811624949738,-0.10460159623583776,4345238.723142079,-475881.0361998027,0.0,-0.035249642416863416
62,4869,266.0403,46.66667,-6.1666565,43200,0.002160745707056209,-0.10109743410259679,4359343.065935845,-471009.49203812674,0.0,0.0080970115727852
552,4995,266.0403,46.91667,-6.0,86400,0.0006032102923242393,-0.10710661890959151,4340549.125536747,-456210.0964726406,0.0,0.0031727806559795637
692,5031,266.0403,47.0,-6.0,21600,0.04975217126143769,-0.050955295053966024,4333815.840058059,-455502.3996515776,0.0,0.057363432594754744
692,5031,266.0403,47.0,-6.0,86400,-0.01428697332162161,-0.15217930898906204,4333815.840058059,-455502.3996515776,0.0,-0.09909809466484844
202,4905,266.0403,46.75,-6.1666565,21600,-0.027912598890022,-0.19025332434237527,4352639.653859386,-470285.21531356085,0.0,-0.08017980144837474
237,4914,266.0403,46.75,-6.0833282,21600,-0.024262670816163123,-0.14450971476732832,4353319.010767862,-463954.4488188505,0.0,0.016559239965968753
377,4950,266.0403,46.833336,-6.0833282,43200,0.008893022514078402,-0.1017389080824693,4346604.66032198,-463238.8677294356,0.0,-0.01899604059550134
692,5031,266.0403,47.0,-6.0,43200,0.01646421893540308,-0.08098651915606879,4333815.840058059,-455502.3996515776,0.0,0.03935427103431133
62,4869,266.0403,46.66667,-6.1666565,86400,-0.02353249906680464,-0.17603818549193911,4359343.065935845,-471009.49203812674,0.0,-0.0345657251109928
377,4950,266.0403,46.833336,-6.0833282,64800,0.03393838799757686,-0.05317443633992096,4346604.66032198,-463238.8677294356,0.0,-0.02403012085559014
447,4968,266.0403,46.91667,-6.25,86400,0.001302937624910962,-0.1482731261285419,4338517.220887722,-475144.9119816816,0.0,-0.04553242090448853
518,5166,318.1274,46.91667,-6.0833282,43200,0.04166216997324344,-0.06253557125281625,4339881.045145775,-462522.2992525033,0.0,-0.033837314367677146
238,5094,318.1274,46.75,-6.0833282,86400,-0.010815301576811586,-0.12355144552535768,4353319.010767862,-463954.4488188505,0.0,-0.02489018473345623
483,5157,318.1274,46.91667,-6.1666565,86400,-0.0036215591623262097,-0.13474846289701742,4339203.78529813,-468833.52373287774,0.0,0.026757497601485422
553,5175,318.1274,46.91667,-6.0,21600,0.06713991317784862,-0.04487594040141452,4340549.125536747,-456210.0964726406,0.0,-0.009435517564116059
238,5094,318.1274,46.75,-6.0833282,43200,-0.016680918641884694,-0.1474721650469912,4353319.010767862,-463954.4488188505,0.0,-0.01143649911954123
28,5040,318.1274,46.66667,-6.25,64800,0.006704037770849871,-0.10801439899091454,4358653.3150161095,-477350.1729464703,0.0,0.028949950790855775
588,5184,318.1274,47.0,-6.25,43200,0.012636498425824877,-0.08353780219210201,4331787.087405169,-474407.8424903363,0.0,-0.004109265493920458
168,5076,318.1274,46.75,-6.25,86400,0.051338537189246025,-0.0744025495439563,4351950.96357759,-476616.1460837916,0.0,0.014140728794390267
483,5157,318.1274,46.91667,-6.1666565,43200,0.003959121710460017,-0.07126405504809563,4339203.78529813,-468833.52373287774,0.0,-0.028531649124342553
623,5193,318.1274,47.0,-6.1666565,21600,0.03199080584760554,-0.055007971653641276,4332472.586781167,-468106.2447951276,0.0,0.07578131519047658
693,5211,318.1274,47.0,-6.0,43200,0.017370664228823055,-0.08454625402683788,4333815.840058059,-455502.3996515776,0.0,0.026284625561164572
413,5139,318.1274,46.833336,-6.0,86400,0.023547320882708625,-0.08350611817101507,4347273.775744883,-456916.88569019584,0.0,-0.000775529242341068
203,5085,318.1274,46.75,-6.1666565,86400,0.005712890350605143,-0.11007463773075186,4352639.653859386,-470285.21531356085,0.0,0.10227275061594009
693,5211,318.1274,47.0,-6.0,21600,0.0448758344282274,-0.05973270476232639,4333815.840058059,-455502.3996515776,0.0,0.05442647499779847
623,5193,318.1274,47.0,-6.1666565,43200,-0.0024560553318384547,-0.15751042382214459,4332472.586781167,-468106.2447951276,0.0,0.03477911563582946
518,5166,318.1274,46.91667,-6.0833282,21600,0.009060290998374753,-0.09087642159422386,4339881.045145775,-462522.2992525033,0.0,0.05840936567329407
483,5157,318.1274,46.91667,-6.1666565,21600,0.0247502762175464,-0.07177842137000712,4339203.78529813,-468833.52373287774,0.0,-0.012359530189465688
553,5175,318.1274,46.91667,-6.0,43200,-0.012967315372373275,-0.12936637074719362,4340549.125536747,-456210.0964726406,0.0,0.06927230745586622
588,5184,318.1274,47.0,-6.25,21600,-0.02128457470047558,-0.15248785564046566,4331787.087405169,-474407.8424903363,0.0,0.021819061081410473
63,5049,318.1274,46.66667,-6.1666565,64800,0.02839325744013212,-0.12037584632054987,4359343.065935845,-471009.49203812674,0.0,-0.04163880501850442
448,5148,318.1274,46.91667,-6.25,86400,0.0034982702705880376,-0.14382534223977939,4338517.220887722,-475144.9119816816,0.0,-0.041892931391535444
28,5040,318.1274,46.66667,-6.25,43200,0.0020833384990662698,-0.11018406983046586,4358653.3150161095,-477350.1729464703,0.0,0.014154918856534464
658,5202,318.1274,47.0,-6.0833282,86400,0.026274258672274134,-0.05017604923459048,4333148.796028124,-461804.81061430223,0.0,-0.07027832968391597
658,5202,318.1274,47.0,-6.0833282,43200,0.024956703814515816,-0.09154098392408559,4333148.796028124,-461804.81061430223,0.0,0.050204121657105326
98,5058,318.1274,46.66667,-6.0833282,64800,-0.009966826319680669,-0.1157612001832117,4360023.469108121,-464668.9756583009,0.0,0.022382587460661425
273,5103,318.1274,46.75,-6.0,64800,0.0004693050128184587,-0.12123372843292576,4353989.159796485,-457622.70099545474,0.0,0.03697965466224753
658,5202,318.1274,47.0,-6.0833282,21600,0.0018214420864575889,-0.1330185775324397,4333148.796028124,-461804.81061430223,0.0,0.04767574254388306
133,5067,318.1274,46.66667,-6.0,64800,-0.02825421475382756,-0.1308632701866039,4360694.650219674,-458327.4764384654,0.0,-0.033477519074272315
378,5130,318.1274,46.833336,-6.0833282,43200,0.012449453669378711,-0.10260860207841481,4346604.66032198,-463238.8677294356,0.0,-0.012651014386914437
238,5094,318.1274,46.75,-6.0833282,21600,-0.01735521380415795,-0.13407275684696024,4353319.010767862,-463954.4488188505,0.0,0.020332395421118924
378,5130,318.1274,46.833336,-6.0833282,64800,0.028823095320784167,-0.06378989871346563,4346604.66032198,-463238.8677294356,0.0,-0.012123397990038368
413,5139,318.1274,46.833336,-6.0,64800,0.03737326677989254,-0.04731710598026028,4347273.775744883,-456916.88569019584,0.0,-0.010208051264251637
553,5175,318.1274,46.91667,-6.0,86400,0.0019201401035054844,-0.11160848930294251,4340549.125536747,-456210.0964726406,0.0,0.009920798134894424
98,5058,318.1274,46.66667,-6.0833282,21600,-0.013586641273276977,-0.19614234462908609,4360023.469108121,-464668.9756583009,0.0,0.022420166568489247
623,5193,318.1274,47.0,-6.1666565,86400,0.01158937916752311,-0.14314199728085963,4332472.586781167,-468106.2447951276,0.0,-0.07535726274095508
448,5148,318.1274,46.91667,-6.25,21600,0.0037313387983289826,-0.1202175437894443,4338517.220887722,-475144.9119816816,0.0,0.07144099391486705
448,5148,318.1274,46.91667,-6.25,64800,0.02700972810855045,-0.11727800943870749,4338517.220887722,-475144.9119816816,0.0,-0.06885027303172858
343,5121,318.1274,46.833336,-6.1666565,86400,0.020513844796710468,-0.06659625580103683,4345926.351221016,-469559.8699535443,0.0,0.041379912900658414
203,5085,318.1274,46.75,-6.1666565,21600,-0.018317525842688497,-0.17522237497878482,4352639.653859386,-470285.21531356085,0.0,-0.06862924197152896
308,5112,318.1274,46.833336,-6.25,43200,0.032830979040911125,-0.08680292900349916,4345238.723142079,-475881.0361998027,0.0,-0.04248821095193284
693,5211,318.1274,47.0,-6.0,86400,-0.012818581516274755,-0.14786786990251577,4333815.840058059,-455502.3996515776,0.0,-0.08509781479681956
63,5049,318.1274,46.66667,-6.1666565,86400,-0.01759140061784874,-0.15977467389019961,4359343.065935845,-471009.49203812674,0.0,-0.033472445430652996
168,5076,318.1274,46.75,-6.25,43200,0.010490772707551586,-0.06133766887152264,4351950.96357759,-476616.1460837916,0.0,0.014359865617568118
588,5184,318.1274,47.0,-6.25,64800,0.015918123404627765,-0.12653348271025472,4331787.087405169,-474407.8424903363,0.0,0.020410971138552628
483,5157,318.1274,46.91667,-6.1666565,64800,0.019138119750024784,-0.07487371556856987,4339203.78529813,-468833.52373287774,0.0,-0.10449197911317416
168,5076,318.1274,46.75,-6.25,21600,-0.03675785662561129,-0.1616348387669948,4351950.96357759,-476616.1460837916,0.0,-0.02103271768362404
518,5166,318.1274,46.91667,-6.0833282,64800,-0.0066081779104059865,-0.12472050744442059,4339881.045145775,-462522.2992525033,0.0,0.024337973707978022
343,5121,318.1274,46.833336,-6.1666565,43200,0.008356852811381793,-0.09754917962890464,4345926.351221016,-469559.8699535443,0.0,0.12345776905661156
133,5067,318.1274,46.66667,-6.0,21600,0.01158682094321937,-0.10429387639659764,4360694.650219674,-458327.4764384654,0.0,-0.023856955657034547
553,5175,318.1274,46.91667,-6.0,64800,0.02711231730970629,-0.08627215999083121,4340549.125536747,-456210.0964726406,0.0,0.03315626657134664
203,5085,318.1274,46.75,-6.1666565,43200,0.0027167707426118334,-0.07383910612015379,4352639.653859386,-470285.21531356085,0.0,0.03663635808010578
28,5040,318.1274,46.66667,-6.25,86400,0.014198222841747155,-0.10827017138290405,4358653.3150161095,-477350.1729464703,0.0,0.06064706611772765
308,5112,318.1274,46.833336,-6.25,86400,0.05378133443259224,-0.11087239768866985,4345238.723142079,-475881.0361998027,0.0,-0.027322299015082072
343,5121,318.1274,46.833336,-6.1666565,64800,0.02757473772488259,-0.12673090651288962,4345926.351221016,-469559.8699535443,0.0,0.04810627180684167
133,5067,318.1274,46.66667,-6.0,43200,0.029125731899547355,-0.09066245807312708,4360694.650219674,-458327.4764384654,0.0,0.012509406737389437
273,5103,318.1274,46.75,-6.0,21600,0.0019121150770766678,-0.1212111340030317,4353989.159796485,-457622.70099545474,0.0,-0.07105081207411965
273,5103,318.1274,46.75,-6.0,86400,0.008760546171180711,-0.108691073125783,4353989.159796485,-457622.70099545474,0.0,0.10280093391863981
63,5049,318.1274,46.66667,-6.1666565,43200,0.0037479746294951126,-0.09988107198819578,4359343.065935845,-471009.49203812674,0.0,0.009324378833458073
168,5076,318.1274,46.75,-6.25,64800,0.0022588242293550397,-0.04238544196901922,4351950.96357759,-476616.1460837916,0.0,-0.010301998381062447
693,5211,318.1274,47.0,-6.0,64800,-0.00029934836033399664,-0.17322374273423385,4333815.840058059,-455502.3996515776,0.0,-0.019753693885430586
28,5040,318.1274,46.66667,-6.25,21600,0.01312620239622661,-0.08752427445207006,4358653.3150161095,-477350.1729464703,0.0,-0.03849158832450684
413,5139,318.1274,46.833336,-6.0,21600,-0.011934777759806888,-0.137237568904053,4347273.775744883,-456916.88569019584,0.0,0.0029497332918271444
203,5085,318.1274,46.75,-6.1666565,64800,0.030358947122654294,-0.08562543310220855,4352639.653859386,-470285.21531356085,0.0,-0.029631900751479603
98,5058,318.1274,46.66667,-6.0833282,43200,0.015705379763123355,-0.10156403924195063,4360023.469108121,-464668.9756583009,0.0,-0.04747381591882487
378,5130,318.1274,46.833336,-6.0833282,21600,0.005581547765617865,-0.1177181788301329,4346604.66032198,-463238.8677294356,0.0,0.059629995829402274
273,5103,318.1274,46.75,-6.0,43200,0.03238033430175727,-0.042307282674005256,4353989.159796485,-457622.70099545474,0.0,0.04669748960375062
658,5202,318.1274,47.0,-6.0833282,64800,0.046638995233238174,-0.059576280157332774,4333148.796028124,-461804.81061430223,0.0,-0.012899282772380862
98,5058,318.1274,46.66667,-6.0833282,86400,0.03539092718943389,-0.07186782022372395,4360023.469108121,-464668.9756583009,0.0,0.03707127081595056
448,5148,318.1274,46.91667,-6.25,43200,0.016054138804944756,-0.08392970678097915,4338517.220887722,-475144.9119816816,0.0,0.0006141255675110957
63,5049,318.1274,46.66667,-6.1666565,21600,0.015474899599730982,-0.0998019255403842,4359343.065935845,-471009.49203812674,0.0,0.024142821961404392
343,5121,318.1274,46.833336,-6.1666565,21600,0.024316090182958532,-0.1479924366861672,4345926.351221016,-469559.8699535443,0.0,-0.04895106584053239
238,5094,318.1274,46.75,-6.0833282,64800,0.007940841239323688,-0.08076732808851557,4353319.010767862,-463954.4488188505,0.0,0.025798650372443485
518,5166,318.1274,46.91667,-6.0833282,86400,0.015396709564894463,-0.1255928482791821,4339881.045145775,-462522.2992525033,0.0,0.04338136701222032
378,5130,318.1274,46.833336,-6.0833282,86400,-0.0030994380253547248,-0.11648464877466479,4346604.66032198,-463238.8677294356,0.0,-0.13321246055399144
623,5193,318.1274,47.0,-6.1666565,64800,0.0074343557496603496,-0.08059743138618766,4332472.586781167,-468106.2447951276,0.0,-0.021865586772122112
413,5139,318.1274,46.833336,-6.0,43200,0.012072883206229429,-0.1230663187392037,4347273.775744883,-456916.88569019584,0.0,0.07626862828505063
308,5112,318.1274,46.833336,-6.25,64800,0.02540796829657402,-0.04737112339420907,4345238.723142079,-475881.0361998027,0.0,0.029945323505355517
308,5112,318.1274,46.833336,-6.25,21600,-0.0016970702042375524,-0.06775890065322134,4345238.723142079,-475881.0361998027,0.0,0.016090242229628474
133,5067,318.1274,46.66667,-6.0,86400,0.024895669132704384,-0.08630635594779701,4360694.650219674,-458327.4764384654,0.0,0.015492191666161505
588,5184,318.1274,47.0,-6.25,86400,0.04398431210277198,-0.04544349544584521,4331787.087405169,-474407.8424903363,0.0,-0.039787792758290974
344,5301,380.213,46.833336,-6.1666565,86400,0.01913624023906753,-0.07055005820598086,4345926.351221016,-469559.8699535443,0.0,0.033572047125519366
274,5283,380.213,46.75,-6.0,43200,0.029512035453985293,-0.054903213727803,4353989.159796485,-457622.70099545474,0.0,0.03377573362383567
659,5382,380.213,47.0,-6.0833282,21600,0.002887324319563782,-0.13018106814874428,4333148.796028124,-461804.81061430223,0.0,0.039099206966917266
414,5319,380.213,46.833336,-6.0,86400,0.020115445031236412,-0.09107343491941866,4347273.775744883,-456916.88569019584,0.0,-0.002842936062560783
519,5346,380.213,46.91667,-6.0833282,43200,0.03726356741145098,-0.06604685737797386,4339881.045145775,-462522.2992525033,0.0,-0.03190716521421201
554,5355,380.213,46.91667,-6.0,43200,-0.010327385260673456,-0.12396964142344467,4340549.125536747,-456210.0964726406,0.0,0.05315980845587201
274,5283,380.213,46.75,-6.0,86400,0.008903810524541858,-0.1073797548109241,4353989.159796485,-457622.70099545474,0.0,0.08690990209698506
64,5229,380.213,46.66667,-6.1666565,43200,0.005637496916328439,-0.09909957721225682,4359343.065935845,-471009.49203812674,0.0,0.010046903491783193
484,5337,380.213,46.91667,-6.1666565,43200,0.006749748735942147,-0.0775522160768429,4339203.78529813,-468833.52373287774,0.0,-0.026303401502973008
99,5238,380.213,46.66667,-6.0833282,43200,0.015157933591620754,-0.10571429742836648,4360023.469108121,-464668.9756583009,0.0,-0.042991720466349796
449,5328,380.213,46.91667,-6.25,43200,0.018553258569668017,-0.08061131854386372,4338517.220887722,-475144.9119816816,0.0,-0.0049813444178179326
29,5220,380.213,46.66667,-6.25,43200,0.0036620779722307036,-0.11159733083426221,4358653.3150161095,-477350.1729464703,0.0,0.013326020530955409
309,5292,380.213,46.833336,-6.25,43200,0.028313840379806894,-0.08774091130465718,4345238.723142079,-475881.0361998027,0.0,-0.036507118976276176
379,5310,380.213,46.833336,-6.0833282,86400,-0.0013430311661267267,-0.11413767403411972,4346604.66032198,-463238.8677294356,0.0,-0.11738294316967561
379,5310,380.213,46.833336,-6.0833282,43200,0.014878783460755086,-0.10369694505649503,4346604.66032198,-463238.8677294356,0.0,-0.007729997596208767
134,5247,380.213,46.66667,-6.0,43200,0.023360679798141878,-0.09920686913659583,4360694.650219674,-458327.4764384654,0.0,0.013298126587908066
694,5391,380.213,47.0,-6.0,21600,0.04032195314402748,-0.0684734366313276,4333815.840058059,-455502.3996515776,0.0,0.0500664647982734
344,5301,380.213,46.833336,-6.1666565,43200,0.007615198876432802,-0.09933471866719958,4345926.351221016,-469559.8699535443,0.0,0.1032451838869398
169,5256,380.213,46.75,-6.25,43200,0.012074561573764247,-0.06942523641445818,4351950.96357759,-476616.1460837916,0.0,0.014321331881183208
204,5265,380.213,46.75,-6.1666565,43200,0.0042350440195721055,-0.08012072776498792,4352639.653859386,-470285.21531356085,0.0,0.032632016398722465
414,5319,380.213,46.833336,-6.0,43200,0.013790207731676336,-0.11571784793981475,4347273.775744883,-456916.88569019584,0.0,0.07065041897911868
309,5292,380.213,46.833336,-6.25,86400,0.045113052252968605,-0.11484673064737695,4345238.723142079,-475881.0361998027,0.0,-0.020319744392466477
99,5238,380.213,46.66667,-6.0833282,64800,-0.0062585191016645,-0.11503781460842277,4360023.469108121,-464668.9756583009,0.0,0.019526951642113325
624,5373,380.213,47.0,-6.1666565,86400,0.013318405401545044,-0.13764286129935088,4332472.586781167,-468106.2447951276,0.0,-0.06789725831281739
414,5319,380.213,46.833336,-6.0,64800,0.03636344958884759,-0.050875139336451825,4347273.775744883,-456916.88569019584,0.0,-0.010316431648992933
379,5310,380.213,46.833336,-6.0833282,64800,0.02520073148220455,-0.07222684763719664,4346604.66032198,-463238.8677294356,0.0,-0.0022556942867610597
239,5274,380.213,46.75,-6.0833282,21600,-0.01138699671854654,-0.12578836922178466,4353319.010767862,-463954.4488188505,0.0,0.022271445127642238
344,5301,380.213,46.833336,-6.1666565,64800,0.02711848774366514,-0.12339631860339009,4345926.351221016,-469559.8699535443,0.0,0.0364052493475016
99,5238,380.213,46.66667,-6.0833282,86400,0.0290508655589098,-0.07779368996236591,4360023.469108121,-464668.9756583009,0.0,0.025286617295878114
274,5283,380.213,46.75,-6.0,21600,0.005752883142481263,-0.11542853722730222,4353989.159796485,-457622.70099545474,0.0,-0.06312612335807788
554,5355,380.213,46.91667,-6.0,86400,0.0034631249783326143,-0.11497201953959334,4340549.125536747,-456210.0964726406,0.0,0.015190440786821365
309,5292,380.213,46.833336,-6.25,64800,0.02262236724794666,-0.05926183254274655,4345238.723142079,-475881.0361998027,0.0,0.024579137805223677
239,5274,380.213,46.75,-6.0833282,86400,-0.006389593835321497,-0.11980198130852002,4353319.010767862,-463954.4488188505,0.0,-0.021633563613989278
274,5283,380.213,46.75,-6.0,64800,0.00045972040700601423,-0.11876643426573975,4353989.159796485,-457622.70099545474,0.0,0.026872582134487913
519,5346,380.213,46.91667,-6.0833282,86400,0.015218589909866333,-0.12638016003539207,4339881.045145775,-462522.2992525033,0.0,0.03278973363463385
239,5274,380.213,46.75,-6.0833282,64800,0.010428657771870279,-0.08281860110177608,4353319.010767862,-463954.4488188505,0.0,0.023987590079335066
134,5247,380.213,46.66667,-6.0,86400,0.025544059997132287,-0.09003954948792417,4360694.650219674,-458327.4764384654,0.0,0.014330805658887847
344,5301,380.213,46.833336,-6.1666565,21600,0.02028950516087385,-0.14286990708672553,4345926.351221016,-469559.8699535443,0.0,-0.042792404824341476
309,5292,380.213,46.833336,-6.25,21600,-0.0012827727628584324,-0.0775081442839543,4345238.723142079,-475881.0361998027,0.0,0.016381254593615432
449,5328,380.213,46.91667,-6.25,64800,0.022748489860931066,-0.11857498047176172,4338517.220887722,-475144.9119816816,0.0,-0.059020677699417885
204,5265,380.213,46.75,-6.1666565,21600,-0.009914415626824769,-0.16077416264615096,4352639.653859386,-470285.21531356085,0.0,-0.05730300935254237
64,5229,380.213,46.66667,-6.1666565,86400,-0.01198233354779047,-0.1458051412471523,4359343.065935845,-471009.49203812674,0.0,-0.030842100134051944
694,5391,380.213,47.0,-6.0,64800,0.006579152732752388,-0.1599325047929806,4333815.840058059,-455502.3996515776,0.0,-0.01771344281981263
29,5220,380.213,46.66667,-6.25,21600,0.011622339142174571,-0.09297010418928428,4358653.3150161095,-477350.1729464703,0.0,-0.03499571482219227
659,5382,380.213,47.0,-6.0833282,64800,0.04119892754314529,-0.06849373169703478,4333148.796028124,-461804.81061430223,0.0,-0.01437236957805297
64,5229,380.213,46.66667,-6.1666565,21600,0.017073236794463438,-0.09842394558283621,4359343.065935845,-471009.49203812674,0.0,0.023613729014161852
624,5373,380.213,47.0,-6.1666565,64800,0.011495426107459284,-0.07811408128006737,4332472.586781167,-468106.2447951276,0.0,-0.016135710682796633
99,5238,380.213,46.66667,-6.0833282,21600,-0.0075675559790067785,-0.17806917676301004,4360023.469108121,-464668.9756583009,0.0,0.022156780255056584
589,5364,380.213,47.0,-6.25,64800,0.01317548219557492,-0.12605161761528372,4331787.087405169,-474407.8424903363,0.0,0.02349474478144018
29,5220,380.213,46.66667,-6.25,86400,0.011091498469584491,-0.11127097696909166,4358653.3150161095,-477350.1729464703,0.0,0.050869918350155724
589,5364,380.213,47.0,-6.25,86400,0.04449851973115232,-0.053159923465239796,4331787.087405169,-474407.8424903363,0.0,-0.03469144714722234
554,5355,380.213,46.91667,-6.0,64800,0.026290361465832614,-0.09210819175527916,4340549.125536747,-456210.0964726406,0.0,0.027605248924589626
134,5247,380.213,46.66667,-6.0,21600,0.010239921369740244,-0.10611986475346773,4360694.650219674,-458327.4764384654,0.0,-0.0215976597499673
519,5346,380.213,46.91667,-6.0833282,64800,-0.004554987634263784,-0.12181403580516373,4339881.045145775,-462522.2992525033,0.0,0.020937912141987862
694,5391,380.213,47.0,-6.0,86400,-0.00986807974083137,-0.14217099120211896,4333815.840058059,-455502.3996515776,0.0,-0.07209306541106457
484,5337,380.213,46.91667,-6.1666565,64800,0.014810865463204039,-0.08265704593897175,4339203.78529813,-468833.52373287774,0.0,-0.09330058514865901
169,5256,380.213,46.75,-6.25,21600,-0.02633724376610778,-0.15120616838274542,4351950.96357759,-476616.1460837916,0.0,-0.020202345624091754
379,5310,380.213,46.833336,-6.0833282,21600,0.004998548408862032,-0.12166935465017124,4346604.66032198,-463238.8677294356,0.0,0.055431082097070525
204,5265,380.213,46.75,-6.1666565,64800,0.02993687034035423,-0.08779568496305287,4352639.653859386,-470285.21531356085,0.0,-0.023492815929732402
239,5274,380.213,46.75,-6.0833282,43200,-0.009090775002698783,-0.13966807899138,4353319.010767862,-463954.4488188505,0.0,-0.012697158334747887
659,5382,380.213,47.0,-6.0833282,43200,0.024173167996018173,-0.08994521849966032,4333148.796028124,-461804.81061430223,0.0,0.04331309385848964
659,5382,380.213,47.0,-6.0833282,86400,0.027723794561168573,-0.059060412102349545,4333148.796028124,-461804.81061430223,0.0,-0.053826307987142406
64,5229,380.213,46.66667,-6.1666565,64800,0.025023313609461,-0.12013063940544219,4359343.065935845,-471009.49203812674,0.0,-0.037149744168695376
519,5346,380.213,46.91667,-6.0833282,21600,0.013882423575172803,-0.08830537044489976,4339881.045145775,-462522.2992525033,0.0,0.04437321930586019
484,5337,380.213,46.91667,-6.1666565,21600,0.025919444054591345,-0.07766024237374476,4339203.78529813,-468833.52373287774,0.0,-0.008638052290417789
554,5355,380.213,46.91667,-6.0,21600,0.058235250479067566,-0.05468494811744443,4340549.125536747,-456210.0964726406,0.0,-0.007176316482294394
449,5328,380.213,46.91667,-6.25,21600,0.004630931840198423,-0.11595085991994869,4338517.220887722,-475144.9119816816,0.0,0.06624505998826796
589,5364,380.213,47.0,-6.25,21600,-0.014751773162775112,-0.1454689261721731,4331787.087405169,-474407.8424903363,0.0,0.017084734626613828
449,5328,380.213,46.91667,-6.25,86400,0.005322411971246179,-0.13967673209742593,4338517.220887722,-475144.9119816816,0.0,-0.037779833728734925
169,5256,380.213,46.75,-6.25,86400,0.04882328853160471,-0.07578203637675762,4351950.96357759,-476616.1460837916,0.0,0.010934713502191044
29,5220,380.213,46.66667,-6.25,64800,0.008490131714269366,-0.10546883085057934,4358653.3150161095,-477350.1729464703,0.0,0.021721931012302645
484,5337,380.213,46.91667,-6.1666565,86400,-0.001227959491431287,-0.13109037755783062,4339203.78529813,-468833.52373287774,0.0,0.024880739550166304
694,5391,380.213,47.0,-6.0,43200,0.018846917520081753,-0.08677707556085452,4333815.840058059,-455502.3996515776,0.0,0.01673679394642216
624,5373,380.213,47.0,-6.1666565,21600,0.027627353323404713,-0.06354655304267326,4332472.586781167,-468106.2447951276,0.0,0.06043982033813465
204,5265,380.213,46.75,-6.1666565,86400,0.00986615005808315,-0.10634783638175505,4352639.653859386,-470285.21531356085,0.0,0.08002141816297592
134,5247,380.213,46.66667,-6.0,64800,-0.019347525687718147,-0.12217838013421903,4360694.650219674,-458327.4764384654,0.0,-0.026596282944906593
414,5319,380.213,46.833336,-6.0,21600,-0.009661440127694754,-0.13466038544743053,4347273.775744883,-456916.88569019584,0.0,0.003015745612023131
169,5256,380.213,46.75,-6.25,64800,0.0050639933715792475,-0.05108742592802182,4351950.96357759,-476616.1460837916,0.0,-0.007421420718952669
589,5364,380.213,47.0,-6.25,43200,0.014954926333712142,-0.0839120847213667,4331787.087405169,-474407.8424903363,0.0,-0.0010470411455414516
624,5373,380.213,47.0,-6.1666565,43200,-0.0004889190931459016,-0.14692190216194212,4332472.586781167,-468106.2447951276,0.0,0.030827845741781067
450,5508,453.9377,46.91667,-6.25,86400,0.006899015561419211,-0.1357436110594141,4338517.220887722,-475144.9119816816,0.0,-0.033170592987960275
135,5427,453.9377,46.66667,-6.0,21600,0.0097905098851713,-0.10708007211331694,4360694.650219674,-458327.4764384654,0.0,-0.019303169038206506
695,5571,453.9377,47.0,-6.0,86400,-0.005865172886314635,-0.1355918177544622,4333815.840058059,-455502.3996515776,0.0,-0.06011729261220956
205,5445,453.9377,46.75,-6.1666565,43200,0.0056328141463622364,-0.08564895991187266,4352639.653859386,-470285.21531356085,0.0,0.028947246088987307
65,5409,453.9377,46.66667,-6.1666565,43200,0.007705923215621881,-0.0987087222499067,4359343.065935845,-471009.49203812674,0.0,0.010004159916584853
590,5544,453.9377,47.0,-6.25,86400,0.044362785587975975,-0.060375200443304224,4331787.087405169,-474407.8424903363,0.0,-0.030164557324418105
100,5418,453.9377,46.66667,-6.0833282,21600,-0.00170830296484158,-0.1613926296730638,4360023.469108121,-464668.9756583009,0.0,0.02089110791503574
590,5544,453.9377,47.0,-6.25,21600,-0.00921367678938648,-0.1391794622302169,4331787.087405169,-474407.8424903363,0.0,0.012219145525668471
65,5409,453.9377,46.66667,-6.1666565,21600,0.018472034511988894,-0.09786899103490927,4359343.065935845,-471009.49203812674,0.0,0.02231141815787124
625,5553,453.9377,47.0,-6.1666565,21600,0.024249414558456688,-0.07157166662791051,4332472.586781167,-468106.2447951276,0.0,0.047325864675317186
30,5400,453.9377,46.66667,-6.25,21600,0.010924153485893017,-0.09674280994419283,4358653.3150161095,-477350.1729464703,0.0,-0.030373628666284885
415,5499,453.9377,46.833336,-6.0,86400,0.017756866095181185,-0.09720658562887705,4347273.775744883,-456916.88569019584,0.0,-0.005070968373587517
345,5481,453.9377,46.833336,-6.1666565,86400,0.018372767641780974,-0.07451545626632086,4345926.351221016,-469559.8699535443,0.0,0.026634219381741736
555,5535,453.9377,46.91667,-6.0,21600,0.05029627233145567,-0.06293796906739668,4340549.125536747,-456210.0964726406,0.0,-0.005736616736546766
520,5526,453.9377,46.91667,-6.0833282,21600,0.01760911115126594,-0.08714394646990152,4339881.045145775,-462522.2992525033,0.0,0.03299928937902867
170,5436,453.9377,46.75,-6.25,43200,0.012873367705180874,-0.07684610434321634,4351950.96357759,-476616.1460837916,0.0,0.013782682244331414
345,5481,453.9377,46.833336,-6.1666565,21600,0.01747611303905199,-0.1371454434454353,4345926.351221016,-469559.8699535443,0.0,-0.03659403142343763
415,5499,453.9377,46.833336,-6.0,21600,-0.006699846492011,-0.1316361550343198,4347273.775744883,-456916.88569019584,0.0,0.0029874212013545755
380,5490,453.9377,46.833336,-6.0833282,86400,0.0011864946671163914,-0.11134130297978087,4346604.66032198,-463238.8677294356,0.0,-0.10145387527879483
625,5553,453.9377,47.0,-6.1666565,86400,0.014987546529543892,-0.1321973633670184,4332472.586781167,-468106.2447951276,0.0,-0.058806720185952156
520,5526,453.9377,46.91667,-6.0833282,86400,0.014963435459048723,-0.12647909145237637,4339881.045145775,-462522.2992525033,0.0,0.02448869289862886
485,5517,453.9377,46.91667,-6.1666565,86400,0.0008050853715548673,-0.1275630007003693,4339203.78529813,-468833.52373287774,0.0,0.023577131582426296
310,5472,453.9377,46.833336,-6.25,21600,0.00011655057350703872,-0.08541332253251015,4345238.723142079,-475881.0361998027,0.0,0.015975502415910964
275,5463,453.9377,46.75,-6.0,21600,0.008963123306759899,-0.11074837299475947,4353989.159796485,-457622.70099545474,0.0,-0.054895130534435746
695,5571,453.9377,47.0,-6.0,21600,0.03636625550695892,-0.07653911336188854,4333815.840058059,-455502.3996515776,0.0,0.04479301764616492
100,5418,453.9377,46.66667,-6.0833282,43200,0.014938062517545328,-0.10821390576802437,4360023.469108121,-464668.9756583009,0.0,-0.03837880292184956
240,5454,453.9377,46.75,-6.0833282,21600,-0.0062499240414094215,-0.11949314855915093,4353319.010767862,-463954.4488188505,0.0,0.022532232759221497
30,5400,453.9377,46.66667,-6.25,43200,0.005458838223292515,-0.11206280048747108,4358653.3150161095,-477350.1729464703,0.0,0.012285057182596815
485,5517,453.9377,46.91667,-6.1666565,21600,0.02657517613444413,-0.0823162273672679,4339203.78529813,-468833.52373287774,0.0,-0.004968329385108802
135,5427,453.9377,46.66667,-6.0,43200,0.01929315888372888,-0.10526068147115686,4360694.650219674,-458327.4764384654,0.0,0.012987805440179601
555,5535,453.9377,46.91667,-6.0,86400,0.005249236199991162,-0.11705800098390048,4340549.125536747,-456210.0964726406,0.0,0.01872489298503332
205,5445,453.9377,46.75,-6.1666565,21600,-0.002926636289109037,-0.1477633979215695,4352639.653859386,-470285.21531356085,0.0,-0.046556772563029473
380,5490,453.9377,46.833336,-6.0833282,21600,0.004911908538574767,-0.12410304023474579,4346604.66032198,-463238.8677294356,0.0,0.0499195171753172
170,5436,453.9377,46.75,-6.25,21600,-0.017471080290120254,-0.14245059076213865,4351950.96357759,-476616.1460837916,0.0,-0.018967778397254297
450,5508,453.9377,46.91667,-6.25,21600,0.005927320237820147,-0.11214641259327304,4338517.220887722,-475144.9119816816,0.0,0.06049778434326758
660,5562,453.9377,47.0,-6.0833282,21600,0.003883739724931109,-0.12754367436135186,4333148.796028124,-461804.81061430223,0.0,0.030980517347275787
660,5562,453.9377,47.0,-6.0833282,43200,0.02373077746816758,-0.0887295881844795,4333148.796028124,-461804.81061430223,0.0,0.036759772510605915
450,5508,453.9377,46.91667,-6.25,43200,0.020609650033101272,-0.07861152277378845,4338517.220887722,-475144.9119816816,0.0,-0.009138372175083566
65,5409,453.9377,46.66667,-6.1666565,86400,-0.006856607454185232,-0.13431710656721238,4359343.065935845,-471009.49203812674,0.0,-0.026972270791469962
450,5508,453.9377,46.91667,-6.25,64800,0.019674713971469183,-0.118661740584939,4338517.220887722,-475144.9119816816,0.0,-0.049865771871186994
65,5409,453.9377,46.66667,-6.1666565,64800,0.022282008651647617,-0.11955304472356496,4359343.065935845,-471009.49203812674,0.0,-0.03206285299705004
380,5490,453.9377,46.833336,-6.0833282,43200,0.01643757183070047,-0.10474471350239571,4346604.66032198,-463238.8677294356,0.0,-0.003951932323262478
555,5535,453.9377,46.91667,-6.0,43200,-0.007549581405936343,-0.11923548010435693,4340549.125536747,-456210.0964726406,0.0,0.038638646291549957
415,5499,453.9377,46.833336,-6.0,64800,0.03460670835807257,-0.055931861317046375,4347273.775744883,-456916.88569019584,0.0,-0.010643140020125695
240,5454,453.9377,46.75,-6.0833282,43200,-0.0022978821202808003,-0.13238783765220558,4353319.010767862,-463954.4488188505,0.0,-0.012761484570078798
380,5490,453.9377,46.833336,-6.0833282,64800,0.023054150428882016,-0.07857303017235898,4346604.66032198,-463238.8677294356,0.0,0.005500323752891983
415,5499,453.9377,46.833336,-6.0,43200,0.015822749510705586,-0.10924531393588051,4347273.775744883,-456916.88569019584,0.0,0.06377987185284648
170,5436,453.9377,46.75,-6.25,86400,0.04568759108301665,-0.07823707814997957,4351950.96357759,-476616.1460837916,0.0,0.007681657165759977
345,5481,453.9377,46.833336,-6.1666565,64800,0.026368885427202296,-0.1206078930342041,4345926.351221016,-469559.8699535443,0.0,0.026576667145259716
100,5418,453.9377,46.66667,-6.0833282,86400,0.02422387776894131,-0.08311881301742494,4360023.469108121,-464668.9756583009,0.0,0.015210673089043673
100,5418,453.9377,46.66667,-6.0833282,64800,-0.00296670121541235,-0.11373987982225373,4360023.469108121,-464668.9756583009,0.0,0.016744647959884965
310,5472,453.9377,46.833336,-6.25,64800,0.020283703762090568,-0.06962108065495387,4345238.723142079,-475881.0361998027,0.0,0.019599744823742653
625,5553,453.9377,47.0,-6.1666565,43200,0.0016216045299435808,-0.13831533751148056,4332472.586781167,-468106.2447951276,0.0,0.02751167974979624
135,5427,453.9377,46.66667,-6.0,64800,-0.011498455168947465,-0.11495831493403713,4360694.650219674,-458327.4764384654,0.0,-0.020692082157710064
520,5526,453.9377,46.91667,-6.0833282,43200,0.03288294253175457,-0.0703822984370874,4339881.045145775,-462522.2992525033,0.0,-0.029460620305966745
275,5463,453.9377,46.75,-6.0,64800,0.0010132924352746,-0.11634293298339152,4353989.159796485,-457622.70099545474,0.0,0.01909150155417493
240,5454,453.9377,46.75,-6.0833282,64800,0.012316909026573956,-0.08548404167684216,4353319.010767862,-463954.4488188505,0.0,0.02119320196915739
135,5427,453.9377,46.66667,-6.0,86400,0.02601388541583432,-0.0930771295304638,4360694.650219674,-458327.4764384654,0.0,0.012980145899533805
170,5436,453.9377,46.75,-6.25,64800,0.007265616760790054,-0.06026677839275019,4351950.96357759,-476616.1460837916,0.0,-0.004808086512106638
275,5463,453.9377,46.75,-6.0,86400,0.009280369488354992,-0.10623770220092954,4353989.159796485,-457622.70099545474,0.0,0.07164380425087
485,5517,453.9377,46.91667,-6.1666565,43200,0.00974439724913323,-0.0823565002337893,4339203.78529813,-468833.52373287774,0.0,-0.023448389568383497
30,5400,453.9377,46.66667,-6.25,64800,0.010592107264630416,-0.10310024243067625,4358653.3150161095,-477350.1729464703,0.0,0.015273655282263801
345,5481,453.9377,46.833336,-6.1666565,43200,0.007576021199651795,-0.10075249674017467,4345926.351221016,-469559.8699535443,0.0,0.08389480186378603
205,5445,453.9377,46.75,-6.1666565,64800,0.029382523517832427,-0.08948867432884063,4352639.653859386,-470285.21531356085,0.0,-0.018818137974819953
310,5472,453.9377,46.833336,-6.25,86400,0.03825109668790712,-0.11684175479033045,4345238.723142079,-475881.0361998027,0.0,-0.014475875065271825
310,5472,453.9377,46.833336,-6.25,43200,0.02465305254991188,-0.08901817438974192,4345238.723142079,-475881.0361998027,0.0,-0.03144262833140385
485,5517,453.9377,46.91667,-6.1666565,64800,0.011891492342113848,-0.08946847393298071,4339203.78529813,-468833.52373287774,0.0,-0.08132659156100464
590,5544,453.9377,47.0,-6.25,43200,0.016377386199202596,-0.08539732509709144,4331787.087405169,-474407.8424903363,0.0,0.0009267440838298027
590,5544,453.9377,47.0,-6.25,64800,0.011737736239886321,-0.12459277473581414,4331787.087405169,-474407.8424903363,0.0,0.025191169278931204
30,5400,453.9377,46.66667,-6.25,86400,0.00887801591141155,-0.11306856882822741,4358653.3150161095,-477350.1729464703,0.0,0.04147671027338865
660,5562,453.9377,47.0,-6.0833282,64800,0.03697589733746,-0.07602994742054947,4333148.796028124,-461804.81061430223,0.0,-0.01552059202880655
625,5553,453.9377,47.0,-6.1666565,64800,0.015045850489307512,-0.07722319001822965,4332472.586781167,-468106.2447951276,0.0,-0.01140839741544389
205,5445,453.9377,46.75,-6.1666565,86400,0.012713990899602191,-0.10388771309397221,4352639.653859386,-470285.21531356085,0.0,0.06049123918262935
660,5562,453.9377,47.0,-6.0833282,86400,0.02817101649673837,-0.06809855825801717,4333148.796028124,-461804.81061430223,0.0,-0.04022524227244627
695,5571,453.9377,47.0,-6.0,43200,0.020711924958755224,-0.0879565398130542,4333815.840058059,-455502.3996515776,0.0,0.01031814593250422
520,5526,453.9377,46.91667,-6.0833282,64800,-0.00283166960076626,-0.11951345978957736,4339881.045145775,-462522.2992525033,0.0,0.017059590886678903
275,5463,453.9377,46.75,-6.0,43200,0.026645912944539184,-0.06653121581046983,4353989.159796485,-457622.70099545474,0.0,0.02395107933925603
695,5571,453.9377,47.0,-6.0,64800,0.01288441506983539,-0.14689333959167214,4333815.840058059,-455502.3996515776,0.0,-0.015124519277379761
555,5535,453.9377,46.91667,-6.0,64800,0.024832058131383325,-0.09726664098300017,4340549.125536747,-456210.0964726406,0.0,0.021320367207404375
240,5454,453.9377,46.75,-6.0833282,86400,-0.002749539886202381,-0.11688133297457938,4353319.010767862,-463954.4488188505,0.0,-0.019047314637333966
626,5733,541.0889,47.0,-6.1666565,43200,0.004053018445288268,-0.1312576244519403,4332472.586781167,-468106.2447951276,0.0,0.02456347916809134
416,5679,541.0889,46.833336,-6.0,21600,-0.0032884882606042283,-0.12830057548741408,4347273.775744883,-456916.88569019584,0.0,0.0030395291344234954
136,5607,541.0889,46.66667,-6.0,64800,-0.00483970075190783,-0.10943194530967179,4360694.650219674,-458327.4764384654,0.0,-0.015688227477200313
171,5616,541.0889,46.75,-6.25,64800,0.009039911573136224,-0.06916332047555565,4351950.96357759,-476616.1460837916,0.0,-0.0025401432721825277
591,5724,541.0889,47.0,-6.25,21600,-0.004411868642651997,-0.13343137460107962,4331787.087405169,-474407.8424903363,0.0,0.007736078828802052
661,5742,541.0889,47.0,-6.0833282,43200,0.023605589540436712,-0.0880781502224243,4333148.796028124,-461804.81061430223,0.0,0.030725261091773568
101,5598,541.0889,46.66667,-6.0833282,64800,0.00010891972084222865,-0.11208794513116267,4360023.469108121,-464668.9756583009,0.0,0.014200048999406804
451,5688,541.0889,46.91667,-6.25,86400,0.008341823769218711,-0.13199344123114046,4338517.220887722,-475144.9119816816,0.0,-0.02819903472562035
626,5733,541.0889,47.0,-6.1666565,86400,0.016632776336021195,-0.12682381908418333,4332472.586781167,-468106.2447951276,0.0,-0.04906685766183266
171,5616,541.0889,46.75,-6.25,86400,0.042236268580516295,-0.08139935108169387,4351950.96357759,-476616.1460837916,0.0,0.004788169752963976
556,5715,541.0889,46.91667,-6.0,21600,0.043538732105968404,-0.06982326921803715,4340549.125536747,-456210.0964726406,0.0,-0.004909692929897001
206,5625,541.0889,46.75,-6.1666565,86400,0.01464676654821576,-0.10245941960460583,4352639.653859386,-470285.21531356085,0.0,0.04388654615270612
66,5589,541.0889,46.66667,-6.1666565,64800,0.020293563905242694,-0.11837997705405919,4359343.065935845,-471009.49203812674,0.0,-0.026766734210602296
696,5751,541.0889,47.0,-6.0,43200,0.022787501905413086,-0.08837705007559882,4333815.840058059,-455502.3996515776,0.0,0.006384127724134898
381,5670,541.0889,46.833336,-6.0833282,21600,0.005297223237070976,-0.1251050274112367,4346604.66032198,-463238.8677294356,0.0,0.0434055374034226
31,5580,541.0889,46.66667,-6.25,64800,0.012677902138940718,-0.10123082819755558,4358653.3150161095,-477350.1729464703,0.0,0.009804589831812838
521,5706,541.0889,46.91667,-6.0833282,21600,0.02028452698528064,-0.08719306420655488,4339881.045145775,-462522.2992525033,0.0,0.024237962320249457
486,5697,541.0889,46.91667,-6.1666565,86400,0.0026579233026226123,-0.12433030700224333,4339203.78529813,-468833.52373287774,0.0,0.022410524010212183
486,5697,541.0889,46.91667,-6.1666565,21600,0.026865396705951932,-0.08592614669439616,4339203.78529813,-468833.52373287774,0.0,-0.001718215880539352
241,5634,541.0889,46.75,-6.0833282,43200,0.003482508720959696,-0.12591920372797058,4353319.010767862,-463954.4488188505,0.0,-0.011996280922597729
346,5661,541.0889,46.833336,-6.1666565,21600,0.015769822280202968,-0.13125958258258527,4345926.351221016,-469559.8699535443,0.0,-0.030721552205724346
696,5751,541.0889,47.0,-6.0,64800,0.018334056430974646,-0.13471066574524815,4333815.840058059,-455502.3996515776,0.0,-0.012371129885883098
661,5742,541.0889,47.0,-6.0833282,64800,0.03385415491822505,-0.0821183251312658,4333148.796028124,-461804.81061430223,0.0,-0.016039830431244042
31,5580,541.0889,46.66667,-6.25,21600,0.010897684890223374,-0.09917133508671191,4358653.3150161095,-477350.1729464703,0.0,-0.025140006446324557
626,5733,541.0889,47.0,-6.1666565,64800,0.018095225376256723,-0.07763192528278301,4332472.586781167,-468106.2447951276,0.0,-0.007508960814634404
66,5589,541.0889,46.66667,-6.1666565,21600,0.019543313780386196,-0.0981350451779344,4359343.065935845,-471009.49203812674,0.0,0.02017533527834252
696,5751,541.0889,47.0,-6.0,86400,-0.0012415412163814844,-0.12863348287570645,4333815.840058059,-455502.3996515776,0.0,-0.049210345116968604
591,5724,541.0889,47.0,-6.25,64800,0.011559891816647322,-0.1222036673552797,4331787.087405169,-474407.8424903363,0.0,0.02528589439965952
101,5598,541.0889,46.66667,-6.0833282,21600,0.0037282035531564697,-0.1466769106620654,4360023.469108121,-464668.9756583009,0.0,0.018840760737253773
31,5580,541.0889,46.66667,-6.25,86400,0.007699314375254665,-0.11370284058271822,4358653.3150161095,-477350.1729464703,0.0,0.032655562970772406
591,5724,541.0889,47.0,-6.25,86400,0.04362411180723756,-0.06688964437932209,4331787.087405169,-474407.8424903363,0.0,-0.02598473951059327
556,5715,541.0889,46.91667,-6.0,64800,0.023092430820299867,-0.10147374977920362,4340549.125536747,-456210.0964726406,0.0,0.015035215831143308
521,5706,541.0889,46.91667,-6.0833282,64800,-0.001171947122421987,-0.11761490596948543,4339881.045145775,-462522.2992525033,0.0,0.013050437464320873
136,5607,541.0889,46.66667,-6.0,21600,0.010166514060170183,-0.10727369780901615,4360694.650219674,-458327.4764384654,0.0,-0.016981285598219934
486,5697,541.0889,46.91667,-6.1666565,64800,0.010290512534354881,-0.09509819965980898,4339203.78529813,-468833.52373287774,0.0,-0.06914433110617826
171,5616,541.0889,46.75,-6.25,21600,-0.01000174916456803,-0.1351467130920718,4351950.96357759,-476616.1460837916,0.0,-0.01733606318395934
66,5589,541.0889,46.66667,-6.1666565,86400,-0.0022937762560471357,-0.12530095115530274,4359343.065935845,-471009.49203812674,0.0,-0.022320388706933234
451,5688,541.0889,46.91667,-6.25,64800,0.017716196012449104,-0.11774932003954587,4338517.220887722,-475144.9119816816,0.0,-0.041640350839825944
136,5607,541.0889,46.66667,-6.0,86400,0.02623208588825164,-0.09549285480882505,4360694.650219674,-458327.4764384654,0.0,0.011348384383979499
241,5634,541.0889,46.75,-6.0833282,64800,0.013713672860671884,-0.088419145730454,4353319.010767862,-463954.4488188505,0.0,0.017804776354401856
521,5706,541.0889,46.91667,-6.0833282,86400,0.01482198414668731,-0.1257401050967435,4339881.045145775,-462522.2992525033,0.0,0.018371841618483008
276,5643,541.0889,46.75,-6.0,64800,0.002012268934289548,-0.11417522366635934,4353989.159796485,-457622.70099545474,0.0,0.013231689275180841
311,5652,541.0889,46.833336,-6.25,21600,0.0023248310898221144,-0.09139390835068643,4345238.723142079,-475881.0361998027,0.0,0.015078920643369602
311,5652,541.0889,46.833336,-6.25,64800,0.018500834770353334,-0.07829930959228087,4345238.723142079,-475881.0361998027,0.0,0.015020957637335816
206,5625,541.0889,46.75,-6.1666565,64800,0.02868736099405158,-0.09088436154148717,4352639.653859386,-470285.21531356085,0.0,-0.015242715597270107
276,5643,541.0889,46.75,-6.0,21600,0.011563041276466608,-0.10729609115858603,4353989.159796485,-457622.70099545474,0.0,-0.04652116592348345
241,5634,541.0889,46.75,-6.0833282,21600,-0.0018105989761116395,-0.11488991405185753,4353319.010767862,-463954.4488188505,0.0,0.021414641841293
346,5661,541.0889,46.833336,-6.1666565,64800,0.02551520667708226,-0.11806432925517024,4345926.351221016,-469559.8699535443,0.0,0.01862573903099689
381,5670,541.0889,46.833336,-6.0833282,64800,0.02217116220891429,-0.08311256584262033,4346604.66032198,-463238.8677294356,0.0,0.011089252761576766
416,5679,541.0889,46.833336,-6.0,64800,0.03251798479182949,-0.061836936093087796,4347273.775744883,-456916.88569019584,0.0,-0.011052688674280204
556,5715,541.0889,46.91667,-6.0,86400,0.007271588483071207,-0.11788298315519669,4340549.125536747,-456210.0964726406,0.0,0.020460612955282124
206,5625,541.0889,46.75,-6.1666565,21600,0.002627480427371865,-0.13673646970038483,4352639.653859386,-470285.21531356085,0.0,-0.03672098207582234
101,5598,541.0889,46.66667,-6.0833282,86400,0.020801398068669878,-0.08782383362047043,4360023.469108121,-464668.9756583009,0.0,0.007337993124207277
661,5742,541.0889,47.0,-6.0833282,86400,0.02797463262102185,-0.07653317465487755,4333148.796028124,-461804.81061430223,0.0,-0.029417854738175445
451,5688,541.0889,46.91667,-6.25,21600,0.0075462004848540955,-0.10897368021645402,4338517.220887722,-475144.9119816816,0.0,0.0542249873798055
381,5670,541.0889,46.833336,-6.0833282,43200,0.017438543944586958,-0.10551326563390241,4346604.66032198,-463238.8677294356,0.0,-0.001027410652780791
311,5652,541.0889,46.833336,-6.25,86400,0.033051202553118136,-0.1172484844894005,4345238.723142079,-475881.0361998027,0.0,-0.009882636003311138
381,5670,541.0889,46.833336,-6.0833282,86400,0.004224839946504813,-0.10844728180971902,4346604.66032198,-463238.8677294356,0.0,-0.08587243601248928
696,5751,541.0889,47.0,-6.0,21600,0.033199891179663196,-0.0833657260370968,4333815.840058059,-455502.3996515776,0.0,0.03908232355735258
416,5679,541.0889,46.833336,-6.0,86400,0.016284028930355864,-0.10186113956510216,4347273.775744883,-456916.88569019584,0.0,-0.007210708523045865
521,5706,541.0889,46.91667,-6.0833282,43200,0.02889772850700817,-0.07514781566486753,4339881.045145775,-462522.2992525033,0.0,-0.026784133117493728
661,5742,541.0889,47.0,-6.0833282,21600,0.005121235537851236,-0.12478038798168548,4333148.796028124,-461804.81061430223,0.0,0.0236927726666789
346,5661,541.0889,46.833336,-6.1666565,43200,0.008163456459131193,-0.10168147781093913,4345926.351221016,-469559.8699535443,0.0,0.06615095791497755
451,5688,541.0889,46.91667,-6.25,43200,0.02217198257395968,-0.07796627296727301,4338517.220887722,-475144.9119816816,0.0,-0.011740414625398682
311,5652,541.0889,46.833336,-6.25,43200,0.021877062929510967,-0.09054058158463023,4345238.723142079,-475881.0361998027,0.0,-0.02699374461321748
206,5625,541.0889,46.75,-6.1666565,43200,0.007036609125757863,-0.09022731352579204,4352639.653859386,-470285.21531356085,0.0,0.0254640895371794
101,5598,541.0889,46.66667,-6.0833282,43200,0.015141724625559308,-0.10917409260762007,4360023.469108121,-464668.9756583009,0.0,-0.033590812280188856
171,5616,541.0889,46.75,-6.25,43200,0.01315631003492307,-0.08348521505781611,4351950.96357759,-476616.1460837916,0.0,0.012917326736130682
276,5643,541.0889,46.75,-6.0,86400,0.009855157133766562,-0.10525060396794421,4353989.159796485,-457622.70099545474,0.0,0.05753873325136661
486,5697,541.0889,46.91667,-6.1666565,43200,0.01266416280519034,-0.08597630287365846,4339203.78529813,-468833.52373287774,0.0,-0.020312755158080845
346,5661,541.0889,46.833336,-6.1666565,86400,0.018172445991311743,-0.07845497322155351,4345926.351221016,-469559.8699535443,0.0,0.02063118303035496
136,5607,541.0889,46.66667,-6.0,43200,0.016739590855715684,-0.10896648717001825,4360694.650219674,-458327.4764384654,0.0,0.012081244491198405
241,5634,541.0889,46.75,-6.0833282,86400,0.00019327015987637489,-0.1147499451795226,4353319.010767862,-463954.4488188505,0.0,-0.016800135136639034
556,5715,541.0889,46.91667,-6.0,43200,-0.0046295310044474,-0.115218370889857,4340549.125536747,-456210.0964726406,0.0,0.026162445601957962
66,5589,541.0889,46.66667,-6.1666565,43200,0.00987591448901117,-0.09859022188397643,4359343.065935845,-471009.49203812674,0.0,0.009150956736253437
31,5580,541.0889,46.66667,-6.25,43200,0.007389152336973283,-0.1117269485839281,4358653.3150161095,-477350.1729464703,0.0,0.011142666098082324
276,5643,541.0889,46.75,-6.0,43200,0.023966707586995654,-0.07675518684452536,4353989.159796485,-457622.70099545474,0.0,0.016699451793016056
626,5733,541.0889,47.0,-6.1666565,21600,0.021814587871491948,-0.07887891419742897,4332472.586781167,-468106.2447951276,0.0,0.03632730801308903
591,5724,541.0889,47.0,-6.25,43200,0.017129927783032316,-0.0876570418713509,4331787.087405169,-474407.8424903363,0.0,0.002002952058495354
416,5679,541.0889,46.833336,-6.0,43200,0.017843373269021315,-0.10411077281637449,4347273.775744883,-456916.88569019584,0.0,0.056087991242390035
382,5850,643.5668,46.833336,-6.0833282,64800,0.02222294335386074,-0.08623966962283716,4346604.66032198,-463238.8677294356,0.0,0.014523807820346214
382,5850,643.5668,46.833336,-6.0833282,43200,0.018182269000737217,-0.10584377024797809,4346604.66032198,-463238.8677294356,0.0,0.0012673223040449541
347,5841,643.5668,46.833336,-6.1666565,64800,0.0247480736304413,-0.1155442198573207,4345926.351221016,-469559.8699535443,0.0,0.012483787797989261
102,5778,643.5668,46.66667,-6.0833282,43200,0.015784651021357197,-0.10888125211980822,4360023.469108121,-464668.9756583009,0.0,-0.028681364566411398
592,5904,643.5668,47.0,-6.25,43200,0.01753436452738341,-0.09023617675311305,4331787.087405169,-474407.8424903363,0.0,0.0024212449983155035
417,5859,643.5668,46.833336,-6.0,43200,0.01964737494056968,-0.10046102416114147,4347273.775744883,-456916.88569019584,0.0,0.04809737352422008
102,5778,643.5668,46.66667,-6.0833282,86400,0.018628553598499634,-0.09185234007471615,4360023.469108121,-464668.9756583009,0.0,0.001847572446145902
382,5850,643.5668,46.833336,-6.0833282,86400,0.007487080736870027,-0.10577874457025012,4346604.66032198,-463238.8677294356,0.0,-0.07107840886476037
417,5859,643.5668,46.833336,-6.0,64800,0.03050222263161627,-0.06792397844550752,4347273.775744883,-456916.88569019584,0.0,-0.011323108471387467
312,5832,643.5668,46.833336,-6.25,64800,0.017368961777226487,-0.08524676801615569,4345238.723142079,-475881.0361998027,0.0,0.01090346550129959
312,5832,643.5668,46.833336,-6.25,21600,0.00508222825444344,-0.09557855569805301,4345238.723142079,-475881.0361998027,0.0,0.01384684958716375
452,5868,643.5668,46.91667,-6.25,43200,0.023287728874168245,-0.07850358567111561,4338517.220887722,-475144.9119816816,0.0,-0.012869784069864994
522,5886,643.5668,46.91667,-6.0833282,86400,0.014975009716139097,-0.1241310222836971,4339881.045145775,-462522.2992525033,0.0,0.01408890636823534
242,5814,643.5668,46.75,-6.0833282,64800,0.01475784549309124,-0.09131509873027187,4353319.010767862,-463954.4488188505,0.0,0.014263887737177986
67,5769,643.5668,46.66667,-6.1666565,43200,0.01210574644724243,-0.09859423783465962,4359343.065935845,-471009.49203812674,0.0,0.007665620980961091
207,5805,643.5668,46.75,-6.1666565,64800,0.02791974036988072,-0.09212146164462841,4352639.653859386,-470285.21531356085,0.0,-0.012425494993171233
277,5823,643.5668,46.75,-6.0,86400,0.010623121981442262,-0.10441213570655224,4353989.159796485,-457622.70099545474,0.0,0.04502343792857988
242,5814,643.5668,46.75,-6.0833282,21600,0.0020686777242336415,-0.1116159767562051,4353319.010767862,-463954.4488188505,0.0,0.01929646327361855
277,5823,643.5668,46.75,-6.0,21600,0.01362169513171387,-0.10501624560787183,4353989.159796485,-457622.70099545474,0.0,-0.03826717942485044
137,5787,643.5668,46.66667,-6.0,43200,0.015466575373908265,-0.11064406564283226,4360694.650219674,-458327.4764384654,0.0,0.010911095545459607
207,5805,643.5668,46.75,-6.1666565,21600,0.00691715622880971,-0.12786549532340358,4352639.653859386,-470285.21531356085,0.0,-0.02805030482567771
242,5814,643.5668,46.75,-6.0833282,43200,0.008178494672017403,-0.12042047786537849,4353319.010767862,-463954.4488188505,0.0,-0.010702382845247828
662,5922,643.5668,47.0,-6.0833282,64800,0.03169576979558441,-0.08674754908172147,4333148.796028124,-461804.81061430223,0.0,-0.01576515741537332
32,5760,643.5668,46.66667,-6.25,21600,0.01137578528918812,-0.10065336441461932,4358653.3150161095,-477350.1729464703,0.0,-0.019823770733209446
697,5931,643.5668,47.0,-6.0,86400,0.0036342875784426097,-0.12171463924457371,4333815.840058059,-455502.3996515776,0.0,-0.03943654775230511
277,5823,643.5668,46.75,-6.0,43200,0.021660411536033042,-0.08527143642079159,4353989.159796485,-457622.70099545474,0.0,0.011438238529377236
627,5913,643.5668,47.0,-6.1666565,64800,0.02069641734061602,-0.07892662358144349,4332472.586781167,-468106.2447951276,0.0,-0.004358019757053102
347,5841,643.5668,46.833336,-6.1666565,86400,0.018461885371356748,-0.08225905177022914,4345926.351221016,-469559.8699535443,0.0,0.015565233548288242
67,5769,643.5668,46.66667,-6.1666565,21600,0.020300077297824244,-0.0989774572951578,4359343.065935845,-471009.49203812674,0.0,0.017382159063667964
592,5904,643.5668,47.0,-6.25,64800,0.012485068603217436,-0.11905633027946735,4331787.087405169,-474407.8424903363,0.0,0.02390329653183695
207,5805,643.5668,46.75,-6.1666565,43200,0.00858165332074477,-0.0937633313727933,4352639.653859386,-470285.21531356085,0.0,0.022117501797979763
102,5778,643.5668,46.66667,-6.0833282,21600,0.008544069908863094,-0.1342845761159142,4360023.469108121,-464668.9756583009,0.0,0.016251931125749977
312,5832,643.5668,46.833336,-6.25,43200,0.019964829790296634,-0.09219389839065328,4345238.723142079,-475881.0361998027,0.0,-0.022925951827971837
592,5904,643.5668,47.0,-6.25,86400,0.04243560627824246,-0.07252622719813868,4331787.087405169,-474407.8424903363,0.0,-0.02198357312849857
32,5760,643.5668,46.66667,-6.25,86400,0.007541420219373955,-0.11336559789122637,4358653.3150161095,-477350.1729464703,0.0,0.02464950964169409
557,5895,643.5668,46.91667,-6.0,64800,0.021441175892383986,-0.10454514644381588,4340549.125536747,-456210.0964726406,0.0,0.009412133733423641
312,5832,643.5668,46.833336,-6.25,86400,0.029320872499838356,-0.11647184966154774,4345238.723142079,-475881.0361998027,0.0,-0.006489709846647298
522,5886,643.5668,46.91667,-6.0833282,64800,0.0006823201340270483,-0.11589409679555929,4339881.045145775,-462522.2992525033,0.0,0.009205270902227952
172,5796,643.5668,46.75,-6.25,43200,0.013276533695272565,-0.08916116724571913,4351950.96357759,-476616.1460837916,0.0,0.011858156266744392
137,5787,643.5668,46.66667,-6.0,21600,0.011235012301438932,-0.10689089396402428,4360694.650219674,-458327.4764384654,0.0,-0.01467540385323473
487,5877,643.5668,46.91667,-6.1666565,64800,0.00985322120679074,-0.09940931401200233,4339203.78529813,-468833.52373287774,0.0,-0.05731950095402262
697,5931,643.5668,47.0,-6.0,64800,0.022806037419375317,-0.12380212383592698,4333815.840058059,-455502.3996515776,0.0,-0.00979149118776263
452,5868,643.5668,46.91667,-6.25,64800,0.01677560332905858,-0.11606653390412978,4338517.220887722,-475144.9119816816,0.0,-0.03450076295357571
172,5796,643.5668,46.75,-6.25,21600,-0.00367572023466824,-0.1289989659601039,4351950.96357759,-476616.1460837916,0.0,-0.015347992264148564
67,5769,643.5668,46.66667,-6.1666565,86400,0.0017285654238633277,-0.11853407135788366,4359343.065935845,-471009.49203812674,0.0,-0.017419656366537157
347,5841,643.5668,46.833336,-6.1666565,43200,0.009268628558915573,-0.10216087623304772,4345926.351221016,-469559.8699535443,0.0,0.0506003863855378
557,5895,643.5668,46.91667,-6.0,86400,0.009510486025586724,-0.11756910626161958,4340549.125536747,-456210.0964726406,0.0,0.020550646465517138
347,5841,643.5668,46.833336,-6.1666565,21600,0.015004896971516525,-0.12562132765040177,4345926.351221016,-469559.8699535443,0.0,-0.025411615763804647
277,5823,643.5668,46.75,-6.0,64800,0.0033553346544919795,-0.1123864378056901,4353989.159796485,-457622.70099545474,0.0,0.008875271632178461
417,5859,643.5668,46.833336,-6.0,86400,0.015547385169506048,-0.10505552159525312,4347273.775744883,-456916.88569019584,0.0,-0.009027590836475186
417,5859,643.5668,46.833336,-6.0,21600,0.00034627969324214913,-0.12480459653748957,4347273.775744883,-456916.88569019584,0.0,0.0032488724092132565
697,5931,643.5668,47.0,-6.0,43200,0.024928757404510966,-0.08826792482305112,4333815.840058059,-455502.3996515776,0.0,0.004185943436142889
452,5868,643.5668,46.91667,-6.25,21600,0.00943460623400578,-0.10643952258735868,4338517.220887722,-475144.9119816816,0.0,0.04756975983165192
207,5805,643.5668,46.75,-6.1666565,86400,0.016064907881246596,-0.10175616420338134,4352639.653859386,-470285.21531356085,0.0,0.03031465505439837
242,5814,643.5668,46.75,-6.0833282,86400,0.0026430213344953626,-0.11320387582274484,4353319.010767862,-463954.4488188505,0.0,-0.014668177330234152
452,5868,643.5668,46.91667,-6.25,86400,0.009757163071237793,-0.12840464469349047,4338517.220887722,-475144.9119816816,0.0,-0.02311283096755917
557,5895,643.5668,46.91667,-6.0,21600,0.038068151496995335,-0.07554636593536676,4340549.125536747,-456210.0964726406,0.0,-0.004450833910954604
627,5913,643.5668,47.0,-6.1666565,86400,0.018294943849173313,-0.12154887957551262,4332472.586781167,-468106.2447951276,0.0,-0.039590523536950105
102,5778,643.5668,46.66667,-6.0833282,64800,0.0031146758218705013,-0.11030288554635816,4360023.469108121,-464668.9756583009,0.0,0.011944609864265503
662,5922,643.5668,47.0,-6.0833282,21600,0.006820643159610283,-0.12164999689367932,4333148.796028124,-461804.81061430223,0.0,0.01754652945760491
487,5877,643.5668,46.91667,-6.1666565,86400,0.004502377406883338,-0.12145211827244912,4339203.78529813,-468833.52373287774,0.0,0.021001963817559446
697,5931,643.5668,47.0,-6.0,21600,0.03091776232887162,-0.08854784032418317,4333815.840058059,-455502.3996515776,0.0,0.03330046955143941
662,5922,643.5668,47.0,-6.0833282,86400,0.027497308250723464,-0.08373801229909622,4333148.796028124,-461804.81061430223,0.0,-0.02118575306702393
522,5886,643.5668,46.91667,-6.0833282,43200,0.025604233419181985,-0.07991776219120819,4339881.045145775,-462522.2992525033,0.0,-0.024035293550136783
32,5760,643.5668,46.66667,-6.25,64800,0.01451147088109167,-0.10005022839622463,4358653.3150161095,-477350.1729464703,0.0,0.005462933764551451
522,5886,643.5668,46.91667,-6.0833282,21600,0.022078349859480637,-0.08812290770482636,4339881.045145775,-462522.2992525033,0.0,0.017788891959476825
662,5922,643.5668,47.0,-6.0833282,43200,0.023772785046344225,-0.08799532068766659,4333148.796028124,-461804.81061430223,0.0,0.025276175143980336
67,5769,643.5668,46.66667,-6.1666565,64800,0.019122455031002832,-0.11651578466068221,4359343.065935845,-471009.49203812674,0.0,-0.021622624437672506
487,5877,643.5668,46.91667,-6.1666565,21600,0.026952355922972453,-0.08867638863399423,4339203.78529813,-468833.52373287774,0.0,0.0008691807307315281
32,5760,643.5668,46.66667,-6.25,43200,0.009354087842870352,-0.11082974985637488,4358653.3150161095,-477350.1729464703,0.0,0.009952470700021409
592,5904,643.5668,47.0,-6.25,21600,-6.71596860668082e-05,-0.12803690733308193,4331787.087405169,-474407.8424903363,0.0,0.004009715166928667
382,5850,643.5668,46.833336,-6.0833282,21600,0.006140545383580172,-0.12482466666551995,4346604.66032198,-463238.8677294356,0.0,0.03632804267474298
627,5913,643.5668,47.0,-6.1666565,21600,0.0202976595629992,-0.08518964395133724,4332472.586781167,-468106.2447951276,0.0,0.027276501153386593
137,5787,643.5668,46.66667,-6.0,64800,0.0006847110573444601,-0.10555361257463934,4360694.650219674,-458327.4764384654,0.0,-0.011483756039262868
627,5913,643.5668,47.0,-6.1666565,43200,0.006872561886354571,-0.12526655276380808,4332472.586781167,-468106.2447951276,0.0,0.0217738626793663
172,5796,643.5668,46.75,-6.25,64800,0.010597019494638062,-0.077140219449781,4351950.96357759,-476616.1460837916,0.0,-0.0007069362017655892
487,5877,643.5668,46.91667,-6.1666565,43200,0.015345788943535891,-0.0886709201958332,4339203.78529813,-468833.52373287774,0.0,-0.017178910759881063
557,5895,643.5668,46.91667,-6.0,43200,-0.0015562295906432037,-0.11189768927773669,4340549.125536747,-456210.0964726406,0.0,0.015996088987179663
137,5787,643.5668,46.66667,-6.0,86400,0.026220422626612228,-0.09732081042329885,4360694.650219674,-458327.4764384654,0.0,0.00947791789210379
172,5796,643.5668,46.75,-6.25,86400,0.03879930383286474,-0.08484835153649871,4351950.96357759,-476616.1460837916,0.0,0.002449210709761769
138,5967,763.3331,46.66667,-6.0,21600,0.012837743070637687,-0.10612699565246432,4360694.650219674,-458327.4764384654,0.0,-0.012432318258606965
523,6066,763.3331,46.91667,-6.0833282,64800,0.002916966042879863,-0.11415303195367103,4339881.045145775,-462522.2992525033,0.0,0.005764239154267499
418,6039,763.3331,46.833336,-6.0,86400,0.015461983480995456,-0.10686262148244706,4347273.775744883,-456916.88569019584,0.0,-0.010329842138341285
173,5976,763.3331,46.75,-6.25,43200,0.013577499506857991,-0.09368291783754899,4351950.96357759,-476616.1460837916,0.0,0.010695912895684771
488,6057,763.3331,46.91667,-6.1666565,64800,0.01039525018703744,-0.1023555006543822,4339203.78529813,-468833.52373287774,0.0,-0.0463509124619691
313,6012,763.3331,46.833336,-6.25,86400,0.026858616243003147,-0.11487214875283538,4345238.723142079,-475881.0361998027,0.0,-0.00413195515308837
523,6066,763.3331,46.91667,-6.0833282,21600,0.02325070765690919,-0.08953747741792811,4339881.045145775,-462522.2992525033,0.0,0.013195489820277061
558,6075,763.3331,46.91667,-6.0,64800,0.02020117099762081,-0.10640642860548218,4340549.125536747,-456210.0964726406,0.0,0.004898160749682886
103,5958,763.3331,46.66667,-6.0833282,21600,0.012660894731302271,-0.12430511812436688,4360023.469108121,-464668.9756583009,0.0,0.01338525568767748
698,6111,763.3331,47.0,-6.0,43200,0.027034532413206788,-0.08775241493573627,4333815.840058059,-455502.3996515776,0.0,0.00303071803499119
698,6111,763.3331,47.0,-6.0,86400,0.008489322865411993,-0.11510863277701171,4333815.840058059,-455502.3996515776,0.0,-0.0308731066343861
348,6021,763.3331,46.833336,-6.1666565,21600,0.015012549326173862,-0.12050572167369675,4345926.351221016,-469559.8699535443,0.0,-0.02075306944656546
663,6102,763.3331,47.0,-6.0833282,21600,0.009067835869726457,-0.11806001536091969,4333148.796028124,-461804.81061430223,0.0,0.012699288778309809
593,6084,763.3331,47.0,-6.25,21600,0.004064727180602034,-0.12283315539185041,4331787.087405169,-474407.8424903363,0.0,0.001218441980162338
243,5994,763.3331,46.75,-6.0833282,43200,0.011859348268770397,-0.11590851763517475,4353319.010767862,-463954.4488188505,0.0,-0.009104716140488767
663,6102,763.3331,47.0,-6.0833282,64800,0.030376362704746165,-0.08994460605510868,4333148.796028124,-461804.81061430223,0.0,-0.014703851917190647
208,5985,763.3331,46.75,-6.1666565,43200,0.010370199408125832,-0.09626463656972846,4352639.653859386,-470285.21531356085,0.0,0.01890131977529213
33,5940,763.3331,46.66667,-6.25,21600,0.012205706622389144,-0.10154749344347716,4358653.3150161095,-477350.1729464703,0.0,-0.014874015795921052
628,6093,763.3331,47.0,-6.1666565,43200,0.0100439344276754,-0.11990590813632361,4332472.586781167,-468106.2447951276,0.0,0.019028476237935774
628,6093,763.3331,47.0,-6.1666565,21600,0.019679253856430483,-0.09020997635810271,4332472.586781167,-468106.2447951276,0.0,0.019986089414352495
628,6093,763.3331,47.0,-6.1666565,64800,0.02293545129895539,-0.08065608300975577,4332472.586781167,-468106.2447951276,0.0,-0.001938267619283409
33,5940,763.3331,46.66667,-6.25,86400,0.008267454851399049,-0.11232854629909113,4358653.3150161095,-477350.1729464703,0.0,0.01771478211354389
558,6075,763.3331,46.91667,-6.0,21600,0.03388453772843824,-0.08028259489380754,4340549.125536747,-456210.0964726406,0.0,-0.0041336947262714105
663,6102,763.3331,47.0,-6.0833282,43200,0.024218655281921624,-0.08831227734284239,4333148.796028124,-461804.81061430223,0.0,0.020430366008456054
68,5949,763.3331,46.66667,-6.1666565,21600,0.020875228973615944,-0.09999874809314407,4359343.065935845,-471009.49203812674,0.0,0.01426089348297725
348,6021,763.3331,46.833336,-6.1666565,86400,0.019165064735858234,-0.08575380832453673,4345926.351221016,-469559.8699535443,0.0,0.011408015303856527
593,6084,763.3331,47.0,-6.25,64800,0.01428839350006955,-0.11536479367920657,4331787.087405169,-474407.8424903363,0.0,0.021414091732143998
208,5985,763.3331,46.75,-6.1666565,86400,0.0173110136622346,-0.10144248934457127,4352639.653859386,-470285.21531356085,0.0,0.019730853236928893
453,6048,763.3331,46.91667,-6.25,86400,0.011250895977213713,-0.12492806335385775,4338517.220887722,-475144.9119816816,0.0,-0.018209311332560676
593,6084,763.3331,47.0,-6.25,86400,0.0410055956223241,-0.07716862368985807,4331787.087405169,-474407.8424903363,0.0,-0.018116690235162405
313,6012,763.3331,46.833336,-6.25,43200,0.018879082726201347,-0.09381339469308031,4345238.723142079,-475881.0361998027,0.0,-0.01911583736268386
278,6003,763.3331,46.75,-6.0,43200,0.01988676785494696,-0.09194896911745136,4353989.159796485,-457622.70099545474,0.0,0.0076367051065845655
243,5994,763.3331,46.75,-6.0833282,86400,0.004845993882755365,-0.11196345542612439,4353319.010767862,-463954.4488188505,0.0,-0.012546246986756689
33,5940,763.3331,46.66667,-6.25,64800,0.016004519998707563,-0.09956681230541495,4358653.3150161095,-477350.1729464703,0.0,0.0022970052055821264
488,6057,763.3331,46.91667,-6.1666565,21600,0.026986278091757028,-0.09071563957209498,4339203.78529813,-468833.52373287774,0.0,0.002700432541446546
418,6039,763.3331,46.833336,-6.0,21600,0.004035285638151779,-0.12127369674887821,4347273.775744883,-456916.88569019584,0.0,0.0035834633860809787
278,6003,763.3331,46.75,-6.0,21600,0.015256068868539148,-0.10369707395469126,4353989.159796485,-457622.70099545474,0.0,-0.030456304164203286
383,6030,763.3331,46.833336,-6.0833282,86400,0.010737160705845981,-0.10353307788034305,4346604.66032198,-463238.8677294356,0.0,-0.05747421736421204
628,6093,763.3331,47.0,-6.1666565,86400,0.020017056496372594,-0.1164052742520334,4332472.586781167,-468106.2447951276,0.0,-0.031058308045690063
278,6003,763.3331,46.75,-6.0,64800,0.004987086309035667,-0.11097070932896654,4353989.159796485,-457622.70099545474,0.0,0.00567262227289011
593,6084,763.3331,47.0,-6.25,43200,0.01793460546782394,-0.09264534255061589,4331787.087405169,-474407.8424903363,0.0,0.0024312990335608117
488,6057,763.3331,46.91667,-6.1666565,43200,0.017737105614178343,-0.0906370464201921,4339203.78529813,-468833.52373287774,0.0,-0.01424852811224922
313,6012,763.3331,46.833336,-6.25,21600,0.00812861813144302,-0.0982201533343333,4345238.723142079,-475881.0361998027,0.0,0.012388710435389437
138,5967,763.3331,46.66667,-6.0,64800,0.005275650726036163,-0.10303570891338801,4360694.650219674,-458327.4764384654,0.0,-0.008003658903394169
523,6066,763.3331,46.91667,-6.0833282,86400,0.015556101923688472,-0.12173115294846208,4339881.045145775,-462522.2992525033,0.0,0.011166961872389523
278,6003,763.3331,46.75,-6.0,86400,0.011598247916733577,-0.10371237784360059,4353989.159796485,-457622.70099545474,0.0,0.0343516006141374
68,5949,763.3331,46.66667,-6.1666565,43200,0.014373280651286693,-0.09857860766742643,4359343.065935845,-471009.49203812674,0.0,0.005866171722234611
243,5994,763.3331,46.75,-6.0833282,64800,0.015608253689588538,-0.09393485286315917,4353319.010767862,-463954.4488188505,0.0,0.010939376921001337
383,6030,763.3331,46.833336,-6.0833282,21600,0.007451689384804056,-0.12343552281704658,4346604.66032198,-463238.8677294356,0.0,0.029189077271743996
208,5985,763.3331,46.75,-6.1666565,64800,0.02720687707721666,-0.09324726426451163,4352639.653859386,-470285.21531356085,0.0,-0.010102592590892327
173,5976,763.3331,46.75,-6.25,64800,0.012147920025918954,-0.08375182053065096,4351950.96357759,-476616.1460837916,0.0,0.0006333530119427824
33,5940,763.3331,46.66667,-6.25,43200,0.011278402387035468,-0.10962971601605156,4358653.3150161095,-477350.1729464703,0.0,0.008722423289877575
453,6048,763.3331,46.91667,-6.25,43200,0.02408385197088924,-0.07990528980705043,4338517.220887722,-475144.9119816816,0.0,-0.012765780175510635
138,5967,763.3331,46.66667,-6.0,86400,0.026080993278924783,-0.09856826692587402,4360694.650219674,-458327.4764384654,0.0,0.007516213093272255
313,6012,763.3331,46.833336,-6.25,64800,0.016947554733152882,-0.09050211072343768,4345238.723142079,-475881.0361998027,0.0,0.007340801182555437
453,6048,763.3331,46.91667,-6.25,64800,0.01673494245364404,-0.11383703071767559,4338517.220887722,-475144.9119816816,0.0,-0.028470075688075566
103,5958,763.3331,46.66667,-6.0833282,86400,0.017550546555413767,-0.09509988980257408,4360023.469108121,-464668.9756583009,0.0,-0.0014146437100806485
103,5958,763.3331,46.66667,-6.0833282,64800,0.006130567848231126,-0.10853411075314756,4360023.469108121,-464668.9756583009,0.0,0.009951202067871425
173,5976,763.3331,46.75,-6.25,21600,0.001783106848462444,-0.1237074783036041,4351950.96357759,-476616.1460837916,0.0,-0.013099990403992826
138,5967,763.3331,46.66667,-6.0,43200,0.015232982291701455,-0.11072496905033287,4360694.650219674,-458327.4764384654,0.0,0.00963900704568345
558,6075,763.3331,46.91667,-6.0,43200,0.001686566805491065,-0.10917069136634598,4340549.125536747,-456210.0964726406,0.0,0.008206648784057352
68,5949,763.3331,46.66667,-6.1666565,86400,0.005328488648378029,-0.11360639379913923,4359343.065935845,-471009.49203812674,0.0,-0.01277582151625604
348,6021,763.3331,46.833336,-6.1666565,43200,0.010790173249944772,-0.10229143028157134,4345926.351221016,-469559.8699535443,0.0,0.037578349096046
68,5949,763.3331,46.66667,-6.1666565,64800,0.0187542643589569,-0.11404171015467841,4359343.065935845,-471009.49203812674,0.0,-0.016931823236114387
418,6039,763.3331,46.833336,-6.0,64800,0.028866949881785283,-0.07363462821418854,4347273.775744883,-456916.88569019584,0.0,-0.011230366261674011
558,6075,763.3331,46.91667,-6.0,86400,0.011937483819003938,-0.11629128070685808,4340549.125536747,-456210.0964726406,0.0,0.01932876069311006
453,6048,763.3331,46.91667,-6.25,21600,0.011551730492132378,-0.10442909371348351,4338517.220887722,-475144.9119816816,0.0,0.04075629474950438
663,6102,763.3331,47.0,-6.0833282,86400,0.02705826221008513,-0.08929251067566978,4333148.796028124,-461804.81061430223,0.0,-0.015179487731479228
698,6111,763.3331,47.0,-6.0,21600,0.02952953305835506,-0.0918729517464441,4333815.840058059,-455502.3996515776,0.0,0.02769960174785413
173,5976,763.3331,46.75,-6.25,86400,0.035681669157134055,-0.08816599696837064,4351950.96357759,-476616.1460837916,0.0,0.0006868947241300859
383,6030,763.3331,46.833336,-6.0833282,64800,0.022867623117040478,-0.0883535419060791,4346604.66032198,-463238.8677294356,0.0,0.015954399606284902
208,5985,763.3331,46.75,-6.1666565,21600,0.010242460951968436,-0.12098148254718527,4352639.653859386,-470285.21531356085,0.0,-0.020693893774272967
523,6066,763.3331,46.91667,-6.0833282,43200,0.023202299525212442,-0.08428887367447019,4339881.045145775,-462522.2992525033,0.0,-0.021274565880280084
348,6021,763.3331,46.833336,-6.1666565,64800,0.024231262863903008,-0.11292874386910304,4345926.351221016,-469559.8699535443,0.0,0.008002049112200649
383,6030,763.3331,46.833336,-6.0833282,43200,0.01891181805653696,-0.10567215928941642,4346604.66032198,-463238.8677294356,0.0,0.003058124522600904
488,6057,763.3331,46.91667,-6.1666565,86400,0.006485506098868384,-0.11886269429475164,4339203.78529813,-468833.52373287774,0.0,0.019139285672833795
243,5994,763.3331,46.75,-6.0833282,21600,0.0055138581987485445,-0.10930541951312449,4353319.010767862,-463954.4488188505,0.0,0.01657117873838935
418,6039,763.3331,46.833336,-6.0,43200,0.021180309671677368,-0.09813845422343712,4347273.775744883,-456916.88569019584,0.0,0.040298280965853674
103,5958,763.3331,46.66667,-6.0833282,43200,0.016824633769711807,-0.10771729735805674,4360023.469108121,-464668.9756583009,0.0,-0.02378562605335294
698,6111,763.3331,47.0,-6.0,64800,0.026330135044868794,-0.11434948168406475,4333815.840058059,-455502.3996515776,0.0,-0.007613103640465395
664,6282,902.3393,47.0,-6.0833282,86400,0.02690070807571089,-0.09299644589681322,4333148.796028124,-461804.81061430223,0.0,-0.010965422089074877
629,6273,902.3393,47.0,-6.1666565,86400,0.021838326692608715,-0.11141405510895451,4332472.586781167,-468106.2447951276,0.0,-0.023843479817668108
699,6291,902.3393,47.0,-6.0,43200,0.029043244132669913,-0.08683670264390116,4333815.840058059,-455502.3996515776,0.0,0.0023984908210532645
559,6255,902.3393,46.91667,-6.0,86400,0.014516609004833776,-0.11423537758219132,4340549.125536747,-456210.0964726406,0.0,0.01722495198068268
34,6120,902.3393,46.66667,-6.25,43200,0.013143029377496417,-0.10831973602021136,4358653.3150161095,-477350.1729464703,0.0,0.00745155750635181
69,6129,902.3393,46.66667,-6.1666565,43200,0.016668026864091946,-0.09842236953286838,4359343.065935845,-471009.49203812674,0.0,0.0040832774440474565
104,6138,902.3393,46.66667,-6.0833282,43200,0.01819612319176435,-0.10604483719946899,4360023.469108121,-464668.9756583009,0.0,-0.019088393220100888
139,6147,902.3393,46.66667,-6.0,43200,0.015826355351630413,-0.10965219225361937,4360694.650219674,-458327.4764384654,0.0,0.008320005711769064
174,6156,902.3393,46.75,-6.25,43200,0.014313964200545412,-0.09690820664892102,4351950.96357759,-476616.1460837916,0.0,0.00948455204681967
209,6165,902.3393,46.75,-6.1666565,43200,0.012453499223392332,-0.09779950711534093,4352639.653859386,-470285.21531356085,0.0,0.01584936747344478
244,6174,902.3393,46.75,-6.0833282,43200,0.01470871411951907,-0.11227879812631408,4353319.010767862,-463954.4488188505,0.0,-0.007376389325996639
279,6183,902.3393,46.75,-6.0,43200,0.01876315694375202,-0.09681815775742066,4353989.159796485,-457622.70099545474,0.0,0.004881437583394705
314,6192,902.3393,46.833336,-6.25,43200,0.018584361669574473,-0.09518402459414678,4345238.723142079,-475881.0361998027,0.0,-0.015550565565972873
349,6201,902.3393,46.833336,-6.1666565,43200,0.012660952656671377,-0.10213495896241599,4345926.351221016,-469559.8699535443,0.0,0.027141103651601415
384,6210,902.3393,46.833336,-6.0833282,43200,0.019799559755739084,-0.10499861602819119,4346604.66032198,-463238.8677294356,0.0,0.004384978120816616
419,6219,902.3393,46.833336,-6.0,43200,0.02250970570620461,-0.09677702758524634,4347273.775744883,-456916.88569019584,0.0,0.033057514915518345
454,6228,902.3393,46.91667,-6.25,43200,0.024731807025227082,-0.08178433810763733,4338517.220887722,-475144.9119816816,0.0,-0.011759556633972821
489,6237,902.3393,46.91667,-6.1666565,43200,0.01987327636128364,-0.09199498585435259,4339203.78529813,-468833.52373287774,0.0,-0.011645311174861516
524,6246,902.3393,46.91667,-6.0833282,43200,0.021792665875235803,-0.08792853095690117,4339881.045145775,-462522.2992525033,0.0,-0.018516542060779392
699,6291,902.3393,47.0,-6.0,21600,0.028979906921453864,-0.09329872099221853,4333815.840058059,-455502.3996515776,0.0,0.022459158745931462
664,6282,902.3393,47.0,-6.0833282,21600,0.011824145532849054,-0.11404358803075149,4333148.796028124,-461804.81061430223,0.0,0.009122815254203026
629,6273,902.3393,47.0,-6.1666565,21600,0.01992182997709234,-0.0937026546124472,4332472.586781167,-468106.2447951276,0.0,0.014261670750747212
594,6264,902.3393,47.0,-6.25,21600,0.008152628366910162,-0.11768837181375161,4331787.087405169,-474407.8424903363,0.0,-0.0006472674183480028
34,6120,902.3393,46.66667,-6.25,21600,0.013291997013225912,-0.10208800938942852,4358653.3150161095,-477350.1729464703,0.0,-0.010602827290544016
69,6129,902.3393,46.66667,-6.1666565,21600,0.02146139448895228,-0.10078043550375722,4359343.065935845,-471009.49203812674,0.0,0.011172858539865741
104,6138,902.3393,46.66667,-6.0833282,21600,0.016130745889846414,-0.11654360410685492,4360023.469108121,-464668.9756583009,0.0,0.010495952810537536
139,6147,902.3393,46.66667,-6.0,21600,0.014827857872338606,-0.1051035790659705,4360694.650219674,-458327.4764384654,0.0,-0.010292645604613107
174,6156,902.3393,46.75,-6.25,21600,0.006619026783498877,-0.11900462539881881,4351950.96357759,-476616.1460837916,0.0,-0.010739685771345035
209,6165,902.3393,46.75,-6.1666565,21600,0.012958188421058198,-0.11567819640498918,4352639.653859386,-470285.21531356085,0.0,-0.014692761464064253
244,6174,902.3393,46.75,-6.0833282,21600,0.00863501870635544,-0.10762671662422492,4353319.010767862,-463954.4488188505,0.0,0.013602215166980547
559,6255,902.3393,46.91667,-6.0,43200,0.005115544558023604,-0.10685844226987548,4340549.125536747,-456210.0964726406,0.0,0.0026721178342045825
279,6183,902.3393,46.75,-6.0,21600,0.01662251284908653,-0.10302476462199693,4353989.159796485,-457622.70099545474,0.0,-0.023405584456183532
349,6201,902.3393,46.833336,-6.1666565,21600,0.01566310976763625,-0.11599571113394865,4345926.351221016,-469559.8699535443,0.0,-0.016722029931231463
384,6210,902.3393,46.833336,-6.0833282,21600,0.00925364292126472,-0.12110625283641809,4346604.66032198,-463238.8677294356,0.0,0.022467838208031138
419,6219,902.3393,46.833336,-6.0,21600,0.00768586269284802,-0.11777212640131142,4347273.775744883,-456916.88569019584,0.0,0.0039367513437513465
454,6228,902.3393,46.91667,-6.25,21600,0.013863663516837701,-0.10275580223533765,4338517.220887722,-475144.9119816816,0.0,0.034051917841198966
489,6237,902.3393,46.91667,-6.1666565,21600,0.027094386337038093,-0.09213578288964304,4339203.78529813,-468833.52373287774,0.0,0.0038135053717373462
524,6246,902.3393,46.91667,-6.0833282,21600,0.02409906127253999,-0.09103497843997532,4339881.045145775,-462522.2992525033,0.0,0.009958975377604417
559,6255,902.3393,46.91667,-6.0,21600,0.030915850081991665,-0.08413509779048087,4340549.125536747,-456210.0964726406,0.0,-0.0037964168806679075
314,6192,902.3393,46.833336,-6.25,21600,0.01127178120592004,-0.09959840872948507,4345238.723142079,-475881.0361998027,0.0,0.01078944782763868
594,6264,902.3393,47.0,-6.25,86400,0.039555795869020104,-0.08074948265664963,4331787.087405169,-474407.8424903363,0.0,-0.014460777765548079
594,6264,902.3393,47.0,-6.25,43200,0.018623164026996895,-0.0944404096860972,4331787.087405169,-474407.8424903363,0.0,0.002245960493283866
664,6282,902.3393,47.0,-6.0833282,43200,0.024946685777989974,-0.08873734835764992,4333148.796028124,-461804.81061430223,0.0,0.016199100095302815
34,6120,902.3393,46.66667,-6.25,86400,0.009683639248980327,-0.11085768168440367,4358653.3150161095,-477350.1729464703,0.0,0.012043564509424813
69,6129,902.3393,46.66667,-6.1666565,86400,0.008677128091071058,-0.10999102455829428,4359343.065935845,-471009.49203812674,0.0,-0.008774330821175982
104,6138,902.3393,46.66667,-6.0833282,86400,0.017432144891135537,-0.09743938457259893,4360023.469108121,-464668.9756583009,0.0,-0.0028664048569227987
139,6147,902.3393,46.66667,-6.0,86400,0.025965230263641476,-0.09922659086107785,4360694.650219674,-458327.4764384654,0.0,0.005645691115046089
174,6156,902.3393,46.75,-6.25,86400,0.03312498351481946,-0.09098783152555914,4351950.96357759,-476616.1460837916,0.0,-0.0005673581384601597
209,6165,902.3393,46.75,-6.1666565,86400,0.01862987020562089,-0.10119662098574177,4352639.653859386,-470285.21531356085,0.0,0.011906651051591739
244,6174,902.3393,46.75,-6.0833282,86400,0.007025626539179198,-0.11076712264744973,4353319.010767862,-463954.4488188505,0.0,-0.010429948640072625
279,6183,902.3393,46.75,-6.0,86400,0.01280428961193943,-0.10311974049546842,4353989.159796485,-457622.70099545474,0.0,0.02558608051673428
314,6192,902.3393,46.833336,-6.25,86400,0.025479501011633817,-0.11271805867878315,4345238.723142079,-475881.0361998027,0.0,-0.002578055845126111
349,6201,902.3393,46.833336,-6.1666565,86400,0.020218852817952864,-0.08872952890864444,4345926.351221016,-469559.8699535443,0.0,0.008107345051875024
384,6210,902.3393,46.833336,-6.0833282,86400,0.013837737047543278,-0.1017285124239043,4346604.66032198,-463238.8677294356,0.0,-0.045383209187501314
419,6219,902.3393,46.833336,-6.0,86400,0.015995125836583593,-0.10740149130402198,4347273.775744883,-456916.88569019584,0.0,-0.01099706852566821
454,6228,902.3393,46.91667,-6.25,86400,0.012928351792619544,-0.12147029814430998,4338517.220887722,-475144.9119816816,0.0,-0.013765380175094297
489,6237,902.3393,46.91667,-6.1666565,86400,0.00872080261964499,-0.11638855415459162,4339203.78529813,-468833.52373287774,0.0,0.016811838671710894
524,6246,902.3393,46.91667,-6.0833282,86400,0.016627351334530305,-0.11869458155929191,4339881.045145775,-462522.2992525033,0.0,0.009139443426406409
699,6291,902.3393,47.0,-6.0,64800,0.029046814188392917,-0.10629064834552138,4333815.840058059,-455502.3996515776,0.0,-0.005925391174995099
664,6282,902.3393,47.0,-6.0833282,64800,0.029794136003635955,-0.09176530715502079,4333148.796028124,-461804.81061430223,0.0,-0.013020014987104235
629,6273,902.3393,47.0,-6.1666565,64800,0.02491619817799711,-0.0823923031303713,4332472.586781167,-468106.2447951276,0.0,-0.00023420776810667714
594,6264,902.3393,47.0,-6.25,64800,0.016721526788406327,-0.11131104688330812,4331787.087405169,-474407.8424903363,0.0,0.018292782011384658
34,6120,902.3393,46.66667,-6.25,64800,0.017215667563894425,-0.09961648313718549,4358653.3150161095,-477350.1729464703,0.0,0.00023471024655693585
69,6129,902.3393,46.66667,-6.1666565,64800,0.019110022849324667,-0.11115023190961384,4359343.065935845,-471009.49203812674,0.0,-0.012899705398023247
104,6138,902.3393,46.66667,-6.0833282,64800,0.009192599382952141,-0.10681399309893022,4360023.469108121,-464668.9756583009,0.0,0.00816901562490596
139,6147,902.3393,46.66667,-6.0,64800,0.009205362975093122,-0.10143805290774938,4360694.650219674,-458327.4764384654,0.0,-0.0052045787692146525
174,6156,902.3393,46.75,-6.25,64800,0.013868497466261835,-0.08876144728353622,4351950.96357759,-476616.1460837916,0.0,0.0014836920607561484
209,6165,902.3393,46.75,-6.1666565,64800,0.02669972470574232,-0.09420181727785262,4352639.653859386,-470285.21531356085,0.0,-0.008105695765900516
244,6174,902.3393,46.75,-6.0833282,64800,0.016427850978983524,-0.09611783691579444,4353319.010767862,-463954.4488188505,0.0,0.008061353481727334
629,6273,902.3393,47.0,-6.1666565,43200,0.01346248844499913,-0.11484013935485746,4332472.586781167,-468106.2447951276,0.0,0.01630956056597382
279,6183,902.3393,46.75,-6.0,64800,0.0069005061197863135,-0.10980021156198756,4353989.159796485,-457622.70099545474,0.0,0.003371441846816448
349,6201,902.3393,46.833336,-6.1666565,64800,0.024084362342021427,-0.11018381490471325,4345926.351221016,-469559.8699535443,0.0,0.004952959882088193
384,6210,902.3393,46.833336,-6.0833282,64800,0.023837946820142557,-0.08976624582129086,4346604.66032198,-463238.8677294356,0.0,0.015701903702717908
419,6219,902.3393,46.833336,-6.0,64800,0.02778884137506405,-0.07857918568100293,4347273.775744883,-456916.88569019584,0.0,-0.010642484666669042
454,6228,902.3393,46.91667,-6.25,64800,0.017460372337730262,-0.11125168704421169,4338517.220887722,-475144.9119816816,0.0,-0.023448266493927228
489,6237,902.3393,46.91667,-6.1666565,64800,0.011733911335010946,-0.1039735090520347,4339203.78529813,-468833.52373287774,0.0,-0.036608986141736743
524,6246,902.3393,46.91667,-6.0833282,64800,0.0056155613623102285,-0.11223671992993582,4339881.045145775,-462522.2992525033,0.0,0.0029056872329064516
559,6255,902.3393,46.91667,-6.0,64800,0.01960256867895076,-0.10708356180613007,4340549.125536747,-456210.0964726406,0.0,0.001669955287000806
314,6192,902.3393,46.833336,-6.25,64800,0.017251405406140067,-0.09416348668480043,4345238.723142079,-475881.0361998027,0.0,0.00441956423555291
699,6291,902.3393,47.0,-6.0,86400,0.013148058520061805,-0.10890816014848251,4333815.840058059,-455502.3996515776,0.0,-0.02357891749959479
