,depth,latitude,longitude,time,uo,vo,x,y,z
0,0.494025,46.66667,-6.25,2024-10-01 00:00:00,-0.17494571,0.0395086,4358653.3150161095,-477350.1729464703,0.0
180,1.541375,46.66667,-6.25,2024-10-01 00:00:00,-0.16990565,0.036912434,4358653.3150161095,-477350.1729464703,0.0
360,2.645669,46.66667,-6.25,2024-10-01 00:00:00,-0.16415168,0.031293012,4358653.3150161095,-477350.1729464703,0.0
540,3.819495,46.66667,-6.25,2024-10-01 00:00:00,-0.15126328,0.009190825,4358653.3150161095,-477350.1729464703,0.0
720,5.078224,46.66667,-6.25,2024-10-01 00:00:00,-0.14469515,-0.012230545,4358653.3150161095,-477350.1729464703,0.0
900,6.440614,46.66667,-6.25,2024-10-01 00:00:00,-0.14484094,-0.017525814,4358653.3150161095,-477350.1729464703,0.0
1080,7.92956,46.66667,-6.25,2024-10-01 00:00:00,-0.14528282,-0.02105352,4358653.3150161095,-477350.1729464703,0.0
1260,9.572997,46.66667,-6.25,2024-10-01 00:00:00,-0.14577784,-0.024636574,4358653.3150161095,-477350.1729464703,0.0
1440,11.405,46.66667,-6.25,2024-10-01 00:00:00,-0.14633216,-0.028498627,4358653.3150161095,-477350.1729464703,0.0
1620,13.46714,46.66667,-6.25,2024-10-01 00:00:00,-0.14696197,-0.03272857,4358653.3150161095,-477350.1729464703,0.0
1800,15.81007,46.66667,-6.25,2024-10-01 00:00:00,-0.14766885,-0.037355185,4358653.3150161095,-477350.1729464703,0.0
1980,18.49556,46.66667,-6.25,2024-10-01 00:00:00,-0.1484057,-0.04235699,4358653.3150161095,-477350.1729464703,0.0
2160,21.59882,46.66667,-6.25,2024-10-01 00:00:00,-0.14918779,-0.04771892,4358653.3150161095,-477350.1729464703,0.0
2340,25.21141,46.66667,-6.25,2024-10-01 00:00:00,-0.150025,-0.053342782,4358653.3150161095,-477350.1729464703,0.0
2520,29.44473,46.66667,-6.25,2024-10-01 00:00:00,-0.15099387,-0.059205867,4358653.3150161095,-477350.1729464703,0.0
2700,34.43415,46.66667,-6.25,2024-10-01 00:00:00,-0.15246487,-0.06699723,4358653.3150161095,-477350.1729464703,0.0
2880,40.34405,46.66667,-6.25,2024-10-01 00:00:00,-0.14849608,-0.072034016,4358653.3150161095,-477350.1729464703,0.0
3060,47.37369,46.66667,-6.25,2024-10-01 00:00:00,-0.12890299,-0.019661706,4358653.3150161095,-477350.1729464703,0.0
3240,55.76429,46.66667,-6.25,2024-10-01 00:00:00,-0.06163991,0.012572354,4358653.3150161095,-477350.1729464703,0.0
3420,65.80727,46.66667,-6.25,2024-10-01 00:00:00,-0.06138673,0.007280502,4358653.3150161095,-477350.1729464703,0.0
3600,77.85385,46.66667,-6.25,2024-10-01 00:00:00,-0.068604544,0.011316445,4358653.3150161095,-477350.1729464703,0.0
3780,92.32607,46.66667,-6.25,2024-10-01 00:00:00,-0.07117243,0.011585413,4358653.3150161095,-477350.1729464703,0.0
3960,109.7293,46.66667,-6.25,2024-10-01 00:00:00,-0.07420622,0.008799963,4358653.3150161095,-477350.1729464703,0.0
4140,130.666,46.66667,-6.25,2024-10-01 00:00:00,-0.08576054,-0.0045662085,4358653.3150161095,-477350.1729464703,0.0
4320,155.8507,46.66667,-6.25,2024-10-01 00:00:00,-0.084283665,-0.018815804,4358653.3150161095,-477350.1729464703,0.0
4500,186.1256,46.66667,-6.25,2024-10-01 00:00:00,-0.085665844,-0.02538746,4358653.3150161095,-477350.1729464703,0.0
4680,222.4752,46.66667,-6.25,2024-10-01 00:00:00,-0.09011659,-0.03759867,4358653.3150161095,-477350.1729464703,0.0
4860,266.0403,46.66667,-6.25,2024-10-01 00:00:00,-0.08361184,-0.04685962,4358653.3150161095,-477350.1729464703,0.0
5040,318.1274,46.66667,-6.25,2024-10-01 00:00:00,-0.07027787,-0.034050174,4358653.3150161095,-477350.1729464703,0.0
5220,380.213,46.66667,-6.25,2024-10-01 00:00:00,-0.052373648,-0.0069476925,4358653.3150161095,-477350.1729464703,0.0
5400,453.9377,46.66667,-6.25,2024-10-01 00:00:00,-0.043962937,0.0051009143,4358653.3150161095,-477350.1729464703,0.0
5580,541.0889,46.66667,-6.25,2024-10-01 00:00:00,-0.036805388,0.0029669737,4358653.3150161095,-477350.1729464703,0.0
5760,643.5668,46.66667,-6.25,2024-10-01 00:00:00,-0.041256778,0.0016007859,4358653.3150161095,-477350.1729464703,0.0
5940,763.3331,46.66667,-6.25,2024-10-01 00:00:00,-0.022477197,0.010558531,4358653.3150161095,-477350.1729464703,0.0
6120,902.3393,46.66667,-6.25,2024-10-01 00:00:00,0.033701193,0.034156732,4358653.3150161095,-477350.1729464703,0.0
9,0.494025,46.66667,-6.1666565,2024-10-01 00:00:00,-0.18399297,0.131572,4359343.065935845,-471009.49203812674,0.0
189,1.541375,46.66667,-6.1666565,2024-10-01 00:00:00,-0.17892908,0.12870453,4359343.065935845,-471009.49203812674,0.0
369,2.645669,46.66667,-6.1666565,2024-10-01 00:00:00,-0.17130809,0.11997608,4359343.065935845,-471009.49203812674,0.0
549,3.819495,46.66667,-6.1666565,2024-10-01 00:00:00,-0.16060255,0.089490145,4359343.065935845,-471009.49203812674,0.0
729,5.078224,46.66667,-6.1666565,2024-10-01 00:00:00,-0.15927282,0.07430946,4359343.065935845,-471009.49203812674,0.0
909,6.440614,46.66667,-6.1666565,2024-10-01 00:00:00,-0.15866868,0.06716928,4359343.065935845,-471009.49203812674,0.0
1089,7.92956,46.66667,-6.1666565,2024-10-01 00:00:00,-0.15804492,0.059699863,4359343.065935845,-471009.49203812674,0.0
1269,9.572997,46.66667,-6.1666565,2024-10-01 00:00:00,-0.15748562,0.05141682,4359343.065935845,-471009.49203812674,0.0
1449,11.405,46.66667,-6.1666565,2024-10-01 00:00:00,-0.15702653,0.042157248,4359343.065935845,-471009.49203812674,0.0
1629,13.46714,46.66667,-6.1666565,2024-10-01 00:00:00,-0.15669484,0.031770304,4359343.065935845,-471009.49203812674,0.0
1809,15.81007,46.66667,-6.1666565,2024-10-01 00:00:00,-0.15650891,0.020121824,4359343.065935845,-471009.49203812674,0.0
1989,18.49556,46.66667,-6.1666565,2024-10-01 00:00:00,-0.15650198,0.0070486944,4359343.065935845,-471009.49203812674,0.0
2169,21.59882,46.66667,-6.1666565,2024-10-01 00:00:00,-0.15684678,-0.0075876834,4359343.065935845,-471009.49203812674,0.0
2349,25.21141,46.66667,-6.1666565,2024-10-01 00:00:00,-0.15802464,-0.023960123,4359343.065935845,-471009.49203812674,0.0
2529,29.44473,46.66667,-6.1666565,2024-10-01 00:00:00,-0.16098982,-0.04253205,4359343.065935845,-471009.49203812674,0.0
2709,34.43415,46.66667,-6.1666565,2024-10-01 00:00:00,-0.16830482,-0.065443955,4359343.065935845,-471009.49203812674,0.0
2889,40.34405,46.66667,-6.1666565,2024-10-01 00:00:00,-0.17006867,-0.06920106,4359343.065935845,-471009.49203812674,0.0
3069,47.37369,46.66667,-6.1666565,2024-10-01 00:00:00,-0.12667796,0.015894903,4359343.065935845,-471009.49203812674,0.0
3249,55.76429,46.66667,-6.1666565,2024-10-01 00:00:00,-0.06819769,0.027245995,4359343.065935845,-471009.49203812674,0.0
3429,65.80727,46.66667,-6.1666565,2024-10-01 00:00:00,-0.070498,0.0195852,4359343.065935845,-471009.49203812674,0.0
3609,77.85385,46.66667,-6.1666565,2024-10-01 00:00:00,-0.07665538,0.022660447,4359343.065935845,-471009.49203812674,0.0
3789,92.32607,46.66667,-6.1666565,2024-10-01 00:00:00,-0.08542226,0.022080027,4359343.065935845,-471009.49203812674,0.0
3969,109.7293,46.66667,-6.1666565,2024-10-01 00:00:00,-0.09507774,0.018658325,4359343.065935845,-471009.49203812674,0.0
4149,130.666,46.66667,-6.1666565,2024-10-01 00:00:00,-0.10450006,0.0076711737,4359343.065935845,-471009.49203812674,0.0
4329,155.8507,46.66667,-6.1666565,2024-10-01 00:00:00,-0.09545369,0.0005270275,4359343.065935845,-471009.49203812674,0.0
4509,186.1256,46.66667,-6.1666565,2024-10-01 00:00:00,-0.0855608,0.0054935007,4359343.065935845,-471009.49203812674,0.0
4689,222.4752,46.66667,-6.1666565,2024-10-01 00:00:00,-0.06705479,0.023965577,4359343.065935845,-471009.49203812674,0.0
4869,266.0403,46.66667,-6.1666565,2024-10-01 00:00:00,-0.033053454,0.03442865,4359343.065935845,-471009.49203812674,0.0
5049,318.1274,46.66667,-6.1666565,2024-10-01 00:00:00,-0.02014864,0.045268565,4359343.065935845,-471009.49203812674,0.0
5229,380.213,46.66667,-6.1666565,2024-10-01 00:00:00,-0.03813343,0.050660416,4359343.065935845,-471009.49203812674,0.0
5409,453.9377,46.66667,-6.1666565,2024-10-01 00:00:00,-0.038235046,0.04944149,4359343.065935845,-471009.49203812674,0.0
5589,541.0889,46.66667,-6.1666565,2024-10-01 00:00:00,-0.043894466,0.056872036,4359343.065935845,-471009.49203812674,0.0
5769,643.5668,46.66667,-6.1666565,2024-10-01 00:00:00,-0.04185134,0.042015936,4359343.065935845,-471009.49203812674,0.0
5949,763.3331,46.66667,-6.1666565,2024-10-01 00:00:00,-0.025571939,0.034948356,4359343.065935845,-471009.49203812674,0.0
6129,902.3393,46.66667,-6.1666565,2024-10-01 00:00:00,-0.013679711,0.062495563,4359343.065935845,-471009.49203812674,0.0
18,0.494025,46.66667,-6.0833282,2024-10-01 00:00:00,-0.1690209,0.16616502,4360023.469108121,-464668.9756583009,0.0
198,1.541375,46.66667,-6.0833282,2024-10-01 00:00:00,-0.16432378,0.16296989,4360023.469108121,-464668.9756583009,0.0
378,2.645669,46.66667,-6.0833282,2024-10-01 00:00:00,-0.15671542,0.15042704,4360023.469108121,-464668.9756583009,0.0
558,3.819495,46.66667,-6.0833282,2024-10-01 00:00:00,-0.15171537,0.12307103,4360023.469108121,-464668.9756583009,0.0
738,5.078224,46.66667,-6.0833282,2024-10-01 00:00:00,-0.15181637,0.113765225,4360023.469108121,-464668.9756583009,0.0
918,6.440614,46.66667,-6.0833282,2024-10-01 00:00:00,-0.15204604,0.10665644,4360023.469108121,-464668.9756583009,0.0
1098,7.92956,46.66667,-6.0833282,2024-10-01 00:00:00,-0.15223563,0.0990271,4360023.469108121,-464668.9756583009,0.0
1278,9.572997,46.66667,-6.0833282,2024-10-01 00:00:00,-0.15241463,0.0904928,4360023.469108121,-464668.9756583009,0.0
1458,11.405,46.66667,-6.0833282,2024-10-01 00:00:00,-0.15259084,0.080845594,4360023.469108121,-464668.9756583009,0.0
1638,13.46714,46.66667,-6.0833282,2024-10-01 00:00:00,-0.15275477,0.06982602,4360023.469108121,-464668.9756583009,0.0
1818,15.81007,46.66667,-6.0833282,2024-10-01 00:00:00,-0.1528777,0.057157468,4360023.469108121,-464668.9756583009,0.0
1998,18.49556,46.66667,-6.0833282,2024-10-01 00:00:00,-0.15292798,0.04249407,4360023.469108121,-464668.9756583009,0.0
2178,21.59882,46.66667,-6.0833282,2024-10-01 00:00:00,-0.15292098,0.025369506,4360023.469108121,-464668.9756583009,0.0
2358,25.21141,46.66667,-6.0833282,2024-10-01 00:00:00,-0.1531025,0.005107705,4360023.469108121,-464668.9756583009,0.0
2538,29.44473,46.66667,-6.0833282,2024-10-01 00:00:00,-0.15468965,-0.019609772,4360023.469108121,-464668.9756583009,0.0
2718,34.43415,46.66667,-6.0833282,2024-10-01 00:00:00,-0.16583557,-0.05130635,4360023.469108121,-464668.9756583009,0.0
2898,40.34405,46.66667,-6.0833282,2024-10-01 00:00:00,-0.19738278,-0.041722693,4360023.469108121,-464668.9756583009,0.0
3078,47.37369,46.66667,-6.0833282,2024-10-01 00:00:00,-0.110345736,0.05772399,4360023.469108121,-464668.9756583009,0.0
3258,55.76429,46.66667,-6.0833282,2024-10-01 00:00:00,-0.07301146,0.047901053,4360023.469108121,-464668.9756583009,0.0
3438,65.80727,46.66667,-6.0833282,2024-10-01 00:00:00,-0.082013264,0.033888727,4360023.469108121,-464668.9756583009,0.0
3618,77.85385,46.66667,-6.0833282,2024-10-01 00:00:00,-0.08947483,0.035806395,4360023.469108121,-464668.9756583009,0.0
3798,92.32607,46.66667,-6.0833282,2024-10-01 00:00:00,-0.094067104,0.042831074,4360023.469108121,-464668.9756583009,0.0
3978,109.7293,46.66667,-6.0833282,2024-10-01 00:00:00,-0.09599819,0.048588127,4360023.469108121,-464668.9756583009,0.0
4158,130.666,46.66667,-6.0833282,2024-10-01 00:00:00,-0.09760631,0.04639663,4360023.469108121,-464668.9756583009,0.0
4338,155.8507,46.66667,-6.0833282,2024-10-01 00:00:00,-0.07741168,0.053883146,4360023.469108121,-464668.9756583009,0.0
4518,186.1256,46.66667,-6.0833282,2024-10-01 00:00:00,-0.06703541,0.06185748,4360023.469108121,-464668.9756583009,0.0
4698,222.4752,46.66667,-6.0833282,2024-10-01 00:00:00,-0.064524695,0.08004559,4360023.469108121,-464668.9756583009,0.0
4878,266.0403,46.66667,-6.0833282,2024-10-01 00:00:00,-0.05943334,0.088957,4360023.469108121,-464668.9756583009,0.0
5058,318.1274,46.66667,-6.0833282,2024-10-01 00:00:00,-0.059593793,0.09170352,4360023.469108121,-464668.9756583009,0.0
5238,380.213,46.66667,-6.0833282,2024-10-01 00:00:00,-0.056539677,0.08867359,4360023.469108121,-464668.9756583009,0.0
5418,453.9377,46.66667,-6.0833282,2024-10-01 00:00:00,-0.058085397,0.08772059,4360023.469108121,-464668.9756583009,0.0
5598,541.0889,46.66667,-6.0833282,2024-10-01 00:00:00,-0.06991436,0.08692122,4360023.469108121,-464668.9756583009,0.0
5778,643.5668,46.66667,-6.0833282,2024-10-01 00:00:00,-0.06474065,0.08993889,4360023.469108121,-464668.9756583009,0.0
5958,763.3331,46.66667,-6.0833282,2024-10-01 00:00:00,-0.045155242,0.07299895,4360023.469108121,-464668.9756583009,0.0
6138,902.3393,46.66667,-6.0833282,2024-10-01 00:00:00,-0.016673196,0.08185336,4360023.469108121,-464668.9756583009,0.0
27,0.494025,46.66667,-6.0,2024-10-01 00:00:00,-0.17086254,0.1320372,4360694.650219674,-458327.4764384654,0.0
207,1.541375,46.66667,-6.0,2024-10-01 00:00:00,-0.16612978,0.12844874,4360694.650219674,-458327.4764384654,0.0
387,2.645669,46.66667,-6.0,2024-10-01 00:00:00,-0.1575727,0.112537555,4360694.650219674,-458327.4764384654,0.0
567,3.819495,46.66667,-6.0,2024-10-01 00:00:00,-0.15200336,0.09431581,4360694.650219674,-458327.4764384654,0.0
747,5.078224,46.66667,-6.0,2024-10-01 00:00:00,-0.15132874,0.08794607,4360694.650219674,-458327.4764384654,0.0
927,6.440614,46.66667,-6.0,2024-10-01 00:00:00,-0.15120386,0.08415816,4360694.650219674,-458327.4764384654,0.0
1107,7.92956,46.66667,-6.0,2024-10-01 00:00:00,-0.15114672,0.08046618,4360694.650219674,-458327.4764384654,0.0
1287,9.572997,46.66667,-6.0,2024-10-01 00:00:00,-0.15113136,0.07648818,4360694.650219674,-458327.4764384654,0.0
1467,11.405,46.66667,-6.0,2024-10-01 00:00:00,-0.15111166,0.07202058,4360694.650219674,-458327.4764384654,0.0
1647,13.46714,46.66667,-6.0,2024-10-01 00:00:00,-0.15108529,0.06686951,4360694.650219674,-458327.4764384654,0.0
1827,15.81007,46.66667,-6.0,2024-10-01 00:00:00,-0.15106262,0.060836513,4360694.650219674,-458327.4764384654,0.0
2007,18.49556,46.66667,-6.0,2024-10-01 00:00:00,-0.1510574,0.05374605,4360694.650219674,-458327.4764384654,0.0
2187,21.59882,46.66667,-6.0,2024-10-01 00:00:00,-0.15110396,0.045290343,4360694.650219674,-458327.4764384654,0.0
2367,25.21141,46.66667,-6.0,2024-10-01 00:00:00,-0.15127571,0.03494051,4360694.650219674,-458327.4764384654,0.0
2547,29.44473,46.66667,-6.0,2024-10-01 00:00:00,-0.15169656,0.020962657,4360694.650219674,-458327.4764384654,0.0
2727,34.43415,46.66667,-6.0,2024-10-01 00:00:00,-0.16165793,-0.0048747286,4360694.650219674,-458327.4764384654,0.0
2907,40.34405,46.66667,-6.0,2024-10-01 00:00:00,-0.2012436,0.020341434,4360694.650219674,-458327.4764384654,0.0
3087,47.37369,46.66667,-6.0,2024-10-01 00:00:00,-0.06482776,0.10833766,4360694.650219674,-458327.4764384654,0.0
3267,55.76429,46.66667,-6.0,2024-10-01 00:00:00,-0.050699208,0.07786281,4360694.650219674,-458327.4764384654,0.0
3447,65.80727,46.66667,-6.0,2024-10-01 00:00:00,-0.064951986,0.064511314,4360694.650219674,-458327.4764384654,0.0
3627,77.85385,46.66667,-6.0,2024-10-01 00:00:00,-0.07561881,0.06939894,4360694.650219674,-458327.4764384654,0.0
3807,92.32607,46.66667,-6.0,2024-10-01 00:00:00,-0.07830137,0.08240738,4360694.650219674,-458327.4764384654,0.0
3987,109.7293,46.66667,-6.0,2024-10-01 00:00:00,-0.08072916,0.0939782,4360694.650219674,-458327.4764384654,0.0
4167,130.666,46.66667,-6.0,2024-10-01 00:00:00,-0.086048685,0.098594025,4360694.650219674,-458327.4764384654,0.0
4347,155.8507,46.66667,-6.0,2024-10-01 00:00:00,-0.07915604,0.108375356,4360694.650219674,-458327.4764384654,0.0
4527,186.1256,46.66667,-6.0,2024-10-01 00:00:00,-0.076110154,0.103413776,4360694.650219674,-458327.4764384654,0.0
4707,222.4752,46.66667,-6.0,2024-10-01 00:00:00,-0.08495778,0.091290034,4360694.650219674,-458327.4764384654,0.0
4887,266.0403,46.66667,-6.0,2024-10-01 00:00:00,-0.09325293,0.074287355,4360694.650219674,-458327.4764384654,0.0
5067,318.1274,46.66667,-6.0,2024-10-01 00:00:00,-0.08722539,0.07987318,4360694.650219674,-458327.4764384654,0.0
5247,380.213,46.66667,-6.0,2024-10-01 00:00:00,-0.08557807,0.08879959,4360694.650219674,-458327.4764384654,0.0
5427,453.9377,46.66667,-6.0,2024-10-01 00:00:00,-0.08413867,0.09005846,4360694.650219674,-458327.4764384654,0.0
5607,541.0889,46.66667,-6.0,2024-10-01 00:00:00,-0.092365064,0.09993447,4360694.650219674,-458327.4764384654,0.0
5787,643.5668,46.66667,-6.0,2024-10-01 00:00:00,-0.08445111,0.11312799,4360694.650219674,-458327.4764384654,0.0
5967,763.3331,46.66667,-6.0,2024-10-01 00:00:00,-0.061462514,0.102792636,4360694.650219674,-458327.4764384654,0.0
6147,902.3393,46.66667,-6.0,2024-10-01 00:00:00,-0.04135544,0.120057344,4360694.650219674,-458327.4764384654,0.0
36,0.494025,46.75,-6.25,2024-10-01 00:00:00,-0.14799441,0.019672198,4351950.96357759,-476616.1460837916,0.0
216,1.541375,46.75,-6.25,2024-10-01 00:00:00,-0.14279051,0.017513817,4351950.96357759,-476616.1460837916,0.0
396,2.645669,46.75,-6.25,2024-10-01 00:00:00,-0.1364343,0.011823626,4351950.96357759,-476616.1460837916,0.0
576,3.819495,46.75,-6.25,2024-10-01 00:00:00,-0.1256913,-0.010919815,4351950.96357759,-476616.1460837916,0.0
756,5.078224,46.75,-6.25,2024-10-01 00:00:00,-0.12347236,-0.01802222,4351950.96357759,-476616.1460837916,0.0
936,6.440614,46.75,-6.25,2024-10-01 00:00:00,-0.123267375,-0.019144006,4351950.96357759,-476616.1460837916,0.0
1116,7.92956,46.75,-6.25,2024-10-01 00:00:00,-0.123202786,-0.019759482,4351950.96357759,-476616.1460837916,0.0
1296,9.572997,46.75,-6.25,2024-10-01 00:00:00,-0.12316194,-0.0203143,4351950.96357759,-476616.1460837916,0.0
1476,11.405,46.75,-6.25,2024-10-01 00:00:00,-0.12312019,-0.02087875,4351950.96357759,-476616.1460837916,0.0
1656,13.46714,46.75,-6.25,2024-10-01 00:00:00,-0.123075284,-0.021464763,4351950.96357759,-476616.1460837916,0.0
1836,15.81007,46.75,-6.25,2024-10-01 00:00:00,-0.123017475,-0.022061652,4351950.96357759,-476616.1460837916,0.0
2016,18.49556,46.75,-6.25,2024-10-01 00:00:00,-0.1229351,-0.022629887,4351950.96357759,-476616.1460837916,0.0
2196,21.59882,46.75,-6.25,2024-10-01 00:00:00,-0.122828044,-0.023187151,4351950.96357759,-476616.1460837916,0.0
2376,25.21141,46.75,-6.25,2024-10-01 00:00:00,-0.122703515,-0.023774963,4351950.96357759,-476616.1460837916,0.0
2556,29.44473,46.75,-6.25,2024-10-01 00:00:00,-0.12259456,-0.024524093,4351950.96357759,-476616.1460837916,0.0
2736,34.43415,46.75,-6.25,2024-10-01 00:00:00,-0.12274167,-0.027495591,4351950.96357759,-476616.1460837916,0.0
2916,40.34405,46.75,-6.25,2024-10-01 00:00:00,-0.12225583,-0.02725834,4351950.96357759,-476616.1460837916,0.0
3096,47.37369,46.75,-6.25,2024-10-01 00:00:00,-0.10772426,0.0035723126,4351950.96357759,-476616.1460837916,0.0
3276,55.76429,46.75,-6.25,2024-10-01 00:00:00,-0.0029177377,0.03681942,4351950.96357759,-476616.1460837916,0.0
3456,65.80727,46.75,-6.25,2024-10-01 00:00:00,-0.019805517,0.045050208,4351950.96357759,-476616.1460837916,0.0
3636,77.85385,46.75,-6.25,2024-10-01 00:00:00,-0.03252337,0.0625997,4351950.96357759,-476616.1460837916,0.0
3816,92.32607,46.75,-6.25,2024-10-01 00:00:00,-0.036143404,0.071028024,4351950.96357759,-476616.1460837916,0.0
3996,109.7293,46.75,-6.25,2024-10-01 00:00:00,-0.03666482,0.07175537,4351950.96357759,-476616.1460837916,0.0
4176,130.666,46.75,-6.25,2024-10-01 00:00:00,-0.042642184,0.059271593,4351950.96357759,-476616.1460837916,0.0
4356,155.8507,46.75,-6.25,2024-10-01 00:00:00,-0.03859067,0.024985896,4351950.96357759,-476616.1460837916,0.0
4536,186.1256,46.75,-6.25,2024-10-01 00:00:00,-0.043501124,0.0042614797,4351950.96357759,-476616.1460837916,0.0
4716,222.4752,46.75,-6.25,2024-10-01 00:00:00,-0.054359216,-0.034634423,4351950.96357759,-476616.1460837916,0.0
4896,266.0403,46.75,-6.25,2024-10-01 00:00:00,-0.05900042,-0.052537758,4351950.96357759,-476616.1460837916,0.0
5076,318.1274,46.75,-6.25,2024-10-01 00:00:00,-0.04494837,-0.048187315,4351950.96357759,-476616.1460837916,0.0
5256,380.213,46.75,-6.25,2024-10-01 00:00:00,-0.03211936,-0.005737403,4351950.96357759,-476616.1460837916,0.0
5436,453.9377,46.75,-6.25,2024-10-01 00:00:00,-0.02566057,0.0149866985,4351950.96357759,-476616.1460837916,0.0
5616,541.0889,46.75,-6.25,2024-10-01 00:00:00,-0.028141396,0.024878465,4351950.96357759,-476616.1460837916,0.0
5796,643.5668,46.75,-6.25,2024-10-01 00:00:00,-0.02624013,0.020521775,4351950.96357759,-476616.1460837916,0.0
5976,763.3331,46.75,-6.25,2024-10-01 00:00:00,-0.013787743,0.031708375,4351950.96357759,-476616.1460837916,0.0
6156,902.3393,46.75,-6.25,2024-10-01 00:00:00,-0.010374374,0.022764014,4351950.96357759,-476616.1460837916,0.0
45,0.494025,46.75,-6.1666565,2024-10-01 00:00:00,-0.17601626,0.079057135,4352639.653859386,-470285.21531356085,0.0
225,1.541375,46.75,-6.1666565,2024-10-01 00:00:00,-0.17091422,0.076628156,4352639.653859386,-470285.21531356085,0.0
405,2.645669,46.75,-6.1666565,2024-10-01 00:00:00,-0.1629909,0.06694483,4352639.653859386,-470285.21531356085,0.0
585,3.819495,46.75,-6.1666565,2024-10-01 00:00:00,-0.15566577,0.042641107,4352639.653859386,-470285.21531356085,0.0
765,5.078224,46.75,-6.1666565,2024-10-01 00:00:00,-0.15384082,0.03583929,4352639.653859386,-470285.21531356085,0.0
945,6.440614,46.75,-6.1666565,2024-10-01 00:00:00,-0.15262014,0.03300534,4352639.653859386,-470285.21531356085,0.0
1125,7.92956,46.75,-6.1666565,2024-10-01 00:00:00,-0.15137284,0.030338833,4352639.653859386,-470285.21531356085,0.0
1305,9.572997,46.75,-6.1666565,2024-10-01 00:00:00,-0.15005095,0.02748031,4352639.653859386,-470285.21531356085,0.0
1485,11.405,46.75,-6.1666565,2024-10-01 00:00:00,-0.14864965,0.02434531,4352639.653859386,-470285.21531356085,0.0
1665,13.46714,46.75,-6.1666565,2024-10-01 00:00:00,-0.14717187,0.020893041,4352639.653859386,-470285.21531356085,0.0
1845,15.81007,46.75,-6.1666565,2024-10-01 00:00:00,-0.14564477,0.01716341,4352639.653859386,-470285.21531356085,0.0
2025,18.49556,46.75,-6.1666565,2024-10-01 00:00:00,-0.14414123,0.013263684,4352639.653859386,-470285.21531356085,0.0
2205,21.59882,46.75,-6.1666565,2024-10-01 00:00:00,-0.14267032,0.009147725,4352639.653859386,-470285.21531356085,0.0
2385,25.21141,46.75,-6.1666565,2024-10-01 00:00:00,-0.14116022,0.0046253325,4352639.653859386,-470285.21531356085,0.0
2565,29.44473,46.75,-6.1666565,2024-10-01 00:00:00,-0.1393931,-0.0010819966,4352639.653859386,-470285.21531356085,0.0
2745,34.43415,46.75,-6.1666565,2024-10-01 00:00:00,-0.13602512,-0.014459063,4352639.653859386,-470285.21531356085,0.0
2925,40.34405,46.75,-6.1666565,2024-10-01 00:00:00,-0.12920578,-0.022809347,4352639.653859386,-470285.21531356085,0.0
3105,47.37369,46.75,-6.1666565,2024-10-01 00:00:00,-0.0991295,0.03274072,4352639.653859386,-470285.21531356085,0.0
3285,55.76429,46.75,-6.1666565,2024-10-01 00:00:00,-0.037281748,0.04570884,4352639.653859386,-470285.21531356085,0.0
3465,65.80727,46.75,-6.1666565,2024-10-01 00:00:00,-0.044771925,0.04098419,4352639.653859386,-470285.21531356085,0.0
3645,77.85385,46.75,-6.1666565,2024-10-01 00:00:00,-0.05050661,0.043887947,4352639.653859386,-470285.21531356085,0.0
3825,92.32607,46.75,-6.1666565,2024-10-01 00:00:00,-0.053621255,0.048976008,4352639.653859386,-470285.21531356085,0.0
4005,109.7293,46.75,-6.1666565,2024-10-01 00:00:00,-0.059105825,0.04744979,4352639.653859386,-470285.21531356085,0.0
4185,130.666,46.75,-6.1666565,2024-10-01 00:00:00,-0.0643585,0.03159045,4352639.653859386,-470285.21531356085,0.0
4365,155.8507,46.75,-6.1666565,2024-10-01 00:00:00,-0.063809074,0.015794856,4352639.653859386,-470285.21531356085,0.0
4545,186.1256,46.75,-6.1666565,2024-10-01 00:00:00,-0.06145807,0.016447673,4352639.653859386,-470285.21531356085,0.0
4725,222.4752,46.75,-6.1666565,2024-10-01 00:00:00,-0.063094415,-0.009439709,4352639.653859386,-470285.21531356085,0.0
4905,266.0403,46.75,-6.1666565,2024-10-01 00:00:00,-0.05057673,-0.020289196,4352639.653859386,-470285.21531356085,0.0
5085,318.1274,46.75,-6.1666565,2024-10-01 00:00:00,-0.041769538,0.0024874231,4352639.653859386,-470285.21531356085,0.0
5265,380.213,46.75,-6.1666565,2024-10-01 00:00:00,-0.032906983,0.043901246,4352639.653859386,-470285.21531356085,0.0
5445,453.9377,46.75,-6.1666565,2024-10-01 00:00:00,-0.026530169,0.060488176,4352639.653859386,-470285.21531356085,0.0
5625,541.0889,46.75,-6.1666565,2024-10-01 00:00:00,-0.035799943,0.060801312,4352639.653859386,-470285.21531356085,0.0
5805,643.5668,46.75,-6.1666565,2024-10-01 00:00:00,-0.03841638,0.054707125,4352639.653859386,-470285.21531356085,0.0
5985,763.3331,46.75,-6.1666565,2024-10-01 00:00:00,-0.03880684,0.0683562,4352639.653859386,-470285.21531356085,0.0
6165,902.3393,46.75,-6.1666565,2024-10-01 00:00:00,-0.037927885,0.08558261,4352639.653859386,-470285.21531356085,0.0
54,0.494025,46.75,-6.0833282,2024-10-01 00:00:00,-0.18685026,0.14254351,4353319.010767862,-463954.44881885045,0.0
234,1.541375,46.75,-6.0833282,2024-10-01 00:00:00,-0.18190244,0.13987324,4353319.010767862,-463954.44881885045,0.0
414,2.645669,46.75,-6.0833282,2024-10-01 00:00:00,-0.1739125,0.12609357,4353319.010767862,-463954.44881885045,0.0
594,3.819495,46.75,-6.0833282,2024-10-01 00:00:00,-0.17008251,0.10486875,4353319.010767862,-463954.44881885045,0.0
774,5.078224,46.75,-6.0833282,2024-10-01 00:00:00,-0.16850574,0.09794987,4353319.010767862,-463954.44881885045,0.0
954,6.440614,46.75,-6.0833282,2024-10-01 00:00:00,-0.166734,0.092629574,4353319.010767862,-463954.44881885045,0.0
1134,7.92956,46.75,-6.0833282,2024-10-01 00:00:00,-0.16475439,0.08679676,4353319.010767862,-463954.44881885045,0.0
1314,9.572997,46.75,-6.0833282,2024-10-01 00:00:00,-0.16258734,0.08018886,4353319.010767862,-463954.44881885045,0.0
1494,11.405,46.75,-6.0833282,2024-10-01 00:00:00,-0.16022602,0.07267628,4353319.010767862,-463954.44881885045,0.0
1674,13.46714,46.75,-6.0833282,2024-10-01 00:00:00,-0.15763353,0.064112805,4353319.010767862,-463954.44881885045,0.0
1854,15.81007,46.75,-6.0833282,2024-10-01 00:00:00,-0.15477794,0.05442854,4353319.010767862,-463954.44881885045,0.0
2034,18.49556,46.75,-6.0833282,2024-10-01 00:00:00,-0.15161027,0.043533023,4353319.010767862,-463954.44881885045,0.0
2214,21.59882,46.75,-6.0833282,2024-10-01 00:00:00,-0.14810807,0.031327017,4353319.010767862,-463954.44881885045,0.0
2394,25.21141,46.75,-6.0833282,2024-10-01 00:00:00,-0.14438169,0.017350562,4353319.010767862,-463954.44881885045,0.0
2574,29.44473,46.75,-6.0833282,2024-10-01 00:00:00,-0.14124317,-0.00025964715,4353319.010767862,-463954.44881885045,0.0
2754,34.43415,46.75,-6.0833282,2024-10-01 00:00:00,-0.14374505,-0.024788152,4353319.010767862,-463954.44881885045,0.0
2934,40.34405,46.75,-6.0833282,2024-10-01 00:00:00,-0.14477575,-0.031343766,4353319.010767862,-463954.44881885045,0.0
3114,47.37369,46.75,-6.0833282,2024-10-01 00:00:00,-0.08432977,0.053794656,4353319.010767862,-463954.44881885045,0.0
3294,55.76429,46.75,-6.0833282,2024-10-01 00:00:00,-0.03875808,0.044216607,4353319.010767862,-463954.44881885045,0.0
3474,65.80727,46.75,-6.0833282,2024-10-01 00:00:00,-0.04724403,0.040225886,4353319.010767862,-463954.44881885045,0.0
3654,77.85385,46.75,-6.0833282,2024-10-01 00:00:00,-0.057415772,0.045251403,4353319.010767862,-463954.44881885045,0.0
3834,92.32607,46.75,-6.0833282,2024-10-01 00:00:00,-0.06626351,0.05139113,4353319.010767862,-463954.44881885045,0.0
4014,109.7293,46.75,-6.0833282,2024-10-01 00:00:00,-0.075145915,0.04942729,4353319.010767862,-463954.44881885045,0.0
4194,130.666,46.75,-6.0833282,2024-10-01 00:00:00,-0.07805716,0.038813435,4353319.010767862,-463954.44881885045,0.0
4374,155.8507,46.75,-6.0833282,2024-10-01 00:00:00,-0.0751366,0.03494886,4353319.010767862,-463954.44881885045,0.0
4554,186.1256,46.75,-6.0833282,2024-10-01 00:00:00,-0.061099585,0.042119894,4353319.010767862,-463954.44881885045,0.0
4734,222.4752,46.75,-6.0833282,2024-10-01 00:00:00,-0.054703467,0.059128623,4353319.010767862,-463954.44881885045,0.0
4914,266.0403,46.75,-6.0833282,2024-10-01 00:00:00,-0.03466584,0.092131466,4353319.010767862,-463954.44881885045,0.0
5094,318.1274,46.75,-6.0833282,2024-10-01 00:00:00,-0.018090777,0.10660181,4353319.010767862,-463954.44881885045,0.0
5274,380.213,46.75,-6.0833282,2024-10-01 00:00:00,-0.027355073,0.10247589,4353319.010767862,-463954.44881885045,0.0
5454,453.9377,46.75,-6.0833282,2024-10-01 00:00:00,-0.034422003,0.11077735,4353319.010767862,-463954.44881885045,0.0
5634,541.0889,46.75,-6.0833282,2024-10-01 00:00:00,-0.039504524,0.12571862,4353319.010767862,-463954.44881885045,0.0
5814,643.5668,46.75,-6.0833282,2024-10-01 00:00:00,-0.05430758,0.120376095,4353319.010767862,-463954.44881885045,0.0
5994,763.3331,46.75,-6.0833282,2024-10-01 00:00:00,-0.05420411,0.094409615,4353319.010767862,-463954.44881885045,0.0
6174,902.3393,46.75,-6.0833282,2024-10-01 00:00:00,-0.059709962,0.0978619,4353319.010767862,-463954.44881885045,0.0
63,0.494025,46.75,-6.0,2024-10-01 00:00:00,-0.17804638,0.17242345,4353989.159796485,-457622.70099545474,0.0
243,1.541375,46.75,-6.0,2024-10-01 00:00:00,-0.17289892,0.1694623,4353989.159796485,-457622.70099545474,0.0
423,2.645669,46.75,-6.0,2024-10-01 00:00:00,-0.16451862,0.15317158,4353989.159796485,-457622.70099545474,0.0
603,3.819495,46.75,-6.0,2024-10-01 00:00:00,-0.16171503,0.13814995,4353989.159796485,-457622.70099545474,0.0
783,5.078224,46.75,-6.0,2024-10-01 00:00:00,-0.16049442,0.13219944,4353989.159796485,-457622.70099545474,0.0
963,6.440614,46.75,-6.0,2024-10-01 00:00:00,-0.15905847,0.12666783,4353989.159796485,-457622.70099545474,0.0
1143,7.92956,46.75,-6.0,2024-10-01 00:00:00,-0.15738778,0.12043561,4353989.159796485,-457622.70099545474,0.0
1323,9.572997,46.75,-6.0,2024-10-01 00:00:00,-0.15550359,0.11326717,4353989.159796485,-457622.70099545474,0.0
1503,11.405,46.75,-6.0,2024-10-01 00:00:00,-0.15340464,0.10500383,4353989.159796485,-457622.70099545474,0.0
1683,13.46714,46.75,-6.0,2024-10-01 00:00:00,-0.15106772,0.095460944,4353989.159796485,-457622.70099545474,0.0
1863,15.81007,46.75,-6.0,2024-10-01 00:00:00,-0.14848158,0.084454715,4353989.159796485,-457622.70099545474,0.0
2043,18.49556,46.75,-6.0,2024-10-01 00:00:00,-0.14560695,0.071781024,4353989.159796485,-457622.70099545474,0.0
2223,21.59882,46.75,-6.0,2024-10-01 00:00:00,-0.14246133,0.05708914,4353989.159796485,-457622.70099545474,0.0
2403,25.21141,46.75,-6.0,2024-10-01 00:00:00,-0.1391048,0.039532032,4353989.159796485,-457622.70099545474,0.0
2583,29.44473,46.75,-6.0,2024-10-01 00:00:00,-0.13595122,0.016257819,4353989.159796485,-457622.70099545474,0.0
2763,34.43415,46.75,-6.0,2024-10-01 00:00:00,-0.1411227,-0.013516799,4353989.159796485,-457622.70099545474,0.0
2943,40.34405,46.75,-6.0,2024-10-01 00:00:00,-0.17451967,-0.0009650653,4353989.159796485,-457622.70099545474,0.0
3123,47.37369,46.75,-6.0,2024-10-01 00:00:00,-0.054042947,0.08389997,4353989.159796485,-457622.70099545474,0.0
3303,55.76429,46.75,-6.0,2024-10-01 00:00:00,-0.03403652,0.04979176,4353989.159796485,-457622.70099545474,0.0
3483,65.80727,46.75,-6.0,2024-10-01 00:00:00,-0.05312003,0.046894867,4353989.159796485,-457622.70099545474,0.0
3663,77.85385,46.75,-6.0,2024-10-01 00:00:00,-0.062076483,0.054047577,4353989.159796485,-457622.70099545474,0.0
3843,92.32607,46.75,-6.0,2024-10-01 00:00:00,-0.07110172,0.06454766,4353989.159796485,-457622.70099545474,0.0
4023,109.7293,46.75,-6.0,2024-10-01 00:00:00,-0.07746856,0.06955297,4353989.159796485,-457622.70099545474,0.0
4203,130.666,46.75,-6.0,2024-10-01 00:00:00,-0.07341661,0.070527054,4353989.159796485,-457622.70099545474,0.0
4383,155.8507,46.75,-6.0,2024-10-01 00:00:00,-0.06474728,0.083622895,4353989.159796485,-457622.70099545474,0.0
4563,186.1256,46.75,-6.0,2024-10-01 00:00:00,-0.052073967,0.10171139,4353989.159796485,-457622.70099545474,0.0
4743,222.4752,46.75,-6.0,2024-10-01 00:00:00,-0.053895053,0.11957891,4353989.159796485,-457622.70099545474,0.0
4923,266.0403,46.75,-6.0,2024-10-01 00:00:00,-0.04661172,0.11679718,4353989.159796485,-457622.70099545474,0.0
5103,318.1274,46.75,-6.0,2024-10-01 00:00:00,-0.042145714,0.11783161,4353989.159796485,-457622.70099545474,0.0
5283,380.213,46.75,-6.0,2024-10-01 00:00:00,-0.048314556,0.12544462,4353989.159796485,-457622.70099545474,0.0
5463,453.9377,46.75,-6.0,2024-10-01 00:00:00,-0.04978673,0.12301769,4353989.159796485,-457622.70099545474,0.0
5643,541.0889,46.75,-6.0,2024-10-01 00:00:00,-0.06141655,0.12254016,4353989.159796485,-457622.70099545474,0.0
5823,643.5668,46.75,-6.0,2024-10-01 00:00:00,-0.07371197,0.13618536,4353989.159796485,-457622.70099545474,0.0
6003,763.3331,46.75,-6.0,2024-10-01 00:00:00,-0.077664435,0.12284475,4353989.159796485,-457622.70099545474,0.0
6183,902.3393,46.75,-6.0,2024-10-01 00:00:00,-0.06511856,0.11606083,4353989.159796485,-457622.70099545474,0.0
72,0.494025,46.833336,-6.25,2024-10-01 00:00:00,-0.1320102,0.03973625,4345238.723142079,-475881.0361998027,0.0
252,1.541375,46.833336,-6.25,2024-10-01 00:00:00,-0.12679909,0.036853556,4345238.723142079,-475881.0361998027,0.0
432,2.645669,46.833336,-6.25,2024-10-01 00:00:00,-0.12070763,0.03010511,4345238.723142079,-475881.0361998027,0.0
612,3.819495,46.833336,-6.25,2024-10-01 00:00:00,-0.11466248,0.01228399,4345238.723142079,-475881.0361998027,0.0
792,5.078224,46.833336,-6.25,2024-10-01 00:00:00,-0.11379713,0.008279309,4345238.723142079,-475881.0361998027,0.0
972,6.440614,46.833336,-6.25,2024-10-01 00:00:00,-0.11358651,0.0074780025,4345238.723142079,-475881.0361998027,0.0
1152,7.92956,46.833336,-6.25,2024-10-01 00:00:00,-0.11347398,0.007141357,4345238.723142079,-475881.0361998027,0.0
1332,9.572997,46.833336,-6.25,2024-10-01 00:00:00,-0.11338058,0.0069053867,4345238.723142079,-475881.0361998027,0.0
1512,11.405,46.833336,-6.25,2024-10-01 00:00:00,-0.11330072,0.006705597,4345238.723142079,-475881.0361998027,0.0
1692,13.46714,46.833336,-6.25,2024-10-01 00:00:00,-0.11320739,0.006509264,4345238.723142079,-475881.0361998027,0.0
1872,15.81007,46.833336,-6.25,2024-10-01 00:00:00,-0.113098666,0.0063091386,4345238.723142079,-475881.0361998027,0.0
2052,18.49556,46.833336,-6.25,2024-10-01 00:00:00,-0.1129704,0.0060941465,4345238.723142079,-475881.0361998027,0.0
2232,21.59882,46.833336,-6.25,2024-10-01 00:00:00,-0.11283131,0.0058771046,4345238.723142079,-475881.0361998027,0.0
2412,25.21141,46.833336,-6.25,2024-10-01 00:00:00,-0.112667166,0.0056236796,4345238.723142079,-475881.0361998027,0.0
2592,29.44473,46.833336,-6.25,2024-10-01 00:00:00,-0.11249501,0.0053200205,4345238.723142079,-475881.0361998027,0.0
2772,34.43415,46.833336,-6.25,2024-10-01 00:00:00,-0.112239875,0.004093058,4345238.723142079,-475881.0361998027,0.0
2952,40.34405,46.833336,-6.25,2024-10-01 00:00:00,-0.11559327,0.0042718844,4345238.723142079,-475881.0361998027,0.0
3132,47.37369,46.833336,-6.25,2024-10-01 00:00:00,-0.1247999,0.025209486,4345238.723142079,-475881.0361998027,0.0
3312,55.76429,46.833336,-6.25,2024-10-01 00:00:00,-0.008898687,0.05758614,4345238.723142079,-475881.0361998027,0.0
3492,65.80727,46.833336,-6.25,2024-10-01 00:00:00,-0.0349639,0.06804711,4345238.723142079,-475881.0361998027,0.0
3672,77.85385,46.833336,-6.25,2024-10-01 00:00:00,-0.04841462,0.0974682,4345238.723142079,-475881.0361998027,0.0
3852,92.32607,46.833336,-6.25,2024-10-01 00:00:00,-0.0529431,0.11166148,4345238.723142079,-475881.0361998027,0.0
4032,109.7293,46.833336,-6.25,2024-10-01 00:00:00,-0.05434455,0.10813761,4345238.723142079,-475881.0361998027,0.0
4212,130.666,46.833336,-6.25,2024-10-01 00:00:00,-0.054360326,0.08925748,4345238.723142079,-475881.0361998027,0.0
4392,155.8507,46.833336,-6.25,2024-10-01 00:00:00,-0.052419513,0.06315882,4345238.723142079,-475881.0361998027,0.0
4572,186.1256,46.833336,-6.25,2024-10-01 00:00:00,-0.035408344,0.032643635,4345238.723142079,-475881.0361998027,0.0
4752,222.4752,46.833336,-6.25,2024-10-01 00:00:00,-0.02279576,-0.000120279146,4345238.723142079,-475881.0361998027,0.0
4932,266.0403,46.833336,-6.25,2024-10-01 00:00:00,-0.014815412,-0.023991544,4345238.723142079,-475881.0361998027,0.0
5112,318.1274,46.833336,-6.25,2024-10-01 00:00:00,-0.01331261,-0.018506674,4345238.723142079,-475881.0361998027,0.0
5292,380.213,46.833336,-6.25,2024-10-01 00:00:00,-0.030154275,0.002287381,4345238.723142079,-475881.0361998027,0.0
5472,453.9377,46.833336,-6.25,2024-10-01 00:00:00,-0.04270631,0.030434579,4345238.723142079,-475881.0361998027,0.0
5652,541.0889,46.833336,-6.25,2024-10-01 00:00:00,-0.03661808,0.050531004,4345238.723142079,-475881.0361998027,0.0
5832,643.5668,46.833336,-6.25,2024-10-01 00:00:00,-0.02959623,0.05836893,4345238.723142079,-475881.0361998027,0.0
6012,763.3331,46.833336,-6.25,2024-10-01 00:00:00,-0.01995961,0.057911217,4345238.723142079,-475881.0361998027,0.0
6192,902.3393,46.833336,-6.25,2024-10-01 00:00:00,-0.020367129,0.048102133,4345238.723142079,-475881.0361998027,0.0
81,0.494025,46.833336,-6.1666565,2024-10-01 00:00:00,-0.16280252,0.07748614,4345926.351221016,-469559.8699535443,0.0
261,1.541375,46.833336,-6.1666565,2024-10-01 00:00:00,-0.15771882,0.07424712,4345926.351221016,-469559.8699535443,0.0
441,2.645669,46.833336,-6.1666565,2024-10-01 00:00:00,-0.15114279,0.064812936,4345926.351221016,-469559.8699535443,0.0
621,3.819495,46.833336,-6.1666565,2024-10-01 00:00:00,-0.14551334,0.047303066,4345926.351221016,-469559.8699535443,0.0
801,5.078224,46.833336,-6.1666565,2024-10-01 00:00:00,-0.14362426,0.042788077,4345926.351221016,-469559.8699535443,0.0
981,6.440614,46.833336,-6.1666565,2024-10-01 00:00:00,-0.14249071,0.04115192,4345926.351221016,-469559.8699535443,0.0
1161,7.92956,46.833336,-6.1666565,2024-10-01 00:00:00,-0.1415048,0.03997167,4345926.351221016,-469559.8699535443,0.0
1341,9.572997,46.833336,-6.1666565,2024-10-01 00:00:00,-0.14061435,0.0389191,4345926.351221016,-469559.8699535443,0.0
1521,11.405,46.833336,-6.1666565,2024-10-01 00:00:00,-0.13971403,0.037850324,4345926.351221016,-469559.8699535443,0.0
1701,13.46714,46.833336,-6.1666565,2024-10-01 00:00:00,-0.13874,0.036708042,4345926.351221016,-469559.8699535443,0.0
1881,15.81007,46.833336,-6.1666565,2024-10-01 00:00:00,-0.13772352,0.03551954,4345926.351221016,-469559.8699535443,0.0
2061,18.49556,46.833336,-6.1666565,2024-10-01 00:00:00,-0.13655372,0.034233697,4345926.351221016,-469559.8699535443,0.0
2241,21.59882,46.833336,-6.1666565,2024-10-01 00:00:00,-0.13544336,0.032936998,4345926.351221016,-469559.8699535443,0.0
2421,25.21141,46.833336,-6.1666565,2024-10-01 00:00:00,-0.13399592,0.03141818,4345926.351221016,-469559.8699535443,0.0
2601,29.44473,46.833336,-6.1666565,2024-10-01 00:00:00,-0.13224153,0.029423814,4345926.351221016,-469559.8699535443,0.0
2781,34.43415,46.833336,-6.1666565,2024-10-01 00:00:00,-0.12705104,0.021733215,4345926.351221016,-469559.8699535443,0.0
2961,40.34405,46.833336,-6.1666565,2024-10-01 00:00:00,-0.12657347,0.013044022,4345926.351221016,-469559.8699535443,0.0
3141,47.37369,46.833336,-6.1666565,2024-10-01 00:00:00,-0.11167706,0.057380043,4345926.351221016,-469559.8699535443,0.0
3321,55.76429,46.833336,-6.1666565,2024-10-01 00:00:00,-0.026556166,0.056984857,4345926.351221016,-469559.8699535443,0.0
3501,65.80727,46.833336,-6.1666565,2024-10-01 00:00:00,-0.038984347,0.052795008,4345926.351221016,-469559.8699535443,0.0
3681,77.85385,46.833336,-6.1666565,2024-10-01 00:00:00,-0.046731174,0.053935654,4345926.351221016,-469559.8699535443,0.0
3861,92.32607,46.833336,-6.1666565,2024-10-01 00:00:00,-0.051608242,0.058441795,4345926.351221016,-469559.8699535443,0.0
4041,109.7293,46.833336,-6.1666565,2024-10-01 00:00:00,-0.058263905,0.061279304,4345926.351221016,-469559.8699535443,0.0
4221,130.666,46.833336,-6.1666565,2024-10-01 00:00:00,-0.0642317,0.054174334,4345926.351221016,-469559.8699535443,0.0
4401,155.8507,46.833336,-6.1666565,2024-10-01 00:00:00,-0.067979224,0.04236207,4345926.351221016,-469559.8699535443,0.0
4581,186.1256,46.833336,-6.1666565,2024-10-01 00:00:00,-0.058907032,0.03775201,4345926.351221016,-469559.8699535443,0.0
4761,222.4752,46.833336,-6.1666565,2024-10-01 00:00:00,-0.05263791,0.015358734,4345926.351221016,-469559.8699535443,0.0
4941,266.0403,46.833336,-6.1666565,2024-10-01 00:00:00,-0.042963725,-0.009150248,4345926.351221016,-469559.8699535443,0.0
5121,318.1274,46.833336,-6.1666565,2024-10-01 00:00:00,-0.03256125,0.0022609076,4345926.351221016,-469559.8699535443,0.0
5301,380.213,46.833336,-6.1666565,2024-10-01 00:00:00,-0.03546925,0.035726093,4345926.351221016,-469559.8699535443,0.0
5481,453.9377,46.833336,-6.1666565,2024-10-01 00:00:00,-0.03972542,0.051028877,4345926.351221016,-469559.8699535443,0.0
5661,541.0889,46.833336,-6.1666565,2024-10-01 00:00:00,-0.049635097,0.057774574,4345926.351221016,-469559.8699535443,0.0
5841,643.5668,46.833336,-6.1666565,2024-10-01 00:00:00,-0.04950226,0.077649824,4345926.351221016,-469559.8699535443,0.0
6021,763.3331,46.833336,-6.1666565,2024-10-01 00:00:00,-0.03227461,0.0991455,4345926.351221016,-469559.8699535443,0.0
6201,902.3393,46.833336,-6.1666565,2024-10-01 00:00:00,-0.05384121,0.11080907,4345926.351221016,-469559.8699535443,0.0
90,0.494025,46.833336,-6.0833282,2024-10-01 00:00:00,-0.19046706,0.11715993,4346604.66032198,-463238.86772943556,0.0
270,1.541375,46.833336,-6.0833282,2024-10-01 00:00:00,-0.1856073,0.11351876,4346604.66032198,-463238.86772943556,0.0
450,2.645669,46.833336,-6.0833282,2024-10-01 00:00:00,-0.17934978,0.10117199,4346604.66032198,-463238.86772943556,0.0
630,3.819495,46.833336,-6.0833282,2024-10-01 00:00:00,-0.17607567,0.08572824,4346604.66032198,-463238.86772943556,0.0
810,5.078224,46.833336,-6.0833282,2024-10-01 00:00:00,-0.17454685,0.08066899,4346604.66032198,-463238.86772943556,0.0
990,6.440614,46.833336,-6.0833282,2024-10-01 00:00:00,-0.17316201,0.07761408,4346604.66032198,-463238.86772943556,0.0
1170,7.92956,46.833336,-6.0833282,2024-10-01 00:00:00,-0.17163731,0.07466647,4346604.66032198,-463238.86772943556,0.0
1350,9.572997,46.833336,-6.0833282,2024-10-01 00:00:00,-0.16992475,0.071472414,4346604.66032198,-463238.86772943556,0.0
1530,11.405,46.833336,-6.0833282,2024-10-01 00:00:00,-0.16798,0.06788616,4346604.66032198,-463238.86772943556,0.0
1710,13.46714,46.833336,-6.0833282,2024-10-01 00:00:00,-0.1657689,0.063849784,4346604.66032198,-463238.86772943556,0.0
1890,15.81007,46.833336,-6.0833282,2024-10-01 00:00:00,-0.1632891,0.059375808,4346604.66032198,-463238.86772943556,0.0
2070,18.49556,46.833336,-6.0833282,2024-10-01 00:00:00,-0.16051336,0.054487385,4346604.66032198,-463238.86772943556,0.0
2250,21.59882,46.833336,-6.0833282,2024-10-01 00:00:00,-0.15754111,0.04926385,4346604.66032198,-463238.86772943556,0.0
2430,25.21141,46.833336,-6.0833282,2024-10-01 00:00:00,-0.15419367,0.043425914,4346604.66032198,-463238.86772943556,0.0
2610,29.44473,46.833336,-6.0833282,2024-10-01 00:00:00,-0.15008119,0.035771035,4346604.66032198,-463238.86772943556,0.0
2790,34.43415,46.833336,-6.0833282,2024-10-01 00:00:00,-0.14412075,0.016873762,4346604.66032198,-463238.86772943556,0.0
2970,40.34405,46.833336,-6.0833282,2024-10-01 00:00:00,-0.14766972,0.0006706575,4346604.66032198,-463238.86772943556,0.0
3150,47.37369,46.833336,-6.0833282,2024-10-01 00:00:00,-0.09002074,0.08638699,4346604.66032198,-463238.86772943556,0.0
3330,55.76429,46.833336,-6.0833282,2024-10-01 00:00:00,-0.030057836,0.06279287,4346604.66032198,-463238.86772943556,0.0
3510,65.80727,46.833336,-6.0833282,2024-10-01 00:00:00,-0.043584082,0.053496506,4346604.66032198,-463238.86772943556,0.0
3690,77.85385,46.833336,-6.0833282,2024-10-01 00:00:00,-0.05654562,0.053673226,4346604.66032198,-463238.86772943556,0.0
3870,92.32607,46.833336,-6.0833282,2024-10-01 00:00:00,-0.06868468,0.062334288,4346604.66032198,-463238.86772943556,0.0
4050,109.7293,46.833336,-6.0833282,2024-10-01 00:00:00,-0.07836081,0.06842863,4346604.66032198,-463238.86772943556,0.0
4230,130.666,46.833336,-6.0833282,2024-10-01 00:00:00,-0.0802489,0.06646474,4346604.66032198,-463238.86772943556,0.0
4410,155.8507,46.833336,-6.0833282,2024-10-01 00:00:00,-0.08149816,0.05540357,4346604.66032198,-463238.86772943556,0.0
4590,186.1256,46.833336,-6.0833282,2024-10-01 00:00:00,-0.07251647,0.05902672,4346604.66032198,-463238.86772943556,0.0
4770,222.4752,46.833336,-6.0833282,2024-10-01 00:00:00,-0.07335936,0.061874095,4346604.66032198,-463238.86772943556,0.0
4950,266.0403,46.833336,-6.0833282,2024-10-01 00:00:00,-0.056791794,0.07266777,4346604.66032198,-463238.86772943556,0.0
5130,318.1274,46.833336,-6.0833282,2024-10-01 00:00:00,-0.035809908,0.09201958,4346604.66032198,-463238.86772943556,0.0
5310,380.213,46.833336,-6.0833282,2024-10-01 00:00:00,-0.033676878,0.10557441,4346604.66032198,-463238.86772943556,0.0
5490,453.9377,46.833336,-6.0833282,2024-10-01 00:00:00,-0.025060536,0.10714527,4346604.66032198,-463238.86772943556,0.0
5670,541.0889,46.833336,-6.0833282,2024-10-01 00:00:00,-0.03910117,0.12020067,4346604.66032198,-463238.86772943556,0.0
5850,643.5668,46.833336,-6.0833282,2024-10-01 00:00:00,-0.052111622,0.12458672,4346604.66032198,-463238.86772943556,0.0
6030,763.3331,46.833336,-6.0833282,2024-10-01 00:00:00,-0.054653488,0.11949053,4346604.66032198,-463238.86772943556,0.0
6210,902.3393,46.833336,-6.0833282,2024-10-01 00:00:00,-0.074856,0.12593442,4346604.66032198,-463238.86772943556,0.0
99,0.494025,46.833336,-6.0,2024-10-01 00:00:00,-0.18440421,0.1527664,4347273.775744883,-456916.88569019584,0.0
279,1.541375,46.833336,-6.0,2024-10-01 00:00:00,-0.17968604,0.14844027,4347273.775744883,-456916.88569019584,0.0
459,2.645669,46.833336,-6.0,2024-10-01 00:00:00,-0.17424399,0.13436526,4347273.775744883,-456916.88569019584,0.0
639,3.819495,46.833336,-6.0,2024-10-01 00:00:00,-0.17258823,0.12190115,4347273.775744883,-456916.88569019584,0.0
819,5.078224,46.833336,-6.0,2024-10-01 00:00:00,-0.17166755,0.11645352,4347273.775744883,-456916.88569019584,0.0
999,6.440614,46.833336,-6.0,2024-10-01 00:00:00,-0.17062426,0.11211205,4347273.775744883,-456916.88569019584,0.0
1179,7.92956,46.833336,-6.0,2024-10-01 00:00:00,-0.16939795,0.10750391,4347273.775744883,-456916.88569019584,0.0
1359,9.572997,46.833336,-6.0,2024-10-01 00:00:00,-0.167988,0.10227289,4347273.775744883,-456916.88569019584,0.0
1539,11.405,46.833336,-6.0,2024-10-01 00:00:00,-0.16639493,0.09625012,4347273.775744883,-456916.88569019584,0.0
1719,13.46714,46.833336,-6.0,2024-10-01 00:00:00,-0.16461158,0.08930938,4347273.775744883,-456916.88569019584,0.0
1899,15.81007,46.833336,-6.0,2024-10-01 00:00:00,-0.16261639,0.08136604,4347273.775744883,-456916.88569019584,0.0
2079,18.49556,46.833336,-6.0,2024-10-01 00:00:00,-0.16037406,0.072393514,4347273.775744883,-456916.88569019584,0.0
2259,21.59882,46.833336,-6.0,2024-10-01 00:00:00,-0.15785113,0.06235458,4347273.775744883,-456916.88569019584,0.0
2439,25.21141,46.833336,-6.0,2024-10-01 00:00:00,-0.15501769,0.05087298,4347273.775744883,-456916.88569019584,0.0
2619,29.44473,46.833336,-6.0,2024-10-01 00:00:00,-0.15214844,0.036394626,4347273.775744883,-456916.88569019584,0.0
2799,34.43415,46.833336,-6.0,2024-10-01 00:00:00,-0.15333426,0.014508361,4347273.775744883,-456916.88569019584,0.0
2979,40.34405,46.833336,-6.0,2024-10-01 00:00:00,-0.1857972,0.008871089,4347273.775744883,-456916.88569019584,0.0
3159,47.37369,46.833336,-6.0,2024-10-01 00:00:00,-0.08014093,0.11417245,4347273.775744883,-456916.88569019584,0.0
3339,55.76429,46.833336,-6.0,2024-10-01 00:00:00,-0.036550697,0.08010877,4347273.775744883,-456916.88569019584,0.0
3519,65.80727,46.833336,-6.0,2024-10-01 00:00:00,-0.04975507,0.07298886,4347273.775744883,-456916.88569019584,0.0
3699,77.85385,46.833336,-6.0,2024-10-01 00:00:00,-0.06634679,0.06979297,4347273.775744883,-456916.88569019584,0.0
3879,92.32607,46.833336,-6.0,2024-10-01 00:00:00,-0.087136164,0.07393843,4347273.775744883,-456916.88569019584,0.0
4059,109.7293,46.833336,-6.0,2024-10-01 00:00:00,-0.09964327,0.0763405,4347273.775744883,-456916.88569019584,0.0
4239,130.666,46.833336,-6.0,2024-10-01 00:00:00,-0.09876982,0.07738939,4347273.775744883,-456916.88569019584,0.0
4419,155.8507,46.833336,-6.0,2024-10-01 00:00:00,-0.09647546,0.08415004,4347273.775744883,-456916.88569019584,0.0
4599,186.1256,46.833336,-6.0,2024-10-01 00:00:00,-0.08275117,0.103346854,4347273.775744883,-456916.88569019584,0.0
4779,222.4752,46.833336,-6.0,2024-10-01 00:00:00,-0.07449155,0.12270641,4347273.775744883,-456916.88569019584,0.0
4959,266.0403,46.833336,-6.0,2024-10-01 00:00:00,-0.054158017,0.14061628,4347273.775744883,-456916.88569019584,0.0
5139,318.1274,46.833336,-6.0,2024-10-01 00:00:00,-0.043514743,0.14505725,4347273.775744883,-456916.88569019584,0.0
5319,380.213,46.833336,-6.0,2024-10-01 00:00:00,-0.032824237,0.14234862,4347273.775744883,-456916.88569019584,0.0
5499,453.9377,46.833336,-6.0,2024-10-01 00:00:00,-0.02883822,0.14479505,4347273.775744883,-456916.88569019584,0.0
5679,541.0889,46.833336,-6.0,2024-10-01 00:00:00,-0.038474053,0.14606152,4347273.775744883,-456916.88569019584,0.0
5859,643.5668,46.833336,-6.0,2024-10-01 00:00:00,-0.053461153,0.15297975,4347273.775744883,-456916.88569019584,0.0
6039,763.3331,46.833336,-6.0,2024-10-01 00:00:00,-0.06379934,0.14002573,4347273.775744883,-456916.88569019584,0.0
6219,902.3393,46.833336,-6.0,2024-10-01 00:00:00,-0.07225343,0.11431247,4347273.775744883,-456916.88569019584,0.0
108,0.494025,46.91667,-6.25,2024-10-01 00:00:00,-0.14130656,0.084505975,4338517.220887722,-475144.9119816816,0.0
288,1.541375,46.91667,-6.25,2024-10-01 00:00:00,-0.13689049,0.07991442,4338517.220887722,-475144.9119816816,0.0
468,2.645669,46.91667,-6.25,2024-10-01 00:00:00,-0.13212779,0.0716729,4338517.220887722,-475144.9119816816,0.0
648,3.819495,46.91667,-6.25,2024-10-01 00:00:00,-0.12842992,0.058632616,4338517.220887722,-475144.9119816816,0.0
828,5.078224,46.91667,-6.25,2024-10-01 00:00:00,-0.12788232,0.05554132,4338517.220887722,-475144.9119816816,0.0
1008,6.440614,46.91667,-6.25,2024-10-01 00:00:00,-0.12771888,0.054647192,4338517.220887722,-475144.9119816816,0.0
1188,7.92956,46.91667,-6.25,2024-10-01 00:00:00,-0.12763155,0.054274205,4338517.220887722,-475144.9119816816,0.0
1368,9.572997,46.91667,-6.25,2024-10-01 00:00:00,-0.12755843,0.054005835,4338517.220887722,-475144.9119816816,0.0
1548,11.405,46.91667,-6.25,2024-10-01 00:00:00,-0.12748343,0.05376049,4338517.220887722,-475144.9119816816,0.0
1728,13.46714,46.91667,-6.25,2024-10-01 00:00:00,-0.12740943,0.053542756,4338517.220887722,-475144.9119816816,0.0
1908,15.81007,46.91667,-6.25,2024-10-01 00:00:00,-0.12732793,0.05330112,4338517.220887722,-475144.9119816816,0.0
2088,18.49556,46.91667,-6.25,2024-10-01 00:00:00,-0.12723099,0.05302678,4338517.220887722,-475144.9119816816,0.0
2268,21.59882,46.91667,-6.25,2024-10-01 00:00:00,-0.12711726,0.052715387,4338517.220887722,-475144.9119816816,0.0
2448,25.21141,46.91667,-6.25,2024-10-01 00:00:00,-0.12698843,0.05236345,4338517.220887722,-475144.9119816816,0.0
2628,29.44473,46.91667,-6.25,2024-10-01 00:00:00,-0.12684785,0.05197203,4338517.220887722,-475144.9119816816,0.0
2808,34.43415,46.91667,-6.25,2024-10-01 00:00:00,-0.1266242,0.051327553,4338517.220887722,-475144.9119816816,0.0
2988,40.34405,46.91667,-6.25,2024-10-01 00:00:00,-0.12929013,0.045027725,4338517.220887722,-475144.9119816816,0.0
3168,47.37369,46.91667,-6.25,2024-10-01 00:00:00,-0.1391756,0.0447146,4338517.220887722,-475144.9119816816,0.0
3348,55.76429,46.91667,-6.25,2024-10-01 00:00:00,-0.024422128,0.07739063,4338517.220887722,-475144.9119816816,0.0
3528,65.80727,46.91667,-6.25,2024-10-01 00:00:00,-0.04661449,0.07896722,4338517.220887722,-475144.9119816816,0.0
3708,77.85385,46.91667,-6.25,2024-10-01 00:00:00,-0.06371677,0.10235371,4338517.220887722,-475144.9119816816,0.0
3888,92.32607,46.91667,-6.25,2024-10-01 00:00:00,-0.06922254,0.113331,4338517.220887722,-475144.9119816816,0.0
4068,109.7293,46.91667,-6.25,2024-10-01 00:00:00,-0.0693278,0.11071211,4338517.220887722,-475144.9119816816,0.0
4248,130.666,46.91667,-6.25,2024-10-01 00:00:00,-0.07008357,0.09577431,4338517.220887722,-475144.9119816816,0.0
4428,155.8507,46.91667,-6.25,2024-10-01 00:00:00,-0.06404775,0.084844954,4338517.220887722,-475144.9119816816,0.0
4608,186.1256,46.91667,-6.25,2024-10-01 00:00:00,-0.058512,0.06140561,4338517.220887722,-475144.9119816816,0.0
4788,222.4752,46.91667,-6.25,2024-10-01 00:00:00,-0.04917074,0.016288526,4338517.220887722,-475144.9119816816,0.0
4968,266.0403,46.91667,-6.25,2024-10-01 00:00:00,-0.034588236,-0.015381787,4338517.220887722,-475144.9119816816,0.0
5148,318.1274,46.91667,-6.25,2024-10-01 00:00:00,-0.030766428,-0.012314867,4338517.220887722,-475144.9119816816,0.0
5328,380.213,46.91667,-6.25,2024-10-01 00:00:00,-0.04259864,0.02613644,4338517.220887722,-475144.9119816816,0.0
5508,453.9377,46.91667,-6.25,2024-10-01 00:00:00,-0.03442182,0.05020064,4338517.220887722,-475144.9119816816,0.0
5688,541.0889,46.91667,-6.25,2024-10-01 00:00:00,-0.029875482,0.048097745,4338517.220887722,-475144.9119816816,0.0
5868,643.5668,46.91667,-6.25,2024-10-01 00:00:00,-0.037284866,0.06835887,4338517.220887722,-475144.9119816816,0.0
6048,763.3331,46.91667,-6.25,2024-10-01 00:00:00,-0.0266908,0.08323755,4338517.220887722,-475144.9119816816,0.0
6228,902.3393,46.91667,-6.25,2024-10-01 00:00:00,-0.0075316913,0.09185729,4338517.220887722,-475144.9119816816,0.0
117,0.494025,46.91667,-6.1666565,2024-10-01 00:00:00,-0.16573296,0.1012325,4339203.78529813,-468833.52373287774,0.0
297,1.541375,46.91667,-6.1666565,2024-10-01 00:00:00,-0.16165347,0.096157834,4339203.78529813,-468833.52373287774,0.0
477,2.645669,46.91667,-6.1666565,2024-10-01 00:00:00,-0.15706517,0.08636091,4339203.78529813,-468833.52373287774,0.0
657,3.819495,46.91667,-6.1666565,2024-10-01 00:00:00,-0.1533,0.07419609,4339203.78529813,-468833.52373287774,0.0
837,5.078224,46.91667,-6.1666565,2024-10-01 00:00:00,-0.15196225,0.07098116,4339203.78529813,-468833.52373287774,0.0
1017,6.440614,46.91667,-6.1666565,2024-10-01 00:00:00,-0.15117492,0.06976511,4339203.78529813,-468833.52373287774,0.0
1197,7.92956,46.91667,-6.1666565,2024-10-01 00:00:00,-0.15061092,0.06913243,4339203.78529813,-468833.52373287774,0.0
1377,9.572997,46.91667,-6.1666565,2024-10-01 00:00:00,-0.15010406,0.06864665,4339203.78529813,-468833.52373287774,0.0
1557,11.405,46.91667,-6.1666565,2024-10-01 00:00:00,-0.14958677,0.06820117,4339203.78529813,-468833.52373287774,0.0
1737,13.46714,46.91667,-6.1666565,2024-10-01 00:00:00,-0.14904119,0.06778012,4339203.78529813,-468833.52373287774,0.0
1917,15.81007,46.91667,-6.1666565,2024-10-01 00:00:00,-0.1484894,0.067345515,4339203.78529813,-468833.52373287774,0.0
2097,18.49556,46.91667,-6.1666565,2024-10-01 00:00:00,-0.14786097,0.066860996,4339203.78529813,-468833.52373287774,0.0
2277,21.59882,46.91667,-6.1666565,2024-10-01 00:00:00,-0.14714405,0.06630881,4339203.78529813,-468833.52373287774,0.0
2457,25.21141,46.91667,-6.1666565,2024-10-01 00:00:00,-0.14633346,0.065671965,4339203.78529813,-468833.52373287774,0.0
2637,29.44473,46.91667,-6.1666565,2024-10-01 00:00:00,-0.14538458,0.06489543,4339203.78529813,-468833.52373287774,0.0
2817,34.43415,46.91667,-6.1666565,2024-10-01 00:00:00,-0.1434915,0.06288986,4339203.78529813,-468833.52373287774,0.0
2997,40.34405,46.91667,-6.1666565,2024-10-01 00:00:00,-0.14129671,0.051586114,4339203.78529813,-468833.52373287774,0.0
3177,47.37369,46.91667,-6.1666565,2024-10-01 00:00:00,-0.1327739,0.095899925,4339203.78529813,-468833.52373287774,0.0
3357,55.76429,46.91667,-6.1666565,2024-10-01 00:00:00,-0.039995905,0.09199161,4339203.78529813,-468833.52373287774,0.0
3537,65.80727,46.91667,-6.1666565,2024-10-01 00:00:00,-0.05649522,0.07840282,4339203.78529813,-468833.52373287774,0.0
3717,77.85385,46.91667,-6.1666565,2024-10-01 00:00:00,-0.0662753,0.07426692,4339203.78529813,-468833.52373287774,0.0
3897,92.32607,46.91667,-6.1666565,2024-10-01 00:00:00,-0.071743794,0.071205765,4339203.78529813,-468833.52373287774,0.0
4077,109.7293,46.91667,-6.1666565,2024-10-01 00:00:00,-0.07342667,0.07212452,4339203.78529813,-468833.52373287774,0.0
4257,130.666,46.91667,-6.1666565,2024-10-01 00:00:00,-0.076366246,0.06900068,4339203.78529813,-468833.52373287774,0.0
4437,155.8507,46.91667,-6.1666565,2024-10-01 00:00:00,-0.08030818,0.065755054,4339203.78529813,-468833.52373287774,0.0
4617,186.1256,46.91667,-6.1666565,2024-10-01 00:00:00,-0.076332465,0.06592958,4339203.78529813,-468833.52373287774,0.0
4797,222.4752,46.91667,-6.1666565,2024-10-01 00:00:00,-0.06901717,0.05302236,4339203.78529813,-468833.52373287774,0.0
4977,266.0403,46.91667,-6.1666565,2024-10-01 00:00:00,-0.06416483,0.043449882,4339203.78529813,-468833.52373287774,0.0
5157,318.1274,46.91667,-6.1666565,2024-10-01 00:00:00,-0.055514686,0.04167833,4339203.78529813,-468833.52373287774,0.0
5337,380.213,46.91667,-6.1666565,2024-10-01 00:00:00,-0.054276284,0.040809978,4339203.78529813,-468833.52373287774,0.0
5517,453.9377,46.91667,-6.1666565,2024-10-01 00:00:00,-0.047580704,0.046055328,4339203.78529813,-468833.52373287774,0.0
5697,541.0889,46.91667,-6.1666565,2024-10-01 00:00:00,-0.042294316,0.06947212,4339203.78529813,-468833.52373287774,0.0
5877,643.5668,46.91667,-6.1666565,2024-10-01 00:00:00,-0.049620286,0.09264888,4339203.78529813,-468833.52373287774,0.0
6057,763.3331,46.91667,-6.1666565,2024-10-01 00:00:00,-0.049520776,0.12214021,4339203.78529813,-468833.52373287774,0.0
6237,902.3393,46.91667,-6.1666565,2024-10-01 00:00:00,-0.03251676,0.17312787,4339203.78529813,-468833.52373287774,0.0
126,0.494025,46.91667,-6.0833282,2024-10-01 00:00:00,-0.18083382,0.110655695,4339881.045145775,-462522.2992525033,0.0
306,1.541375,46.91667,-6.0833282,2024-10-01 00:00:00,-0.177343,0.10499701,4339881.045145775,-462522.2992525033,0.0
486,2.645669,46.91667,-6.0833282,2024-10-01 00:00:00,-0.17393261,0.093705624,4339881.045145775,-462522.2992525033,0.0
666,3.819495,46.91667,-6.0833282,2024-10-01 00:00:00,-0.17198904,0.08211124,4339881.045145775,-462522.2992525033,0.0
846,5.078224,46.91667,-6.0833282,2024-10-01 00:00:00,-0.17109348,0.07834478,4339881.045145775,-462522.2992525033,0.0
1026,6.440614,46.91667,-6.0833282,2024-10-01 00:00:00,-0.17039424,0.07644533,4339881.045145775,-462522.2992525033,0.0
1206,7.92956,46.91667,-6.0833282,2024-10-01 00:00:00,-0.16974275,0.07512924,4339881.045145775,-462522.2992525033,0.0
1386,9.572997,46.91667,-6.0833282,2024-10-01 00:00:00,-0.16905904,0.0739651,4339881.045145775,-462522.2992525033,0.0
1566,11.405,46.91667,-6.0833282,2024-10-01 00:00:00,-0.16830091,0.07279788,4339881.045145775,-462522.2992525033,0.0
1746,13.46714,46.91667,-6.0833282,2024-10-01 00:00:00,-0.16746491,0.07163408,4339881.045145775,-462522.2992525033,0.0
1926,15.81007,46.91667,-6.0833282,2024-10-01 00:00:00,-0.16656692,0.070342965,4339881.045145775,-462522.2992525033,0.0
2106,18.49556,46.91667,-6.0833282,2024-10-01 00:00:00,-0.16559303,0.069076985,4339881.045145775,-462522.2992525033,0.0
2286,21.59882,46.91667,-6.0833282,2024-10-01 00:00:00,-0.16454765,0.067700855,4339881.045145775,-462522.2992525033,0.0
2466,25.21141,46.91667,-6.0833282,2024-10-01 00:00:00,-0.16337666,0.06613612,4339881.045145775,-462522.2992525033,0.0
2646,29.44473,46.91667,-6.0833282,2024-10-01 00:00:00,-0.16195418,0.06397433,4339881.045145775,-462522.2992525033,0.0
2826,34.43415,46.91667,-6.0833282,2024-10-01 00:00:00,-0.15956125,0.05407737,4339881.045145775,-462522.2992525033,0.0
3006,40.34405,46.91667,-6.0833282,2024-10-01 00:00:00,-0.16588186,0.03704369,4339881.045145775,-462522.2992525033,0.0
3186,47.37369,46.91667,-6.0833282,2024-10-01 00:00:00,-0.12353622,0.1325821,4339881.045145775,-462522.2992525033,0.0
3366,55.76429,46.91667,-6.0833282,2024-10-01 00:00:00,-0.05717481,0.11594537,4339881.045145775,-462522.2992525033,0.0
3546,65.80727,46.91667,-6.0833282,2024-10-01 00:00:00,-0.07139548,0.10073571,4339881.045145775,-462522.2992525033,0.0
3726,77.85385,46.91667,-6.0833282,2024-10-01 00:00:00,-0.08377964,0.095636256,4339881.045145775,-462522.2992525033,0.0
3906,92.32607,46.91667,-6.0833282,2024-10-01 00:00:00,-0.094288245,0.09996325,4339881.045145775,-462522.2992525033,0.0
4086,109.7293,46.91667,-6.0833282,2024-10-01 00:00:00,-0.09511219,0.10628307,4339881.045145775,-462522.2992525033,0.0
4266,130.666,46.91667,-6.0833282,2024-10-01 00:00:00,-0.092038944,0.10025577,4339881.045145775,-462522.2992525033,0.0
4446,155.8507,46.91667,-6.0833282,2024-10-01 00:00:00,-0.09281212,0.084418006,4339881.045145775,-462522.2992525033,0.0
4626,186.1256,46.91667,-6.0833282,2024-10-01 00:00:00,-0.08970795,0.084869795,4339881.045145775,-462522.2992525033,0.0
4806,222.4752,46.91667,-6.0833282,2024-10-01 00:00:00,-0.09017173,0.09418187,4339881.045145775,-462522.2992525033,0.0
4986,266.0403,46.91667,-6.0833282,2024-10-01 00:00:00,-0.08758737,0.10036231,4339881.045145775,-462522.2992525033,0.0
5166,318.1274,46.91667,-6.0833282,2024-10-01 00:00:00,-0.07216178,0.113024876,4339881.045145775,-462522.2992525033,0.0
5346,380.213,46.91667,-6.0833282,2024-10-01 00:00:00,-0.06347751,0.09539615,4339881.045145775,-462522.2992525033,0.0
5526,453.9377,46.91667,-6.0833282,2024-10-01 00:00:00,-0.058466952,0.08994355,4339881.045145775,-462522.2992525033,0.0
5706,541.0889,46.91667,-6.0833282,2024-10-01 00:00:00,-0.058004957,0.12626219,4339881.045145775,-462522.2992525033,0.0
5886,643.5668,46.91667,-6.0833282,2024-10-01 00:00:00,-0.063350745,0.13058285,4339881.045145775,-462522.2992525033,0.0
6066,763.3331,46.91667,-6.0833282,2024-10-01 00:00:00,-0.06995948,0.14546391,4339881.045145775,-462522.2992525033,0.0
6246,902.3393,46.91667,-6.0833282,2024-10-01 00:00:00,-0.06520563,0.16073257,4339881.045145775,-462522.2992525033,0.0
135,0.494025,46.91667,-6.0,2024-10-01 00:00:00,-0.17141736,0.12518871,4340549.125536747,-456210.0964726406,0.0
315,1.541375,46.91667,-6.0,2024-10-01 00:00:00,-0.16860813,0.11881806,4340549.125536747,-456210.0964726406,0.0
495,2.645669,46.91667,-6.0,2024-10-01 00:00:00,-0.16678569,0.1066579,4340549.125536747,-456210.0964726406,0.0
675,3.819495,46.91667,-6.0,2024-10-01 00:00:00,-0.1667391,0.09656005,4340549.125536747,-456210.0964726406,0.0
855,5.078224,46.91667,-6.0,2024-10-01 00:00:00,-0.1667922,0.09226123,4340549.125536747,-456210.0964726406,0.0
1035,6.440614,46.91667,-6.0,2024-10-01 00:00:00,-0.16673878,0.08943091,4340549.125536747,-456210.0964726406,0.0
1215,7.92956,46.91667,-6.0,2024-10-01 00:00:00,-0.16662544,0.08691716,4340549.125536747,-456210.0964726406,0.0
1395,9.572997,46.91667,-6.0,2024-10-01 00:00:00,-0.16646901,0.08437027,4340549.125536747,-456210.0964726406,0.0
1575,11.405,46.91667,-6.0,2024-10-01 00:00:00,-0.16626921,0.081689686,4340549.125536747,-456210.0964726406,0.0
1755,13.46714,46.91667,-6.0,2024-10-01 00:00:00,-0.1660291,0.0788748,4340549.125536747,-456210.0964726406,0.0
1935,15.81007,46.91667,-6.0,2024-10-01 00:00:00,-0.16574886,0.07588073,4340549.125536747,-456210.0964726406,0.0
2115,18.49556,46.91667,-6.0,2024-10-01 00:00:00,-0.16543335,0.07276162,4340549.125536747,-456210.0964726406,0.0
2295,21.59882,46.91667,-6.0,2024-10-01 00:00:00,-0.16507968,0.06954058,4340549.125536747,-456210.0964726406,0.0
2475,25.21141,46.91667,-6.0,2024-10-01 00:00:00,-0.16469271,0.06601594,4340549.125536747,-456210.0964726406,0.0
2655,29.44473,46.91667,-6.0,2024-10-01 00:00:00,-0.16433194,0.06172183,4340549.125536747,-456210.0964726406,0.0
2835,34.43415,46.91667,-6.0,2024-10-01 00:00:00,-0.1649901,0.052672133,4340549.125536747,-456210.0964726406,0.0
3015,40.34405,46.91667,-6.0,2024-10-01 00:00:00,-0.1842287,0.034751914,4340549.125536747,-456210.0964726406,0.0
3195,47.37369,46.91667,-6.0,2024-10-01 00:00:00,-0.114728406,0.14737475,4340549.125536747,-456210.0964726406,0.0
3375,55.76429,46.91667,-6.0,2024-10-01 00:00:00,-0.06788946,0.12961422,4340549.125536747,-456210.0964726406,0.0
3555,65.80727,46.91667,-6.0,2024-10-01 00:00:00,-0.0787172,0.115890495,4340549.125536747,-456210.0964726406,0.0
3735,77.85385,46.91667,-6.0,2024-10-01 00:00:00,-0.09469358,0.10401007,4340549.125536747,-456210.0964726406,0.0
3915,92.32607,46.91667,-6.0,2024-10-01 00:00:00,-0.11007656,0.10349146,4340549.125536747,-456210.0964726406,0.0
4095,109.7293,46.91667,-6.0,2024-10-01 00:00:00,-0.11451828,0.107792415,4340549.125536747,-456210.0964726406,0.0
4275,130.666,46.91667,-6.0,2024-10-01 00:00:00,-0.110913225,0.10750953,4340549.125536747,-456210.0964726406,0.0
4455,155.8507,46.91667,-6.0,2024-10-01 00:00:00,-0.11584619,0.108293585,4340549.125536747,-456210.0964726406,0.0
4635,186.1256,46.91667,-6.0,2024-10-01 00:00:00,-0.10735142,0.11656931,4340549.125536747,-456210.0964726406,0.0
4815,222.4752,46.91667,-6.0,2024-10-01 00:00:00,-0.10534778,0.13499348,4340549.125536747,-456210.0964726406,0.0
4995,266.0403,46.91667,-6.0,2024-10-01 00:00:00,-0.097651325,0.14828306,4340549.125536747,-456210.0964726406,0.0
5175,318.1274,46.91667,-6.0,2024-10-01 00:00:00,-0.080850914,0.15020745,4340549.125536747,-456210.0964726406,0.0
5355,380.213,46.91667,-6.0,2024-10-01 00:00:00,-0.074551895,0.1458722,4340549.125536747,-456210.0964726406,0.0
5535,453.9377,46.91667,-6.0,2024-10-01 00:00:00,-0.0675017,0.15577571,4340549.125536747,-456210.0964726406,0.0
5715,541.0889,46.91667,-6.0,2024-10-01 00:00:00,-0.06671071,0.14787672,4340549.125536747,-456210.0964726406,0.0
5895,643.5668,46.91667,-6.0,2024-10-01 00:00:00,-0.06854527,0.15557717,4340549.125536747,-456210.0964726406,0.0
6075,763.3331,46.91667,-6.0,2024-10-01 00:00:00,-0.07767822,0.14476712,4340549.125536747,-456210.0964726406,0.0
6255,902.3393,46.91667,-6.0,2024-10-01 00:00:00,-0.08199514,0.11288383,4340549.125536747,-456210.0964726406,0.0
144,0.494025,47.0,-6.25,2024-10-01 00:00:00,-0.1825859,0.107710525,4331787.087405169,-474407.8424903363,0.0
324,1.541375,47.0,-6.25,2024-10-01 00:00:00,-0.17946278,0.102179006,4331787.087405169,-474407.8424903363,0.0
504,2.645669,47.0,-6.25,2024-10-01 00:00:00,-0.17612377,0.09279982,4331787.087405169,-474407.8424903363,0.0
684,3.819495,47.0,-6.25,2024-10-01 00:00:00,-0.17400727,0.08234327,4331787.087405169,-474407.8424903363,0.0
864,5.078224,47.0,-6.25,2024-10-01 00:00:00,-0.1735521,0.07988,4331787.087405169,-474407.8424903363,0.0
1044,6.440614,47.0,-6.25,2024-10-01 00:00:00,-0.1733487,0.07906377,4331787.087405169,-474407.8424903363,0.0
1224,7.92956,47.0,-6.25,2024-10-01 00:00:00,-0.17322737,0.0787038,4331787.087405169,-474407.8424903363,0.0
1404,9.572997,47.0,-6.25,2024-10-01 00:00:00,-0.17311653,0.07843609,4331787.087405169,-474407.8424903363,0.0
1584,11.405,47.0,-6.25,2024-10-01 00:00:00,-0.1730129,0.078197025,4331787.087405169,-474407.8424903363,0.0
1764,13.46714,47.0,-6.25,2024-10-01 00:00:00,-0.17290549,0.077986404,4331787.087405169,-474407.8424903363,0.0
1944,15.81007,47.0,-6.25,2024-10-01 00:00:00,-0.17277595,0.07775156,4331787.087405169,-474407.8424903363,0.0
2124,18.49556,47.0,-6.25,2024-10-01 00:00:00,-0.17262015,0.077483386,4331787.087405169,-474407.8424903363,0.0
2304,21.59882,47.0,-6.25,2024-10-01 00:00:00,-0.172436,0.077177264,4331787.087405169,-474407.8424903363,0.0
2484,25.21141,47.0,-6.25,2024-10-01 00:00:00,-0.1722234,0.07682972,4331787.087405169,-474407.8424903363,0.0
2664,29.44473,47.0,-6.25,2024-10-01 00:00:00,-0.17198831,0.076441124,4331787.087405169,-474407.8424903363,0.0
2844,34.43415,47.0,-6.25,2024-10-01 00:00:00,-0.17157812,0.075889654,4331787.087405169,-474407.8424903363,0.0
3024,40.34405,47.0,-6.25,2024-10-01 00:00:00,-0.16913952,0.07038623,4331787.087405169,-474407.8424903363,0.0
3204,47.37369,47.0,-6.25,2024-10-01 00:00:00,-0.16909601,0.06953939,4331787.087405169,-474407.8424903363,0.0
3384,55.76429,47.0,-6.25,2024-10-01 00:00:00,-0.07085226,0.08929024,4331787.087405169,-474407.8424903363,0.0
3564,65.80727,47.0,-6.25,2024-10-01 00:00:00,-0.07907243,0.08769734,4331787.087405169,-474407.8424903363,0.0
3744,77.85385,47.0,-6.25,2024-10-01 00:00:00,-0.08684588,0.09532684,4331787.087405169,-474407.8424903363,0.0
3924,92.32607,47.0,-6.25,2024-10-01 00:00:00,-0.07984124,0.09628652,4331787.087405169,-474407.8424903363,0.0
4104,109.7293,47.0,-6.25,2024-10-01 00:00:00,-0.07597678,0.09663105,4331787.087405169,-474407.8424903363,0.0
4284,130.666,47.0,-6.25,2024-10-01 00:00:00,-0.08026431,0.0859305,4331787.087405169,-474407.8424903363,0.0
4464,155.8507,47.0,-6.25,2024-10-01 00:00:00,-0.093095005,0.08772577,4331787.087405169,-474407.8424903363,0.0
4644,186.1256,47.0,-6.25,2024-10-01 00:00:00,-0.095930755,0.08359737,4331787.087405169,-474407.8424903363,0.0
4824,222.4752,47.0,-6.25,2024-10-01 00:00:00,-0.08821439,0.05474602,4331787.087405169,-474407.8424903363,0.0
5004,266.0403,47.0,-6.25,2024-10-01 00:00:00,-0.06266753,0.032480873,4331787.087405169,-474407.8424903363,0.0
5184,318.1274,47.0,-6.25,2024-10-01 00:00:00,-0.04582795,0.025448589,4331787.087405169,-474407.8424903363,0.0
5364,380.213,47.0,-6.25,2024-10-01 00:00:00,-0.037303623,0.036285542,4331787.087405169,-474407.8424903363,0.0
5544,453.9377,47.0,-6.25,2024-10-01 00:00:00,-0.040837914,0.039781936,4331787.087405169,-474407.8424903363,0.0
5724,541.0889,47.0,-6.25,2024-10-01 00:00:00,-0.054194346,0.061284166,4331787.087405169,-474407.8424903363,0.0
5904,643.5668,47.0,-6.25,2024-10-01 00:00:00,-0.032452654,0.06988299,4331787.087405169,-474407.8424903363,0.0
6084,763.3331,47.0,-6.25,2024-10-01 00:00:00,-0.038653173,0.11232804,4331787.087405169,-474407.8424903363,0.0
6264,902.3393,47.0,-6.25,2024-10-01 00:00:00,-0.047794465,0.11108879,4331787.087405169,-474407.8424903363,0.0
153,0.494025,47.0,-6.1666565,2024-10-01 00:00:00,-0.1860292,0.114476606,4332472.586781167,-468106.2447951276,0.0
333,1.541375,47.0,-6.1666565,2024-10-01 00:00:00,-0.18346184,0.10852589,4332472.586781167,-468106.2447951276,0.0
513,2.645669,47.0,-6.1666565,2024-10-01 00:00:00,-0.18087448,0.097451374,4332472.586781167,-468106.2447951276,0.0
693,3.819495,47.0,-6.1666565,2024-10-01 00:00:00,-0.17925255,0.08756943,4332472.586781167,-468106.2447951276,0.0
873,5.078224,47.0,-6.1666565,2024-10-01 00:00:00,-0.17867191,0.08528017,4332472.586781167,-468106.2447951276,0.0
1053,6.440614,47.0,-6.1666565,2024-10-01 00:00:00,-0.17833011,0.08443528,4332472.586781167,-468106.2447951276,0.0
1233,7.92956,47.0,-6.1666565,2024-10-01 00:00:00,-0.17810255,0.084019795,4332472.586781167,-468106.2447951276,0.0
1413,9.572997,47.0,-6.1666565,2024-10-01 00:00:00,-0.17788826,0.0836948,4332472.586781167,-468106.2447951276,0.0
1593,11.405,47.0,-6.1666565,2024-10-01 00:00:00,-0.17768338,0.08342062,4332472.586781167,-468106.2447951276,0.0
1773,13.46714,47.0,-6.1666565,2024-10-01 00:00:00,-0.17747198,0.08315629,4332472.586781167,-468106.2447951276,0.0
1953,15.81007,47.0,-6.1666565,2024-10-01 00:00:00,-0.17721745,0.08286269,4332472.586781167,-468106.2447951276,0.0
2133,18.49556,47.0,-6.1666565,2024-10-01 00:00:00,-0.17691417,0.08252434,4332472.586781167,-468106.2447951276,0.0
2313,21.59882,47.0,-6.1666565,2024-10-01 00:00:00,-0.17655534,0.08213539,4332472.586781167,-468106.2447951276,0.0
2493,25.21141,47.0,-6.1666565,2024-10-01 00:00:00,-0.17613938,0.08169325,4332472.586781167,-468106.2447951276,0.0
2673,29.44473,47.0,-6.1666565,2024-10-01 00:00:00,-0.17565729,0.081197634,4332472.586781167,-468106.2447951276,0.0
2853,34.43415,47.0,-6.1666565,2024-10-01 00:00:00,-0.17461129,0.08008147,4332472.586781167,-468106.2447951276,0.0
3033,40.34405,47.0,-6.1666565,2024-10-01 00:00:00,-0.1712544,0.074585624,4332472.586781167,-468106.2447951276,0.0
3213,47.37369,47.0,-6.1666565,2024-10-01 00:00:00,-0.1613287,0.12493621,4332472.586781167,-468106.2447951276,0.0
3393,55.76429,47.0,-6.1666565,2024-10-01 00:00:00,-0.07277848,0.113910064,4332472.586781167,-468106.2447951276,0.0
3573,65.80727,47.0,-6.1666565,2024-10-01 00:00:00,-0.08983982,0.10218751,4332472.586781167,-468106.2447951276,0.0
3753,77.85385,47.0,-6.1666565,2024-10-01 00:00:00,-0.10392543,0.1016179,4332472.586781167,-468106.2447951276,0.0
3933,92.32607,47.0,-6.1666565,2024-10-01 00:00:00,-0.10708738,0.10370132,4332472.586781167,-468106.2447951276,0.0
4113,109.7293,47.0,-6.1666565,2024-10-01 00:00:00,-0.10648816,0.10779156,4332472.586781167,-468106.2447951276,0.0
4293,130.666,47.0,-6.1666565,2024-10-01 00:00:00,-0.10759342,0.09916291,4332472.586781167,-468106.2447951276,0.0
4473,155.8507,47.0,-6.1666565,2024-10-01 00:00:00,-0.116849996,0.09470729,4332472.586781167,-468106.2447951276,0.0
4653,186.1256,47.0,-6.1666565,2024-10-01 00:00:00,-0.11823707,0.091007724,4332472.586781167,-468106.2447951276,0.0
4833,222.4752,47.0,-6.1666565,2024-10-01 00:00:00,-0.11627885,0.08960357,4332472.586781167,-468106.2447951276,0.0
5013,266.0403,47.0,-6.1666565,2024-10-01 00:00:00,-0.10277169,0.092880234,4332472.586781167,-468106.2447951276,0.0
5193,318.1274,47.0,-6.1666565,2024-10-01 00:00:00,-0.087303005,0.09210285,4332472.586781167,-468106.2447951276,0.0
5373,380.213,47.0,-6.1666565,2024-10-01 00:00:00,-0.06517867,0.081904724,4332472.586781167,-468106.2447951276,0.0
5553,453.9377,47.0,-6.1666565,2024-10-01 00:00:00,-0.064057514,0.08102181,4332472.586781167,-468106.2447951276,0.0
5733,541.0889,47.0,-6.1666565,2024-10-01 00:00:00,-0.077298775,0.087661296,4332472.586781167,-468106.2447951276,0.0
5913,643.5668,47.0,-6.1666565,2024-10-01 00:00:00,-0.06390514,0.11453264,4332472.586781167,-468106.2447951276,0.0
6093,763.3331,47.0,-6.1666565,2024-10-01 00:00:00,-0.06316079,0.15881966,4332472.586781167,-468106.2447951276,0.0
6273,902.3393,47.0,-6.1666565,2024-10-01 00:00:00,-0.067521274,0.1919315,4332472.586781167,-468106.2447951276,0.0
162,0.494025,47.0,-6.0833282,2024-10-01 00:00:00,-0.17718665,0.103755906,4333148.796028124,-461804.81061430223,0.0
342,1.541375,47.0,-6.0833282,2024-10-01 00:00:00,-0.1753077,0.09742884,4333148.796028124,-461804.81061430223,0.0
522,2.645669,47.0,-6.0833282,2024-10-01 00:00:00,-0.17433923,0.084859155,4333148.796028124,-461804.81061430223,0.0
702,3.819495,47.0,-6.0833282,2024-10-01 00:00:00,-0.17446694,0.0757348,4333148.796028124,-461804.81061430223,0.0
882,5.078224,47.0,-6.0833282,2024-10-01 00:00:00,-0.17449187,0.073329814,4333148.796028124,-461804.81061430223,0.0
1062,6.440614,47.0,-6.0833282,2024-10-01 00:00:00,-0.17445406,0.072291024,4333148.796028124,-461804.81061430223,0.0
1242,7.92956,47.0,-6.0833282,2024-10-01 00:00:00,-0.17440678,0.07166988,4333148.796028124,-461804.81061430223,0.0
1422,9.572997,47.0,-6.0833282,2024-10-01 00:00:00,-0.17434692,0.07114617,4333148.796028124,-461804.81061430223,0.0
1602,11.405,47.0,-6.0833282,2024-10-01 00:00:00,-0.17428137,0.07066819,4333148.796028124,-461804.81061430223,0.0
1782,13.46714,47.0,-6.0833282,2024-10-01 00:00:00,-0.17420557,0.07020484,4333148.796028124,-461804.81061430223,0.0
1962,15.81007,47.0,-6.0833282,2024-10-01 00:00:00,-0.17410886,0.06966845,4333148.796028124,-461804.81061430223,0.0
2142,18.49556,47.0,-6.0833282,2024-10-01 00:00:00,-0.17398904,0.06908146,4333148.796028124,-461804.81061430223,0.0
2322,21.59882,47.0,-6.0833282,2024-10-01 00:00:00,-0.17384487,0.06840254,4333148.796028124,-461804.81061430223,0.0
2502,25.21141,47.0,-6.0833282,2024-10-01 00:00:00,-0.17367966,0.06761773,4333148.796028124,-461804.81061430223,0.0
2682,29.44473,47.0,-6.0833282,2024-10-01 00:00:00,-0.17350699,0.066571146,4333148.796028124,-461804.81061430223,0.0
2862,34.43415,47.0,-6.0833282,2024-10-01 00:00:00,-0.17373924,0.061355036,4333148.796028124,-461804.81061430223,0.0
3042,40.34405,47.0,-6.0833282,2024-10-01 00:00:00,-0.1780201,0.0604776,4333148.796028124,-461804.81061430223,0.0
3222,47.37369,47.0,-6.0833282,2024-10-01 00:00:00,-0.14815027,0.15662734,4333148.796028124,-461804.81061430223,0.0
3402,55.76429,47.0,-6.0833282,2024-10-01 00:00:00,-0.06445496,0.13285129,4333148.796028124,-461804.81061430223,0.0
3582,65.80727,47.0,-6.0833282,2024-10-01 00:00:00,-0.08121302,0.12609889,4333148.796028124,-461804.81061430223,0.0
3762,77.85385,47.0,-6.0833282,2024-10-01 00:00:00,-0.10229361,0.124449,4333148.796028124,-461804.81061430223,0.0
3942,92.32607,47.0,-6.0833282,2024-10-01 00:00:00,-0.11879034,0.12844038,4333148.796028124,-461804.81061430223,0.0
4122,109.7293,47.0,-6.0833282,2024-10-01 00:00:00,-0.12795295,0.1351239,4333148.796028124,-461804.81061430223,0.0
4302,130.666,47.0,-6.0833282,2024-10-01 00:00:00,-0.13242,0.12678653,4333148.796028124,-461804.81061430223,0.0
4482,155.8507,47.0,-6.0833282,2024-10-01 00:00:00,-0.14641741,0.110951036,4333148.796028124,-461804.81061430223,0.0
4662,186.1256,47.0,-6.0833282,2024-10-01 00:00:00,-0.14408144,0.105473176,4333148.796028124,-461804.81061430223,0.0
4842,222.4752,47.0,-6.0833282,2024-10-01 00:00:00,-0.14108874,0.12458757,4333148.796028124,-461804.81061430223,0.0
5022,266.0403,47.0,-6.0833282,2024-10-01 00:00:00,-0.12652223,0.1440119,4333148.796028124,-461804.81061430223,0.0
5202,318.1274,47.0,-6.0833282,2024-10-01 00:00:00,-0.110497646,0.13929406,4333148.796028124,-461804.81061430223,0.0
5382,380.213,47.0,-6.0833282,2024-10-01 00:00:00,-0.10105756,0.12951674,4333148.796028124,-461804.81061430223,0.0
5562,453.9377,47.0,-6.0833282,2024-10-01 00:00:00,-0.11329328,0.12977868,4333148.796028124,-461804.81061430223,0.0
5742,541.0889,47.0,-6.0833282,2024-10-01 00:00:00,-0.114971966,0.15131323,4333148.796028124,-461804.81061430223,0.0
5922,643.5668,47.0,-6.0833282,2024-10-01 00:00:00,-0.10018028,0.15749861,4333148.796028124,-461804.81061430223,0.0
6102,763.3331,47.0,-6.0833282,2024-10-01 00:00:00,-0.0851702,0.17232013,4333148.796028124,-461804.81061430223,0.0
6282,902.3393,47.0,-6.0833282,2024-10-01 00:00:00,-0.08561816,0.18966745,4333148.796028124,-461804.81061430223,0.0
171,0.494025,47.0,-6.0,2024-10-01 00:00:00,-0.16144966,0.101023175,4333815.840058059,-455502.3996515776,0.0
351,1.541375,47.0,-6.0,2024-10-01 00:00:00,-0.16012736,0.094411716,4333815.840058059,-455502.3996515776,0.0
531,2.645669,47.0,-6.0,2024-10-01 00:00:00,-0.16071418,0.0811241,4333815.840058059,-455502.3996515776,0.0
711,3.819495,47.0,-6.0,2024-10-01 00:00:00,-0.1622806,0.07327228,4333815.840058059,-455502.3996515776,0.0
891,5.078224,47.0,-6.0,2024-10-01 00:00:00,-0.16296594,0.07069505,4333815.840058059,-455502.3996515776,0.0
1071,6.440614,47.0,-6.0,2024-10-01 00:00:00,-0.16336975,0.06923169,4333815.840058059,-455502.3996515776,0.0
1251,7.92956,47.0,-6.0,2024-10-01 00:00:00,-0.1636506,0.068183005,4333815.840058059,-455502.3996515776,0.0
1431,9.572997,47.0,-6.0,2024-10-01 00:00:00,-0.16389157,0.06724628,4333815.840058059,-455502.3996515776,0.0
1611,11.405,47.0,-6.0,2024-10-01 00:00:00,-0.16411626,0.06632606,4333815.840058059,-455502.3996515776,0.0
1791,13.46714,47.0,-6.0,2024-10-01 00:00:00,-0.16433604,0.06538257,4333815.840058059,-455502.3996515776,0.0
1971,15.81007,47.0,-6.0,2024-10-01 00:00:00,-0.16453944,0.0644779,4333815.840058059,-455502.3996515776,0.0
2151,18.49556,47.0,-6.0,2024-10-01 00:00:00,-0.16474633,0.063513234,4333815.840058059,-455502.3996515776,0.0
2331,21.59882,47.0,-6.0,2024-10-01 00:00:00,-0.16498181,0.062392484,4333815.840058059,-455502.3996515776,0.0
2511,25.21141,47.0,-6.0,2024-10-01 00:00:00,-0.16525918,0.061099134,4333815.840058059,-455502.3996515776,0.0
2691,29.44473,47.0,-6.0,2024-10-01 00:00:00,-0.16567644,0.059436787,4333815.840058059,-455502.3996515776,0.0
2871,34.43415,47.0,-6.0,2024-10-01 00:00:00,-0.16823356,0.054143917,4333815.840058059,-455502.3996515776,0.0
3051,40.34405,47.0,-6.0,2024-10-01 00:00:00,-0.18044607,0.05424357,4333815.840058059,-455502.3996515776,0.0
3231,47.37369,47.0,-6.0,2024-10-01 00:00:00,-0.12828097,0.16084382,4333815.840058059,-455502.3996515776,0.0
3411,55.76429,47.0,-6.0,2024-10-01 00:00:00,-0.048367806,0.13810045,4333815.840058059,-455502.3996515776,0.0
3591,65.80727,47.0,-6.0,2024-10-01 00:00:00,-0.057141185,0.1261642,4333815.840058059,-455502.3996515776,0.0
3771,77.85385,47.0,-6.0,2024-10-01 00:00:00,-0.07977023,0.11039381,4333815.840058059,-455502.3996515776,0.0
3951,92.32607,47.0,-6.0,2024-10-01 00:00:00,-0.10560551,0.10914956,4333815.840058059,-455502.3996515776,0.0
4131,109.7293,47.0,-6.0,2024-10-01 00:00:00,-0.12614544,0.11649424,4333815.840058059,-455502.3996515776,0.0
4311,130.666,47.0,-6.0,2024-10-01 00:00:00,-0.13855857,0.12074747,4333815.840058059,-455502.3996515776,0.0
4491,155.8507,47.0,-6.0,2024-10-01 00:00:00,-0.16535972,0.116812676,4333815.840058059,-455502.3996515776,0.0
4671,186.1256,47.0,-6.0,2024-10-01 00:00:00,-0.16958347,0.13722666,4333815.840058059,-455502.3996515776,0.0
4851,222.4752,47.0,-6.0,2024-10-01 00:00:00,-0.16022274,0.15314779,4333815.840058059,-455502.3996515776,0.0
5031,266.0403,47.0,-6.0,2024-10-01 00:00:00,-0.13923487,0.16848865,4333815.840058059,-455502.3996515776,0.0
5211,318.1274,47.0,-6.0,2024-10-01 00:00:00,-0.12775302,0.16990212,4333815.840058059,-455502.3996515776,0.0
5391,380.213,47.0,-6.0,2024-10-01 00:00:00,-0.14313085,0.17674306,4333815.840058059,-455502.3996515776,0.0
5571,453.9377,47.0,-6.0,2024-10-01 00:00:00,-0.16611573,0.18679008,4333815.840058059,-455502.3996515776,0.0
5751,541.0889,47.0,-6.0,2024-10-01 00:00:00,-0.16211402,0.18646772,4333815.840058059,-455502.3996515776,0.0
5931,643.5668,47.0,-6.0,2024-10-01 00:00:00,-0.13455701,0.17936362,4333815.840058059,-455502.3996515776,0.0
6111,763.3331,47.0,-6.0,2024-10-01 00:00:00,-0.11518644,0.16698553,4333815.840058059,-455502.3996515776,0.0
6291,902.3393,47.0,-6.0,2024-10-01 00:00:00,-0.103183985,0.14258257,4333815.840058059,-455502.3996515776,0.0
1,0.494025,46.66667,-6.25,2024-10-01 06:00:00,-0.07828291,0.23328754,4358653.3150161095,-477350.1729464703,0.0
181,1.541375,46.66667,-6.25,2024-10-01 06:00:00,-0.07548968,0.23524222,4358653.3150161095,-477350.1729464703,0.0
361,2.645669,46.66667,-6.25,2024-10-01 06:00:00,-0.072769254,0.23696183,4358653.3150161095,-477350.1729464703,0.0
541,3.819495,46.66667,-6.25,2024-10-01 06:00:00,-0.07011202,0.23845154,4358653.3150161095,-477350.1729464703,0.0
721,5.078224,46.66667,-6.25,2024-10-01 06:00:00,-0.067503594,0.2397126,4358653.3150161095,-477350.1729464703,0.0
901,6.440614,46.66667,-6.25,2024-10-01 06:00:00,-0.06492514,0.24073876,4358653.3150161095,-477350.1729464703,0.0
1081,7.92956,46.66667,-6.25,2024-10-01 06:00:00,-0.062345043,0.24150936,4358653.3150161095,-477350.1729464703,0.0
1261,9.572997,46.66667,-6.25,2024-10-01 06:00:00,-0.059705175,0.24197315,4358653.3150161095,-477350.1729464703,0.0
1441,11.405,46.66667,-6.25,2024-10-01 06:00:00,-0.05684403,0.24198751,4358653.3150161095,-477350.1729464703,0.0
1621,13.46714,46.66667,-6.25,2024-10-01 06:00:00,-0.053135026,0.24073498,4358653.3150161095,-477350.1729464703,0.0
1801,15.81007,46.66667,-6.25,2024-10-01 06:00:00,-0.046413474,0.22179393,4358653.3150161095,-477350.1729464703,0.0
1981,18.49556,46.66667,-6.25,2024-10-01 06:00:00,-0.030751213,0.1814036,4358653.3150161095,-477350.1729464703,0.0
2161,21.59882,46.66667,-6.25,2024-10-01 06:00:00,-0.036495984,0.15546438,4358653.3150161095,-477350.1729464703,0.0
2341,25.21141,46.66667,-6.25,2024-10-01 06:00:00,-0.050782192,0.14450997,4358653.3150161095,-477350.1729464703,0.0
2521,29.44473,46.66667,-6.25,2024-10-01 06:00:00,-0.06263385,0.13870287,4358653.3150161095,-477350.1729464703,0.0
2701,34.43415,46.66667,-6.25,2024-10-01 06:00:00,-0.07341833,0.13359839,4358653.3150161095,-477350.1729464703,0.0
2881,40.34405,46.66667,-6.25,2024-10-01 06:00:00,-0.07631375,0.122333355,4358653.3150161095,-477350.1729464703,0.0
3061,47.37369,46.66667,-6.25,2024-10-01 06:00:00,-0.051000684,0.053076725,4358653.3150161095,-477350.1729464703,0.0
3241,55.76429,46.66667,-6.25,2024-10-01 06:00:00,-0.074373834,-0.006286592,4358653.3150161095,-477350.1729464703,0.0
3421,65.80727,46.66667,-6.25,2024-10-01 06:00:00,-0.07667933,0.0011299246,4358653.3150161095,-477350.1729464703,0.0
3601,77.85385,46.66667,-6.25,2024-10-01 06:00:00,-0.068672426,-0.0007669525,4358653.3150161095,-477350.1729464703,0.0
3781,92.32607,46.66667,-6.25,2024-10-01 06:00:00,-0.06427617,-0.008063474,4358653.3150161095,-477350.1729464703,0.0
3961,109.7293,46.66667,-6.25,2024-10-01 06:00:00,-0.06515092,-0.016502293,4358653.3150161095,-477350.1729464703,0.0
4141,130.666,46.66667,-6.25,2024-10-01 06:00:00,-0.07412447,-0.019345015,4358653.3150161095,-477350.1729464703,0.0
4321,155.8507,46.66667,-6.25,2024-10-01 06:00:00,-0.08469078,-0.03087407,4358653.3150161095,-477350.1729464703,0.0
4501,186.1256,46.66667,-6.25,2024-10-01 06:00:00,-0.08301084,-0.043039482,4358653.3150161095,-477350.1729464703,0.0
4681,222.4752,46.66667,-6.25,2024-10-01 06:00:00,-0.07803445,-0.05013692,4358653.3150161095,-477350.1729464703,0.0
4861,266.0403,46.66667,-6.25,2024-10-01 06:00:00,-0.08364105,-0.055531997,4358653.3150161095,-477350.1729464703,0.0
5041,318.1274,46.66667,-6.25,2024-10-01 06:00:00,-0.071199775,-0.044741273,4358653.3150161095,-477350.1729464703,0.0
5221,380.213,46.66667,-6.25,2024-10-01 06:00:00,-0.046638172,-0.015907023,4358653.3150161095,-477350.1729464703,0.0
5401,453.9377,46.66667,-6.25,2024-10-01 06:00:00,-0.03999948,0.00202794,4358653.3150161095,-477350.1729464703,0.0
5581,541.0889,46.66667,-6.25,2024-10-01 06:00:00,-0.029524233,-0.0062194127,4358653.3150161095,-477350.1729464703,0.0
5761,643.5668,46.66667,-6.25,2024-10-01 06:00:00,-0.032824263,-0.017107194,4358653.3150161095,-477350.1729464703,0.0
5941,763.3331,46.66667,-6.25,2024-10-01 06:00:00,-0.028248003,-0.004903608,4358653.3150161095,-477350.1729464703,0.0
6121,902.3393,46.66667,-6.25,2024-10-01 06:00:00,0.021614004,0.031174198,4358653.3150161095,-477350.1729464703,0.0
10,0.494025,46.66667,-6.1666565,2024-10-01 06:00:00,-0.07260527,0.2972589,4359343.065935845,-471009.49203812674,0.0
190,1.541375,46.66667,-6.1666565,2024-10-01 06:00:00,-0.06975402,0.29911184,4359343.065935845,-471009.49203812674,0.0
370,2.645669,46.66667,-6.1666565,2024-10-01 06:00:00,-0.06699121,0.30072677,4359343.065935845,-471009.49203812674,0.0
550,3.819495,46.66667,-6.1666565,2024-10-01 06:00:00,-0.064299904,0.30210915,4359343.065935845,-471009.49203812674,0.0
730,5.078224,46.66667,-6.1666565,2024-10-01 06:00:00,-0.061664283,0.30325904,4359343.065935845,-471009.49203812674,0.0
910,6.440614,46.66667,-6.1666565,2024-10-01 06:00:00,-0.059056796,0.30416816,4359343.065935845,-471009.49203812674,0.0
1090,7.92956,46.66667,-6.1666565,2024-10-01 06:00:00,-0.056428134,0.3048111,4359343.065935845,-471009.49203812674,0.0
1270,9.572997,46.66667,-6.1666565,2024-10-01 06:00:00,-0.053684685,0.30512255,4359343.065935845,-471009.49203812674,0.0
1450,11.405,46.66667,-6.1666565,2024-10-01 06:00:00,-0.05054698,0.30490503,4359343.065935845,-471009.49203812674,0.0
1630,13.46714,46.66667,-6.1666565,2024-10-01 06:00:00,-0.045686476,0.30291483,4359343.065935845,-471009.49203812674,0.0
1810,15.81007,46.66667,-6.1666565,2024-10-01 06:00:00,-0.01590551,0.2700203,4359343.065935845,-471009.49203812674,0.0
1990,18.49556,46.66667,-6.1666565,2024-10-01 06:00:00,-0.013719644,0.2160809,4359343.065935845,-471009.49203812674,0.0
2170,21.59882,46.66667,-6.1666565,2024-10-01 06:00:00,-0.033315048,0.19328305,4359343.065935845,-471009.49203812674,0.0
2350,25.21141,46.66667,-6.1666565,2024-10-01 06:00:00,-0.054775804,0.17784116,4359343.065935845,-471009.49203812674,0.0
2530,29.44473,46.66667,-6.1666565,2024-10-01 06:00:00,-0.07878417,0.16245857,4359343.065935845,-471009.49203812674,0.0
2710,34.43415,46.66667,-6.1666565,2024-10-01 06:00:00,-0.10172722,0.15160555,4359343.065935845,-471009.49203812674,0.0
2890,40.34405,46.66667,-6.1666565,2024-10-01 06:00:00,-0.09127078,0.13226986,4359343.065935845,-471009.49203812674,0.0
3070,47.37369,46.66667,-6.1666565,2024-10-01 06:00:00,-0.0709087,0.030488435,4359343.065935845,-471009.49203812674,0.0
3250,55.76429,46.66667,-6.1666565,2024-10-01 06:00:00,-0.09293051,0.006419781,4359343.065935845,-471009.49203812674,0.0
3430,65.80727,46.66667,-6.1666565,2024-10-01 06:00:00,-0.10242709,0.018097555,4359343.065935845,-471009.49203812674,0.0
3610,77.85385,46.66667,-6.1666565,2024-10-01 06:00:00,-0.095856465,0.016266007,4359343.065935845,-471009.49203812674,0.0
3790,92.32607,46.66667,-6.1666565,2024-10-01 06:00:00,-0.095921144,0.0050994405,4359343.065935845,-471009.49203812674,0.0
3970,109.7293,46.66667,-6.1666565,2024-10-01 06:00:00,-0.09673204,-0.005325949,4359343.065935845,-471009.49203812674,0.0
4150,130.666,46.66667,-6.1666565,2024-10-01 06:00:00,-0.0960757,-0.0044520833,4359343.065935845,-471009.49203812674,0.0
4330,155.8507,46.66667,-6.1666565,2024-10-01 06:00:00,-0.09175982,-0.011349361,4359343.065935845,-471009.49203812674,0.0
4510,186.1256,46.66667,-6.1666565,2024-10-01 06:00:00,-0.07959221,-0.005208606,4359343.065935845,-471009.49203812674,0.0
4690,222.4752,46.66667,-6.1666565,2024-10-01 06:00:00,-0.04392073,0.01844275,4359343.065935845,-471009.49203812674,0.0
4870,266.0403,46.66667,-6.1666565,2024-10-01 06:00:00,-0.029807359,0.029156568,4359343.065935845,-471009.49203812674,0.0
5050,318.1274,46.66667,-6.1666565,2024-10-01 06:00:00,-0.021760637,0.03594533,4359343.065935845,-471009.49203812674,0.0
5230,380.213,46.66667,-6.1666565,2024-10-01 06:00:00,-0.031005416,0.03916076,4359343.065935845,-471009.49203812674,0.0
5410,453.9377,46.66667,-6.1666565,2024-10-01 06:00:00,-0.038770508,0.040714554,4359343.065935845,-471009.49203812674,0.0
5590,541.0889,46.66667,-6.1666565,2024-10-01 06:00:00,-0.03509777,0.04113005,4359343.065935845,-471009.49203812674,0.0
5770,643.5668,46.66667,-6.1666565,2024-10-01 06:00:00,-0.037717126,0.018497149,4359343.065935845,-471009.49203812674,0.0
5950,763.3331,46.66667,-6.1666565,2024-10-01 06:00:00,-0.039535835,0.029109191,4359343.065935845,-471009.49203812674,0.0
6130,902.3393,46.66667,-6.1666565,2024-10-01 06:00:00,-0.020203015,0.063504145,4359343.065935845,-471009.49203812674,0.0
19,0.494025,46.66667,-6.0833282,2024-10-01 06:00:00,-0.10959421,0.28625372,4360023.469108121,-464668.9756583009,0.0
199,1.541375,46.66667,-6.0833282,2024-10-01 06:00:00,-0.10665307,0.2880268,4360023.469108121,-464668.9756583009,0.0
379,2.645669,46.66667,-6.0833282,2024-10-01 06:00:00,-0.10378319,0.28959173,4360023.469108121,-464668.9756583009,0.0
559,3.819495,46.66667,-6.0833282,2024-10-01 06:00:00,-0.10096676,0.29095244,4360023.469108121,-464668.9756583009,0.0
739,5.078224,46.66667,-6.0833282,2024-10-01 06:00:00,-0.0981835,0.29211003,4360023.469108121,-464668.9756583009,0.0
919,6.440614,46.66667,-6.0833282,2024-10-01 06:00:00,-0.095405005,0.29305705,4360023.469108121,-464668.9756583009,0.0
1099,7.92956,46.66667,-6.0833282,2024-10-01 06:00:00,-0.09259035,0.2937722,4360023.469108121,-464668.9756583009,0.0
1279,9.572997,46.66667,-6.0833282,2024-10-01 06:00:00,-0.08966865,0.2942056,4360023.469108121,-464668.9756583009,0.0
1459,11.405,46.66667,-6.0833282,2024-10-01 06:00:00,-0.08648454,0.29422206,4360023.469108121,-464668.9756583009,0.0
1639,13.46714,46.66667,-6.0833282,2024-10-01 06:00:00,-0.08262307,0.2931728,4360023.469108121,-464668.9756583009,0.0
1819,15.81007,46.66667,-6.0833282,2024-10-01 06:00:00,-0.076859996,0.27667907,4360023.469108121,-464668.9756583009,0.0
1999,18.49556,46.66667,-6.0833282,2024-10-01 06:00:00,-0.07003912,0.24928193,4360023.469108121,-464668.9756583009,0.0
2179,21.59882,46.66667,-6.0833282,2024-10-01 06:00:00,-0.054121543,0.22414166,4360023.469108121,-464668.9756583009,0.0
2359,25.21141,46.66667,-6.0833282,2024-10-01 06:00:00,-0.05188611,0.20275612,4360023.469108121,-464668.9756583009,0.0
2539,29.44473,46.66667,-6.0833282,2024-10-01 06:00:00,-0.06492288,0.18447615,4360023.469108121,-464668.9756583009,0.0
2719,34.43415,46.66667,-6.0833282,2024-10-01 06:00:00,-0.07803717,0.1750214,4360023.469108121,-464668.9756583009,0.0
2899,40.34405,46.66667,-6.0833282,2024-10-01 06:00:00,-0.061748385,0.15871592,4360023.469108121,-464668.9756583009,0.0
3079,47.37369,46.66667,-6.0833282,2024-10-01 06:00:00,-0.072522625,0.0299723,4360023.469108121,-464668.9756583009,0.0
3259,55.76429,46.66667,-6.0833282,2024-10-01 06:00:00,-0.11062745,0.032698616,4360023.469108121,-464668.9756583009,0.0
3439,65.80727,46.66667,-6.0833282,2024-10-01 06:00:00,-0.117076546,0.04639279,4360023.469108121,-464668.9756583009,0.0
3619,77.85385,46.66667,-6.0833282,2024-10-01 06:00:00,-0.11139264,0.046574093,4360023.469108121,-464668.9756583009,0.0
3799,92.32607,46.66667,-6.0833282,2024-10-01 06:00:00,-0.103352636,0.04170502,4360023.469108121,-464668.9756583009,0.0
3979,109.7293,46.66667,-6.0833282,2024-10-01 06:00:00,-0.092515096,0.03881626,4360023.469108121,-464668.9756583009,0.0
4159,130.666,46.66667,-6.0833282,2024-10-01 06:00:00,-0.083880186,0.04517147,4360023.469108121,-464668.9756583009,0.0
4339,155.8507,46.66667,-6.0833282,2024-10-01 06:00:00,-0.06979702,0.044516202,4360023.469108121,-464668.9756583009,0.0
4519,186.1256,46.66667,-6.0833282,2024-10-01 06:00:00,-0.06552543,0.054369897,4360023.469108121,-464668.9756583009,0.0
4699,222.4752,46.66667,-6.0833282,2024-10-01 06:00:00,-0.05690007,0.0725541,4360023.469108121,-464668.9756583009,0.0
4879,266.0403,46.66667,-6.0833282,2024-10-01 06:00:00,-0.062323425,0.078930914,4360023.469108121,-464668.9756583009,0.0
5059,318.1274,46.66667,-6.0833282,2024-10-01 06:00:00,-0.06687951,0.07351441,4360023.469108121,-464668.9756583009,0.0
5239,380.213,46.66667,-6.0833282,2024-10-01 06:00:00,-0.057168487,0.06736169,4360023.469108121,-464668.9756583009,0.0
5419,453.9377,46.66667,-6.0833282,2024-10-01 06:00:00,-0.05601959,0.06855412,4360023.469108121,-464668.9756583009,0.0
5599,541.0889,46.66667,-6.0833282,2024-10-01 06:00:00,-0.06052632,0.06575165,4360023.469108121,-464668.9756583009,0.0
5779,643.5668,46.66667,-6.0833282,2024-10-01 06:00:00,-0.056466714,0.057706367,4360023.469108121,-464668.9756583009,0.0
5959,763.3331,46.66667,-6.0833282,2024-10-01 06:00:00,-0.05538612,0.07367088,4360023.469108121,-464668.9756583009,0.0
6139,902.3393,46.66667,-6.0833282,2024-10-01 06:00:00,-0.0147322565,0.089180626,4360023.469108121,-464668.9756583009,0.0
28,0.494025,46.66667,-6.0,2024-10-01 06:00:00,-0.15072276,0.25020996,4360694.650219674,-458327.4764384654,0.0
208,1.541375,46.66667,-6.0,2024-10-01 06:00:00,-0.14767475,0.2518979,4360694.650219674,-458327.4764384654,0.0
388,2.645669,46.66667,-6.0,2024-10-01 06:00:00,-0.14466201,0.2534047,4360694.650219674,-458327.4764384654,0.0
568,3.819495,46.66667,-6.0,2024-10-01 06:00:00,-0.14166819,0.2547314,4360694.650219674,-458327.4764384654,0.0
748,5.078224,46.66667,-6.0,2024-10-01 06:00:00,-0.13866867,0.2558807,4360694.650219674,-458327.4764384654,0.0
928,6.440614,46.66667,-6.0,2024-10-01 06:00:00,-0.13563612,0.2568453,4360694.650219674,-458327.4764384654,0.0
1108,7.92956,46.66667,-6.0,2024-10-01 06:00:00,-0.13254158,0.2576087,4360694.650219674,-458327.4764384654,0.0
1288,9.572997,46.66667,-6.0,2024-10-01 06:00:00,-0.12933852,0.25814128,4360694.650219674,-458327.4764384654,0.0
1468,11.405,46.66667,-6.0,2024-10-01 06:00:00,-0.12595958,0.25838712,4360694.650219674,-458327.4764384654,0.0
1648,13.46714,46.66667,-6.0,2024-10-01 06:00:00,-0.12224687,0.25822496,4360694.650219674,-458327.4764384654,0.0
1828,15.81007,46.66667,-6.0,2024-10-01 06:00:00,-0.11770931,0.25725436,4360694.650219674,-458327.4764384654,0.0
2008,18.49556,46.66667,-6.0,2024-10-01 06:00:00,-0.11103092,0.25407907,4360694.650219674,-458327.4764384654,0.0
2188,21.59882,46.66667,-6.0,2024-10-01 06:00:00,-0.09689514,0.24016482,4360694.650219674,-458327.4764384654,0.0
2368,25.21141,46.66667,-6.0,2024-10-01 06:00:00,-0.06772723,0.21587445,4360694.650219674,-458327.4764384654,0.0
2548,29.44473,46.66667,-6.0,2024-10-01 06:00:00,-0.059482712,0.2034861,4360694.650219674,-458327.4764384654,0.0
2728,34.43415,46.66667,-6.0,2024-10-01 06:00:00,-0.06511979,0.20257777,4360694.650219674,-458327.4764384654,0.0
2908,40.34405,46.66667,-6.0,2024-10-01 06:00:00,-0.038971983,0.20152736,4360694.650219674,-458327.4764384654,0.0
3088,47.37369,46.66667,-6.0,2024-10-01 06:00:00,-0.0679771,0.059790716,4360694.650219674,-458327.4764384654,0.0
3268,55.76429,46.66667,-6.0,2024-10-01 06:00:00,-0.097820766,0.07308674,4360694.650219674,-458327.4764384654,0.0
3448,65.80727,46.66667,-6.0,2024-10-01 06:00:00,-0.10083122,0.09149709,4360694.650219674,-458327.4764384654,0.0
3628,77.85385,46.66667,-6.0,2024-10-01 06:00:00,-0.09925966,0.097357884,4360694.650219674,-458327.4764384654,0.0
3808,92.32607,46.66667,-6.0,2024-10-01 06:00:00,-0.09368974,0.097337484,4360694.650219674,-458327.4764384654,0.0
3988,109.7293,46.66667,-6.0,2024-10-01 06:00:00,-0.08611227,0.09857216,4360694.650219674,-458327.4764384654,0.0
4168,130.666,46.66667,-6.0,2024-10-01 06:00:00,-0.08292291,0.10346381,4360694.650219674,-458327.4764384654,0.0
4348,155.8507,46.66667,-6.0,2024-10-01 06:00:00,-0.08654893,0.09740662,4360694.650219674,-458327.4764384654,0.0
4528,186.1256,46.66667,-6.0,2024-10-01 06:00:00,-0.086642176,0.09059586,4360694.650219674,-458327.4764384654,0.0
4708,222.4752,46.66667,-6.0,2024-10-01 06:00:00,-0.08561079,0.08174624,4360694.650219674,-458327.4764384654,0.0
4888,266.0403,46.66667,-6.0,2024-10-01 06:00:00,-0.08814703,0.07089289,4360694.650219674,-458327.4764384654,0.0
5068,318.1274,46.66667,-6.0,2024-10-01 06:00:00,-0.07952818,0.061345983,4360694.650219674,-458327.4764384654,0.0
5248,380.213,46.66667,-6.0,2024-10-01 06:00:00,-0.07239585,0.0614726,4360694.650219674,-458327.4764384654,0.0
5428,453.9377,46.66667,-6.0,2024-10-01 06:00:00,-0.06891822,0.06627919,4360694.650219674,-458327.4764384654,0.0
5608,541.0889,46.66667,-6.0,2024-10-01 06:00:00,-0.075678185,0.078215316,4360694.650219674,-458327.4764384654,0.0
5788,643.5668,46.66667,-6.0,2024-10-01 06:00:00,-0.06958068,0.074913085,4360694.650219674,-458327.4764384654,0.0
5968,763.3331,46.66667,-6.0,2024-10-01 06:00:00,-0.057147305,0.099651046,4360694.650219674,-458327.4764384654,0.0
6148,902.3393,46.66667,-6.0,2024-10-01 06:00:00,-0.03350838,0.12287824,4360694.650219674,-458327.4764384654,0.0
37,0.494025,46.75,-6.25,2024-10-01 06:00:00,-0.09394611,0.19413391,4351950.96357759,-476616.1460837916,0.0
217,1.541375,46.75,-6.25,2024-10-01 06:00:00,-0.09111067,0.19630429,4351950.96357759,-476616.1460837916,0.0
397,2.645669,46.75,-6.25,2024-10-01 06:00:00,-0.088317625,0.19824271,4351950.96357759,-476616.1460837916,0.0
577,3.819495,46.75,-6.25,2024-10-01 06:00:00,-0.08556162,0.19995096,4351950.96357759,-476616.1460837916,0.0
757,5.078224,46.75,-6.25,2024-10-01 06:00:00,-0.08282246,0.20143253,4351950.96357759,-476616.1460837916,0.0
937,6.440614,46.75,-6.25,2024-10-01 06:00:00,-0.08007408,0.20268397,4351950.96357759,-476616.1460837916,0.0
1117,7.92956,46.75,-6.25,2024-10-01 06:00:00,-0.0772748,0.20369239,4351950.96357759,-476616.1460837916,0.0
1297,9.572997,46.75,-6.25,2024-10-01 06:00:00,-0.074352376,0.2044213,4351950.96357759,-476616.1460837916,0.0
1477,11.405,46.75,-6.25,2024-10-01 06:00:00,-0.071134925,0.20478567,4351950.96357759,-476616.1460837916,0.0
1657,13.46714,46.75,-6.25,2024-10-01 06:00:00,-0.06714609,0.20450336,4351950.96357759,-476616.1460837916,0.0
1837,15.81007,46.75,-6.25,2024-10-01 06:00:00,-0.060567897,0.20101207,4351950.96357759,-476616.1460837916,0.0
2017,18.49556,46.75,-6.25,2024-10-01 06:00:00,-0.048429254,0.18715712,4351950.96357759,-476616.1460837916,0.0
2197,21.59882,46.75,-6.25,2024-10-01 06:00:00,-0.03285624,0.16892801,4351950.96357759,-476616.1460837916,0.0
2377,25.21141,46.75,-6.25,2024-10-01 06:00:00,-0.028847657,0.15359545,4351950.96357759,-476616.1460837916,0.0
2557,29.44473,46.75,-6.25,2024-10-01 06:00:00,-0.030307578,0.1496933,4351950.96357759,-476616.1460837916,0.0
2737,34.43415,46.75,-6.25,2024-10-01 06:00:00,-0.034093775,0.14834176,4351950.96357759,-476616.1460837916,0.0
2917,40.34405,46.75,-6.25,2024-10-01 06:00:00,-0.046457052,0.14496647,4351950.96357759,-476616.1460837916,0.0
3097,47.37369,46.75,-6.25,2024-10-01 06:00:00,-0.02278459,0.1131835,4351950.96357759,-476616.1460837916,0.0
3277,55.76429,46.75,-6.25,2024-10-01 06:00:00,-0.050348826,0.027479446,4351950.96357759,-476616.1460837916,0.0
3457,65.80727,46.75,-6.25,2024-10-01 06:00:00,-0.05321081,0.05026345,4351950.96357759,-476616.1460837916,0.0
3637,77.85385,46.75,-6.25,2024-10-01 06:00:00,-0.043722566,0.058507454,4351950.96357759,-476616.1460837916,0.0
3817,92.32607,46.75,-6.25,2024-10-01 06:00:00,-0.036848474,0.056240633,4351950.96357759,-476616.1460837916,0.0
3997,109.7293,46.75,-6.25,2024-10-01 06:00:00,-0.031228352,0.051572505,4351950.96357759,-476616.1460837916,0.0
4177,130.666,46.75,-6.25,2024-10-01 06:00:00,-0.02875242,0.05112118,4351950.96357759,-476616.1460837916,0.0
4357,155.8507,46.75,-6.25,2024-10-01 06:00:00,-0.037173074,0.031767376,4351950.96357759,-476616.1460837916,0.0
4537,186.1256,46.75,-6.25,2024-10-01 06:00:00,-0.03640269,-0.001489046,4351950.96357759,-476616.1460837916,0.0
4717,222.4752,46.75,-6.25,2024-10-01 06:00:00,-0.04616468,-0.045728404,4351950.96357759,-476616.1460837916,0.0
4897,266.0403,46.75,-6.25,2024-10-01 06:00:00,-0.052317493,-0.06068901,4351950.96357759,-476616.1460837916,0.0
5077,318.1274,46.75,-6.25,2024-10-01 06:00:00,-0.04232005,-0.05974313,4351950.96357759,-476616.1460837916,0.0
5257,380.213,46.75,-6.25,2024-10-01 06:00:00,-0.027049847,-0.018070687,4351950.96357759,-476616.1460837916,0.0
5437,453.9377,46.75,-6.25,2024-10-01 06:00:00,-0.027227886,0.0072386013,4351950.96357759,-476616.1460837916,0.0
5617,541.0889,46.75,-6.25,2024-10-01 06:00:00,-0.018224215,0.004112115,4351950.96357759,-476616.1460837916,0.0
5797,643.5668,46.75,-6.25,2024-10-01 06:00:00,-0.019887082,-0.0029572789,4351950.96357759,-476616.1460837916,0.0
5977,763.3331,46.75,-6.25,2024-10-01 06:00:00,-0.018082812,0.0028134496,4351950.96357759,-476616.1460837916,0.0
6157,902.3393,46.75,-6.25,2024-10-01 06:00:00,-0.029624207,0.021077491,4351950.96357759,-476616.1460837916,0.0
46,0.494025,46.75,-6.1666565,2024-10-01 06:00:00,-0.07914204,0.27454433,4352639.653859386,-470285.21531356085,0.0
226,1.541375,46.75,-6.1666565,2024-10-01 06:00:00,-0.0762787,0.27660465,4352639.653859386,-470285.21531356085,0.0
406,2.645669,46.75,-6.1666565,2024-10-01 06:00:00,-0.073477,0.27840316,4352639.653859386,-470285.21531356085,0.0
586,3.819495,46.75,-6.1666565,2024-10-01 06:00:00,-0.0707355,0.27993974,4352639.653859386,-470285.21531356085,0.0
766,5.078224,46.75,-6.1666565,2024-10-01 06:00:00,-0.06803246,0.2812196,4352639.653859386,-470285.21531356085,0.0
946,6.440614,46.75,-6.1666565,2024-10-01 06:00:00,-0.0653427,0.28223383,4352639.653859386,-470285.21531356085,0.0
1126,7.92956,46.75,-6.1666565,2024-10-01 06:00:00,-0.06262,0.2829571,4352639.653859386,-470285.21531356085,0.0
1306,9.572997,46.75,-6.1666565,2024-10-01 06:00:00,-0.0597582,0.28332603,4352639.653859386,-470285.21531356085,0.0
1486,11.405,46.75,-6.1666565,2024-10-01 06:00:00,-0.056429256,0.28314567,4352639.653859386,-470285.21531356085,0.0
1666,13.46714,46.75,-6.1666565,2024-10-01 06:00:00,-0.051175416,0.28131974,4352639.653859386,-470285.21531356085,0.0
1846,15.81007,46.75,-6.1666565,2024-10-01 06:00:00,-0.034264088,0.25906172,4352639.653859386,-470285.21531356085,0.0
2026,18.49556,46.75,-6.1666565,2024-10-01 06:00:00,-0.021984825,0.21946356,4352639.653859386,-470285.21531356085,0.0
2206,21.59882,46.75,-6.1666565,2024-10-01 06:00:00,-0.030614048,0.19340417,4352639.653859386,-470285.21531356085,0.0
2386,25.21141,46.75,-6.1666565,2024-10-01 06:00:00,-0.04130355,0.18311308,4352639.653859386,-470285.21531356085,0.0
2566,29.44473,46.75,-6.1666565,2024-10-01 06:00:00,-0.052807875,0.17490429,4352639.653859386,-470285.21531356085,0.0
2746,34.43415,46.75,-6.1666565,2024-10-01 06:00:00,-0.06816749,0.16893382,4352639.653859386,-470285.21531356085,0.0
2926,40.34405,46.75,-6.1666565,2024-10-01 06:00:00,-0.0693332,0.14711925,4352639.653859386,-470285.21531356085,0.0
3106,47.37369,46.75,-6.1666565,2024-10-01 06:00:00,-0.043341886,0.083358906,4352639.653859386,-470285.21531356085,0.0
3286,55.76429,46.75,-6.1666565,2024-10-01 06:00:00,-0.08423604,0.040112503,4352639.653859386,-470285.21531356085,0.0
3466,65.80727,46.75,-6.1666565,2024-10-01 06:00:00,-0.08191436,0.05208931,4352639.653859386,-470285.21531356085,0.0
3646,77.85385,46.75,-6.1666565,2024-10-01 06:00:00,-0.070457496,0.047658943,4352639.653859386,-470285.21531356085,0.0
3826,92.32607,46.75,-6.1666565,2024-10-01 06:00:00,-0.05998567,0.038875323,4352639.653859386,-470285.21531356085,0.0
4006,109.7293,46.75,-6.1666565,2024-10-01 06:00:00,-0.05404251,0.03197803,4352639.653859386,-470285.21531356085,0.0
4186,130.666,46.75,-6.1666565,2024-10-01 06:00:00,-0.05537955,0.024765098,4352639.653859386,-470285.21531356085,0.0
4366,155.8507,46.75,-6.1666565,2024-10-01 06:00:00,-0.05956495,0.013624894,4352639.653859386,-470285.21531356085,0.0
4546,186.1256,46.75,-6.1666565,2024-10-01 06:00:00,-0.05349791,0.0044807727,4352639.653859386,-470285.21531356085,0.0
4726,222.4752,46.75,-6.1666565,2024-10-01 06:00:00,-0.045233082,-0.01576632,4352639.653859386,-470285.21531356085,0.0
4906,266.0403,46.75,-6.1666565,2024-10-01 06:00:00,-0.03953269,-0.023778891,4352639.653859386,-470285.21531356085,0.0
5086,318.1274,46.75,-6.1666565,2024-10-01 06:00:00,-0.039578836,-0.0052315025,4352639.653859386,-470285.21531356085,0.0
5266,380.213,46.75,-6.1666565,2024-10-01 06:00:00,-0.029235283,0.03437514,4352639.653859386,-470285.21531356085,0.0
5446,453.9377,46.75,-6.1666565,2024-10-01 06:00:00,-0.027224658,0.054037858,4352639.653859386,-470285.21531356085,0.0
5626,541.0889,46.75,-6.1666565,2024-10-01 06:00:00,-0.02653487,0.048143063,4352639.653859386,-470285.21531356085,0.0
5806,643.5668,46.75,-6.1666565,2024-10-01 06:00:00,-0.029132048,0.032398093,4352639.653859386,-470285.21531356085,0.0
5986,763.3331,46.75,-6.1666565,2024-10-01 06:00:00,-0.04896884,0.050049935,4352639.653859386,-470285.21531356085,0.0
6166,902.3393,46.75,-6.1666565,2024-10-01 06:00:00,-0.051828083,0.09153963,4352639.653859386,-470285.21531356085,0.0
55,0.494025,46.75,-6.0833282,2024-10-01 06:00:00,-0.089871,0.3205811,4353319.010767862,-463954.44881885045,0.0
235,1.541375,46.75,-6.0833282,2024-10-01 06:00:00,-0.08696009,0.3225591,4353319.010767862,-463954.44881885045,0.0
415,2.645669,46.75,-6.0833282,2024-10-01 06:00:00,-0.08411734,0.3242722,4353319.010767862,-463954.44881885045,0.0
595,3.819495,46.75,-6.0833282,2024-10-01 06:00:00,-0.08134144,0.32572034,4353319.010767862,-463954.44881885045,0.0
775,5.078224,46.75,-6.0833282,2024-10-01 06:00:00,-0.07860696,0.3269057,4353319.010767862,-463954.44881885045,0.0
955,6.440614,46.75,-6.0833282,2024-10-01 06:00:00,-0.07588513,0.3278166,4353319.010767862,-463954.44881885045,0.0
1135,7.92956,46.75,-6.0833282,2024-10-01 06:00:00,-0.073118836,0.3284209,4353319.010767862,-463954.44881885045,0.0
1315,9.572997,46.75,-6.0833282,2024-10-01 06:00:00,-0.07016573,0.32863513,4353319.010767862,-463954.44881885045,0.0
1495,11.405,46.75,-6.0833282,2024-10-01 06:00:00,-0.06652681,0.32816872,4353319.010767862,-463954.44881885045,0.0
1675,13.46714,46.75,-6.0833282,2024-10-01 06:00:00,-0.05836743,0.32481432,4353319.010767862,-463954.44881885045,0.0
1855,15.81007,46.75,-6.0833282,2024-10-01 06:00:00,-0.031664476,0.27643338,4353319.010767862,-463954.44881885045,0.0
2035,18.49556,46.75,-6.0833282,2024-10-01 06:00:00,-0.024669744,0.2295034,4353319.010767862,-463954.44881885045,0.0
2215,21.59882,46.75,-6.0833282,2024-10-01 06:00:00,-0.036644474,0.21307696,4353319.010767862,-463954.44881885045,0.0
2395,25.21141,46.75,-6.0833282,2024-10-01 06:00:00,-0.05097325,0.19578108,4353319.010767862,-463954.44881885045,0.0
2575,29.44473,46.75,-6.0833282,2024-10-01 06:00:00,-0.068765886,0.17726596,4353319.010767862,-463954.44881885045,0.0
2755,34.43415,46.75,-6.0833282,2024-10-01 06:00:00,-0.08644964,0.16822334,4353319.010767862,-463954.44881885045,0.0
2935,40.34405,46.75,-6.0833282,2024-10-01 06:00:00,-0.06272,0.1400483,4353319.010767862,-463954.44881885045,0.0
3115,47.37369,46.75,-6.0833282,2024-10-01 06:00:00,-0.0631716,0.03864517,4353319.010767862,-463954.44881885045,0.0
3295,55.76429,46.75,-6.0833282,2024-10-01 06:00:00,-0.10311752,0.03936834,4353319.010767862,-463954.44881885045,0.0
3475,65.80727,46.75,-6.0833282,2024-10-01 06:00:00,-0.098121636,0.05657853,4353319.010767862,-463954.44881885045,0.0
3655,77.85385,46.75,-6.0833282,2024-10-01 06:00:00,-0.088054895,0.05631742,4353319.010767862,-463954.44881885045,0.0
3835,92.32607,46.75,-6.0833282,2024-10-01 06:00:00,-0.07465117,0.0464732,4353319.010767862,-463954.44881885045,0.0
4015,109.7293,46.75,-6.0833282,2024-10-01 06:00:00,-0.06440741,0.038968608,4353319.010767862,-463954.44881885045,0.0
4195,130.666,46.75,-6.0833282,2024-10-01 06:00:00,-0.061607167,0.03426505,4353319.010767862,-463954.44881885045,0.0
4375,155.8507,46.75,-6.0833282,2024-10-01 06:00:00,-0.055338338,0.028810438,4353319.010767862,-463954.44881885045,0.0
4555,186.1256,46.75,-6.0833282,2024-10-01 06:00:00,-0.048187684,0.030443013,4353319.010767862,-463954.44881885045,0.0
4735,222.4752,46.75,-6.0833282,2024-10-01 06:00:00,-0.031147098,0.06372547,4353319.010767862,-463954.44881885045,0.0
4915,266.0403,46.75,-6.0833282,2024-10-01 06:00:00,-0.02807004,0.101223215,4353319.010767862,-463954.44881885045,0.0
5095,318.1274,46.75,-6.0833282,2024-10-01 06:00:00,-0.024555799,0.10031674,4353319.010767862,-463954.44881885045,0.0
5275,380.213,46.75,-6.0833282,2024-10-01 06:00:00,-0.030214913,0.088216744,4353319.010767862,-463954.44881885045,0.0
5455,453.9377,46.75,-6.0833282,2024-10-01 06:00:00,-0.040532153,0.09671983,4353319.010767862,-463954.44881885045,0.0
5635,541.0889,46.75,-6.0833282,2024-10-01 06:00:00,-0.036487795,0.10162613,4353319.010767862,-463954.44881885045,0.0
5815,643.5668,46.75,-6.0833282,2024-10-01 06:00:00,-0.04992044,0.09129694,4353319.010767862,-463954.44881885045,0.0
5995,763.3331,46.75,-6.0833282,2024-10-01 06:00:00,-0.068555415,0.08739706,4353319.010767862,-463954.44881885045,0.0
6175,902.3393,46.75,-6.0833282,2024-10-01 06:00:00,-0.06513636,0.10939139,4353319.010767862,-463954.44881885045,0.0
64,0.494025,46.75,-6.0,2024-10-01 06:00:00,-0.13026825,0.2895463,4353989.159796485,-457622.70099545474,0.0
244,1.541375,46.75,-6.0,2024-10-01 06:00:00,-0.1272697,0.29144806,4353989.159796485,-457622.70099545474,0.0
424,2.645669,46.75,-6.0,2024-10-01 06:00:00,-0.124312595,0.2931057,4353989.159796485,-457622.70099545474,0.0
604,3.819495,46.75,-6.0,2024-10-01 06:00:00,-0.12139206,0.29451632,4353989.159796485,-457622.70099545474,0.0
784,5.078224,46.75,-6.0,2024-10-01 06:00:00,-0.118480355,0.29568505,4353989.159796485,-457622.70099545474,0.0
964,6.440614,46.75,-6.0,2024-10-01 06:00:00,-0.11554459,0.2966001,4353989.159796485,-457622.70099545474,0.0
1144,7.92956,46.75,-6.0,2024-10-01 06:00:00,-0.11252363,0.2972353,4353989.159796485,-457622.70099545474,0.0
1324,9.572997,46.75,-6.0,2024-10-01 06:00:00,-0.10928151,0.29752654,4353989.159796485,-457622.70099545474,0.0
1504,11.405,46.75,-6.0,2024-10-01 06:00:00,-0.10541347,0.29727104,4353989.159796485,-457622.70099545474,0.0
1684,13.46714,46.75,-6.0,2024-10-01 06:00:00,-0.09895904,0.2952436,4353989.159796485,-457622.70099545474,0.0
1864,15.81007,46.75,-6.0,2024-10-01 06:00:00,-0.085912086,0.28229186,4353989.159796485,-457622.70099545474,0.0
2044,18.49556,46.75,-6.0,2024-10-01 06:00:00,-0.070199735,0.24210598,4353989.159796485,-457622.70099545474,0.0
2224,21.59882,46.75,-6.0,2024-10-01 06:00:00,-0.05957531,0.22348194,4353989.159796485,-457622.70099545474,0.0
2404,25.21141,46.75,-6.0,2024-10-01 06:00:00,-0.05790036,0.20589562,4353989.159796485,-457622.70099545474,0.0
2584,29.44473,46.75,-6.0,2024-10-01 06:00:00,-0.06373437,0.18899047,4353989.159796485,-457622.70099545474,0.0
2764,34.43415,46.75,-6.0,2024-10-01 06:00:00,-0.07454894,0.18019477,4353989.159796485,-457622.70099545474,0.0
2944,40.34405,46.75,-6.0,2024-10-01 06:00:00,-0.02959929,0.17229746,4353989.159796485,-457622.70099545474,0.0
3124,47.37369,46.75,-6.0,2024-10-01 06:00:00,-0.06565453,0.022263829,4353989.159796485,-457622.70099545474,0.0
3304,55.76429,46.75,-6.0,2024-10-01 06:00:00,-0.11733515,0.050013803,4353989.159796485,-457622.70099545474,0.0
3484,65.80727,46.75,-6.0,2024-10-01 06:00:00,-0.1129468,0.07911787,4353989.159796485,-457622.70099545474,0.0
3664,77.85385,46.75,-6.0,2024-10-01 06:00:00,-0.09614974,0.08534132,4353989.159796485,-457622.70099545474,0.0
3844,92.32607,46.75,-6.0,2024-10-01 06:00:00,-0.0728383,0.08257249,4353989.159796485,-457622.70099545474,0.0
4024,109.7293,46.75,-6.0,2024-10-01 06:00:00,-0.057399515,0.08540639,4353989.159796485,-457622.70099545474,0.0
4204,130.666,46.75,-6.0,2024-10-01 06:00:00,-0.05308341,0.08857622,4353989.159796485,-457622.70099545474,0.0
4384,155.8507,46.75,-6.0,2024-10-01 06:00:00,-0.04371732,0.087259494,4353989.159796485,-457622.70099545474,0.0
4564,186.1256,46.75,-6.0,2024-10-01 06:00:00,-0.042235076,0.09940121,4353989.159796485,-457622.70099545474,0.0
4744,222.4752,46.75,-6.0,2024-10-01 06:00:00,-0.040745575,0.11617942,4353989.159796485,-457622.70099545474,0.0
4924,266.0403,46.75,-6.0,2024-10-01 06:00:00,-0.045759495,0.10669171,4353989.159796485,-457622.70099545474,0.0
5104,318.1274,46.75,-6.0,2024-10-01 06:00:00,-0.04459884,0.09144388,4353989.159796485,-457622.70099545474,0.0
5284,380.213,46.75,-6.0,2024-10-01 06:00:00,-0.047775023,0.09707655,4353989.159796485,-457622.70099545474,0.0
5464,453.9377,46.75,-6.0,2024-10-01 06:00:00,-0.05173948,0.09302117,4353989.159796485,-457622.70099545474,0.0
5644,541.0889,46.75,-6.0,2024-10-01 06:00:00,-0.05752115,0.0894724,4353989.159796485,-457622.70099545474,0.0
5824,643.5668,46.75,-6.0,2024-10-01 06:00:00,-0.06715162,0.097130165,4353989.159796485,-457622.70099545474,0.0
6004,763.3331,46.75,-6.0,2024-10-01 06:00:00,-0.08439832,0.11801164,4353989.159796485,-457622.70099545474,0.0
6184,902.3393,46.75,-6.0,2024-10-01 06:00:00,-0.06666851,0.13077235,4353989.159796485,-457622.70099545474,0.0
73,0.494025,46.833336,-6.25,2024-10-01 06:00:00,-0.117326744,0.18129787,4345238.723142079,-475881.0361998027,0.0
253,1.541375,46.833336,-6.25,2024-10-01 06:00:00,-0.114331365,0.18360858,4345238.723142079,-475881.0361998027,0.0
433,2.645669,46.833336,-6.25,2024-10-01 06:00:00,-0.11134312,0.18568075,4345238.723142079,-475881.0361998027,0.0
613,3.819495,46.833336,-6.25,2024-10-01 06:00:00,-0.108358815,0.18751304,4345238.723142079,-475881.0361998027,0.0
793,5.078224,46.833336,-6.25,2024-10-01 06:00:00,-0.10535926,0.18910936,4345238.723142079,-475881.0361998027,0.0
973,6.440614,46.833336,-6.25,2024-10-01 06:00:00,-0.10230931,0.19046566,4345238.723142079,-475881.0361998027,0.0
1153,7.92956,46.833336,-6.25,2024-10-01 06:00:00,-0.09916469,0.19157097,4345238.723142079,-475881.0361998027,0.0
1333,9.572997,46.833336,-6.25,2024-10-01 06:00:00,-0.09585183,0.19239342,4345238.723142079,-475881.0361998027,0.0
1513,11.405,46.833336,-6.25,2024-10-01 06:00:00,-0.092184804,0.1928716,4345238.723142079,-475881.0361998027,0.0
1693,13.46714,46.833336,-6.25,2024-10-01 06:00:00,-0.08767579,0.19283213,4345238.723142079,-475881.0361998027,0.0
1873,15.81007,46.833336,-6.25,2024-10-01 06:00:00,-0.081276156,0.1915434,4345238.723142079,-475881.0361998027,0.0
2053,18.49556,46.833336,-6.25,2024-10-01 06:00:00,-0.071479306,0.18714431,4345238.723142079,-475881.0361998027,0.0
2233,21.59882,46.833336,-6.25,2024-10-01 06:00:00,-0.056387886,0.17721999,4345238.723142079,-475881.0361998027,0.0
2413,25.21141,46.833336,-6.25,2024-10-01 06:00:00,-0.042411942,0.16369152,4345238.723142079,-475881.0361998027,0.0
2593,29.44473,46.833336,-6.25,2024-10-01 06:00:00,-0.03862318,0.1571724,4345238.723142079,-475881.0361998027,0.0
2773,34.43415,46.833336,-6.25,2024-10-01 06:00:00,-0.038143635,0.15467429,4345238.723142079,-475881.0361998027,0.0
2953,40.34405,46.833336,-6.25,2024-10-01 06:00:00,-0.048705053,0.15780203,4345238.723142079,-475881.0361998027,0.0
3133,47.37369,46.833336,-6.25,2024-10-01 06:00:00,-0.033599675,0.14717095,4345238.723142079,-475881.0361998027,0.0
3313,55.76429,46.833336,-6.25,2024-10-01 06:00:00,-0.0849803,0.057604812,4345238.723142079,-475881.0361998027,0.0
3493,65.80727,46.833336,-6.25,2024-10-01 06:00:00,-0.08630198,0.076675214,4345238.723142079,-475881.0361998027,0.0
3673,77.85385,46.833336,-6.25,2024-10-01 06:00:00,-0.069493644,0.09671224,4345238.723142079,-475881.0361998027,0.0
3853,92.32607,46.833336,-6.25,2024-10-01 06:00:00,-0.056246087,0.09834372,4345238.723142079,-475881.0361998027,0.0
4033,109.7293,46.833336,-6.25,2024-10-01 06:00:00,-0.04702166,0.08948132,4345238.723142079,-475881.0361998027,0.0
4213,130.666,46.833336,-6.25,2024-10-01 06:00:00,-0.0359068,0.08496052,4345238.723142079,-475881.0361998027,0.0
4393,155.8507,46.833336,-6.25,2024-10-01 06:00:00,-0.03831358,0.07041438,4345238.723142079,-475881.0361998027,0.0
4573,186.1256,46.833336,-6.25,2024-10-01 06:00:00,-0.029863592,0.026382934,4345238.723142079,-475881.0361998027,0.0
4753,222.4752,46.833336,-6.25,2024-10-01 06:00:00,-0.016415074,-0.009509263,4345238.723142079,-475881.0361998027,0.0
4933,266.0403,46.833336,-6.25,2024-10-01 06:00:00,-0.007845012,-0.027190842,4345238.723142079,-475881.0361998027,0.0
5113,318.1274,46.833336,-6.25,2024-10-01 06:00:00,-0.0106204655,-0.025235314,4345238.723142079,-475881.0361998027,0.0
5293,380.213,46.833336,-6.25,2024-10-01 06:00:00,-0.029048368,-0.006625249,4345238.723142079,-475881.0361998027,0.0
5473,453.9377,46.833336,-6.25,2024-10-01 06:00:00,-0.045423903,0.017675513,4345238.723142079,-475881.0361998027,0.0
5653,541.0889,46.833336,-6.25,2024-10-01 06:00:00,-0.028777113,0.022945639,4345238.723142079,-475881.0361998027,0.0
5833,643.5668,46.833336,-6.25,2024-10-01 06:00:00,-0.013056128,0.029033346,4345238.723142079,-475881.0361998027,0.0
6013,763.3331,46.833336,-6.25,2024-10-01 06:00:00,-0.02433492,0.024574801,4345238.723142079,-475881.0361998027,0.0
6193,902.3393,46.833336,-6.25,2024-10-01 06:00:00,-0.054779086,0.052553155,4345238.723142079,-475881.0361998027,0.0
82,0.494025,46.833336,-6.1666565,2024-10-01 06:00:00,-0.12290161,0.24562183,4345926.351221016,-469559.8699535443,0.0
262,1.541375,46.833336,-6.1666565,2024-10-01 06:00:00,-0.11989804,0.24783255,4345926.351221016,-469559.8699535443,0.0
442,2.645669,46.833336,-6.1666565,2024-10-01 06:00:00,-0.11692509,0.2497741,4345926.351221016,-469559.8699535443,0.0
622,3.819495,46.833336,-6.1666565,2024-10-01 06:00:00,-0.11398123,0.25144413,4345926.351221016,-469559.8699535443,0.0
802,5.078224,46.833336,-6.1666565,2024-10-01 06:00:00,-0.11104274,0.25284705,4345926.351221016,-469559.8699535443,0.0
982,6.440614,46.833336,-6.1666565,2024-10-01 06:00:00,-0.108066425,0.2539788,4345926.351221016,-469559.8699535443,0.0
1162,7.92956,46.833336,-6.1666565,2024-10-01 06:00:00,-0.104988165,0.25481662,4345926.351221016,-469559.8699535443,0.0
1342,9.572997,46.833336,-6.1666565,2024-10-01 06:00:00,-0.10166018,0.25530562,4345926.351221016,-469559.8699535443,0.0
1522,11.405,46.833336,-6.1666565,2024-10-01 06:00:00,-0.09758315,0.25528082,4345926.351221016,-469559.8699535443,0.0
1702,13.46714,46.833336,-6.1666565,2024-10-01 06:00:00,-0.09095724,0.25390074,4345926.351221016,-469559.8699535443,0.0
1882,15.81007,46.833336,-6.1666565,2024-10-01 06:00:00,-0.078748606,0.24566182,4345926.351221016,-469559.8699535443,0.0
2062,18.49556,46.833336,-6.1666565,2024-10-01 06:00:00,-0.063243374,0.22875857,4345926.351221016,-469559.8699535443,0.0
2242,21.59882,46.833336,-6.1666565,2024-10-01 06:00:00,-0.05402966,0.20593901,4345926.351221016,-469559.8699535443,0.0
2422,25.21141,46.833336,-6.1666565,2024-10-01 06:00:00,-0.05361963,0.19081527,4345926.351221016,-469559.8699535443,0.0
2602,29.44473,46.833336,-6.1666565,2024-10-01 06:00:00,-0.05539677,0.18432944,4345926.351221016,-469559.8699535443,0.0
2782,34.43415,46.833336,-6.1666565,2024-10-01 06:00:00,-0.059743106,0.17729943,4345926.351221016,-469559.8699535443,0.0
2962,40.34405,46.833336,-6.1666565,2024-10-01 06:00:00,-0.07621821,0.17336923,4345926.351221016,-469559.8699535443,0.0
3142,47.37369,46.833336,-6.1666565,2024-10-01 06:00:00,-0.046653897,0.12051081,4345926.351221016,-469559.8699535443,0.0
3322,55.76429,46.833336,-6.1666565,2024-10-01 06:00:00,-0.10668622,0.05715041,4345926.351221016,-469559.8699535443,0.0
3502,65.80727,46.833336,-6.1666565,2024-10-01 06:00:00,-0.09779851,0.06679126,4345926.351221016,-469559.8699535443,0.0
3682,77.85385,46.833336,-6.1666565,2024-10-01 06:00:00,-0.08346979,0.06327445,4345926.351221016,-469559.8699535443,0.0
3862,92.32607,46.833336,-6.1666565,2024-10-01 06:00:00,-0.06572244,0.053682633,4345926.351221016,-469559.8699535443,0.0
4042,109.7293,46.833336,-6.1666565,2024-10-01 06:00:00,-0.053064566,0.048878595,4345926.351221016,-469559.8699535443,0.0
4222,130.666,46.833336,-6.1666565,2024-10-01 06:00:00,-0.049188096,0.047187977,4345926.351221016,-469559.8699535443,0.0
4402,155.8507,46.833336,-6.1666565,2024-10-01 06:00:00,-0.052885134,0.044812594,4345926.351221016,-469559.8699535443,0.0
4582,186.1256,46.833336,-6.1666565,2024-10-01 06:00:00,-0.044507705,0.023484562,4345926.351221016,-469559.8699535443,0.0
4762,222.4752,46.833336,-6.1666565,2024-10-01 06:00:00,-0.03549233,0.0029517366,4345926.351221016,-469559.8699535443,0.0
4942,266.0403,46.833336,-6.1666565,2024-10-01 06:00:00,-0.0292798,-0.013858945,4345926.351221016,-469559.8699535443,0.0
5122,318.1274,46.833336,-6.1666565,2024-10-01 06:00:00,-0.030480733,-0.005934442,4345926.351221016,-469559.8699535443,0.0
5302,380.213,46.833336,-6.1666565,2024-10-01 06:00:00,-0.02862057,0.03187234,4345926.351221016,-469559.8699535443,0.0
5482,453.9377,46.833336,-6.1666565,2024-10-01 06:00:00,-0.037682675,0.04348787,4345926.351221016,-469559.8699535443,0.0
5662,541.0889,46.833336,-6.1666565,2024-10-01 06:00:00,-0.03965162,0.038546856,4345926.351221016,-469559.8699535443,0.0
5842,643.5668,46.833336,-6.1666565,2024-10-01 06:00:00,-0.0352432,0.054994036,4345926.351221016,-469559.8699535443,0.0
6022,763.3331,46.833336,-6.1666565,2024-10-01 06:00:00,-0.04071664,0.07675547,4345926.351221016,-469559.8699535443,0.0
6202,902.3393,46.833336,-6.1666565,2024-10-01 06:00:00,-0.08188059,0.11708203,4345926.351221016,-469559.8699535443,0.0
91,0.494025,46.833336,-6.0833282,2024-10-01 06:00:00,-0.11273231,0.3003111,4346604.66032198,-463238.86772943556,0.0
271,1.541375,46.833336,-6.0833282,2024-10-01 06:00:00,-0.10973314,0.30245316,4346604.66032198,-463238.86772943556,0.0
451,2.645669,46.833336,-6.0833282,2024-10-01 06:00:00,-0.10679053,0.3043003,4346604.66032198,-463238.86772943556,0.0
631,3.819495,46.833336,-6.0833282,2024-10-01 06:00:00,-0.103904344,0.30585057,4346604.66032198,-463238.86772943556,0.0
811,5.078224,46.833336,-6.0833282,2024-10-01 06:00:00,-0.10104518,0.3071079,4346604.66032198,-463238.86772943556,0.0
991,6.440614,46.833336,-6.0833282,2024-10-01 06:00:00,-0.098169595,0.3080627,4346604.66032198,-463238.86772943556,0.0
1171,7.92956,46.833336,-6.0833282,2024-10-01 06:00:00,-0.09519664,0.30868042,4346604.66032198,-463238.86772943556,0.0
1351,9.572997,46.833336,-6.0833282,2024-10-01 06:00:00,-0.09190324,0.3088641,4346604.66032198,-463238.86772943556,0.0
1531,11.405,46.833336,-6.0833282,2024-10-01 06:00:00,-0.087404564,0.30822146,4346604.66032198,-463238.86772943556,0.0
1711,13.46714,46.833336,-6.0833282,2024-10-01 06:00:00,-0.07545978,0.3032458,4346604.66032198,-463238.86772943556,0.0
1891,15.81007,46.833336,-6.0833282,2024-10-01 06:00:00,-0.053890966,0.27276474,4346604.66032198,-463238.86772943556,0.0
2071,18.49556,46.833336,-6.0833282,2024-10-01 06:00:00,-0.050294705,0.23958297,4346604.66032198,-463238.86772943556,0.0
2251,21.59882,46.833336,-6.0833282,2024-10-01 06:00:00,-0.05805503,0.21790995,4346604.66032198,-463238.86772943556,0.0
2431,25.21141,46.833336,-6.0833282,2024-10-01 06:00:00,-0.067373596,0.20355304,4346604.66032198,-463238.86772943556,0.0
2611,29.44473,46.833336,-6.0833282,2024-10-01 06:00:00,-0.07802938,0.19000883,4346604.66032198,-463238.86772943556,0.0
2791,34.43415,46.833336,-6.0833282,2024-10-01 06:00:00,-0.09117762,0.17772384,4346604.66032198,-463238.86772943556,0.0
2971,40.34405,46.833336,-6.0833282,2024-10-01 06:00:00,-0.08319698,0.16375376,4346604.66032198,-463238.86772943556,0.0
3151,47.37369,46.833336,-6.0833282,2024-10-01 06:00:00,-0.067430355,0.06436862,4346604.66032198,-463238.86772943556,0.0
3331,55.76429,46.833336,-6.0833282,2024-10-01 06:00:00,-0.12449637,0.04962598,4346604.66032198,-463238.86772943556,0.0
3511,65.80727,46.833336,-6.0833282,2024-10-01 06:00:00,-0.11722238,0.06330117,4346604.66032198,-463238.86772943556,0.0
3691,77.85385,46.833336,-6.0833282,2024-10-01 06:00:00,-0.10542446,0.067206435,4346604.66032198,-463238.86772943556,0.0
3871,92.32607,46.833336,-6.0833282,2024-10-01 06:00:00,-0.08617208,0.063777514,4346604.66032198,-463238.86772943556,0.0
4051,109.7293,46.833336,-6.0833282,2024-10-01 06:00:00,-0.07142619,0.060314108,4346604.66032198,-463238.86772943556,0.0
4231,130.666,46.833336,-6.0833282,2024-10-01 06:00:00,-0.06317043,0.055533018,4346604.66032198,-463238.86772943556,0.0
4411,155.8507,46.833336,-6.0833282,2024-10-01 06:00:00,-0.061300434,0.04901455,4346604.66032198,-463238.86772943556,0.0
4591,186.1256,46.833336,-6.0833282,2024-10-01 06:00:00,-0.049881425,0.037463646,4346604.66032198,-463238.86772943556,0.0
4771,222.4752,46.833336,-6.0833282,2024-10-01 06:00:00,-0.043930043,0.05380518,4346604.66032198,-463238.86772943556,0.0
4951,266.0403,46.833336,-6.0833282,2024-10-01 06:00:00,-0.04013306,0.074638635,4346604.66032198,-463238.86772943556,0.0
5131,318.1274,46.833336,-6.0833282,2024-10-01 06:00:00,-0.030651236,0.085323855,4346604.66032198,-463238.86772943556,0.0
5311,380.213,46.833336,-6.0833282,2024-10-01 06:00:00,-0.025214177,0.097928494,4346604.66032198,-463238.86772943556,0.0
5491,453.9377,46.833336,-6.0833282,2024-10-01 06:00:00,-0.024436336,0.101265825,4346604.66032198,-463238.86772943556,0.0
5671,541.0889,46.833336,-6.0833282,2024-10-01 06:00:00,-0.026889058,0.10668258,4346604.66032198,-463238.86772943556,0.0
5851,643.5668,46.833336,-6.0833282,2024-10-01 06:00:00,-0.03885871,0.105255805,4346604.66032198,-463238.86772943556,0.0
6031,763.3331,46.833336,-6.0833282,2024-10-01 06:00:00,-0.066006996,0.10869892,4346604.66032198,-463238.86772943556,0.0
6211,902.3393,46.833336,-6.0833282,2024-10-01 06:00:00,-0.09096322,0.1349885,4346604.66032198,-463238.86772943556,0.0
100,0.494025,46.833336,-6.0,2024-10-01 06:00:00,-0.11843147,0.31022137,4347273.775744883,-456916.88569019584,0.0
280,1.541375,46.833336,-6.0,2024-10-01 06:00:00,-0.1154286,0.31233096,4347273.775744883,-456916.88569019584,0.0
460,2.645669,46.833336,-6.0,2024-10-01 06:00:00,-0.11249493,0.31414214,4347273.775744883,-456916.88569019584,0.0
640,3.819495,46.833336,-6.0,2024-10-01 06:00:00,-0.10962838,0.31565413,4347273.775744883,-456916.88569019584,0.0
820,5.078224,46.833336,-6.0,2024-10-01 06:00:00,-0.10680059,0.31687096,4347273.775744883,-456916.88569019584,0.0
1000,6.440614,46.833336,-6.0,2024-10-01 06:00:00,-0.103967756,0.3177836,4347273.775744883,-456916.88569019584,0.0
1180,7.92956,46.833336,-6.0,2024-10-01 06:00:00,-0.10105136,0.31835648,4347273.775744883,-456916.88569019584,0.0
1360,9.572997,46.833336,-6.0,2024-10-01 06:00:00,-0.09783619,0.31848338,4347273.775744883,-456916.88569019584,0.0
1540,11.405,46.833336,-6.0,2024-10-01 06:00:00,-0.093493685,0.31767654,4347273.775744883,-456916.88569019584,0.0
1720,13.46714,46.833336,-6.0,2024-10-01 06:00:00,-0.08249031,0.30920908,4347273.775744883,-456916.88569019584,0.0
1900,15.81007,46.833336,-6.0,2024-10-01 06:00:00,-0.059070528,0.26570025,4347273.775744883,-456916.88569019584,0.0
2080,18.49556,46.833336,-6.0,2024-10-01 06:00:00,-0.056987382,0.23927979,4347273.775744883,-456916.88569019584,0.0
2260,21.59882,46.833336,-6.0,2024-10-01 06:00:00,-0.06770891,0.22471021,4347273.775744883,-456916.88569019584,0.0
2440,25.21141,46.833336,-6.0,2024-10-01 06:00:00,-0.07966078,0.20921145,4347273.775744883,-456916.88569019584,0.0
2620,29.44473,46.833336,-6.0,2024-10-01 06:00:00,-0.09360775,0.19367926,4347273.775744883,-456916.88569019584,0.0
2800,34.43415,46.833336,-6.0,2024-10-01 06:00:00,-0.102972336,0.18390223,4347273.775744883,-456916.88569019584,0.0
2980,40.34405,46.833336,-6.0,2024-10-01 06:00:00,-0.06761789,0.17687964,4347273.775744883,-456916.88569019584,0.0
3160,47.37369,46.833336,-6.0,2024-10-01 06:00:00,-0.09351538,0.031868096,4347273.775744883,-456916.88569019584,0.0
3340,55.76429,46.833336,-6.0,2024-10-01 06:00:00,-0.15002197,0.049124233,4347273.775744883,-456916.88569019584,0.0
3520,65.80727,46.833336,-6.0,2024-10-01 06:00:00,-0.14071625,0.07951363,4347273.775744883,-456916.88569019584,0.0
3700,77.85385,46.833336,-6.0,2024-10-01 06:00:00,-0.12436784,0.092491746,4347273.775744883,-456916.88569019584,0.0
3880,92.32607,46.833336,-6.0,2024-10-01 06:00:00,-0.101748176,0.09585639,4347273.775744883,-456916.88569019584,0.0
4060,109.7293,46.833336,-6.0,2024-10-01 06:00:00,-0.087223895,0.09470713,4347273.775744883,-456916.88569019584,0.0
4240,130.666,46.833336,-6.0,2024-10-01 06:00:00,-0.078810975,0.08505929,4347273.775744883,-456916.88569019584,0.0
4420,155.8507,46.833336,-6.0,2024-10-01 06:00:00,-0.069758505,0.07916549,4347273.775744883,-456916.88569019584,0.0
4600,186.1256,46.833336,-6.0,2024-10-01 06:00:00,-0.06066586,0.08793356,4347273.775744883,-456916.88569019584,0.0
4780,222.4752,46.833336,-6.0,2024-10-01 06:00:00,-0.045817785,0.119385265,4347273.775744883,-456916.88569019584,0.0
4960,266.0403,46.833336,-6.0,2024-10-01 06:00:00,-0.033792466,0.13214883,4347273.775744883,-456916.88569019584,0.0
5140,318.1274,46.833336,-6.0,2024-10-01 06:00:00,-0.033224557,0.12502658,4347273.775744883,-456916.88569019584,0.0
5320,380.213,46.833336,-6.0,2024-10-01 06:00:00,-0.021817021,0.12252499,4347273.775744883,-456916.88569019584,0.0
5500,453.9377,46.833336,-6.0,2024-10-01 06:00:00,-0.023281151,0.12141776,4347273.775744883,-456916.88569019584,0.0
5680,541.0889,46.833336,-6.0,2024-10-01 06:00:00,-0.028968908,0.11712785,4347273.775744883,-456916.88569019584,0.0
5860,643.5668,46.833336,-6.0,2024-10-01 06:00:00,-0.049406856,0.12351514,4347273.775744883,-456916.88569019584,0.0
6040,763.3331,46.833336,-6.0,2024-10-01 06:00:00,-0.08053507,0.13011485,4347273.775744883,-456916.88569019584,0.0
6220,902.3393,46.833336,-6.0,2024-10-01 06:00:00,-0.08212813,0.11930538,4347273.775744883,-456916.88569019584,0.0
109,0.494025,46.91667,-6.25,2024-10-01 06:00:00,-0.13087988,0.17935856,4338517.220887722,-475144.9119816816,0.0
289,1.541375,46.91667,-6.25,2024-10-01 06:00:00,-0.127689,0.18183264,4338517.220887722,-475144.9119816816,0.0
469,2.645669,46.91667,-6.25,2024-10-01 06:00:00,-0.124466434,0.1840477,4338517.220887722,-475144.9119816816,0.0
649,3.819495,46.91667,-6.25,2024-10-01 06:00:00,-0.121222325,0.18599321,4338517.220887722,-475144.9119816816,0.0
829,5.078224,46.91667,-6.25,2024-10-01 06:00:00,-0.117944755,0.18767057,4338517.220887722,-475144.9119816816,0.0
1009,6.440614,46.91667,-6.25,2024-10-01 06:00:00,-0.11461312,0.18907827,4338517.220887722,-475144.9119816816,0.0
1189,7.92956,46.91667,-6.25,2024-10-01 06:00:00,-0.1112031,0.19020559,4338517.220887722,-475144.9119816816,0.0
1369,9.572997,46.91667,-6.25,2024-10-01 06:00:00,-0.10767435,0.19103132,4338517.220887722,-475144.9119816816,0.0
1549,11.405,46.91667,-6.25,2024-10-01 06:00:00,-0.1039533,0.1915198,4338517.220887722,-475144.9119816816,0.0
1729,13.46714,46.91667,-6.25,2024-10-01 06:00:00,-0.0998872,0.19160852,4338517.220887722,-475144.9119816816,0.0
1909,15.81007,46.91667,-6.25,2024-10-01 06:00:00,-0.09514051,0.19116832,4338517.220887722,-475144.9119816816,0.0
2089,18.49556,46.91667,-6.25,2024-10-01 06:00:00,-0.089163356,0.18992032,4338517.220887722,-475144.9119816816,0.0
2269,21.59882,46.91667,-6.25,2024-10-01 06:00:00,-0.081159584,0.18734066,4338517.220887722,-475144.9119816816,0.0
2449,25.21141,46.91667,-6.25,2024-10-01 06:00:00,-0.071705185,0.18327168,4338517.220887722,-475144.9119816816,0.0
2629,29.44473,46.91667,-6.25,2024-10-01 06:00:00,-0.06615,0.17930162,4338517.220887722,-475144.9119816816,0.0
2809,34.43415,46.91667,-6.25,2024-10-01 06:00:00,-0.06399799,0.1763142,4338517.220887722,-475144.9119816816,0.0
2989,40.34405,46.91667,-6.25,2024-10-01 06:00:00,-0.06551863,0.17288618,4338517.220887722,-475144.9119816816,0.0
3169,47.37369,46.91667,-6.25,2024-10-01 06:00:00,-0.055434402,0.16840912,4338517.220887722,-475144.9119816816,0.0
3349,55.76429,46.91667,-6.25,2024-10-01 06:00:00,-0.10946805,0.080821596,4338517.220887722,-475144.9119816816,0.0
3529,65.80727,46.91667,-6.25,2024-10-01 06:00:00,-0.108467825,0.09527307,4338517.220887722,-475144.9119816816,0.0
3709,77.85385,46.91667,-6.25,2024-10-01 06:00:00,-0.09225031,0.107693195,4338517.220887722,-475144.9119816816,0.0
3889,92.32607,46.91667,-6.25,2024-10-01 06:00:00,-0.07880674,0.10611246,4338517.220887722,-475144.9119816816,0.0
4069,109.7293,46.91667,-6.25,2024-10-01 06:00:00,-0.07064968,0.096042775,4338517.220887722,-475144.9119816816,0.0
4249,130.666,46.91667,-6.25,2024-10-01 06:00:00,-0.06542536,0.0898747,4338517.220887722,-475144.9119816816,0.0
4429,155.8507,46.91667,-6.25,2024-10-01 06:00:00,-0.05549308,0.07661991,4338517.220887722,-475144.9119816816,0.0
4609,186.1256,46.91667,-6.25,2024-10-01 06:00:00,-0.041412413,0.046953004,4338517.220887722,-475144.9119816816,0.0
4789,222.4752,46.91667,-6.25,2024-10-01 06:00:00,-0.036199775,0.011496357,4338517.220887722,-475144.9119816816,0.0
4969,266.0403,46.91667,-6.25,2024-10-01 06:00:00,-0.021985378,-0.019378789,4338517.220887722,-475144.9119816816,0.0
5149,318.1274,46.91667,-6.25,2024-10-01 06:00:00,-0.02629513,-0.022645406,4338517.220887722,-475144.9119816816,0.0
5329,380.213,46.91667,-6.25,2024-10-01 06:00:00,-0.0436523,0.018179521,4338517.220887722,-475144.9119816816,0.0
5509,453.9377,46.91667,-6.25,2024-10-01 06:00:00,-0.043872144,0.046125084,4338517.220887722,-475144.9119816816,0.0
5689,541.0889,46.91667,-6.25,2024-10-01 06:00:00,-0.027087435,0.036354102,4338517.220887722,-475144.9119816816,0.0
5869,643.5668,46.91667,-6.25,2024-10-01 06:00:00,-0.018344665,0.045669973,4338517.220887722,-475144.9119816816,0.0
6049,763.3331,46.91667,-6.25,2024-10-01 06:00:00,-0.026743716,0.05513774,4338517.220887722,-475144.9119816816,0.0
6229,902.3393,46.91667,-6.25,2024-10-01 06:00:00,-0.04438203,0.09771751,4338517.220887722,-475144.9119816816,0.0
118,0.494025,46.91667,-6.1666565,2024-10-01 06:00:00,-0.14640203,0.22777951,4339203.78529813,-468833.52373287774,0.0
298,1.541375,46.91667,-6.1666565,2024-10-01 06:00:00,-0.14318688,0.23012303,4339203.78529813,-468833.52373287774,0.0
478,2.645669,46.91667,-6.1666565,2024-10-01 06:00:00,-0.13996567,0.2321871,4339203.78529813,-468833.52373287774,0.0
658,3.819495,46.91667,-6.1666565,2024-10-01 06:00:00,-0.13674548,0.23396322,4339203.78529813,-468833.52373287774,0.0
838,5.078224,46.91667,-6.1666565,2024-10-01 06:00:00,-0.13350861,0.23545238,4339203.78529813,-468833.52373287774,0.0
1018,6.440614,46.91667,-6.1666565,2024-10-01 06:00:00,-0.13022219,0.23664962,4339203.78529813,-468833.52373287774,0.0
1198,7.92956,46.91667,-6.1666565,2024-10-01 06:00:00,-0.12683898,0.23753639,4339203.78529813,-468833.52373287774,0.0
1378,9.572997,46.91667,-6.1666565,2024-10-01 06:00:00,-0.12326178,0.23807497,4339203.78529813,-468833.52373287774,0.0
1558,11.405,46.91667,-6.1666565,2024-10-01 06:00:00,-0.11923603,0.23818359,4339203.78529813,-468833.52373287774,0.0
1738,13.46714,46.91667,-6.1666565,2024-10-01 06:00:00,-0.11423703,0.2376591,4339203.78529813,-468833.52373287774,0.0
1918,15.81007,46.91667,-6.1666565,2024-10-01 06:00:00,-0.10747987,0.23597597,4339203.78529813,-468833.52373287774,0.0
2098,18.49556,46.91667,-6.1666565,2024-10-01 06:00:00,-0.098201856,0.2320371,4339203.78529813,-468833.52373287774,0.0
2278,21.59882,46.91667,-6.1666565,2024-10-01 06:00:00,-0.08642175,0.2241863,4339203.78529813,-468833.52373287774,0.0
2458,25.21141,46.91667,-6.1666565,2024-10-01 06:00:00,-0.07895199,0.21377108,4339203.78529813,-468833.52373287774,0.0
2638,29.44473,46.91667,-6.1666565,2024-10-01 06:00:00,-0.077442035,0.20699953,4339203.78529813,-468833.52373287774,0.0
2818,34.43415,46.91667,-6.1666565,2024-10-01 06:00:00,-0.07821799,0.20250979,4339203.78529813,-468833.52373287774,0.0
2998,40.34405,46.91667,-6.1666565,2024-10-01 06:00:00,-0.085830525,0.19882073,4339203.78529813,-468833.52373287774,0.0
3178,47.37369,46.91667,-6.1666565,2024-10-01 06:00:00,-0.063900486,0.14434941,4339203.78529813,-468833.52373287774,0.0
3358,55.76429,46.91667,-6.1666565,2024-10-01 06:00:00,-0.12950902,0.08154766,4339203.78529813,-468833.52373287774,0.0
3538,65.80727,46.91667,-6.1666565,2024-10-01 06:00:00,-0.12672499,0.09218243,4339203.78529813,-468833.52373287774,0.0
3718,77.85385,46.91667,-6.1666565,2024-10-01 06:00:00,-0.11130931,0.086932436,4339203.78529813,-468833.52373287774,0.0
3898,92.32607,46.91667,-6.1666565,2024-10-01 06:00:00,-0.093317114,0.072225824,4339203.78529813,-468833.52373287774,0.0
4078,109.7293,46.91667,-6.1666565,2024-10-01 06:00:00,-0.07901364,0.057570275,4339203.78529813,-468833.52373287774,0.0
4258,130.666,46.91667,-6.1666565,2024-10-01 06:00:00,-0.07218949,0.055138737,4339203.78529813,-468833.52373287774,0.0
4438,155.8507,46.91667,-6.1666565,2024-10-01 06:00:00,-0.06632051,0.0560316,4339203.78529813,-468833.52373287774,0.0
4618,186.1256,46.91667,-6.1666565,2024-10-01 06:00:00,-0.05149478,0.045344476,4339203.78529813,-468833.52373287774,0.0
4798,222.4752,46.91667,-6.1666565,2024-10-01 06:00:00,-0.04884249,0.036384575,4339203.78529813,-468833.52373287774,0.0
4978,266.0403,46.91667,-6.1666565,2024-10-01 06:00:00,-0.050422356,0.03540309,4339203.78529813,-468833.52373287774,0.0
5158,318.1274,46.91667,-6.1666565,2024-10-01 06:00:00,-0.052962303,0.030119421,4339203.78529813,-468833.52373287774,0.0
5338,380.213,46.91667,-6.1666565,2024-10-01 06:00:00,-0.054462448,0.03246936,4339203.78529813,-468833.52373287774,0.0
5518,453.9377,46.91667,-6.1666565,2024-10-01 06:00:00,-0.051784605,0.039269574,4339203.78529813,-468833.52373287774,0.0
5698,541.0889,46.91667,-6.1666565,2024-10-01 06:00:00,-0.03518479,0.058132946,4339203.78529813,-468833.52373287774,0.0
5878,643.5668,46.91667,-6.1666565,2024-10-01 06:00:00,-0.03183642,0.0797973,4339203.78529813,-468833.52373287774,0.0
6058,763.3331,46.91667,-6.1666565,2024-10-01 06:00:00,-0.049938,0.10155979,4339203.78529813,-468833.52373287774,0.0
6238,902.3393,46.91667,-6.1666565,2024-10-01 06:00:00,-0.06379741,0.16727346,4339203.78529813,-468833.52373287774,0.0
127,0.494025,46.91667,-6.0833282,2024-10-01 06:00:00,-0.13421524,0.2597221,4339881.045145775,-462522.2992525033,0.0
307,1.541375,46.91667,-6.0833282,2024-10-01 06:00:00,-0.13100731,0.26193815,4339881.045145775,-462522.2992525033,0.0
487,2.645669,46.91667,-6.0833282,2024-10-01 06:00:00,-0.12784475,0.26385438,4339881.045145775,-462522.2992525033,0.0
667,3.819495,46.91667,-6.0833282,2024-10-01 06:00:00,-0.12473324,0.2654663,4339881.045145775,-462522.2992525033,0.0
847,5.078224,46.91667,-6.0833282,2024-10-01 06:00:00,-0.12165314,0.26677698,4339881.045145775,-462522.2992525033,0.0
1027,6.440614,46.91667,-6.0833282,2024-10-01 06:00:00,-0.11856304,0.26778266,4339881.045145775,-462522.2992525033,0.0
1207,7.92956,46.91667,-6.0833282,2024-10-01 06:00:00,-0.115398206,0.26845938,4339881.045145775,-462522.2992525033,0.0
1387,9.572997,46.91667,-6.0833282,2024-10-01 06:00:00,-0.112002224,0.26874426,4339881.045145775,-462522.2992525033,0.0
1567,11.405,46.91667,-6.0833282,2024-10-01 06:00:00,-0.107837126,0.26844305,4339881.045145775,-462522.2992525033,0.0
1747,13.46714,46.91667,-6.0833282,2024-10-01 06:00:00,-0.10101271,0.26677224,4339881.045145775,-462522.2992525033,0.0
1927,15.81007,46.91667,-6.0833282,2024-10-01 06:00:00,-0.090196446,0.2616138,4339881.045145775,-462522.2992525033,0.0
2107,18.49556,46.91667,-6.0833282,2024-10-01 06:00:00,-0.08109586,0.25081882,4339881.045145775,-462522.2992525033,0.0
2287,21.59882,46.91667,-6.0833282,2024-10-01 06:00:00,-0.07811085,0.23356898,4339881.045145775,-462522.2992525033,0.0
2467,25.21141,46.91667,-6.0833282,2024-10-01 06:00:00,-0.08013502,0.21938987,4339881.045145775,-462522.2992525033,0.0
2647,29.44473,46.91667,-6.0833282,2024-10-01 06:00:00,-0.08448502,0.21123075,4339881.045145775,-462522.2992525033,0.0
2827,34.43415,46.91667,-6.0833282,2024-10-01 06:00:00,-0.091334715,0.20357445,4339881.045145775,-462522.2992525033,0.0
3007,40.34405,46.91667,-6.0833282,2024-10-01 06:00:00,-0.10377452,0.19154333,4339881.045145775,-462522.2992525033,0.0
3187,47.37369,46.91667,-6.0833282,2024-10-01 06:00:00,-0.08272434,0.09292937,4339881.045145775,-462522.2992525033,0.0
3367,55.76429,46.91667,-6.0833282,2024-10-01 06:00:00,-0.15076973,0.07867596,4339881.045145775,-462522.2992525033,0.0
3547,65.80727,46.91667,-6.0833282,2024-10-01 06:00:00,-0.15436931,0.09593816,4339881.045145775,-462522.2992525033,0.0
3727,77.85385,46.91667,-6.0833282,2024-10-01 06:00:00,-0.14626722,0.10576459,4339881.045145775,-462522.2992525033,0.0
3907,92.32607,46.91667,-6.0833282,2024-10-01 06:00:00,-0.12659243,0.107133396,4339881.045145775,-462522.2992525033,0.0
4087,109.7293,46.91667,-6.0833282,2024-10-01 06:00:00,-0.10580416,0.09527645,4339881.045145775,-462522.2992525033,0.0
4267,130.666,46.91667,-6.0833282,2024-10-01 06:00:00,-0.09083984,0.08293197,4339881.045145775,-462522.2992525033,0.0
4447,155.8507,46.91667,-6.0833282,2024-10-01 06:00:00,-0.07419972,0.0707768,4339881.045145775,-462522.2992525033,0.0
4627,186.1256,46.91667,-6.0833282,2024-10-01 06:00:00,-0.06523772,0.06434851,4339881.045145775,-462522.2992525033,0.0
4807,222.4752,46.91667,-6.0833282,2024-10-01 06:00:00,-0.06911271,0.07352317,4339881.045145775,-462522.2992525033,0.0
4987,266.0403,46.91667,-6.0833282,2024-10-01 06:00:00,-0.076178014,0.08685878,4339881.045145775,-462522.2992525033,0.0
5167,318.1274,46.91667,-6.0833282,2024-10-01 06:00:00,-0.07195014,0.09956408,4339881.045145775,-462522.2992525033,0.0
5347,380.213,46.91667,-6.0833282,2024-10-01 06:00:00,-0.057151206,0.09404603,4339881.045145775,-462522.2992525033,0.0
5527,453.9377,46.91667,-6.0833282,2024-10-01 06:00:00,-0.04846546,0.084743805,4339881.045145775,-462522.2992525033,0.0
5707,541.0889,46.91667,-6.0833282,2024-10-01 06:00:00,-0.038916707,0.107328996,4339881.045145775,-462522.2992525033,0.0
5887,643.5668,46.91667,-6.0833282,2024-10-01 06:00:00,-0.04150714,0.12261309,4339881.045145775,-462522.2992525033,0.0
6067,763.3331,46.91667,-6.0833282,2024-10-01 06:00:00,-0.0720269,0.13541532,4339881.045145775,-462522.2992525033,0.0
6247,902.3393,46.91667,-6.0833282,2024-10-01 06:00:00,-0.09030071,0.15364347,4339881.045145775,-462522.2992525033,0.0
136,0.494025,46.91667,-6.0,2024-10-01 06:00:00,-0.114656076,0.2767149,4340549.125536747,-456210.0964726406,0.0
316,1.541375,46.91667,-6.0,2024-10-01 06:00:00,-0.111461006,0.27885216,4340549.125536747,-456210.0964726406,0.0
496,2.645669,46.91667,-6.0,2024-10-01 06:00:00,-0.10835667,0.280685,4340549.125536747,-456210.0964726406,0.0
676,3.819495,46.91667,-6.0,2024-10-01 06:00:00,-0.10534726,0.28221345,4340549.125536747,-456210.0964726406,0.0
856,5.078224,46.91667,-6.0,2024-10-01 06:00:00,-0.10241267,0.28344345,4340549.125536747,-456210.0964726406,0.0
1036,6.440614,46.91667,-6.0,2024-10-01 06:00:00,-0.09950707,0.2843768,4340549.125536747,-456210.0964726406,0.0
1216,7.92956,46.91667,-6.0,2024-10-01 06:00:00,-0.09655701,0.28499117,4340549.125536747,-456210.0964726406,0.0
1396,9.572997,46.91667,-6.0,2024-10-01 06:00:00,-0.09336351,0.28521353,4340549.125536747,-456210.0964726406,0.0
1576,11.405,46.91667,-6.0,2024-10-01 06:00:00,-0.08921104,0.28471786,4340549.125536747,-456210.0964726406,0.0
1756,13.46714,46.91667,-6.0,2024-10-01 06:00:00,-0.080523506,0.28101078,4340549.125536747,-456210.0964726406,0.0
1936,15.81007,46.91667,-6.0,2024-10-01 06:00:00,-0.06650451,0.26444274,4340549.125536747,-456210.0964726406,0.0
2116,18.49556,46.91667,-6.0,2024-10-01 06:00:00,-0.068201855,0.23898512,4340549.125536747,-456210.0964726406,0.0
2296,21.59882,46.91667,-6.0,2024-10-01 06:00:00,-0.07676607,0.22585435,4340549.125536747,-456210.0964726406,0.0
2476,25.21141,46.91667,-6.0,2024-10-01 06:00:00,-0.08737004,0.21655141,4340549.125536747,-456210.0964726406,0.0
2656,29.44473,46.91667,-6.0,2024-10-01 06:00:00,-0.100038975,0.20743535,4340549.125536747,-456210.0964726406,0.0
2836,34.43415,46.91667,-6.0,2024-10-01 06:00:00,-0.1153422,0.20039047,4340549.125536747,-456210.0964726406,0.0
3016,40.34405,46.91667,-6.0,2024-10-01 06:00:00,-0.105941705,0.20422378,4340549.125536747,-456210.0964726406,0.0
3196,47.37369,46.91667,-6.0,2024-10-01 06:00:00,-0.10451455,0.070088774,4340549.125536747,-456210.0964726406,0.0
3376,55.76429,46.91667,-6.0,2024-10-01 06:00:00,-0.16526623,0.076004595,4340549.125536747,-456210.0964726406,0.0
3556,65.80727,46.91667,-6.0,2024-10-01 06:00:00,-0.17400579,0.0981894,4340549.125536747,-456210.0964726406,0.0
3736,77.85385,46.91667,-6.0,2024-10-01 06:00:00,-0.1671978,0.117192745,4340549.125536747,-456210.0964726406,0.0
3916,92.32607,46.91667,-6.0,2024-10-01 06:00:00,-0.1460203,0.12372402,4340549.125536747,-456210.0964726406,0.0
4096,109.7293,46.91667,-6.0,2024-10-01 06:00:00,-0.12524228,0.11609501,4340549.125536747,-456210.0964726406,0.0
4276,130.666,46.91667,-6.0,2024-10-01 06:00:00,-0.11011075,0.10290583,4340549.125536747,-456210.0964726406,0.0
4456,155.8507,46.91667,-6.0,2024-10-01 06:00:00,-0.088734664,0.10140308,4340549.125536747,-456210.0964726406,0.0
4636,186.1256,46.91667,-6.0,2024-10-01 06:00:00,-0.084315285,0.10152061,4340549.125536747,-456210.0964726406,0.0
4816,222.4752,46.91667,-6.0,2024-10-01 06:00:00,-0.08270054,0.115038104,4340549.125536747,-456210.0964726406,0.0
4996,266.0403,46.91667,-6.0,2024-10-01 06:00:00,-0.080469705,0.12730375,4340549.125536747,-456210.0964726406,0.0
5176,318.1274,46.91667,-6.0,2024-10-01 06:00:00,-0.075175434,0.1318486,4340549.125536747,-456210.0964726406,0.0
5356,380.213,46.91667,-6.0,2024-10-01 06:00:00,-0.06275834,0.13637324,4340549.125536747,-456210.0964726406,0.0
5536,453.9377,46.91667,-6.0,2024-10-01 06:00:00,-0.04978273,0.13964166,4340549.125536747,-456210.0964726406,0.0
5716,541.0889,46.91667,-6.0,2024-10-01 06:00:00,-0.042076394,0.12487865,4340549.125536747,-456210.0964726406,0.0
5896,643.5668,46.91667,-6.0,2024-10-01 06:00:00,-0.047888353,0.1329039,4340549.125536747,-456210.0964726406,0.0
6076,763.3331,46.91667,-6.0,2024-10-01 06:00:00,-0.07776068,0.13351119,4340549.125536747,-456210.0964726406,0.0
6256,902.3393,46.91667,-6.0,2024-10-01 06:00:00,-0.09111998,0.10377679,4340549.125536747,-456210.0964726406,0.0
145,0.494025,47.0,-6.25,2024-10-01 06:00:00,-0.13833897,0.18063882,4331787.087405169,-474407.8424903363,0.0
325,1.541375,47.0,-6.25,2024-10-01 06:00:00,-0.13481797,0.18324378,4331787.087405169,-474407.8424903363,0.0
505,2.645669,47.0,-6.25,2024-10-01 06:00:00,-0.13123979,0.18556376,4331787.087405169,-474407.8424903363,0.0
685,3.819495,47.0,-6.25,2024-10-01 06:00:00,-0.12764862,0.18757936,4331787.087405169,-474407.8424903363,0.0
865,5.078224,47.0,-6.25,2024-10-01 06:00:00,-0.12404429,0.18929757,4331787.087405169,-474407.8424903363,0.0
1045,6.440614,47.0,-6.25,2024-10-01 06:00:00,-0.12042155,0.19072376,4331787.087405169,-474407.8424903363,0.0
1225,7.92956,47.0,-6.25,2024-10-01 06:00:00,-0.11678695,0.19185524,4331787.087405169,-474407.8424903363,0.0
1405,9.572997,47.0,-6.25,2024-10-01 06:00:00,-0.11316307,0.1926834,4331787.087405169,-474407.8424903363,0.0
1585,11.405,47.0,-6.25,2024-10-01 06:00:00,-0.10958707,0.19319807,4331787.087405169,-474407.8424903363,0.0
1765,13.46714,47.0,-6.25,2024-10-01 06:00:00,-0.1061045,0.1933915,4331787.087405169,-474407.8424903363,0.0
1945,15.81007,47.0,-6.25,2024-10-01 06:00:00,-0.102775335,0.19325961,4331787.087405169,-474407.8424903363,0.0
2125,18.49556,47.0,-6.25,2024-10-01 06:00:00,-0.09953106,0.19279177,4331787.087405169,-474407.8424903363,0.0
2305,21.59882,47.0,-6.25,2024-10-01 06:00:00,-0.09643701,0.19197461,4331787.087405169,-474407.8424903363,0.0
2485,25.21141,47.0,-6.25,2024-10-01 06:00:00,-0.09388743,0.19091715,4331787.087405169,-474407.8424903363,0.0
2665,29.44473,47.0,-6.25,2024-10-01 06:00:00,-0.091458395,0.18942331,4331787.087405169,-474407.8424903363,0.0
2845,34.43415,47.0,-6.25,2024-10-01 06:00:00,-0.089614965,0.18745969,4331787.087405169,-474407.8424903363,0.0
3025,40.34405,47.0,-6.25,2024-10-01 06:00:00,-0.08824643,0.17965892,4331787.087405169,-474407.8424903363,0.0
3205,47.37369,47.0,-6.25,2024-10-01 06:00:00,-0.07903521,0.16294354,4331787.087405169,-474407.8424903363,0.0
3385,55.76429,47.0,-6.25,2024-10-01 06:00:00,-0.14881188,0.09589462,4331787.087405169,-474407.8424903363,0.0
3565,65.80727,47.0,-6.25,2024-10-01 06:00:00,-0.14557678,0.112992,4331787.087405169,-474407.8424903363,0.0
3745,77.85385,47.0,-6.25,2024-10-01 06:00:00,-0.120979115,0.112121,4331787.087405169,-474407.8424903363,0.0
3925,92.32607,47.0,-6.25,2024-10-01 06:00:00,-0.101283655,0.097651325,4331787.087405169,-474407.8424903363,0.0
4105,109.7293,47.0,-6.25,2024-10-01 06:00:00,-0.08721021,0.08089591,4331787.087405169,-474407.8424903363,0.0
4285,130.666,47.0,-6.25,2024-10-01 06:00:00,-0.08534707,0.07802597,4331787.087405169,-474407.8424903363,0.0
4465,155.8507,47.0,-6.25,2024-10-01 06:00:00,-0.08044488,0.07857642,4331787.087405169,-474407.8424903363,0.0
4645,186.1256,47.0,-6.25,2024-10-01 06:00:00,-0.08286964,0.0711975,4331787.087405169,-474407.8424903363,0.0
4825,222.4752,47.0,-6.25,2024-10-01 06:00:00,-0.070645444,0.052819096,4331787.087405169,-474407.8424903363,0.0
5005,266.0403,47.0,-6.25,2024-10-01 06:00:00,-0.04768762,0.024195211,4331787.087405169,-474407.8424903363,0.0
5185,318.1274,47.0,-6.25,2024-10-01 06:00:00,-0.043446034,0.013937544,4331787.087405169,-474407.8424903363,0.0
5365,380.213,47.0,-6.25,2024-10-01 06:00:00,-0.03621753,0.033796575,4331787.087405169,-474407.8424903363,0.0
5545,453.9377,47.0,-6.25,2024-10-01 06:00:00,-0.038961455,0.053649515,4331787.087405169,-474407.8424903363,0.0
5725,541.0889,47.0,-6.25,2024-10-01 06:00:00,-0.03993019,0.057242397,4331787.087405169,-474407.8424903363,0.0
5905,643.5668,47.0,-6.25,2024-10-01 06:00:00,-0.016986428,0.050338116,4331787.087405169,-474407.8424903363,0.0
6085,763.3331,47.0,-6.25,2024-10-01 06:00:00,-0.037260182,0.0984538,4331787.087405169,-474407.8424903363,0.0
6265,902.3393,47.0,-6.25,2024-10-01 06:00:00,-0.07292722,0.11720416,4331787.087405169,-474407.8424903363,0.0
154,0.494025,47.0,-6.1666565,2024-10-01 06:00:00,-0.14254813,0.21270509,4332472.586781167,-468106.2447951276,0.0
334,1.541375,47.0,-6.1666565,2024-10-01 06:00:00,-0.13896799,0.21520022,4332472.586781167,-468106.2447951276,0.0
514,2.645669,47.0,-6.1666565,2024-10-01 06:00:00,-0.13534115,0.21739927,4332472.586781167,-468106.2447951276,0.0
694,3.819495,47.0,-6.1666565,2024-10-01 06:00:00,-0.13171116,0.21928391,4332472.586781167,-468106.2447951276,0.0
874,5.078224,47.0,-6.1666565,2024-10-01 06:00:00,-0.12807527,0.22086048,4332472.586781167,-468106.2447951276,0.0
1054,6.440614,47.0,-6.1666565,2024-10-01 06:00:00,-0.124423586,0.22213201,4332472.586781167,-468106.2447951276,0.0
1234,7.92956,47.0,-6.1666565,2024-10-01 06:00:00,-0.120755285,0.22309192,4332472.586781167,-468106.2447951276,0.0
1414,9.572997,47.0,-6.1666565,2024-10-01 06:00:00,-0.11708311,0.223726,4332472.586781167,-468106.2447951276,0.0
1594,11.405,47.0,-6.1666565,2024-10-01 06:00:00,-0.11342966,0.22401546,4332472.586781167,-468106.2447951276,0.0
1774,13.46714,47.0,-6.1666565,2024-10-01 06:00:00,-0.10982041,0.22393718,4332472.586781167,-468106.2447951276,0.0
1954,15.81007,47.0,-6.1666565,2024-10-01 06:00:00,-0.106267884,0.22345644,4332472.586781167,-468106.2447951276,0.0
2134,18.49556,47.0,-6.1666565,2024-10-01 06:00:00,-0.10276359,0.22251669,4332472.586781167,-468106.2447951276,0.0
2314,21.59882,47.0,-6.1666565,2024-10-01 06:00:00,-0.09934796,0.22105317,4332472.586781167,-468106.2447951276,0.0
2494,25.21141,47.0,-6.1666565,2024-10-01 06:00:00,-0.096473515,0.21927167,4332472.586781167,-468106.2447951276,0.0
2674,29.44473,47.0,-6.1666565,2024-10-01 06:00:00,-0.09388609,0.21706535,4332472.586781167,-468106.2447951276,0.0
2854,34.43415,47.0,-6.1666565,2024-10-01 06:00:00,-0.09204028,0.2151237,4332472.586781167,-468106.2447951276,0.0
3034,40.34405,47.0,-6.1666565,2024-10-01 06:00:00,-0.099280275,0.1986658,4332472.586781167,-468106.2447951276,0.0
3214,47.37369,47.0,-6.1666565,2024-10-01 06:00:00,-0.06785675,0.14815427,4332472.586781167,-468106.2447951276,0.0
3394,55.76429,47.0,-6.1666565,2024-10-01 06:00:00,-0.14847578,0.09698219,4332472.586781167,-468106.2447951276,0.0
3574,65.80727,47.0,-6.1666565,2024-10-01 06:00:00,-0.15178293,0.11236934,4332472.586781167,-468106.2447951276,0.0
3754,77.85385,47.0,-6.1666565,2024-10-01 06:00:00,-0.14178336,0.11280452,4332472.586781167,-468106.2447951276,0.0
3934,92.32607,47.0,-6.1666565,2024-10-01 06:00:00,-0.12832186,0.103917524,4332472.586781167,-468106.2447951276,0.0
4114,109.7293,47.0,-6.1666565,2024-10-01 06:00:00,-0.11522625,0.089442745,4332472.586781167,-468106.2447951276,0.0
4294,130.666,47.0,-6.1666565,2024-10-01 06:00:00,-0.11194824,0.08340417,4332472.586781167,-468106.2447951276,0.0
4474,155.8507,47.0,-6.1666565,2024-10-01 06:00:00,-0.10374073,0.083336525,4332472.586781167,-468106.2447951276,0.0
4654,186.1256,47.0,-6.1666565,2024-10-01 06:00:00,-0.10342966,0.0709828,4332472.586781167,-468106.2447951276,0.0
4834,222.4752,47.0,-6.1666565,2024-10-01 06:00:00,-0.097484045,0.07117004,4332472.586781167,-468106.2447951276,0.0
5014,266.0403,47.0,-6.1666565,2024-10-01 06:00:00,-0.093073845,0.07813148,4332472.586781167,-468106.2447951276,0.0
5194,318.1274,47.0,-6.1666565,2024-10-01 06:00:00,-0.09101579,0.07738736,4332472.586781167,-468106.2447951276,0.0
5374,380.213,47.0,-6.1666565,2024-10-01 06:00:00,-0.07040972,0.06992663,4332472.586781167,-468106.2447951276,0.0
5554,453.9377,47.0,-6.1666565,2024-10-01 06:00:00,-0.058842987,0.08372302,4332472.586781167,-468106.2447951276,0.0
5734,541.0889,47.0,-6.1666565,2024-10-01 06:00:00,-0.054342255,0.083851025,4332472.586781167,-468106.2447951276,0.0
5914,643.5668,47.0,-6.1666565,2024-10-01 06:00:00,-0.043385375,0.098984726,4332472.586781167,-468106.2447951276,0.0
6094,763.3331,47.0,-6.1666565,2024-10-01 06:00:00,-0.06302819,0.14362553,4332472.586781167,-468106.2447951276,0.0
6274,902.3393,47.0,-6.1666565,2024-10-01 06:00:00,-0.0975807,0.19873302,4332472.586781167,-468106.2447951276,0.0
163,0.494025,47.0,-6.0833282,2024-10-01 06:00:00,-0.1300642,0.22051568,4333148.796028124,-461804.81061430223,0.0
343,1.541375,47.0,-6.0833282,2024-10-01 06:00:00,-0.12645954,0.22284892,4333148.796028124,-461804.81061430223,0.0
523,2.645669,47.0,-6.0833282,2024-10-01 06:00:00,-0.12286766,0.22485775,4333148.796028124,-461804.81061430223,0.0
703,3.819495,47.0,-6.0833282,2024-10-01 06:00:00,-0.11933027,0.22652562,4333148.796028124,-461804.81061430223,0.0
883,5.078224,47.0,-6.0833282,2024-10-01 06:00:00,-0.115844205,0.22785617,4333148.796028124,-461804.81061430223,0.0
1063,6.440614,47.0,-6.0833282,2024-10-01 06:00:00,-0.112399496,0.22884566,4333148.796028124,-461804.81061430223,0.0
1243,7.92956,47.0,-6.0833282,2024-10-01 06:00:00,-0.10899466,0.22947688,4333148.796028124,-461804.81061430223,0.0
1423,9.572997,47.0,-6.0833282,2024-10-01 06:00:00,-0.10563695,0.22971918,4333148.796028124,-461804.81061430223,0.0
1603,11.405,47.0,-6.0833282,2024-10-01 06:00:00,-0.10232951,0.22952496,4333148.796028124,-461804.81061430223,0.0
1783,13.46714,47.0,-6.0833282,2024-10-01 06:00:00,-0.09905655,0.2287984,4333148.796028124,-461804.81061430223,0.0
1963,15.81007,47.0,-6.0833282,2024-10-01 06:00:00,-0.09576894,0.22732128,4333148.796028124,-461804.81061430223,0.0
2143,18.49556,47.0,-6.0833282,2024-10-01 06:00:00,-0.09254891,0.22477116,4333148.796028124,-461804.81061430223,0.0
2323,21.59882,47.0,-6.0833282,2024-10-01 06:00:00,-0.089912,0.22122838,4333148.796028124,-461804.81061430223,0.0
2503,25.21141,47.0,-6.0833282,2024-10-01 06:00:00,-0.088355616,0.21745776,4333148.796028124,-461804.81061430223,0.0
2683,29.44473,47.0,-6.0833282,2024-10-01 06:00:00,-0.08757442,0.21399961,4333148.796028124,-461804.81061430223,0.0
2863,34.43415,47.0,-6.0833282,2024-10-01 06:00:00,-0.0876736,0.21107085,4333148.796028124,-461804.81061430223,0.0
3043,40.34405,47.0,-6.0833282,2024-10-01 06:00:00,-0.10496662,0.20136973,4333148.796028124,-461804.81061430223,0.0
3223,47.37369,47.0,-6.0833282,2024-10-01 06:00:00,-0.06215873,0.11459634,4333148.796028124,-461804.81061430223,0.0
3403,55.76429,47.0,-6.0833282,2024-10-01 06:00:00,-0.12971972,0.08013649,4333148.796028124,-461804.81061430223,0.0
3583,65.80727,47.0,-6.0833282,2024-10-01 06:00:00,-0.13846384,0.10187107,4333148.796028124,-461804.81061430223,0.0
3763,77.85385,47.0,-6.0833282,2024-10-01 06:00:00,-0.1419739,0.118156925,4333148.796028124,-461804.81061430223,0.0
3943,92.32607,47.0,-6.0833282,2024-10-01 06:00:00,-0.13530573,0.12204506,4333148.796028124,-461804.81061430223,0.0
4123,109.7293,47.0,-6.0833282,2024-10-01 06:00:00,-0.12790363,0.11431433,4333148.796028124,-461804.81061430223,0.0
4303,130.666,47.0,-6.0833282,2024-10-01 06:00:00,-0.13310279,0.105470836,4333148.796028124,-461804.81061430223,0.0
4483,155.8507,47.0,-6.0833282,2024-10-01 06:00:00,-0.1368805,0.10784984,4333148.796028124,-461804.81061430223,0.0
4663,186.1256,47.0,-6.0833282,2024-10-01 06:00:00,-0.12817355,0.0886534,4333148.796028124,-461804.81061430223,0.0
4843,222.4752,47.0,-6.0833282,2024-10-01 06:00:00,-0.12224624,0.09832128,4333148.796028124,-461804.81061430223,0.0
5023,266.0403,47.0,-6.0833282,2024-10-01 06:00:00,-0.12265696,0.115273274,4333148.796028124,-461804.81061430223,0.0
5203,318.1274,47.0,-6.0833282,2024-10-01 06:00:00,-0.12200899,0.11848958,4333148.796028124,-461804.81061430223,0.0
5383,380.213,47.0,-6.0833282,2024-10-01 06:00:00,-0.108737156,0.122079,4333148.796028124,-461804.81061430223,0.0
5563,453.9377,47.0,-6.0833282,2024-10-01 06:00:00,-0.100838214,0.1284466,4333148.796028124,-461804.81061430223,0.0
5743,541.0889,47.0,-6.0833282,2024-10-01 06:00:00,-0.08228976,0.14245759,4333148.796028124,-461804.81061430223,0.0
5923,643.5668,47.0,-6.0833282,2024-10-01 06:00:00,-0.0728793,0.14625424,4333148.796028124,-461804.81061430223,0.0
6103,763.3331,47.0,-6.0833282,2024-10-01 06:00:00,-0.08323504,0.16006324,4333148.796028124,-461804.81061430223,0.0
6283,902.3393,47.0,-6.0833282,2024-10-01 06:00:00,-0.11200026,0.17636105,4333148.796028124,-461804.81061430223,0.0
172,0.494025,47.0,-6.0,2024-10-01 06:00:00,-0.11352529,0.22267911,4333815.840058059,-455502.3996515776,0.0
352,1.541375,47.0,-6.0,2024-10-01 06:00:00,-0.10991672,0.22488001,4333815.840058059,-455502.3996515776,0.0
532,2.645669,47.0,-6.0,2024-10-01 06:00:00,-0.10638926,0.22675893,4333815.840058059,-455502.3996515776,0.0
712,3.819495,47.0,-6.0,2024-10-01 06:00:00,-0.10298173,0.22830606,4333815.840058059,-455502.3996515776,0.0
892,5.078224,47.0,-6.0,2024-10-01 06:00:00,-0.09969081,0.22952946,4333815.840058059,-455502.3996515776,0.0
1072,6.440614,47.0,-6.0,2024-10-01 06:00:00,-0.09650624,0.23043264,4333815.840058059,-455502.3996515776,0.0
1252,7.92956,47.0,-6.0,2024-10-01 06:00:00,-0.0934245,0.23100124,4333815.840058059,-455502.3996515776,0.0
1432,9.572997,47.0,-6.0,2024-10-01 06:00:00,-0.09042173,0.23119783,4333815.840058059,-455502.3996515776,0.0
1612,11.405,47.0,-6.0,2024-10-01 06:00:00,-0.08742415,0.2309219,4333815.840058059,-455502.3996515776,0.0
1792,13.46714,47.0,-6.0,2024-10-01 06:00:00,-0.08422741,0.22984147,4333815.840058059,-455502.3996515776,0.0
1972,15.81007,47.0,-6.0,2024-10-01 06:00:00,-0.08080265,0.22713806,4333815.840058059,-455502.3996515776,0.0
2152,18.49556,47.0,-6.0,2024-10-01 06:00:00,-0.078287154,0.22104453,4333815.840058059,-455502.3996515776,0.0
2332,21.59882,47.0,-6.0,2024-10-01 06:00:00,-0.07889106,0.21269877,4333815.840058059,-455502.3996515776,0.0
2512,25.21141,47.0,-6.0,2024-10-01 06:00:00,-0.08119358,0.20711267,4333815.840058059,-455502.3996515776,0.0
2692,29.44473,47.0,-6.0,2024-10-01 06:00:00,-0.08420103,0.20304444,4333815.840058059,-455502.3996515776,0.0
2872,34.43415,47.0,-6.0,2024-10-01 06:00:00,-0.09744095,0.19759649,4333815.840058059,-455502.3996515776,0.0
3052,40.34405,47.0,-6.0,2024-10-01 06:00:00,-0.10620762,0.20380737,4333815.840058059,-455502.3996515776,0.0
3232,47.37369,47.0,-6.0,2024-10-01 06:00:00,-0.067176685,0.09793107,4333815.840058059,-455502.3996515776,0.0
3412,55.76429,47.0,-6.0,2024-10-01 06:00:00,-0.11007714,0.06377858,4333815.840058059,-455502.3996515776,0.0
3592,65.80727,47.0,-6.0,2024-10-01 06:00:00,-0.124305576,0.080633804,4333815.840058059,-455502.3996515776,0.0
3772,77.85385,47.0,-6.0,2024-10-01 06:00:00,-0.13145718,0.10045209,4333815.840058059,-455502.3996515776,0.0
3952,92.32607,47.0,-6.0,2024-10-01 06:00:00,-0.123485394,0.11162052,4333815.840058059,-455502.3996515776,0.0
4132,109.7293,47.0,-6.0,2024-10-01 06:00:00,-0.12024236,0.11400435,4333815.840058059,-455502.3996515776,0.0
4312,130.666,47.0,-6.0,2024-10-01 06:00:00,-0.13535465,0.11014996,4333815.840058059,-455502.3996515776,0.0
4492,155.8507,47.0,-6.0,2024-10-01 06:00:00,-0.15201928,0.12603322,4333815.840058059,-455502.3996515776,0.0
4672,186.1256,47.0,-6.0,2024-10-01 06:00:00,-0.14031662,0.12666297,4333815.840058059,-455502.3996515776,0.0
4852,222.4752,47.0,-6.0,2024-10-01 06:00:00,-0.13321956,0.12681362,4333815.840058059,-455502.3996515776,0.0
5032,266.0403,47.0,-6.0,2024-10-01 06:00:00,-0.13102567,0.12614493,4333815.840058059,-455502.3996515776,0.0
5212,318.1274,47.0,-6.0,2024-10-01 06:00:00,-0.13985088,0.13819419,4333815.840058059,-455502.3996515776,0.0
5392,380.213,47.0,-6.0,2024-10-01 06:00:00,-0.14740562,0.16881545,4333815.840058059,-455502.3996515776,0.0
5572,453.9377,47.0,-6.0,2024-10-01 06:00:00,-0.15113121,0.18299991,4333815.840058059,-455502.3996515776,0.0
5752,541.0889,47.0,-6.0,2024-10-01 06:00:00,-0.13257405,0.1721933,4333815.840058059,-455502.3996515776,0.0
5932,643.5668,47.0,-6.0,2024-10-01 06:00:00,-0.10675092,0.15918168,4333815.840058059,-455502.3996515776,0.0
6112,763.3331,47.0,-6.0,2024-10-01 06:00:00,-0.108101524,0.15230928,4333815.840058059,-455502.3996515776,0.0
6292,902.3393,47.0,-6.0,2024-10-01 06:00:00,-0.11174149,0.124419406,4333815.840058059,-455502.3996515776,0.0
2,0.494025,46.66667,-6.25,2024-10-01 12:00:00,-0.028499568,0.022265568,4358653.3150161095,-477350.1729464703,0.0
182,1.541375,46.66667,-6.25,2024-10-01 12:00:00,-0.026816819,0.026002966,4358653.3150161095,-477350.1729464703,0.0
362,2.645669,46.66667,-6.25,2024-10-01 12:00:00,-0.024928939,0.029504564,4358653.3150161095,-477350.1729464703,0.0
542,3.819495,46.66667,-6.25,2024-10-01 12:00:00,-0.022848453,0.032748275,4358653.3150161095,-477350.1729464703,0.0
722,5.078224,46.66667,-6.25,2024-10-01 12:00:00,-0.020592775,0.035705175,4358653.3150161095,-477350.1729464703,0.0
902,6.440614,46.66667,-6.25,2024-10-01 12:00:00,-0.018167624,0.038363017,4358653.3150161095,-477350.1729464703,0.0
1082,7.92956,46.66667,-6.25,2024-10-01 12:00:00,-0.015545159,0.040734794,4358653.3150161095,-477350.1729464703,0.0
1262,9.572997,46.66667,-6.25,2024-10-01 12:00:00,-0.012651961,0.04284275,4358653.3150161095,-477350.1729464703,0.0
1442,11.405,46.66667,-6.25,2024-10-01 12:00:00,-0.009335316,0.044706535,4358653.3150161095,-477350.1729464703,0.0
1622,13.46714,46.66667,-6.25,2024-10-01 12:00:00,-0.005116208,0.04638765,4358653.3150161095,-477350.1729464703,0.0
1802,15.81007,46.66667,-6.25,2024-10-01 12:00:00,0.0031529116,0.048170067,4358653.3150161095,-477350.1729464703,0.0
1982,18.49556,46.66667,-6.25,2024-10-01 12:00:00,0.030551257,0.033648822,4358653.3150161095,-477350.1729464703,0.0
2162,21.59882,46.66667,-6.25,2024-10-01 12:00:00,0.040245015,-0.017203428,4358653.3150161095,-477350.1729464703,0.0
2342,25.21141,46.66667,-6.25,2024-10-01 12:00:00,0.021443794,-0.035085913,4358653.3150161095,-477350.1729464703,0.0
2522,29.44473,46.66667,-6.25,2024-10-01 12:00:00,0.014839037,-0.043996938,4358653.3150161095,-477350.1729464703,0.0
2702,34.43415,46.66667,-6.25,2024-10-01 12:00:00,0.011470668,-0.05613957,4358653.3150161095,-477350.1729464703,0.0
2882,40.34405,46.66667,-6.25,2024-10-01 12:00:00,-0.0019449256,-0.06698651,4358653.3150161095,-477350.1729464703,0.0
3062,47.37369,46.66667,-6.25,2024-10-01 12:00:00,-0.061147317,-0.045371987,4358653.3150161095,-477350.1729464703,0.0
3242,55.76429,46.66667,-6.25,2024-10-01 12:00:00,-0.089251995,0.015623612,4358653.3150161095,-477350.1729464703,0.0
3422,65.80727,46.66667,-6.25,2024-10-01 12:00:00,-0.07384349,0.022173306,4358653.3150161095,-477350.1729464703,0.0
3602,77.85385,46.66667,-6.25,2024-10-01 12:00:00,-0.07684608,0.011307597,4358653.3150161095,-477350.1729464703,0.0
3782,92.32607,46.66667,-6.25,2024-10-01 12:00:00,-0.084502414,0.0007425444,4358653.3150161095,-477350.1729464703,0.0
3962,109.7293,46.66667,-6.25,2024-10-01 12:00:00,-0.09270283,-0.008784089,4358653.3150161095,-477350.1729464703,0.0
4142,130.666,46.66667,-6.25,2024-10-01 12:00:00,-0.09684169,-0.021742873,4358653.3150161095,-477350.1729464703,0.0
4322,155.8507,46.66667,-6.25,2024-10-01 12:00:00,-0.100145146,-0.024392217,4358653.3150161095,-477350.1729464703,0.0
4502,186.1256,46.66667,-6.25,2024-10-01 12:00:00,-0.101443216,-0.033729024,4358653.3150161095,-477350.1729464703,0.0
4682,222.4752,46.66667,-6.25,2024-10-01 12:00:00,-0.0920468,-0.045211885,4358653.3150161095,-477350.1729464703,0.0
4862,266.0403,46.66667,-6.25,2024-10-01 12:00:00,-0.08698634,-0.039201144,4358653.3150161095,-477350.1729464703,0.0
5042,318.1274,46.66667,-6.25,2024-10-01 12:00:00,-0.07752271,-0.026862819,4358653.3150161095,-477350.1729464703,0.0
5222,380.213,46.66667,-6.25,2024-10-01 12:00:00,-0.0576085,-0.005666079,4358653.3150161095,-477350.1729464703,0.0
5402,453.9377,46.66667,-6.25,2024-10-01 12:00:00,-0.04276628,0.008505199,4358653.3150161095,-477350.1729464703,0.0
5582,541.0889,46.66667,-6.25,2024-10-01 12:00:00,-0.044756044,-0.0036063548,4358653.3150161095,-477350.1729464703,0.0
5762,643.5668,46.66667,-6.25,2024-10-01 12:00:00,-0.049647354,-0.010614703,4358653.3150161095,-477350.1729464703,0.0
5942,763.3331,46.66667,-6.25,2024-10-01 12:00:00,-0.036492463,0.006838152,4358653.3150161095,-477350.1729464703,0.0
6122,902.3393,46.66667,-6.25,2024-10-01 12:00:00,0.021028953,0.045907695,4358653.3150161095,-477350.1729464703,0.0
11,0.494025,46.66667,-6.1666565,2024-10-01 12:00:00,-0.044644482,0.06263468,4359343.065935845,-471009.49203812674,0.0
191,1.541375,46.66667,-6.1666565,2024-10-01 12:00:00,-0.043086063,0.066377774,4359343.065935845,-471009.49203812674,0.0
371,2.645669,46.66667,-6.1666565,2024-10-01 12:00:00,-0.041367818,0.06988999,4359343.065935845,-471009.49203812674,0.0
551,3.819495,46.66667,-6.1666565,2024-10-01 12:00:00,-0.03950085,0.07315195,4359343.065935845,-471009.49203812674,0.0
731,5.078224,46.66667,-6.1666565,2024-10-01 12:00:00,-0.03749848,0.07613895,4359343.065935845,-471009.49203812674,0.0
911,6.440614,46.66667,-6.1666565,2024-10-01 12:00:00,-0.03536529,0.07883969,4359343.065935845,-471009.49203812674,0.0
1091,7.92956,46.66667,-6.1666565,2024-10-01 12:00:00,-0.03308051,0.08126517,4359343.065935845,-471009.49203812674,0.0
1271,9.572997,46.66667,-6.1666565,2024-10-01 12:00:00,-0.030586846,0.08343641,4359343.065935845,-471009.49203812674,0.0
1451,11.405,46.66667,-6.1666565,2024-10-01 12:00:00,-0.027765004,0.08537431,4359343.065935845,-471009.49203812674,0.0
1631,13.46714,46.66667,-6.1666565,2024-10-01 12:00:00,-0.02426911,0.08715224,4359343.065935845,-471009.49203812674,0.0
1811,15.81007,46.66667,-6.1666565,2024-10-01 12:00:00,-0.01817126,0.08917568,4359343.065935845,-471009.49203812674,0.0
1991,18.49556,46.66667,-6.1666565,2024-10-01 12:00:00,0.0029808523,0.0709038,4359343.065935845,-471009.49203812674,0.0
2171,21.59882,46.66667,-6.1666565,2024-10-01 12:00:00,0.033634968,0.010232196,4359343.065935845,-471009.49203812674,0.0
2351,25.21141,46.66667,-6.1666565,2024-10-01 12:00:00,0.01625804,-0.006345615,4359343.065935845,-471009.49203812674,0.0
2531,29.44473,46.66667,-6.1666565,2024-10-01 12:00:00,-0.005530311,-0.017043777,4359343.065935845,-471009.49203812674,0.0
2711,34.43415,46.66667,-6.1666565,2024-10-01 12:00:00,-0.017076682,-0.034147136,4359343.065935845,-471009.49203812674,0.0
2891,40.34405,46.66667,-6.1666565,2024-10-01 12:00:00,-0.041222803,-0.06372506,4359343.065935845,-471009.49203812674,0.0
3071,47.37369,46.66667,-6.1666565,2024-10-01 12:00:00,-0.11810538,-0.012364122,4359343.065935845,-471009.49203812674,0.0
3251,55.76429,46.66667,-6.1666565,2024-10-01 12:00:00,-0.10046955,0.04083382,4359343.065935845,-471009.49203812674,0.0
3431,65.80727,46.66667,-6.1666565,2024-10-01 12:00:00,-0.0878624,0.042437207,4359343.065935845,-471009.49203812674,0.0
3611,77.85385,46.66667,-6.1666565,2024-10-01 12:00:00,-0.09155913,0.03128644,4359343.065935845,-471009.49203812674,0.0
3791,92.32607,46.66667,-6.1666565,2024-10-01 12:00:00,-0.10472017,0.019847438,4359343.065935845,-471009.49203812674,0.0
3971,109.7293,46.66667,-6.1666565,2024-10-01 12:00:00,-0.11478511,0.0094724875,4359343.065935845,-471009.49203812674,0.0
4151,130.666,46.66667,-6.1666565,2024-10-01 12:00:00,-0.10889705,0.00091781747,4359343.065935845,-471009.49203812674,0.0
4331,155.8507,46.66667,-6.1666565,2024-10-01 12:00:00,-0.104960404,0.0023833173,4359343.065935845,-471009.49203812674,0.0
4511,186.1256,46.66667,-6.1666565,2024-10-01 12:00:00,-0.089143805,0.010915998,4359343.065935845,-471009.49203812674,0.0
4691,222.4752,46.66667,-6.1666565,2024-10-01 12:00:00,-0.05553758,0.019315138,4359343.065935845,-471009.49203812674,0.0
4871,266.0403,46.66667,-6.1666565,2024-10-01 12:00:00,-0.03918021,0.036705703,4359343.065935845,-471009.49203812674,0.0
5051,318.1274,46.66667,-6.1666565,2024-10-01 12:00:00,-0.03174745,0.0456833,4359343.065935845,-471009.49203812674,0.0
5231,380.213,46.66667,-6.1666565,2024-10-01 12:00:00,-0.045069896,0.040929373,4359343.065935845,-471009.49203812674,0.0
5411,453.9377,46.66667,-6.1666565,2024-10-01 12:00:00,-0.053175703,0.0409437,4359343.065935845,-471009.49203812674,0.0
5591,541.0889,46.66667,-6.1666565,2024-10-01 12:00:00,-0.053356163,0.03708511,4359343.065935845,-471009.49203812674,0.0
5771,643.5668,46.66667,-6.1666565,2024-10-01 12:00:00,-0.05825794,0.025490189,4359343.065935845,-471009.49203812674,0.0
5951,763.3331,46.66667,-6.1666565,2024-10-01 12:00:00,-0.0284805,0.039540127,4359343.065935845,-471009.49203812674,0.0
6131,902.3393,46.66667,-6.1666565,2024-10-01 12:00:00,-0.0057310527,0.06954366,4359343.065935845,-471009.49203812674,0.0
20,0.494025,46.66667,-6.0833282,2024-10-01 12:00:00,-0.05534814,0.050310038,4360023.469108121,-464668.9756583009,0.0
200,1.541375,46.66667,-6.0833282,2024-10-01 12:00:00,-0.053870883,0.0540866,4360023.469108121,-464668.9756583009,0.0
380,2.645669,46.66667,-6.0833282,2024-10-01 12:00:00,-0.052254215,0.057682347,4360023.469108121,-464668.9756583009,0.0
560,3.819495,46.66667,-6.0833282,2024-10-01 12:00:00,-0.050503567,0.061081823,4360023.469108121,-464668.9756583009,0.0
740,5.078224,46.66667,-6.0833282,2024-10-01 12:00:00,-0.048623852,0.06426488,4360023.469108121,-464668.9756583009,0.0
920,6.440614,46.66667,-6.0833282,2024-10-01 12:00:00,-0.04661425,0.06721947,4360023.469108121,-464668.9756583009,0.0
1100,7.92956,46.66667,-6.0833282,2024-10-01 12:00:00,-0.044457074,0.06995106,4360023.469108121,-464668.9756583009,0.0
1280,9.572997,46.66667,-6.0833282,2024-10-01 12:00:00,-0.042111713,0.072473995,4360023.469108121,-464668.9756583009,0.0
1460,11.405,46.66667,-6.0833282,2024-10-01 12:00:00,-0.039511368,0.074796885,4360023.469108121,-464668.9756583009,0.0
1640,13.46714,46.66667,-6.0833282,2024-10-01 12:00:00,-0.03653904,0.076922454,4360023.469108121,-464668.9756583009,0.0
1820,15.81007,46.66667,-6.0833282,2024-10-01 12:00:00,-0.032863088,0.07892687,4360023.469108121,-464668.9756583009,0.0
2000,18.49556,46.66667,-6.0833282,2024-10-01 12:00:00,-0.027769294,0.08048394,4360023.469108121,-464668.9756583009,0.0
2180,21.59882,46.66667,-6.0833282,2024-10-01 12:00:00,-0.023778625,0.06080077,4360023.469108121,-464668.9756583009,0.0
2360,25.21141,46.66667,-6.0833282,2024-10-01 12:00:00,-0.02151877,0.044969447,4360023.469108121,-464668.9756583009,0.0
2540,29.44473,46.66667,-6.0833282,2024-10-01 12:00:00,-0.01903424,0.025968868,4360023.469108121,-464668.9756583009,0.0
2720,34.43415,46.66667,-6.0833282,2024-10-01 12:00:00,0.004132961,-0.0018824706,4360023.469108121,-464668.9756583009,0.0
2900,40.34405,46.66667,-6.0833282,2024-10-01 12:00:00,-0.040695895,-0.04690482,4360023.469108121,-464668.9756583009,0.0
3080,47.37369,46.66667,-6.0833282,2024-10-01 12:00:00,-0.12954825,0.04005117,4360023.469108121,-464668.9756583009,0.0
3260,55.76429,46.66667,-6.0833282,2024-10-01 12:00:00,-0.10369438,0.07754329,4360023.469108121,-464668.9756583009,0.0
3440,65.80727,46.66667,-6.0833282,2024-10-01 12:00:00,-0.08790788,0.07145211,4360023.469108121,-464668.9756583009,0.0
3620,77.85385,46.66667,-6.0833282,2024-10-01 12:00:00,-0.09000771,0.062117513,4360023.469108121,-464668.9756583009,0.0
3800,92.32607,46.66667,-6.0833282,2024-10-01 12:00:00,-0.09559218,0.058321245,4360023.469108121,-464668.9756583009,0.0
3980,109.7293,46.66667,-6.0833282,2024-10-01 12:00:00,-0.100331336,0.054861795,4360023.469108121,-464668.9756583009,0.0
4160,130.666,46.66667,-6.0833282,2024-10-01 12:00:00,-0.09506919,0.05117686,4360023.469108121,-464668.9756583009,0.0
4340,155.8507,46.66667,-6.0833282,2024-10-01 12:00:00,-0.090681374,0.05629505,4360023.469108121,-464668.9756583009,0.0
4520,186.1256,46.66667,-6.0833282,2024-10-01 12:00:00,-0.081700124,0.066993006,4360023.469108121,-464668.9756583009,0.0
4700,222.4752,46.66667,-6.0833282,2024-10-01 12:00:00,-0.0765721,0.06494669,4360023.469108121,-464668.9756583009,0.0
4880,266.0403,46.66667,-6.0833282,2024-10-01 12:00:00,-0.07213512,0.06548527,4360023.469108121,-464668.9756583009,0.0
5060,318.1274,46.66667,-6.0833282,2024-10-01 12:00:00,-0.07857073,0.066127434,4360023.469108121,-464668.9756583009,0.0
5240,380.213,46.66667,-6.0833282,2024-10-01 12:00:00,-0.07659426,0.0628661,4360023.469108121,-464668.9756583009,0.0
5420,453.9377,46.66667,-6.0833282,2024-10-01 12:00:00,-0.06963662,0.06338756,4360023.469108121,-464668.9756583009,0.0
5600,541.0889,46.66667,-6.0833282,2024-10-01 12:00:00,-0.07576397,0.059578624,4360023.469108121,-464668.9756583009,0.0
5780,643.5668,46.66667,-6.0833282,2024-10-01 12:00:00,-0.08169888,0.06642666,4360023.469108121,-464668.9756583009,0.0
5960,763.3331,46.66667,-6.0833282,2024-10-01 12:00:00,-0.04144556,0.07968686,4360023.469108121,-464668.9756583009,0.0
6140,902.3393,46.66667,-6.0833282,2024-10-01 12:00:00,-0.00224302,0.08988614,4360023.469108121,-464668.9756583009,0.0
29,0.494025,46.66667,-6.0,2024-10-01 12:00:00,-0.05387271,0.035152383,4360694.650219674,-458327.4764384654,0.0
209,1.541375,46.66667,-6.0,2024-10-01 12:00:00,-0.052438833,0.038943794,4360694.650219674,-458327.4764384654,0.0
389,2.645669,46.66667,-6.0,2024-10-01 12:00:00,-0.05087321,0.042606816,4360694.650219674,-458327.4764384654,0.0
569,3.819495,46.66667,-6.0,2024-10-01 12:00:00,-0.049181186,0.046128,4360694.650219674,-458327.4764384654,0.0
749,5.078224,46.66667,-6.0,2024-10-01 12:00:00,-0.047364194,0.049495086,4360694.650219674,-458327.4764384654,0.0
929,6.440614,46.66667,-6.0,2024-10-01 12:00:00,-0.04542021,0.05270034,4360694.650219674,-458327.4764384654,0.0
1109,7.92956,46.66667,-6.0,2024-10-01 12:00:00,-0.043336816,0.055749726,4360694.650219674,-458327.4764384654,0.0
1289,9.572997,46.66667,-6.0,2024-10-01 12:00:00,-0.041088548,0.058658436,4360694.650219674,-458327.4764384654,0.0
1469,11.405,46.66667,-6.0,2024-10-01 12:00:00,-0.03864197,0.06143643,4360694.650219674,-458327.4764384654,0.0
1649,13.46714,46.66667,-6.0,2024-10-01 12:00:00,-0.03596516,0.064075075,4360694.650219674,-458327.4764384654,0.0
1829,15.81007,46.66667,-6.0,2024-10-01 12:00:00,-0.033033058,0.066540785,4360694.650219674,-458327.4764384654,0.0
2009,18.49556,46.66667,-6.0,2024-10-01 12:00:00,-0.029845726,0.06877507,4360694.650219674,-458327.4764384654,0.0
2189,21.59882,46.66667,-6.0,2024-10-01 12:00:00,-0.026581943,0.070517756,4360694.650219674,-458327.4764384654,0.0
2369,25.21141,46.66667,-6.0,2024-10-01 12:00:00,-0.023378383,0.07161382,4360694.650219674,-458327.4764384654,0.0
2549,29.44473,46.66667,-6.0,2024-10-01 12:00:00,-0.019428616,0.07200718,4360694.650219674,-458327.4764384654,0.0
2729,34.43415,46.66667,-6.0,2024-10-01 12:00:00,-0.0082854275,0.051247258,4360694.650219674,-458327.4764384654,0.0
2909,40.34405,46.66667,-6.0,2024-10-01 12:00:00,-0.023616768,-0.0120587805,4360694.650219674,-458327.4764384654,0.0
3089,47.37369,46.66667,-6.0,2024-10-01 12:00:00,-0.111741036,0.091393195,4360694.650219674,-458327.4764384654,0.0
3269,55.76429,46.66667,-6.0,2024-10-01 12:00:00,-0.08720408,0.11272338,4360694.650219674,-458327.4764384654,0.0
3449,65.80727,46.66667,-6.0,2024-10-01 12:00:00,-0.07536472,0.10639886,4360694.650219674,-458327.4764384654,0.0
3629,77.85385,46.66667,-6.0,2024-10-01 12:00:00,-0.08125396,0.10286886,4360694.650219674,-458327.4764384654,0.0
3809,92.32607,46.66667,-6.0,2024-10-01 12:00:00,-0.08993371,0.10304571,4360694.650219674,-458327.4764384654,0.0
3989,109.7293,46.66667,-6.0,2024-10-01 12:00:00,-0.0966874,0.100828305,4360694.650219674,-458327.4764384654,0.0
4169,130.666,46.66667,-6.0,2024-10-01 12:00:00,-0.09822835,0.09645134,4360694.650219674,-458327.4764384654,0.0
4349,155.8507,46.66667,-6.0,2024-10-01 12:00:00,-0.10520291,0.097140655,4360694.650219674,-458327.4764384654,0.0
4529,186.1256,46.66667,-6.0,2024-10-01 12:00:00,-0.10346487,0.0885695,4360694.650219674,-458327.4764384654,0.0
4709,222.4752,46.66667,-6.0,2024-10-01 12:00:00,-0.09463436,0.07217811,4360694.650219674,-458327.4764384654,0.0
4889,266.0403,46.66667,-6.0,2024-10-01 12:00:00,-0.08598348,0.0579079,4360694.650219674,-458327.4764384654,0.0
5069,318.1274,46.66667,-6.0,2024-10-01 12:00:00,-0.09146159,0.055657133,4360694.650219674,-458327.4764384654,0.0
5249,380.213,46.66667,-6.0,2024-10-01 12:00:00,-0.09527571,0.057093203,4360694.650219674,-458327.4764384654,0.0
5429,453.9377,46.66667,-6.0,2024-10-01 12:00:00,-0.08502459,0.06125904,4360694.650219674,-458327.4764384654,0.0
5609,541.0889,46.66667,-6.0,2024-10-01 12:00:00,-0.08612292,0.075649016,4360694.650219674,-458327.4764384654,0.0
5789,643.5668,46.66667,-6.0,2024-10-01 12:00:00,-0.10102075,0.08871554,4360694.650219674,-458327.4764384654,0.0
5969,763.3331,46.66667,-6.0,2024-10-01 12:00:00,-0.052095473,0.102874085,4360694.650219674,-458327.4764384654,0.0
6149,902.3393,46.66667,-6.0,2024-10-01 12:00:00,-0.022559248,0.11643814,4360694.650219674,-458327.4764384654,0.0
38,0.494025,46.75,-6.25,2024-10-01 12:00:00,-0.035951607,-0.006764479,4351950.96357759,-476616.1460837916,0.0
218,1.541375,46.75,-6.25,2024-10-01 12:00:00,-0.0342375,-0.0028578732,4351950.96357759,-476616.1460837916,0.0
398,2.645669,46.75,-6.25,2024-10-01 12:00:00,-0.03232318,0.0008893111,4351950.96357759,-476616.1460837916,0.0
578,3.819495,46.75,-6.25,2024-10-01 12:00:00,-0.030224646,0.0044366196,4351950.96357759,-476616.1460837916,0.0
758,5.078224,46.75,-6.25,2024-10-01 12:00:00,-0.0279683,0.007730046,4351950.96357759,-476616.1460837916,0.0
938,6.440614,46.75,-6.25,2024-10-01 12:00:00,-0.025560517,0.01075225,4351950.96357759,-476616.1460837916,0.0
1118,7.92956,46.75,-6.25,2024-10-01 12:00:00,-0.022966217,0.013527159,4351950.96357759,-476616.1460837916,0.0
1298,9.572997,46.75,-6.25,2024-10-01 12:00:00,-0.020112501,0.016084513,4351950.96357759,-476616.1460837916,0.0
1478,11.405,46.75,-6.25,2024-10-01 12:00:00,-0.016868131,0.018446036,4351950.96357759,-476616.1460837916,0.0
1658,13.46714,46.75,-6.25,2024-10-01 12:00:00,-0.012844699,0.020666892,4351950.96357759,-476616.1460837916,0.0
1838,15.81007,46.75,-6.25,2024-10-01 12:00:00,-0.006208864,0.0230186,4351950.96357759,-476616.1460837916,0.0
2018,18.49556,46.75,-6.25,2024-10-01 12:00:00,0.0057887714,0.022062536,4351950.96357759,-476616.1460837916,0.0
2198,21.59882,46.75,-6.25,2024-10-01 12:00:00,0.021171136,0.0073311315,4351950.96357759,-476616.1460837916,0.0
2378,25.21141,46.75,-6.25,2024-10-01 12:00:00,0.03524366,-0.0044304496,4351950.96357759,-476616.1460837916,0.0
2558,29.44473,46.75,-6.25,2024-10-01 12:00:00,0.037261218,-0.01910412,4351950.96357759,-476616.1460837916,0.0
2738,34.43415,46.75,-6.25,2024-10-01 12:00:00,0.034626484,-0.031557623,4351950.96357759,-476616.1460837916,0.0
2918,40.34405,46.75,-6.25,2024-10-01 12:00:00,0.024161078,-0.030865548,4351950.96357759,-476616.1460837916,0.0
3098,47.37369,46.75,-6.25,2024-10-01 12:00:00,-0.009966287,-0.023816451,4351950.96357759,-476616.1460837916,0.0
3278,55.76429,46.75,-6.25,2024-10-01 12:00:00,-0.044535853,0.056475624,4351950.96357759,-476616.1460837916,0.0
3458,65.80727,46.75,-6.25,2024-10-01 12:00:00,-0.033291653,0.07082447,4351950.96357759,-476616.1460837916,0.0
3638,77.85385,46.75,-6.25,2024-10-01 12:00:00,-0.041557636,0.06402239,4351950.96357759,-476616.1460837916,0.0
3818,92.32607,46.75,-6.25,2024-10-01 12:00:00,-0.05187988,0.060164433,4351950.96357759,-476616.1460837916,0.0
3998,109.7293,46.75,-6.25,2024-10-01 12:00:00,-0.055054165,0.05484175,4351950.96357759,-476616.1460837916,0.0
4178,130.666,46.75,-6.25,2024-10-01 12:00:00,-0.049191725,0.040422447,4351950.96357759,-476616.1460837916,0.0
4358,155.8507,46.75,-6.25,2024-10-01 12:00:00,-0.043258548,0.026849274,4351950.96357759,-476616.1460837916,0.0
4538,186.1256,46.75,-6.25,2024-10-01 12:00:00,-0.046818037,-0.0031390695,4351950.96357759,-476616.1460837916,0.0
4718,222.4752,46.75,-6.25,2024-10-01 12:00:00,-0.061144594,-0.0412835,4351950.96357759,-476616.1460837916,0.0
4898,266.0403,46.75,-6.25,2024-10-01 12:00:00,-0.06264247,-0.054861847,4351950.96357759,-476616.1460837916,0.0
5078,318.1274,46.75,-6.25,2024-10-01 12:00:00,-0.05162328,-0.04296307,4351950.96357759,-476616.1460837916,0.0
5258,380.213,46.75,-6.25,2024-10-01 12:00:00,-0.036946066,0.00076654705,4351950.96357759,-476616.1460837916,0.0
5438,453.9377,46.75,-6.25,2024-10-01 12:00:00,-0.032119714,0.027487345,4351950.96357759,-476616.1460837916,0.0
5618,541.0889,46.75,-6.25,2024-10-01 12:00:00,-0.036727536,0.019192526,4351950.96357759,-476616.1460837916,0.0
5798,643.5668,46.75,-6.25,2024-10-01 12:00:00,-0.04081819,0.015327977,4351950.96357759,-476616.1460837916,0.0
5978,763.3331,46.75,-6.25,2024-10-01 12:00:00,-0.02933861,0.024322629,4351950.96357759,-476616.1460837916,0.0
6158,902.3393,46.75,-6.25,2024-10-01 12:00:00,-0.017563736,0.038882166,4351950.96357759,-476616.1460837916,0.0
47,0.494025,46.75,-6.1666565,2024-10-01 12:00:00,-0.02494018,0.060106207,4352639.653859386,-470285.21531356085,0.0
227,1.541375,46.75,-6.1666565,2024-10-01 12:00:00,-0.023277901,0.06395379,4352639.653859386,-470285.21531356085,0.0
407,2.645669,46.75,-6.1666565,2024-10-01 12:00:00,-0.021406356,0.06759093,4352639.653859386,-470285.21531356085,0.0
587,3.819495,46.75,-6.1666565,2024-10-01 12:00:00,-0.019342113,0.070981234,4352639.653859386,-470285.21531356085,0.0
767,5.078224,46.75,-6.1666565,2024-10-01 12:00:00,-0.017110398,0.07407778,4352639.653859386,-470285.21531356085,0.0
947,6.440614,46.75,-6.1666565,2024-10-01 12:00:00,-0.014719404,0.07686414,4352639.653859386,-470285.21531356085,0.0
1127,7.92956,46.75,-6.1666565,2024-10-01 12:00:00,-0.012138229,0.07935954,4352639.653859386,-470285.21531356085,0.0
1307,9.572997,46.75,-6.1666565,2024-10-01 12:00:00,-0.009295279,0.081588715,4352639.653859386,-470285.21531356085,0.0
1487,11.405,46.75,-6.1666565,2024-10-01 12:00:00,-0.00604924,0.08356974,4352639.653859386,-470285.21531356085,0.0
1667,13.46714,46.75,-6.1666565,2024-10-01 12:00:00,-0.0018988233,0.08538761,4352639.653859386,-470285.21531356085,0.0
1847,15.81007,46.75,-6.1666565,2024-10-01 12:00:00,0.0063741067,0.08733107,4352639.653859386,-470285.21531356085,0.0
2027,18.49556,46.75,-6.1666565,2024-10-01 12:00:00,0.048377924,0.07731188,4352639.653859386,-470285.21531356085,0.0
2207,21.59882,46.75,-6.1666565,2024-10-01 12:00:00,0.038612828,0.018773424,4352639.653859386,-470285.21531356085,0.0
2387,25.21141,46.75,-6.1666565,2024-10-01 12:00:00,0.015047353,-0.00033519603,4352639.653859386,-470285.21531356085,0.0
2567,29.44473,46.75,-6.1666565,2024-10-01 12:00:00,0.0071102334,-0.0024492964,4352639.653859386,-470285.21531356085,0.0
2747,34.43415,46.75,-6.1666565,2024-10-01 12:00:00,0.00976208,-0.0030486896,4352639.653859386,-470285.21531356085,0.0
2927,40.34405,46.75,-6.1666565,2024-10-01 12:00:00,-0.00843594,-0.013071193,4352639.653859386,-470285.21531356085,0.0
3107,47.37369,46.75,-6.1666565,2024-10-01 12:00:00,-0.06614841,0.0064133527,4352639.653859386,-470285.21531356085,0.0
3287,55.76429,46.75,-6.1666565,2024-10-01 12:00:00,-0.061475296,0.07430899,4352639.653859386,-470285.21531356085,0.0
3467,65.80727,46.75,-6.1666565,2024-10-01 12:00:00,-0.048600547,0.0742546,4352639.653859386,-470285.21531356085,0.0
3647,77.85385,46.75,-6.1666565,2024-10-01 12:00:00,-0.054098237,0.061261058,4352639.653859386,-470285.21531356085,0.0
3827,92.32607,46.75,-6.1666565,2024-10-01 12:00:00,-0.06572927,0.05163091,4352639.653859386,-470285.21531356085,0.0
4007,109.7293,46.75,-6.1666565,2024-10-01 12:00:00,-0.072690636,0.040084768,4352639.653859386,-470285.21531356085,0.0
4187,130.666,46.75,-6.1666565,2024-10-01 12:00:00,-0.07203669,0.025193606,4352639.653859386,-470285.21531356085,0.0
4367,155.8507,46.75,-6.1666565,2024-10-01 12:00:00,-0.06986877,0.015898973,4352639.653859386,-470285.21531356085,0.0
4547,186.1256,46.75,-6.1666565,2024-10-01 12:00:00,-0.067051664,0.010667469,4352639.653859386,-470285.21531356085,0.0
4727,222.4752,46.75,-6.1666565,2024-10-01 12:00:00,-0.058540486,-0.009157439,4352639.653859386,-470285.21531356085,0.0
4907,266.0403,46.75,-6.1666565,2024-10-01 12:00:00,-0.046784405,-0.008276445,4352639.653859386,-470285.21531356085,0.0
5087,318.1274,46.75,-6.1666565,2024-10-01 12:00:00,-0.044095237,0.022428373,4352639.653859386,-470285.21531356085,0.0
5267,380.213,46.75,-6.1666565,2024-10-01 12:00:00,-0.038859036,0.0529975,4352639.653859386,-470285.21531356085,0.0
5447,453.9377,46.75,-6.1666565,2024-10-01 12:00:00,-0.031807438,0.06992121,4352639.653859386,-470285.21531356085,0.0
5627,541.0889,46.75,-6.1666565,2024-10-01 12:00:00,-0.043122943,0.060192414,4352639.653859386,-470285.21531356085,0.0
5807,643.5668,46.75,-6.1666565,2024-10-01 12:00:00,-0.05041903,0.048452195,4352639.653859386,-470285.21531356085,0.0
5987,763.3331,46.75,-6.1666565,2024-10-01 12:00:00,-0.045566067,0.06596729,4352639.653859386,-470285.21531356085,0.0
6167,902.3393,46.75,-6.1666565,2024-10-01 12:00:00,-0.0332582,0.09543011,4352639.653859386,-470285.21531356085,0.0
56,0.494025,46.75,-6.0833282,2024-10-01 12:00:00,-0.034294914,0.09622216,4353319.010767862,-463954.44881885045,0.0
236,1.541375,46.75,-6.0833282,2024-10-01 12:00:00,-0.032702006,0.10005638,4353319.010767862,-463954.44881885045,0.0
416,2.645669,46.75,-6.0833282,2024-10-01 12:00:00,-0.03092806,0.1036845,4353319.010767862,-463954.44881885045,0.0
596,3.819495,46.75,-6.0833282,2024-10-01 12:00:00,-0.028985765,0.10707725,4353319.010767862,-463954.44881885045,0.0
776,5.078224,46.75,-6.0833282,2024-10-01 12:00:00,-0.026893158,0.11019684,4353319.010767862,-463954.44881885045,0.0
956,6.440614,46.75,-6.0833282,2024-10-01 12:00:00,-0.024655387,0.11302708,4353319.010767862,-463954.44881885045,0.0
1136,7.92956,46.75,-6.0833282,2024-10-01 12:00:00,-0.022245316,0.11558236,4353319.010767862,-463954.44881885045,0.0
1316,9.572997,46.75,-6.0833282,2024-10-01 12:00:00,-0.019598689,0.11788519,4353319.010767862,-463954.44881885045,0.0
1496,11.405,46.75,-6.0833282,2024-10-01 12:00:00,-0.016594753,0.119949564,4353319.010767862,-463954.44881885045,0.0
1676,13.46714,46.75,-6.0833282,2024-10-01 12:00:00,-0.012895246,0.1218047,4353319.010767862,-463954.44881885045,0.0
1856,15.81007,46.75,-6.0833282,2024-10-01 12:00:00,-0.006714105,0.12361603,4353319.010767862,-463954.44881885045,0.0
2036,18.49556,46.75,-6.0833282,2024-10-01 12:00:00,0.013425882,0.11794613,4353319.010767862,-463954.44881885045,0.0
2216,21.59882,46.75,-6.0833282,2024-10-01 12:00:00,0.03312013,0.052145146,4353319.010767862,-463954.44881885045,0.0
2396,25.21141,46.75,-6.0833282,2024-10-01 12:00:00,0.028611442,0.023930278,4353319.010767862,-463954.44881885045,0.0
2576,29.44473,46.75,-6.0833282,2024-10-01 12:00:00,0.009586116,0.01890404,4353319.010767862,-463954.44881885045,0.0
2756,34.43415,46.75,-6.0833282,2024-10-01 12:00:00,0.0070978226,0.01683781,4353319.010767862,-463954.44881885045,0.0
2936,40.34405,46.75,-6.0833282,2024-10-01 12:00:00,-0.017715935,-0.026021013,4353319.010767862,-463954.44881885045,0.0
3116,47.37369,46.75,-6.0833282,2024-10-01 12:00:00,-0.105597615,0.031257622,4353319.010767862,-463954.44881885045,0.0
3296,55.76429,46.75,-6.0833282,2024-10-01 12:00:00,-0.07072387,0.087975025,4353319.010767862,-463954.44881885045,0.0
3476,65.80727,46.75,-6.0833282,2024-10-01 12:00:00,-0.051713206,0.08502388,4353319.010767862,-463954.44881885045,0.0
3656,77.85385,46.75,-6.0833282,2024-10-01 12:00:00,-0.05674148,0.074326746,4353319.010767862,-463954.44881885045,0.0
3836,92.32607,46.75,-6.0833282,2024-10-01 12:00:00,-0.07086639,0.05963464,4353319.010767862,-463954.44881885045,0.0
4016,109.7293,46.75,-6.0833282,2024-10-01 12:00:00,-0.077573545,0.044749625,4353319.010767862,-463954.44881885045,0.0
4196,130.666,46.75,-6.0833282,2024-10-01 12:00:00,-0.073720895,0.038961507,4353319.010767862,-463954.44881885045,0.0
4376,155.8507,46.75,-6.0833282,2024-10-01 12:00:00,-0.06973256,0.037851255,4353319.010767862,-463954.44881885045,0.0
4556,186.1256,46.75,-6.0833282,2024-10-01 12:00:00,-0.06352266,0.049794953,4353319.010767862,-463954.44881885045,0.0
4736,222.4752,46.75,-6.0833282,2024-10-01 12:00:00,-0.04326835,0.06754835,4353319.010767862,-463954.44881885045,0.0
4916,266.0403,46.75,-6.0833282,2024-10-01 12:00:00,-0.032128546,0.10831303,4353319.010767862,-463954.44881885045,0.0
5096,318.1274,46.75,-6.0833282,2024-10-01 12:00:00,-0.037658267,0.11230104,4353319.010767862,-463954.44881885045,0.0
5276,380.213,46.75,-6.0833282,2024-10-01 12:00:00,-0.049634308,0.09482561,4353319.010767862,-463954.44881885045,0.0
5456,453.9377,46.75,-6.0833282,2024-10-01 12:00:00,-0.056418166,0.099472545,4353319.010767862,-463954.44881885045,0.0
5636,541.0889,46.75,-6.0833282,2024-10-01 12:00:00,-0.06101026,0.0982457,4353319.010767862,-463954.44881885045,0.0
5816,643.5668,46.75,-6.0833282,2024-10-01 12:00:00,-0.07972534,0.10185103,4353319.010767862,-463954.44881885045,0.0
5996,763.3331,46.75,-6.0833282,2024-10-01 12:00:00,-0.06217267,0.10462838,4353319.010767862,-463954.44881885045,0.0
6176,902.3393,46.75,-6.0833282,2024-10-01 12:00:00,-0.04521396,0.10760581,4353319.010767862,-463954.44881885045,0.0
65,0.494025,46.75,-6.0,2024-10-01 12:00:00,-0.05111605,0.087836355,4353989.159796485,-457622.70099545474,0.0
245,1.541375,46.75,-6.0,2024-10-01 12:00:00,-0.049562637,0.09168565,4353989.159796485,-457622.70099545474,0.0
425,2.645669,46.75,-6.0,2024-10-01 12:00:00,-0.047839586,0.095374905,4353989.159796485,-457622.70099545474,0.0
605,3.819495,46.75,-6.0,2024-10-01 12:00:00,-0.045954846,0.09888184,4353989.159796485,-457622.70099545474,0.0
785,5.078224,46.75,-6.0,2024-10-01 12:00:00,-0.043917786,0.10217913,4353989.159796485,-457622.70099545474,0.0
965,6.440614,46.75,-6.0,2024-10-01 12:00:00,-0.041728344,0.10525316,4353989.159796485,-457622.70099545474,0.0
1145,7.92956,46.75,-6.0,2024-10-01 12:00:00,-0.039360955,0.10811596,4353989.159796485,-457622.70099545474,0.0
1325,9.572997,46.75,-6.0,2024-10-01 12:00:00,-0.036758848,0.11079228,4353989.159796485,-457622.70099545474,0.0
1505,11.405,46.75,-6.0,2024-10-01 12:00:00,-0.033828605,0.11330159,4353989.159796485,-457622.70099545474,0.0
1685,13.46714,46.75,-6.0,2024-10-01 12:00:00,-0.03039123,0.115660295,4353989.159796485,-457622.70099545474,0.0
1865,15.81007,46.75,-6.0,2024-10-01 12:00:00,-0.02588178,0.11794156,4353989.159796485,-457622.70099545474,0.0
2045,18.49556,46.75,-6.0,2024-10-01 12:00:00,-0.018279608,0.12024229,4353989.159796485,-457622.70099545474,0.0
2225,21.59882,46.75,-6.0,2024-10-01 12:00:00,-0.0075256308,0.11839573,4353989.159796485,-457622.70099545474,0.0
2405,25.21141,46.75,-6.0,2024-10-01 12:00:00,0.002794906,0.08896925,4353989.159796485,-457622.70099545474,0.0
2585,29.44473,46.75,-6.0,2024-10-01 12:00:00,0.014828866,0.06270743,4353989.159796485,-457622.70099545474,0.0
2765,34.43415,46.75,-6.0,2024-10-01 12:00:00,0.018331409,0.049822874,4353989.159796485,-457622.70099545474,0.0
2945,40.34405,46.75,-6.0,2024-10-01 12:00:00,0.004938926,-0.025274323,4353989.159796485,-457622.70099545474,0.0
3125,47.37369,46.75,-6.0,2024-10-01 12:00:00,-0.099605635,0.074262016,4353989.159796485,-457622.70099545474,0.0
3305,55.76429,46.75,-6.0,2024-10-01 12:00:00,-0.06493897,0.11969375,4353989.159796485,-457622.70099545474,0.0
3485,65.80727,46.75,-6.0,2024-10-01 12:00:00,-0.043561723,0.110492855,4353989.159796485,-457622.70099545474,0.0
3665,77.85385,46.75,-6.0,2024-10-01 12:00:00,-0.04430813,0.09777581,4353989.159796485,-457622.70099545474,0.0
3845,92.32607,46.75,-6.0,2024-10-01 12:00:00,-0.05304449,0.084375456,4353989.159796485,-457622.70099545474,0.0
4025,109.7293,46.75,-6.0,2024-10-01 12:00:00,-0.055705663,0.07720879,4353989.159796485,-457622.70099545474,0.0
4205,130.666,46.75,-6.0,2024-10-01 12:00:00,-0.057367265,0.08526748,4353989.159796485,-457622.70099545474,0.0
4385,155.8507,46.75,-6.0,2024-10-01 12:00:00,-0.06136343,0.093983434,4353989.159796485,-457622.70099545474,0.0
4565,186.1256,46.75,-6.0,2024-10-01 12:00:00,-0.05740309,0.10983048,4353989.159796485,-457622.70099545474,0.0
4745,222.4752,46.75,-6.0,2024-10-01 12:00:00,-0.0586853,0.10178959,4353989.159796485,-457622.70099545474,0.0
4925,266.0403,46.75,-6.0,2024-10-01 12:00:00,-0.06145703,0.08915224,4353989.159796485,-457622.70099545474,0.0
5105,318.1274,46.75,-6.0,2024-10-01 12:00:00,-0.06806822,0.08050518,4353989.159796485,-457622.70099545474,0.0
5285,380.213,46.75,-6.0,2024-10-01 12:00:00,-0.07557812,0.09075193,4353989.159796485,-457622.70099545474,0.0
5465,453.9377,46.75,-6.0,2024-10-01 12:00:00,-0.079387434,0.08927043,4353989.159796485,-457622.70099545474,0.0
5645,541.0889,46.75,-6.0,2024-10-01 12:00:00,-0.08568158,0.087144665,4353989.159796485,-457622.70099545474,0.0
5825,643.5668,46.75,-6.0,2024-10-01 12:00:00,-0.09827552,0.10252563,4353989.159796485,-457622.70099545474,0.0
6005,763.3331,46.75,-6.0,2024-10-01 12:00:00,-0.07478123,0.12259666,4353989.159796485,-457622.70099545474,0.0
6185,902.3393,46.75,-6.0,2024-10-01 12:00:00,-0.05237687,0.13076541,4353989.159796485,-457622.70099545474,0.0
74,0.494025,46.833336,-6.25,2024-10-01 12:00:00,-0.048889488,-0.0033140949,4345238.723142079,-475881.0361998027,0.0
254,1.541375,46.833336,-6.25,2024-10-01 12:00:00,-0.047191486,0.0007259669,4345238.723142079,-475881.0361998027,0.0
434,2.645669,46.833336,-6.25,2024-10-01 12:00:00,-0.045256663,0.0046421443,4345238.723142079,-475881.0361998027,0.0
614,3.819495,46.833336,-6.25,2024-10-01 12:00:00,-0.04310317,0.008375496,4345238.723142079,-475881.0361998027,0.0
794,5.078224,46.833336,-6.25,2024-10-01 12:00:00,-0.040760558,0.011855209,4345238.723142079,-475881.0361998027,0.0
974,6.440614,46.833336,-6.25,2024-10-01 12:00:00,-0.038224176,0.015063303,4345238.723142079,-475881.0361998027,0.0
1154,7.92956,46.833336,-6.25,2024-10-01 12:00:00,-0.035433363,0.018027881,4345238.723142079,-475881.0361998027,0.0
1334,9.572997,46.833336,-6.25,2024-10-01 12:00:00,-0.03227571,0.020775575,4345238.723142079,-475881.0361998027,0.0
1514,11.405,46.833336,-6.25,2024-10-01 12:00:00,-0.028536642,0.023317873,4345238.723142079,-475881.0361998027,0.0
1694,13.46714,46.833336,-6.25,2024-10-01 12:00:00,-0.02363424,0.025695449,4345238.723142079,-475881.0361998027,0.0
1874,15.81007,46.833336,-6.25,2024-10-01 12:00:00,-0.016873728,0.027962327,4345238.723142079,-475881.0361998027,0.0
2054,18.49556,46.833336,-6.25,2024-10-01 12:00:00,-0.008283924,0.029188968,4345238.723142079,-475881.0361998027,0.0
2234,21.59882,46.833336,-6.25,2024-10-01 12:00:00,0.00020729471,0.026063178,4345238.723142079,-475881.0361998027,0.0
2414,25.21141,46.833336,-6.25,2024-10-01 12:00:00,0.008331255,0.021109205,4345238.723142079,-475881.0361998027,0.0
2594,29.44473,46.833336,-6.25,2024-10-01 12:00:00,0.01638865,0.013111462,4345238.723142079,-475881.0361998027,0.0
2774,34.43415,46.833336,-6.25,2024-10-01 12:00:00,0.02602028,-0.0006175329,4345238.723142079,-475881.0361998027,0.0
2954,40.34405,46.833336,-6.25,2024-10-01 12:00:00,0.027579732,-0.0077367844,4345238.723142079,-475881.0361998027,0.0
3134,47.37369,46.833336,-6.25,2024-10-01 12:00:00,-0.0027838838,-0.00381373,4345238.723142079,-475881.0361998027,0.0
3314,55.76429,46.833336,-6.25,2024-10-01 12:00:00,-0.042089514,0.0972529,4345238.723142079,-475881.0361998027,0.0
3494,65.80727,46.833336,-6.25,2024-10-01 12:00:00,-0.04353516,0.10700039,4345238.723142079,-475881.0361998027,0.0
3674,77.85385,46.833336,-6.25,2024-10-01 12:00:00,-0.051073432,0.10854452,4345238.723142079,-475881.0361998027,0.0
3854,92.32607,46.833336,-6.25,2024-10-01 12:00:00,-0.062318794,0.10506702,4345238.723142079,-475881.0361998027,0.0
4034,109.7293,46.833336,-6.25,2024-10-01 12:00:00,-0.06563586,0.09332729,4345238.723142079,-475881.0361998027,0.0
4214,130.666,46.833336,-6.25,2024-10-01 12:00:00,-0.052748136,0.07320917,4345238.723142079,-475881.0361998027,0.0
4394,155.8507,46.833336,-6.25,2024-10-01 12:00:00,-0.037670713,0.058774278,4345238.723142079,-475881.0361998027,0.0
4574,186.1256,46.833336,-6.25,2024-10-01 12:00:00,-0.045600902,0.031548023,4345238.723142079,-475881.0361998027,0.0
4754,222.4752,46.833336,-6.25,2024-10-01 12:00:00,-0.031123504,-0.004915578,4345238.723142079,-475881.0361998027,0.0
4934,266.0403,46.833336,-6.25,2024-10-01 12:00:00,-0.016203757,-0.026927104,4345238.723142079,-475881.0361998027,0.0
5114,318.1274,46.833336,-6.25,2024-10-01 12:00:00,-0.014433947,-0.016742062,4345238.723142079,-475881.0361998027,0.0
5294,380.213,46.833336,-6.25,2024-10-01 12:00:00,-0.032989983,0.009196724,4345238.723142079,-475881.0361998027,0.0
5474,453.9377,46.833336,-6.25,2024-10-01 12:00:00,-0.04907037,0.03905442,4345238.723142079,-475881.0361998027,0.0
5654,541.0889,46.833336,-6.25,2024-10-01 12:00:00,-0.05494067,0.043216873,4345238.723142079,-475881.0361998027,0.0
5834,643.5668,46.833336,-6.25,2024-10-01 12:00:00,-0.045220297,0.045706946,4345238.723142079,-475881.0361998027,0.0
6014,763.3331,46.833336,-6.25,2024-10-01 12:00:00,-0.048534982,0.05731433,4345238.723142079,-475881.0361998027,0.0
6194,902.3393,46.833336,-6.25,2024-10-01 12:00:00,-0.041517127,0.077289045,4345238.723142079,-475881.0361998027,0.0
83,0.494025,46.833336,-6.1666565,2024-10-01 12:00:00,-0.05537405,0.051164404,4345926.351221016,-469559.8699535443,0.0
263,1.541375,46.833336,-6.1666565,2024-10-01 12:00:00,-0.05372091,0.05515042,4345926.351221016,-469559.8699535443,0.0
443,2.645669,46.833336,-6.1666565,2024-10-01 12:00:00,-0.051837906,0.05897068,4345926.351221016,-469559.8699535443,0.0
623,3.819495,46.833336,-6.1666565,2024-10-01 12:00:00,-0.049747594,0.06257259,4345926.351221016,-469559.8699535443,0.0
803,5.078224,46.833336,-6.1666565,2024-10-01 12:00:00,-0.04748296,0.06589617,4345926.351221016,-469559.8699535443,0.0
983,6.440614,46.833336,-6.1666565,2024-10-01 12:00:00,-0.045044962,0.06893352,4345926.351221016,-469559.8699535443,0.0
1163,7.92956,46.833336,-6.1666565,2024-10-01 12:00:00,-0.04237816,0.07172491,4345926.351221016,-469559.8699535443,0.0
1343,9.572997,46.833336,-6.1666565,2024-10-01 12:00:00,-0.03936438,0.074320585,4345926.351221016,-469559.8699535443,0.0
1523,11.405,46.833336,-6.1666565,2024-10-01 12:00:00,-0.035705525,0.07679944,4345926.351221016,-469559.8699535443,0.0
1703,13.46714,46.833336,-6.1666565,2024-10-01 12:00:00,-0.0299166,0.079510435,4345926.351221016,-469559.8699535443,0.0
1883,15.81007,46.833336,-6.1666565,2024-10-01 12:00:00,-0.015798759,0.08245778,4345926.351221016,-469559.8699535443,0.0
2063,18.49556,46.833336,-6.1666565,2024-10-01 12:00:00,0.012371641,0.078127205,4345926.351221016,-469559.8699535443,0.0
2243,21.59882,46.833336,-6.1666565,2024-10-01 12:00:00,0.022704352,0.052802756,4345926.351221016,-469559.8699535443,0.0
2423,25.21141,46.833336,-6.1666565,2024-10-01 12:00:00,0.01604356,0.034984216,4345926.351221016,-469559.8699535443,0.0
2603,29.44473,46.833336,-6.1666565,2024-10-01 12:00:00,0.010211886,0.019628609,4345926.351221016,-469559.8699535443,0.0
2783,34.43415,46.833336,-6.1666565,2024-10-01 12:00:00,0.01188651,0.0112307845,4345926.351221016,-469559.8699535443,0.0
2963,40.34405,46.833336,-6.1666565,2024-10-01 12:00:00,0.0024367708,0.016879877,4345926.351221016,-469559.8699535443,0.0
3143,47.37369,46.833336,-6.1666565,2024-10-01 12:00:00,-0.050604578,0.032815307,4345926.351221016,-469559.8699535443,0.0
3323,55.76429,46.833336,-6.1666565,2024-10-01 12:00:00,-0.054575674,0.11404629,4345926.351221016,-469559.8699535443,0.0
3503,65.80727,46.833336,-6.1666565,2024-10-01 12:00:00,-0.041664097,0.10384356,4345926.351221016,-469559.8699535443,0.0
3683,77.85385,46.833336,-6.1666565,2024-10-01 12:00:00,-0.045986813,0.084202684,4345926.351221016,-469559.8699535443,0.0
3863,92.32607,46.833336,-6.1666565,2024-10-01 12:00:00,-0.05582601,0.06764222,4345926.351221016,-469559.8699535443,0.0
4043,109.7293,46.833336,-6.1666565,2024-10-01 12:00:00,-0.05974874,0.054809064,4345926.351221016,-469559.8699535443,0.0
4223,130.666,46.833336,-6.1666565,2024-10-01 12:00:00,-0.05974242,0.043893345,4345926.351221016,-469559.8699535443,0.0
4403,155.8507,46.833336,-6.1666565,2024-10-01 12:00:00,-0.05486362,0.039079335,4345926.351221016,-469559.8699535443,0.0
4583,186.1256,46.833336,-6.1666565,2024-10-01 12:00:00,-0.06604564,0.029312529,4345926.351221016,-469559.8699535443,0.0
4763,222.4752,46.833336,-6.1666565,2024-10-01 12:00:00,-0.055019528,0.0094712265,4345926.351221016,-469559.8699535443,0.0
4943,266.0403,46.833336,-6.1666565,2024-10-01 12:00:00,-0.03856924,-0.0025364966,4345926.351221016,-469559.8699535443,0.0
5123,318.1274,46.833336,-6.1666565,2024-10-01 12:00:00,-0.0385924,0.022026103,4345926.351221016,-469559.8699535443,0.0
5303,380.213,46.833336,-6.1666565,2024-10-01 12:00:00,-0.03540333,0.05792796,4345926.351221016,-469559.8699535443,0.0
5483,453.9377,46.833336,-6.1666565,2024-10-01 12:00:00,-0.03806574,0.07275004,4345926.351221016,-469559.8699535443,0.0
5663,541.0889,46.833336,-6.1666565,2024-10-01 12:00:00,-0.057401486,0.06316347,4345926.351221016,-469559.8699535443,0.0
5843,643.5668,46.833336,-6.1666565,2024-10-01 12:00:00,-0.06385972,0.06883006,4345926.351221016,-469559.8699535443,0.0
6023,763.3331,46.833336,-6.1666565,2024-10-01 12:00:00,-0.054857142,0.09719805,4345926.351221016,-469559.8699535443,0.0
6203,902.3393,46.833336,-6.1666565,2024-10-01 12:00:00,-0.06257094,0.12597662,4345926.351221016,-469559.8699535443,0.0
92,0.494025,46.833336,-6.0833282,2024-10-01 12:00:00,-0.04544495,0.10013735,4346604.66032198,-463238.86772943556,0.0
272,1.541375,46.833336,-6.0833282,2024-10-01 12:00:00,-0.04380881,0.104079895,4346604.66032198,-463238.86772943556,0.0
452,2.645669,46.833336,-6.0833282,2024-10-01 12:00:00,-0.041945837,0.10783134,4346604.66032198,-463238.86772943556,0.0
632,3.819495,46.833336,-6.0833282,2024-10-01 12:00:00,-0.03987647,0.11134388,4346604.66032198,-463238.86772943556,0.0
812,5.078224,46.833336,-6.0833282,2024-10-01 12:00:00,-0.037629876,0.11456269,4346604.66032198,-463238.86772943556,0.0
992,6.440614,46.833336,-6.0833282,2024-10-01 12:00:00,-0.035208795,0.11747686,4346604.66032198,-463238.86772943556,0.0
1172,7.92956,46.833336,-6.0833282,2024-10-01 12:00:00,-0.03256416,0.12011895,4346604.66032198,-463238.86772943556,0.0
1352,9.572997,46.833336,-6.0833282,2024-10-01 12:00:00,-0.02958678,0.12253091,4346604.66032198,-463238.86772943556,0.0
1532,11.405,46.833336,-6.0833282,2024-10-01 12:00:00,-0.02601317,0.12478211,4346604.66032198,-463238.86772943556,0.0
1712,13.46714,46.833336,-6.0833282,2024-10-01 12:00:00,-0.020665359,0.12719983,4346604.66032198,-463238.86772943556,0.0
1892,15.81007,46.833336,-6.0833282,2024-10-01 12:00:00,-0.00782497,0.12929957,4346604.66032198,-463238.86772943556,0.0
2072,18.49556,46.833336,-6.0833282,2024-10-01 12:00:00,0.03390538,0.1070904,4346604.66032198,-463238.86772943556,0.0
2252,21.59882,46.833336,-6.0833282,2024-10-01 12:00:00,0.03381,0.046914257,4346604.66032198,-463238.86772943556,0.0
2432,25.21141,46.833336,-6.0833282,2024-10-01 12:00:00,0.006405787,0.03568497,4346604.66032198,-463238.86772943556,0.0
2612,29.44473,46.833336,-6.0833282,2024-10-01 12:00:00,-0.004520677,0.038374234,4346604.66032198,-463238.86772943556,0.0
2792,34.43415,46.833336,-6.0833282,2024-10-01 12:00:00,-0.0002823777,0.03840259,4346604.66032198,-463238.86772943556,0.0
2972,40.34405,46.833336,-6.0833282,2024-10-01 12:00:00,-0.010981783,0.014618358,4346604.66032198,-463238.86772943556,0.0
3152,47.37369,46.833336,-6.0833282,2024-10-01 12:00:00,-0.09787914,0.06107396,4346604.66032198,-463238.86772943556,0.0
3332,55.76429,46.833336,-6.0833282,2024-10-01 12:00:00,-0.07135783,0.12964565,4346604.66032198,-463238.86772943556,0.0
3512,65.80727,46.833336,-6.0833282,2024-10-01 12:00:00,-0.04968626,0.11619155,4346604.66032198,-463238.86772943556,0.0
3692,77.85385,46.833336,-6.0833282,2024-10-01 12:00:00,-0.049191352,0.09896821,4346604.66032198,-463238.86772943556,0.0
3872,92.32607,46.833336,-6.0833282,2024-10-01 12:00:00,-0.06052561,0.078221455,4346604.66032198,-463238.86772943556,0.0
4052,109.7293,46.833336,-6.0833282,2024-10-01 12:00:00,-0.06694119,0.060186744,4346604.66032198,-463238.86772943556,0.0
4232,130.666,46.833336,-6.0833282,2024-10-01 12:00:00,-0.0692244,0.05168146,4346604.66032198,-463238.86772943556,0.0
4412,155.8507,46.833336,-6.0833282,2024-10-01 12:00:00,-0.073534764,0.04947702,4346604.66032198,-463238.86772943556,0.0
4592,186.1256,46.833336,-6.0833282,2024-10-01 12:00:00,-0.07434124,0.047761858,4346604.66032198,-463238.86772943556,0.0
4772,222.4752,46.833336,-6.0833282,2024-10-01 12:00:00,-0.05573563,0.059392836,4346604.66032198,-463238.86772943556,0.0
4952,266.0403,46.833336,-6.0833282,2024-10-01 12:00:00,-0.041092496,0.09186567,4346604.66032198,-463238.86772943556,0.0
5132,318.1274,46.833336,-6.0833282,2024-10-01 12:00:00,-0.03157515,0.115521014,4346604.66032198,-463238.86772943556,0.0
5312,380.213,46.833336,-6.0833282,2024-10-01 12:00:00,-0.03486202,0.11433213,4346604.66032198,-463238.86772943556,0.0
5492,453.9377,46.833336,-6.0833282,2024-10-01 12:00:00,-0.035029035,0.121905334,4346604.66032198,-463238.86772943556,0.0
5672,541.0889,46.833336,-6.0833282,2024-10-01 12:00:00,-0.049764507,0.12266808,4346604.66032198,-463238.86772943556,0.0
5852,643.5668,46.833336,-6.0833282,2024-10-01 12:00:00,-0.07233191,0.11478416,4346604.66032198,-463238.86772943556,0.0
6032,763.3331,46.833336,-6.0833282,2024-10-01 12:00:00,-0.07140402,0.12136444,4346604.66032198,-463238.86772943556,0.0
6212,902.3393,46.833336,-6.0833282,2024-10-01 12:00:00,-0.06837925,0.13410631,4346604.66032198,-463238.86772943556,0.0
101,0.494025,46.833336,-6.0,2024-10-01 12:00:00,-0.05934083,0.12793586,4347273.775744883,-456916.88569019584,0.0
281,1.541375,46.833336,-6.0,2024-10-01 12:00:00,-0.057733573,0.13186492,4347273.775744883,-456916.88569019584,0.0
461,2.645669,46.833336,-6.0,2024-10-01 12:00:00,-0.055926338,0.13561147,4347273.775744883,-456916.88569019584,0.0
641,3.819495,46.833336,-6.0,2024-10-01 12:00:00,-0.0539347,0.13913462,4347273.775744883,-456916.88569019584,0.0
821,5.078224,46.833336,-6.0,2024-10-01 12:00:00,-0.051780768,0.1423867,4347273.775744883,-456916.88569019584,0.0
1001,6.440614,46.833336,-6.0,2024-10-01 12:00:00,-0.04946963,0.14535233,4347273.775744883,-456916.88569019584,0.0
1181,7.92956,46.833336,-6.0,2024-10-01 12:00:00,-0.046968423,0.14805374,4347273.775744883,-456916.88569019584,0.0
1361,9.572997,46.833336,-6.0,2024-10-01 12:00:00,-0.044204954,0.1505212,4347273.775744883,-456916.88569019584,0.0
1541,11.405,46.833336,-6.0,2024-10-01 12:00:00,-0.04104089,0.15278019,4347273.775744883,-456916.88569019584,0.0
1721,13.46714,46.833336,-6.0,2024-10-01 12:00:00,-0.037044447,0.15491618,4347273.775744883,-456916.88569019584,0.0
1901,15.81007,46.833336,-6.0,2024-10-01 12:00:00,-0.030379273,0.15722387,4347273.775744883,-456916.88569019584,0.0
2081,18.49556,46.833336,-6.0,2024-10-01 12:00:00,-0.013188299,0.15382221,4347273.775744883,-456916.88569019584,0.0
2261,21.59882,46.833336,-6.0,2024-10-01 12:00:00,0.0026456998,0.10854029,4347273.775744883,-456916.88569019584,0.0
2441,25.21141,46.833336,-6.0,2024-10-01 12:00:00,0.011369061,0.07821251,4347273.775744883,-456916.88569019584,0.0
2621,29.44473,46.833336,-6.0,2024-10-01 12:00:00,0.0026868572,0.064505234,4347273.775744883,-456916.88569019584,0.0
2801,34.43415,46.833336,-6.0,2024-10-01 12:00:00,0.004863526,0.06521062,4347273.775744883,-456916.88569019584,0.0
2981,40.34405,46.833336,-6.0,2024-10-01 12:00:00,-0.0035949515,-0.004921373,4347273.775744883,-456916.88569019584,0.0
3161,47.37369,46.833336,-6.0,2024-10-01 12:00:00,-0.118164375,0.09946495,4347273.775744883,-456916.88569019584,0.0
3341,55.76429,46.833336,-6.0,2024-10-01 12:00:00,-0.08464478,0.1531597,4347273.775744883,-456916.88569019584,0.0
3521,65.80727,46.833336,-6.0,2024-10-01 12:00:00,-0.052461956,0.1447689,4347273.775744883,-456916.88569019584,0.0
3701,77.85385,46.833336,-6.0,2024-10-01 12:00:00,-0.045611814,0.1232707,4347273.775744883,-456916.88569019584,0.0
3881,92.32607,46.833336,-6.0,2024-10-01 12:00:00,-0.052481145,0.09784904,4347273.775744883,-456916.88569019584,0.0
4061,109.7293,46.833336,-6.0,2024-10-01 12:00:00,-0.056293275,0.0808446,4347273.775744883,-456916.88569019584,0.0
4241,130.666,46.833336,-6.0,2024-10-01 12:00:00,-0.06383111,0.079189435,4347273.775744883,-456916.88569019584,0.0
4421,155.8507,46.833336,-6.0,2024-10-01 12:00:00,-0.07884766,0.087065324,4347273.775744883,-456916.88569019584,0.0
4601,186.1256,46.833336,-6.0,2024-10-01 12:00:00,-0.07430366,0.10414111,4347273.775744883,-456916.88569019584,0.0
4781,222.4752,46.833336,-6.0,2024-10-01 12:00:00,-0.060178246,0.12186949,4347273.775744883,-456916.88569019584,0.0
4961,266.0403,46.833336,-6.0,2024-10-01 12:00:00,-0.049314454,0.13166147,4347273.775744883,-456916.88569019584,0.0
5141,318.1274,46.833336,-6.0,2024-10-01 12:00:00,-0.055457912,0.12903738,4347273.775744883,-456916.88569019584,0.0
5321,380.213,46.833336,-6.0,2024-10-01 12:00:00,-0.04858837,0.11993401,4347273.775744883,-456916.88569019584,0.0
5501,453.9377,46.833336,-6.0,2024-10-01 12:00:00,-0.049569532,0.1190469,4347273.775744883,-456916.88569019584,0.0
5681,541.0889,46.833336,-6.0,2024-10-01 12:00:00,-0.056759328,0.110533156,4347273.775744883,-456916.88569019584,0.0
5861,643.5668,46.833336,-6.0,2024-10-01 12:00:00,-0.07699743,0.12035961,4347273.775744883,-456916.88569019584,0.0
6041,763.3331,46.833336,-6.0,2024-10-01 12:00:00,-0.07871972,0.1349673,4347273.775744883,-456916.88569019584,0.0
6221,902.3393,46.833336,-6.0,2024-10-01 12:00:00,-0.06063271,0.12180556,4347273.775744883,-456916.88569019584,0.0
110,0.494025,46.91667,-6.25,2024-10-01 12:00:00,-0.06906664,0.023557134,4338517.220887722,-475144.9119816816,0.0
290,1.541375,46.91667,-6.25,2024-10-01 12:00:00,-0.0673825,0.027743401,4338517.220887722,-475144.9119816816,0.0
470,2.645669,46.91667,-6.25,2024-10-01 12:00:00,-0.06544455,0.031792514,4338517.220887722,-475144.9119816816,0.0
650,3.819495,46.91667,-6.25,2024-10-01 12:00:00,-0.06327245,0.035638444,4338517.220887722,-475144.9119816816,0.0
830,5.078224,46.91667,-6.25,2024-10-01 12:00:00,-0.060890775,0.03921816,4338517.220887722,-475144.9119816816,0.0
1010,6.440614,46.91667,-6.25,2024-10-01 12:00:00,-0.058287192,0.042522505,4338517.220887722,-475144.9119816816,0.0
1190,7.92956,46.91667,-6.25,2024-10-01 12:00:00,-0.055392534,0.045582525,4338517.220887722,-475144.9119816816,0.0
1370,9.572997,46.91667,-6.25,2024-10-01 12:00:00,-0.052086275,0.04841973,4338517.220887722,-475144.9119816816,0.0
1550,11.405,46.91667,-6.25,2024-10-01 12:00:00,-0.048166856,0.051018782,4338517.220887722,-475144.9119816816,0.0
1730,13.46714,46.91667,-6.25,2024-10-01 12:00:00,-0.043219604,0.053315926,4338517.220887722,-475144.9119816816,0.0
1910,15.81007,46.91667,-6.25,2024-10-01 12:00:00,-0.037020773,0.055149674,4338517.220887722,-475144.9119816816,0.0
2090,18.49556,46.91667,-6.25,2024-10-01 12:00:00,-0.029674046,0.056245986,4338517.220887722,-475144.9119816816,0.0
2270,21.59882,46.91667,-6.25,2024-10-01 12:00:00,-0.021948878,0.056268107,4338517.220887722,-475144.9119816816,0.0
2450,25.21141,46.91667,-6.25,2024-10-01 12:00:00,-0.014959382,0.05509062,4338517.220887722,-475144.9119816816,0.0
2630,29.44473,46.91667,-6.25,2024-10-01 12:00:00,-0.009142062,0.05281981,4338517.220887722,-475144.9119816816,0.0
2810,34.43415,46.91667,-6.25,2024-10-01 12:00:00,-0.0039477604,0.04908366,4338517.220887722,-475144.9119816816,0.0
2990,40.34405,46.91667,-6.25,2024-10-01 12:00:00,0.0017277579,0.040814575,4338517.220887722,-475144.9119816816,0.0
3170,47.37369,46.91667,-6.25,2024-10-01 12:00:00,-0.020794256,0.03172977,4338517.220887722,-475144.9119816816,0.0
3350,55.76429,46.91667,-6.25,2024-10-01 12:00:00,-0.055832293,0.12938987,4338517.220887722,-475144.9119816816,0.0
3530,65.80727,46.91667,-6.25,2024-10-01 12:00:00,-0.05552828,0.13109636,4338517.220887722,-475144.9119816816,0.0
3710,77.85385,46.91667,-6.25,2024-10-01 12:00:00,-0.064244255,0.12461547,4338517.220887722,-475144.9119816816,0.0
3890,92.32607,46.91667,-6.25,2024-10-01 12:00:00,-0.07351951,0.116139,4338517.220887722,-475144.9119816816,0.0
4070,109.7293,46.91667,-6.25,2024-10-01 12:00:00,-0.079089254,0.106983006,4338517.220887722,-475144.9119816816,0.0
4250,130.666,46.91667,-6.25,2024-10-01 12:00:00,-0.07370861,0.09198685,4338517.220887722,-475144.9119816816,0.0
4430,155.8507,46.91667,-6.25,2024-10-01 12:00:00,-0.06394617,0.07470426,4338517.220887722,-475144.9119816816,0.0
4610,186.1256,46.91667,-6.25,2024-10-01 12:00:00,-0.062446862,0.047802083,4338517.220887722,-475144.9119816816,0.0
4790,222.4752,46.91667,-6.25,2024-10-01 12:00:00,-0.051971957,0.015385181,4338517.220887722,-475144.9119816816,0.0
4970,266.0403,46.91667,-6.25,2024-10-01 12:00:00,-0.035131212,-0.016376616,4338517.220887722,-475144.9119816816,0.0
5150,318.1274,46.91667,-6.25,2024-10-01 12:00:00,-0.03786174,-0.0123236645,4338517.220887722,-475144.9119816816,0.0
5330,380.213,46.91667,-6.25,2024-10-01 12:00:00,-0.050434794,0.03014687,4338517.220887722,-475144.9119816816,0.0
5510,453.9377,46.91667,-6.25,2024-10-01 12:00:00,-0.049244247,0.06460139,4338517.220887722,-475144.9119816816,0.0
5690,541.0889,46.91667,-6.25,2024-10-01 12:00:00,-0.04882884,0.058276433,4338517.220887722,-475144.9119816816,0.0
5870,643.5668,46.91667,-6.25,2024-10-01 12:00:00,-0.05097467,0.06043843,4338517.220887722,-475144.9119816816,0.0
6050,763.3331,46.91667,-6.25,2024-10-01 12:00:00,-0.052575085,0.08406234,4338517.220887722,-475144.9119816816,0.0
6230,902.3393,46.91667,-6.25,2024-10-01 12:00:00,-0.03579617,0.14365205,4338517.220887722,-475144.9119816816,0.0
119,0.494025,46.91667,-6.1666565,2024-10-01 12:00:00,-0.079353385,0.057817314,4339203.78529813,-468833.52373287774,0.0
299,1.541375,46.91667,-6.1666565,2024-10-01 12:00:00,-0.07772258,0.061948538,4339203.78529813,-468833.52373287774,0.0
479,2.645669,46.91667,-6.1666565,2024-10-01 12:00:00,-0.07585144,0.06591059,4339203.78529813,-468833.52373287774,0.0
659,3.819495,46.91667,-6.1666565,2024-10-01 12:00:00,-0.0737636,0.069639996,4339203.78529813,-468833.52373287774,0.0
839,5.078224,46.91667,-6.1666565,2024-10-01 12:00:00,-0.071487136,0.07307765,4339203.78529813,-468833.52373287774,0.0
1019,6.440614,46.91667,-6.1666565,2024-10-01 12:00:00,-0.069010995,0.07622351,4339203.78529813,-468833.52373287774,0.0
1199,7.92956,46.91667,-6.1666565,2024-10-01 12:00:00,-0.06626025,0.07912365,4339203.78529813,-468833.52373287774,0.0
1379,9.572997,46.91667,-6.1666565,2024-10-01 12:00:00,-0.06308106,0.08182649,4339203.78529813,-468833.52373287774,0.0
1559,11.405,46.91667,-6.1666565,2024-10-01 12:00:00,-0.05908909,0.084381424,4339203.78529813,-468833.52373287774,0.0
1739,13.46714,46.91667,-6.1666565,2024-10-01 12:00:00,-0.052884623,0.086866856,4339203.78529813,-468833.52373287774,0.0
1919,15.81007,46.91667,-6.1666565,2024-10-01 12:00:00,-0.04205851,0.088726126,4339203.78529813,-468833.52373287774,0.0
2099,18.49556,46.91667,-6.1666565,2024-10-01 12:00:00,-0.027148552,0.08789532,4339203.78529813,-468833.52373287774,0.0
2279,21.59882,46.91667,-6.1666565,2024-10-01 12:00:00,-0.01194988,0.08262999,4339203.78529813,-468833.52373287774,0.0
2459,25.21141,46.91667,-6.1666565,2024-10-01 12:00:00,-0.0023534652,0.07330862,4339203.78529813,-468833.52373287774,0.0
2639,29.44473,46.91667,-6.1666565,2024-10-01 12:00:00,-0.0004271262,0.061045527,4339203.78529813,-468833.52373287774,0.0
2819,34.43415,46.91667,-6.1666565,2024-10-01 12:00:00,-0.00096703484,0.045022212,4339203.78529813,-468833.52373287774,0.0
2999,40.34405,46.91667,-6.1666565,2024-10-01 12:00:00,-0.008562424,0.030787997,4339203.78529813,-468833.52373287774,0.0
3179,47.37369,46.91667,-6.1666565,2024-10-01 12:00:00,-0.08165146,0.04951795,4339203.78529813,-468833.52373287774,0.0
3359,55.76429,46.91667,-6.1666565,2024-10-01 12:00:00,-0.08438967,0.14572334,4339203.78529813,-468833.52373287774,0.0
3539,65.80727,46.91667,-6.1666565,2024-10-01 12:00:00,-0.06981346,0.14129364,4339203.78529813,-468833.52373287774,0.0
3719,77.85385,46.91667,-6.1666565,2024-10-01 12:00:00,-0.06634052,0.118609495,4339203.78529813,-468833.52373287774,0.0
3899,92.32607,46.91667,-6.1666565,2024-10-01 12:00:00,-0.0713792,0.09265652,4339203.78529813,-468833.52373287774,0.0
4079,109.7293,46.91667,-6.1666565,2024-10-01 12:00:00,-0.079289846,0.07493137,4339203.78529813,-468833.52373287774,0.0
4259,130.666,46.91667,-6.1666565,2024-10-01 12:00:00,-0.07942564,0.063282885,4339203.78529813,-468833.52373287774,0.0
4439,155.8507,46.91667,-6.1666565,2024-10-01 12:00:00,-0.0753804,0.052183468,4339203.78529813,-468833.52373287774,0.0
4619,186.1256,46.91667,-6.1666565,2024-10-01 12:00:00,-0.07330387,0.046532054,4339203.78529813,-468833.52373287774,0.0
4799,222.4752,46.91667,-6.1666565,2024-10-01 12:00:00,-0.069497325,0.04517166,4339203.78529813,-468833.52373287774,0.0
4979,266.0403,46.91667,-6.1666565,2024-10-01 12:00:00,-0.06269134,0.048550345,4339203.78529813,-468833.52373287774,0.0
5159,318.1274,46.91667,-6.1666565,2024-10-01 12:00:00,-0.06371252,0.055065945,4339203.78529813,-468833.52373287774,0.0
5339,380.213,46.91667,-6.1666565,2024-10-01 12:00:00,-0.0616536,0.05589698,4339203.78529813,-468833.52373287774,0.0
5519,453.9377,46.91667,-6.1666565,2024-10-01 12:00:00,-0.059528556,0.06209529,4339203.78529813,-468833.52373287774,0.0
5699,541.0889,46.91667,-6.1666565,2024-10-01 12:00:00,-0.059811927,0.078406796,4339203.78529813,-468833.52373287774,0.0
5879,643.5668,46.91667,-6.1666565,2024-10-01 12:00:00,-0.060459472,0.091662236,4339203.78529813,-468833.52373287774,0.0
6059,763.3331,46.91667,-6.1666565,2024-10-01 12:00:00,-0.06520626,0.12061378,4339203.78529813,-468833.52373287774,0.0
6239,902.3393,46.91667,-6.1666565,2024-10-01 12:00:00,-0.05133175,0.17448005,4339203.78529813,-468833.52373287774,0.0
128,0.494025,46.91667,-6.0833282,2024-10-01 12:00:00,-0.07245833,0.093727715,4339881.045145775,-462522.2992525033,0.0
308,1.541375,46.91667,-6.0833282,2024-10-01 12:00:00,-0.07086577,0.09780013,4339881.045145775,-462522.2992525033,0.0
488,2.645669,46.91667,-6.0833282,2024-10-01 12:00:00,-0.06904954,0.10167053,4339881.045145775,-462522.2992525033,0.0
668,3.819495,46.91667,-6.0833282,2024-10-01 12:00:00,-0.06703648,0.10527729,4339881.045145775,-462522.2992525033,0.0
848,5.078224,46.91667,-6.0833282,2024-10-01 12:00:00,-0.064859144,0.10856408,4339881.045145775,-462522.2992525033,0.0
1028,6.440614,46.91667,-6.0833282,2024-10-01 12:00:00,-0.06251518,0.111536056,4339881.045145775,-462522.2992525033,0.0
1208,7.92956,46.91667,-6.0833282,2024-10-01 12:00:00,-0.05994394,0.11425025,4339881.045145775,-462522.2992525033,0.0
1388,9.572997,46.91667,-6.0833282,2024-10-01 12:00:00,-0.05701141,0.116787046,4339881.045145775,-462522.2992525033,0.0
1568,11.405,46.91667,-6.0833282,2024-10-01 12:00:00,-0.053337518,0.11937635,4339881.045145775,-462522.2992525033,0.0
1748,13.46714,46.91667,-6.0833282,2024-10-01 12:00:00,-0.04736784,0.12269828,4339881.045145775,-462522.2992525033,0.0
1928,15.81007,46.91667,-6.0833282,2024-10-01 12:00:00,-0.033668436,0.12549344,4339881.045145775,-462522.2992525033,0.0
2108,18.49556,46.91667,-6.0833282,2024-10-01 12:00:00,-0.0043876194,0.11483501,4339881.045145775,-462522.2992525033,0.0
2288,21.59882,46.91667,-6.0833282,2024-10-01 12:00:00,0.0014431546,0.08893017,4339881.045145775,-462522.2992525033,0.0
2468,25.21141,46.91667,-6.0833282,2024-10-01 12:00:00,-0.0081239175,0.06298549,4339881.045145775,-462522.2992525033,0.0
2648,29.44473,46.91667,-6.0833282,2024-10-01 12:00:00,-0.017717421,0.042935733,4339881.045145775,-462522.2992525033,0.0
2828,34.43415,46.91667,-6.0833282,2024-10-01 12:00:00,-0.020938145,0.031096036,4339881.045145775,-462522.2992525033,0.0
3008,40.34405,46.91667,-6.0833282,2024-10-01 12:00:00,-0.029915232,0.027260564,4339881.045145775,-462522.2992525033,0.0
3188,47.37369,46.91667,-6.0833282,2024-10-01 12:00:00,-0.13396282,0.07522208,4339881.045145775,-462522.2992525033,0.0
3368,55.76429,46.91667,-6.0833282,2024-10-01 12:00:00,-0.112705946,0.16079924,4339881.045145775,-462522.2992525033,0.0
3548,65.80727,46.91667,-6.0833282,2024-10-01 12:00:00,-0.09310761,0.15719254,4339881.045145775,-462522.2992525033,0.0
3728,77.85385,46.91667,-6.0833282,2024-10-01 12:00:00,-0.08337764,0.14328066,4339881.045145775,-462522.2992525033,0.0
3908,92.32607,46.91667,-6.0833282,2024-10-01 12:00:00,-0.084785305,0.1243685,4339881.045145775,-462522.2992525033,0.0
4088,109.7293,46.91667,-6.0833282,2024-10-01 12:00:00,-0.09048228,0.10584351,4339881.045145775,-462522.2992525033,0.0
4268,130.666,46.91667,-6.0833282,2024-10-01 12:00:00,-0.089711554,0.088207126,4339881.045145775,-462522.2992525033,0.0
4448,155.8507,46.91667,-6.0833282,2024-10-01 12:00:00,-0.08398239,0.059649266,4339881.045145775,-462522.2992525033,0.0
4628,186.1256,46.91667,-6.0833282,2024-10-01 12:00:00,-0.08450365,0.07027516,4339881.045145775,-462522.2992525033,0.0
4808,222.4752,46.91667,-6.0833282,2024-10-01 12:00:00,-0.08731699,0.08694327,4339881.045145775,-462522.2992525033,0.0
4988,266.0403,46.91667,-6.0833282,2024-10-01 12:00:00,-0.08538133,0.10442457,4339881.045145775,-462522.2992525033,0.0
5168,318.1274,46.91667,-6.0833282,2024-10-01 12:00:00,-0.07706384,0.12697083,4339881.045145775,-462522.2992525033,0.0
5348,380.213,46.91667,-6.0833282,2024-10-01 12:00:00,-0.06060378,0.11958154,4339881.045145775,-462522.2992525033,0.0
5528,453.9377,46.91667,-6.0833282,2024-10-01 12:00:00,-0.05746726,0.11084074,4339881.045145775,-462522.2992525033,0.0
5708,541.0889,46.91667,-6.0833282,2024-10-01 12:00:00,-0.06470931,0.119655944,4339881.045145775,-462522.2992525033,0.0
5888,643.5668,46.91667,-6.0833282,2024-10-01 12:00:00,-0.06655219,0.12757665,4339881.045145775,-462522.2992525033,0.0
6068,763.3331,46.91667,-6.0833282,2024-10-01 12:00:00,-0.07564002,0.14460036,4339881.045145775,-462522.2992525033,0.0
6248,902.3393,46.91667,-6.0833282,2024-10-01 12:00:00,-0.07437866,0.15267742,4339881.045145775,-462522.2992525033,0.0
137,0.494025,46.91667,-6.0,2024-10-01 12:00:00,-0.062053934,0.12519982,4340549.125536747,-456210.0964726406,0.0
317,1.541375,46.91667,-6.0,2024-10-01 12:00:00,-0.060495973,0.12921594,4340549.125536747,-456210.0964726406,0.0
497,2.645669,46.91667,-6.0,2024-10-01 12:00:00,-0.058751054,0.13301018,4340549.125536747,-456210.0964726406,0.0
677,3.819495,46.91667,-6.0,2024-10-01 12:00:00,-0.056848206,0.13651899,4340549.125536747,-456210.0964726406,0.0
857,5.078224,46.91667,-6.0,2024-10-01 12:00:00,-0.054823868,0.1396783,4340549.125536747,-456210.0964726406,0.0
1037,6.440614,46.91667,-6.0,2024-10-01 12:00:00,-0.052688237,0.14247403,4340549.125536747,-456210.0964726406,0.0
1217,7.92956,46.91667,-6.0,2024-10-01 12:00:00,-0.050407566,0.14493215,4340549.125536747,-456210.0964726406,0.0
1397,9.572997,46.91667,-6.0,2024-10-01 12:00:00,-0.047901664,0.14707741,4340549.125536747,-456210.0964726406,0.0
1577,11.405,46.91667,-6.0,2024-10-01 12:00:00,-0.044952154,0.14893153,4340549.125536747,-456210.0964726406,0.0
1757,13.46714,46.91667,-6.0,2024-10-01 12:00:00,-0.04050955,0.15063104,4340549.125536747,-456210.0964726406,0.0
1937,15.81007,46.91667,-6.0,2024-10-01 12:00:00,-0.029405845,0.15167984,4340549.125536747,-456210.0964726406,0.0
2117,18.49556,46.91667,-6.0,2024-10-01 12:00:00,-0.000414256,0.1324205,4340549.125536747,-456210.0964726406,0.0
2297,21.59882,46.91667,-6.0,2024-10-01 12:00:00,0.0018692205,0.07602951,4340549.125536747,-456210.0964726406,0.0
2477,25.21141,46.91667,-6.0,2024-10-01 12:00:00,-0.017806826,0.06383527,4340549.125536747,-456210.0964726406,0.0
2657,29.44473,46.91667,-6.0,2024-10-01 12:00:00,-0.03081499,0.06905654,4340549.125536747,-456210.0964726406,0.0
2837,34.43415,46.91667,-6.0,2024-10-01 12:00:00,-0.033920385,0.0701234,4340549.125536747,-456210.0964726406,0.0
3017,40.34405,46.91667,-6.0,2024-10-01 12:00:00,-0.035134114,0.029520264,4340549.125536747,-456210.0964726406,0.0
3197,47.37369,46.91667,-6.0,2024-10-01 12:00:00,-0.15439916,0.114208624,4340549.125536747,-456210.0964726406,0.0
3377,55.76429,46.91667,-6.0,2024-10-01 12:00:00,-0.1338552,0.17219047,4340549.125536747,-456210.0964726406,0.0
3557,65.80727,46.91667,-6.0,2024-10-01 12:00:00,-0.109414384,0.1707148,4340549.125536747,-456210.0964726406,0.0
3737,77.85385,46.91667,-6.0,2024-10-01 12:00:00,-0.09219861,0.15240766,4340549.125536747,-456210.0964726406,0.0
3917,92.32607,46.91667,-6.0,2024-10-01 12:00:00,-0.08928222,0.12760858,4340549.125536747,-456210.0964726406,0.0
4097,109.7293,46.91667,-6.0,2024-10-01 12:00:00,-0.09183691,0.108982824,4340549.125536747,-456210.0964726406,0.0
4277,130.666,46.91667,-6.0,2024-10-01 12:00:00,-0.09468565,0.10123899,4340549.125536747,-456210.0964726406,0.0
4457,155.8507,46.91667,-6.0,2024-10-01 12:00:00,-0.096828476,0.09133815,4340549.125536747,-456210.0964726406,0.0
4637,186.1256,46.91667,-6.0,2024-10-01 12:00:00,-0.09784077,0.12028153,4340549.125536747,-456210.0964726406,0.0
4817,222.4752,46.91667,-6.0,2024-10-01 12:00:00,-0.09816495,0.13416295,4340549.125536747,-456210.0964726406,0.0
4997,266.0403,46.91667,-6.0,2024-10-01 12:00:00,-0.09343595,0.14548683,4340549.125536747,-456210.0964726406,0.0
5177,318.1274,46.91667,-6.0,2024-10-01 12:00:00,-0.0833772,0.14956696,4340549.125536747,-456210.0964726406,0.0
5357,380.213,46.91667,-6.0,2024-10-01 12:00:00,-0.071145386,0.14134154,4340549.125536747,-456210.0964726406,0.0
5537,453.9377,46.91667,-6.0,2024-10-01 12:00:00,-0.06425775,0.1422477,4340549.125536747,-456210.0964726406,0.0
5717,541.0889,46.91667,-6.0,2024-10-01 12:00:00,-0.06274314,0.12244759,4340549.125536747,-456210.0964726406,0.0
5897,643.5668,46.91667,-6.0,2024-10-01 12:00:00,-0.06666278,0.12607244,4340549.125536747,-456210.0964726406,0.0
6077,763.3331,46.91667,-6.0,2024-10-01 12:00:00,-0.07263281,0.13101743,4340549.125536747,-456210.0964726406,0.0
6257,902.3393,46.91667,-6.0,2024-10-01 12:00:00,-0.07699372,0.099042706,4340549.125536747,-456210.0964726406,0.0
146,0.494025,47.0,-6.25,2024-10-01 12:00:00,-0.11086483,0.047397725,4331787.087405169,-474407.8424903363,0.0
326,1.541375,47.0,-6.25,2024-10-01 12:00:00,-0.10923738,0.051723234,4331787.087405169,-474407.8424903363,0.0
506,2.645669,47.0,-6.25,2024-10-01 12:00:00,-0.10733706,0.055887558,4331787.087405169,-474407.8424903363,0.0
686,3.819495,47.0,-6.25,2024-10-01 12:00:00,-0.10518286,0.059828665,4331787.087405169,-474407.8424903363,0.0
866,5.078224,47.0,-6.25,2024-10-01 12:00:00,-0.10278236,0.06351052,4331787.087405169,-474407.8424903363,0.0
1046,6.440614,47.0,-6.25,2024-10-01 12:00:00,-0.10010583,0.06694529,4331787.087405169,-474407.8424903363,0.0
1226,7.92956,47.0,-6.25,2024-10-01 12:00:00,-0.09707372,0.0701754,4331787.087405169,-474407.8424903363,0.0
1406,9.572997,47.0,-6.25,2024-10-01 12:00:00,-0.09357327,0.073225275,4331787.087405169,-474407.8424903363,0.0
1586,11.405,47.0,-6.25,2024-10-01 12:00:00,-0.08949297,0.076063246,4331787.087405169,-474407.8424903363,0.0
1766,13.46714,47.0,-6.25,2024-10-01 12:00:00,-0.0847735,0.07858397,4331787.087405169,-474407.8424903363,0.0
1946,15.81007,47.0,-6.25,2024-10-01 12:00:00,-0.07945348,0.080623604,4331787.087405169,-474407.8424903363,0.0
2126,18.49556,47.0,-6.25,2024-10-01 12:00:00,-0.07367518,0.08200908,4331787.087405169,-474407.8424903363,0.0
2306,21.59882,47.0,-6.25,2024-10-01 12:00:00,-0.067713305,0.08264971,4331787.087405169,-474407.8424903363,0.0
2486,25.21141,47.0,-6.25,2024-10-01 12:00:00,-0.06193826,0.08251908,4331787.087405169,-474407.8424903363,0.0
2666,29.44473,47.0,-6.25,2024-10-01 12:00:00,-0.05651027,0.081692055,4331787.087405169,-474407.8424903363,0.0
2846,34.43415,47.0,-6.25,2024-10-01 12:00:00,-0.05088847,0.079955265,4331787.087405169,-474407.8424903363,0.0
3026,40.34405,47.0,-6.25,2024-10-01 12:00:00,-0.045639697,0.07387271,4331787.087405169,-474407.8424903363,0.0
3206,47.37369,47.0,-6.25,2024-10-01 12:00:00,-0.07775541,0.059207886,4331787.087405169,-474407.8424903363,0.0
3386,55.76429,47.0,-6.25,2024-10-01 12:00:00,-0.09596348,0.16077803,4331787.087405169,-474407.8424903363,0.0
3566,65.80727,47.0,-6.25,2024-10-01 12:00:00,-0.08601962,0.1605195,4331787.087405169,-474407.8424903363,0.0
3746,77.85385,47.0,-6.25,2024-10-01 12:00:00,-0.08580243,0.13877639,4331787.087405169,-474407.8424903363,0.0
3926,92.32607,47.0,-6.25,2024-10-01 12:00:00,-0.08840416,0.119386755,4331787.087405169,-474407.8424903363,0.0
4106,109.7293,47.0,-6.25,2024-10-01 12:00:00,-0.0950949,0.104396075,4331787.087405169,-474407.8424903363,0.0
4286,130.666,47.0,-6.25,2024-10-01 12:00:00,-0.09049389,0.09136431,4331787.087405169,-474407.8424903363,0.0
4466,155.8507,47.0,-6.25,2024-10-01 12:00:00,-0.08753138,0.07516004,4331787.087405169,-474407.8424903363,0.0
4646,186.1256,47.0,-6.25,2024-10-01 12:00:00,-0.095382035,0.068504296,4331787.087405169,-474407.8424903363,0.0
4826,222.4752,47.0,-6.25,2024-10-01 12:00:00,-0.086884655,0.047783487,4331787.087405169,-474407.8424903363,0.0
5006,266.0403,47.0,-6.25,2024-10-01 12:00:00,-0.06906422,0.026006449,4331787.087405169,-474407.8424903363,0.0
5186,318.1274,47.0,-6.25,2024-10-01 12:00:00,-0.053899962,0.02802275,4331787.087405169,-474407.8424903363,0.0
5366,380.213,47.0,-6.25,2024-10-01 12:00:00,-0.037656892,0.053587176,4331787.087405169,-474407.8424903363,0.0
5546,453.9377,47.0,-6.25,2024-10-01 12:00:00,-0.026394688,0.07034061,4331787.087405169,-474407.8424903363,0.0
5726,541.0889,47.0,-6.25,2024-10-01 12:00:00,-0.047121886,0.072307676,4331787.087405169,-474407.8424903363,0.0
5906,643.5668,47.0,-6.25,2024-10-01 12:00:00,-0.046632897,0.07077848,4331787.087405169,-474407.8424903363,0.0
6086,763.3331,47.0,-6.25,2024-10-01 12:00:00,-0.060117822,0.12825291,4331787.087405169,-474407.8424903363,0.0
6266,902.3393,47.0,-6.25,2024-10-01 12:00:00,-0.054212313,0.16024974,4331787.087405169,-474407.8424903363,0.0
155,0.494025,47.0,-6.1666565,2024-10-01 12:00:00,-0.100607574,0.05610829,4332472.586781167,-468106.2447951276,0.0
335,1.541375,47.0,-6.1666565,2024-10-01 12:00:00,-0.09899233,0.060400534,4332472.586781167,-468106.2447951276,0.0
515,2.645669,47.0,-6.1666565,2024-10-01 12:00:00,-0.09710927,0.0645221,4332472.586781167,-468106.2447951276,0.0
695,3.819495,47.0,-6.1666565,2024-10-01 12:00:00,-0.09497934,0.06840733,4332472.586781167,-468106.2447951276,0.0
875,5.078224,47.0,-6.1666565,2024-10-01 12:00:00,-0.09261563,0.07201219,4332472.586781167,-468106.2447951276,0.0
1055,6.440614,47.0,-6.1666565,2024-10-01 12:00:00,-0.0899939,0.075344376,4332472.586781167,-468106.2447951276,0.0
1235,7.92956,47.0,-6.1666565,2024-10-01 12:00:00,-0.08703748,0.07844542,4332472.586781167,-468106.2447951276,0.0
1415,9.572997,47.0,-6.1666565,2024-10-01 12:00:00,-0.08362779,0.08134212,4332472.586781167,-468106.2447951276,0.0
1595,11.405,47.0,-6.1666565,2024-10-01 12:00:00,-0.07961253,0.084011495,4332472.586781167,-468106.2447951276,0.0
1775,13.46714,47.0,-6.1666565,2024-10-01 12:00:00,-0.07482596,0.08635528,4332472.586781167,-468106.2447951276,0.0
1955,15.81007,47.0,-6.1666565,2024-10-01 12:00:00,-0.06908572,0.08818814,4332472.586781167,-468106.2447951276,0.0
2135,18.49556,47.0,-6.1666565,2024-10-01 12:00:00,-0.0624504,0.0891699,4332472.586781167,-468106.2447951276,0.0
2315,21.59882,47.0,-6.1666565,2024-10-01 12:00:00,-0.05535864,0.088947244,4332472.586781167,-468106.2447951276,0.0
2495,25.21141,47.0,-6.1666565,2024-10-01 12:00:00,-0.04830453,0.087316796,4332472.586781167,-468106.2447951276,0.0
2675,29.44473,47.0,-6.1666565,2024-10-01 12:00:00,-0.041535795,0.0840961,4332472.586781167,-468106.2447951276,0.0
2855,34.43415,47.0,-6.1666565,2024-10-01 12:00:00,-0.034244012,0.077183045,4332472.586781167,-468106.2447951276,0.0
3035,40.34405,47.0,-6.1666565,2024-10-01 12:00:00,-0.037017014,0.052977357,4332472.586781167,-468106.2447951276,0.0
3215,47.37369,47.0,-6.1666565,2024-10-01 12:00:00,-0.11154212,0.062847085,4332472.586781167,-468106.2447951276,0.0
3395,55.76429,47.0,-6.1666565,2024-10-01 12:00:00,-0.117119,0.17141834,4332472.586781167,-468106.2447951276,0.0
3575,65.80727,47.0,-6.1666565,2024-10-01 12:00:00,-0.10125122,0.16837837,4332472.586781167,-468106.2447951276,0.0
3755,77.85385,47.0,-6.1666565,2024-10-01 12:00:00,-0.09687137,0.14814754,4332472.586781167,-468106.2447951276,0.0
3935,92.32607,47.0,-6.1666565,2024-10-01 12:00:00,-0.10246399,0.12882785,4332472.586781167,-468106.2447951276,0.0
4115,109.7293,47.0,-6.1666565,2024-10-01 12:00:00,-0.11289496,0.113230266,4332472.586781167,-468106.2447951276,0.0
4295,130.666,47.0,-6.1666565,2024-10-01 12:00:00,-0.11013433,0.10078653,4332472.586781167,-468106.2447951276,0.0
4475,155.8507,47.0,-6.1666565,2024-10-01 12:00:00,-0.0974794,0.07806787,4332472.586781167,-468106.2447951276,0.0
4655,186.1256,47.0,-6.1666565,2024-10-01 12:00:00,-0.109447666,0.06924501,4332472.586781167,-468106.2447951276,0.0
4835,222.4752,47.0,-6.1666565,2024-10-01 12:00:00,-0.11743646,0.07159954,4332472.586781167,-468106.2447951276,0.0
5015,266.0403,47.0,-6.1666565,2024-10-01 12:00:00,-0.11316933,0.09559787,4332472.586781167,-468106.2447951276,0.0
5195,318.1274,47.0,-6.1666565,2024-10-01 12:00:00,-0.09659306,0.10502731,4332472.586781167,-468106.2447951276,0.0
5375,380.213,47.0,-6.1666565,2024-10-01 12:00:00,-0.07141321,0.091332406,4332472.586781167,-468106.2447951276,0.0
5555,453.9377,47.0,-6.1666565,2024-10-01 12:00:00,-0.057442743,0.092813045,4332472.586781167,-468106.2447951276,0.0
5735,541.0889,47.0,-6.1666565,2024-10-01 12:00:00,-0.069890305,0.0980467,4332472.586781167,-468106.2447951276,0.0
5915,643.5668,47.0,-6.1666565,2024-10-01 12:00:00,-0.07125084,0.10976859,4332472.586781167,-468106.2447951276,0.0
6095,763.3331,47.0,-6.1666565,2024-10-01 12:00:00,-0.08229452,0.15141821,4332472.586781167,-468106.2447951276,0.0
6275,902.3393,47.0,-6.1666565,2024-10-01 12:00:00,-0.085195445,0.21634261,4332472.586781167,-468106.2447951276,0.0
164,0.494025,47.0,-6.0833282,2024-10-01 12:00:00,-0.08428055,0.062594965,4333148.796028124,-461804.81061430223,0.0
344,1.541375,47.0,-6.0833282,2024-10-01 12:00:00,-0.08270759,0.06682772,4333148.796028124,-461804.81061430223,0.0
524,2.645669,47.0,-6.0833282,2024-10-01 12:00:00,-0.08090187,0.07085539,4333148.796028124,-461804.81061430223,0.0
704,3.819495,47.0,-6.0833282,2024-10-01 12:00:00,-0.078889586,0.07460776,4333148.796028124,-461804.81061430223,0.0
884,5.078224,47.0,-6.0833282,2024-10-01 12:00:00,-0.07669348,0.07803324,4333148.796028124,-461804.81061430223,0.0
1064,6.440614,47.0,-6.0833282,2024-10-01 12:00:00,-0.07430032,0.08113703,4333148.796028124,-461804.81061430223,0.0
1244,7.92956,47.0,-6.0833282,2024-10-01 12:00:00,-0.07164511,0.08396251,4333148.796028124,-461804.81061430223,0.0
1424,9.572997,47.0,-6.0833282,2024-10-01 12:00:00,-0.06861194,0.08654846,4333148.796028124,-461804.81061430223,0.0
1604,11.405,47.0,-6.0833282,2024-10-01 12:00:00,-0.06499581,0.088941805,4333148.796028124,-461804.81061430223,0.0
1784,13.46714,47.0,-6.0833282,2024-10-01 12:00:00,-0.06036986,0.091018796,4333148.796028124,-461804.81061430223,0.0
1964,15.81007,47.0,-6.0833282,2024-10-01 12:00:00,-0.054158714,0.09214911,4333148.796028124,-461804.81061430223,0.0
2144,18.49556,47.0,-6.0833282,2024-10-01 12:00:00,-0.046416376,0.09101991,4333148.796028124,-461804.81061430223,0.0
2324,21.59882,47.0,-6.0833282,2024-10-01 12:00:00,-0.038685676,0.08691324,4333148.796028124,-461804.81061430223,0.0
2504,25.21141,47.0,-6.0833282,2024-10-01 12:00:00,-0.032148045,0.080069646,4333148.796028124,-461804.81061430223,0.0
2684,29.44473,47.0,-6.0833282,2024-10-01 12:00:00,-0.027566314,0.071693644,4333148.796028124,-461804.81061430223,0.0
2864,34.43415,47.0,-6.0833282,2024-10-01 12:00:00,-0.023348287,0.062048562,4333148.796028124,-461804.81061430223,0.0
3044,40.34405,47.0,-6.0833282,2024-10-01 12:00:00,-0.035477348,0.0440749,4333148.796028124,-461804.81061430223,0.0
3224,47.37369,47.0,-6.0833282,2024-10-01 12:00:00,-0.123736486,0.07318694,4333148.796028124,-461804.81061430223,0.0
3404,55.76429,47.0,-6.0833282,2024-10-01 12:00:00,-0.123973384,0.16119342,4333148.796028124,-461804.81061430223,0.0
3584,65.80727,47.0,-6.0833282,2024-10-01 12:00:00,-0.10534759,0.16901733,4333148.796028124,-461804.81061430223,0.0
3764,77.85385,47.0,-6.0833282,2024-10-01 12:00:00,-0.09386471,0.16059017,4333148.796028124,-461804.81061430223,0.0
3944,92.32607,47.0,-6.0833282,2024-10-01 12:00:00,-0.09978599,0.14381091,4333148.796028124,-461804.81061430223,0.0
4124,109.7293,47.0,-6.0833282,2024-10-01 12:00:00,-0.112758026,0.12558886,4333148.796028124,-461804.81061430223,0.0
4304,130.666,47.0,-6.0833282,2024-10-01 12:00:00,-0.12040975,0.118266955,4333148.796028124,-461804.81061430223,0.0
4484,155.8507,47.0,-6.0833282,2024-10-01 12:00:00,-0.117473565,0.10403619,4333148.796028124,-461804.81061430223,0.0
4664,186.1256,47.0,-6.0833282,2024-10-01 12:00:00,-0.13025323,0.09458247,4333148.796028124,-461804.81061430223,0.0
4844,222.4752,47.0,-6.0833282,2024-10-01 12:00:00,-0.14098194,0.10949269,4333148.796028124,-461804.81061430223,0.0
5024,266.0403,47.0,-6.0833282,2024-10-01 12:00:00,-0.1399877,0.14010914,4333148.796028124,-461804.81061430223,0.0
5204,318.1274,47.0,-6.0833282,2024-10-01 12:00:00,-0.11938636,0.15301792,4333148.796028124,-461804.81061430223,0.0
5384,380.213,47.0,-6.0833282,2024-10-01 12:00:00,-0.099358924,0.14212814,4333148.796028124,-461804.81061430223,0.0
5564,453.9377,47.0,-6.0833282,2024-10-01 12:00:00,-0.10334132,0.13036366,4333148.796028124,-461804.81061430223,0.0
5744,541.0889,47.0,-6.0833282,2024-10-01 12:00:00,-0.1021712,0.13724607,4333148.796028124,-461804.81061430223,0.0
5924,643.5668,47.0,-6.0833282,2024-10-01 12:00:00,-0.097588,0.14304876,4333148.796028124,-461804.81061430223,0.0
6104,763.3331,47.0,-6.0833282,2024-10-01 12:00:00,-0.095078856,0.15777111,4333148.796028124,-461804.81061430223,0.0
6284,902.3393,47.0,-6.0833282,2024-10-01 12:00:00,-0.101764075,0.16798489,4333148.796028124,-461804.81061430223,0.0
173,0.494025,47.0,-6.0,2024-10-01 12:00:00,-0.0635646,0.08413566,4333815.840058059,-455502.3996515776,0.0
353,1.541375,47.0,-6.0,2024-10-01 12:00:00,-0.062033065,0.088309616,4333815.840058059,-455502.3996515776,0.0
533,2.645669,47.0,-6.0,2024-10-01 12:00:00,-0.06031796,0.092255704,4333815.840058059,-455502.3996515776,0.0
713,3.819495,47.0,-6.0,2024-10-01 12:00:00,-0.058451936,0.095898785,4333815.840058059,-455502.3996515776,0.0
893,5.078224,47.0,-6.0,2024-10-01 12:00:00,-0.05646693,0.0991778,4333815.840058059,-455502.3996515776,0.0
1073,6.440614,47.0,-6.0,2024-10-01 12:00:00,-0.054359738,0.10209126,4333815.840058059,-455502.3996515776,0.0
1253,7.92956,47.0,-6.0,2024-10-01 12:00:00,-0.052076176,0.104676455,4333815.840058059,-455502.3996515776,0.0
1433,9.572997,47.0,-6.0,2024-10-01 12:00:00,-0.04949791,0.106966645,4333815.840058059,-455502.3996515776,0.0
1613,11.405,47.0,-6.0,2024-10-01 12:00:00,-0.04628199,0.1089846,4333815.840058059,-455502.3996515776,0.0
1793,13.46714,47.0,-6.0,2024-10-01 12:00:00,-0.041502837,0.1108248,4333815.840058059,-455502.3996515776,0.0
1973,15.81007,47.0,-6.0,2024-10-01 12:00:00,-0.033886507,0.11164626,4333815.840058059,-455502.3996515776,0.0
2153,18.49556,47.0,-6.0,2024-10-01 12:00:00,-0.023650626,0.106607266,4333815.840058059,-455502.3996515776,0.0
2333,21.59882,47.0,-6.0,2024-10-01 12:00:00,-0.016285855,0.09468068,4333815.840058059,-455502.3996515776,0.0
2513,25.21141,47.0,-6.0,2024-10-01 12:00:00,-0.0118751265,0.08115821,4333815.840058059,-455502.3996515776,0.0
2693,29.44473,47.0,-6.0,2024-10-01 12:00:00,-0.01637177,0.06758972,4333815.840058059,-455502.3996515776,0.0
2873,34.43415,47.0,-6.0,2024-10-01 12:00:00,-0.017478865,0.061287966,4333815.840058059,-455502.3996515776,0.0
3053,40.34405,47.0,-6.0,2024-10-01 12:00:00,-0.026985107,0.051295944,4333815.840058059,-455502.3996515776,0.0
3233,47.37369,47.0,-6.0,2024-10-01 12:00:00,-0.11749375,0.10435417,4333815.840058059,-455502.3996515776,0.0
3413,55.76429,47.0,-6.0,2024-10-01 12:00:00,-0.12713832,0.16096587,4333815.840058059,-455502.3996515776,0.0
3593,65.80727,47.0,-6.0,2024-10-01 12:00:00,-0.1066169,0.17088708,4333815.840058059,-455502.3996515776,0.0
3773,77.85385,47.0,-6.0,2024-10-01 12:00:00,-0.083636954,0.158004,4333815.840058059,-455502.3996515776,0.0
3953,92.32607,47.0,-6.0,2024-10-01 12:00:00,-0.08272852,0.13284552,4333815.840058059,-455502.3996515776,0.0
4133,109.7293,47.0,-6.0,2024-10-01 12:00:00,-0.094415955,0.11454678,4333815.840058059,-455502.3996515776,0.0
4313,130.666,47.0,-6.0,2024-10-01 12:00:00,-0.11638371,0.119792886,4333815.840058059,-455502.3996515776,0.0
4493,155.8507,47.0,-6.0,2024-10-01 12:00:00,-0.1330342,0.12237615,4333815.840058059,-455502.3996515776,0.0
4673,186.1256,47.0,-6.0,2024-10-01 12:00:00,-0.14307699,0.12716386,4333815.840058059,-455502.3996515776,0.0
4853,222.4752,47.0,-6.0,2024-10-01 12:00:00,-0.15322685,0.13974224,4333815.840058059,-455502.3996515776,0.0
5033,266.0403,47.0,-6.0,2024-10-01 12:00:00,-0.1512694,0.15142612,4333815.840058059,-455502.3996515776,0.0
5213,318.1274,47.0,-6.0,2024-10-01 12:00:00,-0.13702199,0.16891758,4333815.840058059,-455502.3996515776,0.0
5393,380.213,47.0,-6.0,2024-10-01 12:00:00,-0.1331158,0.17603657,4333815.840058059,-455502.3996515776,0.0
5573,453.9377,47.0,-6.0,2024-10-01 12:00:00,-0.14814465,0.17474982,4333815.840058059,-455502.3996515776,0.0
5753,541.0889,47.0,-6.0,2024-10-01 12:00:00,-0.14516002,0.15648235,4333815.840058059,-455502.3996515776,0.0
5933,643.5668,47.0,-6.0,2024-10-01 12:00:00,-0.12595882,0.13815217,4333815.840058059,-455502.3996515776,0.0
6113,763.3331,47.0,-6.0,2024-10-01 12:00:00,-0.11009673,0.12902953,4333815.840058059,-455502.3996515776,0.0
6293,902.3393,47.0,-6.0,2024-10-01 12:00:00,-0.10222684,0.10050942,4333815.840058059,-455502.3996515776,0.0
3,0.494025,46.66667,-6.25,2024-10-01 18:00:00,-0.117406934,0.12591097,4358653.3150161095,-477350.1729464703,0.0
183,1.541375,46.66667,-6.25,2024-10-01 18:00:00,-0.11777662,0.13129738,4358653.3150161095,-477350.1729464703,0.0
363,2.645669,46.66667,-6.25,2024-10-01 18:00:00,-0.11743422,0.13613372,4358653.3150161095,-477350.1729464703,0.0
543,3.819495,46.66667,-6.25,2024-10-01 18:00:00,-0.116503306,0.13998957,4358653.3150161095,-477350.1729464703,0.0
723,5.078224,46.66667,-6.25,2024-10-01 18:00:00,-0.11510582,0.14294727,4358653.3150161095,-477350.1729464703,0.0
903,6.440614,46.66667,-6.25,2024-10-01 18:00:00,-0.113050565,0.14548075,4358653.3150161095,-477350.1729464703,0.0
1083,7.92956,46.66667,-6.25,2024-10-01 18:00:00,-0.11026152,0.14843667,4358653.3150161095,-477350.1729464703,0.0
1263,9.572997,46.66667,-6.25,2024-10-01 18:00:00,-0.10674996,0.15248078,4358653.3150161095,-477350.1729464703,0.0
1443,11.405,46.66667,-6.25,2024-10-01 18:00:00,-0.10194417,0.15335456,4358653.3150161095,-477350.1729464703,0.0
1623,13.46714,46.66667,-6.25,2024-10-01 18:00:00,-0.07570818,0.14411128,4358653.3150161095,-477350.1729464703,0.0
1803,15.81007,46.66667,-6.25,2024-10-01 18:00:00,-0.04017374,0.09836057,4358653.3150161095,-477350.1729464703,0.0
1983,18.49556,46.66667,-6.25,2024-10-01 18:00:00,-0.06140294,0.04080496,4358653.3150161095,-477350.1729464703,0.0
2163,21.59882,46.66667,-6.25,2024-10-01 18:00:00,-0.1232813,0.02691897,4358653.3150161095,-477350.1729464703,0.0
2343,25.21141,46.66667,-6.25,2024-10-01 18:00:00,-0.15148555,0.025769796,4358653.3150161095,-477350.1729464703,0.0
2523,29.44473,46.66667,-6.25,2024-10-01 18:00:00,-0.1643101,0.016117152,4358653.3150161095,-477350.1729464703,0.0
2703,34.43415,46.66667,-6.25,2024-10-01 18:00:00,-0.17454118,0.0040314146,4358653.3150161095,-477350.1729464703,0.0
2883,40.34405,46.66667,-6.25,2024-10-01 18:00:00,-0.16376306,0.0063703456,4358653.3150161095,-477350.1729464703,0.0
3063,47.37369,46.66667,-6.25,2024-10-01 18:00:00,-0.11574703,0.02233125,4358653.3150161095,-477350.1729464703,0.0
3243,55.76429,46.66667,-6.25,2024-10-01 18:00:00,-0.0647114,0.020017851,4358653.3150161095,-477350.1729464703,0.0
3423,65.80727,46.66667,-6.25,2024-10-01 18:00:00,-0.061495405,0.011328848,4358653.3150161095,-477350.1729464703,0.0
3603,77.85385,46.66667,-6.25,2024-10-01 18:00:00,-0.06504388,0.0131766945,4358653.3150161095,-477350.1729464703,0.0
3783,92.32607,46.66667,-6.25,2024-10-01 18:00:00,-0.068613574,0.011102171,4358653.3150161095,-477350.1729464703,0.0
3963,109.7293,46.66667,-6.25,2024-10-01 18:00:00,-0.07528271,0.004912743,4358653.3150161095,-477350.1729464703,0.0
4143,130.666,46.66667,-6.25,2024-10-01 18:00:00,-0.08714602,-0.0055869175,4358653.3150161095,-477350.1729464703,0.0
4323,155.8507,46.66667,-6.25,2024-10-01 18:00:00,-0.08248557,-0.013360638,4358653.3150161095,-477350.1729464703,0.0
4503,186.1256,46.66667,-6.25,2024-10-01 18:00:00,-0.08087471,-0.016131844,4358653.3150161095,-477350.1729464703,0.0
4683,222.4752,46.66667,-6.25,2024-10-01 18:00:00,-0.07446805,-0.018017795,4358653.3150161095,-477350.1729464703,0.0
4863,266.0403,46.66667,-6.25,2024-10-01 18:00:00,-0.059612498,-0.016546376,4358653.3150161095,-477350.1729464703,0.0
5043,318.1274,46.66667,-6.25,2024-10-01 18:00:00,-0.050140508,-0.003647423,4358653.3150161095,-477350.1729464703,0.0
5223,380.213,46.66667,-6.25,2024-10-01 18:00:00,-0.040167663,0.020713877,4358653.3150161095,-477350.1729464703,0.0
5403,453.9377,46.66667,-6.25,2024-10-01 18:00:00,-0.033547945,0.028319158,4358653.3150161095,-477350.1729464703,0.0
5583,541.0889,46.66667,-6.25,2024-10-01 18:00:00,-0.03655517,0.024901101,4358653.3150161095,-477350.1729464703,0.0
5763,643.5668,46.66667,-6.25,2024-10-01 18:00:00,-0.029262396,0.013757386,4358653.3150161095,-477350.1729464703,0.0
5943,763.3331,46.66667,-6.25,2024-10-01 18:00:00,-0.021564398,0.018680042,4358653.3150161095,-477350.1729464703,0.0
6123,902.3393,46.66667,-6.25,2024-10-01 18:00:00,0.028248342,0.052359425,4358653.3150161095,-477350.1729464703,0.0
12,0.494025,46.66667,-6.1666565,2024-10-01 18:00:00,-0.12752448,0.13406603,4359343.065935845,-471009.49203812674,0.0
192,1.541375,46.66667,-6.1666565,2024-10-01 18:00:00,-0.12821235,0.13953239,4359343.065935845,-471009.49203812674,0.0
372,2.645669,46.66667,-6.1666565,2024-10-01 18:00:00,-0.12841596,0.1445815,4359343.065935845,-471009.49203812674,0.0
552,3.819495,46.66667,-6.1666565,2024-10-01 18:00:00,-0.12820461,0.14866655,4359343.065935845,-471009.49203812674,0.0
732,5.078224,46.66667,-6.1666565,2024-10-01 18:00:00,-0.12772372,0.15175503,4359343.065935845,-471009.49203812674,0.0
912,6.440614,46.66667,-6.1666565,2024-10-01 18:00:00,-0.12706694,0.1540794,4359343.065935845,-471009.49203812674,0.0
1092,7.92956,46.66667,-6.1666565,2024-10-01 18:00:00,-0.12626036,0.15587907,4359343.065935845,-471009.49203812674,0.0
1272,9.572997,46.66667,-6.1666565,2024-10-01 18:00:00,-0.12525614,0.15735823,4359343.065935845,-471009.49203812674,0.0
1452,11.405,46.66667,-6.1666565,2024-10-01 18:00:00,-0.12375461,0.15880395,4359343.065935845,-471009.49203812674,0.0
1632,13.46714,46.66667,-6.1666565,2024-10-01 18:00:00,-0.11799722,0.15888254,4359343.065935845,-471009.49203812674,0.0
1812,15.81007,46.66667,-6.1666565,2024-10-01 18:00:00,-0.09622398,0.13184685,4359343.065935845,-471009.49203812674,0.0
1992,18.49556,46.66667,-6.1666565,2024-10-01 18:00:00,-0.11133823,0.086627364,4359343.065935845,-471009.49203812674,0.0
2172,21.59882,46.66667,-6.1666565,2024-10-01 18:00:00,-0.13536255,0.066543326,4359343.065935845,-471009.49203812674,0.0
2352,25.21141,46.66667,-6.1666565,2024-10-01 18:00:00,-0.1495391,0.05853027,4359343.065935845,-471009.49203812674,0.0
2532,29.44473,46.66667,-6.1666565,2024-10-01 18:00:00,-0.16684483,0.044783216,4359343.065935845,-471009.49203812674,0.0
2712,34.43415,46.66667,-6.1666565,2024-10-01 18:00:00,-0.18893595,0.021668587,4359343.065935845,-471009.49203812674,0.0
2892,40.34405,46.66667,-6.1666565,2024-10-01 18:00:00,-0.19280314,0.03282448,4359343.065935845,-471009.49203812674,0.0
3072,47.37369,46.66667,-6.1666565,2024-10-01 18:00:00,-0.091371775,0.042865366,4359343.065935845,-471009.49203812674,0.0
3252,55.76429,46.66667,-6.1666565,2024-10-01 18:00:00,-0.07182076,0.024896154,4359343.065935845,-471009.49203812674,0.0
3432,65.80727,46.66667,-6.1666565,2024-10-01 18:00:00,-0.08145775,0.016504712,4359343.065935845,-471009.49203812674,0.0
3612,77.85385,46.66667,-6.1666565,2024-10-01 18:00:00,-0.08754842,0.017692018,4359343.065935845,-471009.49203812674,0.0
3792,92.32607,46.66667,-6.1666565,2024-10-01 18:00:00,-0.092686325,0.017350003,4359343.065935845,-471009.49203812674,0.0
3972,109.7293,46.66667,-6.1666565,2024-10-01 18:00:00,-0.09382173,0.01814121,4359343.065935845,-471009.49203812674,0.0
4152,130.666,46.66667,-6.1666565,2024-10-01 18:00:00,-0.09430955,0.016591161,4359343.065935845,-471009.49203812674,0.0
4332,155.8507,46.66667,-6.1666565,2024-10-01 18:00:00,-0.083568476,0.020620149,4359343.065935845,-471009.49203812674,0.0
4512,186.1256,46.66667,-6.1666565,2024-10-01 18:00:00,-0.06659437,0.029032042,4359343.065935845,-471009.49203812674,0.0
4692,222.4752,46.66667,-6.1666565,2024-10-01 18:00:00,-0.05378058,0.046454597,4359343.065935845,-471009.49203812674,0.0
4872,266.0403,46.66667,-6.1666565,2024-10-01 18:00:00,-0.040956497,0.05881137,4359343.065935845,-471009.49203812674,0.0
5052,318.1274,46.66667,-6.1666565,2024-10-01 18:00:00,-0.029722812,0.06381928,4359343.065935845,-471009.49203812674,0.0
5232,380.213,46.66667,-6.1666565,2024-10-01 18:00:00,-0.037467476,0.06527403,4359343.065935845,-471009.49203812674,0.0
5412,453.9377,46.66667,-6.1666565,2024-10-01 18:00:00,-0.04822074,0.0647338,4359343.065935845,-471009.49203812674,0.0
5592,541.0889,46.66667,-6.1666565,2024-10-01 18:00:00,-0.04746279,0.0656302,4359343.065935845,-471009.49203812674,0.0
5772,643.5668,46.66667,-6.1666565,2024-10-01 18:00:00,-0.04102366,0.050627004,4359343.065935845,-471009.49203812674,0.0
5952,763.3331,46.66667,-6.1666565,2024-10-01 18:00:00,-0.029240858,0.040631592,4359343.065935845,-471009.49203812674,0.0
6132,902.3393,46.66667,-6.1666565,2024-10-01 18:00:00,-0.005659927,0.071709305,4359343.065935845,-471009.49203812674,0.0
21,0.494025,46.66667,-6.0833282,2024-10-01 18:00:00,-0.15208022,0.08574433,4360023.469108121,-464668.9756583009,0.0
201,1.541375,46.66667,-6.0833282,2024-10-01 18:00:00,-0.1528658,0.09134907,4360023.469108121,-464668.9756583009,0.0
381,2.645669,46.66667,-6.0833282,2024-10-01 18:00:00,-0.15310383,0.09673418,4360023.469108121,-464668.9756583009,0.0
561,3.819495,46.66667,-6.0833282,2024-10-01 18:00:00,-0.15284957,0.101243384,4360023.469108121,-464668.9756583009,0.0
741,5.078224,46.66667,-6.0833282,2024-10-01 18:00:00,-0.1522724,0.104768686,4360023.469108121,-464668.9756583009,0.0
921,6.440614,46.66667,-6.0833282,2024-10-01 18:00:00,-0.15149565,0.10752524,4360023.469108121,-464668.9756583009,0.0
1101,7.92956,46.66667,-6.0833282,2024-10-01 18:00:00,-0.15056762,0.10974868,4360023.469108121,-464668.9756583009,0.0
1281,9.572997,46.66667,-6.0833282,2024-10-01 18:00:00,-0.1494825,0.1116238,4360023.469108121,-464668.9756583009,0.0
1461,11.405,46.66667,-6.0833282,2024-10-01 18:00:00,-0.14817049,0.11335362,4360023.469108121,-464668.9756583009,0.0
1641,13.46714,46.66667,-6.0833282,2024-10-01 18:00:00,-0.14623839,0.1156358,4360023.469108121,-464668.9756583009,0.0
1821,15.81007,46.66667,-6.0833282,2024-10-01 18:00:00,-0.14349048,0.11407175,4360023.469108121,-464668.9756583009,0.0
2001,18.49556,46.66667,-6.0833282,2024-10-01 18:00:00,-0.14243515,0.10456796,4360023.469108121,-464668.9756583009,0.0
2181,21.59882,46.66667,-6.0833282,2024-10-01 18:00:00,-0.1415228,0.10141153,4360023.469108121,-464668.9756583009,0.0
2361,25.21141,46.66667,-6.0833282,2024-10-01 18:00:00,-0.14160018,0.08669823,4360023.469108121,-464668.9756583009,0.0
2541,29.44473,46.66667,-6.0833282,2024-10-01 18:00:00,-0.14775805,0.06616289,4360023.469108121,-464668.9756583009,0.0
2721,34.43415,46.66667,-6.0833282,2024-10-01 18:00:00,-0.17538872,0.041431747,4360023.469108121,-464668.9756583009,0.0
2901,40.34405,46.66667,-6.0833282,2024-10-01 18:00:00,-0.20161287,0.080010474,4360023.469108121,-464668.9756583009,0.0
3081,47.37369,46.66667,-6.0833282,2024-10-01 18:00:00,-0.06082377,0.084177576,4360023.469108121,-464668.9756583009,0.0
3261,55.76429,46.66667,-6.0833282,2024-10-01 18:00:00,-0.080990106,0.05526564,4360023.469108121,-464668.9756583009,0.0
3441,65.80727,46.66667,-6.0833282,2024-10-01 18:00:00,-0.095746756,0.04719858,4360023.469108121,-464668.9756583009,0.0
3621,77.85385,46.66667,-6.0833282,2024-10-01 18:00:00,-0.09968088,0.04977026,4360023.469108121,-464668.9756583009,0.0
3801,92.32607,46.66667,-6.0833282,2024-10-01 18:00:00,-0.095346205,0.057170175,4360023.469108121,-464668.9756583009,0.0
3981,109.7293,46.66667,-6.0833282,2024-10-01 18:00:00,-0.091476224,0.067460366,4360023.469108121,-464668.9756583009,0.0
4161,130.666,46.66667,-6.0833282,2024-10-01 18:00:00,-0.094646774,0.07167741,4360023.469108121,-464668.9756583009,0.0
4341,155.8507,46.66667,-6.0833282,2024-10-01 18:00:00,-0.08477794,0.07907361,4360023.469108121,-464668.9756583009,0.0
4521,186.1256,46.66667,-6.0833282,2024-10-01 18:00:00,-0.0749425,0.082746714,4360023.469108121,-464668.9756583009,0.0
4701,222.4752,46.66667,-6.0833282,2024-10-01 18:00:00,-0.07875556,0.083087586,4360023.469108121,-464668.9756583009,0.0
4881,266.0403,46.66667,-6.0833282,2024-10-01 18:00:00,-0.0818869,0.07527621,4360023.469108121,-464668.9756583009,0.0
5061,318.1274,46.66667,-6.0833282,2024-10-01 18:00:00,-0.07704284,0.07646764,4360023.469108121,-464668.9756583009,0.0
5241,380.213,46.66667,-6.0833282,2024-10-01 18:00:00,-0.06666007,0.08239773,4360023.469108121,-464668.9756583009,0.0
5421,453.9377,46.66667,-6.0833282,2024-10-01 18:00:00,-0.060479414,0.08087957,4360023.469108121,-464668.9756583009,0.0
5601,541.0889,46.66667,-6.0833282,2024-10-01 18:00:00,-0.0679271,0.08006565,4360023.469108121,-464668.9756583009,0.0
5781,643.5668,46.66667,-6.0833282,2024-10-01 18:00:00,-0.051024057,0.088198155,4360023.469108121,-464668.9756583009,0.0
5961,763.3331,46.66667,-6.0833282,2024-10-01 18:00:00,-0.041602477,0.07642192,4360023.469108121,-464668.9756583009,0.0
6141,902.3393,46.66667,-6.0833282,2024-10-01 18:00:00,-0.007849913,0.09164139,4360023.469108121,-464668.9756583009,0.0
30,0.494025,46.66667,-6.0,2024-10-01 18:00:00,-0.18064013,0.053312477,4360694.650219674,-458327.4764384654,0.0
210,1.541375,46.66667,-6.0,2024-10-01 18:00:00,-0.18143494,0.05897173,4360694.650219674,-458327.4764384654,0.0
390,2.645669,46.66667,-6.0,2024-10-01 18:00:00,-0.18154815,0.064551435,4360694.650219674,-458327.4764384654,0.0
570,3.819495,46.66667,-6.0,2024-10-01 18:00:00,-0.18105288,0.06934682,4360694.650219674,-458327.4764384654,0.0
750,5.078224,46.66667,-6.0,2024-10-01 18:00:00,-0.1801594,0.07317734,4360694.650219674,-458327.4764384654,0.0
930,6.440614,46.66667,-6.0,2024-10-01 18:00:00,-0.17902038,0.076226175,4360694.650219674,-458327.4764384654,0.0
1110,7.92956,46.66667,-6.0,2024-10-01 18:00:00,-0.1776943,0.07872345,4360694.650219674,-458327.4764384654,0.0
1290,9.572997,46.66667,-6.0,2024-10-01 18:00:00,-0.17617762,0.08084406,4360694.650219674,-458327.4764384654,0.0
1470,11.405,46.66667,-6.0,2024-10-01 18:00:00,-0.17441966,0.08271394,4360694.650219674,-458327.4764384654,0.0
1650,13.46714,46.66667,-6.0,2024-10-01 18:00:00,-0.17227918,0.084439434,4360694.650219674,-458327.4764384654,0.0
1830,15.81007,46.66667,-6.0,2024-10-01 18:00:00,-0.16955279,0.08601565,4360694.650219674,-458327.4764384654,0.0
2010,18.49556,46.66667,-6.0,2024-10-01 18:00:00,-0.16590574,0.08748318,4360694.650219674,-458327.4764384654,0.0
2190,21.59882,46.66667,-6.0,2024-10-01 18:00:00,-0.16085632,0.088737175,4360694.650219674,-458327.4764384654,0.0
2370,25.21141,46.66667,-6.0,2024-10-01 18:00:00,-0.15519078,0.08911527,4360694.650219674,-458327.4764384654,0.0
2550,29.44473,46.66667,-6.0,2024-10-01 18:00:00,-0.14070283,0.08259016,4360694.650219674,-458327.4764384654,0.0
2730,34.43415,46.66667,-6.0,2024-10-01 18:00:00,-0.16136676,0.06994425,4360694.650219674,-458327.4764384654,0.0
2910,40.34405,46.66667,-6.0,2024-10-01 18:00:00,-0.19372587,0.11503935,4360694.650219674,-458327.4764384654,0.0
3090,47.37369,46.66667,-6.0,2024-10-01 18:00:00,-0.06648355,0.11860185,4360694.650219674,-458327.4764384654,0.0
3270,55.76429,46.66667,-6.0,2024-10-01 18:00:00,-0.089500755,0.091924235,4360694.650219674,-458327.4764384654,0.0
3450,65.80727,46.66667,-6.0,2024-10-01 18:00:00,-0.105038986,0.092018925,4360694.650219674,-458327.4764384654,0.0
3630,77.85385,46.66667,-6.0,2024-10-01 18:00:00,-0.110567324,0.10048851,4360694.650219674,-458327.4764384654,0.0
3810,92.32607,46.66667,-6.0,2024-10-01 18:00:00,-0.10883218,0.108509615,4360694.650219674,-458327.4764384654,0.0
3990,109.7293,46.66667,-6.0,2024-10-01 18:00:00,-0.106539756,0.11580161,4360694.650219674,-458327.4764384654,0.0
4170,130.666,46.66667,-6.0,2024-10-01 18:00:00,-0.10768551,0.11592472,4360694.650219674,-458327.4764384654,0.0
4350,155.8507,46.66667,-6.0,2024-10-01 18:00:00,-0.10142138,0.110756695,4360694.650219674,-458327.4764384654,0.0
4530,186.1256,46.66667,-6.0,2024-10-01 18:00:00,-0.09946212,0.09800932,4360694.650219674,-458327.4764384654,0.0
4710,222.4752,46.66667,-6.0,2024-10-01 18:00:00,-0.0865438,0.08715747,4360694.650219674,-458327.4764384654,0.0
4890,266.0403,46.66667,-6.0,2024-10-01 18:00:00,-0.083306745,0.07341531,4360694.650219674,-458327.4764384654,0.0
5070,318.1274,46.66667,-6.0,2024-10-01 18:00:00,-0.07726996,0.07685925,4360694.650219674,-458327.4764384654,0.0
5250,380.213,46.66667,-6.0,2024-10-01 18:00:00,-0.07439108,0.081060655,4360694.650219674,-458327.4764384654,0.0
5430,453.9377,46.66667,-6.0,2024-10-01 18:00:00,-0.068703435,0.07900065,4360694.650219674,-458327.4764384654,0.0
5610,541.0889,46.66667,-6.0,2024-10-01 18:00:00,-0.069890276,0.088498995,4360694.650219674,-458327.4764384654,0.0
5790,643.5668,46.66667,-6.0,2024-10-01 18:00:00,-0.062232476,0.10789561,4360694.650219674,-458327.4764384654,0.0
5970,763.3331,46.66667,-6.0,2024-10-01 18:00:00,-0.048013106,0.099717125,4360694.650219674,-458327.4764384654,0.0
6150,902.3393,46.66667,-6.0,2024-10-01 18:00:00,-0.02533909,0.10805037,4360694.650219674,-458327.4764384654,0.0
39,0.494025,46.75,-6.25,2024-10-01 18:00:00,-0.13154721,0.09653292,4351950.96357759,-476616.1460837916,0.0
219,1.541375,46.75,-6.25,2024-10-01 18:00:00,-0.13216451,0.10189141,4351950.96357759,-476616.1460837916,0.0
399,2.645669,46.75,-6.25,2024-10-01 18:00:00,-0.1322375,0.10684219,4351950.96357759,-476616.1460837916,0.0
579,3.819495,46.75,-6.25,2024-10-01 18:00:00,-0.13183758,0.111021,4351950.96357759,-476616.1460837916,0.0
759,5.078224,46.75,-6.25,2024-10-01 18:00:00,-0.13107458,0.11444794,4351950.96357759,-476616.1460837916,0.0
939,6.440614,46.75,-6.25,2024-10-01 18:00:00,-0.12994704,0.117460206,4351950.96357759,-476616.1460837916,0.0
1119,7.92956,46.75,-6.25,2024-10-01 18:00:00,-0.12797016,0.12125893,4351950.96357759,-476616.1460837916,0.0
1299,9.572997,46.75,-6.25,2024-10-01 18:00:00,-0.122439556,0.12918192,4351950.96357759,-476616.1460837916,0.0
1479,11.405,46.75,-6.25,2024-10-01 18:00:00,-0.10136939,0.13565941,4351950.96357759,-476616.1460837916,0.0
1659,13.46714,46.75,-6.25,2024-10-01 18:00:00,-0.07313573,0.12159453,4351950.96357759,-476616.1460837916,0.0
1839,15.81007,46.75,-6.25,2024-10-01 18:00:00,-0.06304272,0.08677407,4351950.96357759,-476616.1460837916,0.0
2019,18.49556,46.75,-6.25,2024-10-01 18:00:00,-0.0885469,0.061280847,4351950.96357759,-476616.1460837916,0.0
2199,21.59882,46.75,-6.25,2024-10-01 18:00:00,-0.11905714,0.0663064,4351950.96357759,-476616.1460837916,0.0
2379,25.21141,46.75,-6.25,2024-10-01 18:00:00,-0.12603164,0.06069979,4351950.96357759,-476616.1460837916,0.0
2559,29.44473,46.75,-6.25,2024-10-01 18:00:00,-0.13088082,0.052154314,4351950.96357759,-476616.1460837916,0.0
2739,34.43415,46.75,-6.25,2024-10-01 18:00:00,-0.13827562,0.046211563,4351950.96357759,-476616.1460837916,0.0
2919,40.34405,46.75,-6.25,2024-10-01 18:00:00,-0.13165353,0.048444945,4351950.96357759,-476616.1460837916,0.0
3099,47.37369,46.75,-6.25,2024-10-01 18:00:00,-0.0952529,0.06508874,4351950.96357759,-476616.1460837916,0.0
3279,55.76429,46.75,-6.25,2024-10-01 18:00:00,-0.031616524,0.050939955,4351950.96357759,-476616.1460837916,0.0
3459,65.80727,46.75,-6.25,2024-10-01 18:00:00,-0.028263655,0.05472332,4351950.96357759,-476616.1460837916,0.0
3639,77.85385,46.75,-6.25,2024-10-01 18:00:00,-0.035953235,0.06644732,4351950.96357759,-476616.1460837916,0.0
3819,92.32607,46.75,-6.25,2024-10-01 18:00:00,-0.03593142,0.07595419,4351950.96357759,-476616.1460837916,0.0
3999,109.7293,46.75,-6.25,2024-10-01 18:00:00,-0.03602864,0.076235734,4351950.96357759,-476616.1460837916,0.0
4179,130.666,46.75,-6.25,2024-10-01 18:00:00,-0.040076368,0.066290766,4351950.96357759,-476616.1460837916,0.0
4359,155.8507,46.75,-6.25,2024-10-01 18:00:00,-0.037057433,0.040740818,4351950.96357759,-476616.1460837916,0.0
4539,186.1256,46.75,-6.25,2024-10-01 18:00:00,-0.03952814,0.0049126823,4351950.96357759,-476616.1460837916,0.0
4719,222.4752,46.75,-6.25,2024-10-01 18:00:00,-0.05178051,-0.022173341,4351950.96357759,-476616.1460837916,0.0
4899,266.0403,46.75,-6.25,2024-10-01 18:00:00,-0.05407685,-0.038678024,4351950.96357759,-476616.1460837916,0.0
5079,318.1274,46.75,-6.25,2024-10-01 18:00:00,-0.03839925,-0.031479247,4351950.96357759,-476616.1460837916,0.0
5259,380.213,46.75,-6.25,2024-10-01 18:00:00,-0.02451831,0.015321771,4351950.96357759,-476616.1460837916,0.0
5439,453.9377,46.75,-6.25,2024-10-01 18:00:00,-0.021282813,0.038305573,4351950.96357759,-476616.1460837916,0.0
5619,541.0889,46.75,-6.25,2024-10-01 18:00:00,-0.019510359,0.037390403,4351950.96357759,-476616.1460837916,0.0
5799,643.5668,46.75,-6.25,2024-10-01 18:00:00,-0.017698208,0.03404312,4351950.96357759,-476616.1460837916,0.0
5979,763.3331,46.75,-6.25,2024-10-01 18:00:00,-0.009662428,0.031208906,4351950.96357759,-476616.1460837916,0.0
6159,902.3393,46.75,-6.25,2024-10-01 18:00:00,-0.016698083,0.030744705,4351950.96357759,-476616.1460837916,0.0
48,0.494025,46.75,-6.1666565,2024-10-01 18:00:00,-0.11805126,0.15807861,4352639.653859386,-470285.21531356085,0.0
228,1.541375,46.75,-6.1666565,2024-10-01 18:00:00,-0.118754916,0.16333972,4352639.653859386,-470285.21531356085,0.0
408,2.645669,46.75,-6.1666565,2024-10-01 18:00:00,-0.11893031,0.16815841,4352639.653859386,-470285.21531356085,0.0
588,3.819495,46.75,-6.1666565,2024-10-01 18:00:00,-0.11864452,0.17214157,4352639.653859386,-470285.21531356085,0.0
768,5.078224,46.75,-6.1666565,2024-10-01 18:00:00,-0.11802601,0.17526436,4352639.653859386,-470285.21531356085,0.0
948,6.440614,46.75,-6.1666565,2024-10-01 18:00:00,-0.117145754,0.1777244,4352639.653859386,-470285.21531356085,0.0
1128,7.92956,46.75,-6.1666565,2024-10-01 18:00:00,-0.1158728,0.17989898,4352639.653859386,-470285.21531356085,0.0
1308,9.572997,46.75,-6.1666565,2024-10-01 18:00:00,-0.11330457,0.18218924,4352639.653859386,-470285.21531356085,0.0
1488,11.405,46.75,-6.1666565,2024-10-01 18:00:00,-0.101728104,0.18590547,4352639.653859386,-470285.21531356085,0.0
1668,13.46714,46.75,-6.1666565,2024-10-01 18:00:00,-0.07459901,0.17370068,4352639.653859386,-470285.21531356085,0.0
1848,15.81007,46.75,-6.1666565,2024-10-01 18:00:00,-0.05381865,0.12817177,4352639.653859386,-470285.21531356085,0.0
2028,18.49556,46.75,-6.1666565,2024-10-01 18:00:00,-0.06842414,0.075484574,4352639.653859386,-470285.21531356085,0.0
2208,21.59882,46.75,-6.1666565,2024-10-01 18:00:00,-0.14133017,0.07893847,4352639.653859386,-470285.21531356085,0.0
2388,25.21141,46.75,-6.1666565,2024-10-01 18:00:00,-0.16431396,0.07944126,4352639.653859386,-470285.21531356085,0.0
2568,29.44473,46.75,-6.1666565,2024-10-01 18:00:00,-0.15846007,0.074821904,4352639.653859386,-470285.21531356085,0.0
2748,34.43415,46.75,-6.1666565,2024-10-01 18:00:00,-0.15347922,0.06390546,4352639.653859386,-470285.21531356085,0.0
2928,40.34405,46.75,-6.1666565,2024-10-01 18:00:00,-0.14698653,0.06938298,4352639.653859386,-470285.21531356085,0.0
3108,47.37369,46.75,-6.1666565,2024-10-01 18:00:00,-0.07875499,0.07303492,4352639.653859386,-470285.21531356085,0.0
3288,55.76429,46.75,-6.1666565,2024-10-01 18:00:00,-0.04015971,0.04022808,4352639.653859386,-470285.21531356085,0.0
3468,65.80727,46.75,-6.1666565,2024-10-01 18:00:00,-0.051378086,0.03705482,4352639.653859386,-470285.21531356085,0.0
3648,77.85385,46.75,-6.1666565,2024-10-01 18:00:00,-0.05496475,0.04560774,4352639.653859386,-470285.21531356085,0.0
3828,92.32607,46.75,-6.1666565,2024-10-01 18:00:00,-0.05434075,0.054425225,4352639.653859386,-470285.21531356085,0.0
4008,109.7293,46.75,-6.1666565,2024-10-01 18:00:00,-0.057476602,0.05518473,4352639.653859386,-470285.21531356085,0.0
4188,130.666,46.75,-6.1666565,2024-10-01 18:00:00,-0.061553374,0.042972174,4352639.653859386,-470285.21531356085,0.0
4368,155.8507,46.75,-6.1666565,2024-10-01 18:00:00,-0.060046777,0.027262574,4352639.653859386,-470285.21531356085,0.0
4548,186.1256,46.75,-6.1666565,2024-10-01 18:00:00,-0.049458094,0.021590106,4352639.653859386,-470285.21531356085,0.0
4728,222.4752,46.75,-6.1666565,2024-10-01 18:00:00,-0.049173754,0.022096008,4352639.653859386,-470285.21531356085,0.0
4908,266.0403,46.75,-6.1666565,2024-10-01 18:00:00,-0.040041864,0.021681758,4352639.653859386,-470285.21531356085,0.0
5088,318.1274,46.75,-6.1666565,2024-10-01 18:00:00,-0.0295861,0.045027908,4352639.653859386,-470285.21531356085,0.0
5268,380.213,46.75,-6.1666565,2024-10-01 18:00:00,-0.030423274,0.07372361,4352639.653859386,-470285.21531356085,0.0
5448,453.9377,46.75,-6.1666565,2024-10-01 18:00:00,-0.031613547,0.08274295,4352639.653859386,-470285.21531356085,0.0
5628,541.0889,46.75,-6.1666565,2024-10-01 18:00:00,-0.040475152,0.08610513,4352639.653859386,-470285.21531356085,0.0
5808,643.5668,46.75,-6.1666565,2024-10-01 18:00:00,-0.035302546,0.071440876,4352639.653859386,-470285.21531356085,0.0
5988,763.3331,46.75,-6.1666565,2024-10-01 18:00:00,-0.037784792,0.062925525,4352639.653859386,-470285.21531356085,0.0
6168,902.3393,46.75,-6.1666565,2024-10-01 18:00:00,-0.04080404,0.08867115,4352639.653859386,-470285.21531356085,0.0
57,0.494025,46.75,-6.0833282,2024-10-01 18:00:00,-0.13952076,0.14292978,4353319.010767862,-463954.44881885045,0.0
237,1.541375,46.75,-6.0833282,2024-10-01 18:00:00,-0.14037041,0.14823586,4353319.010767862,-463954.44881885045,0.0
417,2.645669,46.75,-6.0833282,2024-10-01 18:00:00,-0.14072669,0.15319982,4353319.010767862,-463954.44881885045,0.0
597,3.819495,46.75,-6.0833282,2024-10-01 18:00:00,-0.14062409,0.15737721,4353319.010767862,-463954.44881885045,0.0
777,5.078224,46.75,-6.0833282,2024-10-01 18:00:00,-0.14017336,0.16070251,4353319.010767862,-463954.44881885045,0.0
957,6.440614,46.75,-6.0833282,2024-10-01 18:00:00,-0.13945308,0.1633363,4353319.010767862,-463954.44881885045,0.0
1137,7.92956,46.75,-6.0833282,2024-10-01 18:00:00,-0.1384435,0.16549134,4353319.010767862,-463954.44881885045,0.0
1317,9.572997,46.75,-6.0833282,2024-10-01 18:00:00,-0.13681954,0.16746989,4353319.010767862,-463954.44881885045,0.0
1497,11.405,46.75,-6.0833282,2024-10-01 18:00:00,-0.13174276,0.16971304,4353319.010767862,-463954.44881885045,0.0
1677,13.46714,46.75,-6.0833282,2024-10-01 18:00:00,-0.114421174,0.17189273,4353319.010767862,-463954.44881885045,0.0
1857,15.81007,46.75,-6.0833282,2024-10-01 18:00:00,-0.09464468,0.14946881,4353319.010767862,-463954.44881885045,0.0
2037,18.49556,46.75,-6.0833282,2024-10-01 18:00:00,-0.09795755,0.11198353,4353319.010767862,-463954.44881885045,0.0
2217,21.59882,46.75,-6.0833282,2024-10-01 18:00:00,-0.121443965,0.091737226,4353319.010767862,-463954.44881885045,0.0
2397,25.21141,46.75,-6.0833282,2024-10-01 18:00:00,-0.13485743,0.076470874,4353319.010767862,-463954.44881885045,0.0
2577,29.44473,46.75,-6.0833282,2024-10-01 18:00:00,-0.14767206,0.06907803,4353319.010767862,-463954.44881885045,0.0
2757,34.43415,46.75,-6.0833282,2024-10-01 18:00:00,-0.16145574,0.054676242,4353319.010767862,-463954.44881885045,0.0
2937,40.34405,46.75,-6.0833282,2024-10-01 18:00:00,-0.1767497,0.071082115,4353319.010767862,-463954.44881885045,0.0
3117,47.37369,46.75,-6.0833282,2024-10-01 18:00:00,-0.053907197,0.0784191,4353319.010767862,-463954.44881885045,0.0
3297,55.76429,46.75,-6.0833282,2024-10-01 18:00:00,-0.041588645,0.03429799,4353319.010767862,-463954.44881885045,0.0
3477,65.80727,46.75,-6.0833282,2024-10-01 18:00:00,-0.05940053,0.036117602,4353319.010767862,-463954.44881885045,0.0
3657,77.85385,46.75,-6.0833282,2024-10-01 18:00:00,-0.06572756,0.048546586,4353319.010767862,-463954.44881885045,0.0
3837,92.32607,46.75,-6.0833282,2024-10-01 18:00:00,-0.06809417,0.0610519,4353319.010767862,-463954.44881885045,0.0
4017,109.7293,46.75,-6.0833282,2024-10-01 18:00:00,-0.0704201,0.06754675,4353319.010767862,-463954.44881885045,0.0
4197,130.666,46.75,-6.0833282,2024-10-01 18:00:00,-0.0658713,0.066018514,4353319.010767862,-463954.44881885045,0.0
4377,155.8507,46.75,-6.0833282,2024-10-01 18:00:00,-0.056674182,0.06579983,4353319.010767862,-463954.44881885045,0.0
4557,186.1256,46.75,-6.0833282,2024-10-01 18:00:00,-0.046413813,0.07592318,4353319.010767862,-463954.44881885045,0.0
4737,222.4752,46.75,-6.0833282,2024-10-01 18:00:00,-0.048187673,0.0997369,4353319.010767862,-463954.44881885045,0.0
4917,266.0403,46.75,-6.0833282,2024-10-01 18:00:00,-0.04325351,0.12336989,4353319.010767862,-463954.44881885045,0.0
5097,318.1274,46.75,-6.0833282,2024-10-01 18:00:00,-0.044359483,0.11993116,4353319.010767862,-463954.44881885045,0.0
5277,380.213,46.75,-6.0833282,2024-10-01 18:00:00,-0.050450668,0.10943211,4353319.010767862,-463954.44881885045,0.0
5457,453.9377,46.75,-6.0833282,2024-10-01 18:00:00,-0.058682647,0.107804485,4353319.010767862,-463954.44881885045,0.0
5637,541.0889,46.75,-6.0833282,2024-10-01 18:00:00,-0.06153166,0.11107526,4353319.010767862,-463954.44881885045,0.0
5817,643.5668,46.75,-6.0833282,2024-10-01 18:00:00,-0.05957494,0.116766766,4353319.010767862,-463954.44881885045,0.0
5997,763.3331,46.75,-6.0833282,2024-10-01 18:00:00,-0.05948364,0.096067764,4353319.010767862,-463954.44881885045,0.0
6177,902.3393,46.75,-6.0833282,2024-10-01 18:00:00,-0.05634779,0.10292671,4353319.010767862,-463954.44881885045,0.0
66,0.494025,46.75,-6.0,2024-10-01 18:00:00,-0.16314942,0.09144917,4353989.159796485,-457622.70099545474,0.0
246,1.541375,46.75,-6.0,2024-10-01 18:00:00,-0.16404796,0.09682897,4353989.159796485,-457622.70099545474,0.0
426,2.645669,46.75,-6.0,2024-10-01 18:00:00,-0.16439599,0.10201529,4353989.159796485,-457622.70099545474,0.0
606,3.819495,46.75,-6.0,2024-10-01 18:00:00,-0.16421454,0.10652962,4353989.159796485,-457622.70099545474,0.0
786,5.078224,46.75,-6.0,2024-10-01 18:00:00,-0.16361712,0.11026092,4353989.159796485,-457622.70099545474,0.0
966,6.440614,46.75,-6.0,2024-10-01 18:00:00,-0.16269098,0.11334696,4353989.159796485,-457622.70099545474,0.0
1146,7.92956,46.75,-6.0,2024-10-01 18:00:00,-0.1614392,0.11599208,4353989.159796485,-457622.70099545474,0.0
1326,9.572997,46.75,-6.0,2024-10-01 18:00:00,-0.15970485,0.118453,4353989.159796485,-457622.70099545474,0.0
1506,11.405,46.75,-6.0,2024-10-01 18:00:00,-0.15665142,0.12129045,4353989.159796485,-457622.70099545474,0.0
1686,13.46714,46.75,-6.0,2024-10-01 18:00:00,-0.1495871,0.12520036,4353989.159796485,-457622.70099545474,0.0
1866,15.81007,46.75,-6.0,2024-10-01 18:00:00,-0.13705745,0.12592152,4353989.159796485,-457622.70099545474,0.0
2046,18.49556,46.75,-6.0,2024-10-01 18:00:00,-0.12282616,0.11681718,4353989.159796485,-457622.70099545474,0.0
2226,21.59882,46.75,-6.0,2024-10-01 18:00:00,-0.11831822,0.1075384,4353989.159796485,-457622.70099545474,0.0
2406,25.21141,46.75,-6.0,2024-10-01 18:00:00,-0.12273555,0.08386978,4353989.159796485,-457622.70099545474,0.0
2586,29.44473,46.75,-6.0,2024-10-01 18:00:00,-0.12912774,0.06266484,4353989.159796485,-457622.70099545474,0.0
2766,34.43415,46.75,-6.0,2024-10-01 18:00:00,-0.14866513,0.053827442,4353989.159796485,-457622.70099545474,0.0
2946,40.34405,46.75,-6.0,2024-10-01 18:00:00,-0.18399313,0.09432264,4353989.159796485,-457622.70099545474,0.0
3126,47.37369,46.75,-6.0,2024-10-01 18:00:00,-0.032134783,0.10474926,4353989.159796485,-457622.70099545474,0.0
3306,55.76429,46.75,-6.0,2024-10-01 18:00:00,-0.04341205,0.06710136,4353989.159796485,-457622.70099545474,0.0
3486,65.80727,46.75,-6.0,2024-10-01 18:00:00,-0.065221496,0.064954326,4353989.159796485,-457622.70099545474,0.0
3666,77.85385,46.75,-6.0,2024-10-01 18:00:00,-0.07196695,0.078667544,4353989.159796485,-457622.70099545474,0.0
3846,92.32607,46.75,-6.0,2024-10-01 18:00:00,-0.07402295,0.09844572,4353989.159796485,-457622.70099545474,0.0
4026,109.7293,46.75,-6.0,2024-10-01 18:00:00,-0.076281,0.11387242,4353989.159796485,-457622.70099545474,0.0
4206,130.666,46.75,-6.0,2024-10-01 18:00:00,-0.07215458,0.12312676,4353989.159796485,-457622.70099545474,0.0
4386,155.8507,46.75,-6.0,2024-10-01 18:00:00,-0.061152518,0.12753643,4353989.159796485,-457622.70099545474,0.0
4566,186.1256,46.75,-6.0,2024-10-01 18:00:00,-0.058231935,0.12637472,4353989.159796485,-457622.70099545474,0.0
4746,222.4752,46.75,-6.0,2024-10-01 18:00:00,-0.0671423,0.11482975,4353989.159796485,-457622.70099545474,0.0
4926,266.0403,46.75,-6.0,2024-10-01 18:00:00,-0.07482388,0.09297137,4353989.159796485,-457622.70099545474,0.0
5106,318.1274,46.75,-6.0,2024-10-01 18:00:00,-0.0698562,0.083981976,4353989.159796485,-457622.70099545474,0.0
5286,380.213,46.75,-6.0,2024-10-01 18:00:00,-0.07104692,0.098068394,4353989.159796485,-457622.70099545474,0.0
5466,453.9377,46.75,-6.0,2024-10-01 18:00:00,-0.071639776,0.095392555,4353989.159796485,-457622.70099545474,0.0
5646,541.0889,46.75,-6.0,2024-10-01 18:00:00,-0.07305733,0.09705941,4353989.159796485,-457622.70099545474,0.0
5826,643.5668,46.75,-6.0,2024-10-01 18:00:00,-0.072347194,0.115329176,4353989.159796485,-457622.70099545474,0.0
6006,763.3331,46.75,-6.0,2024-10-01 18:00:00,-0.07532654,0.10850104,4353989.159796485,-457622.70099545474,0.0
6186,902.3393,46.75,-6.0,2024-10-01 18:00:00,-0.06305538,0.12545332,4353989.159796485,-457622.70099545474,0.0
75,0.494025,46.833336,-6.25,2024-10-01 18:00:00,-0.16405354,0.0981469,4345238.723142079,-475881.0361998027,0.0
255,1.541375,46.833336,-6.25,2024-10-01 18:00:00,-0.16474663,0.103506066,4345238.723142079,-475881.0361998027,0.0
435,2.645669,46.833336,-6.25,2024-10-01 18:00:00,-0.16494632,0.10855328,4345238.723142079,-475881.0361998027,0.0
615,3.819495,46.833336,-6.25,2024-10-01 18:00:00,-0.16468279,0.11293367,4345238.723142079,-475881.0361998027,0.0
795,5.078224,46.833336,-6.25,2024-10-01 18:00:00,-0.16402256,0.11661471,4345238.723142079,-475881.0361998027,0.0
975,6.440614,46.833336,-6.25,2024-10-01 18:00:00,-0.16294059,0.11982131,4345238.723142079,-475881.0361998027,0.0
1155,7.92956,46.833336,-6.25,2024-10-01 18:00:00,-0.16088334,0.123287894,4345238.723142079,-475881.0361998027,0.0
1335,9.572997,46.833336,-6.25,2024-10-01 18:00:00,-0.15305918,0.13062318,4345238.723142079,-475881.0361998027,0.0
1515,11.405,46.833336,-6.25,2024-10-01 18:00:00,-0.1309732,0.13831139,4345238.723142079,-475881.0361998027,0.0
1695,13.46714,46.833336,-6.25,2024-10-01 18:00:00,-0.10496982,0.13090783,4345238.723142079,-475881.0361998027,0.0
1875,15.81007,46.833336,-6.25,2024-10-01 18:00:00,-0.09670817,0.10828063,4345238.723142079,-475881.0361998027,0.0
2055,18.49556,46.833336,-6.25,2024-10-01 18:00:00,-0.10775928,0.093469486,4345238.723142079,-475881.0361998027,0.0
2235,21.59882,46.833336,-6.25,2024-10-01 18:00:00,-0.11747156,0.09239964,4345238.723142079,-475881.0361998027,0.0
2415,25.21141,46.833336,-6.25,2024-10-01 18:00:00,-0.124675594,0.08771774,4345238.723142079,-475881.0361998027,0.0
2595,29.44473,46.833336,-6.25,2024-10-01 18:00:00,-0.13385397,0.08137681,4345238.723142079,-475881.0361998027,0.0
2775,34.43415,46.833336,-6.25,2024-10-01 18:00:00,-0.1411448,0.074278876,4345238.723142079,-475881.0361998027,0.0
2955,40.34405,46.833336,-6.25,2024-10-01 18:00:00,-0.13308172,0.06812745,4345238.723142079,-475881.0361998027,0.0
3135,47.37369,46.833336,-6.25,2024-10-01 18:00:00,-0.10578014,0.0864697,4345238.723142079,-475881.0361998027,0.0
3315,55.76429,46.833336,-6.25,2024-10-01 18:00:00,-0.03560196,0.06311959,4345238.723142079,-475881.0361998027,0.0
3495,65.80727,46.833336,-6.25,2024-10-01 18:00:00,-0.04703252,0.07707898,4345238.723142079,-475881.0361998027,0.0
3675,77.85385,46.833336,-6.25,2024-10-01 18:00:00,-0.050552085,0.10257579,4345238.723142079,-475881.0361998027,0.0
3855,92.32607,46.833336,-6.25,2024-10-01 18:00:00,-0.048907872,0.11667887,4345238.723142079,-475881.0361998027,0.0
4035,109.7293,46.833336,-6.25,2024-10-01 18:00:00,-0.048561666,0.11477369,4345238.723142079,-475881.0361998027,0.0
4215,130.666,46.833336,-6.25,2024-10-01 18:00:00,-0.046550803,0.10134561,4345238.723142079,-475881.0361998027,0.0
4395,155.8507,46.833336,-6.25,2024-10-01 18:00:00,-0.038930148,0.07049311,4345238.723142079,-475881.0361998027,0.0
4575,186.1256,46.833336,-6.25,2024-10-01 18:00:00,-0.031860672,0.045552354,4345238.723142079,-475881.0361998027,0.0
4755,222.4752,46.833336,-6.25,2024-10-01 18:00:00,-0.018573055,0.009574137,4345238.723142079,-475881.0361998027,0.0
4935,266.0403,46.833336,-6.25,2024-10-01 18:00:00,-0.014397638,-0.015317743,4345238.723142079,-475881.0361998027,0.0
5115,318.1274,46.833336,-6.25,2024-10-01 18:00:00,-0.0080984,-0.013820125,4345238.723142079,-475881.0361998027,0.0
5295,380.213,46.833336,-6.25,2024-10-01 18:00:00,-0.022915654,0.015241066,4345238.723142079,-475881.0361998027,0.0
5475,453.9377,46.833336,-6.25,2024-10-01 18:00:00,-0.03558542,0.04073101,4345238.723142079,-475881.0361998027,0.0
5655,541.0889,46.833336,-6.25,2024-10-01 18:00:00,-0.032711357,0.05533695,4345238.723142079,-475881.0361998027,0.0
5835,643.5668,46.833336,-6.25,2024-10-01 18:00:00,-0.02583915,0.059699554,4345238.723142079,-475881.0361998027,0.0
6015,763.3331,46.833336,-6.25,2024-10-01 18:00:00,-0.02527911,0.061014835,4345238.723142079,-475881.0361998027,0.0
6195,902.3393,46.833336,-6.25,2024-10-01 18:00:00,-0.052808866,0.05737696,4345238.723142079,-475881.0361998027,0.0
84,0.494025,46.833336,-6.1666565,2024-10-01 18:00:00,-0.1690009,0.14582214,4345926.351221016,-469559.8699535443,0.0
264,1.541375,46.833336,-6.1666565,2024-10-01 18:00:00,-0.16974117,0.15102763,4345926.351221016,-469559.8699535443,0.0
444,2.645669,46.833336,-6.1666565,2024-10-01 18:00:00,-0.16997969,0.15585934,4345926.351221016,-469559.8699535443,0.0
624,3.819495,46.833336,-6.1666565,2024-10-01 18:00:00,-0.16975921,0.15999347,4345926.351221016,-469559.8699535443,0.0
804,5.078224,46.833336,-6.1666565,2024-10-01 18:00:00,-0.16915959,0.16341661,4345926.351221016,-469559.8699535443,0.0
984,6.440614,46.833336,-6.1666565,2024-10-01 18:00:00,-0.16816944,0.16637784,4345926.351221016,-469559.8699535443,0.0
1164,7.92956,46.833336,-6.1666565,2024-10-01 18:00:00,-0.16615692,0.16995788,4345926.351221016,-469559.8699535443,0.0
1344,9.572997,46.833336,-6.1666565,2024-10-01 18:00:00,-0.1547115,0.18040313,4345926.351221016,-469559.8699535443,0.0
1524,11.405,46.833336,-6.1666565,2024-10-01 18:00:00,-0.122786336,0.18539745,4345926.351221016,-469559.8699535443,0.0
1704,13.46714,46.833336,-6.1666565,2024-10-01 18:00:00,-0.0928537,0.16385472,4345926.351221016,-469559.8699535443,0.0
1884,15.81007,46.833336,-6.1666565,2024-10-01 18:00:00,-0.09093588,0.12299376,4345926.351221016,-469559.8699535443,0.0
2064,18.49556,46.833336,-6.1666565,2024-10-01 18:00:00,-0.12234099,0.0948028,4345926.351221016,-469559.8699535443,0.0
2244,21.59882,46.833336,-6.1666565,2024-10-01 18:00:00,-0.15934834,0.10135248,4345926.351221016,-469559.8699535443,0.0
2424,25.21141,46.833336,-6.1666565,2024-10-01 18:00:00,-0.16174458,0.105061956,4345926.351221016,-469559.8699535443,0.0
2604,29.44473,46.833336,-6.1666565,2024-10-01 18:00:00,-0.15723903,0.09669982,4345926.351221016,-469559.8699535443,0.0
2784,34.43415,46.833336,-6.1666565,2024-10-01 18:00:00,-0.15363929,0.08302245,4345926.351221016,-469559.8699535443,0.0
2964,40.34405,46.833336,-6.1666565,2024-10-01 18:00:00,-0.1384333,0.087135196,4345926.351221016,-469559.8699535443,0.0
3144,47.37369,46.833336,-6.1666565,2024-10-01 18:00:00,-0.07347759,0.09168697,4345926.351221016,-469559.8699535443,0.0
3324,55.76429,46.833336,-6.1666565,2024-10-01 18:00:00,-0.03052485,0.051965564,4345926.351221016,-469559.8699535443,0.0
3504,65.80727,46.833336,-6.1666565,2024-10-01 18:00:00,-0.04552541,0.04890557,4345926.351221016,-469559.8699535443,0.0
3684,77.85385,46.833336,-6.1666565,2024-10-01 18:00:00,-0.050794344,0.054025542,4345926.351221016,-469559.8699535443,0.0
3864,92.32607,46.833336,-6.1666565,2024-10-01 18:00:00,-0.04985497,0.06402224,4345926.351221016,-469559.8699535443,0.0
4044,109.7293,46.833336,-6.1666565,2024-10-01 18:00:00,-0.051821012,0.06704139,4345926.351221016,-469559.8699535443,0.0
4224,130.666,46.833336,-6.1666565,2024-10-01 18:00:00,-0.054395504,0.061380487,4345926.351221016,-469559.8699535443,0.0
4404,155.8507,46.833336,-6.1666565,2024-10-01 18:00:00,-0.04912346,0.04799425,4345926.351221016,-469559.8699535443,0.0
4584,186.1256,46.833336,-6.1666565,2024-10-01 18:00:00,-0.051158197,0.04846378,4345926.351221016,-469559.8699535443,0.0
4764,222.4752,46.833336,-6.1666565,2024-10-01 18:00:00,-0.04667391,0.035022333,4345926.351221016,-469559.8699535443,0.0
4944,266.0403,46.833336,-6.1666565,2024-10-01 18:00:00,-0.032841325,0.019965157,4345926.351221016,-469559.8699535443,0.0
5124,318.1274,46.833336,-6.1666565,2024-10-01 18:00:00,-0.023966085,0.039576497,4345926.351221016,-469559.8699535443,0.0
5304,380.213,46.833336,-6.1666565,2024-10-01 18:00:00,-0.02658185,0.078431726,4345926.351221016,-469559.8699535443,0.0
5484,453.9377,46.833336,-6.1666565,2024-10-01 18:00:00,-0.027750019,0.085702784,4345926.351221016,-469559.8699535443,0.0
5664,541.0889,46.833336,-6.1666565,2024-10-01 18:00:00,-0.039852947,0.08790646,4345926.351221016,-469559.8699535443,0.0
5844,643.5668,46.833336,-6.1666565,2024-10-01 18:00:00,-0.05058231,0.091114655,4345926.351221016,-469559.8699535443,0.0
6024,763.3331,46.833336,-6.1666565,2024-10-01 18:00:00,-0.05069053,0.09395484,4345926.351221016,-469559.8699535443,0.0
6204,902.3393,46.833336,-6.1666565,2024-10-01 18:00:00,-0.077584855,0.10727084,4345926.351221016,-469559.8699535443,0.0
93,0.494025,46.833336,-6.0833282,2024-10-01 18:00:00,-0.16056655,0.16132957,4346604.66032198,-463238.86772943556,0.0
273,1.541375,46.833336,-6.0833282,2024-10-01 18:00:00,-0.16136344,0.16649377,4346604.66032198,-463238.86772943556,0.0
453,2.645669,46.833336,-6.0833282,2024-10-01 18:00:00,-0.16166973,0.17129318,4346604.66032198,-463238.86772943556,0.0
633,3.819495,46.833336,-6.0833282,2024-10-01 18:00:00,-0.16152184,0.17538875,4346604.66032198,-463238.86772943556,0.0
813,5.078224,46.833336,-6.0833282,2024-10-01 18:00:00,-0.16100164,0.17874521,4346604.66032198,-463238.86772943556,0.0
993,6.440614,46.833336,-6.0833282,2024-10-01 18:00:00,-0.16012508,0.18155184,4346604.66032198,-463238.86772943556,0.0
1173,7.92956,46.833336,-6.0833282,2024-10-01 18:00:00,-0.15854941,0.18435004,4346604.66032198,-463238.86772943556,0.0
1353,9.572997,46.833336,-6.0833282,2024-10-01 18:00:00,-0.15222995,0.19033174,4346604.66032198,-463238.86772943556,0.0
1533,11.405,46.833336,-6.0833282,2024-10-01 18:00:00,-0.12882875,0.19617617,4346604.66032198,-463238.86772943556,0.0
1713,13.46714,46.833336,-6.0833282,2024-10-01 18:00:00,-0.09826257,0.17878687,4346604.66032198,-463238.86772943556,0.0
1893,15.81007,46.833336,-6.0833282,2024-10-01 18:00:00,-0.089859724,0.13444833,4346604.66032198,-463238.86772943556,0.0
2073,18.49556,46.833336,-6.0833282,2024-10-01 18:00:00,-0.111891076,0.08705465,4346604.66032198,-463238.86772943556,0.0
2253,21.59882,46.833336,-6.0833282,2024-10-01 18:00:00,-0.15706713,0.086146094,4346604.66032198,-463238.86772943556,0.0
2433,25.21141,46.833336,-6.0833282,2024-10-01 18:00:00,-0.16574231,0.10464009,4346604.66032198,-463238.86772943556,0.0
2613,29.44473,46.833336,-6.0833282,2024-10-01 18:00:00,-0.15840434,0.104416855,4346604.66032198,-463238.86772943556,0.0
2793,34.43415,46.833336,-6.0833282,2024-10-01 18:00:00,-0.14956631,0.08418079,4346604.66032198,-463238.86772943556,0.0
2973,40.34405,46.833336,-6.0833282,2024-10-01 18:00:00,-0.15538979,0.091314614,4346604.66032198,-463238.86772943556,0.0
3153,47.37369,46.833336,-6.0833282,2024-10-01 18:00:00,-0.03548873,0.08589281,4346604.66032198,-463238.86772943556,0.0
3333,55.76429,46.833336,-6.0833282,2024-10-01 18:00:00,-0.026810056,0.032369513,4346604.66032198,-463238.86772943556,0.0
3513,65.80727,46.833336,-6.0833282,2024-10-01 18:00:00,-0.05206296,0.033532944,4346604.66032198,-463238.86772943556,0.0
3693,77.85385,46.833336,-6.0833282,2024-10-01 18:00:00,-0.061829057,0.0478498,4346604.66032198,-463238.86772943556,0.0
3873,92.32607,46.833336,-6.0833282,2024-10-01 18:00:00,-0.06936015,0.0631793,4346604.66032198,-463238.86772943556,0.0
4053,109.7293,46.833336,-6.0833282,2024-10-01 18:00:00,-0.07503378,0.06831652,4346604.66032198,-463238.86772943556,0.0
4233,130.666,46.833336,-6.0833282,2024-10-01 18:00:00,-0.06964366,0.06770533,4346604.66032198,-463238.86772943556,0.0
4413,155.8507,46.833336,-6.0833282,2024-10-01 18:00:00,-0.059194878,0.069893055,4346604.66032198,-463238.86772943556,0.0
4593,186.1256,46.833336,-6.0833282,2024-10-01 18:00:00,-0.05870288,0.07590963,4346604.66032198,-463238.86772943556,0.0
4773,222.4752,46.833336,-6.0833282,2024-10-01 18:00:00,-0.05195853,0.09276645,4346604.66032198,-463238.86772943556,0.0
4953,266.0403,46.833336,-6.0833282,2024-10-01 18:00:00,-0.038583837,0.11861975,4346604.66032198,-463238.86772943556,0.0
5133,318.1274,46.833336,-6.0833282,2024-10-01 18:00:00,-0.01857194,0.13236848,4346604.66032198,-463238.86772943556,0.0
5313,380.213,46.833336,-6.0833282,2024-10-01 18:00:00,-0.030728094,0.13043532,4346604.66032198,-463238.86772943556,0.0
5493,453.9377,46.833336,-6.0833282,2024-10-01 18:00:00,-0.030174132,0.1318851,4346604.66032198,-463238.86772943556,0.0
5673,541.0889,46.833336,-6.0833282,2024-10-01 18:00:00,-0.038147736,0.14347969,4346604.66032198,-463238.86772943556,0.0
5853,643.5668,46.833336,-6.0833282,2024-10-01 18:00:00,-0.058613114,0.13883945,4346604.66032198,-463238.86772943556,0.0
6033,763.3331,46.833336,-6.0833282,2024-10-01 18:00:00,-0.07020072,0.11445452,4346604.66032198,-463238.86772943556,0.0
6213,902.3393,46.833336,-6.0833282,2024-10-01 18:00:00,-0.082267076,0.115234494,4346604.66032198,-463238.86772943556,0.0
102,0.494025,46.833336,-6.0,2024-10-01 18:00:00,-0.14924577,0.13466941,4347273.775744883,-456916.88569019584,0.0
282,1.541375,46.833336,-6.0,2024-10-01 18:00:00,-0.15009665,0.13986726,4347273.775744883,-456916.88569019584,0.0
462,2.645669,46.833336,-6.0,2024-10-01 18:00:00,-0.1504654,0.1447815,4347273.775744883,-456916.88569019584,0.0
642,3.819495,46.833336,-6.0,2024-10-01 18:00:00,-0.15036513,0.14904472,4347273.775744883,-456916.88569019584,0.0
822,5.078224,46.833336,-6.0,2024-10-01 18:00:00,-0.14987576,0.15258302,4347273.775744883,-456916.88569019584,0.0
1002,6.440614,46.833336,-6.0,2024-10-01 18:00:00,-0.1490498,0.15552954,4347273.775744883,-456916.88569019584,0.0
1182,7.92956,46.833336,-6.0,2024-10-01 18:00:00,-0.14780454,0.15813735,4347273.775744883,-456916.88569019584,0.0
1362,9.572997,46.833336,-6.0,2024-10-01 18:00:00,-0.14528506,0.16119923,4347273.775744883,-456916.88569019584,0.0
1542,11.405,46.833336,-6.0,2024-10-01 18:00:00,-0.13816838,0.16837193,4347273.775744883,-456916.88569019584,0.0
1722,13.46714,46.833336,-6.0,2024-10-01 18:00:00,-0.12779626,0.17114884,4347273.775744883,-456916.88569019584,0.0
1902,15.81007,46.833336,-6.0,2024-10-01 18:00:00,-0.11923012,0.1556404,4347273.775744883,-456916.88569019584,0.0
2082,18.49556,46.833336,-6.0,2024-10-01 18:00:00,-0.11153193,0.13151759,4347273.775744883,-456916.88569019584,0.0
2262,21.59882,46.833336,-6.0,2024-10-01 18:00:00,-0.11973937,0.119362324,4347273.775744883,-456916.88569019584,0.0
2442,25.21141,46.833336,-6.0,2024-10-01 18:00:00,-0.12998667,0.1025695,4347273.775744883,-456916.88569019584,0.0
2622,29.44473,46.833336,-6.0,2024-10-01 18:00:00,-0.14816983,0.08717679,4347273.775744883,-456916.88569019584,0.0
2802,34.43415,46.833336,-6.0,2024-10-01 18:00:00,-0.15753952,0.07457806,4347273.775744883,-456916.88569019584,0.0
2982,40.34405,46.833336,-6.0,2024-10-01 18:00:00,-0.1792154,0.09771157,4347273.775744883,-456916.88569019584,0.0
3162,47.37369,46.833336,-6.0,2024-10-01 18:00:00,-0.01374977,0.0856259,4347273.775744883,-456916.88569019584,0.0
3342,55.76429,46.833336,-6.0,2024-10-01 18:00:00,-0.037029654,0.041558042,4347273.775744883,-456916.88569019584,0.0
3522,65.80727,46.833336,-6.0,2024-10-01 18:00:00,-0.062302396,0.0492642,4347273.775744883,-456916.88569019584,0.0
3702,77.85385,46.833336,-6.0,2024-10-01 18:00:00,-0.07849787,0.06623966,4347273.775744883,-456916.88569019584,0.0
3882,92.32607,46.833336,-6.0,2024-10-01 18:00:00,-0.08996366,0.08746948,4347273.775744883,-456916.88569019584,0.0
4062,109.7293,46.833336,-6.0,2024-10-01 18:00:00,-0.09531016,0.09913453,4347273.775744883,-456916.88569019584,0.0
4242,130.666,46.833336,-6.0,2024-10-01 18:00:00,-0.08697959,0.107696496,4347273.775744883,-456916.88569019584,0.0
4422,155.8507,46.833336,-6.0,2024-10-01 18:00:00,-0.07115577,0.124915175,4347273.775744883,-456916.88569019584,0.0
4602,186.1256,46.833336,-6.0,2024-10-01 18:00:00,-0.06764806,0.13202754,4347273.775744883,-456916.88569019584,0.0
4782,222.4752,46.833336,-6.0,2024-10-01 18:00:00,-0.057706468,0.14611861,4347273.775744883,-456916.88569019584,0.0
4962,266.0403,46.833336,-6.0,2024-10-01 18:00:00,-0.04788685,0.14039154,4347273.775744883,-456916.88569019584,0.0
5142,318.1274,46.833336,-6.0,2024-10-01 18:00:00,-0.046746686,0.13151316,4347273.775744883,-456916.88569019584,0.0
5322,380.213,46.833336,-6.0,2024-10-01 18:00:00,-0.03989367,0.12593357,4347273.775744883,-456916.88569019584,0.0
5502,453.9377,46.833336,-6.0,2024-10-01 18:00:00,-0.040249214,0.12137681,4347273.775744883,-456916.88569019584,0.0
5682,541.0889,46.833336,-6.0,2024-10-01 18:00:00,-0.04900641,0.11694223,4347273.775744883,-456916.88569019584,0.0
5862,643.5668,46.833336,-6.0,2024-10-01 18:00:00,-0.06261686,0.12619552,4347273.775744883,-456916.88569019584,0.0
6042,763.3331,46.833336,-6.0,2024-10-01 18:00:00,-0.08167139,0.11973619,4347273.775744883,-456916.88569019584,0.0
6222,902.3393,46.833336,-6.0,2024-10-01 18:00:00,-0.065165244,0.10693735,4347273.775744883,-456916.88569019584,0.0
111,0.494025,46.91667,-6.25,2024-10-01 18:00:00,-0.19081256,0.12111427,4338517.220887722,-475144.9119816816,0.0
291,1.541375,46.91667,-6.25,2024-10-01 18:00:00,-0.19147834,0.12640445,4338517.220887722,-475144.9119816816,0.0
471,2.645669,46.91667,-6.25,2024-10-01 18:00:00,-0.19165918,0.13142176,4338517.220887722,-475144.9119816816,0.0
651,3.819495,46.91667,-6.25,2024-10-01 18:00:00,-0.1913758,0.13582686,4338517.220887722,-475144.9119816816,0.0
831,5.078224,46.91667,-6.25,2024-10-01 18:00:00,-0.19068646,0.13956432,4338517.220887722,-475144.9119816816,0.0
1011,6.440614,46.91667,-6.25,2024-10-01 18:00:00,-0.18957125,0.14279893,4338517.220887722,-475144.9119816816,0.0
1191,7.92956,46.91667,-6.25,2024-10-01 18:00:00,-0.18761794,0.14595546,4338517.220887722,-475144.9119816816,0.0
1371,9.572997,46.91667,-6.25,2024-10-01 18:00:00,-0.1817054,0.15077947,4338517.220887722,-475144.9119816816,0.0
1551,11.405,46.91667,-6.25,2024-10-01 18:00:00,-0.16506264,0.15734658,4338517.220887722,-475144.9119816816,0.0
1731,13.46714,46.91667,-6.25,2024-10-01 18:00:00,-0.14157885,0.15694635,4338517.220887722,-475144.9119816816,0.0
1911,15.81007,46.91667,-6.25,2024-10-01 18:00:00,-0.1281603,0.14350194,4338517.220887722,-475144.9119816816,0.0
2091,18.49556,46.91667,-6.25,2024-10-01 18:00:00,-0.130572,0.12729369,4338517.220887722,-475144.9119816816,0.0
2271,21.59882,46.91667,-6.25,2024-10-01 18:00:00,-0.13502136,0.11755717,4338517.220887722,-475144.9119816816,0.0
2451,25.21141,46.91667,-6.25,2024-10-01 18:00:00,-0.14196405,0.11019585,4338517.220887722,-475144.9119816816,0.0
2631,29.44473,46.91667,-6.25,2024-10-01 18:00:00,-0.15099686,0.10547215,4338517.220887722,-475144.9119816816,0.0
2811,34.43415,46.91667,-6.25,2024-10-01 18:00:00,-0.16141516,0.101961985,4338517.220887722,-475144.9119816816,0.0
2991,40.34405,46.91667,-6.25,2024-10-01 18:00:00,-0.16209272,0.09769745,4338517.220887722,-475144.9119816816,0.0
3171,47.37369,46.91667,-6.25,2024-10-01 18:00:00,-0.12964974,0.11292532,4338517.220887722,-475144.9119816816,0.0
3351,55.76429,46.91667,-6.25,2024-10-01 18:00:00,-0.056690566,0.07273022,4338517.220887722,-475144.9119816816,0.0
3531,65.80727,46.91667,-6.25,2024-10-01 18:00:00,-0.06551495,0.08096739,4338517.220887722,-475144.9119816816,0.0
3711,77.85385,46.91667,-6.25,2024-10-01 18:00:00,-0.06974643,0.10278257,4338517.220887722,-475144.9119816816,0.0
3891,92.32607,46.91667,-6.25,2024-10-01 18:00:00,-0.06856571,0.114079095,4338517.220887722,-475144.9119816816,0.0
4071,109.7293,46.91667,-6.25,2024-10-01 18:00:00,-0.06547979,0.11385993,4338517.220887722,-475144.9119816816,0.0
4251,130.666,46.91667,-6.25,2024-10-01 18:00:00,-0.06712878,0.10389298,4338517.220887722,-475144.9119816816,0.0
4431,155.8507,46.91667,-6.25,2024-10-01 18:00:00,-0.06046863,0.08798622,4338517.220887722,-475144.9119816816,0.0
4611,186.1256,46.91667,-6.25,2024-10-01 18:00:00,-0.0492408,0.06454597,4338517.220887722,-475144.9119816816,0.0
4791,222.4752,46.91667,-6.25,2024-10-01 18:00:00,-0.037190087,0.026396835,4338517.220887722,-475144.9119816816,0.0
4971,266.0403,46.91667,-6.25,2024-10-01 18:00:00,-0.030361313,-0.00604469,4338517.220887722,-475144.9119816816,0.0
5151,318.1274,46.91667,-6.25,2024-10-01 18:00:00,-0.032030523,-0.0057282755,4338517.220887722,-475144.9119816816,0.0
5331,380.213,46.91667,-6.25,2024-10-01 18:00:00,-0.044145606,0.026958607,4338517.220887722,-475144.9119816816,0.0
5511,453.9377,46.91667,-6.25,2024-10-01 18:00:00,-0.04139912,0.057009526,4338517.220887722,-475144.9119816816,0.0
5691,541.0889,46.91667,-6.25,2024-10-01 18:00:00,-0.0331875,0.067009,4338517.220887722,-475144.9119816816,0.0
5871,643.5668,46.91667,-6.25,2024-10-01 18:00:00,-0.0357969,0.080667,4338517.220887722,-475144.9119816816,0.0
6051,763.3331,46.91667,-6.25,2024-10-01 18:00:00,-0.03399944,0.085025474,4338517.220887722,-475144.9119816816,0.0
6231,902.3393,46.91667,-6.25,2024-10-01 18:00:00,-0.04513505,0.12095736,4338517.220887722,-475144.9119816816,0.0
120,0.494025,46.91667,-6.1666565,2024-10-01 18:00:00,-0.19314928,0.1573657,4339203.78529813,-468833.52373287774,0.0
300,1.541375,46.91667,-6.1666565,2024-10-01 18:00:00,-0.19387826,0.16251044,4339203.78529813,-468833.52373287774,0.0
480,2.645669,46.91667,-6.1666565,2024-10-01 18:00:00,-0.19412576,0.16732384,4339203.78529813,-468833.52373287774,0.0
660,3.819495,46.91667,-6.1666565,2024-10-01 18:00:00,-0.19391543,0.17150593,4339203.78529813,-468833.52373287774,0.0
840,5.078224,46.91667,-6.1666565,2024-10-01 18:00:00,-0.19330575,0.17503515,4339203.78529813,-468833.52373287774,0.0
1020,6.440614,46.91667,-6.1666565,2024-10-01 18:00:00,-0.1922671,0.17814398,4339203.78529813,-468833.52373287774,0.0
1200,7.92956,46.91667,-6.1666565,2024-10-01 18:00:00,-0.19021587,0.18169117,4339203.78529813,-468833.52373287774,0.0
1380,9.572997,46.91667,-6.1666565,2024-10-01 18:00:00,-0.18025552,0.1901092,4339203.78529813,-468833.52373287774,0.0
1560,11.405,46.91667,-6.1666565,2024-10-01 18:00:00,-0.15152715,0.19661164,4339203.78529813,-468833.52373287774,0.0
1740,13.46714,46.91667,-6.1666565,2024-10-01 18:00:00,-0.12572345,0.1787652,4339203.78529813,-468833.52373287774,0.0
1920,15.81007,46.91667,-6.1666565,2024-10-01 18:00:00,-0.12889086,0.14786999,4339203.78529813,-468833.52373287774,0.0
2100,18.49556,46.91667,-6.1666565,2024-10-01 18:00:00,-0.15097007,0.13164763,4339203.78529813,-468833.52373287774,0.0
2280,21.59882,46.91667,-6.1666565,2024-10-01 18:00:00,-0.16640696,0.12512587,4339203.78529813,-468833.52373287774,0.0
2460,25.21141,46.91667,-6.1666565,2024-10-01 18:00:00,-0.17322256,0.11558286,4339203.78529813,-468833.52373287774,0.0
2640,29.44473,46.91667,-6.1666565,2024-10-01 18:00:00,-0.17987831,0.107389,4339203.78529813,-468833.52373287774,0.0
2820,34.43415,46.91667,-6.1666565,2024-10-01 18:00:00,-0.18716002,0.10034756,4339203.78529813,-468833.52373287774,0.0
3000,40.34405,46.91667,-6.1666565,2024-10-01 18:00:00,-0.17720242,0.10494391,4339203.78529813,-468833.52373287774,0.0
3180,47.37369,46.91667,-6.1666565,2024-10-01 18:00:00,-0.10804705,0.13104726,4339203.78529813,-468833.52373287774,0.0
3360,55.76429,46.91667,-6.1666565,2024-10-01 18:00:00,-0.06048977,0.065990426,4339203.78529813,-468833.52373287774,0.0
3540,65.80727,46.91667,-6.1666565,2024-10-01 18:00:00,-0.07235461,0.06204977,4339203.78529813,-468833.52373287774,0.0
3720,77.85385,46.91667,-6.1666565,2024-10-01 18:00:00,-0.07620176,0.0612504,4339203.78529813,-468833.52373287774,0.0
3900,92.32607,46.91667,-6.1666565,2024-10-01 18:00:00,-0.07703218,0.06367941,4339203.78529813,-468833.52373287774,0.0
4080,109.7293,46.91667,-6.1666565,2024-10-01 18:00:00,-0.07495187,0.06955714,4339203.78529813,-468833.52373287774,0.0
4260,130.666,46.91667,-6.1666565,2024-10-01 18:00:00,-0.07551937,0.070048735,4339203.78529813,-468833.52373287774,0.0
4440,155.8507,46.91667,-6.1666565,2024-10-01 18:00:00,-0.075529866,0.067940176,4339203.78529813,-468833.52373287774,0.0
4620,186.1256,46.91667,-6.1666565,2024-10-01 18:00:00,-0.06001126,0.06695891,4339203.78529813,-468833.52373287774,0.0
4800,222.4752,46.91667,-6.1666565,2024-10-01 18:00:00,-0.054555424,0.06306005,4339203.78529813,-468833.52373287774,0.0
4980,266.0403,46.91667,-6.1666565,2024-10-01 18:00:00,-0.0528244,0.05839312,4339203.78529813,-468833.52373287774,0.0
5160,318.1274,46.91667,-6.1666565,2024-10-01 18:00:00,-0.050175823,0.061620794,4339203.78529813,-468833.52373287774,0.0
5340,380.213,46.91667,-6.1666565,2024-10-01 18:00:00,-0.05102798,0.06331547,4339203.78529813,-468833.52373287774,0.0
5520,453.9377,46.91667,-6.1666565,2024-10-01 18:00:00,-0.04716987,0.06652493,4339203.78529813,-468833.52373287774,0.0
5700,541.0889,46.91667,-6.1666565,2024-10-01 18:00:00,-0.04391855,0.0934351,4339203.78529813,-468833.52373287774,0.0
5880,643.5668,46.91667,-6.1666565,2024-10-01 18:00:00,-0.049573254,0.11655255,4339203.78529813,-468833.52373287774,0.0
6060,763.3331,46.91667,-6.1666565,2024-10-01 18:00:00,-0.055344958,0.12587205,4339203.78529813,-468833.52373287774,0.0
6240,902.3393,46.91667,-6.1666565,2024-10-01 18:00:00,-0.06514014,0.14024976,4339203.78529813,-468833.52373287774,0.0
129,0.494025,46.91667,-6.0833282,2024-10-01 18:00:00,-0.15962075,0.16677767,4339881.045145775,-462522.2992525033,0.0
309,1.541375,46.91667,-6.0833282,2024-10-01 18:00:00,-0.16039625,0.17182863,4339881.045145775,-462522.2992525033,0.0
489,2.645669,46.91667,-6.0833282,2024-10-01 18:00:00,-0.16072768,0.176505,4339881.045145775,-462522.2992525033,0.0
669,3.819495,46.91667,-6.0833282,2024-10-01 18:00:00,-0.1606365,0.18051669,4339881.045145775,-462522.2992525033,0.0
849,5.078224,46.91667,-6.0833282,2024-10-01 18:00:00,-0.16018593,0.1838387,4339881.045145775,-462522.2992525033,0.0
1029,6.440614,46.91667,-6.0833282,2024-10-01 18:00:00,-0.15938315,0.18667585,4339881.045145775,-462522.2992525033,0.0
1209,7.92956,46.91667,-6.0833282,2024-10-01 18:00:00,-0.15790087,0.18971619,4339881.045145775,-462522.2992525033,0.0
1389,9.572997,46.91667,-6.0833282,2024-10-01 18:00:00,-0.15189674,0.19822018,4339881.045145775,-462522.2992525033,0.0
1569,11.405,46.91667,-6.0833282,2024-10-01 18:00:00,-0.12787011,0.20309086,4339881.045145775,-462522.2992525033,0.0
1749,13.46714,46.91667,-6.0833282,2024-10-01 18:00:00,-0.100192025,0.17036876,4339881.045145775,-462522.2992525033,0.0
1929,15.81007,46.91667,-6.0833282,2024-10-01 18:00:00,-0.10968752,0.12709053,4339881.045145775,-462522.2992525033,0.0
2109,18.49556,46.91667,-6.0833282,2024-10-01 18:00:00,-0.14441939,0.104473606,4339881.045145775,-462522.2992525033,0.0
2289,21.59882,46.91667,-6.0833282,2024-10-01 18:00:00,-0.18195093,0.11312466,4339881.045145775,-462522.2992525033,0.0
2469,25.21141,46.91667,-6.0833282,2024-10-01 18:00:00,-0.18925376,0.11699466,4339881.045145775,-462522.2992525033,0.0
2649,29.44473,46.91667,-6.0833282,2024-10-01 18:00:00,-0.18772647,0.11152575,4339881.045145775,-462522.2992525033,0.0
2829,34.43415,46.91667,-6.0833282,2024-10-01 18:00:00,-0.19012587,0.10354229,4339881.045145775,-462522.2992525033,0.0
3009,40.34405,46.91667,-6.0833282,2024-10-01 18:00:00,-0.18517871,0.11411556,4339881.045145775,-462522.2992525033,0.0
3189,47.37369,46.91667,-6.0833282,2024-10-01 18:00:00,-0.07360232,0.12943095,4339881.045145775,-462522.2992525033,0.0
3369,55.76429,46.91667,-6.0833282,2024-10-01 18:00:00,-0.0658347,0.054180037,4339881.045145775,-462522.2992525033,0.0
3549,65.80727,46.91667,-6.0833282,2024-10-01 18:00:00,-0.09150566,0.05076442,4339881.045145775,-462522.2992525033,0.0
3729,77.85385,46.91667,-6.0833282,2024-10-01 18:00:00,-0.10525274,0.06137974,4339881.045145775,-462522.2992525033,0.0
3909,92.32607,46.91667,-6.0833282,2024-10-01 18:00:00,-0.110976525,0.07906285,4339881.045145775,-462522.2992525033,0.0
4089,109.7293,46.91667,-6.0833282,2024-10-01 18:00:00,-0.10823174,0.091859594,4339881.045145775,-462522.2992525033,0.0
4269,130.666,46.91667,-6.0833282,2024-10-01 18:00:00,-0.098393165,0.08979734,4339881.045145775,-462522.2992525033,0.0
4449,155.8507,46.91667,-6.0833282,2024-10-01 18:00:00,-0.0897052,0.08215785,4339881.045145775,-462522.2992525033,0.0
4629,186.1256,46.91667,-6.0833282,2024-10-01 18:00:00,-0.07181457,0.094417915,4339881.045145775,-462522.2992525033,0.0
4809,222.4752,46.91667,-6.0833282,2024-10-01 18:00:00,-0.07160024,0.110371135,4339881.045145775,-462522.2992525033,0.0
4989,266.0403,46.91667,-6.0833282,2024-10-01 18:00:00,-0.0709758,0.1174628,4339881.045145775,-462522.2992525033,0.0
5169,318.1274,46.91667,-6.0833282,2024-10-01 18:00:00,-0.05875491,0.13250597,4339881.045145775,-462522.2992525033,0.0
5349,380.213,46.91667,-6.0833282,2024-10-01 18:00:00,-0.04802111,0.13379076,4339881.045145775,-462522.2992525033,0.0
5529,453.9377,46.91667,-6.0833282,2024-10-01 18:00:00,-0.039179485,0.12752883,4339881.045145775,-462522.2992525033,0.0
5709,541.0889,46.91667,-6.0833282,2024-10-01 18:00:00,-0.045650806,0.1399706,4339881.045145775,-462522.2992525033,0.0
5889,643.5668,46.91667,-6.0833282,2024-10-01 18:00:00,-0.053802673,0.14186692,4339881.045145775,-462522.2992525033,0.0
6069,763.3331,46.91667,-6.0833282,2024-10-01 18:00:00,-0.06930759,0.13088189,4339881.045145775,-462522.2992525033,0.0
6249,902.3393,46.91667,-6.0833282,2024-10-01 18:00:00,-0.08327894,0.12334199,4339881.045145775,-462522.2992525033,0.0
138,0.494025,46.91667,-6.0,2024-10-01 18:00:00,-0.124874815,0.15568276,4340549.125536747,-456210.0964726406,0.0
318,1.541375,46.91667,-6.0,2024-10-01 18:00:00,-0.12571305,0.16068766,4340549.125536747,-456210.0964726406,0.0
498,2.645669,46.91667,-6.0,2024-10-01 18:00:00,-0.12618935,0.16530438,4340549.125536747,-456210.0964726406,0.0
678,3.819495,46.91667,-6.0,2024-10-01 18:00:00,-0.1263135,0.16922876,4340549.125536747,-456210.0964726406,0.0
858,5.078224,46.91667,-6.0,2024-10-01 18:00:00,-0.12614104,0.17240211,4340549.125536747,-456210.0964726406,0.0
1038,6.440614,46.91667,-6.0,2024-10-01 18:00:00,-0.12570974,0.17494422,4340549.125536747,-456210.0964726406,0.0
1218,7.92956,46.91667,-6.0,2024-10-01 18:00:00,-0.12494255,0.17707108,4340549.125536747,-456210.0964726406,0.0
1398,9.572997,46.91667,-6.0,2024-10-01 18:00:00,-0.122840986,0.17964774,4340549.125536747,-456210.0964726406,0.0
1578,11.405,46.91667,-6.0,2024-10-01 18:00:00,-0.11121098,0.18634017,4340549.125536747,-456210.0964726406,0.0
1758,13.46714,46.91667,-6.0,2024-10-01 18:00:00,-0.08861424,0.17075726,4340549.125536747,-456210.0964726406,0.0
1938,15.81007,46.91667,-6.0,2024-10-01 18:00:00,-0.09146559,0.13008393,4340549.125536747,-456210.0964726406,0.0
2118,18.49556,46.91667,-6.0,2024-10-01 18:00:00,-0.123340815,0.0997314,4340549.125536747,-456210.0964726406,0.0
2298,21.59882,46.91667,-6.0,2024-10-01 18:00:00,-0.16400476,0.10531628,4340549.125536747,-456210.0964726406,0.0
2478,25.21141,46.91667,-6.0,2024-10-01 18:00:00,-0.17485848,0.12583715,4340549.125536747,-456210.0964726406,0.0
2658,29.44473,46.91667,-6.0,2024-10-01 18:00:00,-0.17623037,0.12240681,4340549.125536747,-456210.0964726406,0.0
2838,34.43415,46.91667,-6.0,2024-10-01 18:00:00,-0.18888915,0.10656544,4340549.125536747,-456210.0964726406,0.0
3018,40.34405,46.91667,-6.0,2024-10-01 18:00:00,-0.19964868,0.11215103,4340549.125536747,-456210.0964726406,0.0
3198,47.37369,46.91667,-6.0,2024-10-01 18:00:00,-0.05728614,0.118403114,4340549.125536747,-456210.0964726406,0.0
3378,55.76429,46.91667,-6.0,2024-10-01 18:00:00,-0.07704912,0.06038264,4340549.125536747,-456210.0964726406,0.0
3558,65.80727,46.91667,-6.0,2024-10-01 18:00:00,-0.104632765,0.060666613,4340549.125536747,-456210.0964726406,0.0
3738,77.85385,46.91667,-6.0,2024-10-01 18:00:00,-0.12766778,0.07084717,4340549.125536747,-456210.0964726406,0.0
3918,92.32607,46.91667,-6.0,2024-10-01 18:00:00,-0.13959774,0.08903988,4340549.125536747,-456210.0964726406,0.0
4098,109.7293,46.91667,-6.0,2024-10-01 18:00:00,-0.13915443,0.1041805,4340549.125536747,-456210.0964726406,0.0
4278,130.666,46.91667,-6.0,2024-10-01 18:00:00,-0.121654846,0.11237283,4340549.125536747,-456210.0964726406,0.0
4458,155.8507,46.91667,-6.0,2024-10-01 18:00:00,-0.10238383,0.12982245,4340549.125536747,-456210.0964726406,0.0
4638,186.1256,46.91667,-6.0,2024-10-01 18:00:00,-0.08379488,0.1461179,4340549.125536747,-456210.0964726406,0.0
4818,222.4752,46.91667,-6.0,2024-10-01 18:00:00,-0.08150369,0.15890844,4340549.125536747,-456210.0964726406,0.0
4998,266.0403,46.91667,-6.0,2024-10-01 18:00:00,-0.07276834,0.16155384,4340549.125536747,-456210.0964726406,0.0
5178,318.1274,46.91667,-6.0,2024-10-01 18:00:00,-0.062034197,0.15220946,4340549.125536747,-456210.0964726406,0.0
5358,380.213,46.91667,-6.0,2024-10-01 18:00:00,-0.05668516,0.14462921,4340549.125536747,-456210.0964726406,0.0
5538,453.9377,46.91667,-6.0,2024-10-01 18:00:00,-0.048155494,0.14270352,4340549.125536747,-456210.0964726406,0.0
5718,541.0889,46.91667,-6.0,2024-10-01 18:00:00,-0.047819845,0.123894155,4340549.125536747,-456210.0964726406,0.0
5898,643.5668,46.91667,-6.0,2024-10-01 18:00:00,-0.051418826,0.11859067,4340549.125536747,-456210.0964726406,0.0
6078,763.3331,46.91667,-6.0,2024-10-01 18:00:00,-0.07006898,0.10764942,4340549.125536747,-456210.0964726406,0.0
6258,902.3393,46.91667,-6.0,2024-10-01 18:00:00,-0.07597747,0.079803206,4340549.125536747,-456210.0964726406,0.0
147,0.494025,47.0,-6.25,2024-10-01 18:00:00,-0.20974302,0.12628269,4331787.087405169,-474407.8424903363,0.0
327,1.541375,47.0,-6.25,2024-10-01 18:00:00,-0.21036652,0.1315531,4331787.087405169,-474407.8424903363,0.0
507,2.645669,47.0,-6.25,2024-10-01 18:00:00,-0.21054815,0.1366083,4331787.087405169,-474407.8424903363,0.0
687,3.819495,47.0,-6.25,2024-10-01 18:00:00,-0.2103027,0.14111197,4331787.087405169,-474407.8424903363,0.0
867,5.078224,47.0,-6.25,2024-10-01 18:00:00,-0.20968813,0.14498354,4331787.087405169,-474407.8424903363,0.0
1047,6.440614,47.0,-6.25,2024-10-01 18:00:00,-0.20872687,0.14834051,4331787.087405169,-474407.8424903363,0.0
1227,7.92956,47.0,-6.25,2024-10-01 18:00:00,-0.20730536,0.15145434,4331787.087405169,-474407.8424903363,0.0
1407,9.572997,47.0,-6.25,2024-10-01 18:00:00,-0.20470369,0.15508798,4331787.087405169,-474407.8424903363,0.0
1587,11.405,47.0,-6.25,2024-10-01 18:00:00,-0.19810545,0.16050166,4331787.087405169,-474407.8424903363,0.0
1767,13.46714,47.0,-6.25,2024-10-01 18:00:00,-0.18445238,0.16529295,4331787.087405169,-474407.8424903363,0.0
1947,15.81007,47.0,-6.25,2024-10-01 18:00:00,-0.16601548,0.16181049,4331787.087405169,-474407.8424903363,0.0
2127,18.49556,47.0,-6.25,2024-10-01 18:00:00,-0.15541163,0.14513738,4331787.087405169,-474407.8424903363,0.0
2307,21.59882,47.0,-6.25,2024-10-01 18:00:00,-0.1563218,0.13341728,4331787.087405169,-474407.8424903363,0.0
2487,25.21141,47.0,-6.25,2024-10-01 18:00:00,-0.15918986,0.124777384,4331787.087405169,-474407.8424903363,0.0
2667,29.44473,47.0,-6.25,2024-10-01 18:00:00,-0.16237341,0.11687672,4331787.087405169,-474407.8424903363,0.0
2847,34.43415,47.0,-6.25,2024-10-01 18:00:00,-0.16854194,0.109956786,4331787.087405169,-474407.8424903363,0.0
3027,40.34405,47.0,-6.25,2024-10-01 18:00:00,-0.17689514,0.11201243,4331787.087405169,-474407.8424903363,0.0
3207,47.37369,47.0,-6.25,2024-10-01 18:00:00,-0.14930208,0.13372725,4331787.087405169,-474407.8424903363,0.0
3387,55.76429,47.0,-6.25,2024-10-01 18:00:00,-0.08752175,0.08760863,4331787.087405169,-474407.8424903363,0.0
3567,65.80727,47.0,-6.25,2024-10-01 18:00:00,-0.09714569,0.09186656,4331787.087405169,-474407.8424903363,0.0
3747,77.85385,47.0,-6.25,2024-10-01 18:00:00,-0.09686537,0.100276075,4331787.087405169,-474407.8424903363,0.0
3927,92.32607,47.0,-6.25,2024-10-01 18:00:00,-0.08834709,0.102218434,4331787.087405169,-474407.8424903363,0.0
4107,109.7293,47.0,-6.25,2024-10-01 18:00:00,-0.079282805,0.1019572,4331787.087405169,-474407.8424903363,0.0
4287,130.666,47.0,-6.25,2024-10-01 18:00:00,-0.07900268,0.093045615,4331787.087405169,-474407.8424903363,0.0
4467,155.8507,47.0,-6.25,2024-10-01 18:00:00,-0.08786026,0.08589854,4331787.087405169,-474407.8424903363,0.0
4647,186.1256,47.0,-6.25,2024-10-01 18:00:00,-0.08577662,0.07850209,4331787.087405169,-474407.8424903363,0.0
4827,222.4752,47.0,-6.25,2024-10-01 18:00:00,-0.08016291,0.061285507,4331787.087405169,-474407.8424903363,0.0
5007,266.0403,47.0,-6.25,2024-10-01 18:00:00,-0.061187934,0.03755878,4331787.087405169,-474407.8424903363,0.0
5187,318.1274,47.0,-6.25,2024-10-01 18:00:00,-0.045576874,0.027314767,4331787.087405169,-474407.8424903363,0.0
5367,380.213,47.0,-6.25,2024-10-01 18:00:00,-0.03508303,0.05401539,4331787.087405169,-474407.8424903363,0.0
5547,453.9377,47.0,-6.25,2024-10-01 18:00:00,-0.028169949,0.06728578,4331787.087405169,-474407.8424903363,0.0
5727,541.0889,47.0,-6.25,2024-10-01 18:00:00,-0.035755564,0.07652963,4331787.087405169,-474407.8424903363,0.0
5907,643.5668,47.0,-6.25,2024-10-01 18:00:00,-0.03254094,0.085156076,4331787.087405169,-474407.8424903363,0.0
6087,763.3331,47.0,-6.25,2024-10-01 18:00:00,-0.047059804,0.13275048,4331787.087405169,-474407.8424903363,0.0
6267,902.3393,47.0,-6.25,2024-10-01 18:00:00,-0.05129583,0.14163996,4331787.087405169,-474407.8424903363,0.0
156,0.494025,47.0,-6.1666565,2024-10-01 18:00:00,-0.19934788,0.1355744,4332472.586781167,-468106.2447951276,0.0
336,1.541375,47.0,-6.1666565,2024-10-01 18:00:00,-0.20008212,0.14072205,4332472.586781167,-468106.2447951276,0.0
516,2.645669,47.0,-6.1666565,2024-10-01 18:00:00,-0.20039943,0.14562033,4332472.586781167,-468106.2447951276,0.0
696,3.819495,47.0,-6.1666565,2024-10-01 18:00:00,-0.20030785,0.14995877,4332472.586781167,-468106.2447951276,0.0
876,5.078224,47.0,-6.1666565,2024-10-01 18:00:00,-0.1998574,0.15367317,4332472.586781167,-468106.2447951276,0.0
1056,6.440614,47.0,-6.1666565,2024-10-01 18:00:00,-0.19906284,0.15690897,4332472.586781167,-468106.2447951276,0.0
1236,7.92956,47.0,-6.1666565,2024-10-01 18:00:00,-0.1977734,0.16005486,4332472.586781167,-468106.2447951276,0.0
1416,9.572997,47.0,-6.1666565,2024-10-01 18:00:00,-0.19480948,0.16433385,4332472.586781167,-468106.2447951276,0.0
1596,11.405,47.0,-6.1666565,2024-10-01 18:00:00,-0.18539092,0.17070322,4332472.586781167,-468106.2447951276,0.0
1776,13.46714,47.0,-6.1666565,2024-10-01 18:00:00,-0.16772433,0.17173405,4332472.586781167,-468106.2447951276,0.0
1956,15.81007,47.0,-6.1666565,2024-10-01 18:00:00,-0.15369143,0.15712291,4332472.586781167,-468106.2447951276,0.0
2136,18.49556,47.0,-6.1666565,2024-10-01 18:00:00,-0.15605508,0.14044304,4332472.586781167,-468106.2447951276,0.0
2316,21.59882,47.0,-6.1666565,2024-10-01 18:00:00,-0.16166762,0.12932488,4332472.586781167,-468106.2447951276,0.0
2496,25.21141,47.0,-6.1666565,2024-10-01 18:00:00,-0.16787952,0.11897256,4332472.586781167,-468106.2447951276,0.0
2676,29.44473,47.0,-6.1666565,2024-10-01 18:00:00,-0.17409232,0.10916834,4332472.586781167,-468106.2447951276,0.0
2856,34.43415,47.0,-6.1666565,2024-10-01 18:00:00,-0.18359351,0.10013812,4332472.586781167,-468106.2447951276,0.0
3036,40.34405,47.0,-6.1666565,2024-10-01 18:00:00,-0.19238171,0.11163185,4332472.586781167,-468106.2447951276,0.0
3216,47.37369,47.0,-6.1666565,2024-10-01 18:00:00,-0.13368428,0.15391678,4332472.586781167,-468106.2447951276,0.0
3396,55.76429,47.0,-6.1666565,2024-10-01 18:00:00,-0.082638934,0.09754771,4332472.586781167,-468106.2447951276,0.0
3576,65.80727,47.0,-6.1666565,2024-10-01 18:00:00,-0.096115865,0.08412708,4332472.586781167,-468106.2447951276,0.0
3756,77.85385,47.0,-6.1666565,2024-10-01 18:00:00,-0.10709919,0.08202439,4332472.586781167,-468106.2447951276,0.0
3936,92.32607,47.0,-6.1666565,2024-10-01 18:00:00,-0.10978792,0.08996602,4332472.586781167,-468106.2447951276,0.0
4116,109.7293,47.0,-6.1666565,2024-10-01 18:00:00,-0.107721895,0.09952681,4332472.586781167,-468106.2447951276,0.0
4296,130.666,47.0,-6.1666565,2024-10-01 18:00:00,-0.10029632,0.09027603,4332472.586781167,-468106.2447951276,0.0
4476,155.8507,47.0,-6.1666565,2024-10-01 18:00:00,-0.10234236,0.07575886,4332472.586781167,-468106.2447951276,0.0
4656,186.1256,47.0,-6.1666565,2024-10-01 18:00:00,-0.10029122,0.07624953,4332472.586781167,-468106.2447951276,0.0
4836,222.4752,47.0,-6.1666565,2024-10-01 18:00:00,-0.1045924,0.08739449,4332472.586781167,-468106.2447951276,0.0
5016,266.0403,47.0,-6.1666565,2024-10-01 18:00:00,-0.0957541,0.1012104,4332472.586781167,-468106.2447951276,0.0
5196,318.1274,47.0,-6.1666565,2024-10-01 18:00:00,-0.08117926,0.095300876,4332472.586781167,-468106.2447951276,0.0
5376,380.213,47.0,-6.1666565,2024-10-01 18:00:00,-0.066414885,0.08372645,4332472.586781167,-468106.2447951276,0.0
5556,453.9377,47.0,-6.1666565,2024-10-01 18:00:00,-0.055004004,0.08978442,4332472.586781167,-468106.2447951276,0.0
5736,541.0889,47.0,-6.1666565,2024-10-01 18:00:00,-0.05443149,0.114686854,4332472.586781167,-468106.2447951276,0.0
5916,643.5668,47.0,-6.1666565,2024-10-01 18:00:00,-0.056200035,0.13097924,4332472.586781167,-468106.2447951276,0.0
6096,763.3331,47.0,-6.1666565,2024-10-01 18:00:00,-0.077468805,0.15391406,4332472.586781167,-468106.2447951276,0.0
6276,902.3393,47.0,-6.1666565,2024-10-01 18:00:00,-0.09206348,0.18880373,4332472.586781167,-468106.2447951276,0.0
165,0.494025,47.0,-6.0833282,2024-10-01 18:00:00,-0.16583923,0.13305737,4333148.796028124,-461804.81061430223,0.0
345,1.541375,47.0,-6.0833282,2024-10-01 18:00:00,-0.16663851,0.13808052,4333148.796028124,-461804.81061430223,0.0
525,2.645669,47.0,-6.0833282,2024-10-01 18:00:00,-0.1670636,0.14280276,4333148.796028124,-461804.81061430223,0.0
705,3.819495,47.0,-6.0833282,2024-10-01 18:00:00,-0.16711763,0.14693698,4333148.796028124,-461804.81061430223,0.0
885,5.078224,47.0,-6.0833282,2024-10-01 18:00:00,-0.16684407,0.15043178,4333148.796028124,-461804.81061430223,0.0
1065,6.440614,47.0,-6.0833282,2024-10-01 18:00:00,-0.16625555,0.1534429,4333148.796028124,-461804.81061430223,0.0
1245,7.92956,47.0,-6.0833282,2024-10-01 18:00:00,-0.16519387,0.15639625,4333148.796028124,-461804.81061430223,0.0
1425,9.572997,47.0,-6.0833282,2024-10-01 18:00:00,-0.16214494,0.16129854,4333148.796028124,-461804.81061430223,0.0
1605,11.405,47.0,-6.0833282,2024-10-01 18:00:00,-0.14973438,0.16868116,4333148.796028124,-461804.81061430223,0.0
1785,13.46714,47.0,-6.0833282,2024-10-01 18:00:00,-0.12904261,0.15918064,4333148.796028124,-461804.81061430223,0.0
1965,15.81007,47.0,-6.0833282,2024-10-01 18:00:00,-0.12693952,0.13508701,4333148.796028124,-461804.81061430223,0.0
2145,18.49556,47.0,-6.0833282,2024-10-01 18:00:00,-0.1429991,0.11960922,4333148.796028124,-461804.81061430223,0.0
2325,21.59882,47.0,-6.0833282,2024-10-01 18:00:00,-0.15649453,0.11415379,4333148.796028124,-461804.81061430223,0.0
2505,25.21141,47.0,-6.0833282,2024-10-01 18:00:00,-0.16786359,0.106536895,4333148.796028124,-461804.81061430223,0.0
2685,29.44473,47.0,-6.0833282,2024-10-01 18:00:00,-0.1795743,0.100449726,4333148.796028124,-461804.81061430223,0.0
2865,34.43415,47.0,-6.0833282,2024-10-01 18:00:00,-0.19173604,0.096283086,4333148.796028124,-461804.81061430223,0.0
3045,40.34405,47.0,-6.0833282,2024-10-01 18:00:00,-0.19518855,0.11416125,4333148.796028124,-461804.81061430223,0.0
3225,47.37369,47.0,-6.0833282,2024-10-01 18:00:00,-0.10515426,0.14254905,4333148.796028124,-461804.81061430223,0.0
3405,55.76429,47.0,-6.0833282,2024-10-01 18:00:00,-0.07090603,0.09473033,4333148.796028124,-461804.81061430223,0.0
3585,65.80727,47.0,-6.0833282,2024-10-01 18:00:00,-0.08343241,0.08333128,4333148.796028124,-461804.81061430223,0.0
3765,77.85385,47.0,-6.0833282,2024-10-01 18:00:00,-0.1034851,0.08441661,4333148.796028124,-461804.81061430223,0.0
3945,92.32607,47.0,-6.0833282,2024-10-01 18:00:00,-0.11812603,0.09838292,4333148.796028124,-461804.81061430223,0.0
4125,109.7293,47.0,-6.0833282,2024-10-01 18:00:00,-0.12659061,0.1087328,4333148.796028124,-461804.81061430223,0.0
4305,130.666,47.0,-6.0833282,2024-10-01 18:00:00,-0.12002088,0.10375724,4333148.796028124,-461804.81061430223,0.0
4485,155.8507,47.0,-6.0833282,2024-10-01 18:00:00,-0.12311138,0.09809403,4333148.796028124,-461804.81061430223,0.0
4665,186.1256,47.0,-6.0833282,2024-10-01 18:00:00,-0.12184164,0.10956272,4333148.796028124,-461804.81061430223,0.0
4845,222.4752,47.0,-6.0833282,2024-10-01 18:00:00,-0.11934122,0.12646797,4333148.796028124,-461804.81061430223,0.0
5025,266.0403,47.0,-6.0833282,2024-10-01 18:00:00,-0.11356883,0.13586825,4333148.796028124,-461804.81061430223,0.0
5205,318.1274,47.0,-6.0833282,2024-10-01 18:00:00,-0.09812516,0.13361,4333148.796028124,-461804.81061430223,0.0
5385,380.213,47.0,-6.0833282,2024-10-01 18:00:00,-0.09103847,0.13200504,4333148.796028124,-461804.81061430223,0.0
5565,453.9377,47.0,-6.0833282,2024-10-01 18:00:00,-0.095538996,0.138085,4333148.796028124,-461804.81061430223,0.0
5745,541.0889,47.0,-6.0833282,2024-10-01 18:00:00,-0.084084645,0.15355457,4333148.796028124,-461804.81061430223,0.0
5925,643.5668,47.0,-6.0833282,2024-10-01 18:00:00,-0.07810337,0.15799658,4333148.796028124,-461804.81061430223,0.0
6105,763.3331,47.0,-6.0833282,2024-10-01 18:00:00,-0.094212204,0.15549624,4333148.796028124,-461804.81061430223,0.0
6285,902.3393,47.0,-6.0833282,2024-10-01 18:00:00,-0.11055318,0.13713743,4333148.796028124,-461804.81061430223,0.0
174,0.494025,47.0,-6.0,2024-10-01 18:00:00,-0.12694372,0.12658948,4333815.840058059,-455502.3996515776,0.0
354,1.541375,47.0,-6.0,2024-10-01 18:00:00,-0.12777273,0.13151434,4333815.840058059,-455502.3996515776,0.0
534,2.645669,47.0,-6.0,2024-10-01 18:00:00,-0.12827985,0.13610506,4333815.840058059,-455502.3996515776,0.0
714,3.819495,47.0,-6.0,2024-10-01 18:00:00,-0.1284636,0.14008962,4333815.840058059,-455502.3996515776,0.0
894,5.078224,47.0,-6.0,2024-10-01 18:00:00,-0.12835804,0.1434152,4333815.840058059,-455502.3996515776,0.0
1074,6.440614,47.0,-6.0,2024-10-01 18:00:00,-0.12797295,0.14622097,4333815.840058059,-455502.3996515776,0.0
1254,7.92956,47.0,-6.0,2024-10-01 18:00:00,-0.12715246,0.1488401,4333815.840058059,-455502.3996515776,0.0
1434,9.572997,47.0,-6.0,2024-10-01 18:00:00,-0.124184035,0.15295002,4333815.840058059,-455502.3996515776,0.0
1614,11.405,47.0,-6.0,2024-10-01 18:00:00,-0.110811815,0.16101074,4333815.840058059,-455502.3996515776,0.0
1794,13.46714,47.0,-6.0,2024-10-01 18:00:00,-0.08756264,0.15078892,4333815.840058059,-455502.3996515776,0.0
1974,15.81007,47.0,-6.0,2024-10-01 18:00:00,-0.09526092,0.1251256,4333815.840058059,-455502.3996515776,0.0
2154,18.49556,47.0,-6.0,2024-10-01 18:00:00,-0.12004185,0.106233045,4333815.840058059,-455502.3996515776,0.0
2334,21.59882,47.0,-6.0,2024-10-01 18:00:00,-0.14453591,0.10731251,4333815.840058059,-455502.3996515776,0.0
2514,25.21141,47.0,-6.0,2024-10-01 18:00:00,-0.15939075,0.106200434,4333815.840058059,-455502.3996515776,0.0
2694,29.44473,47.0,-6.0,2024-10-01 18:00:00,-0.1738854,0.102517016,4333815.840058059,-455502.3996515776,0.0
2874,34.43415,47.0,-6.0,2024-10-01 18:00:00,-0.18648809,0.095450744,4333815.840058059,-455502.3996515776,0.0
3054,40.34405,47.0,-6.0,2024-10-01 18:00:00,-0.18893981,0.10075193,4333815.840058059,-455502.3996515776,0.0
3234,47.37369,47.0,-6.0,2024-10-01 18:00:00,-0.08196953,0.12342607,4333815.840058059,-455502.3996515776,0.0
3414,55.76429,47.0,-6.0,2024-10-01 18:00:00,-0.065702036,0.10053746,4333815.840058059,-455502.3996515776,0.0
3594,65.80727,47.0,-6.0,2024-10-01 18:00:00,-0.07424971,0.085716486,4333815.840058059,-455502.3996515776,0.0
3774,77.85385,47.0,-6.0,2024-10-01 18:00:00,-0.0948346,0.07588382,4333815.840058059,-455502.3996515776,0.0
3954,92.32607,47.0,-6.0,2024-10-01 18:00:00,-0.113679014,0.08718081,4333815.840058059,-455502.3996515776,0.0
4134,109.7293,47.0,-6.0,2024-10-01 18:00:00,-0.12606524,0.10070546,4333815.840058059,-455502.3996515776,0.0
4314,130.666,47.0,-6.0,2024-10-01 18:00:00,-0.12422702,0.11363897,4333815.840058059,-455502.3996515776,0.0
4494,155.8507,47.0,-6.0,2024-10-01 18:00:00,-0.1316889,0.13347507,4333815.840058059,-455502.3996515776,0.0
4674,186.1256,47.0,-6.0,2024-10-01 18:00:00,-0.1315123,0.15024202,4333815.840058059,-455502.3996515776,0.0
4854,222.4752,47.0,-6.0,2024-10-01 18:00:00,-0.123121,0.1608485,4333815.840058059,-455502.3996515776,0.0
5034,266.0403,47.0,-6.0,2024-10-01 18:00:00,-0.11449087,0.15284333,4333815.840058059,-455502.3996515776,0.0
5214,318.1274,47.0,-6.0,2024-10-01 18:00:00,-0.11014593,0.14753881,4333815.840058059,-455502.3996515776,0.0
5394,380.213,47.0,-6.0,2024-10-01 18:00:00,-0.1225697,0.15954436,4333815.840058059,-455502.3996515776,0.0
5574,453.9377,47.0,-6.0,2024-10-01 18:00:00,-0.14001176,0.1720268,4333815.840058059,-455502.3996515776,0.0
5754,541.0889,47.0,-6.0,2024-10-01 18:00:00,-0.13228323,0.15945674,4333815.840058059,-455502.3996515776,0.0
5934,643.5668,47.0,-6.0,2024-10-01 18:00:00,-0.10938114,0.13807665,4333815.840058059,-455502.3996515776,0.0
6114,763.3331,47.0,-6.0,2024-10-01 18:00:00,-0.110925995,0.10684478,4333815.840058059,-455502.3996515776,0.0
6294,902.3393,47.0,-6.0,2024-10-01 18:00:00,-0.104434356,0.07213144,4333815.840058059,-455502.3996515776,0.0
4,0.494025,46.66667,-6.25,2024-10-02 00:00:00,0.011776298,0.1730461,4358653.3150161095,-477350.1729464703,0.0
184,1.541375,46.66667,-6.25,2024-10-02 00:00:00,0.013876228,0.17877004,4358653.3150161095,-477350.1729464703,0.0
364,2.645669,46.66667,-6.25,2024-10-02 00:00:00,0.016292352,0.1833711,4358653.3150161095,-477350.1729464703,0.0
544,3.819495,46.66667,-6.25,2024-10-02 00:00:00,0.018669045,0.18654387,4358653.3150161095,-477350.1729464703,0.0
724,5.078224,46.66667,-6.25,2024-10-02 00:00:00,0.021243442,0.18887676,4358653.3150161095,-477350.1729464703,0.0
904,6.440614,46.66667,-6.25,2024-10-02 00:00:00,0.02420067,0.19098966,4358653.3150161095,-477350.1729464703,0.0
1084,7.92956,46.66667,-6.25,2024-10-02 00:00:00,0.026815727,0.19373225,4358653.3150161095,-477350.1729464703,0.0
1264,9.572997,46.66667,-6.25,2024-10-02 00:00:00,0.029044922,0.1908413,4358653.3150161095,-477350.1729464703,0.0
1444,11.405,46.66667,-6.25,2024-10-02 00:00:00,0.029821398,0.17525396,4358653.3150161095,-477350.1729464703,0.0
1624,13.46714,46.66667,-6.25,2024-10-02 00:00:00,0.04228983,0.15369236,4358653.3150161095,-477350.1729464703,0.0
1804,15.81007,46.66667,-6.25,2024-10-02 00:00:00,0.026527183,0.112692736,4358653.3150161095,-477350.1729464703,0.0
1984,18.49556,46.66667,-6.25,2024-10-02 00:00:00,-0.022787843,0.11270909,4358653.3150161095,-477350.1729464703,0.0
2164,21.59882,46.66667,-6.25,2024-10-02 00:00:00,-0.032793917,0.13851221,4358653.3150161095,-477350.1729464703,0.0
2344,25.21141,46.66667,-6.25,2024-10-02 00:00:00,-0.03138818,0.14208087,4358653.3150161095,-477350.1729464703,0.0
2524,29.44473,46.66667,-6.25,2024-10-02 00:00:00,-0.037649896,0.1298381,4358653.3150161095,-477350.1729464703,0.0
2704,34.43415,46.66667,-6.25,2024-10-02 00:00:00,-0.04363199,0.11521287,4358653.3150161095,-477350.1729464703,0.0
2884,40.34405,46.66667,-6.25,2024-10-02 00:00:00,-0.029530434,0.071550824,4358653.3150161095,-477350.1729464703,0.0
3064,47.37369,46.66667,-6.25,2024-10-02 00:00:00,-0.06859611,0.010807449,4358653.3150161095,-477350.1729464703,0.0
3244,55.76429,46.66667,-6.25,2024-10-02 00:00:00,-0.0876436,0.013530545,4358653.3150161095,-477350.1729464703,0.0
3424,65.80727,46.66667,-6.25,2024-10-02 00:00:00,-0.0959572,0.019792765,4358653.3150161095,-477350.1729464703,0.0
3604,77.85385,46.66667,-6.25,2024-10-02 00:00:00,-0.087449536,0.014074952,4358653.3150161095,-477350.1729464703,0.0
3784,92.32607,46.66667,-6.25,2024-10-02 00:00:00,-0.086690575,0.0015922736,4358653.3150161095,-477350.1729464703,0.0
3964,109.7293,46.66667,-6.25,2024-10-02 00:00:00,-0.092771895,-0.011104548,4358653.3150161095,-477350.1729464703,0.0
4144,130.666,46.66667,-6.25,2024-10-02 00:00:00,-0.09954398,-0.017419554,4358653.3150161095,-477350.1729464703,0.0
4324,155.8507,46.66667,-6.25,2024-10-02 00:00:00,-0.09896924,-0.027351437,4358653.3150161095,-477350.1729464703,0.0
4504,186.1256,46.66667,-6.25,2024-10-02 00:00:00,-0.09163121,-0.024277695,4358653.3150161095,-477350.1729464703,0.0
4684,222.4752,46.66667,-6.25,2024-10-02 00:00:00,-0.07392123,-0.021064533,4358653.3150161095,-477350.1729464703,0.0
4864,266.0403,46.66667,-6.25,2024-10-02 00:00:00,-0.058712117,-0.019549945,4358653.3150161095,-477350.1729464703,0.0
5044,318.1274,46.66667,-6.25,2024-10-02 00:00:00,-0.05060468,-0.008601399,4358653.3150161095,-477350.1729464703,0.0
5224,380.213,46.66667,-6.25,2024-10-02 00:00:00,-0.034906697,0.011266275,4358653.3150161095,-477350.1729464703,0.0
5404,453.9377,46.66667,-6.25,2024-10-02 00:00:00,-0.027507652,0.01986931,4358653.3150161095,-477350.1729464703,0.0
5584,541.0889,46.66667,-6.25,2024-10-02 00:00:00,-0.026454661,0.008839862,4358653.3150161095,-477350.1729464703,0.0
5764,643.5668,46.66667,-6.25,2024-10-02 00:00:00,-0.029625077,-0.011741198,4358653.3150161095,-477350.1729464703,0.0
5944,763.3331,46.66667,-6.25,2024-10-02 00:00:00,-0.026692502,0.0093606515,4358653.3150161095,-477350.1729464703,0.0
6124,902.3393,46.66667,-6.25,2024-10-02 00:00:00,0.024008755,0.05232588,4358653.3150161095,-477350.1729464703,0.0
13,0.494025,46.66667,-6.1666565,2024-10-02 00:00:00,-0.030304523,0.15614295,4359343.065935845,-471009.49203812674,0.0
193,1.541375,46.66667,-6.1666565,2024-10-02 00:00:00,-0.028936114,0.16221517,4359343.065935845,-471009.49203812674,0.0
373,2.645669,46.66667,-6.1666565,2024-10-02 00:00:00,-0.02770748,0.16718146,4359343.065935845,-471009.49203812674,0.0
553,3.819495,46.66667,-6.1666565,2024-10-02 00:00:00,-0.026832974,0.17051362,4359343.065935845,-471009.49203812674,0.0
733,5.078224,46.66667,-6.1666565,2024-10-02 00:00:00,-0.026220366,0.17269126,4359343.065935845,-471009.49203812674,0.0
913,6.440614,46.66667,-6.1666565,2024-10-02 00:00:00,-0.025746562,0.17422833,4359343.065935845,-471009.49203812674,0.0
1093,7.92956,46.66667,-6.1666565,2024-10-02 00:00:00,-0.025403485,0.17529596,4359343.065935845,-471009.49203812674,0.0
1273,9.572997,46.66667,-6.1666565,2024-10-02 00:00:00,-0.025127899,0.1761477,4359343.065935845,-471009.49203812674,0.0
1453,11.405,46.66667,-6.1666565,2024-10-02 00:00:00,-0.024918914,0.17679468,4359343.065935845,-471009.49203812674,0.0
1633,13.46714,46.66667,-6.1666565,2024-10-02 00:00:00,-0.024576075,0.17624801,4359343.065935845,-471009.49203812674,0.0
1813,15.81007,46.66667,-6.1666565,2024-10-02 00:00:00,-0.025850443,0.1592273,4359343.065935845,-471009.49203812674,0.0
1993,18.49556,46.66667,-6.1666565,2024-10-02 00:00:00,-0.026844174,0.15553361,4359343.065935845,-471009.49203812674,0.0
2173,21.59882,46.66667,-6.1666565,2024-10-02 00:00:00,-0.025980059,0.16385826,4359343.065935845,-471009.49203812674,0.0
2353,25.21141,46.66667,-6.1666565,2024-10-02 00:00:00,-0.025792561,0.15899698,4359343.065935845,-471009.49203812674,0.0
2533,29.44473,46.66667,-6.1666565,2024-10-02 00:00:00,-0.03392191,0.14451392,4359343.065935845,-471009.49203812674,0.0
2713,34.43415,46.66667,-6.1666565,2024-10-02 00:00:00,-0.053266767,0.13236396,4359343.065935845,-471009.49203812674,0.0
2893,40.34405,46.66667,-6.1666565,2024-10-02 00:00:00,-0.024574164,0.10200913,4359343.065935845,-471009.49203812674,0.0
3073,47.37369,46.66667,-6.1666565,2024-10-02 00:00:00,-0.100296445,0.0067533725,4359343.065935845,-471009.49203812674,0.0
3253,55.76429,46.66667,-6.1666565,2024-10-02 00:00:00,-0.119723275,0.033049945,4359343.065935845,-471009.49203812674,0.0
3433,65.80727,46.66667,-6.1666565,2024-10-02 00:00:00,-0.11805236,0.044827607,4359343.065935845,-471009.49203812674,0.0
3613,77.85385,46.66667,-6.1666565,2024-10-02 00:00:00,-0.11686706,0.037886344,4359343.065935845,-471009.49203812674,0.0
3793,92.32607,46.66667,-6.1666565,2024-10-02 00:00:00,-0.120005295,0.026019976,4359343.065935845,-471009.49203812674,0.0
3973,109.7293,46.66667,-6.1666565,2024-10-02 00:00:00,-0.11563036,0.015725244,4359343.065935845,-471009.49203812674,0.0
4153,130.666,46.66667,-6.1666565,2024-10-02 00:00:00,-0.10667293,0.015956644,4359343.065935845,-471009.49203812674,0.0
4333,155.8507,46.66667,-6.1666565,2024-10-02 00:00:00,-0.0947781,0.013744254,4359343.065935845,-471009.49203812674,0.0
4513,186.1256,46.66667,-6.1666565,2024-10-02 00:00:00,-0.0794198,0.021193901,4359343.065935845,-471009.49203812674,0.0
4693,222.4752,46.66667,-6.1666565,2024-10-02 00:00:00,-0.054760236,0.040631726,4359343.065935845,-471009.49203812674,0.0
4873,266.0403,46.66667,-6.1666565,2024-10-02 00:00:00,-0.039658222,0.052547857,4359343.065935845,-471009.49203812674,0.0
5053,318.1274,46.66667,-6.1666565,2024-10-02 00:00:00,-0.031964783,0.04933736,4359343.065935845,-471009.49203812674,0.0
5233,380.213,46.66667,-6.1666565,2024-10-02 00:00:00,-0.031812403,0.04020951,4359343.065935845,-471009.49203812674,0.0
5413,453.9377,46.66667,-6.1666565,2024-10-02 00:00:00,-0.037102234,0.04219482,4359343.065935845,-471009.49203812674,0.0
5593,541.0889,46.66667,-6.1666565,2024-10-02 00:00:00,-0.031194262,0.040200043,4359343.065935845,-471009.49203812674,0.0
5773,643.5668,46.66667,-6.1666565,2024-10-02 00:00:00,-0.03934596,0.017565183,4359343.065935845,-471009.49203812674,0.0
5953,763.3331,46.66667,-6.1666565,2024-10-02 00:00:00,-0.03521208,0.04193857,4359343.065935845,-471009.49203812674,0.0
6133,902.3393,46.66667,-6.1666565,2024-10-02 00:00:00,-0.005505414,0.077388614,4359343.065935845,-471009.49203812674,0.0
22,0.494025,46.66667,-6.0833282,2024-10-02 00:00:00,-0.05345975,0.13793883,4360023.469108121,-464668.9756583009,0.0
202,1.541375,46.66667,-6.0833282,2024-10-02 00:00:00,-0.05233221,0.14426622,4360023.469108121,-464668.9756583009,0.0
382,2.645669,46.66667,-6.0833282,2024-10-02 00:00:00,-0.05133756,0.14947064,4360023.469108121,-464668.9756583009,0.0
562,3.819495,46.66667,-6.0833282,2024-10-02 00:00:00,-0.050677735,0.15284055,4360023.469108121,-464668.9756583009,0.0
742,5.078224,46.66667,-6.0833282,2024-10-02 00:00:00,-0.05024595,0.15502691,4360023.469108121,-464668.9756583009,0.0
922,6.440614,46.66667,-6.0833282,2024-10-02 00:00:00,-0.04992931,0.15659468,4360023.469108121,-464668.9756583009,0.0
1102,7.92956,46.66667,-6.0833282,2024-10-02 00:00:00,-0.049692225,0.15782346,4360023.469108121,-464668.9756583009,0.0
1282,9.572997,46.66667,-6.0833282,2024-10-02 00:00:00,-0.049516138,0.15878052,4360023.469108121,-464668.9756583009,0.0
1462,11.405,46.66667,-6.0833282,2024-10-02 00:00:00,-0.049370594,0.1596144,4360023.469108121,-464668.9756583009,0.0
1642,13.46714,46.66667,-6.0833282,2024-10-02 00:00:00,-0.04924455,0.16040681,4360023.469108121,-464668.9756583009,0.0
1822,15.81007,46.66667,-6.0833282,2024-10-02 00:00:00,-0.049137346,0.16125984,4360023.469108121,-464668.9756583009,0.0
2002,18.49556,46.66667,-6.0833282,2024-10-02 00:00:00,-0.04905964,0.16208701,4360023.469108121,-464668.9756583009,0.0
2182,21.59882,46.66667,-6.0833282,2024-10-02 00:00:00,-0.048997514,0.16276747,4360023.469108121,-464668.9756583009,0.0
2362,25.21141,46.66667,-6.0833282,2024-10-02 00:00:00,-0.049003348,0.16320905,4360023.469108121,-464668.9756583009,0.0
2542,29.44473,46.66667,-6.0833282,2024-10-02 00:00:00,-0.049748193,0.15777113,4360023.469108121,-464668.9756583009,0.0
2722,34.43415,46.66667,-6.0833282,2024-10-02 00:00:00,-0.05071705,0.15542488,4360023.469108121,-464668.9756583009,0.0
2902,40.34405,46.66667,-6.0833282,2024-10-02 00:00:00,-0.013949163,0.16146953,4360023.469108121,-464668.9756583009,0.0
3082,47.37369,46.66667,-6.0833282,2024-10-02 00:00:00,-0.09445446,0.045734905,4360023.469108121,-464668.9756583009,0.0
3262,55.76429,46.66667,-6.0833282,2024-10-02 00:00:00,-0.120545976,0.07164025,4360023.469108121,-464668.9756583009,0.0
3442,65.80727,46.66667,-6.0833282,2024-10-02 00:00:00,-0.119919196,0.08324594,4360023.469108121,-464668.9756583009,0.0
3622,77.85385,46.66667,-6.0833282,2024-10-02 00:00:00,-0.11890025,0.079371154,4360023.469108121,-464668.9756583009,0.0
3802,92.32607,46.66667,-6.0833282,2024-10-02 00:00:00,-0.11768258,0.07414466,4360023.469108121,-464668.9756583009,0.0
3982,109.7293,46.66667,-6.0833282,2024-10-02 00:00:00,-0.11213992,0.06944903,4360023.469108121,-464668.9756583009,0.0
4162,130.666,46.66667,-6.0833282,2024-10-02 00:00:00,-0.10597867,0.07119334,4360023.469108121,-464668.9756583009,0.0
4342,155.8507,46.66667,-6.0833282,2024-10-02 00:00:00,-0.09606797,0.06808537,4360023.469108121,-464668.9756583009,0.0
4522,186.1256,46.66667,-6.0833282,2024-10-02 00:00:00,-0.08605118,0.06562145,4360023.469108121,-464668.9756583009,0.0
4702,222.4752,46.66667,-6.0833282,2024-10-02 00:00:00,-0.075703256,0.06372281,4360023.469108121,-464668.9756583009,0.0
4882,266.0403,46.66667,-6.0833282,2024-10-02 00:00:00,-0.07113683,0.06011388,4360023.469108121,-464668.9756583009,0.0
5062,318.1274,46.66667,-6.0833282,2024-10-02 00:00:00,-0.062764905,0.052468497,4360023.469108121,-464668.9756583009,0.0
5242,380.213,46.66667,-6.0833282,2024-10-02 00:00:00,-0.050666712,0.047796056,4360023.469108121,-464668.9756583009,0.0
5422,453.9377,46.66667,-6.0833282,2024-10-02 00:00:00,-0.046981007,0.05080006,4360023.469108121,-464668.9756583009,0.0
5602,541.0889,46.66667,-6.0833282,2024-10-02 00:00:00,-0.05463262,0.054651454,4360023.469108121,-464668.9756583009,0.0
5782,643.5668,46.66667,-6.0833282,2024-10-02 00:00:00,-0.04719824,0.04766532,4360023.469108121,-464668.9756583009,0.0
5962,763.3331,46.66667,-6.0833282,2024-10-02 00:00:00,-0.037273347,0.08010535,4360023.469108121,-464668.9756583009,0.0
6142,902.3393,46.66667,-6.0833282,2024-10-02 00:00:00,0.0011156867,0.10035709,4360023.469108121,-464668.9756583009,0.0
31,0.494025,46.66667,-6.0,2024-10-02 00:00:00,-0.066561006,0.14002357,4360694.650219674,-458327.4764384654,0.0
211,1.541375,46.66667,-6.0,2024-10-02 00:00:00,-0.06558652,0.14636122,4360694.650219674,-458327.4764384654,0.0
391,2.645669,46.66667,-6.0,2024-10-02 00:00:00,-0.06467865,0.15173411,4360694.650219674,-458327.4764384654,0.0
571,3.819495,46.66667,-6.0,2024-10-02 00:00:00,-0.064049095,0.1552703,4360694.650219674,-458327.4764384654,0.0
751,5.078224,46.66667,-6.0,2024-10-02 00:00:00,-0.06363224,0.15755178,4360694.650219674,-458327.4764384654,0.0
931,6.440614,46.66667,-6.0,2024-10-02 00:00:00,-0.06332078,0.15918858,4360694.650219674,-458327.4764384654,0.0
1111,7.92956,46.66667,-6.0,2024-10-02 00:00:00,-0.06308084,0.16049787,4360694.650219674,-458327.4764384654,0.0
1291,9.572997,46.66667,-6.0,2024-10-02 00:00:00,-0.0629081,0.16145752,4360694.650219674,-458327.4764384654,0.0
1471,11.405,46.66667,-6.0,2024-10-02 00:00:00,-0.06275859,0.16230193,4360694.650219674,-458327.4764384654,0.0
1651,13.46714,46.66667,-6.0,2024-10-02 00:00:00,-0.06262508,0.1630777,4360694.650219674,-458327.4764384654,0.0
1831,15.81007,46.66667,-6.0,2024-10-02 00:00:00,-0.062503055,0.16381302,4360694.650219674,-458327.4764384654,0.0
2011,18.49556,46.66667,-6.0,2024-10-02 00:00:00,-0.06239092,0.16452305,4360694.650219674,-458327.4764384654,0.0
2191,21.59882,46.66667,-6.0,2024-10-02 00:00:00,-0.06228766,0.16521814,4360694.650219674,-458327.4764384654,0.0
2371,25.21141,46.66667,-6.0,2024-10-02 00:00:00,-0.062193125,0.16590706,4360694.650219674,-458327.4764384654,0.0
2551,29.44473,46.66667,-6.0,2024-10-02 00:00:00,-0.06210824,0.16659552,4360694.650219674,-458327.4764384654,0.0
2731,34.43415,46.66667,-6.0,2024-10-02 00:00:00,-0.06200179,0.1674373,4360694.650219674,-458327.4764384654,0.0
2911,40.34405,46.66667,-6.0,2024-10-02 00:00:00,-0.017123753,0.18719807,4360694.650219674,-458327.4764384654,0.0
3091,47.37369,46.66667,-6.0,2024-10-02 00:00:00,-0.090097375,0.086887024,4360694.650219674,-458327.4764384654,0.0
3271,55.76429,46.66667,-6.0,2024-10-02 00:00:00,-0.11264056,0.10118157,4360694.650219674,-458327.4764384654,0.0
3451,65.80727,46.66667,-6.0,2024-10-02 00:00:00,-0.11219459,0.117961705,4360694.650219674,-458327.4764384654,0.0
3631,77.85385,46.66667,-6.0,2024-10-02 00:00:00,-0.11313735,0.12077738,4360694.650219674,-458327.4764384654,0.0
3811,92.32607,46.66667,-6.0,2024-10-02 00:00:00,-0.11611473,0.11691444,4360694.650219674,-458327.4764384654,0.0
3991,109.7293,46.66667,-6.0,2024-10-02 00:00:00,-0.11346135,0.1112329,4360694.650219674,-458327.4764384654,0.0
4171,130.666,46.66667,-6.0,2024-10-02 00:00:00,-0.10821905,0.105772376,4360694.650219674,-458327.4764384654,0.0
4351,155.8507,46.66667,-6.0,2024-10-02 00:00:00,-0.10771058,0.090663984,4360694.650219674,-458327.4764384654,0.0
4531,186.1256,46.66667,-6.0,2024-10-02 00:00:00,-0.099794954,0.077568606,4360694.650219674,-458327.4764384654,0.0
4711,222.4752,46.66667,-6.0,2024-10-02 00:00:00,-0.079570405,0.06599109,4360694.650219674,-458327.4764384654,0.0
4891,266.0403,46.66667,-6.0,2024-10-02 00:00:00,-0.06338473,0.062353317,4360694.650219674,-458327.4764384654,0.0
5071,318.1274,46.66667,-6.0,2024-10-02 00:00:00,-0.05512824,0.055781525,4360694.650219674,-458327.4764384654,0.0
5251,380.213,46.66667,-6.0,2024-10-02 00:00:00,-0.053042576,0.04910294,4360694.650219674,-458327.4764384654,0.0
5431,453.9377,46.66667,-6.0,2024-10-02 00:00:00,-0.053647514,0.050143883,4360694.650219674,-458327.4764384654,0.0
5611,541.0889,46.66667,-6.0,2024-10-02 00:00:00,-0.061050408,0.065555185,4360694.650219674,-458327.4764384654,0.0
5791,643.5668,46.66667,-6.0,2024-10-02 00:00:00,-0.0631215,0.06394864,4360694.650219674,-458327.4764384654,0.0
5971,763.3331,46.66667,-6.0,2024-10-02 00:00:00,-0.04542773,0.09811674,4360694.650219674,-458327.4764384654,0.0
6151,902.3393,46.66667,-6.0,2024-10-02 00:00:00,-0.019980619,0.10659588,4360694.650219674,-458327.4764384654,0.0
40,0.494025,46.75,-6.25,2024-10-02 00:00:00,0.00925633,0.15438268,4351950.96357759,-476616.1460837916,0.0
220,1.541375,46.75,-6.25,2024-10-02 00:00:00,0.011234034,0.16013534,4351950.96357759,-476616.1460837916,0.0
400,2.645669,46.75,-6.25,2024-10-02 00:00:00,0.013543684,0.1649111,4351950.96357759,-476616.1460837916,0.0
580,3.819495,46.75,-6.25,2024-10-02 00:00:00,0.015827382,0.16840573,4351950.96357759,-476616.1460837916,0.0
760,5.078224,46.75,-6.25,2024-10-02 00:00:00,0.01802073,0.1709265,4351950.96357759,-476616.1460837916,0.0
940,6.440614,46.75,-6.25,2024-10-02 00:00:00,0.020462632,0.17337853,4351950.96357759,-476616.1460837916,0.0
1120,7.92956,46.75,-6.25,2024-10-02 00:00:00,0.025201669,0.18037806,4351950.96357759,-476616.1460837916,0.0
1300,9.572997,46.75,-6.25,2024-10-02 00:00:00,0.03691209,0.18043609,4351950.96357759,-476616.1460837916,0.0
1480,11.405,46.75,-6.25,2024-10-02 00:00:00,0.054148205,0.15746622,4351950.96357759,-476616.1460837916,0.0
1660,13.46714,46.75,-6.25,2024-10-02 00:00:00,0.059516538,0.12418349,4351950.96357759,-476616.1460837916,0.0
1840,15.81007,46.75,-6.25,2024-10-02 00:00:00,0.016969923,0.09990219,4351950.96357759,-476616.1460837916,0.0
2020,18.49556,46.75,-6.25,2024-10-02 00:00:00,-0.026866179,0.12001934,4351950.96357759,-476616.1460837916,0.0
2200,21.59882,46.75,-6.25,2024-10-02 00:00:00,-0.017746462,0.14743088,4351950.96357759,-476616.1460837916,0.0
2380,25.21141,46.75,-6.25,2024-10-02 00:00:00,-0.0054015927,0.14924589,4351950.96357759,-476616.1460837916,0.0
2560,29.44473,46.75,-6.25,2024-10-02 00:00:00,-0.00027923007,0.14228062,4351950.96357759,-476616.1460837916,0.0
2740,34.43415,46.75,-6.25,2024-10-02 00:00:00,0.0018368587,0.13793321,4351950.96357759,-476616.1460837916,0.0
2920,40.34405,46.75,-6.25,2024-10-02 00:00:00,0.0039946176,0.11208341,4351950.96357759,-476616.1460837916,0.0
3100,47.37369,46.75,-6.25,2024-10-02 00:00:00,-0.012156215,0.075932436,4351950.96357759,-476616.1460837916,0.0
3280,55.76429,46.75,-6.25,2024-10-02 00:00:00,-0.058714114,0.052977365,4351950.96357759,-476616.1460837916,0.0
3460,65.80727,46.75,-6.25,2024-10-02 00:00:00,-0.060792156,0.062054105,4351950.96357759,-476616.1460837916,0.0
3640,77.85385,46.75,-6.25,2024-10-02 00:00:00,-0.055852033,0.059586007,4351950.96357759,-476616.1460837916,0.0
3820,92.32607,46.75,-6.25,2024-10-02 00:00:00,-0.050261408,0.0516879,4351950.96357759,-476616.1460837916,0.0
4000,109.7293,46.75,-6.25,2024-10-02 00:00:00,-0.046776704,0.044551693,4351950.96357759,-476616.1460837916,0.0
4180,130.666,46.75,-6.25,2024-10-02 00:00:00,-0.042850055,0.03998504,4351950.96357759,-476616.1460837916,0.0
4360,155.8507,46.75,-6.25,2024-10-02 00:00:00,-0.045487106,0.029235862,4351950.96357759,-476616.1460837916,0.0
4540,186.1256,46.75,-6.25,2024-10-02 00:00:00,-0.05218065,-0.0049496293,4351950.96357759,-476616.1460837916,0.0
4720,222.4752,46.75,-6.25,2024-10-02 00:00:00,-0.050136548,-0.034811955,4351950.96357759,-476616.1460837916,0.0
4900,266.0403,46.75,-6.25,2024-10-02 00:00:00,-0.050326876,-0.041836083,4351950.96357759,-476616.1460837916,0.0
5080,318.1274,46.75,-6.25,2024-10-02 00:00:00,-0.04642583,-0.032107044,4351950.96357759,-476616.1460837916,0.0
5260,380.213,46.75,-6.25,2024-10-02 00:00:00,-0.030417563,0.014653901,4351950.96357759,-476616.1460837916,0.0
5440,453.9377,46.75,-6.25,2024-10-02 00:00:00,-0.023975201,0.04323734,4351950.96357759,-476616.1460837916,0.0
5620,541.0889,46.75,-6.25,2024-10-02 00:00:00,-0.019167293,0.021432083,4351950.96357759,-476616.1460837916,0.0
5800,643.5668,46.75,-6.25,2024-10-02 00:00:00,-0.02352973,0.01523173,4351950.96357759,-476616.1460837916,0.0
5980,763.3331,46.75,-6.25,2024-10-02 00:00:00,-0.02090203,0.018873245,4351950.96357759,-476616.1460837916,0.0
6160,902.3393,46.75,-6.25,2024-10-02 00:00:00,-0.019345643,0.04200507,4351950.96357759,-476616.1460837916,0.0
49,0.494025,46.75,-6.1666565,2024-10-02 00:00:00,0.009151604,0.2074578,4352639.653859386,-470285.21531356085,0.0
229,1.541375,46.75,-6.1666565,2024-10-02 00:00:00,0.010592776,0.2132407,4352639.653859386,-470285.21531356085,0.0
409,2.645669,46.75,-6.1666565,2024-10-02 00:00:00,0.012184983,0.21801458,4352639.653859386,-470285.21531356085,0.0
589,3.819495,46.75,-6.1666565,2024-10-02 00:00:00,0.013643007,0.22137791,4352639.653859386,-470285.21531356085,0.0
769,5.078224,46.75,-6.1666565,2024-10-02 00:00:00,0.014905261,0.22359802,4352639.653859386,-470285.21531356085,0.0
949,6.440614,46.75,-6.1666565,2024-10-02 00:00:00,0.016047575,0.22502042,4352639.653859386,-470285.21531356085,0.0
1129,7.92956,46.75,-6.1666565,2024-10-02 00:00:00,0.017466368,0.22605337,4352639.653859386,-470285.21531356085,0.0
1309,9.572997,46.75,-6.1666565,2024-10-02 00:00:00,0.020394022,0.22623642,4352639.653859386,-470285.21531356085,0.0
1489,11.405,46.75,-6.1666565,2024-10-02 00:00:00,0.02672577,0.2196915,4352639.653859386,-470285.21531356085,0.0
1669,13.46714,46.75,-6.1666565,2024-10-02 00:00:00,0.030760162,0.1937138,4352639.653859386,-470285.21531356085,0.0
1849,15.81007,46.75,-6.1666565,2024-10-02 00:00:00,0.014138343,0.15715113,4352639.653859386,-470285.21531356085,0.0
2029,18.49556,46.75,-6.1666565,2024-10-02 00:00:00,-0.015565335,0.1531544,4352639.653859386,-470285.21531356085,0.0
2209,21.59882,46.75,-6.1666565,2024-10-02 00:00:00,-0.018495096,0.18515807,4352639.653859386,-470285.21531356085,0.0
2389,25.21141,46.75,-6.1666565,2024-10-02 00:00:00,-0.016760226,0.18806393,4352639.653859386,-470285.21531356085,0.0
2569,29.44473,46.75,-6.1666565,2024-10-02 00:00:00,-0.01736275,0.17157415,4352639.653859386,-470285.21531356085,0.0
2749,34.43415,46.75,-6.1666565,2024-10-02 00:00:00,-0.023154601,0.15897499,4352639.653859386,-470285.21531356085,0.0
2929,40.34405,46.75,-6.1666565,2024-10-02 00:00:00,-0.0005327142,0.11407004,4352639.653859386,-470285.21531356085,0.0
3109,47.37369,46.75,-6.1666565,2024-10-02 00:00:00,-0.052638073,0.04758442,4352639.653859386,-470285.21531356085,0.0
3289,55.76429,46.75,-6.1666565,2024-10-02 00:00:00,-0.097468674,0.05165259,4352639.653859386,-470285.21531356085,0.0
3469,65.80727,46.75,-6.1666565,2024-10-02 00:00:00,-0.09462202,0.0683849,4352639.653859386,-470285.21531356085,0.0
3649,77.85385,46.75,-6.1666565,2024-10-02 00:00:00,-0.082879126,0.0628183,4352639.653859386,-470285.21531356085,0.0
3829,92.32607,46.75,-6.1666565,2024-10-02 00:00:00,-0.07311241,0.04752457,4352639.653859386,-470285.21531356085,0.0
4009,109.7293,46.75,-6.1666565,2024-10-02 00:00:00,-0.066110015,0.036484823,4352639.653859386,-470285.21531356085,0.0
4189,130.666,46.75,-6.1666565,2024-10-02 00:00:00,-0.06604827,0.02760005,4352639.653859386,-470285.21531356085,0.0
4369,155.8507,46.75,-6.1666565,2024-10-02 00:00:00,-0.06941293,0.020907503,4352639.653859386,-470285.21531356085,0.0
4549,186.1256,46.75,-6.1666565,2024-10-02 00:00:00,-0.059951216,0.010061985,4352639.653859386,-470285.21531356085,0.0
4729,222.4752,46.75,-6.1666565,2024-10-02 00:00:00,-0.0423774,0.017898731,4352639.653859386,-470285.21531356085,0.0
4909,266.0403,46.75,-6.1666565,2024-10-02 00:00:00,-0.0369902,0.024830548,4352639.653859386,-470285.21531356085,0.0
5089,318.1274,46.75,-6.1666565,2024-10-02 00:00:00,-0.033320993,0.041946664,4352639.653859386,-470285.21531356085,0.0
5269,380.213,46.75,-6.1666565,2024-10-02 00:00:00,-0.030455496,0.059611086,4352639.653859386,-470285.21531356085,0.0
5449,453.9377,46.75,-6.1666565,2024-10-02 00:00:00,-0.032180216,0.0712041,4352639.653859386,-470285.21531356085,0.0
5629,541.0889,46.75,-6.1666565,2024-10-02 00:00:00,-0.03225068,0.06691082,4352639.653859386,-470285.21531356085,0.0
5809,643.5668,46.75,-6.1666565,2024-10-02 00:00:00,-0.0362361,0.041774146,4352639.653859386,-470285.21531356085,0.0
5989,763.3331,46.75,-6.1666565,2024-10-02 00:00:00,-0.046605077,0.05658213,4352639.653859386,-470285.21531356085,0.0
6169,902.3393,46.75,-6.1666565,2024-10-02 00:00:00,-0.038462453,0.099638194,4352639.653859386,-470285.21531356085,0.0
58,0.494025,46.75,-6.0833282,2024-10-02 00:00:00,-0.032813996,0.17691344,4353319.010767862,-463954.44881885045,0.0
238,1.541375,46.75,-6.0833282,2024-10-02 00:00:00,-0.031724885,0.18293554,4353319.010767862,-463954.44881885045,0.0
418,2.645669,46.75,-6.0833282,2024-10-02 00:00:00,-0.030528937,0.18808797,4353319.010767862,-463954.44881885045,0.0
598,3.819495,46.75,-6.0833282,2024-10-02 00:00:00,-0.029479593,0.19177417,4353319.010767862,-463954.44881885045,0.0
778,5.078224,46.75,-6.0833282,2024-10-02 00:00:00,-0.02861631,0.1942782,4353319.010767862,-463954.44881885045,0.0
958,6.440614,46.75,-6.0833282,2024-10-02 00:00:00,-0.0279223,0.1960333,4353319.010767862,-463954.44881885045,0.0
1138,7.92956,46.75,-6.0833282,2024-10-02 00:00:00,-0.027224485,0.19729222,4353319.010767862,-463954.44881885045,0.0
1318,9.572997,46.75,-6.0833282,2024-10-02 00:00:00,-0.026422756,0.19827394,4353319.010767862,-463954.44881885045,0.0
1498,11.405,46.75,-6.0833282,2024-10-02 00:00:00,-0.025224838,0.19891506,4353319.010767862,-463954.44881885045,0.0
1678,13.46714,46.75,-6.0833282,2024-10-02 00:00:00,-0.024114918,0.19920887,4353319.010767862,-463954.44881885045,0.0
1858,15.81007,46.75,-6.0833282,2024-10-02 00:00:00,-0.025201714,0.19854423,4353319.010767862,-463954.44881885045,0.0
2038,18.49556,46.75,-6.0833282,2024-10-02 00:00:00,-0.026805935,0.19165942,4353319.010767862,-463954.44881885045,0.0
2218,21.59882,46.75,-6.0833282,2024-10-02 00:00:00,-0.021876562,0.19816947,4353319.010767862,-463954.44881885045,0.0
2398,25.21141,46.75,-6.0833282,2024-10-02 00:00:00,-0.026231453,0.18693602,4353319.010767862,-463954.44881885045,0.0
2578,29.44473,46.75,-6.0833282,2024-10-02 00:00:00,-0.03568918,0.17059623,4353319.010767862,-463954.44881885045,0.0
2758,34.43415,46.75,-6.0833282,2024-10-02 00:00:00,-0.045196235,0.16674636,4353319.010767862,-463954.44881885045,0.0
2938,40.34405,46.75,-6.0833282,2024-10-02 00:00:00,-0.00292176,0.14264208,4353319.010767862,-463954.44881885045,0.0
3118,47.37369,46.75,-6.0833282,2024-10-02 00:00:00,-0.07271278,0.04236641,4353319.010767862,-463954.44881885045,0.0
3298,55.76429,46.75,-6.0833282,2024-10-02 00:00:00,-0.10989171,0.064412594,4353319.010767862,-463954.44881885045,0.0
3478,65.80727,46.75,-6.0833282,2024-10-02 00:00:00,-0.1001703,0.08543595,4353319.010767862,-463954.44881885045,0.0
3658,77.85385,46.75,-6.0833282,2024-10-02 00:00:00,-0.08982877,0.08047179,4353319.010767862,-463954.44881885045,0.0
3838,92.32607,46.75,-6.0833282,2024-10-02 00:00:00,-0.078750305,0.067750156,4353319.010767862,-463954.44881885045,0.0
4018,109.7293,46.75,-6.0833282,2024-10-02 00:00:00,-0.06767939,0.06093118,4353319.010767862,-463954.44881885045,0.0
4198,130.666,46.75,-6.0833282,2024-10-02 00:00:00,-0.06311596,0.059612237,4353319.010767862,-463954.44881885045,0.0
4378,155.8507,46.75,-6.0833282,2024-10-02 00:00:00,-0.06136134,0.06313819,4353319.010767862,-463954.44881885045,0.0
4558,186.1256,46.75,-6.0833282,2024-10-02 00:00:00,-0.05437493,0.06685728,4353319.010767862,-463954.44881885045,0.0
4738,222.4752,46.75,-6.0833282,2024-10-02 00:00:00,-0.046927102,0.09320402,4353319.010767862,-463954.44881885045,0.0
4918,266.0403,46.75,-6.0833282,2024-10-02 00:00:00,-0.046437476,0.11026996,4353319.010767862,-463954.44881885045,0.0
5098,318.1274,46.75,-6.0833282,2024-10-02 00:00:00,-0.05237873,0.09639065,4353319.010767862,-463954.44881885045,0.0
5278,380.213,46.75,-6.0833282,2024-10-02 00:00:00,-0.04950699,0.07795683,4353319.010767862,-463954.44881885045,0.0
5458,453.9377,46.75,-6.0833282,2024-10-02 00:00:00,-0.058012806,0.07950333,4353319.010767862,-463954.44881885045,0.0
5638,541.0889,46.75,-6.0833282,2024-10-02 00:00:00,-0.06029473,0.07943661,4353319.010767862,-463954.44881885045,0.0
5818,643.5668,46.75,-6.0833282,2024-10-02 00:00:00,-0.06169466,0.07423383,4353319.010767862,-463954.44881885045,0.0
5998,763.3331,46.75,-6.0833282,2024-10-02 00:00:00,-0.063586324,0.09479304,4353319.010767862,-463954.44881885045,0.0
6178,902.3393,46.75,-6.0833282,2024-10-02 00:00:00,-0.047154382,0.11516975,4353319.010767862,-463954.44881885045,0.0
67,0.494025,46.75,-6.0,2024-10-02 00:00:00,-0.069408886,0.16165812,4353989.159796485,-457622.70099545474,0.0
247,1.541375,46.75,-6.0,2024-10-02 00:00:00,-0.068501376,0.16787133,4353989.159796485,-457622.70099545474,0.0
427,2.645669,46.75,-6.0,2024-10-02 00:00:00,-0.06746353,0.17323595,4353989.159796485,-457622.70099545474,0.0
607,3.819495,46.75,-6.0,2024-10-02 00:00:00,-0.066575296,0.1769122,4353989.159796485,-457622.70099545474,0.0
787,5.078224,46.75,-6.0,2024-10-02 00:00:00,-0.06587362,0.17930514,4353989.159796485,-457622.70099545474,0.0
967,6.440614,46.75,-6.0,2024-10-02 00:00:00,-0.06530233,0.18086006,4353989.159796485,-457622.70099545474,0.0
1147,7.92956,46.75,-6.0,2024-10-02 00:00:00,-0.06475888,0.18216419,4353989.159796485,-457622.70099545474,0.0
1327,9.572997,46.75,-6.0,2024-10-02 00:00:00,-0.064280614,0.18310426,4353989.159796485,-457622.70099545474,0.0
1507,11.405,46.75,-6.0,2024-10-02 00:00:00,-0.06380447,0.18390189,4353989.159796485,-457622.70099545474,0.0
1687,13.46714,46.75,-6.0,2024-10-02 00:00:00,-0.06331256,0.18460897,4353989.159796485,-457622.70099545474,0.0
1867,15.81007,46.75,-6.0,2024-10-02 00:00:00,-0.06279968,0.18524523,4353989.159796485,-457622.70099545474,0.0
2047,18.49556,46.75,-6.0,2024-10-02 00:00:00,-0.061935745,0.18594222,4353989.159796485,-457622.70099545474,0.0
2227,21.59882,46.75,-6.0,2024-10-02 00:00:00,-0.06050441,0.18633623,4353989.159796485,-457622.70099545474,0.0
2407,25.21141,46.75,-6.0,2024-10-02 00:00:00,-0.060508348,0.18655731,4353989.159796485,-457622.70099545474,0.0
2587,29.44473,46.75,-6.0,2024-10-02 00:00:00,-0.06119792,0.18669578,4353989.159796485,-457622.70099545474,0.0
2767,34.43415,46.75,-6.0,2024-10-02 00:00:00,-0.061719917,0.18626596,4353989.159796485,-457622.70099545474,0.0
2947,40.34405,46.75,-6.0,2024-10-02 00:00:00,-0.001607799,0.19987714,4353989.159796485,-457622.70099545474,0.0
3127,47.37369,46.75,-6.0,2024-10-02 00:00:00,-0.072178155,0.07851648,4353989.159796485,-457622.70099545474,0.0
3307,55.76429,46.75,-6.0,2024-10-02 00:00:00,-0.10033266,0.101641625,4353989.159796485,-457622.70099545474,0.0
3487,65.80727,46.75,-6.0,2024-10-02 00:00:00,-0.09357093,0.11711632,4353989.159796485,-457622.70099545474,0.0
3667,77.85385,46.75,-6.0,2024-10-02 00:00:00,-0.08126528,0.11517193,4353989.159796485,-457622.70099545474,0.0
3847,92.32607,46.75,-6.0,2024-10-02 00:00:00,-0.06789725,0.11057499,4353989.159796485,-457622.70099545474,0.0
4027,109.7293,46.75,-6.0,2024-10-02 00:00:00,-0.057809476,0.113581486,4353989.159796485,-457622.70099545474,0.0
4207,130.666,46.75,-6.0,2024-10-02 00:00:00,-0.053673554,0.11361606,4353989.159796485,-457622.70099545474,0.0
4387,155.8507,46.75,-6.0,2024-10-02 00:00:00,-0.05828015,0.10713857,4353989.159796485,-457622.70099545474,0.0
4567,186.1256,46.75,-6.0,2024-10-02 00:00:00,-0.061897207,0.10149025,4353989.159796485,-457622.70099545474,0.0
4747,222.4752,46.75,-6.0,2024-10-02 00:00:00,-0.06493302,0.08809951,4353989.159796485,-457622.70099545474,0.0
4927,266.0403,46.75,-6.0,2024-10-02 00:00:00,-0.07069006,0.074248426,4353989.159796485,-457622.70099545474,0.0
5107,318.1274,46.75,-6.0,2024-10-02 00:00:00,-0.06723341,0.057216585,4353989.159796485,-457622.70099545474,0.0
5287,380.213,46.75,-6.0,2024-10-02 00:00:00,-0.071703434,0.06473775,4353989.159796485,-457622.70099545474,0.0
5467,453.9377,46.75,-6.0,2024-10-02 00:00:00,-0.07437083,0.06223314,4353989.159796485,-457622.70099545474,0.0
5647,541.0889,46.75,-6.0,2024-10-02 00:00:00,-0.07641126,0.06595278,4353989.159796485,-457622.70099545474,0.0
5827,643.5668,46.75,-6.0,2024-10-02 00:00:00,-0.07844116,0.07614059,4353989.159796485,-457622.70099545474,0.0
6007,763.3331,46.75,-6.0,2024-10-02 00:00:00,-0.08066499,0.10894754,4353989.159796485,-457622.70099545474,0.0
6187,902.3393,46.75,-6.0,2024-10-02 00:00:00,-0.06084604,0.13078237,4353989.159796485,-457622.70099545474,0.0
76,0.494025,46.833336,-6.25,2024-10-02 00:00:00,-0.013907068,0.13374229,4345238.723142079,-475881.0361998027,0.0
256,1.541375,46.833336,-6.25,2024-10-02 00:00:00,-0.012229916,0.13967156,4345238.723142079,-475881.0361998027,0.0
436,2.645669,46.833336,-6.25,2024-10-02 00:00:00,-0.010310637,0.14472184,4345238.723142079,-475881.0361998027,0.0
616,3.819495,46.833336,-6.25,2024-10-02 00:00:00,-0.008475884,0.14849208,4345238.723142079,-475881.0361998027,0.0
796,5.078224,46.833336,-6.25,2024-10-02 00:00:00,-0.00677907,0.15123951,4345238.723142079,-475881.0361998027,0.0
976,6.440614,46.833336,-6.25,2024-10-02 00:00:00,-0.005084538,0.15346155,4345238.723142079,-475881.0361998027,0.0
1156,7.92956,46.833336,-6.25,2024-10-02 00:00:00,-0.0017915666,0.15732354,4345238.723142079,-475881.0361998027,0.0
1336,9.572997,46.833336,-6.25,2024-10-02 00:00:00,0.01592752,0.16125035,4345238.723142079,-475881.0361998027,0.0
1516,11.405,46.833336,-6.25,2024-10-02 00:00:00,0.035758413,0.14636065,4345238.723142079,-475881.0361998027,0.0
1696,13.46714,46.833336,-6.25,2024-10-02 00:00:00,0.028389491,0.123806514,4345238.723142079,-475881.0361998027,0.0
1876,15.81007,46.833336,-6.25,2024-10-02 00:00:00,-0.0009326879,0.1172162,4345238.723142079,-475881.0361998027,0.0
2056,18.49556,46.833336,-6.25,2024-10-02 00:00:00,-0.017553978,0.13358715,4345238.723142079,-475881.0361998027,0.0
2236,21.59882,46.833336,-6.25,2024-10-02 00:00:00,0.0053179613,0.14351225,4345238.723142079,-475881.0361998027,0.0
2416,25.21141,46.833336,-6.25,2024-10-02 00:00:00,0.017875923,0.14095284,4345238.723142079,-475881.0361998027,0.0
2596,29.44473,46.833336,-6.25,2024-10-02 00:00:00,0.017962368,0.13789359,4345238.723142079,-475881.0361998027,0.0
2776,34.43415,46.833336,-6.25,2024-10-02 00:00:00,0.014349628,0.14012566,4345238.723142079,-475881.0361998027,0.0
2956,40.34405,46.833336,-6.25,2024-10-02 00:00:00,0.012326641,0.123919904,4345238.723142079,-475881.0361998027,0.0
3136,47.37369,46.833336,-6.25,2024-10-02 00:00:00,-0.00278978,0.10244326,4345238.723142079,-475881.0361998027,0.0
3316,55.76429,46.833336,-6.25,2024-10-02 00:00:00,-0.07267901,0.080771275,4345238.723142079,-475881.0361998027,0.0
3496,65.80727,46.833336,-6.25,2024-10-02 00:00:00,-0.075736016,0.097682536,4345238.723142079,-475881.0361998027,0.0
3676,77.85385,46.833336,-6.25,2024-10-02 00:00:00,-0.06507685,0.10145088,4345238.723142079,-475881.0361998027,0.0
3856,92.32607,46.833336,-6.25,2024-10-02 00:00:00,-0.05355359,0.09156936,4345238.723142079,-475881.0361998027,0.0
4036,109.7293,46.833336,-6.25,2024-10-02 00:00:00,-0.046260346,0.08222073,4345238.723142079,-475881.0361998027,0.0
4216,130.666,46.833336,-6.25,2024-10-02 00:00:00,-0.033680525,0.076106444,4345238.723142079,-475881.0361998027,0.0
4396,155.8507,46.833336,-6.25,2024-10-02 00:00:00,-0.038174268,0.061779063,4345238.723142079,-475881.0361998027,0.0
4576,186.1256,46.833336,-6.25,2024-10-02 00:00:00,-0.030651886,0.025211258,4345238.723142079,-475881.0361998027,0.0
4756,222.4752,46.833336,-6.25,2024-10-02 00:00:00,-0.015265254,-0.012677261,4345238.723142079,-475881.0361998027,0.0
4936,266.0403,46.833336,-6.25,2024-10-02 00:00:00,-0.012750744,-0.022504505,4345238.723142079,-475881.0361998027,0.0
5116,318.1274,46.833336,-6.25,2024-10-02 00:00:00,-0.018492386,-0.016063562,4345238.723142079,-475881.0361998027,0.0
5296,380.213,46.833336,-6.25,2024-10-02 00:00:00,-0.027224401,0.017217228,4345238.723142079,-475881.0361998027,0.0
5476,453.9377,46.833336,-6.25,2024-10-02 00:00:00,-0.043322723,0.04742665,4345238.723142079,-475881.0361998027,0.0
5656,541.0889,46.833336,-6.25,2024-10-02 00:00:00,-0.03951638,0.041101962,4345238.723142079,-475881.0361998027,0.0
5836,643.5668,46.833336,-6.25,2024-10-02 00:00:00,-0.035766743,0.0390209,4345238.723142079,-475881.0361998027,0.0
6016,763.3331,46.833336,-6.25,2024-10-02 00:00:00,-0.040184736,0.046419423,4345238.723142079,-475881.0361998027,0.0
6196,902.3393,46.833336,-6.25,2024-10-02 00:00:00,-0.0687692,0.083989695,4345238.723142079,-475881.0361998027,0.0
85,0.494025,46.833336,-6.1666565,2024-10-02 00:00:00,-0.018028129,0.20228927,4345926.351221016,-469559.8699535443,0.0
265,1.541375,46.833336,-6.1666565,2024-10-02 00:00:00,-0.016604751,0.20817791,4345926.351221016,-469559.8699535443,0.0
445,2.645669,46.833336,-6.1666565,2024-10-02 00:00:00,-0.014881567,0.21320245,4345926.351221016,-469559.8699535443,0.0
625,3.819495,46.833336,-6.1666565,2024-10-02 00:00:00,-0.013163763,0.216939,4345926.351221016,-469559.8699535443,0.0
805,5.078224,46.833336,-6.1666565,2024-10-02 00:00:00,-0.01154078,0.21961397,4345926.351221016,-469559.8699535443,0.0
985,6.440614,46.833336,-6.1666565,2024-10-02 00:00:00,-0.009921958,0.22159596,4345926.351221016,-469559.8699535443,0.0
1165,7.92956,46.833336,-6.1666565,2024-10-02 00:00:00,-0.0071496097,0.22383164,4345926.351221016,-469559.8699535443,0.0
1345,9.572997,46.833336,-6.1666565,2024-10-02 00:00:00,0.011160019,0.2285338,4345926.351221016,-469559.8699535443,0.0
1525,11.405,46.833336,-6.1666565,2024-10-02 00:00:00,0.036955267,0.20625229,4345926.351221016,-469559.8699535443,0.0
1705,13.46714,46.833336,-6.1666565,2024-10-02 00:00:00,0.03877081,0.1660206,4345926.351221016,-469559.8699535443,0.0
1885,15.81007,46.833336,-6.1666565,2024-10-02 00:00:00,-0.00074249506,0.1438068,4345926.351221016,-469559.8699535443,0.0
2065,18.49556,46.833336,-6.1666565,2024-10-02 00:00:00,-0.033640012,0.16677581,4345926.351221016,-469559.8699535443,0.0
2245,21.59882,46.833336,-6.1666565,2024-10-02 00:00:00,-0.021333192,0.19843389,4345926.351221016,-469559.8699535443,0.0
2425,25.21141,46.833336,-6.1666565,2024-10-02 00:00:00,0.0017891983,0.19875865,4345926.351221016,-469559.8699535443,0.0
2605,29.44473,46.833336,-6.1666565,2024-10-02 00:00:00,0.013270627,0.18077062,4345926.351221016,-469559.8699535443,0.0
2785,34.43415,46.833336,-6.1666565,2024-10-02 00:00:00,0.011752814,0.16122706,4345926.351221016,-469559.8699535443,0.0
2965,40.34405,46.833336,-6.1666565,2024-10-02 00:00:00,0.024649365,0.12610114,4345926.351221016,-469559.8699535443,0.0
3145,47.37369,46.833336,-6.1666565,2024-10-02 00:00:00,-0.031857133,0.07002087,4345926.351221016,-469559.8699535443,0.0
3325,55.76429,46.833336,-6.1666565,2024-10-02 00:00:00,-0.0989979,0.07671341,4345926.351221016,-469559.8699535443,0.0
3505,65.80727,46.833336,-6.1666565,2024-10-02 00:00:00,-0.09230056,0.090124905,4345926.351221016,-469559.8699535443,0.0
3685,77.85385,46.833336,-6.1666565,2024-10-02 00:00:00,-0.07647771,0.078291476,4345926.351221016,-469559.8699535443,0.0
3865,92.32607,46.833336,-6.1666565,2024-10-02 00:00:00,-0.05807422,0.060619574,4345926.351221016,-469559.8699535443,0.0
4045,109.7293,46.833336,-6.1666565,2024-10-02 00:00:00,-0.048244506,0.050686505,4345926.351221016,-469559.8699535443,0.0
4225,130.666,46.833336,-6.1666565,2024-10-02 00:00:00,-0.047232814,0.043308184,4345926.351221016,-469559.8699535443,0.0
4405,155.8507,46.833336,-6.1666565,2024-10-02 00:00:00,-0.048945576,0.033293046,4345926.351221016,-469559.8699535443,0.0
4585,186.1256,46.833336,-6.1666565,2024-10-02 00:00:00,-0.048004586,0.027323427,4345926.351221016,-469559.8699535443,0.0
4765,222.4752,46.833336,-6.1666565,2024-10-02 00:00:00,-0.039658852,0.022218464,4345926.351221016,-469559.8699535443,0.0
4945,266.0403,46.833336,-6.1666565,2024-10-02 00:00:00,-0.029086776,0.017884437,4345926.351221016,-469559.8699535443,0.0
5125,318.1274,46.833336,-6.1666565,2024-10-02 00:00:00,-0.030552872,0.03765065,4345926.351221016,-469559.8699535443,0.0
5305,380.213,46.833336,-6.1666565,2024-10-02 00:00:00,-0.028083894,0.07632654,4345926.351221016,-469559.8699535443,0.0
5485,453.9377,46.833336,-6.1666565,2024-10-02 00:00:00,-0.033361956,0.08762166,4345926.351221016,-469559.8699535443,0.0
5665,541.0889,46.833336,-6.1666565,2024-10-02 00:00:00,-0.03827106,0.074224286,4345926.351221016,-469559.8699535443,0.0
5845,643.5668,46.833336,-6.1666565,2024-10-02 00:00:00,-0.05012595,0.065154694,4345926.351221016,-469559.8699535443,0.0
6025,763.3331,46.833336,-6.1666565,2024-10-02 00:00:00,-0.07012174,0.08950402,4345926.351221016,-469559.8699535443,0.0
6205,902.3393,46.833336,-6.1666565,2024-10-02 00:00:00,-0.08417176,0.13034953,4345926.351221016,-469559.8699535443,0.0
94,0.494025,46.833336,-6.0833282,2024-10-02 00:00:00,-0.039738648,0.20820601,4346604.66032198,-463238.86772943556,0.0
274,1.541375,46.833336,-6.0833282,2024-10-02 00:00:00,-0.038517065,0.21416166,4346604.66032198,-463238.86772943556,0.0
454,2.645669,46.833336,-6.0833282,2024-10-02 00:00:00,-0.03693173,0.21933681,4346604.66032198,-463238.86772943556,0.0
634,3.819495,46.833336,-6.0833282,2024-10-02 00:00:00,-0.03530654,0.22323862,4346604.66032198,-463238.86772943556,0.0
814,5.078224,46.833336,-6.0833282,2024-10-02 00:00:00,-0.03375679,0.22607215,4346604.66032198,-463238.86772943556,0.0
994,6.440614,46.833336,-6.0833282,2024-10-02 00:00:00,-0.032233622,0.22818165,4346604.66032198,-463238.86772943556,0.0
1174,7.92956,46.833336,-6.0833282,2024-10-02 00:00:00,-0.030418655,0.23014797,4346604.66032198,-463238.86772943556,0.0
1354,9.572997,46.833336,-6.0833282,2024-10-02 00:00:00,-0.025301961,0.23353963,4346604.66032198,-463238.86772943556,0.0
1534,11.405,46.833336,-6.0833282,2024-10-02 00:00:00,-0.018312093,0.23384362,4346604.66032198,-463238.86772943556,0.0
1714,13.46714,46.833336,-6.0833282,2024-10-02 00:00:00,-0.016235068,0.21952215,4346604.66032198,-463238.86772943556,0.0
1894,15.81007,46.833336,-6.0833282,2024-10-02 00:00:00,-0.015948273,0.19520088,4346604.66032198,-463238.86772943556,0.0
2074,18.49556,46.833336,-6.0833282,2024-10-02 00:00:00,-0.024431078,0.18907464,4346604.66032198,-463238.86772943556,0.0
2254,21.59882,46.833336,-6.0833282,2024-10-02 00:00:00,-0.01796924,0.19956934,4346604.66032198,-463238.86772943556,0.0
2434,25.21141,46.833336,-6.0833282,2024-10-02 00:00:00,-0.014666982,0.19909552,4346604.66032198,-463238.86772943556,0.0
2614,29.44473,46.833336,-6.0833282,2024-10-02 00:00:00,-0.016417835,0.18671596,4346604.66032198,-463238.86772943556,0.0
2794,34.43415,46.833336,-6.0833282,2024-10-02 00:00:00,-0.01690875,0.16412431,4346604.66032198,-463238.86772943556,0.0
2974,40.34405,46.833336,-6.0833282,2024-10-02 00:00:00,0.019124307,0.1322566,4346604.66032198,-463238.86772943556,0.0
3154,47.37369,46.833336,-6.0833282,2024-10-02 00:00:00,-0.06778275,0.036720812,4346604.66032198,-463238.86772943556,0.0
3334,55.76429,46.833336,-6.0833282,2024-10-02 00:00:00,-0.12271371,0.06940398,4346604.66032198,-463238.86772943556,0.0
3514,65.80727,46.833336,-6.0833282,2024-10-02 00:00:00,-0.10647979,0.097467974,4346604.66032198,-463238.86772943556,0.0
3694,77.85385,46.833336,-6.0833282,2024-10-02 00:00:00,-0.08287425,0.09612389,4346604.66032198,-463238.86772943556,0.0
3874,92.32607,46.833336,-6.0833282,2024-10-02 00:00:00,-0.061797667,0.08177079,4346604.66032198,-463238.86772943556,0.0
4054,109.7293,46.833336,-6.0833282,2024-10-02 00:00:00,-0.051168166,0.07143588,4346604.66032198,-463238.86772943556,0.0
4234,130.666,46.833336,-6.0833282,2024-10-02 00:00:00,-0.048080366,0.06195374,4346604.66032198,-463238.86772943556,0.0
4414,155.8507,46.833336,-6.0833282,2024-10-02 00:00:00,-0.04710132,0.054479234,4346604.66032198,-463238.86772943556,0.0
4594,186.1256,46.833336,-6.0833282,2024-10-02 00:00:00,-0.049155984,0.06292911,4346604.66032198,-463238.86772943556,0.0
4774,222.4752,46.833336,-6.0833282,2024-10-02 00:00:00,-0.03853107,0.089757144,4346604.66032198,-463238.86772943556,0.0
4954,266.0403,46.833336,-6.0833282,2024-10-02 00:00:00,-0.030527294,0.118235424,4346604.66032198,-463238.86772943556,0.0
5134,318.1274,46.833336,-6.0833282,2024-10-02 00:00:00,-0.021464001,0.119205214,4346604.66032198,-463238.86772943556,0.0
5314,380.213,46.833336,-6.0833282,2024-10-02 00:00:00,-0.03304747,0.11016768,4346604.66032198,-463238.86772943556,0.0
5494,453.9377,46.833336,-6.0833282,2024-10-02 00:00:00,-0.03969413,0.1107725,4346604.66032198,-463238.86772943556,0.0
5674,541.0889,46.833336,-6.0833282,2024-10-02 00:00:00,-0.04284585,0.113751926,4346604.66032198,-463238.86772943556,0.0
5854,643.5668,46.833336,-6.0833282,2024-10-02 00:00:00,-0.06554849,0.10320485,4346604.66032198,-463238.86772943556,0.0
6034,763.3331,46.833336,-6.0833282,2024-10-02 00:00:00,-0.08541854,0.11453861,4346604.66032198,-463238.86772943556,0.0
6214,902.3393,46.833336,-6.0833282,2024-10-02 00:00:00,-0.08439558,0.13434629,4346604.66032198,-463238.86772943556,0.0
103,0.494025,46.833336,-6.0,2024-10-02 00:00:00,-0.062069025,0.18233109,4347273.775744883,-456916.88569019584,0.0
283,1.541375,46.833336,-6.0,2024-10-02 00:00:00,-0.061155804,0.1885239,4347273.775744883,-456916.88569019584,0.0
463,2.645669,46.833336,-6.0,2024-10-02 00:00:00,-0.06001247,0.19400974,4347273.775744883,-456916.88569019584,0.0
643,3.819495,46.833336,-6.0,2024-10-02 00:00:00,-0.05896352,0.1980314,4347273.775744883,-456916.88569019584,0.0
823,5.078224,46.833336,-6.0,2024-10-02 00:00:00,-0.05807086,0.20086817,4347273.775744883,-456916.88569019584,0.0
1003,6.440614,46.833336,-6.0,2024-10-02 00:00:00,-0.057245664,0.20291129,4347273.775744883,-456916.88569019584,0.0
1183,7.92956,46.833336,-6.0,2024-10-02 00:00:00,-0.056467474,0.20446448,4347273.775744883,-456916.88569019584,0.0
1363,9.572997,46.833336,-6.0,2024-10-02 00:00:00,-0.055693768,0.20574977,4347273.775744883,-456916.88569019584,0.0
1543,11.405,46.833336,-6.0,2024-10-02 00:00:00,-0.054891802,0.20694757,4347273.775744883,-456916.88569019584,0.0
1723,13.46714,46.833336,-6.0,2024-10-02 00:00:00,-0.053977557,0.20831364,4347273.775744883,-456916.88569019584,0.0
1903,15.81007,46.833336,-6.0,2024-10-02 00:00:00,-0.050689682,0.2116387,4347273.775744883,-456916.88569019584,0.0
2083,18.49556,46.833336,-6.0,2024-10-02 00:00:00,-0.050251994,0.21671535,4347273.775744883,-456916.88569019584,0.0
2263,21.59882,46.833336,-6.0,2024-10-02 00:00:00,-0.0489917,0.21245924,4347273.775744883,-456916.88569019584,0.0
2443,25.21141,46.833336,-6.0,2024-10-02 00:00:00,-0.050242677,0.19576858,4347273.775744883,-456916.88569019584,0.0
2623,29.44473,46.833336,-6.0,2024-10-02 00:00:00,-0.051750414,0.18554644,4347273.775744883,-456916.88569019584,0.0
2803,34.43415,46.833336,-6.0,2024-10-02 00:00:00,-0.05134435,0.18310323,4347273.775744883,-456916.88569019584,0.0
2983,40.34405,46.833336,-6.0,2024-10-02 00:00:00,0.0050446796,0.18662463,4347273.775744883,-456916.88569019584,0.0
3163,47.37369,46.833336,-6.0,2024-10-02 00:00:00,-0.0939294,0.046206415,4347273.775744883,-456916.88569019584,0.0
3343,55.76429,46.833336,-6.0,2024-10-02 00:00:00,-0.12669608,0.090554394,4347273.775744883,-456916.88569019584,0.0
3523,65.80727,46.833336,-6.0,2024-10-02 00:00:00,-0.106768586,0.12260412,4347273.775744883,-456916.88569019584,0.0
3703,77.85385,46.833336,-6.0,2024-10-02 00:00:00,-0.08004937,0.12963137,4347273.775744883,-456916.88569019584,0.0
3883,92.32607,46.833336,-6.0,2024-10-02 00:00:00,-0.054330215,0.12733471,4347273.775744883,-456916.88569019584,0.0
4063,109.7293,46.833336,-6.0,2024-10-02 00:00:00,-0.042585596,0.127601,4347273.775744883,-456916.88569019584,0.0
4243,130.666,46.833336,-6.0,2024-10-02 00:00:00,-0.041934356,0.12198209,4347273.775744883,-456916.88569019584,0.0
4423,155.8507,46.833336,-6.0,2024-10-02 00:00:00,-0.044174213,0.112089,4347273.775744883,-456916.88569019584,0.0
4603,186.1256,46.833336,-6.0,2024-10-02 00:00:00,-0.056373913,0.12379488,4347273.775744883,-456916.88569019584,0.0
4783,222.4752,46.833336,-6.0,2024-10-02 00:00:00,-0.041602306,0.12478809,4347273.775744883,-456916.88569019584,0.0
4963,266.0403,46.833336,-6.0,2024-10-02 00:00:00,-0.043140113,0.112802684,4347273.775744883,-456916.88569019584,0.0
5143,318.1274,46.833336,-6.0,2024-10-02 00:00:00,-0.051643215,0.095739625,4347273.775744883,-456916.88569019584,0.0
5323,380.213,46.833336,-6.0,2024-10-02 00:00:00,-0.045267057,0.08557285,4347273.775744883,-456916.88569019584,0.0
5503,453.9377,46.833336,-6.0,2024-10-02 00:00:00,-0.050842512,0.08045889,4347273.775744883,-456916.88569019584,0.0
5683,541.0889,46.833336,-6.0,2024-10-02 00:00:00,-0.06087398,0.07952548,4347273.775744883,-456916.88569019584,0.0
5863,643.5668,46.833336,-6.0,2024-10-02 00:00:00,-0.07528693,0.08667138,4347273.775744883,-456916.88569019584,0.0
6043,763.3331,46.833336,-6.0,2024-10-02 00:00:00,-0.09387359,0.11785284,4347273.775744883,-456916.88569019584,0.0
6223,902.3393,46.833336,-6.0,2024-10-02 00:00:00,-0.0687589,0.11973787,4347273.775744883,-456916.88569019584,0.0
112,0.494025,46.91667,-6.25,2024-10-02 00:00:00,-0.032741893,0.13938224,4338517.220887722,-475144.9119816816,0.0
292,1.541375,46.91667,-6.25,2024-10-02 00:00:00,-0.03120269,0.14549944,4338517.220887722,-475144.9119816816,0.0
472,2.645669,46.91667,-6.25,2024-10-02 00:00:00,-0.029409204,0.15074795,4338517.220887722,-475144.9119816816,0.0
652,3.819495,46.91667,-6.25,2024-10-02 00:00:00,-0.027726581,0.15463346,4338517.220887722,-475144.9119816816,0.0
832,5.078224,46.91667,-6.25,2024-10-02 00:00:00,-0.026201464,0.15746073,4338517.220887722,-475144.9119816816,0.0
1012,6.440614,46.91667,-6.25,2024-10-02 00:00:00,-0.024757951,0.15966186,4338517.220887722,-475144.9119816816,0.0
1192,7.92956,46.91667,-6.25,2024-10-02 00:00:00,-0.022877613,0.1619596,4338517.220887722,-475144.9119816816,0.0
1372,9.572997,46.91667,-6.25,2024-10-02 00:00:00,-0.013977662,0.16651158,4338517.220887722,-475144.9119816816,0.0
1552,11.405,46.91667,-6.25,2024-10-02 00:00:00,0.0031333407,0.16454421,4338517.220887722,-475144.9119816816,0.0
1732,13.46714,46.91667,-6.25,2024-10-02 00:00:00,0.0039958037,0.14922169,4338517.220887722,-475144.9119816816,0.0
1912,15.81007,46.91667,-6.25,2024-10-02 00:00:00,-0.011067475,0.14283766,4338517.220887722,-475144.9119816816,0.0
2092,18.49556,46.91667,-6.25,2024-10-02 00:00:00,-0.018359294,0.14361441,4338517.220887722,-475144.9119816816,0.0
2272,21.59882,46.91667,-6.25,2024-10-02 00:00:00,-0.009561859,0.1386803,4338517.220887722,-475144.9119816816,0.0
2452,25.21141,46.91667,-6.25,2024-10-02 00:00:00,-0.0054761516,0.139929,4338517.220887722,-475144.9119816816,0.0
2632,29.44473,46.91667,-6.25,2024-10-02 00:00:00,-0.006241723,0.14569962,4338517.220887722,-475144.9119816816,0.0
2812,34.43415,46.91667,-6.25,2024-10-02 00:00:00,-0.0057743536,0.1521967,4338517.220887722,-475144.9119816816,0.0
2992,40.34405,46.91667,-6.25,2024-10-02 00:00:00,-0.007245023,0.14296396,4338517.220887722,-475144.9119816816,0.0
3172,47.37369,46.91667,-6.25,2024-10-02 00:00:00,-0.020568676,0.115726255,4338517.220887722,-475144.9119816816,0.0
3352,55.76429,46.91667,-6.25,2024-10-02 00:00:00,-0.105048366,0.10396848,4338517.220887722,-475144.9119816816,0.0
3532,65.80727,46.91667,-6.25,2024-10-02 00:00:00,-0.10448271,0.118390664,4338517.220887722,-475144.9119816816,0.0
3712,77.85385,46.91667,-6.25,2024-10-02 00:00:00,-0.09103534,0.11766797,4338517.220887722,-475144.9119816816,0.0
3892,92.32607,46.91667,-6.25,2024-10-02 00:00:00,-0.07738628,0.1061347,4338517.220887722,-475144.9119816816,0.0
4072,109.7293,46.91667,-6.25,2024-10-02 00:00:00,-0.06807905,0.09180611,4338517.220887722,-475144.9119816816,0.0
4252,130.666,46.91667,-6.25,2024-10-02 00:00:00,-0.05914312,0.08442034,4338517.220887722,-475144.9119816816,0.0
4432,155.8507,46.91667,-6.25,2024-10-02 00:00:00,-0.052302867,0.07023743,4338517.220887722,-475144.9119816816,0.0
4612,186.1256,46.91667,-6.25,2024-10-02 00:00:00,-0.042513885,0.04023484,4338517.220887722,-475144.9119816816,0.0
4792,222.4752,46.91667,-6.25,2024-10-02 00:00:00,-0.034143634,0.0027599575,4338517.220887722,-475144.9119816816,0.0
4972,266.0403,46.91667,-6.25,2024-10-02 00:00:00,-0.029492997,-0.0123787215,4338517.220887722,-475144.9119816816,0.0
5152,318.1274,46.91667,-6.25,2024-10-02 00:00:00,-0.037336722,-0.0026155321,4338517.220887722,-475144.9119816816,0.0
5332,380.213,46.91667,-6.25,2024-10-02 00:00:00,-0.053709757,0.026209157,4338517.220887722,-475144.9119816816,0.0
5512,453.9377,46.91667,-6.25,2024-10-02 00:00:00,-0.058303986,0.056257844,4338517.220887722,-475144.9119816816,0.0
5692,541.0889,46.91667,-6.25,2024-10-02 00:00:00,-0.045887925,0.056152873,4338517.220887722,-475144.9119816816,0.0
5872,643.5668,46.91667,-6.25,2024-10-02 00:00:00,-0.03830072,0.0677769,4338517.220887722,-475144.9119816816,0.0
6052,763.3331,46.91667,-6.25,2024-10-02 00:00:00,-0.05235089,0.07274188,4338517.220887722,-475144.9119816816,0.0
6232,902.3393,46.91667,-6.25,2024-10-02 00:00:00,-0.068526156,0.14517032,4338517.220887722,-475144.9119816816,0.0
121,0.494025,46.91667,-6.1666565,2024-10-02 00:00:00,-0.043585256,0.18277806,4339203.78529813,-468833.52373287774,0.0
301,1.541375,46.91667,-6.1666565,2024-10-02 00:00:00,-0.042285513,0.188803,4339203.78529813,-468833.52373287774,0.0
481,2.645669,46.91667,-6.1666565,2024-10-02 00:00:00,-0.04064508,0.19397944,4339203.78529813,-468833.52373287774,0.0
661,3.819495,46.91667,-6.1666565,2024-10-02 00:00:00,-0.039001856,0.1977928,4339203.78529813,-468833.52373287774,0.0
841,5.078224,46.91667,-6.1666565,2024-10-02 00:00:00,-0.03745266,0.20051458,4339203.78529813,-468833.52373287774,0.0
1021,6.440614,46.91667,-6.1666565,2024-10-02 00:00:00,-0.03592268,0.2025359,4339203.78529813,-468833.52373287774,0.0
1201,7.92956,46.91667,-6.1666565,2024-10-02 00:00:00,-0.034039095,0.20428763,4339203.78529813,-468833.52373287774,0.0
1381,9.572997,46.91667,-6.1666565,2024-10-02 00:00:00,-0.025854995,0.20943211,4339203.78529813,-468833.52373287774,0.0
1561,11.405,46.91667,-6.1666565,2024-10-02 00:00:00,0.0061605303,0.18973601,4339203.78529813,-468833.52373287774,0.0
1741,13.46714,46.91667,-6.1666565,2024-10-02 00:00:00,0.00213705,0.14954494,4339203.78529813,-468833.52373287774,0.0
1921,15.81007,46.91667,-6.1666565,2024-10-02 00:00:00,-0.03957043,0.15088885,4339203.78529813,-468833.52373287774,0.0
2101,18.49556,46.91667,-6.1666565,2024-10-02 00:00:00,-0.05594138,0.1835004,4339203.78529813,-468833.52373287774,0.0
2281,21.59882,46.91667,-6.1666565,2024-10-02 00:00:00,-0.03494318,0.19663827,4339203.78529813,-468833.52373287774,0.0
2461,25.21141,46.91667,-6.1666565,2024-10-02 00:00:00,-0.015454054,0.18585643,4339203.78529813,-468833.52373287774,0.0
2641,29.44473,46.91667,-6.1666565,2024-10-02 00:00:00,-0.008459438,0.17386974,4339203.78529813,-468833.52373287774,0.0
2821,34.43415,46.91667,-6.1666565,2024-10-02 00:00:00,-0.009366553,0.1681463,4339203.78529813,-468833.52373287774,0.0
3001,40.34405,46.91667,-6.1666565,2024-10-02 00:00:00,-0.0011128224,0.14110358,4339203.78529813,-468833.52373287774,0.0
3181,47.37369,46.91667,-6.1666565,2024-10-02 00:00:00,-0.04893681,0.07891902,4339203.78529813,-468833.52373287774,0.0
3361,55.76429,46.91667,-6.1666565,2024-10-02 00:00:00,-0.14020576,0.08659694,4339203.78529813,-468833.52373287774,0.0
3541,65.80727,46.91667,-6.1666565,2024-10-02 00:00:00,-0.13106348,0.1080654,4339203.78529813,-468833.52373287774,0.0
3721,77.85385,46.91667,-6.1666565,2024-10-02 00:00:00,-0.11087616,0.098286584,4339203.78529813,-468833.52373287774,0.0
3901,92.32607,46.91667,-6.1666565,2024-10-02 00:00:00,-0.090231195,0.077559255,4339203.78529813,-468833.52373287774,0.0
4081,109.7293,46.91667,-6.1666565,2024-10-02 00:00:00,-0.073568985,0.05863915,4339203.78529813,-468833.52373287774,0.0
4261,130.666,46.91667,-6.1666565,2024-10-02 00:00:00,-0.06486501,0.055252537,4339203.78529813,-468833.52373287774,0.0
4441,155.8507,46.91667,-6.1666565,2024-10-02 00:00:00,-0.057502534,0.056777146,4339203.78529813,-468833.52373287774,0.0
4621,186.1256,46.91667,-6.1666565,2024-10-02 00:00:00,-0.050186645,0.045299392,4339203.78529813,-468833.52373287774,0.0
4801,222.4752,46.91667,-6.1666565,2024-10-02 00:00:00,-0.048693202,0.045195907,4339203.78529813,-468833.52373287774,0.0
4981,266.0403,46.91667,-6.1666565,2024-10-02 00:00:00,-0.04977346,0.056986418,4339203.78529813,-468833.52373287774,0.0
5161,318.1274,46.91667,-6.1666565,2024-10-02 00:00:00,-0.053487986,0.06831865,4339203.78529813,-468833.52373287774,0.0
5341,380.213,46.91667,-6.1666565,2024-10-02 00:00:00,-0.05059194,0.07052486,4339203.78529813,-468833.52373287774,0.0
5521,453.9377,46.91667,-6.1666565,2024-10-02 00:00:00,-0.053801827,0.070330136,4339203.78529813,-468833.52373287774,0.0
5701,541.0889,46.91667,-6.1666565,2024-10-02 00:00:00,-0.048296668,0.075463824,4339203.78529813,-468833.52373287774,0.0
5881,643.5668,46.91667,-6.1666565,2024-10-02 00:00:00,-0.051823366,0.09816536,4339203.78529813,-468833.52373287774,0.0
6061,763.3331,46.91667,-6.1666565,2024-10-02 00:00:00,-0.07422377,0.11639924,4339203.78529813,-468833.52373287774,0.0
6241,902.3393,46.91667,-6.1666565,2024-10-02 00:00:00,-0.08280096,0.14891177,4339203.78529813,-468833.52373287774,0.0
130,0.494025,46.91667,-6.0833282,2024-10-02 00:00:00,-0.051909097,0.19856018,4339881.045145775,-462522.2992525033,0.0
310,1.541375,46.91667,-6.0833282,2024-10-02 00:00:00,-0.05088813,0.20452636,4339881.045145775,-462522.2992525033,0.0
490,2.645669,46.91667,-6.0833282,2024-10-02 00:00:00,-0.049531616,0.2096602,4339881.045145775,-462522.2992525033,0.0
670,3.819495,46.91667,-6.0833282,2024-10-02 00:00:00,-0.048150398,0.2134177,4339881.045145775,-462522.2992525033,0.0
850,5.078224,46.91667,-6.0833282,2024-10-02 00:00:00,-0.046853695,0.216055,4339881.045145775,-462522.2992525033,0.0
1030,6.440614,46.91667,-6.0833282,2024-10-02 00:00:00,-0.04560536,0.21795346,4339881.045145775,-462522.2992525033,0.0
1210,7.92956,46.91667,-6.0833282,2024-10-02 00:00:00,-0.0442684,0.21941915,4339881.045145775,-462522.2992525033,0.0
1390,9.572997,46.91667,-6.0833282,2024-10-02 00:00:00,-0.041128743,0.22118759,4339881.045145775,-462522.2992525033,0.0
1570,11.405,46.91667,-6.0833282,2024-10-02 00:00:00,-0.026728895,0.21729365,4339881.045145775,-462522.2992525033,0.0
1750,13.46714,46.91667,-6.0833282,2024-10-02 00:00:00,-0.02117591,0.17731571,4339881.045145775,-462522.2992525033,0.0
1930,15.81007,46.91667,-6.0833282,2024-10-02 00:00:00,-0.048055343,0.16703537,4339881.045145775,-462522.2992525033,0.0
2110,18.49556,46.91667,-6.0833282,2024-10-02 00:00:00,-0.06366456,0.19276172,4339881.045145775,-462522.2992525033,0.0
2290,21.59882,46.91667,-6.0833282,2024-10-02 00:00:00,-0.04633065,0.2200823,4339881.045145775,-462522.2992525033,0.0
2470,25.21141,46.91667,-6.0833282,2024-10-02 00:00:00,-0.029487178,0.21430054,4339881.045145775,-462522.2992525033,0.0
2650,29.44473,46.91667,-6.0833282,2024-10-02 00:00:00,-0.02471924,0.19195823,4339881.045145775,-462522.2992525033,0.0
2830,34.43415,46.91667,-6.0833282,2024-10-02 00:00:00,-0.028688513,0.17351979,4339881.045145775,-462522.2992525033,0.0
3010,40.34405,46.91667,-6.0833282,2024-10-02 00:00:00,-0.012848564,0.14534321,4339881.045145775,-462522.2992525033,0.0
3190,47.37369,46.91667,-6.0833282,2024-10-02 00:00:00,-0.09559333,0.045187514,4339881.045145775,-462522.2992525033,0.0
3370,55.76429,46.91667,-6.0833282,2024-10-02 00:00:00,-0.16677257,0.079090096,4339881.045145775,-462522.2992525033,0.0
3550,65.80727,46.91667,-6.0833282,2024-10-02 00:00:00,-0.15378113,0.11101467,4339881.045145775,-462522.2992525033,0.0
3730,77.85385,46.91667,-6.0833282,2024-10-02 00:00:00,-0.12950975,0.1216241,4339881.045145775,-462522.2992525033,0.0
3910,92.32607,46.91667,-6.0833282,2024-10-02 00:00:00,-0.10252335,0.11718588,4339881.045145775,-462522.2992525033,0.0
4090,109.7293,46.91667,-6.0833282,2024-10-02 00:00:00,-0.081332766,0.10504624,4339881.045145775,-462522.2992525033,0.0
4270,130.666,46.91667,-6.0833282,2024-10-02 00:00:00,-0.07087466,0.09312061,4339881.045145775,-462522.2992525033,0.0
4450,155.8507,46.91667,-6.0833282,2024-10-02 00:00:00,-0.05917465,0.07746515,4339881.045145775,-462522.2992525033,0.0
4630,186.1256,46.91667,-6.0833282,2024-10-02 00:00:00,-0.057695232,0.07366885,4339881.045145775,-462522.2992525033,0.0
4810,222.4752,46.91667,-6.0833282,2024-10-02 00:00:00,-0.05743695,0.09457855,4339881.045145775,-462522.2992525033,0.0
4990,266.0403,46.91667,-6.0833282,2024-10-02 00:00:00,-0.061586734,0.11253868,4339881.045145775,-462522.2992525033,0.0
5170,318.1274,46.91667,-6.0833282,2024-10-02 00:00:00,-0.059422404,0.12397783,4339881.045145775,-462522.2992525033,0.0
5350,380.213,46.91667,-6.0833282,2024-10-02 00:00:00,-0.046034727,0.12674046,4339881.045145775,-462522.2992525033,0.0
5530,453.9377,46.91667,-6.0833282,2024-10-02 00:00:00,-0.041438524,0.11524124,4339881.045145775,-462522.2992525033,0.0
5710,541.0889,46.91667,-6.0833282,2024-10-02 00:00:00,-0.044973448,0.11858288,4339881.045145775,-462522.2992525033,0.0
5890,643.5668,46.91667,-6.0833282,2024-10-02 00:00:00,-0.059146125,0.12301053,4339881.045145775,-462522.2992525033,0.0
6070,763.3331,46.91667,-6.0833282,2024-10-02 00:00:00,-0.08487754,0.1189475,4339881.045145775,-462522.2992525033,0.0
6250,902.3393,46.91667,-6.0833282,2024-10-02 00:00:00,-0.09326438,0.12652417,4339881.045145775,-462522.2992525033,0.0
139,0.494025,46.91667,-6.0,2024-10-02 00:00:00,-0.05197226,0.19296439,4340549.125536747,-456210.0964726406,0.0
319,1.541375,46.91667,-6.0,2024-10-02 00:00:00,-0.051272843,0.19895595,4340549.125536747,-456210.0964726406,0.0
499,2.645669,46.91667,-6.0,2024-10-02 00:00:00,-0.050312057,0.20414282,4340549.125536747,-456210.0964726406,0.0
679,3.819495,46.91667,-6.0,2024-10-02 00:00:00,-0.04935198,0.20789991,4340549.125536747,-456210.0964726406,0.0
859,5.078224,46.91667,-6.0,2024-10-02 00:00:00,-0.048483044,0.21050021,4340549.125536747,-456210.0964726406,0.0
1039,6.440614,46.91667,-6.0,2024-10-02 00:00:00,-0.04767669,0.21235397,4340549.125536747,-456210.0964726406,0.0
1219,7.92956,46.91667,-6.0,2024-10-02 00:00:00,-0.04690719,0.21369036,4340549.125536747,-456210.0964726406,0.0
1399,9.572997,46.91667,-6.0,2024-10-02 00:00:00,-0.045965314,0.21478833,4340549.125536747,-456210.0964726406,0.0
1579,11.405,46.91667,-6.0,2024-10-02 00:00:00,-0.04349644,0.21595716,4340549.125536747,-456210.0964726406,0.0
1759,13.46714,46.91667,-6.0,2024-10-02 00:00:00,-0.036995977,0.21462457,4340549.125536747,-456210.0964726406,0.0
1939,15.81007,46.91667,-6.0,2024-10-02 00:00:00,-0.04816839,0.20593563,4340549.125536747,-456210.0964726406,0.0
2119,18.49556,46.91667,-6.0,2024-10-02 00:00:00,-0.05677526,0.21175219,4340549.125536747,-456210.0964726406,0.0
2299,21.59882,46.91667,-6.0,2024-10-02 00:00:00,-0.05099092,0.2203475,4340549.125536747,-456210.0964726406,0.0
2479,25.21141,46.91667,-6.0,2024-10-02 00:00:00,-0.04573592,0.21229716,4340549.125536747,-456210.0964726406,0.0
2659,29.44473,46.91667,-6.0,2024-10-02 00:00:00,-0.052451983,0.20153034,4340549.125536747,-456210.0964726406,0.0
2839,34.43415,46.91667,-6.0,2024-10-02 00:00:00,-0.06377631,0.19906738,4340549.125536747,-456210.0964726406,0.0
3019,40.34405,46.91667,-6.0,2024-10-02 00:00:00,-0.03562199,0.19024096,4340549.125536747,-456210.0964726406,0.0
3199,47.37369,46.91667,-6.0,2024-10-02 00:00:00,-0.13697559,0.049233902,4340549.125536747,-456210.0964726406,0.0
3379,55.76429,46.91667,-6.0,2024-10-02 00:00:00,-0.17287233,0.09190531,4340549.125536747,-456210.0964726406,0.0
3559,65.80727,46.91667,-6.0,2024-10-02 00:00:00,-0.15678613,0.12588003,4340549.125536747,-456210.0964726406,0.0
3739,77.85385,46.91667,-6.0,2024-10-02 00:00:00,-0.12968317,0.14544511,4340549.125536747,-456210.0964726406,0.0
3919,92.32607,46.91667,-6.0,2024-10-02 00:00:00,-0.10125459,0.14879599,4340549.125536747,-456210.0964726406,0.0
4099,109.7293,46.91667,-6.0,2024-10-02 00:00:00,-0.0836193,0.14848322,4340549.125536747,-456210.0964726406,0.0
4279,130.666,46.91667,-6.0,2024-10-02 00:00:00,-0.07654999,0.13794082,4340549.125536747,-456210.0964726406,0.0
4459,155.8507,46.91667,-6.0,2024-10-02 00:00:00,-0.064365715,0.1212649,4340549.125536747,-456210.0964726406,0.0
4639,186.1256,46.91667,-6.0,2024-10-02 00:00:00,-0.06893145,0.123870954,4340549.125536747,-456210.0964726406,0.0
4819,222.4752,46.91667,-6.0,2024-10-02 00:00:00,-0.063589364,0.1361931,4340549.125536747,-456210.0964726406,0.0
4999,266.0403,46.91667,-6.0,2024-10-02 00:00:00,-0.06267814,0.13721725,4340549.125536747,-456210.0964726406,0.0
5179,318.1274,46.91667,-6.0,2024-10-02 00:00:00,-0.06411182,0.12215886,4340549.125536747,-456210.0964726406,0.0
5359,380.213,46.91667,-6.0,2024-10-02 00:00:00,-0.05745983,0.111723706,4340549.125536747,-456210.0964726406,0.0
5539,453.9377,46.91667,-6.0,2024-10-02 00:00:00,-0.051383886,0.10404364,4340549.125536747,-456210.0964726406,0.0
5719,541.0889,46.91667,-6.0,2024-10-02 00:00:00,-0.050263215,0.09195873,4340549.125536747,-456210.0964726406,0.0
5899,643.5668,46.91667,-6.0,2024-10-02 00:00:00,-0.05646102,0.086833075,4340549.125536747,-456210.0964726406,0.0
6079,763.3331,46.91667,-6.0,2024-10-02 00:00:00,-0.07758895,0.09993043,4340549.125536747,-456210.0964726406,0.0
6259,902.3393,46.91667,-6.0,2024-10-02 00:00:00,-0.077046506,0.081249274,4340549.125536747,-456210.0964726406,0.0
148,0.494025,47.0,-6.25,2024-10-02 00:00:00,-0.054855388,0.16092944,4331787.087405169,-474407.8424903363,0.0
328,1.541375,47.0,-6.25,2024-10-02 00:00:00,-0.053627323,0.1672429,4331787.087405169,-474407.8424903363,0.0
508,2.645669,47.0,-6.25,2024-10-02 00:00:00,-0.052103713,0.1726303,4331787.087405169,-474407.8424903363,0.0
688,3.819495,47.0,-6.25,2024-10-02 00:00:00,-0.050694354,0.17647989,4331787.087405169,-474407.8424903363,0.0
868,5.078224,47.0,-6.25,2024-10-02 00:00:00,-0.04945673,0.17917868,4331787.087405169,-474407.8424903363,0.0
1048,6.440614,47.0,-6.25,2024-10-02 00:00:00,-0.048318848,0.18116821,4331787.087405169,-474407.8424903363,0.0
1228,7.92956,47.0,-6.25,2024-10-02 00:00:00,-0.047170766,0.18281077,4331787.087405169,-474407.8424903363,0.0
1408,9.572997,47.0,-6.25,2024-10-02 00:00:00,-0.045339867,0.18438283,4331787.087405169,-474407.8424903363,0.0
1588,11.405,47.0,-6.25,2024-10-02 00:00:00,-0.041232888,0.18554285,4331787.087405169,-474407.8424903363,0.0
1768,13.46714,47.0,-6.25,2024-10-02 00:00:00,-0.034490738,0.18419656,4331787.087405169,-474407.8424903363,0.0
1948,15.81007,47.0,-6.25,2024-10-02 00:00:00,-0.030347679,0.17398985,4331787.087405169,-474407.8424903363,0.0
2128,18.49556,47.0,-6.25,2024-10-02 00:00:00,-0.0329081,0.164005,4331787.087405169,-474407.8424903363,0.0
2308,21.59882,47.0,-6.25,2024-10-02 00:00:00,-0.038636126,0.15739071,4331787.087405169,-474407.8424903363,0.0
2488,25.21141,47.0,-6.25,2024-10-02 00:00:00,-0.044844687,0.15730046,4331787.087405169,-474407.8424903363,0.0
2668,29.44473,47.0,-6.25,2024-10-02 00:00:00,-0.04797781,0.16092423,4331787.087405169,-474407.8424903363,0.0
2848,34.43415,47.0,-6.25,2024-10-02 00:00:00,-0.048146512,0.1648774,4331787.087405169,-474407.8424903363,0.0
3028,40.34405,47.0,-6.25,2024-10-02 00:00:00,-0.041094042,0.16186999,4331787.087405169,-474407.8424903363,0.0
3208,47.37369,47.0,-6.25,2024-10-02 00:00:00,-0.055253938,0.12804127,4331787.087405169,-474407.8424903363,0.0
3388,55.76429,47.0,-6.25,2024-10-02 00:00:00,-0.14696333,0.12438744,4331787.087405169,-474407.8424903363,0.0
3568,65.80727,47.0,-6.25,2024-10-02 00:00:00,-0.14883317,0.13579968,4331787.087405169,-474407.8424903363,0.0
3748,77.85385,47.0,-6.25,2024-10-02 00:00:00,-0.12753528,0.12479745,4331787.087405169,-474407.8424903363,0.0
3928,92.32607,47.0,-6.25,2024-10-02 00:00:00,-0.10291472,0.102323845,4331787.087405169,-474407.8424903363,0.0
4108,109.7293,47.0,-6.25,2024-10-02 00:00:00,-0.08223856,0.078744195,4331787.087405169,-474407.8424903363,0.0
4288,130.666,47.0,-6.25,2024-10-02 00:00:00,-0.07426303,0.0716519,4331787.087405169,-474407.8424903363,0.0
4468,155.8507,47.0,-6.25,2024-10-02 00:00:00,-0.07196227,0.07434331,4331787.087405169,-474407.8424903363,0.0
4648,186.1256,47.0,-6.25,2024-10-02 00:00:00,-0.07210081,0.055736277,4331787.087405169,-474407.8424903363,0.0
4828,222.4752,47.0,-6.25,2024-10-02 00:00:00,-0.06838395,0.036047313,4331787.087405169,-474407.8424903363,0.0
5008,266.0403,47.0,-6.25,2024-10-02 00:00:00,-0.06310507,0.020793334,4331787.087405169,-474407.8424903363,0.0
5188,318.1274,47.0,-6.25,2024-10-02 00:00:00,-0.057822,0.023793016,4331787.087405169,-474407.8424903363,0.0
5368,380.213,47.0,-6.25,2024-10-02 00:00:00,-0.044589296,0.057346825,4331787.087405169,-474407.8424903363,0.0
5548,453.9377,47.0,-6.25,2024-10-02 00:00:00,-0.034291666,0.07489601,4331787.087405169,-474407.8424903363,0.0
5728,541.0889,47.0,-6.25,2024-10-02 00:00:00,-0.042772174,0.07100233,4331787.087405169,-474407.8424903363,0.0
5908,643.5668,47.0,-6.25,2024-10-02 00:00:00,-0.04272998,0.06850166,4331787.087405169,-474407.8424903363,0.0
6088,763.3331,47.0,-6.25,2024-10-02 00:00:00,-0.06096136,0.12049554,4331787.087405169,-474407.8424903363,0.0
6268,902.3393,47.0,-6.25,2024-10-02 00:00:00,-0.07219982,0.16890725,4331787.087405169,-474407.8424903363,0.0
157,0.494025,47.0,-6.1666565,2024-10-02 00:00:00,-0.047815744,0.17091693,4332472.586781167,-468106.2447951276,0.0
337,1.541375,47.0,-6.1666565,2024-10-02 00:00:00,-0.04696881,0.17704071,4332472.586781167,-468106.2447951276,0.0
517,2.645669,47.0,-6.1666565,2024-10-02 00:00:00,-0.04581047,0.1822951,4332472.586781167,-468106.2447951276,0.0
697,3.819495,47.0,-6.1666565,2024-10-02 00:00:00,-0.044638097,0.18610652,4332472.586781167,-468106.2447951276,0.0
877,5.078224,47.0,-6.1666565,2024-10-02 00:00:00,-0.04354849,0.18877508,4332472.586781167,-468106.2447951276,0.0
1057,6.440614,47.0,-6.1666565,2024-10-02 00:00:00,-0.0425097,0.19070981,4332472.586781167,-468106.2447951276,0.0
1237,7.92956,47.0,-6.1666565,2024-10-02 00:00:00,-0.04141412,0.19222505,4332472.586781167,-468106.2447951276,0.0
1417,9.572997,47.0,-6.1666565,2024-10-02 00:00:00,-0.039506372,0.19404548,4332472.586781167,-468106.2447951276,0.0
1597,11.405,47.0,-6.1666565,2024-10-02 00:00:00,-0.029873345,0.1925117,4332472.586781167,-468106.2447951276,0.0
1777,13.46714,47.0,-6.1666565,2024-10-02 00:00:00,-0.023409482,0.17361203,4332472.586781167,-468106.2447951276,0.0
1957,15.81007,47.0,-6.1666565,2024-10-02 00:00:00,-0.032190394,0.16488849,4332472.586781167,-468106.2447951276,0.0
2137,18.49556,47.0,-6.1666565,2024-10-02 00:00:00,-0.04127653,0.17349607,4332472.586781167,-468106.2447951276,0.0
2317,21.59882,47.0,-6.1666565,2024-10-02 00:00:00,-0.041074816,0.17682278,4332472.586781167,-468106.2447951276,0.0
2497,25.21141,47.0,-6.1666565,2024-10-02 00:00:00,-0.04445998,0.17557006,4332472.586781167,-468106.2447951276,0.0
2677,29.44473,47.0,-6.1666565,2024-10-02 00:00:00,-0.047454093,0.17542374,4332472.586781167,-468106.2447951276,0.0
2857,34.43415,47.0,-6.1666565,2024-10-02 00:00:00,-0.04876865,0.17699571,4332472.586781167,-468106.2447951276,0.0
3037,40.34405,47.0,-6.1666565,2024-10-02 00:00:00,-0.03744152,0.16404153,4332472.586781167,-468106.2447951276,0.0
3217,47.37369,47.0,-6.1666565,2024-10-02 00:00:00,-0.069568485,0.10265256,4332472.586781167,-468106.2447951276,0.0
3397,55.76429,47.0,-6.1666565,2024-10-02 00:00:00,-0.14657529,0.104977116,4332472.586781167,-468106.2447951276,0.0
3577,65.80727,47.0,-6.1666565,2024-10-02 00:00:00,-0.1517433,0.12253132,4332472.586781167,-468106.2447951276,0.0
3757,77.85385,47.0,-6.1666565,2024-10-02 00:00:00,-0.14024422,0.12433527,4332472.586781167,-468106.2447951276,0.0
3937,92.32607,47.0,-6.1666565,2024-10-02 00:00:00,-0.118273735,0.11131608,4332472.586781167,-468106.2447951276,0.0
4117,109.7293,47.0,-6.1666565,2024-10-02 00:00:00,-0.09759209,0.095394075,4332472.586781167,-468106.2447951276,0.0
4297,130.666,47.0,-6.1666565,2024-10-02 00:00:00,-0.090124495,0.0822071,4332472.586781167,-468106.2447951276,0.0
4477,155.8507,47.0,-6.1666565,2024-10-02 00:00:00,-0.08249921,0.07877299,4332472.586781167,-468106.2447951276,0.0
4657,186.1256,47.0,-6.1666565,2024-10-02 00:00:00,-0.07818645,0.059836686,4332472.586781167,-468106.2447951276,0.0
4837,222.4752,47.0,-6.1666565,2024-10-02 00:00:00,-0.09230211,0.06471126,4332472.586781167,-468106.2447951276,0.0
5017,266.0403,47.0,-6.1666565,2024-10-02 00:00:00,-0.10306326,0.08955023,4332472.586781167,-468106.2447951276,0.0
5197,318.1274,47.0,-6.1666565,2024-10-02 00:00:00,-0.09653715,0.10069455,4332472.586781167,-468106.2447951276,0.0
5377,380.213,47.0,-6.1666565,2024-10-02 00:00:00,-0.074935846,0.08968563,4332472.586781167,-468106.2447951276,0.0
5557,453.9377,47.0,-6.1666565,2024-10-02 00:00:00,-0.055326805,0.08321402,4332472.586781167,-468106.2447951276,0.0
5737,541.0889,47.0,-6.1666565,2024-10-02 00:00:00,-0.053030342,0.09435739,4332472.586781167,-468106.2447951276,0.0
5917,643.5668,47.0,-6.1666565,2024-10-02 00:00:00,-0.058365997,0.11070461,4332472.586781167,-468106.2447951276,0.0
6097,763.3331,47.0,-6.1666565,2024-10-02 00:00:00,-0.08590887,0.14569831,4332472.586781167,-468106.2447951276,0.0
6277,902.3393,47.0,-6.1666565,2024-10-02 00:00:00,-0.10858995,0.19375223,4332472.586781167,-468106.2447951276,0.0
166,0.494025,47.0,-6.0833282,2024-10-02 00:00:00,-0.035288557,0.16588604,4333148.796028124,-461804.81061430223,0.0
346,1.541375,47.0,-6.0833282,2024-10-02 00:00:00,-0.034772504,0.17187144,4333148.796028124,-461804.81061430223,0.0
526,2.645669,47.0,-6.0833282,2024-10-02 00:00:00,-0.033977795,0.17699209,4333148.796028124,-461804.81061430223,0.0
706,3.819495,47.0,-6.0833282,2024-10-02 00:00:00,-0.03313118,0.18069097,4333148.796028124,-461804.81061430223,0.0
886,5.078224,47.0,-6.0833282,2024-10-02 00:00:00,-0.032328483,0.18324092,4333148.796028124,-461804.81061430223,0.0
1066,6.440614,47.0,-6.0833282,2024-10-02 00:00:00,-0.031562977,0.18503515,4333148.796028124,-461804.81061430223,0.0
1246,7.92956,47.0,-6.0833282,2024-10-02 00:00:00,-0.030763576,0.18635578,4333148.796028124,-461804.81061430223,0.0
1426,9.572997,47.0,-6.0833282,2024-10-02 00:00:00,-0.02925478,0.18763527,4333148.796028124,-461804.81061430223,0.0
1606,11.405,47.0,-6.0833282,2024-10-02 00:00:00,-0.017880784,0.18695423,4333148.796028124,-461804.81061430223,0.0
1786,13.46714,47.0,-6.0833282,2024-10-02 00:00:00,-0.013529496,0.15730488,4333148.796028124,-461804.81061430223,0.0
1966,15.81007,47.0,-6.0833282,2024-10-02 00:00:00,-0.040456668,0.15662256,4333148.796028124,-461804.81061430223,0.0
2146,18.49556,47.0,-6.0833282,2024-10-02 00:00:00,-0.05429663,0.18424776,4333148.796028124,-461804.81061430223,0.0
2326,21.59882,47.0,-6.0833282,2024-10-02 00:00:00,-0.044686504,0.20132431,4333148.796028124,-461804.81061430223,0.0
2506,25.21141,47.0,-6.0833282,2024-10-02 00:00:00,-0.041702997,0.19815207,4333148.796028124,-461804.81061430223,0.0
2686,29.44473,47.0,-6.0833282,2024-10-02 00:00:00,-0.047249243,0.19231074,4333148.796028124,-461804.81061430223,0.0
2866,34.43415,47.0,-6.0833282,2024-10-02 00:00:00,-0.05417282,0.19073656,4333148.796028124,-461804.81061430223,0.0
3046,40.34405,47.0,-6.0833282,2024-10-02 00:00:00,-0.046962388,0.17122975,4333148.796028124,-461804.81061430223,0.0
3226,47.37369,47.0,-6.0833282,2024-10-02 00:00:00,-0.09940592,0.07702412,4333148.796028124,-461804.81061430223,0.0
3406,55.76429,47.0,-6.0833282,2024-10-02 00:00:00,-0.14466316,0.090398856,4333148.796028124,-461804.81061430223,0.0
3586,65.80727,47.0,-6.0833282,2024-10-02 00:00:00,-0.149686,0.11577183,4333148.796028124,-461804.81061430223,0.0
3766,77.85385,47.0,-6.0833282,2024-10-02 00:00:00,-0.14222178,0.13699424,4333148.796028124,-461804.81061430223,0.0
3946,92.32607,47.0,-6.0833282,2024-10-02 00:00:00,-0.12109858,0.13824213,4333148.796028124,-461804.81061430223,0.0
4126,109.7293,47.0,-6.0833282,2024-10-02 00:00:00,-0.10487393,0.13092446,4333148.796028124,-461804.81061430223,0.0
4306,130.666,47.0,-6.0833282,2024-10-02 00:00:00,-0.102283016,0.11432899,4333148.796028124,-461804.81061430223,0.0
4486,155.8507,47.0,-6.0833282,2024-10-02 00:00:00,-0.09622304,0.103674956,4333148.796028124,-461804.81061430223,0.0
4666,186.1256,47.0,-6.0833282,2024-10-02 00:00:00,-0.09311828,0.09936816,4333148.796028124,-461804.81061430223,0.0
4846,222.4752,47.0,-6.0833282,2024-10-02 00:00:00,-0.10342092,0.10504588,4333148.796028124,-461804.81061430223,0.0
5026,266.0403,47.0,-6.0833282,2024-10-02 00:00:00,-0.11787229,0.1230985,4333148.796028124,-461804.81061430223,0.0
5206,318.1274,47.0,-6.0833282,2024-10-02 00:00:00,-0.11117283,0.13546813,4333148.796028124,-461804.81061430223,0.0
5386,380.213,47.0,-6.0833282,2024-10-02 00:00:00,-0.09161311,0.13542591,4333148.796028124,-461804.81061430223,0.0
5566,453.9377,47.0,-6.0833282,2024-10-02 00:00:00,-0.0847762,0.12684385,4333148.796028124,-461804.81061430223,0.0
5746,541.0889,47.0,-6.0833282,2024-10-02 00:00:00,-0.07311583,0.122633524,4333148.796028124,-461804.81061430223,0.0
5926,643.5668,47.0,-6.0833282,2024-10-02 00:00:00,-0.07263006,0.120869316,4333148.796028124,-461804.81061430223,0.0
6106,763.3331,47.0,-6.0833282,2024-10-02 00:00:00,-0.09778252,0.13884124,4333148.796028124,-461804.81061430223,0.0
6286,902.3393,47.0,-6.0833282,2024-10-02 00:00:00,-0.11811286,0.12902294,4333148.796028124,-461804.81061430223,0.0
175,0.494025,47.0,-6.0,2024-10-02 00:00:00,-0.023914378,0.16272102,4333815.840058059,-455502.3996515776,0.0
355,1.541375,47.0,-6.0,2024-10-02 00:00:00,-0.023701435,0.16862735,4333815.840058059,-455502.3996515776,0.0
535,2.645669,47.0,-6.0,2024-10-02 00:00:00,-0.023261812,0.17369005,4333815.840058059,-455502.3996515776,0.0
715,3.819495,47.0,-6.0,2024-10-02 00:00:00,-0.022750366,0.17736447,4333815.840058059,-455502.3996515776,0.0
895,5.078224,47.0,-6.0,2024-10-02 00:00:00,-0.02224518,0.17990954,4333815.840058059,-455502.3996515776,0.0
1075,6.440614,47.0,-6.0,2024-10-02 00:00:00,-0.021749884,0.1817195,4333815.840058059,-455502.3996515776,0.0
1255,7.92956,47.0,-6.0,2024-10-02 00:00:00,-0.021206312,0.18311024,4333815.840058059,-455502.3996515776,0.0
1435,9.572997,47.0,-6.0,2024-10-02 00:00:00,-0.019866087,0.18492305,4333815.840058059,-455502.3996515776,0.0
1615,11.405,47.0,-6.0,2024-10-02 00:00:00,-0.009490925,0.18812607,4333815.840058059,-455502.3996515776,0.0
1795,13.46714,47.0,-6.0,2024-10-02 00:00:00,-0.0025790175,0.16177547,4333815.840058059,-455502.3996515776,0.0
1975,15.81007,47.0,-6.0,2024-10-02 00:00:00,-0.034052826,0.15923189,4333815.840058059,-455502.3996515776,0.0
2155,18.49556,47.0,-6.0,2024-10-02 00:00:00,-0.050500654,0.1838172,4333815.840058059,-455502.3996515776,0.0
2335,21.59882,47.0,-6.0,2024-10-02 00:00:00,-0.043189242,0.20925957,4333815.840058059,-455502.3996515776,0.0
2515,25.21141,47.0,-6.0,2024-10-02 00:00:00,-0.040528093,0.2113669,4333815.840058059,-455502.3996515776,0.0
2695,29.44473,47.0,-6.0,2024-10-02 00:00:00,-0.049744874,0.2051197,4333815.840058059,-455502.3996515776,0.0
2875,34.43415,47.0,-6.0,2024-10-02 00:00:00,-0.06349855,0.20448443,4333815.840058059,-455502.3996515776,0.0
3055,40.34405,47.0,-6.0,2024-10-02 00:00:00,-0.063021496,0.18697457,4333815.840058059,-455502.3996515776,0.0
3235,47.37369,47.0,-6.0,2024-10-02 00:00:00,-0.12540914,0.071201466,4333815.840058059,-455502.3996515776,0.0
3415,55.76429,47.0,-6.0,2024-10-02 00:00:00,-0.14753294,0.09269928,4333815.840058059,-455502.3996515776,0.0
3595,65.80727,47.0,-6.0,2024-10-02 00:00:00,-0.15384652,0.114782214,4333815.840058059,-455502.3996515776,0.0
3775,77.85385,47.0,-6.0,2024-10-02 00:00:00,-0.14249577,0.1378734,4333815.840058059,-455502.3996515776,0.0
3955,92.32607,47.0,-6.0,2024-10-02 00:00:00,-0.116030134,0.14572409,4333815.840058059,-455502.3996515776,0.0
4135,109.7293,47.0,-6.0,2024-10-02 00:00:00,-0.09854205,0.14565489,4333815.840058059,-455502.3996515776,0.0
4315,130.666,47.0,-6.0,2024-10-02 00:00:00,-0.0971227,0.13666683,4333815.840058059,-455502.3996515776,0.0
4495,155.8507,47.0,-6.0,2024-10-02 00:00:00,-0.09081599,0.13117902,4333815.840058059,-455502.3996515776,0.0
4675,186.1256,47.0,-6.0,2024-10-02 00:00:00,-0.09907061,0.1389395,4333815.840058059,-455502.3996515776,0.0
4855,222.4752,47.0,-6.0,2024-10-02 00:00:00,-0.10127259,0.1340501,4333815.840058059,-455502.3996515776,0.0
5035,266.0403,47.0,-6.0,2024-10-02 00:00:00,-0.112921365,0.13028774,4333815.840058059,-455502.3996515776,0.0
5215,318.1274,47.0,-6.0,2024-10-02 00:00:00,-0.11640932,0.13381311,4333815.840058059,-455502.3996515776,0.0
5395,380.213,47.0,-6.0,2024-10-02 00:00:00,-0.11341948,0.14278087,4333815.840058059,-455502.3996515776,0.0
5575,453.9377,47.0,-6.0,2024-10-02 00:00:00,-0.1234431,0.14758606,4333815.840058059,-455502.3996515776,0.0
5755,541.0889,47.0,-6.0,2024-10-02 00:00:00,-0.11809333,0.1288716,4333815.840058059,-455502.3996515776,0.0
5935,643.5668,47.0,-6.0,2024-10-02 00:00:00,-0.10058622,0.09922361,4333815.840058059,-455502.3996515776,0.0
6115,763.3331,47.0,-6.0,2024-10-02 00:00:00,-0.10863317,0.08611839,4333815.840058059,-455502.3996515776,0.0
6295,902.3393,47.0,-6.0,2024-10-02 00:00:00,-0.104325235,0.055552095,4333815.840058059,-455502.3996515776,0.0
5,0.494025,46.66667,-6.25,2024-10-02 06:00:00,-0.051167212,0.10653864,4358653.3150161095,-477350.1729464703,0.0
185,1.541375,46.66667,-6.25,2024-10-02 06:00:00,-0.044699,0.10919731,4358653.3150161095,-477350.1729464703,0.0
365,2.645669,46.66667,-6.25,2024-10-02 06:00:00,-0.039321132,0.110474735,4358653.3150161095,-477350.1729464703,0.0
545,3.819495,46.66667,-6.25,2024-10-02 06:00:00,-0.034707237,0.11076219,4358653.3150161095,-477350.1729464703,0.0
725,5.078224,46.66667,-6.25,2024-10-02 06:00:00,-0.030330017,0.1097962,4358653.3150161095,-477350.1729464703,0.0
905,6.440614,46.66667,-6.25,2024-10-02 06:00:00,-0.027722308,0.10323378,4358653.3150161095,-477350.1729464703,0.0
1085,7.92956,46.66667,-6.25,2024-10-02 06:00:00,-0.02523477,0.087731205,4358653.3150161095,-477350.1729464703,0.0
1265,9.572997,46.66667,-6.25,2024-10-02 06:00:00,-0.020837888,0.06584938,4358653.3150161095,-477350.1729464703,0.0
1445,11.405,46.66667,-6.25,2024-10-02 06:00:00,-0.023754299,0.047349397,4358653.3150161095,-477350.1729464703,0.0
1625,13.46714,46.66667,-6.25,2024-10-02 06:00:00,-0.02791148,0.035610266,4358653.3150161095,-477350.1729464703,0.0
1805,15.81007,46.66667,-6.25,2024-10-02 06:00:00,-0.047702566,0.033575285,4358653.3150161095,-477350.1729464703,0.0
1985,18.49556,46.66667,-6.25,2024-10-02 06:00:00,-0.03196777,0.04577767,4358653.3150161095,-477350.1729464703,0.0
2165,21.59882,46.66667,-6.25,2024-10-02 06:00:00,-0.011719021,0.020474674,4358653.3150161095,-477350.1729464703,0.0
2345,25.21141,46.66667,-6.25,2024-10-02 06:00:00,-0.013747967,-0.011520677,4358653.3150161095,-477350.1729464703,0.0
2525,29.44473,46.66667,-6.25,2024-10-02 06:00:00,-0.025884798,-0.036977477,4358653.3150161095,-477350.1729464703,0.0
2705,34.43415,46.66667,-6.25,2024-10-02 06:00:00,-0.037450787,-0.06466048,4358653.3150161095,-477350.1729464703,0.0
2885,40.34405,46.66667,-6.25,2024-10-02 06:00:00,-0.09051272,-0.093482204,4358653.3150161095,-477350.1729464703,0.0
3065,47.37369,46.66667,-6.25,2024-10-02 06:00:00,-0.11673492,-0.01637087,4358653.3150161095,-477350.1729464703,0.0
3245,55.76429,46.66667,-6.25,2024-10-02 06:00:00,-0.08065292,0.027579073,4358653.3150161095,-477350.1729464703,0.0
3425,65.80727,46.66667,-6.25,2024-10-02 06:00:00,-0.07614884,0.028045166,4358653.3150161095,-477350.1729464703,0.0
3605,77.85385,46.66667,-6.25,2024-10-02 06:00:00,-0.07731424,0.018003445,4358653.3150161095,-477350.1729464703,0.0
3785,92.32607,46.66667,-6.25,2024-10-02 06:00:00,-0.084845334,0.0082164295,4358653.3150161095,-477350.1729464703,0.0
3965,109.7293,46.66667,-6.25,2024-10-02 06:00:00,-0.097738944,-0.0004201713,4358653.3150161095,-477350.1729464703,0.0
4145,130.666,46.66667,-6.25,2024-10-02 06:00:00,-0.104687944,-0.010482545,4358653.3150161095,-477350.1729464703,0.0
4325,155.8507,46.66667,-6.25,2024-10-02 06:00:00,-0.10690313,-0.013911792,4358653.3150161095,-477350.1729464703,0.0
4505,186.1256,46.66667,-6.25,2024-10-02 06:00:00,-0.093658835,-0.008693668,4358653.3150161095,-477350.1729464703,0.0
4685,222.4752,46.66667,-6.25,2024-10-02 06:00:00,-0.08245743,-0.011665545,4358653.3150161095,-477350.1729464703,0.0
4865,266.0403,46.66667,-6.25,2024-10-02 06:00:00,-0.07110709,-0.009887853,4358653.3150161095,-477350.1729464703,0.0
5045,318.1274,46.66667,-6.25,2024-10-02 06:00:00,-0.064177155,0.0056639276,4358653.3150161095,-477350.1729464703,0.0
5225,380.213,46.66667,-6.25,2024-10-02 06:00:00,-0.054237537,0.02423551,4358653.3150161095,-477350.1729464703,0.0
5405,453.9377,46.66667,-6.25,2024-10-02 06:00:00,-0.047909863,0.029759666,4358653.3150161095,-477350.1729464703,0.0
5585,541.0889,46.66667,-6.25,2024-10-02 06:00:00,-0.052887224,0.019914139,4358653.3150161095,-477350.1729464703,0.0
5765,643.5668,46.66667,-6.25,2024-10-02 06:00:00,-0.057627317,0.011721514,4358653.3150161095,-477350.1729464703,0.0
5945,763.3331,46.66667,-6.25,2024-10-02 06:00:00,-0.034492068,0.025840972,4358653.3150161095,-477350.1729464703,0.0
6125,902.3393,46.66667,-6.25,2024-10-02 06:00:00,0.022197263,0.06297185,4358653.3150161095,-477350.1729464703,0.0
14,0.494025,46.66667,-6.1666565,2024-10-02 06:00:00,-0.07471986,0.05377946,4359343.065935845,-471009.49203812674,0.0
194,1.541375,46.66667,-6.1666565,2024-10-02 06:00:00,-0.06827323,0.056998786,4359343.065935845,-471009.49203812674,0.0
374,2.645669,46.66667,-6.1666565,2024-10-02 06:00:00,-0.06444302,0.058597617,4359343.065935845,-471009.49203812674,0.0
554,3.819495,46.66667,-6.1666565,2024-10-02 06:00:00,-0.06208176,0.05934898,4359343.065935845,-471009.49203812674,0.0
734,5.078224,46.66667,-6.1666565,2024-10-02 06:00:00,-0.060607605,0.05975962,4359343.065935845,-471009.49203812674,0.0
914,6.440614,46.66667,-6.1666565,2024-10-02 06:00:00,-0.059493687,0.059947062,4359343.065935845,-471009.49203812674,0.0
1094,7.92956,46.66667,-6.1666565,2024-10-02 06:00:00,-0.058478024,0.05988271,4359343.065935845,-471009.49203812674,0.0
1274,9.572997,46.66667,-6.1666565,2024-10-02 06:00:00,-0.057619564,0.05835256,4359343.065935845,-471009.49203812674,0.0
1454,11.405,46.66667,-6.1666565,2024-10-02 06:00:00,-0.057134908,0.055496298,4359343.065935845,-471009.49203812674,0.0
1634,13.46714,46.66667,-6.1666565,2024-10-02 06:00:00,-0.056841545,0.05200292,4359343.065935845,-471009.49203812674,0.0
1814,15.81007,46.66667,-6.1666565,2024-10-02 06:00:00,-0.05678857,0.051661592,4359343.065935845,-471009.49203812674,0.0
1994,18.49556,46.66667,-6.1666565,2024-10-02 06:00:00,-0.056095388,0.05289863,4359343.065935845,-471009.49203812674,0.0
2174,21.59882,46.66667,-6.1666565,2024-10-02 06:00:00,-0.05651541,0.039861087,4359343.065935845,-471009.49203812674,0.0
2354,25.21141,46.66667,-6.1666565,2024-10-02 06:00:00,-0.058398917,0.017023658,4359343.065935845,-471009.49203812674,0.0
2534,29.44473,46.66667,-6.1666565,2024-10-02 06:00:00,-0.06061661,-0.0033052326,4359343.065935845,-471009.49203812674,0.0
2714,34.43415,46.66667,-6.1666565,2024-10-02 06:00:00,-0.0746087,-0.025047708,4359343.065935845,-471009.49203812674,0.0
2894,40.34405,46.66667,-6.1666565,2024-10-02 06:00:00,-0.100671865,-0.063254714,4359343.065935845,-471009.49203812674,0.0
3074,47.37369,46.66667,-6.1666565,2024-10-02 06:00:00,-0.13578324,0.041563824,4359343.065935845,-471009.49203812674,0.0
3254,55.76429,46.66667,-6.1666565,2024-10-02 06:00:00,-0.08923302,0.05237902,4359343.065935845,-471009.49203812674,0.0
3434,65.80727,46.66667,-6.1666565,2024-10-02 06:00:00,-0.07770922,0.038583223,4359343.065935845,-471009.49203812674,0.0
3614,77.85385,46.66667,-6.1666565,2024-10-02 06:00:00,-0.088235825,0.03003458,4359343.065935845,-471009.49203812674,0.0
3794,92.32607,46.66667,-6.1666565,2024-10-02 06:00:00,-0.099123135,0.027813373,4359343.065935845,-471009.49203812674,0.0
3974,109.7293,46.66667,-6.1666565,2024-10-02 06:00:00,-0.10647345,0.026031503,4359343.065935845,-471009.49203812674,0.0
4154,130.666,46.66667,-6.1666565,2024-10-02 06:00:00,-0.10161123,0.023569651,4359343.065935845,-471009.49203812674,0.0
4334,155.8507,46.66667,-6.1666565,2024-10-02 06:00:00,-0.10019594,0.025658667,4359343.065935845,-471009.49203812674,0.0
4514,186.1256,46.66667,-6.1666565,2024-10-02 06:00:00,-0.08777398,0.039027862,4359343.065935845,-471009.49203812674,0.0
4694,222.4752,46.66667,-6.1666565,2024-10-02 06:00:00,-0.07234739,0.047445882,4359343.065935845,-471009.49203812674,0.0
4874,266.0403,46.66667,-6.1666565,2024-10-02 06:00:00,-0.057749342,0.05448061,4359343.065935845,-471009.49203812674,0.0
5054,318.1274,46.66667,-6.1666565,2024-10-02 06:00:00,-0.056621097,0.05617088,4359343.065935845,-471009.49203812674,0.0
5234,380.213,46.66667,-6.1666565,2024-10-02 06:00:00,-0.067920096,0.05128191,4359343.065935845,-471009.49203812674,0.0
5414,453.9377,46.66667,-6.1666565,2024-10-02 06:00:00,-0.06902429,0.052110076,4359343.065935845,-471009.49203812674,0.0
5594,541.0889,46.66667,-6.1666565,2024-10-02 06:00:00,-0.061976593,0.04812844,4359343.065935845,-471009.49203812674,0.0
5774,643.5668,46.66667,-6.1666565,2024-10-02 06:00:00,-0.06358411,0.043751996,4359343.065935845,-471009.49203812674,0.0
5954,763.3331,46.66667,-6.1666565,2024-10-02 06:00:00,-0.021836614,0.049089678,4359343.065935845,-471009.49203812674,0.0
6134,902.3393,46.66667,-6.1666565,2024-10-02 06:00:00,0.0010635797,0.07790781,4359343.065935845,-471009.49203812674,0.0
23,0.494025,46.66667,-6.0833282,2024-10-02 06:00:00,-0.07874222,0.019157536,4360023.469108121,-464668.9756583009,0.0
203,1.541375,46.66667,-6.0833282,2024-10-02 06:00:00,-0.07287259,0.022758206,4360023.469108121,-464668.9756583009,0.0
383,2.645669,46.66667,-6.0833282,2024-10-02 06:00:00,-0.07025494,0.024220629,4360023.469108121,-464668.9756583009,0.0
563,3.819495,46.66667,-6.0833282,2024-10-02 06:00:00,-0.06882023,0.024903,4360023.469108121,-464668.9756583009,0.0
743,5.078224,46.66667,-6.0833282,2024-10-02 06:00:00,-0.06802153,0.025281012,4360023.469108121,-464668.9756583009,0.0
923,6.440614,46.66667,-6.0833282,2024-10-02 06:00:00,-0.067456976,0.025529884,4360023.469108121,-464668.9756583009,0.0
1103,7.92956,46.66667,-6.0833282,2024-10-02 06:00:00,-0.067004606,0.02570972,4360023.469108121,-464668.9756583009,0.0
1283,9.572997,46.66667,-6.0833282,2024-10-02 06:00:00,-0.06663022,0.02584101,4360023.469108121,-464668.9756583009,0.0
1463,11.405,46.66667,-6.0833282,2024-10-02 06:00:00,-0.0663165,0.025932414,4360023.469108121,-464668.9756583009,0.0
1643,13.46714,46.66667,-6.0833282,2024-10-02 06:00:00,-0.066052936,0.025984991,4360023.469108121,-464668.9756583009,0.0
1823,15.81007,46.66667,-6.0833282,2024-10-02 06:00:00,-0.065834805,0.025970856,4360023.469108121,-464668.9756583009,0.0
2003,18.49556,46.66667,-6.0833282,2024-10-02 06:00:00,-0.06565864,0.02589241,4360023.469108121,-464668.9756583009,0.0
2183,21.59882,46.66667,-6.0833282,2024-10-02 06:00:00,-0.06554391,0.025782276,4360023.469108121,-464668.9756583009,0.0
2363,25.21141,46.66667,-6.0833282,2024-10-02 06:00:00,-0.0655048,0.02565979,4360023.469108121,-464668.9756583009,0.0
2543,29.44473,46.66667,-6.0833282,2024-10-02 06:00:00,-0.06555446,0.025474476,4360023.469108121,-464668.9756583009,0.0
2723,34.43415,46.66667,-6.0833282,2024-10-02 06:00:00,-0.06786943,0.01644879,4360023.469108121,-464668.9756583009,0.0
2903,40.34405,46.66667,-6.0833282,2024-10-02 06:00:00,-0.075251706,-0.010657044,4360023.469108121,-464668.9756583009,0.0
3083,47.37369,46.66667,-6.0833282,2024-10-02 06:00:00,-0.111663006,0.09478617,4360023.469108121,-464668.9756583009,0.0
3263,55.76429,46.66667,-6.0833282,2024-10-02 06:00:00,-0.0944185,0.08343905,4360023.469108121,-464668.9756583009,0.0
3443,65.80727,46.66667,-6.0833282,2024-10-02 06:00:00,-0.09451372,0.06840682,4360023.469108121,-464668.9756583009,0.0
3623,77.85385,46.66667,-6.0833282,2024-10-02 06:00:00,-0.0993359,0.06774844,4360023.469108121,-464668.9756583009,0.0
3803,92.32607,46.66667,-6.0833282,2024-10-02 06:00:00,-0.10278611,0.07448065,4360023.469108121,-464668.9756583009,0.0
3983,109.7293,46.66667,-6.0833282,2024-10-02 06:00:00,-0.10943284,0.07916011,4360023.469108121,-464668.9756583009,0.0
4163,130.666,46.66667,-6.0833282,2024-10-02 06:00:00,-0.108645394,0.079621516,4360023.469108121,-464668.9756583009,0.0
4343,155.8507,46.66667,-6.0833282,2024-10-02 06:00:00,-0.10839321,0.07903603,4360023.469108121,-464668.9756583009,0.0
4523,186.1256,46.66667,-6.0833282,2024-10-02 06:00:00,-0.100229435,0.07797544,4360023.469108121,-464668.9756583009,0.0
4703,222.4752,46.66667,-6.0833282,2024-10-02 06:00:00,-0.09259698,0.06831796,4360023.469108121,-464668.9756583009,0.0
4883,266.0403,46.66667,-6.0833282,2024-10-02 06:00:00,-0.083168775,0.056531917,4360023.469108121,-464668.9756583009,0.0
5063,318.1274,46.66667,-6.0833282,2024-10-02 06:00:00,-0.07930227,0.053863693,4360023.469108121,-464668.9756583009,0.0
5243,380.213,46.66667,-6.0833282,2024-10-02 06:00:00,-0.07771882,0.057136044,4360023.469108121,-464668.9756583009,0.0
5423,453.9377,46.66667,-6.0833282,2024-10-02 06:00:00,-0.069305554,0.061267305,4360023.469108121,-464668.9756583009,0.0
5603,541.0889,46.66667,-6.0833282,2024-10-02 06:00:00,-0.07142737,0.06354315,4360023.469108121,-464668.9756583009,0.0
5783,643.5668,46.66667,-6.0833282,2024-10-02 06:00:00,-0.07504551,0.0762825,4360023.469108121,-464668.9756583009,0.0
5963,763.3331,46.66667,-6.0833282,2024-10-02 06:00:00,-0.02721715,0.07965039,4360023.469108121,-464668.9756583009,0.0
6143,902.3393,46.66667,-6.0833282,2024-10-02 06:00:00,0.0099027185,0.0926334,4360023.469108121,-464668.9756583009,0.0
32,0.494025,46.66667,-6.0,2024-10-02 06:00:00,-0.07386383,0.014798288,4360694.650219674,-458327.4764384654,0.0
212,1.541375,46.66667,-6.0,2024-10-02 06:00:00,-0.068251126,0.01877328,4360694.650219674,-458327.4764384654,0.0
392,2.645669,46.66667,-6.0,2024-10-02 06:00:00,-0.0659165,0.020324685,4360694.650219674,-458327.4764384654,0.0
572,3.819495,46.66667,-6.0,2024-10-02 06:00:00,-0.064650334,0.021095093,4360694.650219674,-458327.4764384654,0.0
752,5.078224,46.66667,-6.0,2024-10-02 06:00:00,-0.06392726,0.021593694,4360694.650219674,-458327.4764384654,0.0
932,6.440614,46.66667,-6.0,2024-10-02 06:00:00,-0.06340953,0.021953113,4360694.650219674,-458327.4764384654,0.0
1112,7.92956,46.66667,-6.0,2024-10-02 06:00:00,-0.06299087,0.022254666,4360694.650219674,-458327.4764384654,0.0
1292,9.572997,46.66667,-6.0,2024-10-02 06:00:00,-0.06263812,0.022520792,4360694.650219674,-458327.4764384654,0.0
1472,11.405,46.66667,-6.0,2024-10-02 06:00:00,-0.062333222,0.022764558,4360694.650219674,-458327.4764384654,0.0
1652,13.46714,46.66667,-6.0,2024-10-02 06:00:00,-0.0620658,0.022994313,4360694.650219674,-458327.4764384654,0.0
1832,15.81007,46.66667,-6.0,2024-10-02 06:00:00,-0.061830126,0.023215584,4360694.650219674,-458327.4764384654,0.0
2012,18.49556,46.66667,-6.0,2024-10-02 06:00:00,-0.06162415,0.023431832,4360694.650219674,-458327.4764384654,0.0
2192,21.59882,46.66667,-6.0,2024-10-02 06:00:00,-0.06144848,0.023644244,4360694.650219674,-458327.4764384654,0.0
2372,25.21141,46.66667,-6.0,2024-10-02 06:00:00,-0.061306328,0.023850001,4360694.650219674,-458327.4764384654,0.0
2552,29.44473,46.66667,-6.0,2024-10-02 06:00:00,-0.061190747,0.024067553,4360694.650219674,-458327.4764384654,0.0
2732,34.43415,46.66667,-6.0,2024-10-02 06:00:00,-0.060714643,0.02523684,4360694.650219674,-458327.4764384654,0.0
2912,40.34405,46.66667,-6.0,2024-10-02 06:00:00,-0.07121071,0.00084880716,4360694.650219674,-458327.4764384654,0.0
3092,47.37369,46.66667,-6.0,2024-10-02 06:00:00,-0.11072389,0.106195085,4360694.650219674,-458327.4764384654,0.0
3272,55.76429,46.66667,-6.0,2024-10-02 06:00:00,-0.10769381,0.10431133,4360694.650219674,-458327.4764384654,0.0
3452,65.80727,46.66667,-6.0,2024-10-02 06:00:00,-0.106829286,0.10254425,4360694.650219674,-458327.4764384654,0.0
3632,77.85385,46.66667,-6.0,2024-10-02 06:00:00,-0.11253325,0.107471064,4360694.650219674,-458327.4764384654,0.0
3812,92.32607,46.66667,-6.0,2024-10-02 06:00:00,-0.1152913,0.111382954,4360694.650219674,-458327.4764384654,0.0
3992,109.7293,46.66667,-6.0,2024-10-02 06:00:00,-0.11765059,0.11066592,4360694.650219674,-458327.4764384654,0.0
4172,130.666,46.66667,-6.0,2024-10-02 06:00:00,-0.1171777,0.10725507,4360694.650219674,-458327.4764384654,0.0
4352,155.8507,46.66667,-6.0,2024-10-02 06:00:00,-0.1149267,0.10087369,4360694.650219674,-458327.4764384654,0.0
4532,186.1256,46.66667,-6.0,2024-10-02 06:00:00,-0.10501388,0.08748571,4360694.650219674,-458327.4764384654,0.0
4712,222.4752,46.66667,-6.0,2024-10-02 06:00:00,-0.08993033,0.078244776,4360694.650219674,-458327.4764384654,0.0
4892,266.0403,46.66667,-6.0,2024-10-02 06:00:00,-0.069814436,0.06540711,4360694.650219674,-458327.4764384654,0.0
5072,318.1274,46.66667,-6.0,2024-10-02 06:00:00,-0.069145516,0.06324075,4360694.650219674,-458327.4764384654,0.0
5252,380.213,46.66667,-6.0,2024-10-02 06:00:00,-0.0749171,0.061497714,4360694.650219674,-458327.4764384654,0.0
5432,453.9377,46.66667,-6.0,2024-10-02 06:00:00,-0.07220713,0.063615225,4360694.650219674,-458327.4764384654,0.0
5612,541.0889,46.66667,-6.0,2024-10-02 06:00:00,-0.0689067,0.07794075,4360694.650219674,-458327.4764384654,0.0
5792,643.5668,46.66667,-6.0,2024-10-02 06:00:00,-0.08626638,0.092101365,4360694.650219674,-458327.4764384654,0.0
5972,763.3331,46.66667,-6.0,2024-10-02 06:00:00,-0.036768362,0.0948893,4360694.650219674,-458327.4764384654,0.0
6152,902.3393,46.66667,-6.0,2024-10-02 06:00:00,-0.0067662825,0.090061076,4360694.650219674,-458327.4764384654,0.0
41,0.494025,46.75,-6.25,2024-10-02 06:00:00,-0.05609798,0.12563445,4351950.96357759,-476616.1460837916,0.0
221,1.541375,46.75,-6.25,2024-10-02 06:00:00,-0.049735602,0.12867162,4351950.96357759,-476616.1460837916,0.0
401,2.645669,46.75,-6.25,2024-10-02 06:00:00,-0.04467027,0.1302607,4351950.96357759,-476616.1460837916,0.0
581,3.819495,46.75,-6.25,2024-10-02 06:00:00,-0.040731706,0.13095833,4351950.96357759,-476616.1460837916,0.0
761,5.078224,46.75,-6.25,2024-10-02 06:00:00,-0.03565607,0.13105568,4351950.96357759,-476616.1460837916,0.0
941,6.440614,46.75,-6.25,2024-10-02 06:00:00,-0.020563377,0.1251709,4351950.96357759,-476616.1460837916,0.0
1121,7.92956,46.75,-6.25,2024-10-02 06:00:00,-0.0025904374,0.10603895,4351950.96357759,-476616.1460837916,0.0
1301,9.572997,46.75,-6.25,2024-10-02 06:00:00,0.0018294288,0.07703497,4351950.96357759,-476616.1460837916,0.0
1481,11.405,46.75,-6.25,2024-10-02 06:00:00,-0.008752271,0.049156982,4351950.96357759,-476616.1460837916,0.0
1661,13.46714,46.75,-6.25,2024-10-02 06:00:00,-0.028877448,0.034621842,4351950.96357759,-476616.1460837916,0.0
1841,15.81007,46.75,-6.25,2024-10-02 06:00:00,-0.05327409,0.04649186,4351950.96357759,-476616.1460837916,0.0
2021,18.49556,46.75,-6.25,2024-10-02 06:00:00,-0.036235332,0.06619313,4351950.96357759,-476616.1460837916,0.0
2201,21.59882,46.75,-6.25,2024-10-02 06:00:00,-0.010923767,0.040752675,4351950.96357759,-476616.1460837916,0.0
2381,25.21141,46.75,-6.25,2024-10-02 06:00:00,-0.0070271413,0.010949785,4351950.96357759,-476616.1460837916,0.0
2561,29.44473,46.75,-6.25,2024-10-02 06:00:00,-0.010404892,-0.008486554,4351950.96357759,-476616.1460837916,0.0
2741,34.43415,46.75,-6.25,2024-10-02 06:00:00,-0.011804705,-0.028637672,4351950.96357759,-476616.1460837916,0.0
2921,40.34405,46.75,-6.25,2024-10-02 06:00:00,-0.04941526,-0.028298162,4351950.96357759,-476616.1460837916,0.0
3101,47.37369,46.75,-6.25,2024-10-02 06:00:00,-0.062135592,-0.0022032184,4351950.96357759,-476616.1460837916,0.0
3281,55.76429,46.75,-6.25,2024-10-02 06:00:00,-0.044864446,0.06510338,4351950.96357759,-476616.1460837916,0.0
3461,65.80727,46.75,-6.25,2024-10-02 06:00:00,-0.038634006,0.07142845,4351950.96357759,-476616.1460837916,0.0
3641,77.85385,46.75,-6.25,2024-10-02 06:00:00,-0.049258046,0.06725655,4351950.96357759,-476616.1460837916,0.0
3821,92.32607,46.75,-6.25,2024-10-02 06:00:00,-0.061931632,0.06589967,4351950.96357759,-476616.1460837916,0.0
4001,109.7293,46.75,-6.25,2024-10-02 06:00:00,-0.06757474,0.060057756,4351950.96357759,-476616.1460837916,0.0
4181,130.666,46.75,-6.25,2024-10-02 06:00:00,-0.06461142,0.04543826,4351950.96357759,-476616.1460837916,0.0
4361,155.8507,46.75,-6.25,2024-10-02 06:00:00,-0.056263775,0.032261755,4351950.96357759,-476616.1460837916,0.0
4541,186.1256,46.75,-6.25,2024-10-02 06:00:00,-0.06265445,0.0075052995,4351950.96357759,-476616.1460837916,0.0
4721,222.4752,46.75,-6.25,2024-10-02 06:00:00,-0.06915289,-0.029660244,4351950.96357759,-476616.1460837916,0.0
4901,266.0403,46.75,-6.25,2024-10-02 06:00:00,-0.06242144,-0.0365677,4351950.96357759,-476616.1460837916,0.0
5081,318.1274,46.75,-6.25,2024-10-02 06:00:00,-0.055961963,-0.014611959,4351950.96357759,-476616.1460837916,0.0
5261,380.213,46.75,-6.25,2024-10-02 06:00:00,-0.04523883,0.02980228,4351950.96357759,-476616.1460837916,0.0
5441,453.9377,46.75,-6.25,2024-10-02 06:00:00,-0.032352395,0.051565792,4351950.96357759,-476616.1460837916,0.0
5621,541.0889,46.75,-6.25,2024-10-02 06:00:00,-0.04223679,0.031280518,4351950.96357759,-476616.1460837916,0.0
5801,643.5668,46.75,-6.25,2024-10-02 06:00:00,-0.04058164,0.038301054,4351950.96357759,-476616.1460837916,0.0
5981,763.3331,46.75,-6.25,2024-10-02 06:00:00,-0.0253276,0.039244324,4351950.96357759,-476616.1460837916,0.0
6161,902.3393,46.75,-6.25,2024-10-02 06:00:00,-0.012670081,0.044979513,4351950.96357759,-476616.1460837916,0.0
50,0.494025,46.75,-6.1666565,2024-10-02 06:00:00,-0.054340325,0.13714288,4352639.653859386,-470285.21531356085,0.0
230,1.541375,46.75,-6.1666565,2024-10-02 06:00:00,-0.048073497,0.14049616,4352639.653859386,-470285.21531356085,0.0
410,2.645669,46.75,-6.1666565,2024-10-02 06:00:00,-0.044030055,0.14212617,4352639.653859386,-470285.21531356085,0.0
590,3.819495,46.75,-6.1666565,2024-10-02 06:00:00,-0.041308008,0.14283285,4352639.653859386,-470285.21531356085,0.0
770,5.078224,46.75,-6.1666565,2024-10-02 06:00:00,-0.039197296,0.14304401,4352639.653859386,-470285.21531356085,0.0
950,6.440614,46.75,-6.1666565,2024-10-02 06:00:00,-0.036559075,0.14145303,4352639.653859386,-470285.21531356085,0.0
1130,7.92956,46.75,-6.1666565,2024-10-02 06:00:00,-0.03460803,0.13113554,4352639.653859386,-470285.21531356085,0.0
1310,9.572997,46.75,-6.1666565,2024-10-02 06:00:00,-0.034096733,0.115125276,4352639.653859386,-470285.21531356085,0.0
1490,11.405,46.75,-6.1666565,2024-10-02 06:00:00,-0.03374313,0.09828202,4352639.653859386,-470285.21531356085,0.0
1670,13.46714,46.75,-6.1666565,2024-10-02 06:00:00,-0.03953674,0.08354664,4352639.653859386,-470285.21531356085,0.0
1850,15.81007,46.75,-6.1666565,2024-10-02 06:00:00,-0.043379843,0.08321447,4352639.653859386,-470285.21531356085,0.0
2030,18.49556,46.75,-6.1666565,2024-10-02 06:00:00,-0.03296806,0.08141471,4352639.653859386,-470285.21531356085,0.0
2210,21.59882,46.75,-6.1666565,2024-10-02 06:00:00,-0.023267502,0.056669462,4352639.653859386,-470285.21531356085,0.0
2390,25.21141,46.75,-6.1666565,2024-10-02 06:00:00,-0.027728867,0.02703566,4352639.653859386,-470285.21531356085,0.0
2570,29.44473,46.75,-6.1666565,2024-10-02 06:00:00,-0.036338475,0.0016885473,4352639.653859386,-470285.21531356085,0.0
2750,34.43415,46.75,-6.1666565,2024-10-02 06:00:00,-0.043440327,-0.023102622,4352639.653859386,-470285.21531356085,0.0
2930,40.34405,46.75,-6.1666565,2024-10-02 06:00:00,-0.09020799,-0.053314522,4352639.653859386,-470285.21531356085,0.0
3110,47.37369,46.75,-6.1666565,2024-10-02 06:00:00,-0.10902194,0.023818832,4352639.653859386,-470285.21531356085,0.0
3290,55.76429,46.75,-6.1666565,2024-10-02 06:00:00,-0.0630387,0.072645,4352639.653859386,-470285.21531356085,0.0
3470,65.80727,46.75,-6.1666565,2024-10-02 06:00:00,-0.0476435,0.071622595,4352639.653859386,-470285.21531356085,0.0
3650,77.85385,46.75,-6.1666565,2024-10-02 06:00:00,-0.055411782,0.06362638,4352639.653859386,-470285.21531356085,0.0
3830,92.32607,46.75,-6.1666565,2024-10-02 06:00:00,-0.069381975,0.054025777,4352639.653859386,-470285.21531356085,0.0
4010,109.7293,46.75,-6.1666565,2024-10-02 06:00:00,-0.07744631,0.041495606,4352639.653859386,-470285.21531356085,0.0
4190,130.666,46.75,-6.1666565,2024-10-02 06:00:00,-0.0781966,0.03142151,4352639.653859386,-470285.21531356085,0.0
4370,155.8507,46.75,-6.1666565,2024-10-02 06:00:00,-0.073120944,0.03191214,4352639.653859386,-470285.21531356085,0.0
4550,186.1256,46.75,-6.1666565,2024-10-02 06:00:00,-0.06797281,0.028577762,4352639.653859386,-470285.21531356085,0.0
4730,222.4752,46.75,-6.1666565,2024-10-02 06:00:00,-0.053304467,0.025791993,4352639.653859386,-470285.21531356085,0.0
4910,266.0403,46.75,-6.1666565,2024-10-02 06:00:00,-0.04794957,0.03781159,4352639.653859386,-470285.21531356085,0.0
5090,318.1274,46.75,-6.1666565,2024-10-02 06:00:00,-0.04644251,0.06347146,4352639.653859386,-470285.21531356085,0.0
5270,380.213,46.75,-6.1666565,2024-10-02 06:00:00,-0.05718059,0.07341466,4352639.653859386,-470285.21531356085,0.0
5450,453.9377,46.75,-6.1666565,2024-10-02 06:00:00,-0.05792748,0.07712002,4352639.653859386,-470285.21531356085,0.0
5630,541.0889,46.75,-6.1666565,2024-10-02 06:00:00,-0.060836833,0.0743745,4352639.653859386,-470285.21531356085,0.0
5810,643.5668,46.75,-6.1666565,2024-10-02 06:00:00,-0.064299494,0.06833457,4352639.653859386,-470285.21531356085,0.0
5990,763.3331,46.75,-6.1666565,2024-10-02 06:00:00,-0.038347654,0.06864246,4352639.653859386,-470285.21531356085,0.0
6170,902.3393,46.75,-6.1666565,2024-10-02 06:00:00,-0.025351029,0.09182186,4352639.653859386,-470285.21531356085,0.0
59,0.494025,46.75,-6.0833282,2024-10-02 06:00:00,-0.064081565,0.06711052,4353319.010767862,-463954.44881885045,0.0
239,1.541375,46.75,-6.0833282,2024-10-02 06:00:00,-0.05813935,0.070722416,4353319.010767862,-463954.44881885045,0.0
419,2.645669,46.75,-6.0833282,2024-10-02 06:00:00,-0.055322006,0.072156,4353319.010767862,-463954.44881885045,0.0
599,3.819495,46.75,-6.0833282,2024-10-02 06:00:00,-0.053671982,0.07282056,4353319.010767862,-463954.44881885045,0.0
779,5.078224,46.75,-6.0833282,2024-10-02 06:00:00,-0.05255067,0.073116064,4353319.010767862,-463954.44881885045,0.0
959,6.440614,46.75,-6.0833282,2024-10-02 06:00:00,-0.051637314,0.073262095,4353319.010767862,-463954.44881885045,0.0
1139,7.92956,46.75,-6.0833282,2024-10-02 06:00:00,-0.05085147,0.07331584,4353319.010767862,-463954.44881885045,0.0
1319,9.572997,46.75,-6.0833282,2024-10-02 06:00:00,-0.050064333,0.07329071,4353319.010767862,-463954.44881885045,0.0
1499,11.405,46.75,-6.0833282,2024-10-02 06:00:00,-0.049155924,0.073170654,4353319.010767862,-463954.44881885045,0.0
1679,13.46714,46.75,-6.0833282,2024-10-02 06:00:00,-0.04898911,0.0730751,4353319.010767862,-463954.44881885045,0.0
1859,15.81007,46.75,-6.0833282,2024-10-02 06:00:00,-0.04874084,0.072509676,4353319.010767862,-463954.44881885045,0.0
2039,18.49556,46.75,-6.0833282,2024-10-02 06:00:00,-0.04760723,0.06816073,4353319.010767862,-463954.44881885045,0.0
2219,21.59882,46.75,-6.0833282,2024-10-02 06:00:00,-0.04700557,0.056062575,4353319.010767862,-463954.44881885045,0.0
2399,25.21141,46.75,-6.0833282,2024-10-02 06:00:00,-0.046068408,0.03248319,4353319.010767862,-463954.44881885045,0.0
2579,29.44473,46.75,-6.0833282,2024-10-02 06:00:00,-0.051672913,0.016259054,4353319.010767862,-463954.44881885045,0.0
2759,34.43415,46.75,-6.0833282,2024-10-02 06:00:00,-0.055680986,0.0015405365,4353319.010767862,-463954.44881885045,0.0
2939,40.34405,46.75,-6.0833282,2024-10-02 06:00:00,-0.08196946,-0.04982596,4353319.010767862,-463954.44881885045,0.0
3119,47.37369,46.75,-6.0833282,2024-10-02 06:00:00,-0.1039006,0.0728321,4353319.010767862,-463954.44881885045,0.0
3299,55.76429,46.75,-6.0833282,2024-10-02 06:00:00,-0.05415237,0.09838835,4353319.010767862,-463954.44881885045,0.0
3479,65.80727,46.75,-6.0833282,2024-10-02 06:00:00,-0.04485615,0.07981039,4353319.010767862,-463954.44881885045,0.0
3659,77.85385,46.75,-6.0833282,2024-10-02 06:00:00,-0.057803895,0.07181412,4353319.010767862,-463954.44881885045,0.0
3839,92.32607,46.75,-6.0833282,2024-10-02 06:00:00,-0.07206978,0.067836925,4353319.010767862,-463954.44881885045,0.0
4019,109.7293,46.75,-6.0833282,2024-10-02 06:00:00,-0.07870539,0.06155839,4353319.010767862,-463954.44881885045,0.0
4199,130.666,46.75,-6.0833282,2024-10-02 06:00:00,-0.07856936,0.06518381,4353319.010767862,-463954.44881885045,0.0
4379,155.8507,46.75,-6.0833282,2024-10-02 06:00:00,-0.07389214,0.08111437,4353319.010767862,-463954.44881885045,0.0
4559,186.1256,46.75,-6.0833282,2024-10-02 06:00:00,-0.06944255,0.0867599,4353319.010767862,-463954.44881885045,0.0
4739,222.4752,46.75,-6.0833282,2024-10-02 06:00:00,-0.06670609,0.09357142,4353319.010767862,-463954.44881885045,0.0
4919,266.0403,46.75,-6.0833282,2024-10-02 06:00:00,-0.06524104,0.10041923,4353319.010767862,-463954.44881885045,0.0
5099,318.1274,46.75,-6.0833282,2024-10-02 06:00:00,-0.07628827,0.09282757,4353319.010767862,-463954.44881885045,0.0
5279,380.213,46.75,-6.0833282,2024-10-02 06:00:00,-0.07993605,0.082038224,4353319.010767862,-463954.44881885045,0.0
5459,453.9377,46.75,-6.0833282,2024-10-02 06:00:00,-0.08338937,0.085188046,4353319.010767862,-463954.44881885045,0.0
5639,541.0889,46.75,-6.0833282,2024-10-02 06:00:00,-0.08676103,0.08693589,4353319.010767862,-463954.44881885045,0.0
5819,643.5668,46.75,-6.0833282,2024-10-02 06:00:00,-0.091484755,0.10101404,4353319.010767862,-463954.44881885045,0.0
5999,763.3331,46.75,-6.0833282,2024-10-02 06:00:00,-0.056207173,0.09867101,4353319.010767862,-463954.44881885045,0.0
6179,902.3393,46.75,-6.0833282,2024-10-02 06:00:00,-0.034070536,0.102847695,4353319.010767862,-463954.44881885045,0.0
68,0.494025,46.75,-6.0,2024-10-02 06:00:00,-0.06685159,0.03682519,4353989.159796485,-457622.70099545474,0.0
248,1.541375,46.75,-6.0,2024-10-02 06:00:00,-0.06181542,0.0404466,4353989.159796485,-457622.70099545474,0.0
428,2.645669,46.75,-6.0,2024-10-02 06:00:00,-0.059900325,0.041643757,4353989.159796485,-457622.70099545474,0.0
608,3.819495,46.75,-6.0,2024-10-02 06:00:00,-0.058846384,0.042199235,4353989.159796485,-457622.70099545474,0.0
788,5.078224,46.75,-6.0,2024-10-02 06:00:00,-0.058150325,0.042537883,4353989.159796485,-457622.70099545474,0.0
968,6.440614,46.75,-6.0,2024-10-02 06:00:00,-0.057591252,0.04277242,4353989.159796485,-457622.70099545474,0.0
1148,7.92956,46.75,-6.0,2024-10-02 06:00:00,-0.057101388,0.042949326,4353989.159796485,-457622.70099545474,0.0
1328,9.572997,46.75,-6.0,2024-10-02 06:00:00,-0.056646276,0.04308517,4353989.159796485,-457622.70099545474,0.0
1508,11.405,46.75,-6.0,2024-10-02 06:00:00,-0.05621673,0.043189205,4353989.159796485,-457622.70099545474,0.0
1688,13.46714,46.75,-6.0,2024-10-02 06:00:00,-0.055806667,0.043265734,4353989.159796485,-457622.70099545474,0.0
1868,15.81007,46.75,-6.0,2024-10-02 06:00:00,-0.055409145,0.043315306,4353989.159796485,-457622.70099545474,0.0
2048,18.49556,46.75,-6.0,2024-10-02 06:00:00,-0.05503256,0.043339834,4353989.159796485,-457622.70099545474,0.0
2228,21.59882,46.75,-6.0,2024-10-02 06:00:00,-0.05465746,0.043332867,4353989.159796485,-457622.70099545474,0.0
2408,25.21141,46.75,-6.0,2024-10-02 06:00:00,-0.05381595,0.043110777,4353989.159796485,-457622.70099545474,0.0
2588,29.44473,46.75,-6.0,2024-10-02 06:00:00,-0.05392759,0.04292518,4353989.159796485,-457622.70099545474,0.0
2768,34.43415,46.75,-6.0,2024-10-02 06:00:00,-0.04946471,0.039669033,4353989.159796485,-457622.70099545474,0.0
2948,40.34405,46.75,-6.0,2024-10-02 06:00:00,-0.04992112,-0.006491308,4353989.159796485,-457622.70099545474,0.0
3128,47.37369,46.75,-6.0,2024-10-02 06:00:00,-0.087640606,0.114564925,4353989.159796485,-457622.70099545474,0.0
3308,55.76429,46.75,-6.0,2024-10-02 06:00:00,-0.056376357,0.1223286,4353989.159796485,-457622.70099545474,0.0
3488,65.80727,46.75,-6.0,2024-10-02 06:00:00,-0.052159965,0.105019115,4353989.159796485,-457622.70099545474,0.0
3668,77.85385,46.75,-6.0,2024-10-02 06:00:00,-0.06374926,0.10217545,4353989.159796485,-457622.70099545474,0.0
3848,92.32607,46.75,-6.0,2024-10-02 06:00:00,-0.075373404,0.103905916,4353989.159796485,-457622.70099545474,0.0
4028,109.7293,46.75,-6.0,2024-10-02 06:00:00,-0.07934673,0.104377516,4353989.159796485,-457622.70099545474,0.0
4208,130.666,46.75,-6.0,2024-10-02 06:00:00,-0.08363712,0.10438854,4353989.159796485,-457622.70099545474,0.0
4388,155.8507,46.75,-6.0,2024-10-02 06:00:00,-0.08875249,0.11048622,4353989.159796485,-457622.70099545474,0.0
4568,186.1256,46.75,-6.0,2024-10-02 06:00:00,-0.083824456,0.10148439,4353989.159796485,-457622.70099545474,0.0
4748,222.4752,46.75,-6.0,2024-10-02 06:00:00,-0.09505035,0.08623671,4353989.159796485,-457622.70099545474,0.0
4928,266.0403,46.75,-6.0,2024-10-02 06:00:00,-0.090074316,0.068729796,4353989.159796485,-457622.70099545474,0.0
5108,318.1274,46.75,-6.0,2024-10-02 06:00:00,-0.08888156,0.05939644,4353989.159796485,-457622.70099545474,0.0
5288,380.213,46.75,-6.0,2024-10-02 06:00:00,-0.098635525,0.074609496,4353989.159796485,-457622.70099545474,0.0
5468,453.9377,46.75,-6.0,2024-10-02 06:00:00,-0.09899241,0.07469167,4353989.159796485,-457622.70099545474,0.0
5648,541.0889,46.75,-6.0,2024-10-02 06:00:00,-0.09180834,0.08052464,4353989.159796485,-457622.70099545474,0.0
5828,643.5668,46.75,-6.0,2024-10-02 06:00:00,-0.09472404,0.10214597,4353989.159796485,-457622.70099545474,0.0
6008,763.3331,46.75,-6.0,2024-10-02 06:00:00,-0.06503465,0.10634118,4353989.159796485,-457622.70099545474,0.0
6188,902.3393,46.75,-6.0,2024-10-02 06:00:00,-0.049612205,0.114176236,4353989.159796485,-457622.70099545474,0.0
77,0.494025,46.833336,-6.25,2024-10-02 06:00:00,-0.08560953,0.09082112,4345238.723142079,-475881.0361998027,0.0
257,1.541375,46.833336,-6.25,2024-10-02 06:00:00,-0.07905981,0.09398049,4345238.723142079,-475881.0361998027,0.0
437,2.645669,46.833336,-6.25,2024-10-02 06:00:00,-0.07461281,0.095608935,4345238.723142079,-475881.0361998027,0.0
617,3.819495,46.833336,-6.25,2024-10-02 06:00:00,-0.07131491,0.09644625,4345238.723142079,-475881.0361998027,0.0
797,5.078224,46.833336,-6.25,2024-10-02 06:00:00,-0.06779029,0.09695253,4345238.723142079,-475881.0361998027,0.0
977,6.440614,46.833336,-6.25,2024-10-02 06:00:00,-0.056337755,0.094838366,4345238.723142079,-475881.0361998027,0.0
1157,7.92956,46.833336,-6.25,2024-10-02 06:00:00,-0.03723599,0.081663616,4345238.723142079,-475881.0361998027,0.0
1337,9.572997,46.833336,-6.25,2024-10-02 06:00:00,-0.029928477,0.06072327,4345238.723142079,-475881.0361998027,0.0
1517,11.405,46.833336,-6.25,2024-10-02 06:00:00,-0.04417993,0.045522664,4345238.723142079,-475881.0361998027,0.0
1697,13.46714,46.833336,-6.25,2024-10-02 06:00:00,-0.06875958,0.048445772,4345238.723142079,-475881.0361998027,0.0
1877,15.81007,46.833336,-6.25,2024-10-02 06:00:00,-0.07030235,0.06319095,4345238.723142079,-475881.0361998027,0.0
2057,18.49556,46.833336,-6.25,2024-10-02 06:00:00,-0.04355622,0.07409133,4345238.723142079,-475881.0361998027,0.0
2237,21.59882,46.833336,-6.25,2024-10-02 06:00:00,-0.020985661,0.040480237,4345238.723142079,-475881.0361998027,0.0
2417,25.21141,46.833336,-6.25,2024-10-02 06:00:00,-0.023514638,0.014975357,4345238.723142079,-475881.0361998027,0.0
2597,29.44473,46.833336,-6.25,2024-10-02 06:00:00,-0.03256594,0.007440757,4345238.723142079,-475881.0361998027,0.0
2777,34.43415,46.833336,-6.25,2024-10-02 06:00:00,-0.036810715,0.0026069854,4345238.723142079,-475881.0361998027,0.0
2957,40.34405,46.833336,-6.25,2024-10-02 06:00:00,-0.05439442,0.0068143886,4345238.723142079,-475881.0361998027,0.0
3137,47.37369,46.833336,-6.25,2024-10-02 06:00:00,-0.05863423,0.029702984,4345238.723142079,-475881.0361998027,0.0
3317,55.76429,46.833336,-6.25,2024-10-02 06:00:00,-0.02652082,0.10010405,4345238.723142079,-475881.0361998027,0.0
3497,65.80727,46.833336,-6.25,2024-10-02 06:00:00,-0.027586611,0.10553204,4345238.723142079,-475881.0361998027,0.0
3677,77.85385,46.833336,-6.25,2024-10-02 06:00:00,-0.044601183,0.10797607,4345238.723142079,-475881.0361998027,0.0
3857,92.32607,46.833336,-6.25,2024-10-02 06:00:00,-0.062253654,0.105616786,4345238.723142079,-475881.0361998027,0.0
4037,109.7293,46.833336,-6.25,2024-10-02 06:00:00,-0.06549977,0.097912066,4345238.723142079,-475881.0361998027,0.0
4217,130.666,46.833336,-6.25,2024-10-02 06:00:00,-0.055504996,0.081390426,4345238.723142079,-475881.0361998027,0.0
4397,155.8507,46.833336,-6.25,2024-10-02 06:00:00,-0.045263235,0.07062408,4345238.723142079,-475881.0361998027,0.0
4577,186.1256,46.833336,-6.25,2024-10-02 06:00:00,-0.04403374,0.03769037,4345238.723142079,-475881.0361998027,0.0
4757,222.4752,46.833336,-6.25,2024-10-02 06:00:00,-0.033130325,-0.005137462,4345238.723142079,-475881.0361998027,0.0
4937,266.0403,46.833336,-6.25,2024-10-02 06:00:00,-0.020247709,-0.019577214,4345238.723142079,-475881.0361998027,0.0
5117,318.1274,46.833336,-6.25,2024-10-02 06:00:00,-0.020805309,-0.0031371028,4345238.723142079,-475881.0361998027,0.0
5297,380.213,46.833336,-6.25,2024-10-02 06:00:00,-0.026370415,0.029974021,4345238.723142079,-475881.0361998027,0.0
5477,453.9377,46.833336,-6.25,2024-10-02 06:00:00,-0.037780628,0.058920298,4345238.723142079,-475881.0361998027,0.0
5657,541.0889,46.833336,-6.25,2024-10-02 06:00:00,-0.053625822,0.058255114,4345238.723142079,-475881.0361998027,0.0
5837,643.5668,46.833336,-6.25,2024-10-02 06:00:00,-0.061002336,0.057620898,4345238.723142079,-475881.0361998027,0.0
6017,763.3331,46.833336,-6.25,2024-10-02 06:00:00,-0.04781264,0.060963504,4345238.723142079,-475881.0361998027,0.0
6197,902.3393,46.833336,-6.25,2024-10-02 06:00:00,-0.05198957,0.07290383,4345238.723142079,-475881.0361998027,0.0
86,0.494025,46.833336,-6.1666565,2024-10-02 06:00:00,-0.07240352,0.16236077,4345926.351221016,-469559.8699535443,0.0
266,1.541375,46.833336,-6.1666565,2024-10-02 06:00:00,-0.06608163,0.16564673,4345926.351221016,-469559.8699535443,0.0
446,2.645669,46.833336,-6.1666565,2024-10-02 06:00:00,-0.061988313,0.1671028,4345926.351221016,-469559.8699535443,0.0
626,3.819495,46.833336,-6.1666565,2024-10-02 06:00:00,-0.05914387,0.16766909,4345926.351221016,-469559.8699535443,0.0
806,5.078224,46.833336,-6.1666565,2024-10-02 06:00:00,-0.056386035,0.16770923,4345926.351221016,-469559.8699535443,0.0
986,6.440614,46.833336,-6.1666565,2024-10-02 06:00:00,-0.04896211,0.1649154,4345926.351221016,-469559.8699535443,0.0
1166,7.92956,46.833336,-6.1666565,2024-10-02 06:00:00,-0.032405656,0.14694445,4345926.351221016,-469559.8699535443,0.0
1346,9.572997,46.833336,-6.1666565,2024-10-02 06:00:00,-0.023753893,0.11616877,4345926.351221016,-469559.8699535443,0.0
1526,11.405,46.833336,-6.1666565,2024-10-02 06:00:00,-0.028193718,0.08512071,4345926.351221016,-469559.8699535443,0.0
1706,13.46714,46.833336,-6.1666565,2024-10-02 06:00:00,-0.048328303,0.070115015,4345926.351221016,-469559.8699535443,0.0
1886,15.81007,46.833336,-6.1666565,2024-10-02 06:00:00,-0.056610968,0.089200854,4345926.351221016,-469559.8699535443,0.0
2066,18.49556,46.833336,-6.1666565,2024-10-02 06:00:00,-0.043010514,0.100038856,4345926.351221016,-469559.8699535443,0.0
2246,21.59882,46.833336,-6.1666565,2024-10-02 06:00:00,-0.027433522,0.07129913,4345926.351221016,-469559.8699535443,0.0
2426,25.21141,46.833336,-6.1666565,2024-10-02 06:00:00,-0.022860417,0.0406339,4345926.351221016,-469559.8699535443,0.0
2606,29.44473,46.833336,-6.1666565,2024-10-02 06:00:00,-0.02709604,0.016519126,4345926.351221016,-469559.8699535443,0.0
2786,34.43415,46.833336,-6.1666565,2024-10-02 06:00:00,-0.035936955,-0.0026374229,4345926.351221016,-469559.8699535443,0.0
2966,40.34405,46.833336,-6.1666565,2024-10-02 06:00:00,-0.07257367,-0.015376665,4345926.351221016,-469559.8699535443,0.0
3146,47.37369,46.833336,-6.1666565,2024-10-02 06:00:00,-0.08552759,0.048645034,4345926.351221016,-469559.8699535443,0.0
3326,55.76429,46.833336,-6.1666565,2024-10-02 06:00:00,-0.03238671,0.10132008,4345926.351221016,-469559.8699535443,0.0
3506,65.80727,46.833336,-6.1666565,2024-10-02 06:00:00,-0.017522179,0.09090507,4345926.351221016,-469559.8699535443,0.0
3686,77.85385,46.833336,-6.1666565,2024-10-02 06:00:00,-0.029217076,0.075681254,4345926.351221016,-469559.8699535443,0.0
3866,92.32607,46.833336,-6.1666565,2024-10-02 06:00:00,-0.047351148,0.06337365,4345926.351221016,-469559.8699535443,0.0
4046,109.7293,46.833336,-6.1666565,2024-10-02 06:00:00,-0.056723036,0.05364442,4345926.351221016,-469559.8699535443,0.0
4226,130.666,46.833336,-6.1666565,2024-10-02 06:00:00,-0.06291988,0.04574003,4345926.351221016,-469559.8699535443,0.0
4406,155.8507,46.833336,-6.1666565,2024-10-02 06:00:00,-0.060601823,0.042759467,4345926.351221016,-469559.8699535443,0.0
4586,186.1256,46.833336,-6.1666565,2024-10-02 06:00:00,-0.057947826,0.0395513,4345926.351221016,-469559.8699535443,0.0
4766,222.4752,46.833336,-6.1666565,2024-10-02 06:00:00,-0.04929487,0.034283597,4345926.351221016,-469559.8699535443,0.0
4946,266.0403,46.833336,-6.1666565,2024-10-02 06:00:00,-0.038075346,0.034497216,4345926.351221016,-469559.8699535443,0.0
5126,318.1274,46.833336,-6.1666565,2024-10-02 06:00:00,-0.038217895,0.06754678,4345926.351221016,-469559.8699535443,0.0
5306,380.213,46.833336,-6.1666565,2024-10-02 06:00:00,-0.042160984,0.09539341,4345926.351221016,-469559.8699535443,0.0
5486,453.9377,46.833336,-6.1666565,2024-10-02 06:00:00,-0.044204198,0.10485278,4345926.351221016,-469559.8699535443,0.0
5666,541.0889,46.833336,-6.1666565,2024-10-02 06:00:00,-0.061083622,0.096505314,4345926.351221016,-469559.8699535443,0.0
5846,643.5668,46.833336,-6.1666565,2024-10-02 06:00:00,-0.0777801,0.084618986,4345926.351221016,-469559.8699535443,0.0
6026,763.3331,46.833336,-6.1666565,2024-10-02 06:00:00,-0.06648326,0.09918373,4345926.351221016,-469559.8699535443,0.0
6206,902.3393,46.833336,-6.1666565,2024-10-02 06:00:00,-0.06233877,0.115032926,4345926.351221016,-469559.8699535443,0.0
95,0.494025,46.833336,-6.0833282,2024-10-02 06:00:00,-0.06974747,0.12980445,4346604.66032198,-463238.86772943556,0.0
275,1.541375,46.833336,-6.0833282,2024-10-02 06:00:00,-0.06372175,0.13337454,4346604.66032198,-463238.86772943556,0.0
455,2.645669,46.833336,-6.0833282,2024-10-02 06:00:00,-0.060512662,0.1349576,4346604.66032198,-463238.86772943556,0.0
635,3.819495,46.833336,-6.0833282,2024-10-02 06:00:00,-0.058386512,0.13569564,4346604.66032198,-463238.86772943556,0.0
815,5.078224,46.833336,-6.0833282,2024-10-02 06:00:00,-0.056603484,0.13607731,4346604.66032198,-463238.86772943556,0.0
995,6.440614,46.833336,-6.0833282,2024-10-02 06:00:00,-0.054024428,0.13634829,4346604.66032198,-463238.86772943556,0.0
1175,7.92956,46.833336,-6.0833282,2024-10-02 06:00:00,-0.04962161,0.13508213,4346604.66032198,-463238.86772943556,0.0
1355,9.572997,46.833336,-6.0833282,2024-10-02 06:00:00,-0.046754085,0.13052653,4346604.66032198,-463238.86772943556,0.0
1535,11.405,46.833336,-6.0833282,2024-10-02 06:00:00,-0.046219558,0.121167146,4346604.66032198,-463238.86772943556,0.0
1715,13.46714,46.833336,-6.0833282,2024-10-02 06:00:00,-0.048082147,0.11781913,4346604.66032198,-463238.86772943556,0.0
1895,15.81007,46.833336,-6.0833282,2024-10-02 06:00:00,-0.03943886,0.11549695,4346604.66032198,-463238.86772943556,0.0
2075,18.49556,46.833336,-6.0833282,2024-10-02 06:00:00,-0.023128353,0.096720316,4346604.66032198,-463238.86772943556,0.0
2255,21.59882,46.833336,-6.0833282,2024-10-02 06:00:00,-0.019985113,0.06723097,4346604.66032198,-463238.86772943556,0.0
2435,25.21141,46.833336,-6.0833282,2024-10-02 06:00:00,-0.02591737,0.044385847,4346604.66032198,-463238.86772943556,0.0
2615,29.44473,46.833336,-6.0833282,2024-10-02 06:00:00,-0.03125548,0.028976783,4346604.66032198,-463238.86772943556,0.0
2795,34.43415,46.833336,-6.0833282,2024-10-02 06:00:00,-0.032779306,0.007053047,4346604.66032198,-463238.86772943556,0.0
2975,40.34405,46.833336,-6.0833282,2024-10-02 06:00:00,-0.06345293,-0.039981555,4346604.66032198,-463238.86772943556,0.0
3155,47.37369,46.833336,-6.0833282,2024-10-02 06:00:00,-0.08709548,0.08126121,4346604.66032198,-463238.86772943556,0.0
3335,55.76429,46.833336,-6.0833282,2024-10-02 06:00:00,-0.029933797,0.11258523,4346604.66032198,-463238.86772943556,0.0
3515,65.80727,46.833336,-6.0833282,2024-10-02 06:00:00,-0.015935766,0.094419286,4346604.66032198,-463238.86772943556,0.0
3695,77.85385,46.833336,-6.0833282,2024-10-02 06:00:00,-0.02893504,0.07961235,4346604.66032198,-463238.86772943556,0.0
3875,92.32607,46.833336,-6.0833282,2024-10-02 06:00:00,-0.050466314,0.06494377,4346604.66032198,-463238.86772943556,0.0
4055,109.7293,46.833336,-6.0833282,2024-10-02 06:00:00,-0.061819572,0.054303244,4346604.66032198,-463238.86772943556,0.0
4235,130.666,46.833336,-6.0833282,2024-10-02 06:00:00,-0.06791055,0.05566377,4346604.66032198,-463238.86772943556,0.0
4415,155.8507,46.833336,-6.0833282,2024-10-02 06:00:00,-0.071691796,0.06634536,4346604.66032198,-463238.86772943556,0.0
4595,186.1256,46.833336,-6.0833282,2024-10-02 06:00:00,-0.061147515,0.07953454,4346604.66032198,-463238.86772943556,0.0
4775,222.4752,46.833336,-6.0833282,2024-10-02 06:00:00,-0.055178583,0.102229655,4346604.66032198,-463238.86772943556,0.0
4955,266.0403,46.833336,-6.0833282,2024-10-02 06:00:00,-0.04572632,0.12698692,4346604.66032198,-463238.86772943556,0.0
5135,318.1274,46.833336,-6.0833282,2024-10-02 06:00:00,-0.042053163,0.13185875,4346604.66032198,-463238.86772943556,0.0
5315,380.213,46.833336,-6.0833282,2024-10-02 06:00:00,-0.059055477,0.1188384,4346604.66032198,-463238.86772943556,0.0
5495,453.9377,46.833336,-6.0833282,2024-10-02 06:00:00,-0.06360459,0.12193954,4346604.66032198,-463238.86772943556,0.0
5675,541.0889,46.833336,-6.0833282,2024-10-02 06:00:00,-0.07079126,0.12565088,4346604.66032198,-463238.86772943556,0.0
5855,643.5668,46.833336,-6.0833282,2024-10-02 06:00:00,-0.09634221,0.12292225,4346604.66032198,-463238.86772943556,0.0
6035,763.3331,46.833336,-6.0833282,2024-10-02 06:00:00,-0.07543075,0.11966759,4346604.66032198,-463238.86772943556,0.0
6215,902.3393,46.833336,-6.0833282,2024-10-02 06:00:00,-0.062455013,0.11939723,4346604.66032198,-463238.86772943556,0.0
104,0.494025,46.833336,-6.0,2024-10-02 06:00:00,-0.0558872,0.086294375,4347273.775744883,-456916.88569019584,0.0
284,1.541375,46.833336,-6.0,2024-10-02 06:00:00,-0.05136153,0.08971803,4347273.775744883,-456916.88569019584,0.0
464,2.645669,46.833336,-6.0,2024-10-02 06:00:00,-0.049474616,0.09084972,4347273.775744883,-456916.88569019584,0.0
644,3.819495,46.833336,-6.0,2024-10-02 06:00:00,-0.048345875,0.09137178,4347273.775744883,-456916.88569019584,0.0
824,5.078224,46.833336,-6.0,2024-10-02 06:00:00,-0.047523875,0.091666624,4347273.775744883,-456916.88569019584,0.0
1004,6.440614,46.833336,-6.0,2024-10-02 06:00:00,-0.04677865,0.091854654,4347273.775744883,-456916.88569019584,0.0
1184,7.92956,46.833336,-6.0,2024-10-02 06:00:00,-0.046104673,0.09197224,4347273.775744883,-456916.88569019584,0.0
1364,9.572997,46.833336,-6.0,2024-10-02 06:00:00,-0.045498062,0.092033595,4347273.775744883,-456916.88569019584,0.0
1544,11.405,46.833336,-6.0,2024-10-02 06:00:00,-0.044870846,0.09203644,4347273.775744883,-456916.88569019584,0.0
1724,13.46714,46.833336,-6.0,2024-10-02 06:00:00,-0.04406267,0.09194614,4347273.775744883,-456916.88569019584,0.0
1904,15.81007,46.833336,-6.0,2024-10-02 06:00:00,-0.040710725,0.0910209,4347273.775744883,-456916.88569019584,0.0
2084,18.49556,46.833336,-6.0,2024-10-02 06:00:00,-0.036255352,0.08738979,4347273.775744883,-456916.88569019584,0.0
2264,21.59882,46.833336,-6.0,2024-10-02 06:00:00,-0.036100626,0.078342326,4347273.775744883,-456916.88569019584,0.0
2444,25.21141,46.833336,-6.0,2024-10-02 06:00:00,-0.038378615,0.06817812,4347273.775744883,-456916.88569019584,0.0
2624,29.44473,46.833336,-6.0,2024-10-02 06:00:00,-0.039704666,0.062296685,4347273.775744883,-456916.88569019584,0.0
2804,34.43415,46.833336,-6.0,2024-10-02 06:00:00,-0.037475783,0.05244983,4347273.775744883,-456916.88569019584,0.0
2984,40.34405,46.833336,-6.0,2024-10-02 06:00:00,-0.048857637,-0.009676776,4347273.775744883,-456916.88569019584,0.0
3164,47.37369,46.833336,-6.0,2024-10-02 06:00:00,-0.07993727,0.13782716,4347273.775744883,-456916.88569019584,0.0
3344,55.76429,46.833336,-6.0,2024-10-02 06:00:00,-0.03453263,0.14544556,4347273.775744883,-456916.88569019584,0.0
3524,65.80727,46.833336,-6.0,2024-10-02 06:00:00,-0.02457983,0.12013555,4347273.775744883,-456916.88569019584,0.0
3704,77.85385,46.833336,-6.0,2024-10-02 06:00:00,-0.036632434,0.10287667,4347273.775744883,-456916.88569019584,0.0
3884,92.32607,46.833336,-6.0,2024-10-02 06:00:00,-0.050940573,0.09101763,4347273.775744883,-456916.88569019584,0.0
4064,109.7293,46.833336,-6.0,2024-10-02 06:00:00,-0.05880781,0.087012306,4347273.775744883,-456916.88569019584,0.0
4244,130.666,46.833336,-6.0,2024-10-02 06:00:00,-0.067956954,0.09438872,4347273.775744883,-456916.88569019584,0.0
4424,155.8507,46.833336,-6.0,2024-10-02 06:00:00,-0.07590343,0.112374574,4347273.775744883,-456916.88569019584,0.0
4604,186.1256,46.833336,-6.0,2024-10-02 06:00:00,-0.07033202,0.1278402,4347273.775744883,-456916.88569019584,0.0
4784,222.4752,46.833336,-6.0,2024-10-02 06:00:00,-0.07572528,0.11822435,4347273.775744883,-456916.88569019584,0.0
4964,266.0403,46.833336,-6.0,2024-10-02 06:00:00,-0.074104995,0.10591769,4347273.775744883,-456916.88569019584,0.0
5144,318.1274,46.833336,-6.0,2024-10-02 06:00:00,-0.08027699,0.10112385,4347273.775744883,-456916.88569019584,0.0
5324,380.213,46.833336,-6.0,2024-10-02 06:00:00,-0.07542113,0.09481268,4347273.775744883,-456916.88569019584,0.0
5504,453.9377,46.833336,-6.0,2024-10-02 06:00:00,-0.07676392,0.09268811,4347273.775744883,-456916.88569019584,0.0
5684,541.0889,46.833336,-6.0,2024-10-02 06:00:00,-0.079287976,0.09348522,4347273.775744883,-456916.88569019584,0.0
5864,643.5668,46.833336,-6.0,2024-10-02 06:00:00,-0.09178372,0.10551545,4347273.775744883,-456916.88569019584,0.0
6044,763.3331,46.833336,-6.0,2024-10-02 06:00:00,-0.07665854,0.11585608,4347273.775744883,-456916.88569019584,0.0
6224,902.3393,46.833336,-6.0,2024-10-02 06:00:00,-0.054385185,0.11528278,4347273.775744883,-456916.88569019584,0.0
113,0.494025,46.91667,-6.25,2024-10-02 06:00:00,-0.11726303,0.09460311,4338517.220887722,-475144.9119816816,0.0
293,1.541375,46.91667,-6.25,2024-10-02 06:00:00,-0.11097603,0.09789641,4338517.220887722,-475144.9119816816,0.0
473,2.645669,46.91667,-6.25,2024-10-02 06:00:00,-0.10695496,0.09955827,4338517.220887722,-475144.9119816816,0.0
653,3.819495,46.91667,-6.25,2024-10-02 06:00:00,-0.104233086,0.10032616,4338517.220887722,-475144.9119816816,0.0
833,5.078224,46.91667,-6.25,2024-10-02 06:00:00,-0.10194815,0.10073218,4338517.220887722,-475144.9119816816,0.0
1013,6.440614,46.91667,-6.25,2024-10-02 06:00:00,-0.09764564,0.10065169,4338517.220887722,-475144.9119816816,0.0
1193,7.92956,46.91667,-6.25,2024-10-02 06:00:00,-0.08602723,0.09746141,4338517.220887722,-475144.9119816816,0.0
1373,9.572997,46.91667,-6.25,2024-10-02 06:00:00,-0.07571094,0.086314976,4338517.220887722,-475144.9119816816,0.0
1553,11.405,46.91667,-6.25,2024-10-02 06:00:00,-0.079941526,0.073742,4338517.220887722,-475144.9119816816,0.0
1733,13.46714,46.91667,-6.25,2024-10-02 06:00:00,-0.096401535,0.072407015,4338517.220887722,-475144.9119816816,0.0
1913,15.81007,46.91667,-6.25,2024-10-02 06:00:00,-0.08889424,0.07953531,4338517.220887722,-475144.9119816816,0.0
2093,18.49556,46.91667,-6.25,2024-10-02 06:00:00,-0.06644494,0.07076275,4338517.220887722,-475144.9119816816,0.0
2273,21.59882,46.91667,-6.25,2024-10-02 06:00:00,-0.06085932,0.044145852,4338517.220887722,-475144.9119816816,0.0
2453,25.21141,46.91667,-6.25,2024-10-02 06:00:00,-0.0680168,0.03536001,4338517.220887722,-475144.9119816816,0.0
2633,29.44473,46.91667,-6.25,2024-10-02 06:00:00,-0.07062945,0.0365422,4338517.220887722,-475144.9119816816,0.0
2813,34.43415,46.91667,-6.25,2024-10-02 06:00:00,-0.068029456,0.032420155,4338517.220887722,-475144.9119816816,0.0
2993,40.34405,46.91667,-6.25,2024-10-02 06:00:00,-0.07912809,0.032331914,4338517.220887722,-475144.9119816816,0.0
3173,47.37369,46.91667,-6.25,2024-10-02 06:00:00,-0.086598836,0.057724312,4338517.220887722,-475144.9119816816,0.0
3353,55.76429,46.91667,-6.25,2024-10-02 06:00:00,-0.044355396,0.12934378,4338517.220887722,-475144.9119816816,0.0
3533,65.80727,46.91667,-6.25,2024-10-02 06:00:00,-0.040966522,0.12393158,4338517.220887722,-475144.9119816816,0.0
3713,77.85385,46.91667,-6.25,2024-10-02 06:00:00,-0.056252554,0.120736495,4338517.220887722,-475144.9119816816,0.0
3893,92.32607,46.91667,-6.25,2024-10-02 06:00:00,-0.0717113,0.115341775,4338517.220887722,-475144.9119816816,0.0
4073,109.7293,46.91667,-6.25,2024-10-02 06:00:00,-0.079809144,0.10586459,4338517.220887722,-475144.9119816816,0.0
4253,130.666,46.91667,-6.25,2024-10-02 06:00:00,-0.075029336,0.08856694,4338517.220887722,-475144.9119816816,0.0
4433,155.8507,46.91667,-6.25,2024-10-02 06:00:00,-0.06476499,0.07031629,4338517.220887722,-475144.9119816816,0.0
4613,186.1256,46.91667,-6.25,2024-10-02 06:00:00,-0.058175087,0.04909638,4338517.220887722,-475144.9119816816,0.0
4793,222.4752,46.91667,-6.25,2024-10-02 06:00:00,-0.048777997,0.015497919,4338517.220887722,-475144.9119816816,0.0
4973,266.0403,46.91667,-6.25,2024-10-02 06:00:00,-0.032695115,-0.004565349,4338517.220887722,-475144.9119816816,0.0
5153,318.1274,46.91667,-6.25,2024-10-02 06:00:00,-0.032389473,0.004483314,4338517.220887722,-475144.9119816816,0.0
5333,380.213,46.91667,-6.25,2024-10-02 06:00:00,-0.050534327,0.031672668,4338517.220887722,-475144.9119816816,0.0
5513,453.9377,46.91667,-6.25,2024-10-02 06:00:00,-0.05632349,0.06400097,4338517.220887722,-475144.9119816816,0.0
5693,541.0889,46.91667,-6.25,2024-10-02 06:00:00,-0.061743747,0.07150644,4338517.220887722,-475144.9119816816,0.0
5873,643.5668,46.91667,-6.25,2024-10-02 06:00:00,-0.057918523,0.08337361,4338517.220887722,-475144.9119816816,0.0
6053,763.3331,46.91667,-6.25,2024-10-02 06:00:00,-0.06309232,0.09265273,4338517.220887722,-475144.9119816816,0.0
6233,902.3393,46.91667,-6.25,2024-10-02 06:00:00,-0.05444414,0.13409667,4338517.220887722,-475144.9119816816,0.0
122,0.494025,46.91667,-6.1666565,2024-10-02 06:00:00,-0.11016303,0.15746026,4339203.78529813,-468833.52373287774,0.0
302,1.541375,46.91667,-6.1666565,2024-10-02 06:00:00,-0.10420203,0.16089246,4339203.78529813,-468833.52373287774,0.0
482,2.645669,46.91667,-6.1666565,2024-10-02 06:00:00,-0.10012083,0.16259982,4339203.78529813,-468833.52373287774,0.0
662,3.819495,46.91667,-6.1666565,2024-10-02 06:00:00,-0.097442955,0.16334541,4339203.78529813,-468833.52373287774,0.0
842,5.078224,46.91667,-6.1666565,2024-10-02 06:00:00,-0.09509029,0.16362932,4339203.78529813,-468833.52373287774,0.0
1022,6.440614,46.91667,-6.1666565,2024-10-02 06:00:00,-0.08952717,0.16300717,4339203.78529813,-468833.52373287774,0.0
1202,7.92956,46.91667,-6.1666565,2024-10-02 06:00:00,-0.07454243,0.15210053,4339203.78529813,-468833.52373287774,0.0
1382,9.572997,46.91667,-6.1666565,2024-10-02 06:00:00,-0.063441895,0.12159495,4339203.78529813,-468833.52373287774,0.0
1562,11.405,46.91667,-6.1666565,2024-10-02 06:00:00,-0.06807711,0.08795505,4339203.78529813,-468833.52373287774,0.0
1742,13.46714,46.91667,-6.1666565,2024-10-02 06:00:00,-0.09450608,0.07625767,4339203.78529813,-468833.52373287774,0.0
1922,15.81007,46.91667,-6.1666565,2024-10-02 06:00:00,-0.09476769,0.1101733,4339203.78529813,-468833.52373287774,0.0
2102,18.49556,46.91667,-6.1666565,2024-10-02 06:00:00,-0.06885872,0.11547205,4339203.78529813,-468833.52373287774,0.0
2282,21.59882,46.91667,-6.1666565,2024-10-02 06:00:00,-0.052848298,0.07963144,4339203.78529813,-468833.52373287774,0.0
2462,25.21141,46.91667,-6.1666565,2024-10-02 06:00:00,-0.054023568,0.042713642,4339203.78529813,-468833.52373287774,0.0
2642,29.44473,46.91667,-6.1666565,2024-10-02 06:00:00,-0.06122895,0.021778952,4339203.78529813,-468833.52373287774,0.0
2822,34.43415,46.91667,-6.1666565,2024-10-02 06:00:00,-0.066273585,0.011272805,4339203.78529813,-468833.52373287774,0.0
3002,40.34405,46.91667,-6.1666565,2024-10-02 06:00:00,-0.09242507,0.009285938,4339203.78529813,-468833.52373287774,0.0
3182,47.37369,46.91667,-6.1666565,2024-10-02 06:00:00,-0.112078786,0.075690955,4339203.78529813,-468833.52373287774,0.0
3362,55.76429,46.91667,-6.1666565,2024-10-02 06:00:00,-0.05519764,0.13858649,4339203.78529813,-468833.52373287774,0.0
3542,65.80727,46.91667,-6.1666565,2024-10-02 06:00:00,-0.037012696,0.11423017,4339203.78529813,-468833.52373287774,0.0
3722,77.85385,46.91667,-6.1666565,2024-10-02 06:00:00,-0.0462532,0.0878007,4339203.78529813,-468833.52373287774,0.0
3902,92.32607,46.91667,-6.1666565,2024-10-02 06:00:00,-0.06432313,0.06986986,4339203.78529813,-468833.52373287774,0.0
4082,109.7293,46.91667,-6.1666565,2024-10-02 06:00:00,-0.07763065,0.05576865,4339203.78529813,-468833.52373287774,0.0
4262,130.666,46.91667,-6.1666565,2024-10-02 06:00:00,-0.077709965,0.05041789,4339203.78529813,-468833.52373287774,0.0
4442,155.8507,46.91667,-6.1666565,2024-10-02 06:00:00,-0.07176992,0.04720792,4339203.78529813,-468833.52373287774,0.0
4622,186.1256,46.91667,-6.1666565,2024-10-02 06:00:00,-0.069182575,0.05378382,4339203.78529813,-468833.52373287774,0.0
4802,222.4752,46.91667,-6.1666565,2024-10-02 06:00:00,-0.06347389,0.06231284,4339203.78529813,-468833.52373287774,0.0
4982,266.0403,46.91667,-6.1666565,2024-10-02 06:00:00,-0.05452486,0.06964474,4339203.78529813,-468833.52373287774,0.0
5162,318.1274,46.91667,-6.1666565,2024-10-02 06:00:00,-0.055076685,0.08642228,4339203.78529813,-468833.52373287774,0.0
5342,380.213,46.91667,-6.1666565,2024-10-02 06:00:00,-0.053675227,0.08654707,4339203.78529813,-468833.52373287774,0.0
5522,453.9377,46.91667,-6.1666565,2024-10-02 06:00:00,-0.05581724,0.096679516,4339203.78529813,-468833.52373287774,0.0
5702,541.0889,46.91667,-6.1666565,2024-10-02 06:00:00,-0.06642935,0.099745244,4339203.78529813,-468833.52373287774,0.0
5882,643.5668,46.91667,-6.1666565,2024-10-02 06:00:00,-0.072317235,0.11553852,4339203.78529813,-468833.52373287774,0.0
6062,763.3331,46.91667,-6.1666565,2024-10-02 06:00:00,-0.07670111,0.12903816,4339203.78529813,-468833.52373287774,0.0
6242,902.3393,46.91667,-6.1666565,2024-10-02 06:00:00,-0.06464526,0.13068134,4339203.78529813,-468833.52373287774,0.0
131,0.494025,46.91667,-6.0833282,2024-10-02 06:00:00,-0.082423404,0.17114562,4339881.045145775,-462522.2992525033,0.0
311,1.541375,46.91667,-6.0833282,2024-10-02 06:00:00,-0.076903656,0.1748493,4339881.045145775,-462522.2992525033,0.0
491,2.645669,46.91667,-6.0833282,2024-10-02 06:00:00,-0.07334904,0.17676044,4339881.045145775,-462522.2992525033,0.0
671,3.819495,46.91667,-6.0833282,2024-10-02 06:00:00,-0.071218245,0.17757633,4339881.045145775,-462522.2992525033,0.0
851,5.078224,46.91667,-6.0833282,2024-10-02 06:00:00,-0.069484144,0.17798021,4339881.045145775,-462522.2992525033,0.0
1031,6.440614,46.91667,-6.0833282,2024-10-02 06:00:00,-0.06679915,0.17802405,4339881.045145775,-462522.2992525033,0.0
1211,7.92956,46.91667,-6.0833282,2024-10-02 06:00:00,-0.060324684,0.17499551,4339881.045145775,-462522.2992525033,0.0
1391,9.572997,46.91667,-6.0833282,2024-10-02 06:00:00,-0.055443175,0.16253898,4339881.045145775,-462522.2992525033,0.0
1571,11.405,46.91667,-6.0833282,2024-10-02 06:00:00,-0.05763217,0.14404756,4339881.045145775,-462522.2992525033,0.0
1751,13.46714,46.91667,-6.0833282,2024-10-02 06:00:00,-0.068820305,0.13499397,4339881.045145775,-462522.2992525033,0.0
1931,15.81007,46.91667,-6.0833282,2024-10-02 06:00:00,-0.062466532,0.13091867,4339881.045145775,-462522.2992525033,0.0
2111,18.49556,46.91667,-6.0833282,2024-10-02 06:00:00,-0.041800965,0.11074527,4339881.045145775,-462522.2992525033,0.0
2291,21.59882,46.91667,-6.0833282,2024-10-02 06:00:00,-0.035927456,0.07628353,4339881.045145775,-462522.2992525033,0.0
2471,25.21141,46.91667,-6.0833282,2024-10-02 06:00:00,-0.04450629,0.04659358,4339881.045145775,-462522.2992525033,0.0
2651,29.44473,46.91667,-6.0833282,2024-10-02 06:00:00,-0.052910425,0.021448819,4339881.045145775,-462522.2992525033,0.0
2831,34.43415,46.91667,-6.0833282,2024-10-02 06:00:00,-0.057356097,0.00046629505,4339881.045145775,-462522.2992525033,0.0
3011,40.34405,46.91667,-6.0833282,2024-10-02 06:00:00,-0.089036636,-0.01540698,4339881.045145775,-462522.2992525033,0.0
3191,47.37369,46.91667,-6.0833282,2024-10-02 06:00:00,-0.123865776,0.116634436,4339881.045145775,-462522.2992525033,0.0
3371,55.76429,46.91667,-6.0833282,2024-10-02 06:00:00,-0.06435133,0.14802597,4339881.045145775,-462522.2992525033,0.0
3551,65.80727,46.91667,-6.0833282,2024-10-02 06:00:00,-0.047680877,0.115664974,4339881.045145775,-462522.2992525033,0.0
3731,77.85385,46.91667,-6.0833282,2024-10-02 06:00:00,-0.056118812,0.0904197,4339881.045145775,-462522.2992525033,0.0
3911,92.32607,46.91667,-6.0833282,2024-10-02 06:00:00,-0.073971055,0.07671625,4339881.045145775,-462522.2992525033,0.0
4091,109.7293,46.91667,-6.0833282,2024-10-02 06:00:00,-0.08454894,0.066633865,4339881.045145775,-462522.2992525033,0.0
4271,130.666,46.91667,-6.0833282,2024-10-02 06:00:00,-0.08639182,0.06793227,4339881.045145775,-462522.2992525033,0.0
4451,155.8507,46.91667,-6.0833282,2024-10-02 06:00:00,-0.08849223,0.068875864,4339881.045145775,-462522.2992525033,0.0
4631,186.1256,46.91667,-6.0833282,2024-10-02 06:00:00,-0.08283325,0.08944459,4339881.045145775,-462522.2992525033,0.0
4811,222.4752,46.91667,-6.0833282,2024-10-02 06:00:00,-0.07622549,0.11570554,4339881.045145775,-462522.2992525033,0.0
4991,266.0403,46.91667,-6.0833282,2024-10-02 06:00:00,-0.068701655,0.13239793,4339881.045145775,-462522.2992525033,0.0
5171,318.1274,46.91667,-6.0833282,2024-10-02 06:00:00,-0.06517798,0.1463472,4339881.045145775,-462522.2992525033,0.0
5351,380.213,46.91667,-6.0833282,2024-10-02 06:00:00,-0.056626845,0.14336534,4339881.045145775,-462522.2992525033,0.0
5531,453.9377,46.91667,-6.0833282,2024-10-02 06:00:00,-0.052390974,0.13406822,4339881.045145775,-462522.2992525033,0.0
5711,541.0889,46.91667,-6.0833282,2024-10-02 06:00:00,-0.06069204,0.1297989,4339881.045145775,-462522.2992525033,0.0
5891,643.5668,46.91667,-6.0833282,2024-10-02 06:00:00,-0.07661788,0.13608123,4339881.045145775,-462522.2992525033,0.0
6071,763.3331,46.91667,-6.0833282,2024-10-02 06:00:00,-0.07643488,0.1266973,4339881.045145775,-462522.2992525033,0.0
6251,902.3393,46.91667,-6.0833282,2024-10-02 06:00:00,-0.07230504,0.1155689,4339881.045145775,-462522.2992525033,0.0
140,0.494025,46.91667,-6.0,2024-10-02 06:00:00,-0.048738085,0.13293417,4340549.125536747,-456210.0964726406,0.0
320,1.541375,46.91667,-6.0,2024-10-02 06:00:00,-0.044166125,0.13690737,4340549.125536747,-456210.0964726406,0.0
500,2.645669,46.91667,-6.0,2024-10-02 06:00:00,-0.041757647,0.13872555,4340549.125536747,-456210.0964726406,0.0
680,3.819495,46.91667,-6.0,2024-10-02 06:00:00,-0.040458687,0.13946941,4340549.125536747,-456210.0964726406,0.0
860,5.078224,46.91667,-6.0,2024-10-02 06:00:00,-0.039553493,0.13987634,4340549.125536747,-456210.0964726406,0.0
1040,6.440614,46.91667,-6.0,2024-10-02 06:00:00,-0.03879287,0.14010723,4340549.125536747,-456210.0964726406,0.0
1220,7.92956,46.91667,-6.0,2024-10-02 06:00:00,-0.03752226,0.14016636,4340549.125536747,-456210.0964726406,0.0
1400,9.572997,46.91667,-6.0,2024-10-02 06:00:00,-0.036370914,0.14013349,4340549.125536747,-456210.0964726406,0.0
1580,11.405,46.91667,-6.0,2024-10-02 06:00:00,-0.036717758,0.14013039,4340549.125536747,-456210.0964726406,0.0
1760,13.46714,46.91667,-6.0,2024-10-02 06:00:00,-0.03803866,0.13995653,4340549.125536747,-456210.0964726406,0.0
1940,15.81007,46.91667,-6.0,2024-10-02 06:00:00,-0.03439567,0.133514,4340549.125536747,-456210.0964726406,0.0
2120,18.49556,46.91667,-6.0,2024-10-02 06:00:00,-0.02873184,0.11432904,4340549.125536747,-456210.0964726406,0.0
2300,21.59882,46.91667,-6.0,2024-10-02 06:00:00,-0.03169427,0.08591039,4340549.125536747,-456210.0964726406,0.0
2480,25.21141,46.91667,-6.0,2024-10-02 06:00:00,-0.04134552,0.0647768,4340549.125536747,-456210.0964726406,0.0
2660,29.44473,46.91667,-6.0,2024-10-02 06:00:00,-0.04815921,0.055186342,4340549.125536747,-456210.0964726406,0.0
2840,34.43415,46.91667,-6.0,2024-10-02 06:00:00,-0.052094802,0.04541022,4340549.125536747,-456210.0964726406,0.0
3020,40.34405,46.91667,-6.0,2024-10-02 06:00:00,-0.07896865,0.0060444586,4340549.125536747,-456210.0964726406,0.0
3200,47.37369,46.91667,-6.0,2024-10-02 06:00:00,-0.12805586,0.1768141,4340549.125536747,-456210.0964726406,0.0
3380,55.76429,46.91667,-6.0,2024-10-02 06:00:00,-0.07872131,0.16932634,4340549.125536747,-456210.0964726406,0.0
3560,65.80727,46.91667,-6.0,2024-10-02 06:00:00,-0.06231498,0.13537915,4340549.125536747,-456210.0964726406,0.0
3740,77.85385,46.91667,-6.0,2024-10-02 06:00:00,-0.064603664,0.1036921,4340549.125536747,-456210.0964726406,0.0
3920,92.32607,46.91667,-6.0,2024-10-02 06:00:00,-0.076862894,0.084337294,4340549.125536747,-456210.0964726406,0.0
4100,109.7293,46.91667,-6.0,2024-10-02 06:00:00,-0.08280685,0.08226889,4340549.125536747,-456210.0964726406,0.0
4280,130.666,46.91667,-6.0,2024-10-02 06:00:00,-0.08827945,0.0998024,4340549.125536747,-456210.0964726406,0.0
4460,155.8507,46.91667,-6.0,2024-10-02 06:00:00,-0.10092758,0.12218485,4340549.125536747,-456210.0964726406,0.0
4640,186.1256,46.91667,-6.0,2024-10-02 06:00:00,-0.0918003,0.14152749,4340549.125536747,-456210.0964726406,0.0
4820,222.4752,46.91667,-6.0,2024-10-02 06:00:00,-0.090947755,0.14575285,4340549.125536747,-456210.0964726406,0.0
5000,266.0403,46.91667,-6.0,2024-10-02 06:00:00,-0.08286302,0.14206275,4340549.125536747,-456210.0964726406,0.0
5180,318.1274,46.91667,-6.0,2024-10-02 06:00:00,-0.07985616,0.1341889,4340549.125536747,-456210.0964726406,0.0
5360,380.213,46.91667,-6.0,2024-10-02 06:00:00,-0.07521464,0.12088577,4340549.125536747,-456210.0964726406,0.0
5540,453.9377,46.91667,-6.0,2024-10-02 06:00:00,-0.06782808,0.110253595,4340549.125536747,-456210.0964726406,0.0
5720,541.0889,46.91667,-6.0,2024-10-02 06:00:00,-0.059814543,0.09861457,4340549.125536747,-456210.0964726406,0.0
5900,643.5668,46.91667,-6.0,2024-10-02 06:00:00,-0.06281805,0.0905665,4340549.125536747,-456210.0964726406,0.0
6080,763.3331,46.91667,-6.0,2024-10-02 06:00:00,-0.059043795,0.09345424,4340549.125536747,-456210.0964726406,0.0
6260,902.3393,46.91667,-6.0,2024-10-02 06:00:00,-0.056892697,0.07904308,4340549.125536747,-456210.0964726406,0.0
149,0.494025,47.0,-6.25,2024-10-02 06:00:00,-0.13513969,0.09189578,4331787.087405169,-474407.8424903363,0.0
329,1.541375,47.0,-6.25,2024-10-02 06:00:00,-0.12976882,0.09549052,4331787.087405169,-474407.8424903363,0.0
509,2.645669,47.0,-6.25,2024-10-02 06:00:00,-0.12559584,0.0975307,4331787.087405169,-474407.8424903363,0.0
689,3.819495,47.0,-6.25,2024-10-02 06:00:00,-0.12286659,0.09838192,4331787.087405169,-474407.8424903363,0.0
869,5.078224,47.0,-6.25,2024-10-02 06:00:00,-0.12072849,0.09870093,4331787.087405169,-474407.8424903363,0.0
1049,6.440614,47.0,-6.25,2024-10-02 06:00:00,-0.118725844,0.09860926,4331787.087405169,-474407.8424903363,0.0
1229,7.92956,47.0,-6.25,2024-10-02 06:00:00,-0.11635947,0.09791517,4331787.087405169,-474407.8424903363,0.0
1409,9.572997,47.0,-6.25,2024-10-02 06:00:00,-0.113560945,0.09624991,4331787.087405169,-474407.8424903363,0.0
1589,11.405,47.0,-6.25,2024-10-02 06:00:00,-0.11155316,0.092664115,4331787.087405169,-474407.8424903363,0.0
1769,13.46714,47.0,-6.25,2024-10-02 06:00:00,-0.110370055,0.0859846,4331787.087405169,-474407.8424903363,0.0
1949,15.81007,47.0,-6.25,2024-10-02 06:00:00,-0.1036747,0.07623421,4331787.087405169,-474407.8424903363,0.0
2129,18.49556,47.0,-6.25,2024-10-02 06:00:00,-0.09909363,0.061722513,4331787.087405169,-474407.8424903363,0.0
2309,21.59882,47.0,-6.25,2024-10-02 06:00:00,-0.104598135,0.053017423,4331787.087405169,-474407.8424903363,0.0
2489,25.21141,47.0,-6.25,2024-10-02 06:00:00,-0.10737687,0.05359111,4331787.087405169,-474407.8424903363,0.0
2669,29.44473,47.0,-6.25,2024-10-02 06:00:00,-0.10368624,0.053418983,4331787.087405169,-474407.8424903363,0.0
2849,34.43415,47.0,-6.25,2024-10-02 06:00:00,-0.099651635,0.044026375,4331787.087405169,-474407.8424903363,0.0
3029,40.34405,47.0,-6.25,2024-10-02 06:00:00,-0.10788832,0.036880217,4331787.087405169,-474407.8424903363,0.0
3209,47.37369,47.0,-6.25,2024-10-02 06:00:00,-0.13533653,0.07451033,4331787.087405169,-474407.8424903363,0.0
3389,55.76429,47.0,-6.25,2024-10-02 06:00:00,-0.09646955,0.15188521,4331787.087405169,-474407.8424903363,0.0
3569,65.80727,47.0,-6.25,2024-10-02 06:00:00,-0.08706334,0.14841229,4331787.087405169,-474407.8424903363,0.0
3749,77.85385,47.0,-6.25,2024-10-02 06:00:00,-0.08680784,0.1317687,4331787.087405169,-474407.8424903363,0.0
3929,92.32607,47.0,-6.25,2024-10-02 06:00:00,-0.09196784,0.11276524,4331787.087405169,-474407.8424903363,0.0
4109,109.7293,47.0,-6.25,2024-10-02 06:00:00,-0.09506142,0.090994135,4331787.087405169,-474407.8424903363,0.0
4289,130.666,47.0,-6.25,2024-10-02 06:00:00,-0.08636787,0.07585689,4331787.087405169,-474407.8424903363,0.0
4469,155.8507,47.0,-6.25,2024-10-02 06:00:00,-0.07482227,0.06642967,4331787.087405169,-474407.8424903363,0.0
4649,186.1256,47.0,-6.25,2024-10-02 06:00:00,-0.085725494,0.058195595,4331787.087405169,-474407.8424903363,0.0
4829,222.4752,47.0,-6.25,2024-10-02 06:00:00,-0.08799511,0.04257997,4331787.087405169,-474407.8424903363,0.0
5009,266.0403,47.0,-6.25,2024-10-02 06:00:00,-0.074803255,0.029382303,4331787.087405169,-474407.8424903363,0.0
5189,318.1274,47.0,-6.25,2024-10-02 06:00:00,-0.057895847,0.029884756,4331787.087405169,-474407.8424903363,0.0
5369,380.213,47.0,-6.25,2024-10-02 06:00:00,-0.045329396,0.058736227,4331787.087405169,-474407.8424903363,0.0
5549,453.9377,47.0,-6.25,2024-10-02 06:00:00,-0.036461055,0.0785351,4331787.087405169,-474407.8424903363,0.0
5729,541.0889,47.0,-6.25,2024-10-02 06:00:00,-0.0532491,0.0898327,4331787.087405169,-474407.8424903363,0.0
5909,643.5668,47.0,-6.25,2024-10-02 06:00:00,-0.06159009,0.08507277,4331787.087405169,-474407.8424903363,0.0
6089,763.3331,47.0,-6.25,2024-10-02 06:00:00,-0.06297879,0.1336864,4331787.087405169,-474407.8424903363,0.0
6269,902.3393,47.0,-6.25,2024-10-02 06:00:00,-0.04558605,0.17791963,4331787.087405169,-474407.8424903363,0.0
158,0.494025,47.0,-6.1666565,2024-10-02 06:00:00,-0.11672292,0.1299893,4332472.586781167,-468106.2447951276,0.0
338,1.541375,47.0,-6.1666565,2024-10-02 06:00:00,-0.11178032,0.13377503,4332472.586781167,-468106.2447951276,0.0
518,2.645669,47.0,-6.1666565,2024-10-02 06:00:00,-0.10752565,0.13621353,4332472.586781167,-468106.2447951276,0.0
698,3.819495,47.0,-6.1666565,2024-10-02 06:00:00,-0.104386784,0.13748948,4332472.586781167,-468106.2447951276,0.0
878,5.078224,47.0,-6.1666565,2024-10-02 06:00:00,-0.10167895,0.13807184,4332472.586781167,-468106.2447951276,0.0
1058,6.440614,47.0,-6.1666565,2024-10-02 06:00:00,-0.09706769,0.13808408,4332472.586781167,-468106.2447951276,0.0
1238,7.92956,47.0,-6.1666565,2024-10-02 06:00:00,-0.09026319,0.13344167,4332472.586781167,-468106.2447951276,0.0
1418,9.572997,47.0,-6.1666565,2024-10-02 06:00:00,-0.0860035,0.1171237,4332472.586781167,-468106.2447951276,0.0
1598,11.405,47.0,-6.1666565,2024-10-02 06:00:00,-0.08838953,0.096948154,4332472.586781167,-468106.2447951276,0.0
1778,13.46714,47.0,-6.1666565,2024-10-02 06:00:00,-0.09935736,0.08574985,4332472.586781167,-468106.2447951276,0.0
1958,15.81007,47.0,-6.1666565,2024-10-02 06:00:00,-0.09826097,0.096071675,4332472.586781167,-468106.2447951276,0.0
2138,18.49556,47.0,-6.1666565,2024-10-02 06:00:00,-0.08337583,0.09235659,4332472.586781167,-468106.2447951276,0.0
2318,21.59882,47.0,-6.1666565,2024-10-02 06:00:00,-0.08214227,0.068641104,4332472.586781167,-468106.2447951276,0.0
2498,25.21141,47.0,-6.1666565,2024-10-02 06:00:00,-0.08802949,0.052204967,4332472.586781167,-468106.2447951276,0.0
2678,29.44473,47.0,-6.1666565,2024-10-02 06:00:00,-0.08971038,0.041787498,4332472.586781167,-468106.2447951276,0.0
2858,34.43415,47.0,-6.1666565,2024-10-02 06:00:00,-0.08924073,0.028496167,4332472.586781167,-468106.2447951276,0.0
3038,40.34405,47.0,-6.1666565,2024-10-02 06:00:00,-0.11091312,0.02277435,4332472.586781167,-468106.2447951276,0.0
3218,47.37369,47.0,-6.1666565,2024-10-02 06:00:00,-0.1454283,0.09714502,4332472.586781167,-468106.2447951276,0.0
3398,55.76429,47.0,-6.1666565,2024-10-02 06:00:00,-0.105032444,0.15126717,4332472.586781167,-468106.2447951276,0.0
3578,65.80727,47.0,-6.1666565,2024-10-02 06:00:00,-0.09127244,0.13803099,4332472.586781167,-468106.2447951276,0.0
3758,77.85385,47.0,-6.1666565,2024-10-02 06:00:00,-0.087743625,0.11682879,4332472.586781167,-468106.2447951276,0.0
3938,92.32607,47.0,-6.1666565,2024-10-02 06:00:00,-0.09767197,0.098072484,4332472.586781167,-468106.2447951276,0.0
4118,109.7293,47.0,-6.1666565,2024-10-02 06:00:00,-0.10394642,0.08134819,4332472.586781167,-468106.2447951276,0.0
4298,130.666,47.0,-6.1666565,2024-10-02 06:00:00,-0.09779439,0.07357257,4332472.586781167,-468106.2447951276,0.0
4478,155.8507,47.0,-6.1666565,2024-10-02 06:00:00,-0.08577529,0.06430482,4332472.586781167,-468106.2447951276,0.0
4658,186.1256,47.0,-6.1666565,2024-10-02 06:00:00,-0.094178595,0.058410972,4332472.586781167,-468106.2447951276,0.0
4838,222.4752,47.0,-6.1666565,2024-10-02 06:00:00,-0.11364543,0.079286106,4332472.586781167,-468106.2447951276,0.0
5018,266.0403,47.0,-6.1666565,2024-10-02 06:00:00,-0.10768054,0.10536614,4332472.586781167,-468106.2447951276,0.0
5198,318.1274,47.0,-6.1666565,2024-10-02 06:00:00,-0.08624427,0.11222591,4332472.586781167,-468106.2447951276,0.0
5378,380.213,47.0,-6.1666565,2024-10-02 06:00:00,-0.07151909,0.09781412,4332472.586781167,-468106.2447951276,0.0
5558,453.9377,47.0,-6.1666565,2024-10-02 06:00:00,-0.060666017,0.09319895,4332472.586781167,-468106.2447951276,0.0
5738,541.0889,47.0,-6.1666565,2024-10-02 06:00:00,-0.06831048,0.112319626,4332472.586781167,-468106.2447951276,0.0
5918,643.5668,47.0,-6.1666565,2024-10-02 06:00:00,-0.07420019,0.13073057,4332472.586781167,-468106.2447951276,0.0
6098,763.3331,47.0,-6.1666565,2024-10-02 06:00:00,-0.08262092,0.15720747,4332472.586781167,-468106.2447951276,0.0
6278,902.3393,47.0,-6.1666565,2024-10-02 06:00:00,-0.08585938,0.18001673,4332472.586781167,-468106.2447951276,0.0
167,0.494025,47.0,-6.0833282,2024-10-02 06:00:00,-0.07609871,0.14920321,4333148.796028124,-461804.81061430223,0.0
347,1.541375,47.0,-6.0833282,2024-10-02 06:00:00,-0.07154959,0.15316132,4333148.796028124,-461804.81061430223,0.0
527,2.645669,47.0,-6.0833282,2024-10-02 06:00:00,-0.06755565,0.15576398,4333148.796028124,-461804.81061430223,0.0
707,3.819495,47.0,-6.0833282,2024-10-02 06:00:00,-0.06445709,0.15711834,4333148.796028124,-461804.81061430223,0.0
887,5.078224,47.0,-6.0833282,2024-10-02 06:00:00,-0.061552357,0.15772974,4333148.796028124,-461804.81061430223,0.0
1067,6.440614,47.0,-6.0833282,2024-10-02 06:00:00,-0.05388495,0.15717524,4333148.796028124,-461804.81061430223,0.0
1247,7.92956,47.0,-6.0833282,2024-10-02 06:00:00,-0.04563039,0.15260093,4333148.796028124,-461804.81061430223,0.0
1427,9.572997,47.0,-6.0833282,2024-10-02 06:00:00,-0.04209584,0.13632427,4333148.796028124,-461804.81061430223,0.0
1607,11.405,47.0,-6.0833282,2024-10-02 06:00:00,-0.05023508,0.11258902,4333148.796028124,-461804.81061430223,0.0
1787,13.46714,47.0,-6.0833282,2024-10-02 06:00:00,-0.070056945,0.10177787,4333148.796028124,-461804.81061430223,0.0
1967,15.81007,47.0,-6.0833282,2024-10-02 06:00:00,-0.07619395,0.12065109,4333148.796028124,-461804.81061430223,0.0
2147,18.49556,47.0,-6.0833282,2024-10-02 06:00:00,-0.05466921,0.1167702,4333148.796028124,-461804.81061430223,0.0
2327,21.59882,47.0,-6.0833282,2024-10-02 06:00:00,-0.045185,0.081690095,4333148.796028124,-461804.81061430223,0.0
2507,25.21141,47.0,-6.0833282,2024-10-02 06:00:00,-0.054258868,0.05282824,4333148.796028124,-461804.81061430223,0.0
2687,29.44473,47.0,-6.0833282,2024-10-02 06:00:00,-0.0650285,0.037136406,4333148.796028124,-461804.81061430223,0.0
2867,34.43415,47.0,-6.0833282,2024-10-02 06:00:00,-0.07243382,0.023725998,4333148.796028124,-461804.81061430223,0.0
3047,40.34405,47.0,-6.0833282,2024-10-02 06:00:00,-0.108569995,0.017902162,4333148.796028124,-461804.81061430223,0.0
3227,47.37369,47.0,-6.0833282,2024-10-02 06:00:00,-0.14705303,0.1296434,4333148.796028124,-461804.81061430223,0.0
3407,55.76429,47.0,-6.0833282,2024-10-02 06:00:00,-0.10662768,0.14545242,4333148.796028124,-461804.81061430223,0.0
3587,65.80727,47.0,-6.0833282,2024-10-02 06:00:00,-0.09413573,0.13142633,4333148.796028124,-461804.81061430223,0.0
3767,77.85385,47.0,-6.0833282,2024-10-02 06:00:00,-0.085717805,0.11360578,4333148.796028124,-461804.81061430223,0.0
3947,92.32607,47.0,-6.0833282,2024-10-02 06:00:00,-0.095646255,0.097328104,4333148.796028124,-461804.81061430223,0.0
4127,109.7293,47.0,-6.0833282,2024-10-02 06:00:00,-0.10445943,0.08697159,4333148.796028124,-461804.81061430223,0.0
4307,130.666,47.0,-6.0833282,2024-10-02 06:00:00,-0.10602053,0.089335315,4333148.796028124,-461804.81061430223,0.0
4487,155.8507,47.0,-6.0833282,2024-10-02 06:00:00,-0.1084268,0.091611914,4333148.796028124,-461804.81061430223,0.0
4667,186.1256,47.0,-6.0833282,2024-10-02 06:00:00,-0.11118515,0.10509976,4333148.796028124,-461804.81061430223,0.0
4847,222.4752,47.0,-6.0833282,2024-10-02 06:00:00,-0.12797114,0.12634319,4333148.796028124,-461804.81061430223,0.0
5027,266.0403,47.0,-6.0833282,2024-10-02 06:00:00,-0.1206945,0.14224948,4333148.796028124,-461804.81061430223,0.0
5207,318.1274,47.0,-6.0833282,2024-10-02 06:00:00,-0.09984168,0.14847821,4333148.796028124,-461804.81061430223,0.0
5387,380.213,47.0,-6.0833282,2024-10-02 06:00:00,-0.08942565,0.14228466,4333148.796028124,-461804.81061430223,0.0
5567,453.9377,47.0,-6.0833282,2024-10-02 06:00:00,-0.091281705,0.13646674,4333148.796028124,-461804.81061430223,0.0
5747,541.0889,47.0,-6.0833282,2024-10-02 06:00:00,-0.08508676,0.13252373,4333148.796028124,-461804.81061430223,0.0
5927,643.5668,47.0,-6.0833282,2024-10-02 06:00:00,-0.08651922,0.13300589,4333148.796028124,-461804.81061430223,0.0
6107,763.3331,47.0,-6.0833282,2024-10-02 06:00:00,-0.0920396,0.13510889,4333148.796028124,-461804.81061430223,0.0
6287,902.3393,47.0,-6.0833282,2024-10-02 06:00:00,-0.09890094,0.11581629,4333148.796028124,-461804.81061430223,0.0
176,0.494025,47.0,-6.0,2024-10-02 06:00:00,-0.034150682,0.14012213,4333815.840058059,-455502.3996515776,0.0
356,1.541375,47.0,-6.0,2024-10-02 06:00:00,-0.029924203,0.14439552,4333815.840058059,-455502.3996515776,0.0
536,2.645669,47.0,-6.0,2024-10-02 06:00:00,-0.026244013,0.14737137,4333815.840058059,-455502.3996515776,0.0
716,3.819495,47.0,-6.0,2024-10-02 06:00:00,-0.023420181,0.14913464,4333815.840058059,-455502.3996515776,0.0
896,5.078224,47.0,-6.0,2024-10-02 06:00:00,-0.020992566,0.15009539,4333815.840058059,-455502.3996515776,0.0
1076,6.440614,47.0,-6.0,2024-10-02 06:00:00,-0.015697025,0.15027122,4333815.840058059,-455502.3996515776,0.0
1256,7.92956,47.0,-6.0,2024-10-02 06:00:00,-0.011580031,0.14635581,4333815.840058059,-455502.3996515776,0.0
1436,9.572997,47.0,-6.0,2024-10-02 06:00:00,-0.009990419,0.13529176,4333815.840058059,-455502.3996515776,0.0
1616,11.405,47.0,-6.0,2024-10-02 06:00:00,-0.016493384,0.11889306,4333815.840058059,-455502.3996515776,0.0
1796,13.46714,47.0,-6.0,2024-10-02 06:00:00,-0.032697305,0.1097723,4333815.840058059,-455502.3996515776,0.0
1976,15.81007,47.0,-6.0,2024-10-02 06:00:00,-0.042316537,0.11675373,4333815.840058059,-455502.3996515776,0.0
2156,18.49556,47.0,-6.0,2024-10-02 06:00:00,-0.02489354,0.10623109,4333815.840058059,-455502.3996515776,0.0
2336,21.59882,47.0,-6.0,2024-10-02 06:00:00,-0.015918534,0.0772013,4333815.840058059,-455502.3996515776,0.0
2516,25.21141,47.0,-6.0,2024-10-02 06:00:00,-0.026890328,0.055684507,4333815.840058059,-455502.3996515776,0.0
2696,29.44473,47.0,-6.0,2024-10-02 06:00:00,-0.041048605,0.04597547,4333815.840058059,-455502.3996515776,0.0
2876,34.43415,47.0,-6.0,2024-10-02 06:00:00,-0.050516613,0.0372119,4333815.840058059,-455502.3996515776,0.0
3056,40.34405,47.0,-6.0,2024-10-02 06:00:00,-0.094315596,0.029972896,4333815.840058059,-455502.3996515776,0.0
3236,47.37369,47.0,-6.0,2024-10-02 06:00:00,-0.14649773,0.16474369,4333815.840058059,-455502.3996515776,0.0
3416,55.76429,47.0,-6.0,2024-10-02 06:00:00,-0.11273685,0.15959054,4333815.840058059,-455502.3996515776,0.0
3596,65.80727,47.0,-6.0,2024-10-02 06:00:00,-0.100090854,0.14251816,4333815.840058059,-455502.3996515776,0.0
3776,77.85385,47.0,-6.0,2024-10-02 06:00:00,-0.08281398,0.11437875,4333815.840058059,-455502.3996515776,0.0
3956,92.32607,47.0,-6.0,2024-10-02 06:00:00,-0.085014336,0.09026989,4333815.840058059,-455502.3996515776,0.0
4136,109.7293,47.0,-6.0,2024-10-02 06:00:00,-0.0921652,0.08421419,4333815.840058059,-455502.3996515776,0.0
4316,130.666,47.0,-6.0,2024-10-02 06:00:00,-0.09784388,0.09983291,4333815.840058059,-455502.3996515776,0.0
4496,155.8507,47.0,-6.0,2024-10-02 06:00:00,-0.11453699,0.12130498,4333815.840058059,-455502.3996515776,0.0
4676,186.1256,47.0,-6.0,2024-10-02 06:00:00,-0.117492035,0.14803945,4333815.840058059,-455502.3996515776,0.0
4856,222.4752,47.0,-6.0,2024-10-02 06:00:00,-0.12699854,0.14790128,4333815.840058059,-455502.3996515776,0.0
5036,266.0403,47.0,-6.0,2024-10-02 06:00:00,-0.12202664,0.1507339,4333815.840058059,-455502.3996515776,0.0
5216,318.1274,47.0,-6.0,2024-10-02 06:00:00,-0.11142874,0.14680982,4333815.840058059,-455502.3996515776,0.0
5396,380.213,47.0,-6.0,2024-10-02 06:00:00,-0.11721793,0.1435986,4333815.840058059,-455502.3996515776,0.0
5576,453.9377,47.0,-6.0,2024-10-02 06:00:00,-0.1309151,0.1477683,4333815.840058059,-455502.3996515776,0.0
5756,541.0889,47.0,-6.0,2024-10-02 06:00:00,-0.12257133,0.1294366,4333815.840058059,-455502.3996515776,0.0
5936,643.5668,47.0,-6.0,2024-10-02 06:00:00,-0.11202793,0.10332994,4333815.840058059,-455502.3996515776,0.0
6116,763.3331,47.0,-6.0,2024-10-02 06:00:00,-0.09782058,0.074061036,4333815.840058059,-455502.3996515776,0.0
6296,902.3393,47.0,-6.0,2024-10-02 06:00:00,-0.09095971,0.0482541,4333815.840058059,-455502.3996515776,0.0
6,0.494025,46.66667,-6.25,2024-10-02 12:00:00,-0.117404014,0.18870592,4358653.3150161095,-477350.1729464703,0.0
186,1.541375,46.66667,-6.25,2024-10-02 12:00:00,-0.112993255,0.19156112,4358653.3150161095,-477350.1729464703,0.0
366,2.645669,46.66667,-6.25,2024-10-02 12:00:00,-0.10867529,0.19394477,4358653.3150161095,-477350.1729464703,0.0
546,3.819495,46.66667,-6.25,2024-10-02 12:00:00,-0.10425824,0.19582821,4358653.3150161095,-477350.1729464703,0.0
726,5.078224,46.66667,-6.25,2024-10-02 12:00:00,-0.09877663,0.19712198,4358653.3150161095,-477350.1729464703,0.0
906,6.440614,46.66667,-6.25,2024-10-02 12:00:00,-0.09436634,0.19196536,4358653.3150161095,-477350.1729464703,0.0
1086,7.92956,46.66667,-6.25,2024-10-02 12:00:00,-0.092117324,0.17639665,4358653.3150161095,-477350.1729464703,0.0
1266,9.572997,46.66667,-6.25,2024-10-02 12:00:00,-0.090575434,0.16463481,4358653.3150161095,-477350.1729464703,0.0
1446,11.405,46.66667,-6.25,2024-10-02 12:00:00,-0.08877256,0.164031,4358653.3150161095,-477350.1729464703,0.0
1626,13.46714,46.66667,-6.25,2024-10-02 12:00:00,-0.08573189,0.16133562,4358653.3150161095,-477350.1729464703,0.0
1806,15.81007,46.66667,-6.25,2024-10-02 12:00:00,-0.08170979,0.15271342,4358653.3150161095,-477350.1729464703,0.0
1986,18.49556,46.66667,-6.25,2024-10-02 12:00:00,-0.07815603,0.12163925,4358653.3150161095,-477350.1729464703,0.0
2166,21.59882,46.66667,-6.25,2024-10-02 12:00:00,-0.104842275,0.09324196,4358653.3150161095,-477350.1729464703,0.0
2346,25.21141,46.66667,-6.25,2024-10-02 12:00:00,-0.13077436,0.07667025,4358653.3150161095,-477350.1729464703,0.0
2526,29.44473,46.66667,-6.25,2024-10-02 12:00:00,-0.14881995,0.05841264,4358653.3150161095,-477350.1729464703,0.0
2706,34.43415,46.66667,-6.25,2024-10-02 12:00:00,-0.16612983,0.04430239,4358653.3150161095,-477350.1729464703,0.0
2886,40.34405,46.66667,-6.25,2024-10-02 12:00:00,-0.1698514,0.058302637,4358653.3150161095,-477350.1729464703,0.0
3066,47.37369,46.66667,-6.25,2024-10-02 12:00:00,-0.08847719,0.024575649,4358653.3150161095,-477350.1729464703,0.0
3246,55.76429,46.66667,-6.25,2024-10-02 12:00:00,-0.07789732,0.002771199,4358653.3150161095,-477350.1729464703,0.0
3426,65.80727,46.66667,-6.25,2024-10-02 12:00:00,-0.089413986,0.0007329802,4358653.3150161095,-477350.1729464703,0.0
3606,77.85385,46.66667,-6.25,2024-10-02 12:00:00,-0.08749821,0.00070123514,4358653.3150161095,-477350.1729464703,0.0
3786,92.32607,46.66667,-6.25,2024-10-02 12:00:00,-0.086694434,-0.005110631,4358653.3150161095,-477350.1729464703,0.0
3966,109.7293,46.66667,-6.25,2024-10-02 12:00:00,-0.09252284,-0.010153433,4358653.3150161095,-477350.1729464703,0.0
4146,130.666,46.66667,-6.25,2024-10-02 12:00:00,-0.09889984,-0.014379295,4358653.3150161095,-477350.1729464703,0.0
4326,155.8507,46.66667,-6.25,2024-10-02 12:00:00,-0.09108889,-0.0123074595,4358653.3150161095,-477350.1729464703,0.0
4506,186.1256,46.66667,-6.25,2024-10-02 12:00:00,-0.069404975,-0.006827392,4358653.3150161095,-477350.1729464703,0.0
4686,222.4752,46.66667,-6.25,2024-10-02 12:00:00,-0.056425463,0.005667072,4358653.3150161095,-477350.1729464703,0.0
4866,266.0403,46.66667,-6.25,2024-10-02 12:00:00,-0.045708753,0.010364234,4358653.3150161095,-477350.1729464703,0.0
5046,318.1274,46.66667,-6.25,2024-10-02 12:00:00,-0.032429293,0.02168437,4358653.3150161095,-477350.1729464703,0.0
5226,380.213,46.66667,-6.25,2024-10-02 12:00:00,-0.018790647,0.039429765,4358653.3150161095,-477350.1729464703,0.0
5406,453.9377,46.66667,-6.25,2024-10-02 12:00:00,-0.018093277,0.04277699,4358653.3150161095,-477350.1729464703,0.0
5586,541.0889,46.66667,-6.25,2024-10-02 12:00:00,-0.020446382,0.03453946,4358653.3150161095,-477350.1729464703,0.0
5766,643.5668,46.66667,-6.25,2024-10-02 12:00:00,-0.019797344,0.015562311,4358653.3150161095,-477350.1729464703,0.0
5946,763.3331,46.66667,-6.25,2024-10-02 12:00:00,-0.018772965,0.024674425,4358653.3150161095,-477350.1729464703,0.0
6126,902.3393,46.66667,-6.25,2024-10-02 12:00:00,0.027961735,0.06248773,4358653.3150161095,-477350.1729464703,0.0
15,0.494025,46.66667,-6.1666565,2024-10-02 12:00:00,-0.15795182,0.1194267,4359343.065935845,-471009.49203812674,0.0
195,1.541375,46.66667,-6.1666565,2024-10-02 12:00:00,-0.15324348,0.12255289,4359343.065935845,-471009.49203812674,0.0
375,2.645669,46.66667,-6.1666565,2024-10-02 12:00:00,-0.14848584,0.12540093,4359343.065935845,-471009.49203812674,0.0
555,3.819495,46.66667,-6.1666565,2024-10-02 12:00:00,-0.14381847,0.12791543,4359343.065935845,-471009.49203812674,0.0
735,5.078224,46.66667,-6.1666565,2024-10-02 12:00:00,-0.13933496,0.13014084,4359343.065935845,-471009.49203812674,0.0
915,6.440614,46.66667,-6.1666565,2024-10-02 12:00:00,-0.13510707,0.13220266,4359343.065935845,-471009.49203812674,0.0
1095,7.92956,46.66667,-6.1666565,2024-10-02 12:00:00,-0.13122414,0.1340732,4359343.065935845,-471009.49203812674,0.0
1275,9.572997,46.66667,-6.1666565,2024-10-02 12:00:00,-0.12772538,0.13585846,4359343.065935845,-471009.49203812674,0.0
1455,11.405,46.66667,-6.1666565,2024-10-02 12:00:00,-0.12490388,0.13807093,4359343.065935845,-471009.49203812674,0.0
1635,13.46714,46.66667,-6.1666565,2024-10-02 12:00:00,-0.12352012,0.1377765,4359343.065935845,-471009.49203812674,0.0
1815,15.81007,46.66667,-6.1666565,2024-10-02 12:00:00,-0.123066165,0.13674048,4359343.065935845,-471009.49203812674,0.0
1995,18.49556,46.66667,-6.1666565,2024-10-02 12:00:00,-0.123699,0.1280674,4359343.065935845,-471009.49203812674,0.0
2175,21.59882,46.66667,-6.1666565,2024-10-02 12:00:00,-0.12527288,0.120326415,4359343.065935845,-471009.49203812674,0.0
2355,25.21141,46.66667,-6.1666565,2024-10-02 12:00:00,-0.1275068,0.10850503,4359343.065935845,-471009.49203812674,0.0
2535,29.44473,46.66667,-6.1666565,2024-10-02 12:00:00,-0.1299247,0.09646745,4359343.065935845,-471009.49203812674,0.0
2715,34.43415,46.66667,-6.1666565,2024-10-02 12:00:00,-0.15550758,0.09554556,4359343.065935845,-471009.49203812674,0.0
2895,40.34405,46.66667,-6.1666565,2024-10-02 12:00:00,-0.15060605,0.10634179,4359343.065935845,-471009.49203812674,0.0
3075,47.37369,46.66667,-6.1666565,2024-10-02 12:00:00,-0.065633625,0.048585005,4359343.065935845,-471009.49203812674,0.0
3255,55.76429,46.66667,-6.1666565,2024-10-02 12:00:00,-0.09814862,0.0225337,4359343.065935845,-471009.49203812674,0.0
3435,65.80727,46.66667,-6.1666565,2024-10-02 12:00:00,-0.11739023,0.014916237,4359343.065935845,-471009.49203812674,0.0
3615,77.85385,46.66667,-6.1666565,2024-10-02 12:00:00,-0.121977076,0.015468504,4359343.065935845,-471009.49203812674,0.0
3795,92.32607,46.66667,-6.1666565,2024-10-02 12:00:00,-0.11866286,0.01616174,4359343.065935845,-471009.49203812674,0.0
3975,109.7293,46.66667,-6.1666565,2024-10-02 12:00:00,-0.10877173,0.022620378,4359343.065935845,-471009.49203812674,0.0
4155,130.666,46.66667,-6.1666565,2024-10-02 12:00:00,-0.10005056,0.026387013,4359343.065935845,-471009.49203812674,0.0
4335,155.8507,46.66667,-6.1666565,2024-10-02 12:00:00,-0.09174706,0.033507448,4359343.065935845,-471009.49203812674,0.0
4515,186.1256,46.66667,-6.1666565,2024-10-02 12:00:00,-0.06824213,0.04524475,4359343.065935845,-471009.49203812674,0.0
4695,222.4752,46.66667,-6.1666565,2024-10-02 12:00:00,-0.05431546,0.060570795,4359343.065935845,-471009.49203812674,0.0
4875,266.0403,46.66667,-6.1666565,2024-10-02 12:00:00,-0.041236836,0.067071974,4359343.065935845,-471009.49203812674,0.0
5055,318.1274,46.66667,-6.1666565,2024-10-02 12:00:00,-0.032140028,0.06550858,4359343.065935845,-471009.49203812674,0.0
5235,380.213,46.66667,-6.1666565,2024-10-02 12:00:00,-0.026212486,0.06467384,4359343.065935845,-471009.49203812674,0.0
5415,453.9377,46.66667,-6.1666565,2024-10-02 12:00:00,-0.026212852,0.0631998,4359343.065935845,-471009.49203812674,0.0
5595,541.0889,46.66667,-6.1666565,2024-10-02 12:00:00,-0.028064637,0.058881026,4359343.065935845,-471009.49203812674,0.0
5775,643.5668,46.66667,-6.1666565,2024-10-02 12:00:00,-0.016196616,0.047297113,4359343.065935845,-471009.49203812674,0.0
5955,763.3331,46.66667,-6.1666565,2024-10-02 12:00:00,-0.015761014,0.04443255,4359343.065935845,-471009.49203812674,0.0
6135,902.3393,46.66667,-6.1666565,2024-10-02 12:00:00,-0.0009692372,0.080912024,4359343.065935845,-471009.49203812674,0.0
24,0.494025,46.66667,-6.0833282,2024-10-02 12:00:00,-0.18298127,0.09290731,4360023.469108121,-464668.9756583009,0.0
204,1.541375,46.66667,-6.0833282,2024-10-02 12:00:00,-0.1781856,0.096100725,4360023.469108121,-464668.9756583009,0.0
384,2.645669,46.66667,-6.0833282,2024-10-02 12:00:00,-0.17324732,0.09901542,4360023.469108121,-464668.9756583009,0.0
564,3.819495,46.66667,-6.0833282,2024-10-02 12:00:00,-0.16833213,0.1015841,4360023.469108121,-464668.9756583009,0.0
744,5.078224,46.66667,-6.0833282,2024-10-02 12:00:00,-0.16347377,0.103824854,4360023.469108121,-464668.9756583009,0.0
924,6.440614,46.66667,-6.0833282,2024-10-02 12:00:00,-0.1586524,0.10579439,4360023.469108121,-464668.9756583009,0.0
1104,7.92956,46.66667,-6.0833282,2024-10-02 12:00:00,-0.15398258,0.10750869,4360023.469108121,-464668.9756583009,0.0
1284,9.572997,46.66667,-6.0833282,2024-10-02 12:00:00,-0.14978644,0.10894678,4360023.469108121,-464668.9756583009,0.0
1464,11.405,46.66667,-6.0833282,2024-10-02 12:00:00,-0.14643121,0.110094644,4360023.469108121,-464668.9756583009,0.0
1644,13.46714,46.66667,-6.0833282,2024-10-02 12:00:00,-0.14402838,0.1109744,4360023.469108121,-464668.9756583009,0.0
1824,15.81007,46.66667,-6.0833282,2024-10-02 12:00:00,-0.14233242,0.111646816,4360023.469108121,-464668.9756583009,0.0
2004,18.49556,46.66667,-6.0833282,2024-10-02 12:00:00,-0.14118591,0.112241715,4360023.469108121,-464668.9756583009,0.0
2184,21.59882,46.66667,-6.0833282,2024-10-02 12:00:00,-0.14034319,0.112938575,4360023.469108121,-464668.9756583009,0.0
2364,25.21141,46.66667,-6.0833282,2024-10-02 12:00:00,-0.13974603,0.113925874,4360023.469108121,-464668.9756583009,0.0
2544,29.44473,46.66667,-6.0833282,2024-10-02 12:00:00,-0.13931267,0.11504577,4360023.469108121,-464668.9756583009,0.0
2724,34.43415,46.66667,-6.0833282,2024-10-02 12:00:00,-0.13475336,0.1218346,4360023.469108121,-464668.9756583009,0.0
2904,40.34405,46.66667,-6.0833282,2024-10-02 12:00:00,-0.1369159,0.142679,4360023.469108121,-464668.9756583009,0.0
3084,47.37369,46.66667,-6.0833282,2024-10-02 12:00:00,-0.06041263,0.08241711,4360023.469108121,-464668.9756583009,0.0
3264,55.76429,46.66667,-6.0833282,2024-10-02 12:00:00,-0.11133973,0.062147826,4360023.469108121,-464668.9756583009,0.0
3444,65.80727,46.66667,-6.0833282,2024-10-02 12:00:00,-0.12948819,0.062701486,4360023.469108121,-464668.9756583009,0.0
3624,77.85385,46.66667,-6.0833282,2024-10-02 12:00:00,-0.1265784,0.06655507,4360023.469108121,-464668.9756583009,0.0
3804,92.32607,46.66667,-6.0833282,2024-10-02 12:00:00,-0.11983046,0.070374504,4360023.469108121,-464668.9756583009,0.0
3984,109.7293,46.66667,-6.0833282,2024-10-02 12:00:00,-0.110991955,0.07889774,4360023.469108121,-464668.9756583009,0.0
4164,130.666,46.66667,-6.0833282,2024-10-02 12:00:00,-0.10139088,0.08268805,4360023.469108121,-464668.9756583009,0.0
4344,155.8507,46.66667,-6.0833282,2024-10-02 12:00:00,-0.09196641,0.08197061,4360023.469108121,-464668.9756583009,0.0
4524,186.1256,46.66667,-6.0833282,2024-10-02 12:00:00,-0.07701378,0.078100905,4360023.469108121,-464668.9756583009,0.0
4704,222.4752,46.66667,-6.0833282,2024-10-02 12:00:00,-0.061290294,0.0731422,4360023.469108121,-464668.9756583009,0.0
4884,266.0403,46.66667,-6.0833282,2024-10-02 12:00:00,-0.059331812,0.06597934,4360023.469108121,-464668.9756583009,0.0
5064,318.1274,46.66667,-6.0833282,2024-10-02 12:00:00,-0.048230007,0.064517155,4360023.469108121,-464668.9756583009,0.0
5244,380.213,46.66667,-6.0833282,2024-10-02 12:00:00,-0.034039102,0.070829704,4360023.469108121,-464668.9756583009,0.0
5424,453.9377,46.66667,-6.0833282,2024-10-02 12:00:00,-0.02689455,0.06999074,4360023.469108121,-464668.9756583009,0.0
5604,541.0889,46.66667,-6.0833282,2024-10-02 12:00:00,-0.036684915,0.06863094,4360023.469108121,-464668.9756583009,0.0
5784,643.5668,46.66667,-6.0833282,2024-10-02 12:00:00,-0.020843059,0.07867709,4360023.469108121,-464668.9756583009,0.0
5964,763.3331,46.66667,-6.0833282,2024-10-02 12:00:00,-0.022668257,0.074261814,4360023.469108121,-464668.9756583009,0.0
6144,902.3393,46.66667,-6.0833282,2024-10-02 12:00:00,0.004751452,0.09232273,4360023.469108121,-464668.9756583009,0.0
33,0.494025,46.66667,-6.0,2024-10-02 12:00:00,-0.19792508,0.09099664,4360694.650219674,-458327.4764384654,0.0
213,1.541375,46.66667,-6.0,2024-10-02 12:00:00,-0.19318421,0.09424005,4360694.650219674,-458327.4764384654,0.0
393,2.645669,46.66667,-6.0,2024-10-02 12:00:00,-0.1883706,0.0971383,4360694.650219674,-458327.4764384654,0.0
573,3.819495,46.66667,-6.0,2024-10-02 12:00:00,-0.18363813,0.09964947,4360694.650219674,-458327.4764384654,0.0
753,5.078224,46.66667,-6.0,2024-10-02 12:00:00,-0.17895614,0.10179964,4360694.650219674,-458327.4764384654,0.0
933,6.440614,46.66667,-6.0,2024-10-02 12:00:00,-0.17421941,0.10363999,4360694.650219674,-458327.4764384654,0.0
1113,7.92956,46.66667,-6.0,2024-10-02 12:00:00,-0.16938332,0.10518207,4360694.650219674,-458327.4764384654,0.0
1293,9.572997,46.66667,-6.0,2024-10-02 12:00:00,-0.16451761,0.10640923,4360694.650219674,-458327.4764384654,0.0
1473,11.405,46.66667,-6.0,2024-10-02 12:00:00,-0.15978123,0.10729805,4360694.650219674,-458327.4764384654,0.0
1653,13.46714,46.66667,-6.0,2024-10-02 12:00:00,-0.15538718,0.10782809,4360694.650219674,-458327.4764384654,0.0
1833,15.81007,46.66667,-6.0,2024-10-02 12:00:00,-0.15227789,0.1080798,4360694.650219674,-458327.4764384654,0.0
2013,18.49556,46.66667,-6.0,2024-10-02 12:00:00,-0.15094545,0.108231805,4360694.650219674,-458327.4764384654,0.0
2193,21.59882,46.66667,-6.0,2024-10-02 12:00:00,-0.1506437,0.10835728,4360694.650219674,-458327.4764384654,0.0
2373,25.21141,46.66667,-6.0,2024-10-02 12:00:00,-0.15064587,0.10845805,4360694.650219674,-458327.4764384654,0.0
2553,29.44473,46.66667,-6.0,2024-10-02 12:00:00,-0.15072727,0.10853873,4360694.650219674,-458327.4764384654,0.0
2733,34.43415,46.66667,-6.0,2024-10-02 12:00:00,-0.14704281,0.11199449,4360694.650219674,-458327.4764384654,0.0
2913,40.34405,46.66667,-6.0,2024-10-02 12:00:00,-0.1635642,0.13107498,4360694.650219674,-458327.4764384654,0.0
3093,47.37369,46.66667,-6.0,2024-10-02 12:00:00,-0.08685458,0.101772174,4360694.650219674,-458327.4764384654,0.0
3273,55.76429,46.66667,-6.0,2024-10-02 12:00:00,-0.10990893,0.09818145,4360694.650219674,-458327.4764384654,0.0
3453,65.80727,46.66667,-6.0,2024-10-02 12:00:00,-0.11711203,0.10830023,4360694.650219674,-458327.4764384654,0.0
3633,77.85385,46.66667,-6.0,2024-10-02 12:00:00,-0.11861837,0.114611685,4360694.650219674,-458327.4764384654,0.0
3813,92.32607,46.66667,-6.0,2024-10-02 12:00:00,-0.118510716,0.114390016,4360694.650219674,-458327.4764384654,0.0
3993,109.7293,46.66667,-6.0,2024-10-02 12:00:00,-0.11481576,0.114037566,4360694.650219674,-458327.4764384654,0.0
4173,130.666,46.66667,-6.0,2024-10-02 12:00:00,-0.103760205,0.11382357,4360694.650219674,-458327.4764384654,0.0
4353,155.8507,46.66667,-6.0,2024-10-02 12:00:00,-0.08804068,0.10309624,4360694.650219674,-458327.4764384654,0.0
4533,186.1256,46.66667,-6.0,2024-10-02 12:00:00,-0.076969065,0.09028848,4360694.650219674,-458327.4764384654,0.0
4713,222.4752,46.66667,-6.0,2024-10-02 12:00:00,-0.050087083,0.08667848,4360694.650219674,-458327.4764384654,0.0
4893,266.0403,46.66667,-6.0,2024-10-02 12:00:00,-0.040951923,0.079344496,4360694.650219674,-458327.4764384654,0.0
5073,318.1274,46.66667,-6.0,2024-10-02 12:00:00,-0.03453278,0.07906012,4360694.650219674,-458327.4764384654,0.0
5253,380.213,46.66667,-6.0,2024-10-02 12:00:00,-0.029294603,0.07726671,4360694.650219674,-458327.4764384654,0.0
5433,453.9377,46.66667,-6.0,2024-10-02 12:00:00,-0.030163288,0.07357551,4360694.650219674,-458327.4764384654,0.0
5613,541.0889,46.66667,-6.0,2024-10-02 12:00:00,-0.037415523,0.077451035,4360694.650219674,-458327.4764384654,0.0
5793,643.5668,46.66667,-6.0,2024-10-02 12:00:00,-0.03694703,0.09124934,4360694.650219674,-458327.4764384654,0.0
5973,763.3331,46.66667,-6.0,2024-10-02 12:00:00,-0.032972228,0.08574838,4360694.650219674,-458327.4764384654,0.0
6153,902.3393,46.66667,-6.0,2024-10-02 12:00:00,-0.012635723,0.07680486,4360694.650219674,-458327.4764384654,0.0
42,0.494025,46.75,-6.25,2024-10-02 12:00:00,-0.085617706,0.24847896,4351950.96357759,-476616.1460837916,0.0
222,1.541375,46.75,-6.25,2024-10-02 12:00:00,-0.08092952,0.2512115,4351950.96357759,-476616.1460837916,0.0
402,2.645669,46.75,-6.25,2024-10-02 12:00:00,-0.07623632,0.25333118,4351950.96357759,-476616.1460837916,0.0
582,3.819495,46.75,-6.25,2024-10-02 12:00:00,-0.07074377,0.25496185,4351950.96357759,-476616.1460837916,0.0
762,5.078224,46.75,-6.25,2024-10-02 12:00:00,-0.0576581,0.25529578,4351950.96357759,-476616.1460837916,0.0
942,6.440614,46.75,-6.25,2024-10-02 12:00:00,-0.040126074,0.23869069,4351950.96357759,-476616.1460837916,0.0
1122,7.92956,46.75,-6.25,2024-10-02 12:00:00,-0.028047979,0.20709732,4351950.96357759,-476616.1460837916,0.0
1302,9.572997,46.75,-6.25,2024-10-02 12:00:00,-0.043183036,0.17860356,4351950.96357759,-476616.1460837916,0.0
1482,11.405,46.75,-6.25,2024-10-02 12:00:00,-0.061451145,0.16947149,4351950.96357759,-476616.1460837916,0.0
1662,13.46714,46.75,-6.25,2024-10-02 12:00:00,-0.06838174,0.16597053,4351950.96357759,-476616.1460837916,0.0
1842,15.81007,46.75,-6.25,2024-10-02 12:00:00,-0.06344597,0.16229613,4351950.96357759,-476616.1460837916,0.0
2022,18.49556,46.75,-6.25,2024-10-02 12:00:00,-0.057036772,0.13243046,4351950.96357759,-476616.1460837916,0.0
2202,21.59882,46.75,-6.25,2024-10-02 12:00:00,-0.082355775,0.107763775,4351950.96357759,-476616.1460837916,0.0
2382,25.21141,46.75,-6.25,2024-10-02 12:00:00,-0.10857661,0.09778883,4351950.96357759,-476616.1460837916,0.0
2562,29.44473,46.75,-6.25,2024-10-02 12:00:00,-0.12417315,0.08735978,4351950.96357759,-476616.1460837916,0.0
2742,34.43415,46.75,-6.25,2024-10-02 12:00:00,-0.13623734,0.07384821,4351950.96357759,-476616.1460837916,0.0
2922,40.34405,46.75,-6.25,2024-10-02 12:00:00,-0.1313773,0.09473271,4351950.96357759,-476616.1460837916,0.0
3102,47.37369,46.75,-6.25,2024-10-02 12:00:00,-0.07801068,0.06397834,4351950.96357759,-476616.1460837916,0.0
3282,55.76429,46.75,-6.25,2024-10-02 12:00:00,-0.054935906,0.040766105,4351950.96357759,-476616.1460837916,0.0
3462,65.80727,46.75,-6.25,2024-10-02 12:00:00,-0.04917935,0.048231836,4351950.96357759,-476616.1460837916,0.0
3642,77.85385,46.75,-6.25,2024-10-02 12:00:00,-0.047695052,0.056837283,4351950.96357759,-476616.1460837916,0.0
3822,92.32607,46.75,-6.25,2024-10-02 12:00:00,-0.045167588,0.06345236,4351950.96357759,-476616.1460837916,0.0
4002,109.7293,46.75,-6.25,2024-10-02 12:00:00,-0.046787977,0.060353797,4351950.96357759,-476616.1460837916,0.0
4182,130.666,46.75,-6.25,2024-10-02 12:00:00,-0.049129702,0.048156723,4351950.96357759,-476616.1460837916,0.0
4362,155.8507,46.75,-6.25,2024-10-02 12:00:00,-0.04634384,0.02458394,4351950.96357759,-476616.1460837916,0.0
4542,186.1256,46.75,-6.25,2024-10-02 12:00:00,-0.047795583,0.0047317473,4351950.96357759,-476616.1460837916,0.0
4722,222.4752,46.75,-6.25,2024-10-02 12:00:00,-0.055936467,-0.011729779,4351950.96357759,-476616.1460837916,0.0
4902,266.0403,46.75,-6.25,2024-10-02 12:00:00,-0.048212077,-0.019410271,4351950.96357759,-476616.1460837916,0.0
5082,318.1274,46.75,-6.25,2024-10-02 12:00:00,-0.03511579,-0.0061255423,4351950.96357759,-476616.1460837916,0.0
5262,380.213,46.75,-6.25,2024-10-02 12:00:00,-0.024684457,0.043600578,4351950.96357759,-476616.1460837916,0.0
5442,453.9377,46.75,-6.25,2024-10-02 12:00:00,-0.018959966,0.06408843,4351950.96357759,-476616.1460837916,0.0
5622,541.0889,46.75,-6.25,2024-10-02 12:00:00,-0.023631485,0.04750767,4351950.96357759,-476616.1460837916,0.0
5802,643.5668,46.75,-6.25,2024-10-02 12:00:00,-0.008460907,0.037482224,4351950.96357759,-476616.1460837916,0.0
5982,763.3331,46.75,-6.25,2024-10-02 12:00:00,-0.008417076,0.037309807,4351950.96357759,-476616.1460837916,0.0
6162,902.3393,46.75,-6.25,2024-10-02 12:00:00,-0.012728776,0.04873573,4351950.96357759,-476616.1460837916,0.0
51,0.494025,46.75,-6.1666565,2024-10-02 12:00:00,-0.11745941,0.20176901,4352639.653859386,-470285.21531356085,0.0
231,1.541375,46.75,-6.1666565,2024-10-02 12:00:00,-0.11253749,0.20468992,4352639.653859386,-470285.21531356085,0.0
411,2.645669,46.75,-6.1666565,2024-10-02 12:00:00,-0.10756106,0.20709026,4352639.653859386,-470285.21531356085,0.0
591,3.819495,46.75,-6.1666565,2024-10-02 12:00:00,-0.10234131,0.20900358,4352639.653859386,-470285.21531356085,0.0
771,5.078224,46.75,-6.1666565,2024-10-02 12:00:00,-0.0958544,0.21037436,4352639.653859386,-470285.21531356085,0.0
951,6.440614,46.75,-6.1666565,2024-10-02 12:00:00,-0.088936605,0.2103662,4352639.653859386,-470285.21531356085,0.0
1131,7.92956,46.75,-6.1666565,2024-10-02 12:00:00,-0.083391264,0.20391952,4352639.653859386,-470285.21531356085,0.0
1311,9.572997,46.75,-6.1666565,2024-10-02 12:00:00,-0.08068664,0.19570012,4352639.653859386,-470285.21531356085,0.0
1491,11.405,46.75,-6.1666565,2024-10-02 12:00:00,-0.0793736,0.19471766,4352639.653859386,-470285.21531356085,0.0
1671,13.46714,46.75,-6.1666565,2024-10-02 12:00:00,-0.07945396,0.19167674,4352639.653859386,-470285.21531356085,0.0
1851,15.81007,46.75,-6.1666565,2024-10-02 12:00:00,-0.07781144,0.18235654,4352639.653859386,-470285.21531356085,0.0
2031,18.49556,46.75,-6.1666565,2024-10-02 12:00:00,-0.08496076,0.15084621,4352639.653859386,-470285.21531356085,0.0
2211,21.59882,46.75,-6.1666565,2024-10-02 12:00:00,-0.10032844,0.12923366,4352639.653859386,-470285.21531356085,0.0
2391,25.21141,46.75,-6.1666565,2024-10-02 12:00:00,-0.12320528,0.11738152,4352639.653859386,-470285.21531356085,0.0
2571,29.44473,46.75,-6.1666565,2024-10-02 12:00:00,-0.13322806,0.101790786,4352639.653859386,-470285.21531356085,0.0
2751,34.43415,46.75,-6.1666565,2024-10-02 12:00:00,-0.14420515,0.087808,4352639.653859386,-470285.21531356085,0.0
2931,40.34405,46.75,-6.1666565,2024-10-02 12:00:00,-0.1543174,0.1092403,4352639.653859386,-470285.21531356085,0.0
3111,47.37369,46.75,-6.1666565,2024-10-02 12:00:00,-0.060901433,0.06488869,4352639.653859386,-470285.21531356085,0.0
3291,55.76429,46.75,-6.1666565,2024-10-02 12:00:00,-0.06657213,0.03934285,4352639.653859386,-470285.21531356085,0.0
3471,65.80727,46.75,-6.1666565,2024-10-02 12:00:00,-0.08001398,0.042026624,4352639.653859386,-470285.21531356085,0.0
3651,77.85385,46.75,-6.1666565,2024-10-02 12:00:00,-0.07936283,0.047218673,4352639.653859386,-470285.21531356085,0.0
3831,92.32607,46.75,-6.1666565,2024-10-02 12:00:00,-0.07542231,0.049452,4352639.653859386,-470285.21531356085,0.0
4011,109.7293,46.75,-6.1666565,2024-10-02 12:00:00,-0.07504887,0.048303414,4352639.653859386,-470285.21531356085,0.0
4191,130.666,46.75,-6.1666565,2024-10-02 12:00:00,-0.0720702,0.04060839,4352639.653859386,-470285.21531356085,0.0
4371,155.8507,46.75,-6.1666565,2024-10-02 12:00:00,-0.06344438,0.032324523,4352639.653859386,-470285.21531356085,0.0
4551,186.1256,46.75,-6.1666565,2024-10-02 12:00:00,-0.054477762,0.038728084,4352639.653859386,-470285.21531356085,0.0
4731,222.4752,46.75,-6.1666565,2024-10-02 12:00:00,-0.04555711,0.047089472,4352639.653859386,-470285.21531356085,0.0
4911,266.0403,46.75,-6.1666565,2024-10-02 12:00:00,-0.0394069,0.060147807,4352639.653859386,-470285.21531356085,0.0
5091,318.1274,46.75,-6.1666565,2024-10-02 12:00:00,-0.028836153,0.072333746,4352639.653859386,-470285.21531356085,0.0
5271,380.213,46.75,-6.1666565,2024-10-02 12:00:00,-0.03181184,0.083537914,4352639.653859386,-470285.21531356085,0.0
5451,453.9377,46.75,-6.1666565,2024-10-02 12:00:00,-0.037244163,0.082558855,4352639.653859386,-470285.21531356085,0.0
5631,541.0889,46.75,-6.1666565,2024-10-02 12:00:00,-0.03681896,0.08226565,4352639.653859386,-470285.21531356085,0.0
5811,643.5668,46.75,-6.1666565,2024-10-02 12:00:00,-0.02434137,0.066696584,4352639.653859386,-470285.21531356085,0.0
5991,763.3331,46.75,-6.1666565,2024-10-02 12:00:00,-0.032263987,0.060045656,4352639.653859386,-470285.21531356085,0.0
6171,902.3393,46.75,-6.1666565,2024-10-02 12:00:00,-0.035206027,0.09457361,4352639.653859386,-470285.21531356085,0.0
60,0.494025,46.75,-6.0833282,2024-10-02 12:00:00,-0.15988508,0.13188055,4353319.010767862,-463954.44881885045,0.0
240,1.541375,46.75,-6.0833282,2024-10-02 12:00:00,-0.15471236,0.13499023,4353319.010767862,-463954.44881885045,0.0
420,2.645669,46.75,-6.0833282,2024-10-02 12:00:00,-0.14938715,0.13767251,4353319.010767862,-463954.44881885045,0.0
600,3.819495,46.75,-6.0833282,2024-10-02 12:00:00,-0.14409615,0.13983275,4353319.010767862,-463954.44881885045,0.0
780,5.078224,46.75,-6.0833282,2024-10-02 12:00:00,-0.13886747,0.1414783,4353319.010767862,-463954.44881885045,0.0
960,6.440614,46.75,-6.0833282,2024-10-02 12:00:00,-0.13385472,0.1426418,4353319.010767862,-463954.44881885045,0.0
1140,7.92956,46.75,-6.0833282,2024-10-02 12:00:00,-0.1291622,0.14335278,4353319.010767862,-463954.44881885045,0.0
1320,9.572997,46.75,-6.0833282,2024-10-02 12:00:00,-0.12504748,0.14355625,4353319.010767862,-463954.44881885045,0.0
1500,11.405,46.75,-6.0833282,2024-10-02 12:00:00,-0.12215778,0.14330202,4353319.010767862,-463954.44881885045,0.0
1680,13.46714,46.75,-6.0833282,2024-10-02 12:00:00,-0.12049598,0.1428325,4353319.010767862,-463954.44881885045,0.0
1860,15.81007,46.75,-6.0833282,2024-10-02 12:00:00,-0.119348586,0.14223522,4353319.010767862,-463954.44881885045,0.0
2040,18.49556,46.75,-6.0833282,2024-10-02 12:00:00,-0.11954737,0.14149159,4353319.010767862,-463954.44881885045,0.0
2220,21.59882,46.75,-6.0833282,2024-10-02 12:00:00,-0.12085027,0.13983893,4353319.010767862,-463954.44881885045,0.0
2400,25.21141,46.75,-6.0833282,2024-10-02 12:00:00,-0.12400225,0.12523721,4353319.010767862,-463954.44881885045,0.0
2580,29.44473,46.75,-6.0833282,2024-10-02 12:00:00,-0.12576747,0.11495961,4353319.010767862,-463954.44881885045,0.0
2760,34.43415,46.75,-6.0833282,2024-10-02 12:00:00,-0.13698563,0.11255632,4353319.010767862,-463954.44881885045,0.0
2940,40.34405,46.75,-6.0833282,2024-10-02 12:00:00,-0.15508719,0.13017544,4353319.010767862,-463954.44881885045,0.0
3120,47.37369,46.75,-6.0833282,2024-10-02 12:00:00,-0.04620013,0.08598779,4353319.010767862,-463954.44881885045,0.0
3300,55.76429,46.75,-6.0833282,2024-10-02 12:00:00,-0.069852404,0.054028906,4353319.010767862,-463954.44881885045,0.0
3480,65.80727,46.75,-6.0833282,2024-10-02 12:00:00,-0.09122785,0.05243281,4353319.010767862,-463954.44881885045,0.0
3660,77.85385,46.75,-6.0833282,2024-10-02 12:00:00,-0.09048642,0.061964363,4353319.010767862,-463954.44881885045,0.0
3840,92.32607,46.75,-6.0833282,2024-10-02 12:00:00,-0.0841568,0.07328025,4353319.010767862,-463954.44881885045,0.0
4020,109.7293,46.75,-6.0833282,2024-10-02 12:00:00,-0.08098745,0.08260539,4353319.010767862,-463954.44881885045,0.0
4200,130.666,46.75,-6.0833282,2024-10-02 12:00:00,-0.074659176,0.08818694,4353319.010767862,-463954.44881885045,0.0
4380,155.8507,46.75,-6.0833282,2024-10-02 12:00:00,-0.062052265,0.09200812,4353319.010767862,-463954.44881885045,0.0
4560,186.1256,46.75,-6.0833282,2024-10-02 12:00:00,-0.059812192,0.09879061,4353319.010767862,-463954.44881885045,0.0
4740,222.4752,46.75,-6.0833282,2024-10-02 12:00:00,-0.05788699,0.09982004,4353319.010767862,-463954.44881885045,0.0
4920,266.0403,46.75,-6.0833282,2024-10-02 12:00:00,-0.06283421,0.099096246,4353319.010767862,-463954.44881885045,0.0
5100,318.1274,46.75,-6.0833282,2024-10-02 12:00:00,-0.0656031,0.08889111,4353319.010767862,-463954.44881885045,0.0
5280,380.213,46.75,-6.0833282,2024-10-02 12:00:00,-0.05419184,0.0843082,4353319.010767862,-463954.44881885045,0.0
5460,453.9377,46.75,-6.0833282,2024-10-02 12:00:00,-0.053858753,0.08312443,4353319.010767862,-463954.44881885045,0.0
5640,541.0889,46.75,-6.0833282,2024-10-02 12:00:00,-0.058652047,0.08293604,4353319.010767862,-463954.44881885045,0.0
5820,643.5668,46.75,-6.0833282,2024-10-02 12:00:00,-0.044331525,0.095069304,4353319.010767862,-463954.44881885045,0.0
6000,763.3331,46.75,-6.0833282,2024-10-02 12:00:00,-0.057432503,0.08819529,4353319.010767862,-463954.44881885045,0.0
6180,902.3393,46.75,-6.0833282,2024-10-02 12:00:00,-0.04834737,0.10605452,4353319.010767862,-463954.44881885045,0.0
69,0.494025,46.75,-6.0,2024-10-02 12:00:00,-0.19479407,0.10379225,4353989.159796485,-457622.70099545474,0.0
249,1.541375,46.75,-6.0,2024-10-02 12:00:00,-0.18958297,0.107073314,4353989.159796485,-457622.70099545474,0.0
429,2.645669,46.75,-6.0,2024-10-02 12:00:00,-0.18419452,0.109999016,4353989.159796485,-457622.70099545474,0.0
609,3.819495,46.75,-6.0,2024-10-02 12:00:00,-0.17878813,0.11250029,4353989.159796485,-457622.70099545474,0.0
789,5.078224,46.75,-6.0,2024-10-02 12:00:00,-0.17344022,0.11459111,4353989.159796485,-457622.70099545474,0.0
969,6.440614,46.75,-6.0,2024-10-02 12:00:00,-0.16826947,0.116281345,4353989.159796485,-457622.70099545474,0.0
1149,7.92956,46.75,-6.0,2024-10-02 12:00:00,-0.16342533,0.11758484,4353989.159796485,-457622.70099545474,0.0
1329,9.572997,46.75,-6.0,2024-10-02 12:00:00,-0.15911458,0.118541725,4353989.159796485,-457622.70099545474,0.0
1509,11.405,46.75,-6.0,2024-10-02 12:00:00,-0.15559195,0.11922643,4353989.159796485,-457622.70099545474,0.0
1689,13.46714,46.75,-6.0,2024-10-02 12:00:00,-0.15288039,0.119744144,4353989.159796485,-457622.70099545474,0.0
1869,15.81007,46.75,-6.0,2024-10-02 12:00:00,-0.15090972,0.12019381,4353989.159796485,-457622.70099545474,0.0
2049,18.49556,46.75,-6.0,2024-10-02 12:00:00,-0.14956032,0.12066239,4353989.159796485,-457622.70099545474,0.0
2229,21.59882,46.75,-6.0,2024-10-02 12:00:00,-0.14859977,0.12111056,4353989.159796485,-457622.70099545474,0.0
2409,25.21141,46.75,-6.0,2024-10-02 12:00:00,-0.1478946,0.12152736,4353989.159796485,-457622.70099545474,0.0
2589,29.44473,46.75,-6.0,2024-10-02 12:00:00,-0.14729169,0.12196808,4353989.159796485,-457622.70099545474,0.0
2769,34.43415,46.75,-6.0,2024-10-02 12:00:00,-0.13728775,0.127638,4353989.159796485,-457622.70099545474,0.0
2949,40.34405,46.75,-6.0,2024-10-02 12:00:00,-0.150056,0.14383498,4353989.159796485,-457622.70099545474,0.0
3129,47.37369,46.75,-6.0,2024-10-02 12:00:00,-0.055841178,0.107280225,4353989.159796485,-457622.70099545474,0.0
3309,55.76429,46.75,-6.0,2024-10-02 12:00:00,-0.07380275,0.07865792,4353989.159796485,-457622.70099545474,0.0
3489,65.80727,46.75,-6.0,2024-10-02 12:00:00,-0.090172544,0.086390585,4353989.159796485,-457622.70099545474,0.0
3669,77.85385,46.75,-6.0,2024-10-02 12:00:00,-0.08953964,0.10160338,4353989.159796485,-457622.70099545474,0.0
3849,92.32607,46.75,-6.0,2024-10-02 12:00:00,-0.08720286,0.1156221,4353989.159796485,-457622.70099545474,0.0
4029,109.7293,46.75,-6.0,2024-10-02 12:00:00,-0.08579808,0.12519006,4353989.159796485,-457622.70099545474,0.0
4209,130.666,46.75,-6.0,2024-10-02 12:00:00,-0.083394855,0.1279178,4353989.159796485,-457622.70099545474,0.0
4389,155.8507,46.75,-6.0,2024-10-02 12:00:00,-0.07566988,0.12013227,4353989.159796485,-457622.70099545474,0.0
4569,186.1256,46.75,-6.0,2024-10-02 12:00:00,-0.075261615,0.10201119,4353989.159796485,-457622.70099545474,0.0
4749,222.4752,46.75,-6.0,2024-10-02 12:00:00,-0.073975734,0.09408166,4353989.159796485,-457622.70099545474,0.0
4929,266.0403,46.75,-6.0,2024-10-02 12:00:00,-0.074190676,0.076458685,4353989.159796485,-457622.70099545474,0.0
5109,318.1274,46.75,-6.0,2024-10-02 12:00:00,-0.06569278,0.067167126,4353989.159796485,-457622.70099545474,0.0
5289,380.213,46.75,-6.0,2024-10-02 12:00:00,-0.06753978,0.08067872,4353989.159796485,-457622.70099545474,0.0
5469,453.9377,46.75,-6.0,2024-10-02 12:00:00,-0.068155,0.077333175,4353989.159796485,-457622.70099545474,0.0
5649,541.0889,46.75,-6.0,2024-10-02 12:00:00,-0.063900806,0.075444825,4353989.159796485,-457622.70099545474,0.0
5829,643.5668,46.75,-6.0,2024-10-02 12:00:00,-0.055513244,0.096439674,4353989.159796485,-457622.70099545474,0.0
6009,763.3331,46.75,-6.0,2024-10-02 12:00:00,-0.067180954,0.09467402,4353989.159796485,-457622.70099545474,0.0
6189,902.3393,46.75,-6.0,2024-10-02 12:00:00,-0.06456496,0.10395361,4353989.159796485,-457622.70099545474,0.0
78,0.494025,46.833336,-6.25,2024-10-02 12:00:00,-0.098652594,0.21940021,4345238.723142079,-475881.0361998027,0.0
258,1.541375,46.833336,-6.25,2024-10-02 12:00:00,-0.09365813,0.22219689,4345238.723142079,-475881.0361998027,0.0
438,2.645669,46.833336,-6.25,2024-10-02 12:00:00,-0.0886035,0.224401,4345238.723142079,-475881.0361998027,0.0
618,3.819495,46.833336,-6.25,2024-10-02 12:00:00,-0.081984766,0.22647952,4345238.723142079,-475881.0361998027,0.0
798,5.078224,46.833336,-6.25,2024-10-02 12:00:00,-0.061805554,0.2273311,4345238.723142079,-475881.0361998027,0.0
978,6.440614,46.833336,-6.25,2024-10-02 12:00:00,-0.035738457,0.21264204,4345238.723142079,-475881.0361998027,0.0
1158,7.92956,46.833336,-6.25,2024-10-02 12:00:00,-0.028090939,0.18710779,4345238.723142079,-475881.0361998027,0.0
1338,9.572997,46.833336,-6.25,2024-10-02 12:00:00,-0.044967767,0.16305257,4345238.723142079,-475881.0361998027,0.0
1518,11.405,46.833336,-6.25,2024-10-02 12:00:00,-0.07021453,0.16356368,4345238.723142079,-475881.0361998027,0.0
1698,13.46714,46.833336,-6.25,2024-10-02 12:00:00,-0.073663004,0.17433277,4345238.723142079,-475881.0361998027,0.0
1878,15.81007,46.833336,-6.25,2024-10-02 12:00:00,-0.05799993,0.17000797,4345238.723142079,-475881.0361998027,0.0
2058,18.49556,46.833336,-6.25,2024-10-02 12:00:00,-0.0477184,0.1486781,4345238.723142079,-475881.0361998027,0.0
2238,21.59882,46.833336,-6.25,2024-10-02 12:00:00,-0.07210576,0.12879716,4345238.723142079,-475881.0361998027,0.0
2418,25.21141,46.833336,-6.25,2024-10-02 12:00:00,-0.0964607,0.123858474,4345238.723142079,-475881.0361998027,0.0
2598,29.44473,46.833336,-6.25,2024-10-02 12:00:00,-0.10644088,0.12530279,4345238.723142079,-475881.0361998027,0.0
2778,34.43415,46.833336,-6.25,2024-10-02 12:00:00,-0.110834084,0.12434411,4345238.723142079,-475881.0361998027,0.0
2958,40.34405,46.833336,-6.25,2024-10-02 12:00:00,-0.095912516,0.13254452,4345238.723142079,-475881.0361998027,0.0
3138,47.37369,46.833336,-6.25,2024-10-02 12:00:00,-0.05825001,0.104400724,4345238.723142079,-475881.0361998027,0.0
3318,55.76429,46.833336,-6.25,2024-10-02 12:00:00,-0.038207065,0.057810664,4345238.723142079,-475881.0361998027,0.0
3498,65.80727,46.833336,-6.25,2024-10-02 12:00:00,-0.05160997,0.0733079,4345238.723142079,-475881.0361998027,0.0
3678,77.85385,46.833336,-6.25,2024-10-02 12:00:00,-0.050696656,0.09423299,4345238.723142079,-475881.0361998027,0.0
3858,92.32607,46.833336,-6.25,2024-10-02 12:00:00,-0.044582974,0.10585634,4345238.723142079,-475881.0361998027,0.0
4038,109.7293,46.833336,-6.25,2024-10-02 12:00:00,-0.03950078,0.103508875,4345238.723142079,-475881.0361998027,0.0
4218,130.666,46.833336,-6.25,2024-10-02 12:00:00,-0.034360163,0.09232097,4345238.723142079,-475881.0361998027,0.0
4398,155.8507,46.833336,-6.25,2024-10-02 12:00:00,-0.027323777,0.066541865,4345238.723142079,-475881.0361998027,0.0
4578,186.1256,46.833336,-6.25,2024-10-02 12:00:00,-0.026427258,0.03865102,4345238.723142079,-475881.0361998027,0.0
4758,222.4752,46.833336,-6.25,2024-10-02 12:00:00,-0.018253664,0.00907415,4345238.723142079,-475881.0361998027,0.0
4938,266.0403,46.833336,-6.25,2024-10-02 12:00:00,-0.015276071,-0.0077847503,4345238.723142079,-475881.0361998027,0.0
5118,318.1274,46.833336,-6.25,2024-10-02 12:00:00,-0.015886718,0.002530918,4345238.723142079,-475881.0361998027,0.0
5298,380.213,46.833336,-6.25,2024-10-02 12:00:00,-0.020122947,0.040151842,4345238.723142079,-475881.0361998027,0.0
5478,453.9377,46.833336,-6.25,2024-10-02 12:00:00,-0.031643227,0.06766966,4345238.723142079,-475881.0361998027,0.0
5658,541.0889,46.833336,-6.25,2024-10-02 12:00:00,-0.028198592,0.070853785,4345238.723142079,-475881.0361998027,0.0
5838,643.5668,46.833336,-6.25,2024-10-02 12:00:00,-0.035530407,0.0646646,4345238.723142079,-475881.0361998027,0.0
6018,763.3331,46.833336,-6.25,2024-10-02 12:00:00,-0.036502723,0.056252234,4345238.723142079,-475881.0361998027,0.0
6198,902.3393,46.833336,-6.25,2024-10-02 12:00:00,-0.072367914,0.07206523,4345238.723142079,-475881.0361998027,0.0
87,0.494025,46.833336,-6.1666565,2024-10-02 12:00:00,-0.10563403,0.25384405,4345926.351221016,-469559.8699535443,0.0
267,1.541375,46.833336,-6.1666565,2024-10-02 12:00:00,-0.10056544,0.25680345,4345926.351221016,-469559.8699535443,0.0
447,2.645669,46.833336,-6.1666565,2024-10-02 12:00:00,-0.09546397,0.25917223,4345926.351221016,-469559.8699535443,0.0
627,3.819495,46.833336,-6.1666565,2024-10-02 12:00:00,-0.08961067,0.26120076,4345926.351221016,-469559.8699535443,0.0
807,5.078224,46.833336,-6.1666565,2024-10-02 12:00:00,-0.07840851,0.26342872,4345926.351221016,-469559.8699535443,0.0
987,6.440614,46.833336,-6.1666565,2024-10-02 12:00:00,-0.06394607,0.25517642,4345926.351221016,-469559.8699535443,0.0
1167,7.92956,46.833336,-6.1666565,2024-10-02 12:00:00,-0.053710517,0.23301668,4345926.351221016,-469559.8699535443,0.0
1347,9.572997,46.833336,-6.1666565,2024-10-02 12:00:00,-0.053743064,0.21081387,4345926.351221016,-469559.8699535443,0.0
1527,11.405,46.833336,-6.1666565,2024-10-02 12:00:00,-0.061961252,0.2048219,4345926.351221016,-469559.8699535443,0.0
1707,13.46714,46.833336,-6.1666565,2024-10-02 12:00:00,-0.062218875,0.20564462,4345926.351221016,-469559.8699535443,0.0
1887,15.81007,46.833336,-6.1666565,2024-10-02 12:00:00,-0.053597324,0.19331938,4345926.351221016,-469559.8699535443,0.0
2067,18.49556,46.833336,-6.1666565,2024-10-02 12:00:00,-0.065030746,0.1654156,4345926.351221016,-469559.8699535443,0.0
2247,21.59882,46.833336,-6.1666565,2024-10-02 12:00:00,-0.09246985,0.14968526,4345926.351221016,-469559.8699535443,0.0
2427,25.21141,46.833336,-6.1666565,2024-10-02 12:00:00,-0.107124895,0.14576104,4345926.351221016,-469559.8699535443,0.0
2607,29.44473,46.833336,-6.1666565,2024-10-02 12:00:00,-0.11229538,0.13648735,4345926.351221016,-469559.8699535443,0.0
2787,34.43415,46.833336,-6.1666565,2024-10-02 12:00:00,-0.12083985,0.1249807,4345926.351221016,-469559.8699535443,0.0
2967,40.34405,46.833336,-6.1666565,2024-10-02 12:00:00,-0.118509345,0.14269468,4345926.351221016,-469559.8699535443,0.0
3147,47.37369,46.833336,-6.1666565,2024-10-02 12:00:00,-0.04302302,0.08715318,4345926.351221016,-469559.8699535443,0.0
3327,55.76429,46.833336,-6.1666565,2024-10-02 12:00:00,-0.049045138,0.041328643,4345926.351221016,-469559.8699535443,0.0
3507,65.80727,46.833336,-6.1666565,2024-10-02 12:00:00,-0.062764965,0.047069155,4345926.351221016,-469559.8699535443,0.0
3687,77.85385,46.833336,-6.1666565,2024-10-02 12:00:00,-0.05941185,0.056251712,4345926.351221016,-469559.8699535443,0.0
3867,92.32607,46.833336,-6.1666565,2024-10-02 12:00:00,-0.05305464,0.067355186,4345926.351221016,-469559.8699535443,0.0
4047,109.7293,46.833336,-6.1666565,2024-10-02 12:00:00,-0.05097836,0.06968447,4345926.351221016,-469559.8699535443,0.0
4227,130.666,46.833336,-6.1666565,2024-10-02 12:00:00,-0.05092452,0.065269865,4345926.351221016,-469559.8699535443,0.0
4407,155.8507,46.833336,-6.1666565,2024-10-02 12:00:00,-0.04563208,0.05253005,4345926.351221016,-469559.8699535443,0.0
4587,186.1256,46.833336,-6.1666565,2024-10-02 12:00:00,-0.045855444,0.04939989,4345926.351221016,-469559.8699535443,0.0
4767,222.4752,46.833336,-6.1666565,2024-10-02 12:00:00,-0.040435422,0.05152899,4345926.351221016,-469559.8699535443,0.0
4947,266.0403,46.833336,-6.1666565,2024-10-02 12:00:00,-0.034488156,0.05511872,4345926.351221016,-469559.8699535443,0.0
5127,318.1274,46.833336,-6.1666565,2024-10-02 12:00:00,-0.022340465,0.07776118,4345926.351221016,-469559.8699535443,0.0
5307,380.213,46.833336,-6.1666565,2024-10-02 12:00:00,-0.026030086,0.10528805,4345926.351221016,-469559.8699535443,0.0
5487,453.9377,46.833336,-6.1666565,2024-10-02 12:00:00,-0.03093711,0.10992464,4345926.351221016,-469559.8699535443,0.0
5667,541.0889,46.833336,-6.1666565,2024-10-02 12:00:00,-0.037555475,0.112101294,4345926.351221016,-469559.8699535443,0.0
5847,643.5668,46.833336,-6.1666565,2024-10-02 12:00:00,-0.047912117,0.091984496,4345926.351221016,-469559.8699535443,0.0
6027,763.3331,46.833336,-6.1666565,2024-10-02 12:00:00,-0.06389226,0.08662692,4345926.351221016,-469559.8699535443,0.0
6207,902.3393,46.833336,-6.1666565,2024-10-02 12:00:00,-0.08532163,0.11258344,4345926.351221016,-469559.8699535443,0.0
96,0.494025,46.833336,-6.0833282,2024-10-02 12:00:00,-0.15735799,0.18823238,4346604.66032198,-463238.86772943556,0.0
276,1.541375,46.833336,-6.0833282,2024-10-02 12:00:00,-0.1520415,0.19142465,4346604.66032198,-463238.86772943556,0.0
456,2.645669,46.833336,-6.0833282,2024-10-02 12:00:00,-0.14652814,0.19411072,4346604.66032198,-463238.86772943556,0.0
636,3.819495,46.833336,-6.0833282,2024-10-02 12:00:00,-0.14075448,0.1962747,4346604.66032198,-463238.86772943556,0.0
816,5.078224,46.833336,-6.0833282,2024-10-02 12:00:00,-0.13374397,0.19802201,4346604.66032198,-463238.86772943556,0.0
996,6.440614,46.833336,-6.0833282,2024-10-02 12:00:00,-0.125327,0.1993909,4346604.66032198,-463238.86772943556,0.0
1176,7.92956,46.833336,-6.0833282,2024-10-02 12:00:00,-0.11665255,0.20041955,4346604.66032198,-463238.86772943556,0.0
1356,9.572997,46.833336,-6.0833282,2024-10-02 12:00:00,-0.10974248,0.20033123,4346604.66032198,-463238.86772943556,0.0
1536,11.405,46.833336,-6.0833282,2024-10-02 12:00:00,-0.1043951,0.20061277,4346604.66032198,-463238.86772943556,0.0
1716,13.46714,46.833336,-6.0833282,2024-10-02 12:00:00,-0.09630466,0.19782819,4346604.66032198,-463238.86772943556,0.0
1896,15.81007,46.833336,-6.0833282,2024-10-02 12:00:00,-0.085413076,0.18541524,4346604.66032198,-463238.86772943556,0.0
2076,18.49556,46.833336,-6.0833282,2024-10-02 12:00:00,-0.08916937,0.16575511,4346604.66032198,-463238.86772943556,0.0
2256,21.59882,46.833336,-6.0833282,2024-10-02 12:00:00,-0.10394259,0.15618074,4346604.66032198,-463238.86772943556,0.0
2436,25.21141,46.833336,-6.0833282,2024-10-02 12:00:00,-0.110218085,0.14796548,4346604.66032198,-463238.86772943556,0.0
2616,29.44473,46.833336,-6.0833282,2024-10-02 12:00:00,-0.109813705,0.13783367,4346604.66032198,-463238.86772943556,0.0
2796,34.43415,46.833336,-6.0833282,2024-10-02 12:00:00,-0.115059786,0.1217526,4346604.66032198,-463238.86772943556,0.0
2976,40.34405,46.833336,-6.0833282,2024-10-02 12:00:00,-0.1297803,0.13440205,4346604.66032198,-463238.86772943556,0.0
3156,47.37369,46.833336,-6.0833282,2024-10-02 12:00:00,-0.023047935,0.068314314,4346604.66032198,-463238.86772943556,0.0
3336,55.76429,46.833336,-6.0833282,2024-10-02 12:00:00,-0.05038677,0.031790115,4346604.66032198,-463238.86772943556,0.0
3516,65.80727,46.833336,-6.0833282,2024-10-02 12:00:00,-0.07168046,0.048351936,4346604.66032198,-463238.86772943556,0.0
3696,77.85385,46.833336,-6.0833282,2024-10-02 12:00:00,-0.06989132,0.06995107,4346604.66032198,-463238.86772943556,0.0
3876,92.32607,46.833336,-6.0833282,2024-10-02 12:00:00,-0.06763872,0.08754608,4346604.66032198,-463238.86772943556,0.0
4056,109.7293,46.833336,-6.0833282,2024-10-02 12:00:00,-0.066882096,0.095570445,4346604.66032198,-463238.86772943556,0.0
4236,130.666,46.833336,-6.0833282,2024-10-02 12:00:00,-0.060792975,0.09966851,4346604.66032198,-463238.86772943556,0.0
4416,155.8507,46.833336,-6.0833282,2024-10-02 12:00:00,-0.051687468,0.09954673,4346604.66032198,-463238.86772943556,0.0
4596,186.1256,46.833336,-6.0833282,2024-10-02 12:00:00,-0.048164885,0.101041816,4346604.66032198,-463238.86772943556,0.0
4776,222.4752,46.833336,-6.0833282,2024-10-02 12:00:00,-0.045685958,0.122987084,4346604.66032198,-463238.86772943556,0.0
4956,266.0403,46.833336,-6.0833282,2024-10-02 12:00:00,-0.0430663,0.13582174,4346604.66032198,-463238.86772943556,0.0
5136,318.1274,46.833336,-6.0833282,2024-10-02 12:00:00,-0.035918448,0.12639464,4346604.66032198,-463238.86772943556,0.0
5316,380.213,46.833336,-6.0833282,2024-10-02 12:00:00,-0.045195166,0.11365611,4346604.66032198,-463238.86772943556,0.0
5496,453.9377,46.833336,-6.0833282,2024-10-02 12:00:00,-0.046380136,0.110861406,4346604.66032198,-463238.86772943556,0.0
5676,541.0889,46.833336,-6.0833282,2024-10-02 12:00:00,-0.04909651,0.11588133,4346604.66032198,-463238.86772943556,0.0
5856,643.5668,46.833336,-6.0833282,2024-10-02 12:00:00,-0.06366522,0.1192783,4346604.66032198,-463238.86772943556,0.0
6036,763.3331,46.833336,-6.0833282,2024-10-02 12:00:00,-0.08043794,0.10645535,4346604.66032198,-463238.86772943556,0.0
6216,902.3393,46.833336,-6.0833282,2024-10-02 12:00:00,-0.08055404,0.1152615,4346604.66032198,-463238.86772943556,0.0
105,0.494025,46.833336,-6.0,2024-10-02 12:00:00,-0.18556741,0.13942373,4347273.775744883,-456916.88569019584,0.0
285,1.541375,46.833336,-6.0,2024-10-02 12:00:00,-0.18022437,0.14273846,4347273.775744883,-456916.88569019584,0.0
465,2.645669,46.833336,-6.0,2024-10-02 12:00:00,-0.17467879,0.14556998,4347273.775744883,-456916.88569019584,0.0
645,3.819495,46.833336,-6.0,2024-10-02 12:00:00,-0.16918886,0.14780314,4347273.775744883,-456916.88569019584,0.0
825,5.078224,46.833336,-6.0,2024-10-02 12:00:00,-0.1636187,0.14946313,4347273.775744883,-456916.88569019584,0.0
1005,6.440614,46.833336,-6.0,2024-10-02 12:00:00,-0.15799159,0.15054198,4347273.775744883,-456916.88569019584,0.0
1185,7.92956,46.833336,-6.0,2024-10-02 12:00:00,-0.15253982,0.15106535,4347273.775744883,-456916.88569019584,0.0
1365,9.572997,46.833336,-6.0,2024-10-02 12:00:00,-0.14746471,0.15110062,4347273.775744883,-456916.88569019584,0.0
1545,11.405,46.833336,-6.0,2024-10-02 12:00:00,-0.14253962,0.15064222,4347273.775744883,-456916.88569019584,0.0
1725,13.46714,46.833336,-6.0,2024-10-02 12:00:00,-0.13728705,0.1498255,4347273.775744883,-456916.88569019584,0.0
1905,15.81007,46.833336,-6.0,2024-10-02 12:00:00,-0.13235666,0.14907528,4347273.775744883,-456916.88569019584,0.0
2085,18.49556,46.833336,-6.0,2024-10-02 12:00:00,-0.13092943,0.14866284,4347273.775744883,-456916.88569019584,0.0
2265,21.59882,46.833336,-6.0,2024-10-02 12:00:00,-0.13267073,0.14790574,4347273.775744883,-456916.88569019584,0.0
2445,25.21141,46.833336,-6.0,2024-10-02 12:00:00,-0.13283724,0.1482653,4347273.775744883,-456916.88569019584,0.0
2625,29.44473,46.833336,-6.0,2024-10-02 12:00:00,-0.13180599,0.14650387,4347273.775744883,-456916.88569019584,0.0
2805,34.43415,46.833336,-6.0,2024-10-02 12:00:00,-0.12769946,0.13938098,4347273.775744883,-456916.88569019584,0.0
2985,40.34405,46.833336,-6.0,2024-10-02 12:00:00,-0.13956313,0.15242973,4347273.775744883,-456916.88569019584,0.0
3165,47.37369,46.833336,-6.0,2024-10-02 12:00:00,-0.021685783,0.08729798,4347273.775744883,-456916.88569019584,0.0
3345,55.76429,46.833336,-6.0,2024-10-02 12:00:00,-0.047913384,0.06381157,4347273.775744883,-456916.88569019584,0.0
3525,65.80727,46.833336,-6.0,2024-10-02 12:00:00,-0.06868086,0.08240759,4347273.775744883,-456916.88569019584,0.0
3705,77.85385,46.833336,-6.0,2024-10-02 12:00:00,-0.073790595,0.10970071,4347273.775744883,-456916.88569019584,0.0
3885,92.32607,46.833336,-6.0,2024-10-02 12:00:00,-0.076119296,0.13370787,4347273.775744883,-456916.88569019584,0.0
4065,109.7293,46.833336,-6.0,2024-10-02 12:00:00,-0.08001226,0.14659838,4347273.775744883,-456916.88569019584,0.0
4245,130.666,46.833336,-6.0,2024-10-02 12:00:00,-0.08041853,0.15207767,4347273.775744883,-456916.88569019584,0.0
4425,155.8507,46.833336,-6.0,2024-10-02 12:00:00,-0.064919755,0.14766681,4347273.775744883,-456916.88569019584,0.0
4605,186.1256,46.833336,-6.0,2024-10-02 12:00:00,-0.060430445,0.13759251,4347273.775744883,-456916.88569019584,0.0
4785,222.4752,46.833336,-6.0,2024-10-02 12:00:00,-0.06340175,0.13581797,4347273.775744883,-456916.88569019584,0.0
4965,266.0403,46.833336,-6.0,2024-10-02 12:00:00,-0.06342535,0.10842985,4347273.775744883,-456916.88569019584,0.0
5145,318.1274,46.833336,-6.0,2024-10-02 12:00:00,-0.060992707,0.09242271,4347273.775744883,-456916.88569019584,0.0
5325,380.213,46.833336,-6.0,2024-10-02 12:00:00,-0.053618446,0.086472884,4347273.775744883,-456916.88569019584,0.0
5505,453.9377,46.833336,-6.0,2024-10-02 12:00:00,-0.054536153,0.08125667,4347273.775744883,-456916.88569019584,0.0
5685,541.0889,46.833336,-6.0,2024-10-02 12:00:00,-0.060778327,0.076795205,4347273.775744883,-456916.88569019584,0.0
5865,643.5668,46.833336,-6.0,2024-10-02 12:00:00,-0.06727313,0.09150493,4347273.775744883,-456916.88569019584,0.0
6045,763.3331,46.833336,-6.0,2024-10-02 12:00:00,-0.087084636,0.09757421,4347273.775744883,-456916.88569019584,0.0
6225,902.3393,46.833336,-6.0,2024-10-02 12:00:00,-0.067821786,0.10967362,4347273.775744883,-456916.88569019584,0.0
114,0.494025,46.91667,-6.25,2024-10-02 12:00:00,-0.1374793,0.21290399,4338517.220887722,-475144.9119816816,0.0
294,1.541375,46.91667,-6.25,2024-10-02 12:00:00,-0.13240315,0.2158905,4338517.220887722,-475144.9119816816,0.0
474,2.645669,46.91667,-6.25,2024-10-02 12:00:00,-0.1271895,0.2183153,4338517.220887722,-475144.9119816816,0.0
654,3.819495,46.91667,-6.25,2024-10-02 12:00:00,-0.120493785,0.22059125,4338517.220887722,-475144.9119816816,0.0
834,5.078224,46.91667,-6.25,2024-10-02 12:00:00,-0.10300994,0.22279277,4338517.220887722,-475144.9119816816,0.0
1014,6.440614,46.91667,-6.25,2024-10-02 12:00:00,-0.079313524,0.21568514,4338517.220887722,-475144.9119816816,0.0
1194,7.92956,46.91667,-6.25,2024-10-02 12:00:00,-0.0694628,0.19883987,4338517.220887722,-475144.9119816816,0.0
1374,9.572997,46.91667,-6.25,2024-10-02 12:00:00,-0.07807775,0.18290374,4338517.220887722,-475144.9119816816,0.0
1554,11.405,46.91667,-6.25,2024-10-02 12:00:00,-0.09433868,0.18399557,4338517.220887722,-475144.9119816816,0.0
1734,13.46714,46.91667,-6.25,2024-10-02 12:00:00,-0.08865852,0.19167721,4338517.220887722,-475144.9119816816,0.0
1914,15.81007,46.91667,-6.25,2024-10-02 12:00:00,-0.07010116,0.17455557,4338517.220887722,-475144.9119816816,0.0
2094,18.49556,46.91667,-6.25,2024-10-02 12:00:00,-0.07373819,0.14892462,4338517.220887722,-475144.9119816816,0.0
2274,21.59882,46.91667,-6.25,2024-10-02 12:00:00,-0.101735614,0.1452122,4338517.220887722,-475144.9119816816,0.0
2454,25.21141,46.91667,-6.25,2024-10-02 12:00:00,-0.11801547,0.1546447,4338517.220887722,-475144.9119816816,0.0
2634,29.44473,46.91667,-6.25,2024-10-02 12:00:00,-0.11957128,0.1579555,4338517.220887722,-475144.9119816816,0.0
2814,34.43415,46.91667,-6.25,2024-10-02 12:00:00,-0.11585198,0.1536837,4338517.220887722,-475144.9119816816,0.0
2994,40.34405,46.91667,-6.25,2024-10-02 12:00:00,-0.10001768,0.15729801,4338517.220887722,-475144.9119816816,0.0
3174,47.37369,46.91667,-6.25,2024-10-02 12:00:00,-0.06607694,0.12526986,4338517.220887722,-475144.9119816816,0.0
3354,55.76429,46.91667,-6.25,2024-10-02 12:00:00,-0.056579247,0.062119886,4338517.220887722,-475144.9119816816,0.0
3534,65.80727,46.91667,-6.25,2024-10-02 12:00:00,-0.07720468,0.07529051,4338517.220887722,-475144.9119816816,0.0
3714,77.85385,46.91667,-6.25,2024-10-02 12:00:00,-0.07397336,0.09709873,4338517.220887722,-475144.9119816816,0.0
3894,92.32607,46.91667,-6.25,2024-10-02 12:00:00,-0.063167855,0.10822613,4338517.220887722,-475144.9119816816,0.0
4074,109.7293,46.91667,-6.25,2024-10-02 12:00:00,-0.056851327,0.11012806,4338517.220887722,-475144.9119816816,0.0
4254,130.666,46.91667,-6.25,2024-10-02 12:00:00,-0.05775042,0.09967043,4338517.220887722,-475144.9119816816,0.0
4434,155.8507,46.91667,-6.25,2024-10-02 12:00:00,-0.05319849,0.079363406,4338517.220887722,-475144.9119816816,0.0
4614,186.1256,46.91667,-6.25,2024-10-02 12:00:00,-0.037388302,0.059826657,4338517.220887722,-475144.9119816816,0.0
4794,222.4752,46.91667,-6.25,2024-10-02 12:00:00,-0.02749037,0.030915992,4338517.220887722,-475144.9119816816,0.0
4974,266.0403,46.91667,-6.25,2024-10-02 12:00:00,-0.027650781,0.010587384,4338517.220887722,-475144.9119816816,0.0
5154,318.1274,46.91667,-6.25,2024-10-02 12:00:00,-0.0325074,0.011333965,4338517.220887722,-475144.9119816816,0.0
5334,380.213,46.91667,-6.25,2024-10-02 12:00:00,-0.048023906,0.039828505,4338517.220887722,-475144.9119816816,0.0
5514,453.9377,46.91667,-6.25,2024-10-02 12:00:00,-0.05024375,0.06734688,4338517.220887722,-475144.9119816816,0.0
5694,541.0889,46.91667,-6.25,2024-10-02 12:00:00,-0.04418915,0.07944635,4338517.220887722,-475144.9119816816,0.0
5874,643.5668,46.91667,-6.25,2024-10-02 12:00:00,-0.03996387,0.09488986,4338517.220887722,-475144.9119816816,0.0
6054,763.3331,46.91667,-6.25,2024-10-02 12:00:00,-0.054805025,0.09035218,4338517.220887722,-475144.9119816816,0.0
6234,902.3393,46.91667,-6.25,2024-10-02 12:00:00,-0.08272013,0.11733549,4338517.220887722,-475144.9119816816,0.0
123,0.494025,46.91667,-6.1666565,2024-10-02 12:00:00,-0.1305022,0.25045824,4339203.78529813,-468833.52373287774,0.0
303,1.541375,46.91667,-6.1666565,2024-10-02 12:00:00,-0.12539427,0.25355822,4339203.78529813,-468833.52373287774,0.0
483,2.645669,46.91667,-6.1666565,2024-10-02 12:00:00,-0.120144315,0.25606105,4339203.78529813,-468833.52373287774,0.0
663,3.819495,46.91667,-6.1666565,2024-10-02 12:00:00,-0.113842174,0.25836578,4339203.78529813,-468833.52373287774,0.0
843,5.078224,46.91667,-6.1666565,2024-10-02 12:00:00,-0.1009181,0.2610903,4339203.78529813,-468833.52373287774,0.0
1023,6.440614,46.91667,-6.1666565,2024-10-02 12:00:00,-0.08311608,0.25097752,4339203.78529813,-468833.52373287774,0.0
1203,7.92956,46.91667,-6.1666565,2024-10-02 12:00:00,-0.070125796,0.22682337,4339203.78529813,-468833.52373287774,0.0
1383,9.572997,46.91667,-6.1666565,2024-10-02 12:00:00,-0.07175935,0.20164953,4339203.78529813,-468833.52373287774,0.0
1563,11.405,46.91667,-6.1666565,2024-10-02 12:00:00,-0.08615373,0.19701685,4339203.78529813,-468833.52373287774,0.0
1743,13.46714,46.91667,-6.1666565,2024-10-02 12:00:00,-0.08176736,0.2054222,4339203.78529813,-468833.52373287774,0.0
1923,15.81007,46.91667,-6.1666565,2024-10-02 12:00:00,-0.07449604,0.18885943,4339203.78529813,-468833.52373287774,0.0
2103,18.49556,46.91667,-6.1666565,2024-10-02 12:00:00,-0.09139473,0.16415402,4339203.78529813,-468833.52373287774,0.0
2283,21.59882,46.91667,-6.1666565,2024-10-02 12:00:00,-0.11798553,0.16106436,4339203.78529813,-468833.52373287774,0.0
2463,25.21141,46.91667,-6.1666565,2024-10-02 12:00:00,-0.13110021,0.16181041,4339203.78529813,-468833.52373287774,0.0
2643,29.44473,46.91667,-6.1666565,2024-10-02 12:00:00,-0.13698867,0.15812388,4339203.78529813,-468833.52373287774,0.0
2823,34.43415,46.91667,-6.1666565,2024-10-02 12:00:00,-0.13846989,0.15433232,4339203.78529813,-468833.52373287774,0.0
3003,40.34405,46.91667,-6.1666565,2024-10-02 12:00:00,-0.116689205,0.16407432,4339203.78529813,-468833.52373287774,0.0
3183,47.37369,46.91667,-6.1666565,2024-10-02 12:00:00,-0.044146687,0.10285169,4339203.78529813,-468833.52373287774,0.0
3363,55.76429,46.91667,-6.1666565,2024-10-02 12:00:00,-0.060389545,0.03858169,4339203.78529813,-468833.52373287774,0.0
3543,65.80727,46.91667,-6.1666565,2024-10-02 12:00:00,-0.08692682,0.039344285,4339203.78529813,-468833.52373287774,0.0
3723,77.85385,46.91667,-6.1666565,2024-10-02 12:00:00,-0.08916177,0.050976377,4339203.78529813,-468833.52373287774,0.0
3903,92.32607,46.91667,-6.1666565,2024-10-02 12:00:00,-0.08151929,0.06549511,4339203.78529813,-468833.52373287774,0.0
4083,109.7293,46.91667,-6.1666565,2024-10-02 12:00:00,-0.076445095,0.07614609,4339203.78529813,-468833.52373287774,0.0
4263,130.666,46.91667,-6.1666565,2024-10-02 12:00:00,-0.07097283,0.076240085,4339203.78529813,-468833.52373287774,0.0
4443,155.8507,46.91667,-6.1666565,2024-10-02 12:00:00,-0.063411795,0.07029424,4339203.78529813,-468833.52373287774,0.0
4623,186.1256,46.91667,-6.1666565,2024-10-02 12:00:00,-0.05094457,0.07687392,4339203.78529813,-468833.52373287774,0.0
4803,222.4752,46.91667,-6.1666565,2024-10-02 12:00:00,-0.043123048,0.0804726,4339203.78529813,-468833.52373287774,0.0
4983,266.0403,46.91667,-6.1666565,2024-10-02 12:00:00,-0.044404212,0.088293135,4339203.78529813,-468833.52373287774,0.0
5163,318.1274,46.91667,-6.1666565,2024-10-02 12:00:00,-0.042044878,0.1039327,4339203.78529813,-468833.52373287774,0.0
5343,380.213,46.91667,-6.1666565,2024-10-02 12:00:00,-0.041109122,0.105164856,4339203.78529813,-468833.52373287774,0.0
5523,453.9377,46.91667,-6.1666565,2024-10-02 12:00:00,-0.03940524,0.10716139,4339203.78529813,-468833.52373287774,0.0
5703,541.0889,46.91667,-6.1666565,2024-10-02 12:00:00,-0.04507431,0.11179921,4339203.78529813,-468833.52373287774,0.0
5883,643.5668,46.91667,-6.1666565,2024-10-02 12:00:00,-0.053432763,0.12068355,4339203.78529813,-468833.52373287774,0.0
6063,763.3331,46.91667,-6.1666565,2024-10-02 12:00:00,-0.0763933,0.11969902,4339203.78529813,-468833.52373287774,0.0
6243,902.3393,46.91667,-6.1666565,2024-10-02 12:00:00,-0.092680834,0.11563401,4339203.78529813,-468833.52373287774,0.0
132,0.494025,46.91667,-6.0833282,2024-10-02 12:00:00,-0.14152022,0.21703279,4339881.045145775,-462522.2992525033,0.0
312,1.541375,46.91667,-6.0833282,2024-10-02 12:00:00,-0.13629405,0.22032219,4339881.045145775,-462522.2992525033,0.0
492,2.645669,46.91667,-6.0833282,2024-10-02 12:00:00,-0.13091692,0.22302954,4339881.045145775,-462522.2992525033,0.0
672,3.819495,46.91667,-6.0833282,2024-10-02 12:00:00,-0.12528281,0.2252076,4339881.045145775,-462522.2992525033,0.0
852,5.078224,46.91667,-6.0833282,2024-10-02 12:00:00,-0.11773999,0.22716774,4339881.045145775,-462522.2992525033,0.0
1032,6.440614,46.91667,-6.0833282,2024-10-02 12:00:00,-0.10806242,0.22853723,4339881.045145775,-462522.2992525033,0.0
1212,7.92956,46.91667,-6.0833282,2024-10-02 12:00:00,-0.09859677,0.22775996,4339881.045145775,-462522.2992525033,0.0
1392,9.572997,46.91667,-6.0833282,2024-10-02 12:00:00,-0.09417136,0.22032695,4339881.045145775,-462522.2992525033,0.0
1572,11.405,46.91667,-6.0833282,2024-10-02 12:00:00,-0.09412703,0.21832642,4339881.045145775,-462522.2992525033,0.0
1752,13.46714,46.91667,-6.0833282,2024-10-02 12:00:00,-0.08978418,0.21563567,4339881.045145775,-462522.2992525033,0.0
1932,15.81007,46.91667,-6.0833282,2024-10-02 12:00:00,-0.09183973,0.18674707,4339881.045145775,-462522.2992525033,0.0
2112,18.49556,46.91667,-6.0833282,2024-10-02 12:00:00,-0.10983874,0.15809648,4339881.045145775,-462522.2992525033,0.0
2292,21.59882,46.91667,-6.0833282,2024-10-02 12:00:00,-0.13151923,0.15875752,4339881.045145775,-462522.2992525033,0.0
2472,25.21141,46.91667,-6.0833282,2024-10-02 12:00:00,-0.14229879,0.16406043,4339881.045145775,-462522.2992525033,0.0
2652,29.44473,46.91667,-6.0833282,2024-10-02 12:00:00,-0.14334837,0.1562939,4339881.045145775,-462522.2992525033,0.0
2832,34.43415,46.91667,-6.0833282,2024-10-02 12:00:00,-0.14637297,0.14622301,4339881.045145775,-462522.2992525033,0.0
3012,40.34405,46.91667,-6.0833282,2024-10-02 12:00:00,-0.13473201,0.15306647,4339881.045145775,-462522.2992525033,0.0
3192,47.37369,46.91667,-6.0833282,2024-10-02 12:00:00,-0.020766525,0.07306068,4339881.045145775,-462522.2992525033,0.0
3372,55.76429,46.91667,-6.0833282,2024-10-02 12:00:00,-0.06515546,0.02376473,4339881.045145775,-462522.2992525033,0.0
3552,65.80727,46.91667,-6.0833282,2024-10-02 12:00:00,-0.099328786,0.03855985,4339881.045145775,-462522.2992525033,0.0
3732,77.85385,46.91667,-6.0833282,2024-10-02 12:00:00,-0.11185171,0.068525776,4339881.045145775,-462522.2992525033,0.0
3912,92.32607,46.91667,-6.0833282,2024-10-02 12:00:00,-0.11064788,0.098087214,4339881.045145775,-462522.2992525033,0.0
4092,109.7293,46.91667,-6.0833282,2024-10-02 12:00:00,-0.105131835,0.11213971,4339881.045145775,-462522.2992525033,0.0
4272,130.666,46.91667,-6.0833282,2024-10-02 12:00:00,-0.08977788,0.11526223,4339881.045145775,-462522.2992525033,0.0
4452,155.8507,46.91667,-6.0833282,2024-10-02 12:00:00,-0.070174634,0.115948156,4339881.045145775,-462522.2992525033,0.0
4632,186.1256,46.91667,-6.0833282,2024-10-02 12:00:00,-0.05906719,0.119556375,4339881.045145775,-462522.2992525033,0.0
4812,222.4752,46.91667,-6.0833282,2024-10-02 12:00:00,-0.052407995,0.13738416,4339881.045145775,-462522.2992525033,0.0
4992,266.0403,46.91667,-6.0833282,2024-10-02 12:00:00,-0.05169113,0.14910239,4339881.045145775,-462522.2992525033,0.0
5172,318.1274,46.91667,-6.0833282,2024-10-02 12:00:00,-0.045308817,0.15024714,4339881.045145775,-462522.2992525033,0.0
5352,380.213,46.91667,-6.0833282,2024-10-02 12:00:00,-0.039396517,0.14425059,4339881.045145775,-462522.2992525033,0.0
5532,453.9377,46.91667,-6.0833282,2024-10-02 12:00:00,-0.033636175,0.13003358,4339881.045145775,-462522.2992525033,0.0
5712,541.0889,46.91667,-6.0833282,2024-10-02 12:00:00,-0.041798975,0.12913926,4339881.045145775,-462522.2992525033,0.0
5892,643.5668,46.91667,-6.0833282,2024-10-02 12:00:00,-0.060979865,0.13179143,4339881.045145775,-462522.2992525033,0.0
6072,763.3331,46.91667,-6.0833282,2024-10-02 12:00:00,-0.08434287,0.11341438,4339881.045145775,-462522.2992525033,0.0
6252,902.3393,46.91667,-6.0833282,2024-10-02 12:00:00,-0.09003509,0.10383613,4339881.045145775,-462522.2992525033,0.0
141,0.494025,46.91667,-6.0,2024-10-02 12:00:00,-0.15837008,0.15603957,4340549.125536747,-456210.0964726406,0.0
321,1.541375,46.91667,-6.0,2024-10-02 12:00:00,-0.15310259,0.15939479,4340549.125536747,-456210.0964726406,0.0
501,2.645669,46.91667,-6.0,2024-10-02 12:00:00,-0.1477063,0.1622201,4340549.125536747,-456210.0964726406,0.0
681,3.819495,46.91667,-6.0,2024-10-02 12:00:00,-0.14252195,0.16429085,4340549.125536747,-456210.0964726406,0.0
861,5.078224,46.91667,-6.0,2024-10-02 12:00:00,-0.13720475,0.16579883,4340549.125536747,-456210.0964726406,0.0
1041,6.440614,46.91667,-6.0,2024-10-02 12:00:00,-0.1318881,0.1666888,4340549.125536747,-456210.0964726406,0.0
1221,7.92956,46.91667,-6.0,2024-10-02 12:00:00,-0.12669455,0.16695859,4340549.125536747,-456210.0964726406,0.0
1401,9.572997,46.91667,-6.0,2024-10-02 12:00:00,-0.12193379,0.16659543,4340549.125536747,-456210.0964726406,0.0
1581,11.405,46.91667,-6.0,2024-10-02 12:00:00,-0.117247686,0.16528086,4340549.125536747,-456210.0964726406,0.0
1761,13.46714,46.91667,-6.0,2024-10-02 12:00:00,-0.11314624,0.16388042,4340549.125536747,-456210.0964726406,0.0
1941,15.81007,46.91667,-6.0,2024-10-02 12:00:00,-0.11452347,0.1637951,4340549.125536747,-456210.0964726406,0.0
2121,18.49556,46.91667,-6.0,2024-10-02 12:00:00,-0.12589145,0.16505584,4340549.125536747,-456210.0964726406,0.0
2301,21.59882,46.91667,-6.0,2024-10-02 12:00:00,-0.14019072,0.164433,4340549.125536747,-456210.0964726406,0.0
2481,25.21141,46.91667,-6.0,2024-10-02 12:00:00,-0.14649396,0.16610484,4340549.125536747,-456210.0964726406,0.0
2661,29.44473,46.91667,-6.0,2024-10-02 12:00:00,-0.14764015,0.16008034,4340549.125536747,-456210.0964726406,0.0
2841,34.43415,46.91667,-6.0,2024-10-02 12:00:00,-0.15306444,0.15781179,4340549.125536747,-456210.0964726406,0.0
3021,40.34405,46.91667,-6.0,2024-10-02 12:00:00,-0.14962672,0.16513613,4340549.125536747,-456210.0964726406,0.0
3201,47.37369,46.91667,-6.0,2024-10-02 12:00:00,-0.016605303,0.08215536,4340549.125536747,-456210.0964726406,0.0
3381,55.76429,46.91667,-6.0,2024-10-02 12:00:00,-0.07367054,0.058177847,4340549.125536747,-456210.0964726406,0.0
3561,65.80727,46.91667,-6.0,2024-10-02 12:00:00,-0.10188016,0.08239752,4340549.125536747,-456210.0964726406,0.0
3741,77.85385,46.91667,-6.0,2024-10-02 12:00:00,-0.11967701,0.110162504,4340549.125536747,-456210.0964726406,0.0
3921,92.32607,46.91667,-6.0,2024-10-02 12:00:00,-0.1264072,0.1361746,4340549.125536747,-456210.0964726406,0.0
4101,109.7293,46.91667,-6.0,2024-10-02 12:00:00,-0.12397,0.14910455,4340549.125536747,-456210.0964726406,0.0
4281,130.666,46.91667,-6.0,2024-10-02 12:00:00,-0.10851635,0.16070993,4340549.125536747,-456210.0964726406,0.0
4461,155.8507,46.91667,-6.0,2024-10-02 12:00:00,-0.07863672,0.17385575,4340549.125536747,-456210.0964726406,0.0
4641,186.1256,46.91667,-6.0,2024-10-02 12:00:00,-0.06746258,0.16112667,4340549.125536747,-456210.0964726406,0.0
4821,222.4752,46.91667,-6.0,2024-10-02 12:00:00,-0.068111755,0.16808964,4340549.125536747,-456210.0964726406,0.0
5001,266.0403,46.91667,-6.0,2024-10-02 12:00:00,-0.060275134,0.14848743,4340549.125536747,-456210.0964726406,0.0
5181,318.1274,46.91667,-6.0,2024-10-02 12:00:00,-0.0526813,0.12890896,4340549.125536747,-456210.0964726406,0.0
5361,380.213,46.91667,-6.0,2024-10-02 12:00:00,-0.049003568,0.11039582,4340549.125536747,-456210.0964726406,0.0
5541,453.9377,46.91667,-6.0,2024-10-02 12:00:00,-0.046171952,0.09130822,4340549.125536747,-456210.0964726406,0.0
5721,541.0889,46.91667,-6.0,2024-10-02 12:00:00,-0.047363102,0.085164174,4340549.125536747,-456210.0964726406,0.0
5901,643.5668,46.91667,-6.0,2024-10-02 12:00:00,-0.05338236,0.07548876,4340549.125536747,-456210.0964726406,0.0
6081,763.3331,46.91667,-6.0,2024-10-02 12:00:00,-0.074668236,0.0702173,4340549.125536747,-456210.0964726406,0.0
6261,902.3393,46.91667,-6.0,2024-10-02 12:00:00,-0.06264319,0.06554048,4340549.125536747,-456210.0964726406,0.0
150,0.494025,47.0,-6.25,2024-10-02 12:00:00,-0.16813782,0.2249134,4331787.087405169,-474407.8424903363,0.0
330,1.541375,47.0,-6.25,2024-10-02 12:00:00,-0.16311938,0.22796905,4331787.087405169,-474407.8424903363,0.0
510,2.645669,47.0,-6.25,2024-10-02 12:00:00,-0.15790096,0.23043963,4331787.087405169,-474407.8424903363,0.0
690,3.819495,47.0,-6.25,2024-10-02 12:00:00,-0.15129949,0.23255076,4331787.087405169,-474407.8424903363,0.0
870,5.078224,47.0,-6.25,2024-10-02 12:00:00,-0.13788366,0.23423125,4331787.087405169,-474407.8424903363,0.0
1050,6.440614,47.0,-6.25,2024-10-02 12:00:00,-0.12004813,0.23052736,4331787.087405169,-474407.8424903363,0.0
1230,7.92956,47.0,-6.25,2024-10-02 12:00:00,-0.10838308,0.21867605,4331787.087405169,-474407.8424903363,0.0
1410,9.572997,47.0,-6.25,2024-10-02 12:00:00,-0.107905656,0.20601693,4331787.087405169,-474407.8424903363,0.0
1590,11.405,47.0,-6.25,2024-10-02 12:00:00,-0.11288354,0.19801098,4331787.087405169,-474407.8424903363,0.0
1770,13.46714,47.0,-6.25,2024-10-02 12:00:00,-0.11339737,0.19228232,4331787.087405169,-474407.8424903363,0.0
1950,15.81007,47.0,-6.25,2024-10-02 12:00:00,-0.112398386,0.17376818,4331787.087405169,-474407.8424903363,0.0
2130,18.49556,47.0,-6.25,2024-10-02 12:00:00,-0.12644333,0.15567355,4331787.087405169,-474407.8424903363,0.0
2310,21.59882,47.0,-6.25,2024-10-02 12:00:00,-0.14480804,0.15941352,4331787.087405169,-474407.8424903363,0.0
2490,25.21141,47.0,-6.25,2024-10-02 12:00:00,-0.14959073,0.16493134,4331787.087405169,-474407.8424903363,0.0
2670,29.44473,47.0,-6.25,2024-10-02 12:00:00,-0.14969298,0.15903215,4331787.087405169,-474407.8424903363,0.0
2850,34.43415,47.0,-6.25,2024-10-02 12:00:00,-0.15558563,0.1503132,4331787.087405169,-474407.8424903363,0.0
3030,40.34405,47.0,-6.25,2024-10-02 12:00:00,-0.14857769,0.15565248,4331787.087405169,-474407.8424903363,0.0
3210,47.37369,47.0,-6.25,2024-10-02 12:00:00,-0.10268241,0.13300693,4331787.087405169,-474407.8424903363,0.0
3390,55.76429,47.0,-6.25,2024-10-02 12:00:00,-0.103495,0.07987127,4331787.087405169,-474407.8424903363,0.0
3570,65.80727,47.0,-6.25,2024-10-02 12:00:00,-0.11997482,0.088173985,4331787.087405169,-474407.8424903363,0.0
3750,77.85385,47.0,-6.25,2024-10-02 12:00:00,-0.11363727,0.095988005,4331787.087405169,-474407.8424903363,0.0
3930,92.32607,47.0,-6.25,2024-10-02 12:00:00,-0.096533045,0.099547416,4331787.087405169,-474407.8424903363,0.0
4110,109.7293,47.0,-6.25,2024-10-02 12:00:00,-0.084071584,0.09861395,4331787.087405169,-474407.8424903363,0.0
4290,130.666,47.0,-6.25,2024-10-02 12:00:00,-0.07366683,0.084669314,4331787.087405169,-474407.8424903363,0.0
4470,155.8507,47.0,-6.25,2024-10-02 12:00:00,-0.06720517,0.068993375,4331787.087405169,-474407.8424903363,0.0
4650,186.1256,47.0,-6.25,2024-10-02 12:00:00,-0.0636228,0.066890545,4331787.087405169,-474407.8424903363,0.0
4830,222.4752,47.0,-6.25,2024-10-02 12:00:00,-0.061976794,0.0521222,4331787.087405169,-474407.8424903363,0.0
5010,266.0403,47.0,-6.25,2024-10-02 12:00:00,-0.06586979,0.03633479,4331787.087405169,-474407.8424903363,0.0
5190,318.1274,47.0,-6.25,2024-10-02 12:00:00,-0.066934496,0.0361079,4331787.087405169,-474407.8424903363,0.0
5370,380.213,47.0,-6.25,2024-10-02 12:00:00,-0.055151954,0.062314462,4331787.087405169,-474407.8424903363,0.0
5550,453.9377,47.0,-6.25,2024-10-02 12:00:00,-0.041569196,0.08048778,4331787.087405169,-474407.8424903363,0.0
5730,541.0889,47.0,-6.25,2024-10-02 12:00:00,-0.042357773,0.09851815,4331787.087405169,-474407.8424903363,0.0
5910,643.5668,47.0,-6.25,2024-10-02 12:00:00,-0.052148264,0.09589172,4331787.087405169,-474407.8424903363,0.0
6090,763.3331,47.0,-6.25,2024-10-02 12:00:00,-0.060264125,0.12248407,4331787.087405169,-474407.8424903363,0.0
6270,902.3393,47.0,-6.25,2024-10-02 12:00:00,-0.06631874,0.16240612,4331787.087405169,-474407.8424903363,0.0
159,0.494025,47.0,-6.1666565,2024-10-02 12:00:00,-0.13737446,0.23581375,4332472.586781167,-468106.2447951276,0.0
339,1.541375,47.0,-6.1666565,2024-10-02 12:00:00,-0.13241991,0.23887491,4332472.586781167,-468106.2447951276,0.0
519,2.645669,47.0,-6.1666565,2024-10-02 12:00:00,-0.12724933,0.24127127,4332472.586781167,-468106.2447951276,0.0
699,3.819495,47.0,-6.1666565,2024-10-02 12:00:00,-0.11975613,0.24339505,4332472.586781167,-468106.2447951276,0.0
879,5.078224,47.0,-6.1666565,2024-10-02 12:00:00,-0.101193085,0.24379045,4332472.586781167,-468106.2447951276,0.0
1059,6.440614,47.0,-6.1666565,2024-10-02 12:00:00,-0.07797329,0.23033409,4332472.586781167,-468106.2447951276,0.0
1239,7.92956,47.0,-6.1666565,2024-10-02 12:00:00,-0.06991599,0.20437214,4332472.586781167,-468106.2447951276,0.0
1419,9.572997,47.0,-6.1666565,2024-10-02 12:00:00,-0.07994498,0.18412586,4332472.586781167,-468106.2447951276,0.0
1599,11.405,47.0,-6.1666565,2024-10-02 12:00:00,-0.097307354,0.17792635,4332472.586781167,-468106.2447951276,0.0
1779,13.46714,47.0,-6.1666565,2024-10-02 12:00:00,-0.10472162,0.18583053,4332472.586781167,-468106.2447951276,0.0
1959,15.81007,47.0,-6.1666565,2024-10-02 12:00:00,-0.10318101,0.17404675,4332472.586781167,-468106.2447951276,0.0
2139,18.49556,47.0,-6.1666565,2024-10-02 12:00:00,-0.12222095,0.15322487,4332472.586781167,-468106.2447951276,0.0
2319,21.59882,47.0,-6.1666565,2024-10-02 12:00:00,-0.15107909,0.15103708,4332472.586781167,-468106.2447951276,0.0
2499,25.21141,47.0,-6.1666565,2024-10-02 12:00:00,-0.16689087,0.15362483,4332472.586781167,-468106.2447951276,0.0
2679,29.44473,47.0,-6.1666565,2024-10-02 12:00:00,-0.17558613,0.15007128,4332472.586781167,-468106.2447951276,0.0
2859,34.43415,47.0,-6.1666565,2024-10-02 12:00:00,-0.18347648,0.14404874,4332472.586781167,-468106.2447951276,0.0
3039,40.34405,47.0,-6.1666565,2024-10-02 12:00:00,-0.17004625,0.15429997,4332472.586781167,-468106.2447951276,0.0
3219,47.37369,47.0,-6.1666565,2024-10-02 12:00:00,-0.08539866,0.10883869,4332472.586781167,-468106.2447951276,0.0
3399,55.76429,47.0,-6.1666565,2024-10-02 12:00:00,-0.1028695,0.06309825,4332472.586781167,-468106.2447951276,0.0
3579,65.80727,47.0,-6.1666565,2024-10-02 12:00:00,-0.12590413,0.065170795,4332472.586781167,-468106.2447951276,0.0
3759,77.85385,47.0,-6.1666565,2024-10-02 12:00:00,-0.13428728,0.07579235,4332472.586781167,-468106.2447951276,0.0
3939,92.32607,47.0,-6.1666565,2024-10-02 12:00:00,-0.12772484,0.094013296,4332472.586781167,-468106.2447951276,0.0
4119,109.7293,47.0,-6.1666565,2024-10-02 12:00:00,-0.116677634,0.105021454,4332472.586781167,-468106.2447951276,0.0
4299,130.666,47.0,-6.1666565,2024-10-02 12:00:00,-0.094950736,0.09608304,4332472.586781167,-468106.2447951276,0.0
4479,155.8507,47.0,-6.1666565,2024-10-02 12:00:00,-0.07538129,0.083378136,4332472.586781167,-468106.2447951276,0.0
4659,186.1256,47.0,-6.1666565,2024-10-02 12:00:00,-0.07075839,0.08601014,4332472.586781167,-468106.2447951276,0.0
4839,222.4752,47.0,-6.1666565,2024-10-02 12:00:00,-0.08057531,0.10208479,4332472.586781167,-468106.2447951276,0.0
5019,266.0403,47.0,-6.1666565,2024-10-02 12:00:00,-0.09145071,0.11459895,4332472.586781167,-468106.2447951276,0.0
5199,318.1274,47.0,-6.1666565,2024-10-02 12:00:00,-0.08543142,0.11903218,4332472.586781167,-468106.2447951276,0.0
5379,380.213,47.0,-6.1666565,2024-10-02 12:00:00,-0.068777114,0.10920367,4332472.586781167,-468106.2447951276,0.0
5559,453.9377,47.0,-6.1666565,2024-10-02 12:00:00,-0.05131261,0.102096125,4332472.586781167,-468106.2447951276,0.0
5739,541.0889,47.0,-6.1666565,2024-10-02 12:00:00,-0.053489406,0.12128375,4332472.586781167,-468106.2447951276,0.0
5919,643.5668,47.0,-6.1666565,2024-10-02 12:00:00,-0.058305543,0.13157672,4332472.586781167,-468106.2447951276,0.0
6099,763.3331,47.0,-6.1666565,2024-10-02 12:00:00,-0.08450373,0.14251618,4332472.586781167,-468106.2447951276,0.0
6279,902.3393,47.0,-6.1666565,2024-10-02 12:00:00,-0.10698426,0.1499182,4332472.586781167,-468106.2447951276,0.0
168,0.494025,47.0,-6.0833282,2024-10-02 12:00:00,-0.10800647,0.22402926,4333148.796028124,-461804.81061430223,0.0
348,1.541375,47.0,-6.0833282,2024-10-02 12:00:00,-0.103048764,0.22711857,4333148.796028124,-461804.81061430223,0.0
528,2.645669,47.0,-6.0833282,2024-10-02 12:00:00,-0.09792556,0.22950293,4333148.796028124,-461804.81061430223,0.0
708,3.819495,47.0,-6.0833282,2024-10-02 12:00:00,-0.09063986,0.23145668,4333148.796028124,-461804.81061430223,0.0
888,5.078224,47.0,-6.0833282,2024-10-02 12:00:00,-0.07226874,0.23177727,4333148.796028124,-461804.81061430223,0.0
1068,6.440614,47.0,-6.0833282,2024-10-02 12:00:00,-0.047948964,0.22222637,4333148.796028124,-461804.81061430223,0.0
1248,7.92956,47.0,-6.0833282,2024-10-02 12:00:00,-0.04214067,0.20141985,4333148.796028124,-461804.81061430223,0.0
1428,9.572997,47.0,-6.0833282,2024-10-02 12:00:00,-0.055762373,0.18524702,4333148.796028124,-461804.81061430223,0.0
1608,11.405,47.0,-6.0833282,2024-10-02 12:00:00,-0.07687102,0.18122482,4333148.796028124,-461804.81061430223,0.0
1788,13.46714,47.0,-6.0833282,2024-10-02 12:00:00,-0.08663858,0.18461138,4333148.796028124,-461804.81061430223,0.0
1968,15.81007,47.0,-6.0833282,2024-10-02 12:00:00,-0.088277936,0.17027475,4333148.796028124,-461804.81061430223,0.0
2148,18.49556,47.0,-6.0833282,2024-10-02 12:00:00,-0.11240804,0.14897193,4333148.796028124,-461804.81061430223,0.0
2328,21.59882,47.0,-6.0833282,2024-10-02 12:00:00,-0.14659265,0.14239676,4333148.796028124,-461804.81061430223,0.0
2508,25.21141,47.0,-6.0833282,2024-10-02 12:00:00,-0.16897234,0.14471522,4333148.796028124,-461804.81061430223,0.0
2688,29.44473,47.0,-6.0833282,2024-10-02 12:00:00,-0.1838422,0.14337975,4333148.796028124,-461804.81061430223,0.0
2868,34.43415,47.0,-6.0833282,2024-10-02 12:00:00,-0.19547108,0.13868883,4333148.796028124,-461804.81061430223,0.0
3048,40.34405,47.0,-6.0833282,2024-10-02 12:00:00,-0.17825225,0.15102169,4333148.796028124,-461804.81061430223,0.0
3228,47.37369,47.0,-6.0833282,2024-10-02 12:00:00,-0.06443373,0.08607937,4333148.796028124,-461804.81061430223,0.0
3408,55.76429,47.0,-6.0833282,2024-10-02 12:00:00,-0.10642418,0.050210457,4333148.796028124,-461804.81061430223,0.0
3588,65.80727,47.0,-6.0833282,2024-10-02 12:00:00,-0.1320708,0.06290753,4333148.796028124,-461804.81061430223,0.0
3768,77.85385,47.0,-6.0833282,2024-10-02 12:00:00,-0.14844504,0.08247121,4333148.796028124,-461804.81061430223,0.0
3948,92.32607,47.0,-6.0833282,2024-10-02 12:00:00,-0.14986865,0.11026459,4333148.796028124,-461804.81061430223,0.0
4128,109.7293,47.0,-6.0833282,2024-10-02 12:00:00,-0.14036477,0.12629877,4333148.796028124,-461804.81061430223,0.0
4308,130.666,47.0,-6.0833282,2024-10-02 12:00:00,-0.11609347,0.12776186,4333148.796028124,-461804.81061430223,0.0
4488,155.8507,47.0,-6.0833282,2024-10-02 12:00:00,-0.08969515,0.13473244,4333148.796028124,-461804.81061430223,0.0
4668,186.1256,47.0,-6.0833282,2024-10-02 12:00:00,-0.07968369,0.1402471,4333148.796028124,-461804.81061430223,0.0
4848,222.4752,47.0,-6.0833282,2024-10-02 12:00:00,-0.089243285,0.15504172,4333148.796028124,-461804.81061430223,0.0
5028,266.0403,47.0,-6.0833282,2024-10-02 12:00:00,-0.094196044,0.1494018,4333148.796028124,-461804.81061430223,0.0
5208,318.1274,47.0,-6.0833282,2024-10-02 12:00:00,-0.085976824,0.14740944,4333148.796028124,-461804.81061430223,0.0
5388,380.213,47.0,-6.0833282,2024-10-02 12:00:00,-0.07508702,0.14703247,4333148.796028124,-461804.81061430223,0.0
5568,453.9377,47.0,-6.0833282,2024-10-02 12:00:00,-0.07287417,0.14010426,4333148.796028124,-461804.81061430223,0.0
5748,541.0889,47.0,-6.0833282,2024-10-02 12:00:00,-0.06755368,0.12719266,4333148.796028124,-461804.81061430223,0.0
5928,643.5668,47.0,-6.0833282,2024-10-02 12:00:00,-0.06670308,0.12205262,4333148.796028124,-461804.81061430223,0.0
6108,763.3331,47.0,-6.0833282,2024-10-02 12:00:00,-0.103743255,0.11398865,4333148.796028124,-461804.81061430223,0.0
6288,902.3393,47.0,-6.0833282,2024-10-02 12:00:00,-0.11593558,0.09293232,4333148.796028124,-461804.81061430223,0.0
177,0.494025,47.0,-6.0,2024-10-02 12:00:00,-0.09107809,0.17902511,4333815.840058059,-455502.3996515776,0.0
357,1.541375,47.0,-6.0,2024-10-02 12:00:00,-0.08616114,0.18216613,4333815.840058059,-455502.3996515776,0.0
537,2.645669,47.0,-6.0,2024-10-02 12:00:00,-0.08130101,0.18458238,4333815.840058059,-455502.3996515776,0.0
717,3.819495,47.0,-6.0,2024-10-02 12:00:00,-0.075479954,0.18627921,4333815.840058059,-455502.3996515776,0.0
897,5.078224,47.0,-6.0,2024-10-02 12:00:00,-0.06257178,0.18711211,4333815.840058059,-455502.3996515776,0.0
1077,6.440614,47.0,-6.0,2024-10-02 12:00:00,-0.04153301,0.18258277,4333815.840058059,-455502.3996515776,0.0
1257,7.92956,47.0,-6.0,2024-10-02 12:00:00,-0.03477537,0.17400868,4333815.840058059,-455502.3996515776,0.0
1437,9.572997,47.0,-6.0,2024-10-02 12:00:00,-0.04453467,0.16560322,4333815.840058059,-455502.3996515776,0.0
1617,11.405,47.0,-6.0,2024-10-02 12:00:00,-0.06256209,0.16011256,4333815.840058059,-455502.3996515776,0.0
1797,13.46714,47.0,-6.0,2024-10-02 12:00:00,-0.07256926,0.15539655,4333815.840058059,-455502.3996515776,0.0
1977,15.81007,47.0,-6.0,2024-10-02 12:00:00,-0.079249226,0.14700872,4333815.840058059,-455502.3996515776,0.0
2157,18.49556,47.0,-6.0,2024-10-02 12:00:00,-0.10366604,0.13425182,4333815.840058059,-455502.3996515776,0.0
2337,21.59882,47.0,-6.0,2024-10-02 12:00:00,-0.13662618,0.13456266,4333815.840058059,-455502.3996515776,0.0
2517,25.21141,47.0,-6.0,2024-10-02 12:00:00,-0.15800744,0.13823658,4333815.840058059,-455502.3996515776,0.0
2697,29.44473,47.0,-6.0,2024-10-02 12:00:00,-0.17308336,0.13325077,4333815.840058059,-455502.3996515776,0.0
2877,34.43415,47.0,-6.0,2024-10-02 12:00:00,-0.1889395,0.1282568,4333815.840058059,-455502.3996515776,0.0
3057,40.34405,47.0,-6.0,2024-10-02 12:00:00,-0.17109829,0.15016134,4333815.840058059,-455502.3996515776,0.0
3237,47.37369,47.0,-6.0,2024-10-02 12:00:00,-0.04939366,0.10123456,4333815.840058059,-455502.3996515776,0.0
3417,55.76429,47.0,-6.0,2024-10-02 12:00:00,-0.106143735,0.07920542,4333815.840058059,-455502.3996515776,0.0
3597,65.80727,47.0,-6.0,2024-10-02 12:00:00,-0.13144521,0.086992756,4333815.840058059,-455502.3996515776,0.0
3777,77.85385,47.0,-6.0,2024-10-02 12:00:00,-0.14898288,0.097666554,4333815.840058059,-455502.3996515776,0.0
3957,92.32607,47.0,-6.0,2024-10-02 12:00:00,-0.15416741,0.121329166,4333815.840058059,-455502.3996515776,0.0
4137,109.7293,47.0,-6.0,2024-10-02 12:00:00,-0.14389507,0.14017503,4333815.840058059,-455502.3996515776,0.0
4317,130.666,47.0,-6.0,2024-10-02 12:00:00,-0.12043797,0.15229557,4333815.840058059,-455502.3996515776,0.0
4497,155.8507,47.0,-6.0,2024-10-02 12:00:00,-0.09313603,0.1807204,4333815.840058059,-455502.3996515776,0.0
4677,186.1256,47.0,-6.0,2024-10-02 12:00:00,-0.08133806,0.1757493,4333815.840058059,-455502.3996515776,0.0
4857,222.4752,47.0,-6.0,2024-10-02 12:00:00,-0.09146762,0.17073986,4333815.840058059,-455502.3996515776,0.0
5037,266.0403,47.0,-6.0,2024-10-02 12:00:00,-0.08957834,0.15255585,4333815.840058059,-455502.3996515776,0.0
5217,318.1274,47.0,-6.0,2024-10-02 12:00:00,-0.0882201,0.1355512,4333815.840058059,-455502.3996515776,0.0
5397,380.213,47.0,-6.0,2024-10-02 12:00:00,-0.09573979,0.13558379,4333815.840058059,-455502.3996515776,0.0
5577,453.9377,47.0,-6.0,2024-10-02 12:00:00,-0.11023612,0.13682196,4333815.840058059,-455502.3996515776,0.0
5757,541.0889,47.0,-6.0,2024-10-02 12:00:00,-0.108091384,0.11169447,4333815.840058059,-455502.3996515776,0.0
5937,643.5668,47.0,-6.0,2024-10-02 12:00:00,-0.09506659,0.0858069,4333815.840058059,-455502.3996515776,0.0
6117,763.3331,47.0,-6.0,2024-10-02 12:00:00,-0.112305366,0.05373373,4333815.840058059,-455502.3996515776,0.0
6297,902.3393,47.0,-6.0,2024-10-02 12:00:00,-0.09808783,0.032048315,4333815.840058059,-455502.3996515776,0.0
7,0.494025,46.66667,-6.25,2024-10-02 18:00:00,-0.027166598,0.14824411,4358653.3150161095,-477350.1729464703,0.0
187,1.541375,46.66667,-6.25,2024-10-02 18:00:00,-0.023356989,0.15299444,4358653.3150161095,-477350.1729464703,0.0
367,2.645669,46.66667,-6.25,2024-10-02 18:00:00,-0.019233782,0.15700279,4358653.3150161095,-477350.1729464703,0.0
547,3.819495,46.66667,-6.25,2024-10-02 18:00:00,-0.015483038,0.1598867,4358653.3150161095,-477350.1729464703,0.0
727,5.078224,46.66667,-6.25,2024-10-02 18:00:00,-0.012047649,0.16206802,4358653.3150161095,-477350.1729464703,0.0
907,6.440614,46.66667,-6.25,2024-10-02 18:00:00,-0.008598671,0.16414474,4358653.3150161095,-477350.1729464703,0.0
1087,7.92956,46.66667,-6.25,2024-10-02 18:00:00,-0.0056454726,0.16341098,4358653.3150161095,-477350.1729464703,0.0
1267,9.572997,46.66667,-6.25,2024-10-02 18:00:00,-0.0035912152,0.16047683,4358653.3150161095,-477350.1729464703,0.0
1447,11.405,46.66667,-6.25,2024-10-02 18:00:00,-0.001871313,0.16076232,4358653.3150161095,-477350.1729464703,0.0
1627,13.46714,46.66667,-6.25,2024-10-02 18:00:00,-0.0010234993,0.15272853,4358653.3150161095,-477350.1729464703,0.0
1807,15.81007,46.66667,-6.25,2024-10-02 18:00:00,-0.0011322992,0.13794206,4358653.3150161095,-477350.1729464703,0.0
1987,18.49556,46.66667,-6.25,2024-10-02 18:00:00,-0.0020973925,0.12146566,4358653.3150161095,-477350.1729464703,0.0
2167,21.59882,46.66667,-6.25,2024-10-02 18:00:00,-0.008512402,0.12085143,4358653.3150161095,-477350.1729464703,0.0
2347,25.21141,46.66667,-6.25,2024-10-02 18:00:00,-0.007468904,0.11584334,4358653.3150161095,-477350.1729464703,0.0
2527,29.44473,46.66667,-6.25,2024-10-02 18:00:00,-0.009923396,0.1020919,4358653.3150161095,-477350.1729464703,0.0
2707,34.43415,46.66667,-6.25,2024-10-02 18:00:00,-0.006137026,0.0833072,4358653.3150161095,-477350.1729464703,0.0
2887,40.34405,46.66667,-6.25,2024-10-02 18:00:00,0.00053367007,0.037198447,4358653.3150161095,-477350.1729464703,0.0
3067,47.37369,46.66667,-6.25,2024-10-02 18:00:00,-0.07873338,-0.0014321138,4358653.3150161095,-477350.1729464703,0.0
3247,55.76429,46.66667,-6.25,2024-10-02 18:00:00,-0.10421166,0.026142973,4358653.3150161095,-477350.1729464703,0.0
3427,65.80727,46.66667,-6.25,2024-10-02 18:00:00,-0.10692997,0.036664095,4358653.3150161095,-477350.1729464703,0.0
3607,77.85385,46.66667,-6.25,2024-10-02 18:00:00,-0.10144875,0.025868457,4358653.3150161095,-477350.1729464703,0.0
3787,92.32607,46.66667,-6.25,2024-10-02 18:00:00,-0.1017096,0.010448119,4358653.3150161095,-477350.1729464703,0.0
3967,109.7293,46.66667,-6.25,2024-10-02 18:00:00,-0.10727596,-0.003559309,4358653.3150161095,-477350.1729464703,0.0
4147,130.666,46.66667,-6.25,2024-10-02 18:00:00,-0.11080478,-0.00909042,4358653.3150161095,-477350.1729464703,0.0
4327,155.8507,46.66667,-6.25,2024-10-02 18:00:00,-0.102855355,-0.0120004015,4358653.3150161095,-477350.1729464703,0.0
4507,186.1256,46.66667,-6.25,2024-10-02 18:00:00,-0.0864582,-0.009765156,4358653.3150161095,-477350.1729464703,0.0
4687,222.4752,46.66667,-6.25,2024-10-02 18:00:00,-0.060529187,-0.0016859334,4358653.3150161095,-477350.1729464703,0.0
4867,266.0403,46.66667,-6.25,2024-10-02 18:00:00,-0.047991484,0.0029461014,4358653.3150161095,-477350.1729464703,0.0
5047,318.1274,46.66667,-6.25,2024-10-02 18:00:00,-0.039809264,0.010720708,4358653.3150161095,-477350.1729464703,0.0
5227,380.213,46.66667,-6.25,2024-10-02 18:00:00,-0.030420171,0.01877165,4358653.3150161095,-477350.1729464703,0.0
5407,453.9377,46.66667,-6.25,2024-10-02 18:00:00,-0.02974427,0.023823088,4358653.3150161095,-477350.1729464703,0.0
5587,541.0889,46.66667,-6.25,2024-10-02 18:00:00,-0.02758186,0.015227512,4358653.3150161095,-477350.1729464703,0.0
5767,643.5668,46.66667,-6.25,2024-10-02 18:00:00,-0.04208815,-0.003742031,4358653.3150161095,-477350.1729464703,0.0
5947,763.3331,46.66667,-6.25,2024-10-02 18:00:00,-0.027948882,0.026382696,4358653.3150161095,-477350.1729464703,0.0
6127,902.3393,46.66667,-6.25,2024-10-02 18:00:00,0.024176084,0.06842656,4358653.3150161095,-477350.1729464703,0.0
16,0.494025,46.66667,-6.1666565,2024-10-02 18:00:00,-0.040559165,0.11013123,4359343.065935845,-471009.49203812674,0.0
196,1.541375,46.66667,-6.1666565,2024-10-02 18:00:00,-0.03685109,0.11519731,4359343.065935845,-471009.49203812674,0.0
376,2.645669,46.66667,-6.1666565,2024-10-02 18:00:00,-0.033005536,0.11955055,4359343.065935845,-471009.49203812674,0.0
556,3.819495,46.66667,-6.1666565,2024-10-02 18:00:00,-0.029900566,0.12257411,4359343.065935845,-471009.49203812674,0.0
736,5.078224,46.66667,-6.1666565,2024-10-02 18:00:00,-0.0275663,0.124573074,4359343.065935845,-471009.49203812674,0.0
916,6.440614,46.66667,-6.1666565,2024-10-02 18:00:00,-0.025741257,0.12596337,4359343.065935845,-471009.49203812674,0.0
1096,7.92956,46.66667,-6.1666565,2024-10-02 18:00:00,-0.024247557,0.1269974,4359343.065935845,-471009.49203812674,0.0
1276,9.572997,46.66667,-6.1666565,2024-10-02 18:00:00,-0.022980625,0.12780707,4359343.065935845,-471009.49203812674,0.0
1456,11.405,46.66667,-6.1666565,2024-10-02 18:00:00,-0.021845354,0.12843585,4359343.065935845,-471009.49203812674,0.0
1636,13.46714,46.66667,-6.1666565,2024-10-02 18:00:00,-0.020783233,0.12896793,4359343.065935845,-471009.49203812674,0.0
1816,15.81007,46.66667,-6.1666565,2024-10-02 18:00:00,-0.019769538,0.12943679,4359343.065935845,-471009.49203812674,0.0
1996,18.49556,46.66667,-6.1666565,2024-10-02 18:00:00,-0.01872878,0.12993054,4359343.065935845,-471009.49203812674,0.0
2176,21.59882,46.66667,-6.1666565,2024-10-02 18:00:00,-0.017633501,0.13075078,4359343.065935845,-471009.49203812674,0.0
2356,25.21141,46.66667,-6.1666565,2024-10-02 18:00:00,-0.016869016,0.1271663,4359343.065935845,-471009.49203812674,0.0
2536,29.44473,46.66667,-6.1666565,2024-10-02 18:00:00,-0.016542342,0.121805556,4359343.065935845,-471009.49203812674,0.0
2716,34.43415,46.66667,-6.1666565,2024-10-02 18:00:00,-0.016313361,0.11627504,4359343.065935845,-471009.49203812674,0.0
2896,40.34405,46.66667,-6.1666565,2024-10-02 18:00:00,0.004730777,0.08079225,4359343.065935845,-471009.49203812674,0.0
3076,47.37369,46.66667,-6.1666565,2024-10-02 18:00:00,-0.10879786,0.031067345,4359343.065935845,-471009.49203812674,0.0
3256,55.76429,46.66667,-6.1666565,2024-10-02 18:00:00,-0.11748574,0.053813767,4359343.065935845,-471009.49203812674,0.0
3436,65.80727,46.66667,-6.1666565,2024-10-02 18:00:00,-0.11760141,0.059218567,4359343.065935845,-471009.49203812674,0.0
3616,77.85385,46.66667,-6.1666565,2024-10-02 18:00:00,-0.120209485,0.052599635,4359343.065935845,-471009.49203812674,0.0
3796,92.32607,46.66667,-6.1666565,2024-10-02 18:00:00,-0.12314089,0.04621117,4359343.065935845,-471009.49203812674,0.0
3976,109.7293,46.66667,-6.1666565,2024-10-02 18:00:00,-0.11400408,0.040208794,4359343.065935845,-471009.49203812674,0.0
4156,130.666,46.66667,-6.1666565,2024-10-02 18:00:00,-0.1049185,0.038347967,4359343.065935845,-471009.49203812674,0.0
4336,155.8507,46.66667,-6.1666565,2024-10-02 18:00:00,-0.09692154,0.037705228,4359343.065935845,-471009.49203812674,0.0
4516,186.1256,46.66667,-6.1666565,2024-10-02 18:00:00,-0.08248339,0.03729771,4359343.065935845,-471009.49203812674,0.0
4696,222.4752,46.66667,-6.1666565,2024-10-02 18:00:00,-0.065936856,0.04717313,4359343.065935845,-471009.49203812674,0.0
4876,266.0403,46.66667,-6.1666565,2024-10-02 18:00:00,-0.04966224,0.05302972,4359343.065935845,-471009.49203812674,0.0
5056,318.1274,46.66667,-6.1666565,2024-10-02 18:00:00,-0.044552524,0.048406083,4359343.065935845,-471009.49203812674,0.0
5236,380.213,46.66667,-6.1666565,2024-10-02 18:00:00,-0.04108454,0.034306243,4359343.065935845,-471009.49203812674,0.0
5416,453.9377,46.66667,-6.1666565,2024-10-02 18:00:00,-0.041789673,0.03508423,4359343.065935845,-471009.49203812674,0.0
5596,541.0889,46.66667,-6.1666565,2024-10-02 18:00:00,-0.041393988,0.037776154,4359343.065935845,-471009.49203812674,0.0
5776,643.5668,46.66667,-6.1666565,2024-10-02 18:00:00,-0.039579526,0.02246009,4359343.065935845,-471009.49203812674,0.0
5956,763.3331,46.66667,-6.1666565,2024-10-02 18:00:00,-0.015537954,0.05443372,4359343.065935845,-471009.49203812674,0.0
6136,902.3393,46.66667,-6.1666565,2024-10-02 18:00:00,0.011276272,0.09047966,4359343.065935845,-471009.49203812674,0.0
25,0.494025,46.66667,-6.0833282,2024-10-02 18:00:00,-0.05410449,0.11228367,4360023.469108121,-464668.9756583009,0.0
205,1.541375,46.66667,-6.0833282,2024-10-02 18:00:00,-0.050462205,0.11732547,4360023.469108121,-464668.9756583009,0.0
385,2.645669,46.66667,-6.0833282,2024-10-02 18:00:00,-0.046562828,0.12158894,4360023.469108121,-464668.9756583009,0.0
565,3.819495,46.66667,-6.0833282,2024-10-02 18:00:00,-0.043226298,0.124491245,4360023.469108121,-464668.9756583009,0.0
745,5.078224,46.66667,-6.0833282,2024-10-02 18:00:00,-0.040604733,0.1263308,4360023.469108121,-464668.9756583009,0.0
925,6.440614,46.66667,-6.0833282,2024-10-02 18:00:00,-0.038505062,0.12752345,4360023.469108121,-464668.9756583009,0.0
1105,7.92956,46.66667,-6.0833282,2024-10-02 18:00:00,-0.03674157,0.12832008,4360023.469108121,-464668.9756583009,0.0
1285,9.572997,46.66667,-6.0833282,2024-10-02 18:00:00,-0.03520514,0.12884681,4360023.469108121,-464668.9756583009,0.0
1465,11.405,46.66667,-6.0833282,2024-10-02 18:00:00,-0.033787347,0.12916926,4360023.469108121,-464668.9756583009,0.0
1645,13.46714,46.66667,-6.0833282,2024-10-02 18:00:00,-0.03240723,0.12930845,4360023.469108121,-464668.9756583009,0.0
1825,15.81007,46.66667,-6.0833282,2024-10-02 18:00:00,-0.031008745,0.1291994,4360023.469108121,-464668.9756583009,0.0
2005,18.49556,46.66667,-6.0833282,2024-10-02 18:00:00,-0.029586684,0.12848732,4360023.469108121,-464668.9756583009,0.0
2185,21.59882,46.66667,-6.0833282,2024-10-02 18:00:00,-0.028336834,0.12676251,4360023.469108121,-464668.9756583009,0.0
2365,25.21141,46.66667,-6.0833282,2024-10-02 18:00:00,-0.027218325,0.12586214,4360023.469108121,-464668.9756583009,0.0
2545,29.44473,46.66667,-6.0833282,2024-10-02 18:00:00,-0.026266724,0.12558892,4360023.469108121,-464668.9756583009,0.0
2725,34.43415,46.66667,-6.0833282,2024-10-02 18:00:00,-0.025572728,0.12526901,4360023.469108121,-464668.9756583009,0.0
2905,40.34405,46.66667,-6.0833282,2024-10-02 18:00:00,0.013426319,0.118372925,4360023.469108121,-464668.9756583009,0.0
3085,47.37369,46.66667,-6.0833282,2024-10-02 18:00:00,-0.10186099,0.07300012,4360023.469108121,-464668.9756583009,0.0
3265,55.76429,46.66667,-6.0833282,2024-10-02 18:00:00,-0.11449449,0.08849336,4360023.469108121,-464668.9756583009,0.0
3445,65.80727,46.66667,-6.0833282,2024-10-02 18:00:00,-0.11623508,0.09764537,4360023.469108121,-464668.9756583009,0.0
3625,77.85385,46.66667,-6.0833282,2024-10-02 18:00:00,-0.12123151,0.09751882,4360023.469108121,-464668.9756583009,0.0
3805,92.32607,46.66667,-6.0833282,2024-10-02 18:00:00,-0.12656303,0.09829145,4360023.469108121,-464668.9756583009,0.0
3985,109.7293,46.66667,-6.0833282,2024-10-02 18:00:00,-0.12594256,0.0946363,4360023.469108121,-464668.9756583009,0.0
4165,130.666,46.66667,-6.0833282,2024-10-02 18:00:00,-0.11916719,0.08799986,4360023.469108121,-464668.9756583009,0.0
4345,155.8507,46.66667,-6.0833282,2024-10-02 18:00:00,-0.11045881,0.0789022,4360023.469108121,-464668.9756583009,0.0
4525,186.1256,46.66667,-6.0833282,2024-10-02 18:00:00,-0.09381419,0.065953046,4360023.469108121,-464668.9756583009,0.0
4705,222.4752,46.66667,-6.0833282,2024-10-02 18:00:00,-0.07400906,0.053759433,4360023.469108121,-464668.9756583009,0.0
4885,266.0403,46.66667,-6.0833282,2024-10-02 18:00:00,-0.05699291,0.0526686,4360023.469108121,-464668.9756583009,0.0
5065,318.1274,46.66667,-6.0833282,2024-10-02 18:00:00,-0.044977628,0.046504967,4360023.469108121,-464668.9756583009,0.0
5245,380.213,46.66667,-6.0833282,2024-10-02 18:00:00,-0.04073103,0.03906844,4360023.469108121,-464668.9756583009,0.0
5425,453.9377,46.66667,-6.0833282,2024-10-02 18:00:00,-0.040900774,0.040242463,4360023.469108121,-464668.9756583009,0.0
5605,541.0889,46.66667,-6.0833282,2024-10-02 18:00:00,-0.04867802,0.048854064,4360023.469108121,-464668.9756583009,0.0
5785,643.5668,46.66667,-6.0833282,2024-10-02 18:00:00,-0.041306216,0.04595391,4360023.469108121,-464668.9756583009,0.0
5965,763.3331,46.66667,-6.0833282,2024-10-02 18:00:00,-0.0158017,0.08112423,4360023.469108121,-464668.9756583009,0.0
6145,902.3393,46.66667,-6.0833282,2024-10-02 18:00:00,0.01349159,0.10032553,4360023.469108121,-464668.9756583009,0.0
34,0.494025,46.66667,-6.0,2024-10-02 18:00:00,-0.073857576,0.13334614,4360694.650219674,-458327.4764384654,0.0
214,1.541375,46.66667,-6.0,2024-10-02 18:00:00,-0.07034892,0.1382313,4360694.650219674,-458327.4764384654,0.0
394,2.645669,46.66667,-6.0,2024-10-02 18:00:00,-0.06655014,0.14225672,4360694.650219674,-458327.4764384654,0.0
574,3.819495,46.66667,-6.0,2024-10-02 18:00:00,-0.06311631,0.14495476,4360694.650219674,-458327.4764384654,0.0
754,5.078224,46.66667,-6.0,2024-10-02 18:00:00,-0.060240537,0.14657311,4360694.650219674,-458327.4764384654,0.0
934,6.440614,46.66667,-6.0,2024-10-02 18:00:00,-0.05780433,0.14748745,4360694.650219674,-458327.4764384654,0.0
1114,7.92956,46.66667,-6.0,2024-10-02 18:00:00,-0.055639297,0.14793359,4360694.650219674,-458327.4764384654,0.0
1294,9.572997,46.66667,-6.0,2024-10-02 18:00:00,-0.053596653,0.14802353,4360694.650219674,-458327.4764384654,0.0
1474,11.405,46.66667,-6.0,2024-10-02 18:00:00,-0.05152052,0.14778307,4360694.650219674,-458327.4764384654,0.0
1654,13.46714,46.66667,-6.0,2024-10-02 18:00:00,-0.049184605,0.14714213,4360694.650219674,-458327.4764384654,0.0
1834,15.81007,46.66667,-6.0,2024-10-02 18:00:00,-0.04593099,0.14577898,4360694.650219674,-458327.4764384654,0.0
2014,18.49556,46.66667,-6.0,2024-10-02 18:00:00,-0.039014846,0.14256081,4360694.650219674,-458327.4764384654,0.0
2194,21.59882,46.66667,-6.0,2024-10-02 18:00:00,-0.0326082,0.1375252,4360694.650219674,-458327.4764384654,0.0
2374,25.21141,46.66667,-6.0,2024-10-02 18:00:00,-0.031131491,0.13471295,4360694.650219674,-458327.4764384654,0.0
2554,29.44473,46.66667,-6.0,2024-10-02 18:00:00,-0.031131385,0.13337176,4360694.650219674,-458327.4764384654,0.0
2734,34.43415,46.66667,-6.0,2024-10-02 18:00:00,-0.03199433,0.1320929,4360694.650219674,-458327.4764384654,0.0
2914,40.34405,46.66667,-6.0,2024-10-02 18:00:00,-0.015547764,0.12918869,4360694.650219674,-458327.4764384654,0.0
3094,47.37369,46.66667,-6.0,2024-10-02 18:00:00,-0.090020716,0.0896187,4360694.650219674,-458327.4764384654,0.0
3274,55.76429,46.66667,-6.0,2024-10-02 18:00:00,-0.104292475,0.10798844,4360694.650219674,-458327.4764384654,0.0
3454,65.80727,46.66667,-6.0,2024-10-02 18:00:00,-0.109267324,0.12196547,4360694.650219674,-458327.4764384654,0.0
3634,77.85385,46.66667,-6.0,2024-10-02 18:00:00,-0.11762627,0.12642635,4360694.650219674,-458327.4764384654,0.0
3814,92.32607,46.66667,-6.0,2024-10-02 18:00:00,-0.12219795,0.12812158,4360694.650219674,-458327.4764384654,0.0
3994,109.7293,46.66667,-6.0,2024-10-02 18:00:00,-0.12170487,0.12306082,4360694.650219674,-458327.4764384654,0.0
4174,130.666,46.66667,-6.0,2024-10-02 18:00:00,-0.1146027,0.11086299,4360694.650219674,-458327.4764384654,0.0
4354,155.8507,46.66667,-6.0,2024-10-02 18:00:00,-0.10767656,0.09211894,4360694.650219674,-458327.4764384654,0.0
4534,186.1256,46.66667,-6.0,2024-10-02 18:00:00,-0.08975146,0.08021137,4360694.650219674,-458327.4764384654,0.0
4714,222.4752,46.66667,-6.0,2024-10-02 18:00:00,-0.06373438,0.064244844,4360694.650219674,-458327.4764384654,0.0
4894,266.0403,46.66667,-6.0,2024-10-02 18:00:00,-0.04337396,0.065229475,4360694.650219674,-458327.4764384654,0.0
5074,318.1274,46.66667,-6.0,2024-10-02 18:00:00,-0.036062,0.06058027,4360694.650219674,-458327.4764384654,0.0
5254,380.213,46.66667,-6.0,2024-10-02 18:00:00,-0.033702355,0.046954263,4360694.650219674,-458327.4764384654,0.0
5434,453.9377,46.66667,-6.0,2024-10-02 18:00:00,-0.040483013,0.044971664,4360694.650219674,-458327.4764384654,0.0
5614,541.0889,46.66667,-6.0,2024-10-02 18:00:00,-0.051654104,0.05977713,4360694.650219674,-458327.4764384654,0.0
5794,643.5668,46.66667,-6.0,2024-10-02 18:00:00,-0.061345577,0.05844124,4360694.650219674,-458327.4764384654,0.0
5974,763.3331,46.66667,-6.0,2024-10-02 18:00:00,-0.03602253,0.087361544,4360694.650219674,-458327.4764384654,0.0
6154,902.3393,46.66667,-6.0,2024-10-02 18:00:00,-0.0043614865,0.079203546,4360694.650219674,-458327.4764384654,0.0
43,0.494025,46.75,-6.25,2024-10-02 18:00:00,-0.017314963,0.22911216,4351950.96357759,-476616.1460837916,0.0
223,1.541375,46.75,-6.25,2024-10-02 18:00:00,-0.013774787,0.23350412,4351950.96357759,-476616.1460837916,0.0
403,2.645669,46.75,-6.25,2024-10-02 18:00:00,-0.010134922,0.23699994,4351950.96357759,-476616.1460837916,0.0
583,3.819495,46.75,-6.25,2024-10-02 18:00:00,-0.006663993,0.23947768,4351950.96357759,-476616.1460837916,0.0
763,5.078224,46.75,-6.25,2024-10-02 18:00:00,-0.0019985083,0.24193707,4351950.96357759,-476616.1460837916,0.0
943,6.440614,46.75,-6.25,2024-10-02 18:00:00,0.0071086916,0.23973046,4351950.96357759,-476616.1460837916,0.0
1123,7.92956,46.75,-6.25,2024-10-02 18:00:00,0.018305685,0.21700269,4351950.96357759,-476616.1460837916,0.0
1303,9.572997,46.75,-6.25,2024-10-02 18:00:00,0.021584492,0.18730803,4351950.96357759,-476616.1460837916,0.0
1483,11.405,46.75,-6.25,2024-10-02 18:00:00,0.034283184,0.18068275,4351950.96357759,-476616.1460837916,0.0
1663,13.46714,46.75,-6.25,2024-10-02 18:00:00,0.04191474,0.16569921,4351950.96357759,-476616.1460837916,0.0
1843,15.81007,46.75,-6.25,2024-10-02 18:00:00,0.03805355,0.14397486,4351950.96357759,-476616.1460837916,0.0
2023,18.49556,46.75,-6.25,2024-10-02 18:00:00,0.010650913,0.12491497,4351950.96357759,-476616.1460837916,0.0
2203,21.59882,46.75,-6.25,2024-10-02 18:00:00,-0.005292845,0.12714103,4351950.96357759,-476616.1460837916,0.0
2383,25.21141,46.75,-6.25,2024-10-02 18:00:00,-0.0030795708,0.12870288,4351950.96357759,-476616.1460837916,0.0
2563,29.44473,46.75,-6.25,2024-10-02 18:00:00,-0.0050611994,0.121178694,4351950.96357759,-476616.1460837916,0.0
2743,34.43415,46.75,-6.25,2024-10-02 18:00:00,-0.004341761,0.10419812,4351950.96357759,-476616.1460837916,0.0
2923,40.34405,46.75,-6.25,2024-10-02 18:00:00,0.013069861,0.06558407,4351950.96357759,-476616.1460837916,0.0
3103,47.37369,46.75,-6.25,2024-10-02 18:00:00,-0.04983412,0.041072674,4351950.96357759,-476616.1460837916,0.0
3283,55.76429,46.75,-6.25,2024-10-02 18:00:00,-0.08291831,0.069047496,4351950.96357759,-476616.1460837916,0.0
3463,65.80727,46.75,-6.25,2024-10-02 18:00:00,-0.07058262,0.07514755,4351950.96357759,-476616.1460837916,0.0
3643,77.85385,46.75,-6.25,2024-10-02 18:00:00,-0.06661505,0.06589993,4351950.96357759,-476616.1460837916,0.0
3823,92.32607,46.75,-6.25,2024-10-02 18:00:00,-0.06634618,0.052862857,4351950.96357759,-476616.1460837916,0.0
4003,109.7293,46.75,-6.25,2024-10-02 18:00:00,-0.068156786,0.041424412,4351950.96357759,-476616.1460837916,0.0
4183,130.666,46.75,-6.25,2024-10-02 18:00:00,-0.069117114,0.029390123,4351950.96357759,-476616.1460837916,0.0
4363,155.8507,46.75,-6.25,2024-10-02 18:00:00,-0.07220985,0.017964534,4351950.96357759,-476616.1460837916,0.0
4543,186.1256,46.75,-6.25,2024-10-02 18:00:00,-0.06891717,-0.0014689467,4351950.96357759,-476616.1460837916,0.0
4723,222.4752,46.75,-6.25,2024-10-02 18:00:00,-0.061822686,-0.015301855,4351950.96357759,-476616.1460837916,0.0
4903,266.0403,46.75,-6.25,2024-10-02 18:00:00,-0.054083984,-0.020187175,4351950.96357759,-476616.1460837916,0.0
5083,318.1274,46.75,-6.25,2024-10-02 18:00:00,-0.05234267,-0.00987257,4351950.96357759,-476616.1460837916,0.0
5263,380.213,46.75,-6.25,2024-10-02 18:00:00,-0.036396336,0.034319572,4351950.96357759,-476616.1460837916,0.0
5443,453.9377,46.75,-6.25,2024-10-02 18:00:00,-0.025511365,0.059207745,4351950.96357759,-476616.1460837916,0.0
5623,541.0889,46.75,-6.25,2024-10-02 18:00:00,-0.029552678,0.033241976,4351950.96357759,-476616.1460837916,0.0
5803,643.5668,46.75,-6.25,2024-10-02 18:00:00,-0.030294366,0.016765077,4351950.96357759,-476616.1460837916,0.0
5983,763.3331,46.75,-6.25,2024-10-02 18:00:00,-0.022040054,0.031341273,4351950.96357759,-476616.1460837916,0.0
6163,902.3393,46.75,-6.25,2024-10-02 18:00:00,-0.007524624,0.059581537,4351950.96357759,-476616.1460837916,0.0
52,0.494025,46.75,-6.1666565,2024-10-02 18:00:00,-0.041072916,0.15641938,4352639.653859386,-470285.21531356085,0.0
232,1.541375,46.75,-6.1666565,2024-10-02 18:00:00,-0.037370227,0.16119935,4352639.653859386,-470285.21531356085,0.0
412,2.645669,46.75,-6.1666565,2024-10-02 18:00:00,-0.033424526,0.16523543,4352639.653859386,-470285.21531356085,0.0
592,3.819495,46.75,-6.1666565,2024-10-02 18:00:00,-0.029903378,0.16816697,4352639.653859386,-470285.21531356085,0.0
772,5.078224,46.75,-6.1666565,2024-10-02 18:00:00,-0.026733097,0.17031543,4352639.653859386,-470285.21531356085,0.0
952,6.440614,46.75,-6.1666565,2024-10-02 18:00:00,-0.023405526,0.17213655,4352639.653859386,-470285.21531356085,0.0
1132,7.92956,46.75,-6.1666565,2024-10-02 18:00:00,-0.019908115,0.1736512,4352639.653859386,-470285.21531356085,0.0
1312,9.572997,46.75,-6.1666565,2024-10-02 18:00:00,-0.017167976,0.17614141,4352639.653859386,-470285.21531356085,0.0
1492,11.405,46.75,-6.1666565,2024-10-02 18:00:00,-0.014353581,0.17582196,4352639.653859386,-470285.21531356085,0.0
1672,13.46714,46.75,-6.1666565,2024-10-02 18:00:00,-0.012634596,0.16699317,4352639.653859386,-470285.21531356085,0.0
1852,15.81007,46.75,-6.1666565,2024-10-02 18:00:00,-0.012142376,0.15654743,4352639.653859386,-470285.21531356085,0.0
2032,18.49556,46.75,-6.1666565,2024-10-02 18:00:00,-0.015339747,0.1462374,4352639.653859386,-470285.21531356085,0.0
2212,21.59882,46.75,-6.1666565,2024-10-02 18:00:00,-0.01961983,0.14373401,4352639.653859386,-470285.21531356085,0.0
2392,25.21141,46.75,-6.1666565,2024-10-02 18:00:00,-0.019193634,0.13635077,4352639.653859386,-470285.21531356085,0.0
2572,29.44473,46.75,-6.1666565,2024-10-02 18:00:00,-0.022369552,0.12417662,4352639.653859386,-470285.21531356085,0.0
2752,34.43415,46.75,-6.1666565,2024-10-02 18:00:00,-0.023256788,0.10643687,4352639.653859386,-470285.21531356085,0.0
2932,40.34405,46.75,-6.1666565,2024-10-02 18:00:00,0.0020761562,0.070645295,4352639.653859386,-470285.21531356085,0.0
3112,47.37369,46.75,-6.1666565,2024-10-02 18:00:00,-0.082112774,0.026253873,4352639.653859386,-470285.21531356085,0.0
3292,55.76429,46.75,-6.1666565,2024-10-02 18:00:00,-0.09711235,0.07303862,4352639.653859386,-470285.21531356085,0.0
3472,65.80727,46.75,-6.1666565,2024-10-02 18:00:00,-0.09092873,0.08598113,4352639.653859386,-470285.21531356085,0.0
3652,77.85385,46.75,-6.1666565,2024-10-02 18:00:00,-0.08892486,0.07440578,4352639.653859386,-470285.21531356085,0.0
3832,92.32607,46.75,-6.1666565,2024-10-02 18:00:00,-0.086731896,0.055349585,4352639.653859386,-470285.21531356085,0.0
4012,109.7293,46.75,-6.1666565,2024-10-02 18:00:00,-0.08079172,0.044578947,4352639.653859386,-470285.21531356085,0.0
4192,130.666,46.75,-6.1666565,2024-10-02 18:00:00,-0.07841357,0.034660783,4352639.653859386,-470285.21531356085,0.0
4372,155.8507,46.75,-6.1666565,2024-10-02 18:00:00,-0.07866211,0.03101711,4352639.653859386,-470285.21531356085,0.0
4552,186.1256,46.75,-6.1666565,2024-10-02 18:00:00,-0.06661587,0.036812194,4352639.653859386,-470285.21531356085,0.0
4732,222.4752,46.75,-6.1666565,2024-10-02 18:00:00,-0.055229124,0.045504402,4352639.653859386,-470285.21531356085,0.0
4912,266.0403,46.75,-6.1666565,2024-10-02 18:00:00,-0.045460187,0.05754989,4352639.653859386,-470285.21531356085,0.0
5092,318.1274,46.75,-6.1666565,2024-10-02 18:00:00,-0.04484881,0.059759535,4352639.653859386,-470285.21531356085,0.0
5272,380.213,46.75,-6.1666565,2024-10-02 18:00:00,-0.047682375,0.057349768,4352639.653859386,-470285.21531356085,0.0
5452,453.9377,46.75,-6.1666565,2024-10-02 18:00:00,-0.053958382,0.061461255,4352639.653859386,-470285.21531356085,0.0
5632,541.0889,46.75,-6.1666565,2024-10-02 18:00:00,-0.053795353,0.06236714,4352639.653859386,-470285.21531356085,0.0
5812,643.5668,46.75,-6.1666565,2024-10-02 18:00:00,-0.055433713,0.040252756,4352639.653859386,-470285.21531356085,0.0
5992,763.3331,46.75,-6.1666565,2024-10-02 18:00:00,-0.04130819,0.06764393,4352639.653859386,-470285.21531356085,0.0
6172,902.3393,46.75,-6.1666565,2024-10-02 18:00:00,-0.021014715,0.10585553,4352639.653859386,-470285.21531356085,0.0
61,0.494025,46.75,-6.0833282,2024-10-02 18:00:00,-0.058031753,0.11740281,4353319.010767862,-463954.44881885045,0.0
241,1.541375,46.75,-6.0833282,2024-10-02 18:00:00,-0.054303084,0.12240498,4353319.010767862,-463954.44881885045,0.0
421,2.645669,46.75,-6.0833282,2024-10-02 18:00:00,-0.05037644,0.12662612,4353319.010767862,-463954.44881885045,0.0
601,3.819495,46.75,-6.0833282,2024-10-02 18:00:00,-0.047127575,0.12948233,4353319.010767862,-463954.44881885045,0.0
781,5.078224,46.75,-6.0833282,2024-10-02 18:00:00,-0.044633567,0.13129963,4353319.010767862,-463954.44881885045,0.0
961,6.440614,46.75,-6.0833282,2024-10-02 18:00:00,-0.042635307,0.1325077,4353319.010767862,-463954.44881885045,0.0
1141,7.92956,46.75,-6.0833282,2024-10-02 18:00:00,-0.04096801,0.13335909,4353319.010767862,-463954.44881885045,0.0
1321,9.572997,46.75,-6.0833282,2024-10-02 18:00:00,-0.0395004,0.13399105,4353319.010767862,-463954.44881885045,0.0
1501,11.405,46.75,-6.0833282,2024-10-02 18:00:00,-0.038195238,0.13446994,4353319.010767862,-463954.44881885045,0.0
1681,13.46714,46.75,-6.0833282,2024-10-02 18:00:00,-0.03697532,0.13486153,4353319.010767862,-463954.44881885045,0.0
1861,15.81007,46.75,-6.0833282,2024-10-02 18:00:00,-0.035796627,0.13519841,4353319.010767862,-463954.44881885045,0.0
2041,18.49556,46.75,-6.0833282,2024-10-02 18:00:00,-0.03482823,0.1355152,4353319.010767862,-463954.44881885045,0.0
2221,21.59882,46.75,-6.0833282,2024-10-02 18:00:00,-0.034187563,0.13575448,4353319.010767862,-463954.44881885045,0.0
2401,25.21141,46.75,-6.0833282,2024-10-02 18:00:00,-0.033197045,0.13574865,4353319.010767862,-463954.44881885045,0.0
2581,29.44473,46.75,-6.0833282,2024-10-02 18:00:00,-0.032749332,0.13548604,4353319.010767862,-463954.44881885045,0.0
2761,34.43415,46.75,-6.0833282,2024-10-02 18:00:00,-0.03211706,0.13459446,4353319.010767862,-463954.44881885045,0.0
2941,40.34405,46.75,-6.0833282,2024-10-02 18:00:00,0.0013678176,0.12656252,4353319.010767862,-463954.44881885045,0.0
3121,47.37369,46.75,-6.0833282,2024-10-02 18:00:00,-0.08705952,0.062950924,4353319.010767862,-463954.44881885045,0.0
3301,55.76429,46.75,-6.0833282,2024-10-02 18:00:00,-0.105435066,0.092957705,4353319.010767862,-463954.44881885045,0.0
3481,65.80727,46.75,-6.0833282,2024-10-02 18:00:00,-0.0954491,0.10614467,4353319.010767862,-463954.44881885045,0.0
3661,77.85385,46.75,-6.0833282,2024-10-02 18:00:00,-0.09048576,0.09783399,4353319.010767862,-463954.44881885045,0.0
3841,92.32607,46.75,-6.0833282,2024-10-02 18:00:00,-0.08666174,0.08704244,4353319.010767862,-463954.44881885045,0.0
4021,109.7293,46.75,-6.0833282,2024-10-02 18:00:00,-0.08093497,0.08335751,4353319.010767862,-463954.44881885045,0.0
4201,130.666,46.75,-6.0833282,2024-10-02 18:00:00,-0.07712846,0.08093633,4353319.010767862,-463954.44881885045,0.0
4381,155.8507,46.75,-6.0833282,2024-10-02 18:00:00,-0.07667224,0.081263825,4353319.010767862,-463954.44881885045,0.0
4561,186.1256,46.75,-6.0833282,2024-10-02 18:00:00,-0.07425402,0.0864859,4353319.010767862,-463954.44881885045,0.0
4741,222.4752,46.75,-6.0833282,2024-10-02 18:00:00,-0.0702228,0.07627236,4353319.010767862,-463954.44881885045,0.0
4921,266.0403,46.75,-6.0833282,2024-10-02 18:00:00,-0.070492536,0.077626266,4353319.010767862,-463954.44881885045,0.0
5101,318.1274,46.75,-6.0833282,2024-10-02 18:00:00,-0.07524197,0.06546235,4353319.010767862,-463954.44881885045,0.0
5281,380.213,46.75,-6.0833282,2024-10-02 18:00:00,-0.06922765,0.051133696,4353319.010767862,-463954.44881885045,0.0
5461,453.9377,46.75,-6.0833282,2024-10-02 18:00:00,-0.073900856,0.054619156,4353319.010767862,-463954.44881885045,0.0
5641,541.0889,46.75,-6.0833282,2024-10-02 18:00:00,-0.0824578,0.06345862,4353319.010767862,-463954.44881885045,0.0
5821,643.5668,46.75,-6.0833282,2024-10-02 18:00:00,-0.07441779,0.066870354,4353319.010767862,-463954.44881885045,0.0
6001,763.3331,46.75,-6.0833282,2024-10-02 18:00:00,-0.058637545,0.100576684,4353319.010767862,-463954.44881885045,0.0
6181,902.3393,46.75,-6.0833282,2024-10-02 18:00:00,-0.03292239,0.11973395,4353319.010767862,-463954.44881885045,0.0
70,0.494025,46.75,-6.0,2024-10-02 18:00:00,-0.071543485,0.13297197,4353989.159796485,-457622.70099545474,0.0
250,1.541375,46.75,-6.0,2024-10-02 18:00:00,-0.06782055,0.13794748,4353989.159796485,-457622.70099545474,0.0
430,2.645669,46.75,-6.0,2024-10-02 18:00:00,-0.06384162,0.14211847,4353989.159796485,-457622.70099545474,0.0
610,3.819495,46.75,-6.0,2024-10-02 18:00:00,-0.060484562,0.14490965,4353989.159796485,-457622.70099545474,0.0
790,5.078224,46.75,-6.0,2024-10-02 18:00:00,-0.05789836,0.14663284,4353989.159796485,-457622.70099545474,0.0
970,6.440614,46.75,-6.0,2024-10-02 18:00:00,-0.05585909,0.14772293,4353989.159796485,-457622.70099545474,0.0
1150,7.92956,46.75,-6.0,2024-10-02 18:00:00,-0.05416431,0.1484402,4353989.159796485,-457622.70099545474,0.0
1330,9.572997,46.75,-6.0,2024-10-02 18:00:00,-0.052666277,0.148931,4353989.159796485,-457622.70099545474,0.0
1510,11.405,46.75,-6.0,2024-10-02 18:00:00,-0.051289074,0.14925595,4353989.159796485,-457622.70099545474,0.0
1690,13.46714,46.75,-6.0,2024-10-02 18:00:00,-0.049969528,0.14945368,4353989.159796485,-457622.70099545474,0.0
1870,15.81007,46.75,-6.0,2024-10-02 18:00:00,-0.04865268,0.14954683,4353989.159796485,-457622.70099545474,0.0
2050,18.49556,46.75,-6.0,2024-10-02 18:00:00,-0.047327362,0.1495432,4353989.159796485,-457622.70099545474,0.0
2230,21.59882,46.75,-6.0,2024-10-02 18:00:00,-0.046051133,0.14945887,4353989.159796485,-457622.70099545474,0.0
2410,25.21141,46.75,-6.0,2024-10-02 18:00:00,-0.044900388,0.14931752,4353989.159796485,-457622.70099545474,0.0
2590,29.44473,46.75,-6.0,2024-10-02 18:00:00,-0.04393325,0.14915094,4353989.159796485,-457622.70099545474,0.0
2770,34.43415,46.75,-6.0,2024-10-02 18:00:00,-0.04310458,0.14897354,4353989.159796485,-457622.70099545474,0.0
2950,40.34405,46.75,-6.0,2024-10-02 18:00:00,-0.01565828,0.14981562,4353989.159796485,-457622.70099545474,0.0
3130,47.37369,46.75,-6.0,2024-10-02 18:00:00,-0.081325844,0.09982376,4353989.159796485,-457622.70099545474,0.0
3310,55.76429,46.75,-6.0,2024-10-02 18:00:00,-0.103827685,0.10966794,4353989.159796485,-457622.70099545474,0.0
3490,65.80727,46.75,-6.0,2024-10-02 18:00:00,-0.097598255,0.12455596,4353989.159796485,-457622.70099545474,0.0
3670,77.85385,46.75,-6.0,2024-10-02 18:00:00,-0.09066188,0.1213677,4353989.159796485,-457622.70099545474,0.0
3850,92.32607,46.75,-6.0,2024-10-02 18:00:00,-0.0863096,0.11693789,4353989.159796485,-457622.70099545474,0.0
4030,109.7293,46.75,-6.0,2024-10-02 18:00:00,-0.081525885,0.1154175,4353989.159796485,-457622.70099545474,0.0
4210,130.666,46.75,-6.0,2024-10-02 18:00:00,-0.07526644,0.10659534,4353989.159796485,-457622.70099545474,0.0
4390,155.8507,46.75,-6.0,2024-10-02 18:00:00,-0.08417812,0.09434896,4353989.159796485,-457622.70099545474,0.0
4570,186.1256,46.75,-6.0,2024-10-02 18:00:00,-0.09308673,0.08329403,4353989.159796485,-457622.70099545474,0.0
4750,222.4752,46.75,-6.0,2024-10-02 18:00:00,-0.08594112,0.06163036,4353989.159796485,-457622.70099545474,0.0
4930,266.0403,46.75,-6.0,2024-10-02 18:00:00,-0.08129872,0.059062544,4353989.159796485,-457622.70099545474,0.0
5110,318.1274,46.75,-6.0,2024-10-02 18:00:00,-0.076410286,0.052031666,4353989.159796485,-457622.70099545474,0.0
5290,380.213,46.75,-6.0,2024-10-02 18:00:00,-0.0812208,0.055059258,4353989.159796485,-457622.70099545474,0.0
5470,453.9377,46.75,-6.0,2024-10-02 18:00:00,-0.0839802,0.05407113,4353989.159796485,-457622.70099545474,0.0
5650,541.0889,46.75,-6.0,2024-10-02 18:00:00,-0.086341485,0.060290657,4353989.159796485,-457622.70099545474,0.0
5830,643.5668,46.75,-6.0,2024-10-02 18:00:00,-0.085154995,0.07178476,4353989.159796485,-457622.70099545474,0.0
6010,763.3331,46.75,-6.0,2024-10-02 18:00:00,-0.06911526,0.106655926,4353989.159796485,-457622.70099545474,0.0
6190,902.3393,46.75,-6.0,2024-10-02 18:00:00,-0.0628919,0.111234136,4353989.159796485,-457622.70099545474,0.0
79,0.494025,46.833336,-6.25,2024-10-02 18:00:00,-0.023584096,0.22281462,4345238.723142079,-475881.0361998027,0.0
259,1.541375,46.833336,-6.25,2024-10-02 18:00:00,-0.019882921,0.2270346,4345238.723142079,-475881.0361998027,0.0
439,2.645669,46.833336,-6.25,2024-10-02 18:00:00,-0.016111739,0.23034184,4345238.723142079,-475881.0361998027,0.0
619,3.819495,46.833336,-6.25,2024-10-02 18:00:00,-0.012302433,0.23275319,4345238.723142079,-475881.0361998027,0.0
799,5.078224,46.833336,-6.25,2024-10-02 18:00:00,-0.0051283073,0.23656015,4345238.723142079,-475881.0361998027,0.0
979,6.440614,46.833336,-6.25,2024-10-02 18:00:00,0.019618962,0.22901483,4345238.723142079,-475881.0361998027,0.0
1159,7.92956,46.833336,-6.25,2024-10-02 18:00:00,0.04648874,0.19997272,4345238.723142079,-475881.0361998027,0.0
1339,9.572997,46.833336,-6.25,2024-10-02 18:00:00,0.029413588,0.15750463,4345238.723142079,-475881.0361998027,0.0
1519,11.405,46.833336,-6.25,2024-10-02 18:00:00,0.017704934,0.15630348,4345238.723142079,-475881.0361998027,0.0
1699,13.46714,46.833336,-6.25,2024-10-02 18:00:00,0.017681539,0.15254632,4345238.723142079,-475881.0361998027,0.0
1879,15.81007,46.833336,-6.25,2024-10-02 18:00:00,0.012824552,0.1385729,4345238.723142079,-475881.0361998027,0.0
2059,18.49556,46.833336,-6.25,2024-10-02 18:00:00,-8.181669e-05,0.12984118,4345238.723142079,-475881.0361998027,0.0
2239,21.59882,46.833336,-6.25,2024-10-02 18:00:00,-0.0047149593,0.13719323,4345238.723142079,-475881.0361998027,0.0
2419,25.21141,46.833336,-6.25,2024-10-02 18:00:00,0.001913487,0.1422463,4345238.723142079,-475881.0361998027,0.0
2599,29.44473,46.833336,-6.25,2024-10-02 18:00:00,0.0063304272,0.13854872,4345238.723142079,-475881.0361998027,0.0
2779,34.43415,46.833336,-6.25,2024-10-02 18:00:00,0.0070746597,0.13174105,4345238.723142079,-475881.0361998027,0.0
2959,40.34405,46.833336,-6.25,2024-10-02 18:00:00,0.026987765,0.09497015,4345238.723142079,-475881.0361998027,0.0
3139,47.37369,46.833336,-6.25,2024-10-02 18:00:00,-0.020873364,0.08071596,4345238.723142079,-475881.0361998027,0.0
3319,55.76429,46.833336,-6.25,2024-10-02 18:00:00,-0.076794945,0.100928515,4345238.723142079,-475881.0361998027,0.0
3499,65.80727,46.833336,-6.25,2024-10-02 18:00:00,-0.07171531,0.11489996,4345238.723142079,-475881.0361998027,0.0
3679,77.85385,46.833336,-6.25,2024-10-02 18:00:00,-0.066624284,0.10872561,4345238.723142079,-475881.0361998027,0.0
3859,92.32607,46.833336,-6.25,2024-10-02 18:00:00,-0.06086248,0.09275558,4345238.723142079,-475881.0361998027,0.0
4039,109.7293,46.833336,-6.25,2024-10-02 18:00:00,-0.05605268,0.08060321,4345238.723142079,-475881.0361998027,0.0
4219,130.666,46.833336,-6.25,2024-10-02 18:00:00,-0.046269357,0.06915427,4345238.723142079,-475881.0361998027,0.0
4399,155.8507,46.833336,-6.25,2024-10-02 18:00:00,-0.04861702,0.054307166,4345238.723142079,-475881.0361998027,0.0
4579,186.1256,46.833336,-6.25,2024-10-02 18:00:00,-0.047400918,0.026657574,4345238.723142079,-475881.0361998027,0.0
4759,222.4752,46.833336,-6.25,2024-10-02 18:00:00,-0.028085297,-0.004583089,4345238.723142079,-475881.0361998027,0.0
4939,266.0403,46.833336,-6.25,2024-10-02 18:00:00,-0.021526325,-0.013424854,4345238.723142079,-475881.0361998027,0.0
5119,318.1274,46.833336,-6.25,2024-10-02 18:00:00,-0.031035293,0.0046730875,4345238.723142079,-475881.0361998027,0.0
5299,380.213,46.833336,-6.25,2024-10-02 18:00:00,-0.031519182,0.042264495,4345238.723142079,-475881.0361998027,0.0
5479,453.9377,46.833336,-6.25,2024-10-02 18:00:00,-0.04005995,0.0731263,4345238.723142079,-475881.0361998027,0.0
5659,541.0889,46.833336,-6.25,2024-10-02 18:00:00,-0.03716854,0.05219568,4345238.723142079,-475881.0361998027,0.0
5839,643.5668,46.833336,-6.25,2024-10-02 18:00:00,-0.053897582,0.04339835,4345238.723142079,-475881.0361998027,0.0
6019,763.3331,46.833336,-6.25,2024-10-02 18:00:00,-0.05536089,0.04968014,4345238.723142079,-475881.0361998027,0.0
6199,902.3393,46.833336,-6.25,2024-10-02 18:00:00,-0.06079573,0.089868546,4345238.723142079,-475881.0361998027,0.0
88,0.494025,46.833336,-6.1666565,2024-10-02 18:00:00,-0.0455503,0.21475314,4345926.351221016,-469559.8699535443,0.0
268,1.541375,46.833336,-6.1666565,2024-10-02 18:00:00,-0.041941486,0.21919946,4345926.351221016,-469559.8699535443,0.0
448,2.645669,46.833336,-6.1666565,2024-10-02 18:00:00,-0.038210053,0.2228122,4345926.351221016,-469559.8699535443,0.0
628,3.819495,46.833336,-6.1666565,2024-10-02 18:00:00,-0.03460228,0.22542794,4345926.351221016,-469559.8699535443,0.0
808,5.078224,46.833336,-6.1666565,2024-10-02 18:00:00,-0.030187275,0.2275139,4345926.351221016,-469559.8699535443,0.0
988,6.440614,46.833336,-6.1666565,2024-10-02 18:00:00,-0.020949144,0.23053195,4345926.351221016,-469559.8699535443,0.0
1168,7.92956,46.833336,-6.1666565,2024-10-02 18:00:00,-0.007870992,0.22551131,4345926.351221016,-469559.8699535443,0.0
1348,9.572997,46.833336,-6.1666565,2024-10-02 18:00:00,0.0038055135,0.20636538,4345926.351221016,-469559.8699535443,0.0
1528,11.405,46.833336,-6.1666565,2024-10-02 18:00:00,0.015106986,0.19528556,4345926.351221016,-469559.8699535443,0.0
1708,13.46714,46.833336,-6.1666565,2024-10-02 18:00:00,0.020467717,0.18253864,4345926.351221016,-469559.8699535443,0.0
1888,15.81007,46.833336,-6.1666565,2024-10-02 18:00:00,0.017590405,0.16119471,4345926.351221016,-469559.8699535443,0.0
2068,18.49556,46.833336,-6.1666565,2024-10-02 18:00:00,-0.0042952374,0.14759684,4345926.351221016,-469559.8699535443,0.0
2248,21.59882,46.833336,-6.1666565,2024-10-02 18:00:00,-0.012184863,0.15218085,4345926.351221016,-469559.8699535443,0.0
2428,25.21141,46.833336,-6.1666565,2024-10-02 18:00:00,-0.007926893,0.15286084,4345926.351221016,-469559.8699535443,0.0
2608,29.44473,46.833336,-6.1666565,2024-10-02 18:00:00,-0.006783515,0.13952464,4345926.351221016,-469559.8699535443,0.0
2788,34.43415,46.833336,-6.1666565,2024-10-02 18:00:00,-0.011486744,0.12029533,4345926.351221016,-469559.8699535443,0.0
2968,40.34405,46.833336,-6.1666565,2024-10-02 18:00:00,0.018984046,0.08569224,4345926.351221016,-469559.8699535443,0.0
3148,47.37369,46.833336,-6.1666565,2024-10-02 18:00:00,-0.06464826,0.04719986,4345926.351221016,-469559.8699535443,0.0
3328,55.76429,46.833336,-6.1666565,2024-10-02 18:00:00,-0.10254657,0.094877556,4345926.351221016,-469559.8699535443,0.0
3508,65.80727,46.833336,-6.1666565,2024-10-02 18:00:00,-0.080823824,0.1109248,4345926.351221016,-469559.8699535443,0.0
3688,77.85385,46.833336,-6.1666565,2024-10-02 18:00:00,-0.065117,0.09306606,4345926.351221016,-469559.8699535443,0.0
3868,92.32607,46.833336,-6.1666565,2024-10-02 18:00:00,-0.052908696,0.07036548,4345926.351221016,-469559.8699535443,0.0
4048,109.7293,46.833336,-6.1666565,2024-10-02 18:00:00,-0.04578149,0.055214632,4345926.351221016,-469559.8699535443,0.0
4228,130.666,46.833336,-6.1666565,2024-10-02 18:00:00,-0.04600601,0.04408559,4345926.351221016,-469559.8699535443,0.0
4408,155.8507,46.833336,-6.1666565,2024-10-02 18:00:00,-0.052412268,0.03855562,4345926.351221016,-469559.8699535443,0.0
4588,186.1256,46.833336,-6.1666565,2024-10-02 18:00:00,-0.0554895,0.04341975,4345926.351221016,-469559.8699535443,0.0
4768,222.4752,46.833336,-6.1666565,2024-10-02 18:00:00,-0.048604943,0.047142282,4345926.351221016,-469559.8699535443,0.0
4948,266.0403,46.833336,-6.1666565,2024-10-02 18:00:00,-0.041912016,0.058714032,4345926.351221016,-469559.8699535443,0.0
5128,318.1274,46.833336,-6.1666565,2024-10-02 18:00:00,-0.040516227,0.07590808,4345926.351221016,-469559.8699535443,0.0
5308,380.213,46.833336,-6.1666565,2024-10-02 18:00:00,-0.044355903,0.09209481,4345926.351221016,-469559.8699535443,0.0
5488,453.9377,46.833336,-6.1666565,2024-10-02 18:00:00,-0.05370171,0.097772785,4345926.351221016,-469559.8699535443,0.0
5668,541.0889,46.833336,-6.1666565,2024-10-02 18:00:00,-0.05933198,0.09245514,4345926.351221016,-469559.8699535443,0.0
5848,643.5668,46.833336,-6.1666565,2024-10-02 18:00:00,-0.07353975,0.065004535,4345926.351221016,-469559.8699535443,0.0
6028,763.3331,46.833336,-6.1666565,2024-10-02 18:00:00,-0.07525755,0.09013588,4345926.351221016,-469559.8699535443,0.0
6208,902.3393,46.833336,-6.1666565,2024-10-02 18:00:00,-0.06590933,0.13255112,4345926.351221016,-469559.8699535443,0.0
97,0.494025,46.833336,-6.0833282,2024-10-02 18:00:00,-0.074752845,0.17230411,4346604.66032198,-463238.86772943556,0.0
277,1.541375,46.833336,-6.0833282,2024-10-02 18:00:00,-0.07102949,0.17694789,4346604.66032198,-463238.86772943556,0.0
457,2.645669,46.833336,-6.0833282,2024-10-02 18:00:00,-0.06699714,0.18079863,4346604.66032198,-463238.86772943556,0.0
637,3.819495,46.833336,-6.0833282,2024-10-02 18:00:00,-0.06315925,0.18352216,4346604.66032198,-463238.86772943556,0.0
817,5.078224,46.833336,-6.0833282,2024-10-02 18:00:00,-0.0595109,0.18531305,4346604.66032198,-463238.86772943556,0.0
997,6.440614,46.833336,-6.0833282,2024-10-02 18:00:00,-0.05552454,0.18651532,4346604.66032198,-463238.86772943556,0.0
1177,7.92956,46.833336,-6.0833282,2024-10-02 18:00:00,-0.05025987,0.18742698,4346604.66032198,-463238.86772943556,0.0
1357,9.572997,46.833336,-6.0833282,2024-10-02 18:00:00,-0.042870935,0.18708554,4346604.66032198,-463238.86772943556,0.0
1537,11.405,46.833336,-6.0833282,2024-10-02 18:00:00,-0.035604227,0.18352665,4346604.66032198,-463238.86772943556,0.0
1717,13.46714,46.833336,-6.0833282,2024-10-02 18:00:00,-0.029529706,0.17720315,4346604.66032198,-463238.86772943556,0.0
1897,15.81007,46.833336,-6.0833282,2024-10-02 18:00:00,-0.022730116,0.16968544,4346604.66032198,-463238.86772943556,0.0
2077,18.49556,46.833336,-6.0833282,2024-10-02 18:00:00,-0.015572311,0.1619831,4346604.66032198,-463238.86772943556,0.0
2257,21.59882,46.833336,-6.0833282,2024-10-02 18:00:00,-0.010682934,0.16193628,4346604.66032198,-463238.86772943556,0.0
2437,25.21141,46.833336,-6.0833282,2024-10-02 18:00:00,-0.01024612,0.15297383,4346604.66032198,-463238.86772943556,0.0
2617,29.44473,46.833336,-6.0833282,2024-10-02 18:00:00,-0.010682449,0.1369041,4346604.66032198,-463238.86772943556,0.0
2797,34.43415,46.833336,-6.0833282,2024-10-02 18:00:00,-0.01622512,0.11975017,4346604.66032198,-463238.86772943556,0.0
2977,40.34405,46.833336,-6.0833282,2024-10-02 18:00:00,0.011489273,0.1055404,4346604.66032198,-463238.86772943556,0.0
3157,47.37369,46.833336,-6.0833282,2024-10-02 18:00:00,-0.09146586,0.047339253,4346604.66032198,-463238.86772943556,0.0
3337,55.76429,46.833336,-6.0833282,2024-10-02 18:00:00,-0.11455301,0.09768214,4346604.66032198,-463238.86772943556,0.0
3517,65.80727,46.833336,-6.0833282,2024-10-02 18:00:00,-0.089643404,0.121205114,4346604.66032198,-463238.86772943556,0.0
3697,77.85385,46.833336,-6.0833282,2024-10-02 18:00:00,-0.06691806,0.11091098,4346604.66032198,-463238.86772943556,0.0
3877,92.32607,46.833336,-6.0833282,2024-10-02 18:00:00,-0.051417682,0.09195995,4346604.66032198,-463238.86772943556,0.0
4057,109.7293,46.833336,-6.0833282,2024-10-02 18:00:00,-0.04131139,0.08161955,4346604.66032198,-463238.86772943556,0.0
4237,130.666,46.833336,-6.0833282,2024-10-02 18:00:00,-0.039495997,0.076697335,4346604.66032198,-463238.86772943556,0.0
4417,155.8507,46.833336,-6.0833282,2024-10-02 18:00:00,-0.053174186,0.078434736,4346604.66032198,-463238.86772943556,0.0
4597,186.1256,46.833336,-6.0833282,2024-10-02 18:00:00,-0.059607513,0.09368026,4346604.66032198,-463238.86772943556,0.0
4777,222.4752,46.833336,-6.0833282,2024-10-02 18:00:00,-0.051119305,0.1079444,4346604.66032198,-463238.86772943556,0.0
4957,266.0403,46.833336,-6.0833282,2024-10-02 18:00:00,-0.05392163,0.11879667,4346604.66032198,-463238.86772943556,0.0
5137,318.1274,46.833336,-6.0833282,2024-10-02 18:00:00,-0.060640052,0.10549256,4346604.66032198,-463238.86772943556,0.0
5317,380.213,46.833336,-6.0833282,2024-10-02 18:00:00,-0.06846947,0.08692983,4346604.66032198,-463238.86772943556,0.0
5497,453.9377,46.833336,-6.0833282,2024-10-02 18:00:00,-0.07353944,0.08616783,4346604.66032198,-463238.86772943556,0.0
5677,541.0889,46.833336,-6.0833282,2024-10-02 18:00:00,-0.08145797,0.09123206,4346604.66032198,-463238.86772943556,0.0
5857,643.5668,46.833336,-6.0833282,2024-10-02 18:00:00,-0.09473161,0.09144833,4346604.66032198,-463238.86772943556,0.0
6037,763.3331,46.833336,-6.0833282,2024-10-02 18:00:00,-0.09026445,0.119962744,4346604.66032198,-463238.86772943556,0.0
6217,902.3393,46.833336,-6.0833282,2024-10-02 18:00:00,-0.066867754,0.1335092,4346604.66032198,-463238.86772943556,0.0
106,0.494025,46.833336,-6.0,2024-10-02 18:00:00,-0.073583454,0.1604764,4347273.775744883,-456916.88569019584,0.0
286,1.541375,46.833336,-6.0,2024-10-02 18:00:00,-0.06985053,0.1652784,4347273.775744883,-456916.88569019584,0.0
466,2.645669,46.833336,-6.0,2024-10-02 18:00:00,-0.06583515,0.16930169,4347273.775744883,-456916.88569019584,0.0
646,3.819495,46.833336,-6.0,2024-10-02 18:00:00,-0.062281635,0.17206015,4347273.775744883,-456916.88569019584,0.0
826,5.078224,46.833336,-6.0,2024-10-02 18:00:00,-0.05933976,0.17377362,4347273.775744883,-456916.88569019584,0.0
1006,6.440614,46.833336,-6.0,2024-10-02 18:00:00,-0.05678663,0.17481275,4347273.775744883,-456916.88569019584,0.0
1186,7.92956,46.833336,-6.0,2024-10-02 18:00:00,-0.054339476,0.17540953,4347273.775744883,-456916.88569019584,0.0
1366,9.572997,46.833336,-6.0,2024-10-02 18:00:00,-0.05189547,0.17569044,4347273.775744883,-456916.88569019584,0.0
1546,11.405,46.833336,-6.0,2024-10-02 18:00:00,-0.04939211,0.17568716,4347273.775744883,-456916.88569019584,0.0
1726,13.46714,46.833336,-6.0,2024-10-02 18:00:00,-0.046626635,0.17535873,4347273.775744883,-456916.88569019584,0.0
1906,15.81007,46.833336,-6.0,2024-10-02 18:00:00,-0.043109145,0.17452586,4347273.775744883,-456916.88569019584,0.0
2086,18.49556,46.833336,-6.0,2024-10-02 18:00:00,-0.038252458,0.1727628,4347273.775744883,-456916.88569019584,0.0
2266,21.59882,46.833336,-6.0,2024-10-02 18:00:00,-0.03506522,0.16983508,4347273.775744883,-456916.88569019584,0.0
2446,25.21141,46.833336,-6.0,2024-10-02 18:00:00,-0.033785187,0.1670992,4347273.775744883,-456916.88569019584,0.0
2626,29.44473,46.833336,-6.0,2024-10-02 18:00:00,-0.03251507,0.16400918,4347273.775744883,-456916.88569019584,0.0
2806,34.43415,46.833336,-6.0,2024-10-02 18:00:00,-0.03203617,0.15927052,4347273.775744883,-456916.88569019584,0.0
2986,40.34405,46.833336,-6.0,2024-10-02 18:00:00,0.0012341952,0.15317182,4347273.775744883,-456916.88569019584,0.0
3166,47.37369,46.833336,-6.0,2024-10-02 18:00:00,-0.090696245,0.08800426,4347273.775744883,-456916.88569019584,0.0
3346,55.76429,46.833336,-6.0,2024-10-02 18:00:00,-0.105157055,0.11514264,4347273.775744883,-456916.88569019584,0.0
3526,65.80727,46.833336,-6.0,2024-10-02 18:00:00,-0.08785948,0.1309156,4347273.775744883,-456916.88569019584,0.0
3706,77.85385,46.833336,-6.0,2024-10-02 18:00:00,-0.06832871,0.12782156,4347273.775744883,-456916.88569019584,0.0
3886,92.32607,46.833336,-6.0,2024-10-02 18:00:00,-0.054380592,0.12530147,4347273.775744883,-456916.88569019584,0.0
4066,109.7293,46.833336,-6.0,2024-10-02 18:00:00,-0.046926204,0.12812135,4347273.775744883,-456916.88569019584,0.0
4246,130.666,46.833336,-6.0,2024-10-02 18:00:00,-0.047507964,0.12529956,4347273.775744883,-456916.88569019584,0.0
4426,155.8507,46.833336,-6.0,2024-10-02 18:00:00,-0.06676308,0.11312152,4347273.775744883,-456916.88569019584,0.0
4606,186.1256,46.833336,-6.0,2024-10-02 18:00:00,-0.07654988,0.111961894,4347273.775744883,-456916.88569019584,0.0
4786,222.4752,46.833336,-6.0,2024-10-02 18:00:00,-0.06764416,0.09581248,4347273.775744883,-456916.88569019584,0.0
4966,266.0403,46.833336,-6.0,2024-10-02 18:00:00,-0.07775422,0.076217905,4347273.775744883,-456916.88569019584,0.0
5146,318.1274,46.833336,-6.0,2024-10-02 18:00:00,-0.08869651,0.066174604,4347273.775744883,-456916.88569019584,0.0
5326,380.213,46.833336,-6.0,2024-10-02 18:00:00,-0.083131105,0.062253907,4347273.775744883,-456916.88569019584,0.0
5506,453.9377,46.833336,-6.0,2024-10-02 18:00:00,-0.0811926,0.061820626,4347273.775744883,-456916.88569019584,0.0
5686,541.0889,46.833336,-6.0,2024-10-02 18:00:00,-0.09589754,0.066802606,4347273.775744883,-456916.88569019584,0.0
5866,643.5668,46.833336,-6.0,2024-10-02 18:00:00,-0.098784156,0.07707595,4347273.775744883,-456916.88569019584,0.0
6046,763.3331,46.833336,-6.0,2024-10-02 18:00:00,-0.091434896,0.11193157,4347273.775744883,-456916.88569019584,0.0
6226,902.3393,46.833336,-6.0,2024-10-02 18:00:00,-0.065359674,0.12109573,4347273.775744883,-456916.88569019584,0.0
115,0.494025,46.91667,-6.25,2024-10-02 18:00:00,-0.084455706,0.17335692,4338517.220887722,-475144.9119816816,0.0
295,1.541375,46.91667,-6.25,2024-10-02 18:00:00,-0.08066174,0.17762181,4338517.220887722,-475144.9119816816,0.0
475,2.645669,46.91667,-6.25,2024-10-02 18:00:00,-0.07675927,0.1810611,4338517.220887722,-475144.9119816816,0.0
655,3.819495,46.91667,-6.25,2024-10-02 18:00:00,-0.072845206,0.18365864,4338517.220887722,-475144.9119816816,0.0
835,5.078224,46.91667,-6.25,2024-10-02 18:00:00,-0.06660678,0.18706514,4338517.220887722,-475144.9119816816,0.0
1015,6.440614,46.91667,-6.25,2024-10-02 18:00:00,-0.04410136,0.18570317,4338517.220887722,-475144.9119816816,0.0
1195,7.92956,46.91667,-6.25,2024-10-02 18:00:00,-0.01628451,0.16504274,4338517.220887722,-475144.9119816816,0.0
1375,9.572997,46.91667,-6.25,2024-10-02 18:00:00,-0.029085085,0.13701148,4338517.220887722,-475144.9119816816,0.0
1555,11.405,46.91667,-6.25,2024-10-02 18:00:00,-0.032971747,0.14271735,4338517.220887722,-475144.9119816816,0.0
1735,13.46714,46.91667,-6.25,2024-10-02 18:00:00,-0.02748578,0.13454124,4338517.220887722,-475144.9119816816,0.0
1915,15.81007,46.91667,-6.25,2024-10-02 18:00:00,-0.03271255,0.11882845,4338517.220887722,-475144.9119816816,0.0
2095,18.49556,46.91667,-6.25,2024-10-02 18:00:00,-0.039844982,0.118345805,4338517.220887722,-475144.9119816816,0.0
2275,21.59882,46.91667,-6.25,2024-10-02 18:00:00,-0.032044075,0.1317198,4338517.220887722,-475144.9119816816,0.0
2455,25.21141,46.91667,-6.25,2024-10-02 18:00:00,-0.016796514,0.13692033,4338517.220887722,-475144.9119816816,0.0
2635,29.44473,46.91667,-6.25,2024-10-02 18:00:00,-0.0061815865,0.131357,4338517.220887722,-475144.9119816816,0.0
2815,34.43415,46.91667,-6.25,2024-10-02 18:00:00,0.0024700295,0.120828524,4338517.220887722,-475144.9119816816,0.0
2995,40.34405,46.91667,-6.25,2024-10-02 18:00:00,0.013537826,0.092360914,4338517.220887722,-475144.9119816816,0.0
3175,47.37369,46.91667,-6.25,2024-10-02 18:00:00,-0.038330846,0.088403575,4338517.220887722,-475144.9119816816,0.0
3355,55.76429,46.91667,-6.25,2024-10-02 18:00:00,-0.10780966,0.124282576,4338517.220887722,-475144.9119816816,0.0
3535,65.80727,46.91667,-6.25,2024-10-02 18:00:00,-0.100325435,0.14176875,4338517.220887722,-475144.9119816816,0.0
3715,77.85385,46.91667,-6.25,2024-10-02 18:00:00,-0.08464693,0.1288286,4338517.220887722,-475144.9119816816,0.0
3895,92.32607,46.91667,-6.25,2024-10-02 18:00:00,-0.07294455,0.104272164,4338517.220887722,-475144.9119816816,0.0
4075,109.7293,46.91667,-6.25,2024-10-02 18:00:00,-0.06387191,0.08579255,4338517.220887722,-475144.9119816816,0.0
4255,130.666,46.91667,-6.25,2024-10-02 18:00:00,-0.06001253,0.07940683,4338517.220887722,-475144.9119816816,0.0
4435,155.8507,46.91667,-6.25,2024-10-02 18:00:00,-0.06091154,0.06875947,4338517.220887722,-475144.9119816816,0.0
4615,186.1256,46.91667,-6.25,2024-10-02 18:00:00,-0.04806535,0.040405907,4338517.220887722,-475144.9119816816,0.0
4795,222.4752,46.91667,-6.25,2024-10-02 18:00:00,-0.03537735,0.011971202,4338517.220887722,-475144.9119816816,0.0
4975,266.0403,46.91667,-6.25,2024-10-02 18:00:00,-0.027447328,0.009039327,4338517.220887722,-475144.9119816816,0.0
5155,318.1274,46.91667,-6.25,2024-10-02 18:00:00,-0.037521414,0.019832354,4338517.220887722,-475144.9119816816,0.0
5335,380.213,46.91667,-6.25,2024-10-02 18:00:00,-0.051171467,0.04838355,4338517.220887722,-475144.9119816816,0.0
5515,453.9377,46.91667,-6.25,2024-10-02 18:00:00,-0.060980376,0.07086263,4338517.220887722,-475144.9119816816,0.0
5695,541.0889,46.91667,-6.25,2024-10-02 18:00:00,-0.061490305,0.06325954,4338517.220887722,-475144.9119816816,0.0
5875,643.5668,46.91667,-6.25,2024-10-02 18:00:00,-0.059249055,0.07592076,4338517.220887722,-475144.9119816816,0.0
6055,763.3331,46.91667,-6.25,2024-10-02 18:00:00,-0.07335498,0.08418083,4338517.220887722,-475144.9119816816,0.0
6235,902.3393,46.91667,-6.25,2024-10-02 18:00:00,-0.08028732,0.12999788,4338517.220887722,-475144.9119816816,0.0
124,0.494025,46.91667,-6.1666565,2024-10-02 18:00:00,-0.089222826,0.22051066,4339203.78529813,-468833.52373287774,0.0
304,1.541375,46.91667,-6.1666565,2024-10-02 18:00:00,-0.085542604,0.22492675,4339203.78529813,-468833.52373287774,0.0
484,2.645669,46.91667,-6.1666565,2024-10-02 18:00:00,-0.081730545,0.22856545,4339203.78529813,-468833.52373287774,0.0
664,3.819495,46.91667,-6.1666565,2024-10-02 18:00:00,-0.07800703,0.23129725,4339203.78529813,-468833.52373287774,0.0
844,5.078224,46.91667,-6.1666565,2024-10-02 18:00:00,-0.0733867,0.23372325,4339203.78529813,-468833.52373287774,0.0
1024,6.440614,46.91667,-6.1666565,2024-10-02 18:00:00,-0.061584286,0.23831598,4339203.78529813,-468833.52373287774,0.0
1204,7.92956,46.91667,-6.1666565,2024-10-02 18:00:00,-0.04359791,0.23015374,4339203.78529813,-468833.52373287774,0.0
1384,9.572997,46.91667,-6.1666565,2024-10-02 18:00:00,-0.032075934,0.1900023,4339203.78529813,-468833.52373287774,0.0
1564,11.405,46.91667,-6.1666565,2024-10-02 18:00:00,-0.02272765,0.17553508,4339203.78529813,-468833.52373287774,0.0
1744,13.46714,46.91667,-6.1666565,2024-10-02 18:00:00,-0.014851924,0.1593683,4339203.78529813,-468833.52373287774,0.0
1924,15.81007,46.91667,-6.1666565,2024-10-02 18:00:00,-0.024047408,0.14307551,4339203.78529813,-468833.52373287774,0.0
2104,18.49556,46.91667,-6.1666565,2024-10-02 18:00:00,-0.04005221,0.14819853,4339203.78529813,-468833.52373287774,0.0
2284,21.59882,46.91667,-6.1666565,2024-10-02 18:00:00,-0.031066425,0.16177313,4339203.78529813,-468833.52373287774,0.0
2464,25.21141,46.91667,-6.1666565,2024-10-02 18:00:00,-0.011502167,0.15862902,4339203.78529813,-468833.52373287774,0.0
2644,29.44473,46.91667,-6.1666565,2024-10-02 18:00:00,-0.0010805856,0.14493635,4339203.78529813,-468833.52373287774,0.0
2824,34.43415,46.91667,-6.1666565,2024-10-02 18:00:00,0.0040918128,0.13210537,4339203.78529813,-468833.52373287774,0.0
3004,40.34405,46.91667,-6.1666565,2024-10-02 18:00:00,0.026358522,0.085916944,4339203.78529813,-468833.52373287774,0.0
3184,47.37369,46.91667,-6.1666565,2024-10-02 18:00:00,-0.07577882,0.059474457,4339203.78529813,-468833.52373287774,0.0
3364,55.76429,46.91667,-6.1666565,2024-10-02 18:00:00,-0.13257198,0.10459202,4339203.78529813,-468833.52373287774,0.0
3544,65.80727,46.91667,-6.1666565,2024-10-02 18:00:00,-0.109912604,0.12233627,4339203.78529813,-468833.52373287774,0.0
3724,77.85385,46.91667,-6.1666565,2024-10-02 18:00:00,-0.083050594,0.1036999,4339203.78529813,-468833.52373287774,0.0
3904,92.32607,46.91667,-6.1666565,2024-10-02 18:00:00,-0.064340875,0.07437512,4339203.78529813,-468833.52373287774,0.0
4084,109.7293,46.91667,-6.1666565,2024-10-02 18:00:00,-0.053062476,0.055999774,4339203.78529813,-468833.52373287774,0.0
4264,130.666,46.91667,-6.1666565,2024-10-02 18:00:00,-0.052743427,0.05210683,4339203.78529813,-468833.52373287774,0.0
4444,155.8507,46.91667,-6.1666565,2024-10-02 18:00:00,-0.057750914,0.055411592,4339203.78529813,-468833.52373287774,0.0
4624,186.1256,46.91667,-6.1666565,2024-10-02 18:00:00,-0.0561474,0.061131075,4339203.78529813,-468833.52373287774,0.0
4804,222.4752,46.91667,-6.1666565,2024-10-02 18:00:00,-0.054714493,0.06643152,4339203.78529813,-468833.52373287774,0.0
4984,266.0403,46.91667,-6.1666565,2024-10-02 18:00:00,-0.048484784,0.08935226,4339203.78529813,-468833.52373287774,0.0
5164,318.1274,46.91667,-6.1666565,2024-10-02 18:00:00,-0.050727535,0.108180545,4339203.78529813,-468833.52373287774,0.0
5344,380.213,46.91667,-6.1666565,2024-10-02 18:00:00,-0.051637247,0.1098784,4339203.78529813,-468833.52373287774,0.0
5524,453.9377,46.91667,-6.1666565,2024-10-02 18:00:00,-0.059984818,0.10778055,4339203.78529813,-468833.52373287774,0.0
5704,541.0889,46.91667,-6.1666565,2024-10-02 18:00:00,-0.06637429,0.09770446,4339203.78529813,-468833.52373287774,0.0
5884,643.5668,46.91667,-6.1666565,2024-10-02 18:00:00,-0.07702716,0.09968914,4339203.78529813,-468833.52373287774,0.0
6064,763.3331,46.91667,-6.1666565,2024-10-02 18:00:00,-0.09257279,0.11710182,4339203.78529813,-468833.52373287774,0.0
6244,902.3393,46.91667,-6.1666565,2024-10-02 18:00:00,-0.0855467,0.13148552,4339203.78529813,-468833.52373287774,0.0
133,0.494025,46.91667,-6.0833282,2024-10-02 18:00:00,-0.08229951,0.1978371,4339881.045145775,-462522.2992525033,0.0
313,1.541375,46.91667,-6.0833282,2024-10-02 18:00:00,-0.07856961,0.20248424,4339881.045145775,-462522.2992525033,0.0
493,2.645669,46.91667,-6.0833282,2024-10-02 18:00:00,-0.07455173,0.2064704,4339881.045145775,-462522.2992525033,0.0
673,3.819495,46.91667,-6.0833282,2024-10-02 18:00:00,-0.0706909,0.20953913,4339881.045145775,-462522.2992525033,0.0
853,5.078224,46.91667,-6.0833282,2024-10-02 18:00:00,-0.066921555,0.21186662,4339881.045145775,-462522.2992525033,0.0
1033,6.440614,46.91667,-6.0833282,2024-10-02 18:00:00,-0.062395852,0.21388532,4339881.045145775,-462522.2992525033,0.0
1213,7.92956,46.91667,-6.0833282,2024-10-02 18:00:00,-0.055415448,0.21681689,4339881.045145775,-462522.2992525033,0.0
1393,9.572997,46.91667,-6.0833282,2024-10-02 18:00:00,-0.04431274,0.21971516,4339881.045145775,-462522.2992525033,0.0
1573,11.405,46.91667,-6.0833282,2024-10-02 18:00:00,-0.037102662,0.21252951,4339881.045145775,-462522.2992525033,0.0
1753,13.46714,46.91667,-6.0833282,2024-10-02 18:00:00,-0.03265839,0.1941862,4339881.045145775,-462522.2992525033,0.0
1933,15.81007,46.91667,-6.0833282,2024-10-02 18:00:00,-0.033595927,0.17771333,4339881.045145775,-462522.2992525033,0.0
2113,18.49556,46.91667,-6.0833282,2024-10-02 18:00:00,-0.035283346,0.17504391,4339881.045145775,-462522.2992525033,0.0
2293,21.59882,46.91667,-6.0833282,2024-10-02 18:00:00,-0.027034946,0.17547816,4339881.045145775,-462522.2992525033,0.0
2473,25.21141,46.91667,-6.0833282,2024-10-02 18:00:00,-0.014403857,0.16798551,4339881.045145775,-462522.2992525033,0.0
2653,29.44473,46.91667,-6.0833282,2024-10-02 18:00:00,-0.0063025327,0.14980881,4339881.045145775,-462522.2992525033,0.0
2833,34.43415,46.91667,-6.0833282,2024-10-02 18:00:00,-0.00490898,0.1316474,4339881.045145775,-462522.2992525033,0.0
3013,40.34405,46.91667,-6.0833282,2024-10-02 18:00:00,0.01922598,0.09681475,4339881.045145775,-462522.2992525033,0.0
3193,47.37369,46.91667,-6.0833282,2024-10-02 18:00:00,-0.11856114,0.042279035,4339881.045145775,-462522.2992525033,0.0
3373,55.76429,46.91667,-6.0833282,2024-10-02 18:00:00,-0.14619528,0.1028405,4339881.045145775,-462522.2992525033,0.0
3553,65.80727,46.91667,-6.0833282,2024-10-02 18:00:00,-0.11332407,0.1315422,4339881.045145775,-462522.2992525033,0.0
3733,77.85385,46.91667,-6.0833282,2024-10-02 18:00:00,-0.08244949,0.13175355,4339881.045145775,-462522.2992525033,0.0
3913,92.32607,46.91667,-6.0833282,2024-10-02 18:00:00,-0.06153964,0.11703452,4339881.045145775,-462522.2992525033,0.0
4093,109.7293,46.91667,-6.0833282,2024-10-02 18:00:00,-0.052842036,0.10461053,4339881.045145775,-462522.2992525033,0.0
4273,130.666,46.91667,-6.0833282,2024-10-02 18:00:00,-0.052941684,0.0933286,4339881.045145775,-462522.2992525033,0.0
4453,155.8507,46.91667,-6.0833282,2024-10-02 18:00:00,-0.061501186,0.08498269,4339881.045145775,-462522.2992525033,0.0
4633,186.1256,46.91667,-6.0833282,2024-10-02 18:00:00,-0.06953932,0.10086126,4339881.045145775,-462522.2992525033,0.0
4813,222.4752,46.91667,-6.0833282,2024-10-02 18:00:00,-0.06087602,0.11991029,4339881.045145775,-462522.2992525033,0.0
4993,266.0403,46.91667,-6.0833282,2024-10-02 18:00:00,-0.06076899,0.14150876,4339881.045145775,-462522.2992525033,0.0
5173,318.1274,46.91667,-6.0833282,2024-10-02 18:00:00,-0.067275815,0.13345253,4339881.045145775,-462522.2992525033,0.0
5353,380.213,46.91667,-6.0833282,2024-10-02 18:00:00,-0.064805284,0.12238041,4339881.045145775,-462522.2992525033,0.0
5533,453.9377,46.91667,-6.0833282,2024-10-02 18:00:00,-0.06193507,0.10658164,4339881.045145775,-462522.2992525033,0.0
5713,541.0889,46.91667,-6.0833282,2024-10-02 18:00:00,-0.06370633,0.10605559,4339881.045145775,-462522.2992525033,0.0
5893,643.5668,46.91667,-6.0833282,2024-10-02 18:00:00,-0.084021255,0.110097915,4339881.045145775,-462522.2992525033,0.0
6073,763.3331,46.91667,-6.0833282,2024-10-02 18:00:00,-0.09537154,0.120711476,4339881.045145775,-462522.2992525033,0.0
6253,902.3393,46.91667,-6.0833282,2024-10-02 18:00:00,-0.0829857,0.11927581,4339881.045145775,-462522.2992525033,0.0
142,0.494025,46.91667,-6.0,2024-10-02 18:00:00,-0.076711744,0.17618625,4340549.125536747,-456210.0964726406,0.0
322,1.541375,46.91667,-6.0,2024-10-02 18:00:00,-0.073069006,0.1809263,4340549.125536747,-456210.0964726406,0.0
502,2.645669,46.91667,-6.0,2024-10-02 18:00:00,-0.06918652,0.18493281,4340549.125536747,-456210.0964726406,0.0
682,3.819495,46.91667,-6.0,2024-10-02 18:00:00,-0.06568116,0.18777601,4340549.125536747,-456210.0964726406,0.0
862,5.078224,46.91667,-6.0,2024-10-02 18:00:00,-0.06269312,0.1895989,4340549.125536747,-456210.0964726406,0.0
1042,6.440614,46.91667,-6.0,2024-10-02 18:00:00,-0.060019426,0.19072066,4340549.125536747,-456210.0964726406,0.0
1222,7.92956,46.91667,-6.0,2024-10-02 18:00:00,-0.057410844,0.19136582,4340549.125536747,-456210.0964726406,0.0
1402,9.572997,46.91667,-6.0,2024-10-02 18:00:00,-0.054838505,0.19166124,4340549.125536747,-456210.0964726406,0.0
1582,11.405,46.91667,-6.0,2024-10-02 18:00:00,-0.05216513,0.19165799,4340549.125536747,-456210.0964726406,0.0
1762,13.46714,46.91667,-6.0,2024-10-02 18:00:00,-0.049101867,0.19132462,4340549.125536747,-456210.0964726406,0.0
1942,15.81007,46.91667,-6.0,2024-10-02 18:00:00,-0.04487262,0.19044814,4340549.125536747,-456210.0964726406,0.0
2122,18.49556,46.91667,-6.0,2024-10-02 18:00:00,-0.037615597,0.18834613,4340549.125536747,-456210.0964726406,0.0
2302,21.59882,46.91667,-6.0,2024-10-02 18:00:00,-0.03343452,0.1850669,4340549.125536747,-456210.0964726406,0.0
2482,25.21141,46.91667,-6.0,2024-10-02 18:00:00,-0.029907875,0.1816283,4340549.125536747,-456210.0964726406,0.0
2662,29.44473,46.91667,-6.0,2024-10-02 18:00:00,-0.029361717,0.17688634,4340549.125536747,-456210.0964726406,0.0
2842,34.43415,46.91667,-6.0,2024-10-02 18:00:00,-0.030824669,0.16698578,4340549.125536747,-456210.0964726406,0.0
3022,40.34405,46.91667,-6.0,2024-10-02 18:00:00,0.0071579716,0.15160203,4340549.125536747,-456210.0964726406,0.0
3202,47.37369,46.91667,-6.0,2024-10-02 18:00:00,-0.13034007,0.06747468,4340549.125536747,-456210.0964726406,0.0
3382,55.76429,46.91667,-6.0,2024-10-02 18:00:00,-0.14018987,0.12516612,4340549.125536747,-456210.0964726406,0.0
3562,65.80727,46.91667,-6.0,2024-10-02 18:00:00,-0.106085435,0.1564076,4340549.125536747,-456210.0964726406,0.0
3742,77.85385,46.91667,-6.0,2024-10-02 18:00:00,-0.077063404,0.16066296,4340549.125536747,-456210.0964726406,0.0
3922,92.32607,46.91667,-6.0,2024-10-02 18:00:00,-0.06013425,0.15607813,4340549.125536747,-456210.0964726406,0.0
4102,109.7293,46.91667,-6.0,2024-10-02 18:00:00,-0.058311243,0.15622908,4340549.125536747,-456210.0964726406,0.0
4282,130.666,46.91667,-6.0,2024-10-02 18:00:00,-0.061533976,0.15058926,4340549.125536747,-456210.0964726406,0.0
4462,155.8507,46.91667,-6.0,2024-10-02 18:00:00,-0.06806176,0.1275552,4340549.125536747,-456210.0964726406,0.0
4642,186.1256,46.91667,-6.0,2024-10-02 18:00:00,-0.08127557,0.13095117,4340549.125536747,-456210.0964726406,0.0
4822,222.4752,46.91667,-6.0,2024-10-02 18:00:00,-0.06963442,0.12764421,4340549.125536747,-456210.0964726406,0.0
5002,266.0403,46.91667,-6.0,2024-10-02 18:00:00,-0.07594976,0.11175364,4340549.125536747,-456210.0964726406,0.0
5182,318.1274,46.91667,-6.0,2024-10-02 18:00:00,-0.085328735,0.09683143,4340549.125536747,-456210.0964726406,0.0
5362,380.213,46.91667,-6.0,2024-10-02 18:00:00,-0.08314553,0.0787356,4340549.125536747,-456210.0964726406,0.0
5542,453.9377,46.91667,-6.0,2024-10-02 18:00:00,-0.08053823,0.059384767,4340549.125536747,-456210.0964726406,0.0
5722,541.0889,46.91667,-6.0,2024-10-02 18:00:00,-0.07385736,0.06936358,4340549.125536747,-456210.0964726406,0.0
5902,643.5668,46.91667,-6.0,2024-10-02 18:00:00,-0.074400656,0.06634259,4340549.125536747,-456210.0964726406,0.0
6082,763.3331,46.91667,-6.0,2024-10-02 18:00:00,-0.076460816,0.08610291,4340549.125536747,-456210.0964726406,0.0
6262,902.3393,46.91667,-6.0,2024-10-02 18:00:00,-0.058628365,0.07708782,4340549.125536747,-456210.0964726406,0.0
151,0.494025,47.0,-6.25,2024-10-02 18:00:00,-0.10528404,0.17250018,4331787.087405169,-474407.8424903363,0.0
331,1.541375,47.0,-6.25,2024-10-02 18:00:00,-0.1015392,0.1767071,4331787.087405169,-474407.8424903363,0.0
511,2.645669,47.0,-6.25,2024-10-02 18:00:00,-0.09768622,0.18006976,4331787.087405169,-474407.8424903363,0.0
691,3.819495,47.0,-6.25,2024-10-02 18:00:00,-0.093803905,0.18253437,4331787.087405169,-474407.8424903363,0.0
871,5.078224,47.0,-6.25,2024-10-02 18:00:00,-0.087070405,0.18520324,4331787.087405169,-474407.8424903363,0.0
1051,6.440614,47.0,-6.25,2024-10-02 18:00:00,-0.064257056,0.18331881,4331787.087405169,-474407.8424903363,0.0
1231,7.92956,47.0,-6.25,2024-10-02 18:00:00,-0.044565685,0.16439512,4331787.087405169,-474407.8424903363,0.0
1411,9.572997,47.0,-6.25,2024-10-02 18:00:00,-0.052689843,0.14089145,4331787.087405169,-474407.8424903363,0.0
1591,11.405,47.0,-6.25,2024-10-02 18:00:00,-0.0552623,0.1398554,4331787.087405169,-474407.8424903363,0.0
1771,13.46714,47.0,-6.25,2024-10-02 18:00:00,-0.05611106,0.1325797,4331787.087405169,-474407.8424903363,0.0
1951,15.81007,47.0,-6.25,2024-10-02 18:00:00,-0.067614965,0.12666337,4331787.087405169,-474407.8424903363,0.0
2131,18.49556,47.0,-6.25,2024-10-02 18:00:00,-0.071297765,0.1373592,4331787.087405169,-474407.8424903363,0.0
2311,21.59882,47.0,-6.25,2024-10-02 18:00:00,-0.055035222,0.14777324,4331787.087405169,-474407.8424903363,0.0
2491,25.21141,47.0,-6.25,2024-10-02 18:00:00,-0.040377513,0.1436986,4331787.087405169,-474407.8424903363,0.0
2671,29.44473,47.0,-6.25,2024-10-02 18:00:00,-0.034805596,0.13354987,4331787.087405169,-474407.8424903363,0.0
2851,34.43415,47.0,-6.25,2024-10-02 18:00:00,-0.031048786,0.12266328,4331787.087405169,-474407.8424903363,0.0
3031,40.34405,47.0,-6.25,2024-10-02 18:00:00,-0.032938674,0.101494916,4331787.087405169,-474407.8424903363,0.0
3211,47.37369,47.0,-6.25,2024-10-02 18:00:00,-0.109309755,0.09184948,4331787.087405169,-474407.8424903363,0.0
3391,55.76429,47.0,-6.25,2024-10-02 18:00:00,-0.16643856,0.1339464,4331787.087405169,-474407.8424903363,0.0
3571,65.80727,47.0,-6.25,2024-10-02 18:00:00,-0.15395743,0.14916427,4331787.087405169,-474407.8424903363,0.0
3751,77.85385,47.0,-6.25,2024-10-02 18:00:00,-0.12857603,0.13269004,4331787.087405169,-474407.8424903363,0.0
3931,92.32607,47.0,-6.25,2024-10-02 18:00:00,-0.10279229,0.09861091,4331787.087405169,-474407.8424903363,0.0
4111,109.7293,47.0,-6.25,2024-10-02 18:00:00,-0.08132299,0.07565347,4331787.087405169,-474407.8424903363,0.0
4291,130.666,47.0,-6.25,2024-10-02 18:00:00,-0.07397188,0.0662804,4331787.087405169,-474407.8424903363,0.0
4471,155.8507,47.0,-6.25,2024-10-02 18:00:00,-0.07530374,0.06258693,4331787.087405169,-474407.8424903363,0.0
4651,186.1256,47.0,-6.25,2024-10-02 18:00:00,-0.071623996,0.04524167,4331787.087405169,-474407.8424903363,0.0
4831,222.4752,47.0,-6.25,2024-10-02 18:00:00,-0.077445254,0.025637478,4331787.087405169,-474407.8424903363,0.0
5011,266.0403,47.0,-6.25,2024-10-02 18:00:00,-0.080365464,0.030516453,4331787.087405169,-474407.8424903363,0.0
5191,318.1274,47.0,-6.25,2024-10-02 18:00:00,-0.074717686,0.043733794,4331787.087405169,-474407.8424903363,0.0
5371,380.213,47.0,-6.25,2024-10-02 18:00:00,-0.063700944,0.061762623,4331787.087405169,-474407.8424903363,0.0
5551,453.9377,47.0,-6.25,2024-10-02 18:00:00,-0.053789765,0.07285316,4331787.087405169,-474407.8424903363,0.0
5731,541.0889,47.0,-6.25,2024-10-02 18:00:00,-0.058149803,0.08360524,4331787.087405169,-474407.8424903363,0.0
5911,643.5668,47.0,-6.25,2024-10-02 18:00:00,-0.07005677,0.08831515,4331787.087405169,-474407.8424903363,0.0
6091,763.3331,47.0,-6.25,2024-10-02 18:00:00,-0.07733054,0.11847348,4331787.087405169,-474407.8424903363,0.0
6271,902.3393,47.0,-6.25,2024-10-02 18:00:00,-0.06851297,0.17934853,4331787.087405169,-474407.8424903363,0.0
160,0.494025,47.0,-6.1666565,2024-10-02 18:00:00,-0.09072811,0.19626251,4332472.586781167,-468106.2447951276,0.0
340,1.541375,47.0,-6.1666565,2024-10-02 18:00:00,-0.087152004,0.20049955,4332472.586781167,-468106.2447951276,0.0
520,2.645669,47.0,-6.1666565,2024-10-02 18:00:00,-0.08352432,0.20386949,4332472.586781167,-468106.2447951276,0.0
700,3.819495,47.0,-6.1666565,2024-10-02 18:00:00,-0.079978615,0.20627226,4332472.586781167,-468106.2447951276,0.0
880,5.078224,47.0,-6.1666565,2024-10-02 18:00:00,-0.07444194,0.20847745,4332472.586781167,-468106.2447951276,0.0
1060,6.440614,47.0,-6.1666565,2024-10-02 18:00:00,-0.054028578,0.20809172,4332472.586781167,-468106.2447951276,0.0
1240,7.92956,47.0,-6.1666565,2024-10-02 18:00:00,-0.033062425,0.18652222,4332472.586781167,-468106.2447951276,0.0
1420,9.572997,47.0,-6.1666565,2024-10-02 18:00:00,-0.04466351,0.15508057,4332472.586781167,-468106.2447951276,0.0
1600,11.405,47.0,-6.1666565,2024-10-02 18:00:00,-0.04745067,0.15748319,4332472.586781167,-468106.2447951276,0.0
1780,13.46714,47.0,-6.1666565,2024-10-02 18:00:00,-0.045796134,0.15059607,4332472.586781167,-468106.2447951276,0.0
1960,15.81007,47.0,-6.1666565,2024-10-02 18:00:00,-0.05903723,0.1457527,4332472.586781167,-468106.2447951276,0.0
2140,18.49556,47.0,-6.1666565,2024-10-02 18:00:00,-0.06512845,0.1627029,4332472.586781167,-468106.2447951276,0.0
2320,21.59882,47.0,-6.1666565,2024-10-02 18:00:00,-0.049138147,0.17512843,4332472.586781167,-468106.2447951276,0.0
2500,25.21141,47.0,-6.1666565,2024-10-02 18:00:00,-0.034686677,0.1700423,4332472.586781167,-468106.2447951276,0.0
2680,29.44473,47.0,-6.1666565,2024-10-02 18:00:00,-0.030452836,0.16168635,4332472.586781167,-468106.2447951276,0.0
2860,34.43415,47.0,-6.1666565,2024-10-02 18:00:00,-0.028090704,0.14778289,4332472.586781167,-468106.2447951276,0.0
3040,40.34405,47.0,-6.1666565,2024-10-02 18:00:00,-0.029497169,0.10037534,4332472.586781167,-468106.2447951276,0.0
3220,47.37369,47.0,-6.1666565,2024-10-02 18:00:00,-0.14873047,0.06294919,4332472.586781167,-468106.2447951276,0.0
3400,55.76429,47.0,-6.1666565,2024-10-02 18:00:00,-0.18127668,0.11044526,4332472.586781167,-468106.2447951276,0.0
3580,65.80727,47.0,-6.1666565,2024-10-02 18:00:00,-0.16022642,0.12848039,4332472.586781167,-468106.2447951276,0.0
3760,77.85385,47.0,-6.1666565,2024-10-02 18:00:00,-0.13465396,0.12698697,4332472.586781167,-468106.2447951276,0.0
3940,92.32607,47.0,-6.1666565,2024-10-02 18:00:00,-0.10688852,0.10598714,4332472.586781167,-468106.2447951276,0.0
4120,109.7293,47.0,-6.1666565,2024-10-02 18:00:00,-0.08748375,0.089589074,4332472.586781167,-468106.2447951276,0.0
4300,130.666,47.0,-6.1666565,2024-10-02 18:00:00,-0.078706704,0.07469007,4332472.586781167,-468106.2447951276,0.0
4480,155.8507,47.0,-6.1666565,2024-10-02 18:00:00,-0.07374329,0.06596778,4332472.586781167,-468106.2447951276,0.0
4660,186.1256,47.0,-6.1666565,2024-10-02 18:00:00,-0.07604407,0.06466163,4332472.586781167,-468106.2447951276,0.0
4840,222.4752,47.0,-6.1666565,2024-10-02 18:00:00,-0.09399041,0.073839284,4332472.586781167,-468106.2447951276,0.0
5020,266.0403,47.0,-6.1666565,2024-10-02 18:00:00,-0.10678044,0.106630325,4332472.586781167,-468106.2447951276,0.0
5200,318.1274,47.0,-6.1666565,2024-10-02 18:00:00,-0.09746053,0.122204185,4332472.586781167,-468106.2447951276,0.0
5380,380.213,47.0,-6.1666565,2024-10-02 18:00:00,-0.077204935,0.10767964,4332472.586781167,-468106.2447951276,0.0
5560,453.9377,47.0,-6.1666565,2024-10-02 18:00:00,-0.060786977,0.09351557,4332472.586781167,-468106.2447951276,0.0
5740,541.0889,47.0,-6.1666565,2024-10-02 18:00:00,-0.06603639,0.10780184,4332472.586781167,-468106.2447951276,0.0
5920,643.5668,47.0,-6.1666565,2024-10-02 18:00:00,-0.0781594,0.11741929,4332472.586781167,-468106.2447951276,0.0
6100,763.3331,47.0,-6.1666565,2024-10-02 18:00:00,-0.09847768,0.14229935,4332472.586781167,-468106.2447951276,0.0
6280,902.3393,47.0,-6.1666565,2024-10-02 18:00:00,-0.107734516,0.15775459,4332472.586781167,-468106.2447951276,0.0
169,0.494025,47.0,-6.0833282,2024-10-02 18:00:00,-0.070575796,0.19031619,4333148.796028124,-461804.81061430223,0.0
349,1.541375,47.0,-6.0833282,2024-10-02 18:00:00,-0.06718043,0.1947243,4333148.796028124,-461804.81061430223,0.0
529,2.645669,47.0,-6.0833282,2024-10-02 18:00:00,-0.06377927,0.19836092,4333148.796028124,-461804.81061430223,0.0
709,3.819495,47.0,-6.0833282,2024-10-02 18:00:00,-0.060589526,0.20104639,4333148.796028124,-461804.81061430223,0.0
889,5.078224,47.0,-6.0833282,2024-10-02 18:00:00,-0.0568828,0.20308822,4333148.796028124,-461804.81061430223,0.0
1069,6.440614,47.0,-6.0833282,2024-10-02 18:00:00,-0.046733446,0.20477702,4333148.796028124,-461804.81061430223,0.0
1249,7.92956,47.0,-6.0833282,2024-10-02 18:00:00,-0.028929211,0.20034257,4333148.796028124,-461804.81061430223,0.0
1429,9.572997,47.0,-6.0833282,2024-10-02 18:00:00,-0.02321229,0.18842746,4333148.796028124,-461804.81061430223,0.0
1609,11.405,47.0,-6.0833282,2024-10-02 18:00:00,-0.02505435,0.18117769,4333148.796028124,-461804.81061430223,0.0
1789,13.46714,47.0,-6.0833282,2024-10-02 18:00:00,-0.025947131,0.16718589,4333148.796028124,-461804.81061430223,0.0
1969,15.81007,47.0,-6.0833282,2024-10-02 18:00:00,-0.038726468,0.15521601,4333148.796028124,-461804.81061430223,0.0
2149,18.49556,47.0,-6.0833282,2024-10-02 18:00:00,-0.04833415,0.1676435,4333148.796028124,-461804.81061430223,0.0
2329,21.59882,47.0,-6.0833282,2024-10-02 18:00:00,-0.0398843,0.18110585,4333148.796028124,-461804.81061430223,0.0
2509,25.21141,47.0,-6.0833282,2024-10-02 18:00:00,-0.03051333,0.17971066,4333148.796028124,-461804.81061430223,0.0
2689,29.44473,47.0,-6.0833282,2024-10-02 18:00:00,-0.032832094,0.17096217,4333148.796028124,-461804.81061430223,0.0
2869,34.43415,47.0,-6.0833282,2024-10-02 18:00:00,-0.040872294,0.16064091,4333148.796028124,-461804.81061430223,0.0
3049,40.34405,47.0,-6.0833282,2024-10-02 18:00:00,-0.035870634,0.12072844,4333148.796028124,-461804.81061430223,0.0
3229,47.37369,47.0,-6.0833282,2024-10-02 18:00:00,-0.17689213,0.050644957,4333148.796028124,-461804.81061430223,0.0
3409,55.76429,47.0,-6.0833282,2024-10-02 18:00:00,-0.19100648,0.10529749,4333148.796028124,-461804.81061430223,0.0
3589,65.80727,47.0,-6.0833282,2024-10-02 18:00:00,-0.165914,0.12979244,4333148.796028124,-461804.81061430223,0.0
3769,77.85385,47.0,-6.0833282,2024-10-02 18:00:00,-0.1353151,0.14313431,4333148.796028124,-461804.81061430223,0.0
3949,92.32607,47.0,-6.0833282,2024-10-02 18:00:00,-0.103819996,0.13700998,4333148.796028124,-461804.81061430223,0.0
4129,109.7293,47.0,-6.0833282,2024-10-02 18:00:00,-0.08696056,0.12596498,4333148.796028124,-461804.81061430223,0.0
4309,130.666,47.0,-6.0833282,2024-10-02 18:00:00,-0.082239375,0.114355095,4333148.796028124,-461804.81061430223,0.0
4489,155.8507,47.0,-6.0833282,2024-10-02 18:00:00,-0.077002674,0.0996818,4333148.796028124,-461804.81061430223,0.0
4669,186.1256,47.0,-6.0833282,2024-10-02 18:00:00,-0.08625636,0.10934584,4333148.796028124,-461804.81061430223,0.0
4849,222.4752,47.0,-6.0833282,2024-10-02 18:00:00,-0.09752609,0.12191075,4333148.796028124,-461804.81061430223,0.0
5029,266.0403,47.0,-6.0833282,2024-10-02 18:00:00,-0.10985182,0.13544518,4333148.796028124,-461804.81061430223,0.0
5209,318.1274,47.0,-6.0833282,2024-10-02 18:00:00,-0.10216339,0.1360797,4333148.796028124,-461804.81061430223,0.0
5389,380.213,47.0,-6.0833282,2024-10-02 18:00:00,-0.086153045,0.12929408,4333148.796028124,-461804.81061430223,0.0
5569,453.9377,47.0,-6.0833282,2024-10-02 18:00:00,-0.0841991,0.12406002,4333148.796028124,-461804.81061430223,0.0
5749,541.0889,47.0,-6.0833282,2024-10-02 18:00:00,-0.08205647,0.112047024,4333148.796028124,-461804.81061430223,0.0
5929,643.5668,47.0,-6.0833282,2024-10-02 18:00:00,-0.081928395,0.09923096,4333148.796028124,-461804.81061430223,0.0
6109,763.3331,47.0,-6.0833282,2024-10-02 18:00:00,-0.10932835,0.1143607,4333148.796028124,-461804.81061430223,0.0
6289,902.3393,47.0,-6.0833282,2024-10-02 18:00:00,-0.11159637,0.09776221,4333148.796028124,-461804.81061430223,0.0
178,0.494025,47.0,-6.0,2024-10-02 18:00:00,-0.0497933,0.1631103,4333815.840058059,-455502.3996515776,0.0
358,1.541375,47.0,-6.0,2024-10-02 18:00:00,-0.046593815,0.16763814,4333815.840058059,-455502.3996515776,0.0
538,2.645669,47.0,-6.0,2024-10-02 18:00:00,-0.043449823,0.17144759,4333815.840058059,-455502.3996515776,0.0
718,3.819495,47.0,-6.0,2024-10-02 18:00:00,-0.040603317,0.17426352,4333815.840058059,-455502.3996515776,0.0
898,5.078224,47.0,-6.0,2024-10-02 18:00:00,-0.03789935,0.17621486,4333815.840058059,-455502.3996515776,0.0
1078,6.440614,47.0,-6.0,2024-10-02 18:00:00,-0.034120083,0.17754787,4333815.840058059,-455502.3996515776,0.0
1258,7.92956,47.0,-6.0,2024-10-02 18:00:00,-0.023343612,0.17673385,4333815.840058059,-455502.3996515776,0.0
1438,9.572997,47.0,-6.0,2024-10-02 18:00:00,-0.004355585,0.16838802,4333815.840058059,-455502.3996515776,0.0
1618,11.405,47.0,-6.0,2024-10-02 18:00:00,-0.0061800433,0.16992523,4333815.840058059,-455502.3996515776,0.0
1798,13.46714,47.0,-6.0,2024-10-02 18:00:00,-0.009973701,0.16994463,4333815.840058059,-455502.3996515776,0.0
1978,15.81007,47.0,-6.0,2024-10-02 18:00:00,-0.017882692,0.16949616,4333815.840058059,-455502.3996515776,0.0
2158,18.49556,47.0,-6.0,2024-10-02 18:00:00,-0.02512865,0.17562209,4333815.840058059,-455502.3996515776,0.0
2338,21.59882,47.0,-6.0,2024-10-02 18:00:00,-0.022743687,0.1934495,4333815.840058059,-455502.3996515776,0.0
2518,25.21141,47.0,-6.0,2024-10-02 18:00:00,-0.022064898,0.1975185,4333815.840058059,-455502.3996515776,0.0
2698,29.44473,47.0,-6.0,2024-10-02 18:00:00,-0.033482518,0.19381928,4333815.840058059,-455502.3996515776,0.0
2878,34.43415,47.0,-6.0,2024-10-02 18:00:00,-0.050726686,0.19069512,4333815.840058059,-455502.3996515776,0.0
3058,40.34405,47.0,-6.0,2024-10-02 18:00:00,-0.03661778,0.16644222,4333815.840058059,-455502.3996515776,0.0
3238,47.37369,47.0,-6.0,2024-10-02 18:00:00,-0.17016369,0.07037864,4333815.840058059,-455502.3996515776,0.0
3418,55.76429,47.0,-6.0,2024-10-02 18:00:00,-0.18266349,0.119581185,4333815.840058059,-455502.3996515776,0.0
3598,65.80727,47.0,-6.0,2024-10-02 18:00:00,-0.16204178,0.14224666,4333815.840058059,-455502.3996515776,0.0
3778,77.85385,47.0,-6.0,2024-10-02 18:00:00,-0.12854896,0.1562531,4333815.840058059,-455502.3996515776,0.0
3958,92.32607,47.0,-6.0,2024-10-02 18:00:00,-0.096648745,0.16003169,4333815.840058059,-455502.3996515776,0.0
4138,109.7293,47.0,-6.0,2024-10-02 18:00:00,-0.07649029,0.15396616,4333815.840058059,-455502.3996515776,0.0
4318,130.666,47.0,-6.0,2024-10-02 18:00:00,-0.07323275,0.1480578,4333815.840058059,-455502.3996515776,0.0
4498,155.8507,47.0,-6.0,2024-10-02 18:00:00,-0.06830771,0.13040434,4333815.840058059,-455502.3996515776,0.0
4678,186.1256,47.0,-6.0,2024-10-02 18:00:00,-0.08543584,0.13249142,4333815.840058059,-455502.3996515776,0.0
4858,222.4752,47.0,-6.0,2024-10-02 18:00:00,-0.09416064,0.13098633,4333815.840058059,-455502.3996515776,0.0
5038,266.0403,47.0,-6.0,2024-10-02 18:00:00,-0.106221765,0.1215215,4333815.840058059,-455502.3996515776,0.0
5218,318.1274,47.0,-6.0,2024-10-02 18:00:00,-0.10854515,0.11120587,4333815.840058059,-455502.3996515776,0.0
5398,380.213,47.0,-6.0,2024-10-02 18:00:00,-0.11208145,0.10694481,4333815.840058059,-455502.3996515776,0.0
5578,453.9377,47.0,-6.0,2024-10-02 18:00:00,-0.12671314,0.113766864,4333815.840058059,-455502.3996515776,0.0
5758,541.0889,47.0,-6.0,2024-10-02 18:00:00,-0.1266923,0.10224173,4333815.840058059,-455502.3996515776,0.0
5938,643.5668,47.0,-6.0,2024-10-02 18:00:00,-0.108955614,0.06914723,4333815.840058059,-455502.3996515776,0.0
6118,763.3331,47.0,-6.0,2024-10-02 18:00:00,-0.105576225,0.060943197,4333815.840058059,-455502.3996515776,0.0
6298,902.3393,47.0,-6.0,2024-10-02 18:00:00,-0.09219484,0.035118703,4333815.840058059,-455502.3996515776,0.0
8,0.494025,46.66667,-6.25,2024-10-03 00:00:00,-0.11095869,0.042399924,4358653.3150161095,-477350.1729464703,0.0
188,1.541375,46.66667,-6.25,2024-10-03 00:00:00,-0.10526935,0.047094814,4358653.3150161095,-477350.1729464703,0.0
368,2.645669,46.66667,-6.25,2024-10-03 00:00:00,-0.101020284,0.049979176,4358653.3150161095,-477350.1729464703,0.0
548,3.819495,46.66667,-6.25,2024-10-03 00:00:00,-0.09838428,0.051550563,4358653.3150161095,-477350.1729464703,0.0
728,5.078224,46.66667,-6.25,2024-10-03 00:00:00,-0.09649733,0.052552067,4358653.3150161095,-477350.1729464703,0.0
908,6.440614,46.66667,-6.25,2024-10-03 00:00:00,-0.094913,0.053350743,4358653.3150161095,-477350.1729464703,0.0
1088,7.92956,46.66667,-6.25,2024-10-03 00:00:00,-0.09346447,0.05337749,4358653.3150161095,-477350.1729464703,0.0
1268,9.572997,46.66667,-6.25,2024-10-03 00:00:00,-0.092412606,0.05055013,4358653.3150161095,-477350.1729464703,0.0
1448,11.405,46.66667,-6.25,2024-10-03 00:00:00,-0.0917902,0.046723373,4358653.3150161095,-477350.1729464703,0.0
1628,13.46714,46.66667,-6.25,2024-10-03 00:00:00,-0.09188331,0.034910876,4358653.3150161095,-477350.1729464703,0.0
1808,15.81007,46.66667,-6.25,2024-10-03 00:00:00,-0.09162854,0.027791806,4358653.3150161095,-477350.1729464703,0.0
1988,18.49556,46.66667,-6.25,2024-10-03 00:00:00,-0.09053096,0.02632614,4358653.3150161095,-477350.1729464703,0.0
2168,21.59882,46.66667,-6.25,2024-10-03 00:00:00,-0.08210214,0.017642975,4358653.3150161095,-477350.1729464703,0.0
2348,25.21141,46.66667,-6.25,2024-10-03 00:00:00,-0.07163996,-0.006817809,4358653.3150161095,-477350.1729464703,0.0
2528,29.44473,46.66667,-6.25,2024-10-03 00:00:00,-0.07800456,-0.029911604,4358653.3150161095,-477350.1729464703,0.0
2708,34.43415,46.66667,-6.25,2024-10-03 00:00:00,-0.08496256,-0.055252526,4358653.3150161095,-477350.1729464703,0.0
2888,40.34405,46.66667,-6.25,2024-10-03 00:00:00,-0.13561422,-0.06890313,4358653.3150161095,-477350.1729464703,0.0
3068,47.37369,46.66667,-6.25,2024-10-03 00:00:00,-0.11527214,0.01071822,4358653.3150161095,-477350.1729464703,0.0
3248,55.76429,46.66667,-6.25,2024-10-03 00:00:00,-0.086801775,0.016760547,4358653.3150161095,-477350.1729464703,0.0
3428,65.80727,46.66667,-6.25,2024-10-03 00:00:00,-0.07879989,0.010909686,4358653.3150161095,-477350.1729464703,0.0
3608,77.85385,46.66667,-6.25,2024-10-03 00:00:00,-0.08502539,-0.0008543157,4358653.3150161095,-477350.1729464703,0.0
3788,92.32607,46.66667,-6.25,2024-10-03 00:00:00,-0.09121265,-0.008639719,4358653.3150161095,-477350.1729464703,0.0
3968,109.7293,46.66667,-6.25,2024-10-03 00:00:00,-0.10203011,-0.012159819,4358653.3150161095,-477350.1729464703,0.0
4148,130.666,46.66667,-6.25,2024-10-03 00:00:00,-0.10103799,-0.009512724,4358653.3150161095,-477350.1729464703,0.0
4328,155.8507,46.66667,-6.25,2024-10-03 00:00:00,-0.09271836,-0.0027465904,4358653.3150161095,-477350.1729464703,0.0
4508,186.1256,46.66667,-6.25,2024-10-03 00:00:00,-0.08183228,0.012594381,4358653.3150161095,-477350.1729464703,0.0
4688,222.4752,46.66667,-6.25,2024-10-03 00:00:00,-0.06615566,0.020210888,4358653.3150161095,-477350.1729464703,0.0
4868,266.0403,46.66667,-6.25,2024-10-03 00:00:00,-0.05336623,0.027637027,4358653.3150161095,-477350.1729464703,0.0
5048,318.1274,46.66667,-6.25,2024-10-03 00:00:00,-0.042116567,0.04067652,4358653.3150161095,-477350.1729464703,0.0
5228,380.213,46.66667,-6.25,2024-10-03 00:00:00,-0.0456147,0.05180321,4358653.3150161095,-477350.1729464703,0.0
5408,453.9377,46.66667,-6.25,2024-10-03 00:00:00,-0.044316214,0.054376185,4358653.3150161095,-477350.1729464703,0.0
5588,541.0889,46.66667,-6.25,2024-10-03 00:00:00,-0.038312335,0.041945618,4358653.3150161095,-477350.1729464703,0.0
5768,643.5668,46.66667,-6.25,2024-10-03 00:00:00,-0.04419059,0.03340229,4358653.3150161095,-477350.1729464703,0.0
5948,763.3331,46.66667,-6.25,2024-10-03 00:00:00,-0.0186897,0.04117977,4358653.3150161095,-477350.1729464703,0.0
6128,902.3393,46.66667,-6.25,2024-10-03 00:00:00,0.028192224,0.07300797,4358653.3150161095,-477350.1729464703,0.0
17,0.494025,46.66667,-6.1666565,2024-10-03 00:00:00,-0.10522604,-0.00087479316,4359343.065935845,-471009.49203812674,0.0
197,1.541375,46.66667,-6.1666565,2024-10-03 00:00:00,-0.100137785,0.004565983,4359343.065935845,-471009.49203812674,0.0
377,2.645669,46.66667,-6.1666565,2024-10-03 00:00:00,-0.09685491,0.0077845817,4359343.065935845,-471009.49203812674,0.0
557,3.819495,46.66667,-6.1666565,2024-10-03 00:00:00,-0.09510333,0.00944561,4359343.065935845,-471009.49203812674,0.0
737,5.078224,46.66667,-6.1666565,2024-10-03 00:00:00,-0.094001815,0.0104831755,4359343.065935845,-471009.49203812674,0.0
917,6.440614,46.66667,-6.1666565,2024-10-03 00:00:00,-0.09313421,0.011284711,4359343.065935845,-471009.49203812674,0.0
1097,7.92956,46.66667,-6.1666565,2024-10-03 00:00:00,-0.09245384,0.011928596,4359343.065935845,-471009.49203812674,0.0
1277,9.572997,46.66667,-6.1666565,2024-10-03 00:00:00,-0.091900125,0.012490283,4359343.065935845,-471009.49203812674,0.0
1457,11.405,46.66667,-6.1666565,2024-10-03 00:00:00,-0.091426834,0.013021527,4359343.065935845,-471009.49203812674,0.0
1637,13.46714,46.66667,-6.1666565,2024-10-03 00:00:00,-0.09102313,0.013538503,4359343.065935845,-471009.49203812674,0.0
1817,15.81007,46.66667,-6.1666565,2024-10-03 00:00:00,-0.09068391,0.014063716,4359343.065935845,-471009.49203812674,0.0
1997,18.49556,46.66667,-6.1666565,2024-10-03 00:00:00,-0.09041332,0.014625051,4359343.065935845,-471009.49203812674,0.0
2177,21.59882,46.66667,-6.1666565,2024-10-03 00:00:00,-0.09012211,0.015368512,4359343.065935845,-471009.49203812674,0.0
2357,25.21141,46.66667,-6.1666565,2024-10-03 00:00:00,-0.09054469,0.009909706,4359343.065935845,-471009.49203812674,0.0
2537,29.44473,46.66667,-6.1666565,2024-10-03 00:00:00,-0.091895014,0.0021475654,4359343.065935845,-471009.49203812674,0.0
2717,34.43415,46.66667,-6.1666565,2024-10-03 00:00:00,-0.10110451,-0.002891582,4359343.065935845,-471009.49203812674,0.0
2897,40.34405,46.66667,-6.1666565,2024-10-03 00:00:00,-0.13498038,-0.006764643,4359343.065935845,-471009.49203812674,0.0
3077,47.37369,46.66667,-6.1666565,2024-10-03 00:00:00,-0.09809198,0.07946697,4359343.065935845,-471009.49203812674,0.0
3257,55.76429,46.66667,-6.1666565,2024-10-03 00:00:00,-0.09649797,0.03318141,4359343.065935845,-471009.49203812674,0.0
3437,65.80727,46.66667,-6.1666565,2024-10-03 00:00:00,-0.097132556,0.021193149,4359343.065935845,-471009.49203812674,0.0
3617,77.85385,46.66667,-6.1666565,2024-10-03 00:00:00,-0.10100846,0.020209434,4359343.065935845,-471009.49203812674,0.0
3797,92.32607,46.66667,-6.1666565,2024-10-03 00:00:00,-0.10259036,0.024506502,4359343.065935845,-471009.49203812674,0.0
3977,109.7293,46.66667,-6.1666565,2024-10-03 00:00:00,-0.10272855,0.03045536,4359343.065935845,-471009.49203812674,0.0
4157,130.666,46.66667,-6.1666565,2024-10-03 00:00:00,-0.09719145,0.040287375,4359343.065935845,-471009.49203812674,0.0
4337,155.8507,46.66667,-6.1666565,2024-10-03 00:00:00,-0.09133883,0.04850083,4359343.065935845,-471009.49203812674,0.0
4517,186.1256,46.66667,-6.1666565,2024-10-03 00:00:00,-0.08492311,0.058135726,4359343.065935845,-471009.49203812674,0.0
4697,222.4752,46.66667,-6.1666565,2024-10-03 00:00:00,-0.070513025,0.07071466,4359343.065935845,-471009.49203812674,0.0
4877,266.0403,46.66667,-6.1666565,2024-10-03 00:00:00,-0.0579413,0.07022012,4359343.065935845,-471009.49203812674,0.0
5057,318.1274,46.66667,-6.1666565,2024-10-03 00:00:00,-0.05053838,0.06951668,4359343.065935845,-471009.49203812674,0.0
5237,380.213,46.66667,-6.1666565,2024-10-03 00:00:00,-0.05319578,0.065706745,4359343.065935845,-471009.49203812674,0.0
5417,453.9377,46.66667,-6.1666565,2024-10-03 00:00:00,-0.050053015,0.06662582,4359343.065935845,-471009.49203812674,0.0
5597,541.0889,46.66667,-6.1666565,2024-10-03 00:00:00,-0.04538639,0.061675314,4359343.065935845,-471009.49203812674,0.0
5777,643.5668,46.66667,-6.1666565,2024-10-03 00:00:00,-0.039282817,0.06110122,4359343.065935845,-471009.49203812674,0.0
5957,763.3331,46.66667,-6.1666565,2024-10-03 00:00:00,-0.00046617305,0.055876113,4359343.065935845,-471009.49203812674,0.0
6137,902.3393,46.66667,-6.1666565,2024-10-03 00:00:00,0.01769641,0.083727285,4359343.065935845,-471009.49203812674,0.0
26,0.494025,46.66667,-6.0833282,2024-10-03 00:00:00,-0.113942616,-0.013350703,4360023.469108121,-464668.9756583009,0.0
206,1.541375,46.66667,-6.0833282,2024-10-03 00:00:00,-0.10908736,-0.0075381603,4360023.469108121,-464668.9756583009,0.0
386,2.645669,46.66667,-6.0833282,2024-10-03 00:00:00,-0.105649054,-0.0038946038,4360023.469108121,-464668.9756583009,0.0
566,3.819495,46.66667,-6.0833282,2024-10-03 00:00:00,-0.10373125,-0.0019959426,4360023.469108121,-464668.9756583009,0.0
746,5.078224,46.66667,-6.0833282,2024-10-03 00:00:00,-0.102494694,-0.0008192803,4360023.469108121,-464668.9756583009,0.0
926,6.440614,46.66667,-6.0833282,2024-10-03 00:00:00,-0.10150048,9.460235e-05,4360023.469108121,-464668.9756583009,0.0
1106,7.92956,46.66667,-6.0833282,2024-10-03 00:00:00,-0.100710526,0.00083163846,4360023.469108121,-464668.9756583009,0.0
1286,9.572997,46.66667,-6.0833282,2024-10-03 00:00:00,-0.10002027,0.0014493093,4360023.469108121,-464668.9756583009,0.0
1466,11.405,46.66667,-6.0833282,2024-10-03 00:00:00,-0.09941228,0.00200258,4360023.469108121,-464668.9756583009,0.0
1646,13.46714,46.66667,-6.0833282,2024-10-03 00:00:00,-0.09884681,0.002524011,4360023.469108121,-464668.9756583009,0.0
1826,15.81007,46.66667,-6.0833282,2024-10-03 00:00:00,-0.098315194,0.003026164,4360023.469108121,-464668.9756583009,0.0
2006,18.49556,46.66667,-6.0833282,2024-10-03 00:00:00,-0.097814605,0.0035171157,4360023.469108121,-464668.9756583009,0.0
2186,21.59882,46.66667,-6.0833282,2024-10-03 00:00:00,-0.09732846,0.004008044,4360023.469108121,-464668.9756583009,0.0
2366,25.21141,46.66667,-6.0833282,2024-10-03 00:00:00,-0.09688117,0.004533265,4360023.469108121,-464668.9756583009,0.0
2546,29.44473,46.66667,-6.0833282,2024-10-03 00:00:00,-0.09638443,0.0051460583,4360023.469108121,-464668.9756583009,0.0
2726,34.43415,46.66667,-6.0833282,2024-10-03 00:00:00,-0.09144803,0.010512002,4360023.469108121,-464668.9756583009,0.0
2906,40.34405,46.66667,-6.0833282,2024-10-03 00:00:00,-0.107737914,0.017403021,4360023.469108121,-464668.9756583009,0.0
3086,47.37369,46.66667,-6.0833282,2024-10-03 00:00:00,-0.09607324,0.10167271,4360023.469108121,-464668.9756583009,0.0
3266,55.76429,46.66667,-6.0833282,2024-10-03 00:00:00,-0.106115535,0.06796932,4360023.469108121,-464668.9756583009,0.0
3446,65.80727,46.66667,-6.0833282,2024-10-03 00:00:00,-0.11244021,0.06839956,4360023.469108121,-464668.9756583009,0.0
3626,77.85385,46.66667,-6.0833282,2024-10-03 00:00:00,-0.11186139,0.07713215,4360023.469108121,-464668.9756583009,0.0
3806,92.32607,46.66667,-6.0833282,2024-10-03 00:00:00,-0.10638614,0.084317215,4360023.469108121,-464668.9756583009,0.0
3986,109.7293,46.66667,-6.0833282,2024-10-03 00:00:00,-0.10650735,0.08884646,4360023.469108121,-464668.9756583009,0.0
4166,130.666,46.66667,-6.0833282,2024-10-03 00:00:00,-0.10476628,0.093409345,4360023.469108121,-464668.9756583009,0.0
4346,155.8507,46.66667,-6.0833282,2024-10-03 00:00:00,-0.09692435,0.09390606,4360023.469108121,-464668.9756583009,0.0
4526,186.1256,46.66667,-6.0833282,2024-10-03 00:00:00,-0.08318755,0.083680324,4360023.469108121,-464668.9756583009,0.0
4706,222.4752,46.66667,-6.0833282,2024-10-03 00:00:00,-0.06832109,0.07995574,4360023.469108121,-464668.9756583009,0.0
4886,266.0403,46.66667,-6.0833282,2024-10-03 00:00:00,-0.050111752,0.067999125,4360023.469108121,-464668.9756583009,0.0
5066,318.1274,46.66667,-6.0833282,2024-10-03 00:00:00,-0.043128215,0.06277798,4360023.469108121,-464668.9756583009,0.0
5246,380.213,46.66667,-6.0833282,2024-10-03 00:00:00,-0.05029616,0.069000185,4360023.469108121,-464668.9756583009,0.0
5426,453.9377,46.66667,-6.0833282,2024-10-03 00:00:00,-0.0491996,0.073940404,4360023.469108121,-464668.9756583009,0.0
5606,541.0889,46.66667,-6.0833282,2024-10-03 00:00:00,-0.048411928,0.074891925,4360023.469108121,-464668.9756583009,0.0
5786,643.5668,46.66667,-6.0833282,2024-10-03 00:00:00,-0.04803669,0.08537366,4360023.469108121,-464668.9756583009,0.0
5966,763.3331,46.66667,-6.0833282,2024-10-03 00:00:00,-0.0041877097,0.07378893,4360023.469108121,-464668.9756583009,0.0
6146,902.3393,46.66667,-6.0833282,2024-10-03 00:00:00,0.015349729,0.0831917,4360023.469108121,-464668.9756583009,0.0
35,0.494025,46.66667,-6.0,2024-10-03 00:00:00,-0.10860441,-0.016846983,4360694.650219674,-458327.4764384654,0.0
215,1.541375,46.66667,-6.0,2024-10-03 00:00:00,-0.10402033,-0.010959253,4360694.650219674,-458327.4764384654,0.0
395,2.645669,46.66667,-6.0,2024-10-03 00:00:00,-0.100435466,-0.007013256,4360694.650219674,-458327.4764384654,0.0
575,3.819495,46.66667,-6.0,2024-10-03 00:00:00,-0.09833551,-0.0049252314,4360694.650219674,-458327.4764384654,0.0
755,5.078224,46.66667,-6.0,2024-10-03 00:00:00,-0.096948445,-0.0036515146,4360694.650219674,-458327.4764384654,0.0
935,6.440614,46.66667,-6.0,2024-10-03 00:00:00,-0.095913164,-0.0027443366,4360694.650219674,-458327.4764384654,0.0
1115,7.92956,46.66667,-6.0,2024-10-03 00:00:00,-0.095063776,-0.0020255386,4360694.650219674,-458327.4764384654,0.0
1295,9.572997,46.66667,-6.0,2024-10-03 00:00:00,-0.09426765,-0.0014291299,4360694.650219674,-458327.4764384654,0.0
1475,11.405,46.66667,-6.0,2024-10-03 00:00:00,-0.093577445,-0.00092945015,4360694.650219674,-458327.4764384654,0.0
1655,13.46714,46.66667,-6.0,2024-10-03 00:00:00,-0.09292716,-0.00048329588,4360694.650219674,-458327.4764384654,0.0
1835,15.81007,46.66667,-6.0,2024-10-03 00:00:00,-0.092307344,-8.026557e-05,4360694.650219674,-458327.4764384654,0.0
2015,18.49556,46.66667,-6.0,2024-10-03 00:00:00,-0.09171626,0.00028337212,4360694.650219674,-458327.4764384654,0.0
2195,21.59882,46.66667,-6.0,2024-10-03 00:00:00,-0.09113464,0.00061959727,4360694.650219674,-458327.4764384654,0.0
2375,25.21141,46.66667,-6.0,2024-10-03 00:00:00,-0.09057995,0.0009078258,4360694.650219674,-458327.4764384654,0.0
2555,29.44473,46.66667,-6.0,2024-10-03 00:00:00,-0.089961916,0.0012268377,4360694.650219674,-458327.4764384654,0.0
2735,34.43415,46.66667,-6.0,2024-10-03 00:00:00,-0.08616232,0.0019400271,4360694.650219674,-458327.4764384654,0.0
2915,40.34405,46.66667,-6.0,2024-10-03 00:00:00,-0.1145902,-0.0007840493,4360694.650219674,-458327.4764384654,0.0
3095,47.37369,46.66667,-6.0,2024-10-03 00:00:00,-0.10841049,0.08722319,4360694.650219674,-458327.4764384654,0.0
3275,55.76429,46.66667,-6.0,2024-10-03 00:00:00,-0.10559803,0.10009965,4360694.650219674,-458327.4764384654,0.0
3455,65.80727,46.66667,-6.0,2024-10-03 00:00:00,-0.10824545,0.11039831,4360694.650219674,-458327.4764384654,0.0
3635,77.85385,46.66667,-6.0,2024-10-03 00:00:00,-0.109882794,0.12094467,4360694.650219674,-458327.4764384654,0.0
3815,92.32607,46.66667,-6.0,2024-10-03 00:00:00,-0.1062416,0.12287206,4360694.650219674,-458327.4764384654,0.0
3995,109.7293,46.66667,-6.0,2024-10-03 00:00:00,-0.10308199,0.120773695,4360694.650219674,-458327.4764384654,0.0
4175,130.666,46.66667,-6.0,2024-10-03 00:00:00,-0.1010735,0.11754459,4360694.650219674,-458327.4764384654,0.0
4355,155.8507,46.66667,-6.0,2024-10-03 00:00:00,-0.09626314,0.11333665,4360694.650219674,-458327.4764384654,0.0
4535,186.1256,46.66667,-6.0,2024-10-03 00:00:00,-0.07426146,0.10114755,4360694.650219674,-458327.4764384654,0.0
4715,222.4752,46.66667,-6.0,2024-10-03 00:00:00,-0.060797397,0.096314445,4360694.650219674,-458327.4764384654,0.0
4895,266.0403,46.66667,-6.0,2024-10-03 00:00:00,-0.043093033,0.08500558,4360694.650219674,-458327.4764384654,0.0
5075,318.1274,46.66667,-6.0,2024-10-03 00:00:00,-0.042132284,0.080133855,4360694.650219674,-458327.4764384654,0.0
5255,380.213,46.66667,-6.0,2024-10-03 00:00:00,-0.04547021,0.07794165,4360694.650219674,-458327.4764384654,0.0
5435,453.9377,46.66667,-6.0,2024-10-03 00:00:00,-0.04832302,0.07979763,4360694.650219674,-458327.4764384654,0.0
5615,541.0889,46.66667,-6.0,2024-10-03 00:00:00,-0.04765055,0.085041784,4360694.650219674,-458327.4764384654,0.0
5795,643.5668,46.66667,-6.0,2024-10-03 00:00:00,-0.06530969,0.093445174,4360694.650219674,-458327.4764384654,0.0
5975,763.3331,46.66667,-6.0,2024-10-03 00:00:00,-0.033962518,0.077380806,4360694.650219674,-458327.4764384654,0.0
6155,902.3393,46.66667,-6.0,2024-10-03 00:00:00,0.0015798432,0.05349584,4360694.650219674,-458327.4764384654,0.0
44,0.494025,46.75,-6.25,2024-10-03 00:00:00,-0.09174538,0.14727086,4351950.96357759,-476616.1460837916,0.0
224,1.541375,46.75,-6.25,2024-10-03 00:00:00,-0.08649879,0.15183839,4351950.96357759,-476616.1460837916,0.0
404,2.645669,46.75,-6.25,2024-10-03 00:00:00,-0.08186998,0.15493268,4351950.96357759,-476616.1460837916,0.0
584,3.819495,46.75,-6.25,2024-10-03 00:00:00,-0.07837553,0.1566677,4351950.96357759,-476616.1460837916,0.0
764,5.078224,46.75,-6.25,2024-10-03 00:00:00,-0.07518647,0.15772413,4351950.96357759,-476616.1460837916,0.0
944,6.440614,46.75,-6.25,2024-10-03 00:00:00,-0.070796125,0.15737127,4351950.96357759,-476616.1460837916,0.0
1124,7.92956,46.75,-6.25,2024-10-03 00:00:00,-0.06584664,0.14206253,4351950.96357759,-476616.1460837916,0.0
1304,9.572997,46.75,-6.25,2024-10-03 00:00:00,-0.060714938,0.1167998,4351950.96357759,-476616.1460837916,0.0
1484,11.405,46.75,-6.25,2024-10-03 00:00:00,-0.055325817,0.109570585,4351950.96357759,-476616.1460837916,0.0
1664,13.46714,46.75,-6.25,2024-10-03 00:00:00,-0.045097392,0.08963246,4351950.96357759,-476616.1460837916,0.0
1844,15.81007,46.75,-6.25,2024-10-03 00:00:00,-0.051168747,0.07270957,4351950.96357759,-476616.1460837916,0.0
2024,18.49556,46.75,-6.25,2024-10-03 00:00:00,-0.06257198,0.07198136,4351950.96357759,-476616.1460837916,0.0
2204,21.59882,46.75,-6.25,2024-10-03 00:00:00,-0.056030184,0.056572728,4351950.96357759,-476616.1460837916,0.0
2384,25.21141,46.75,-6.25,2024-10-03 00:00:00,-0.05276091,0.027904656,4351950.96357759,-476616.1460837916,0.0
2564,29.44473,46.75,-6.25,2024-10-03 00:00:00,-0.055854518,0.003883378,4351950.96357759,-476616.1460837916,0.0
2744,34.43415,46.75,-6.25,2024-10-03 00:00:00,-0.06499751,-0.021800164,4351950.96357759,-476616.1460837916,0.0
2924,40.34405,46.75,-6.25,2024-10-03 00:00:00,-0.10824936,-0.043149516,4351950.96357759,-476616.1460837916,0.0
3104,47.37369,46.75,-6.25,2024-10-03 00:00:00,-0.100328036,0.01691532,4351950.96357759,-476616.1460837916,0.0
3284,55.76429,46.75,-6.25,2024-10-03 00:00:00,-0.052878626,0.05746853,4351950.96357759,-476616.1460837916,0.0
3464,65.80727,46.75,-6.25,2024-10-03 00:00:00,-0.042856418,0.059468634,4351950.96357759,-476616.1460837916,0.0
3644,77.85385,46.75,-6.25,2024-10-03 00:00:00,-0.052105088,0.058869608,4351950.96357759,-476616.1460837916,0.0
3824,92.32607,46.75,-6.25,2024-10-03 00:00:00,-0.06512209,0.0577711,4351950.96357759,-476616.1460837916,0.0
4004,109.7293,46.75,-6.25,2024-10-03 00:00:00,-0.07280429,0.051704112,4351950.96357759,-476616.1460837916,0.0
4184,130.666,46.75,-6.25,2024-10-03 00:00:00,-0.07443438,0.040040586,4351950.96357759,-476616.1460837916,0.0
4364,155.8507,46.75,-6.25,2024-10-03 00:00:00,-0.0681535,0.031144507,4351950.96357759,-476616.1460837916,0.0
4544,186.1256,46.75,-6.25,2024-10-03 00:00:00,-0.06689936,0.012564214,4351950.96357759,-476616.1460837916,0.0
4724,222.4752,46.75,-6.25,2024-10-03 00:00:00,-0.06722012,-0.0029015774,4351950.96357759,-476616.1460837916,0.0
4904,266.0403,46.75,-6.25,2024-10-03 00:00:00,-0.063205734,-0.003417067,4351950.96357759,-476616.1460837916,0.0
5084,318.1274,46.75,-6.25,2024-10-03 00:00:00,-0.05985503,0.019252703,4351950.96357759,-476616.1460837916,0.0
5264,380.213,46.75,-6.25,2024-10-03 00:00:00,-0.052381247,0.0567548,4351950.96357759,-476616.1460837916,0.0
5444,453.9377,46.75,-6.25,2024-10-03 00:00:00,-0.042434163,0.07074868,4351950.96357759,-476616.1460837916,0.0
5624,541.0889,46.75,-6.25,2024-10-03 00:00:00,-0.047086954,0.051836614,4351950.96357759,-476616.1460837916,0.0
5804,643.5668,46.75,-6.25,2024-10-03 00:00:00,-0.035820212,0.050541867,4351950.96357759,-476616.1460837916,0.0
5984,763.3331,46.75,-6.25,2024-10-03 00:00:00,-0.01558191,0.0477893,4351950.96357759,-476616.1460837916,0.0
6164,902.3393,46.75,-6.25,2024-10-03 00:00:00,-0.0037542863,0.057944443,4351950.96357759,-476616.1460837916,0.0
53,0.494025,46.75,-6.1666565,2024-10-03 00:00:00,-0.0925282,0.063048355,4352639.653859386,-470285.21531356085,0.0
233,1.541375,46.75,-6.1666565,2024-10-03 00:00:00,-0.087671906,0.06845358,4352639.653859386,-470285.21531356085,0.0
413,2.645669,46.75,-6.1666565,2024-10-03 00:00:00,-0.08382036,0.07222037,4352639.653859386,-470285.21531356085,0.0
593,3.819495,46.75,-6.1666565,2024-10-03 00:00:00,-0.08143545,0.07434491,4352639.653859386,-470285.21531356085,0.0
773,5.078224,46.75,-6.1666565,2024-10-03 00:00:00,-0.079788156,0.07567212,4352639.653859386,-470285.21531356085,0.0
953,6.440614,46.75,-6.1666565,2024-10-03 00:00:00,-0.07835654,0.07664138,4352639.653859386,-470285.21531356085,0.0
1133,7.92956,46.75,-6.1666565,2024-10-03 00:00:00,-0.07700495,0.07739447,4352639.653859386,-470285.21531356085,0.0
1313,9.572997,46.75,-6.1666565,2024-10-03 00:00:00,-0.075564384,0.0778862,4352639.653859386,-470285.21531356085,0.0
1493,11.405,46.75,-6.1666565,2024-10-03 00:00:00,-0.074281424,0.078136265,4352639.653859386,-470285.21531356085,0.0
1673,13.46714,46.75,-6.1666565,2024-10-03 00:00:00,-0.07307376,0.07586042,4352639.653859386,-470285.21531356085,0.0
1853,15.81007,46.75,-6.1666565,2024-10-03 00:00:00,-0.073452055,0.071495354,4352639.653859386,-470285.21531356085,0.0
2033,18.49556,46.75,-6.1666565,2024-10-03 00:00:00,-0.073932625,0.074823774,4352639.653859386,-470285.21531356085,0.0
2213,21.59882,46.75,-6.1666565,2024-10-03 00:00:00,-0.074115664,0.064050056,4352639.653859386,-470285.21531356085,0.0
2393,25.21141,46.75,-6.1666565,2024-10-03 00:00:00,-0.07579075,0.039303735,4352639.653859386,-470285.21531356085,0.0
2573,29.44473,46.75,-6.1666565,2024-10-03 00:00:00,-0.08310192,0.018744,4352639.653859386,-470285.21531356085,0.0
2753,34.43415,46.75,-6.1666565,2024-10-03 00:00:00,-0.09420715,-0.003934931,4352639.653859386,-470285.21531356085,0.0
2933,40.34405,46.75,-6.1666565,2024-10-03 00:00:00,-0.12798803,-0.030109078,4352639.653859386,-470285.21531356085,0.0
3113,47.37369,46.75,-6.1666565,2024-10-03 00:00:00,-0.10418107,0.06321887,4352639.653859386,-470285.21531356085,0.0
3293,55.76429,46.75,-6.1666565,2024-10-03 00:00:00,-0.060057543,0.06577915,4352639.653859386,-470285.21531356085,0.0
3473,65.80727,46.75,-6.1666565,2024-10-03 00:00:00,-0.05816014,0.053725928,4352639.653859386,-470285.21531356085,0.0
3653,77.85385,46.75,-6.1666565,2024-10-03 00:00:00,-0.07122208,0.052399285,4352639.653859386,-470285.21531356085,0.0
3833,92.32607,46.75,-6.1666565,2024-10-03 00:00:00,-0.08308033,0.050277594,4352639.653859386,-470285.21531356085,0.0
4013,109.7293,46.75,-6.1666565,2024-10-03 00:00:00,-0.087483816,0.04698255,4352639.653859386,-470285.21531356085,0.0
4193,130.666,46.75,-6.1666565,2024-10-03 00:00:00,-0.08837165,0.045524742,4352639.653859386,-470285.21531356085,0.0
4373,155.8507,46.75,-6.1666565,2024-10-03 00:00:00,-0.082902946,0.05018677,4352639.653859386,-470285.21531356085,0.0
4553,186.1256,46.75,-6.1666565,2024-10-03 00:00:00,-0.073646665,0.05266759,4352639.653859386,-470285.21531356085,0.0
4733,222.4752,46.75,-6.1666565,2024-10-03 00:00:00,-0.067286074,0.06553178,4352639.653859386,-470285.21531356085,0.0
4913,266.0403,46.75,-6.1666565,2024-10-03 00:00:00,-0.058208883,0.07116298,4352639.653859386,-470285.21531356085,0.0
5093,318.1274,46.75,-6.1666565,2024-10-03 00:00:00,-0.056939103,0.07841908,4352639.653859386,-470285.21531356085,0.0
5273,380.213,46.75,-6.1666565,2024-10-03 00:00:00,-0.066745766,0.07763548,4352639.653859386,-470285.21531356085,0.0
5453,453.9377,46.75,-6.1666565,2024-10-03 00:00:00,-0.06585532,0.078488715,4352639.653859386,-470285.21531356085,0.0
5633,541.0889,46.75,-6.1666565,2024-10-03 00:00:00,-0.059710227,0.079971716,4352639.653859386,-470285.21531356085,0.0
5813,643.5668,46.75,-6.1666565,2024-10-03 00:00:00,-0.058704138,0.07575785,4352639.653859386,-470285.21531356085,0.0
5993,763.3331,46.75,-6.1666565,2024-10-03 00:00:00,-0.026779085,0.06618206,4352639.653859386,-470285.21531356085,0.0
6173,902.3393,46.75,-6.1666565,2024-10-03 00:00:00,-0.019256864,0.08674405,4352639.653859386,-470285.21531356085,0.0
62,0.494025,46.75,-6.0833282,2024-10-03 00:00:00,-0.107941695,0.013622912,4353319.010767862,-463954.44881885045,0.0
242,1.541375,46.75,-6.0833282,2024-10-03 00:00:00,-0.10335363,0.019624284,4353319.010767862,-463954.44881885045,0.0
422,2.645669,46.75,-6.0833282,2024-10-03 00:00:00,-0.099791445,0.023684844,4353319.010767862,-463954.44881885045,0.0
602,3.819495,46.75,-6.0833282,2024-10-03 00:00:00,-0.09771691,0.025844224,4353319.010767862,-463954.44881885045,0.0
782,5.078224,46.75,-6.0833282,2024-10-03 00:00:00,-0.0963733,0.02716865,4353319.010767862,-463954.44881885045,0.0
962,6.440614,46.75,-6.0833282,2024-10-03 00:00:00,-0.09528624,0.028219346,4353319.010767862,-463954.44881885045,0.0
1142,7.92956,46.75,-6.0833282,2024-10-03 00:00:00,-0.094405875,0.029057696,4353319.010767862,-463954.44881885045,0.0
1322,9.572997,46.75,-6.0833282,2024-10-03 00:00:00,-0.09367392,0.029738672,4353319.010767862,-463954.44881885045,0.0
1502,11.405,46.75,-6.0833282,2024-10-03 00:00:00,-0.09303278,0.030351546,4353319.010767862,-463954.44881885045,0.0
1682,13.46714,46.75,-6.0833282,2024-10-03 00:00:00,-0.09245936,0.030926289,4353319.010767862,-463954.44881885045,0.0
1862,15.81007,46.75,-6.0833282,2024-10-03 00:00:00,-0.091939695,0.031483267,4353319.010767862,-463954.44881885045,0.0
2042,18.49556,46.75,-6.0833282,2024-10-03 00:00:00,-0.091470025,0.032036606,4353319.010767862,-463954.44881885045,0.0
2222,21.59882,46.75,-6.0833282,2024-10-03 00:00:00,-0.091073215,0.032609265,4353319.010767862,-463954.44881885045,0.0
2402,25.21141,46.75,-6.0833282,2024-10-03 00:00:00,-0.090736695,0.033323728,4353319.010767862,-463954.44881885045,0.0
2582,29.44473,46.75,-6.0833282,2024-10-03 00:00:00,-0.09114823,0.03456118,4353319.010767862,-463954.44881885045,0.0
2762,34.43415,46.75,-6.0833282,2024-10-03 00:00:00,-0.087480694,0.041633308,4353319.010767862,-463954.44881885045,0.0
2942,40.34405,46.75,-6.0833282,2024-10-03 00:00:00,-0.10184215,0.026637467,4353319.010767862,-463954.44881885045,0.0
3122,47.37369,46.75,-6.0833282,2024-10-03 00:00:00,-0.08878803,0.10869934,4353319.010767862,-463954.44881885045,0.0
3302,55.76429,46.75,-6.0833282,2024-10-03 00:00:00,-0.06916726,0.08764195,4353319.010767862,-463954.44881885045,0.0
3482,65.80727,46.75,-6.0833282,2024-10-03 00:00:00,-0.068205975,0.070111714,4353319.010767862,-463954.44881885045,0.0
3662,77.85385,46.75,-6.0833282,2024-10-03 00:00:00,-0.07996722,0.07346608,4353319.010767862,-463954.44881885045,0.0
3842,92.32607,46.75,-6.0833282,2024-10-03 00:00:00,-0.089884624,0.08051124,4353319.010767862,-463954.44881885045,0.0
4022,109.7293,46.75,-6.0833282,2024-10-03 00:00:00,-0.09637801,0.08523307,4353319.010767862,-463954.44881885045,0.0
4202,130.666,46.75,-6.0833282,2024-10-03 00:00:00,-0.09950427,0.09114228,4353319.010767862,-463954.44881885045,0.0
4382,155.8507,46.75,-6.0833282,2024-10-03 00:00:00,-0.092713,0.09886228,4353319.010767862,-463954.44881885045,0.0
4562,186.1256,46.75,-6.0833282,2024-10-03 00:00:00,-0.08431126,0.09662177,4353319.010767862,-463954.44881885045,0.0
4742,222.4752,46.75,-6.0833282,2024-10-03 00:00:00,-0.08762018,0.09033514,4353319.010767862,-463954.44881885045,0.0
4922,266.0403,46.75,-6.0833282,2024-10-03 00:00:00,-0.078893594,0.08201188,4353319.010767862,-463954.44881885045,0.0
5102,318.1274,46.75,-6.0833282,2024-10-03 00:00:00,-0.077588506,0.07329897,4353319.010767862,-463954.44881885045,0.0
5282,380.213,46.75,-6.0833282,2024-10-03 00:00:00,-0.07861199,0.072606236,4353319.010767862,-463954.44881885045,0.0
5462,453.9377,46.75,-6.0833282,2024-10-03 00:00:00,-0.07735898,0.0772626,4353319.010767862,-463954.44881885045,0.0
5642,541.0889,46.75,-6.0833282,2024-10-03 00:00:00,-0.07611057,0.08114341,4353319.010767862,-463954.44881885045,0.0
5822,643.5668,46.75,-6.0833282,2024-10-03 00:00:00,-0.07470661,0.10270737,4353319.010767862,-463954.44881885045,0.0
6002,763.3331,46.75,-6.0833282,2024-10-03 00:00:00,-0.046540067,0.08991809,4353319.010767862,-463954.44881885045,0.0
6182,902.3393,46.75,-6.0833282,2024-10-03 00:00:00,-0.026426233,0.09397192,4353319.010767862,-463954.44881885045,0.0
71,0.494025,46.75,-6.0,2024-10-03 00:00:00,-0.11693909,0.003376881,4353989.159796485,-457622.70099545474,0.0
251,1.541375,46.75,-6.0,2024-10-03 00:00:00,-0.11257971,0.009473709,4353989.159796485,-457622.70099545474,0.0
431,2.645669,46.75,-6.0,2024-10-03 00:00:00,-0.108992,0.01397242,4353989.159796485,-457622.70099545474,0.0
611,3.819495,46.75,-6.0,2024-10-03 00:00:00,-0.10682339,0.016518679,4353989.159796485,-457622.70099545474,0.0
791,5.078224,46.75,-6.0,2024-10-03 00:00:00,-0.10540597,0.01812507,4353989.159796485,-457622.70099545474,0.0
971,6.440614,46.75,-6.0,2024-10-03 00:00:00,-0.10432065,0.01934089,4353989.159796485,-457622.70099545474,0.0
1151,7.92956,46.75,-6.0,2024-10-03 00:00:00,-0.10345384,0.020317547,4353989.159796485,-457622.70099545474,0.0
1331,9.572997,46.75,-6.0,2024-10-03 00:00:00,-0.102717325,0.021146,4353989.159796485,-457622.70099545474,0.0
1511,11.405,46.75,-6.0,2024-10-03 00:00:00,-0.10205352,0.021881338,4353989.159796485,-457622.70099545474,0.0
1691,13.46714,46.75,-6.0,2024-10-03 00:00:00,-0.1014624,0.022551674,4353989.159796485,-457622.70099545474,0.0
1871,15.81007,46.75,-6.0,2024-10-03 00:00:00,-0.100922495,0.023186047,4353989.159796485,-457622.70099545474,0.0
2051,18.49556,46.75,-6.0,2024-10-03 00:00:00,-0.100420795,0.023796089,4353989.159796485,-457622.70099545474,0.0
2231,21.59882,46.75,-6.0,2024-10-03 00:00:00,-0.09997399,0.024374882,4353989.159796485,-457622.70099545474,0.0
2411,25.21141,46.75,-6.0,2024-10-03 00:00:00,-0.09950288,0.024983738,4353989.159796485,-457622.70099545474,0.0
2591,29.44473,46.75,-6.0,2024-10-03 00:00:00,-0.099014096,0.025683807,4353989.159796485,-457622.70099545474,0.0
2771,34.43415,46.75,-6.0,2024-10-03 00:00:00,-0.090333685,0.03237477,4353989.159796485,-457622.70099545474,0.0
2951,40.34405,46.75,-6.0,2024-10-03 00:00:00,-0.10467232,0.03403125,4353989.159796485,-457622.70099545474,0.0
3131,47.37369,46.75,-6.0,2024-10-03 00:00:00,-0.093084805,0.106711626,4353989.159796485,-457622.70099545474,0.0
3311,55.76429,46.75,-6.0,2024-10-03 00:00:00,-0.082687646,0.107048854,4353989.159796485,-457622.70099545474,0.0
3491,65.80727,46.75,-6.0,2024-10-03 00:00:00,-0.08350074,0.1020582,4353989.159796485,-457622.70099545474,0.0
3671,77.85385,46.75,-6.0,2024-10-03 00:00:00,-0.09329754,0.10657432,4353989.159796485,-457622.70099545474,0.0
3851,92.32607,46.75,-6.0,2024-10-03 00:00:00,-0.09655159,0.10983906,4353989.159796485,-457622.70099545474,0.0
4031,109.7293,46.75,-6.0,2024-10-03 00:00:00,-0.096052624,0.11079072,4353989.159796485,-457622.70099545474,0.0
4211,130.666,46.75,-6.0,2024-10-03 00:00:00,-0.09892258,0.1050985,4353989.159796485,-457622.70099545474,0.0
4391,155.8507,46.75,-6.0,2024-10-03 00:00:00,-0.09779905,0.10529403,4353989.159796485,-457622.70099545474,0.0
4571,186.1256,46.75,-6.0,2024-10-03 00:00:00,-0.09606814,0.099016406,4353989.159796485,-457622.70099545474,0.0
4751,222.4752,46.75,-6.0,2024-10-03 00:00:00,-0.10281306,0.088398494,4353989.159796485,-457622.70099545474,0.0
4931,266.0403,46.75,-6.0,2024-10-03 00:00:00,-0.086939305,0.08316503,4353989.159796485,-457622.70099545474,0.0
5111,318.1274,46.75,-6.0,2024-10-03 00:00:00,-0.075964995,0.07797557,4353989.159796485,-457622.70099545474,0.0
5291,380.213,46.75,-6.0,2024-10-03 00:00:00,-0.08325823,0.082998954,4353989.159796485,-457622.70099545474,0.0
5471,453.9377,46.75,-6.0,2024-10-03 00:00:00,-0.08474696,0.08428746,4353989.159796485,-457622.70099545474,0.0
5651,541.0889,46.75,-6.0,2024-10-03 00:00:00,-0.07471436,0.0828671,4353989.159796485,-457622.70099545474,0.0
5831,643.5668,46.75,-6.0,2024-10-03 00:00:00,-0.07863976,0.10139707,4353989.159796485,-457622.70099545474,0.0
6011,763.3331,46.75,-6.0,2024-10-03 00:00:00,-0.053715035,0.08954069,4353989.159796485,-457622.70099545474,0.0
6191,902.3393,46.75,-6.0,2024-10-03 00:00:00,-0.057126258,0.08501373,4353989.159796485,-457622.70099545474,0.0
80,0.494025,46.833336,-6.25,2024-10-03 00:00:00,-0.08411058,0.18437767,4345238.723142079,-475881.0361998027,0.0
260,1.541375,46.833336,-6.25,2024-10-03 00:00:00,-0.079102516,0.1887376,4345238.723142079,-475881.0361998027,0.0
440,2.645669,46.833336,-6.25,2024-10-03 00:00:00,-0.07433946,0.1919182,4345238.723142079,-475881.0361998027,0.0
620,3.819495,46.833336,-6.25,2024-10-03 00:00:00,-0.0704038,0.19386286,4345238.723142079,-475881.0361998027,0.0
800,5.078224,46.833336,-6.25,2024-10-03 00:00:00,-0.0664636,0.1952077,4345238.723142079,-475881.0361998027,0.0
980,6.440614,46.833336,-6.25,2024-10-03 00:00:00,-0.059169255,0.19659743,4345238.723142079,-475881.0361998027,0.0
1160,7.92956,46.833336,-6.25,2024-10-03 00:00:00,-0.04173013,0.18287058,4345238.723142079,-475881.0361998027,0.0
1340,9.572997,46.833336,-6.25,2024-10-03 00:00:00,-0.030321904,0.12750487,4345238.723142079,-475881.0361998027,0.0
1520,11.405,46.833336,-6.25,2024-10-03 00:00:00,-0.03956948,0.10952361,4345238.723142079,-475881.0361998027,0.0
1700,13.46714,46.833336,-6.25,2024-10-03 00:00:00,-0.04878927,0.10343388,4345238.723142079,-475881.0361998027,0.0
1880,15.81007,46.833336,-6.25,2024-10-03 00:00:00,-0.059595592,0.09940729,4345238.723142079,-475881.0361998027,0.0
2060,18.49556,46.833336,-6.25,2024-10-03 00:00:00,-0.060515143,0.09931008,4345238.723142079,-475881.0361998027,0.0
2240,21.59882,46.833336,-6.25,2024-10-03 00:00:00,-0.052354768,0.0859842,4345238.723142079,-475881.0361998027,0.0
2420,25.21141,46.833336,-6.25,2024-10-03 00:00:00,-0.047836404,0.06204324,4345238.723142079,-475881.0361998027,0.0
2600,29.44473,46.833336,-6.25,2024-10-03 00:00:00,-0.049889136,0.042043258,4345238.723142079,-475881.0361998027,0.0
2780,34.43415,46.833336,-6.25,2024-10-03 00:00:00,-0.05429834,0.027898103,4345238.723142079,-475881.0361998027,0.0
2960,40.34405,46.833336,-6.25,2024-10-03 00:00:00,-0.08539761,0.009020184,4345238.723142079,-475881.0361998027,0.0
3140,47.37369,46.833336,-6.25,2024-10-03 00:00:00,-0.07132483,0.043973383,4345238.723142079,-475881.0361998027,0.0
3320,55.76429,46.833336,-6.25,2024-10-03 00:00:00,-0.023102695,0.07866247,4345238.723142079,-475881.0361998027,0.0
3500,65.80727,46.833336,-6.25,2024-10-03 00:00:00,-0.021322466,0.08743203,4345238.723142079,-475881.0361998027,0.0
3680,77.85385,46.833336,-6.25,2024-10-03 00:00:00,-0.03812942,0.09699379,4345238.723142079,-475881.0361998027,0.0
3860,92.32607,46.833336,-6.25,2024-10-03 00:00:00,-0.055320103,0.09916342,4345238.723142079,-475881.0361998027,0.0
4040,109.7293,46.833336,-6.25,2024-10-03 00:00:00,-0.060492415,0.09492653,4345238.723142079,-475881.0361998027,0.0
4220,130.666,46.833336,-6.25,2024-10-03 00:00:00,-0.05674592,0.0808376,4345238.723142079,-475881.0361998027,0.0
4400,155.8507,46.833336,-6.25,2024-10-03 00:00:00,-0.04710004,0.06950461,4345238.723142079,-475881.0361998027,0.0
4580,186.1256,46.833336,-6.25,2024-10-03 00:00:00,-0.049011424,0.041336622,4345238.723142079,-475881.0361998027,0.0
4760,222.4752,46.833336,-6.25,2024-10-03 00:00:00,-0.04004136,0.005125677,4345238.723142079,-475881.0361998027,0.0
4940,266.0403,46.833336,-6.25,2024-10-03 00:00:00,-0.032426387,-0.0037112061,4345238.723142079,-475881.0361998027,0.0
5120,318.1274,46.833336,-6.25,2024-10-03 00:00:00,-0.032691434,0.0259086,4345238.723142079,-475881.0361998027,0.0
5300,380.213,46.833336,-6.25,2024-10-03 00:00:00,-0.039659884,0.06438757,4345238.723142079,-475881.0361998027,0.0
5480,453.9377,46.833336,-6.25,2024-10-03 00:00:00,-0.044350334,0.088724345,4345238.723142079,-475881.0361998027,0.0
5660,541.0889,46.833336,-6.25,2024-10-03 00:00:00,-0.052423052,0.075289294,4345238.723142079,-475881.0361998027,0.0
5840,643.5668,46.833336,-6.25,2024-10-03 00:00:00,-0.061202455,0.07415694,4345238.723142079,-475881.0361998027,0.0
6020,763.3331,46.833336,-6.25,2024-10-03 00:00:00,-0.054022275,0.06649361,4345238.723142079,-475881.0361998027,0.0
6200,902.3393,46.833336,-6.25,2024-10-03 00:00:00,-0.05786649,0.07487214,4345238.723142079,-475881.0361998027,0.0
89,0.494025,46.833336,-6.1666565,2024-10-03 00:00:00,-0.08529518,0.14365767,4345926.351221016,-469559.8699535443,0.0
269,1.541375,46.833336,-6.1666565,2024-10-03 00:00:00,-0.08050521,0.14853604,4345926.351221016,-469559.8699535443,0.0
449,2.645669,46.833336,-6.1666565,2024-10-03 00:00:00,-0.07595031,0.15228581,4345926.351221016,-469559.8699535443,0.0
629,3.819495,46.833336,-6.1666565,2024-10-03 00:00:00,-0.07244337,0.15464987,4345926.351221016,-469559.8699535443,0.0
809,5.078224,46.833336,-6.1666565,2024-10-03 00:00:00,-0.069535665,0.15621309,4345926.351221016,-469559.8699535443,0.0
989,6.440614,46.833336,-6.1666565,2024-10-03 00:00:00,-0.06645506,0.15745783,4345926.351221016,-469559.8699535443,0.0
1169,7.92956,46.833336,-6.1666565,2024-10-03 00:00:00,-0.06140027,0.1595179,4345926.351221016,-469559.8699535443,0.0
1349,9.572997,46.833336,-6.1666565,2024-10-03 00:00:00,-0.056813654,0.15781334,4345926.351221016,-469559.8699535443,0.0
1529,11.405,46.833336,-6.1666565,2024-10-03 00:00:00,-0.057575688,0.14464384,4345926.351221016,-469559.8699535443,0.0
1709,13.46714,46.833336,-6.1666565,2024-10-03 00:00:00,-0.0586637,0.12640345,4345926.351221016,-469559.8699535443,0.0
1889,15.81007,46.833336,-6.1666565,2024-10-03 00:00:00,-0.054174602,0.11252536,4345926.351221016,-469559.8699535443,0.0
2069,18.49556,46.833336,-6.1666565,2024-10-03 00:00:00,-0.054542456,0.109624214,4345926.351221016,-469559.8699535443,0.0
2249,21.59882,46.833336,-6.1666565,2024-10-03 00:00:00,-0.05322633,0.09506757,4345926.351221016,-469559.8699535443,0.0
2429,25.21141,46.833336,-6.1666565,2024-10-03 00:00:00,-0.05843247,0.07041865,4345926.351221016,-469559.8699535443,0.0
2609,29.44473,46.833336,-6.1666565,2024-10-03 00:00:00,-0.07174824,0.046137597,4345926.351221016,-469559.8699535443,0.0
2789,34.43415,46.833336,-6.1666565,2024-10-03 00:00:00,-0.08509985,0.020293158,4345926.351221016,-469559.8699535443,0.0
2969,40.34405,46.833336,-6.1666565,2024-10-03 00:00:00,-0.11079667,-0.012511819,4345926.351221016,-469559.8699535443,0.0
3149,47.37369,46.833336,-6.1666565,2024-10-03 00:00:00,-0.08726844,0.07070844,4345926.351221016,-469559.8699535443,0.0
3329,55.76429,46.833336,-6.1666565,2024-10-03 00:00:00,-0.026137657,0.08725828,4345926.351221016,-469559.8699535443,0.0
3509,65.80727,46.833336,-6.1666565,2024-10-03 00:00:00,-0.01992673,0.07429771,4345926.351221016,-469559.8699535443,0.0
3689,77.85385,46.833336,-6.1666565,2024-10-03 00:00:00,-0.038094956,0.06963904,4345926.351221016,-469559.8699535443,0.0
3869,92.32607,46.833336,-6.1666565,2024-10-03 00:00:00,-0.057222664,0.06581091,4345926.351221016,-469559.8699535443,0.0
4049,109.7293,46.833336,-6.1666565,2024-10-03 00:00:00,-0.06779242,0.058084853,4345926.351221016,-469559.8699535443,0.0
4229,130.666,46.833336,-6.1666565,2024-10-03 00:00:00,-0.073605955,0.052657157,4345926.351221016,-469559.8699535443,0.0
4409,155.8507,46.833336,-6.1666565,2024-10-03 00:00:00,-0.06525861,0.053750608,4345926.351221016,-469559.8699535443,0.0
4589,186.1256,46.833336,-6.1666565,2024-10-03 00:00:00,-0.057222124,0.058533262,4345926.351221016,-469559.8699535443,0.0
4769,222.4752,46.833336,-6.1666565,2024-10-03 00:00:00,-0.05633514,0.066345565,4345926.351221016,-469559.8699535443,0.0
4949,266.0403,46.833336,-6.1666565,2024-10-03 00:00:00,-0.0510856,0.07352763,4345926.351221016,-469559.8699535443,0.0
5129,318.1274,46.833336,-6.1666565,2024-10-03 00:00:00,-0.046958495,0.09611373,4345926.351221016,-469559.8699535443,0.0
5309,380.213,46.833336,-6.1666565,2024-10-03 00:00:00,-0.05798358,0.108940765,4345926.351221016,-469559.8699535443,0.0
5489,453.9377,46.833336,-6.1666565,2024-10-03 00:00:00,-0.06267136,0.11286833,4345926.351221016,-469559.8699535443,0.0
5669,541.0889,46.833336,-6.1666565,2024-10-03 00:00:00,-0.06769286,0.11615139,4345926.351221016,-469559.8699535443,0.0
5849,643.5668,46.833336,-6.1666565,2024-10-03 00:00:00,-0.08264589,0.099677354,4345926.351221016,-469559.8699535443,0.0
6029,763.3331,46.833336,-6.1666565,2024-10-03 00:00:00,-0.06299467,0.09151627,4345926.351221016,-469559.8699535443,0.0
6209,902.3393,46.833336,-6.1666565,2024-10-03 00:00:00,-0.0615837,0.10665297,4345926.351221016,-469559.8699535443,0.0
98,0.494025,46.833336,-6.0833282,2024-10-03 00:00:00,-0.10769426,0.07023152,4346604.66032198,-463238.86772943556,0.0
278,1.541375,46.833336,-6.0833282,2024-10-03 00:00:00,-0.102904916,0.0756262,4346604.66032198,-463238.86772943556,0.0
458,2.645669,46.833336,-6.0833282,2024-10-03 00:00:00,-0.09840831,0.07973653,4346604.66032198,-463238.86772943556,0.0
638,3.819495,46.833336,-6.0833282,2024-10-03 00:00:00,-0.09520662,0.08216202,4346604.66032198,-463238.86772943556,0.0
818,5.078224,46.833336,-6.0833282,2024-10-03 00:00:00,-0.09282912,0.08366947,4346604.66032198,-463238.86772943556,0.0
998,6.440614,46.833336,-6.0833282,2024-10-03 00:00:00,-0.090866804,0.08474402,4346604.66032198,-463238.86772943556,0.0
1178,7.92956,46.833336,-6.0833282,2024-10-03 00:00:00,-0.088970244,0.08552521,4346604.66032198,-463238.86772943556,0.0
1358,9.572997,46.833336,-6.0833282,2024-10-03 00:00:00,-0.08722439,0.08612791,4346604.66032198,-463238.86772943556,0.0
1538,11.405,46.833336,-6.0833282,2024-10-03 00:00:00,-0.08567876,0.086582266,4346604.66032198,-463238.86772943556,0.0
1718,13.46714,46.833336,-6.0833282,2024-10-03 00:00:00,-0.08405004,0.086800545,4346604.66032198,-463238.86772943556,0.0
1898,15.81007,46.833336,-6.0833282,2024-10-03 00:00:00,-0.08089972,0.08595941,4346604.66032198,-463238.86772943556,0.0
2078,18.49556,46.833336,-6.0833282,2024-10-03 00:00:00,-0.079391204,0.08425981,4346604.66032198,-463238.86772943556,0.0
2258,21.59882,46.833336,-6.0833282,2024-10-03 00:00:00,-0.07795704,0.079107694,4346604.66032198,-463238.86772943556,0.0
2438,25.21141,46.833336,-6.0833282,2024-10-03 00:00:00,-0.0782375,0.06915846,4346604.66032198,-463238.86772943556,0.0
2618,29.44473,46.833336,-6.0833282,2024-10-03 00:00:00,-0.07555948,0.04605651,4346604.66032198,-463238.86772943556,0.0
2798,34.43415,46.833336,-6.0833282,2024-10-03 00:00:00,-0.08209957,0.0314491,4346604.66032198,-463238.86772943556,0.0
2978,40.34405,46.833336,-6.0833282,2024-10-03 00:00:00,-0.10364878,0.009555332,4346604.66032198,-463238.86772943556,0.0
3158,47.37369,46.833336,-6.0833282,2024-10-03 00:00:00,-0.07395647,0.1194946,4346604.66032198,-463238.86772943556,0.0
3338,55.76429,46.833336,-6.0833282,2024-10-03 00:00:00,-0.033858865,0.11294182,4346604.66032198,-463238.86772943556,0.0
3518,65.80727,46.833336,-6.0833282,2024-10-03 00:00:00,-0.03409311,0.091574416,4346604.66032198,-463238.86772943556,0.0
3698,77.85385,46.833336,-6.0833282,2024-10-03 00:00:00,-0.051070858,0.086602315,4346604.66032198,-463238.86772943556,0.0
3878,92.32607,46.833336,-6.0833282,2024-10-03 00:00:00,-0.06666471,0.08227136,4346604.66032198,-463238.86772943556,0.0
4058,109.7293,46.833336,-6.0833282,2024-10-03 00:00:00,-0.07274959,0.07799419,4346604.66032198,-463238.86772943556,0.0
4238,130.666,46.833336,-6.0833282,2024-10-03 00:00:00,-0.076209456,0.0841957,4346604.66032198,-463238.86772943556,0.0
4418,155.8507,46.833336,-6.0833282,2024-10-03 00:00:00,-0.074374594,0.101965904,4346604.66032198,-463238.86772943556,0.0
4598,186.1256,46.833336,-6.0833282,2024-10-03 00:00:00,-0.068654835,0.11238142,4346604.66032198,-463238.86772943556,0.0
4778,222.4752,46.833336,-6.0833282,2024-10-03 00:00:00,-0.073681526,0.12067147,4346604.66032198,-463238.86772943556,0.0
4958,266.0403,46.833336,-6.0833282,2024-10-03 00:00:00,-0.07448222,0.11869127,4346604.66032198,-463238.86772943556,0.0
5138,318.1274,46.833336,-6.0833282,2024-10-03 00:00:00,-0.07184262,0.11016824,4346604.66032198,-463238.86772943556,0.0
5318,380.213,46.833336,-6.0833282,2024-10-03 00:00:00,-0.07839083,0.09656832,4346604.66032198,-463238.86772943556,0.0
5498,453.9377,46.833336,-6.0833282,2024-10-03 00:00:00,-0.07811858,0.09815267,4346604.66032198,-463238.86772943556,0.0
5678,541.0889,46.833336,-6.0833282,2024-10-03 00:00:00,-0.08082176,0.10715073,4346604.66032198,-463238.86772943556,0.0
5858,643.5668,46.833336,-6.0833282,2024-10-03 00:00:00,-0.09381224,0.11874913,4346604.66032198,-463238.86772943556,0.0
6038,763.3331,46.833336,-6.0833282,2024-10-03 00:00:00,-0.07404642,0.108413726,4346604.66032198,-463238.86772943556,0.0
6218,902.3393,46.833336,-6.0833282,2024-10-03 00:00:00,-0.06091518,0.10554287,4346604.66032198,-463238.86772943556,0.0
107,0.494025,46.833336,-6.0,2024-10-03 00:00:00,-0.11161306,0.036214374,4347273.775744883,-456916.88569019584,0.0
287,1.541375,46.833336,-6.0,2024-10-03 00:00:00,-0.10716708,0.042002067,4347273.775744883,-456916.88569019584,0.0
467,2.645669,46.833336,-6.0,2024-10-03 00:00:00,-0.10321979,0.04659524,4347273.775744883,-456916.88569019584,0.0
647,3.819495,46.833336,-6.0,2024-10-03 00:00:00,-0.10062239,0.04934964,4347273.775744883,-456916.88569019584,0.0
827,5.078224,46.833336,-6.0,2024-10-03 00:00:00,-0.09884826,0.051110484,4347273.775744883,-456916.88569019584,0.0
1007,6.440614,46.833336,-6.0,2024-10-03 00:00:00,-0.097515404,0.052376013,4347273.775744883,-456916.88569019584,0.0
1187,7.92956,46.833336,-6.0,2024-10-03 00:00:00,-0.09626866,0.053488452,4347273.775744883,-456916.88569019584,0.0
1367,9.572997,46.833336,-6.0,2024-10-03 00:00:00,-0.09516383,0.054424006,4347273.775744883,-456916.88569019584,0.0
1547,11.405,46.833336,-6.0,2024-10-03 00:00:00,-0.09425804,0.055199854,4347273.775744883,-456916.88569019584,0.0
1727,13.46714,46.833336,-6.0,2024-10-03 00:00:00,-0.0933777,0.055911742,4347273.775744883,-456916.88569019584,0.0
1907,15.81007,46.833336,-6.0,2024-10-03 00:00:00,-0.092457265,0.056589223,4347273.775744883,-456916.88569019584,0.0
2087,18.49556,46.833336,-6.0,2024-10-03 00:00:00,-0.09153715,0.057262283,4347273.775744883,-456916.88569019584,0.0
2267,21.59882,46.833336,-6.0,2024-10-03 00:00:00,-0.090589754,0.05793805,4347273.775744883,-456916.88569019584,0.0
2447,25.21141,46.833336,-6.0,2024-10-03 00:00:00,-0.08968642,0.05865462,4347273.775744883,-456916.88569019584,0.0
2627,29.44473,46.833336,-6.0,2024-10-03 00:00:00,-0.086824976,0.059592232,4347273.775744883,-456916.88569019584,0.0
2807,34.43415,46.833336,-6.0,2024-10-03 00:00:00,-0.079669856,0.065231085,4347273.775744883,-456916.88569019584,0.0
2987,40.34405,46.833336,-6.0,2024-10-03 00:00:00,-0.09256412,0.056898996,4347273.775744883,-456916.88569019584,0.0
3167,47.37369,46.833336,-6.0,2024-10-03 00:00:00,-0.071038246,0.1500998,4347273.775744883,-456916.88569019584,0.0
3347,55.76429,46.833336,-6.0,2024-10-03 00:00:00,-0.058314882,0.13603105,4347273.775744883,-456916.88569019584,0.0
3527,65.80727,46.833336,-6.0,2024-10-03 00:00:00,-0.06594291,0.11743438,4347273.775744883,-456916.88569019584,0.0
3707,77.85385,46.833336,-6.0,2024-10-03 00:00:00,-0.07907596,0.112070605,4347273.775744883,-456916.88569019584,0.0
3887,92.32607,46.833336,-6.0,2024-10-03 00:00:00,-0.08435137,0.11372743,4347273.775744883,-456916.88569019584,0.0
4067,109.7293,46.833336,-6.0,2024-10-03 00:00:00,-0.08264801,0.11378023,4347273.775744883,-456916.88569019584,0.0
4247,130.666,46.833336,-6.0,2024-10-03 00:00:00,-0.08494136,0.11453646,4347273.775744883,-456916.88569019584,0.0
4427,155.8507,46.833336,-6.0,2024-10-03 00:00:00,-0.09064695,0.12898786,4347273.775744883,-456916.88569019584,0.0
4607,186.1256,46.833336,-6.0,2024-10-03 00:00:00,-0.0902483,0.12718117,4347273.775744883,-456916.88569019584,0.0
4787,222.4752,46.833336,-6.0,2024-10-03 00:00:00,-0.100579746,0.106816985,4347273.775744883,-456916.88569019584,0.0
4967,266.0403,46.833336,-6.0,2024-10-03 00:00:00,-0.09956512,0.090292685,4347273.775744883,-456916.88569019584,0.0
5147,318.1274,46.833336,-6.0,2024-10-03 00:00:00,-0.09718014,0.088495545,4347273.775744883,-456916.88569019584,0.0
5327,380.213,46.833336,-6.0,2024-10-03 00:00:00,-0.08958009,0.084380224,4347273.775744883,-456916.88569019584,0.0
5507,453.9377,46.833336,-6.0,2024-10-03 00:00:00,-0.07840508,0.07828103,4347273.775744883,-456916.88569019584,0.0
5687,541.0889,46.833336,-6.0,2024-10-03 00:00:00,-0.083840914,0.085035175,4347273.775744883,-456916.88569019584,0.0
5867,643.5668,46.833336,-6.0,2024-10-03 00:00:00,-0.0865977,0.09699779,4347273.775744883,-456916.88569019584,0.0
6047,763.3331,46.833336,-6.0,2024-10-03 00:00:00,-0.06863752,0.093788676,4347273.775744883,-456916.88569019584,0.0
6227,902.3393,46.833336,-6.0,2024-10-03 00:00:00,-0.0615404,0.0993661,4347273.775744883,-456916.88569019584,0.0
116,0.494025,46.91667,-6.25,2024-10-03 00:00:00,-0.12346619,0.16110682,4338517.220887722,-475144.9119816816,0.0
296,1.541375,46.91667,-6.25,2024-10-03 00:00:00,-0.11857254,0.16553408,4338517.220887722,-475144.9119816816,0.0
476,2.645669,46.91667,-6.25,2024-10-03 00:00:00,-0.11372525,0.16915196,4338517.220887722,-475144.9119816816,0.0
656,3.819495,46.91667,-6.25,2024-10-03 00:00:00,-0.10950852,0.17174043,4338517.220887722,-475144.9119816816,0.0
836,5.078224,46.91667,-6.25,2024-10-03 00:00:00,-0.105187885,0.17393933,4338517.220887722,-475144.9119816816,0.0
1016,6.440614,46.91667,-6.25,2024-10-03 00:00:00,-0.09747271,0.17870729,4338517.220887722,-475144.9119816816,0.0
1196,7.92956,46.91667,-6.25,2024-10-03 00:00:00,-0.07908094,0.17314263,4338517.220887722,-475144.9119816816,0.0
1376,9.572997,46.91667,-6.25,2024-10-03 00:00:00,-0.06285426,0.1318062,4338517.220887722,-475144.9119816816,0.0
1556,11.405,46.91667,-6.25,2024-10-03 00:00:00,-0.07479466,0.12552333,4338517.220887722,-475144.9119816816,0.0
1736,13.46714,46.91667,-6.25,2024-10-03 00:00:00,-0.08242334,0.12578472,4338517.220887722,-475144.9119816816,0.0
1916,15.81007,46.91667,-6.25,2024-10-03 00:00:00,-0.08657929,0.12825486,4338517.220887722,-475144.9119816816,0.0
2096,18.49556,46.91667,-6.25,2024-10-03 00:00:00,-0.076544195,0.12028705,4338517.220887722,-475144.9119816816,0.0
2276,21.59882,46.91667,-6.25,2024-10-03 00:00:00,-0.06406886,0.09838759,4338517.220887722,-475144.9119816816,0.0
2456,25.21141,46.91667,-6.25,2024-10-03 00:00:00,-0.061322108,0.07631602,4338517.220887722,-475144.9119816816,0.0
2636,29.44473,46.91667,-6.25,2024-10-03 00:00:00,-0.06454604,0.06129682,4338517.220887722,-475144.9119816816,0.0
2816,34.43415,46.91667,-6.25,2024-10-03 00:00:00,-0.066114105,0.048234038,4338517.220887722,-475144.9119816816,0.0
2996,40.34405,46.91667,-6.25,2024-10-03 00:00:00,-0.091115355,0.04745448,4338517.220887722,-475144.9119816816,0.0
3176,47.37369,46.91667,-6.25,2024-10-03 00:00:00,-0.062161878,0.083046794,4338517.220887722,-475144.9119816816,0.0
3356,55.76429,46.91667,-6.25,2024-10-03 00:00:00,-0.016183825,0.11343436,4338517.220887722,-475144.9119816816,0.0
3536,65.80727,46.91667,-6.25,2024-10-03 00:00:00,-0.020791762,0.10639759,4338517.220887722,-475144.9119816816,0.0
3716,77.85385,46.91667,-6.25,2024-10-03 00:00:00,-0.043663613,0.104272574,4338517.220887722,-475144.9119816816,0.0
3896,92.32607,46.91667,-6.25,2024-10-03 00:00:00,-0.064995304,0.10234512,4338517.220887722,-475144.9119816816,0.0
4076,109.7293,46.91667,-6.25,2024-10-03 00:00:00,-0.07583804,0.092254676,4338517.220887722,-475144.9119816816,0.0
4256,130.666,46.91667,-6.25,2024-10-03 00:00:00,-0.07278937,0.08410466,4338517.220887722,-475144.9119816816,0.0
4436,155.8507,46.91667,-6.25,2024-10-03 00:00:00,-0.06073363,0.07584008,4338517.220887722,-475144.9119816816,0.0
4616,186.1256,46.91667,-6.25,2024-10-03 00:00:00,-0.05276113,0.05403428,4338517.220887722,-475144.9119816816,0.0
4796,222.4752,46.91667,-6.25,2024-10-03 00:00:00,-0.042339623,0.033496495,4338517.220887722,-475144.9119816816,0.0
4976,266.0403,46.91667,-6.25,2024-10-03 00:00:00,-0.0289289,0.019528821,4338517.220887722,-475144.9119816816,0.0
5156,318.1274,46.91667,-6.25,2024-10-03 00:00:00,-0.032559898,0.03369478,4338517.220887722,-475144.9119816816,0.0
5336,380.213,46.91667,-6.25,2024-10-03 00:00:00,-0.04694939,0.06452888,4338517.220887722,-475144.9119816816,0.0
5516,453.9377,46.91667,-6.25,2024-10-03 00:00:00,-0.057012416,0.09321868,4338517.220887722,-475144.9119816816,0.0
5696,541.0889,46.91667,-6.25,2024-10-03 00:00:00,-0.069724485,0.097411335,4338517.220887722,-475144.9119816816,0.0
5876,643.5668,46.91667,-6.25,2024-10-03 00:00:00,-0.07036706,0.106659114,4338517.220887722,-475144.9119816816,0.0
6056,763.3331,46.91667,-6.25,2024-10-03 00:00:00,-0.07188178,0.10097253,4338517.220887722,-475144.9119816816,0.0
6236,902.3393,46.91667,-6.25,2024-10-03 00:00:00,-0.07591794,0.10625862,4338517.220887722,-475144.9119816816,0.0
125,0.494025,46.91667,-6.1666565,2024-10-03 00:00:00,-0.11618265,0.18579677,4339203.78529813,-468833.52373287774,0.0
305,1.541375,46.91667,-6.1666565,2024-10-03 00:00:00,-0.11146638,0.19051592,4339203.78529813,-468833.52373287774,0.0
485,2.645669,46.91667,-6.1666565,2024-10-03 00:00:00,-0.10677572,0.19448334,4339203.78529813,-468833.52373287774,0.0
665,3.819495,46.91667,-6.1666565,2024-10-03 00:00:00,-0.1028499,0.1972842,4339203.78529813,-468833.52373287774,0.0
845,5.078224,46.91667,-6.1666565,2024-10-03 00:00:00,-0.099357545,0.19928804,4339203.78529813,-468833.52373287774,0.0
1025,6.440614,46.91667,-6.1666565,2024-10-03 00:00:00,-0.095326185,0.20101982,4339203.78529813,-468833.52373287774,0.0
1205,7.92956,46.91667,-6.1666565,2024-10-03 00:00:00,-0.08727583,0.20461003,4339203.78529813,-468833.52373287774,0.0
1385,9.572997,46.91667,-6.1666565,2024-10-03 00:00:00,-0.07893048,0.19800267,4339203.78529813,-468833.52373287774,0.0
1565,11.405,46.91667,-6.1666565,2024-10-03 00:00:00,-0.076929554,0.1701413,4339203.78529813,-468833.52373287774,0.0
1745,13.46714,46.91667,-6.1666565,2024-10-03 00:00:00,-0.067871384,0.14334843,4339203.78529813,-468833.52373287774,0.0
1925,15.81007,46.91667,-6.1666565,2024-10-03 00:00:00,-0.07358712,0.14082815,4339203.78529813,-468833.52373287774,0.0
2105,18.49556,46.91667,-6.1666565,2024-10-03 00:00:00,-0.069036976,0.13885307,4339203.78529813,-468833.52373287774,0.0
2285,21.59882,46.91667,-6.1666565,2024-10-03 00:00:00,-0.06021085,0.11326033,4339203.78529813,-468833.52373287774,0.0
2465,25.21141,46.91667,-6.1666565,2024-10-03 00:00:00,-0.061816663,0.08119381,4339203.78529813,-468833.52373287774,0.0
2645,29.44473,46.91667,-6.1666565,2024-10-03 00:00:00,-0.068675876,0.05836169,4339203.78529813,-468833.52373287774,0.0
2825,34.43415,46.91667,-6.1666565,2024-10-03 00:00:00,-0.07308744,0.03813489,4339203.78529813,-468833.52373287774,0.0
3005,40.34405,46.91667,-6.1666565,2024-10-03 00:00:00,-0.10322034,0.017472556,4339203.78529813,-468833.52373287774,0.0
3185,47.37369,46.91667,-6.1666565,2024-10-03 00:00:00,-0.067373864,0.10429543,4339203.78529813,-468833.52373287774,0.0
3365,55.76429,46.91667,-6.1666565,2024-10-03 00:00:00,-0.017899612,0.115535095,4339203.78529813,-468833.52373287774,0.0
3545,65.80727,46.91667,-6.1666565,2024-10-03 00:00:00,-0.015119222,0.08672116,4339203.78529813,-468833.52373287774,0.0
3725,77.85385,46.91667,-6.1666565,2024-10-03 00:00:00,-0.037870854,0.063470155,4339203.78529813,-468833.52373287774,0.0
3905,92.32607,46.91667,-6.1666565,2024-10-03 00:00:00,-0.064397655,0.054912467,4339203.78529813,-468833.52373287774,0.0
4085,109.7293,46.91667,-6.1666565,2024-10-03 00:00:00,-0.07942118,0.047959805,4339203.78529813,-468833.52373287774,0.0
4265,130.666,46.91667,-6.1666565,2024-10-03 00:00:00,-0.08346493,0.05346312,4339203.78529813,-468833.52373287774,0.0
4445,155.8507,46.91667,-6.1666565,2024-10-03 00:00:00,-0.07350923,0.06683924,4339203.78529813,-468833.52373287774,0.0
4625,186.1256,46.91667,-6.1666565,2024-10-03 00:00:00,-0.0625775,0.08093496,4339203.78529813,-468833.52373287774,0.0
4805,222.4752,46.91667,-6.1666565,2024-10-03 00:00:00,-0.06181025,0.100417994,4339203.78529813,-468833.52373287774,0.0
4985,266.0403,46.91667,-6.1666565,2024-10-03 00:00:00,-0.0521166,0.10652491,4339203.78529813,-468833.52373287774,0.0
5165,318.1274,46.91667,-6.1666565,2024-10-03 00:00:00,-0.050008453,0.1259256,4339203.78529813,-468833.52373287774,0.0
5345,380.213,46.91667,-6.1666565,2024-10-03 00:00:00,-0.052451685,0.13171151,4339203.78529813,-468833.52373287774,0.0
5525,453.9377,46.91667,-6.1666565,2024-10-03 00:00:00,-0.058741,0.13715054,4339203.78529813,-468833.52373287774,0.0
5705,541.0889,46.91667,-6.1666565,2024-10-03 00:00:00,-0.07080816,0.12908195,4339203.78529813,-468833.52373287774,0.0
5885,643.5668,46.91667,-6.1666565,2024-10-03 00:00:00,-0.08376061,0.1264306,4339203.78529813,-468833.52373287774,0.0
6065,763.3331,46.91667,-6.1666565,2024-10-03 00:00:00,-0.08333252,0.1210192,4339203.78529813,-468833.52373287774,0.0
6245,902.3393,46.91667,-6.1666565,2024-10-03 00:00:00,-0.07908197,0.107634224,4339203.78529813,-468833.52373287774,0.0
134,0.494025,46.91667,-6.0833282,2024-10-03 00:00:00,-0.103881836,0.12159252,4339881.045145775,-462522.2992525033,0.0
314,1.541375,46.91667,-6.0833282,2024-10-03 00:00:00,-0.09928529,0.12665352,4339881.045145775,-462522.2992525033,0.0
494,2.645669,46.91667,-6.0833282,2024-10-03 00:00:00,-0.094903246,0.13101101,4339881.045145775,-462522.2992525033,0.0
674,3.819495,46.91667,-6.0833282,2024-10-03 00:00:00,-0.091638826,0.13404089,4339881.045145775,-462522.2992525033,0.0
854,5.078224,46.91667,-6.0833282,2024-10-03 00:00:00,-0.0891821,0.1361348,4339881.045145775,-462522.2992525033,0.0
1034,6.440614,46.91667,-6.0833282,2024-10-03 00:00:00,-0.08710652,0.13767023,4339881.045145775,-462522.2992525033,0.0
1214,7.92956,46.91667,-6.0833282,2024-10-03 00:00:00,-0.08500428,0.13884307,4339881.045145775,-462522.2992525033,0.0
1394,9.572997,46.91667,-6.0833282,2024-10-03 00:00:00,-0.082882866,0.13985932,4339881.045145775,-462522.2992525033,0.0
1574,11.405,46.91667,-6.0833282,2024-10-03 00:00:00,-0.0790249,0.14089388,4339881.045145775,-462522.2992525033,0.0
1754,13.46714,46.91667,-6.0833282,2024-10-03 00:00:00,-0.0729669,0.14120658,4339881.045145775,-462522.2992525033,0.0
1934,15.81007,46.91667,-6.0833282,2024-10-03 00:00:00,-0.07476293,0.1375705,4339881.045145775,-462522.2992525033,0.0
2114,18.49556,46.91667,-6.0833282,2024-10-03 00:00:00,-0.07391344,0.13302276,4339881.045145775,-462522.2992525033,0.0
2294,21.59882,46.91667,-6.0833282,2024-10-03 00:00:00,-0.07255887,0.113361664,4339881.045145775,-462522.2992525033,0.0
2474,25.21141,46.91667,-6.0833282,2024-10-03 00:00:00,-0.07472467,0.09003949,4339881.045145775,-462522.2992525033,0.0
2654,29.44473,46.91667,-6.0833282,2024-10-03 00:00:00,-0.07840342,0.06993455,4339881.045145775,-462522.2992525033,0.0
2834,34.43415,46.91667,-6.0833282,2024-10-03 00:00:00,-0.08239857,0.047064368,4339881.045145775,-462522.2992525033,0.0
3014,40.34405,46.91667,-6.0833282,2024-10-03 00:00:00,-0.10850476,0.034287795,4339881.045145775,-462522.2992525033,0.0
3194,47.37369,46.91667,-6.0833282,2024-10-03 00:00:00,-0.06823219,0.15911244,4339881.045145775,-462522.2992525033,0.0
3374,55.76429,46.91667,-6.0833282,2024-10-03 00:00:00,-0.02143697,0.13390544,4339881.045145775,-462522.2992525033,0.0
3554,65.80727,46.91667,-6.0833282,2024-10-03 00:00:00,-0.026671259,0.09949371,4339881.045145775,-462522.2992525033,0.0
3734,77.85385,46.91667,-6.0833282,2024-10-03 00:00:00,-0.051490203,0.084105596,4339881.045145775,-462522.2992525033,0.0
3914,92.32607,46.91667,-6.0833282,2024-10-03 00:00:00,-0.07529001,0.08110516,4339881.045145775,-462522.2992525033,0.0
4094,109.7293,46.91667,-6.0833282,2024-10-03 00:00:00,-0.08600506,0.08015367,4339881.045145775,-462522.2992525033,0.0
4274,130.666,46.91667,-6.0833282,2024-10-03 00:00:00,-0.091986135,0.08700399,4339881.045145775,-462522.2992525033,0.0
4454,155.8507,46.91667,-6.0833282,2024-10-03 00:00:00,-0.09461579,0.108399585,4339881.045145775,-462522.2992525033,0.0
4634,186.1256,46.91667,-6.0833282,2024-10-03 00:00:00,-0.08028409,0.12662303,4339881.045145775,-462522.2992525033,0.0
4814,222.4752,46.91667,-6.0833282,2024-10-03 00:00:00,-0.0769737,0.14267671,4339881.045145775,-462522.2992525033,0.0
4994,266.0403,46.91667,-6.0833282,2024-10-03 00:00:00,-0.06952444,0.15104416,4339881.045145775,-462522.2992525033,0.0
5174,318.1274,46.91667,-6.0833282,2024-10-03 00:00:00,-0.070358954,0.14754364,4339881.045145775,-462522.2992525033,0.0
5354,380.213,46.91667,-6.0833282,2024-10-03 00:00:00,-0.070306145,0.13725704,4339881.045145775,-462522.2992525033,0.0
5534,453.9377,46.91667,-6.0833282,2024-10-03 00:00:00,-0.06579777,0.120622836,4339881.045145775,-462522.2992525033,0.0
5714,541.0889,46.91667,-6.0833282,2024-10-03 00:00:00,-0.06392352,0.1149112,4339881.045145775,-462522.2992525033,0.0
5894,643.5668,46.91667,-6.0833282,2024-10-03 00:00:00,-0.083395034,0.121329054,4339881.045145775,-462522.2992525033,0.0
6074,763.3331,46.91667,-6.0833282,2024-10-03 00:00:00,-0.07965947,0.10927823,4339881.045145775,-462522.2992525033,0.0
6254,902.3393,46.91667,-6.0833282,2024-10-03 00:00:00,-0.072396144,0.0979623,4339881.045145775,-462522.2992525033,0.0
143,0.494025,46.91667,-6.0,2024-10-03 00:00:00,-0.09578379,0.07878804,4340549.125536747,-456210.0964726406,0.0
323,1.541375,46.91667,-6.0,2024-10-03 00:00:00,-0.09128151,0.08417851,4340549.125536747,-456210.0964726406,0.0
503,2.645669,46.91667,-6.0,2024-10-03 00:00:00,-0.08715554,0.08859709,4340549.125536747,-456210.0964726406,0.0
683,3.819495,46.91667,-6.0,2024-10-03 00:00:00,-0.08435502,0.09128098,4340549.125536747,-456210.0964726406,0.0
863,5.078224,46.91667,-6.0,2024-10-03 00:00:00,-0.082452945,0.09295322,4340549.125536747,-456210.0964726406,0.0
1043,6.440614,46.91667,-6.0,2024-10-03 00:00:00,-0.081035696,0.09412654,4340549.125536747,-456210.0964726406,0.0
1223,7.92956,46.91667,-6.0,2024-10-03 00:00:00,-0.07982445,0.095066406,4340549.125536747,-456210.0964726406,0.0
1403,9.572997,46.91667,-6.0,2024-10-03 00:00:00,-0.07881485,0.09579251,4340549.125536747,-456210.0964726406,0.0
1583,11.405,46.91667,-6.0,2024-10-03 00:00:00,-0.07793333,0.09642623,4340549.125536747,-456210.0964726406,0.0
1763,13.46714,46.91667,-6.0,2024-10-03 00:00:00,-0.07715763,0.09699808,4340549.125536747,-456210.0964726406,0.0
1943,15.81007,46.91667,-6.0,2024-10-03 00:00:00,-0.07648711,0.09752963,4340549.125536747,-456210.0964726406,0.0
2123,18.49556,46.91667,-6.0,2024-10-03 00:00:00,-0.075932965,0.09802898,4340549.125536747,-456210.0964726406,0.0
2303,21.59882,46.91667,-6.0,2024-10-03 00:00:00,-0.07551516,0.09850052,4340549.125536747,-456210.0964726406,0.0
2483,25.21141,46.91667,-6.0,2024-10-03 00:00:00,-0.07513951,0.098951295,4340549.125536747,-456210.0964726406,0.0
2663,29.44473,46.91667,-6.0,2024-10-03 00:00:00,-0.07461619,0.09935615,4340549.125536747,-456210.0964726406,0.0
2843,34.43415,46.91667,-6.0,2024-10-03 00:00:00,-0.07331,0.09081314,4340549.125536747,-456210.0964726406,0.0
3023,40.34405,46.91667,-6.0,2024-10-03 00:00:00,-0.10334441,0.07311722,4340549.125536747,-456210.0964726406,0.0
3203,47.37369,46.91667,-6.0,2024-10-03 00:00:00,-0.078570254,0.19703737,4340549.125536747,-456210.0964726406,0.0
3383,55.76429,46.91667,-6.0,2024-10-03 00:00:00,-0.04754296,0.15735182,4340549.125536747,-456210.0964726406,0.0
3563,65.80727,46.91667,-6.0,2024-10-03 00:00:00,-0.05296478,0.12762015,4340549.125536747,-456210.0964726406,0.0
3743,77.85385,46.91667,-6.0,2024-10-03 00:00:00,-0.07231937,0.111812264,4340549.125536747,-456210.0964726406,0.0
3923,92.32607,46.91667,-6.0,2024-10-03 00:00:00,-0.08882132,0.10861826,4340549.125536747,-456210.0964726406,0.0
4103,109.7293,46.91667,-6.0,2024-10-03 00:00:00,-0.09656747,0.11837125,4340549.125536747,-456210.0964726406,0.0
4283,130.666,46.91667,-6.0,2024-10-03 00:00:00,-0.10400437,0.12830476,4340549.125536747,-456210.0964726406,0.0
4463,155.8507,46.91667,-6.0,2024-10-03 00:00:00,-0.11310697,0.1462079,4340549.125536747,-456210.0964726406,0.0
4643,186.1256,46.91667,-6.0,2024-10-03 00:00:00,-0.09890148,0.15239975,4340549.125536747,-456210.0964726406,0.0
4823,222.4752,46.91667,-6.0,2024-10-03 00:00:00,-0.09980327,0.12904176,4340549.125536747,-456210.0964726406,0.0
5003,266.0403,46.91667,-6.0,2024-10-03 00:00:00,-0.09646836,0.120212995,4340549.125536747,-456210.0964726406,0.0
5183,318.1274,46.91667,-6.0,2024-10-03 00:00:00,-0.093437895,0.12397147,4340549.125536747,-456210.0964726406,0.0
5363,380.213,46.91667,-6.0,2024-10-03 00:00:00,-0.08491507,0.106570356,4340549.125536747,-456210.0964726406,0.0
5543,453.9377,46.91667,-6.0,2024-10-03 00:00:00,-0.07844755,0.078527585,4340549.125536747,-456210.0964726406,0.0
5723,541.0889,46.91667,-6.0,2024-10-03 00:00:00,-0.061042253,0.07369192,4340549.125536747,-456210.0964726406,0.0
5903,643.5668,46.91667,-6.0,2024-10-03 00:00:00,-0.06059457,0.07113001,4340549.125536747,-456210.0964726406,0.0
6083,763.3331,46.91667,-6.0,2024-10-03 00:00:00,-0.055782843,0.06451747,4340549.125536747,-456210.0964726406,0.0
6263,902.3393,46.91667,-6.0,2024-10-03 00:00:00,-0.046148837,0.063433304,4340549.125536747,-456210.0964726406,0.0
152,0.494025,47.0,-6.25,2024-10-03 00:00:00,-0.17521018,0.1729009,4331787.087405169,-474407.8424903363,0.0
332,1.541375,47.0,-6.25,2024-10-03 00:00:00,-0.17077039,0.17740309,4331787.087405169,-474407.8424903363,0.0
512,2.645669,47.0,-6.25,2024-10-03 00:00:00,-0.1663733,0.18109377,4331787.087405169,-474407.8424903363,0.0
692,3.819495,47.0,-6.25,2024-10-03 00:00:00,-0.16251798,0.18372259,4331787.087405169,-474407.8424903363,0.0
872,5.078224,47.0,-6.25,2024-10-03 00:00:00,-0.15885817,0.18568951,4331787.087405169,-474407.8424903363,0.0
1052,6.440614,47.0,-6.25,2024-10-03 00:00:00,-0.15234758,0.1882252,4331787.087405169,-474407.8424903363,0.0
1232,7.92956,47.0,-6.25,2024-10-03 00:00:00,-0.13130622,0.18285899,4331787.087405169,-474407.8424903363,0.0
1412,9.572997,47.0,-6.25,2024-10-03 00:00:00,-0.11685382,0.1534992,4331787.087405169,-474407.8424903363,0.0
1592,11.405,47.0,-6.25,2024-10-03 00:00:00,-0.12382373,0.13431676,4331787.087405169,-474407.8424903363,0.0
1772,13.46714,47.0,-6.25,2024-10-03 00:00:00,-0.12918133,0.13136056,4331787.087405169,-474407.8424903363,0.0
1952,15.81007,47.0,-6.25,2024-10-03 00:00:00,-0.12699388,0.13323489,4331787.087405169,-474407.8424903363,0.0
2132,18.49556,47.0,-6.25,2024-10-03 00:00:00,-0.110737726,0.12170273,4331787.087405169,-474407.8424903363,0.0
2312,21.59882,47.0,-6.25,2024-10-03 00:00:00,-0.10286763,0.09285752,4331787.087405169,-474407.8424903363,0.0
2492,25.21141,47.0,-6.25,2024-10-03 00:00:00,-0.108653724,0.06805018,4331787.087405169,-474407.8424903363,0.0
2672,29.44473,47.0,-6.25,2024-10-03 00:00:00,-0.11357328,0.051448286,4331787.087405169,-474407.8424903363,0.0
2852,34.43415,47.0,-6.25,2024-10-03 00:00:00,-0.11896906,0.03695554,4331787.087405169,-474407.8424903363,0.0
3032,40.34405,47.0,-6.25,2024-10-03 00:00:00,-0.1390157,0.046782464,4331787.087405169,-474407.8424903363,0.0
3212,47.37369,47.0,-6.25,2024-10-03 00:00:00,-0.11933435,0.11969497,4331787.087405169,-474407.8424903363,0.0
3392,55.76429,47.0,-6.25,2024-10-03 00:00:00,-0.075694956,0.13547139,4331787.087405169,-474407.8424903363,0.0
3572,65.80727,47.0,-6.25,2024-10-03 00:00:00,-0.07285073,0.11846479,4331787.087405169,-474407.8424903363,0.0
3752,77.85385,47.0,-6.25,2024-10-03 00:00:00,-0.080239296,0.10355943,4331787.087405169,-474407.8424903363,0.0
3932,92.32607,47.0,-6.25,2024-10-03 00:00:00,-0.095524974,0.090574406,4331787.087405169,-474407.8424903363,0.0
4112,109.7293,47.0,-6.25,2024-10-03 00:00:00,-0.09590911,0.07488938,4331787.087405169,-474407.8424903363,0.0
4292,130.666,47.0,-6.25,2024-10-03 00:00:00,-0.08282065,0.07085433,4331787.087405169,-474407.8424903363,0.0
4472,155.8507,47.0,-6.25,2024-10-03 00:00:00,-0.0673142,0.07449309,4331787.087405169,-474407.8424903363,0.0
4652,186.1256,47.0,-6.25,2024-10-03 00:00:00,-0.07079192,0.064482346,4331787.087405169,-474407.8424903363,0.0
4832,222.4752,47.0,-6.25,2024-10-03 00:00:00,-0.079218514,0.058767073,4331787.087405169,-474407.8424903363,0.0
5012,266.0403,47.0,-6.25,2024-10-03 00:00:00,-0.07468037,0.050076827,4331787.087405169,-474407.8424903363,0.0
5192,318.1274,47.0,-6.25,2024-10-03 00:00:00,-0.069743805,0.053580187,4331787.087405169,-474407.8424903363,0.0
5372,380.213,47.0,-6.25,2024-10-03 00:00:00,-0.06685014,0.07644141,4331787.087405169,-474407.8424903363,0.0
5552,453.9377,47.0,-6.25,2024-10-03 00:00:00,-0.05946233,0.089170046,4331787.087405169,-474407.8424903363,0.0
5732,541.0889,47.0,-6.25,2024-10-03 00:00:00,-0.0665695,0.107556775,4331787.087405169,-474407.8424903363,0.0
5912,643.5668,47.0,-6.25,2024-10-03 00:00:00,-0.076812394,0.11676661,4331787.087405169,-474407.8424903363,0.0
6092,763.3331,47.0,-6.25,2024-10-03 00:00:00,-0.07684257,0.12604247,4331787.087405169,-474407.8424903363,0.0
6272,902.3393,47.0,-6.25,2024-10-03 00:00:00,-0.061418187,0.14895229,4331787.087405169,-474407.8424903363,0.0
161,0.494025,47.0,-6.1666565,2024-10-03 00:00:00,-0.14251933,0.19810066,4332472.586781167,-468106.2447951276,0.0
341,1.541375,47.0,-6.1666565,2024-10-03 00:00:00,-0.13813874,0.20268425,4332472.586781167,-468106.2447951276,0.0
521,2.645669,47.0,-6.1666565,2024-10-03 00:00:00,-0.1338384,0.20647936,4332472.586781167,-468106.2447951276,0.0
701,3.819495,47.0,-6.1666565,2024-10-03 00:00:00,-0.13021216,0.20915283,4332472.586781167,-468106.2447951276,0.0
881,5.078224,47.0,-6.1666565,2024-10-03 00:00:00,-0.12704967,0.21101843,4332472.586781167,-468106.2447951276,0.0
1061,6.440614,47.0,-6.1666565,2024-10-03 00:00:00,-0.12306087,0.21263112,4332472.586781167,-468106.2447951276,0.0
1241,7.92956,47.0,-6.1666565,2024-10-03 00:00:00,-0.11172229,0.2148359,4332472.586781167,-468106.2447951276,0.0
1421,9.572997,47.0,-6.1666565,2024-10-03 00:00:00,-0.09818023,0.19020689,4332472.586781167,-468106.2447951276,0.0
1601,11.405,47.0,-6.1666565,2024-10-03 00:00:00,-0.09710361,0.16422935,4332472.586781167,-468106.2447951276,0.0
1781,13.46714,47.0,-6.1666565,2024-10-03 00:00:00,-0.103846245,0.1436614,4332472.586781167,-468106.2447951276,0.0
1961,15.81007,47.0,-6.1666565,2024-10-03 00:00:00,-0.105530806,0.14315973,4332472.586781167,-468106.2447951276,0.0
2141,18.49556,47.0,-6.1666565,2024-10-03 00:00:00,-0.09050239,0.13163118,4332472.586781167,-468106.2447951276,0.0
2321,21.59882,47.0,-6.1666565,2024-10-03 00:00:00,-0.085161194,0.09556208,4332472.586781167,-468106.2447951276,0.0
2501,25.21141,47.0,-6.1666565,2024-10-03 00:00:00,-0.09461995,0.06264958,4332472.586781167,-468106.2447951276,0.0
2681,29.44473,47.0,-6.1666565,2024-10-03 00:00:00,-0.10235558,0.042753454,4332472.586781167,-468106.2447951276,0.0
2861,34.43415,47.0,-6.1666565,2024-10-03 00:00:00,-0.11288256,0.024259249,4332472.586781167,-468106.2447951276,0.0
3041,40.34405,47.0,-6.1666565,2024-10-03 00:00:00,-0.14749193,0.031379677,4332472.586781167,-468106.2447951276,0.0
3221,47.37369,47.0,-6.1666565,2024-10-03 00:00:00,-0.1194201,0.15162718,4332472.586781167,-468106.2447951276,0.0
3401,55.76429,47.0,-6.1666565,2024-10-03 00:00:00,-0.07354048,0.12797613,4332472.586781167,-468106.2447951276,0.0
3581,65.80727,47.0,-6.1666565,2024-10-03 00:00:00,-0.07418355,0.09240964,4332472.586781167,-468106.2447951276,0.0
3761,77.85385,47.0,-6.1666565,2024-10-03 00:00:00,-0.085699566,0.07230692,4332472.586781167,-468106.2447951276,0.0
3941,92.32607,47.0,-6.1666565,2024-10-03 00:00:00,-0.10586502,0.066451974,4332472.586781167,-468106.2447951276,0.0
4121,109.7293,47.0,-6.1666565,2024-10-03 00:00:00,-0.1134393,0.06838036,4332472.586781167,-468106.2447951276,0.0
4301,130.666,47.0,-6.1666565,2024-10-03 00:00:00,-0.10275493,0.07457531,4332472.586781167,-468106.2447951276,0.0
4481,155.8507,47.0,-6.1666565,2024-10-03 00:00:00,-0.086836666,0.08846215,4332472.586781167,-468106.2447951276,0.0
4661,186.1256,47.0,-6.1666565,2024-10-03 00:00:00,-0.08439183,0.10131734,4332472.586781167,-468106.2447951276,0.0
4841,222.4752,47.0,-6.1666565,2024-10-03 00:00:00,-0.098777495,0.123004936,4332472.586781167,-468106.2447951276,0.0
5021,266.0403,47.0,-6.1666565,2024-10-03 00:00:00,-0.09769633,0.13624974,4332472.586781167,-468106.2447951276,0.0
5201,318.1274,47.0,-6.1666565,2024-10-03 00:00:00,-0.090191945,0.14357223,4332472.586781167,-468106.2447951276,0.0
5381,380.213,47.0,-6.1666565,2024-10-03 00:00:00,-0.07655169,0.1323466,4332472.586781167,-468106.2447951276,0.0
5561,453.9377,47.0,-6.1666565,2024-10-03 00:00:00,-0.060943373,0.11982036,4332472.586781167,-468106.2447951276,0.0
5741,541.0889,47.0,-6.1666565,2024-10-03 00:00:00,-0.06599264,0.12535775,4332472.586781167,-468106.2447951276,0.0
5921,643.5668,47.0,-6.1666565,2024-10-03 00:00:00,-0.08325098,0.13656941,4332472.586781167,-468106.2447951276,0.0
6101,763.3331,47.0,-6.1666565,2024-10-03 00:00:00,-0.09314547,0.13454066,4332472.586781167,-468106.2447951276,0.0
6281,902.3393,47.0,-6.1666565,2024-10-03 00:00:00,-0.09599219,0.12489856,4332472.586781167,-468106.2447951276,0.0
170,0.494025,47.0,-6.0833282,2024-10-03 00:00:00,-0.10851336,0.14964199,4333148.796028124,-461804.81061430223,0.0
350,1.541375,47.0,-6.0833282,2024-10-03 00:00:00,-0.104172036,0.15443845,4333148.796028124,-461804.81061430223,0.0
530,2.645669,47.0,-6.0833282,2024-10-03 00:00:00,-0.1000068,0.15847236,4333148.796028124,-461804.81061430223,0.0
710,3.819495,47.0,-6.0833282,2024-10-03 00:00:00,-0.0967536,0.16121973,4333148.796028124,-461804.81061430223,0.0
890,5.078224,47.0,-6.0833282,2024-10-03 00:00:00,-0.09422679,0.16303223,4333148.796028124,-461804.81061430223,0.0
1070,6.440614,47.0,-6.0833282,2024-10-03 00:00:00,-0.091971524,0.16427755,4333148.796028124,-461804.81061430223,0.0
1250,7.92956,47.0,-6.0833282,2024-10-03 00:00:00,-0.08944472,0.16508986,4333148.796028124,-461804.81061430223,0.0
1430,9.572997,47.0,-6.0833282,2024-10-03 00:00:00,-0.08127964,0.1642342,4333148.796028124,-461804.81061430223,0.0
1610,11.405,47.0,-6.0833282,2024-10-03 00:00:00,-0.07554481,0.15757942,4333148.796028124,-461804.81061430223,0.0
1790,13.46714,47.0,-6.0833282,2024-10-03 00:00:00,-0.079561144,0.14362364,4333148.796028124,-461804.81061430223,0.0
1970,15.81007,47.0,-6.0833282,2024-10-03 00:00:00,-0.08143868,0.13374643,4333148.796028124,-461804.81061430223,0.0
2150,18.49556,47.0,-6.0833282,2024-10-03 00:00:00,-0.0718771,0.12200312,4333148.796028124,-461804.81061430223,0.0
2330,21.59882,47.0,-6.0833282,2024-10-03 00:00:00,-0.07140732,0.093368486,4333148.796028124,-461804.81061430223,0.0
2510,25.21141,47.0,-6.0833282,2024-10-03 00:00:00,-0.08118349,0.06629932,4333148.796028124,-461804.81061430223,0.0
2690,29.44473,47.0,-6.0833282,2024-10-03 00:00:00,-0.091443956,0.047573514,4333148.796028124,-461804.81061430223,0.0
2870,34.43415,47.0,-6.0833282,2024-10-03 00:00:00,-0.10715037,0.032660507,4333148.796028124,-461804.81061430223,0.0
3050,40.34405,47.0,-6.0833282,2024-10-03 00:00:00,-0.14662948,0.049305126,4333148.796028124,-461804.81061430223,0.0
3230,47.37369,47.0,-6.0833282,2024-10-03 00:00:00,-0.122846454,0.19524732,4333148.796028124,-461804.81061430223,0.0
3410,55.76429,47.0,-6.0833282,2024-10-03 00:00:00,-0.081039265,0.14494826,4333148.796028124,-461804.81061430223,0.0
3590,65.80727,47.0,-6.0833282,2024-10-03 00:00:00,-0.08697072,0.103952415,4333148.796028124,-461804.81061430223,0.0
3770,77.85385,47.0,-6.0833282,2024-10-03 00:00:00,-0.09637926,0.0831085,4333148.796028124,-461804.81061430223,0.0
3950,92.32607,47.0,-6.0833282,2024-10-03 00:00:00,-0.110168315,0.07513848,4333148.796028124,-461804.81061430223,0.0
4130,109.7293,47.0,-6.0833282,2024-10-03 00:00:00,-0.12015282,0.08376527,4333148.796028124,-461804.81061430223,0.0
4310,130.666,47.0,-6.0833282,2024-10-03 00:00:00,-0.11414922,0.10317986,4333148.796028124,-461804.81061430223,0.0
4490,155.8507,47.0,-6.0833282,2024-10-03 00:00:00,-0.1139164,0.13019685,4333148.796028124,-461804.81061430223,0.0
4670,186.1256,47.0,-6.0833282,2024-10-03 00:00:00,-0.1045621,0.15283027,4333148.796028124,-461804.81061430223,0.0
4850,222.4752,47.0,-6.0833282,2024-10-03 00:00:00,-0.10853498,0.16094622,4333148.796028124,-461804.81061430223,0.0
5030,266.0403,47.0,-6.0833282,2024-10-03 00:00:00,-0.10338484,0.16494882,4333148.796028124,-461804.81061430223,0.0
5210,318.1274,47.0,-6.0833282,2024-10-03 00:00:00,-0.094096854,0.15694824,4333148.796028124,-461804.81061430223,0.0
5390,380.213,47.0,-6.0833282,2024-10-03 00:00:00,-0.08405638,0.14457858,4333148.796028124,-461804.81061430223,0.0
5570,453.9377,47.0,-6.0833282,2024-10-03 00:00:00,-0.0799646,0.13760738,4333148.796028124,-461804.81061430223,0.0
5750,541.0889,47.0,-6.0833282,2024-10-03 00:00:00,-0.07470296,0.11727487,4333148.796028124,-461804.81061430223,0.0
5930,643.5668,47.0,-6.0833282,2024-10-03 00:00:00,-0.08137419,0.10170525,4333148.796028124,-461804.81061430223,0.0
6110,763.3331,47.0,-6.0833282,2024-10-03 00:00:00,-0.094432235,0.0957873,4333148.796028124,-461804.81061430223,0.0
6290,902.3393,47.0,-6.0833282,2024-10-03 00:00:00,-0.09619993,0.07681708,4333148.796028124,-461804.81061430223,0.0
179,0.494025,47.0,-6.0,2024-10-03 00:00:00,-0.08776095,0.07948469,4333815.840058059,-455502.3996515776,0.0
359,1.541375,47.0,-6.0,2024-10-03 00:00:00,-0.08349855,0.08440364,4333815.840058059,-455502.3996515776,0.0
539,2.645669,47.0,-6.0,2024-10-03 00:00:00,-0.07946375,0.088500485,4333815.840058059,-455502.3996515776,0.0
719,3.819495,47.0,-6.0,2024-10-03 00:00:00,-0.076475196,0.09109249,4333815.840058059,-455502.3996515776,0.0
899,5.078224,47.0,-6.0,2024-10-03 00:00:00,-0.07432438,0.0926714,4333815.840058059,-455502.3996515776,0.0
1079,6.440614,47.0,-6.0,2024-10-03 00:00:00,-0.072674856,0.09367558,4333815.840058059,-455502.3996515776,0.0
1259,7.92956,47.0,-6.0,2024-10-03 00:00:00,-0.07130411,0.094258524,4333815.840058059,-455502.3996515776,0.0
1439,9.572997,47.0,-6.0,2024-10-03 00:00:00,-0.06984285,0.094533406,4333815.840058059,-455502.3996515776,0.0
1619,11.405,47.0,-6.0,2024-10-03 00:00:00,-0.06852713,0.09455626,4333815.840058059,-455502.3996515776,0.0
1799,13.46714,47.0,-6.0,2024-10-03 00:00:00,-0.0670642,0.09433678,4333815.840058059,-455502.3996515776,0.0
1979,15.81007,47.0,-6.0,2024-10-03 00:00:00,-0.06336282,0.09293281,4333815.840058059,-455502.3996515776,0.0
2159,18.49556,47.0,-6.0,2024-10-03 00:00:00,-0.052979216,0.086427145,4333815.840058059,-455502.3996515776,0.0
2339,21.59882,47.0,-6.0,2024-10-03 00:00:00,-0.052521426,0.08011373,4333815.840058059,-455502.3996515776,0.0
2519,25.21141,47.0,-6.0,2024-10-03 00:00:00,-0.059502255,0.07519329,4333815.840058059,-455502.3996515776,0.0
2699,29.44473,47.0,-6.0,2024-10-03 00:00:00,-0.06945314,0.07442803,4333815.840058059,-455502.3996515776,0.0
2879,34.43415,47.0,-6.0,2024-10-03 00:00:00,-0.08685191,0.06544166,4333815.840058059,-455502.3996515776,0.0
3059,40.34405,47.0,-6.0,2024-10-03 00:00:00,-0.12966667,0.06857196,4333815.840058059,-455502.3996515776,0.0
3239,47.37369,47.0,-6.0,2024-10-03 00:00:00,-0.13337716,0.2088388,4333815.840058059,-455502.3996515776,0.0
3419,55.76429,47.0,-6.0,2024-10-03 00:00:00,-0.106382765,0.17322992,4333815.840058059,-455502.3996515776,0.0
3599,65.80727,47.0,-6.0,2024-10-03 00:00:00,-0.10287115,0.13860445,4333815.840058059,-455502.3996515776,0.0
3779,77.85385,47.0,-6.0,2024-10-03 00:00:00,-0.1019481,0.11125825,4333815.840058059,-455502.3996515776,0.0
3959,92.32607,47.0,-6.0,2024-10-03 00:00:00,-0.103393555,0.099483356,4333815.840058059,-455502.3996515776,0.0
4139,109.7293,47.0,-6.0,2024-10-03 00:00:00,-0.109180205,0.10546471,4333815.840058059,-455502.3996515776,0.0
4319,130.666,47.0,-6.0,2024-10-03 00:00:00,-0.10580613,0.12681235,4333815.840058059,-455502.3996515776,0.0
4499,155.8507,47.0,-6.0,2024-10-03 00:00:00,-0.12035191,0.1504541,4333815.840058059,-455502.3996515776,0.0
4679,186.1256,47.0,-6.0,2024-10-03 00:00:00,-0.11011101,0.16601728,4333815.840058059,-455502.3996515776,0.0
4859,222.4752,47.0,-6.0,2024-10-03 00:00:00,-0.11110656,0.15248081,4333815.840058059,-455502.3996515776,0.0
5039,266.0403,47.0,-6.0,2024-10-03 00:00:00,-0.10927728,0.14709781,4333815.840058059,-455502.3996515776,0.0
5219,318.1274,47.0,-6.0,2024-10-03 00:00:00,-0.103629634,0.1396849,4333815.840058059,-455502.3996515776,0.0
5399,380.213,47.0,-6.0,2024-10-03 00:00:00,-0.10858585,0.13070953,4333815.840058059,-455502.3996515776,0.0
5579,453.9377,47.0,-6.0,2024-10-03 00:00:00,-0.11511612,0.12816206,4333815.840058059,-455502.3996515776,0.0
5759,541.0889,47.0,-6.0,2024-10-03 00:00:00,-0.106191814,0.10692997,4333815.840058059,-455502.3996515776,0.0
5939,643.5668,47.0,-6.0,2024-10-03 00:00:00,-0.09884365,0.06840529,4333815.840058059,-455502.3996515776,0.0
6119,763.3331,47.0,-6.0,2024-10-03 00:00:00,-0.08832548,0.03444052,4333815.840058059,-455502.3996515776,0.0
6299,902.3393,47.0,-6.0,2024-10-03 00:00:00,-0.08016192,0.023163712,4333815.840058059,-455502.3996515776,0.0
