,Unnamed: 0,depth,latitude,longitude,time,uo,vo,x,y,z,wo
0,0,0.494025,46.66667,-6.25,21600,0.051257576476257116,0.28649821380847823,4358653.3150161095,-477350.1729464703,0.0,0.12324714779543099
280,72,0.494025,46.833336,-6.25,21600,0.3847562018578391,-0.3467607910448729,4345238.723142079,-475881.0361998027,0.0,0.05645229635500477
175,45,0.494025,46.75,-6.1666565,64800,0.5531000455793069,-0.2978536001838528,4352639.653859386,-470285.21531356085,0.0,-0.20796025312461905
525,135,0.494025,46.91667,-6.0,86400,-0.21605880269916583,0.6671047907464892,4340549.125536747,-456210.0964726406,0.0,0.3567732984987507
315,81,0.494025,46.833336,-6.1666565,21600,0.4497690088491739,-0.9142641785804091,4345926.351221016,-469559.8699535443,0.0,-0.21022733115529543
140,36,0.494025,46.75,-6.25,64800,0.07038818384495527,-0.058161407673237596,4351950.96357759,-476616.1460837916,0.0,0.0
105,27,0.494025,46.66667,-6.0,64800,-0.01567135672862084,0.1291914019892697,4360694.650219674,-458327.4764384654,0.0,0.4031106849029848
140,36,0.494025,46.75,-6.25,86400,0.246429441666197,-0.3465137910978605,4351950.96357759,-476616.1460837916,0.0,-1.1892358353596126
175,45,0.494025,46.75,-6.1666565,86400,0.3134099564260506,-0.10749104076512654,4352639.653859386,-470285.21531356085,0.0,0.3576389641457993
70,18,0.494025,46.66667,-6.0833282,64800,0.07038838850549999,-0.05816102109743514,4360023.469108121,-464668.9756583009,0.0,0.0
35,9,0.494025,46.66667,-6.1666565,64800,-0.17549455819760762,0.6404272962479047,4359343.065935845,-471009.49203812674,0.0,-0.7643154388521394
385,99,0.494025,46.833336,-6.0,21600,0.6937222415442196,0.3377242295457611,4347273.775744883,-456916.88569019584,0.0,-0.8825975851086287
0,0,0.494025,46.66667,-6.25,64800,0.0703883685811088,-0.05816105872356919,4358653.3150161095,-477350.1729464703,0.0,0.0
210,54,0.494025,46.75,-6.0833282,86400,-0.1481258132571237,-0.8764806732687836,4353319.010767862,-463954.4488188505,0.0,-0.5803400827233757
665,171,0.494025,47.0,-6.0,43200,0.4275619376087625,0.17156199699878735,4333815.840058059,-455502.3996515776,0.0,-0.013216062906652028
350,90,0.494025,46.833336,-6.0833282,21600,0.009525860512665317,0.04953355849891306,4346604.66032198,-463238.8677294356,0.0,0.7570754086711711
210,54,0.494025,46.75,-6.0833282,64800,0.45195946711509793,-0.1351834101767948,4353319.010767862,-463954.4488188505,0.0,0.14666528596967068
245,63,0.494025,46.75,-6.0,64800,0.027432548473408362,-0.5139219961365724,4353989.159796485,-457622.70099545474,0.0,0.2438361728054474
245,63,0.494025,46.75,-6.0,21600,0.1645620326696154,0.3441376516276662,4353989.159796485,-457622.70099545474,0.0,-0.10171404821301518
525,135,0.494025,46.91667,-6.0,64800,-0.2125926836975256,-0.21064448908493727,4340549.125536747,-456210.0964726406,0.0,-1.1294402629344684
105,27,0.494025,46.66667,-6.0,21600,-0.4692642647188664,0.32246165048917197,4360694.650219674,-458327.4764384654,0.0,-0.8052087943252737
490,126,0.494025,46.91667,-6.0833282,64800,-0.2354630574109059,0.316542294694362,4339881.045145775,-462522.2992525033,0.0,-0.21076822963214306
455,117,0.494025,46.91667,-6.1666565,64800,-0.5460372967813019,0.08873769720762117,4339203.78529813,-468833.52373287774,0.0,0.11174691676316147
70,18,0.494025,46.66667,-6.0833282,86400,-0.058839034459822095,0.6525104857869922,4360023.469108121,-464668.9756583009,0.0,0.25243845308124496
140,36,0.494025,46.75,-6.25,21600,-0.30353896936323993,-0.6830463944616467,4351950.96357759,-476616.1460837916,0.0,0.7251608206068436
420,108,0.494025,46.91667,-6.25,64800,0.07038875266695685,-0.058160333714057426,4338517.220887722,-475144.9119816816,0.0,0.0
175,45,0.494025,46.75,-6.1666565,21600,0.06379691632150987,-0.4397096671566371,4352639.653859386,-470285.21531356085,0.0,-0.23082537681269702
385,99,0.494025,46.833336,-6.0,64800,-0.2691709457336323,-0.08938579312059139,4347273.775744883,-456916.88569019584,0.0,-0.018718044714541686
350,90,0.494025,46.833336,-6.0833282,64800,0.44327729500252677,-0.5942991867355157,4346604.66032198,-463238.8677294356,0.0,-0.06939563046466003
105,27,0.494025,46.66667,-6.0,86400,-0.3016022975120893,-0.45445862442935503,4360694.650219674,-458327.4764384654,0.0,1.0823174990839952
560,144,0.494025,47.0,-6.25,86400,0.25153419727835535,-0.6286423840741958,4331787.087405169,-474407.8424903363,0.0,0.007303472271589535
210,54,0.494025,46.75,-6.0833282,21600,0.07038807925374539,-0.05816160530487085,4353319.010767862,-463954.4488188505,0.0,0.0
315,81,0.494025,46.833336,-6.1666565,64800,-0.04922791518231284,0.8048587408297867,4345926.351221016,-469559.8699535443,0.0,0.11832753271364413
280,72,0.494025,46.833336,-6.25,64800,0.38007846950157903,0.27941916736507727,4345238.723142079,-475881.0361998027,0.0,0.6627333389609492
420,108,0.494025,46.91667,-6.25,21600,-0.3017441334248473,-0.07239956486914513,4338517.220887722,-475144.9119816816,0.0,-0.20673049381711994
595,153,0.494025,47.0,-6.1666565,86400,0.724866049409614,0.030419678729215416,4332472.586781167,-468106.2447951276,0.0,0.9437438125531811
630,162,0.494025,47.0,-6.0833282,43200,-0.32173395028590535,0.08190091087259697,4333148.796028124,-461804.81061430223,0.0,1.4792337255402663
455,117,0.494025,46.91667,-6.1666565,21600,-0.019280251042423674,0.6227949133106256,4339203.78529813,-468833.52373287774,0.0,-0.29039681736149936
315,81,0.494025,46.833336,-6.1666565,43200,0.07038825625563187,-0.05816127087771875,4345926.351221016,-469559.8699535443,0.0,0.0
630,162,0.494025,47.0,-6.0833282,21600,-0.1586940924970614,-0.4286927237940296,4333148.796028124,-461804.81061430223,0.0,0.5555432500151677
280,72,0.494025,46.833336,-6.25,43200,0.0703888091782822,-0.05816022709812972,4345238.723142079,-475881.0361998027,0.0,0.0
665,171,0.494025,47.0,-6.0,21600,0.16615671573535445,0.5605052185804474,4333815.840058059,-455502.3996515776,0.0,-0.5191659500918371
245,63,0.494025,46.75,-6.0,43200,0.26151283044926765,0.6240124860266566,4353989.159796485,-457622.70099545474,0.0,0.6969234383623969
210,54,0.494025,46.75,-6.0833282,43200,-0.1337824687439551,-0.5261524287996926,4353319.010767862,-463954.4488188505,0.0,0.4089319810314766
315,81,0.494025,46.833336,-6.1666565,86400,0.07038816159429825,-0.058161449713102005,4345926.351221016,-469559.8699535443,0.0,0.0
350,90,0.494025,46.833336,-6.0833282,86400,-0.05829035026997384,-0.48053719037711534,4346604.66032198,-463238.8677294356,0.0,0.0009431501126964132
0,0,0.494025,46.66667,-6.25,43200,-0.24375514410908178,0.16471841280314076,4358653.3150161095,-477350.1729464703,0.0,-0.3995223986202652
175,45,0.494025,46.75,-6.1666565,43200,0.07038830623863937,-0.0581611764655359,4352639.653859386,-470285.21531356085,0.0,0.0
140,36,0.494025,46.75,-6.25,43200,0.28320371437696046,-0.2737307053165223,4351950.96357759,-476616.1460837916,0.0,-0.7702263771772526
35,9,0.494025,46.66667,-6.1666565,43200,-0.25431030435207613,-0.2522005309270321,4359343.065935845,-471009.49203812674,0.0,-0.6626168761995289
105,27,0.494025,46.66667,-6.0,43200,0.03732924964045978,-0.11497496501922583,4360694.650219674,-458327.4764384654,0.0,1.0406014518183722
385,99,0.494025,46.833336,-6.0,86400,0.07038880593157638,-0.05816023322307041,4347273.775744883,-456916.88569019584,0.0,0.0
420,108,0.494025,46.91667,-6.25,86400,-0.5753589666481492,0.08547837120839935,4338517.220887722,-475144.9119816816,0.0,-0.09474020876911612
630,162,0.494025,47.0,-6.0833282,86400,-0.4354225032814534,-0.08317318219091724,4333148.796028124,-461804.81061430223,0.0,-0.7787171185163497
0,0,0.494025,46.66667,-6.25,86400,0.03134599916359261,0.14868621997175746,4358653.3150161095,-477350.1729464703,0.0,-0.21283059381104205
350,90,0.494025,46.833336,-6.0833282,43200,-0.17639158901147284,-0.3246831358624352,4346604.66032198,-463238.8677294356,0.0,-0.5400054666803366
595,153,0.494025,47.0,-6.1666565,43200,0.09155108552994723,0.238221367219827,4332472.586781167,-468106.2447951276,0.0,-0.4900256114898216
560,144,0.494025,47.0,-6.25,43200,0.05230965443403215,0.18520806931089195,4331787.087405169,-474407.8424903363,0.0,0.4315938183871765
245,63,0.494025,46.75,-6.0,86400,-0.15570017491177085,0.35361860234770764,4353989.159796485,-457622.70099545474,0.0,1.7801843760154794
490,126,0.494025,46.91667,-6.0833282,21600,-0.13003832758326517,-0.008445752883713645,4339881.045145775,-462522.2992525033,0.0,-0.05513063333421936
525,135,0.494025,46.91667,-6.0,43200,0.003364359834916175,-0.743864819690782,4340549.125536747,-456210.0964726406,0.0,-0.8463729985101791
490,126,0.494025,46.91667,-6.0833282,43200,-0.3800116369260511,0.5193114819541751,4339881.045145775,-462522.2992525033,0.0,-1.8981618652733894
525,135,0.494025,46.91667,-6.0,21600,-0.3477744595698292,0.04409907664161416,4340549.125536747,-456210.0964726406,0.0,0.31599893886456404
455,117,0.494025,46.91667,-6.1666565,43200,-0.14666591666612916,0.4255867340696095,4339203.78529813,-468833.52373287774,0.0,0.4757042890806087
665,171,0.494025,47.0,-6.0,86400,0.07139033431526429,-0.0578905402487925,4333815.840058059,-455502.3996515776,0.0,0.0
280,72,0.494025,46.833336,-6.25,86400,-0.10896978531397021,0.44164671425400087,4345238.723142079,-475881.0361998027,0.0,0.5513301819036784
455,117,0.494025,46.91667,-6.1666565,86400,-0.13913379434003892,0.32445964961194046,4339203.78529813,-468833.52373287774,0.0,0.611594009257029
560,144,0.494025,47.0,-6.25,21600,-0.19928739969233275,0.3558199837950746,4331787.087405169,-474407.8424903363,0.0,-0.8774444123533456
420,108,0.494025,46.91667,-6.25,43200,0.05152044825733636,0.24416913429875758,4338517.220887722,-475144.9119816816,0.0,0.14024835282640308
385,99,0.494025,46.833336,-6.0,43200,-0.26895813626054416,-0.22989769900785492,4347273.775744883,-456916.88569019584,0.0,0.3560902695280434
595,153,0.494025,47.0,-6.1666565,21600,0.302974593440543,-0.4305308145677019,4332472.586781167,-468106.2447951276,0.0,0.8242483113494764
490,126,0.494025,46.91667,-6.0833282,86400,0.01887238849153744,-0.4127786399837471,4339881.045145775,-462522.2992525033,0.0,-0.22091535513067942
560,144,0.494025,47.0,-6.25,64800,0.009792762723946358,0.01712713055546057,4331787.087405169,-474407.8424903363,0.0,0.01775010054921889
70,18,0.494025,46.66667,-6.0833282,43200,-0.29733373787072404,0.8964172358057796,4360023.469108121,-464668.9756583009,0.0,-0.9657897469690747
35,9,0.494025,46.66667,-6.1666565,21600,0.07038810577886677,-0.05816155517931108,4359343.065935845,-471009.49203812674,0.0,0.0
70,18,0.494025,46.66667,-6.0833282,21600,0.07038831534320146,-0.058161159269275634,4360023.469108121,-464668.9756583009,0.0,0.0
35,9,0.494025,46.66667,-6.1666565,86400,0.2392346405579452,-0.8747563755619713,4359343.065935845,-471009.49203812674,0.0,-0.14592313191103262
595,153,0.494025,47.0,-6.1666565,64800,-0.12330768440346485,0.190078566699747,4332472.586781167,-468106.2447951276,0.0,0.03277313663218931
630,162,0.494025,47.0,-6.0833282,64800,0.033687872774195306,-0.38662242866876456,4333148.796028124,-461804.81061430223,0.0,0.2886834440844195
665,171,0.494025,47.0,-6.0,64800,0.4538682737748476,-0.33265406600721265,4333815.840058059,-455502.3996515776,0.0,0.49181405396636774
421,288,1.541375,46.91667,-6.25,21600,-0.2083536450734137,-0.0964007642732489,4338517.220887722,-475144.9119816816,0.0,-0.3090843391194488
491,306,1.541375,46.91667,-6.0833282,43200,-0.24662207598205388,0.37569631818893434,4339881.045145775,-462522.2992525033,0.0,-1.2251060146444972
421,288,1.541375,46.91667,-6.25,64800,0.5333358955461484,-0.6843652434927049,4338517.220887722,-475144.9119816816,0.0,-0.33836008380937943
246,243,1.541375,46.75,-6.0,64800,0.05648585941763545,-0.46332456830737356,4353989.159796485,-457622.70099545474,0.0,-0.058711838189227684
421,288,1.541375,46.91667,-6.25,86400,-0.3821209395671771,0.13103355018305857,4338517.220887722,-475144.9119816816,0.0,-0.1552463160598474
526,315,1.541375,46.91667,-6.0,43200,0.013586776551244475,-0.49176499827913456,4340549.125536747,-456210.0964726406,0.0,-0.5417762511549524
666,351,1.541375,47.0,-6.0,21600,0.0658292417709536,0.40139755414529255,4333815.840058059,-455502.3996515776,0.0,-0.4406166438688711
211,234,1.541375,46.75,-6.0833282,64800,0.3670529388591682,-0.15316470828754808,4353319.010767862,-463954.4488188505,0.0,0.0547773171458833
246,243,1.541375,46.75,-6.0,43200,0.19882700532666117,0.41549478190604316,4353989.159796485,-457622.70099545474,0.0,0.4537622595430257
526,315,1.541375,46.91667,-6.0,21600,-0.17100991349808703,0.011108946604495545,4340549.125536747,-456210.0964726406,0.0,0.29139974127460877
491,306,1.541375,46.91667,-6.0833282,21600,-0.12219333146530448,-0.09505043525150353,4339881.045145775,-462522.2992525033,0.0,-0.12702406223659043
281,252,1.541375,46.833336,-6.25,21600,0.22966753256014158,-0.1712929164577798,4345238.723142079,-475881.0361998027,0.0,-0.06415861275915799
141,216,1.541375,46.75,-6.25,21600,-0.12501106372462018,-0.533721214878737,4351950.96357759,-476616.1460837916,0.0,0.5975397547027657
246,243,1.541375,46.75,-6.0,86400,-0.0686805710807313,0.09545042670636351,4353989.159796485,-457622.70099545474,0.0,1.0734199965430091
71,198,1.541375,46.66667,-6.0833282,86400,-0.06015981579534631,0.4669131538233162,4360023.469108121,-464668.9756583009,0.0,0.05539410231852119
596,333,1.541375,47.0,-6.1666565,43200,0.1347316906146116,0.06936650118146914,4332472.586781167,-468106.2447951276,0.0,-0.3710450190377706
561,324,1.541375,47.0,-6.25,64800,0.037973471302854896,0.020923996192585774,4331787.087405169,-474407.8424903363,0.0,0.12811335686046735
456,297,1.541375,46.91667,-6.1666565,64800,-0.31567806513245084,-0.0031773773528994687,4339203.78529813,-468833.52373287774,0.0,0.046469841612997914
176,225,1.541375,46.75,-6.1666565,64800,0.41263333309740446,-0.14305447872346624,4352639.653859386,-470285.21531356085,0.0,-0.16673104062946167
211,234,1.541375,46.75,-6.0833282,43200,-0.051374255570681024,-0.317854836717972,4353319.010767862,-463954.4488188505,0.0,0.35816703578682374
141,216,1.541375,46.75,-6.25,86400,0.2077613955629004,-0.12961814056733614,4351950.96357759,-476616.1460837916,0.0,-0.7079201970241551
281,252,1.541375,46.833336,-6.25,43200,0.37884837017852074,-1.0396582411270165,4345238.723142079,-475881.0361998027,0.0,0.23466657019963993
596,333,1.541375,47.0,-6.1666565,64800,-0.07364902851649123,0.09364191501194002,4332472.586781167,-468106.2447951276,0.0,0.08681653151796503
1,180,1.541375,46.66667,-6.25,86400,0.03540149282498266,0.14409344484303235,4358653.3150161095,-477350.1729464703,0.0,-0.16429266150899116
561,324,1.541375,47.0,-6.25,86400,0.185376353812454,-0.4069505120759691,4331787.087405169,-474407.8424903363,0.0,0.04515994182499273
666,351,1.541375,47.0,-6.0,86400,0.18589443676720524,-0.7921249003323342,4333815.840058059,-455502.3996515776,0.0,-0.5358232082023329
596,333,1.541375,47.0,-6.1666565,21600,0.23422253212026428,-0.19054757325395127,4332472.586781167,-468106.2447951276,0.0,0.5580823670517618
211,234,1.541375,46.75,-6.0833282,21600,-0.03726637402905081,-0.44269155658843284,4353319.010767862,-463954.4488188505,0.0,-0.07282569092877497
351,270,1.541375,46.833336,-6.0833282,64800,0.255035624964161,-0.35612894608578394,4346604.66032198,-463238.8677294356,0.0,-0.04543362349771828
666,351,1.541375,47.0,-6.0,64800,0.30548481221947255,-0.2756883477970877,4333815.840058059,-455502.3996515776,0.0,0.3459903485577378
421,288,1.541375,46.91667,-6.25,43200,0.09150977931676799,0.19199282888533162,4338517.220887722,-475144.9119816816,0.0,0.23919307820779034
351,270,1.541375,46.833336,-6.0833282,43200,-0.06388012408605447,-0.19948262426073127,4346604.66032198,-463238.8677294356,0.0,-0.25070801813852783
316,261,1.541375,46.833336,-6.1666565,64800,-0.055718269971921336,0.4406176515458548,4345926.351221016,-469559.8699535443,0.0,-0.10317182438415325
561,324,1.541375,47.0,-6.25,21600,-0.1972968201473405,0.29462937116190424,4331787.087405169,-474407.8424903363,0.0,-0.5564258288739549
316,261,1.541375,46.833336,-6.1666565,86400,0.2520871608391075,-0.3502319543366459,4345926.351221016,-469559.8699535443,0.0,-0.39739444102662114
386,279,1.541375,46.833336,-6.0,64800,-0.14390761136506564,-0.1495713793042801,4347273.775744883,-456916.88569019584,0.0,0.044418416961766335
106,207,1.541375,46.66667,-6.0,86400,-0.1906545253012929,-0.28559709065747657,4360694.650219674,-458327.4764384654,0.0,0.5798828344802488
316,261,1.541375,46.833336,-6.1666565,43200,0.18551396859396085,-0.562965306580776,4345926.351221016,-469559.8699535443,0.0,-0.5318197322035282
456,297,1.541375,46.91667,-6.1666565,86400,-0.01381817017931114,0.20527237691994096,4339203.78529813,-468833.52373287774,0.0,0.4241644963406524
176,225,1.541375,46.75,-6.1666565,21600,0.07803951071634188,-0.1798049221651641,4352639.653859386,-470285.21531356085,0.0,-0.12316956210572315
281,252,1.541375,46.833336,-6.25,86400,-0.015784753079684688,0.16607047769850747,4345238.723142079,-475881.0361998027,0.0,0.32246017489256157
281,252,1.541375,46.833336,-6.25,64800,0.32471698936696364,0.2716913846050669,4345238.723142079,-475881.0361998027,0.0,0.4128527512450126
631,342,1.541375,47.0,-6.0833282,86400,-0.25542011989587377,-0.14309545528797163,4333148.796028124,-461804.81061430223,0.0,-0.5081838354995103
631,342,1.541375,47.0,-6.0833282,21600,-0.07447572965262907,-0.22833120834809686,4333148.796028124,-461804.81061430223,0.0,0.4366128068734756
456,297,1.541375,46.91667,-6.1666565,43200,-0.046754131676786104,0.2455729449816197,4339203.78529813,-468833.52373287774,0.0,0.33678819350068195
246,243,1.541375,46.75,-6.0,21600,0.15464877731299587,0.15392085290172217,4353989.159796485,-457622.70099545474,0.0,0.04492282069887694
351,270,1.541375,46.833336,-6.0833282,86400,-0.054498227049831274,-0.30083994821296556,4346604.66032198,-463238.8677294356,0.0,0.030089531926019816
561,324,1.541375,47.0,-6.25,43200,0.04309808257779983,0.01439359668756652,4331787.087405169,-474407.8424903363,0.0,0.26211522344431093
456,297,1.541375,46.91667,-6.1666565,21600,0.08053752534949873,0.35846580958042745,4339203.78529813,-468833.52373287774,0.0,-0.08231714817675882
106,207,1.541375,46.66667,-6.0,21600,-0.2901034312593582,0.20532260439276018,4360694.650219674,-458327.4764384654,0.0,-0.5341785963851173
526,315,1.541375,46.91667,-6.0,64800,-0.07769071261007465,-0.08619491703129441,4340549.125536747,-456210.0964726406,0.0,-0.765744752510239
71,198,1.541375,46.66667,-6.0833282,21600,0.36367296134558463,-0.4562008404774116,4360023.469108121,-464668.9756583009,0.0,-1.0040875433816305
596,333,1.541375,47.0,-6.1666565,86400,0.4734836956207465,0.097816270040014,4332472.586781167,-468106.2447951276,0.0,0.673074007220811
211,234,1.541375,46.75,-6.0833282,86400,-0.07022727201687784,-0.6153865300823375,4353319.010767862,-463954.4488188505,0.0,-0.2849003245523463
666,351,1.541375,47.0,-6.0,43200,0.35204358933069446,0.014475448567523197,4333815.840058059,-455502.3996515776,0.0,0.017901544868381344
36,189,1.541375,46.66667,-6.1666565,43200,-0.11020445679621267,-0.034295718122660815,4359343.065935845,-471009.49203812674,0.0,-0.37665371952957055
106,207,1.541375,46.66667,-6.0,64800,0.0193711337288075,0.14907721604804686,4360694.650219674,-458327.4764384654,0.0,0.3893666944403703
631,342,1.541375,47.0,-6.0833282,64800,0.09047641673283181,-0.18278248318835416,4333148.796028124,-461804.81061430223,0.0,0.171623275413851
141,216,1.541375,46.75,-6.25,64800,-0.06457460822021407,-0.7876762545593263,4351950.96357759,-476616.1460837916,0.0,-0.3632512220241937
176,225,1.541375,46.75,-6.1666565,86400,0.2595185895335639,-0.19452928343284068,4352639.653859386,-470285.21531356085,0.0,0.13436061339796204
106,207,1.541375,46.66667,-6.0,43200,0.04036842345370414,-0.1673826705774319,4360694.650219674,-458327.4764384654,0.0,0.6988791718689517
351,270,1.541375,46.833336,-6.0833282,21600,0.04568108991553917,0.08106513336056259,4346604.66032198,-463238.8677294356,0.0,0.5855152736236032
1,180,1.541375,46.66667,-6.25,21600,-0.05220260749853227,0.2452785214187014,4358653.3150161095,-477350.1729464703,0.0,0.039286804430270515
386,279,1.541375,46.833336,-6.0,86400,0.33834008465955273,-0.5312183489766833,4347273.775744883,-456916.88569019584,0.0,0.1119766271875794
386,279,1.541375,46.833336,-6.0,21600,0.4445600896162344,0.2841302712834372,4347273.775744883,-456916.88569019584,0.0,-0.6033718327902317
36,189,1.541375,46.66667,-6.1666565,64800,0.03181015617199178,0.307817578512483,4359343.065935845,-471009.49203812674,0.0,-0.34066856844071314
36,189,1.541375,46.66667,-6.1666565,86400,0.13970099908072625,-0.5489554653845592,4359343.065935845,-471009.49203812674,0.0,-0.19866472382381342
71,198,1.541375,46.66667,-6.0833282,64800,0.1751666494127065,-0.5272360444389087,4360023.469108121,-464668.9756583009,0.0,0.46177857492289
71,198,1.541375,46.66667,-6.0833282,43200,-0.21903891149709698,0.5632192885824283,4360023.469108121,-464668.9756583009,0.0,-0.7045296616777849
1,180,1.541375,46.66667,-6.25,64800,0.3491752519178743,-0.542895272275347,4358653.3150161095,-477350.1729464703,0.0,-0.040081175864480074
141,216,1.541375,46.75,-6.25,43200,0.2387879704945224,-0.12542592926179477,4351950.96357759,-476616.1460837916,0.0,-0.34673819622484775
386,279,1.541375,46.833336,-6.0,43200,-0.14419847622515725,-0.2720007237634581,4347273.775744883,-456916.88569019584,0.0,0.36349394208964825
491,306,1.541375,46.91667,-6.0833282,64800,-0.09712503753436255,0.07750424787152904,4339881.045145775,-462522.2992525033,0.0,-0.1853762896320899
631,342,1.541375,47.0,-6.0833282,43200,-0.18409364071099205,0.05437523638534216,4333148.796028124,-461804.81061430223,0.0,1.0070221795358243
491,306,1.541375,46.91667,-6.0833282,86400,0.05509055750105288,-0.33913538441207847,4339881.045145775,-462522.2992525033,0.0,-0.17742066214574614
36,189,1.541375,46.66667,-6.1666565,21600,0.13520300185138737,-0.42424731805252547,4359343.065935845,-471009.49203812674,0.0,0.19849770612881276
1,180,1.541375,46.66667,-6.25,43200,-0.16269692159465382,-0.030916930775322628,4358653.3150161095,-477350.1729464703,0.0,-0.19465283672073033
526,315,1.541375,46.91667,-6.0,86400,-0.1038985814444539,0.4238901907401792,4340549.125536747,-456210.0964726406,0.0,0.177697792416243
176,225,1.541375,46.75,-6.1666565,43200,0.20274788582217085,-0.8301562785857604,4352639.653859386,-470285.21531356085,0.0,0.3470492395556308
316,261,1.541375,46.833336,-6.1666565,21600,0.28334527691520517,-0.5423765935460952,4345926.351221016,-469559.8699535443,0.0,-0.08639120234157818
37,369,2.645669,46.66667,-6.1666565,21600,0.09258850022268424,-0.2901901264097429,4359343.065935845,-471009.49203812674,0.0,0.03832438375004822
632,522,2.645669,47.0,-6.0833282,64800,0.11806100889948497,-0.06000682826608691,4333148.796028124,-461804.81061430223,0.0,0.09756461731645641
107,387,2.645669,46.66667,-6.0,86400,-0.12257558242726306,-0.17942806546857967,4360694.650219674,-458327.4764384654,0.0,0.26310255759544965
562,504,2.645669,47.0,-6.25,43200,0.0399878231759402,-0.08767878641601962,4331787.087405169,-474407.8424903363,0.0,0.1488053615327999
352,450,2.645669,46.833336,-6.0833282,21600,0.06490702706448649,0.09682663129096214,4346604.66032198,-463238.8677294356,0.0,0.47074791136154276
387,459,2.645669,46.833336,-6.0,21600,0.2942958415087371,0.23741499028273771,4347273.775744883,-456916.88569019584,0.0,-0.4377912210811156
422,468,2.645669,46.91667,-6.25,43200,0.11232678962600016,0.14774276384437668,4338517.220887722,-475144.9119816816,0.0,0.27514771556054074
2,360,2.645669,46.66667,-6.25,64800,0.288866666509092,-0.33317896529503743,4358653.3150161095,-477350.1729464703,0.0,-0.13023206235312113
492,486,2.645669,46.91667,-6.0833282,86400,0.07892461666800217,-0.29064097582068926,4339881.045145775,-462522.2992525033,0.0,-0.15273475036222844
597,513,2.645669,47.0,-6.1666565,43200,0.15983239133332777,-0.027659204816647815,4332472.586781167,-468106.2447951276,0.0,-0.2864901273695271
212,414,2.645669,46.75,-6.0833282,21600,-0.027114883762251893,-0.3221062990782873,4353319.010767862,-463954.4488188505,0.0,-0.11780914461081848
177,405,2.645669,46.75,-6.1666565,64800,0.32249566933284085,-0.06150213013640764,4352639.653859386,-470285.21531356085,0.0,-0.1404884920638993
72,378,2.645669,46.66667,-6.0833282,64800,0.17110036760778718,-0.49427307204483517,4360023.469108121,-464668.9756583009,0.0,0.18669673896768268
37,369,2.645669,46.66667,-6.1666565,64800,0.15373756748455794,0.10259067422038526,4359343.065935845,-471009.49203812674,0.0,-0.09243541889199228
177,405,2.645669,46.75,-6.1666565,86400,0.22513300666527297,-0.2360209486486801,4352639.653859386,-470285.21531356085,0.0,-0.00724489617796051
562,504,2.645669,47.0,-6.25,86400,0.14752280925318323,-0.27953557052162004,4331787.087405169,-474407.8424903363,0.0,0.05611689471104351
317,441,2.645669,46.833336,-6.1666565,64800,-0.05579546132680907,0.22197459785168633,4345926.351221016,-469559.8699535443,0.0,-0.22574950249472356
387,459,2.645669,46.833336,-6.0,43200,-0.06780516416211893,-0.2888812188038285,4347273.775744883,-456916.88569019584,0.0,0.35090240393314176
282,432,2.645669,46.833336,-6.25,86400,0.04234568272733438,0.005414877196639613,4345238.723142079,-475881.0361998027,0.0,0.18325158202301833
212,414,2.645669,46.75,-6.0833282,64800,0.31045218649742473,-0.1553071500063668,4353319.010767862,-463954.4488188505,0.0,-0.0035207697821423006
527,495,2.645669,46.91667,-6.0,43200,0.022262286627424667,-0.342251763854676,4340549.125536747,-456210.0964726406,0.0,-0.3438669983111955
422,468,2.645669,46.91667,-6.25,21600,-0.14729120461286987,-0.11230927984667882,4338517.220887722,-475144.9119816816,0.0,-0.3589517390172289
142,396,2.645669,46.75,-6.25,64800,0.007590898670078353,-0.4979354979113192,4351950.96357759,-476616.1460837916,0.0,-0.17729782111717465
597,513,2.645669,47.0,-6.1666565,64800,-0.04296590063889724,0.03663476457718187,4332472.586781167,-468106.2447951276,0.0,0.11123446004408744
492,486,2.645669,46.91667,-6.0833282,21600,-0.10897295086632781,-0.14322433705828785,4339881.045145775,-462522.2992525033,0.0,-0.1578158306135585
317,441,2.645669,46.833336,-6.1666565,21600,0.17755271428009128,-0.3175192823049199,4345926.351221016,-469559.8699535443,0.0,-0.018278076140937616
247,423,2.645669,46.75,-6.0,64800,0.06786531746111263,-0.4281342632966899,4353989.159796485,-457622.70099545474,0.0,-0.23369951593092805
492,486,2.645669,46.91667,-6.0833282,43200,-0.15952008592085215,0.28159675192421063,4339881.045145775,-462522.2992525033,0.0,-0.8030518711254901
212,414,2.645669,46.75,-6.0833282,86400,-0.02050451103186539,-0.45021016811705034,4353319.010767862,-463954.4488188505,0.0,-0.10728816330224342
142,396,2.645669,46.75,-6.25,86400,0.17537186149553102,0.0006935379590911755,4351950.96357759,-476616.1460837916,0.0,-0.4137890376018509
527,495,2.645669,46.91667,-6.0,21600,-0.0637853699883078,-0.008918650884235733,4340549.125536747,-456210.0964726406,0.0,0.26761022008909646
457,477,2.645669,46.91667,-6.1666565,21600,0.13897686160662642,0.2080822805461551,4339203.78529813,-468833.52373287774,0.0,0.03736667503072851
247,423,2.645669,46.75,-6.0,86400,-0.017136905126894822,-0.049722293123081004,4353989.159796485,-457622.70099545474,0.0,0.6402888770160348
457,477,2.645669,46.91667,-6.1666565,43200,0.010405322567350106,0.13379038730082496,4339203.78529813,-468833.52373287774,0.0,0.24024023433674277
667,531,2.645669,47.0,-6.0,43200,0.2999416519614529,-0.07063889197965091,4333815.840058059,-455502.3996515776,0.0,0.03896268887527812
282,432,2.645669,46.833336,-6.25,21600,0.13618526401700104,-0.06676577481857358,4345238.723142079,-475881.0361998027,0.0,-0.13224978493507075
107,387,2.645669,46.66667,-6.0,64800,0.04346852029624205,0.14755288291296725,4360694.650219674,-458327.4764384654,0.0,0.36771221421835015
527,495,2.645669,46.91667,-6.0,86400,-0.035866191168085884,0.27199708181924237,4340549.125536747,-456210.0964726406,0.0,0.06849363871204447
282,432,2.645669,46.833336,-6.25,64800,0.28307470449468025,0.25578363675840504,4345238.723142079,-475881.0361998027,0.0,0.2509611871886541
632,522,2.645669,47.0,-6.0833282,43200,-0.09797180158875111,0.03917350093631097,4333148.796028124,-461804.81061430223,0.0,0.7033665373109688
632,522,2.645669,47.0,-6.0833282,86400,-0.13982278511141183,-0.176054210109357,4333148.796028124,-461804.81061430223,0.0,-0.3447861310630649
457,477,2.645669,46.91667,-6.1666565,86400,0.05996572913365412,0.11767133608589174,4339203.78529813,-468833.52373287774,0.0,0.30824992910944365
247,423,2.645669,46.75,-6.0,21600,0.1457735513363545,0.0405191586068589,4353989.159796485,-457622.70099545474,0.0,0.1302176207908395
562,504,2.645669,47.0,-6.25,21600,-0.18974748911923955,0.24587161787768938,4331787.087405169,-474407.8424903363,0.0,-0.3507197289778043
142,396,2.645669,46.75,-6.25,21600,-0.016508107060082475,-0.4424853420978611,4351950.96357759,-476616.1460837916,0.0,0.5094124808225552
177,405,2.645669,46.75,-6.1666565,43200,0.098851242685391,-0.547038780438408,4352639.653859386,-470285.21531356085,0.0,0.19358484769237744
527,495,2.645669,46.91667,-6.0,64800,-0.0014354382952236483,-0.012739416227004571,4340549.125536747,-456210.0964726406,0.0,-0.5306452270770184
37,369,2.645669,46.66667,-6.1666565,43200,-0.021667212457304297,0.08328940828887736,4359343.065935845,-471009.49203812674,0.0,-0.20328344777497462
212,414,2.645669,46.75,-6.0833282,43200,0.0005780590405839031,-0.18666397660608436,4353319.010767862,-463954.4488188505,0.0,0.32051162201982275
352,450,2.645669,46.833336,-6.0833282,86400,-0.0490755132095851,-0.19627321905319034,4346604.66032198,-463238.8677294356,0.0,0.043161341236432664
597,513,2.645669,47.0,-6.1666565,86400,0.3180458717169771,0.12958214152915695,4332472.586781167,-468106.2447951276,0.0,0.489698324847325
177,405,2.645669,46.75,-6.1666565,21600,0.08704744163563628,-0.019355293381541953,4352639.653859386,-470285.21531356085,0.0,-0.0537060078357436
667,531,2.645669,47.0,-6.0,21600,0.005827398175377085,0.29620664176608713,4333815.840058059,-455502.3996515776,0.0,-0.3892521685041809
317,441,2.645669,46.833336,-6.1666565,86400,0.19209351808882733,-0.28918228790480643,4345926.351221016,-469559.8699535443,0.0,-0.2776306692277157
422,468,2.645669,46.91667,-6.25,64800,0.3807926145424376,-0.4474073686974845,4338517.220887722,-475144.9119816816,0.0,-0.2916750346166219
387,459,2.645669,46.833336,-6.0,64800,-0.0676008088875447,-0.17989320609422083,4347273.775744883,-456916.88569019584,0.0,0.07936574650654248
422,468,2.645669,46.91667,-6.25,86400,-0.25555846497232915,0.14422076404663817,4338517.220887722,-475144.9119816816,0.0,-0.17569731403602712
632,522,2.645669,47.0,-6.0833282,21600,-0.0212508488458132,-0.10536321018256281,4333148.796028124,-461804.81061430223,0.0,0.352344764823111
492,486,2.645669,46.91667,-6.0833282,64800,-0.017123325211587853,-0.06717896893622012,4339881.045145775,-462522.2992525033,0.0,-0.16408069078873808
142,396,2.645669,46.75,-6.25,43200,0.2061312206209409,-0.0390586659786276,4351950.96357759,-476616.1460837916,0.0,-0.10700681012895318
2,360,2.645669,46.66667,-6.25,43200,-0.1081124269531437,-0.14333316365823823,4358653.3150161095,-477350.1729464703,0.0,-0.06591564389691132
107,387,2.645669,46.66667,-6.0,21600,-0.1774132871865784,0.13446537901609126,4360694.650219674,-458327.4764384654,0.0,-0.3638866721812104
457,477,2.645669,46.91667,-6.1666565,64800,-0.17084918796863435,-0.05867389766515057,4339203.78529813,-468833.52373287774,0.0,0.010147468773493444
317,441,2.645669,46.833336,-6.1666565,43200,0.13894567337785457,-0.40886444994355436,4345926.351221016,-469559.8699535443,0.0,-0.5041107484571643
352,450,2.645669,46.833336,-6.0833282,43200,0.00560013572336461,-0.12507075054645223,4346604.66032198,-463238.8677294356,0.0,-0.0735952442624609
667,531,2.645669,47.0,-6.0,86400,0.16094608389987863,-0.6970460700792803,4333815.840058059,-455502.3996515776,0.0,-0.35104133361139345
667,531,2.645669,47.0,-6.0,64800,0.21806267986128258,-0.22868941281311253,4333815.840058059,-455502.3996515776,0.0,0.24409239200834984
72,378,2.645669,46.66667,-6.0833282,43200,-0.1686589269909007,0.3538974606925338,4360023.469108121,-464668.9756583009,0.0,-0.5362221580956225
2,360,2.645669,46.66667,-6.25,86400,0.0407998676641299,0.12996511939701966,4358653.3150161095,-477350.1729464703,0.0,-0.13588392029010402
72,378,2.645669,46.66667,-6.0833282,21600,0.2855982072225456,-0.29419621630138326,4360023.469108121,-464668.9756583009,0.0,-0.7047604048330259
37,369,2.645669,46.66667,-6.1666565,86400,0.08041625207593037,-0.34589821569797297,4359343.065935845,-471009.49203812674,0.0,-0.22156150218586518
597,513,2.645669,47.0,-6.1666565,21600,0.19036752166270482,-0.05071989749130975,4332472.586781167,-468106.2447951276,0.0,0.397293503135783
352,450,2.645669,46.833336,-6.0833282,64800,0.1411319043340202,-0.217429843867225,4346604.66032198,-463238.8677294356,0.0,-0.0237307092514912
247,423,2.645669,46.75,-6.0,43200,0.15704739180259808,0.27893083263991775,4353989.159796485,-457622.70099545474,0.0,0.30416797367679305
72,378,2.645669,46.66667,-6.0833282,86400,-0.05650226898466952,0.3517470252860647,4360023.469108121,-464668.9756583009,0.0,-0.05713398537771911
282,432,2.645669,46.833336,-6.25,43200,0.27738478082018636,-0.7665361408493594,4345238.723142079,-475881.0361998027,0.0,0.23072137138684481
562,504,2.645669,47.0,-6.25,64800,0.05590006964236069,0.027554004483051106,4331787.087405169,-474407.8424903363,0.0,0.18354099881649844
387,459,2.645669,46.833336,-6.0,86400,0.23142875016967696,-0.5480042654716889,4347273.775744883,-456916.88569019584,0.0,0.21598193402650873
2,360,2.645669,46.66667,-6.25,21600,-0.10744118341201479,0.21683704085806915,4358653.3150161095,-477350.1729464703,0.0,-0.008073739406065856
107,387,2.645669,46.66667,-6.0,43200,0.04562655621746421,-0.194763122284413,4360694.650219674,-458327.4764384654,0.0,0.4898394634488674
353,630,3.819495,46.833336,-6.0833282,86400,-0.04235515924430307,-0.13729654425173535,4346604.66032198,-463238.8677294356,0.0,0.04807848906406917
213,594,3.819495,46.75,-6.0833282,43200,0.032328111015022816,-0.1057558962574024,4353319.010767862,-463954.4488188505,0.0,0.29126565245541075
598,693,3.819495,47.0,-6.1666565,43200,0.17230076284737664,-0.08112008257752944,4332472.586781167,-468106.2447951276,0.0,-0.22624440661258818
458,657,3.819495,46.91667,-6.1666565,21600,0.1704046724431536,0.12449430766117767,4339203.78529813,-468833.52373287774,0.0,0.10216206422751112
563,684,3.819495,47.0,-6.25,43200,0.0397932260337128,-0.14468589798994544,4331787.087405169,-474407.8424903363,0.0,0.07462610193568218
458,657,3.819495,46.91667,-6.1666565,64800,-0.08093279943540108,-0.09036453602276012,4339203.78529813,-468833.52373287774,0.0,-0.008823060872085762
493,666,3.819495,46.91667,-6.0833282,64800,0.027574594510210083,-0.14981147361139097,4339881.045145775,-462522.2992525033,0.0,-0.1458880663132444
178,585,3.819495,46.75,-6.1666565,64800,0.26452699398475377,-0.02169166528446726,4352639.653859386,-470285.21531356085,0.0,-0.12382514855926978
3,540,3.819495,46.66667,-6.25,43200,-0.07113810623193612,-0.20374183914682126,4358653.3150161095,-477350.1729464703,0.0,0.011691508076799114
633,702,3.819495,47.0,-6.0833282,43200,-0.04498633325032428,0.030088152637399064,4333148.796028124,-461804.81061430223,0.0,0.5094771142246775
633,702,3.819495,47.0,-6.0833282,64800,0.12891264178008757,0.009523361431512549,4333148.796028124,-461804.81061430223,0.0,0.05193360593766186
73,558,3.819495,46.66667,-6.0833282,86400,-0.05039704529959853,0.2785009612217536,4360023.469108121,-464668.9756583009,0.0,-0.11686584411465734
563,684,3.819495,47.0,-6.25,86400,0.12612714191775032,-0.20831318535604998,4331787.087405169,-474407.8424903363,0.0,0.0556506552644273
178,585,3.819495,46.75,-6.1666565,43200,0.04045908198401559,-0.37233034381224656,4352639.653859386,-470285.21531356085,0.0,0.10423195412864132
178,585,3.819495,46.75,-6.1666565,86400,0.2022231354913525,-0.2513349664555071,4352639.653859386,-470285.21531356085,0.0,-0.09349560247452826
73,558,3.819495,46.66667,-6.0833282,43200,-0.13479680885100892,0.2233972205176256,4360023.469108121,-464668.9756583009,0.0,-0.42674047436215967
38,549,3.819495,46.66667,-6.1666565,86400,0.04658164392365298,-0.2217757094496483,4359343.065935845,-471009.49203812674,0.0,-0.22663440174339144
388,639,3.819495,46.833336,-6.0,86400,0.16593850716587394,-0.5433724182048373,4347273.775744883,-456916.88569019584,0.0,0.2702304856285629
388,639,3.819495,46.833336,-6.0,21600,0.20531350046327773,0.1976532371921212,4347273.775744883,-456916.88569019584,0.0,-0.3387928769312677
353,630,3.819495,46.833336,-6.0833282,21600,0.07472870746124974,0.1021102527521637,4346604.66032198,-463238.8677294356,0.0,0.3918952522491066
73,558,3.819495,46.66667,-6.0833282,64800,0.16527418893419277,-0.4605603386089041,4360023.469108121,-464668.9756583009,0.0,0.025260599973398933
3,540,3.819495,46.66667,-6.25,64800,0.24647564579476383,-0.20914961683945577,4358653.3150161095,-477350.1729464703,0.0,-0.1766171959625886
108,567,3.819495,46.66667,-6.0,43200,0.05125195509795069,-0.20624293508802002,4360694.650219674,-458327.4764384654,0.0,0.3612332363092041
633,702,3.819495,47.0,-6.0833282,86400,-0.06639298053993711,-0.1929004905389296,4333148.796028124,-461804.81061430223,0.0,-0.24672617692962842
38,549,3.819495,46.66667,-6.1666565,43200,0.030799683970802044,0.14110010456722918,4359343.065935845,-471009.49203812674,0.0,-0.10152927158570323
528,675,3.819495,46.91667,-6.0,64800,0.04020052106692967,0.027892822107277712,4340549.125536747,-456210.0964726406,0.0,-0.3793083039705956
108,567,3.819495,46.66667,-6.0,64800,0.05942427115706493,0.13536306370617202,4360694.650219674,-458327.4764384654,0.0,0.34214976110990325
668,711,3.819495,47.0,-6.0,43200,0.2629790755898648,-0.11273816354689176,4333815.840058059,-455502.3996515776,0.0,0.05202331599322527
3,540,3.819495,46.66667,-6.25,21600,-0.1324807363162775,0.19349879095403322,4358653.3150161095,-477350.1729464703,0.0,-0.03368213911638088
598,693,3.819495,47.0,-6.1666565,86400,0.2234185363780221,0.140386257715935,4332472.586781167,-468106.2447951276,0.0,0.36569657692574475
38,549,3.819495,46.66667,-6.1666565,21600,0.06962900969525476,-0.21137200199720504,4359343.065935845,-471009.49203812674,0.0,-0.053285574608928576
108,567,3.819495,46.66667,-6.0,21600,-0.10650128505215474,0.0911746561165307,4360694.650219674,-458327.4764384654,0.0,-0.25842901072920654
143,576,3.819495,46.75,-6.25,64800,0.047818824449588376,-0.3174991008393177,4351950.96357759,-476616.1460837916,0.0,-0.06795221783193224
283,612,3.819495,46.833336,-6.25,21600,0.08177101544408061,-0.007417507776038106,4345238.723142079,-475881.0361998027,0.0,-0.16734838311522116
213,594,3.819495,46.75,-6.0833282,86400,0.01101938004312851,-0.3448838404321841,4353319.010767862,-463954.4488188505,0.0,-0.004824044144024899
73,558,3.819495,46.66667,-6.0833282,21600,0.23329542339645626,-0.20081059925913886,4360023.469108121,-464668.9756583009,0.0,-0.5160154033594101
143,576,3.819495,46.75,-6.25,43200,0.18162200189869762,0.008841443091526666,4351950.96357759,-476616.1460837916,0.0,0.021786897907658608
423,648,3.819495,46.91667,-6.25,21600,-0.10696359366172044,-0.12138255430678646,4338517.220887722,-475144.9119816816,0.0,-0.3760591397450118
318,621,3.819495,46.833336,-6.1666565,21600,0.11257782066195855,-0.18474879970357266,4345926.351221016,-469559.8699535443,0.0,0.017276850613925247
528,675,3.819495,46.91667,-6.0,86400,0.004549655606994565,0.17710661543152156,4340549.125536747,-456210.0964726406,0.0,0.004361906645193737
493,666,3.819495,46.91667,-6.0833282,86400,0.09373854268090528,-0.2571233636040062,4339881.045145775,-462522.2992525033,0.0,-0.13740548283792056
563,684,3.819495,47.0,-6.25,64800,0.06674015425037937,0.03326588213581325,4331787.087405169,-474407.8424903363,0.0,0.20725139536936965
633,702,3.819495,47.0,-6.0833282,21600,0.011528973819312296,-0.03218652492535322,4333148.796028124,-461804.81061430223,0.0,0.2916726377088484
423,648,3.819495,46.91667,-6.25,86400,-0.17283152119820966,0.1405165814420522,4338517.220887722,-475144.9119816816,0.0,-0.17548474906713585
458,657,3.819495,46.91667,-6.1666565,86400,0.10208182512179914,0.05569688903374183,4339203.78529813,-468833.52373287774,0.0,0.23610752953037498
38,549,3.819495,46.66667,-6.1666565,64800,0.22090278825479462,-0.020019792589639866,4359343.065935845,-471009.49203812674,0.0,0.04699616533202419
528,675,3.819495,46.91667,-6.0,21600,-0.0007788892437174955,-0.020690958623618236,4340549.125536747,-456210.0964726406,0.0,0.2464310221293216
318,621,3.819495,46.833336,-6.1666565,64800,-0.05243183300929713,0.09394148760823529,4345926.351221016,-469559.8699535443,0.0,-0.28739713372140474
668,711,3.819495,47.0,-6.0,86400,0.14463847920054856,-0.6195756351895407,4333815.840058059,-455502.3996515776,0.0,-0.2384138626175571
458,657,3.819495,46.91667,-6.1666565,43200,0.042294542000981844,0.06570349570211954,4339203.78529813,-468833.52373287774,0.0,0.1737253141827602
248,603,3.819495,46.75,-6.0,21600,0.13785773422941985,-0.024281848315855163,4353989.159796485,-457622.70099545474,0.0,0.17589275363404228
283,612,3.819495,46.833336,-6.25,43200,0.2139650618494168,-0.5964892493769927,4345238.723142079,-475881.0361998027,0.0,0.2198592514524733
318,621,3.819495,46.833336,-6.1666565,43200,0.11247066613043533,-0.31304848185262557,4345926.351221016,-469559.8699535443,0.0,-0.48122978510471137
143,576,3.819495,46.75,-6.25,21600,0.046888575272066066,-0.38491056564315684,4351950.96357759,-476616.1460837916,0.0,0.44531991076990496
388,639,3.819495,46.833336,-6.0,64800,-0.021283011775633257,-0.19221526768675173,4347273.775744883,-456916.88569019584,0.0,0.09696540398572187
108,567,3.819495,46.66667,-6.0,86400,-0.08089925708360379,-0.1136829730871769,4360694.650219674,-458327.4764384654,0.0,0.06908551748494603
318,621,3.819495,46.833336,-6.1666565,86400,0.15518245216563764,-0.25160312899417964,4345926.351221016,-469559.8699535443,0.0,-0.19923855059946244
283,612,3.819495,46.833336,-6.25,64800,0.25138268752099235,0.23629398253904038,4345238.723142079,-475881.0361998027,0.0,0.1479125501860486
423,648,3.819495,46.91667,-6.25,43200,0.12186947576140886,0.11229802954687426,4338517.220887722,-475144.9119816816,0.0,0.27683379074024705
283,612,3.819495,46.833336,-6.25,86400,0.07694465079292259,-0.08355387453946263,4345238.723142079,-475881.0361998027,0.0,0.099669488421434
493,666,3.819495,46.91667,-6.0833282,43200,-0.10253884649989656,0.21880069644730232,4339881.045145775,-462522.2992525033,0.0,-0.5418758035057148
248,603,3.819495,46.75,-6.0,64800,0.07060542559958993,-0.4001544976237394,4353989.159796485,-457622.70099545474,0.0,-0.32627340881629757
563,684,3.819495,47.0,-6.25,21600,-0.17863330128975824,0.20643689027106146,4331787.087405169,-474407.8424903363,0.0,-0.22050990761054118
353,630,3.819495,46.833336,-6.0833282,43200,0.047329862553774416,-0.08265812260703928,4346604.66032198,-463238.8677294356,0.0,0.030464123430263456
248,603,3.819495,46.75,-6.0,86400,0.012936614621700843,-0.1275182003939272,4353989.159796485,-457622.70099545474,0.0,0.37978571504680597
143,576,3.819495,46.75,-6.25,86400,0.1497499159473497,0.07498415686985596,4351950.96357759,-476616.1460837916,0.0,-0.23819130458119392
248,603,3.819495,46.75,-6.0,43200,0.12982162673913664,0.18954355728328587,4353989.159796485,-457622.70099545474,0.0,0.21327932101336042
388,639,3.819495,46.833336,-6.0,43200,-0.021786524603958232,-0.290018408929958,4347273.775744883,-456916.88569019584,0.0,0.32856265042360433
493,666,3.819495,46.91667,-6.0833282,21600,-0.09404072908854849,-0.16750199343298955,4339881.045145775,-462522.2992525033,0.0,-0.16473624593624062
598,693,3.819495,47.0,-6.1666565,64800,-0.023202536132921128,0.0034828578556991216,4332472.586781167,-468106.2447951276,0.0,0.1181010420310139
668,711,3.819495,47.0,-6.0,21600,-0.027379109595266918,0.2259114001858758,4333815.840058059,-455502.3996515776,0.0,-0.3521004252388465
598,693,3.819495,47.0,-6.1666565,21600,0.16242882484742432,0.025390808282173,4332472.586781167,-468106.2447951276,0.0,0.29963761300586533
213,594,3.819495,46.75,-6.0833282,64800,0.27173944227413793,-0.15044256279937648,4353319.010767862,-463954.4488188505,0.0,-0.039067323244777276
178,585,3.819495,46.75,-6.1666565,21600,0.09190057219914011,0.07396811258713755,4352639.653859386,-470285.21531356085,0.0,-0.010075817707889111
3,540,3.819495,46.66667,-6.25,86400,0.04601742708008373,0.11239695871483676,4358653.3150161095,-477350.1729464703,0.0,-0.11874827639258866
423,648,3.819495,46.91667,-6.25,64800,0.28613263307347303,-0.303240615124798,4338517.220887722,-475144.9119816816,0.0,-0.2576454410589283
668,711,3.819495,47.0,-6.0,64800,0.16727072903154064,-0.19135829295787626,4333815.840058059,-455502.3996515776,0.0,0.1731328746297009
528,675,3.819495,46.91667,-6.0,43200,0.029392212216672993,-0.2546606192411205,4340549.125536747,-456210.0964726406,0.0,-0.21638136577448394
353,630,3.819495,46.833336,-6.0833282,64800,0.07469111702249336,-0.13854321772392184,4346604.66032198,-463238.8677294356,0.0,-0.00651623798531701
213,594,3.819495,46.75,-6.0833282,21600,-0.017588838248949426,-0.25002943840552916,4353319.010767862,-463954.4488188505,0.0,-0.14105308811973483
669,891,5.078224,47.0,-6.0,86400,0.1336896657163932,-0.5547615274118389,4333815.840058059,-455502.3996515776,0.0,-0.16909547328634383
424,828,5.078224,46.91667,-6.25,43200,0.12491951234928941,0.08481353789470131,4338517.220887722,-475144.9119816816,0.0,0.26100004292271534
354,810,5.078224,46.833336,-6.0833282,43200,0.07138015371915188,-0.06006133295736344,4346604.66032198,-463238.8677294356,0.0,0.08749042423701398
564,864,5.078224,47.0,-6.25,21600,-0.16520562153728355,0.17407536555026165,4331787.087405169,-474407.8424903363,0.0,-0.13921579996399303
39,729,5.078224,46.66667,-6.1666565,21600,0.05843008468854433,-0.16567418557332386,4359343.065935845,-471009.49203812674,0.0,-0.1026496398632445
669,891,5.078224,47.0,-6.0,64800,0.1380082921338336,-0.16226526889860854,4333815.840058059,-455502.3996515776,0.0,0.12369788809473242
389,819,5.078224,46.833336,-6.0,43200,0.005424860921409064,-0.28145689062809637,4347273.775744883,-456916.88569019584,0.0,0.3021740076065025
74,738,5.078224,46.66667,-6.0833282,43200,-0.11044976770615887,0.14235750208814718,4360023.469108121,-464668.9756583009,0.0,-0.3539779936050296
39,729,5.078224,46.66667,-6.1666565,43200,0.06029365948102729,0.1639316662772857,4359343.065935845,-471009.49203812674,0.0,-0.04470833098242562
389,819,5.078224,46.833336,-6.0,86400,0.1266327094429059,-0.5251215904578095,4347273.775744883,-456916.88569019584,0.0,0.29226847009209184
319,801,5.078224,46.833336,-6.1666565,43200,0.09788566711508837,-0.25314375445684023,4345926.351221016,-469559.8699535443,0.0,-0.45720687327315596
109,747,5.078224,46.66667,-6.0,43200,0.056424774333302716,-0.20788184260700915,4360694.650219674,-458327.4764384654,0.0,0.2806966640459331
389,819,5.078224,46.833336,-6.0,21600,0.1536484086656431,0.1640555197514593,4347273.775744883,-456916.88569019584,0.0,-0.2779511521336965
4,720,5.078224,46.66667,-6.25,64800,0.21605289991726945,-0.13810778561004503,4358653.3150161095,-477350.1729464703,0.0,-0.19553972490412383
599,873,5.078224,47.0,-6.1666565,21600,0.14446227014383098,0.06182708171544856,4332472.586781167,-468106.2447951276,0.0,0.23905202717229823
214,774,5.078224,46.75,-6.0833282,43200,0.050936423060081656,-0.05735937712984142,4353319.010767862,-463954.4488188505,0.0,0.2674163000302119
459,837,5.078224,46.91667,-6.1666565,86400,0.12498237600610512,0.013224360242528696,4339203.78529813,-468833.52373287774,0.0,0.19011473874690715
249,783,5.078224,46.75,-6.0,86400,0.03022709704460772,-0.16589635057569874,4353989.159796485,-457622.70099545474,0.0,0.2267025724073569
669,891,5.078224,47.0,-6.0,21600,-0.04307269759144776,0.17780489058364268,4333815.840058059,-455502.3996515776,0.0,-0.32181137729428055
564,864,5.078224,47.0,-6.25,43200,0.04090382412117885,-0.17256304020412264,4331787.087405169,-474407.8424903363,0.0,0.027320749609661615
634,882,5.078224,47.0,-6.0833282,64800,0.1306138682975502,0.04458665036854224,4333148.796028124,-461804.81061430223,0.0,0.024704289887276455
459,837,5.078224,46.91667,-6.1666565,21600,0.18444397873409782,0.07886749694219064,4339203.78529813,-468833.52373287774,0.0,0.1332781050339346
494,846,5.078224,46.91667,-6.0833282,21600,-0.07914277180775067,-0.17702047275024554,4339881.045145775,-462522.2992525033,0.0,-0.15839922465260012
529,855,5.078224,46.91667,-6.0,43200,0.03515231252365565,-0.20381972688344996,4340549.125536747,-456210.0964726406,0.0,-0.13486580788670102
249,783,5.078224,46.75,-6.0,43200,0.11248558585389777,0.13061241361269724,4353989.159796485,-457622.70099545474,0.0,0.15870259165522255
494,846,5.078224,46.91667,-6.0833282,43200,-0.06492365159204255,0.17569982279897411,4339881.045145775,-462522.2992525033,0.0,-0.38228488066554095
599,873,5.078224,47.0,-6.1666565,43200,0.17604965723284596,-0.10855885328425027,4332472.586781167,-468106.2447951276,0.0,-0.18274243573744928
354,810,5.078224,46.833336,-6.0833282,86400,-0.034689664599830417,-0.10547362583802086,4346604.66032198,-463238.8677294356,0.0,0.04901937319804566
424,828,5.078224,46.91667,-6.25,86400,-0.11849941323886255,0.12854529819111116,4338517.220887722,-475144.9119816816,0.0,-0.16547694485734354
4,720,5.078224,46.66667,-6.25,43200,-0.04572443581515627,-0.2320222187093437,4358653.3150161095,-477350.1729464703,0.0,0.05557352216436574
4,720,5.078224,46.66667,-6.25,86400,0.05038684579182395,0.09441830248674274,4358653.3150161095,-477350.1729464703,0.0,-0.10773655941134998
179,765,5.078224,46.75,-6.1666565,43200,0.010130642793170906,-0.2668233350323382,4352639.653859386,-470285.21531356085,0.0,0.05375759876493978
529,855,5.078224,46.91667,-6.0,21600,0.03456323235031759,-0.027379614313339608,4340549.125536747,-456210.0964726406,0.0,0.2281651352700536
634,882,5.078224,47.0,-6.0833282,43200,-0.012981222344273846,0.023601276758034855,4333148.796028124,-461804.81061430223,0.0,0.3859786784378632
214,774,5.078224,46.75,-6.0833282,86400,0.030941921162562377,-0.2764470360530834,4353319.010767862,-463954.4488188505,0.0,0.05049458983217681
424,828,5.078224,46.91667,-6.25,21600,-0.0796726997605476,-0.12517234406794325,4338517.220887722,-475144.9119816816,0.0,-0.37314691812539386
459,837,5.078224,46.91667,-6.1666565,43200,0.059534116006769895,0.024899452512141394,4339203.78529813,-468833.52373287774,0.0,0.12819791160340727
144,756,5.078224,46.75,-6.25,43200,0.16274779914619825,0.03309659970737559,4351950.96357759,-476616.1460837916,0.0,0.0849764850735332
284,792,5.078224,46.833336,-6.25,43200,0.17491660671892223,-0.4896387804699612,4345238.723142079,-475881.0361998027,0.0,0.204715041320104
634,882,5.078224,47.0,-6.0833282,21600,0.031040340159562398,0.009409052167577196,4333148.796028124,-461804.81061430223,0.0,0.24705269916753372
494,846,5.078224,46.91667,-6.0833282,86400,0.10213516622208413,-0.2323490524090469,4339881.045145775,-462522.2992525033,0.0,-0.1262523100651277
319,801,5.078224,46.833336,-6.1666565,86400,0.13246291877390004,-0.22700108183490691,4345926.351221016,-469559.8699535443,0.0,-0.1479824833477696
4,720,5.078224,46.66667,-6.25,21600,-0.13887557742506987,0.17154329218868597,4358653.3150161095,-477350.1729464703,0.0,-0.04659480640758276
284,792,5.078224,46.833336,-6.25,86400,0.09589706568286975,-0.12846958088129612,4345238.723142079,-475881.0361998027,0.0,0.0501688833723052
669,891,5.078224,47.0,-6.0,43200,0.23566043284764854,-0.129885159799769,4333815.840058059,-455502.3996515776,0.0,0.05896427203532887
39,729,5.078224,46.66667,-6.1666565,64800,0.2533789849270133,-0.08980516111377129,4359343.065935845,-471009.49203812674,0.0,0.12004231215587713
74,738,5.078224,46.66667,-6.0833282,21600,0.19762105056684648,-0.14822255922251937,4360023.469108121,-464668.9756583009,0.0,-0.3962303021843482
144,756,5.078224,46.75,-6.25,64800,0.0689014950738136,-0.2072476544642489,4351950.96357759,-476616.1460837916,0.0,-0.00628196722837609
634,882,5.078224,47.0,-6.0833282,86400,-0.02014556798577216,-0.20009171669674486,4333148.796028124,-461804.81061430223,0.0,-0.18765808697877184
214,774,5.078224,46.75,-6.0833282,64800,0.24420380991864732,-0.1432426340515894,4353319.010767862,-463954.4488188505,0.0,-0.05917661871928077
284,792,5.078224,46.833336,-6.25,64800,0.2267265646942573,0.2157269008128792,4345238.723142079,-475881.0361998027,0.0,0.08368264606198593
389,819,5.078224,46.833336,-6.0,64800,0.006817994578036737,-0.1938625168735651,4347273.775744883,-456916.88569019584,0.0,0.10400200866591557
599,873,5.078224,47.0,-6.1666565,64800,-0.009653422002715364,-0.015442916696939271,4332472.586781167,-468106.2447951276,0.0,0.1149564385307895
144,756,5.078224,46.75,-6.25,86400,0.13018912358490875,0.11349070428415567,4351950.96357759,-476616.1460837916,0.0,-0.13657370060891375
109,747,5.078224,46.66667,-6.0,64800,0.06944326700177268,0.11844309290834114,4360694.650219674,-458327.4764384654,0.0,0.3150087309364529
564,864,5.078224,47.0,-6.25,64800,0.07274891189097071,0.03659439100190331,4331787.087405169,-474407.8424903363,0.0,0.21296818208828783
179,765,5.078224,46.75,-6.1666565,21600,0.09363281526796441,0.122757469047556,4352639.653859386,-470285.21531356085,0.0,0.016245973310205237
319,801,5.078224,46.833336,-6.1666565,21600,0.07469064935251782,-0.10894065603680603,4345926.351221016,-469559.8699535443,0.0,0.0343223687156858
74,738,5.078224,46.66667,-6.0833282,64800,0.15841263848073667,-0.4280491505382269,4360023.469108121,-464668.9756583009,0.0,-0.06504313895271491
354,810,5.078224,46.833336,-6.0833282,21600,0.07948007056117651,0.1004816360075527,4346604.66032198,-463238.8677294356,0.0,0.33552498454592583
284,792,5.078224,46.833336,-6.25,21600,0.05178748130532304,0.02364424132979448,4345238.723142079,-475881.0361998027,0.0,-0.18193455016312934
494,846,5.078224,46.91667,-6.0833282,64800,0.051345009909941945,-0.1922637713726449,4339881.045145775,-462522.2992525033,0.0,-0.12985660420851083
74,738,5.078224,46.66667,-6.0833282,86400,-0.04326456354549181,0.229576792249762,4360023.469108121,-464668.9756583009,0.0,-0.14404339217059942
109,747,5.078224,46.66667,-6.0,86400,-0.055167160715908145,-0.07372545513116846,4360694.650219674,-458327.4764384654,0.0,-0.04489068408342787
109,747,5.078224,46.66667,-6.0,21600,-0.06149186078736796,0.06399723067525767,4360694.650219674,-458327.4764384654,0.0,-0.1940695111895829
354,810,5.078224,46.833336,-6.0833282,64800,0.03817158901690727,-0.095052032909939,4346604.66032198,-463238.8677294356,0.0,0.006022241936752616
424,828,5.078224,46.91667,-6.25,64800,0.22741532820304122,-0.21738150776993348,4338517.220887722,-475144.9119816816,0.0,-0.2323198359990014
179,765,5.078224,46.75,-6.1666565,64800,0.22683223119672785,-0.004970802985158479,4352639.653859386,-470285.21531356085,0.0,-0.11314166131903997
249,783,5.078224,46.75,-6.0,64800,0.06956003485676282,-0.3751405090722184,4353989.159796485,-457622.70099545474,0.0,-0.36636194240923003
599,873,5.078224,47.0,-6.1666565,86400,0.16683161771245658,0.13916953712578617,4332472.586781167,-468106.2447951276,0.0,0.281487174646504
564,864,5.078224,47.0,-6.25,86400,0.11401879404516721,-0.16970596434851287,4331787.087405169,-474407.8424903363,0.0,0.05171034687361533
319,801,5.078224,46.833336,-6.1666565,64800,-0.04718726080585857,0.021397182417039043,4345926.351221016,-469559.8699535443,0.0,-0.3119241657654472
249,783,5.078224,46.75,-6.0,21600,0.13075971871182135,-0.05879595594223154,4353989.159796485,-457622.70099545474,0.0,0.19636951834489785
179,765,5.078224,46.75,-6.1666565,86400,0.18590580954846367,-0.2519758462405308,4352639.653859386,-470285.21531356085,0.0,-0.14262809816084987
529,855,5.078224,46.91667,-6.0,64800,0.06190008593470046,0.04759256707413812,4340549.125536747,-456210.0964726406,0.0,-0.28171850373808655
214,774,5.078224,46.75,-6.0833282,21600,-0.009005072640544856,-0.20642843705224312,4353319.010767862,-463954.4488188505,0.0,-0.14971978330377322
529,855,5.078224,46.91667,-6.0,86400,0.02791772000115525,0.11726022513453976,4340549.125536747,-456210.0964726406,0.0,-0.031040522499022123
459,837,5.078224,46.91667,-6.1666565,64800,-0.02576870373245488,-0.10682923581473457,4339203.78529813,-468833.52373287774,0.0,-0.017692329298298427
39,729,5.078224,46.66667,-6.1666565,86400,0.02853362063296557,-0.1475930065044831,4359343.065935845,-471009.49203812674,0.0,-0.22119182252541345
144,756,5.078224,46.75,-6.25,21600,0.08170142598888251,-0.34618096625673983,4351950.96357759,-476616.1460837916,0.0,0.39573905607587906
670,1071,6.440614,47.0,-6.0,21600,-0.047554479195267424,0.14347956085517163,4333815.840058059,-455502.3996515776,0.0,-0.29437656455623007
425,1008,6.440614,46.91667,-6.25,64800,0.19062081966019684,-0.16735071032417334,4338517.220887722,-475144.9119816816,0.0,-0.2126540326323995
215,954,6.440614,46.75,-6.0833282,64800,0.22353726755297226,-0.13596574819328514,4353319.010767862,-463954.4488188505,0.0,-0.06883349578570112
5,900,6.440614,46.66667,-6.25,64800,0.19353655241151868,-0.09920109867998406,4358653.3150161095,-477350.1729464703,0.0,-0.19745652742729458
495,1026,6.440614,46.91667,-6.0833282,21600,-0.06496765196409009,-0.1775167568426138,4339881.045145775,-462522.2992525033,0.0,-0.14520332241397882
635,1062,6.440614,47.0,-6.0833282,86400,0.008919648225593185,-0.20141665110856638,4333148.796028124,-461804.81061430223,0.0,-0.15119601454751197
145,936,6.440614,46.75,-6.25,21600,0.0988030231583702,-0.3174796353825167,4351950.96357759,-476616.1460837916,0.0,0.3548215279873687
600,1053,6.440614,47.0,-6.1666565,64800,0.0003940861084397451,-0.02604460924234863,4332472.586781167,-468106.2447951276,0.0,0.10642246138351018
285,972,6.440614,46.833336,-6.25,21600,0.03679121183541771,0.037386539647542176,4345238.723142079,-475881.0361998027,0.0,-0.18396070016719268
635,1062,6.440614,47.0,-6.0833282,64800,0.1276560817789211,0.05779644026089556,4333148.796028124,-461804.81061430223,0.0,0.009081024300910429
565,1044,6.440614,47.0,-6.25,43200,0.04255664197839121,-0.18197331183180787,4331787.087405169,-474407.8424903363,0.0,-0.0018417465471169475
460,1017,6.440614,46.91667,-6.1666565,64800,0.007812560196846466,-0.11382980330000511,4339203.78529813,-468833.52373287774,0.0,-0.020908447429424423
180,945,6.440614,46.75,-6.1666565,64800,0.20165282654154787,-0.0005090055333492188,4352639.653859386,-470285.21531356085,0.0,-0.1060530261342028
355,990,6.440614,46.833336,-6.0833282,86400,-0.026386734123797606,-0.08939130044785579,4346604.66032198,-463238.8677294356,0.0,0.04809247586128365
460,1017,6.440614,46.91667,-6.1666565,21600,0.1875095856476171,0.05389365842821826,4339203.78529813,-468833.52373287774,0.0,0.14406281289361286
145,936,6.440614,46.75,-6.25,86400,0.11555065183731444,0.12950740284743217,4351950.96357759,-476616.1460837916,0.0,-0.08020002004200831
530,1035,6.440614,46.91667,-6.0,43200,0.03979832411415683,-0.1742821445538451,4340549.125536747,-456210.0964726406,0.0,-0.08291022828262463
250,963,6.440614,46.75,-6.0,86400,0.04007574641891684,-0.18175597423259027,4353989.159796485,-457622.70099545474,0.0,0.1392038018776222
460,1017,6.440614,46.91667,-6.1666565,43200,0.06849487497677678,0.0006026842767610785,4339203.78529813,-468833.52373287774,0.0,0.09707341426692566
495,1026,6.440614,46.91667,-6.0833282,43200,-0.0395461113649581,0.14486289131130253,4339881.045145775,-462522.2992525033,0.0,-0.2855196424537871
355,990,6.440614,46.833336,-6.0833282,43200,0.0843547615447579,-0.049424502261962135,4346604.66032198,-463238.8677294356,0.0,0.114750268001138
355,990,6.440614,46.833336,-6.0833282,64800,0.02018367791001481,-0.07206075312552825,4346604.66032198,-463238.8677294356,0.0,0.014562398926208423
600,1053,6.440614,47.0,-6.1666565,21600,0.13257872172856272,0.0742646928128518,4332472.586781167,-468106.2447951276,0.0,0.19965818418893586
565,1044,6.440614,47.0,-6.25,86400,0.10694170614530563,-0.14930952980282292,4331787.087405169,-474407.8424903363,0.0,0.04796417685977442
390,999,6.440614,46.833336,-6.0,43200,0.021233979791680672,-0.26704911342062626,4347273.775744883,-456916.88569019584,0.0,0.2747217758957526
670,1071,6.440614,47.0,-6.0,64800,0.12103668469001048,-0.13968471960368856,4333815.840058059,-455502.3996515776,0.0,0.08901614169395647
320,981,6.440614,46.833336,-6.1666565,64800,-0.040850957030254945,-0.017925411286118825,4345926.351221016,-469559.8699535443,0.0,-0.3141468311325372
215,954,6.440614,46.75,-6.0833282,21600,-0.0013494052954060587,-0.17908687041493163,4353319.010767862,-463954.4488188505,0.0,-0.1487772398311502
565,1044,6.440614,47.0,-6.25,21600,-0.1502460596245011,0.147060707905101,4331787.087405169,-474407.8424903363,0.0,-0.08913159640445632
320,981,6.440614,46.833336,-6.1666565,43200,0.09016936926836093,-0.21491620900840772,4345926.351221016,-469559.8699535443,0.0,-0.42985487113632626
110,927,6.440614,46.66667,-6.0,86400,-0.038792324713848886,-0.049982517491755835,4360694.650219674,-458327.4764384654,0.0,-0.10762399125559673
425,1008,6.440614,46.91667,-6.25,43200,0.12432763308066387,0.06377960782881814,4338517.220887722,-475144.9119816816,0.0,0.23712948990594118
5,900,6.440614,46.66667,-6.25,86400,0.05372872313612055,0.07733910547007107,4358653.3150161095,-477350.1729464703,0.0,-0.09988908929421228
75,918,6.440614,46.66667,-6.0833282,86400,-0.03584696886113603,0.19429601320023132,4360023.469108121,-464668.9756583009,0.0,-0.15152886354649633
180,945,6.440614,46.75,-6.1666565,21600,0.09313913819133687,0.1426330706895422,4352639.653859386,-470285.21531356085,0.0,0.031123289779820484
460,1017,6.440614,46.91667,-6.1666565,86400,0.1363958104724921,-0.015134572978742433,4339203.78529813,-468833.52373287774,0.0,0.15925231787654387
320,981,6.440614,46.833336,-6.1666565,86400,0.11833676592671893,-0.20932736736541455,4345926.351221016,-469559.8699535443,0.0,-0.11414453899077204
285,972,6.440614,46.833336,-6.25,86400,0.10460653140958426,-0.1468943711037496,4345238.723142079,-475881.0361998027,0.0,0.021201310948188043
285,972,6.440614,46.833336,-6.25,64800,0.20691359900065615,0.19529731819667,4345238.723142079,-475881.0361998027,0.0,0.044611029297540274
390,999,6.440614,46.833336,-6.0,64800,0.023975560147899054,-0.18932518507980717,4347273.775744883,-456916.88569019584,0.0,0.10467545970285425
635,1062,6.440614,47.0,-6.0833282,21600,0.04214592863901978,0.03130292747262703,4333148.796028124,-461804.81061430223,0.0,0.21326936946765918
250,963,6.440614,46.75,-6.0,21600,0.12432429816177745,-0.07486035204138272,4353989.159796485,-457622.70099545474,0.0,0.20113310644700777
530,1035,6.440614,46.91667,-6.0,21600,0.05298382942874674,-0.03108348807134469,4340549.125536747,-456210.0964726406,0.0,0.21239982790385117
285,972,6.440614,46.833336,-6.25,43200,0.15113422470772309,-0.4205411296924763,4345238.723142079,-475881.0361998027,0.0,0.18714424640298913
670,1071,6.440614,47.0,-6.0,86400,0.1260148986877393,-0.49899928020744416,4333815.840058059,-455502.3996515776,0.0,-0.12527933161101937
250,963,6.440614,46.75,-6.0,43200,0.1016789433500419,0.09094606623728262,4353989.159796485,-457622.70099545474,0.0,0.12610569072490121
425,1008,6.440614,46.91667,-6.25,86400,-0.08220258340476702,0.11294563674702882,4338517.220887722,-475144.9119816816,0.0,-0.15151849910478024
250,963,6.440614,46.75,-6.0,64800,0.06720620733427392,-0.35102255694570905,4353989.159796485,-457622.70099545474,0.0,-0.37366649443032707
565,1044,6.440614,47.0,-6.25,64800,0.0755362543425041,0.037243618788854085,4331787.087405169,-474407.8424903363,0.0,0.20868480188242905
600,1053,6.440614,47.0,-6.1666565,43200,0.17389018567283207,-0.1207600573729993,4332472.586781167,-468106.2447951276,0.0,-0.1504911536374988
215,954,6.440614,46.75,-6.0833282,43200,0.061203775938890564,-0.029715180084603967,4353319.010767862,-463954.4488188505,0.0,0.24697994534477563
180,945,6.440614,46.75,-6.1666565,43200,-0.0032479482628827716,-0.20463592361671057,4352639.653859386,-470285.21531356085,0.0,0.026279226992329673
40,909,6.440614,46.66667,-6.1666565,86400,0.020046035834261892,-0.10432539260197292,4359343.065935845,-471009.49203812674,0.0,-0.2096563159307882
110,927,6.440614,46.66667,-6.0,21600,-0.032259328211712235,0.046012645883291535,4360694.650219674,-458327.4764384654,0.0,-0.15519138671834481
5,900,6.440614,46.66667,-6.25,21600,-0.13397921638096424,0.14941204381250078,4358653.3150161095,-477350.1729464703,0.0,-0.05225821065885538
320,981,6.440614,46.833336,-6.1666565,21600,0.05443199479987952,-0.06775935450449316,4345926.351221016,-469559.8699535443,0.0,0.04122849552962511
110,927,6.440614,46.66667,-6.0,43200,0.06086815439408464,-0.2036195420100616,4360694.650219674,-458327.4764384654,0.0,0.22837599828944274
635,1062,6.440614,47.0,-6.0833282,43200,0.006040672466122082,0.01783670497590066,4333148.796028124,-461804.81061430223,0.0,0.3066796788541728
530,1035,6.440614,46.91667,-6.0,64800,0.07249422539619715,0.05411614184313519,4340549.125536747,-456210.0964726406,0.0,-0.21793874211364925
215,954,6.440614,46.75,-6.0833282,86400,0.043601486737309604,-0.23039466422414892,4353319.010767862,-463954.4488188505,0.0,0.07687616955679705
530,1035,6.440614,46.91667,-6.0,86400,0.040965040825086604,0.07853910083819032,4340549.125536747,-456210.0964726406,0.0,-0.048426568922483613
355,990,6.440614,46.833336,-6.0833282,21600,0.08160020210894313,0.09435569976414188,4346604.66032198,-463238.8677294356,0.0,0.293031988001968
75,918,6.440614,46.66667,-6.0833282,43200,-0.09139543546217625,0.09178521322108875,4360023.469108121,-464668.9756583009,0.0,-0.30367267663308645
40,909,6.440614,46.66667,-6.1666565,43200,0.07552497007521991,0.1667542619816073,4359343.065935845,-471009.49203812674,0.0,-0.015533603597919577
145,936,6.440614,46.75,-6.25,64800,0.07878471379503706,-0.14134579977161496,4351950.96357759,-476616.1460837916,0.0,0.02628949351980729
40,909,6.440614,46.66667,-6.1666565,21600,0.054038166165243456,-0.13918027923552795,4359343.065935845,-471009.49203812674,0.0,-0.12637663425670864
495,1026,6.440614,46.91667,-6.0833282,86400,0.10607573356188435,-0.21255339518126404,4339881.045145775,-462522.2992525033,0.0,-0.1165764028566988
145,936,6.440614,46.75,-6.25,43200,0.14775944104835384,0.043013550274044916,4351950.96357759,-476616.1460837916,0.0,0.11044694473453964
40,909,6.440614,46.66667,-6.1666565,64800,0.26425544180004235,-0.12644735436259097,4359343.065935845,-471009.49203812674,0.0,0.15344855391989376
390,999,6.440614,46.833336,-6.0,21600,0.12418131329741437,0.13550270864050634,4347273.775744883,-456916.88569019584,0.0,-0.23833124098752878
600,1053,6.440614,47.0,-6.1666565,86400,0.13361278580295008,0.13128304316728634,4332472.586781167,-468106.2447951276,0.0,0.2234480104097435
670,1071,6.440614,47.0,-6.0,43200,0.214370674610462,-0.13314583334640936,4333815.840058059,-455502.3996515776,0.0,0.06137716094626533
5,900,6.440614,46.66667,-6.25,43200,-0.0277497309336297,-0.24076021191732708,4358653.3150161095,-477350.1729464703,0.0,0.07770973421621626
110,927,6.440614,46.66667,-6.0,64800,0.07523910110306427,0.09991764915672055,4360694.650219674,-458327.4764384654,0.0,0.28757122467237195
75,918,6.440614,46.66667,-6.0833282,21600,0.1725265097358255,-0.11943937631360639,4360023.469108121,-464668.9756583009,0.0,-0.3186353950760769
75,918,6.440614,46.66667,-6.0833282,64800,0.1510029182338573,-0.39724134094969443,4360023.469108121,-464668.9756583009,0.0,-0.11168881283948309
495,1026,6.440614,46.91667,-6.0833282,64800,0.06305333973322508,-0.20924005680374197,4339881.045145775,-462522.2992525033,0.0,-0.11524209536489931
390,999,6.440614,46.833336,-6.0,86400,0.10356679879571937,-0.4984039650479591,4347273.775744883,-456916.88569019584,0.0,0.29392065678554435
180,945,6.440614,46.75,-6.1666565,86400,0.17325791060840948,-0.24466053220651585,4352639.653859386,-470285.21531356085,0.0,-0.1672144678075504
425,1008,6.440614,46.91667,-6.25,21600,-0.060358285287049535,-0.12513375825051168,4338517.220887722,-475144.9119816816,0.0,-0.3583341649532981
286,1152,7.92956,46.833336,-6.25,64800,0.19033857263183643,0.1754524862326512,4345238.723142079,-475881.0361998027,0.0,0.021474166662740764
531,1215,7.92956,46.91667,-6.0,64800,0.07717366938224497,0.05250063516395417,4340549.125536747,-456210.0964726406,0.0,-0.174883847960549
601,1233,7.92956,47.0,-6.1666565,43200,0.1678407224488501,-0.1242616389709859,4332472.586781167,-468106.2447951276,0.0,-0.12561887676605077
111,1107,7.92956,46.66667,-6.0,43200,0.06456734501933038,-0.19594788896043785,4360694.650219674,-458327.4764384654,0.0,0.1922617212824782
391,1179,7.92956,46.833336,-6.0,64800,0.034652327737014856,-0.18132507722348554,4347273.775744883,-456916.88569019584,0.0,0.1015455873128942
636,1242,7.92956,47.0,-6.0833282,21600,0.048118639895697486,0.04112135246419364,4333148.796028124,-461804.81061430223,0.0,0.18667710089952888
41,1089,7.92956,46.66667,-6.1666565,43200,0.08220659208369684,0.15844497450045292,4359343.065935845,-471009.49203812674,0.0,-0.0028964787959355233
531,1215,7.92956,46.91667,-6.0,21600,0.061378392497105694,-0.03315999137810861,4340549.125536747,-456210.0964726406,0.0,0.19843938157470467
671,1251,7.92956,47.0,-6.0,43200,0.1967681866467015,-0.12913654058524449,4333815.840058059,-455502.3996515776,0.0,0.06054347309744942
251,1143,7.92956,46.75,-6.0,21600,0.11840978029788615,-0.08007343143618094,4353989.159796485,-457622.70099545474,0.0,0.19634477692743024
286,1152,7.92956,46.833336,-6.25,43200,0.13661573909158736,-0.37320101303919945,4345238.723142079,-475881.0361998027,0.0,0.1683935983357841
111,1107,7.92956,46.66667,-6.0,64800,0.07812637190329845,0.08131383309612278,4360694.650219674,-458327.4764384654,0.0,0.260486483006505
6,1080,7.92956,46.66667,-6.25,86400,0.056124851472858964,0.06155313556905421,4358653.3150161095,-477350.1729464703,0.0,-0.09352530300016017
76,1098,7.92956,46.66667,-6.0833282,64800,0.1433504825310173,-0.36796733411954036,4360023.469108121,-464668.9756583009,0.0,-0.1321998837249471
356,1170,7.92956,46.833336,-6.0833282,21600,0.08241670048175395,0.0853694251891921,4346604.66032198,-463238.8677294356,0.0,0.2589478391003785
426,1188,7.92956,46.91667,-6.25,43200,0.12175490192974803,0.04757573184158655,4338517.220887722,-475144.9119816816,0.0,0.21036428211998184
391,1179,7.92956,46.833336,-6.0,86400,0.09032088860407247,-0.4665784836913497,4347273.775744883,-456916.88569019584,0.0,0.28303833982986143
356,1170,7.92956,46.833336,-6.0833282,43200,0.09054896266830385,-0.04573129114364263,4346604.66032198,-463238.8677294356,0.0,0.12364292958569814
601,1233,7.92956,47.0,-6.1666565,21600,0.12427535155835757,0.07276318387650625,4332472.586781167,-468106.2447951276,0.0,0.17196580426629673
566,1224,7.92956,47.0,-6.25,86400,0.10244059221911792,-0.1384923587345754,4331787.087405169,-474407.8424903363,0.0,0.04572851765080356
76,1098,7.92956,46.66667,-6.0833282,21600,0.15404805232233543,-0.10419261702863472,4360023.469108121,-464668.9756583009,0.0,-0.26619514702123437
41,1089,7.92956,46.66667,-6.1666565,64800,0.2619954985333732,-0.14281098152817967,4359343.065935845,-471009.49203812674,0.0,0.1638404110311179
356,1170,7.92956,46.833336,-6.0833282,64800,0.01339390793646772,-0.06060769344017533,4346604.66032198,-463238.8677294356,0.0,0.020033440065273928
321,1161,7.92956,46.833336,-6.1666565,64800,-0.03380646708907262,-0.03798339068901854,4345926.351221016,-469559.8699535443,0.0,-0.30318863099383697
391,1179,7.92956,46.833336,-6.0,43200,0.030345420646843813,-0.24925412385556933,4347273.775744883,-456916.88569019584,0.0,0.24761283212179525
671,1251,7.92956,47.0,-6.0,64800,0.11082222429706436,-0.12199929492145271,4333815.840058059,-455502.3996515776,0.0,0.06427728997329173
566,1224,7.92956,47.0,-6.25,64800,0.07625251357919899,0.03546072848108643,4331787.087405169,-474407.8424903363,0.0,0.19896335466212617
286,1152,7.92956,46.833336,-6.25,86400,0.10677485948055807,-0.149891273672006,4345238.723142079,-475881.0361998027,0.0,0.0043441229088758805
76,1098,7.92956,46.66667,-6.0833282,43200,-0.07515787034884508,0.05953200084646964,4360023.469108121,-464668.9756583009,0.0,-0.26669735108362774
216,1134,7.92956,46.75,-6.0833282,21600,0.005526103034974333,-0.1606768265672862,4353319.010767862,-463954.4488188505,0.0,-0.141652068959543
181,1125,7.92956,46.75,-6.1666565,86400,0.16256975226438347,-0.2332141101895172,4352639.653859386,-470285.21531356085,0.0,-0.17584955667275673
321,1161,7.92956,46.833336,-6.1666565,43200,0.08628877397842152,-0.18940209068134525,4345926.351221016,-469559.8699535443,0.0,-0.3989023504848321
566,1224,7.92956,47.0,-6.25,21600,-0.13424168160785038,0.12401311697772395,4331787.087405169,-474407.8424903363,0.0,-0.05853256981103416
6,1080,7.92956,46.66667,-6.25,64800,0.1761573698576421,-0.07927355198634278,4358653.3150161095,-477350.1729464703,0.0,-0.18906050618951759
181,1125,7.92956,46.75,-6.1666565,21600,0.09115091413185566,0.14425883704137782,4352639.653859386,-470285.21531356085,0.0,0.038564153149159903
41,1089,7.92956,46.66667,-6.1666565,86400,0.017181599162607114,-0.07964995346919848,4359343.065935845,-471009.49203812674,0.0,-0.19468502510391814
41,1089,7.92956,46.66667,-6.1666565,21600,0.05339655410014681,-0.12333294572996978,4359343.065935845,-471009.49203812674,0.0,-0.13482284780811196
111,1107,7.92956,46.66667,-6.0,86400,-0.02767746316028992,-0.03625141161423629,4360694.650219674,-458327.4764384654,0.0,-0.13831284271437877
391,1179,7.92956,46.833336,-6.0,21600,0.10751160555402425,0.11084529701811027,4347273.775744883,-456916.88569019584,0.0,-0.21003952431134407
321,1161,7.92956,46.833336,-6.1666565,86400,0.10930255163942743,-0.1951768331110612,4345926.351221016,-469559.8699535443,0.0,-0.09117939832954325
251,1143,7.92956,46.75,-6.0,43200,0.09502785039734045,0.06315295724662123,4353989.159796485,-457622.70099545474,0.0,0.10638084354130133
461,1197,7.92956,46.91667,-6.1666565,86400,0.14104741885416364,-0.03372508087210488,4339203.78529813,-468833.52373287774,0.0,0.1367897186388781
251,1143,7.92956,46.75,-6.0,86400,0.045725531526904784,-0.1851101991626018,4353989.159796485,-457622.70099545474,0.0,0.09071391258022901
531,1215,7.92956,46.91667,-6.0,43200,0.04360447491229215,-0.1566859711101339,4340549.125536747,-456210.0964726406,0.0,-0.04959457391091182
146,1116,7.92956,46.75,-6.25,21600,0.10526975937108375,-0.29370890121621646,4351950.96357759,-476616.1460837916,0.0,0.3189996854656632
671,1251,7.92956,47.0,-6.0,86400,0.12029232384480043,-0.4496362541686414,4333815.840058059,-455502.3996515776,0.0,-0.09611865951324985
461,1197,7.92956,46.91667,-6.1666565,43200,0.07292885846592072,-0.014088626474596529,4339203.78529813,-468833.52373287774,0.0,0.07560623535469499
146,1116,7.92956,46.75,-6.25,43200,0.13544796563412068,0.04438290450064721,4351950.96357759,-476616.1460837916,0.0,0.1150629225964491
216,1134,7.92956,46.75,-6.0833282,43200,0.06634484749241629,-0.015077652586128289,4353319.010767862,-463954.4488188505,0.0,0.22861271267656458
636,1242,7.92956,47.0,-6.0833282,64800,0.12259882055040434,0.057564109391660775,4333148.796028124,-461804.81061430223,0.0,0.0005493303672443937
636,1242,7.92956,47.0,-6.0833282,43200,0.017295902070319016,0.01190275015137604,4333148.796028124,-461804.81061430223,0.0,0.25434113429199917
286,1152,7.92956,46.833336,-6.25,21600,0.030750459273698266,0.04082660155696106,4345238.723142079,-475881.0361998027,0.0,-0.17845993640265295
566,1224,7.92956,47.0,-6.25,43200,0.04442532235956978,-0.1799963420290238,4331787.087405169,-474407.8424903363,0.0,-0.019007326900685316
531,1215,7.92956,46.91667,-6.0,86400,0.047935570365504075,0.05224712197427364,4340549.125536747,-456210.0964726406,0.0,-0.05476358308554248
461,1197,7.92956,46.91667,-6.1666565,64800,0.02831147476075898,-0.11517123369654286,4339203.78529813,-468833.52373287774,0.0,-0.021124189376223762
181,1125,7.92956,46.75,-6.1666565,64800,0.1839700071635825,-0.0021902988190556152,4352639.653859386,-470285.21531356085,0.0,-0.1009858763392693
181,1125,7.92956,46.75,-6.1666565,43200,-0.006671333327524592,-0.16882907564651403,4352639.653859386,-470285.21531356085,0.0,0.011964827477398595
461,1197,7.92956,46.91667,-6.1666565,21600,0.18384713309829454,0.039456561658169804,4339203.78529813,-468833.52373287774,0.0,0.1428467297386122
6,1080,7.92956,46.66667,-6.25,43200,-0.01442273564926358,-0.2378507160814103,4358653.3150161095,-477350.1729464703,0.0,0.08622590160364577
601,1233,7.92956,47.0,-6.1666565,64800,0.00847737842261892,-0.03189613784034392,4332472.586781167,-468106.2447951276,0.0,0.09526222200076562
146,1116,7.92956,46.75,-6.25,86400,0.10465045377572274,0.13166575651222953,4351950.96357759,-476616.1460837916,0.0,-0.05071686465502281
356,1170,7.92956,46.833336,-6.0833282,86400,-0.01769079590104787,-0.08207060922747735,4346604.66032198,-463238.8677294356,0.0,0.04629556377791895
6,1080,7.92956,46.66667,-6.25,21600,-0.12242261891776697,0.12668029228084676,4358653.3150161095,-477350.1729464703,0.0,-0.053879591934482815
496,1206,7.92956,46.91667,-6.0833282,64800,0.0680730979463118,-0.2105314965656262,4339881.045145775,-462522.2992525033,0.0,-0.10153168367507776
216,1134,7.92956,46.75,-6.0833282,86400,0.05182299504885897,-0.19767718872616857,4353319.010767862,-463954.4488188505,0.0,0.08601041784274759
146,1116,7.92956,46.75,-6.25,64800,0.08233740521681848,-0.10286765755946065,4351950.96357759,-476616.1460837916,0.0,0.04156358923811425
636,1242,7.92956,47.0,-6.0833282,86400,0.027384624787152444,-0.19905533666801334,4333148.796028124,-461804.81061430223,0.0,-0.12734564807467502
251,1143,7.92956,46.75,-6.0,64800,0.06470477210635352,-0.3268923618671201,4353989.159796485,-457622.70099545474,0.0,-0.3610289757123684
496,1206,7.92956,46.91667,-6.0833282,86400,0.1070042051527034,-0.19551836742745576,4339881.045145775,-462522.2992525033,0.0,-0.10708952624996364
426,1188,7.92956,46.91667,-6.25,64800,0.16686543129855794,-0.13866198895248827,4338517.220887722,-475144.9119816816,0.0,-0.19639374938754658
216,1134,7.92956,46.75,-6.0833282,64800,0.20699219376827924,-0.12950670229480932,4353319.010767862,-463954.4488188505,0.0,-0.0714599453566487
321,1161,7.92956,46.833336,-6.1666565,21600,0.045338520011039385,-0.04712734079188638,4345926.351221016,-469559.8699535443,0.0,0.042853865795860924
426,1188,7.92956,46.91667,-6.25,21600,-0.04574237183835371,-0.12247652901476583,4338517.220887722,-475144.9119816816,0.0,-0.3366961871922886
601,1233,7.92956,47.0,-6.1666565,86400,0.11439571355546779,0.11984449749224631,4332472.586781167,-468106.2447951276,0.0,0.18222066644176174
671,1251,7.92956,47.0,-6.0,21600,-0.04504518844508666,0.11745165977931313,4333815.840058059,-455502.3996515776,0.0,-0.26775236907071165
426,1188,7.92956,46.91667,-6.25,86400,-0.05706862447047806,0.09608640979221597,4338517.220887722,-475144.9119816816,0.0,-0.13654892982962827
496,1206,7.92956,46.91667,-6.0833282,43200,-0.021718064053455235,0.12151695772721313,4339881.045145775,-462522.2992525033,0.0,-0.22650450767069963
496,1206,7.92956,46.91667,-6.0833282,21600,-0.05165703357666733,-0.17258322174785964,4339881.045145775,-462522.2992525033,0.0,-0.12889363032613477
111,1107,7.92956,46.66667,-6.0,21600,-0.012424974526846239,0.033110177767122884,4360694.650219674,-458327.4764384654,0.0,-0.13160439928016668
76,1098,7.92956,46.66667,-6.0833282,86400,-0.028480979094496192,0.16634024981747614,4360023.469108121,-464668.9756583009,0.0,-0.1474378534561862
182,1305,9.572997,46.75,-6.1666565,43200,-0.004461848512789371,-0.1484711892089888,4352639.653859386,-470285.21531356085,0.0,0.004878874185798673
7,1260,9.572997,46.66667,-6.25,21600,-0.1070815318010643,0.10348029204798573,4358653.3150161095,-477350.1729464703,0.0,-0.053288320674887826
462,1377,9.572997,46.91667,-6.1666565,64800,0.04111349695139342,-0.11330866498450307,4339203.78529813,-468833.52373287774,0.0,-0.01985255370168865
357,1350,9.572997,46.833336,-6.0833282,64800,0.01314165723307742,-0.055412694366519924,4346604.66032198,-463238.8677294356,0.0,0.02331500968584417
322,1341,9.572997,46.833336,-6.1666565,86400,0.10319511817493918,-0.18269762502095338,4345926.351221016,-469559.8699535443,0.0,-0.07476485256546371
112,1287,9.572997,46.66667,-6.0,43200,0.06761161311418029,-0.18638548023758916,4360694.650219674,-458327.4764384654,0.0,0.1652404520631314
672,1431,9.572997,47.0,-6.0,64800,0.10415487393077041,-0.10787304599611937,4333815.840058059,-455502.3996515776,0.0,0.04613390688253041
602,1413,9.572997,47.0,-6.1666565,21600,0.11798126988656402,0.06363967674473597,4332472.586781167,-468106.2447951276,0.0,0.1504703159567962
77,1278,9.572997,46.66667,-6.0833282,86400,-0.02127076562656717,0.1421150168179895,4360023.469108121,-464668.9756583009,0.0,-0.13683689800627033
392,1359,9.572997,46.833336,-6.0,86400,0.08282199577562814,-0.4318065251964661,4347273.775744883,-456916.88569019584,0.0,0.2647356709396975
497,1386,9.572997,46.91667,-6.0833282,64800,0.06958184326625386,-0.20256893573016604,4339881.045145775,-462522.2992525033,0.0,-0.08842769355467649
427,1368,9.572997,46.91667,-6.25,86400,-0.03861933304838712,0.07908859819380268,4338517.220887722,-475144.9119816816,0.0,-0.12188137998537359
7,1260,9.572997,46.66667,-6.25,43200,-0.003879415500185557,-0.22817927714426056,4358653.3150161095,-477350.1729464703,0.0,0.08652451270575959
672,1431,9.572997,47.0,-6.0,86400,0.11568667069027545,-0.4047305842334187,4333815.840058059,-455502.3996515776,0.0,-0.07514496804817684
637,1422,9.572997,47.0,-6.0833282,21600,0.05113685933921742,0.043645651261159366,4333148.796028124,-461804.81061430223,0.0,0.16471805626379252
287,1332,9.572997,46.833336,-6.25,43200,0.12746646930717265,-0.3377874284089861,4345238.723142079,-475881.0361998027,0.0,0.1492651646497903
147,1296,9.572997,46.75,-6.25,21600,0.10563323727777493,-0.2720547285578806,4351950.96357759,-476616.1460837916,0.0,0.286132366801033
532,1395,9.572997,46.91667,-6.0,64800,0.07888853757349001,0.045998182932791704,4340549.125536747,-456210.0964726406,0.0,-0.1441280630645293
567,1404,9.572997,47.0,-6.25,86400,0.0991579772552852,-0.1322285784417467,4331787.087405169,-474407.8424903363,0.0,0.04510434119306169
42,1269,9.572997,46.66667,-6.1666565,86400,0.017516411231310487,-0.06574201658258623,4359343.065935845,-471009.49203812674,0.0,-0.1778611812548015
672,1431,9.572997,47.0,-6.0,21600,-0.038323070608589235,0.09622567974286947,4333815.840058059,-455502.3996515776,0.0,-0.24103455676169502
217,1314,9.572997,46.75,-6.0833282,43200,0.06846931565984068,-0.008396236768649958,4353319.010767862,-463954.4488188505,0.0,0.21138171610160741
427,1368,9.572997,46.91667,-6.25,64800,0.15060122176386995,-0.12214445182628159,4338517.220887722,-475144.9119816816,0.0,-0.18192887135391475
392,1359,9.572997,46.833336,-6.0,64800,0.04155684128270073,-0.17148600034956574,4347273.775744883,-456916.88569019584,0.0,0.09613970620742678
322,1341,9.572997,46.833336,-6.1666565,43200,0.08444694513360071,-0.17105094178795582,4345926.351221016,-469559.8699535443,0.0,-0.3649490251881688
567,1404,9.572997,47.0,-6.25,64800,0.07571802286514827,0.03169434304482942,4331787.087405169,-474407.8424903363,0.0,0.18633726658244854
182,1305,9.572997,46.75,-6.1666565,21600,0.0882435613004805,0.13479809225758596,4352639.653859386,-470285.21531356085,0.0,0.04127516374176267
357,1350,9.572997,46.833336,-6.0833282,86400,-0.008786947286213875,-0.07932235037066411,4346604.66032198,-463238.8677294356,0.0,0.04405821565009854
77,1278,9.572997,46.66667,-6.0833282,43200,-0.06034835875515618,0.0379637962562674,4360023.469108121,-464668.9756583009,0.0,-0.23729817742541237
42,1269,9.572997,46.66667,-6.1666565,43200,0.08401180910020377,0.14414033522294672,4359343.065935845,-471009.49203812674,0.0,0.00025214002377333495
637,1422,9.572997,47.0,-6.0833282,86400,0.0394919061017347,-0.19422946285937584,4333148.796028124,-461804.81061430223,0.0,-0.11018781111406471
602,1413,9.572997,47.0,-6.1666565,86400,0.10329093249122953,0.10660085063375646,4332472.586781167,-468106.2447951276,0.0,0.1515052964571836
112,1287,9.572997,46.66667,-6.0,21600,0.0019506008402287167,0.022905418352317297,4360694.650219674,-458327.4764384654,0.0,-0.11675066432979841
77,1278,9.572997,46.66667,-6.0833282,21600,0.1396324975411556,-0.09636713554201452,4360023.469108121,-464668.9756583009,0.0,-0.2282542390673281
147,1296,9.572997,46.75,-6.25,43200,0.1249949286335038,0.04075822125309117,4351950.96357759,-476616.1460837916,0.0,0.10878574331076829
252,1323,9.572997,46.75,-6.0,43200,0.09089451149276845,0.042457239573039686,4353989.159796485,-457622.70099545474,0.0,0.093814064953181
182,1305,9.572997,46.75,-6.1666565,86400,0.15287732791853453,-0.21973841303636785,4352639.653859386,-470285.21531356085,0.0,-0.17433021827810224
497,1386,9.572997,46.91667,-6.0833282,21600,-0.039105518274702294,-0.16446004007056753,4339881.045145775,-462522.2992525033,0.0,-0.11157800503486004
252,1323,9.572997,46.75,-6.0,64800,0.06251884959464409,-0.30243794970500987,4353989.159796485,-457622.70099545474,0.0,-0.3367072021014297
147,1296,9.572997,46.75,-6.25,64800,0.08248577171454884,-0.08087517893220487,4351950.96357759,-476616.1460837916,0.0,0.04691397220044702
427,1368,9.572997,46.91667,-6.25,43200,0.1181374635775405,0.03474193445253785,4338517.220887722,-475144.9119816816,0.0,0.18332082539244027
287,1332,9.572997,46.833336,-6.25,21600,0.029870711561661725,0.03835841379993105,4345238.723142079,-475881.0361998027,0.0,-0.1685785895528946
602,1413,9.572997,47.0,-6.1666565,43200,0.15934818635022396,-0.122947904361698,4332472.586781167,-468106.2447951276,0.0,-0.1054930653498036
112,1287,9.572997,46.66667,-6.0,64800,0.0790972632264917,0.0632942050454256,4360694.650219674,-458327.4764384654,0.0,0.23404589525105104
287,1332,9.572997,46.833336,-6.25,64800,0.17586617533866278,0.15621130591547666,4345238.723142079,-475881.0361998027,0.0,0.008143313703247954
42,1269,9.572997,46.66667,-6.1666565,21600,0.05466422482227851,-0.11304655905333519,4359343.065935845,-471009.49203812674,0.0,-0.13432937498072206
7,1260,9.572997,46.66667,-6.25,86400,0.057779241953881934,0.047012878525019425,4358653.3150161095,-477350.1729464703,0.0,-0.08770162799443099
602,1413,9.572997,47.0,-6.1666565,64800,0.015447746168750769,-0.03512534291084861,4332472.586781167,-468106.2447951276,0.0,0.08307561045808767
462,1377,9.572997,46.91667,-6.1666565,43200,0.07498742879148838,-0.023442648717275777,4339203.78529813,-468833.52373287774,0.0,0.0604296562799573
147,1296,9.572997,46.75,-6.25,86400,0.09644184287245945,0.12547352103599133,4351950.96357759,-476616.1460837916,0.0,-0.03658138336621009
462,1377,9.572997,46.91667,-6.1666565,21600,0.17623740951189665,0.02987097658877535,4339203.78529813,-468833.52373287774,0.0,0.1347684516877382
462,1377,9.572997,46.91667,-6.1666565,86400,0.14176195145164605,-0.04583095714912365,4339203.78529813,-468833.52373287774,0.0,0.1187642814561232
567,1404,9.572997,47.0,-6.25,43200,0.04639241711503357,-0.1712833911234516,4331787.087405169,-474407.8424903363,0.0,-0.028430576145128814
392,1359,9.572997,46.833336,-6.0,21600,0.09792182490943799,0.08906429260550523,4347273.775744883,-456916.88569019584,0.0,-0.187459466825954
532,1395,9.572997,46.91667,-6.0,21600,0.06410087966383189,-0.034459895744521934,4340549.125536747,-456210.0964726406,0.0,0.18553795573221618
252,1323,9.572997,46.75,-6.0,21600,0.1129022522747701,-0.07926055669445976,4353989.159796485,-457622.70099545474,0.0,0.18593873302601738
357,1350,9.572997,46.833336,-6.0833282,21600,0.08261697970184048,0.0746281295140537,4346604.66032198,-463238.8677294356,0.0,0.2298507858955885
182,1305,9.572997,46.75,-6.1666565,64800,0.17058675391536002,-0.006696774574048929,4352639.653859386,-470285.21531356085,0.0,-0.09690692013779842
672,1431,9.572997,47.0,-6.0,43200,0.18137700358299952,-0.12168506034606102,4333815.840058059,-455502.3996515776,0.0,0.05745784067846675
112,1287,9.572997,46.66667,-6.0,86400,-0.019321269338899466,-0.028580132321546856,4360694.650219674,-458327.4764384654,0.0,-0.1495454741858542
532,1395,9.572997,46.91667,-6.0,86400,0.05147046165049558,0.03307405242046903,4340549.125536747,-456210.0964726406,0.0,-0.054531016087915926
497,1386,9.572997,46.91667,-6.0833282,43200,-0.00840255153218579,0.10259748708211552,4339881.045145775,-462522.2992525033,0.0,-0.18928627329062536
217,1314,9.572997,46.75,-6.0833282,64800,0.19283821289336983,-0.12402625013292488,4353319.010767862,-463954.4488188505,0.0,-0.06941269157895999
357,1350,9.572997,46.833336,-6.0833282,43200,0.09272080843967,-0.045829730308810754,4346604.66032198,-463238.8677294356,0.0,0.12162039521754449
427,1368,9.572997,46.91667,-6.25,21600,-0.033749169672240314,-0.11813478504409636,4338517.220887722,-475144.9119816816,0.0,-0.31132168152861867
322,1341,9.572997,46.833336,-6.1666565,64800,-0.026236860515669883,-0.04737157019668363,4345926.351221016,-469559.8699535443,0.0,-0.28458534525310025
217,1314,9.572997,46.75,-6.0833282,86400,0.057414568883935625,-0.1727653672120451,4353319.010767862,-463954.4488188505,0.0,0.08526538602614717
637,1422,9.572997,47.0,-6.0833282,64800,0.11681712890372178,0.04944057225852745,4333148.796028124,-461804.81061430223,0.0,-0.0038040788791716615
392,1359,9.572997,46.833336,-6.0,43200,0.03571008120099214,-0.22965273324246716,4347273.775744883,-456916.88569019584,0.0,0.22138018470564233
532,1395,9.572997,46.91667,-6.0,43200,0.04682541691912491,-0.14545866496382673,4340549.125536747,-456210.0964726406,0.0,-0.02775878317670151
252,1323,9.572997,46.75,-6.0,86400,0.04911027332208012,-0.18172516236605565,4353989.159796485,-457622.70099545474,0.0,0.06461373614139411
77,1278,9.572997,46.66667,-6.0833282,64800,0.13563257864336944,-0.33981305294546577,4360023.469108121,-464668.9756583009,0.0,-0.13753808598173742
7,1260,9.572997,46.66667,-6.25,64800,0.1620432259096792,-0.07015441163113936,4358653.3150161095,-477350.1729464703,0.0,-0.17462188061491257
637,1422,9.572997,47.0,-6.0833282,43200,0.024140102319305072,0.005481640570772092,4333148.796028124,-461804.81061430223,0.0,0.2178073148228237
42,1269,9.572997,46.66667,-6.1666565,64800,0.25200280959468957,-0.14717005282523904,4359343.065935845,-471009.49203812674,0.0,0.1613400218433416
287,1332,9.572997,46.833336,-6.25,86400,0.10492956314104115,-0.14433832401428878,4345238.723142079,-475881.0361998027,0.0,-0.0055384157671572645
567,1404,9.572997,47.0,-6.25,21600,-0.11750004728714487,0.10381152774100863,4331787.087405169,-474407.8424903363,0.0,-0.03974863303274472
217,1314,9.572997,46.75,-6.0833282,21600,0.01179987513229143,-0.14691269463740952,4353319.010767862,-463954.4488188505,0.0,-0.13069492918963882
497,1386,9.572997,46.91667,-6.0833282,86400,0.10595910295422736,-0.17999450371354636,4339881.045145775,-462522.2992525033,0.0,-0.0972801508897806
322,1341,9.572997,46.833336,-6.1666565,21600,0.04304811196318463,-0.03829812516281113,4345926.351221016,-469559.8699535443,0.0,0.04191131203427644
183,1485,11.405,46.75,-6.1666565,64800,0.15952145611394403,-0.012327685913005107,4352639.653859386,-470285.21531356085,0.0,-0.09314044245899532
533,1575,11.405,46.91667,-6.0,43200,0.04967418034581298,-0.137368555615226,4340549.125536747,-456210.0964726406,0.0,-0.012825825264622295
218,1494,11.405,46.75,-6.0833282,43200,0.06892464910428502,-0.006438894623074051,4353319.010767862,-463954.4488188505,0.0,0.19463328848483086
288,1512,11.405,46.833336,-6.25,21600,0.031817279962748066,0.032648598733139064,4345238.723142079,-475881.0361998027,0.0,-0.15624540950753166
568,1584,11.405,47.0,-6.25,64800,0.07451402569410148,0.026417101678975728,4331787.087405169,-474407.8424903363,0.0,0.1721668903864499
148,1476,11.405,46.75,-6.25,21600,0.10272879284903966,-0.25108403964833775,4351950.96357759,-476616.1460837916,0.0,0.25498499837492716
533,1575,11.405,46.91667,-6.0,86400,0.05318097504480117,0.01789425396781953,4340549.125536747,-456210.0964726406,0.0,-0.05056322746574827
43,1449,11.405,46.66667,-6.1666565,43200,0.08323623786212,0.1267231164937737,4359343.065935845,-471009.49203812674,0.0,-0.001694326005803469
568,1584,11.405,47.0,-6.25,21600,-0.1002272043266098,0.08555593600811298,4331787.087405169,-474407.8424903363,0.0,-0.027872105350509917
8,1440,11.405,46.66667,-6.25,21600,-0.08971442531949464,0.08018925533833451,4358653.3150161095,-477350.1729464703,0.0,-0.051478115134932105
603,1593,11.405,47.0,-6.1666565,64800,0.021760340959002304,-0.03697066676259373,4332472.586781167,-468106.2447951276,0.0,0.07075719011397676
428,1548,11.405,46.91667,-6.25,21600,-0.023111773764455695,-0.11279077862365257,4338517.220887722,-475144.9119816816,0.0,-0.2840283195431551
218,1494,11.405,46.75,-6.0833282,86400,0.06149976174662579,-0.15239788920207886,4353319.010767862,-463954.4488188505,0.0,0.07916727959621281
148,1476,11.405,46.75,-6.25,43200,0.11586995956102983,0.034278804150825966,4351950.96357759,-476616.1460837916,0.0,0.0973150112708571
113,1467,11.405,46.66667,-6.0,43200,0.0701087959924915,-0.17581358482326942,4360694.650219674,-458327.4764384654,0.0,0.1432324948244332
358,1530,11.405,46.833336,-6.0833282,86400,0.0001850004310506026,-0.07869935612241546,4346604.66032198,-463238.8677294356,0.0,0.041541760036825505
638,1602,11.405,47.0,-6.0833282,43200,0.028684080066063294,-0.0014260877223269339,4333148.796028124,-461804.81061430223,0.0,0.1900541265341204
673,1611,11.405,47.0,-6.0,86400,0.11167415894971258,-0.36290699686601186,4333815.840058059,-455502.3996515776,0.0,-0.058632243565336105
113,1467,11.405,46.66667,-6.0,21600,0.013223508398336192,0.014062116311021687,4360694.650219674,-458327.4764384654,0.0,-0.10650268228692723
498,1566,11.405,46.91667,-6.0833282,86400,0.10366822977027665,-0.1653380415902206,4339881.045145775,-462522.2992525033,0.0,-0.08704460530124576
498,1566,11.405,46.91667,-6.0833282,64800,0.0693948066304403,-0.18949745420866793,4339881.045145775,-462522.2992525033,0.0,-0.07581186910609237
8,1440,11.405,46.66667,-6.25,43200,0.005090571476766864,-0.21471547755398077,4358653.3150161095,-477350.1729464703,0.0,0.08209877362185447
148,1476,11.405,46.75,-6.25,64800,0.08094223998974436,-0.06845636710421929,4351950.96357759,-476616.1460837916,0.0,0.046833471421534045
113,1467,11.405,46.66667,-6.0,64800,0.07888410131199933,0.04609670251850156,4360694.650219674,-458327.4764384654,0.0,0.20836601645553707
603,1593,11.405,47.0,-6.1666565,43200,0.14944784077869108,-0.11906292519181765,4332472.586781167,-468106.2447951276,0.0,-0.0884114949423581
673,1611,11.405,47.0,-6.0,21600,-0.029176776155858564,0.07765751261414208,4333815.840058059,-455502.3996515776,0.0,-0.21396825250438248
183,1485,11.405,46.75,-6.1666565,43200,0.0007778122688251454,-0.13666257076864344,4352639.653859386,-470285.21531356085,0.0,0.001571021688411979
603,1593,11.405,47.0,-6.1666565,86400,0.09668221373416605,0.0924797208132297,4332472.586781167,-468106.2447951276,0.0,0.12720003920043974
673,1611,11.405,47.0,-6.0,43200,0.16731225828230523,-0.11291328918413454,4333815.840058059,-455502.3996515776,0.0,0.05287007362619702
463,1557,11.405,46.91667,-6.1666565,64800,0.04953268746138581,-0.10977510138793492,4339203.78529813,-468833.52373287774,0.0,-0.017896438849552075
463,1557,11.405,46.91667,-6.1666565,21600,0.16647659445024496,0.022126072018931825,4339203.78529813,-468833.52373287774,0.0,0.1229514819821868
568,1584,11.405,47.0,-6.25,43200,0.04842714934375206,-0.15885114804823885,4331787.087405169,-474407.8424903363,0.0,-0.03298440195244204
148,1476,11.405,46.75,-6.25,86400,0.09008874365012859,0.11436046629137608,4351950.96357759,-476616.1460837916,0.0,-0.030701381209186383
393,1539,11.405,46.833336,-6.0,21600,0.09204807261974401,0.0693510674149776,4347273.775744883,-456916.88569019584,0.0,-0.16753886207064664
218,1494,11.405,46.75,-6.0833282,64800,0.1800124147703842,-0.11932868383398168,4353319.010767862,-463954.4488188505,0.0,-0.06431238766456625
498,1566,11.405,46.91667,-6.0833282,21600,-0.027133713447762567,-0.15453880342934742,4339881.045145775,-462522.2992525033,0.0,-0.09438971716785349
78,1458,11.405,46.66667,-6.0833282,21600,0.1276859278457032,-0.09239029926528969,4360023.469108121,-464668.9756583009,0.0,-0.19833385816206922
428,1548,11.405,46.91667,-6.25,43200,0.11397958542536865,0.024095019351587872,4338517.220887722,-475144.9119816816,0.0,0.1572148385272208
568,1584,11.405,47.0,-6.25,86400,0.09639087441702174,-0.12771442370330652,4331787.087405169,-474407.8424903363,0.0,0.04563880665853547
288,1512,11.405,46.833336,-6.25,64800,0.16273403764936845,0.13738710283166544,4345238.723142079,-475881.0361998027,0.0,0.0006464676844968904
43,1449,11.405,46.66667,-6.1666565,21600,0.05677004602864948,-0.1054520238363903,4359343.065935845,-471009.49203812674,0.0,-0.12867839670541892
113,1467,11.405,46.66667,-6.0,86400,-0.0122394216427517,-0.02452134183996807,4360694.650219674,-458327.4764384654,0.0,-0.14937343685821144
673,1611,11.405,47.0,-6.0,64800,0.09926149510783588,-0.09630323609282668,4333815.840058059,-455502.3996515776,0.0,0.03233468509044043
638,1602,11.405,47.0,-6.0833282,86400,0.04788918949795168,-0.18760190468816043,4333148.796028124,-461804.81061430223,0.0,-0.09637234023902741
218,1494,11.405,46.75,-6.0833282,21600,0.01762994293869615,-0.13538660730412316,4353319.010767862,-463954.4488188505,0.0,-0.11751148259190698
183,1485,11.405,46.75,-6.1666565,21600,0.08485765280758177,0.11896429782661258,4352639.653859386,-470285.21531356085,0.0,0.041046853236156526
323,1521,11.405,46.833336,-6.1666565,43200,0.08360772678488732,-0.15652038020330747,4345926.351221016,-469559.8699535443,0.0,-0.32890449957405193
288,1512,11.405,46.833336,-6.25,86400,0.10078376299124354,-0.1344349423248964,4345238.723142079,-475881.0361998027,0.0,-0.01148006888861545
43,1449,11.405,46.66667,-6.1666565,64800,0.23766820303854314,-0.14472045962816207,4359343.065935845,-471009.49203812674,0.0,0.15193192494480076
393,1539,11.405,46.833336,-6.0,86400,0.07855538666532116,-0.3954712420017258,4347273.775744883,-456916.88569019584,0.0,0.2422662982654158
393,1539,11.405,46.833336,-6.0,43200,0.03914069996800561,-0.2092812341091954,4347273.775744883,-456916.88569019584,0.0,0.1961216399679207
358,1530,11.405,46.833336,-6.0833282,64800,0.016521310954485287,-0.05345915628651589,4346604.66032198,-463238.8677294356,0.0,0.02510772656038708
603,1593,11.405,47.0,-6.1666565,21600,0.11274819044750353,0.05074884897912208,4332472.586781167,-468106.2447951276,0.0,0.13212928760210907
183,1485,11.405,46.75,-6.1666565,86400,0.1436706501700895,-0.20533403703534964,4352639.653859386,-470285.21531356085,0.0,-0.16648621600744645
358,1530,11.405,46.833336,-6.0833282,43200,0.09260647905960198,-0.04778843784467759,4346604.66032198,-463238.8677294356,0.0,0.11347481623510328
323,1521,11.405,46.833336,-6.1666565,64800,-0.018238177309282344,-0.051241817412713046,4345926.351221016,-469559.8699535443,0.0,-0.2616352599033849
358,1530,11.405,46.833336,-6.0833282,21600,0.08253014057593228,0.06287263805682135,4346604.66032198,-463238.8677294356,0.0,0.20366254277004578
8,1440,11.405,46.66667,-6.25,86400,0.058933035326172785,0.033506721408962825,4358653.3150161095,-477350.1729464703,0.0,-0.08189304945485282
323,1521,11.405,46.833336,-6.1666565,86400,0.09870100577164405,-0.17093542905237194,4345926.351221016,-469559.8699535443,0.0,-0.062133223251967185
428,1548,11.405,46.91667,-6.25,86400,-0.024019650449794344,0.062430117074218174,4338517.220887722,-475144.9119816816,0.0,-0.10797172405233087
78,1458,11.405,46.66667,-6.0833282,64800,0.12794573061849418,-0.31234924293386834,4360023.469108121,-464668.9756583009,0.0,-0.13436997425954858
428,1548,11.405,46.91667,-6.25,64800,0.13844755579183388,-0.11214824015985844,4338517.220887722,-475144.9119816816,0.0,-0.16815574671229525
638,1602,11.405,47.0,-6.0833282,64800,0.11098431593757171,0.0370377360665873,4333148.796028124,-461804.81061430223,0.0,-0.005780578968674608
253,1503,11.405,46.75,-6.0,86400,0.05135419383956476,-0.17479167042307078,4353989.159796485,-457622.70099545474,0.0,0.0507571372466296
498,1566,11.405,46.91667,-6.0833282,43200,0.0023140445008951044,0.0861547453017874,4339881.045145775,-462522.2992525033,0.0,-0.1639811577787779
533,1575,11.405,46.91667,-6.0,64800,0.07923461614009347,0.03669489866744753,4340549.125536747,-456210.0964726406,0.0,-0.12041079225404643
43,1449,11.405,46.66667,-6.1666565,86400,0.019615050893024885,-0.057784300644844425,4359343.065935845,-471009.49203812674,0.0,-0.16012496298263457
463,1557,11.405,46.91667,-6.1666565,43200,0.07585719203266458,-0.029964752342420468,4339203.78529813,-468833.52373287774,0.0,0.0492163687333599
253,1503,11.405,46.75,-6.0,64800,0.06077030907616934,-0.27764089515713564,4353989.159796485,-457622.70099545474,0.0,-0.3059214366459693
463,1557,11.405,46.91667,-6.1666565,86400,0.14017267790920912,-0.053786240670630425,4339203.78529813,-468833.52373287774,0.0,0.10298024151123682
253,1503,11.405,46.75,-6.0,43200,0.08818394705396539,0.02588316918274123,4353989.159796485,-457622.70099545474,0.0,0.0848989764162941
323,1521,11.405,46.833336,-6.1666565,21600,0.044669823907726336,-0.035956074646489714,4345926.351221016,-469559.8699535443,0.0,0.03982866651580857
533,1575,11.405,46.91667,-6.0,21600,0.0638368810049355,-0.03549322564696149,4340549.125536747,-456210.0964726406,0.0,0.17302028661200136
8,1440,11.405,46.66667,-6.25,64800,0.14995510728219114,-0.06688196644514952,4358653.3150161095,-477350.1729464703,0.0,-0.15685788573049742
638,1602,11.405,47.0,-6.0833282,21600,0.05262412764668456,0.041771086684472096,4333148.796028124,-461804.81061430223,0.0,0.14561478001935907
393,1539,11.405,46.833336,-6.0,64800,0.046305369730509936,-0.1607586470567543,4347273.775744883,-456916.88569019584,0.0,0.08934582414648941
78,1458,11.405,46.66667,-6.0833282,43200,-0.04624701694828727,0.02241435493996742,4360023.469108121,-464668.9756583009,0.0,-0.21194479039156783
253,1503,11.405,46.75,-6.0,21600,0.10772219868858687,-0.07543814264377785,4353989.159796485,-457622.70099545474,0.0,0.1723705174102455
288,1512,11.405,46.833336,-6.25,43200,0.12122036758140162,-0.3084669229849546,4345238.723142079,-475881.0361998027,0.0,0.13025998573634864
78,1458,11.405,46.66667,-6.0833282,86400,-0.014198286972535237,0.11970499731339762,4360023.469108121,-464668.9756583009,0.0,-0.1228450052543155
674,1791,13.46714,47.0,-6.0,43200,0.15409396937364306,-0.10394139552307771,4333815.840058059,-455502.3996515776,0.0,0.0473337971330704
79,1638,13.46714,46.66667,-6.0833282,64800,0.1203462612422669,-0.28525036434584516,4360023.469108121,-464668.9756583009,0.0,-0.126593950149098
184,1665,13.46714,46.75,-6.1666565,86400,0.1347135255227725,-0.19054764358422743,4352639.653859386,-470285.21531356085,0.0,-0.1547761748425615
114,1647,13.46714,46.66667,-6.0,43200,0.07214361107716821,-0.16471594065624312,4360694.650219674,-458327.4764384654,0.0,0.12401584474291533
79,1638,13.46714,46.66667,-6.0833282,43200,-0.03253904405701724,0.010152480098989988,4360023.469108121,-464668.9756583009,0.0,-0.18857503208642123
44,1629,13.46714,46.66667,-6.1666565,64800,0.22107657276352932,-0.13861662219160553,4359343.065935845,-471009.49203812674,0.0,0.13902026635290005
534,1755,13.46714,46.91667,-6.0,64800,0.0790142566315071,0.02592313401617427,4340549.125536747,-456210.0964726406,0.0,-0.10061003649591739
114,1647,13.46714,46.66667,-6.0,64800,0.07801086146701298,0.02979391136218241,4360694.650219674,-458327.4764384654,0.0,0.18350946991310213
604,1773,13.46714,47.0,-6.1666565,64800,0.02764358520386799,-0.038132670914858544,4332472.586781167,-468106.2447951276,0.0,0.05879804647592171
674,1791,13.46714,47.0,-6.0,86400,0.10793236683452379,-0.3232713670410436,4333815.840058059,-455502.3996515776,0.0,-0.04455940581780048
9,1620,13.46714,46.66667,-6.25,64800,0.13910916714735197,-0.06653422217751975,4358653.3150161095,-477350.1729464703,0.0,-0.13750162680268982
324,1701,13.46714,46.833336,-6.1666565,64800,-0.009880517086762963,-0.05255980203647582,4345926.351221016,-469559.8699535443,0.0,-0.23627272428318824
149,1656,13.46714,46.75,-6.25,43200,0.10775765925030606,0.026203609294786476,4351950.96357759,-476616.1460837916,0.0,0.08378614530200446
79,1638,13.46714,46.66667,-6.0833282,86400,-0.007194226336136714,0.09820856440132826,4360023.469108121,-464668.9756583009,0.0,-0.10735487088661705
394,1719,13.46714,46.833336,-6.0,64800,0.049836929720954215,-0.14969267588598137,4347273.775744883,-456916.88569019584,0.0,0.08166978358228634
289,1692,13.46714,46.833336,-6.25,43200,0.11637382944743367,-0.28196873963080477,4345238.723142079,-475881.0361998027,0.0,0.111697841240458
324,1701,13.46714,46.833336,-6.1666565,86400,0.09504860925119392,-0.15944419576184793,4345926.351221016,-469559.8699535443,0.0,-0.051598818857699236
254,1683,13.46714,46.75,-6.0,64800,0.0594404331094103,-0.2526268475316435,4353989.159796485,-457622.70099545474,0.0,-0.2719164909135427
114,1647,13.46714,46.66667,-6.0,86400,-0.005589042545781561,-0.02262801752649301,4360694.650219674,-458327.4764384654,0.0,-0.142764155497592
674,1791,13.46714,47.0,-6.0,64800,0.09523496653877078,-0.08660915499054488,4333815.840058059,-455502.3996515776,0.0,0.02144771582017212
429,1728,13.46714,46.91667,-6.25,43200,0.10953988834674452,0.014760175516903631,4338517.220887722,-475144.9119816816,0.0,0.13255417295509722
289,1692,13.46714,46.833336,-6.25,64800,0.15047434427123652,0.11873599932799173,4345238.723142079,-475881.0361998027,0.0,-0.0034946032570841623
324,1701,13.46714,46.833336,-6.1666565,43200,0.08319471774584575,-0.14389060019899264,4345926.351221016,-469559.8699535443,0.0,-0.29171109618927904
289,1692,13.46714,46.833336,-6.25,86400,0.09548527557424086,-0.12268917353367653,4345238.723142079,-475881.0361998027,0.0,-0.015183749162137017
394,1719,13.46714,46.833336,-6.0,43200,0.041714476612440196,-0.1888482094951049,4347273.775744883,-456916.88569019584,0.0,0.17177263843563367
359,1710,13.46714,46.833336,-6.0833282,64800,0.02176792914921777,-0.05309805506846703,4346604.66032198,-463238.8677294356,0.0,0.025897743624668575
569,1764,13.46714,47.0,-6.25,64800,0.0730469976264645,0.020043186541332823,4331787.087405169,-474407.8424903363,0.0,0.15716053707357963
359,1710,13.46714,46.833336,-6.0833282,43200,0.0912673100305599,-0.05046674153665796,4346604.66032198,-463238.8677294356,0.0,0.10221297839216718
9,1620,13.46714,46.66667,-6.25,86400,0.0598128319168781,0.020815925299358592,4358653.3150161095,-477350.1729464703,0.0,-0.07581154965778164
254,1683,13.46714,46.75,-6.0,43200,0.0861959738358702,0.011686199745750053,4353989.159796485,-457622.70099545474,0.0,0.07756276126440174
464,1737,13.46714,46.91667,-6.1666565,43200,0.0761570130792931,-0.035011583454104614,4339203.78529813,-468833.52373287774,0.0,0.040424971491975575
639,1782,13.46714,47.0,-6.0833282,64800,0.10538413146627636,0.02266736795889094,4333148.796028124,-461804.81061430223,0.0,-0.006426800504628378
359,1710,13.46714,46.833336,-6.0833282,86400,0.009112773798410252,-0.07882658185165889,4346604.66032198,-463238.8677294356,0.0,0.03879839610624452
44,1629,13.46714,46.66667,-6.1666565,86400,0.022673121615485597,-0.05295031629632639,4359343.065935845,-471009.49203812674,0.0,-0.14204544762732163
499,1746,13.46714,46.91667,-6.0833282,64800,0.06850244008050312,-0.17392709699507453,4339881.045145775,-462522.2992525033,0.0,-0.06370397891129896
219,1674,13.46714,46.75,-6.0833282,86400,0.06474177029142636,-0.13476616128821386,4353319.010767862,-463954.4488188505,0.0,0.07040500224416288
604,1773,13.46714,47.0,-6.1666565,43200,0.13888057612000743,-0.11385796414744105,4332472.586781167,-468106.2447951276,0.0,-0.07335694613561732
149,1656,13.46714,46.75,-6.25,64800,0.07867558212496092,-0.06139451522547147,4351950.96357759,-476616.1460837916,0.0,0.04396213315876521
149,1656,13.46714,46.75,-6.25,86400,0.08498100419318003,0.10039786937638073,4351950.96357759,-476616.1460837916,0.0,-0.02886383250970993
639,1782,13.46714,47.0,-6.0833282,43200,0.032209330773957594,-0.008659503487379573,4333148.796028124,-461804.81061430223,0.0,0.16685160347481653
184,1665,13.46714,46.75,-6.1666565,43200,0.007532598552401751,-0.12919368315434399,4352639.653859386,-470285.21531356085,0.0,0.00014561334008831613
569,1764,13.46714,47.0,-6.25,43200,0.050523839804769245,-0.14463213062720967,4331787.087405169,-474407.8424903363,0.0,-0.0345377871474721
219,1674,13.46714,46.75,-6.0833282,43200,0.06854144262350949,-0.007201647880531799,4353319.010767862,-463954.4488188505,0.0,0.17792034213716676
534,1755,13.46714,46.91667,-6.0,43200,0.052311206242469585,-0.13061129260954504,4340549.125536747,-456210.0964726406,0.0,-0.001992951549413519
429,1728,13.46714,46.91667,-6.25,64800,0.12842837883265126,-0.10533385593257524,4338517.220887722,-475144.9119816816,0.0,-0.1543611534866046
254,1683,13.46714,46.75,-6.0,86400,0.05308813014553504,-0.1659861152777587,4353989.159796485,-457622.70099545474,0.0,0.043166665442928916
499,1746,13.46714,46.91667,-6.0833282,43200,0.01157921220913806,0.0709830611932239,4339881.045145775,-462522.2992525033,0.0,-0.1447131521133042
219,1674,13.46714,46.75,-6.0833282,64800,0.16789432471542884,-0.1150878755338845,4353319.010767862,-463954.4488188505,0.0,-0.05726894661444987
464,1737,13.46714,46.91667,-6.1666565,64800,0.05551781724747017,-0.10548438538692034,4339203.78529813,-468833.52373287774,0.0,-0.01563376372684312
184,1665,13.46714,46.75,-6.1666565,64800,0.14960387317981616,-0.01827461772573763,4352639.653859386,-470285.21531356085,0.0,-0.08924615665987215
639,1782,13.46714,47.0,-6.0833282,86400,0.054147443488460484,-0.17952350064992703,4333148.796028124,-461804.81061430223,0.0,-0.08413607928514821
394,1719,13.46714,46.833336,-6.0,86400,0.07603159623501818,-0.358476634543806,4347273.775744883,-456916.88569019584,0.0,0.21765039745781936
674,1791,13.46714,47.0,-6.0,21600,-0.01873010478548913,0.06051849974892281,4333815.840058059,-455502.3996515776,0.0,-0.18666259929337276
604,1773,13.46714,47.0,-6.1666565,86400,0.09242880413346917,0.0779444330957074,4332472.586781167,-468106.2447951276,0.0,0.10677708032529278
79,1638,13.46714,46.66667,-6.0833282,21600,0.11726903996645685,-0.09022385915409287,4360023.469108121,-464668.9756583009,0.0,-0.1726759420776231
429,1728,13.46714,46.91667,-6.25,21600,-0.013104696497303642,-0.1069200924966312,4338517.220887722,-475144.9119816816,0.0,-0.25585423905939497
499,1746,13.46714,46.91667,-6.0833282,86400,0.10062725923559458,-0.15128210934462877,4339881.045145775,-462522.2992525033,0.0,-0.07647914979819778
394,1719,13.46714,46.833336,-6.0,21600,0.08800709555010677,0.05113824820414223,4347273.775744883,-456916.88569019584,0.0,-0.14873459685411236
114,1647,13.46714,46.66667,-6.0,21600,0.02272986936516435,0.005871298957976799,4360694.650219674,-458327.4764384654,0.0,-0.09835070519846592
359,1710,13.46714,46.833336,-6.0833282,21600,0.08229366344577728,0.05059711054680298,4346604.66032198,-463238.8677294356,0.0,0.17919363333688829
324,1701,13.46714,46.833336,-6.1666565,21600,0.04833564080186954,-0.03697307125330642,4345926.351221016,-469559.8699535443,0.0,0.037290928226195334
289,1692,13.46714,46.833336,-6.25,21600,0.03519689702056654,0.025247430015165606,4345238.723142079,-475881.0361998027,0.0,-0.14261177449371762
149,1656,13.46714,46.75,-6.25,21600,0.09827560947627059,-0.2301797067456349,4351950.96357759,-476616.1460837916,0.0,0.22491595045981472
534,1755,13.46714,46.91667,-6.0,86400,0.05402369518507213,0.004976620014876927,4340549.125536747,-456210.0964726406,0.0,-0.04461864431899749
9,1620,13.46714,46.66667,-6.25,43200,0.013231617465349274,-0.1992303123232379,4358653.3150161095,-477350.1729464703,0.0,0.07512438712955435
254,1683,13.46714,46.75,-6.0,21600,0.10282608924682604,-0.07045091044407185,4353989.159796485,-457622.70099545474,0.0,0.15713137949398795
219,1674,13.46714,46.75,-6.0833282,21600,0.02313218731682954,-0.12483461884394884,4353319.010767862,-463954.4488188505,0.0,-0.10319869138451124
569,1764,13.46714,47.0,-6.25,86400,0.09381209162385354,-0.1234840023083281,4331787.087405169,-474407.8424903363,0.0,0.046701501450049476
184,1665,13.46714,46.75,-6.1666565,21600,0.08132416747390027,0.09978491202619424,4352639.653859386,-470285.21531356085,0.0,0.039026445006751
464,1737,13.46714,46.91667,-6.1666565,21600,0.1557070047923898,0.01477202108840197,4339203.78529813,-468833.52373287774,0.0,0.10926739831632701
499,1746,13.46714,46.91667,-6.0833282,21600,-0.01558438573081547,-0.14368593462519114,4339881.045145775,-462522.2992525033,0.0,-0.07791936785778444
44,1629,13.46714,46.66667,-6.1666565,43200,0.08125925945279369,0.1077645186762701,4359343.065935845,-471009.49203812674,0.0,-0.006059506267907944
604,1773,13.46714,47.0,-6.1666565,21600,0.10803861069369057,0.036362477900969144,4332472.586781167,-468106.2447951276,0.0,0.11539405680668462
569,1764,13.46714,47.0,-6.25,21600,-0.08258288740824599,0.06855712451673768,4331787.087405169,-474407.8424903363,0.0,-0.019878877103956482
44,1629,13.46714,46.66667,-6.1666565,21600,0.05911985695432216,-0.09905887575970508,4359343.065935845,-471009.49203812674,0.0,-0.12004931610387139
9,1620,13.46714,46.66667,-6.25,21600,-0.07138819657838645,0.05727155081812281,4358653.3150161095,-477350.1729464703,0.0,-0.048949102031775577
464,1737,13.46714,46.91667,-6.1666565,86400,0.1371799476616263,-0.05913839624990523,4339203.78529813,-468833.52373287774,0.0,0.08834730853433694
534,1755,13.46714,46.91667,-6.0,21600,0.06219262065926069,-0.036546440995625,4340549.125536747,-456210.0964726406,0.0,0.16034084603578516
639,1782,13.46714,47.0,-6.0833282,21600,0.053483641336190504,0.03716698894653737,4333148.796028124,-461804.81061430223,0.0,0.12817352077984248
429,1728,13.46714,46.91667,-6.25,86400,-0.011557546502911159,0.046298318778974376,4338517.220887722,-475144.9119816816,0.0,-0.0948772097980529
500,1926,15.81007,46.91667,-6.0833282,43200,0.020020648357559158,0.056388604909448595,4339881.045145775,-462522.2992525033,0.0,-0.12820536729194168
535,1935,15.81007,46.91667,-6.0,86400,0.05454781117819149,-0.006538413534916687,4340549.125536747,-456210.0964726406,0.0,-0.03776859164137339
430,1908,15.81007,46.91667,-6.25,86400,-0.00027916724530245574,0.030788418884708874,4338517.220887722,-475144.9119816816,0.0,-0.08252300691887662
150,1836,15.81007,46.75,-6.25,86400,0.08071827192548162,0.08480282019764554,4351950.96357759,-476616.1460837916,0.0,-0.02867800423995925
150,1836,15.81007,46.75,-6.25,64800,0.07621444154524985,-0.05725075518656555,4351950.96357759,-476616.1460837916,0.0,0.03977767333024481
290,1872,15.81007,46.833336,-6.25,86400,0.08979336054054306,-0.11056925482140943,4345238.723142079,-475881.0361998027,0.0,-0.017530414898130328
325,1881,15.81007,46.833336,-6.1666565,21600,0.052875799652565614,-0.03958648453442154,4345926.351221016,-469559.8699535443,0.0,0.034579134781490106
185,1845,15.81007,46.75,-6.1666565,64800,0.14020254629070097,-0.024182502294040197,4352639.653859386,-470285.21531356085,0.0,-0.08493845250700913
220,1854,15.81007,46.75,-6.0833282,64800,0.15616145041289548,-0.11097997534006741,4353319.010767862,-463954.4488188505,0.0,-0.04904545701411817
395,1899,15.81007,46.833336,-6.0,43200,0.044038223707903675,-0.16887561288028263,4347273.775744883,-456916.88569019584,0.0,0.14827246089751484
115,1827,15.81007,46.66667,-6.0,64800,0.07683718266259736,0.014438571421116514,4360694.650219674,-458327.4764384654,0.0,0.15956191038436335
10,1800,15.81007,46.66667,-6.25,43200,0.020953804714667887,-0.18277259595461154,4358653.3150161095,-477350.1729464703,0.0,0.06689679372941904
255,1863,15.81007,46.75,-6.0,21600,0.09820419089926705,-0.06539476175467102,4353989.159796485,-457622.70099545474,0.0,0.14110614105589311
360,1890,15.81007,46.833336,-6.0833282,43200,0.08932635241777036,-0.053223587236837566,4346604.66032198,-463238.8677294356,0.0,0.08966204772753755
255,1863,15.81007,46.75,-6.0,64800,0.058476881957308276,-0.2276055876675791,4353989.159796485,-457622.70099545474,0.0,-0.23670206189690726
360,1890,15.81007,46.833336,-6.0833282,86400,0.017893434036721757,-0.07897232365606807,4346604.66032198,-463238.8677294356,0.0,0.03584936476395688
115,1827,15.81007,46.66667,-6.0,86400,0.0010737973641247456,-0.02210476126778596,4360694.650219674,-458327.4764384654,0.0,-0.13263592860413734
290,1872,15.81007,46.833336,-6.25,64800,0.1388498895705762,0.10005667525518361,4345238.723142079,-475881.0361998027,0.0,-0.005742562853905121
220,1854,15.81007,46.75,-6.0833282,21600,0.02837478510291057,-0.11467748385857457,4353319.010767862,-463954.4488188505,0.0,-0.08851611634920278
325,1881,15.81007,46.833336,-6.1666565,64800,-0.0012400867950566746,-0.052932560616309444,4345926.351221016,-469559.8699535443,0.0,-0.20964045628744987
605,1953,15.81007,47.0,-6.1666565,21600,0.10357994122427272,0.021777139698258834,4332472.586781167,-468106.2447951276,0.0,0.09959504800104108
185,1845,15.81007,46.75,-6.1666565,43200,0.014951853805632673,-0.12362173888226088,4352639.653859386,-470285.21531356085,0.0,-0.00035574815317394626
80,1818,15.81007,46.66667,-6.0833282,64800,0.1128838122984748,-0.2583524281127706,4360023.469108121,-464668.9756583009,0.0,-0.11637889709116737
185,1845,15.81007,46.75,-6.1666565,86400,0.12593459610753902,-0.1756494264675819,4352639.653859386,-470285.21531356085,0.0,-0.14072863064678168
360,1890,15.81007,46.833336,-6.0833282,21600,0.08194975723485437,0.03813662785117668,4346604.66032198,-463238.8677294356,0.0,0.155848405483332
325,1881,15.81007,46.833336,-6.1666565,86400,0.09180930265666984,-0.14806153294835167,4345926.351221016,-469559.8699535443,0.0,-0.042220775812564636
255,1863,15.81007,46.75,-6.0,86400,0.054648720903701,-0.15614310415042537,4353989.159796485,-457622.70099545474,0.0,0.03849511470662913
500,1926,15.81007,46.91667,-6.0833282,21600,-0.004370993571956527,-0.13245383896911084,4339881.045145775,-462522.2992525033,0.0,-0.062492618901429875
535,1935,15.81007,46.91667,-6.0,43200,0.05484143408876717,-0.12423626835531625,4340549.125536747,-456210.0964726406,0.0,0.006334414480056388
570,1944,15.81007,47.0,-6.25,43200,0.05267489427019162,-0.1298613775839439,4331787.087405169,-474407.8424903363,0.0,-0.03424301929160532
465,1917,15.81007,46.91667,-6.1666565,21600,0.14464826096410097,0.007224249260989052,4339203.78529813,-468833.52373287774,0.0,0.09483445056460375
465,1917,15.81007,46.91667,-6.1666565,86400,0.13324992874493524,-0.06282655596346322,4339203.78529813,-468833.52373287774,0.0,0.07444316860624778
605,1953,15.81007,47.0,-6.1666565,43200,0.12818173478447248,-0.10800662680671086,4332472.586781167,-468106.2447951276,0.0,-0.059802080311647805
255,1863,15.81007,46.75,-6.0,43200,0.0845115043936465,-0.001051005120517201,4353989.159796485,-457622.70099545474,0.0,0.07065644285135318
220,1854,15.81007,46.75,-6.0833282,86400,0.06749694302539355,-0.11897929932039752,4353319.010767862,-463954.4488188505,0.0,0.06051876536790915
640,1962,15.81007,47.0,-6.0833282,43200,0.03545060210463406,-0.015991946855269147,4333148.796028124,-461804.81061430223,0.0,0.145836657887526
640,1962,15.81007,47.0,-6.0833282,21600,0.05426179991473689,0.03073930431057955,4333148.796028124,-461804.81061430223,0.0,0.11165568122038805
290,1872,15.81007,46.833336,-6.25,43200,0.1120624772002875,-0.25663278697147,4345238.723142079,-475881.0361998027,0.0,0.09381320629630191
675,1971,15.81007,47.0,-6.0,21600,-0.007678800147413234,0.0441945687226311,4333815.840058059,-455502.3996515776,0.0,-0.15943249626708095
430,1908,15.81007,46.91667,-6.25,21600,-0.003361648196694156,-0.10084285056859592,4338517.220887722,-475144.9119816816,0.0,-0.22740121488000545
360,1890,15.81007,46.833336,-6.0833282,64800,0.027841018466986382,-0.05348028786012682,4346604.66032198,-463238.8677294356,0.0,0.025973236877017105
535,1935,15.81007,46.91667,-6.0,21600,0.060096195616965414,-0.03776470617157685,4340549.125536747,-456210.0964726406,0.0,0.14711054031002044
500,1926,15.81007,46.91667,-6.0833282,86400,0.09716539916717246,-0.13779160608082083,4339881.045145775,-462522.2992525033,0.0,-0.06577067877948856
675,1971,15.81007,47.0,-6.0,43200,0.14151934976057476,-0.09534042119543581,4333815.840058059,-455502.3996515776,0.0,0.04125659562196636
395,1899,15.81007,46.833336,-6.0,21600,0.08482097625059598,0.03409862640140544,4347273.775744883,-456916.88569019584,0.0,-0.13037227354047703
430,1908,15.81007,46.91667,-6.25,43200,0.10495055780231449,0.006155794395535992,4338517.220887722,-475144.9119816816,0.0,0.10955532856042713
10,1800,15.81007,46.66667,-6.25,64800,0.1290540088668794,-0.06745546541039152,4358653.3150161095,-477350.1729464703,0.0,-0.11767881403216573
45,1809,15.81007,46.66667,-6.1666565,64800,0.20349140641792265,-0.13069199107729704,4359343.065935845,-471009.49203812674,0.0,0.124460526205557
220,1854,15.81007,46.75,-6.0833282,43200,0.06781051870883378,-0.009501935017055665,4353319.010767862,-463954.4488188505,0.0,0.16096616338337683
465,1917,15.81007,46.91667,-6.1666565,43200,0.07618457471322108,-0.03922595608035326,4339203.78529813,-468833.52373287774,0.0,0.03310406944829338
570,1944,15.81007,47.0,-6.25,21600,-0.06472212354636749,0.05233869063247223,4331787.087405169,-474407.8424903363,0.0,-0.01401699249290375
185,1845,15.81007,46.75,-6.1666565,21600,0.07788963759377913,0.07916495015668262,4352639.653859386,-470285.21531356085,0.0,0.03591735890152851
290,1872,15.81007,46.833336,-6.25,21600,0.039208694444426824,0.01701093693734381,4345238.723142079,-475881.0361998027,0.0,-0.12834793588578916
325,1881,15.81007,46.833336,-6.1666565,43200,0.08290083301731782,-0.1321504367168192,4345926.351221016,-469559.8699535443,0.0,-0.2542358553602729
640,1962,15.81007,47.0,-6.0833282,64800,0.1001107726732098,0.007790292991518476,4333148.796028124,-461804.81061430223,0.0,-0.006300822825288103
45,1809,15.81007,46.66667,-6.1666565,21600,0.06140384376335805,-0.09319582083066212,4359343.065935845,-471009.49203812674,0.0,-0.10965384125331996
150,1836,15.81007,46.75,-6.25,21600,0.09327762143776075,-0.2091931717029791,4351950.96357759,-476616.1460837916,0.0,0.19568908169940558
430,1908,15.81007,46.91667,-6.25,64800,0.11947050949383939,-0.09984836025926633,4338517.220887722,-475144.9119816816,0.0,-0.1401318062011069
605,1953,15.81007,47.0,-6.1666565,64800,0.033196000859981006,-0.03899549492982057,4332472.586781167,-468106.2447951276,0.0,0.04748269460473591
465,1917,15.81007,46.91667,-6.1666565,64800,0.060135302470308606,-0.10094740437209587,4339203.78529813,-468833.52373287774,0.0,-0.013209383729560462
570,1944,15.81007,47.0,-6.25,64800,0.0715949098117918,0.012902174775134452,4331787.087405169,-474407.8424903363,0.0,0.1416904087727657
675,1971,15.81007,47.0,-6.0,86400,0.10427194089412664,-0.2853572184668744,4333815.840058059,-455502.3996515776,0.0,-0.03195252963088325
115,1827,15.81007,46.66667,-6.0,21600,0.03115903178108511,-0.0020052499294735057,4360694.650219674,-458327.4764384654,0.0,-0.09084694438717629
605,1953,15.81007,47.0,-6.1666565,86400,0.08933150004226083,0.06322399031514492,4332472.586781167,-468106.2447951276,0.0,0.08881814569692864
80,1818,15.81007,46.66667,-6.0833282,21600,0.10788803285581182,-0.08873610631888842,4360023.469108121,-464668.9756583009,0.0,-0.149274545802352
500,1926,15.81007,46.91667,-6.0833282,64800,0.06741655767564954,-0.15746511829942622,4339881.045145775,-462522.2992525033,0.0,-0.0522214436214836
45,1809,15.81007,46.66667,-6.1666565,43200,0.07886895797190747,0.08812126733903167,4359343.065935845,-471009.49203812674,0.0,-0.011249533156540864
115,1827,15.81007,46.66667,-6.0,43200,0.07376327506144874,-0.15335153365045595,4360694.650219674,-458327.4764384654,0.0,0.10648592741729855
45,1809,15.81007,46.66667,-6.1666565,86400,0.026272141257268657,-0.04970336167992099,4359343.065935845,-471009.49203812674,0.0,-0.12399529070485985
80,1818,15.81007,46.66667,-6.0833282,86400,-0.00018352441977340095,0.07731817125592827,4360023.469108121,-464668.9756583009,0.0,-0.09151031457057779
10,1800,15.81007,46.66667,-6.25,86400,0.060600921324170144,0.008796599722063356,4358653.3150161095,-477350.1729464703,0.0,-0.06930932859538937
535,1935,15.81007,46.91667,-6.0,64800,0.07858880655416062,0.014538549721681962,4340549.125536747,-456210.0964726406,0.0,-0.08302830779390373
80,1818,15.81007,46.66667,-6.0833282,43200,-0.019151242917302774,-0.00031360698569331963,4360023.469108121,-464668.9756583009,0.0,-0.16609565114022626
675,1971,15.81007,47.0,-6.0,64800,0.09166712514029962,-0.07838776793030003,4333815.840058059,-455502.3996515776,0.0,0.0126423260582606
150,1836,15.81007,46.75,-6.25,43200,0.10050154245203834,0.017262229969107847,4351950.96357759,-476616.1460837916,0.0,0.06985811990378225
570,1944,15.81007,47.0,-6.25,86400,0.0912973433457855,-0.11884717821290758,4331787.087405169,-474407.8424903363,0.0,0.04768629066011809
395,1899,15.81007,46.833336,-6.0,64800,0.05267414846616729,-0.13861302468521286,4347273.775744883,-456916.88569019584,0.0,0.0734059815780799
10,1800,15.81007,46.66667,-6.25,21600,-0.05276676382648807,0.035210353368841,4358653.3150161095,-477350.1729464703,0.0,-0.045923796093229614
395,1899,15.81007,46.833336,-6.0,86400,0.07442144384550828,-0.3214646950232738,4347273.775744883,-456916.88569019584,0.0,0.1921293472978126
640,1962,15.81007,47.0,-6.0833282,86400,0.05912641722924778,-0.1701882088124245,4333148.796028124,-461804.81061430223,0.0,-0.07266293152837323
256,2043,18.49556,46.75,-6.0,43200,0.08290494998929196,-0.012711523802302074,4353989.159796485,-457622.70099545474,0.0,0.06361665885778171
221,2034,18.49556,46.75,-6.0833282,86400,0.06992201488245994,-0.10470799109238302,4353319.010767862,-463954.4488188505,0.0,0.05037205740088803
606,2133,18.49556,47.0,-6.1666565,86400,0.086772396030346,0.048459215448590415,4332472.586781167,-468106.2447951276,0.0,0.07265580254679194
11,1980,18.49556,46.66667,-6.25,21600,-0.03430616283531611,0.014485508163940904,4358653.3150161095,-477350.1729464703,0.0,-0.04248256673343039
641,2142,18.49556,47.0,-6.0833282,43200,0.03878881992653409,-0.023183975854173977,4333148.796028124,-461804.81061430223,0.0,0.12586169366390237
361,2070,18.49556,46.833336,-6.0833282,43200,0.08713140128909944,-0.05571971908281609,4346604.66032198,-463238.8677294356,0.0,0.07689597786882936
676,2151,18.49556,47.0,-6.0,21600,0.00353604380303843,0.02847562038524644,4333815.840058059,-455502.3996515776,0.0,-0.13271680729215415
431,2088,18.49556,46.91667,-6.25,21600,0.006248874760206996,-0.09477254176178826,4338517.220887722,-475144.9119816816,0.0,-0.19907112873101365
431,2088,18.49556,46.91667,-6.25,43200,0.10029271765005598,-0.0020488884368998414,4338517.220887722,-475144.9119816816,0.0,0.08837305957104599
46,1989,18.49556,46.66667,-6.1666565,43200,0.0764908364511352,0.06830733308154344,4359343.065935845,-471009.49203812674,0.0,-0.016323020338261576
81,1998,18.49556,46.66667,-6.0833282,21600,0.09934612574884688,-0.08731630825571556,4360023.469108121,-464668.9756583009,0.0,-0.12722511742571715
151,2016,18.49556,46.75,-6.25,43200,0.0940558750457809,0.00788754982573573,4351950.96357759,-476616.1460837916,0.0,0.05639642223373237
396,2079,18.49556,46.833336,-6.0,21600,0.0820397325829154,0.01811867645455531,4347273.775744883,-456916.88569019584,0.0,-0.11226833736109929
116,2007,18.49556,46.66667,-6.0,43200,0.07498087923568966,-0.14187685133670475,4360694.650219674,-458327.4764384654,0.0,0.09019122776772742
501,2106,18.49556,46.91667,-6.0833282,86400,0.09350052968845707,-0.12496881843611898,4339881.045145775,-462522.2992525033,0.0,-0.05514638896635676
606,2133,18.49556,47.0,-6.1666565,21600,0.09926394291510666,0.0077286943734338615,4332472.586781167,-468106.2447951276,0.0,0.08455451799841332
536,2115,18.49556,46.91667,-6.0,64800,0.07809450243806028,0.0031065394095444246,4340549.125536747,-456210.0964726406,0.0,-0.06688820508361926
11,1980,18.49556,46.66667,-6.25,64800,0.11958103128569364,-0.06874573719116231,4358653.3150161095,-477350.1729464703,0.0,-0.0981574230800554
396,2079,18.49556,46.833336,-6.0,86400,0.07330317011332795,-0.28496924281391994,4347273.775744883,-456916.88569019584,0.0,0.16649424626187367
606,2133,18.49556,47.0,-6.1666565,43200,0.11774928751783373,-0.1018694273370272,4332472.586781167,-468106.2447951276,0.0,-0.04755119513234669
571,2124,18.49556,47.0,-6.25,64800,0.07034085690521444,0.005246382760351567,4331787.087405169,-474407.8424903363,0.0,0.12598021483703484
466,2097,18.49556,46.91667,-6.1666565,21600,0.133759079818207,-0.0006553016200428613,4339203.78529813,-468833.52373287774,0.0,0.08034253669233143
536,2115,18.49556,46.91667,-6.0,21600,0.05807072964175254,-0.039207967299609014,4340549.125536747,-456210.0964726406,0.0,0.13310614840850823
11,1980,18.49556,46.66667,-6.25,86400,0.06142142488485128,-0.002588718228210503,4358653.3150161095,-477350.1729464703,0.0,-0.06233387628565857
291,2052,18.49556,46.833336,-6.25,43200,0.10783561505103706,-0.231780091918133,4345238.723142079,-475881.0361998027,0.0,0.07682416830022552
81,1998,18.49556,46.66667,-6.0833282,43200,-0.006152442785198109,-0.009708691982260938,4360023.469108121,-464668.9756583009,0.0,-0.1440490029187856
641,2142,18.49556,47.0,-6.0833282,21600,0.05526293880070629,0.022959668324728094,4333148.796028124,-461804.81061430223,0.0,0.09568611322452962
641,2142,18.49556,47.0,-6.0833282,64800,0.095190999542178,-0.006666717994020757,4333148.796028124,-461804.81061430223,0.0,-0.005672940046507953
571,2124,18.49556,47.0,-6.25,21600,-0.046826199492394624,0.03663729848640433,4331787.087405169,-474407.8424903363,0.0,-0.009368607038729491
466,2097,18.49556,46.91667,-6.1666565,86400,0.1286098965707104,-0.065357171104694,4339203.78529813,-468833.52373287774,0.0,0.06122568450011917
466,2097,18.49556,46.91667,-6.1666565,43200,0.07606683320217204,-0.042843049810635234,4339203.78529813,-468833.52373287774,0.0,0.026732107279268044
46,1989,18.49556,46.66667,-6.1666565,21600,0.06347206286951435,-0.08764216983070194,4359343.065935845,-471009.49203812674,0.0,-0.09816032092947843
501,2106,18.49556,46.91667,-6.0833282,43200,0.027921193445053887,0.04203991792592912,4339881.045145775,-462522.2992525033,0.0,-0.11280877904481584
291,2052,18.49556,46.833336,-6.25,86400,0.08420712510524825,-0.09893137540041327,4345238.723142079,-475881.0361998027,0.0,-0.018919759431006693
676,2151,18.49556,47.0,-6.0,86400,0.10059476887554833,-0.24907815751557824,4333815.840058059,-455502.3996515776,0.0,-0.020467983640788938
326,2061,18.49556,46.833336,-6.1666565,86400,0.08876911124223866,-0.13678468338202338,4345926.351221016,-469559.8699535443,0.0,-0.03355889220714282
256,2043,18.49556,46.75,-6.0,86400,0.05620193045007562,-0.14567560594476942,4353989.159796485,-457622.70099545474,0.0,0.0349929691586562
501,2106,18.49556,46.91667,-6.0833282,21600,0.0065056195027436425,-0.12121992431857329,4339881.045145775,-462522.2992525033,0.0,-0.04833724137484822
606,2133,18.49556,47.0,-6.1666565,64800,0.03844106660593726,-0.039765052674773996,4332472.586781167,-468106.2447951276,0.0,0.03700993960089883
676,2151,18.49556,47.0,-6.0,64800,0.08841590108349896,-0.07145029751638667,4333815.840058059,-455502.3996515776,0.0,0.005506463052319645
431,2088,18.49556,46.91667,-6.25,86400,0.010271768756859513,0.016004132210636547,4338517.220887722,-475144.9119816816,0.0,-0.07084434070738732
536,2115,18.49556,46.91667,-6.0,43200,0.057317749057441865,-0.11779128226329917,4340549.125536747,-456210.0964726406,0.0,0.012950047718202426
571,2124,18.49556,47.0,-6.25,43200,0.05486279545228327,-0.11534826029444864,4331787.087405169,-474407.8424903363,0.0,-0.0327621167036959
396,2079,18.49556,46.833336,-6.0,43200,0.046423451125777226,-0.14978680443318165,4347273.775744883,-456916.88569019584,0.0,0.125654240821211
641,2142,18.49556,47.0,-6.0833282,86400,0.06323651007974056,-0.15973384229868945,4333148.796028124,-461804.81061430223,0.0,-0.0616710249490289
676,2151,18.49556,47.0,-6.0,43200,0.12957247599636657,-0.08741107761199648,4333815.840058059,-455502.3996515776,0.0,0.03494821392479308
46,1989,18.49556,46.66667,-6.1666565,64800,0.18568881324194028,-0.12196487608952347,4359343.065935845,-471009.49203812674,0.0,0.10924033723259263
291,2052,18.49556,46.833336,-6.25,21600,0.04340860654090853,0.008393263499323025,4345238.723142079,-475881.0361998027,0.0,-0.11384549307760038
326,2061,18.49556,46.833336,-6.1666565,43200,0.08256942070220541,-0.12086006996980825,4345926.351221016,-469559.8699535443,0.0,-0.217257486087084
466,2097,18.49556,46.91667,-6.1666565,64800,0.0639030638267725,-0.09642551510718292,4339203.78529813,-468833.52373287774,0.0,-0.010664258304915172
186,2025,18.49556,46.75,-6.1666565,64800,0.13103775526009945,-0.029894150722967586,4352639.653859386,-470285.21531356085,0.0,-0.08003467288571649
186,2025,18.49556,46.75,-6.1666565,86400,0.11736322595291512,-0.16080183386898528,4352639.653859386,-470285.21531356085,0.0,-0.12527884423457472
536,2115,18.49556,46.91667,-6.0,86400,0.055057837584973617,-0.016987426405360842,4340549.125536747,-456210.0964726406,0.0,-0.03066459231553963
186,2025,18.49556,46.75,-6.1666565,43200,0.022565822503238867,-0.11862783366751534,4352639.653859386,-470285.21531356085,0.0,-0.00036325221879921345
221,2034,18.49556,46.75,-6.0833282,64800,0.14469528515121116,-0.10675488414939087,4353319.010767862,-463954.4488188505,0.0,-0.04018608257665051
151,2016,18.49556,46.75,-6.25,21600,0.08830102945104439,-0.18823857942764294,4351950.96357759,-476616.1460837916,0.0,0.16735726419938443
11,1980,18.49556,46.66667,-6.25,43200,0.02842894582660839,-0.1659860296896553,4358653.3150161095,-477350.1729464703,0.0,0.05815684983022789
151,2016,18.49556,46.75,-6.25,86400,0.07707536837203532,0.06829570478033606,4351950.96357759,-476616.1460837916,0.0,-0.028861649883472
256,2043,18.49556,46.75,-6.0,21600,0.09387460198172536,-0.060895258503982815,4353989.159796485,-457622.70099545474,0.0,0.1248225621002395
256,2043,18.49556,46.75,-6.0,64800,0.057843118772090946,-0.20285801621193103,4353989.159796485,-457622.70099545474,0.0,-0.20156938370299787
116,2007,18.49556,46.66667,-6.0,86400,0.007948227066179606,-0.0225603770355522,4360694.650219674,-458327.4764384654,0.0,-0.12060699048212768
361,2070,18.49556,46.833336,-6.0833282,86400,0.026418104398008964,-0.07877674826827899,4346604.66032198,-463238.8677294356,0.0,0.032717870337842445
396,2079,18.49556,46.833336,-6.0,64800,0.055088457977815544,-0.1277330102951954,4347273.775744883,-456916.88569019584,0.0,0.0647512123697173
291,2052,18.49556,46.833336,-6.25,64800,0.12779886271619334,0.08125349640203453,4345238.723142079,-475881.0361998027,0.0,-0.006897732369410536
221,2034,18.49556,46.75,-6.0833282,21600,0.03338246398608035,-0.10473790569817723,4353319.010767862,-463954.4488188505,0.0,-0.0740106190463631
571,2124,18.49556,47.0,-6.25,86400,0.0888216940581111,-0.11354092763767037,4331787.087405169,-474407.8424903363,0.0,0.04810452401275236
326,2061,18.49556,46.833336,-6.1666565,64800,0.007584784544914028,-0.053152647535932296,4345926.351221016,-469559.8699535443,0.0,-0.1824656122277478
186,2025,18.49556,46.75,-6.1666565,21600,0.07473847010201376,0.058304639374892185,4352639.653859386,-470285.21531356085,0.0,0.03213104192307882
361,2070,18.49556,46.833336,-6.0833282,64800,0.03414070933100776,-0.05419873696077267,4346604.66032198,-463238.8677294356,0.0,0.02546895095854895
81,1998,18.49556,46.66667,-6.0833282,86400,0.006887268659544518,0.05706048638737416,4360023.469108121,-464668.9756583009,0.0,-0.07602164523388792
151,2016,18.49556,46.75,-6.25,64800,0.07384100669291466,-0.05471973158577344,4351950.96357759,-476616.1460837916,0.0,0.03506133897140268
431,2088,18.49556,46.91667,-6.25,64800,0.11107065224250105,-0.09476294498126805,4338517.220887722,-475144.9119816816,0.0,-0.12528782790624074
326,2061,18.49556,46.833336,-6.1666565,21600,0.05758003165239024,-0.04285183572916577,4345926.351221016,-469559.8699535443,0.0,0.031776387939604744
361,2070,18.49556,46.833336,-6.0833282,21600,0.08149865149986027,0.025734062038443507,4346604.66032198,-463238.8677294356,0.0,0.13342937484360315
501,2106,18.49556,46.91667,-6.0833282,64800,0.06638955464603935,-0.1410950637415639,4339881.045145775,-462522.2992525033,0.0,-0.041541832462159645
116,2007,18.49556,46.66667,-6.0,21600,0.038803188688821995,-0.009687194162388509,4360694.650219674,-458327.4764384654,0.0,-0.08322266057385248
116,2007,18.49556,46.66667,-6.0,64800,0.07559751708011943,0.00013261902082353783,4360694.650219674,-458327.4764384654,0.0,0.13667174021894582
46,1989,18.49556,46.66667,-6.1666565,86400,0.030212041471896593,-0.04730909700334808,4359343.065935845,-471009.49203812674,0.0,-0.10626194831743419
221,2034,18.49556,46.75,-6.0833282,43200,0.06701082080317126,-0.012690559249237468,4353319.010767862,-463954.4488188505,0.0,0.1436479959354879
81,1998,18.49556,46.66667,-6.0833282,64800,0.10562626823157072,-0.23167376011211582,4360023.469108121,-464668.9756583009,0.0,-0.10487247832344473
47,2169,21.59882,46.66667,-6.1666565,86400,0.03439912718902429,-0.045499744041216914,4359343.065935845,-471009.49203812674,0.0,-0.08911643854377645
397,2259,21.59882,46.833336,-6.0,64800,0.057205769680347816,-0.11722424567598633,4347273.775744883,-456916.88569019584,0.0,0.055879922960232954
397,2259,21.59882,46.833336,-6.0,21600,0.07950060609045312,0.0032542348763051343,4347273.775744883,-456916.88569019584,0.0,-0.09451983745885259
152,2196,21.59882,46.75,-6.25,64800,0.07171000477703159,-0.05317460717742938,4351950.96357759,-476616.1460837916,0.0,0.03020799904156025
572,2304,21.59882,47.0,-6.25,21600,-0.02912590984582321,0.021393224688240176,4331787.087405169,-474407.8424903363,0.0,-0.005530980972225253
432,2268,21.59882,46.91667,-6.25,43200,0.09564209501103901,-0.009989105017139337,4338517.220887722,-475144.9119816816,0.0,0.06920130181246528
537,2295,21.59882,46.91667,-6.0,21600,0.05641481995108032,-0.04088596308709666,4340549.125536747,-456210.0964726406,0.0,0.11827345444993505
257,2223,21.59882,46.75,-6.0,64800,0.05753255513748158,-0.17874430500646152,4353989.159796485,-457622.70099545474,0.0,-0.16744534814748174
677,2331,21.59882,47.0,-6.0,43200,0.1183593317337936,-0.08033951032400155,4333815.840058059,-455502.3996515776,0.0,0.02866376553380757
82,2178,21.59882,46.66667,-6.0833282,86400,0.014035345610028574,0.03764338832135256,4360023.469108121,-464668.9756583009,0.0,-0.06136879515860166
117,2187,21.59882,46.66667,-6.0,86400,0.015081575325266411,-0.023830018583871605,4360694.650219674,-458327.4764384654,0.0,-0.10753797811604772
362,2250,21.59882,46.833336,-6.0833282,21600,0.0809261581158295,0.013591650529240322,4346604.66032198,-463238.8677294356,0.0,0.11200520135087302
292,2232,21.59882,46.833336,-6.25,86400,0.07905950423310436,-0.0882921934141718,4345238.723142079,-475881.0361998027,0.0,-0.019498448314771412
502,2286,21.59882,46.91667,-6.0833282,64800,0.0655466284824164,-0.12544242723219873,4339881.045145775,-462522.2992525033,0.0,-0.03187038364411773
222,2214,21.59882,46.75,-6.0833282,21600,0.03814613142193405,-0.09507321642015579,4353319.010767862,-463954.4488188505,0.0,-0.06010686972350611
397,2259,21.59882,46.833336,-6.0,43200,0.04899988743971147,-0.13195721639595678,4347273.775744883,-456916.88569019584,0.0,0.10407983248189798
677,2331,21.59882,47.0,-6.0,64800,0.08546360828932814,-0.06574963332450309,4333815.840058059,-455502.3996515776,0.0,-0.00011088321527337
12,2160,21.59882,46.66667,-6.25,21600,-0.016383222647722795,-0.0044296418347053515,4358653.3150161095,-477350.1729464703,0.0,-0.03864774715358221
572,2304,21.59882,47.0,-6.25,86400,0.08640246300271423,-0.1075280495612764,4331787.087405169,-474407.8424903363,0.0,0.047612259782082215
502,2286,21.59882,46.91667,-6.0833282,86400,0.08978493520710087,-0.11299088588437846,4339881.045145775,-462522.2992525033,0.0,-0.044857116354960515
362,2250,21.59882,46.833336,-6.0833282,43200,0.08486734921907223,-0.05778673233651243,4346604.66032198,-463238.8677294356,0.0,0.06453593320404041
327,2241,21.59882,46.833336,-6.1666565,64800,0.016464801738626085,-0.05354831840006907,4345926.351221016,-469559.8699535443,0.0,-0.15530579754011892
187,2205,21.59882,46.75,-6.1666565,21600,0.0720105730059342,0.03800365437412779,4352639.653859386,-470285.21531356085,0.0,0.0279059337120583
47,2169,21.59882,46.66667,-6.1666565,64800,0.16818564901365468,-0.11299140768201996,4359343.065935845,-471009.49203812674,0.0,0.0939175349300383
12,2160,21.59882,46.66667,-6.25,64800,0.11065514732135379,-0.06993096519567292,4358653.3150161095,-477350.1729464703,0.0,-0.07951123426984977
607,2313,21.59882,47.0,-6.1666565,21600,0.09507935633936691,-0.005337883077364172,4332472.586781167,-468106.2447951276,0.0,0.07035007341280043
327,2241,21.59882,46.833336,-6.1666565,43200,0.0821230381459342,-0.1099323789500303,4345926.351221016,-469559.8699535443,0.0,-0.18150200995141444
292,2232,21.59882,46.833336,-6.25,64800,0.11738607680445638,0.06237187331076462,4345238.723142079,-475881.0361998027,0.0,-0.007360673398608745
12,2160,21.59882,46.66667,-6.25,86400,0.06233857568765695,-0.013272714739283938,4358653.3150161095,-477350.1729464703,0.0,-0.05491385811095138
257,2223,21.59882,46.75,-6.0,21600,0.0898744506810005,-0.05728556425876877,4353989.159796485,-457622.70099545474,0.0,0.10862329074142765
537,2295,21.59882,46.91667,-6.0,64800,0.07756716574340983,-0.007973067316466971,4340549.125536747,-456210.0964726406,0.0,-0.05197701436504402
222,2214,21.59882,46.75,-6.0833282,86400,0.07204982710240349,-0.09194590986176909,4353319.010767862,-463954.4488188505,0.0,0.040467753340204395
607,2313,21.59882,47.0,-6.1666565,43200,0.10789605460954467,-0.09565831343084748,4332472.586781167,-468106.2447951276,0.0,-0.0366121274654106
607,2313,21.59882,47.0,-6.1666565,86400,0.08447354041350179,0.03379166446976971,4332472.586781167,-468106.2447951276,0.0,0.05809272252967836
152,2196,21.59882,46.75,-6.25,86400,0.07395777763067425,0.05135255097002997,4351950.96357759,-476616.1460837916,0.0,-0.028767218319971453
467,2277,21.59882,46.91667,-6.1666565,64800,0.06702054070932298,-0.09203633149882685,4339203.78529813,-468833.52373287774,0.0,-0.008019388986465122
292,2232,21.59882,46.833336,-6.25,21600,0.04755281930313686,-0.0003544483236224902,4345238.723142079,-475881.0361998027,0.0,-0.09935668096818512
572,2304,21.59882,47.0,-6.25,64800,0.06939719485522446,-0.002722326625300621,4331787.087405169,-474407.8424903363,0.0,0.11021368410904121
572,2304,21.59882,47.0,-6.25,43200,0.05706073285904034,-0.1016632473256629,4331787.087405169,-474407.8424903363,0.0,-0.03044953788673071
327,2241,21.59882,46.833336,-6.1666565,21600,0.062022808389785355,-0.04628121982759019,4345926.351221016,-469559.8699535443,0.0,0.028885827212665888
642,2322,21.59882,47.0,-6.0833282,86400,0.06662634288470351,-0.1483123759782311,4333148.796028124,-461804.81061430223,0.0,-0.05115674589646658
467,2277,21.59882,46.91667,-6.1666565,21600,0.12334856433010712,-0.008789490325822547,4339203.78529813,-468833.52373287774,0.0,0.066261420889831
537,2295,21.59882,46.91667,-6.0,43200,0.05974860501926788,-0.1111102796528814,4340549.125536747,-456210.0964726406,0.0,0.018146089710375207
117,2187,21.59882,46.66667,-6.0,64800,0.07443609855999948,-0.012955002720892568,4360694.650219674,-458327.4764384654,0.0,0.11505945420595907
47,2169,21.59882,46.66667,-6.1666565,21600,0.06525811275083472,-0.08239617231123028,4359343.065935845,-471009.49203812674,0.0,-0.08597519832420443
642,2322,21.59882,47.0,-6.0833282,64800,0.09064996637130293,-0.020091379239519806,4333148.796028124,-461804.81061430223,0.0,-0.004673872352557124
642,2322,21.59882,47.0,-6.0833282,43200,0.04238031673534744,-0.030007946964781925,4333148.796028124,-461804.81061430223,0.0,0.10653990295835696
432,2268,21.59882,46.91667,-6.25,64800,0.10307533221344597,-0.0896959591470432,4338517.220887722,-475144.9119816816,0.0,-0.10983959241394987
502,2286,21.59882,46.91667,-6.0833282,21600,0.01696072857634219,-0.11027802075595773,4339881.045145775,-462522.2992525033,0.0,-0.03566781881544436
607,2313,21.59882,47.0,-6.1666565,64800,0.043358870551520184,-0.0405530574498696,4332472.586781167,-468106.2447951276,0.0,0.027556464470979227
432,2268,21.59882,46.91667,-6.25,21600,0.01570635701313087,-0.08885822910280936,4338517.220887722,-475144.9119816816,0.0,-0.17122187852918158
257,2223,21.59882,46.75,-6.0,86400,0.057816689193178145,-0.13482789253970368,4353989.159796485,-457622.70099545474,0.0,0.03182440759678677
502,2286,21.59882,46.91667,-6.0833282,43200,0.035344991395902706,0.0278680560014455,4339881.045145775,-462522.2992525033,0.0,-0.097841244042747
537,2295,21.59882,46.91667,-6.0,86400,0.055717868962396465,-0.026414606776669312,4340549.125536747,-456210.0964726406,0.0,-0.023720529988985332
82,2178,21.59882,46.66667,-6.0833282,64800,0.09867516225256279,-0.20541529405541958,4360023.469108121,-464668.9756583009,0.0,-0.09267711513720636
467,2277,21.59882,46.91667,-6.1666565,43200,0.07584829108513602,-0.045898627286934814,4339203.78529813,-468833.52373287774,0.0,0.02108165509988736
222,2214,21.59882,46.75,-6.0833282,64800,0.13351972825895275,-0.1022658982039953,4353319.010767862,-463954.4488188505,0.0,-0.031120655668019633
467,2277,21.59882,46.91667,-6.1666565,86400,0.12337567172922503,-0.06696394362105339,4339203.78529813,-468833.52373287774,0.0,0.04884983486023027
152,2196,21.59882,46.75,-6.25,21600,0.08366230826353682,-0.1675823580315367,4351950.96357759,-476616.1460837916,0.0,0.14018465778457156
82,2178,21.59882,46.66667,-6.0833282,21600,0.09163503187160983,-0.08564564290436497,4360023.469108121,-464668.9756583009,0.0,-0.10628922409257471
117,2187,21.59882,46.66667,-6.0,21600,0.045724112585596985,-0.01716214127062892,4360694.650219674,-458327.4764384654,0.0,-0.07512981989290046
187,2205,21.59882,46.75,-6.1666565,64800,0.12205352805541814,-0.03531387211166895,4352639.653859386,-470285.21531356085,0.0,-0.07442577186884469
362,2250,21.59882,46.833336,-6.0833282,64800,0.04031620623262143,-0.05506773710911377,4346604.66032198,-463238.8677294356,0.0,0.024422849709693262
187,2205,21.59882,46.75,-6.1666565,86400,0.1090938578655252,-0.14615793723957538,4352639.653859386,-470285.21531356085,0.0,-0.10903032826828266
222,2214,21.59882,46.75,-6.0833282,43200,0.06629924406741777,-0.01644300589212161,4353319.010767862,-463954.4488188505,0.0,0.12599144141155416
677,2331,21.59882,47.0,-6.0,21600,0.014602922415255917,0.013409320724983437,4333815.840058059,-455502.3996515776,0.0,-0.10704259743248987
82,2178,21.59882,46.66667,-6.0833282,43200,0.006304729257884653,-0.01830890421729499,4360023.469108121,-464668.9756583009,0.0,-0.12239315989182112
12,2160,21.59882,46.66667,-6.25,43200,0.03566253804651264,-0.14931775662108612,4358653.3150161095,-477350.1729464703,0.0,0.04932989307014419
257,2223,21.59882,46.75,-6.0,43200,0.08127813593537889,-0.023356230586599254,4353989.159796485,-457622.70099545474,0.0,0.056244029295271815
327,2241,21.59882,46.833336,-6.1666565,86400,0.08584621515548528,-0.12570719688335616,4345926.351221016,-469559.8699535443,0.0,-0.02549680818861537
152,2196,21.59882,46.75,-6.25,43200,0.08844149027783302,-0.0016302593198845652,4351950.96357759,-476616.1460837916,0.0,0.04388064729853069
117,2187,21.59882,46.66667,-6.0,43200,0.07578944396860607,-0.13042823999782058,4360694.650219674,-458327.4764384654,0.0,0.07504555129161755
187,2205,21.59882,46.75,-6.1666565,43200,0.030099428921053106,-0.1135730027816499,4352639.653859386,-470285.21531356085,0.0,-4.3593194688123866e-05
362,2250,21.59882,46.833336,-6.0833282,86400,0.03456125223926916,-0.0780866409219285,4346604.66032198,-463238.8677294356,0.0,0.029439319699362837
677,2331,21.59882,47.0,-6.0,86400,0.09686903438512362,-0.21467264698282812,4333815.840058059,-455502.3996515776,0.0,-0.01012988531346062
397,2259,21.59882,46.833336,-6.0,86400,0.07248826140764661,-0.24952037188612744,4347273.775744883,-456916.88569019584,0.0,0.14131746785091565
432,2268,21.59882,46.91667,-6.25,86400,0.020240043969574018,0.002097271049534437,4338517.220887722,-475144.9119816816,0.0,-0.05984678420806682
642,2322,21.59882,47.0,-6.0833282,21600,0.05662826262015353,0.01410000225586068,4333148.796028124,-461804.81061430223,0.0,0.0801800358280076
292,2232,21.59882,46.833336,-6.25,43200,0.10350147153501099,-0.2073089530134526,4345238.723142079,-475881.0361998027,0.0,0.06097312329085822
47,2169,21.59882,46.66667,-6.1666565,43200,0.07434421951706038,0.04871611973803745,4359343.065935845,-471009.49203812674,0.0,-0.02070635099678096
608,2493,25.21141,47.0,-6.1666565,64800,0.047907438857193146,-0.041425729768747234,4332472.586781167,-468106.2447951276,0.0,0.019294464275400956
223,2394,25.21141,46.75,-6.0833282,21600,0.04263588010484121,-0.08587910106472596,4353319.010767862,-463954.4488188505,0.0,-0.04716598226013803
83,2358,25.21141,46.66667,-6.0833282,86400,0.021236482125899243,0.01936780256529702,4360023.469108121,-464668.9756583009,0.0,-0.04791822616120963
503,2466,25.21141,46.91667,-6.0833282,64800,0.06495709819485962,-0.11094548479718024,4339881.045145775,-462522.2992525033,0.0,-0.023410242735719223
48,2349,25.21141,46.66667,-6.1666565,21600,0.0667378830174719,-0.07754108100819855,4359343.065935845,-471009.49203812674,0.0,-0.07342068914837611
118,2367,25.21141,46.66667,-6.0,64800,0.07343584154054578,-0.024606996864569824,4360694.650219674,-458327.4764384654,0.0,0.09499797225949944
433,2448,25.21141,46.91667,-6.25,43200,0.09109256764325165,-0.017662768733442913,4338517.220887722,-475144.9119816816,0.0,0.0522823750972343
573,2484,25.21141,47.0,-6.25,86400,0.08407193239637262,-0.10089758339826395,4331787.087405169,-474407.8424903363,0.0,0.046004444194477974
538,2475,25.21141,46.91667,-6.0,86400,0.05661351952052221,-0.03472378785135233,4340549.125536747,-456210.0964726406,0.0,-0.017229620783882363
258,2403,25.21141,46.75,-6.0,43200,0.07961277935670022,-0.032875567438556644,4353989.159796485,-457622.70099545474,0.0,0.04856323258513838
328,2421,25.21141,46.833336,-6.1666565,64800,0.02523531112226573,-0.05419751671884994,4345926.351221016,-469559.8699535443,0.0,-0.12869868145118468
608,2493,25.21141,47.0,-6.1666565,43200,0.09888415068572444,-0.08953170339026122,4332472.586781167,-468106.2447951276,0.0,-0.027091633110210827
153,2376,25.21141,46.75,-6.25,86400,0.07135370947049566,0.034372281480487196,4351950.96357759,-476616.1460837916,0.0,-0.028085284831325656
573,2484,25.21141,47.0,-6.25,21600,-0.011913706857816161,0.006724678476078785,4331787.087405169,-474407.8424903363,0.0,-0.00238608836684435
188,2385,25.21141,46.75,-6.1666565,86400,0.10126503568304543,-0.13191022029677496,4352639.653859386,-470285.21531356085,0.0,-0.09244914671407325
293,2412,25.21141,46.833336,-6.25,86400,0.07458141497780327,-0.07898587400542656,4345238.723142079,-475881.0361998027,0.0,-0.019309637193772267
13,2340,25.21141,46.66667,-6.25,86400,0.06336373807999951,-0.02310785204038885,4358653.3150161095,-477350.1729464703,0.0,-0.04715906836187571
328,2421,25.21141,46.833336,-6.1666565,21600,0.06594288429216004,-0.04961402380375349,4345926.351221016,-469559.8699535443,0.0,0.025891252994640044
188,2385,25.21141,46.75,-6.1666565,43200,0.0373587196381975,-0.10820402693934165,4352639.653859386,-470285.21531356085,0.0,0.0005381409298929683
223,2394,25.21141,46.75,-6.0833282,86400,0.07384339124661583,-0.08084599746506126,4353319.010767862,-463954.4488188505,0.0,0.031143704790009816
398,2439,25.21141,46.833336,-6.0,43200,0.051785668008868385,-0.11573244503801547,4347273.775744883,-456916.88569019584,0.0,0.08383042033725704
398,2439,25.21141,46.833336,-6.0,64800,0.059075557190725915,-0.10725289024088132,4347273.775744883,-456916.88569019584,0.0,0.04698933061384951
118,2367,25.21141,46.66667,-6.0,21600,0.05186524274674123,-0.024335180740560722,4360694.650219674,-458327.4764384654,0.0,-0.06647752938663927
538,2475,25.21141,46.91667,-6.0,21600,0.05531104768919257,-0.04277641481756829,4340549.125536747,-456210.0964726406,0.0,0.10272810420422952
153,2376,25.21141,46.75,-6.25,21600,0.07954624517461381,-0.14758994895092623,4351950.96357759,-476616.1460837916,0.0,0.1145808819052752
293,2412,25.21141,46.833336,-6.25,43200,0.09902571108625476,-0.18344681893667486,4345238.723142079,-475881.0361998027,0.0,0.04653525810231304
83,2358,25.21141,46.66667,-6.0833282,64800,0.09216907820536625,-0.1799440770057622,4360023.469108121,-464668.9756583009,0.0,-0.08015363206002507
538,2475,25.21141,46.91667,-6.0,43200,0.062107781415856954,-0.10419373997519238,4340549.125536747,-456210.0964726406,0.0,0.021935563323829045
503,2466,25.21141,46.91667,-6.0833282,21600,0.02684324902847212,-0.0998929105505653,4339881.045145775,-462522.2992525033,0.0,-0.02470547328281827
328,2421,25.21141,46.833336,-6.1666565,86400,0.08303798497221318,-0.11498630586792752,4345926.351221016,-469559.8699535443,0.0,-0.018113961347501924
258,2403,25.21141,46.75,-6.0,86400,0.05950608278647387,-0.12381490760602054,4353989.159796485,-457622.70099545474,0.0,0.02863390365291598
83,2358,25.21141,46.66667,-6.0833282,21600,0.08485189927362422,-0.08356939320824934,4360023.469108121,-464668.9756583009,0.0,-0.08660442804182836
643,2502,25.21141,47.0,-6.0833282,86400,0.06931512221422587,-0.13614123622165053,4333148.796028124,-461804.81061430223,0.0,-0.04124574727246701
538,2475,25.21141,46.91667,-6.0,64800,0.07700681437453284,-0.01838811309916208,4340549.125536747,-456210.0964726406,0.0,-0.03839907089585628
363,2430,25.21141,46.833336,-6.0833282,21600,0.08021710999634482,0.001905808138361935,4346604.66032198,-463238.8677294356,0.0,0.09181428961250022
398,2439,25.21141,46.833336,-6.0,86400,0.07190546309858287,-0.2156988174579479,4347273.775744883,-456916.88569019584,0.0,0.1170982831688225
503,2466,25.21141,46.91667,-6.0833282,43200,0.042229668404698925,0.013993523339492053,4339881.045145775,-462522.2992525033,0.0,-0.08315605393622116
48,2349,25.21141,46.66667,-6.1666565,43200,0.07254050650720048,0.029737700292901403,4359343.065935845,-471009.49203812674,0.0,-0.024020870665791144
223,2394,25.21141,46.75,-6.0833282,43200,0.06576861002335795,-0.020608693904798206,4353319.010767862,-463954.4488188505,0.0,0.10816605390202443
153,2376,25.21141,46.75,-6.25,43200,0.08370353135337585,-0.011047120301479932,4351950.96357759,-476616.1460837916,0.0,0.032620520526379
608,2493,25.21141,47.0,-6.1666565,86400,0.08233988653744598,0.019409471978542037,4332472.586781167,-468106.2447951276,0.0,0.04518247352504185
468,2457,25.21141,46.91667,-6.1666565,86400,0.1176332877762177,-0.06774151826024787,4339203.78529813,-468833.52373287774,0.0,0.03755485352685137
188,2385,25.21141,46.75,-6.1666565,21600,0.06981148318475085,0.018863157331487357,4352639.653859386,-470285.21531356085,0.0,0.02339931981255591
573,2484,25.21141,47.0,-6.25,64800,0.06882121272563069,-0.010819133101266754,4331787.087405169,-474407.8424903363,0.0,0.0945921035524743
468,2457,25.21141,46.91667,-6.1666565,21600,0.11364534180253284,-0.01699643703447446,4339203.78529813,-468833.52373287774,0.0,0.05296358577348577
678,2511,25.21141,47.0,-6.0,86400,0.09311400234380564,-0.1826261068147442,4333815.840058059,-455502.3996515776,0.0,-0.0011611859386702836
223,2394,25.21141,46.75,-6.0833282,64800,0.12275753840216203,-0.09747085947586062,4353319.010767862,-463954.4488188505,0.0,-0.022244728077833394
573,2484,25.21141,47.0,-6.25,43200,0.0592355256766101,-0.08925242259900693,4331787.087405169,-474407.8424903363,0.0,-0.02749765058827868
48,2349,25.21141,46.66667,-6.1666565,86400,0.038775237574674486,-0.044249879073136524,4359343.065935845,-471009.49203812674,0.0,-0.07284742431578865
468,2457,25.21141,46.91667,-6.1666565,43200,0.07553957270632057,-0.04836185928979727,4339203.78529813,-468833.52373287774,0.0,0.016103763279808513
48,2349,25.21141,46.66667,-6.1666565,64800,0.15138378110090106,-0.10410042660371271,4359343.065935845,-471009.49203812674,0.0,0.07888106491918255
643,2502,25.21141,47.0,-6.0833282,21600,0.05838676336085248,0.004393795004315602,4333148.796028124,-461804.81061430223,0.0,0.06527504947956494
118,2367,25.21141,46.66667,-6.0,43200,0.07618090121884065,-0.11916884357418145,4360694.650219674,-458327.4764384654,0.0,0.061148089415516076
433,2448,25.21141,46.91667,-6.25,86400,0.029590659262945004,-0.010732367751335715,4338517.220887722,-475144.9119816816,0.0,-0.049611244205118074
363,2430,25.21141,46.833336,-6.0833282,64800,0.046143933339744966,-0.05599445309880505,4346604.66032198,-463238.8677294356,0.0,0.02283288871886705
433,2448,25.21141,46.91667,-6.25,21600,0.024892699988654406,-0.08321611377453095,4338517.220887722,-475144.9119816816,0.0,-0.14425222283875175
678,2511,25.21141,47.0,-6.0,64800,0.08283631573404622,-0.061304971566403625,4333815.840058059,-455502.3996515776,0.0,-0.004235455146252065
433,2448,25.21141,46.91667,-6.25,64800,0.09553665670377876,-0.08457194791129403,4338517.220887722,-475144.9119816816,0.0,-0.09396222451105275
363,2430,25.21141,46.833336,-6.0833282,86400,0.04217777086798517,-0.07686353832770446,4346604.66032198,-463238.8677294356,0.0,0.026062008960255588
13,2340,25.21141,46.66667,-6.25,21600,0.0006311877331665466,-0.021078129433769757,4358653.3150161095,-477350.1729464703,0.0,-0.03443541236494854
643,2502,25.21141,47.0,-6.0833282,43200,0.0462393611003616,-0.036257184010427546,4333148.796028124,-461804.81061430223,0.0,0.08793431940748135
118,2367,25.21141,46.66667,-6.0,86400,0.0224212109300619,-0.025849235367907203,4360694.650219674,-458327.4764384654,0.0,-0.09391052140755422
608,2493,25.21141,47.0,-6.1666565,21600,0.09106867082152169,-0.017115057944295645,4332472.586781167,-468106.2447951276,0.0,0.05717439809728514
13,2340,25.21141,46.66667,-6.25,64800,0.10235672899031581,-0.07076166257256998,4358653.3150161095,-477350.1729464703,0.0,-0.0622162833212402
398,2439,25.21141,46.833336,-6.0,21600,0.0771829037117428,-0.010326850634485553,4347273.775744883,-456916.88569019584,0.0,-0.07739272707554082
258,2403,25.21141,46.75,-6.0,21600,0.08624869004915839,-0.054711380074818364,4353989.159796485,-457622.70099545474,0.0,0.09277600677010893
468,2457,25.21141,46.91667,-6.1666565,64800,0.06952446089481984,-0.08782129923298133,4339203.78529813,-468833.52373287774,0.0,-0.005324286471511314
293,2412,25.21141,46.833336,-6.25,21600,0.05149990367907739,-0.009057747697261156,4345238.723142079,-475881.0361998027,0.0,-0.08508481205398956
678,2511,25.21141,47.0,-6.0,21600,0.025257845053574493,-0.0008010493243128178,4333815.840058059,-455502.3996515776,0.0,-0.08300493575477755
83,2358,25.21141,46.66667,-6.0833282,43200,0.018020145546862792,-0.026151805534790767,4360023.469108121,-464668.9756583009,0.0,-0.10135686090560984
363,2430,25.21141,46.833336,-6.0833282,43200,0.08263130618998847,-0.05934814584179541,4346604.66032198,-463238.8677294356,0.0,0.05295135969824222
13,2340,25.21141,46.66667,-6.25,43200,0.042550017994221076,-0.13314547931684334,4358653.3150161095,-477350.1729464703,0.0,0.04068973915980278
188,2385,25.21141,46.75,-6.1666565,64800,0.11333067317378243,-0.0403480230743605,4352639.653859386,-470285.21531356085,0.0,-0.06806485282429392
503,2466,25.21141,46.91667,-6.0833282,86400,0.08614012227427167,-0.10206384888113049,4339881.045145775,-462522.2992525033,0.0,-0.03517277704002206
678,2511,25.21141,47.0,-6.0,43200,0.10805736768390893,-0.07426506239767738,4333815.840058059,-455502.3996515776,0.0,0.022636013612985954
293,2412,25.21141,46.833336,-6.25,64800,0.10775721364203548,0.04360842682457836,4345238.723142079,-475881.0361998027,0.0,-0.007321939610923483
153,2376,25.21141,46.75,-6.25,64800,0.06991518314243743,-0.05235183839223281,4351950.96357759,-476616.1460837916,0.0,0.025422324505795804
258,2403,25.21141,46.75,-6.0,64800,0.057562076184248266,-0.15570894968973142,4353989.159796485,-457622.70099545474,0.0,-0.13511105331440337
328,2421,25.21141,46.833336,-6.1666565,43200,0.08152441690731906,-0.09949215009851113,4345926.351221016,-469559.8699535443,0.0,-0.14768244099422576
643,2502,25.21141,47.0,-6.0833282,64800,0.08653517007170843,-0.03204765075907677,4333148.796028124,-461804.81061430223,0.0,-0.0033959747226003866
679,2691,29.44473,47.0,-6.0,21600,0.03524113220858705,-0.01386918337242761,4333815.840058059,-455502.3996515776,0.0,-0.06123840944031524
469,2637,29.44473,46.91667,-6.1666565,21600,0.10483157422594364,-0.025032972726996304,4339203.78529813,-468833.52373287774,0.0,0.04078280562464648
154,2556,29.44473,46.75,-6.25,21600,0.07606922079047707,-0.12869941545225896,4351950.96357759,-476616.1460837916,0.0,0.09103354389956778
539,2655,29.44473,46.91667,-6.0,43200,0.06434404363590507,-0.0971465058950571,4340549.125536747,-456210.0964726406,0.0,0.02421696753602961
84,2538,29.44473,46.66667,-6.0833282,64800,0.08627458069033625,-0.1557624687647513,4360023.469108121,-464668.9756583009,0.0,-0.06759665816066915
259,2583,29.44473,46.75,-6.0,64800,0.05795557412248985,-0.1342679111203464,4353989.159796485,-457622.70099545474,0.0,-0.10530529635678831
14,2520,29.44473,46.66667,-6.25,43200,0.04892263965255997,-0.11784188450903572,4358653.3150161095,-477350.1729464703,0.0,0.032457183449610474
189,2565,29.44473,46.75,-6.1666565,64800,0.10502878344105099,-0.044891194723906735,4352639.653859386,-470285.21531356085,0.0,-0.060970452303147196
574,2664,29.44473,47.0,-6.25,64800,0.0686232245088225,-0.01884712954571289,4331787.087405169,-474407.8424903363,0.0,0.07936004905999208
49,2529,29.44473,46.66667,-6.1666565,86400,0.0432764909087172,-0.04363368555734998,4359343.065935845,-471009.49203812674,0.0,-0.0577667841679882
469,2637,29.44473,46.91667,-6.1666565,43200,0.07514219340527661,-0.05021262157039483,4339203.78529813,-468833.52373287774,0.0,0.011834505812175206
294,2592,29.44473,46.833336,-6.25,21600,0.05515683053366296,-0.017548414714761616,4345238.723142079,-475881.0361998027,0.0,-0.07123640518985694
49,2529,29.44473,46.66667,-6.1666565,64800,0.13564608989636473,-0.09553423793157269,4359343.065935845,-471009.49203812674,0.0,0.06448320659261986
399,2619,29.44473,46.833336,-6.0,64800,0.060716477313267236,-0.09799003250801244,4347273.775744883,-456916.88569019584,0.0,0.03831892563681305
644,2682,29.44473,47.0,-6.0833282,21600,0.06048447658145068,-0.005863391703569705,4333148.796028124,-461804.81061430223,0.0,0.05126341837867748
574,2664,29.44473,47.0,-6.25,43200,0.06134936683546665,-0.07848883407864875,4331787.087405169,-474407.8424903363,0.0,-0.024044747138514122
364,2610,29.44473,46.833336,-6.0833282,64800,0.05145991745473043,-0.05691140352489217,4346604.66032198,-463238.8677294356,0.0,0.02070549691747169
434,2628,29.44473,46.91667,-6.25,64800,0.0886187178764068,-0.07947939352840006,4338517.220887722,-475144.9119816816,0.0,-0.07798021058585347
119,2547,29.44473,46.66667,-6.0,43200,0.07616461875995909,-0.10830593567033733,4360694.650219674,-458327.4764384654,0.0,0.04866740109875226
679,2691,29.44473,47.0,-6.0,43200,0.09887263366764959,-0.06929102803910545,4333815.840058059,-455502.3996515776,0.0,0.01709091393136774
399,2619,29.44473,46.833336,-6.0,21600,0.07512732970099466,-0.022406463541177292,4347273.775744883,-456916.88569019584,0.0,-0.06125951991447561
84,2538,29.44473,46.66667,-6.0833282,21600,0.07913371185058789,-0.08103386660340595,4360023.469108121,-464668.9756583009,0.0,-0.06849238055699589
504,2646,29.44473,46.91667,-6.0833282,43200,0.048453296522326175,0.0006679288721413851,4339881.045145775,-462522.2992525033,0.0,-0.06888302761875238
679,2691,29.44473,47.0,-6.0,64800,0.08056181114302646,-0.058131430685058647,4333815.840058059,-455502.3996515776,0.0,-0.006877676649957959
539,2655,29.44473,46.91667,-6.0,64800,0.0764059853307339,-0.027873373981334146,4340549.125536747,-456210.0964726406,0.0,-0.026407486459991646
399,2619,29.44473,46.833336,-6.0,86400,0.07152906999844827,-0.18414325655174069,4347273.775744883,-456916.88569019584,0.0,0.09433349362241923
609,2673,29.44473,47.0,-6.1666565,21600,0.08730185440659244,-0.027369230968885258,4332472.586781167,-468106.2447951276,0.0,0.04525271629190464
189,2565,29.44473,46.75,-6.1666565,21600,0.06821339404584403,0.0013940624295071882,4352639.653859386,-470285.21531356085,0.0,0.018753212921358647
154,2556,29.44473,46.75,-6.25,43200,0.07987313216438685,-0.02011291273485044,4351950.96357759,-476616.1460837916,0.0,0.022845281431128565
329,2601,29.44473,46.833336,-6.1666565,64800,0.03369638535730588,-0.055048828107559455,4345926.351221016,-469559.8699535443,0.0,-0.10323690193404944
259,2583,29.44473,46.75,-6.0,86400,0.06124846489221854,-0.11288624905294954,4353989.159796485,-457622.70099545474,0.0,0.025296349782658288
329,2601,29.44473,46.833336,-6.1666565,43200,0.0807586205151141,-0.08978384604480721,4345926.351221016,-469559.8699535443,0.0,-0.11651204160044022
609,2673,29.44473,47.0,-6.1666565,86400,0.08036313349138383,0.0055619054520605685,4332472.586781167,-468106.2447951276,0.0,0.03406527208966638
14,2520,29.44473,46.66667,-6.25,21600,0.016346245158708216,-0.03505120900138346,4358653.3150161095,-477350.1729464703,0.0,-0.029888363414210247
644,2682,29.44473,47.0,-6.0833282,86400,0.07128262782090816,-0.1235387457136127,4333148.796028124,-461804.81061430223,0.0,-0.03211337616222711
329,2601,29.44473,46.833336,-6.1666565,86400,0.0803870077157779,-0.10482096613868112,4345926.351221016,-469559.8699535443,0.0,-0.011592809754438008
504,2646,29.44473,46.91667,-6.0833282,21600,0.03596158413053763,-0.09032379059876378,4339881.045145775,-462522.2992525033,0.0,-0.0156518283609252
364,2610,29.44473,46.833336,-6.0833282,21600,0.07936260417655672,-0.009115871210425064,4346604.66032198,-463238.8677294356,0.0,0.07318777628215316
49,2529,29.44473,46.66667,-6.1666565,43200,0.07113542156472985,0.011803123593129967,4359343.065935845,-471009.49203812674,0.0,-0.025999079207483053
294,2592,29.44473,46.833336,-6.25,64800,0.09909525076775011,0.025300830445569814,4345238.723142079,-475881.0361998027,0.0,-0.006887983156924936
294,2592,29.44473,46.833336,-6.25,43200,0.09447012392582683,-0.16060562386471036,4345238.723142079,-475881.0361998027,0.0,0.03379762326407208
434,2628,29.44473,46.91667,-6.25,43200,0.08676290062200018,-0.02498221838454598,4338517.220887722,-475144.9119816816,0.0,0.03785960493775309
224,2574,29.44473,46.75,-6.0833282,21600,0.046814963308255644,-0.07743114089957444,4353319.010767862,-463954.4488188505,0.0,-0.03551278583137623
679,2691,29.44473,47.0,-6.0,86400,0.08938993654033488,-0.15356875353264735,4333815.840058059,-455502.3996515776,0.0,0.006133576077931255
119,2547,29.44473,46.66667,-6.0,21600,0.057127872245582634,-0.031061209058450334,4360694.650219674,-458327.4764384654,0.0,-0.05734180818208179
469,2637,29.44473,46.91667,-6.1666565,86400,0.11148962455751009,-0.06774516391195826,4339203.78529813,-468833.52373287774,0.0,0.027594632161412468
434,2628,29.44473,46.91667,-6.25,86400,0.038198965510395484,-0.022260083408612248,4338517.220887722,-475144.9119816816,0.0,-0.04026629881348736
469,2637,29.44473,46.91667,-6.1666565,64800,0.07139079055355223,-0.08378485830174504,4339203.78529813,-468833.52373287774,0.0,-0.0026772308869181423
224,2574,29.44473,46.75,-6.0833282,64800,0.11259611345479759,-0.09241735919836147,4353319.010767862,-463954.4488188505,0.0,-0.013966551163945086
609,2673,29.44473,47.0,-6.1666565,43200,0.09093959789843158,-0.08364111368427726,4332472.586781167,-468106.2447951276,0.0,-0.019111276423727938
154,2556,29.44473,46.75,-6.25,86400,0.06928959379333081,0.01777197557762948,4351950.96357759,-476616.1460837916,0.0,-0.026681080835300023
434,2628,29.44473,46.91667,-6.25,21600,0.03362866672695132,-0.07794901990000999,4338517.220887722,-475144.9119816816,0.0,-0.11862715417161829
574,2664,29.44473,47.0,-6.25,86400,0.08186713355938548,-0.09382983533778785,4331787.087405169,-474407.8424903363,0.0,0.0432021516722644
294,2592,29.44473,46.833336,-6.25,86400,0.07093749995343537,-0.07123575652158189,4345238.723142079,-475881.0361998027,0.0,-0.01838511222522963
574,2664,29.44473,47.0,-6.25,21600,0.004457646238904711,-0.007112543454291138,4331787.087405169,-474407.8424903363,0.0,5.7873076482110094e-05
329,2601,29.44473,46.833336,-6.1666565,21600,0.06917158853564814,-0.05268457606773946,4345926.351221016,-469559.8699535443,0.0,0.022784648539146336
644,2682,29.44473,47.0,-6.0833282,64800,0.08291226860083022,-0.04220687322035533,4333148.796028124,-461804.81061430223,0.0,-0.001951321527655269
14,2520,29.44473,46.66667,-6.25,86400,0.0644673206708454,-0.031903916711848154,4358653.3150161095,-477350.1729464703,0.0,-0.03926186520798359
189,2565,29.44473,46.75,-6.1666565,86400,0.09404338600957865,-0.11830491418367839,4352639.653859386,-470285.21531356085,0.0,-0.0759911349184166
14,2520,29.44473,46.66667,-6.25,64800,0.09483107062880342,-0.0711036436296219,4358653.3150161095,-477350.1729464703,0.0,-0.04669247643536356
189,2565,29.44473,46.75,-6.1666565,43200,0.044172091878735054,-0.10247578430590798,4352639.653859386,-470285.21531356085,0.0,0.0013288598409575707
224,2574,29.44473,46.75,-6.0833282,86400,0.07523507792318586,-0.07160455380159521,4353319.010767862,-463954.4488188505,0.0,0.02267465211807008
399,2619,29.44473,46.833336,-6.0,43200,0.05472726458683931,-0.10141904052813215,4347273.775744883,-456916.88569019584,0.0,0.0652666631467762
154,2556,29.44473,46.75,-6.25,64800,0.06851954951577643,-0.052145155808132164,4351950.96357759,-476616.1460837916,0.0,0.020831225211296333
119,2547,29.44473,46.66667,-6.0,86400,0.02984068671179293,-0.028569577899647945,4360694.650219674,-458327.4764384654,0.0,-0.08006995031909396
644,2682,29.44473,47.0,-6.0833282,43200,0.05028698806318632,-0.041751404532130554,4333148.796028124,-461804.81061430223,0.0,0.07035380484837617
364,2610,29.44473,46.833336,-6.0833282,86400,0.0491088988535183,-0.0751406539631783,4346604.66032198,-463238.8677294356,0.0,0.022644955443737416
259,2583,29.44473,46.75,-6.0,21600,0.08303819874273001,-0.05318509090138201,4353989.159796485,-457622.70099545474,0.0,0.07753433151719188
49,2529,29.44473,46.66667,-6.1666565,21600,0.06791203110482487,-0.07317653461425999,4359343.065935845,-471009.49203812674,0.0,-0.06083432713910459
259,2583,29.44473,46.75,-6.0,43200,0.07793877391276097,-0.04109519985759366,4353989.159796485,-457622.70099545474,0.0,0.04074012690440451
539,2655,29.44473,46.91667,-6.0,21600,0.05487808428318159,-0.044831325590739886,4340549.125536747,-456210.0964726406,0.0,0.08675530971051831
224,2574,29.44473,46.75,-6.0833282,43200,0.065478675789974,-0.02510606439910957,4353319.010767862,-463954.4488188505,0.0,0.09047664910542011
504,2646,29.44473,46.91667,-6.0833282,86400,0.08267887394566062,-0.09238418851358873,4339881.045145775,-462522.2992525033,0.0,-0.026373945906836473
119,2547,29.44473,46.66667,-6.0,64800,0.07263851403797886,-0.0345988667230257,4360694.650219674,-458327.4764384654,0.0,0.07677152324543492
364,2610,29.44473,46.833336,-6.0833282,43200,0.08047948026336484,-0.06038050915434991,4346604.66032198,-463238.8677294356,0.0,0.04237967106042037
609,2673,29.44473,47.0,-6.1666565,64800,0.052040134588499716,-0.04242945636625853,4332472.586781167,-468106.2447951276,0.0,0.012376555283940861
539,2655,29.44473,46.91667,-6.0,86400,0.05778277517138575,-0.04177881095851381,4340549.125536747,-456210.0964726406,0.0,-0.011429023710654249
84,2538,29.44473,46.66667,-6.0833282,43200,0.02877397498200815,-0.03316909950957281,4360023.469108121,-464668.9756583009,0.0,-0.08134228586725172
504,2646,29.44473,46.91667,-6.0833282,64800,0.06466451932208245,-0.09794591261543706,4339881.045145775,-462522.2992525033,0.0,-0.016333179903188076
84,2538,29.44473,46.66667,-6.0833282,86400,0.028424958730391386,0.0025739911186446196,4360023.469108121,-464668.9756583009,0.0,-0.03597295217457478
540,2835,34.43415,46.91667,-6.0,64800,0.07575994079120409,-0.03620049081894562,4340549.125536747,-456210.0964726406,0.0,-0.016288198185695272
190,2745,34.43415,46.75,-6.1666565,86400,0.08760527741748544,-0.10563168989533434,4352639.653859386,-470285.21531356085,0.0,-0.06016103962000104
505,2826,34.43415,46.91667,-6.0833282,64800,0.06469178817250835,-0.0867155556578293,4339881.045145775,-462522.2992525033,0.0,-0.010748205456792415
15,2700,34.43415,46.66667,-6.25,64800,0.08824293581510112,-0.07089130842659287,4358653.3150161095,-477350.1729464703,0.0,-0.03329904540010955
645,2862,34.43415,47.0,-6.0833282,43200,0.05437962965103878,-0.046348274072661545,4333148.796028124,-461804.81061430223,0.0,0.0542193408505847
365,2790,34.43415,46.833336,-6.0833282,64800,0.05613329732344879,-0.05774814769846794,4346604.66032198,-463238.8677294356,0.0,0.01809161798356563
540,2835,34.43415,46.91667,-6.0,43200,0.0663899681240156,-0.09014576116733197,4340549.125536747,-456210.0964726406,0.0,0.024895927262667147
50,2709,34.43415,46.66667,-6.1666565,86400,0.04781208650805914,-0.04373563286301421,4359343.065935845,-471009.49203812674,0.0,-0.044191146805133
225,2754,34.43415,46.75,-6.0833282,86400,0.07615686286667875,-0.0643744440008656,4353319.010767862,-463954.4488188505,0.0,0.015304964794595739
470,2817,34.43415,46.91667,-6.1666565,64800,0.07259952144941038,-0.07991643466374018,4339203.78529813,-468833.52373287774,0.0,-0.00022339364762610507
575,2844,34.43415,47.0,-6.25,86400,0.07982692335596947,-0.08659112932975042,4331787.087405169,-474407.8424903363,0.0,0.03924847143840334
400,2799,34.43415,46.833336,-6.0,64800,0.0621455022244592,-0.08960310335846905,4347273.775744883,-456916.88569019584,0.0,0.030145729892898123
15,2700,34.43415,46.66667,-6.25,43200,0.05458879408614825,-0.10378979741591227,4358653.3150161095,-477350.1729464703,0.0,0.024844977098347248
260,2763,34.43415,46.75,-6.0,21600,0.08026899702659748,-0.05261045446155129,4353989.159796485,-457622.70099545474,0.0,0.06316069778580553
400,2799,34.43415,46.833336,-6.0,21600,0.07339339343133207,-0.03277546326666193,4347273.775744883,-456916.88569019584,0.0,-0.04654957910349527
680,2871,34.43415,47.0,-6.0,43200,0.09099866313474753,-0.06546558554908961,4333815.840058059,-455502.3996515776,0.0,0.012242065326871191
470,2817,34.43415,46.91667,-6.1666565,21600,0.09704964132579529,-0.03261509357085987,4339203.78529813,-468833.52373287774,0.0,0.030023493710005116
400,2799,34.43415,46.833336,-6.0,86400,0.07133934920457241,-0.1555138367580815,4347273.775744883,-456916.88569019584,0.0,0.07352526196478883
120,2727,34.43415,46.66667,-6.0,43200,0.07578127599310454,-0.09808481810733827,4360694.650219674,-458327.4764384654,0.0,0.03776163610685737
365,2790,34.43415,46.833336,-6.0833282,21600,0.07836571993051164,-0.01925574034624418,4346604.66032198,-463238.8677294356,0.0,0.056480364691338776
540,2835,34.43415,46.91667,-6.0,86400,0.05922555788317313,-0.04747231604350801,4340549.125536747,-456210.0964726406,0.0,-0.006521913264168257
260,2763,34.43415,46.75,-6.0,43200,0.07631380576684028,-0.04785007322304384,4353989.159796485,-457622.70099545474,0.0,0.03303208995303164
575,2844,34.43415,47.0,-6.25,43200,0.06336000136725603,-0.06967045164707095,4331787.087405169,-474407.8424903363,0.0,-0.020244327100983735
155,2736,34.43415,46.75,-6.25,21600,0.07330292098940944,-0.11139508329351416,4351950.96357759,-476616.1460837916,0.0,0.07003166784262553
610,2853,34.43415,47.0,-6.1666565,43200,0.0842464046207122,-0.07814452787528152,4332472.586781167,-468106.2447951276,0.0,-0.012741422427763898
50,2709,34.43415,46.66667,-6.1666565,64800,0.12131745896665769,-0.08751635787319165,4359343.065935845,-471009.49203812674,0.0,0.051082231560963066
505,2826,34.43415,46.91667,-6.0833282,86400,0.07951342691394667,-0.08410225748373393,4339881.045145775,-462522.2992525033,0.0,-0.01872851527070995
225,2754,34.43415,46.75,-6.0833282,43200,0.0654660942592633,-0.02985462915634593,4353319.010767862,-463954.4488188505,0.0,0.07334426777715283
680,2871,34.43415,47.0,-6.0,21600,0.04428870625488475,-0.025483441101633884,4333815.840058059,-455502.3996515776,0.0,-0.04236071309658372
435,2808,34.43415,46.91667,-6.25,64800,0.08253342144503201,-0.07459163770614068,4338517.220887722,-475144.9119816816,0.0,-0.06234941969870377
435,2808,34.43415,46.91667,-6.25,21600,0.041702848545067665,-0.07315443918251913,4338517.220887722,-475144.9119816816,0.0,-0.0948563924937716
645,2862,34.43415,47.0,-6.0833282,86400,0.07252774011381402,-0.11093811977377213,4333148.796028124,-461804.81061430223,0.0,-0.023942869433088754
85,2718,34.43415,46.66667,-6.0833282,86400,0.035495152850693885,-0.012401154971644048,4360023.469108121,-464668.9756583009,0.0,-0.02577330789497857
120,2727,34.43415,46.66667,-6.0,21600,0.06142519668091115,-0.03717328358647021,4360694.650219674,-458327.4764384654,0.0,-0.04792484441069696
505,2826,34.43415,46.91667,-6.0833282,43200,0.0538841149659742,-0.011778539715529189,4339881.045145775,-462522.2992525033,0.0,-0.05528772773132715
470,2817,34.43415,46.91667,-6.1666565,86400,0.10510081787296421,-0.06705493620379555,4339203.78529813,-468833.52373287774,0.0,0.01918808986829611
645,2862,34.43415,47.0,-6.0833282,21600,0.0628005443392713,-0.016267220968883785,4333148.796028124,-461804.81061430223,0.0,0.03852153791927179
225,2754,34.43415,46.75,-6.0833282,21600,0.05065255124433781,-0.07003749354968995,4353319.010767862,-463954.4488188505,0.0,-0.025431971372116977
575,2844,34.43415,47.0,-6.25,64800,0.06876933433319993,-0.026581767444594933,4331787.087405169,-474407.8424903363,0.0,0.06480964838199052
295,2772,34.43415,46.833336,-6.25,64800,0.09157798673300688,0.007899723102225954,4345238.723142079,-475881.0361998027,0.0,-0.006151968946837201
435,2808,34.43415,46.91667,-6.25,43200,0.0827900454640577,-0.03181479108669076,4338517.220887722,-475144.9119816816,0.0,0.026104498973265573
190,2745,34.43415,46.75,-6.1666565,21600,0.06724754712674043,-0.013956465898930286,4352639.653859386,-470285.21531356085,0.0,0.014134026548490693
295,2772,34.43415,46.833336,-6.25,21600,0.058455792911407074,-0.02563485508091863,4345238.723142079,-475881.0361998027,0.0,-0.058043789838726295
155,2736,34.43415,46.75,-6.25,64800,0.06756245245491131,-0.05248346365110945,4351950.96357759,-476616.1460837916,0.0,0.016538198734979883
435,2808,34.43415,46.91667,-6.25,86400,0.04591121864845564,-0.03227134764072517,4338517.220887722,-475144.9119816816,0.0,-0.031946160792358146
365,2790,34.43415,46.833336,-6.0833282,43200,0.07845314942260158,-0.06090124101142036,4346604.66032198,-463238.8677294356,0.0,0.03298254960953952
680,2871,34.43415,47.0,-6.0,86400,0.0857894362374456,-0.12815179549461547,4333815.840058059,-455502.3996515776,0.0,0.01146423400849514
50,2709,34.43415,46.66667,-6.1666565,21600,0.06880129862799213,-0.06938637550992802,4359343.065935845,-471009.49203812674,0.0,-0.04860766745387294
330,2781,34.43415,46.833336,-6.1666565,64800,0.0416208190041992,-0.05598688286823295,4345926.351221016,-469559.8699535443,0.0,-0.07958007304909555
120,2727,34.43415,46.66667,-6.0,86400,0.03715452568478639,-0.03190739388659053,4360694.650219674,-458327.4764384654,0.0,-0.06635799534606952
85,2718,34.43415,46.66667,-6.0833282,43200,0.038355460273640146,-0.039267015243434955,4360023.469108121,-464668.9756583009,0.0,-0.06284990502218782
120,2727,34.43415,46.66667,-6.0,64800,0.07205520860459862,-0.04275138230612441,4360694.650219674,-458327.4764384654,0.0,0.06062296132358791
645,2862,34.43415,47.0,-6.0833282,64800,0.07984566365269871,-0.050335041065960304,4333148.796028124,-461804.81061430223,0.0,-0.0004922751056882047
470,2817,34.43415,46.91667,-6.1666565,43200,0.07466067764261496,-0.05148221077313468,4339203.78529813,-468833.52373287774,0.0,0.008325544660476282
540,2835,34.43415,46.91667,-6.0,21600,0.05518177121285048,-0.046977769857785845,4340549.125536747,-456210.0964726406,0.0,0.0708022722846974
190,2745,34.43415,46.75,-6.1666565,43200,0.050371502781175935,-0.09645849489796625,4352639.653859386,-470285.21531356085,0.0,0.0022455633452821856
330,2781,34.43415,46.833336,-6.1666565,21600,0.07160289090606507,-0.055359376651277103,4345926.351221016,-469559.8699535443,0.0,0.019579075402513062
295,2772,34.43415,46.833336,-6.25,86400,0.06823556360301733,-0.06516802104000978,4345238.723142079,-475881.0361998027,0.0,-0.016795894331262714
15,2700,34.43415,46.66667,-6.25,86400,0.06559259561279511,-0.039471811999628306,4358653.3150161095,-477350.1729464703,0.0,-0.031489687584284644
400,2799,34.43415,46.833336,-6.0,43200,0.057721363475820575,-0.08925380126827552,4347273.775744883,-456916.88569019584,0.0,0.04877022090648611
610,2853,34.43415,47.0,-6.1666565,64800,0.055721053750041855,-0.04360123641688274,4332472.586781167,-468106.2447951276,0.0,0.0069025664753848215
50,2709,34.43415,46.66667,-6.1666565,43200,0.07014894917201994,-0.0046231065197216495,4359343.065935845,-471009.49203812674,0.0,-0.026468876935738406
575,2844,34.43415,47.0,-6.25,21600,0.01959353778826866,-0.0197765588577843,4331787.087405169,-474407.8424903363,0.0,0.0017678187839892771
260,2763,34.43415,46.75,-6.0,64800,0.05872475963546911,-0.11496834787926057,4353989.159796485,-457622.70099545474,0.0,-0.07873195805638916
85,2718,34.43415,46.66667,-6.0833282,21600,0.07460344138583884,-0.0780625373939571,4360023.469108121,-464668.9756583009,0.0,-0.05232730754502126
330,2781,34.43415,46.833336,-6.1666565,43200,0.07982784243363858,-0.08110309616914636,4345926.351221016,-469559.8699535443,0.0,-0.08867288486433364
505,2826,34.43415,46.91667,-6.0833282,21600,0.044114986663435156,-0.08181999312430706,4339881.045145775,-462522.2992525033,0.0,-0.008637355698527291
225,2754,34.43415,46.75,-6.0833282,64800,0.10325595914484864,-0.08722201468460244,4353319.010767862,-463954.4488188505,0.0,-0.006710817955075652
330,2781,34.43415,46.833336,-6.1666565,86400,0.07795829998786027,-0.09542774799661337,4345926.351221016,-469559.8699535443,0.0,-0.006147495306172445
610,2853,34.43415,47.0,-6.1666565,86400,0.07856736944854883,-0.007449270898986428,4332472.586781167,-468106.2447951276,0.0,0.024851614582695913
155,2736,34.43415,46.75,-6.25,86400,0.06779394075419551,0.002019911952856987,4351950.96357759,-476616.1460837916,0.0,-0.024524710426249346
260,2763,34.43415,46.75,-6.0,86400,0.06299791726014344,-0.10234096335225823,4353989.159796485,-457622.70099545474,0.0,0.021794563759855504
190,2745,34.43415,46.75,-6.1666565,64800,0.0973455873103603,-0.04883602550883623,4352639.653859386,-470285.21531356085,0.0,-0.05323979986159534
295,2772,34.43415,46.833336,-6.25,43200,0.08995770173038309,-0.13929314953890493,4345238.723142079,-475881.0361998027,0.0,0.023015966091338914
85,2718,34.43415,46.66667,-6.0833282,64800,0.08116512623388795,-0.13345985322423176,4360023.469108121,-464668.9756583009,0.0,-0.05531820354730436
680,2871,34.43415,47.0,-6.0,64800,0.07864906401014081,-0.056182256123777516,4333815.840058059,-455502.3996515776,0.0,-0.008112028061489146
155,2736,34.43415,46.75,-6.25,43200,0.07693666335461835,-0.028556140569475637,4351950.96357759,-476616.1460837916,0.0,0.014718671249578177
365,2790,34.43415,46.833336,-6.0833282,86400,0.05519703688130802,-0.07300719246850602,4346604.66032198,-463238.8677294356,0.0,0.019254539095443897
15,2700,34.43415,46.66667,-6.25,21600,0.03036614669602715,-0.04604753061767873,4358653.3150161095,-477350.1729464703,0.0,-0.025098386466578162
610,2853,34.43415,47.0,-6.1666565,21600,0.08385972322705626,-0.035938412427314395,4332472.586781167,-468106.2447951276,0.0,0.03478900256196158
401,2979,40.34405,46.833336,-6.0,43200,0.06063079250727204,-0.07936219017669513,4347273.775744883,-456916.88569019584,0.0,0.03467602766627368
226,2934,40.34405,46.75,-6.0833282,64800,0.0949574133152474,-0.08204852889659373,4353319.010767862,-463954.4488188505,0.0,-0.0008755441556967342
16,2880,40.34405,46.66667,-6.25,64800,0.0827345167686217,-0.07011788611873859,4358653.3150161095,-477350.1729464703,0.0,-0.022295472613069897
191,2925,40.34405,46.75,-6.1666565,86400,0.0821124449664433,-0.09419493283971485,4352639.653859386,-470285.21531356085,0.0,-0.04550732431338359
436,2988,40.34405,46.91667,-6.25,21600,0.04890202847140628,-0.06892372791455363,4338517.220887722,-475144.9119816816,0.0,-0.07344024877257195
296,2952,40.34405,46.833336,-6.25,64800,0.0853368078029879,-0.008078899685238755,4345238.723142079,-475881.0361998027,0.0,-0.005220998015514634
471,2997,40.34405,46.91667,-6.1666565,64800,0.07317444313108706,-0.07620617944816462,4339203.78529813,-468833.52373287774,0.0,0.001864806512530514
156,2916,40.34405,46.75,-6.25,64800,0.0670544457715459,-0.053269090567785046,4351950.96357759,-476616.1460837916,0.0,0.012641717565260474
226,2934,40.34405,46.75,-6.0833282,86400,0.07656605243132066,-0.05919845441294041,4353319.010767862,-463954.4488188505,0.0,0.009236181981772017
611,3033,40.34405,47.0,-6.1666565,86400,0.07698056069692535,-0.019296954490383593,4332472.586781167,-468106.2447951276,0.0,0.017547348435027733
366,2970,40.34405,46.833336,-6.0833282,43200,0.07659048165632709,-0.060968344561799864,4346604.66032198,-463238.8677294356,0.0,0.024861157552732875
646,3042,40.34405,47.0,-6.0833282,64800,0.0773748400627003,-0.05631700984900534,4333148.796028124,-461804.81061430223,0.0,0.0007988721753965619
366,2970,40.34405,46.833336,-6.0833282,86400,0.06030798358189627,-0.07060117294306939,4346604.66032198,-463238.8677294356,0.0,0.015959779736467408
156,2916,40.34405,46.75,-6.25,21600,0.07127468288852465,-0.0961621716828088,4351950.96357759,-476616.1460837916,0.0,0.051979941234727996
681,3051,40.34405,47.0,-6.0,43200,0.08457466307189247,-0.06275554137898431,4333815.840058059,-455502.3996515776,0.0,0.008264363563956078
331,2961,40.34405,46.833336,-6.1666565,43200,0.07875208423271594,-0.07373310376609203,4345926.351221016,-469559.8699535443,0.0,-0.0647397635241743
191,2925,40.34405,46.75,-6.1666565,64800,0.09048289131607706,-0.05209307868567896,4352639.653859386,-470285.21531356085,0.0,-0.045063780863423025
681,3051,40.34405,47.0,-6.0,64800,0.07707920547309935,-0.0553124347049634,4333815.840058059,-455502.3996515776,0.0,-0.008121591810671451
401,2979,40.34405,46.833336,-6.0,21600,0.07203436448193234,-0.04128566187100592,4347273.775744883,-456916.88569019584,0.0,-0.03368901263206638
611,3033,40.34405,47.0,-6.1666565,21600,0.08082053809690848,-0.04275978946501187,4332472.586781167,-468106.2447951276,0.0,0.025924065489450945
16,2880,40.34405,46.66667,-6.25,21600,0.04233754764668089,-0.05395012126886375,4358653.3150161095,-477350.1729464703,0.0,-0.020219291820534946
436,2988,40.34405,46.91667,-6.25,64800,0.07748805448812648,-0.0701179020789104,4338517.220887722,-475144.9119816816,0.0,-0.047620997542884125
261,2943,40.34405,46.75,-6.0,64800,0.05985196475873644,-0.09831870610112303,4353989.159796485,-457622.70099545474,0.0,-0.055995617444664435
401,2979,40.34405,46.833336,-6.0,86400,0.07130423845549658,-0.1304189901746915,4347273.775744883,-456916.88569019584,0.0,0.055141864236494774
681,3051,40.34405,47.0,-6.0,86400,0.08242675094607842,-0.10690944834860924,4333815.840058059,-455502.3996515776,0.0,0.014646242025196215
576,3024,40.34405,47.0,-6.25,86400,0.07799012980326447,-0.07952693810707154,4331787.087405169,-474407.8424903363,0.0,0.034313236016283
16,2880,40.34405,46.66667,-6.25,43200,0.059375928645117766,-0.09135957807238942,4358653.3150161095,-477350.1729464703,0.0,0.018063672247375307
401,2979,40.34405,46.833336,-6.0,64800,0.06339345887497948,-0.0822357533898806,4347273.775744883,-456916.88569019584,0.0,0.022756160154438883
296,2952,40.34405,46.833336,-6.25,21600,0.06134913562280416,-0.03310091522731594,4345238.723142079,-475881.0361998027,0.0,-0.04576614737039124
436,2988,40.34405,46.91667,-6.25,86400,0.052586706945008915,-0.04060140152881706,4338517.220887722,-475144.9119816816,0.0,-0.024748393809683515
646,3042,40.34405,47.0,-6.0833282,86400,0.07310338453488249,-0.09886880072729906,4333148.796028124,-461804.81061430223,0.0,-0.016898036603862663
121,2907,40.34405,46.66667,-6.0,86400,0.0441342841015613,-0.03571856769208814,4360694.650219674,-458327.4764384654,0.0,-0.053162622891235814
646,3042,40.34405,47.0,-6.0833282,43200,0.05833162607844074,-0.04996478430065786,4333148.796028124,-461804.81061430223,0.0,0.039965026131471904
86,2898,40.34405,46.66667,-6.0833282,43200,0.04659599784479101,-0.04437409323506526,4360023.469108121,-464668.9756583009,0.0,-0.046402412169101195
191,2925,40.34405,46.75,-6.1666565,43200,0.05580038248421499,-0.09029653013239938,4352639.653859386,-470285.21531356085,0.0,0.0031639267158300485
296,2952,40.34405,46.833336,-6.25,86400,0.06651647696302626,-0.060795524151817784,4345238.723142079,-475881.0361998027,0.0,-0.014672759797023238
16,2880,40.34405,46.66667,-6.25,86400,0.066670509630356,-0.04566893905678606,4358653.3150161095,-477350.1729464703,0.0,-0.02416057032328267
611,3033,40.34405,47.0,-6.1666565,43200,0.07892439612120554,-0.07319784322401383,4332472.586781167,-468106.2447951276,0.0,-0.007954345556942688
576,3024,40.34405,47.0,-6.25,21600,0.03309559548472007,-0.03090038539897437,4331787.087405169,-474407.8424903363,0.0,0.0027454611401348836
156,2916,40.34405,46.75,-6.25,43200,0.07481763210469541,-0.036099735600898075,4351950.96357759,-476616.1460837916,0.0,0.008320360330003575
471,2997,40.34405,46.91667,-6.1666565,43200,0.07410866804134812,-0.052270405288441214,4339203.78529813,-468833.52373287774,0.0,0.005597730302236291
121,2907,40.34405,46.66667,-6.0,43200,0.07510886529878005,-0.08876524144800921,4360694.650219674,-458327.4764384654,0.0,0.02852227048709674
51,2889,40.34405,46.66667,-6.1666565,64800,0.10870568246033024,-0.08026722463209458,4359343.065935845,-471009.49203812674,0.0,0.039027675542819724
541,3015,40.34405,46.91667,-6.0,64800,0.07507048866199617,-0.04319129763521736,4340549.125536747,-456210.0964726406,0.0,-0.008272506345050588
576,3024,40.34405,47.0,-6.25,43200,0.06522097127367722,-0.0629806334809134,4331787.087405169,-474407.8424903363,0.0,-0.016296296157213966
261,2943,40.34405,46.75,-6.0,86400,0.0646910974856858,-0.09250933725406504,4353989.159796485,-457622.70099545474,0.0,0.018173898426304014
331,2961,40.34405,46.833336,-6.1666565,64800,0.04877412896236069,-0.05687359500839541,4345926.351221016,-469559.8699535443,0.0,-0.05841113344518046
51,2889,40.34405,46.66667,-6.1666565,86400,0.05225698880864283,-0.044590969532284835,4359343.065935845,-471009.49203812674,0.0,-0.032404778651492355
226,2934,40.34405,46.75,-6.0833282,43200,0.06574090165810366,-0.034736115828253665,4353319.010767862,-463954.4488188505,0.0,0.057269503231573676
681,3051,40.34405,47.0,-6.0,21600,0.05215144416813894,-0.03536207916242317,4333815.840058059,-455502.3996515776,0.0,-0.026880919520177734
541,3015,40.34405,46.91667,-6.0,86400,0.06090188967472503,-0.05177434485369324,4340549.125536747,-456210.0964726406,0.0,-0.0026672807576631776
86,2898,40.34405,46.66667,-6.0833282,64800,0.07698990379266192,-0.11364118970308643,4360023.469108121,-464668.9756583009,0.0,-0.043668972516425986
191,2925,40.34405,46.75,-6.1666565,21600,0.06689200871193082,-0.02683911976968907,4352639.653859386,-470285.21531356085,0.0,0.009746253984416132
576,3024,40.34405,47.0,-6.25,64800,0.06918367373624061,-0.03377490394463981,4331787.087405169,-474407.8424903363,0.0,0.051267207307221264
471,2997,40.34405,46.91667,-6.1666565,21600,0.09039221515608828,-0.03944492400172176,4339203.78529813,-468833.52373287774,0.0,0.020934907467914345
366,2970,40.34405,46.833336,-6.0833282,21600,0.07724715652183681,-0.028303294634947088,4346604.66032198,-463238.8677294356,0.0,0.0420029428963779
506,3006,40.34405,46.91667,-6.0833282,43200,0.058419888663200865,-0.0229918826380806,4339881.045145775,-462522.2992525033,0.0,-0.0426960937256353
86,2898,40.34405,46.66667,-6.0833282,86400,0.042304074465455185,-0.025268912597767423,4360023.469108121,-464668.9756583009,0.0,-0.01746850728735463
646,3042,40.34405,47.0,-6.0833282,21600,0.06516152049602181,-0.02630945518893925,4333148.796028124,-461804.81061430223,0.0,0.027433340231797897
331,2961,40.34405,46.833336,-6.1666565,21600,0.07319327092302993,-0.05752086856903672,4345926.351221016,-469559.8699535443,0.0,0.01631775451128743
541,3015,40.34405,46.91667,-6.0,21600,0.056222129379360296,-0.04911994612548422,4340549.125536747,-456210.0964726406,0.0,0.055449794728616685
506,3006,40.34405,46.91667,-6.0833282,86400,0.07675067052044225,-0.0772878885611923,4339881.045145775,-462522.2992525033,0.0,-0.012450547756068065
261,2943,40.34405,46.75,-6.0,21600,0.07794455684145017,-0.05279939748165028,4353989.159796485,-457622.70099545474,0.0,0.04992258879645188
471,2997,40.34405,46.91667,-6.1666565,86400,0.09868172224175706,-0.06580749793611394,4339203.78529813,-468833.52373287774,0.0,0.012474876628939592
156,2916,40.34405,46.75,-6.25,86400,0.06687174355533251,-0.012384334966133684,4351950.96357759,-476616.1460837916,0.0,-0.02167649651309379
86,2898,40.34405,46.66667,-6.0833282,21600,0.07132498765517817,-0.07475198040382902,4360023.469108121,-464668.9756583009,0.0,-0.038436886134422206
121,2907,40.34405,46.66667,-6.0,21600,0.06472214358800331,-0.04251359010279704,4360694.650219674,-458327.4764384654,0.0,-0.03853539876682197
331,2961,40.34405,46.833336,-6.1666565,86400,0.0758218940704499,-0.08700979360071469,4345926.351221016,-469559.8699535443,0.0,-0.0019614529629953725
541,3015,40.34405,46.91667,-6.0,43200,0.06817112078298516,-0.08341805296266089,4340549.125536747,-456210.0964726406,0.0,0.023975286069171084
226,2934,40.34405,46.75,-6.0833282,21600,0.05413289080396015,-0.06398517605463142,4353319.010767862,-463954.4488188505,0.0,-0.017137955229284907
506,3006,40.34405,46.91667,-6.0833282,64800,0.0650344550425185,-0.07744111510500232,4339881.045145775,-462522.2992525033,0.0,-0.0066692941222961846
506,3006,40.34405,46.91667,-6.0833282,21600,0.05112909362999632,-0.07459407678197555,4339881.045145775,-462522.2992525033,0.0,-0.003665393039738219
51,2889,40.34405,46.66667,-6.1666565,43200,0.06956791176724986,-0.019088603113933046,4359343.065935845,-471009.49203812674,0.0,-0.025381950826685592
296,2952,40.34405,46.833336,-6.25,43200,0.08564943540009026,-0.12004115252955885,4345238.723142079,-475881.0361998027,0.0,0.014360736933937513
366,2970,40.34405,46.833336,-6.0833282,64800,0.06006756522864505,-0.05842729860619787,4346604.66032198,-463238.8677294356,0.0,0.01510842272332496
436,2988,40.34405,46.91667,-6.25,43200,0.07931128642221322,-0.0380129705216839,4338517.220887722,-475144.9119816816,0.0,0.017045604569687844
121,2907,40.34405,46.66667,-6.0,64800,0.07166981174315569,-0.04898395860659258,4360694.650219674,-458327.4764384654,0.0,0.04670242455839741
261,2943,40.34405,46.75,-6.0,43200,0.07480851829938477,-0.05303915082367026,4353989.159796485,-457622.70099545474,0.0,0.025747740231725064
51,2889,40.34405,46.66667,-6.1666565,21600,0.06944496270395054,-0.06622199752225894,4359343.065935845,-471009.49203812674,0.0,-0.03717627503957752
611,3033,40.34405,47.0,-6.1666565,64800,0.05893690315599041,-0.04496844019102435,4332472.586781167,-468106.2447951276,0.0,0.0028840682298313723
157,3096,47.37369,46.75,-6.25,21600,0.06995986768249686,-0.08341759183439422,4351950.96357759,-476616.1460837916,0.0,0.03711566513976119
192,3105,47.37369,46.75,-6.1666565,64800,0.08461336542488801,-0.05461270183049218,4352639.653859386,-470285.21531356085,0.0,-0.0367327139369316
87,3078,47.37369,46.66667,-6.0833282,64800,0.07383783617856038,-0.09683288461519424,4360023.469108121,-464668.9756583009,0.0,-0.03301966494604125
682,3231,47.37369,47.0,-6.0,21600,0.05863267066534193,-0.04331001010767006,4333815.840058059,-455502.3996515776,0.0,-0.015086482114174488
192,3105,47.37369,46.75,-6.1666565,43200,0.06033593610415743,-0.0841891464405038,4352639.653859386,-470285.21531356085,0.0,0.003929244318069066
367,3150,47.37369,46.833336,-6.0833282,64800,0.06321530834742285,-0.058876055729848005,4346604.66032198,-463238.8677294356,0.0,0.011943849573906765
647,3222,47.37369,47.0,-6.0833282,86400,0.07313039346846174,-0.08789708390809226,4333148.796028124,-461804.81061430223,0.0,-0.011099119149574385
332,3141,47.37369,46.833336,-6.1666565,64800,0.054946646789388986,-0.057584710122119236,4345926.351221016,-469559.8699535443,0.0,-0.04034796472995467
262,3123,47.37369,46.75,-6.0,64800,0.06127847220109513,-0.08469860601583055,4353989.159796485,-457622.70099545474,0.0,-0.03750013679103733
507,3186,47.37369,46.91667,-6.0833282,86400,0.07447802714327385,-0.07190639196165703,4339881.045145775,-462522.2992525033,0.0,-0.0076500048488150766
297,3132,47.37369,46.833336,-6.25,64800,0.0804212745167201,-0.022122455529983993,4345238.723142079,-475881.0361998027,0.0,-0.0042130222516790945
157,3096,47.37369,46.75,-6.25,86400,0.06648974772057464,-0.024970213862950202,4351950.96357759,-476616.1460837916,0.0,-0.018292626248421682
192,3105,47.37369,46.75,-6.1666565,86400,0.07768294882853256,-0.08427238453881751,4352639.653859386,-470285.21531356085,0.0,-0.03256521328815008
402,3159,47.37369,46.833336,-6.0,86400,0.07137440491210746,-0.10932183946478612,4347273.775744883,-456916.88569019584,0.0,0.039552436216267264
17,3060,47.37369,46.66667,-6.25,64800,0.0783878983228579,-0.06884049169542347,4358653.3150161095,-477350.1729464703,0.0,-0.013787810732931985
122,3087,47.37369,46.66667,-6.0,64800,0.07144141737057592,-0.05335604020496928,4360694.650219674,-458327.4764384654,0.0,0.03503415081729349
157,3096,47.37369,46.75,-6.25,64800,0.06696900446401503,-0.05435715824467429,4351950.96357759,-476616.1460837916,0.0,0.009234308828433884
332,3141,47.37369,46.833336,-6.1666565,21600,0.07397473777196521,-0.05907873638524533,4345926.351221016,-469559.8699535443,0.0,0.013081675426242324
52,3069,47.37369,46.66667,-6.1666565,64800,0.09804113556927191,-0.07398774160552973,4359343.065935845,-471009.49203812674,0.0,0.028615294817897746
227,3114,47.37369,46.75,-6.0833282,43200,0.06627808234537176,-0.03957881510339757,4353319.010767862,-463954.4488188505,0.0,0.0427737300736492
297,3132,47.37369,46.833336,-6.25,21600,0.06381085302106779,-0.03972438387826727,4345238.723142079,-475881.0361998027,0.0,-0.034675671398019005
542,3195,47.37369,46.91667,-6.0,86400,0.06272857230139545,-0.05476117888301052,4340549.125536747,-456210.0964726406,0.0,4.941684572559585e-05
87,3078,47.37369,46.66667,-6.0833282,86400,0.048676891086500196,-0.035835310591347404,4360023.469108121,-464668.9756583009,0.0,-0.01108231739919618
192,3105,47.37369,46.75,-6.1666565,21600,0.0670624625712211,-0.03706546376562633,4352639.653859386,-470285.21531356085,0.0,0.005821434996417509
402,3159,47.37369,46.833336,-6.0,64800,0.0645075265037945,-0.07598496641520205,4347273.775744883,-456916.88569019584,0.0,0.016399646776661257
367,3150,47.37369,46.833336,-6.0833282,21600,0.07604957246109818,-0.03608287915318945,4346604.66032198,-463238.8677294356,0.0,0.0299599747550183
157,3096,47.37369,46.75,-6.25,43200,0.07337719051471467,-0.04250043321548196,4351950.96357759,-476616.1460837916,0.0,0.003623751153012888
227,3114,47.37369,46.75,-6.0833282,21600,0.05725801160428238,-0.059476323495243434,4353319.010767862,-463954.4488188505,0.0,-0.01073159314187847
612,3213,47.37369,47.0,-6.1666565,21600,0.07824653601061535,-0.047896676076349246,4332472.586781167,-468106.2447951276,0.0,0.018703410924067288
262,3123,47.37369,46.75,-6.0,86400,0.06625508676984232,-0.08371291126918506,4353989.159796485,-457622.70099545474,0.0,0.01453271316538345
472,3177,47.37369,46.91667,-6.1666565,43200,0.07351164485001395,-0.05274165711454661,4339203.78529813,-468833.52373287774,0.0,0.0036157554672865953
52,3069,47.37369,46.66667,-6.1666565,43200,0.06934447667103513,-0.031223051219027378,4359343.065935845,-471009.49203812674,0.0,-0.022858020607821685
577,3204,47.37369,47.0,-6.25,64800,0.0697564713401716,-0.040178945955342965,4331787.087405169,-474407.8424903363,0.0,0.03906426511521649
507,3186,47.37369,46.91667,-6.0833282,21600,0.056891834393715784,-0.06878295626217683,4339881.045145775,-462522.2992525033,0.0,-0.0005740875148977547
507,3186,47.37369,46.91667,-6.0833282,43200,0.06201909597061549,-0.03265517410553878,4339881.045145775,-462522.2992525033,0.0,-0.03144420151749075
332,3141,47.37369,46.833336,-6.1666565,86400,0.07403754107167274,-0.07972289948838394,4345926.351221016,-469559.8699535443,0.0,0.0008712714011534869
87,3078,47.37369,46.66667,-6.0833282,21600,0.06926885071090165,-0.07127103209841083,4360023.469108121,-464668.9756583009,0.0,-0.027024175287654738
542,3195,47.37369,46.91667,-6.0,43200,0.06961744539724625,-0.07721198249811265,4340549.125536747,-456210.0964726406,0.0,0.021616808616105612
542,3195,47.37369,46.91667,-6.0,64800,0.07434867343322027,-0.04874323970726754,4340549.125536747,-456210.0964726406,0.0,-0.002465626299001748
472,3177,47.37369,46.91667,-6.1666565,86400,0.09249632268862666,-0.06419968263302009,4339203.78529813,-468833.52373287774,0.0,0.007475919071885224
472,3177,47.37369,46.91667,-6.1666565,21600,0.08488920107015496,-0.04525479747721645,4339203.78529813,-468833.52373287774,0.0,0.013667744159516802
262,3123,47.37369,46.75,-6.0,43200,0.07349254242380603,-0.05666517545959087,4353989.159796485,-457622.70099545474,0.0,0.019199100349412777
577,3204,47.37369,47.0,-6.25,43200,0.0668837396718318,-0.05843584176972194,4331787.087405169,-474407.8424903363,0.0,-0.012443389327907407
122,3087,47.37369,46.66667,-6.0,43200,0.07425821023896385,-0.08058690441857713,4360694.650219674,-458327.4764384654,0.0,0.02094183520657735
262,3123,47.37369,46.75,-6.0,21600,0.076043536317566,-0.05349896297386547,4353989.159796485,-457622.70099545474,0.0,0.03807412052573972
507,3186,47.37369,46.91667,-6.0833282,64800,0.06565252089529157,-0.07019283121524306,4339881.045145775,-462522.2992525033,0.0,-0.003990441337307986
612,3213,47.37369,47.0,-6.1666565,43200,0.07500174780761325,-0.06893411369109997,4332472.586781167,-468106.2447951276,0.0,-0.004603336337204181
647,3222,47.37369,47.0,-6.0833282,21600,0.06736501107011299,-0.03543315477372132,4333148.796028124,-461804.81061430223,0.0,0.018308203584749754
122,3087,47.37369,46.66667,-6.0,21600,0.06706135945181127,-0.046966391923143606,4360694.650219674,-458327.4764384654,0.0,-0.02956362067962541
52,3069,47.37369,46.66667,-6.1666565,21600,0.06989581401485977,-0.06369239424617221,4359343.065935845,-471009.49203812674,0.0,-0.026972719017895355
437,3168,47.37369,46.91667,-6.25,43200,0.07643850640097252,-0.04343744269431649,4338517.220887722,-475144.9119816816,0.0,0.010523137874487562
332,3141,47.37369,46.833336,-6.1666565,43200,0.07757062658702962,-0.06787905831176987,4345926.351221016,-469559.8699535443,0.0,-0.0450814651252926
682,3231,47.37369,47.0,-6.0,64800,0.0758055551249069,-0.05527383306803867,4333815.840058059,-455502.3996515776,0.0,-0.007203547207189159
122,3087,47.37369,46.66667,-6.0,86400,0.05053382405846536,-0.03979417324732775,4360694.650219674,-458327.4764384654,0.0,-0.04091081125332357
17,3060,47.37369,46.66667,-6.25,21600,0.05201505650231197,-0.05889511955117465,4358653.3150161095,-477350.1729464703,0.0,-0.01546640619953761
437,3168,47.37369,46.91667,-6.25,86400,0.058128298629747305,-0.047171645307539097,4338517.220887722,-475144.9119816816,0.0,-0.018703072103790352
367,3150,47.37369,46.833336,-6.0833282,43200,0.07493002150717924,-0.060678962613338355,4346604.66032198,-463238.8677294356,0.0,0.01805443521143157
647,3222,47.37369,47.0,-6.0833282,64800,0.07549526769118982,-0.060192315326051966,4333148.796028124,-461804.81061430223,0.0,0.0017446146849374542
297,3132,47.37369,46.833336,-6.25,86400,0.06573698169134867,-0.05799968647441653,4345238.723142079,-475881.0361998027,0.0,-0.012203559489989033
87,3078,47.37369,46.66667,-6.0833282,43200,0.053401724787615235,-0.04846837947882799,4360023.469108121,-464668.9756583009,0.0,-0.03245622042737464
227,3114,47.37369,46.75,-6.0833282,64800,0.08788535589580618,-0.07708465280756127,4353319.010767862,-463954.4488188505,0.0,0.003247582804073531
577,3204,47.37369,47.0,-6.25,21600,0.04461625442399805,-0.04016139676093507,4331787.087405169,-474407.8424903363,0.0,0.0030575527131850634
402,3159,47.37369,46.833336,-6.0,43200,0.06330399228182641,-0.07172360874230374,4347273.775744883,-456916.88569019584,0.0,0.023205450808136387
612,3213,47.37369,47.0,-6.1666565,86400,0.07562073008947641,-0.02967038016470091,4332472.586781167,-468106.2447951276,0.0,0.012019958464805029
17,3060,47.37369,46.66667,-6.25,86400,0.06763564706182333,-0.050439728136072864,4358653.3150161095,-477350.1729464703,0.0,-0.01759865398027461
682,3231,47.37369,47.0,-6.0,86400,0.07942251926773342,-0.09012559462674496,4333815.840058059,-455502.3996515776,0.0,0.01568532901443256
612,3213,47.37369,47.0,-6.1666565,64800,0.061701713327714805,-0.04654045283716707,4332472.586781167,-468106.2447951276,0.0,0.0002227286097013276
297,3132,47.37369,46.833336,-6.25,43200,0.08172101660727588,-0.1033290002648497,4345238.723142079,-475881.0361998027,0.0,0.007867833897889706
542,3195,47.37369,46.91667,-6.0,21600,0.05791409690031988,-0.051147422782183025,4340549.125536747,-456210.0964726406,0.0,0.041349115046548306
52,3069,47.37369,46.66667,-6.1666565,86400,0.056456185701790354,-0.046143825809628745,4359343.065935845,-471009.49203812674,0.0,-0.022613112704374213
17,3060,47.37369,46.66667,-6.25,43200,0.06317297694709167,-0.08086210605205504,4358653.3150161095,-477350.1729464703,0.0,0.012302613434503652
227,3114,47.37369,46.75,-6.0833282,86400,0.07646725566831603,-0.055965538983166835,4353319.010767862,-463954.4488188505,0.0,0.0045922833015055045
647,3222,47.37369,47.0,-6.0833282,43200,0.06194239137734613,-0.05260245779959067,4333148.796028124,-461804.81061430223,0.0,0.027950728334923236
472,3177,47.37369,46.91667,-6.1666565,64800,0.07320310729940462,-0.07266139320376518,4339203.78529813,-468833.52373287774,0.0,0.0034219590700859687
577,3204,47.37369,47.0,-6.25,86400,0.07639214770066101,-0.07303145896811573,4331787.087405169,-474407.8424903363,0.0,0.028693683217101005
437,3168,47.37369,46.91667,-6.25,64800,0.07363469012916297,-0.06626098368991945,4338517.220887722,-475144.9119816816,0.0,-0.03437645602883396
402,3159,47.37369,46.833336,-6.0,21600,0.07107816589569724,-0.047889244470925046,4347273.775744883,-456916.88569019584,0.0,-0.023024339922346187
437,3168,47.37369,46.91667,-6.25,21600,0.055046070525281335,-0.06533607675774974,4338517.220887722,-475144.9119816816,0.0,-0.0548004951037984
367,3150,47.37369,46.833336,-6.0833282,86400,0.0643565540950598,-0.06809699667686715,4346604.66032198,-463238.8677294356,0.0,0.012827764545168324
682,3231,47.37369,47.0,-6.0,43200,0.07964717389541758,-0.06103093696158412,4333815.840058059,-455502.3996515776,0.0,0.005255214854690618
613,3393,55.76429,47.0,-6.1666565,64800,0.06405166609811307,-0.04829522511003619,4332472.586781167,-468106.2447951276,0.0,-0.0012854055589687217
158,3276,55.76429,46.75,-6.25,86400,0.06657228621722762,-0.03538052798602401,4351950.96357759,-476616.1460837916,0.0,-0.01462304233890666
298,3312,55.76429,46.833336,-6.25,43200,0.07833351165432703,-0.0894994214094583,4345238.723142079,-475881.0361998027,0.0,0.0034097022937373584
333,3321,55.76429,46.833336,-6.1666565,86400,0.07264094921600206,-0.07364762155647891,4345926.351221016,-469559.8699535443,0.0,0.002395049651205475
578,3384,55.76429,47.0,-6.25,86400,0.07505933285523123,-0.067484908675863,4331787.087405169,-474407.8424903363,0.0,0.022793519849277518
438,3348,55.76429,46.91667,-6.25,43200,0.07423041213569709,-0.047977017543821776,4338517.220887722,-475144.9119816816,0.0,0.006187150828466004
123,3267,55.76429,46.66667,-6.0,64800,0.07131176084466938,-0.05608233172005942,4360694.650219674,-458327.4764384654,0.0,0.02551460781682526
53,3249,55.76429,46.66667,-6.1666565,43200,0.06939930288967501,-0.040815657122449445,4359343.065935845,-471009.49203812674,0.0,-0.019213224025948376
543,3375,55.76429,46.91667,-6.0,21600,0.06007927963930506,-0.05295134492873413,4340549.125536747,-456210.0964726406,0.0,0.02911721356902179
158,3276,55.76429,46.75,-6.25,43200,0.07243633123345121,-0.04760055738629696,4351950.96357759,-476616.1460837916,0.0,0.0004883991812521536
53,3249,55.76429,46.66667,-6.1666565,86400,0.06024152297864639,-0.0482257422236694,4359343.065935845,-471009.49203812674,0.0,-0.014897964240679481
368,3330,55.76429,46.833336,-6.0833282,86400,0.0673300762864997,-0.0656814365458517,4346604.66032198,-463238.8677294356,0.0,0.009922166094970462
333,3321,55.76429,46.833336,-6.1666565,21600,0.07406361617865026,-0.059993921591014104,4345926.351221016,-469559.8699535443,0.0,0.009990720033670382
473,3357,55.76429,46.91667,-6.1666565,43200,0.07290611568459136,-0.05309685767430453,4339203.78529813,-468833.52373287774,0.0,0.0022828359444088766
53,3249,55.76429,46.66667,-6.1666565,21600,0.07020985967607417,-0.06176109181065644,4359343.065935845,-471009.49203812674,0.0,-0.01835649778498635
333,3321,55.76429,46.833336,-6.1666565,64800,0.05999255561611454,-0.05804492950773707,4345926.351221016,-469559.8699535443,0.0,-0.025826966475549645
193,3285,55.76429,46.75,-6.1666565,64800,0.07984857097295717,-0.0564028940862986,4352639.653859386,-470285.21531356085,0.0,-0.028620495842183916
648,3402,55.76429,47.0,-6.0833282,43200,0.06503208823977416,-0.05436283278255902,4333148.796028124,-461804.81061430223,0.0,0.01838176697197579
193,3285,55.76429,46.75,-6.1666565,21600,0.06761490710707507,-0.04466479969651601,4352639.653859386,-470285.21531356085,0.0,0.0025843704089528905
578,3384,55.76429,47.0,-6.25,64800,0.07036263212505933,-0.04558661473148386,4331787.087405169,-474407.8424903363,0.0,0.02849438943325594
123,3267,55.76429,46.66667,-6.0,86400,0.05612605548504946,-0.0438753272206275,4360694.650219674,-458327.4764384654,0.0,-0.030022664546087235
263,3303,55.76429,46.75,-6.0,86400,0.06761866090430756,-0.07621304102527476,4353989.159796485,-457622.70099545474,0.0,0.01101876164709829
228,3294,55.76429,46.75,-6.0833282,43200,0.06701272474344004,-0.0441639579447082,4353319.010767862,-463954.4488188505,0.0,0.030318565845910448
648,3402,55.76429,47.0,-6.0833282,21600,0.06921812290895005,-0.04313189871743566,4333148.796028124,-461804.81061430223,0.0,0.011301503225745356
18,3240,55.76429,46.66667,-6.25,86400,0.06844200242840105,-0.05384198799640684,4358653.3150161095,-477350.1729464703,0.0,-0.012074012105326454
228,3294,55.76429,46.75,-6.0833282,21600,0.060042523357428546,-0.05656501589594534,4353319.010767862,-463954.4488188505,0.0,-0.006162083091198297
193,3285,55.76429,46.75,-6.1666565,43200,0.06391533954459902,-0.07837183992725749,4352639.653859386,-470285.21531356085,0.0,0.004387521581425011
18,3240,55.76429,46.66667,-6.25,21600,0.05932571175621873,-0.06129828797058833,4358653.3150161095,-477350.1729464703,0.0,-0.011094867393804697
263,3303,55.76429,46.75,-6.0,64800,0.06290218389513479,-0.07426772010165994,4353989.159796485,-457622.70099545474,0.0,-0.02334911255612777
158,3276,55.76429,46.75,-6.25,21600,0.06927776790768207,-0.07342480229396668,4351950.96357759,-476616.1460837916,0.0,0.025448085374420455
438,3348,55.76429,46.91667,-6.25,86400,0.06250381880532249,-0.05201533530009735,4338517.220887722,-475144.9119816816,0.0,-0.013762082230364282
368,3330,55.76429,46.833336,-6.0833282,43200,0.07350928927827474,-0.06015914806800144,4346604.66032198,-463238.8677294356,0.0,0.012538032409668227
298,3312,55.76429,46.833336,-6.25,21600,0.0658370240575511,-0.04531066066352426,4345238.723142079,-475881.0361998027,0.0,-0.025030466598464914
228,3294,55.76429,46.75,-6.0833282,64800,0.082154792223719,-0.07251679662376878,4353319.010767862,-463954.4488188505,0.0,0.005563302010826869
648,3402,55.76429,47.0,-6.0833282,64800,0.07415048824769664,-0.06217744245458334,4333148.796028124,-461804.81061430223,0.0,0.002222169516734624
683,3411,55.76429,47.0,-6.0,64800,0.07476365134072545,-0.05574857729610762,4333815.840058059,-455502.3996515776,0.0,-0.005733852595832873
403,3339,55.76429,46.833336,-6.0,64800,0.06554125452401152,-0.0708827860177055,4347273.775744883,-456916.88569019584,0.0,0.011235855968841465
543,3375,55.76429,46.91667,-6.0,86400,0.06458359760085297,-0.05661816318969459,4340549.125536747,-456210.0964726406,0.0,0.0016490423290288006
403,3339,55.76429,46.833336,-6.0,21600,0.07051185490154203,-0.05266074638343655,4347273.775744883,-456916.88569019584,0.0,-0.014739233473017161
613,3393,55.76429,47.0,-6.1666565,21600,0.07617051046638552,-0.051541754848277506,4332472.586781167,-468106.2447951276,0.0,0.013061466998486843
158,3276,55.76429,46.75,-6.25,64800,0.06723821015899187,-0.05556384346181975,4351950.96357759,-476616.1460837916,0.0,0.006391563291333786
88,3258,55.76429,46.66667,-6.0833282,43200,0.05877650422195077,-0.05158965859569631,4360023.469108121,-464668.9756583009,0.0,-0.02130398194087025
333,3321,55.76429,46.833336,-6.1666565,43200,0.07634056066110806,-0.06360751436935186,4345926.351221016,-469559.8699535443,0.0,-0.02977226394627228
578,3384,55.76429,47.0,-6.25,21600,0.05392170864562201,-0.04735583063014042,4331787.087405169,-474407.8424903363,0.0,0.002841930005160547
438,3348,55.76429,46.91667,-6.25,64800,0.07102219780481894,-0.0631727295148879,4338517.220887722,-475144.9119816816,0.0,-0.02313296325101235
403,3339,55.76429,46.833336,-6.0,43200,0.06560216619696478,-0.06616156560249128,4347273.775744883,-456916.88569019584,0.0,0.01441089438629224
298,3312,55.76429,46.833336,-6.25,64800,0.0767778052939003,-0.033810092451201666,4345238.723142079,-475881.0361998027,0.0,-0.003236978853574193
508,3366,55.76429,46.91667,-6.0833282,21600,0.06138265078655738,-0.06441186674207133,4339881.045145775,-462522.2992525033,0.0,0.0009643843881241473
298,3312,55.76429,46.833336,-6.25,86400,0.0657602116287054,-0.05653232907323119,4345238.723142079,-475881.0361998027,0.0,-0.009611347431002145
613,3393,55.76429,47.0,-6.1666565,86400,0.0744909123418967,-0.03832707437958131,4332472.586781167,-468106.2447951276,0.0,0.008009686269941352
683,3411,55.76429,47.0,-6.0,86400,0.07688293498193746,-0.07773391617023749,4333815.840058059,-455502.3996515776,0.0,0.014835369255374287
683,3411,55.76429,47.0,-6.0,43200,0.07614442215833181,-0.06007318635388632,4333815.840058059,-455502.3996515776,0.0,0.00319957078134558
368,3330,55.76429,46.833336,-6.0833282,64800,0.06559327890228028,-0.05904752177126659,4346604.66032198,-463238.8677294356,0.0,0.008838813902705979
648,3402,55.76429,47.0,-6.0833282,86400,0.07278854339750186,-0.07852874493883774,4333148.796028124,-461804.81061430223,0.0,-0.006599484101820293
123,3267,55.76429,46.66667,-6.0,43200,0.07335679099100746,-0.07373045386451088,4360694.650219674,-458327.4764384654,0.0,0.014910572537947656
543,3375,55.76429,46.91667,-6.0,64800,0.07361679786247738,-0.05285381856593893,4340549.125536747,-456210.0964726406,0.0,0.001207078974457325
263,3303,55.76429,46.75,-6.0,43200,0.07241989611107556,-0.05885583817042631,4353989.159796485,-457622.70099545474,0.0,0.013642371192080437
228,3294,55.76429,46.75,-6.0833282,86400,0.0759266009996302,-0.05439978983280553,4353319.010767862,-463954.4488188505,0.0,0.0013825345081366015
473,3357,55.76429,46.91667,-6.1666565,64800,0.07283590938297596,-0.06932260855260686,4339203.78529813,-468833.52373287774,0.0,0.004333602588874059
543,3375,55.76429,46.91667,-6.0,43200,0.07067784846570438,-0.07176112482267248,4340549.125536747,-456210.0964726406,0.0,0.018166193769331894
473,3357,55.76429,46.91667,-6.1666565,86400,0.0868279190145523,-0.06246711013206956,4339203.78529813,-468833.52373287774,0.0,0.004069358734440147
508,3366,55.76429,46.91667,-6.0833282,64800,0.06646849244261853,-0.064900083497134,4339881.045145775,-462522.2992525033,0.0,-0.00248053470652504
473,3357,55.76429,46.91667,-6.1666565,21600,0.08050280716464074,-0.04986265919679038,4339203.78529813,-468833.52373287774,0.0,0.00823291288353633
368,3330,55.76429,46.833336,-6.0833282,21600,0.07483761303457807,-0.04248534021611999,4346604.66032198,-463238.8677294356,0.0,0.02040074841540227
578,3384,55.76429,47.0,-6.25,43200,0.06830297115170003,-0.05584989159241537,4331787.087405169,-474407.8424903363,0.0,-0.008938213081214277
53,3249,55.76429,46.66667,-6.1666565,64800,0.08943386239714471,-0.06882633949518063,4359343.065935845,-471009.49203812674,0.0,0.02003353646996183
88,3258,55.76429,46.66667,-6.0833282,86400,0.05442058743635905,-0.04404197416422533,4360023.469108121,-464668.9756583009,0.0,-0.006494053830773031
403,3339,55.76429,46.833336,-6.0,86400,0.07148748985486482,-0.09244699582055438,4347273.775744883,-456916.88569019584,0.0,0.026957205617654533
88,3258,55.76429,46.66667,-6.0833282,21600,0.06829495642971564,-0.06784805500606184,4360023.469108121,-464668.9756583009,0.0,-0.01811420980164103
263,3303,55.76429,46.75,-6.0,21600,0.0745241685453096,-0.05443620995772674,4353989.159796485,-457622.70099545474,0.0,0.027830556131215663
683,3411,55.76429,47.0,-6.0,21600,0.06363178917286083,-0.04927161494360386,4333815.840058059,-455502.3996515776,0.0,-0.006941780802070829
88,3258,55.76429,46.66667,-6.0833282,64800,0.07170568969185456,-0.0833754878002666,4360023.469108121,-464668.9756583009,0.0,-0.02371624139847443
18,3240,55.76429,46.66667,-6.25,64800,0.07519641053394621,-0.06718212161497461,4358653.3150161095,-477350.1729464703,0.0,-0.007685435804521783
123,3267,55.76429,46.66667,-6.0,21600,0.06857037079057841,-0.05048686760371075,4360694.650219674,-458327.4764384654,0.0,-0.021431472571322784
18,3240,55.76429,46.66667,-6.25,43200,0.06596568252254874,-0.07249159123405216,4358653.3150161095,-477350.1729464703,0.0,0.007697044544233
508,3366,55.76429,46.91667,-6.0833282,86400,0.07274551633010906,-0.06781618708952467,4339881.045145775,-462522.2992525033,0.0,-0.004291572963593705
508,3366,55.76429,46.91667,-6.0833282,43200,0.06472037072775395,-0.040552668237801334,4339881.045145775,-462522.2992525033,0.0,-0.021829947338821206
193,3285,55.76429,46.75,-6.1666565,86400,0.07436253462401139,-0.0760666348764581,4352639.653859386,-470285.21531356085,0.0,-0.021767422132601383
613,3393,55.76429,47.0,-6.1666565,43200,0.07239597194009881,-0.06543935631205962,4332472.586781167,-468106.2447951276,0.0,-0.0024357300913315535
438,3348,55.76429,46.91667,-6.25,21600,0.06002417979535912,-0.06244907608990044,4338517.220887722,-475144.9119816816,0.0,-0.03921244809333108
369,3510,65.80727,46.833336,-6.0833282,86400,0.06930217359158207,-0.0635206972015263,4346604.66032198,-463238.8677294356,0.0,0.0073066261834277176
544,3555,65.80727,46.91667,-6.0,86400,0.06632422288775025,-0.0576109518820082,4340549.125536747,-456210.0964726406,0.0,0.0022764928900528537
299,3492,65.80727,46.833336,-6.25,86400,0.06636702092586072,-0.0560494432499463,4345238.723142079,-475881.0361998027,0.0,-0.007119384996765096
684,3591,65.80727,47.0,-6.0,64800,0.07389021199991493,-0.056415854206535415,4333815.840058059,-455502.3996515776,0.0,-0.004098276899744763
404,3519,65.80727,46.833336,-6.0,86400,0.07157953975786537,-0.07971651719336215,4347273.775744883,-456916.88569019584,0.0,0.017337772763405878
159,3456,65.80727,46.75,-6.25,64800,0.06775764321318978,-0.05669579926669065,4351950.96357759,-476616.1460837916,0.0,0.004156191455950845
264,3483,65.80727,46.75,-6.0,21600,0.07333436642738785,-0.05537388188406621,4353989.159796485,-457622.70099545474,0.0,0.01934080868644083
124,3447,65.80727,46.66667,-6.0,21600,0.06944396358566683,-0.05311520245038525,4360694.650219674,-458327.4764384654,0.0,-0.014516738639048789
404,3519,65.80727,46.833336,-6.0,21600,0.07027454435202014,-0.05579676420836213,4347273.775744883,-456916.88569019584,0.0,-0.008790099174169671
54,3429,65.80727,46.66667,-6.1666565,64800,0.08284689535497503,-0.06484419457771791,4359343.065935845,-471009.49203812674,0.0,0.013323398936244082
89,3438,65.80727,46.66667,-6.0833282,43200,0.06282484851006533,-0.05383799141487491,4360023.469108121,-464668.9756583009,0.0,-0.0129922613192552
614,3573,65.80727,47.0,-6.1666565,21600,0.0745860534237789,-0.05398450061314571,4332472.586781167,-468106.2447951276,0.0,0.008830763578372508
579,3564,65.80727,47.0,-6.25,43200,0.0694448798646691,-0.05484293577655869,4331787.087405169,-474407.8424903363,0.0,-0.0059919912353361615
509,3546,65.80727,46.91667,-6.0833282,64800,0.06737676852391174,-0.06135091779747702,4339881.045145775,-462522.2992525033,0.0,-0.0018099954142057667
649,3582,65.80727,47.0,-6.0833282,64800,0.07324011461323428,-0.06265384722744682,4333148.796028124,-461804.81061430223,0.0,0.002211045394169701
19,3420,65.80727,46.66667,-6.25,43200,0.06785029935727623,-0.06627669520510325,4358653.3150161095,-477350.1729464703,0.0,0.004292631953249605
124,3447,65.80727,46.66667,-6.0,43200,0.07252356716619034,-0.06828344344621165,4360694.650219674,-458327.4764384654,0.0,0.010243824391512385
194,3465,65.80727,46.75,-6.1666565,43200,0.06655504359317752,-0.07308808842085257,4352639.653859386,-470285.21531356085,0.0,0.004431562349237661
264,3483,65.80727,46.75,-6.0,64800,0.06458802474815298,-0.06690470466140454,4353989.159796485,-457622.70099545474,0.0,-0.013291864136009315
439,3528,65.80727,46.91667,-6.25,86400,0.06575631537993902,-0.0552845656225497,4338517.220887722,-475144.9119816816,0.0,-0.009813984174775078
19,3420,65.80727,46.66667,-6.25,21600,0.0644071576436791,-0.06180900834758349,4358653.3150161095,-477350.1729464703,0.0,-0.007353452985380732
229,3474,65.80727,46.75,-6.0833282,64800,0.07778457552562548,-0.06850454213444612,4353319.010767862,-463954.4488188505,0.0,0.006232402177105643
194,3465,65.80727,46.75,-6.1666565,64800,0.07621519848984394,-0.05753614901184431,4352639.653859386,-470285.21531356085,0.0,-0.021139443364139393
159,3456,65.80727,46.75,-6.25,21600,0.06909800121790746,-0.0662159111062312,4351950.96357759,-476616.1460837916,0.0,0.01674464256677895
229,3474,65.80727,46.75,-6.0833282,86400,0.07507089454816188,-0.05409184082259266,4353319.010767862,-463954.4488188505,0.0,-0.000519417656789709
299,3492,65.80727,46.833336,-6.25,21600,0.06744239707951674,-0.04973492163184912,4345238.723142079,-475881.0361998027,0.0,-0.017035516433664112
369,3510,65.80727,46.833336,-6.0833282,43200,0.07235995325890031,-0.0595437374333904,4346604.66032198,-463238.8677294356,0.0,0.008232394006863701
614,3573,65.80727,47.0,-6.1666565,43200,0.07091631812720317,-0.06273452960585559,4332472.586781167,-468106.2447951276,0.0,-0.0011409476414237375
54,3429,65.80727,46.66667,-6.1666565,86400,0.06346067221731001,-0.05056705606818216,4359343.065935845,-471009.49203812674,0.0,-0.009188922084414072
194,3465,65.80727,46.75,-6.1666565,86400,0.07210518072972742,-0.06965969998014598,4352639.653859386,-470285.21531356085,0.0,-0.013352970779815487
334,3501,65.80727,46.833336,-6.1666565,43200,0.07513041472392981,-0.060811047105224454,4345926.351221016,-469559.8699535443,0.0,-0.018552350030885435
614,3573,65.80727,47.0,-6.1666565,86400,0.07358062759001884,-0.04514449803542148,4332472.586781167,-468106.2447951276,0.0,0.005184521653385443
89,3438,65.80727,46.66667,-6.0833282,64800,0.07048338770201158,-0.07333000125523408,4360023.469108121,-464668.9756583009,0.0,-0.016022400290616357
124,3447,65.80727,46.66667,-6.0,86400,0.060745011398015615,-0.04768579806787279,4360694.650219674,-458327.4764384654,0.0,-0.02084352113992011
509,3546,65.80727,46.91667,-6.0833282,86400,0.0715512345248297,-0.06479600167279619,4339881.045145775,-462522.2992525033,0.0,-0.0021859565983842802
649,3582,65.80727,47.0,-6.0833282,43200,0.06747981279205724,-0.05543734260814097,4333148.796028124,-461804.81061430223,0.0,0.011251943333680828
369,3510,65.80727,46.833336,-6.0833282,64800,0.06728605610415833,-0.05894410394027943,4346604.66032198,-463238.8677294356,0.0,0.006044804794079218
229,3474,65.80727,46.75,-6.0833282,43200,0.06784591407663089,-0.04825475564173506,4353319.010767862,-463954.4488188505,0.0,0.02021725354101525
544,3555,65.80727,46.91667,-6.0,43200,0.07133609436670534,-0.06724167927021052,4340549.125536747,-456210.0964726406,0.0,0.014126041666617737
334,3501,65.80727,46.833336,-6.1666565,21600,0.07365083351378915,-0.06030170042341825,4345926.351221016,-469559.8699535443,0.0,0.007190923026256528
474,3537,65.80727,46.91667,-6.1666565,43200,0.0723344501975558,-0.053521179306060554,4339203.78529813,-468833.52373287774,0.0,0.0014551701762405716
684,3591,65.80727,47.0,-6.0,21600,0.06717807195152661,-0.053363878769608304,4333815.840058059,-455502.3996515776,0.0,-0.0020451554576417417
544,3555,65.80727,46.91667,-6.0,64800,0.07290809284551165,-0.05563091976649225,4340549.125536747,-456210.0964726406,0.0,0.0030211211504729495
579,3564,65.80727,47.0,-6.25,86400,0.07400198712596957,-0.0631684396235038,4331787.087405169,-474407.8424903363,0.0,0.01706995740680526
334,3501,65.80727,46.833336,-6.1666565,64800,0.06386393711089783,-0.05825056762776853,4345926.351221016,-469559.8699535443,0.0,-0.014990985577748651
649,3582,65.80727,47.0,-6.0833282,86400,0.07228415014390774,-0.0710975349970082,4333148.796028124,-461804.81061430223,0.0,-0.003367047140196088
684,3591,65.80727,47.0,-6.0,86400,0.07487636746724716,-0.06929019277498098,4333815.840058059,-455502.3996515776,0.0,0.01259745591289248
194,3465,65.80727,46.75,-6.1666565,21600,0.06836659762862848,-0.049900353995981236,4352639.653859386,-470285.21531356085,0.0,0.0002031778063659719
439,3528,65.80727,46.91667,-6.25,21600,0.06382243146869963,-0.06028633848224922,4338517.220887722,-475144.9119816816,0.0,-0.026756636842896593
579,3564,65.80727,47.0,-6.25,64800,0.07088976260418399,-0.04987475011296385,4331787.087405169,-474407.8424903363,0.0,0.019762588076292692
509,3546,65.80727,46.91667,-6.0833282,43200,0.0666421381243098,-0.04662236409404941,4339881.045145775,-462522.2992525033,0.0,-0.014062063405298805
264,3483,65.80727,46.75,-6.0,86400,0.06872648762841092,-0.07016323242484994,4353989.159796485,-457622.70099545474,0.0,0.007813215131585656
684,3591,65.80727,47.0,-6.0,43200,0.07387545043963965,-0.059612382366300634,4333815.840058059,-455502.3996515776,0.0,0.0019600574343899588
509,3546,65.80727,46.91667,-6.0833282,21600,0.06468430290259126,-0.06137852357627455,4339881.045145775,-462522.2992525033,0.0,0.00139597036441123
54,3429,65.80727,46.66667,-6.1666565,21600,0.070433701850432,-0.06035302193274943,4359343.065935845,-471009.49203812674,0.0,-0.011543054509181711
579,3564,65.80727,47.0,-6.25,21600,0.06094714915581596,-0.052463490241591,4331787.087405169,-474407.8424903363,0.0,0.00228963565857914
544,3555,65.80727,46.91667,-6.0,21600,0.0624628377443385,-0.054445885433486885,4340549.125536747,-456210.0964726406,0.0,0.01920622379745853
19,3420,65.80727,46.66667,-6.25,64800,0.07305344084342254,-0.06531874141702837,4358653.3150161095,-477350.1729464703,0.0,-0.0036952723868538995
439,3528,65.80727,46.91667,-6.25,64800,0.06956380245796341,-0.06091395912273993,4338517.220887722,-475144.9119816816,0.0,-0.014236558236798744
89,3438,65.80727,46.66667,-6.0833282,86400,0.059349861966875125,-0.049989608994467534,4360023.469108121,-464668.9756583009,0.0,-0.0034506015918939737
299,3492,65.80727,46.833336,-6.25,64800,0.0742524730459948,-0.04290514430085751,4345238.723142079,-475881.0361998027,0.0,-0.0023704876540223485
649,3582,65.80727,47.0,-6.0833282,21600,0.07058498284607513,-0.04906878180681502,4333148.796028124,-461804.81061430223,0.0,0.006359284663528464
264,3483,65.80727,46.75,-6.0,43200,0.07161644999167172,-0.05985818859707873,4353989.159796485,-457622.70099545474,0.0,0.009220746093028353
229,3474,65.80727,46.75,-6.0833282,21600,0.06250177884696496,-0.05511786307333257,4353319.010767862,-463954.4488188505,0.0,-0.0032151857586341266
474,3537,65.80727,46.91667,-6.1666565,64800,0.0722619339266904,-0.06627128804666314,4339203.78529813,-468833.52373287774,0.0,0.004577803327455808
369,3510,65.80727,46.833336,-6.0833282,21600,0.07369068021017601,-0.04749426103226584,4346604.66032198,-463238.8677294356,0.0,0.013199256684132524
404,3519,65.80727,46.833336,-6.0,64800,0.06653529259086602,-0.06688871094313623,4347273.775744883,-456916.88569019584,0.0,0.007295969188553572
54,3429,65.80727,46.66667,-6.1666565,43200,0.06963278461441923,-0.04787404485174149,4359343.065935845,-471009.49203812674,0.0,-0.014941747239004308
19,3420,65.80727,46.66667,-6.25,86400,0.06907384382443704,-0.05604730289532628,4358653.3150161095,-477350.1729464703,0.0,-0.007742747567119612
614,3573,65.80727,47.0,-6.1666565,64800,0.06603048804186444,-0.050166339875315685,4332472.586781167,-468106.2447951276,0.0,-0.0019158817451948654
474,3537,65.80727,46.91667,-6.1666565,21600,0.077137134804437,-0.05321974792735812,4339203.78529813,-468833.52373287774,0.0,0.004484093670495772
89,3438,65.80727,46.66667,-6.0833282,21600,0.0681613992339184,-0.06473614668688381,4360023.469108121,-464668.9756583009,0.0,-0.011539339896945921
159,3456,65.80727,46.75,-6.25,86400,0.06700737051292487,-0.04345276758853367,4351950.96357759,-476616.1460837916,0.0,-0.010982901150893757
334,3501,65.80727,46.833336,-6.1666565,86400,0.071633962847794,-0.06877830440875624,4345926.351221016,-469559.8699535443,0.0,0.0028142250337067597
474,3537,65.80727,46.91667,-6.1666565,86400,0.08193274352805009,-0.060843386199467005,4339203.78529813,-468833.52373287774,0.0,0.001997137861676283
439,3528,65.80727,46.91667,-6.25,43200,0.07267293124215118,-0.051567028360639554,4338517.220887722,-475144.9119816816,0.0,0.003548090430642179
159,3456,65.80727,46.75,-6.25,43200,0.071815457903245,-0.05137347721617604,4351950.96357759,-476616.1460837916,0.0,-0.0013243166768482717
124,3447,65.80727,46.66667,-6.0,64800,0.0712202040849884,-0.057509390311145506,4360694.650219674,-458327.4764384654,0.0,0.017945903930954507
299,3492,65.80727,46.833336,-6.25,43200,0.0756007620734204,-0.07868250271569956,4345238.723142079,-475881.0361998027,0.0,0.0007006159985754837
404,3519,65.80727,46.833336,-6.0,43200,0.06743017485065547,-0.06237050826582293,4347273.775744883,-456916.88569019584,0.0,0.008146346888568537
475,3717,77.85385,46.91667,-6.1666565,64800,0.07166605353182674,-0.06361855060730533,4339203.78529813,-468833.52373287774,0.0,0.0042454629414763806
20,3600,77.85385,46.66667,-6.25,43200,0.06901378279960839,-0.062058566296957475,4358653.3150161095,-477350.1729464703,0.0,0.002020938989731297
685,3771,77.85385,47.0,-6.0,64800,0.07314372852327186,-0.05702867542050446,4333815.840058059,-455502.3996515776,0.0,-0.00261210847298197
55,3609,77.85385,46.66667,-6.1666565,43200,0.06994280937175375,-0.052637530789449154,4359343.065935845,-471009.49203812674,0.0,-0.010632574342646414
20,3600,77.85385,46.66667,-6.25,21600,0.06759691518981278,-0.061186086958628386,4358653.3150161095,-477350.1729464703,0.0,-0.004422431894352399
650,3762,77.85385,47.0,-6.0833282,64800,0.07264321717356503,-0.062112851974937315,4333148.796028124,-461804.81061430223,0.0,0.0018124863948290654
615,3753,77.85385,47.0,-6.1666565,86400,0.07287152684349883,-0.05015573320716483,4332472.586781167,-468106.2447951276,0.0,0.0032195448811337055
90,3618,77.85385,46.66667,-6.0833282,43200,0.06573073804503626,-0.05536009336496956,4360023.469108121,-464668.9756583009,0.0,-0.007289056690341898
20,3600,77.85385,46.66667,-6.25,86400,0.06954600078405727,-0.057309848809553074,4358653.3150161095,-477350.1729464703,0.0,-0.00461063095979371
615,3753,77.85385,47.0,-6.1666565,64800,0.06767194595901758,-0.05203983444237864,4332472.586781167,-468106.2447951276,0.0,-0.001962293183288996
55,3609,77.85385,46.66667,-6.1666565,21600,0.07059574409759976,-0.05937051294337568,4359343.065935845,-471009.49203812674,0.0,-0.006557902290711071
580,3744,77.85385,47.0,-6.25,64800,0.0712667247858796,-0.05303566004013202,4331787.087405169,-474407.8424903363,0.0,0.012939812981693197
545,3735,77.85385,46.91667,-6.0,64800,0.07226226722645808,-0.057281237754005315,4340549.125536747,-456210.0964726406,0.0,0.0034244046178722363
90,3618,77.85385,46.66667,-6.0833282,21600,0.06856312030196103,-0.06215689905757217,4360023.469108121,-464668.9756583009,0.0,-0.006971150462961488
510,3726,77.85385,46.91667,-6.0833282,64800,0.06826477076843598,-0.05922136075486313,4339881.045145775,-462522.2992525033,0.0,-0.0016115853663841962
125,3627,77.85385,46.66667,-6.0,43200,0.07184307866039763,-0.0642210031393176,4360694.650219674,-458327.4764384654,0.0,0.006728644399232356
265,3663,77.85385,46.75,-6.0,64800,0.06619131466501334,-0.062207129601229566,4353989.159796485,-457622.70099545474,0.0,-0.006748291246084846
55,3609,77.85385,46.66667,-6.1666565,86400,0.06601258511059019,-0.0528494403365638,4359343.065935845,-471009.49203812674,0.0,-0.005263651343082009
580,3744,77.85385,47.0,-6.25,86400,0.07320811553042988,-0.0601851751529542,4331787.087405169,-474407.8424903363,0.0,0.01195296134048206
440,3708,77.85385,46.91667,-6.25,64800,0.06903814197707558,-0.059434199375905196,4338517.220887722,-475144.9119816816,0.0,-0.007776723694700521
370,3690,77.85385,46.833336,-6.0833282,86400,0.07042983582926074,-0.061728534813128115,4346604.66032198,-463238.8677294356,0.0,0.005048844445505169
160,3636,77.85385,46.75,-6.25,21600,0.06925906987516088,-0.06155252648916565,4351950.96357759,-476616.1460837916,0.0,0.01057644949518483
405,3699,77.85385,46.833336,-6.0,64800,0.06749759509213557,-0.06389504505511844,4347273.775744883,-456916.88569019584,0.0,0.004478527265481663
90,3618,77.85385,46.66667,-6.0833282,86400,0.06332506947485282,-0.05393581469889862,4360023.469108121,-464668.9756583009,0.0,-0.0016120198472638987
370,3690,77.85385,46.833336,-6.0833282,64800,0.06843122939544297,-0.05863054876081099,4346604.66032198,-463238.8677294356,0.0,0.0037649454010270614
195,3645,77.85385,46.75,-6.1666565,21600,0.0691340000551859,-0.0532241078070246,4352639.653859386,-470285.21531356085,0.0,-0.0012621322275651419
335,3681,77.85385,46.833336,-6.1666565,64800,0.06662580068539911,-0.058264855888209684,4345926.351221016,-469559.8699535443,0.0,-0.007624677727406224
160,3636,77.85385,46.75,-6.25,43200,0.07137621748072383,-0.05394023058303257,4351950.96357759,-476616.1460837916,0.0,-0.0021150018444838353
650,3762,77.85385,47.0,-6.0833282,86400,0.07180216647426135,-0.06568145473821249,4333148.796028124,-461804.81061430223,0.0,-0.0012761374045520248
230,3654,77.85385,46.75,-6.0833282,21600,0.06463941288985954,-0.05482290818041136,4353319.010767862,-463954.4488188505,0.0,-0.0015428447638809015
300,3672,77.85385,46.833336,-6.25,64800,0.07262142978047903,-0.04942364300925135,4345238.723142079,-475881.0361998027,0.0,-0.0016490749437663875
545,3735,77.85385,46.91667,-6.0,86400,0.06781801560164494,-0.05803069628943441,4340549.125536747,-456210.0964726406,0.0,0.0021868876690452265
125,3627,77.85385,46.66667,-6.0,21600,0.06990309342874167,-0.054967119240352254,4360694.650219674,-458327.4764384654,0.0,-0.00906769039993322
125,3627,77.85385,46.66667,-6.0,86400,0.06432091085540259,-0.0509777705079446,4360694.650219674,-458327.4764384654,0.0,-0.013573502971094147
160,3636,77.85385,46.75,-6.25,64800,0.06840258318933877,-0.057591502967043746,4351950.96357759,-476616.1460837916,0.0,0.0025220512740973654
195,3645,77.85385,46.75,-6.1666565,86400,0.070771687111818,-0.06498445196451595,4352639.653859386,-470285.21531356085,0.0,-0.0073096173489136836
300,3672,77.85385,46.833336,-6.25,86400,0.06729335604112827,-0.05617366158849745,4345238.723142079,-475881.0361998027,0.0,-0.004913898846556081
300,3672,77.85385,46.833336,-6.25,21600,0.06865552499648253,-0.05298021512695565,4345238.723142079,-475881.0361998027,0.0,-0.010796295324394224
335,3681,77.85385,46.833336,-6.1666565,86400,0.07098215697302625,-0.0650337218116293,4345926.351221016,-469559.8699535443,0.0,0.002467475968192132
265,3663,77.85385,46.75,-6.0,43200,0.07107426015620846,-0.060002540857778834,4353989.159796485,-457622.70099545474,0.0,0.00593268100157966
580,3744,77.85385,47.0,-6.25,21600,0.06582546955281798,-0.05567829909137625,4331787.087405169,-474407.8424903363,0.0,0.0016065632542505554
405,3699,77.85385,46.833336,-6.0,43200,0.06876051961616321,-0.059974193485426305,4347273.775744883,-456916.88569019584,0.0,0.004075872600167706
475,3717,77.85385,46.91667,-6.1666565,21600,0.07465984158419554,-0.055427616513307965,4339203.78529813,-468833.52373287774,0.0,0.002138928045697602
685,3771,77.85385,47.0,-6.0,43200,0.07256095721629692,-0.05938696309996819,4333815.840058059,-455502.3996515776,0.0,0.0013074174762301993
405,3699,77.85385,46.833336,-6.0,21600,0.07026565452441166,-0.05759308291778176,4347273.775744883,-456916.88569019584,0.0,-0.0048927781750701125
300,3672,77.85385,46.833336,-6.25,43200,0.0735630442988512,-0.070753027151969,4345238.723142079,-475881.0361998027,0.0,-0.0006595900047899785
335,3681,77.85385,46.833336,-6.1666565,21600,0.07296786950615398,-0.060119856742497514,4345926.351221016,-469559.8699535443,0.0,0.004824075379559641
230,3654,77.85385,46.75,-6.0833282,86400,0.07406649999823739,-0.05457034891362575,4353319.010767862,-463954.4488188505,0.0,-0.0013654997147619428
475,3717,77.85385,46.91667,-6.1666565,86400,0.07798815480625541,-0.05951157773325885,4339203.78529813,-468833.52373287774,0.0,0.0009097854907836163
55,3609,77.85385,46.66667,-6.1666565,64800,0.07809866476444204,-0.0619931554707501,4359343.065935845,-471009.49203812674,0.0,0.00836958257529553
125,3627,77.85385,46.66667,-6.0,64800,0.07112253857729166,-0.05805258700684218,4360694.650219674,-458327.4764384654,0.0,0.012089378649469424
545,3735,77.85385,46.91667,-6.0,21600,0.06478074385962575,-0.05558821574858932,4340549.125536747,-456210.0964726406,0.0,0.011787910071900361
475,3717,77.85385,46.91667,-6.1666565,43200,0.07183586980829082,-0.05412331610029823,4339203.78529813,-468833.52373287774,0.0,0.0009717307838545514
545,3735,77.85385,46.91667,-6.0,43200,0.07162304250725512,-0.06373646829883012,4340549.125536747,-456210.0964726406,0.0,0.010068907635045015
510,3726,77.85385,46.91667,-6.0833282,86400,0.07083720991574069,-0.06259632611171342,4339881.045145775,-462522.2992525033,0.0,-0.0010286558605647953
370,3690,77.85385,46.833336,-6.0833282,21600,0.07268781629069186,-0.051196865498617135,4346604.66032198,-463238.8677294356,0.0,0.008072821224172884
510,3726,77.85385,46.91667,-6.0833282,43200,0.06795770160432416,-0.05097673913247261,4339881.045145775,-462522.2992525033,0.0,-0.00821289252599229
650,3762,77.85385,47.0,-6.0833282,21600,0.07142604735823742,-0.05317078227722669,4333148.796028124,-461804.81061430223,0.0,0.003213293514697043
510,3726,77.85385,46.91667,-6.0833282,21600,0.06696942801310538,-0.059469154599184205,4339881.045145775,-462522.2992525033,0.0,0.0011956221087595907
265,3663,77.85385,46.75,-6.0,86400,0.06955280928752389,-0.0655812485615599,4353989.159796485,-457622.70099545474,0.0,0.005095107241036475
440,3708,77.85385,46.91667,-6.25,43200,0.07167887028136878,-0.054206159464828145,4338517.220887722,-475144.9119816816,0.0,0.0020699517977585155
685,3771,77.85385,47.0,-6.0,86400,0.07341449548304559,-0.06404288944370015,4333815.840058059,-455502.3996515776,0.0,0.0096365500241534
580,3744,77.85385,47.0,-6.25,43200,0.07029691035387627,-0.054908597828592275,4331787.087405169,-474407.8424903363,0.0,-0.0037243774878892716
20,3600,77.85385,46.66667,-6.25,64800,0.07176626905393235,-0.06344843766840866,4358653.3150161095,-477350.1729464703,0.0,-0.0013696672005944373
685,3771,77.85385,47.0,-6.0,21600,0.06943834437230585,-0.055872231343527146,4333815.840058059,-455502.3996515776,0.0,0.0003170153118903509
615,3753,77.85385,47.0,-6.1666565,21600,0.07344613040208724,-0.055548649438183516,4332472.586781167,-468106.2447951276,0.0,0.005776321226997968
90,3618,77.85385,46.66667,-6.0833282,64800,0.06996814255664997,-0.06643451511372639,4360023.469108121,-464668.9756583009,0.0,-0.010064905437919823
230,3654,77.85385,46.75,-6.0833282,64800,0.07468713890441847,-0.06515955992376563,4353319.010767862,-463954.4488188505,0.0,0.005659467700586893
335,3681,77.85385,46.833336,-6.1666565,43200,0.07400931483794246,-0.059219800892831936,4345926.351221016,-469559.8699535443,0.0,-0.010863285039041517
405,3699,77.85385,46.833336,-6.0,86400,0.0716008121439725,-0.0707410902378582,4347273.775744883,-456916.88569019584,0.0,0.010447926675745487
265,3663,77.85385,46.75,-6.0,21600,0.07242325316511532,-0.056156672324401094,4353989.159796485,-457622.70099545474,0.0,0.01266008588062927
195,3645,77.85385,46.75,-6.1666565,43200,0.06835369204081253,-0.06855025844212403,4352639.653859386,-470285.21531356085,0.0,0.004046080049015781
650,3762,77.85385,47.0,-6.0833282,43200,0.06925127738632583,-0.05606422440717426,4333148.796028124,-461804.81061430223,0.0,0.006333022807849268
440,3708,77.85385,46.91667,-6.25,86400,0.06800153646423922,-0.057234394465343216,4338517.220887722,-475144.9119816816,0.0,-0.00671976835425112
615,3753,77.85385,47.0,-6.1666565,43200,0.0702931009576486,-0.06077154014724832,4332472.586781167,-468106.2447951276,0.0,-0.00041824965585982786
440,3708,77.85385,46.91667,-6.25,21600,0.06653114332939952,-0.05882286172632706,4338517.220887722,-475144.9119816816,0.0,-0.01730325493710126
160,3636,77.85385,46.75,-6.25,86400,0.06766138331302418,-0.049264394100760146,4351950.96357759,-476616.1460837916,0.0,-0.007692143717059777
230,3654,77.85385,46.75,-6.0833282,43200,0.06866442718773565,-0.0516447177391039,4353319.010767862,-463954.4488188505,0.0,0.01256288884008363
370,3690,77.85385,46.833336,-6.0833282,43200,0.07150022403092281,-0.05895118813592635,4346604.66032198,-463238.8677294356,0.0,0.0050183109579843505
195,3645,77.85385,46.75,-6.1666565,64800,0.0736473219034387,-0.05813950075001442,4352639.653859386,-470285.21531356085,0.0,-0.0146683630985896
91,3798,92.32607,46.66667,-6.0833282,64800,0.07109164790716747,-0.06181660653448915,4360023.469108121,-464668.9756583009,0.0,-0.005800676463151127
266,3843,92.32607,46.75,-6.0,43200,0.07075593867323178,-0.05964235981490628,4353989.159796485,-457622.70099545474,0.0,0.0036444021962489716
406,3879,92.32607,46.833336,-6.0,64800,0.06957947295384052,-0.06141614740003297,4347273.775744883,-456916.88569019584,0.0,0.0025867656149149093
546,3915,92.32607,46.91667,-6.0,64800,0.07290020007078436,-0.0577486075848005,4340549.125536747,-456210.0964726406,0.0,0.0029545686159487407
231,3834,92.32607,46.75,-6.0833282,86400,0.07308122717754527,-0.0553934352012291,4353319.010767862,-463954.4488188505,0.0,-0.0014867076407456077
161,3816,92.32607,46.75,-6.25,43200,0.07222763357505455,-0.05521362818257761,4351950.96357759,-476616.1460837916,0.0,-0.0022012012873616487
371,3870,92.32607,46.833336,-6.0833282,21600,0.0730720820535459,-0.053443296457740264,4346604.66032198,-463238.8677294356,0.0,0.004636999123701062
511,3906,92.32607,46.91667,-6.0833282,64800,0.07022331378513932,-0.05780001114819308,4339881.045145775,-462522.2992525033,0.0,-0.0015615363479416686
511,3906,92.32607,46.91667,-6.0833282,43200,0.07003625344724017,-0.05354719201020126,4339881.045145775,-462522.2992525033,0.0,-0.004188086660173725
686,3951,92.32607,47.0,-6.0,21600,0.07068814005644897,-0.05719954834706008,4333815.840058059,-455502.3996515776,0.0,0.0010153220375789952
441,3888,92.32607,46.91667,-6.25,21600,0.06950966078177861,-0.057644565121778395,4338517.220887722,-475144.9119816816,0.0,-0.010533905764310373
476,3897,92.32607,46.91667,-6.1666565,64800,0.07236680714947032,-0.06114249471461422,4339203.78529813,-468833.52373287774,0.0,0.0035227821668142026
91,3798,92.32607,46.66667,-6.0833282,86400,0.06747759267083171,-0.05593369080603992,4360023.469108121,-464668.9756583009,0.0,-0.0006177378725319836
126,3807,92.32607,46.66667,-6.0,21600,0.07132765409765873,-0.0558724340570068,4360694.650219674,-458327.4764384654,0.0,-0.005140723367600363
651,3942,92.32607,47.0,-6.0833282,21600,0.07180778394225645,-0.05564822302433258,4333148.796028124,-461804.81061430223,0.0,0.0014407210223812974
651,3942,92.32607,47.0,-6.0833282,43200,0.07040300559049081,-0.056463555799317944,4333148.796028124,-461804.81061430223,0.0,0.0032232102374976103
476,3897,92.32607,46.91667,-6.1666565,21600,0.07411000239458707,-0.05638116917420229,4339203.78529813,-468833.52373287774,0.0,0.0008381421889252191
336,3861,92.32607,46.833336,-6.1666565,64800,0.0696267308698284,-0.0578530878672496,4345926.351221016,-469559.8699535443,0.0,-0.003177598490318345
161,3816,92.32607,46.75,-6.25,86400,0.06958250727771918,-0.05278654381057357,4351950.96357759,-476616.1460837916,0.0,-0.004997210549333546
91,3798,92.32607,46.66667,-6.0833282,21600,0.07037589048736365,-0.05991255518588782,4360023.469108121,-464668.9756583009,0.0,-0.003989617591542206
616,3933,92.32607,47.0,-6.1666565,43200,0.07022832863752866,-0.059445939979180816,4332472.586781167,-468106.2447951276,0.0,-3.463750554312876e-05
56,3789,92.32607,46.66667,-6.1666565,64800,0.07608046532954267,-0.05979106325112694,4359343.065935845,-471009.49203812674,0.0,0.004930021715421307
546,3915,92.32607,46.91667,-6.0,43200,0.0728008768630461,-0.06089149357683068,4340549.125536747,-456210.0964726406,0.0,0.006507341451351227
336,3861,92.32607,46.833336,-6.1666565,21600,0.0734183662004674,-0.059302669300740234,4345926.351221016,-469559.8699535443,0.0,0.002986334663253195
581,3924,92.32607,47.0,-6.25,43200,0.07087476417144238,-0.05552583930577055,4331787.087405169,-474407.8424903363,0.0,-0.0021382987986721795
476,3897,92.32607,46.91667,-6.1666565,86400,0.07623699947397587,-0.05823712321947718,4339203.78529813,-468833.52373287774,0.0,0.0004404426046000636
56,3789,92.32607,46.66667,-6.1666565,86400,0.06905931548053566,-0.054461550219361436,4359343.065935845,-471009.49203812674,0.0,-0.002783372904129199
371,3870,92.32607,46.833336,-6.0833282,64800,0.07037015229900538,-0.0578954079142587,4346604.66032198,-463238.8677294356,0.0,0.0021004200350400693
196,3825,92.32607,46.75,-6.1666565,21600,0.07095917187153901,-0.054847704448828784,4352639.653859386,-470285.21531356085,0.0,-0.001889825809022757
581,3924,92.32607,47.0,-6.25,86400,0.0726418971027914,-0.05842639515128162,4331787.087405169,-474407.8424903363,0.0,0.00775814210277081
126,3807,92.32607,46.66667,-6.0,43200,0.07253321633040453,-0.061080477613049654,4360694.650219674,-458327.4764384654,0.0,0.0041658483939924
126,3807,92.32607,46.66667,-6.0,64800,0.07218780468366973,-0.05778174024642,4360694.650219674,-458327.4764384654,0.0,0.007710337547843375
301,3852,92.32607,46.833336,-6.25,64800,0.07282406853540324,-0.05331741583701919,4345238.723142079,-475881.0361998027,0.0,-0.0010741893129725978
266,3843,92.32607,46.75,-6.0,86400,0.070109076568598,-0.06235080642076109,4353989.159796485,-457622.70099545474,0.0,0.0029925283331693063
511,3906,92.32607,46.91667,-6.0833282,21600,0.06964695222815881,-0.05807586326202671,4339881.045145775,-462522.2992525033,0.0,0.0007667878529479848
616,3933,92.32607,47.0,-6.1666565,86400,0.07234295561775642,-0.053552622698193685,4332472.586781167,-468106.2447951276,0.0,0.0018631887504486709
686,3951,92.32607,47.0,-6.0,43200,0.07189094212766724,-0.05920490470597559,4333815.840058059,-455502.3996515776,0.0,0.0009873455015147255
301,3852,92.32607,46.833336,-6.25,86400,0.06947025572090469,-0.056237748117986666,4345238.723142079,-475881.0361998027,0.0,-0.0031172811864630255
266,3843,92.32607,46.75,-6.0,64800,0.06758831846613066,-0.0595675692180628,4353989.159796485,-457622.70099545474,0.0,-0.0029199263637233776
651,3942,92.32607,47.0,-6.0833282,64800,0.07224852077006191,-0.06106511298158232,4333148.796028124,-461804.81061430223,0.0,0.001219646535989745
21,3780,92.32607,46.66667,-6.25,64800,0.0710952005286974,-0.061750253511750675,4358653.3150161095,-477350.1729464703,0.0,-0.00020130356362106912
196,3825,92.32607,46.75,-6.1666565,43200,0.0706560328380866,-0.06457016720805617,4352639.653859386,-470285.21531356085,0.0,0.003326296581361026
196,3825,92.32607,46.75,-6.1666565,64800,0.0731812724081427,-0.058039961401297725,4352639.653859386,-470285.21531356085,0.0,-0.009471524865646563
371,3870,92.32607,46.833336,-6.0833282,43200,0.07210972828264833,-0.058133814156835474,4346604.66032198,-463238.8677294356,0.0,0.0027525776967761736
581,3924,92.32607,47.0,-6.25,21600,0.06887362211684141,-0.05738145282281739,4331787.087405169,-474407.8424903363,0.0,0.0009671080201286956
231,3834,92.32607,46.75,-6.0833282,43200,0.06936988714140703,-0.05421134603771053,4353319.010767862,-463954.4488188505,0.0,0.007202204107865548
441,3888,92.32607,46.91667,-6.25,86400,0.07059729105095852,-0.057856194989977135,4338517.220887722,-475144.9119816816,0.0,-0.004351828427162664
56,3789,92.32607,46.66667,-6.1666565,43200,0.07142749758331854,-0.055201109994033104,4359343.065935845,-471009.49203812674,0.0,-0.006832775625192752
161,3816,92.32607,46.75,-6.25,21600,0.07077846856981825,-0.0586269089518129,4351950.96357759,-476616.1460837916,0.0,0.006411422220496081
336,3861,92.32607,46.833336,-6.1666565,43200,0.07421724203317528,-0.05813949158933884,4345926.351221016,-469559.8699535443,0.0,-0.0059579502171864555
266,3843,92.32607,46.75,-6.0,21600,0.07174846321453261,-0.05672682526988472,4353989.159796485,-457622.70099545474,0.0,0.007726922947583886
231,3834,92.32607,46.75,-6.0833282,64800,0.07267980595198777,-0.06253231071912556,4353319.010767862,-463954.4488188505,0.0,0.004392004347094589
616,3933,92.32607,47.0,-6.1666565,21600,0.07267273973823443,-0.05652382575692929,4332472.586781167,-468106.2447951276,0.0,0.0036437815661470347
126,3807,92.32607,46.66667,-6.0,86400,0.06807777166065425,-0.05325203555981006,4360694.650219674,-458327.4764384654,0.0,-0.008219356185829243
686,3951,92.32607,47.0,-6.0,64800,0.07251486866486026,-0.05746408608016166,4333815.840058059,-455502.3996515776,0.0,-0.0014615941062378342
196,3825,92.32607,46.75,-6.1666565,86400,0.07133418650042908,-0.06149985338967172,4352639.653859386,-470285.21531356085,0.0,-0.003378401790270923
21,3780,92.32607,46.66667,-6.25,21600,0.06936476568972617,-0.0601288239777451,4358653.3150161095,-477350.1729464703,0.0,-0.0023592111523760067
406,3879,92.32607,46.833336,-6.0,86400,0.0727121812551914,-0.06455452779130318,4347273.775744883,-456916.88569019584,0.0,0.005855160149557178
301,3852,92.32607,46.833336,-6.25,21600,0.07070008312017469,-0.05482482892007695,4345238.723142079,-475881.0361998027,0.0,-0.006278450160213619
651,3942,92.32607,47.0,-6.0833282,86400,0.07146152219127279,-0.06209007351950947,4333148.796028124,-461804.81061430223,0.0,-0.00011656346494394828
371,3870,92.32607,46.833336,-6.0833282,86400,0.07211347524069184,-0.06001977256106299,4346604.66032198,-463238.8677294356,0.0,0.003215415467547948
231,3834,92.32607,46.75,-6.0833282,21600,0.06644306333909529,-0.05525692909007911,4353319.010767862,-463954.4488188505,0.0,-0.0007344572764154011
581,3924,92.32607,47.0,-6.25,64800,0.07147889763081958,-0.055179862476141275,4331787.087405169,-474407.8424903363,0.0,0.007939701850778354
21,3780,92.32607,46.66667,-6.25,43200,0.06968269955267116,-0.05950986174222973,4358653.3150161095,-477350.1729464703,0.0,0.0007009156379598372
441,3888,92.32607,46.91667,-6.25,64800,0.07031622712170965,-0.05825846138921509,4338517.220887722,-475144.9119816816,0.0,-0.003559958831292443
21,3780,92.32607,46.66667,-6.25,86400,0.06989228448661595,-0.05791181441799334,4358653.3150161095,-477350.1729464703,0.0,-0.0025393960246304285
56,3789,92.32607,46.66667,-6.1666565,21600,0.07188919998338243,-0.05838517748957222,4359343.065935845,-471009.49203812674,0.0,-0.0032359005869672707
686,3951,92.32607,47.0,-6.0,86400,0.07244680326574217,-0.06109281853283375,4333815.840058059,-455502.3996515776,0.0,0.006625925571793494
476,3897,92.32607,46.91667,-6.1666565,43200,0.07262104671514846,-0.05456702972084615,4339203.78529813,-468833.52373287774,0.0,0.0006883404356200156
546,3915,92.32607,46.91667,-6.0,21600,0.06797058835222776,-0.05605958642641762,4340549.125536747,-456210.0964726406,0.0,0.006707830310377237
406,3879,92.32607,46.833336,-6.0,43200,0.0708212700680951,-0.05826553124533807,4347273.775744883,-456916.88569019584,0.0,0.0017245365126458273
441,3888,92.32607,46.91667,-6.25,43200,0.07229561306068287,-0.055639436545906265,4338517.220887722,-475144.9119816816,0.0,0.0012755032867012293
336,3861,92.32607,46.833336,-6.1666565,86400,0.07180427524140406,-0.06195579080426719,4345926.351221016,-469559.8699535443,0.0,0.001749828006647996
616,3933,92.32607,47.0,-6.1666565,64800,0.0689905265148149,-0.05377053293059502,4332472.586781167,-468106.2447951276,0.0,-0.0016846385806593806
301,3852,92.32607,46.833336,-6.25,43200,0.07336027656610104,-0.06501846768217201,4345238.723142079,-475881.0361998027,0.0,-0.001112689260254729
406,3879,92.32607,46.833336,-6.0,21600,0.07155436858441724,-0.05807433501776805,4347273.775744883,-456916.88569019584,0.0,-0.0025821471603784496
546,3915,92.32607,46.91667,-6.0,86400,0.07016166521827072,-0.05780299542775535,4340549.125536747,-456210.0964726406,0.0,0.001693836083537128
91,3798,92.32607,46.66667,-6.0833282,43200,0.06890330122917909,-0.05599685055561758,4360023.469108121,-464668.9756583009,0.0,-0.003728168160732638
161,3816,92.32607,46.75,-6.25,64800,0.07023523463986872,-0.05783294474485269,4351950.96357759,-476616.1460837916,0.0,0.0014261901719421837
511,3906,92.32607,46.91667,-6.0833282,86400,0.0716830304448644,-0.060666736019124985,4339881.045145775,-462522.2992525033,0.0,-0.00047907871553827443
337,4041,109.7293,46.833336,-6.1666565,86400,0.0716226208898444,-0.06008207487176161,4345926.351221016,-469559.8699535443,0.0,0.001006508869553937
407,4059,109.7293,46.833336,-6.0,21600,0.07164447444051869,-0.0582955657298431,4347273.775744883,-456916.88569019584,0.0,-0.001333285866006707
197,4005,109.7293,46.75,-6.1666565,86400,0.07115240305459004,-0.059580774400508504,4352639.653859386,-470285.21531356085,0.0,-0.0011239231150497876
127,3987,109.7293,46.66667,-6.0,21600,0.07144842347775182,-0.05668849552946486,4360694.650219674,-458327.4764384654,0.0,-0.002591784360740985
582,4104,109.7293,47.0,-6.25,86400,0.0722506313388052,-0.057610071401451086,4331787.087405169,-474407.8424903363,0.0,0.004625203014386708
442,4068,109.7293,46.91667,-6.25,64800,0.07067900016466025,-0.0578762894826526,4338517.220887722,-475144.9119816816,0.0,-0.0011620787357835673
687,4131,109.7293,47.0,-6.0,43200,0.0715897370581222,-0.058978860584525894,4333815.840058059,-455502.3996515776,0.0,0.0007954043084325825
652,4122,109.7293,47.0,-6.0833282,43200,0.07105946512784375,-0.05678067597847,4333148.796028124,-461804.81061430223,0.0,0.0014413689517325187
162,3996,109.7293,46.75,-6.25,21600,0.07111733254144889,-0.05751211012870039,4351950.96357759,-476616.1460837916,0.0,0.0037195609782033155
372,4050,109.7293,46.833336,-6.0833282,86400,0.07218835226641579,-0.059066402676131044,4346604.66032198,-463238.8677294356,0.0,0.0018502179185217492
477,4077,109.7293,46.91667,-6.1666565,64800,0.07202105420824939,-0.059596648470939345,4339203.78529813,-468833.52373287774,0.0,0.002636421686694846
547,4095,109.7293,46.91667,-6.0,21600,0.0694835926125668,-0.05661229749007989,4340549.125536747,-456210.0964726406,0.0,0.0035438775327623754
617,4113,109.7293,47.0,-6.1666565,64800,0.06998885638563547,-0.0552201539007381,4332472.586781167,-468106.2447951276,0.0,-0.0012793088701133933
302,4032,109.7293,46.833336,-6.25,43200,0.07248577753164581,-0.06163864481387694,4345238.723142079,-475881.0361998027,0.0,-0.0010620128652185522
92,3978,109.7293,46.66667,-6.0833282,43200,0.0701641281782718,-0.056614997565441194,4360023.469108121,-464668.9756583009,0.0,-0.0017248769824749724
407,4059,109.7293,46.833336,-6.0,43200,0.07131046566201416,-0.05760687260712691,4347273.775744883,-456916.88569019584,0.0,0.0005634825774616817
617,4113,109.7293,47.0,-6.1666565,86400,0.0719731228676952,-0.05564859388365855,4332472.586781167,-468106.2447951276,0.0,0.0009559801802119626
582,4104,109.7293,47.0,-6.25,21600,0.07053272631403423,-0.05805420907000186,4331787.087405169,-474407.8424903363,0.0,0.0004788079810093241
652,4122,109.7293,47.0,-6.0833282,64800,0.07197691612350399,-0.05994034785547817,4333148.796028124,-461804.81061430223,0.0,0.0006425602097124263
372,4050,109.7293,46.833336,-6.0833282,43200,0.07175676616232783,-0.05782021346214108,4346604.66032198,-463238.8677294356,0.0,0.0012770600317463323
442,4068,109.7293,46.91667,-6.25,86400,0.07134833510501276,-0.05818355779428572,4338517.220887722,-475144.9119816816,0.0,-0.0026125338701933083
22,3960,109.7293,46.66667,-6.25,21600,0.07020669429622277,-0.059130498982284146,4358653.3150161095,-477350.1729464703,0.0,-0.0010815538038236381
617,4113,109.7293,47.0,-6.1666565,21600,0.07217510165836517,-0.05712224763535869,4332472.586781167,-468106.2447951276,0.0,0.002201941205011197
337,4041,109.7293,46.833336,-6.1666565,43200,0.07339247698201275,-0.05789469474125829,4345926.351221016,-469559.8699535443,0.0,-0.0030501586356461085
687,4131,109.7293,47.0,-6.0,64800,0.0720181175320044,-0.05771912626134178,4333815.840058059,-455502.3996515776,0.0,-0.00069335660510018
57,3969,109.7293,46.66667,-6.1666565,43200,0.07163084123516543,-0.056772492403447096,4359343.065935845,-471009.49203812674,0.0,-0.0039060383252341306
442,4068,109.7293,46.91667,-6.25,43200,0.07197587138243276,-0.05671169836910622,4338517.220887722,-475144.9119816816,0.0,0.0008227012566760309
477,4077,109.7293,46.91667,-6.1666565,43200,0.07229528833005754,-0.05544078479662042,4339203.78529813,-468833.52373287774,0.0,0.0005021435332873093
22,3960,109.7293,46.66667,-6.25,86400,0.07014866370273906,-0.05810754351773814,4358653.3150161095,-477350.1729464703,0.0,-0.0012958055098480652
57,3969,109.7293,46.66667,-6.1666565,21600,0.07191767861378798,-0.05799947077929815,4359343.065935845,-471009.49203812674,0.0,-0.001267647148817385
57,3969,109.7293,46.66667,-6.1666565,86400,0.07026906155972511,-0.05592614150394787,4359343.065935845,-471009.49203812674,0.0,-0.0013572097342161196
652,4122,109.7293,47.0,-6.0833282,21600,0.07187218619057806,-0.056915788581054304,4333148.796028124,-461804.81061430223,0.0,0.000572997131696969
617,4113,109.7293,47.0,-6.1666565,43200,0.07045142464145636,-0.058621425084584,4332472.586781167,-468106.2447951276,0.0,0.00015434342174922494
127,3987,109.7293,46.66667,-6.0,43200,0.07218287171559146,-0.05933519061642952,4360694.650219674,-458327.4764384654,0.0,0.0023854265484124604
477,4077,109.7293,46.91667,-6.1666565,86400,0.07421044138929805,-0.05770932356942724,4339203.78529813,-468833.52373287774,0.0,0.00028142668925734487
232,4014,109.7293,46.75,-6.0833282,86400,0.07224350964270454,-0.05622723011532257,4353319.010767862,-463954.4488188505,0.0,-0.0012204286823274397
512,4086,109.7293,46.91667,-6.0833282,64800,0.07079816827337872,-0.057405675696282785,4339881.045145775,-462522.2992525033,0.0,-0.0014506819778973205
442,4068,109.7293,46.91667,-6.25,21600,0.07057720540407184,-0.057304639521019655,4338517.220887722,-475144.9119816816,0.0,-0.005994586581808504
582,4104,109.7293,47.0,-6.25,43200,0.07122187174520465,-0.056274095731459924,4331787.087405169,-474407.8424903363,0.0,-0.0011347777196430262
477,4077,109.7293,46.91667,-6.1666565,21600,0.07294401551092594,-0.05705774302532365,4339203.78529813,-468833.52373287774,0.0,0.000221980206861528
547,4095,109.7293,46.91667,-6.0,43200,0.07258395141398383,-0.05927480231314927,4340549.125536747,-456210.0964726406,0.0,0.0037685077674946264
547,4095,109.7293,46.91667,-6.0,64800,0.07244640655524306,-0.058018674777892916,4340549.125536747,-456210.0964726406,0.0,0.0021221165398647374
512,4086,109.7293,46.91667,-6.0833282,43200,0.07062677649098267,-0.05537582369711023,4339881.045145775,-462522.2992525033,0.0,-0.0017283150573927748
512,4086,109.7293,46.91667,-6.0833282,21600,0.07054477258442945,-0.05761040831462421,4339881.045145775,-462522.2992525033,0.0,0.00037107392044522923
267,4023,109.7293,46.75,-6.0,86400,0.07044086233560468,-0.06025099181668598,4353989.159796485,-457622.70099545474,0.0,0.0015402652050810362
582,4104,109.7293,47.0,-6.25,64800,0.07156030499959821,-0.05650466673059775,4331787.087405169,-474407.8424903363,0.0,0.004531217257889624
92,3978,109.7293,46.66667,-6.0833282,21600,0.07095794655436857,-0.058695170050810055,4360023.469108121,-464668.9756583009,0.0,-0.0021633406020676992
267,4023,109.7293,46.75,-6.0,43200,0.0706072394231691,-0.05908770489878726,4353989.159796485,-457622.70099545474,0.0,0.0021437754550769567
302,4032,109.7293,46.833336,-6.25,86400,0.07030775435382647,-0.05669740684563179,4345238.723142079,-475881.0361998027,0.0,-0.0017788119985059617
92,3978,109.7293,46.66667,-6.0833282,64800,0.07121887471462272,-0.059463308152104724,4360023.469108121,-464668.9756583009,0.0,-0.003021691240341612
197,4005,109.7293,46.75,-6.1666565,64800,0.07221768848030785,-0.05807986195905308,4352639.653859386,-470285.21531356085,0.0,-0.005637826400814589
57,3969,109.7293,46.66667,-6.1666565,64800,0.07404437700487254,-0.058707260790039024,4359343.065935845,-471009.49203812674,0.0,0.002693396562005481
197,4005,109.7293,46.75,-6.1666565,43200,0.07125402083480926,-0.061873545339657436,4352639.653859386,-470285.21531356085,0.0,0.00245007729630418
267,4023,109.7293,46.75,-6.0,64800,0.06870283646337809,-0.05830873898584048,4353989.159796485,-457622.70099545474,0.0,-0.0009555880753037563
372,4050,109.7293,46.833336,-6.0833282,64800,0.07084487415905655,-0.057561038195405013,4346604.66032198,-463238.8677294356,0.0,0.0010294402210989824
512,4086,109.7293,46.91667,-6.0833282,86400,0.0715626696921266,-0.0595403600750367,4339881.045145775,-462522.2992525033,0.0,-0.0002468655754439161
302,4032,109.7293,46.833336,-6.25,21600,0.07122934887507082,-0.05617246199089543,4345238.723142079,-475881.0361998027,0.0,-0.00329388892029632
547,4095,109.7293,46.91667,-6.0,86400,0.07093110896771962,-0.05780471116586915,4340549.125536747,-456210.0964726406,0.0,0.001092236509872331
162,3996,109.7293,46.75,-6.25,86400,0.0702527331588231,-0.0551556354130332,4351950.96357759,-476616.1460837916,0.0,-0.003007962108034293
92,3978,109.7293,46.66667,-6.0833282,86400,0.06946312063864998,-0.05713212569383045,4360023.469108121,-464668.9756583009,0.0,-0.00014953884720860842
232,4014,109.7293,46.75,-6.0833282,21600,0.06789413163016574,-0.0559928836499119,4353319.010767862,-463954.4488188505,0.0,-0.00040846531445410983
162,3996,109.7293,46.75,-6.25,64800,0.0707661152084318,-0.05811118916983021,4351950.96357759,-476616.1460837916,0.0,0.0007577082121854194
407,4059,109.7293,46.833336,-6.0,86400,0.07253002957020767,-0.06107690885767936,4347273.775744883,-456916.88569019584,0.0,0.003024996792232951
197,4005,109.7293,46.75,-6.1666565,21600,0.07137380150507179,-0.055970992918497046,4352639.653859386,-470285.21531356085,0.0,-0.001883964530676079
337,4041,109.7293,46.833336,-6.1666565,64800,0.07068775741061104,-0.05779215568763469,4345926.351221016,-469559.8699535443,0.0,-0.0008858910198024534
302,4032,109.7293,46.833336,-6.25,64800,0.0722416209401612,-0.05576729234233635,4345238.723142079,-475881.0361998027,0.0,-0.00063347717587876
337,4041,109.7293,46.833336,-6.1666565,21600,0.07276236190158179,-0.058745980249851636,4345926.351221016,-469559.8699535443,0.0,0.0016944749509840908
687,4131,109.7293,47.0,-6.0,21600,0.07125042866050367,-0.05777798900350023,4333815.840058059,-455502.3996515776,0.0,0.0008707240039009909
162,3996,109.7293,46.75,-6.25,43200,0.07195245000321977,-0.05617872587934663,4351950.96357759,-476616.1460837916,0.0,-0.0018771186528170232
372,4050,109.7293,46.833336,-6.0833282,21600,0.07246744886828373,-0.05516385839961925,4346604.66032198,-463238.8677294356,0.0,0.002477961041145423
22,3960,109.7293,46.66667,-6.25,43200,0.07006237283825753,-0.05819662851145102,4358653.3150161095,-477350.1729464703,0.0,7.496501894282281e-05
127,3987,109.7293,46.66667,-6.0,64800,0.07202967899735198,-0.05769610307403139,4360694.650219674,-458327.4764384654,0.0,0.004590518599593693
22,3960,109.7293,46.66667,-6.25,64800,0.07080615535935234,-0.06034790155004007,4358653.3150161095,-477350.1729464703,0.0,0.0002692297172668798
127,3987,109.7293,46.66667,-6.0,86400,0.06975190505783932,-0.05514600329122836,4360694.650219674,-458327.4764384654,0.0,-0.004591144229599944
652,4122,109.7293,47.0,-6.0833282,86400,0.07129557448169731,-0.05993814979477178,4333148.796028124,-461804.81061430223,0.0,0.0003752229227542249
407,4059,109.7293,46.833336,-6.0,64800,0.0703233947960161,-0.05996600292160918,4347273.775744883,-456916.88569019584,0.0,0.0013905194872526783
687,4131,109.7293,47.0,-6.0,86400,0.07187357372154811,-0.059586881376112025,4333815.840058059,-455502.3996515776,0.0,0.004076514620524389
232,4014,109.7293,46.75,-6.0833282,43200,0.06990534657203935,-0.05595201391710532,4353319.010767862,-463954.4488188505,0.0,0.003771682648946702
232,4014,109.7293,46.75,-6.0833282,64800,0.0715175526676295,-0.06060694915453263,4353319.010767862,-463954.4488188505,0.0,0.0029621160282723683
267,4023,109.7293,46.75,-6.0,21600,0.07127607049091116,-0.057102840041238626,4353989.159796485,-457622.70099545474,0.0,0.004354422652112131
233,4194,130.666,46.75,-6.0833282,21600,0.06898797218697401,-0.05670364689789379,4353319.010767862,-463954.4488188505,0.0,-0.00028679157997293567
583,4284,130.666,47.0,-6.25,64800,0.0715662340626073,-0.05724062851382127,4331787.087405169,-474407.8424903363,0.0,0.002387343416863081
618,4293,130.666,47.0,-6.1666565,64800,0.07067864055590856,-0.056303717916612504,4332472.586781167,-468106.2447951276,0.0,-0.000874678153262134
128,4167,130.666,46.66667,-6.0,43200,0.07196348006094963,-0.05835845524841637,4360694.650219674,-458327.4764384654,0.0,0.0012344094654388156
338,4221,130.666,46.833336,-6.1666565,86400,0.07156926825911074,-0.05888650764738651,4345926.351221016,-469559.8699535443,0.0,0.00044795914583196564
548,4275,130.666,46.91667,-6.0,86400,0.071381893202045,-0.05776746436582593,4340549.125536747,-456210.0964726406,0.0,0.0005868250654800432
338,4221,130.666,46.833336,-6.1666565,43200,0.07275779723978247,-0.05784280548933045,4345926.351221016,-469559.8699535443,0.0,-0.0014485709549581754
548,4275,130.666,46.91667,-6.0,43200,0.07230087736548949,-0.05833585815177187,4340549.125536747,-456210.0964726406,0.0,0.0019328860606048679
93,4158,130.666,46.66667,-6.0833282,43200,0.07092222619810741,-0.05699262579449692,4360023.469108121,-464668.9756583009,0.0,-0.0007164253118993108
618,4293,130.666,47.0,-6.1666565,43200,0.07076050761363789,-0.05815654917991424,4332472.586781167,-468106.2447951276,0.0,0.0002243657699049389
128,4167,130.666,46.66667,-6.0,86400,0.0707501991000007,-0.05635945488956833,4360694.650219674,-458327.4764384654,0.0,-0.0023516042645209136
163,4176,130.666,46.75,-6.25,64800,0.07115925525547676,-0.05814087070792234,4351950.96357759,-476616.1460837916,0.0,0.0003850923045361735
408,4239,130.666,46.833336,-6.0,43200,0.07155467783818185,-0.057371601865527894,4347273.775744883,-456916.88569019584,0.0,0.00010661388677984537
653,4302,130.666,47.0,-6.0833282,21600,0.07177872620189622,-0.057445090277779526,4333148.796028124,-461804.81061430223,0.0,0.00020761695693433498
93,4158,130.666,46.66667,-6.0833282,64800,0.07138889674721727,-0.058317823396460876,4360023.469108121,-464668.9756583009,0.0,-0.0014022409869607387
163,4176,130.666,46.75,-6.25,43200,0.0717667150471221,-0.05673793805591115,4351950.96357759,-476616.1460837916,0.0,-0.00138512968434419
58,4149,130.666,46.66667,-6.1666565,86400,0.07098523694003141,-0.056860437291876925,4359343.065935845,-471009.49203812674,0.0,-0.0006154135957850926
478,4257,130.666,46.91667,-6.1666565,86400,0.07295196196567404,-0.05748171824281949,4339203.78529813,-468833.52373287774,0.0,0.00023124656313901312
303,4212,130.666,46.833336,-6.25,43200,0.07200497289780777,-0.05967583739019909,4345238.723142079,-475881.0361998027,0.0,-0.0008113497655488098
688,4311,130.666,47.0,-6.0,64800,0.07166840167437571,-0.05785793914193885,4333815.840058059,-455502.3996515776,0.0,-0.0002521693293988826
163,4176,130.666,46.75,-6.25,86400,0.07080183491688458,-0.056476888760794285,4351950.96357759,-476616.1460837916,0.0,-0.0016849451887241843
303,4212,130.666,46.833336,-6.25,64800,0.07192276471789859,-0.056977580434273256,4345238.723142079,-475881.0361998027,0.0,-0.00031635509170112476
478,4257,130.666,46.91667,-6.1666565,43200,0.07206126235220406,-0.056233624592336856,4339203.78529813,-468833.52373287774,0.0,0.0003579272253509876
338,4221,130.666,46.833336,-6.1666565,21600,0.07228474281446944,-0.058252716089015215,4345926.351221016,-469559.8699535443,0.0,0.0008808590412608891
338,4221,130.666,46.833336,-6.1666565,64800,0.07125173703729068,-0.05775316272105075,4345926.351221016,-469559.8699535443,0.0,4.5091959275399836e-05
478,4257,130.666,46.91667,-6.1666565,21600,0.07223765074783672,-0.05735720526631185,4339203.78529813,-468833.52373287774,0.0,-6.79516064375889e-06
163,4176,130.666,46.75,-6.25,21600,0.07139338478682583,-0.057233249453936444,4351950.96357759,-476616.1460837916,0.0,0.0020501552519614826
303,4212,130.666,46.833336,-6.25,21600,0.0715218605069101,-0.05691592761914613,4345238.723142079,-475881.0361998027,0.0,-0.0015296257356456583
583,4284,130.666,47.0,-6.25,43200,0.07139917516715825,-0.05690216692337638,4331787.087405169,-474407.8424903363,0.0,-0.000560517639829242
688,4311,130.666,47.0,-6.0,21600,0.0714233199045557,-0.05797526131793947,4333815.840058059,-455502.3996515776,0.0,0.00048315028055705714
58,4149,130.666,46.66667,-6.1666565,21600,0.07189780425363884,-0.05777895348516613,4359343.065935845,-471009.49203812674,0.0,-0.00027532616306052656
443,4248,130.666,46.91667,-6.25,43200,0.07181230296153851,-0.05726002503479765,4338517.220887722,-475144.9119816816,0.0,0.0005233942080645467
513,4266,130.666,46.91667,-6.0833282,64800,0.07119301388440437,-0.05735947705514365,4339881.045145775,-462522.2992525033,0.0,-0.0012117293299367187
233,4194,130.666,46.75,-6.0833282,43200,0.07026569547602508,-0.056981222987719404,4353319.010767862,-463954.4488188505,0.0,0.001788324115917044
58,4149,130.666,46.66667,-6.1666565,43200,0.07174466253079126,-0.0574804237720357,4359343.065935845,-471009.49203812674,0.0,-0.0019538247517973326
548,4275,130.666,46.91667,-6.0,21600,0.07050639209569629,-0.05696448217005792,4340549.125536747,-456210.0964726406,0.0,0.0017503230706302371
233,4194,130.666,46.75,-6.0833282,86400,0.07161782277989147,-0.05688259740051658,4353319.010767862,-463954.4488188505,0.0,-0.0008377745660930786
93,4158,130.666,46.66667,-6.0833282,86400,0.07065633042484427,-0.05760852201222978,4360023.469108121,-464668.9756583009,0.0,3.0406839997093536e-05
198,4185,130.666,46.75,-6.1666565,86400,0.07121468190691173,-0.05851166675191712,4352639.653859386,-470285.21531356085,0.0,-4.342459242768208e-05
408,4239,130.666,46.833336,-6.0,86400,0.07230446361090988,-0.05919082732237188,4347273.775744883,-456916.88569019584,0.0,0.0014219412596143243
198,4185,130.666,46.75,-6.1666565,21600,0.07159444315520974,-0.05661356776822378,4352639.653859386,-470285.21531356085,0.0,-0.0015148901995213056
93,4158,130.666,46.66667,-6.0833282,21600,0.07138141195535262,-0.0580264050626625,4360023.469108121,-464668.9756583009,0.0,-0.0011129648710806
478,4257,130.666,46.91667,-6.1666565,64800,0.07182767544957476,-0.0585944353026687,4339203.78529813,-468833.52373287774,0.0,0.0017854108316632923
23,4140,130.666,46.66667,-6.25,64800,0.07071573968688254,-0.059292290887619496,4358653.3150161095,-477350.1729464703,0.0,0.00037993477180879186
198,4185,130.666,46.75,-6.1666565,64800,0.0717505263355173,-0.058012395950217996,4352639.653859386,-470285.21531356085,0.0,-0.003067872719547413
653,4302,130.666,47.0,-6.0833282,43200,0.07137309892024074,-0.057069635688837654,4333148.796028124,-461804.81061430223,0.0,0.0005297071592595855
618,4293,130.666,47.0,-6.1666565,86400,0.07173582849707713,-0.05681010762461175,4332472.586781167,-468106.2447951276,0.0,0.00039934426938353505
268,4203,130.666,46.75,-6.0,43200,0.07057164355502514,-0.058554848495205085,4353989.159796485,-457622.70099545474,0.0,0.001207736406802974
373,4230,130.666,46.833336,-6.0833282,21600,0.07207134611491478,-0.05623989456512462,4346604.66032198,-463238.8677294356,0.0,0.0012155042097295292
23,4140,130.666,46.66667,-6.25,21600,0.07054221400827587,-0.05841977449182089,4358653.3150161095,-477350.1729464703,0.0,-0.0004032502869268267
408,4239,130.666,46.833336,-6.0,64800,0.07088991169672079,-0.059007802306582854,4347273.775744883,-456916.88569019584,0.0,0.0006804032065255492
23,4140,130.666,46.66667,-6.25,86400,0.0703419626819937,-0.058089318108214216,4358653.3150161095,-477350.1729464703,0.0,-0.0006209785681284709
443,4248,130.666,46.91667,-6.25,64800,0.07108359260999558,-0.05773412881794835,4338517.220887722,-475144.9119816816,0.0,-4.417394993445789e-05
23,4140,130.666,46.66667,-6.25,43200,0.07029609245457392,-0.05766778066464291,4358653.3150161095,-477350.1729464703,0.0,-0.000128605152883769
653,4302,130.666,47.0,-6.0833282,86400,0.07126776556069603,-0.0587744427153477,4333148.796028124,-461804.81061430223,0.0,0.0004662777792740733
373,4230,130.666,46.833336,-6.0833282,86400,0.07207395148896363,-0.05843871367268999,4346604.66032198,-463238.8677294356,0.0,0.0009447870288606586
618,4293,130.666,47.0,-6.1666565,21600,0.07186842610504808,-0.05747677146192125,4332472.586781167,-468106.2447951276,0.0,0.0012639157867258435
303,4212,130.666,46.833336,-6.25,86400,0.07092379164973253,-0.05706432924036081,4345238.723142079,-475881.0361998027,0.0,-0.0008806773578314048
408,4239,130.666,46.833336,-6.0,21600,0.071696965618711,-0.058203207803153106,4347273.775744883,-456916.88569019584,0.0,-0.0006931881621186585
128,4167,130.666,46.66667,-6.0,64800,0.07188642594693191,-0.05760635303098235,4360694.650219674,-458327.4764384654,0.0,0.0025121962701004003
513,4266,130.666,46.91667,-6.0833282,43200,0.07103790715951273,-0.05644308833021702,4339881.045145775,-462522.2992525033,0.0,-0.0004533892785399594
268,4203,130.666,46.75,-6.0,21600,0.07097523649579224,-0.05733697502705031,4353989.159796485,-457622.70099545474,0.0,0.00224916841074581
513,4266,130.666,46.91667,-6.0833282,21600,0.07106843617326582,-0.05746879035535703,4339881.045145775,-462522.2992525033,0.0,0.00011651119161164766
58,4149,130.666,46.66667,-6.1666565,64800,0.07285654027696511,-0.0581354783005399,4359343.065935845,-471009.49203812674,0.0,0.0013410177863181628
653,4302,130.666,47.0,-6.0833282,64800,0.0717851901485608,-0.059013706624918866,4333148.796028124,-461804.81061430223,0.0,0.00022556525222991488
268,4203,130.666,46.75,-6.0,86400,0.07061396704591344,-0.05900320533416721,4353989.159796485,-457622.70099545474,0.0,0.0006677046902603422
513,4266,130.666,46.91667,-6.0833282,86400,0.07156807366573814,-0.05875305433861147,4339881.045145775,-462522.2992525033,0.0,-0.00014414203206889421
583,4284,130.666,47.0,-6.25,21600,0.0712759187407052,-0.058159953126867635,4331787.087405169,-474407.8424903363,0.0,0.00017288022112422108
443,4248,130.666,46.91667,-6.25,21600,0.07116458336622769,-0.05726498988193673,4338517.220887722,-475144.9119816816,0.0,-0.003167323346134529
233,4194,130.666,46.75,-6.0833282,64800,0.07093972011143103,-0.059304786782982725,4353319.010767862,-463954.4488188505,0.0,0.0017436484256506987
688,4311,130.666,47.0,-6.0,86400,0.07157378088563636,-0.058867827411640254,4333815.840058059,-455502.3996515776,0.0,0.0022322717985622993
583,4284,130.666,47.0,-6.25,86400,0.07197948134050398,-0.0573821031942012,4331787.087405169,-474407.8424903363,0.0,0.0025086422900542174
443,4248,130.666,46.91667,-6.25,86400,0.07167663018341709,-0.05815286373490457,4338517.220887722,-475144.9119816816,0.0,-0.0014214522500760052
373,4230,130.666,46.833336,-6.0833282,64800,0.07116429119549995,-0.05735652579188314,4346604.66032198,-463238.8677294356,0.0,0.0004325227057366347
688,4311,130.666,47.0,-6.0,43200,0.07146180477948073,-0.058717199459019515,4333815.840058059,-455502.3996515776,0.0,0.0006214942933808514
548,4275,130.666,46.91667,-6.0,64800,0.07211738065377621,-0.05799024120607587,4340549.125536747,-456210.0964726406,0.0,0.0013034388141775642
373,4230,130.666,46.833336,-6.0833282,43200,0.07159577336290943,-0.05764084255174785,4346604.66032198,-463238.8677294356,0.0,0.00042160086769036905
128,4167,130.666,46.66667,-6.0,21600,0.07153729589647741,-0.057185908738476926,4360694.650219674,-458327.4764384654,0.0,-0.0011295668032007637
198,4185,130.666,46.75,-6.1666565,43200,0.07153654321442954,-0.060023789414261716,4352639.653859386,-470285.21531356085,0.0,0.0016098948054569647
268,4203,130.666,46.75,-6.0,64800,0.06951769197508317,-0.05782825280607347,4353989.159796485,-457622.70099545474,0.0,-0.00011044606457785701
59,4329,155.8507,46.66667,-6.1666565,43200,0.07177943691312663,-0.057715884661655184,4359343.065935845,-471009.49203812674,0.0,-0.0008412729228562124
584,4464,155.8507,47.0,-6.25,64800,0.07154353883588419,-0.057600260437022925,4331787.087405169,-474407.8424903363,0.0,0.0011529785644826373
304,4392,155.8507,46.833336,-6.25,64800,0.07175938644940286,-0.0574655700011157,4345238.723142079,-475881.0361998027,0.0,-0.00011361492343339819
479,4437,155.8507,46.91667,-6.1666565,43200,0.07190014579184563,-0.056837818238405946,4339203.78529813,-468833.52373287774,0.0,0.00023779643437487206
514,4446,155.8507,46.91667,-6.0833282,21600,0.07135957050513177,-0.057477051768452914,4339881.045145775,-462522.2992525033,0.0,-2.092395322523275e-07
374,4410,155.8507,46.833336,-6.0833282,86400,0.07191601139658593,-0.05805310891102692,4346604.66032198,-463238.8677294356,0.0,0.0004249959764672749
129,4347,155.8507,46.66667,-6.0,64800,0.07177838000513728,-0.05756844485075182,4360694.650219674,-458327.4764384654,0.0,0.0012428382631745752
59,4329,155.8507,46.66667,-6.1666565,21600,0.07184540679057863,-0.05766601745101048,4359343.065935845,-471009.49203812674,0.0,0.0001082620472852442
269,4383,155.8507,46.75,-6.0,86400,0.07069564643412593,-0.058324266826049735,4353989.159796485,-457622.70099545474,0.0,0.0002276679046866628
549,4455,155.8507,46.91667,-6.0,86400,0.07159788008370865,-0.05772650099073162,4340549.125536747,-456210.0964726406,0.0,0.0002608308685938941
129,4347,155.8507,46.66667,-6.0,86400,0.07128092532474371,-0.0570429309286416,4360694.650219674,-458327.4764384654,0.0,-0.0011027437523652315
339,4401,155.8507,46.833336,-6.1666565,43200,0.07230367954244027,-0.05782454170560819,4345926.351221016,-469559.8699535443,0.0,-0.0006301660403403148
269,4383,155.8507,46.75,-6.0,21600,0.07081313704452664,-0.05747790961325709,4353989.159796485,-457622.70099545474,0.0,0.001063150675307739
304,4392,155.8507,46.833336,-6.25,86400,0.0713118122961041,-0.0573088746519301,4345238.723142079,-475881.0361998027,0.0,-0.0003528559959540575
619,4473,155.8507,47.0,-6.1666565,21600,0.07168512419077713,-0.05766876836344688,4332472.586781167,-468106.2447951276,0.0,0.0006853833953597904
199,4365,155.8507,46.75,-6.1666565,64800,0.07158099160683133,-0.057909577980901156,4352639.653859386,-470285.21531356085,0.0,-0.0015180069167031948
24,4320,155.8507,46.66667,-6.25,21600,0.07065722221342305,-0.05800821701673463,4358653.3150161095,-477350.1729464703,0.0,-0.00010565141533155895
619,4473,155.8507,47.0,-6.1666565,86400,0.07159810960514656,-0.05738144535980662,4332472.586781167,-468106.2447951276,0.0,0.00010944853764950487
654,4482,155.8507,47.0,-6.0833282,64800,0.07165287011226106,-0.058388536720884315,4333148.796028124,-461804.81061430223,0.0,6.500979816819417e-06
374,4410,155.8507,46.833336,-6.0833282,43200,0.07155661633807024,-0.057563162836172396,4346604.66032198,-463238.8677294356,0.0,9.017113705674234e-06
444,4428,155.8507,46.91667,-6.25,86400,0.07176535259346241,-0.057987817345274424,4338517.220887722,-475144.9119816816,0.0,-0.000686709073276892
584,4464,155.8507,47.0,-6.25,21600,0.07151443279455391,-0.058047173282795496,4331787.087405169,-474407.8424903363,0.0,2.1714634222797878e-05
269,4383,155.8507,46.75,-6.0,64800,0.07006695580658254,-0.05769506477519214,4353989.159796485,-457622.70099545474,0.0,0.00015931178345108253
24,4320,155.8507,46.66667,-6.25,86400,0.0704895209218097,-0.05798188876841897,4358653.3150161095,-477350.1729464703,0.0,-0.00028918462486488943
654,4482,155.8507,47.0,-6.0833282,86400,0.07131128582237102,-0.05820320027427985,4333148.796028124,-461804.81061430223,0.0,0.00037549617272720397
164,4356,155.8507,46.75,-6.25,64800,0.071412132779295,-0.05803336655359475,4351950.96357759,-476616.1460837916,0.0,0.00019028387454401522
409,4419,155.8507,46.833336,-6.0,43200,0.07165478892869513,-0.05736026183804512,4347273.775744883,-456916.88569019584,0.0,-1.3459995642331479e-05
304,4392,155.8507,46.833336,-6.25,43200,0.07177548807163628,-0.05861690758390628,4345238.723142079,-475881.0361998027,0.0,-0.0005419485233489708
619,4473,155.8507,47.0,-6.1666565,64800,0.07109905478650805,-0.05701794936819481,4332472.586781167,-468106.2447951276,0.0,-0.0005410453303122783
234,4374,155.8507,46.75,-6.0833282,21600,0.06975149569761033,-0.05721634325810196,4353319.010767862,-463954.4488188505,0.0,-0.00021964243256584405
549,4455,155.8507,46.91667,-6.0,21600,0.07111439572464417,-0.05719246305921591,4340549.125536747,-456210.0964726406,0.0,0.0008159316732918547
94,4338,155.8507,46.66667,-6.0833282,43200,0.07133810543244265,-0.05722983117300734,4360023.469108121,-464668.9756583009,0.0,-0.0002646246108855509
444,4428,155.8507,46.91667,-6.25,43200,0.07172873938041108,-0.05749029834155013,4338517.220887722,-475144.9119816816,0.0,0.0003064046752805101
409,4419,155.8507,46.833336,-6.0,86400,0.0720838088226369,-0.05826760048521061,4347273.775744883,-456916.88569019584,0.0,0.0005925375933351384
304,4392,155.8507,46.833336,-6.25,21600,0.07165206638766188,-0.05729004852053272,4345238.723142079,-475881.0361998027,0.0,-0.0006167569301419884
689,4491,155.8507,47.0,-6.0,86400,0.07143583087770526,-0.058526034958795624,4333815.840058059,-455502.3996515776,0.0,0.0010811428519822968
689,4491,155.8507,47.0,-6.0,64800,0.07145910659812456,-0.057948525763595694,4333815.840058059,-455502.3996515776,0.0,-3.995971789692882e-05
199,4365,155.8507,46.75,-6.1666565,43200,0.07164324237302025,-0.05886300585287435,4352639.653859386,-470285.21531356085,0.0,0.0009414351261889545
409,4419,155.8507,46.833336,-6.0,64800,0.07126467626839511,-0.058395472701984016,4347273.775744883,-456916.88569019584,0.0,0.0002917455111978266
269,4383,155.8507,46.75,-6.0,43200,0.07060110621716352,-0.058149386076598995,4353989.159796485,-457622.70099545474,0.0,0.0006495497219039387
514,4446,155.8507,46.91667,-6.0833282,43200,0.07131778073361765,-0.057031875729473054,4339881.045145775,-462522.2992525033,0.0,5.598676843847688e-05
94,4338,155.8507,46.66667,-6.0833282,86400,0.07127886991505215,-0.057720910069732324,4360023.469108121,-464668.9756583009,0.0,7.391879231814353e-05
234,4374,155.8507,46.75,-6.0833282,64800,0.07071639015930514,-0.058499014523808096,4353319.010767862,-463954.4488188505,0.0,0.0008942340959322308
479,4437,155.8507,46.91667,-6.1666565,21600,0.07186039743878277,-0.057472867734958896,4339203.78529813,-468833.52373287774,0.0,-5.421757128212839e-05
339,4401,155.8507,46.833336,-6.1666565,21600,0.07198319783134148,-0.0579094576123007,4345926.351221016,-469559.8699535443,0.0,0.00042314769358652466
374,4410,155.8507,46.833336,-6.0833282,21600,0.07184126952861072,-0.05688203038504308,4346604.66032198,-463238.8677294356,0.0,0.000538290272738417
374,4410,155.8507,46.833336,-6.0833282,64800,0.07138090117207026,-0.05730101407873418,4346604.66032198,-463238.8677294356,0.0,0.00015035686853955403
94,4338,155.8507,46.66667,-6.0833282,21600,0.07161583560356928,-0.05772715722776703,4360023.469108121,-464668.9756583009,0.0,-0.0005440985485611939
24,4320,155.8507,46.66667,-6.25,43200,0.07046066028012296,-0.05754198730282742,4358653.3150161095,-477350.1729464703,0.0,-0.00013313554370436828
479,4437,155.8507,46.91667,-6.1666565,86400,0.07224758385501684,-0.05743764583448001,4339203.78529813,-468833.52373287774,0.0,0.00019525499600242868
339,4401,155.8507,46.833336,-6.1666565,64800,0.07151461356655207,-0.057731435863032,4345926.351221016,-469559.8699535443,0.0,0.0002723339106067474
444,4428,155.8507,46.91667,-6.25,64800,0.07139052639898243,-0.05769127725956229,4338517.220887722,-475144.9119816816,0.0,0.00031406607630562886
59,4329,155.8507,46.66667,-6.1666565,86400,0.07136371541655469,-0.05736237160586023,4359343.065935845,-471009.49203812674,0.0,-0.00026533851191262443
129,4347,155.8507,46.66667,-6.0,21600,0.07160496188303726,-0.05746356549080626,4360694.650219674,-458327.4764384654,0.0,-0.0004070455854709411
584,4464,155.8507,47.0,-6.25,43200,0.07146907361310172,-0.057325575337437616,4331787.087405169,-474407.8424903363,0.0,-0.00026168420534807273
164,4356,155.8507,46.75,-6.25,86400,0.07119312184259735,-0.057148764344383075,4351950.96357759,-476616.1460837916,0.0,-0.0008857127352260094
654,4482,155.8507,47.0,-6.0833282,43200,0.07148490752366735,-0.05732272000582082,4333148.796028124,-461804.81061430223,0.0,0.0001249576946210785
234,4374,155.8507,46.75,-6.0833282,86400,0.07120702120630112,-0.0573024090402406,4353319.010767862,-463954.4488188505,0.0,-0.0005014796948280361
514,4446,155.8507,46.91667,-6.0833282,64800,0.07143397325117291,-0.05744074497124778,4339881.045145775,-462522.2992525033,0.0,-0.0008884347244163509
584,4464,155.8507,47.0,-6.25,86400,0.07178633550927534,-0.05743040689426814,4331787.087405169,-474407.8424903363,0.0,0.0012246762425718069
409,4419,155.8507,46.833336,-6.0,21600,0.07170606160141563,-0.058015457091078255,4347273.775744883,-456916.88569019584,0.0,-0.0003591432561147705
549,4455,155.8507,46.91667,-6.0,43200,0.07204260319990627,-0.05786438001209818,4340549.125536747,-456210.0964726406,0.0,0.0008689855938016116
59,4329,155.8507,46.66667,-6.1666565,64800,0.07221863964948382,-0.0578639053372088,4359343.065935845,-471009.49203812674,0.0,0.0005911628206192759
689,4491,155.8507,47.0,-6.0,21600,0.07142632802050004,-0.05803541722160796,4333815.840058059,-455502.3996515776,0.0,0.00016783091288548235
94,4338,155.8507,46.66667,-6.0833282,64800,0.07151629822460477,-0.057830061999221756,4360023.469108121,-464668.9756583009,0.0,-0.0005756827255105053
619,4473,155.8507,47.0,-6.1666565,43200,0.07103671070707422,-0.05792557851586296,4332472.586781167,-468106.2447951276,0.0,0.0002186251868115528
234,4374,155.8507,46.75,-6.0833282,43200,0.07048672687291369,-0.05748695795331136,4353319.010767862,-463954.4488188505,0.0,0.0007625840159241287
479,4437,155.8507,46.91667,-6.1666565,64800,0.07173647121657349,-0.0580325898285803,4339203.78529813,-468833.52373287774,0.0,0.0010938819761300296
549,4455,155.8507,46.91667,-6.0,64800,0.07189942616386744,-0.05785722362922069,4340549.125536747,-456210.0964726406,0.0,0.0006907694225450137
164,4356,155.8507,46.75,-6.25,21600,0.07156854803310847,-0.05731102225709378,4351950.96357759,-476616.1460837916,0.0,0.0010608296776592307
199,4365,155.8507,46.75,-6.1666565,86400,0.07135607475540912,-0.05797427221141035,4352639.653859386,-470285.21531356085,0.0,0.00032780036434810567
164,4356,155.8507,46.75,-6.25,43200,0.0716668210275657,-0.05707576863810812,4351950.96357759,-476616.1460837916,0.0,-0.0008984164416175563
129,4347,155.8507,46.66667,-6.0,43200,0.0718307405353695,-0.057886478077289576,4360694.650219674,-458327.4764384654,0.0,0.0005600041085975467
514,4446,155.8507,46.91667,-6.0833282,86400,0.07161109409498305,-0.05823488596460037,4339881.045145775,-462522.2992525033,0.0,-8.42279467776571e-05
24,4320,155.8507,46.66667,-6.25,64800,0.07071052378726181,-0.05856682516389187,4358653.3150161095,-477350.1729464703,0.0,0.0003350459994531439
339,4401,155.8507,46.833336,-6.1666565,86400,0.07157925509685281,-0.058198178874699066,4345926.351221016,-469559.8699535443,0.0,0.00012975123777368803
654,4482,155.8507,47.0,-6.0833282,21600,0.07164991648686557,-0.05762284395992881,4333148.796028124,-461804.81061430223,0.0,7.273810706450256e-05
444,4428,155.8507,46.91667,-6.25,21600,0.07145519421701418,-0.05736043817662945,4338517.220887722,-475144.9119816816,0.0,-0.001545138731327072
199,4365,155.8507,46.75,-6.1666565,21600,0.07167529217014908,-0.05700534606025362,4352639.653859386,-470285.21531356085,0.0,-0.00103565022228859
689,4491,155.8507,47.0,-6.0,43200,0.07140045606454215,-0.058477342677204426,4333815.840058059,-455502.3996515776,0.0,0.0004431954198135733
375,4590,186.1256,46.833336,-6.0833282,64800,0.07151838535398107,-0.0573514354286734,4346604.66032198,-463238.8677294356,0.0,4.082677719414754e-05
375,4590,186.1256,46.833336,-6.0833282,43200,0.0715735076026918,-0.057548305708366124,4346604.66032198,-463238.8677294356,0.0,-0.00012970368431836586
270,4563,186.1256,46.75,-6.0,64800,0.07041451020136152,-0.057666941438191496,4353989.159796485,-457622.70099545474,0.0,0.00018573401910111227
60,4509,186.1256,46.66667,-6.1666565,64800,0.07190240387381433,-0.05774325522197825,4359343.065935845,-471009.49203812674,0.0,0.00021917338629531848
655,4662,186.1256,47.0,-6.0833282,21600,0.07154773471664587,-0.05768263420152551,4333148.796028124,-461804.81061430223,0.0,2.5730867479411308e-05
480,4617,186.1256,46.91667,-6.1666565,64800,0.07169589277722513,-0.05776783949486306,4339203.78529813,-468833.52373287774,0.0,0.0006034207819962653
130,4527,186.1256,46.66667,-6.0,21600,0.07164558741017979,-0.057595963641617634,4360694.650219674,-458327.4764384654,0.0,-0.00011104375977694387
585,4644,186.1256,47.0,-6.25,21600,0.07153647896214876,-0.057913753408979925,4331787.087405169,-474407.8424903363,0.0,-2.9249173182182185e-05
130,4527,186.1256,46.66667,-6.0,43200,0.07174965517096196,-0.05769882297095317,4360694.650219674,-458327.4764384654,0.0,0.0002111189902202914
445,4608,186.1256,46.91667,-6.25,64800,0.07156545663898797,-0.05767404689868317,4338517.220887722,-475144.9119816816,0.0,0.0003154060101038542
690,4671,186.1256,47.0,-6.0,86400,0.07137796293311985,-0.058357993667888526,4333815.840058059,-455502.3996515776,0.0,0.0004583010176425235
60,4509,186.1256,46.66667,-6.1666565,43200,0.07176251376078398,-0.057741211461107035,4359343.065935845,-471009.49203812674,0.0,-0.00030863992539594047
410,4599,186.1256,46.833336,-6.0,64800,0.07147547345575947,-0.0580210991940415,4347273.775744883,-456916.88569019584,0.0,0.00010255236988176014
235,4554,186.1256,46.75,-6.0833282,43200,0.07062095980692498,-0.05766780842075792,4353319.010767862,-463954.4488188505,0.0,0.00029105041696479857
690,4671,186.1256,47.0,-6.0,64800,0.07135785627636532,-0.05802876492811668,4333815.840058059,-455502.3996515776,0.0,3.7116079086376616e-05
200,4545,186.1256,46.75,-6.1666565,86400,0.0714834667187206,-0.05773239791789123,4352639.653859386,-470285.21531356085,0.0,0.0003477191324184883
690,4671,186.1256,47.0,-6.0,43200,0.07136380876630816,-0.05831139063060544,4333815.840058059,-455502.3996515776,0.0,0.00028242111653801897
340,4581,186.1256,46.833336,-6.1666565,86400,0.07160710579474998,-0.05785095831752229,4345926.351221016,-469559.8699535443,0.0,-2.4902369958391666e-08
165,4536,186.1256,46.75,-6.25,21600,0.0716497550844988,-0.057460040340088316,4351950.96357759,-476616.1460837916,0.0,0.0005077751676533809
25,4500,186.1256,46.66667,-6.25,64800,0.07073775221863134,-0.05810893567558715,4358653.3150161095,-477350.1729464703,0.0,0.00024014628695305455
340,4581,186.1256,46.833336,-6.1666565,43200,0.0720034767171623,-0.05778645648339734,4345926.351221016,-469559.8699535443,0.0,-0.0002455373893048617
655,4662,186.1256,47.0,-6.0833282,64800,0.07156585883040047,-0.05803852780301854,4333148.796028124,-461804.81061430223,0.0,-6.193361405494595e-05
375,4590,186.1256,46.833336,-6.0833282,21600,0.07172333694522781,-0.057248452020993275,4346604.66032198,-463238.8677294356,0.0,0.0002121321948575535
410,4599,186.1256,46.833336,-6.0,21600,0.07169007254865448,-0.05784877584838251,4347273.775744883,-456916.88569019584,0.0,-0.00017508833770428153
270,4563,186.1256,46.75,-6.0,21600,0.0707544433574071,-0.057555311842089424,4353989.159796485,-457622.70099545474,0.0,0.0004637464471885926
25,4500,186.1256,46.66667,-6.25,43200,0.07058888672910874,-0.05755998726727996,4358653.3150161095,-477350.1729464703,0.0,-8.005203773960892e-05
620,4653,186.1256,47.0,-6.1666565,21600,0.07157662820991176,-0.05775763868379484,4332472.586781167,-468106.2447951276,0.0,0.00035266447693636414
130,4527,186.1256,46.66667,-6.0,86400,0.07152554452179306,-0.0573787584832889,4360694.650219674,-458327.4764384654,0.0,-0.00047599960299314213
200,4545,186.1256,46.75,-6.1666565,64800,0.07155513987571686,-0.05780968358865654,4352639.653859386,-470285.21531356085,0.0,-0.000683309674246815
620,4653,186.1256,47.0,-6.1666565,86400,0.07152396151114598,-0.057630802509371123,4332472.586781167,-468106.2447951276,0.0,-3.843047479588946e-06
25,4500,186.1256,46.66667,-6.25,21600,0.07070631000776013,-0.05779969688803979,4358653.3150161095,-477350.1729464703,0.0,-5.317097359575762e-06
655,4662,186.1256,47.0,-6.0833282,43200,0.07149960251215606,-0.05751849690474797,4333148.796028124,-461804.81061430223,0.0,-1.9401840855382216e-05
60,4509,186.1256,46.66667,-6.1666565,86400,0.07154086550127357,-0.057580840144514374,4359343.065935845,-471009.49203812674,0.0,-0.00011250365716299399
305,4572,186.1256,46.833336,-6.25,86400,0.07151907187963878,-0.05745438224397678,4345238.723142079,-475881.0361998027,0.0,-9.40396988317239e-05
200,4545,186.1256,46.75,-6.1666565,43200,0.07166629397026313,-0.05820118555955857,4352639.653859386,-470285.21531356085,0.0,0.0004904210816594407
515,4626,186.1256,46.91667,-6.0833282,86400,0.07164413788949635,-0.05792349417838376,4339881.045145775,-462522.2992525033,0.0,-4.3166336167086775e-05
620,4653,186.1256,47.0,-6.1666565,43200,0.0712324907492942,-0.05783065366622551,4332472.586781167,-468106.2447951276,0.0,0.00017186610067750793
585,4644,186.1256,47.0,-6.25,86400,0.0716470366863101,-0.057553941851199455,4331787.087405169,-474407.8424903363,0.0,0.000530606635471625
165,4536,186.1256,46.75,-6.25,64800,0.07155115636751799,-0.05788953755825376,4351950.96357759,-476616.1460837916,0.0,9.074209161230905e-05
410,4599,186.1256,46.833336,-6.0,86400,0.07190376050087585,-0.05786243311178419,4347273.775744883,-456916.88569019584,0.0,0.0002056203638551881
95,4518,186.1256,46.66667,-6.0833282,21600,0.07170292273790856,-0.05762746127683038,4360023.469108121,-464668.9756583009,0.0,-0.0002523727643529264
25,4500,186.1256,46.66667,-6.25,86400,0.07060503613325471,-0.057854941500822446,4358653.3150161095,-477350.1729464703,0.0,-0.00013774088558669837
585,4644,186.1256,47.0,-6.25,64800,0.07151625402551552,-0.05774870453745535,4331787.087405169,-474407.8424903363,0.0,0.0005073595777424024
480,4617,186.1256,46.91667,-6.1666565,21600,0.07169176559906226,-0.05751803456292812,4339203.78529813,-468833.52373287774,0.0,-3.957669420456959e-05
550,4635,186.1256,46.91667,-6.0,43200,0.0718540973684142,-0.057670943903624455,4340549.125536747,-456210.0964726406,0.0,0.00033971981627662143
305,4572,186.1256,46.833336,-6.25,64800,0.07168309306720481,-0.057609775727818446,4345238.723142079,-475881.0361998027,0.0,-7.7759392054932e-06
480,4617,186.1256,46.91667,-6.1666565,43200,0.07179190761867826,-0.05722729569052411,4339203.78529813,-468833.52373287774,0.0,0.00014285303812434203
305,4572,186.1256,46.833336,-6.25,21600,0.07168813306931626,-0.05746705690462444,4345238.723142079,-475881.0361998027,0.0,-0.000213265527885621
270,4563,186.1256,46.75,-6.0,86400,0.0707395710008043,-0.05797443000380892,4353989.159796485,-457622.70099545474,0.0,5.212023975436093e-05
690,4671,186.1256,47.0,-6.0,21600,0.07138483990965462,-0.058076580456268505,4333815.840058059,-455502.3996515776,0.0,7.315218407680668e-06
515,4626,186.1256,46.91667,-6.0833282,21600,0.0715115300708976,-0.057530286762820154,4339881.045145775,-462522.2992525033,0.0,-3.050545155809918e-05
375,4590,186.1256,46.833336,-6.0833282,86400,0.07178793393249615,-0.057832434448946736,4346604.66032198,-463238.8677294356,0.0,0.00017228101929689076
60,4509,186.1256,46.66667,-6.1666565,21600,0.07178142108706059,-0.05761800029661203,4359343.065935845,-471009.49203812674,0.0,0.0001793425509754179
550,4635,186.1256,46.91667,-6.0,86400,0.07167080200869723,-0.057689941870674756,4340549.125536747,-456210.0964726406,0.0,9.775699248793666e-05
655,4662,186.1256,47.0,-6.0833282,86400,0.07136776442332494,-0.05794734771744732,4333148.796028124,-461804.81061430223,0.0,0.0002434587457966523
550,4635,186.1256,46.91667,-6.0,64800,0.07176703242356242,-0.057732187227283016,4340549.125536747,-456210.0964726406,0.0,0.00031650515041237534
270,4563,186.1256,46.75,-6.0,43200,0.07066145052579523,-0.05788547856614691,4353989.159796485,-457622.70099545474,0.0,0.00033256354243954686
130,4527,186.1256,46.66667,-6.0,64800,0.07170905858478853,-0.05757172649431872,4360694.650219674,-458327.4764384654,0.0,0.0005447882963868488
515,4626,186.1256,46.91667,-6.0833282,43200,0.07149152175677712,-0.05734162063463017,4339881.045145775,-462522.2992525033,0.0,0.00016605279083571313
200,4545,186.1256,46.75,-6.1666565,21600,0.07168173196251378,-0.05725851534850636,4352639.653859386,-470285.21531356085,0.0,-0.0006156032245827496
340,4581,186.1256,46.833336,-6.1666565,64800,0.07161669807833564,-0.057711445171309536,4345926.351221016,-469559.8699535443,0.0,0.00022852148731248125
235,4554,186.1256,46.75,-6.0833282,64800,0.07067853509347077,-0.05804169778086746,4353319.010767862,-463954.4488188505,0.0,0.00039629486701512484
235,4554,186.1256,46.75,-6.0833282,86400,0.07097554768410584,-0.05751609746308705,4353319.010767862,-463954.4488188505,0.0,-0.0002697258422433492
480,4617,186.1256,46.91667,-6.1666565,86400,0.07189333046861723,-0.0574745016866934,4339203.78529813,-468833.52373287774,0.0,0.00015064202390027804
165,4536,186.1256,46.75,-6.25,86400,0.07143268178719665,-0.0574572097780031,4351950.96357759,-476616.1460837916,0.0,-0.00043967329736652015
445,4608,186.1256,46.91667,-6.25,86400,0.07174853859208852,-0.057821796709295104,4338517.220887722,-475144.9119816816,0.0,-0.00029140429345204385
445,4608,186.1256,46.91667,-6.25,21600,0.07158117292553831,-0.05747594312003484,4338517.220887722,-475144.9119816816,0.0,-0.0006940609136105655
340,4581,186.1256,46.833336,-6.1666565,21600,0.07181286545435099,-0.05772188683696836,4345926.351221016,-469559.8699535443,0.0,0.00019112687591756026
550,4635,186.1256,46.91667,-6.0,21600,0.07142960154067696,-0.05734902373523956,4340549.125536747,-456210.0964726406,0.0,0.00036125171008778576
620,4653,186.1256,47.0,-6.1666565,64800,0.07131645172902418,-0.05743192235989516,4332472.586781167,-468106.2447951276,0.0,-0.00030341437638774146
305,4572,186.1256,46.833336,-6.25,43200,0.07168282850262112,-0.058080175614608785,4345238.723142079,-475881.0361998027,0.0,-0.0003298631178296533
235,4554,186.1256,46.75,-6.0833282,21600,0.07024523755070639,-0.05749961197062582,4353319.010767862,-463954.4488188505,0.0,-0.0001576228845787387
95,4518,186.1256,46.66667,-6.0833282,43200,0.07153777763812194,-0.05738550729896925,4360023.469108121,-464668.9756583009,0.0,-8.62296561013831e-05
410,4599,186.1256,46.833336,-6.0,43200,0.07168096214010104,-0.05743529160727921,4347273.775744883,-456916.88569019584,0.0,-1.7594793805296755e-05
95,4518,186.1256,46.66667,-6.0833282,86400,0.07155013402520374,-0.05770206017850718,4360023.469108121,-464668.9756583009,0.0,6.455598750494513e-05
515,4626,186.1256,46.91667,-6.0833282,64800,0.07156228097625109,-0.057530113673101374,4339881.045145775,-462522.2992525033,0.0,-0.0005673329584392788
95,4518,186.1256,46.66667,-6.0833282,64800,0.0715844868748929,-0.057650074645528904,4360023.469108121,-464668.9756583009,0.0,-0.000213591329756323
445,4608,186.1256,46.91667,-6.25,43200,0.0716848264588994,-0.057567618693823305,4338517.220887722,-475144.9119816816,0.0,0.00015664508426392184
585,4644,186.1256,47.0,-6.25,43200,0.07148158995685443,-0.05756901183130631,4331787.087405169,-474407.8424903363,0.0,-0.00011844281799219324
165,4536,186.1256,46.75,-6.25,43200,0.07162945082442873,-0.05729346140731968,4351950.96357759,-476616.1460837916,0.0,-0.000513938547621216
516,4806,222.4752,46.91667,-6.0833282,86400,0.07165343176386936,-0.057756790650147494,4339881.045145775,-462522.2992525033,0.0,-1.8413258547086482e-05
481,4797,222.4752,46.91667,-6.1666565,86400,0.0717314908061343,-0.05752861727161111,4339203.78529813,-468833.52373287774,0.0,0.00010413411976229697
551,4815,222.4752,46.91667,-6.0,86400,0.07167417644411306,-0.05766072194137377,4340549.125536747,-456210.0964726406,0.0,3.5892361116322623e-05
201,4725,222.4752,46.75,-6.1666565,86400,0.07156395492085103,-0.05763867605870885,4352639.653859386,-470285.21531356085,0.0,0.00024569960035846205
96,4698,222.4752,46.66667,-6.0833282,86400,0.07163911131471601,-0.05766506412390318,4360023.469108121,-464668.9756583009,0.0,4.226928103096337e-05
166,4716,222.4752,46.75,-6.25,86400,0.07155463717809755,-0.05758182449703179,4351950.96357759,-476616.1460837916,0.0,-0.0002055071969517298
341,4761,222.4752,46.833336,-6.1666565,86400,0.07162728480158562,-0.05770276105039632,4345926.351221016,-469559.8699535443,0.0,-2.7075618740071312e-05
411,4779,222.4752,46.833336,-6.0,86400,0.07177664615887594,-0.057705057973422916,4347273.775744883,-456916.88569019584,0.0,4.8347501432677054e-05
271,4743,222.4752,46.75,-6.0,86400,0.07077990401502524,-0.05778664113944663,4353989.159796485,-457622.70099545474,0.0,3.7829151565965036e-06
306,4752,222.4752,46.833336,-6.25,86400,0.07160799124328243,-0.05753704730502995,4345238.723142079,-475881.0361998027,0.0,1.9920130997273217e-06
446,4788,222.4752,46.91667,-6.25,86400,0.07170378821184067,-0.05770922194330473,4338517.220887722,-475144.9119816816,0.0,-0.00011017562545504451
236,4734,222.4752,46.75,-6.0833282,86400,0.07087620825759228,-0.057588332913230254,4353319.010767862,-463954.4488188505,0.0,-0.00013412923489846464
26,4680,222.4752,46.66667,-6.25,86400,0.07070218406920972,-0.057739569178834695,4358653.3150161095,-477350.1729464703,0.0,-6.889950579822647e-05
586,4824,222.4752,47.0,-6.25,86400,0.07154910875248377,-0.05766437651367262,4331787.087405169,-474407.8424903363,0.0,0.00019927932094608344
61,4689,222.4752,46.66667,-6.1666565,86400,0.07161104412345763,-0.05765036305050487,4359343.065935845,-471009.49203812674,0.0,-4.821589947733202e-05
376,4770,222.4752,46.833336,-6.0833282,86400,0.07170613031768244,-0.05771646193841038,4346604.66032198,-463238.8677294356,0.0,6.80840701562886e-05
131,4707,222.4752,46.66667,-6.0,86400,0.07161648240338887,-0.05752485916226184,4360694.650219674,-458327.4764384654,0.0,-0.0001917537933476564
621,4833,222.4752,47.0,-6.1666565,86400,0.07148239440900558,-0.05773287271377967,4332472.586781167,-468106.2447951276,0.0,-2.5550930438408636e-05
481,4797,222.4752,46.91667,-6.1666565,43200,0.07171947389806672,-0.05744322106365032,4339203.78529813,-468833.52373287774,0.0,7.661199283294824e-05
481,4797,222.4752,46.91667,-6.1666565,64800,0.07167233630934103,-0.057667212204771674,4339203.78529813,-468833.52373287774,0.0,0.00029633232340375794
586,4824,222.4752,47.0,-6.25,21600,0.0714982731428854,-0.05783348307590995,4331787.087405169,-474407.8424903363,0.0,-3.215268631608044e-05
201,4725,222.4752,46.75,-6.1666565,43200,0.0716568733927355,-0.057862563702965504,4352639.653859386,-470285.21531356085,0.0,0.0002289773582655882
271,4743,222.4752,46.75,-6.0,64800,0.07063030120514824,-0.05764411592830707,4353989.159796485,-457622.70099545474,0.0,0.00013737016265528472
446,4788,222.4752,46.91667,-6.25,43200,0.07165969185084398,-0.05759211783316788,4338517.220887722,-475144.9119816816,0.0,6.763970018708146e-05
166,4716,222.4752,46.75,-6.25,21600,0.07166723092491303,-0.05756625454403066,4351950.96357759,-476616.1460837916,0.0,0.00022160454455079964
61,4689,222.4752,46.66667,-6.1666565,64800,0.07175327049001035,-0.05768869980520377,4359343.065935845,-471009.49203812674,0.0,6.0617772444107314e-05
516,4806,222.4752,46.91667,-6.0833282,64800,0.07161771460184288,-0.0575874423144781,4339881.045145775,-462522.2992525033,0.0,-0.0003149774785835706
341,4761,222.4752,46.833336,-6.1666565,21600,0.071721420792433,-0.0576458886983935,4345926.351221016,-469559.8699535443,0.0,8.273797644192697e-05
341,4761,222.4752,46.833336,-6.1666565,43200,0.07181991603228817,-0.05773410826228117,4345926.351221016,-469559.8699535443,0.0,-8.26087181548371e-05
691,4851,222.4752,47.0,-6.0,86400,0.07135269864492284,-0.05828330063963632,4333815.840058059,-455502.3996515776,0.0,0.0001660965342393734
551,4815,222.4752,46.91667,-6.0,64800,0.07169175884751613,-0.05765636512731687,4340549.125536747,-456210.0964726406,0.0,0.00012477830015563294
236,4734,222.4752,46.75,-6.0833282,64800,0.07072357483771914,-0.05779570186915678,4353319.010767862,-463954.4488188505,0.0,0.0001485979385203933
131,4707,222.4752,46.66667,-6.0,21600,0.07165804310960905,-0.057642829815397284,4360694.650219674,-458327.4764384654,0.0,-1.6798104840990982e-05
61,4689,222.4752,46.66667,-6.1666565,43200,0.07172247947875017,-0.057703358120578745,4359343.065935845,-471009.49203812674,0.0,-9.818842266901311e-05
516,4806,222.4752,46.91667,-6.0833282,21600,0.0715824327827899,-0.057579445223950546,4339881.045145775,-462522.2992525033,0.0,-2.484882171536873e-05
621,4833,222.4752,47.0,-6.1666565,21600,0.07151022356474454,-0.05779300290904346,4332472.586781167,-468106.2447951276,0.0,0.00017519486273506106
551,4815,222.4752,46.91667,-6.0,43200,0.07173739655179001,-0.0576148717894791,4340549.125536747,-456210.0964726406,0.0,0.0001147230412911885
201,4725,222.4752,46.75,-6.1666565,21600,0.07166200325900972,-0.05742250251476176,4352639.653859386,-470285.21531356085,0.0,-0.00032248686830146873
376,4770,222.4752,46.833336,-6.0833282,64800,0.0715918072718314,-0.05744282094093964,4346604.66032198,-463238.8677294356,0.0,8.160433644140668e-06
516,4806,222.4752,46.91667,-6.0833282,43200,0.07158195323412393,-0.05749814229405671,4339881.045145775,-462522.2992525033,0.0,0.00012762388545474113
26,4680,222.4752,46.66667,-6.25,64800,0.07078119276511466,-0.05783746440036339,4358653.3150161095,-477350.1729464703,0.0,0.00014610338151874262
236,4734,222.4752,46.75,-6.0833282,21600,0.07054840318768257,-0.05760524934153888,4353319.010767862,-463954.4488188505,0.0,-0.00010031667876535609
271,4743,222.4752,46.75,-6.0,21600,0.07076537803459816,-0.05758395901768245,4353989.159796485,-457622.70099545474,0.0,0.00019068505169157713
411,4779,222.4752,46.833336,-6.0,64800,0.07157305642248285,-0.05780872148617968,4347273.775744883,-456916.88569019584,0.0,2.4875723377057065e-05
131,4707,222.4752,46.66667,-6.0,43200,0.07169729023566901,-0.05764275402747302,4360694.650219674,-458327.4764384654,0.0,5.6919514149602215e-05
376,4770,222.4752,46.833336,-6.0833282,43200,0.0715998025546377,-0.057563742111858864,4346604.66032198,-463238.8677294356,0.0,-0.00013284054578941337
341,4761,222.4752,46.833336,-6.1666565,64800,0.07164319898634915,-0.05768788899617328,4345926.351221016,-469559.8699535443,0.0,0.0001331188958946844
166,4716,222.4752,46.75,-6.25,43200,0.07162226696971588,-0.05743716665880642,4351950.96357759,-476616.1460837916,0.0,-0.00025947710314940924
411,4779,222.4752,46.833336,-6.0,43200,0.0716737140634861,-0.05751798861266214,4347273.775744883,-456916.88569019584,0.0,-3.7974561115843106e-06
446,4788,222.4752,46.91667,-6.25,64800,0.07163591932357821,-0.05765948812178491,4338517.220887722,-475144.9119816816,0.0,0.0002087869434448128
306,4752,222.4752,46.833336,-6.25,21600,0.07167994015422828,-0.0575502574163329,4345238.723142079,-475881.0361998027,0.0,-6.440231514902694e-05
26,4680,222.4752,46.66667,-6.25,43200,0.07069568030928952,-0.05758751300829741,4358653.3150161095,-477350.1729464703,0.0,-3.359805867171572e-05
306,4752,222.4752,46.833336,-6.25,64800,0.07164981161388363,-0.05763065117431135,4345238.723142079,-475881.0361998027,0.0,3.0083852966747045e-05
691,4851,222.4752,47.0,-6.0,43200,0.07134081264399895,-0.0582364110543444,4333815.840058059,-455502.3996515776,0.0,0.00016149858576861728
586,4824,222.4752,47.0,-6.25,64800,0.07148975897037516,-0.05779848124062076,4331787.087405169,-474407.8424903363,0.0,0.00020255589140174903
656,4842,222.4752,47.0,-6.0833282,43200,0.0714793481915698,-0.05765288258988235,4333148.796028124,-461804.81061430223,0.0,-4.897056857185231e-05
376,4770,222.4752,46.833336,-6.0833282,21600,0.07166804354668523,-0.05744733891838141,4346604.66032198,-463238.8677294356,0.0,7.439957782878791e-05
621,4833,222.4752,47.0,-6.1666565,64800,0.07140526064646917,-0.05764707135005498,4332472.586781167,-468106.2447951276,0.0,-0.00015503833702833116
656,4842,222.4752,47.0,-6.0833282,21600,0.07148402600933702,-0.05772270649003266,4333148.796028124,-461804.81061430223,0.0,9.135340829450046e-06
236,4734,222.4752,46.75,-6.0833282,43200,0.07071521562180798,-0.057682479486379265,4353319.010767862,-463954.4488188505,0.0,9.862969151228134e-05
481,4797,222.4752,46.91667,-6.1666565,21600,0.07163267534676694,-0.05754472858533895,4339203.78529813,-468833.52373287774,0.0,-1.7667626506372184e-05
166,4716,222.4752,46.75,-6.25,64800,0.07161228632916584,-0.05777065161325589,4351950.96357759,-476616.1460837916,0.0,4.0177765260085645e-05
656,4842,222.4752,47.0,-6.0833282,64800,0.0715090978073209,-0.057879670923893116,4333148.796028124,-461804.81061430223,0.0,-5.52245339080819e-05
96,4698,222.4752,46.66667,-6.0833282,21600,0.07170673494960503,-0.05761081753713933,4360023.469108121,-464668.9756583009,0.0,-0.00011014702913104536
446,4788,222.4752,46.91667,-6.25,21600,0.071624793649855,-0.05755952001832617,4338517.220887722,-475144.9119816816,0.0,-0.0002880201089402163
61,4689,222.4752,46.66667,-6.1666565,21600,0.07172228927619227,-0.05760585192641781,4359343.065935845,-471009.49203812674,0.0,0.00013416528475058788
271,4743,222.4752,46.75,-6.0,43200,0.0707337196750571,-0.05772690042328095,4353989.159796485,-457622.70099545474,0.0,0.0001625522288132707
691,4851,222.4752,47.0,-6.0,64800,0.07132122303391425,-0.05810949296424075,4333815.840058059,-455502.3996515776,0.0,4.7984908826605186e-05
131,4707,222.4752,46.66667,-6.0,64800,0.07166826747405111,-0.05758995230254664,4360694.650219674,-458327.4764384654,0.0,0.000205284231179051
656,4842,222.4752,47.0,-6.0833282,86400,0.07140580615425178,-0.05784667151901733,4333148.796028124,-461804.81061430223,0.0,0.00013527636159543714
26,4680,222.4752,46.66667,-6.25,21600,0.07075336619839494,-0.05769038332504969,4358653.3150161095,-477350.1729464703,0.0,1.4587114479096044e-05
586,4824,222.4752,47.0,-6.25,43200,0.0714687287956219,-0.05769700495820999,4331787.087405169,-474407.8424903363,0.0,-5.3553777233848333e-05
411,4779,222.4752,46.833336,-6.0,21600,0.07166723227124465,-0.05773953436451284,4347273.775744883,-456916.88569019584,0.0,-7.482862867069942e-05
691,4851,222.4752,47.0,-6.0,21600,0.07134971508315345,-0.05813290540118576,4333815.840058059,-455502.3996515776,0.0,-3.789749135799057e-05
201,4725,222.4752,46.75,-6.1666565,64800,0.07157525602766751,-0.057730939622506666,4352639.653859386,-470285.21531356085,0.0,-0.0002823341601536505
96,4698,222.4752,46.66667,-6.0833282,64800,0.07161005385618602,-0.05759733528493485,4360023.469108121,-464668.9756583009,0.0,-7.812117445749464e-05
306,4752,222.4752,46.833336,-6.25,43200,0.07165004213701538,-0.057822552303053096,4345238.723142079,-475881.0361998027,0.0,-0.00018667841423161013
96,4698,222.4752,46.66667,-6.0833282,43200,0.07161461122801327,-0.0574894829509523,4360023.469108121,-464668.9756583009,0.0,-2.5465098316460216e-05
621,4833,222.4752,47.0,-6.1666565,43200,0.07134606094439563,-0.057805898069771225,4332472.586781167,-468106.2447951276,0.0,0.00011393403266414369
551,4815,222.4752,46.91667,-6.0,21600,0.07156826928418629,-0.05746085791572603,4340549.125536747,-456210.0964726406,0.0,0.00015183084463737996
657,5022,266.0403,47.0,-6.0833282,21600,0.07144637823196079,-0.05776678626435436,4333148.796028124,-461804.81061430223,0.0,3.945631557338201e-06
482,4977,266.0403,46.91667,-6.1666565,21600,0.07161550211609885,-0.057570405414407805,4339203.78529813,-468833.52373287774,0.0,-4.684973859855865e-06
272,4923,266.0403,46.75,-6.0,86400,0.0708336679929821,-0.05766760130252585,4353989.159796485,-457622.70099545474,0.0,-7.750657001355228e-07
377,4950,266.0403,46.833336,-6.0833282,21600,0.07163940454255681,-0.05755003092852357,4346604.66032198,-463238.8677294356,0.0,2.3975210353117513e-05
97,4878,266.0403,46.66667,-6.0833282,86400,0.07164893984310285,-0.057644470102381204,4360023.469108121,-464668.9756583009,0.0,2.301293280648442e-05
27,4860,266.0403,46.66667,-6.25,64800,0.07083935868879941,-0.05767706421932531,4358653.3150161095,-477350.1729464703,0.0,7.544516868988203e-05
657,5022,266.0403,47.0,-6.0833282,86400,0.07141839153376295,-0.057821677224227847,4333148.796028124,-461804.81061430223,0.0,6.605603714415947e-05
132,4887,266.0403,46.66667,-6.0,43200,0.0716595331235246,-0.05763403004045587,4360694.650219674,-458327.4764384654,0.0,2.7061302225073875e-06
132,4887,266.0403,46.66667,-6.0,64800,0.07164170275356123,-0.05760811785853173,4360694.650219674,-458327.4764384654,0.0,6.271378117468334e-05
132,4887,266.0403,46.66667,-6.0,86400,0.07163479105484116,-0.05758586850141701,4360694.650219674,-458327.4764384654,0.0,-7.344888267743446e-05
272,4923,266.0403,46.75,-6.0,21600,0.07081910125404062,-0.05757404499794725,4353989.159796485,-457622.70099545474,0.0,7.622668153212045e-05
167,4896,266.0403,46.75,-6.25,86400,0.07160078677291937,-0.05762495676276602,4351950.96357759,-476616.1460837916,0.0,-8.925601502741688e-05
342,4941,266.0403,46.833336,-6.1666565,21600,0.0716690398781603,-0.057628580441870504,4345926.351221016,-469559.8699535443,0.0,3.468747874187754e-05
342,4941,266.0403,46.833336,-6.1666565,64800,0.07163770029077379,-0.05766661011816867,4345926.351221016,-469559.8699535443,0.0,6.248429426703298e-05
447,4968,266.0403,46.91667,-6.25,21600,0.07162991690362805,-0.057606134269289545,4338517.220887722,-475144.9119816816,0.0,-0.00011204895818274358
272,4923,266.0403,46.75,-6.0,64800,0.07077370211812573,-0.057603257237351796,4353989.159796485,-457622.70099545474,0.0,8.352535736476825e-05
202,4905,266.0403,46.75,-6.1666565,64800,0.07159380499367514,-0.05768018099646744,4352639.653859386,-470285.21531356085,0.0,-0.00010890355467922331
237,4914,266.0403,46.75,-6.0833282,64800,0.07080130769314794,-0.05765824112374579,4353319.010767862,-463954.4488188505,0.0,4.474331720018133e-05
412,4959,266.0403,46.833336,-6.0,21600,0.07164465730602408,-0.05768181089884053,4347273.775744883,-456916.88569019584,0.0,-2.6556058227863714e-05
97,4878,266.0403,46.66667,-6.0833282,43200,0.0716300734654303,-0.05755761477743082,4360023.469108121,-464668.9756583009,0.0,-7.896962820385367e-06
307,4932,266.0403,46.833336,-6.25,21600,0.07165572630047061,-0.05759246500866124,4345238.723142079,-475881.0361998027,0.0,-1.8765570461135182e-05
27,4860,266.0403,46.66667,-6.25,43200,0.07079223848682789,-0.05758081496451048,4358653.3150161095,-477350.1729464703,0.0,-8.76451555232211e-06
412,4959,266.0403,46.833336,-6.0,43200,0.07165288622141215,-0.05757844393224411,4347273.775744883,-456916.88569019584,0.0,2.26407805742684e-06
307,4932,266.0403,46.833336,-6.25,64800,0.07163172861101924,-0.057626835860726144,4345238.723142079,-475881.0361998027,0.0,3.187015123044732e-05
97,4878,266.0403,46.66667,-6.0833282,64800,0.07161270037173452,-0.057593953676144186,4360023.469108121,-464668.9756583009,0.0,-3.2195346789945304e-05
167,4896,266.0403,46.75,-6.25,64800,0.07162687947962205,-0.05769679305717097,4351950.96357759,-476616.1460837916,0.0,1.569434446856024e-05
517,4986,266.0403,46.91667,-6.0833282,21600,0.07160709176392616,-0.05761175021224634,4339881.045145775,-462522.2992525033,0.0,-1.2674885878562829e-05
62,4869,266.0403,46.66667,-6.1666565,64800,0.07167979552819641,-0.05766259264687338,4359343.065935845,-471009.49203812674,0.0,6.618958379648851e-06
447,4968,266.0403,46.91667,-6.25,43200,0.07164065383389949,-0.05760683109208541,4338517.220887722,-475144.9119816816,0.0,2.4335209208546886e-05
482,4977,266.0403,46.91667,-6.1666565,86400,0.07165993647941689,-0.05757409227917238,4339203.78529813,-468833.52373287774,0.0,6.498451586452465e-05
377,4950,266.0403,46.833336,-6.0833282,86400,0.07165779631754562,-0.0576632601587769,4346604.66032198,-463238.8677294356,0.0,2.9076976334968223e-05
517,4986,266.0403,46.91667,-6.0833282,86400,0.07164326536174873,-0.05767992050365002,4339881.045145775,-462522.2992525033,0.0,-7.115259683273249e-06
482,4977,266.0403,46.91667,-6.1666565,43200,0.07166930882326784,-0.057550362288832,4339203.78529813,-468833.52373287774,0.0,3.6753138612581454e-05
412,4959,266.0403,46.833336,-6.0,64800,0.07160555491616487,-0.057702732098705765,4347273.775744883,-456916.88569019584,0.0,2.069064181519251e-07
552,4995,266.0403,46.91667,-6.0,21600,0.07161354937879139,-0.05753928797797703,4340549.125536747,-456210.0964726406,0.0,6.038552670904625e-05
517,4986,266.0403,46.91667,-6.0833282,64800,0.07163020757495478,-0.05761603110632426,4339881.045145775,-462522.2992525033,0.0,-0.0001521951132382812
657,5022,266.0403,47.0,-6.0833282,43200,0.07145177833380545,-0.057741548962992995,4333148.796028124,-461804.81061430223,0.0,-3.899748459197777e-05
342,4941,266.0403,46.833336,-6.1666565,43200,0.07171325083956337,-0.05768828334864537,4345926.351221016,-469559.8699535443,0.0,-2.232235024468182e-05
132,4887,266.0403,46.66667,-6.0,21600,0.07164901265177774,-0.05765039201717252,4360694.650219674,-458327.4764384654,0.0,3.2170693716224384e-06
517,4986,266.0403,46.91667,-6.0833282,43200,0.0716146615765655,-0.05757557791676257,4339881.045145775,-462522.2992525033,0.0,6.842746454528419e-05
587,5004,266.0403,47.0,-6.25,21600,0.07145839705924745,-0.057811183201217274,4331787.087405169,-474407.8424903363,0.0,-2.103132115203791e-05
587,5004,266.0403,47.0,-6.25,86400,0.07148249977462884,-0.0577451397081649,4331787.087405169,-474407.8424903363,0.0,6.153615033457742e-05
587,5004,266.0403,47.0,-6.25,64800,0.07146235811536525,-0.057817481076471534,4331787.087405169,-474407.8424903363,0.0,7.312781385406813e-05
412,4959,266.0403,46.833336,-6.0,86400,0.07169463910932207,-0.05765360878449741,4347273.775744883,-456916.88569019584,0.0,-2.463186677527208e-06
622,5013,266.0403,47.0,-6.1666565,86400,0.07145305394706437,-0.05778293969090177,4332472.586781167,-468106.2447951276,0.0,-1.583096591897166e-05
307,4932,266.0403,46.833336,-6.25,43200,0.07163430838516363,-0.05770739856879773,4345238.723142079,-475881.0361998027,0.0,-9.850071645241555e-05
622,5013,266.0403,47.0,-6.1666565,43200,0.07139615927487672,-0.0578147496697116,4332472.586781167,-468106.2447951276,0.0,6.454629384464745e-05
27,4860,266.0403,46.66667,-6.25,86400,0.0707935340061669,-0.057643212659889705,4358653.3150161095,-477350.1729464703,0.0,-3.469900029426265e-05
622,5013,266.0403,47.0,-6.1666565,21600,0.07146530151170166,-0.057812526978331114,4332472.586781167,-468106.2447951276,0.0,8.579848590594136e-05
97,4878,266.0403,46.66667,-6.0833282,21600,0.07167739774514566,-0.057618861953200186,4360023.469108121,-464668.9756583009,0.0,-4.468193635114954e-05
622,5013,266.0403,47.0,-6.1666565,64800,0.0714261137393864,-0.05775567393799392,4332472.586781167,-468106.2447951276,0.0,-7.291654868531827e-05
342,4941,266.0403,46.833336,-6.1666565,86400,0.07163060247878529,-0.057652748801296616,4345926.351221016,-469559.8699535443,0.0,-1.8183266530625338e-05
62,4869,266.0403,46.66667,-6.1666565,21600,0.0716742497670471,-0.05761166263313099,4359343.065935845,-471009.49203812674,0.0,7.37529370556927e-05
657,5022,266.0403,47.0,-6.0833282,64800,0.07146846485012553,-0.057830578832373296,4333148.796028124,-461804.81061430223,0.0,-3.026142205962354e-05
587,5004,266.0403,47.0,-6.25,43200,0.07144668293461619,-0.05776821051472089,4331787.087405169,-474407.8424903363,0.0,-2.4550667468058004e-05
272,4923,266.0403,46.75,-6.0,43200,0.07081206572568521,-0.05762723382540134,4353989.159796485,-457622.70099545474,0.0,7.656703955273494e-05
237,4914,266.0403,46.75,-6.0833282,86400,0.07086686667049254,-0.05758156308214844,4353319.010767862,-463954.4488188505,0.0,-6.302635216180552e-05
692,5031,266.0403,47.0,-6.0,64800,0.07131393068884234,-0.05819283972816986,4333815.840058059,-455502.3996515776,0.0,3.5086030146502125e-05
237,4914,266.0403,46.75,-6.0833282,43200,0.07080002553667808,-0.057630559660859004,4353319.010767862,-463954.4488188505,0.0,2.8894209114583107e-05
27,4860,266.0403,46.66667,-6.25,21600,0.07081658558376755,-0.05761569434009534,4358653.3150161095,-477350.1729464703,0.0,1.1053458159473607e-05
202,4905,266.0403,46.75,-6.1666565,43200,0.07163769284017511,-0.0577116659903349,4352639.653859386,-470285.21531356085,0.0,9.723627099088597e-05
167,4896,266.0403,46.75,-6.25,21600,0.07165240907756583,-0.057617888208153056,4351950.96357759,-476616.1460837916,0.0,8.710832619483855e-05
552,4995,266.0403,46.91667,-6.0,64800,0.0716485933009189,-0.0576269902679308,4340549.125536747,-456210.0964726406,0.0,4.1344610591226434e-05
482,4977,266.0403,46.91667,-6.1666565,64800,0.07165049325993521,-0.05763989165502221,4339203.78529813,-468833.52373287774,0.0,0.000127086074531112
202,4905,266.0403,46.75,-6.1666565,86400,0.0715993645927582,-0.057613612993362026,4352639.653859386,-470285.21531356085,0.0,0.00013835136159287382
552,4995,266.0403,46.91667,-6.0,43200,0.07167083313678337,-0.05761230845252009,4340549.125536747,-456210.0964726406,0.0,3.299210603771062e-05
447,4968,266.0403,46.91667,-6.25,64800,0.07164545089625367,-0.0576482373662143,4338517.220887722,-475144.9119816816,0.0,0.00010964915372786313
167,4896,266.0403,46.75,-6.25,43200,0.07161957255887087,-0.0575296601867617,4351950.96357759,-476616.1460837916,0.0,-0.00011598177552922652
307,4932,266.0403,46.833336,-6.25,86400,0.07163068154762817,-0.05758504139629189,4345238.723142079,-475881.0361998027,0.0,2.096701150684285e-05
62,4869,266.0403,46.66667,-6.1666565,43200,0.07167846265790317,-0.057667212107736156,4359343.065935845,-471009.49203812674,0.0,-3.011518075384088e-05
552,4995,266.0403,46.91667,-6.0,86400,0.07165247251720212,-0.057642600442650786,4340549.125536747,-456210.0964726406,0.0,1.7968528186852086e-05
692,5031,266.0403,47.0,-6.0,21600,0.0713312085483318,-0.05820500984681672,4333815.840058059,-455502.3996515776,0.0,-3.199720607067573e-05
692,5031,266.0403,47.0,-6.0,86400,0.0713394793081619,-0.05827377533996512,4333815.840058059,-455502.3996515776,0.0,4.83859422590888e-05
202,4905,266.0403,46.75,-6.1666565,21600,0.07163864845212774,-0.05752473830722784,4352639.653859386,-470285.21531356085,0.0,-0.00015026924092353695
237,4914,266.0403,46.75,-6.0833282,21600,0.07073765983840068,-0.05760584664451243,4353319.010767862,-463954.4488188505,0.0,-5.635197676694858e-05
377,4950,266.0403,46.833336,-6.0833282,43200,0.07161272356521946,-0.057588569781310626,4346604.66032198,-463238.8677294356,0.0,-9.164485594263214e-05
692,5031,266.0403,47.0,-6.0,43200,0.07132869822305155,-0.058238887337640974,4333815.840058059,-455502.3996515776,0.0,8.435752119644252e-05
62,4869,266.0403,46.66667,-6.1666565,86400,0.07162790267576688,-0.057660258016408894,4359343.065935845,-471009.49203812674,0.0,-2.0830897318261e-05
377,4950,266.0403,46.833336,-6.0833282,64800,0.07161775599445241,-0.05752734644367737,4346604.66032198,-463238.8677294356,0.0,1.9848473953495338e-06
447,4968,266.0403,46.91667,-6.25,86400,0.07166214516026871,-0.057653760816738286,4338517.220887722,-475144.9119816816,0.0,-3.9531844535733465e-05
518,5166,318.1274,46.91667,-6.0833282,43200,0.07161262171349558,-0.05761595698659063,4339881.045145775,-462522.2992525033,0.0,2.9321819437334142e-05
238,5094,318.1274,46.75,-6.0833282,86400,0.07091575048839865,-0.05753900551025805,4353319.010767862,-463954.4488188505,0.0,-2.805927838075761e-05
483,5157,318.1274,46.91667,-6.1666565,86400,0.07162227438044208,-0.05760787828912356,4339203.78529813,-468833.52373287774,0.0,3.6720952995108596e-05
553,5175,318.1274,46.91667,-6.0,21600,0.07161363311377915,-0.057592396631303465,4340549.125536747,-456210.0964726406,0.0,2.276749440165038e-05
238,5094,318.1274,46.75,-6.0833282,43200,0.07089054046619728,-0.05756113846061201,4353319.010767862,-463954.4488188505,0.0,6.716077452105214e-06
28,5040,318.1274,46.66667,-6.25,64800,0.07091384435680695,-0.05757334272294878,4358653.3150161095,-477350.1729464703,0.0,3.283114552991583e-05
588,5184,318.1274,47.0,-6.25,43200,0.07142150734566455,-0.05782083290601551,4331787.087405169,-474407.8424903363,0.0,-1.123907924915064e-05
168,5076,318.1274,46.75,-6.25,86400,0.07160480532916023,-0.057640141373494144,4351950.96357759,-476616.1460837916,0.0,-3.53944697773628e-05
483,5157,318.1274,46.91667,-6.1666565,43200,0.07163077564763327,-0.05760301600929,4339203.78529813,-468833.52373287774,0.0,1.5883333669111882e-05
623,5193,318.1274,47.0,-6.1666565,21600,0.0714300367650637,-0.057838875838788724,4332472.586781167,-468106.2447951276,0.0,4.159801882523028e-05
693,5211,318.1274,47.0,-6.0,43200,0.07132626250891372,-0.058296281553172964,4333815.840058059,-455502.3996515776,0.0,4.1077817157263954e-05
413,5139,318.1274,46.833336,-6.0,86400,0.07164091282565278,-0.057643918986671344,4347273.775744883,-456916.88569019584,0.0,-1.1503038410316299e-05
203,5085,318.1274,46.75,-6.1666565,86400,0.07160281235881044,-0.057618698655375424,4352639.653859386,-470285.21531356085,0.0,6.522677226531057e-05
693,5211,318.1274,47.0,-6.0,21600,0.07132672612577391,-0.058291197839437835,4333815.840058059,-455502.3996515776,0.0,-1.6541167150350998e-05
623,5193,318.1274,47.0,-6.1666565,43200,0.07140516299068293,-0.05784247367686279,4332472.586781167,-468106.2447951276,0.0,3.129664162754311e-05
518,5166,318.1274,46.91667,-6.0833282,21600,0.0716050587922659,-0.0576318433374053,4339881.045145775,-462522.2992525033,0.0,-4.3646579801129285e-06
483,5157,318.1274,46.91667,-6.1666565,21600,0.071604184268162,-0.05759810726729718,4339203.78529813,-468833.52373287774,0.0,1.063848101402908e-07
553,5175,318.1274,46.91667,-6.0,43200,0.07162932323020087,-0.05762562127370498,4340549.125536747,-456210.0964726406,0.0,7.641855348940136e-06
588,5184,318.1274,47.0,-6.25,21600,0.07142610379434197,-0.05783014324802786,4331787.087405169,-474407.8424903363,0.0,-1.089322772935119e-05
63,5049,318.1274,46.66667,-6.1666565,64800,0.07163516679676474,-0.057652635111913195,4359343.065935845,-471009.49203812674,0.0,-5.414482952580118e-06
448,5148,318.1274,46.91667,-6.25,86400,0.0716276232928721,-0.05763848751425839,4338517.220887722,-475144.9119816816,0.0,-1.4943761432069246e-05
28,5040,318.1274,46.66667,-6.25,43200,0.07088864281235141,-0.057542278628063805,4358653.3150161095,-477350.1729464703,0.0,7.884319004510383e-09
658,5202,318.1274,47.0,-6.0833282,86400,0.07141092054877124,-0.057837215068168496,4333148.796028124,-461804.81061430223,0.0,2.860927926772154e-05
658,5202,318.1274,47.0,-6.0833282,43200,0.0714242189709413,-0.05780747671370001,4333148.796028124,-461804.81061430223,0.0,-2.2563572594543432e-05
98,5058,318.1274,46.66667,-6.0833282,64800,0.07160287600040506,-0.05760961050695802,4360023.469108121,-464668.9756583009,0.0,-1.5083947508092408e-05
273,5103,318.1274,46.75,-6.0,64800,0.07088671480419885,-0.05754851672341881,4353989.159796485,-457622.70099545474,0.0,4.462687435411506e-05
658,5202,318.1274,47.0,-6.0833282,21600,0.071419340870021,-0.057816360295066184,4333148.796028124,-461804.81061430223,0.0,3.0745025732217675e-06
133,5067,318.1274,46.66667,-6.0,64800,0.0716180727136392,-0.057624448454185136,4360694.650219674,-458327.4764384654,0.0,1.324291713782986e-05
378,5130,318.1274,46.833336,-6.0833282,43200,0.07160747833239767,-0.057613521044221544,4346604.66032198,-463238.8677294356,0.0,-5.1044573283204214e-05
238,5094,318.1274,46.75,-6.0833282,21600,0.07087206776303519,-0.057558298833590406,4353319.010767862,-463954.4488188505,0.0,-2.8139679648516143e-05
378,5130,318.1274,46.833336,-6.0833282,64800,0.07161321959054051,-0.05758794575044002,4346604.66032198,-463238.8677294356,0.0,1.8272998741743503e-06
413,5139,318.1274,46.833336,-6.0,64800,0.07160458206953957,-0.057661418883082634,4347273.775744883,-456916.88569019584,0.0,-4.387123440704832e-06
553,5175,318.1274,46.91667,-6.0,86400,0.07162444486981015,-0.057638021790944696,4340549.125536747,-456210.0964726406,0.0,1.2157093471134059e-05
98,5058,318.1274,46.66667,-6.0833282,21600,0.07164013149012581,-0.05763196853968025,4360023.469108121,-464668.9756583009,0.0,-1.6848531694708103e-05
623,5193,318.1274,47.0,-6.1666565,86400,0.07142590259470494,-0.05782483656267731,4332472.586781167,-468106.2447951276,0.0,-4.213781864098198e-06
448,5148,318.1274,46.91667,-6.25,21600,0.07161628268062561,-0.05763070001568079,4338517.220887722,-475144.9119816816,0.0,-4.2073611725808614e-05
448,5148,318.1274,46.91667,-6.25,64800,0.0716269176427681,-0.057645093657572005,4338517.220887722,-475144.9119816816,0.0,4.859658479419095e-05
343,5121,318.1274,46.833336,-6.1666565,86400,0.07161779112108153,-0.0576440896079657,4345926.351221016,-469559.8699535443,0.0,-6.310702707591591e-06
203,5085,318.1274,46.75,-6.1666565,21600,0.07161555534902567,-0.05758712246244331,4352639.653859386,-470285.21531356085,0.0,-6.252613779189944e-05
308,5112,318.1274,46.833336,-6.25,43200,0.07161679589872057,-0.05766403196787669,4345238.723142079,-475881.0361998027,0.0,-4.805184514902208e-05
693,5211,318.1274,47.0,-6.0,86400,0.07133379410204221,-0.05831649622833925,4333815.840058059,-455502.3996515776,0.0,9.080863498061379e-06
63,5049,318.1274,46.66667,-6.1666565,86400,0.07161790918794997,-0.05765693396439189,4359343.065935845,-471009.49203812674,0.0,-8.75606861860129e-06
168,5076,318.1274,46.75,-6.25,43200,0.07160877509081619,-0.0575879660829124,4351950.96357759,-476616.1460837916,0.0,-4.630228023718344e-05
588,5184,318.1274,47.0,-6.25,64800,0.07143277416970763,-0.05784070848552408,4331787.087405169,-474407.8424903363,0.0,2.369755655700766e-05
483,5157,318.1274,46.91667,-6.1666565,64800,0.07162529107898122,-0.0576399422390743,4339203.78529813,-468833.52373287774,0.0,4.624403420372935e-05
168,5076,318.1274,46.75,-6.25,21600,0.07162536739151024,-0.05763901964564393,4351950.96357759,-476616.1460837916,0.0,3.0470356866919775e-05
518,5166,318.1274,46.91667,-6.0833282,64800,0.07161868269863507,-0.05763169914051733,4339881.045145775,-462522.2992525033,0.0,-6.42301181271756e-05
343,5121,318.1274,46.833336,-6.1666565,43200,0.07164920422529468,-0.05766211308166062,4345926.351221016,-469559.8699535443,0.0,-3.669499136682729e-06
133,5067,318.1274,46.66667,-6.0,21600,0.07162682355243556,-0.057648994964962647,4360694.650219674,-458327.4764384654,0.0,4.052901806299565e-06
553,5175,318.1274,46.91667,-6.0,64800,0.07161875804542525,-0.057626629610302425,4340549.125536747,-456210.0964726406,0.0,1.0593421441099292e-05
203,5085,318.1274,46.75,-6.1666565,43200,0.07161512908190296,-0.05765866844147867,4352639.653859386,-470285.21531356085,0.0,3.856891068581884e-05
28,5040,318.1274,46.66667,-6.25,86400,0.0708883053911291,-0.0575625841553364,4358653.3150161095,-477350.1729464703,0.0,-1.626463426190501e-05
308,5112,318.1274,46.833336,-6.25,86400,0.0716204894937273,-0.0576158098684614,4345238.723142079,-475881.0361998027,0.0,1.514201144703476e-05
343,5121,318.1274,46.833336,-6.1666565,64800,0.07161849412004904,-0.05765522415117551,4345926.351221016,-469559.8699535443,0.0,2.4821623948720546e-05
133,5067,318.1274,46.66667,-6.0,43200,0.07162745384637279,-0.05763888333679611,4360694.650219674,-458327.4764384654,0.0,-8.883088921377809e-06
273,5103,318.1274,46.75,-6.0,21600,0.0708987042675117,-0.057537094823881016,4353989.159796485,-457622.70099545474,0.0,3.0458008697166545e-05
273,5103,318.1274,46.75,-6.0,86400,0.07090673932591808,-0.05757666988056846,4353989.159796485,-457622.70099545474,0.0,2.1385670000418306e-06
63,5049,318.1274,46.66667,-6.1666565,43200,0.07163778648406506,-0.05765098006859353,4359343.065935845,-471009.49203812674,0.0,-1.1228542667595114e-05
168,5076,318.1274,46.75,-6.25,64800,0.07161604556371123,-0.0576632137816452,4351950.96357759,-476616.1460837916,0.0,5.239186188761601e-06
693,5211,318.1274,47.0,-6.0,64800,0.07131808486170592,-0.05828389546160073,4333815.840058059,-455502.3996515776,0.0,1.9763747420006258e-05
28,5040,318.1274,46.66667,-6.25,21600,0.07089783778438156,-0.05754968810205159,4358653.3150161095,-477350.1729464703,0.0,4.903069279643228e-06
413,5139,318.1274,46.833336,-6.0,21600,0.07162098749387241,-0.05765891302008168,4347273.775744883,-456916.88569019584,0.0,-7.711596840449905e-06
203,5085,318.1274,46.75,-6.1666565,64800,0.07159590056237046,-0.05765661989691344,4352639.653859386,-470285.21531356085,0.0,-3.991032389386991e-05
98,5058,318.1274,46.66667,-6.0833282,43200,0.07161778353258029,-0.057601925641510975,4360023.469108121,-464668.9756583009,0.0,-3.0343699279927205e-06
378,5130,318.1274,46.833336,-6.0833282,21600,0.07161655471102688,-0.057603082440884835,4346604.66032198,-463238.8677294356,0.0,7.499223894379698e-06
273,5103,318.1274,46.75,-6.0,43200,0.0708984632527628,-0.05755307497633906,4353989.159796485,-457622.70099545474,0.0,3.508854257993384e-05
658,5202,318.1274,47.0,-6.0833282,64800,0.0714343030759555,-0.057838911520409556,4333148.796028124,-461804.81061430223,0.0,-1.188869936032888e-05
98,5058,318.1274,46.66667,-6.0833282,86400,0.07162929235069651,-0.05764146221671478,4360023.469108121,-464668.9756583009,0.0,1.0752910279538056e-05
448,5148,318.1274,46.91667,-6.25,43200,0.07161969377872954,-0.05762311824526408,4338517.220887722,-475144.9119816816,0.0,7.538732215091262e-06
63,5049,318.1274,46.66667,-6.1666565,21600,0.07163493781202594,-0.0576257350098296,4359343.065935845,-471009.49203812674,0.0,3.2422641688665775e-05
343,5121,318.1274,46.833336,-6.1666565,21600,0.07163190272786081,-0.05763438087251415,4345926.351221016,-469559.8699535443,0.0,1.4072268485974504e-05
238,5094,318.1274,46.75,-6.0833282,64800,0.07089325248273332,-0.057567649529434106,4353319.010767862,-463954.4488188505,0.0,9.268628782659e-06
518,5166,318.1274,46.91667,-6.0833282,86400,0.07162153636793296,-0.05765324658849006,4339881.045145775,-462522.2992525033,0.0,-3.3436928956286907e-06
378,5130,318.1274,46.833336,-6.0833282,86400,0.07162453417852611,-0.057646372376025885,4346604.66032198,-463238.8677294356,0.0,1.3313620413058912e-05
623,5193,318.1274,47.0,-6.1666565,64800,0.07141633117242036,-0.05782099052823679,4332472.586781167,-468106.2447951276,0.0,-3.198737174420014e-05
413,5139,318.1274,46.833336,-6.0,43200,0.0716262052392405,-0.057616575726661526,4347273.775744883,-456916.88569019584,0.0,2.144834322002845e-06
308,5112,318.1274,46.833336,-6.25,64800,0.07161363129257459,-0.057629218321101315,4345238.723142079,-475881.0361998027,0.0,2.1596377940954304e-05
308,5112,318.1274,46.833336,-6.25,21600,0.07162677882914202,-0.05761858555031407,4345238.723142079,-475881.0361998027,0.0,-6.225187863614851e-06
133,5067,318.1274,46.66667,-6.0,86400,0.07162178052259098,-0.05761630367324261,4360694.650219674,-458327.4764384654,0.0,-2.7116543675700325e-05
588,5184,318.1274,47.0,-6.25,86400,0.07143611055863833,-0.05780826710750014,4331787.087405169,-474407.8424903363,0.0,1.3105498344865414e-05
344,5301,380.213,46.833336,-6.1666565,86400,0.07159273364883557,-0.057652852108026155,4345926.351221016,-469559.8699535443,0.0,-2.0394200701633293e-07
274,5283,380.213,46.75,-6.0,43200,0.07099666065917444,-0.05748884414481432,4353989.159796485,-457622.70099545474,0.0,1.566061353720973e-05
659,5382,380.213,47.0,-6.0833282,21600,0.0713935642919942,-0.05787410081631396,4333148.796028124,-461804.81061430223,0.0,3.027906788140087e-06
414,5319,380.213,46.833336,-6.0,86400,0.07159955421191243,-0.05765203284094674,4347273.775744883,-456916.88569019584,0.0,-8.550545661519505e-06
519,5346,380.213,46.91667,-6.0833282,43200,0.07159116604964585,-0.05764278699205862,4339881.045145775,-462522.2992525033,0.0,1.0705803897991857e-05
554,5355,380.213,46.91667,-6.0,43200,0.07159503087942334,-0.057644313061580466,4340549.125536747,-456210.0964726406,0.0,1.0878795831939493e-06
274,5283,380.213,46.75,-6.0,86400,0.07099930929846841,-0.05750052954771393,4353989.159796485,-457622.70099545474,0.0,3.1249623616940663e-06
64,5229,380.213,46.66667,-6.1666565,43200,0.0715996726470462,-0.057653880258443306,4359343.065935845,-471009.49203812674,0.0,-5.59026502668277e-06
484,5337,380.213,46.91667,-6.1666565,43200,0.07159572603228477,-0.05763506106657391,4339203.78529813,-468833.52373287774,0.0,6.133212135682857e-06
99,5238,380.213,46.66667,-6.0833282,43200,0.07159216218626109,-0.057634024092730905,4360023.469108121,-464668.9756583009,0.0,-1.1019341241422915e-06
449,5328,380.213,46.91667,-6.25,43200,0.07159270938520004,-0.05764285798363263,4338517.220887722,-475144.9119816816,0.0,2.3422817005428487e-06
29,5220,380.213,46.66667,-6.25,43200,0.07099224796534584,-0.05748790019696834,4358653.3150161095,-477350.1729464703,0.0,1.3838134106683788e-06
309,5292,380.213,46.833336,-6.25,43200,0.07159161557387299,-0.05765780838611861,4345238.723142079,-475881.0361998027,0.0,-2.1477315222940525e-05
379,5310,380.213,46.833336,-6.0833282,86400,0.07159341340377746,-0.05765104020001619,4346604.66032198,-463238.8677294356,0.0,5.683146595123834e-06
379,5310,380.213,46.833336,-6.0833282,43200,0.07158715520213436,-0.05763797853033267,4346604.66032198,-463238.8677294356,0.0,-2.4328365827590227e-05
134,5247,380.213,46.66667,-6.0,43200,0.07159513414382597,-0.057650388398513816,4360694.650219674,-458327.4764384654,0.0,-6.99202875687375e-06
694,5391,380.213,47.0,-6.0,21600,0.0713350439130115,-0.058396302109786115,4333815.840058059,-455502.3996515776,0.0,-6.221057259243901e-06
344,5301,380.213,46.833336,-6.1666565,43200,0.07160348721435375,-0.057657883132477564,4345926.351221016,-469559.8699535443,0.0,7.1497013678848e-07
169,5256,380.213,46.75,-6.25,43200,0.071587005228466,-0.0576276903363012,4351950.96357759,-476616.1460837916,0.0,-1.679331534190089e-05
204,5265,380.213,46.75,-6.1666565,43200,0.07158841797134155,-0.05765265150938201,4352639.653859386,-470285.21531356085,0.0,1.4771471628839603e-05
414,5319,380.213,46.833336,-6.0,43200,0.07159514661382681,-0.05764335235508705,4347273.775744883,-456916.88569019584,0.0,7.363293480454159e-07
309,5292,380.213,46.833336,-6.25,86400,0.07159439961598055,-0.05764053329657202,4345238.723142079,-475881.0361998027,0.0,7.113171296523494e-06
99,5238,380.213,46.66667,-6.0833282,64800,0.07158317405621442,-0.057633360511793894,4360023.469108121,-464668.9756583009,0.0,-6.931892356145761e-06
624,5373,380.213,47.0,-6.1666565,86400,0.07139757999193891,-0.057876705351255976,4332472.586781167,-468106.2447951276,0.0,1.4204736865857909e-06
414,5319,380.213,46.833336,-6.0,64800,0.07158568431200055,-0.05765648669766465,4347273.775744883,-456916.88569019584,0.0,-3.54155077376046e-06
379,5310,380.213,46.833336,-6.0833282,64800,0.07159089661279569,-0.05762936269891331,4346604.66032198,-463238.8677294356,0.0,1.8292491522541495e-06
239,5274,380.213,46.75,-6.0833282,21600,0.0709888432721494,-0.05749604218324738,4353319.010767862,-463954.4488188505,0.0,-1.2524693053686276e-05
344,5301,380.213,46.833336,-6.1666565,64800,0.0715913288118329,-0.057657469902616165,4345926.351221016,-469559.8699535443,0.0,8.584031216593834e-06
99,5238,380.213,46.66667,-6.0833282,86400,0.07159844495208721,-0.057651223484609854,4360023.469108121,-464668.9756583009,0.0,4.38545918835876e-06
274,5283,380.213,46.75,-6.0,21600,0.07099609768656562,-0.05748589936499132,4353989.159796485,-457622.70099545474,0.0,1.23082986056959e-05
554,5355,380.213,46.91667,-6.0,86400,0.07159358842414493,-0.05764690921842327,4340549.125536747,-456210.0964726406,0.0,7.983117956935092e-06
309,5292,380.213,46.833336,-6.25,64800,0.07158909938257493,-0.057642606141699554,4345238.723142079,-475881.0361998027,0.0,1.1506080222228176e-05
239,5274,380.213,46.75,-6.0833282,86400,0.07100119231454545,-0.0574845558899202,4353319.010767862,-463954.4488188505,0.0,-1.1578685411702086e-05
274,5283,380.213,46.75,-6.0,64800,0.07099444641284455,-0.057488892213758046,4353989.159796485,-457622.70099545474,0.0,2.1547862235484514e-05
519,5346,380.213,46.91667,-6.0833282,86400,0.07159271472953016,-0.057653864024805344,4339881.045145775,-462522.2992525033,0.0,-2.0995136416715364e-06
239,5274,380.213,46.75,-6.0833282,64800,0.07099566568230713,-0.05749578125740423,4353319.010767862,-463954.4488188505,0.0,3.4220415106020594e-07
134,5247,380.213,46.66667,-6.0,86400,0.07159468484255989,-0.057639816424507086,4360694.650219674,-458327.4764384654,0.0,-9.636617604020265e-06
344,5301,380.213,46.833336,-6.1666565,21600,0.07159760924897705,-0.0576490814538612,4345926.351221016,-469559.8699535443,0.0,5.481465663784356e-06
309,5292,380.213,46.833336,-6.25,21600,0.07159489655125824,-0.05764102086103625,4345238.723142079,-475881.0361998027,0.0,-2.3442691715655133e-06
449,5328,380.213,46.91667,-6.25,64800,0.071596670926439,-0.057652616105756185,4338517.220887722,-475144.9119816816,0.0,1.8947152223756078e-05
204,5265,380.213,46.75,-6.1666565,21600,0.07158924901488337,-0.05762833076849766,4352639.653859386,-470285.21531356085,0.0,-2.316216302885633e-05
64,5229,380.213,46.66667,-6.1666565,86400,0.07159310553757459,-0.0576598069788678,4359343.065935845,-471009.49203812674,0.0,-3.411863260031e-06
694,5391,380.213,47.0,-6.0,64800,0.07133087318857126,-0.05839178998616272,4333815.840058059,-455502.3996515776,0.0,9.26214175212162e-06
29,5220,380.213,46.66667,-6.25,21600,0.07099548569648093,-0.05748723792318889,4358653.3150161095,-477350.1729464703,0.0,1.1427720043697116e-06
659,5382,380.213,47.0,-6.0833282,64800,0.07140196544661809,-0.05788036241796717,4333148.796028124,-461804.81061430223,0.0,-3.3579444283684084e-06
64,5229,380.213,46.66667,-6.1666565,21600,0.07159861919356096,-0.0576446393822012,4359343.065935845,-471009.49203812674,0.0,1.1496978875544454e-05
624,5373,380.213,47.0,-6.1666565,64800,0.07139396267173391,-0.05787925595550251,4332472.586781167,-468106.2447951276,0.0,-1.3237982381853412e-05
99,5238,380.213,46.66667,-6.0833282,21600,0.07160188514353348,-0.05764823001022298,4360023.469108121,-464668.9756583009,0.0,-6.168947180445952e-06
589,5364,380.213,47.0,-6.25,64800,0.07140152547459107,-0.05788278527131788,4331787.087405169,-474407.8424903363,0.0,6.698755135892349e-06
29,5220,380.213,46.66667,-6.25,86400,0.07099187123013674,-0.05749311207092158,4358653.3150161095,-477350.1729464703,0.0,-6.741626152396072e-06
589,5364,380.213,47.0,-6.25,86400,0.07140005660373873,-0.05787029844396207,4331787.087405169,-474407.8424903363,0.0,-1.6159243579997455e-07
554,5355,380.213,46.91667,-6.0,64800,0.07159013925742064,-0.057641524420154876,4340549.125536747,-456210.0964726406,0.0,1.401653750042737e-06
134,5247,380.213,46.66667,-6.0,21600,0.07159659256433631,-0.05765417585254838,4360694.650219674,-458327.4764384654,0.0,2.4528977136203677e-06
519,5346,380.213,46.91667,-6.0833282,64800,0.07159333453058259,-0.05764724287412826,4339881.045145775,-462522.2992525033,0.0,-2.3879827801988137e-05
694,5391,380.213,47.0,-6.0,86400,0.07133890852384177,-0.0584032799174502,4333815.840058059,-455502.3996515776,0.0,-6.298181505491753e-07
484,5337,380.213,46.91667,-6.1666565,64800,0.07159510264519797,-0.057651425740498544,4339203.78529813,-468833.52373287774,0.0,1.364694179805447e-05
169,5256,380.213,46.75,-6.25,21600,0.07159366815157998,-0.05765296620227584,4351950.96357759,-476616.1460837916,0.0,9.273295214236788e-06
379,5310,380.213,46.833336,-6.0833282,21600,0.07159000699252749,-0.05763582016534356,4346604.66032198,-463238.8677294356,0.0,2.2258698764043296e-06
204,5265,380.213,46.75,-6.1666565,64800,0.0715812370314628,-0.05765544578035716,4352639.653859386,-470285.21531356085,0.0,-1.4011260514261414e-05
239,5274,380.213,46.75,-6.0833282,43200,0.07099239309330273,-0.057493169109423314,4353319.010767862,-463954.4488188505,0.0,8.665916522250962e-07
659,5382,380.213,47.0,-6.0833282,43200,0.07139641571714589,-0.05787073070530881,4333148.796028124,-461804.81061430223,0.0,-1.0571349917863644e-05
659,5382,380.213,47.0,-6.0833282,86400,0.07139124163838521,-0.05788004100758275,4333148.796028124,-461804.81061430223,0.0,1.1023782067479727e-05
64,5229,380.213,46.66667,-6.1666565,64800,0.07159822360113381,-0.057656227693460654,4359343.065935845,-471009.49203812674,0.0,-5.032873782103272e-06
519,5346,380.213,46.91667,-6.0833282,21600,0.07158629781484015,-0.05764899949567674,4339881.045145775,-462522.2992525033,0.0,-6.080929548715282e-07
484,5337,380.213,46.91667,-6.1666565,21600,0.07158490045247111,-0.05762764425631669,4339203.78529813,-468833.52373287774,0.0,9.662689611511045e-07
554,5355,380.213,46.91667,-6.0,21600,0.07159202917518567,-0.05763021712019623,4340549.125536747,-456210.0964726406,0.0,8.224090077460612e-06
449,5328,380.213,46.91667,-6.25,21600,0.07159134877100125,-0.05764906317243781,4338517.220887722,-475144.9119816816,0.0,-1.5729890847142834e-05
589,5364,380.213,47.0,-6.25,21600,0.07139691084168545,-0.05787681137062349,4331787.087405169,-474407.8424903363,0.0,-4.933791772638554e-06
449,5328,380.213,46.91667,-6.25,86400,0.0715948593135765,-0.05764646677416179,4338517.220887722,-475144.9119816816,0.0,-6.175795156910391e-06
169,5256,380.213,46.75,-6.25,86400,0.07158672236184462,-0.05765251989500918,4351950.96357759,-476616.1460837916,0.0,-1.2592283463389338e-05
29,5220,380.213,46.66667,-6.25,64800,0.07100549004372884,-0.057496138817885,4358653.3150161095,-477350.1729464703,0.0,1.2055513451243657e-05
484,5337,380.213,46.91667,-6.1666565,86400,0.07159169288546641,-0.05763577692948957,4339203.78529813,-468833.52373287774,0.0,1.8581621089891476e-05
694,5391,380.213,47.0,-6.0,43200,0.0713349556411193,-0.0583934676550764,4333815.840058059,-455502.3996515776,0.0,1.8884123036177215e-05
624,5373,380.213,47.0,-6.1666565,21600,0.07139841128517456,-0.057882863275708456,4332472.586781167,-468106.2447951276,0.0,1.9573265187429105e-05
204,5265,380.213,46.75,-6.1666565,86400,0.07158590484651314,-0.05763736155857353,4352639.653859386,-470285.21531356085,0.0,2.633605059824341e-05
134,5247,380.213,46.66667,-6.0,64800,0.07159083243152341,-0.057642848269975996,4360694.650219674,-458327.4764384654,0.0,4.476793558456967e-07
414,5319,380.213,46.833336,-6.0,21600,0.07159282324961573,-0.05765836777938835,4347273.775744883,-456916.88569019584,0.0,-2.036210402549933e-06
169,5256,380.213,46.75,-6.25,64800,0.07159118301179586,-0.05765823889889851,4351950.96357759,-476616.1460837916,0.0,1.5699962911182636e-06
589,5364,380.213,47.0,-6.25,43200,0.0713946000095612,-0.057876467991640694,4331787.087405169,-474407.8424903363,0.0,-5.01402512242858e-06
624,5373,380.213,47.0,-6.1666565,43200,0.07139124949239727,-0.05788729105226577,4332472.586781167,-468106.2447951276,0.0,1.2945551976517777e-05
450,5508,453.9377,46.91667,-6.25,86400,0.07155847390433467,-0.05766899643020003,4338517.220887722,-475144.9119816816,0.0,-2.5167000893763547e-06
135,5427,453.9377,46.66667,-6.0,21600,0.07155980279700255,-0.0576721886376873,4360694.650219674,-458327.4764384654,0.0,1.3610329144855726e-06
695,5571,453.9377,47.0,-6.0,86400,0.0713623289656203,-0.05853083845045608,4333815.840058059,-455502.3996515776,0.0,-1.5303028909694657e-06
205,5445,453.9377,46.75,-6.1666565,43200,0.07155520409600684,-0.05767042136303568,4352639.653859386,-470285.21531356085,0.0,5.548856870092429e-06
65,5409,453.9377,46.66667,-6.1666565,43200,0.07156026210007337,-0.057672475562424094,4359343.065935845,-471009.49203812674,0.0,-3.0825712776537047e-06
590,5544,453.9377,47.0,-6.25,86400,0.07136858525661725,-0.057945201879652,4331787.087405169,-474407.8424903363,0.0,-2.079511898735817e-06
100,5418,453.9377,46.66667,-6.0833282,21600,0.07156159065509214,-0.05767144525247687,4360023.469108121,-464668.9756583009,0.0,-2.4401432845446325e-06
590,5544,453.9377,47.0,-6.25,21600,0.07136801403939938,-0.057947303714345824,4331787.087405169,-474407.8424903363,0.0,-2.0334746891315862e-06
65,5409,453.9377,46.66667,-6.1666565,21600,0.07156011130600284,-0.05766991033690278,4359343.065935845,-471009.49203812674,0.0,3.0722469122044982e-06
625,5553,453.9377,47.0,-6.1666565,21600,0.07136832610742995,-0.05795020102652681,4332472.586781167,-468106.2447951276,0.0,8.70556126429409e-06
30,5400,453.9377,46.66667,-6.25,21600,0.07110771467177444,-0.05743072740347737,4358653.3150161095,-477350.1729464703,0.0,-3.0630977910881344e-07
415,5499,453.9377,46.833336,-6.0,86400,0.07155975459571624,-0.05767235236038885,4347273.775744883,-456916.88569019584,0.0,-4.545779818892086e-06
345,5481,453.9377,46.833336,-6.1666565,86400,0.07155829676497856,-0.057673320529369895,4345926.351221016,-469559.8699535443,0.0,1.4002222129763192e-06
555,5535,453.9377,46.91667,-6.0,21600,0.0715583515934039,-0.05766394493364109,4340549.125536747,-456210.0964726406,0.0,2.9040721067073992e-06
520,5526,453.9377,46.91667,-6.0833282,21600,0.07155540303776772,-0.057671647798238815,4339881.045145775,-462522.2992525033,0.0,5.111315138862767e-07
170,5436,453.9377,46.75,-6.25,43200,0.07155504738350815,-0.057662378799045025,4351950.96357759,-476616.1460837916,0.0,-5.681064542870828e-06
345,5481,453.9377,46.833336,-6.1666565,21600,0.0715600362921828,-0.057671829815243505,4345926.351221016,-469559.8699535443,0.0,1.99289249498283e-06
415,5499,453.9377,46.833336,-6.0,21600,0.07155791638126625,-0.05767466675172595,4347273.775744883,-456916.88569019584,0.0,-6.725204260729113e-07
380,5490,453.9377,46.833336,-6.0833282,86400,0.07155788629813321,-0.0576710207873138,4346604.66032198,-463238.8677294356,0.0,1.8913778979860024e-06
625,5553,453.9377,47.0,-6.1666565,86400,0.07136839344433905,-0.057947670828723166,4332472.586781167,-468106.2447951276,0.0,2.4648703746916835e-06
520,5526,453.9377,46.91667,-6.0833282,86400,0.07155747827567577,-0.05767201798630644,4339881.045145775,-462522.2992525033,0.0,-1.276687546065404e-06
485,5517,453.9377,46.91667,-6.1666565,86400,0.07155722618602459,-0.05766537126111286,4339203.78529813,-468833.52373287774,0.0,8.222227553869692e-06
310,5472,453.9377,46.833336,-6.25,21600,0.0715583714790899,-0.05766757622927332,4345238.723142079,-475881.0361998027,0.0,-8.446646167262286e-07
275,5463,453.9377,46.75,-6.0,21600,0.07110808891046123,-0.057432378525295265,4353989.159796485,-457622.70099545474,0.0,5.013164268035457e-06
695,5571,453.9377,47.0,-6.0,21600,0.07136086443770824,-0.058529556634015226,4333815.840058059,-455502.3996515776,0.0,-1.6718536267801008e-06
100,5418,453.9377,46.66667,-6.0833282,43200,0.07155769121277131,-0.05766481378017801,4360023.469108121,-464668.9756583009,0.0,-9.81064537615358e-08
240,5454,453.9377,46.75,-6.0833282,21600,0.07110690693319065,-0.057436045447449846,4353319.010767862,-463954.4488188505,0.0,-4.934972846799366e-06
30,5400,453.9377,46.66667,-6.25,43200,0.07110667448039941,-0.05743230672411216,4358653.3150161095,-477350.1729464703,0.0,7.893200277305454e-07
485,5517,453.9377,46.91667,-6.1666565,21600,0.07155472544169497,-0.05766068554095202,4339203.78529813,-468833.52373287774,0.0,6.684626534747375e-07
135,5427,453.9377,46.66667,-6.0,43200,0.07155862222593451,-0.05767119806209858,4360694.650219674,-458327.4764384654,0.0,-3.4248980526764123e-06
555,5535,453.9377,46.91667,-6.0,86400,0.07155791558189678,-0.05766871168983209,4340549.125536747,-456210.0964726406,0.0,4.425025032063352e-06
205,5445,453.9377,46.75,-6.1666565,21600,0.0715561464845902,-0.05766332769550806,4352639.653859386,-470285.21531356085,0.0,-7.5873360204372934e-06
380,5490,453.9377,46.833336,-6.0833282,21600,0.07155634393693994,-0.057665902085418067,4346604.66032198,-463238.8677294356,0.0,4.430241088439113e-07
170,5436,453.9377,46.75,-6.25,21600,0.07155745742257538,-0.057673286449559484,4351950.96357759,-476616.1460837916,0.0,2.302045435836778e-06
450,5508,453.9377,46.91667,-6.25,21600,0.0715574413444871,-0.057672107477652584,4338517.220887722,-475144.9119816816,0.0,-5.8680244660944975e-06
660,5562,453.9377,47.0,-6.0833282,21600,0.0713664902359233,-0.05794736465514013,4333148.796028124,-461804.81061430223,0.0,2.551005442708778e-06
660,5562,453.9377,47.0,-6.0833282,43200,0.07136798573012153,-0.05794617676917623,4333148.796028124,-461804.81061430223,0.0,-4.134022835996458e-06
450,5508,453.9377,46.91667,-6.25,43200,0.07155814959905449,-0.057668677314320585,4338517.220887722,-475144.9119816816,0.0,9.166445472480679e-07
65,5409,453.9377,46.66667,-6.1666565,86400,0.07155845534228178,-0.057675819912219164,4359343.065935845,-471009.49203812674,0.0,-1.1756926752413178e-06
450,5508,453.9377,46.91667,-6.25,64800,0.07155963719014136,-0.05767229363376002,4338517.220887722,-475144.9119816816,0.0,6.743267238725743e-06
65,5409,453.9377,46.66667,-6.1666565,64800,0.07155983847728797,-0.05767371532131811,4359343.065935845,-471009.49203812674,0.0,-2.8654365777601055e-06
380,5490,453.9377,46.833336,-6.0833282,43200,0.07155540274195156,-0.05766616899534183,4346604.66032198,-463238.8677294356,0.0,-1.0176454889828686e-05
555,5535,453.9377,46.91667,-6.0,43200,0.07155843155108943,-0.05766946592187358,4340549.125536747,-456210.0964726406,0.0,-1.5749589325521572e-07
415,5499,453.9377,46.833336,-6.0,64800,0.0715548533554355,-0.05767305247032752,4347273.775744883,-456916.88569019584,0.0,-2.0882983444583654e-06
240,5454,453.9377,46.75,-6.0833282,43200,0.0711066840840367,-0.0574333473821245,4353319.010767862,-463954.4488188505,0.0,-1.8254134401255641e-07
380,5490,453.9377,46.833336,-6.0833282,64800,0.07155742015143006,-0.05766406569269608,4346604.66032198,-463238.8677294356,0.0,1.3316375392670926e-06
415,5499,453.9377,46.833336,-6.0,43200,0.07155868134989073,-0.05767030451509105,4347273.775744883,-456916.88569019584,0.0,-3.049020708094987e-08
170,5436,453.9377,46.75,-6.25,86400,0.07155554520096588,-0.057672965437621654,4351950.96357759,-476616.1460837916,0.0,-3.935383175860407e-06
345,5481,453.9377,46.833336,-6.1666565,64800,0.07155694498804649,-0.05767439418429968,4345926.351221016,-469559.8699535443,0.0,2.7143304188909885e-06
100,5418,453.9377,46.66667,-6.0833282,86400,0.07156085962241389,-0.057672274197095516,4360023.469108121,-464668.9756583009,0.0,1.6108456612712719e-06
100,5418,453.9377,46.66667,-6.0833282,64800,0.07155339980930771,-0.05766339122898829,4360023.469108121,-464668.9756583009,0.0,-2.743566329676749e-06
310,5472,453.9377,46.833336,-6.25,64800,0.07155619631713207,-0.057666934719776346,4345238.723142079,-475881.0361998027,0.0,5.1107990867943514e-06
625,5553,453.9377,47.0,-6.1666565,43200,0.07136694726134532,-0.05795365527496376,4332472.586781167,-468106.2447951276,0.0,4.554556843504762e-06
135,5427,453.9377,46.66667,-6.0,64800,0.07155684581201481,-0.057668061890929476,4360694.650219674,-458327.4764384654,0.0,-1.1593814915173622e-06
520,5526,453.9377,46.91667,-6.0833282,43200,0.07155786781229159,-0.05766986452734856,4339881.045145775,-462522.2992525033,0.0,3.515003830999005e-06
275,5463,453.9377,46.75,-6.0,64800,0.07110896404317671,-0.05743237103211979,4353989.159796485,-457622.70099545474,0.0,9.564045474860895e-06
240,5454,453.9377,46.75,-6.0833282,64800,0.07110917242436429,-0.05743491280391316,4353319.010767862,-463954.4488188505,0.0,-7.085509410390947e-07
135,5427,453.9377,46.66667,-6.0,86400,0.07155900312961971,-0.057666930261663356,4360694.650219674,-458327.4764384654,0.0,-3.2514397047266877e-06
170,5436,453.9377,46.75,-6.25,64800,0.07155698562667487,-0.05767352704131317,4351950.96357759,-476616.1460837916,0.0,5.416013806175337e-07
275,5463,453.9377,46.75,-6.0,86400,0.07110914062763549,-0.05743682612527558,4353989.159796485,-457622.70099545474,0.0,2.40424957955596e-06
485,5517,453.9377,46.91667,-6.1666565,43200,0.07155837253553242,-0.05766502459668734,4339203.78529813,-468833.52373287774,0.0,2.0272181283630904e-06
30,5400,453.9377,46.66667,-6.25,64800,0.07111360180598254,-0.05743395887913031,4358653.3150161095,-477350.1729464703,0.0,3.829726243937395e-06
345,5481,453.9377,46.833336,-6.1666565,43200,0.07156170406000378,-0.05767309979812397,4345926.351221016,-469559.8699535443,0.0,1.1317089554374392e-06
205,5445,453.9377,46.75,-6.1666565,64800,0.07155288371004012,-0.05767230566317014,4352639.653859386,-470285.21531356085,0.0,-4.700895861361772e-06
310,5472,453.9377,46.833336,-6.25,86400,0.07155897537467128,-0.05766780748963835,4345238.723142079,-475881.0361998027,0.0,2.4460172443265505e-06
310,5472,453.9377,46.833336,-6.25,43200,0.07155779156286217,-0.05767352598674509,4345238.723142079,-475881.0361998027,0.0,-8.780446174695953e-06
485,5517,453.9377,46.91667,-6.1666565,64800,0.07155885033973526,-0.05767267648228607,4339203.78529813,-468833.52373287774,0.0,2.9796110487263817e-06
590,5544,453.9377,47.0,-6.25,43200,0.07136672461769454,-0.05794816458223341,4331787.087405169,-474407.8424903363,0.0,-2.18185436515001e-06
590,5544,453.9377,47.0,-6.25,64800,0.07137026944584268,-0.05794961666815594,4331787.087405169,-474407.8424903363,0.0,1.4767221397190648e-06
30,5400,453.9377,46.66667,-6.25,86400,0.07110649846395571,-0.05743349893478396,4358653.3150161095,-477350.1729464703,0.0,-2.4900736639643614e-06
660,5562,453.9377,47.0,-6.0833282,64800,0.0713705755972904,-0.057948370622731796,4333148.796028124,-461804.81061430223,0.0,-6.332435806629322e-07
625,5553,453.9377,47.0,-6.1666565,64800,0.0713669932467083,-0.05795042298632206,4332472.586781167,-468106.2447951276,0.0,-5.197185204068379e-06
205,5445,453.9377,46.75,-6.1666565,86400,0.07155541397351228,-0.05766499148845801,4352639.653859386,-470285.21531356085,0.0,9.32952912386871e-06
660,5562,453.9377,47.0,-6.0833282,86400,0.07136579550223542,-0.057948056501629326,4333148.796028124,-461804.81061430223,0.0,3.8056348251643338e-06
695,5571,453.9377,47.0,-6.0,43200,0.07136080796096853,-0.05852657740127898,4333815.840058059,-455502.3996515776,0.0,8.20122908771397e-06
520,5526,453.9377,46.91667,-6.0833282,64800,0.07155856470121556,-0.057670230983329705,4339881.045145775,-462522.2992525033,0.0,-7.990714451252506e-06
275,5463,453.9377,46.75,-6.0,43200,0.07110842713941039,-0.057431752267474996,4353989.159796485,-457622.70099545474,0.0,6.74076085018893e-06
695,5571,453.9377,47.0,-6.0,64800,0.0713588021502993,-0.0585270717645714,4333815.840058059,-455502.3996515776,0.0,3.7293838636115072e-06
555,5535,453.9377,46.91667,-6.0,64800,0.07155627173066231,-0.057666775031311374,4340549.125536747,-456210.0964726406,0.0,-4.622536610156208e-07
240,5454,453.9377,46.75,-6.0833282,86400,0.07110977579252968,-0.057430625091838466,4353319.010767862,-463954.4488188505,0.0,-4.261562802916161e-06
626,5733,541.0889,47.0,-6.1666565,43200,0.07134136080925406,-0.05804916945485935,4332472.586781167,-468106.2447951276,0.0,1.3620138817312921e-06
416,5679,541.0889,46.833336,-6.0,21600,0.07151528115384116,-0.057707993130736754,4347273.775744883,-456916.88569019584,0.0,-2.9256333512834354e-07
136,5607,541.0889,46.66667,-6.0,64800,0.07151482750753757,-0.05770543515120386,4360694.650219674,-458327.4764384654,0.0,-6.480082638439559e-07
171,5616,541.0889,46.75,-6.25,64800,0.07151465533055194,-0.05770702063434358,4351950.96357759,-476616.1460837916,0.0,2.7345221520649773e-07
591,5724,541.0889,47.0,-6.25,21600,0.0713413650410423,-0.058045963386317574,4331787.087405169,-474407.8424903363,0.0,-7.31354977825937e-07
661,5742,541.0889,47.0,-6.0833282,43200,0.07134150624075573,-0.05804604414478836,4333148.796028124,-461804.81061430223,0.0,-1.3672710565006188e-06
101,5598,541.0889,46.66667,-6.0833282,64800,0.0715134956903367,-0.05770353774515255,4360023.469108121,-464668.9756583009,0.0,-8.613226172970076e-07
451,5688,541.0889,46.91667,-6.25,86400,0.07151546683701193,-0.05770574815778061,4338517.220887722,-475144.9119816816,0.0,-8.645936773582818e-07
626,5733,541.0889,47.0,-6.1666565,86400,0.0713414889011898,-0.058046096191735286,4332472.586781167,-468106.2447951276,0.0,1.7444937053724568e-06
171,5616,541.0889,46.75,-6.25,86400,0.07151440856934402,-0.057707593753905266,4351950.96357759,-476616.1460837916,0.0,-1.0481875708084328e-06
556,5715,541.0889,46.91667,-6.0,21600,0.07151571326647146,-0.057704372060561115,4340549.125536747,-456210.0964726406,0.0,1.0267292385943971e-06
206,5625,541.0889,46.75,-6.1666565,86400,0.07151445620968497,-0.05770409008039527,4352639.653859386,-470285.21531356085,0.0,3.0465886632889566e-06
66,5589,541.0889,46.66667,-6.1666565,64800,0.07151595719087354,-0.05770747696924725,4359343.065935845,-471009.49203812674,0.0,-1.3749864267161448e-06
696,5751,541.0889,47.0,-6.0,43200,0.07141614889140097,-0.05869977476823907,4333815.840058059,-455502.3996515776,0.0,3.335910819010732e-06
381,5670,541.0889,46.833336,-6.0833282,21600,0.07151451107116594,-0.05770471338811019,4346604.66032198,-463238.8677294356,0.0,-1.1349141573385472e-07
31,5580,541.0889,46.66667,-6.25,64800,0.0717066252080286,-0.057605457908596946,4358653.3150161095,-477350.1729464703,0.0,1.1275408277668109e-06
521,5706,541.0889,46.91667,-6.0833282,21600,0.0715144121261745,-0.057706997652380965,4339881.045145775,-462522.2992525033,0.0,5.862271409710788e-07
486,5697,541.0889,46.91667,-6.1666565,86400,0.07151517076285993,-0.05770448347839345,4339203.78529813,-468833.52373287774,0.0,3.0782868917060102e-06
486,5697,541.0889,46.91667,-6.1666565,21600,0.07151419044758965,-0.05770235997092009,4339203.78529813,-468833.52373287774,0.0,2.8340159361094736e-07
241,5634,541.0889,46.75,-6.0833282,43200,0.07170399383329727,-0.057605188592217034,4353319.010767862,-463954.4488188505,0.0,-1.7374460542072542e-07
346,5661,541.0889,46.833336,-6.1666565,21600,0.07151626254607213,-0.057707384674355974,4345926.351221016,-469559.8699535443,0.0,6.113610426601754e-07
696,5751,541.0889,47.0,-6.0,64800,0.07141518049163215,-0.05870022227833074,4333815.840058059,-455502.3996515776,0.0,1.3027601984118967e-06
661,5742,541.0889,47.0,-6.0833282,64800,0.0713425022431497,-0.0580461082155428,4333148.796028124,-461804.81061430223,0.0,-7.834738836669507e-08
31,5580,541.0889,46.66667,-6.25,21600,0.0717046562377096,-0.05760396653867158,4358653.3150161095,-477350.1729464703,0.0,-5.288712133142997e-07
626,5733,541.0889,47.0,-6.1666565,64800,0.07134095571431688,-0.05804773107340302,4332472.586781167,-468106.2447951276,0.0,-1.9444326166366936e-06
66,5589,541.0889,46.66667,-6.1666565,21600,0.07151608965277223,-0.05770671616947593,4359343.065935845,-471009.49203812674,0.0,4.061674759592314e-07
696,5751,541.0889,47.0,-6.0,86400,0.07141651177455827,-0.058701511034495266,4333815.840058059,-455502.3996515776,0.0,-8.278921995154713e-07
591,5724,541.0889,47.0,-6.25,64800,0.07134224564578667,-0.05804669118373009,4331787.087405169,-474407.8424903363,0.0,1.164867054943266e-07
101,5598,541.0889,46.66667,-6.0833282,21600,0.07151659807446241,-0.05770725871852277,4360023.469108121,-464668.9756583009,0.0,-1.1406568909266784e-06
31,5580,541.0889,46.66667,-6.25,86400,0.07170436661781032,-0.057605265993053184,4358653.3150161095,-477350.1729464703,0.0,-8.807271382140343e-07
591,5724,541.0889,47.0,-6.25,86400,0.07134130523787,-0.05804502706136703,4331787.087405169,-474407.8424903363,0.0,-1.4030414051605887e-06
556,5715,541.0889,46.91667,-6.0,64800,0.07151453368018104,-0.057704586571573666,4340549.125536747,-456210.0964726406,0.0,-4.467280700059678e-07
521,5706,541.0889,46.91667,-6.0833282,64800,0.07151566242455035,-0.057706347085911554,4339881.045145775,-462522.2992525033,0.0,-2.521650220977064e-06
136,5607,541.0889,46.66667,-6.0,21600,0.07151611835552822,-0.05770652062973083,4360694.650219674,-458327.4764384654,0.0,7.497261721761549e-07
486,5697,541.0889,46.91667,-6.1666565,64800,0.0715155716114613,-0.057707622024166086,4339203.78529813,-468833.52373287774,0.0,3.3551214408186204e-07
171,5616,541.0889,46.75,-6.25,21600,0.07151480121972448,-0.0577076186265425,4351950.96357759,-476616.1460837916,0.0,3.5432928763037503e-07
66,5589,541.0889,46.66667,-6.1666565,86400,0.07151554793293687,-0.05770863196607858,4359343.065935845,-471009.49203812674,0.0,-3.382674137856436e-07
451,5688,541.0889,46.91667,-6.25,64800,0.07151593984661117,-0.0577070644856787,4338517.220887722,-475144.9119816816,0.0,2.2367348219358974e-06
136,5607,541.0889,46.66667,-6.0,86400,0.07151573356362226,-0.057704938176211924,4360694.650219674,-458327.4764384654,0.0,-1.0320250623250863e-06
241,5634,541.0889,46.75,-6.0833282,64800,0.07170501242308563,-0.05760614809034738,4353319.010767862,-463954.4488188505,0.0,-3.490510929908217e-07
521,5706,541.0889,46.91667,-6.0833282,86400,0.07151496359140967,-0.05770666452544163,4339881.045145775,-462522.2992525033,0.0,-6.166437674910456e-07
276,5643,541.0889,46.75,-6.0,64800,0.07170495578442872,-0.05760531811727969,4353989.159796485,-457622.70099545474,0.0,3.943554162027303e-06
311,5652,541.0889,46.833336,-6.25,21600,0.07151527057112211,-0.057705223427796236,4345238.723142079,-475881.0361998027,0.0,-2.8466197439845957e-07
311,5652,541.0889,46.833336,-6.25,64800,0.07151456841339764,-0.057704573742460956,4345238.723142079,-475881.0361998027,0.0,1.9343236301109505e-06
206,5625,541.0889,46.75,-6.1666565,64800,0.07151327809431916,-0.05770657501901414,4352639.653859386,-470285.21531356085,0.0,-1.5020043091223654e-06
276,5643,541.0889,46.75,-6.0,21600,0.07170475798064303,-0.05760558851505861,4353989.159796485,-457622.70099545474,0.0,2.0384811207068835e-06
241,5634,541.0889,46.75,-6.0833282,21600,0.07170407902472668,-0.057606868650171394,4353319.010767862,-463954.4488188505,0.0,-1.6941855692005313e-06
346,5661,541.0889,46.833336,-6.1666565,64800,0.07151477313794702,-0.05770790952735979,4345926.351221016,-469559.8699535443,0.0,8.830570214848125e-07
381,5670,541.0889,46.833336,-6.0833282,64800,0.07151511323876601,-0.05770451923719749,4346604.66032198,-463238.8677294356,0.0,7.39716967484797e-07
416,5679,541.0889,46.833336,-6.0,64800,0.07151408965380578,-0.057707258638922065,4347273.775744883,-456916.88569019584,0.0,-1.0574516566249583e-06
556,5715,541.0889,46.91667,-6.0,86400,0.07151525328900328,-0.05770520775763794,4340549.125536747,-456210.0964726406,0.0,2.070210458057694e-06
206,5625,541.0889,46.75,-6.1666565,21600,0.07151461075015399,-0.05770421637030308,4352639.653859386,-470285.21531356085,0.0,-2.2011808977438015e-06
101,5598,541.0889,46.66667,-6.0833282,86400,0.07151663143170568,-0.05770742452734032,4360023.469108121,-464668.9756583009,0.0,5.934007917506743e-07
661,5742,541.0889,47.0,-6.0833282,86400,0.07134049212164897,-0.05804572809884887,4333148.796028124,-461804.81061430223,0.0,1.1964742097404386e-06
451,5688,541.0889,46.91667,-6.25,21600,0.0715151226980055,-0.05770755704110085,4338517.220887722,-475144.9119816816,0.0,-2.102958319765088e-06
381,5670,541.0889,46.833336,-6.0833282,43200,0.07151413821009822,-0.057704680367577164,4346604.66032198,-463238.8677294356,0.0,-3.770793629847567e-06
311,5652,541.0889,46.833336,-6.25,86400,0.07151578273996705,-0.05770553112597497,4345238.723142079,-475881.0361998027,0.0,5.563264150543738e-07
381,5670,541.0889,46.833336,-6.0833282,86400,0.07151525337105581,-0.057706469929304345,4346604.66032198,-463238.8677294356,0.0,3.033496989107734e-07
696,5751,541.0889,47.0,-6.0,21600,0.07141617482755928,-0.05870134401593981,4333815.840058059,-455502.3996515776,0.0,-2.0906789289895618e-07
416,5679,541.0889,46.833336,-6.0,86400,0.07151563761925839,-0.05770716231691034,4347273.775744883,-456916.88569019584,0.0,-2.0133696971901938e-06
521,5706,541.0889,46.91667,-6.0833282,43200,0.07151547203750201,-0.05770690630917118,4339881.045145775,-462522.2992525033,0.0,1.0711097676758e-06
661,5742,541.0889,47.0,-6.0833282,21600,0.07134072747600897,-0.05804626708591694,4333148.796028124,-461804.81061430223,0.0,1.7433309772249992e-06
346,5661,541.0889,46.833336,-6.1666565,43200,0.0715165944413183,-0.05770678644908317,4345926.351221016,-469559.8699535443,0.0,7.725672406504868e-07
451,5688,541.0889,46.91667,-6.25,43200,0.07151554027555163,-0.05770593603418141,4338517.220887722,-475144.9119816816,0.0,4.352065034735139e-07
311,5652,541.0889,46.833336,-6.25,43200,0.07151544117785595,-0.057707379531177556,4345238.723142079,-475881.0361998027,0.0,-3.3098621644046724e-06
206,5625,541.0889,46.75,-6.1666565,43200,0.0715138923655424,-0.057705810937653965,4352639.653859386,-470285.21531356085,0.0,1.9883257884351073e-06
101,5598,541.0889,46.66667,-6.0833282,43200,0.07151515896766003,-0.05770412544490474,4360023.469108121,-464668.9756583009,0.0,2.5546391811545595e-07
171,5616,541.0889,46.75,-6.25,43200,0.0715138620797256,-0.057703449594861615,4351950.96357759,-476616.1460837916,0.0,-1.8450103947062056e-06
276,5643,541.0889,46.75,-6.0,86400,0.07170491741274866,-0.05760663208506726,4353989.159796485,-457622.70099545474,0.0,1.3920461990806326e-06
486,5697,541.0889,46.91667,-6.1666565,43200,0.0715151803925618,-0.05770403867728628,4339203.78529813,-468833.52373287774,0.0,5.270874478778663e-07
346,5661,541.0889,46.833336,-6.1666565,86400,0.07151557149699705,-0.05770797208323352,4345926.351221016,-469559.8699535443,0.0,1.1948460615629035e-06
136,5607,541.0889,46.66667,-6.0,43200,0.07151552494232336,-0.057706292618370805,4360694.650219674,-458327.4764384654,0.0,-1.2582094474006887e-06
241,5634,541.0889,46.75,-6.0833282,86400,0.07170469105608364,-0.05760479979246495,4353319.010767862,-463954.4488188505,0.0,-1.33911321125146e-06
556,5715,541.0889,46.91667,-6.0,43200,0.07151543971282832,-0.05770636908314837,4340549.125536747,-456210.0964726406,0.0,-2.0573143415890205e-07
66,5589,541.0889,46.66667,-6.1666565,43200,0.0715159956523595,-0.057707096120040685,4359343.065935845,-471009.49203812674,0.0,-1.6144407249909522e-06
31,5580,541.0889,46.66667,-6.25,43200,0.07170410120506433,-0.05760496749267361,4358653.3150161095,-477350.1729464703,0.0,2.447597596747409e-07
276,5643,541.0889,46.75,-6.0,43200,0.07170469629921848,-0.057604584175080895,4353989.159796485,-457622.70099545474,0.0,2.7539672361116592e-06
626,5733,541.0889,47.0,-6.1666565,21600,0.0713413608639913,-0.05804712699323399,4332472.586781167,-468106.2447951276,0.0,3.612410092857724e-06
591,5724,541.0889,47.0,-6.25,43200,0.07134073033561665,-0.05804647676563331,4331787.087405169,-474407.8424903363,0.0,-9.465384828652245e-07
416,5679,541.0889,46.833336,-6.0,43200,0.07151544294682134,-0.057707153933465365,4347273.775744883,-456916.88569019584,0.0,-1.9069821939201546e-07
382,5850,643.5668,46.833336,-6.0833282,64800,0.07146494432797149,-0.05776231479432739,4346604.66032198,-463238.8677294356,0.0,3.2090321487239706e-07
382,5850,643.5668,46.833336,-6.0833282,43200,0.07146452377215168,-0.05776211799814219,4346604.66032198,-463238.8677294356,0.0,-1.2380997880737466e-06
347,5841,643.5668,46.833336,-6.1666565,64800,0.0714648211984019,-0.05776331899420708,4345926.351221016,-469559.8699535443,0.0,3.373367404818251e-07
102,5778,643.5668,46.66667,-6.0833282,43200,0.07146496217005771,-0.05776184631084798,4360023.469108121,-464668.9756583009,0.0,2.414395552436363e-07
592,5904,643.5668,47.0,-6.25,43200,0.07132384958492763,-0.05818301991276371,4331787.087405169,-474407.8424903363,0.0,-4.0828194983592377e-07
417,5859,643.5668,46.833336,-6.0,43200,0.07146501270173646,-0.057763397415956215,4347273.775744883,-456916.88569019584,0.0,-1.3516841072646756e-07
102,5778,643.5668,46.66667,-6.0833282,86400,0.07146558321388528,-0.057763306620278065,4360023.469108121,-464668.9756583009,0.0,2.708672050404967e-07
382,5850,643.5668,46.833336,-6.0833282,86400,0.07146505467263832,-0.057762811861433457,4346604.66032198,-463238.8677294356,0.0,-1.647081082559912e-07
417,5859,643.5668,46.833336,-6.0,64800,0.07146463603273222,-0.05776310154884548,4347273.775744883,-456916.88569019584,0.0,-4.6079809759790095e-07
312,5832,643.5668,46.833336,-6.25,64800,0.07146475736277189,-0.05776197316029147,4345238.723142079,-475881.0361998027,0.0,6.273863003379665e-07
312,5832,643.5668,46.833336,-6.25,21600,0.0714649452124146,-0.05776228803880544,4345238.723142079,-475881.0361998027,0.0,-1.1387889640287319e-07
452,5868,643.5668,46.91667,-6.25,43200,0.07146520880986271,-0.05776269971518203,4338517.220887722,-475144.9119816816,0.0,2.069781245437539e-07
522,5886,643.5668,46.91667,-6.0833282,86400,0.0714648907479858,-0.057762736487776266,4339881.045145775,-462522.2992525033,0.0,-2.2716132465994813e-07
242,5814,643.5668,46.75,-6.0833282,64800,0.0716653576320749,-0.05761457796159708,4353319.010767862,-463954.4488188505,0.0,-8.452065511082877e-08
67,5769,643.5668,46.66667,-6.1666565,43200,0.07146523745998459,-0.057763019005811926,4359343.065935845,-471009.49203812674,0.0,-7.569128506510668e-07
207,5805,643.5668,46.75,-6.1666565,64800,0.07146431750064913,-0.057762655791003426,4352639.653859386,-470285.21531356085,0.0,-4.6227763834991957e-07
277,5823,643.5668,46.75,-6.0,86400,0.07166522014802126,-0.057614761346618734,4353989.159796485,-457622.70099545474,0.0,6.775887484711391e-07
242,5814,643.5668,46.75,-6.0833282,21600,0.07166500847832194,-0.057614919691710134,4353319.010767862,-463954.4488188505,0.0,-4.937504301409541e-07
277,5823,643.5668,46.75,-6.0,21600,0.07166519230542016,-0.057614658555423366,4353989.159796485,-457622.70099545474,0.0,8.169838091498421e-07
137,5787,643.5668,46.66667,-6.0,43200,0.07146515132310305,-0.05776249400037564,4360694.650219674,-458327.4764384654,0.0,-3.634200160943937e-07
207,5805,643.5668,46.75,-6.1666565,21600,0.07146483597547557,-0.0577622756779279,4352639.653859386,-470285.21531356085,0.0,-5.886785959879245e-07
242,5814,643.5668,46.75,-6.0833282,43200,0.07166496081075599,-0.05761417023871969,4353319.010767862,-463954.4488188505,0.0,-7.213190495808571e-08
662,5922,643.5668,47.0,-6.0833282,64800,0.07132455899550745,-0.0581827570802379,4333148.796028124,-461804.81061430223,0.0,-2.6477626690875125e-08
32,5760,643.5668,46.66667,-6.25,21600,0.07166518034182211,-0.05761371443891148,4358653.3150161095,-477350.1729464703,0.0,-3.6222178226545957e-07
697,5931,643.5668,47.0,-6.0,86400,0.07152251265779526,-0.058921569837632345,4333815.840058059,-455502.3996515776,0.0,-3.1027246134524917e-07
277,5823,643.5668,46.75,-6.0,43200,0.07166514615757628,-0.05761391103868488,4353989.159796485,-457622.70099545474,0.0,1.048862438186758e-06
627,5913,643.5668,47.0,-6.1666565,64800,0.07132392408384318,-0.058183575675508074,4332472.586781167,-468106.2447951276,0.0,-7.042602520584127e-07
347,5841,643.5668,46.833336,-6.1666565,86400,0.0714651908165231,-0.05776353787741548,4345926.351221016,-469559.8699535443,0.0,6.821269045436727e-07
67,5769,643.5668,46.66667,-6.1666565,21600,0.07146533330563824,-0.057763135904522804,4359343.065935845,-471009.49203812674,0.0,-1.5925112242776031e-07
592,5904,643.5668,47.0,-6.25,64800,0.0713243968868439,-0.05818306861009287,4331787.087405169,-474407.8424903363,0.0,-1.1544114295852389e-07
207,5805,643.5668,46.75,-6.1666565,43200,0.07146440939544657,-0.05776241471006391,4352639.653859386,-470285.21531356085,0.0,6.335363001063196e-07
102,5778,643.5668,46.66667,-6.0833282,21600,0.07146544767921707,-0.05776333354387779,4360023.469108121,-464668.9756583009,0.0,-5.990705665022045e-07
312,5832,643.5668,46.833336,-6.25,43200,0.07146519078307055,-0.057763139483812696,4345238.723142079,-475881.0361998027,0.0,-1.1716161358605797e-06
592,5904,643.5668,47.0,-6.25,86400,0.0713240075353176,-0.05818230547134183,4331787.087405169,-474407.8424903363,0.0,-6.538030505237945e-07
32,5760,643.5668,46.66667,-6.25,86400,0.07166514588594458,-0.05761431225709251,4358653.3150161095,-477350.1729464703,0.0,-3.2514993850497744e-07
557,5895,643.5668,46.91667,-6.0,64800,0.07146474424658657,-0.05776194735143874,4340549.125536747,-456210.0964726406,0.0,-2.0720680783625265e-07
312,5832,643.5668,46.833336,-6.25,86400,0.07146524558374179,-0.05776251741501205,4345238.723142079,-475881.0361998027,0.0,4.418223493259536e-09
522,5886,643.5668,46.91667,-6.0833282,64800,0.07146521200823788,-0.05776279966826783,4339881.045145775,-462522.2992525033,0.0,-8.053446211636056e-07
172,5796,643.5668,46.75,-6.25,43200,0.07146436199689457,-0.05776179466699869,4351950.96357759,-476616.1460837916,0.0,-5.78080887531675e-07
137,5787,643.5668,46.66667,-6.0,21600,0.07146537190237535,-0.05776260053783866,4360694.650219674,-458327.4764384654,0.0,4.0755722775638494e-07
487,5877,643.5668,46.91667,-6.1666565,64800,0.07146506990374292,-0.057763354828397846,4339203.78529813,-468833.52373287774,0.0,-7.667595561581797e-08
697,5931,643.5668,47.0,-6.0,64800,0.07152208584765768,-0.05892107586312607,4333815.840058059,-455502.3996515776,0.0,3.899055159407249e-07
452,5868,643.5668,46.91667,-6.25,64800,0.07146526027331526,-0.05776301304504785,4338517.220887722,-475144.9119816816,0.0,6.830871647020446e-07
172,5796,643.5668,46.75,-6.25,21600,0.07146479438091537,-0.0577632234871236,4351950.96357759,-476616.1460837916,0.0,-5.8726041867881905e-08
67,5769,643.5668,46.66667,-6.1666565,86400,0.07146510019817402,-0.05776369533624237,4359343.065935845,-471009.49203812674,0.0,-7.121828666424206e-08
347,5841,643.5668,46.833336,-6.1666565,43200,0.07146548054003035,-0.0577627138075185,4345926.351221016,-469559.8699535443,0.0,4.2954869319364396e-07
557,5895,643.5668,46.91667,-6.0,86400,0.07146505040260206,-0.05776217998875605,4340549.125536747,-456210.0964726406,0.0,8.549633690695034e-07
347,5841,643.5668,46.833336,-6.1666565,21600,0.07146548898238789,-0.0577633421084265,4345926.351221016,-469559.8699535443,0.0,1.0553641432267565e-07
277,5823,643.5668,46.75,-6.0,64800,0.07166537344865939,-0.05761439438570435,4353989.159796485,-457622.70099545474,0.0,1.5118482207824798e-06
417,5859,643.5668,46.833336,-6.0,86400,0.07146503748254338,-0.05776299130657243,4347273.775744883,-456916.88569019584,0.0,-7.751555141470749e-07
417,5859,643.5668,46.833336,-6.0,21600,0.0714650245082731,-0.05776333313070843,4347273.775744883,-456916.88569019584,0.0,-1.095420212167215e-07
697,5931,643.5668,47.0,-6.0,43200,0.07152252703451441,-0.05892088754261377,4333815.840058059,-455502.3996515776,0.0,1.252727193877275e-06
452,5868,643.5668,46.91667,-6.25,21600,0.07146496259871069,-0.05776343249922855,4338517.220887722,-475144.9119816816,0.0,-6.901064228333705e-07
207,5805,643.5668,46.75,-6.1666565,86400,0.07146479257015581,-0.05776197049107494,4352639.653859386,-470285.21531356085,0.0,1.008393859492513e-06
242,5814,643.5668,46.75,-6.0833282,86400,0.0716651606371632,-0.05761428141835437,4353319.010767862,-463954.4488188505,0.0,-3.4423041116616776e-07
452,5868,643.5668,46.91667,-6.25,86400,0.07146511449501684,-0.05776259368497796,4338517.220887722,-475144.9119816816,0.0,-1.9930853369548563e-07
557,5895,643.5668,46.91667,-6.0,21600,0.07146529035600291,-0.05776229137371944,4340549.125536747,-456210.0964726406,0.0,3.6394481482108304e-07
627,5913,643.5668,47.0,-6.1666565,86400,0.07132413339059314,-0.05818282475439215,4332472.586781167,-468106.2447951276,0.0,8.853794600258954e-07
102,5778,643.5668,46.66667,-6.0833282,64800,0.07146444360094847,-0.05776181458094848,4360023.469108121,-464668.9756583009,0.0,-1.8481646875783192e-07
662,5922,643.5668,47.0,-6.0833282,21600,0.0713238544932549,-0.0581829647735284,4333148.796028124,-461804.81061430223,0.0,9.989890346176652e-07
487,5877,643.5668,46.91667,-6.1666565,86400,0.0714651419397724,-0.057762144589417044,4339203.78529813,-468833.52373287774,0.0,9.279614055041988e-07
697,5931,643.5668,47.0,-6.0,21600,0.07152252324401988,-0.058921454843049524,4333815.840058059,-455502.3996515776,0.0,9.674511818066691e-08
662,5922,643.5668,47.0,-6.0833282,86400,0.07132378053157797,-0.058182434160106086,4333148.796028124,-461804.81061430223,0.0,3.4241496814497353e-07
522,5886,643.5668,46.91667,-6.0833282,43200,0.07146516875457234,-0.057763283135950166,4339881.045145775,-462522.2992525033,0.0,2.843874670797047e-07
32,5760,643.5668,46.66667,-6.25,64800,0.07166603314728388,-0.05761419051291357,4358653.3150161095,-477350.1729464703,0.0,3.43540213141823e-07
522,5886,643.5668,46.91667,-6.0833282,21600,0.07146476218273441,-0.057762957284400736,4339881.045145775,-462522.2992525033,0.0,3.995216073964375e-07
662,5922,643.5668,47.0,-6.0833282,43200,0.0713242549273828,-0.058183069662985504,4333148.796028124,-461804.81061430223,0.0,-3.878506058950467e-07
67,5769,643.5668,46.66667,-6.1666565,64800,0.07146527773191126,-0.057763061851610564,4359343.065935845,-471009.49203812674,0.0,-6.048069860895489e-07
487,5877,643.5668,46.91667,-6.1666565,21600,0.07146471747511747,-0.057761340713438365,4339203.78529813,-468833.52373287774,0.0,6.123965549114642e-08
32,5760,643.5668,46.66667,-6.25,43200,0.07166496385665937,-0.05761411457376634,4358653.3150161095,-477350.1729464703,0.0,3.3574702720858673e-08
592,5904,643.5668,47.0,-6.25,21600,0.07132410885995527,-0.0581828329594479,4331787.087405169,-474407.8424903363,0.0,-1.8585526858694527e-07
382,5850,643.5668,46.833336,-6.0833282,21600,0.07146469970603815,-0.05776216529590892,4346604.66032198,-463238.8677294356,0.0,-1.9544120887344213e-07
627,5913,643.5668,47.0,-6.1666565,21600,0.07132408151674882,-0.058183256643673346,4332472.586781167,-468106.2447951276,0.0,1.4019734786698313e-06
137,5787,643.5668,46.66667,-6.0,64800,0.07146487261187426,-0.057762472156676486,4360694.650219674,-458327.4764384654,0.0,-2.2723106426409222e-07
627,5913,643.5668,47.0,-6.1666565,43200,0.07132422769521839,-0.05818426833869402,4332472.586781167,-468106.2447951276,0.0,3.426109354983668e-07
172,5796,643.5668,46.75,-6.25,64800,0.07146465491758151,-0.05776272341847497,4351950.96357759,-476616.1460837916,0.0,1.6279080498653233e-07
487,5877,643.5668,46.91667,-6.1666565,43200,0.07146491034568214,-0.057761748781702135,4339203.78529813,-468833.52373287774,0.0,9.372402495987662e-08
557,5895,643.5668,46.91667,-6.0,43200,0.07146511045731656,-0.05776295558864604,4340549.125536747,-456210.0964726406,0.0,-9.670867444171734e-08
137,5787,643.5668,46.66667,-6.0,86400,0.07146516616179362,-0.05776218937037212,4360694.650219674,-458327.4764384654,0.0,-3.126021004744042e-07
172,5796,643.5668,46.75,-6.25,86400,0.0714647515229545,-0.05776331381947987,4351950.96357759,-476616.1460837916,0.0,-2.339189957640643e-07
138,5967,763.3331,46.66667,-6.0,21600,0.07140960646235413,-0.057850401079159806,4360694.650219674,-458327.4764384654,0.0,2.1829590599252688e-07
523,6066,763.3331,46.91667,-6.0833282,64800,0.07140955553692463,-0.0578505554908847,4339881.045145775,-462522.2992525033,0.0,-2.7295729139151615e-07
418,6039,763.3331,46.833336,-6.0,86400,0.07140943847733879,-0.05785052908034488,4347273.775744883,-456916.88569019584,0.0,-2.576007286831573e-07
173,5976,763.3331,46.75,-6.25,43200,0.07140918945781567,-0.057850218114993975,4351950.96357759,-476616.1460837916,0.0,-1.6364421952006516e-07
488,6057,763.3331,46.91667,-6.1666565,64800,0.0714094470006291,-0.05785075702609443,4339203.78529813,-468833.52373287774,0.0,-7.463905414608323e-08
313,6012,763.3331,46.833336,-6.25,86400,0.07140957139335077,-0.057850455712080494,4345238.723142079,-475881.0361998027,0.0,-8.574622677111581e-08
523,6066,763.3331,46.91667,-6.0833282,21600,0.07140939902290215,-0.05785052902026293,4339881.045145775,-462522.2992525033,0.0,2.182413589841445e-07
558,6075,763.3331,46.91667,-6.0,64800,0.0714093785254428,-0.05785015590225434,4340549.125536747,-456210.0964726406,0.0,-6.556966410371672e-08
103,5958,763.3331,46.66667,-6.0833282,21600,0.07140959300233342,-0.0578508276644431,4360023.469108121,-464668.9756583009,0.0,-3.140135316833684e-07
698,6111,763.3331,47.0,-6.0,43200,0.07171592492067298,-0.0591967018534213,4333815.840058059,-455502.3996515776,0.0,4.26332855861637e-07
698,6111,763.3331,47.0,-6.0,86400,0.07171585348824223,-0.059196967846394916,4333815.840058059,-455502.3996515776,0.0,-1.0081793583023778e-07
348,6021,763.3331,46.833336,-6.1666565,21600,0.07140968415308006,-0.05785080575334366,4345926.351221016,-469559.8699535443,0.0,-3.766133296594121e-08
663,6102,763.3331,47.0,-6.0833282,21600,0.0713309570643638,-0.058372170578668815,4333148.796028124,-461804.81061430223,0.0,5.002064829130426e-07
593,6084,763.3331,47.0,-6.25,21600,0.07133106201489926,-0.05837214531239337,4331787.087405169,-474407.8424903363,0.0,5.7882179426572255e-09
243,5994,763.3331,46.75,-6.0833282,43200,0.0716135076297387,-0.05763511304267833,4353319.010767862,-463954.4488188505,0.0,-1.903965204241672e-08
663,6102,763.3331,47.0,-6.0833282,64800,0.07133121800177215,-0.05837206351645229,4333148.796028124,-461804.81061430223,0.0,-2.005337003793397e-08
208,5985,763.3331,46.75,-6.1666565,43200,0.07140922646078708,-0.05785035895310337,4352639.653859386,-470285.21531356085,0.0,1.6012465099943298e-07
33,5940,763.3331,46.66667,-6.25,21600,0.07161357003108518,-0.057634968776393354,4358653.3150161095,-477350.1729464703,0.0,-1.8453418828567745e-07
628,6093,763.3331,47.0,-6.1666565,43200,0.07133113249722872,-0.05837272726564575,4332472.586781167,-468106.2447951276,0.0,6.539563251248871e-08
628,6093,763.3331,47.0,-6.1666565,21600,0.0713310481321393,-0.05837227939980719,4332472.586781167,-468106.2447951276,0.0,5.112685590771682e-07
628,6093,763.3331,47.0,-6.1666565,64800,0.07133096817841479,-0.058372393667067445,4332472.586781167,-468106.2447951276,0.0,-2.542524544879882e-07
33,5940,763.3331,46.66667,-6.25,86400,0.0716135832126048,-0.05763523691606187,4358653.3150161095,-477350.1729464703,0.0,-1.2429483781788573e-07
558,6075,763.3331,46.91667,-6.0,21600,0.07140960838624279,-0.05785046685039314,4340549.125536747,-456210.0964726406,0.0,1.234794649088187e-07
663,6102,763.3331,47.0,-6.0833282,43200,0.07133115165469893,-0.05837230306125717,4333148.796028124,-461804.81061430223,0.0,-9.580483020283843e-08
68,5949,763.3331,46.66667,-6.1666565,21600,0.07140959406134618,-0.05785072858201453,4359343.065935845,-471009.49203812674,0.0,-1.5314395106574643e-07
348,6021,763.3331,46.833336,-6.1666565,86400,0.0714095541414358,-0.057850837712402056,4345926.351221016,-469559.8699535443,0.0,3.2143578880096057e-07
593,6084,763.3331,47.0,-6.25,64800,0.0713311427471043,-0.058372242481080146,4331787.087405169,-474407.8424903363,0.0,-8.568644948145626e-08
208,5985,763.3331,46.75,-6.1666565,86400,0.07140942079139234,-0.05785029156243088,4352639.653859386,-470285.21531356085,0.0,3.7517043758750913e-07
453,6048,763.3331,46.91667,-6.25,86400,0.07140951867444831,-0.05785049468228945,4338517.220887722,-475144.9119816816,0.0,7.467517136070233e-10
593,6084,763.3331,47.0,-6.25,86400,0.07133100671552202,-0.058371846001531356,4331787.087405169,-474407.8424903363,0.0,-2.45614661197134e-07
313,6012,763.3331,46.833336,-6.25,43200,0.07140957690887173,-0.05785067264528196,4345238.723142079,-475881.0361998027,0.0,-4.0137421756974453e-07
278,6003,763.3331,46.75,-6.0,43200,0.07161353812028581,-0.05763497392748104,4353989.159796485,-457622.70099545474,0.0,3.641764560525498e-07
243,5994,763.3331,46.75,-6.0833282,86400,0.07161356850942507,-0.05763524423791129,4353319.010767862,-463954.4488188505,0.0,-7.154017367363066e-08
33,5940,763.3331,46.66667,-6.25,64800,0.07161391960953148,-0.057635086321318175,4358653.3150161095,-477350.1729464703,0.0,1.1668004752105259e-07
488,6057,763.3331,46.91667,-6.1666565,21600,0.07140940129090242,-0.05785007518177051,4339203.78529813,-468833.52373287774,0.0,-1.740956918602948e-08
418,6039,763.3331,46.833336,-6.0,21600,0.07140947117885055,-0.057850691407377725,4347273.775744883,-456916.88569019584,0.0,-2.0758540523468624e-08
278,6003,763.3331,46.75,-6.0,21600,0.07161356172551146,-0.05763540401105568,4353989.159796485,-457622.70099545474,0.0,3.1690258982999483e-07
383,6030,763.3331,46.833336,-6.0833282,86400,0.07140951081103653,-0.057850556543674624,4346604.66032198,-463238.8677294356,0.0,-1.9969676785373202e-07
628,6093,763.3331,47.0,-6.1666565,86400,0.07133106022683612,-0.05837210328773753,4332472.586781167,-468106.2447951276,0.0,3.5925286872332116e-07
278,6003,763.3331,46.75,-6.0,64800,0.0716136678976061,-0.057635268182028666,4353989.159796485,-457622.70099545474,0.0,5.325991467364066e-07
593,6084,763.3331,47.0,-6.25,43200,0.07133097270072446,-0.05837218519071676,4331787.087405169,-474407.8424903363,0.0,-1.6771225693861967e-07
488,6057,763.3331,46.91667,-6.1666565,43200,0.07140941281190816,-0.05785008366854025,4339203.78529813,-468833.52373287774,0.0,9.004255623896083e-09
313,6012,763.3331,46.833336,-6.25,21600,0.07140941042658153,-0.05785030624617213,4345238.723142079,-475881.0361998027,0.0,-6.121758158446626e-08
138,5967,763.3331,46.66667,-6.0,64800,0.0714094292553297,-0.057850455280107314,4360694.650219674,-458327.4764384654,0.0,-6.312050275411754e-08
523,6066,763.3331,46.91667,-6.0833282,86400,0.07140943646716451,-0.057850448329441,4339881.045145775,-462522.2992525033,0.0,-6.37591406516594e-08
278,6003,763.3331,46.75,-6.0,86400,0.071613572635741,-0.05763534979663802,4353989.159796485,-457622.70099545474,0.0,2.8905672129668296e-07
68,5949,763.3331,46.66667,-6.1666565,43200,0.07140953657189833,-0.057850595662827686,4359343.065935845,-471009.49203812674,0.0,-3.0682364948642306e-07
243,5994,763.3331,46.75,-6.0833282,64800,0.07161362706414051,-0.05763525589312487,4353319.010767862,-463954.4488188505,0.0,-7.413688193661962e-10
383,6030,763.3331,46.833336,-6.0833282,21600,0.07140935388169682,-0.05785030337985617,4346604.66032198,-463238.8677294356,0.0,-1.3005955478832391e-07
208,5985,763.3331,46.75,-6.1666565,64800,0.07140925607867077,-0.05785043259441278,4352639.653859386,-470285.21531356085,0.0,-1.4568476832213256e-07
173,5976,763.3331,46.75,-6.25,64800,0.07140928516307546,-0.0578503610384686,4351950.96357759,-476616.1460837916,0.0,9.054867703648003e-08
33,5940,763.3331,46.66667,-6.25,43200,0.07161348439182762,-0.057635102918529066,4358653.3150161095,-477350.1729464703,0.0,-9.255275672871926e-09
453,6048,763.3331,46.91667,-6.25,43200,0.07140957188755408,-0.0578505136674234,4338517.220887722,-475144.9119816816,0.0,9.454314896435953e-08
138,5967,763.3331,46.66667,-6.0,86400,0.0714094951054102,-0.05785028298293198,4360694.650219674,-458327.4764384654,0.0,-9.430135023037196e-08
313,6012,763.3331,46.833336,-6.25,64800,0.07140937390917486,-0.05785020027593878,4345238.723142079,-475881.0361998027,0.0,1.724669580716005e-07
453,6048,763.3331,46.91667,-6.25,64800,0.07140954850235749,-0.05785061007778667,4338517.220887722,-475144.9119816816,0.0,1.8333335124160375e-07
103,5958,763.3331,46.66667,-6.0833282,86400,0.07140967955204573,-0.05785076250944073,4360023.469108121,-464668.9756583009,0.0,1.6107792803914424e-07
103,5958,763.3331,46.66667,-6.0833282,64800,0.07140932075769907,-0.057850259427464995,4360023.469108121,-464668.9756583009,0.0,-4.829146262399973e-09
173,5976,763.3331,46.75,-6.25,21600,0.07140940133550262,-0.057850665253489295,4351950.96357759,-476616.1460837916,0.0,-8.718316646181528e-08
138,5967,763.3331,46.66667,-6.0,43200,0.07140954685761536,-0.057850316919212635,4360694.650219674,-458327.4764384654,0.0,-8.322019453902212e-08
558,6075,763.3331,46.91667,-6.0,43200,0.0714095218151899,-0.057850667575553565,4340549.125536747,-456210.0964726406,0.0,-2.2586573912443206e-08
68,5949,763.3331,46.66667,-6.1666565,86400,0.0714094714009607,-0.057850903405343865,4359343.065935845,-471009.49203812674,0.0,-5.6479055690364096e-09
348,6021,763.3331,46.833336,-6.1666565,43200,0.07140962795222654,-0.057850448594576664,4345926.351221016,-469559.8699535443,0.0,2.1846942368150762e-07
68,5949,763.3331,46.66667,-6.1666565,64800,0.07140957193298995,-0.057850568481158944,4359343.065935845,-471009.49203812674,0.0,-2.507558588768038e-07
418,6039,763.3331,46.833336,-6.0,64800,0.07140937542891478,-0.057850642625222576,4347273.775744883,-456916.88569019584,0.0,-1.5923314863789507e-07
558,6075,763.3331,46.91667,-6.0,86400,0.0714095026759395,-0.05785026728285045,4340549.125536747,-456210.0964726406,0.0,3.3048434395500546e-07
453,6048,763.3331,46.91667,-6.25,21600,0.07140943677864521,-0.057850848637381505,4338517.220887722,-475144.9119816816,0.0,-2.0218129546868312e-07
663,6102,763.3331,47.0,-6.0833282,86400,0.07133094134158971,-0.05837185096879775,4333148.796028124,-461804.81061430223,0.0,7.80617804145923e-08
698,6111,763.3331,47.0,-6.0,21600,0.07171591314219604,-0.05919683378038318,4333815.840058059,-455502.3996515776,0.0,9.054645626166573e-08
173,5976,763.3331,46.75,-6.25,86400,0.07140940573909463,-0.057850750413378345,4351950.96357759,-476616.1460837916,0.0,-5.2229113725804073e-08
383,6030,763.3331,46.833336,-6.0833282,64800,0.07140942064178965,-0.057850428026266124,4346604.66032198,-463238.8677294356,0.0,1.0417200786118746e-07
208,5985,763.3331,46.75,-6.1666565,21600,0.07140944091755692,-0.05785047890329645,4352639.653859386,-470285.21531356085,0.0,-1.6631773377090078e-07
523,6066,763.3331,46.91667,-6.0833282,43200,0.07140954464789438,-0.05785081803823654,4339881.045145775,-462522.2992525033,0.0,4.345506824820623e-08
348,6021,763.3331,46.833336,-6.1666565,64800,0.0714094101138618,-0.057850695198717716,4345926.351221016,-469559.8699535443,0.0,1.450241782385788e-07
383,6030,763.3331,46.833336,-6.0833282,43200,0.07140926617158132,-0.05785027327927223,4346604.66032198,-463238.8677294356,0.0,-3.606105586303898e-07
488,6057,763.3331,46.91667,-6.1666565,86400,0.07140959773953445,-0.05785034487831649,4339203.78529813,-468833.52373287774,0.0,1.9886171693658958e-07
243,5994,763.3331,46.75,-6.0833282,21600,0.07161351039931242,-0.05763540869289293,4353319.010767862,-463954.4488188505,0.0,-1.146381956789687e-07
418,6039,763.3331,46.833336,-6.0,43200,0.07140943230443945,-0.05785086520297022,4347273.775744883,-456916.88569019584,0.0,-6.422101320094561e-08
103,5958,763.3331,46.66667,-6.0833282,43200,0.07140944651182815,-0.05785014157186119,4360023.469108121,-464668.9756583009,0.0,1.35440701941033e-07
698,6111,763.3331,47.0,-6.0,64800,0.07171573929402503,-0.05919676875868778,4333815.840058059,-455502.3996515776,0.0,9.426256269504392e-08
664,6282,902.3393,47.0,-6.0833282,86400,0.07139042903698851,-0.05863063056191518,4333148.796028124,-461804.81061430223,0.0,2.302921640628779e-09
629,6273,902.3393,47.0,-6.1666565,86400,0.07139046897835065,-0.05863076593213131,4332472.586781167,-468106.2447951276,0.0,1.2205537310538786e-07
699,6291,902.3393,47.0,-6.0,43200,0.07205479405227544,-0.05952509328629282,4333815.840058059,-455502.3996515776,0.0,1.286845446796123e-07
559,6255,902.3393,46.91667,-6.0,86400,0.07135618267923277,-0.05798584348149291,4340549.125536747,-456210.0964726406,0.0,1.252463838313742e-07
34,6120,902.3393,46.66667,-6.25,43200,0.07154796121541422,-0.057677478277800454,4358653.3150161095,-477350.1729464703,0.0,-9.213844238461378e-09
69,6129,902.3393,46.66667,-6.1666565,43200,0.07135618365885299,-0.05798595962325035,4359343.065935845,-471009.49203812674,0.0,-1.031187086180846e-07
104,6138,902.3393,46.66667,-6.0833282,43200,0.0713561596379831,-0.05798579647486458,4360023.469108121,-464668.9756583009,0.0,5.844018545646258e-08
139,6147,902.3393,46.66667,-6.0,43200,0.07135620492687784,-0.05798584013446743,4360694.650219674,-458327.4764384654,0.0,-1.3860480233576428e-08
174,6156,902.3393,46.75,-6.25,43200,0.07135605679941559,-0.05798585089824271,4351950.96357759,-476616.1460837916,0.0,-3.250838558751436e-08
209,6165,902.3393,46.75,-6.1666565,43200,0.07135607582458776,-0.057985880130142956,4352639.653859386,-470285.21531356085,0.0,2.2384301960567265e-08
244,6174,902.3393,46.75,-6.0833282,43200,0.07154798008238049,-0.057677468054573244,4353319.010767862,-463954.4488188505,0.0,1.350781773173654e-09
279,6183,902.3393,46.75,-6.0,43200,0.07154797898890766,-0.05767739292791553,4353989.159796485,-457622.70099545474,0.0,1.1182524379826021e-07
314,6192,902.3393,46.833336,-6.25,43200,0.07135621820206381,-0.05798600672071389,4345238.723142079,-475881.0361998027,0.0,-1.3841935761280556e-07
349,6201,902.3393,46.833336,-6.1666565,43200,0.07135621720944225,-0.05798591024674072,4345926.351221016,-469559.8699535443,0.0,1.0594474618237517e-07
384,6210,902.3393,46.833336,-6.0833282,43200,0.07135608685869678,-0.05798585219845706,4346604.66032198,-463238.8677294356,0.0,-9.562103247134814e-08
419,6219,902.3393,46.833336,-6.0,43200,0.07135613657025194,-0.057986098607723364,4347273.775744883,-456916.88569019584,0.0,-2.289495777158883e-08
454,6228,902.3393,46.91667,-6.25,43200,0.07135620882989586,-0.05798593872385142,4338517.220887722,-475144.9119816816,0.0,4.3614427765510284e-08
489,6237,902.3393,46.91667,-6.1666565,43200,0.07135613959173394,-0.05798576444138775,4339203.78529813,-468833.52373287774,0.0,8.79494273925011e-10
524,6246,902.3393,46.91667,-6.0833282,43200,0.07135619462523982,-0.057986080580964675,4339881.045145775,-462522.2992525033,0.0,-1.587289483502112e-08
699,6291,902.3393,47.0,-6.0,21600,0.07205478708000036,-0.05952509549651644,4333815.840058059,-455502.3996515776,0.0,4.47087225732162e-08
664,6282,902.3393,47.0,-6.0833282,21600,0.07139042774598972,-0.05863079415834659,4333148.796028124,-461804.81061430223,0.0,2.2701290099853803e-07
629,6273,902.3393,47.0,-6.1666565,21600,0.07139046668246965,-0.058630826868233975,4332472.586781167,-468106.2447951276,0.0,1.7341198582427057e-07
594,6264,902.3393,47.0,-6.25,21600,0.07139047438440706,-0.05863080023340505,4331787.087405169,-474407.8424903363,0.0,4.584537156157919e-08
34,6120,902.3393,46.66667,-6.25,21600,0.07154799790547735,-0.05767743210418782,4358653.3150161095,-477350.1729464703,0.0,-8.033255632629387e-08
69,6129,902.3393,46.66667,-6.1666565,21600,0.07135621370238057,-0.057986030820331616,4359343.065935845,-471009.49203812674,0.0,-7.315167031110698e-08
104,6138,902.3393,46.66667,-6.0833282,21600,0.07135619665162211,-0.05798609535057638,4360023.469108121,-464668.9756583009,0.0,-1.528797104045501e-07
139,6147,902.3393,46.66667,-6.0,21600,0.0713562141451306,-0.05798589639157659,4360694.650219674,-458327.4764384654,0.0,1.1443996605667225e-07
174,6156,902.3393,46.75,-6.25,21600,0.07135615469738513,-0.05798598474774395,4351950.96357759,-476616.1460837916,0.0,-5.1731954281931735e-08
209,6165,902.3393,46.75,-6.1666565,21600,0.07135617204349781,-0.057985981481978144,4352639.653859386,-470285.21531356085,0.0,-6.078705329631523e-08
244,6174,902.3393,46.75,-6.0833282,21600,0.07154797450663539,-0.057677576850984395,4353319.010767862,-463954.4488188505,0.0,-1.4750497558773639e-08
559,6255,902.3393,46.91667,-6.0,43200,0.071356190528406,-0.05798602541100888,4340549.125536747,-456210.0964726406,0.0,8.307832249157435e-09
279,6183,902.3393,46.75,-6.0,21600,0.07154799088241169,-0.05767760603914979,4353989.159796485,-457622.70099545474,0.0,1.1656863350590624e-07
349,6201,902.3393,46.833336,-6.1666565,21600,0.07135625672257785,-0.05798607497105889,4345926.351221016,-469559.8699535443,0.0,-4.956360431390923e-08
384,6210,902.3393,46.833336,-6.0833282,21600,0.07135612855726606,-0.05798586689362607,4346604.66032198,-463238.8677294356,0.0,-5.7410655292142963e-08
419,6219,902.3393,46.833336,-6.0,21600,0.07135616502324052,-0.05798598567869319,4347273.775744883,-456916.88569019584,0.0,5.775309332355629e-09
454,6228,902.3393,46.91667,-6.25,21600,0.07135614208519753,-0.05798609221830879,4338517.220887722,-475144.9119816816,0.0,-5.319632791547902e-08
489,6237,902.3393,46.91667,-6.1666565,21600,0.0713561499347401,-0.05798581877110233,4339203.78529813,-468833.52373287774,0.0,-2.5147786183956527e-08
524,6246,902.3393,46.91667,-6.0833282,21600,0.07135614314862165,-0.05798591277367256,4339881.045145775,-462522.2992525033,0.0,9.995382503839014e-08
559,6255,902.3393,46.91667,-6.0,21600,0.07135622753961271,-0.05798597142177982,4340549.125536747,-456210.0964726406,0.0,3.6743673292090576e-08
314,6192,902.3393,46.833336,-6.25,21600,0.07135612898713653,-0.057985843803742,4345238.723142079,-475881.0361998027,0.0,-3.49792917636863e-08
594,6264,902.3393,47.0,-6.25,86400,0.07139044945143098,-0.05863064286670491,4331787.087405169,-474407.8424903363,0.0,-7.815290330462962e-08
594,6264,902.3393,47.0,-6.25,43200,0.07139044811691403,-0.05863079273278349,4331787.087405169,-474407.8424903363,0.0,-6.263745339694188e-08
664,6282,902.3393,47.0,-6.0833282,43200,0.07139051450518039,-0.058630872553542504,4333148.796028124,-461804.81061430223,0.0,-1.974393386447872e-08
34,6120,902.3393,46.66667,-6.25,86400,0.07154800799569941,-0.057677551086159996,4358653.3150161095,-477350.1729464703,0.0,-4.414364933732953e-08
69,6129,902.3393,46.66667,-6.1666565,86400,0.07135614925591145,-0.057986100668018,4359343.065935845,-471009.49203812674,0.0,1.904338140047895e-09
104,6138,902.3393,46.66667,-6.0833282,86400,0.07135623479109919,-0.057986041080946744,4360023.469108121,-464668.9756583009,0.0,1.0149071581227262e-07
139,6147,902.3393,46.66667,-6.0,86400,0.0713561576827707,-0.05798584451089087,4360694.650219674,-458327.4764384654,0.0,-3.0174817670744693e-08
174,6156,902.3393,46.75,-6.25,86400,0.07135615467601948,-0.057986034636809874,4351950.96357759,-476616.1460837916,0.0,-2.115170901919074e-08
209,6165,902.3393,46.75,-6.1666565,86400,0.07135615906595134,-0.057985894119531915,4352639.653859386,-470285.21531356085,0.0,1.578876550412081e-07
244,6174,902.3393,46.75,-6.0833282,86400,0.07154800085756764,-0.05767753893091455,4353319.010767862,-463954.4488188505,0.0,-1.5608975509155614e-08
279,6183,902.3393,46.75,-6.0,86400,0.07154799813874928,-0.05767756284272423,4353989.159796485,-457622.70099545474,0.0,1.0944012009468356e-07
314,6192,902.3393,46.833336,-6.25,86400,0.0713562120120704,-0.05798593562884702,4345238.723142079,-475881.0361998027,0.0,-6.596962017497827e-08
349,6201,902.3393,46.833336,-6.1666565,86400,0.07135620144522356,-0.05798605413855022,4345926.351221016,-469559.8699535443,0.0,1.3537651279666494e-07
384,6210,902.3393,46.833336,-6.0833282,86400,0.07135618969351065,-0.057985967356373104,4346604.66032198,-463238.8677294356,0.0,-1.3071382440933948e-07
419,6219,902.3393,46.833336,-6.0,86400,0.0713561417712974,-0.057985906943786344,4347273.775744883,-456916.88569019584,0.0,-6.900864703364047e-08
454,6228,902.3393,46.91667,-6.25,86400,0.0713561878016455,-0.057985947431701,4338517.220887722,-475144.9119816816,0.0,2.9366961866409996e-08
489,6237,902.3393,46.91667,-6.1666565,86400,0.07135624236872902,-0.057985905180181214,4339203.78529813,-468833.52373287774,0.0,1.1330096990156851e-08
524,6246,902.3393,46.91667,-6.0833282,86400,0.07135616303386016,-0.05798589642555267,4339881.045145775,-462522.2992525033,0.0,-1.335369695673336e-08
699,6291,902.3393,47.0,-6.0,64800,0.07205472107958222,-0.059525123388708454,4333815.840058059,-455502.3996515776,0.0,1.3687069726757443e-08
664,6282,902.3393,47.0,-6.0833282,64800,0.07139052068523448,-0.05863074734873829,4333148.796028124,-461804.81061430223,0.0,-7.668742029280233e-09
629,6273,902.3393,47.0,-6.1666565,64800,0.07139042440677434,-0.058630863128363124,4332472.586781167,-468106.2447951276,0.0,-9.307862169451548e-08
594,6264,902.3393,47.0,-6.25,64800,0.07139049494640876,-0.058630844204377155,4331787.087405169,-474407.8424903363,0.0,-3.5861047541120604e-08
34,6120,902.3393,46.66667,-6.25,64800,0.07154813326738871,-0.05767745067241048,4358653.3150161095,-477350.1729464703,0.0,4.31003182271931e-08
69,6129,902.3393,46.66667,-6.1666565,64800,0.07135620487939949,-0.057985939131968096,4359343.065935845,-471009.49203812674,0.0,-1.0010049721521244e-07
104,6138,902.3393,46.66667,-6.0833282,64800,0.0713561366617221,-0.057985892092142804,4360023.469108121,-464668.9756583009,0.0,2.0077289386577825e-08
139,6147,902.3393,46.66667,-6.0,64800,0.07135615419688573,-0.05798593968998388,4360694.650219674,-458327.4764384654,0.0,-1.551261340305397e-08
174,6156,902.3393,46.75,-6.25,64800,0.0713560824422911,-0.05798582223452702,4351950.96357759,-476616.1460837916,0.0,4.454915810130911e-08
209,6165,902.3393,46.75,-6.1666565,64800,0.07135611037643776,-0.057985910527689324,4352639.653859386,-470285.21531356085,0.0,-5.3498229578054535e-08
244,6174,902.3393,46.75,-6.0833282,64800,0.07154800661380648,-0.05767751206954075,4353319.010767862,-463954.4488188505,0.0,1.0513749609730802e-08
629,6273,902.3393,47.0,-6.1666565,43200,0.0713905018214716,-0.05863101084839191,4332472.586781167,-468106.2447951276,0.0,1.909729055720054e-09
279,6183,902.3393,46.75,-6.0,64800,0.07154804212533356,-0.05767755287985841,4353989.159796485,-457622.70099545474,0.0,1.684609733289574e-07
349,6201,902.3393,46.833336,-6.1666565,64800,0.0713561531770424,-0.057985988859445045,4345926.351221016,-469559.8699535443,0.0,6.072660970952477e-08
384,6210,902.3393,46.833336,-6.0833282,64800,0.07135613098695721,-0.05798592757858501,4346604.66032198,-463238.8677294356,0.0,1.8154018942763318e-08
419,6219,902.3393,46.833336,-6.0,64800,0.07135615291450027,-0.057985981326799794,4347273.775744883,-456916.88569019584,0.0,-3.193841679445121e-08
454,6228,902.3393,46.91667,-6.25,64800,0.07135618585494777,-0.05798598185443358,4338517.220887722,-475144.9119816816,0.0,3.9839308070151126e-08
489,6237,902.3393,46.91667,-6.1666565,64800,0.07135613539533943,-0.057986027620595605,4339203.78529813,-468833.52373287774,0.0,-4.604513507456501e-08
524,6246,902.3393,46.91667,-6.0833282,64800,0.07135620046152759,-0.05798596669264767,4339881.045145775,-462522.2992525033,0.0,-9.587791616896161e-08
559,6255,902.3393,46.91667,-6.0,64800,0.07135613730481813,-0.057985789694415056,4340549.125536747,-456210.0964726406,0.0,-9.500477491407952e-09
314,6192,902.3393,46.833336,-6.25,64800,0.0713561274469949,-0.0579858216725127,4345238.723142079,-475881.0361998027,0.0,3.781910368676027e-08
699,6291,902.3393,47.0,-6.0,86400,0.0720547461824288,-0.05952520062171106,4333815.840058059,-455502.3996515776,0.0,-3.8273584268232586e-08
