,Unnamed: 0,depth,latitude,longitude,time,uo,vo,x,y,z,wo
0,0,0.494025,46.66667,-6.25,21600,-0.12343258430338648,0.12961081418439468,4358653.3150161095,-477350.1729464703,0.0,-0.0012820761462429447
280,72,0.494025,46.833336,-6.25,21600,0.21939330151690717,-0.10546380225257836,4345238.723142079,-475881.0361998027,0.0,-0.002116057316384488
175,45,0.494025,46.75,-6.1666565,64800,0.38268377132828707,0.07224369615119658,4352639.653859386,-470285.21531356085,0.0,-0.3423426123045247
525,135,0.494025,46.91667,-6.0,86400,-0.39330011676983334,0.6493456815422939,4340549.125536747,-456210.0964726406,0.0,0.4949197112887338
315,81,0.494025,46.833336,-6.1666565,21600,0.48605177301721786,-0.7166281822801887,4345926.351221016,-469559.8699535443,0.0,-0.002005511356781177
140,36,0.494025,46.75,-6.25,64800,-0.08882311529942824,0.09780877806151454,4351950.96357759,-476616.1460837916,0.0,0.0
105,27,0.494025,46.66667,-6.0,64800,-0.2785078739518645,0.3143870830193433,4360694.650219674,-458327.4764384654,0.0,0.4451012976373104
140,36,0.494025,46.75,-6.25,86400,0.18987429539953948,-0.1448565701709599,4351950.96357759,-476616.1460837916,0.0,-1.2064794128793421
175,45,0.494025,46.75,-6.1666565,86400,0.08250851451535907,-0.1565485732462745,4352639.653859386,-470285.21531356085,0.0,0.4638152200605791
70,18,0.494025,46.66667,-6.0833282,64800,-0.08882308899820889,0.09780881805525697,4360023.469108121,-464668.9756583009,0.0,0.0
35,9,0.494025,46.66667,-6.1666565,64800,-0.3709069261552305,0.8226104550207594,4359343.065935845,-471009.49203812674,0.0,-0.5027946535936825
385,99,0.494025,46.833336,-6.0,21600,0.39379151145962427,0.5425628363803137,4347273.775744883,-456916.88569019584,0.0,-0.6361928276940926
0,0,0.494025,46.66667,-6.25,64800,-0.08882291197452039,0.09780908716660974,4358653.3150161095,-477350.1729464703,0.0,0.0
210,54,0.494025,46.75,-6.0833282,86400,-0.27209384958153104,-0.5141493814765508,4353319.010767862,-463954.4488188505,0.0,-0.570081667354851
665,171,0.494025,47.0,-6.0,43200,0.20497473211362965,0.19560591981080838,4333815.840058059,-455502.3996515776,0.0,-0.14664836241367019
350,90,0.494025,46.833336,-6.0833282,21600,-0.0750010569569187,0.1971828752583048,4346604.66032198,-463238.8677294356,0.0,0.7534214867510932
210,54,0.494025,46.75,-6.0833282,64800,-0.08882327758008336,0.09780853123597552,4353319.010767862,-463954.4488188505,0.0,0.0
245,63,0.494025,46.75,-6.0,64800,-0.06078085746911245,-0.22006001587587115,4353989.159796485,-457622.70099545474,0.0,0.37242457889003217
245,63,0.494025,46.75,-6.0,21600,-0.011314817054686968,0.6364822790080031,4353989.159796485,-457622.70099545474,0.0,-0.05615660983710011
525,135,0.494025,46.91667,-6.0,64800,-0.19197053988776164,-0.22027950285031148,4340549.125536747,-456210.0964726406,0.0,-1.057004647936324
105,27,0.494025,46.66667,-6.0,21600,-0.5481284020231345,0.42733831384790555,4360694.650219674,-458327.4764384654,0.0,-0.9021010782904813
490,126,0.494025,46.91667,-6.0833282,64800,-0.29580021931040434,0.6491836841543894,4339881.045145775,-462522.2992525033,0.0,-0.05585890789928159
455,117,0.494025,46.91667,-6.1666565,64800,-0.6675334609379358,0.2175331740267044,4339203.78529813,-468833.52373287774,0.0,-0.06363442341211314
70,18,0.494025,46.66667,-6.0833282,86400,-0.3267634453458489,0.5221938123718817,4360023.469108121,-464668.9756583009,0.0,0.30840580157665337
140,36,0.494025,46.75,-6.25,21600,-0.507367772805626,-0.2561141355228217,4351950.96357759,-476616.1460837916,0.0,0.6352972166245523
420,108,0.494025,46.91667,-6.25,64800,-0.08882283648742945,0.09780920188415936,4338517.220887722,-475144.9119816816,0.0,0.0
175,45,0.494025,46.75,-6.1666565,21600,-0.20136690397716922,-0.508405890145549,4352639.653859386,-470285.21531356085,0.0,-0.32723793028003595
385,99,0.494025,46.833336,-6.0,64800,-0.43644237185119683,-0.007447001042866497,4347273.775744883,-456916.88569019584,0.0,0.05557491499007011
350,90,0.494025,46.833336,-6.0833282,64800,0.32633968725287116,-0.24969121457050847,4346604.66032198,-463238.8677294356,0.0,-0.06359298278432836
105,27,0.494025,46.66667,-6.0,86400,-0.4675957562873988,-0.18191793721553884,4360694.650219674,-458327.4764384654,0.0,1.1809321237637767
560,144,0.494025,47.0,-6.25,86400,-0.00498082244159978,-0.21200773264269013,4331787.087405169,-474407.8424903363,0.0,0.5141796722335249
210,54,0.494025,46.75,-6.0833282,21600,-0.26467276833151504,-0.297590582600217,4353319.010767862,-463954.4488188505,0.0,0.1961731909342999
315,81,0.494025,46.833336,-6.1666565,64800,-0.20916240977640083,0.8451965275024537,4345926.351221016,-469559.8699535443,0.0,0.044131452089923126
280,72,0.494025,46.833336,-6.25,64800,0.22778134122946808,0.6920426385741151,4345238.723142079,-475881.0361998027,0.0,0.7418543518630238
420,108,0.494025,46.91667,-6.25,21600,-0.4507003799160736,0.1685764730058576,4338517.220887722,-475144.9119816816,0.0,-0.405140339742421
595,153,0.494025,47.0,-6.1666565,86400,0.5676372432907199,0.35085487068443727,4332472.586781167,-468106.2447951276,0.0,0.9888526738015766
630,162,0.494025,47.0,-6.0833282,43200,-0.53905077371862,0.01977404103053497,4333148.796028124,-461804.81061430223,0.0,1.5389051863667802
455,117,0.494025,46.91667,-6.1666565,21600,-0.25927659948062853,0.4269123113377793,4339203.78529813,-468833.52373287774,0.0,-0.3198146418284374
315,81,0.494025,46.833336,-6.1666565,43200,-0.08882332282093997,0.09780846240687185,4345926.351221016,-469559.8699535443,0.0,0.0
630,162,0.494025,47.0,-6.0833282,21600,-0.3870840171375252,-0.10995161474763013,4333148.796028124,-461804.81061430223,0.0,0.8046677045081808
280,72,0.494025,46.833336,-6.25,43200,-0.08882263661423133,0.09780950552161119,4345238.723142079,-475881.0361998027,0.0,0.0
665,171,0.494025,47.0,-6.0,21600,0.05471125970134989,0.6330350355182036,4333815.840058059,-455502.3996515776,0.0,-0.2084326452652949
245,63,0.494025,46.75,-6.0,43200,0.16666190964296662,0.6831465416680118,4353989.159796485,-457622.70099545474,0.0,0.7001349283752224
210,54,0.494025,46.75,-6.0833282,43200,-0.3277460679410259,-0.4358158502285754,4353319.010767862,-463954.4488188505,0.0,0.6094742049929065
315,81,0.494025,46.833336,-6.1666565,86400,-0.08882309719630863,0.09780880558948805,4345926.351221016,-469559.8699535443,0.0,0.0
350,90,0.494025,46.833336,-6.0833282,86400,-0.1679432495927121,-0.24610987231766204,4346604.66032198,-463238.8677294356,0.0,0.08370632215127384
0,0,0.494025,46.66667,-6.25,43200,-0.43878292876799313,0.3180074059080739,4358653.3150161095,-477350.1729464703,0.0,-0.49587467412109154
175,45,0.494025,46.75,-6.1666565,43200,-0.08882279423063233,0.09780926609182279,4352639.653859386,-470285.21531356085,0.0,0.0
140,36,0.494025,46.75,-6.25,43200,0.09392315857825104,-0.07362288839880125,4351950.96357759,-476616.1460837916,0.0,-0.5390527464971847
35,9,0.494025,46.66667,-6.1666565,43200,-0.4186819834511587,0.0735956527527509,4359343.065935845,-471009.49203812674,0.0,-0.8129033335961596
105,27,0.494025,46.66667,-6.0,43200,-0.10107835330175695,-0.07298031583634743,4360694.650219674,-458327.4764384654,0.0,0.8580275438974896
385,99,0.494025,46.833336,-6.0,86400,-0.08882280120589306,0.09780925549365735,4347273.775744883,-456916.88569019584,0.0,0.0
420,108,0.494025,46.91667,-6.25,86400,-0.757412528149468,0.330130340590885,4338517.220887722,-475144.9119816816,0.0,-0.41958065687186197
630,162,0.494025,47.0,-6.0833282,86400,-0.5718350697760982,-0.034819161229453804,4333148.796028124,-461804.81061430223,0.0,-0.47046378666699856
0,0,0.494025,46.66667,-6.25,86400,-0.24175594834623232,0.39365625253076175,4358653.3150161095,-477350.1729464703,0.0,-0.27702609446670173
350,90,0.494025,46.833336,-6.0833282,43200,-0.37323153609859805,-0.14588457938956542,4346604.66032198,-463238.8677294356,0.0,-0.7229558636421334
595,153,0.494025,47.0,-6.1666565,43200,-0.2453383094107623,0.2667671982642028,4332472.586781167,-468106.2447951276,0.0,-0.48420687620292985
560,144,0.494025,47.0,-6.25,43200,-0.10757146635301053,0.5385032823353826,4331787.087405169,-474407.8424903363,0.0,0.5806003161799775
245,63,0.494025,46.75,-6.0,86400,-0.29507775939996084,0.19295475611362506,4353989.159796485,-457622.70099545474,0.0,1.7157222077478762
490,126,0.494025,46.91667,-6.0833282,21600,-0.3453438409309052,0.17312516410378867,4339881.045145775,-462522.2992525033,0.0,-0.1259144067144707
525,135,0.494025,46.91667,-6.0,43200,-0.1731636043816161,-0.5096062065861358,4340549.125536747,-456210.0964726406,0.0,-0.8876457743659909
490,126,0.494025,46.91667,-6.0833282,43200,-0.5365038237895864,0.7923939132168857,4339881.045145775,-462522.2992525033,0.0,-1.8854664914021786
525,135,0.494025,46.91667,-6.0,21600,-0.5422908515720749,0.18909735323426222,4340549.125536747,-456210.0964726406,0.0,0.6167724706046122
455,117,0.494025,46.91667,-6.1666565,43200,-0.1988606858161059,0.38502965214466733,4339203.78529813,-468833.52373287774,0.0,0.6472966047371179
665,171,0.494025,47.0,-6.0,86400,-0.08757260702523144,0.09784229347194666,4333815.840058059,-455502.3996515776,0.0,0.0
280,72,0.494025,46.833336,-6.25,86400,-0.4609486319150057,0.6581103001490065,4345238.723142079,-475881.0361998027,0.0,0.3222247512874344
455,117,0.494025,46.91667,-6.1666565,86400,-0.16884802464462945,0.6111758348601743,4339203.78529813,-468833.52373287774,0.0,0.2941590653838744
560,144,0.494025,47.0,-6.25,21600,-0.34470631873524615,0.7684283961620638,4331787.087405169,-474407.8424903363,0.0,-0.9363108705294879
420,108,0.494025,46.91667,-6.25,43200,-0.036702491407837226,0.6154455208694846,4338517.220887722,-475144.9119816816,0.0,0.354423619143772
385,99,0.494025,46.833336,-6.0,43200,-0.4409822990880483,0.07651759142660751,4347273.775744883,-456916.88569019584,0.0,0.50949399659379
595,153,0.494025,47.0,-6.1666565,21600,0.10997914812260386,-0.22531255005329281,4332472.586781167,-468106.2447951276,0.0,0.5126080645525591
490,126,0.494025,46.91667,-6.0833282,86400,-0.21207892930650024,-0.09768501898586268,4339881.045145775,-462522.2992525033,0.0,-0.048045775143870845
560,144,0.494025,47.0,-6.25,64800,-0.24862218409480907,0.04097163464841572,4331787.087405169,-474407.8424903363,0.0,0.1947991216207455
70,18,0.494025,46.66667,-6.0833282,43200,-0.3407693758935298,1.0194593876959095,4360023.469108121,-464668.9756583009,0.0,-0.967582970470286
35,9,0.494025,46.66667,-6.1666565,21600,0.003457043911124974,-0.19186819251901477,4359343.065935845,-471009.49203812674,0.0,0.32751913648250197
70,18,0.494025,46.66667,-6.0833282,21600,-0.08882325265911503,0.09780856914707016,4360023.469108121,-464668.9756583009,0.0,0.0
35,9,0.494025,46.66667,-6.1666565,86400,-0.011142307137648189,-0.6163910021593467,4359343.065935845,-471009.49203812674,0.0,-0.16088740442273522
595,153,0.494025,47.0,-6.1666565,64800,-0.2545472759504015,0.36351521118933566,4332472.586781167,-468106.2447951276,0.0,0.04593214407363337
630,162,0.494025,47.0,-6.0833282,64800,-0.08882326623328733,0.09780854849762825,4333148.796028124,-461804.81061430223,0.0,0.0
665,171,0.494025,47.0,-6.0,64800,0.12797036037250537,-0.2629584995704708,4333815.840058059,-455502.3996515776,0.0,0.5125306408791306
421,288,1.541375,46.91667,-6.25,21600,-0.36393121293915626,0.11391979451189685,4338517.220887722,-475144.9119816816,0.0,-0.4534763110351098
491,306,1.541375,46.91667,-6.0833282,43200,-0.3987844503481007,0.6241170514923365,4339881.045145775,-462522.2992525033,0.0,-1.2375832846519568
421,288,1.541375,46.91667,-6.25,64800,0.33784050440548186,-0.5314748195974018,4338517.220887722,-475144.9119816816,0.0,-0.4600340973729933
246,243,1.541375,46.75,-6.0,64800,-0.08230895542907735,-0.2140392117520739,4353989.159796485,-457622.70099545474,0.0,0.055341044196670866
421,288,1.541375,46.91667,-6.25,86400,-0.548452170745644,0.3083013951491152,4338517.220887722,-475144.9119816816,0.0,-0.3513576152621701
526,315,1.541375,46.91667,-6.0,43200,-0.15034858477879565,-0.3215787222105203,4340549.125536747,-456210.0964726406,0.0,-0.5273042116209725
666,351,1.541375,47.0,-6.0,21600,-0.05850766820728663,0.4884438405847908,4333815.840058059,-455502.3996515776,0.0,-0.21570600172209434
211,234,1.541375,46.75,-6.0833282,64800,0.22765957044831497,-0.2304858508801637,4353319.010767862,-463954.4488188505,0.0,0.15991708527314835
246,243,1.541375,46.75,-6.0,43200,0.08057967809609327,0.4798766477264198,4353989.159796485,-457622.70099545474,0.0,0.4812831932061191
526,315,1.541375,46.91667,-6.0,21600,-0.3793331712911148,0.1677513129196323,4340549.125536747,-456210.0964726406,0.0,0.5190174592519975
491,306,1.541375,46.91667,-6.0833282,21600,-0.3058920868499728,0.09170050247690353,4339881.045145775,-462522.2992525033,0.0,-0.13071751654998162
281,252,1.541375,46.833336,-6.25,21600,0.07266712807454635,0.044731589187575194,4345238.723142079,-475881.0361998027,0.0,-0.11147612743403709
141,216,1.541375,46.75,-6.25,21600,-0.32863758014389227,-0.20564998009172109,4351950.96357759,-476616.1460837916,0.0,0.5343918966192536
246,243,1.541375,46.75,-6.0,86400,-0.22618760602041962,0.05249382506663532,4353989.159796485,-457622.70099545474,0.0,1.06869652131619
71,198,1.541375,46.66667,-6.0833282,86400,-0.3023413621910491,0.4330085002833906,4360023.469108121,-464668.9756583009,0.0,0.12455577362385521
596,333,1.541375,47.0,-6.1666565,43200,-0.1602889739873064,0.15123310512135296,4332472.586781167,-468106.2447951276,0.0,-0.3358355790457461
561,324,1.541375,47.0,-6.25,64800,-0.19477353230115513,0.10822376483820098,4331787.087405169,-474407.8424903363,0.0,0.2464792699190365
456,297,1.541375,46.91667,-6.1666565,64800,-0.44227650878028335,0.12687802672215304,4339203.78529813,-468833.52373287774,0.0,-0.06161265588081883
176,225,1.541375,46.75,-6.1666565,64800,0.24826280409815854,0.12054166438818535,4352639.653859386,-470285.21531356085,0.0,-0.29714360607444895
211,234,1.541375,46.75,-6.0833282,43200,-0.23877429471447864,-0.19111949998186395,4353319.010767862,-463954.4488188505,0.0,0.5210807797205782
141,216,1.541375,46.75,-6.25,86400,0.0917382269418671,0.06869593313688424,4351950.96357759,-476616.1460837916,0.0,-0.7610376091108025
281,252,1.541375,46.833336,-6.25,43200,0.27333419579213436,-0.7763286379068057,4345238.723142079,-475881.0361998027,0.0,0.1778844138541463
596,333,1.541375,47.0,-6.1666565,64800,-0.2224386901761897,0.2840330103316572,4332472.586781167,-468106.2447951276,0.0,0.06282692112944448
1,180,1.541375,46.66667,-6.25,86400,-0.20003879241065778,0.3327791402148872,4358653.3150161095,-477350.1729464703,0.0,-0.23246235945369836
561,324,1.541375,47.0,-6.25,86400,-0.029076149145272172,-0.10950713801026804,4331787.087405169,-474407.8424903363,0.0,0.40031902101804195
666,351,1.541375,47.0,-6.0,86400,0.06756555302132548,-0.6953608642370381,4333815.840058059,-455502.3996515776,0.0,-0.3345407185713917
596,333,1.541375,47.0,-6.1666565,21600,0.05289641979999571,-0.026394881428561293,4332472.586781167,-468106.2447951276,0.0,0.36482494061421034
211,234,1.541375,46.75,-6.0833282,21600,-0.2383489251018464,-0.1645076936177972,4353319.010767862,-463954.4488188505,0.0,0.07006569955590655
351,270,1.541375,46.833336,-6.0833282,64800,0.13351353363024937,-0.09605645091688023,4346604.66032198,-463238.8677294356,0.0,-0.008514505580982868
666,351,1.541375,47.0,-6.0,64800,0.046029711969536716,-0.14225001732629872,4333815.840058059,-455502.3996515776,0.0,0.31897974187284983
421,288,1.541375,46.91667,-6.25,43200,-0.025027241424385838,0.47861995921666767,4338517.220887722,-475144.9119816816,0.0,0.31734121623833766
351,270,1.541375,46.833336,-6.0833282,43200,-0.25044322046121104,-0.04209728533846127,4346604.66032198,-463238.8677294356,0.0,-0.3837493460593997
316,261,1.541375,46.833336,-6.1666565,64800,-0.21489749462565072,0.5425472078848669,4345926.351221016,-469559.8699535443,0.0,-0.13517080541940482
561,324,1.541375,47.0,-6.25,21600,-0.34652215090679517,0.6159316684299619,4331787.087405169,-474407.8424903363,0.0,-0.5800314399324745
316,261,1.541375,46.833336,-6.1666565,86400,0.10608742847419185,-0.18005276779025692,4345926.351221016,-469559.8699535443,0.0,-0.39779576253045584
386,279,1.541375,46.833336,-6.0,64800,-0.32139334415446524,-0.03930356560376712,4347273.775744883,-456916.88569019584,0.0,0.09708153560620265
106,207,1.541375,46.66667,-6.0,86400,-0.3761773223283563,-0.02617870023242247,4360694.650219674,-458327.4764384654,0.0,0.608876424562264
316,261,1.541375,46.833336,-6.1666565,43200,0.02985627818792813,-0.37795482813711634,4345926.351221016,-469559.8699535443,0.0,-0.27186431642966385
456,297,1.541375,46.91667,-6.1666565,86400,-0.07446557101479467,0.4092093751354955,4339203.78529813,-468833.52373287774,0.0,0.20203197753875884
176,225,1.541375,46.75,-6.1666565,21600,-0.16166629205090793,-0.17880727398187912,4352639.653859386,-470285.21531356085,0.0,-0.18455416516749715
281,252,1.541375,46.833336,-6.25,86400,-0.32186899707235317,0.4072575170458693,4345238.723142079,-475881.0361998027,0.0,0.1567595549268165
281,252,1.541375,46.833336,-6.25,64800,0.1546586108077036,0.60725475395672,4345238.723142079,-475881.0361998027,0.0,0.44856441267537606
631,342,1.541375,47.0,-6.0833282,86400,-0.38724816753239594,-0.07639458567665385,4333148.796028124,-461804.81061430223,0.0,-0.30971382393680663
631,342,1.541375,47.0,-6.0833282,21600,-0.2859268506835101,0.05675898124238481,4333148.796028124,-461804.81061430223,0.0,0.6001102688599558
456,297,1.541375,46.91667,-6.1666565,43200,-0.14232657176710156,0.26653773737518843,4339203.78529813,-468833.52373287774,0.0,0.4331889082241381
246,243,1.541375,46.75,-6.0,21600,-0.020966461748743115,0.4330723540797434,4353989.159796485,-457622.70099545474,0.0,0.08945963384648342
351,270,1.541375,46.833336,-6.0833282,86400,-0.1710012805136492,-0.12264696731625432,4346604.66032198,-463238.8677294356,0.0,0.08498682731775098
561,324,1.541375,47.0,-6.25,43200,-0.11202359231403788,0.33225898797463926,4331787.087405169,-474407.8424903363,0.0,0.3360429118545894
456,297,1.541375,46.91667,-6.1666565,21600,-0.1398253954056291,0.31717866381648957,4339203.78529813,-468833.52373287774,0.0,-0.1286368283924553
106,207,1.541375,46.66667,-6.0,21600,-0.39083276569321046,0.34060293701707967,4360694.650219674,-458327.4764384654,0.0,-0.6278486714063912
526,315,1.541375,46.91667,-6.0,64800,-0.1287190275127888,-0.059987104856251014,4340549.125536747,-456210.0964726406,0.0,-0.6871087414089642
71,198,1.541375,46.66667,-6.0833282,21600,0.1544309997412826,-0.3353571798889024,4360023.469108121,-464668.9756583009,0.0,-0.9543335511815744
596,333,1.541375,47.0,-6.1666565,86400,0.32488087964841583,0.3623360671905498,4332472.586781167,-468106.2447951276,0.0,0.668271407097524
211,234,1.541375,46.75,-6.0833282,86400,-0.19382929353584427,-0.2982189349410712,4353319.010767862,-463954.4488188505,0.0,-0.29995473492246266
666,351,1.541375,47.0,-6.0,43200,0.13647235404412583,0.11509601360730679,4333815.840058059,-455502.3996515776,0.0,-0.06998338231635881
36,189,1.541375,46.66667,-6.1666565,43200,-0.2796579849894203,0.2039138548799992,4359343.065935845,-471009.49203812674,0.0,-0.5265679569211872
106,207,1.541375,46.66667,-6.0,64800,-0.20768342066981155,0.2827496329672378,4360694.650219674,-458327.4764384654,0.0,0.40625519312655106
631,342,1.541375,47.0,-6.0833282,64800,0.03115817550334299,-0.22836050678428166,4333148.796028124,-461804.81061430223,0.0,0.0880520646076123
141,216,1.541375,46.75,-6.25,64800,-0.21478191668677063,-0.702830819784797,4351950.96357759,-476616.1460837916,0.0,-0.33499093691516035
176,225,1.541375,46.75,-6.1666565,86400,0.05012844658827231,-0.16715774920604173,4352639.653859386,-470285.21531356085,0.0,0.180836211149246
106,207,1.541375,46.66667,-6.0,43200,-0.088887699386502,-0.09500090028311743,4360694.650219674,-458327.4764384654,0.0,0.597965475295265
351,270,1.541375,46.833336,-6.0833282,21600,-0.0651578706087043,0.23685867788305257,4346604.66032198,-463238.8677294356,0.0,0.582418113895189
1,180,1.541375,46.66667,-6.25,21600,-0.20501112694421642,0.1603641882371622,4358653.3150161095,-477350.1729464703,0.0,-0.0476412673693021
386,279,1.541375,46.833336,-6.0,86400,0.16040003807733205,-0.33869305195264,4347273.775744883,-456916.88569019584,0.0,0.09956404831499016
386,279,1.541375,46.833336,-6.0,21600,0.20163232002384135,0.43797663468601894,4347273.775744883,-456916.88569019584,0.0,-0.47172294725446945
36,189,1.541375,46.66667,-6.1666565,64800,-0.15713340002003173,0.4793876151210117,4359343.065935845,-471009.49203812674,0.0,-0.1817357780047295
36,189,1.541375,46.66667,-6.1666565,86400,-0.08827105833721773,-0.31024139243271476,4359343.065935845,-471009.49203812674,0.0,-0.19411880752508762
71,198,1.541375,46.66667,-6.0833282,64800,0.014644674363400001,-0.45447444013594984,4360023.469108121,-464668.9756583009,0.0,0.3605560072604577
71,198,1.541375,46.66667,-6.0833282,43200,-0.30264130775382236,0.7005885717903824,4360023.469108121,-464668.9756583009,0.0,-0.7155962309005544
1,180,1.541375,46.66667,-6.25,64800,0.22995029632719965,-0.43798824163606015,4358653.3150161095,-477350.1729464703,0.0,0.12403874369899319
141,216,1.541375,46.75,-6.25,43200,0.04317243873813685,0.05494452438556893,4351950.96357759,-476616.1460837916,0.0,-0.2616427507241016
386,279,1.541375,46.833336,-6.0,43200,-0.32408658313604544,0.016333943387802585,4347273.775744883,-456916.88569019584,0.0,0.4357512312717314
491,306,1.541375,46.91667,-6.0833282,64800,-0.21041911313039285,0.37085075539543677,4339881.045145775,-462522.2992525033,0.0,-0.058787664867568305
631,342,1.541375,47.0,-6.0833282,43200,-0.3938870835225976,0.061777267755219384,4333148.796028124,-461804.81061430223,0.0,1.0452056431741414
491,306,1.541375,46.91667,-6.0833282,86400,-0.15004186041313317,-0.07026135383797108,4339881.045145775,-462522.2992525033,0.0,-0.06470735639662162
36,189,1.541375,46.66667,-6.1666565,21600,-0.04477162322010433,-0.07292160577844635,4359343.065935845,-471009.49203812674,0.0,0.10368756025947029
1,180,1.541375,46.66667,-6.25,43200,-0.34097992637671803,0.13939522253027986,4358653.3150161095,-477350.1729464703,0.0,-0.25446722858211684
526,315,1.541375,46.91667,-6.0,86400,-0.2901165269893712,0.4551650218094674,4340549.125536747,-456210.0964726406,0.0,0.2897226817395541
176,225,1.541375,46.75,-6.1666565,43200,0.006467794176207561,-0.8300062425729717,4352639.653859386,-470285.21531356085,0.0,0.22335713044743638
316,261,1.541375,46.833336,-6.1666565,21600,0.26569947188002946,-0.38345573632879654,4345926.351221016,-469559.8699535443,0.0,0.046427604180867284
37,369,2.645669,46.66667,-6.1666565,21600,-0.07159452058352972,-0.008245185752591339,4359343.065935845,-471009.49203812674,0.0,-0.03040501030328745
632,522,2.645669,47.0,-6.0833282,64800,0.014452699222296042,-0.07190802443467505,4333148.796028124,-461804.81061430223,0.0,0.038018289681577104
107,387,2.645669,46.66667,-6.0,86400,-0.3176932077600739,0.06999167680078125,4360694.650219674,-458327.4764384654,0.0,0.2477796445141143
562,504,2.645669,47.0,-6.25,43200,-0.11504924927722585,0.2037098277285412,4331787.087405169,-474407.8424903363,0.0,0.17561913168433332
352,450,2.645669,46.833336,-6.0833282,21600,-0.06066945126778005,0.2580748211685145,4346604.66032198,-463238.8677294356,0.0,0.4656604611040329
387,459,2.645669,46.833336,-6.0,21600,0.08478825290025882,0.3622964557048242,4347273.775744883,-456916.88569019584,0.0,-0.3690380599199154
422,468,2.645669,46.91667,-6.25,43200,-0.02168748370463343,0.38281144019482316,4338517.220887722,-475144.9119816816,0.0,0.27464536198335054
2,360,2.645669,46.66667,-6.25,64800,0.14703266745309485,-0.23880881530775044,4358653.3150161095,-477350.1729464703,0.0,0.006719722373219912
492,486,2.645669,46.91667,-6.0833282,86400,-0.10990158751908685,-0.05312553435951066,4339881.045145775,-462522.2992525033,0.0,-0.07640178487668557
597,513,2.645669,47.0,-6.1666565,43200,-0.10579143015272144,0.08428809994907692,4332472.586781167,-468106.2447951276,0.0,-0.2366634019060892
212,414,2.645669,46.75,-6.0833282,21600,-0.21871032321738013,-0.08243936182999032,4353319.010767862,-463954.4488188505,0.0,-0.009668745883267922
177,405,2.645669,46.75,-6.1666565,64800,0.16121444028199416,0.14141530406287178,4352639.653859386,-470285.21531356085,0.0,-0.2664401867766097
72,378,2.645669,46.66667,-6.0833282,64800,0.0019419419964935708,-0.38576882682174596,4360023.469108121,-464668.9756583009,0.0,0.10814792139550772
37,369,2.645669,46.66667,-6.1666565,64800,-0.02772651515183685,0.2659790609140167,4359343.065935845,-471009.49203812674,0.0,0.005972350254036003
177,405,2.645669,46.75,-6.1666565,86400,0.02833802843145415,-0.16218088118910687,4352639.653859386,-470285.21531356085,0.0,0.0026522450082434243
562,504,2.645669,47.0,-6.25,86400,-0.041547698406003926,-0.05492228900471759,4331787.087405169,-474407.8424903363,0.0,0.3156591682476774
317,441,2.645669,46.833336,-6.1666565,64800,-0.21677939070511737,0.35717121381540773,4345926.351221016,-469559.8699535443,0.0,-0.23703182399458578
387,459,2.645669,46.833336,-6.0,43200,-0.24999923037487712,-0.01771023076991869,4347273.775744883,-456916.88569019584,0.0,0.3737054536980293
282,432,2.645669,46.833336,-6.25,86400,-0.23097875881685476,0.2542544347647352,4345238.723142079,-475881.0361998027,0.0,0.057901955888559065
212,414,2.645669,46.75,-6.0833282,64800,0.16625020819871789,-0.16456376327686484,4353319.010767862,-463954.4488188505,0.0,0.07837509893131342
527,495,2.645669,46.91667,-6.0,43200,-0.13412586589172026,-0.2044587609044914,4340549.125536747,-456210.0964726406,0.0,-0.29250092558237345
422,468,2.645669,46.91667,-6.25,21600,-0.30711588870915557,0.07988518596643636,4338517.220887722,-475144.9119816816,0.0,-0.4671521469335027
142,396,2.645669,46.75,-6.25,64800,-0.16140790411141653,-0.3810887400688728,4351950.96357759,-476616.1460837916,0.0,-0.16341750964808693
597,513,2.645669,47.0,-6.1666565,64800,-0.20060026923105728,0.23371806141495585,4332472.586781167,-468106.2447951276,0.0,0.06596251538653282
492,486,2.645669,46.91667,-6.0833282,21600,-0.2752093910299753,0.04363080793881604,4339881.045145775,-462522.2992525033,0.0,-0.1217636539632884
317,441,2.645669,46.833336,-6.1666565,21600,0.12354117609558735,-0.17659951762866544,4345926.351221016,-469559.8699535443,0.0,0.06953816686523215
247,423,2.645669,46.75,-6.0,64800,-0.09926449692614855,-0.20407984228709564,4353989.159796485,-457622.70099545474,0.0,-0.13324456166081644
492,486,2.645669,46.91667,-6.0833282,43200,-0.30914981041808176,0.5086658522467121,4339881.045145775,-462522.2992525033,0.0,-0.8277322449754441
212,414,2.645669,46.75,-6.0833282,86400,-0.1439080098361696,-0.1606057019771735,4353319.010767862,-463954.4488188505,0.0,-0.13644377418538142
142,396,2.645669,46.75,-6.25,86400,0.023931025323795402,0.196813797460095,4351950.96357759,-476616.1460837916,0.0,-0.4834562198545313
527,495,2.645669,46.91667,-6.0,21600,-0.27884163026910874,0.15575747540192225,4340549.125536747,-456210.0964726406,0.0,0.4457991476871252
457,477,2.645669,46.91667,-6.1666565,21600,-0.06651602589375182,0.25931063631585816,4339203.78529813,-468833.52373287774,0.0,-0.012751233675110565
247,423,2.645669,46.75,-6.0,86400,-0.18298635994193846,-0.023406986489278886,4353989.159796485,-457622.70099545474,0.0,0.663893031367329
457,477,2.645669,46.91667,-6.1666565,43200,-0.1097512373253457,0.19973781165543752,4339203.78529813,-468833.52373287774,0.0,0.2889233602226367
667,531,2.645669,47.0,-6.0,43200,0.09020008919846703,0.07441339263385291,4333815.840058059,-455502.3996515776,0.0,-0.019108385622283838
282,432,2.645669,46.833336,-6.25,21600,-0.017727548854146624,0.13302290105961506,4345238.723142079,-475881.0361998027,0.0,-0.17467453392474158
107,387,2.645669,46.66667,-6.0,64800,-0.15988566425053585,0.25445699318448806,4360694.650219674,-458327.4764384654,0.0,0.37089178017040375
527,495,2.645669,46.91667,-6.0,86400,-0.22513332062220737,0.33364951993286224,4340549.125536747,-456210.0964726406,0.0,0.1592268923791511
282,432,2.645669,46.833336,-6.25,64800,0.10375408280171232,0.538654032699754,4345238.723142079,-475881.0361998027,0.0,0.2602281922644188
632,522,2.645669,47.0,-6.0833282,43200,-0.3007230086767894,0.09335892892210904,4333148.796028124,-461804.81061430223,0.0,0.726967689888835
632,522,2.645669,47.0,-6.0833282,86400,-0.26997325901192576,-0.09928671707016187,4333148.796028124,-461804.81061430223,0.0,-0.21566924216291022
457,477,2.645669,46.91667,-6.1666565,86400,-0.018684101316696705,0.2769377590459954,4339203.78529813,-468833.52373287774,0.0,0.15027879977365807
247,423,2.645669,46.75,-6.0,21600,-0.028357759020075694,0.30442053589046614,4353989.159796485,-457622.70099545474,0.0,0.1746289794289875
562,504,2.645669,47.0,-6.25,21600,-0.34226100085230976,0.5026394858108189,4331787.087405169,-474407.8424903363,0.0,-0.3506978535630697
142,396,2.645669,46.75,-6.25,21600,-0.21833460818237976,-0.17599334936061026,4351950.96357759,-476616.1460837916,0.0,0.4623943644731563
177,405,2.645669,46.75,-6.1666565,43200,-0.07849251255430112,-0.5230404673214275,4352639.653859386,-470285.21531356085,0.0,0.12462845381168043
527,495,2.645669,46.91667,-6.0,64800,-0.09510243044205666,0.04221790032811927,4340549.125536747,-456210.0964726406,0.0,-0.44946902479602485
37,369,2.645669,46.66667,-6.1666565,43200,-0.19464600051865621,0.27367944543379874,4359343.065935845,-471009.49203812674,0.0,-0.3467768145104238
212,414,2.645669,46.75,-6.0833282,43200,-0.1831032760198561,-0.033707472571298205,4353319.010767862,-463954.4488188505,0.0,0.4540454591937436
352,450,2.645669,46.833336,-6.0833282,86400,-0.1704643126677609,-0.04948438100665259,4346604.66032198,-463238.8677294356,0.0,0.08434875751867023
597,513,2.645669,47.0,-6.1666565,86400,0.17110488809316432,0.35907999500097315,4332472.586781167,-468106.2447951276,0.0,0.45772346343627807
177,405,2.645669,46.75,-6.1666565,21600,-0.1354135678708202,0.02662038076271042,4352639.653859386,-470285.21531356085,0.0,-0.09238221421458455
667,531,2.645669,47.0,-6.0,21600,-0.12645183647257904,0.3945989160960608,4333815.840058059,-455502.3996515776,0.0,-0.21901375794934952
317,441,2.645669,46.833336,-6.1666565,86400,0.04423673480247349,-0.14081757514402066,4345926.351221016,-469559.8699535443,0.0,-0.2598498505208963
422,468,2.645669,46.91667,-6.25,64800,0.19247273857979647,-0.3030165314219136,4338517.220887722,-475144.9119816816,0.0,-0.3884332274034795
387,459,2.645669,46.833336,-6.0,64800,-0.2469436207905218,-0.053051610974029856,4347273.775744883,-456916.88569019584,0.0,0.11868470529909476
422,468,2.645669,46.91667,-6.25,86400,-0.4123390246262478,0.2852069263713542,4338517.220887722,-475144.9119816816,0.0,-0.29272924991736177
632,522,2.645669,47.0,-6.0833282,21600,-0.22068167384271015,0.15479823319298128,4333148.796028124,-461804.81061430223,0.0,0.4550452334806996
492,486,2.645669,46.91667,-6.0833282,64800,-0.1615975362944153,0.19814897249439545,4339881.045145775,-462522.2992525033,0.0,-0.06146967907144849
142,396,2.645669,46.75,-6.25,43200,0.008241168164415016,0.13219438082668467,4351950.96357759,-476616.1460837916,0.0,-0.10308301674713237
2,360,2.645669,46.66667,-6.25,43200,-0.27542881948818904,0.032753763718178924,4358653.3150161095,-477350.1729464703,0.0,-0.1036569702436604
107,387,2.645669,46.66667,-6.0,21600,-0.29070655591955474,0.28453117066727257,4360694.650219674,-458327.4764384654,0.0,-0.4525645141237419
457,477,2.645669,46.91667,-6.1666565,64800,-0.29976477693413567,0.07283551901372162,4339203.78529813,-468833.52373287774,0.0,-0.05165354632530345
317,441,2.645669,46.833336,-6.1666565,43200,-0.003838633833120539,-0.23486084299433296,4345926.351221016,-469559.8699535443,0.0,-0.33415450558932225
352,450,2.645669,46.833336,-6.0833282,43200,-0.17256562578093965,0.019781297379140556,4346604.66032198,-463238.8677294356,0.0,-0.16910857421625156
667,531,2.645669,47.0,-6.0,86400,0.03465713457798916,-0.5471060063721589,4333815.840058059,-455502.3996515776,0.0,-0.19071651099562043
667,531,2.645669,47.0,-6.0,64800,-0.0008416575932974207,-0.058785467550648035,4333815.840058059,-455502.3996515776,0.0,0.19067394196698267
72,378,2.645669,46.66667,-6.0833282,43200,-0.2777666065737206,0.49721953319182605,4360023.469108121,-464668.9756583009,0.0,-0.5495093383160297
2,360,2.645669,46.66667,-6.25,86400,-0.16962699982005397,0.28605824901159954,4358653.3150161095,-477350.1729464703,0.0,-0.20047656172695655
72,378,2.645669,46.66667,-6.0833282,21600,0.07408329206114458,-0.19310367604610068,4360023.469108121,-464668.9756583009,0.0,-0.6730500819539544
37,369,2.645669,46.66667,-6.1666565,86400,-0.13264364878776772,-0.12013339120528695,4359343.065935845,-471009.49203812674,0.0,-0.20799609587168016
597,513,2.645669,47.0,-6.1666565,21600,0.01713963400614256,0.08783748294550237,4332472.586781167,-468106.2447951276,0.0,0.27668438189512706
352,450,2.645669,46.833336,-6.0833282,64800,0.013198580012278471,-0.0054583839626062,4346604.66032198,-463238.8677294356,0.0,0.02584325946557822
247,423,2.645669,46.75,-6.0,43200,0.024333321936511984,0.3499199550984876,4353989.159796485,-457622.70099545474,0.0,0.34295301259668287
72,378,2.645669,46.66667,-6.0833282,86400,-0.28166650387157044,0.3788442728215311,4360023.469108121,-464668.9756583009,0.0,0.01405825255931098
282,432,2.645669,46.833336,-6.25,43200,0.16184159753711228,-0.5622241731845647,4345238.723142079,-475881.0361998027,0.0,0.1664429868211388
562,504,2.645669,47.0,-6.25,64800,-0.158488950158578,0.1533774817875979,4331787.087405169,-474407.8424903363,0.0,0.27053833671080724
387,459,2.645669,46.833336,-6.0,86400,0.06018131422243268,-0.359727722897326,4347273.775744883,-456916.88569019584,0.0,0.20925945613230024
2,360,2.645669,46.66667,-6.25,21600,-0.2479708761984491,0.17761086546076277,4358653.3150161095,-477350.1729464703,0.0,-0.07289142982750924
107,387,2.645669,46.66667,-6.0,43200,-0.08078214281726706,-0.10054904550504959,4360694.650219674,-458327.4764384654,0.0,0.43240471426048394
353,630,3.819495,46.833336,-6.0833282,86400,-0.16756152410647676,-0.007082358574229272,4346604.66032198,-463238.8677294356,0.0,0.08274001642424687
213,594,3.819495,46.75,-6.0833282,43200,-0.14908230230056468,0.06512101113216082,4353319.010767862,-463954.4488188505,0.0,0.4023416160002302
598,693,3.819495,47.0,-6.1666565,43200,-0.07258381963336258,0.047437971381084174,4332472.586781167,-468106.2447951276,0.0,-0.1705004768124775
458,657,3.819495,46.91667,-6.1666565,21600,-0.023776147573343925,0.22945203812196469,4339203.78529813,-468833.52373287774,0.0,0.05444851065601675
563,684,3.819495,47.0,-6.25,43200,-0.11699280673478438,0.12664624289683762,4331787.087405169,-474407.8424903363,0.0,0.07286316144975268
458,657,3.819495,46.91667,-6.1666565,64800,-0.21099002757989455,0.04222228397921882,4339203.78529813,-468833.52373287774,0.0,-0.03905151548621421
493,666,3.819495,46.91667,-6.0833282,64800,-0.13465735987483235,0.09511990427614164,4339881.045145775,-462522.2992525033,0.0,-0.0629173024067011
178,585,3.819495,46.75,-6.1666565,64800,0.10482229796606839,0.14781267447529564,4352639.653859386,-470285.21531356085,0.0,-0.2449604938516694
3,540,3.819495,46.66667,-6.25,43200,-0.23151941125050934,-0.027356298090174022,4358653.3150161095,-477350.1729464703,0.0,-0.012676312636224952
633,702,3.819495,47.0,-6.0833282,43200,-0.24149134536922878,0.11560990436340497,4333148.796028124,-461804.81061430223,0.0,0.523407572808118
633,702,3.819495,47.0,-6.0833282,64800,-0.0025255199520295146,0.022913140229832124,4333148.796028124,-461804.81061430223,0.0,0.011437095552106686
73,558,3.819495,46.66667,-6.0833282,86400,-0.2643626624027989,0.3442071856985509,4360023.469108121,-464668.9756583009,0.0,-0.04912924660957374
563,684,3.819495,47.0,-6.25,86400,-0.04790756331933838,-0.02700007299988824,4331787.087405169,-474407.8424903363,0.0,0.2547371654511092
178,585,3.819495,46.75,-6.1666565,43200,-0.126204720136191,-0.32957495388283653,4352639.653859386,-470285.21531356085,0.0,0.06965606694820183
178,585,3.819495,46.75,-6.1666565,86400,0.012822343165082808,-0.1494387269706411,4352639.653859386,-470285.21531356085,0.0,-0.10480618863472879
73,558,3.819495,46.66667,-6.0833282,43200,-0.26019602468372915,0.3687003321028086,4360023.469108121,-464668.9756583009,0.0,-0.4391824884092678
38,549,3.819495,46.66667,-6.1666565,86400,-0.15661712255863625,-0.004643174064433611,4359343.065935845,-471009.49203812674,0.0,-0.2098003128652006
388,639,3.819495,46.833336,-6.0,86400,-0.001022872960119145,-0.3597209546170028,4347273.775744883,-456916.88569019584,0.0,0.2671061975905131
388,639,3.819495,46.833336,-6.0,21600,0.014956981572624664,0.30766503285372476,4347273.775744883,-456916.88569019584,0.0,-0.3032437031972712
353,630,3.819495,46.833336,-6.0833282,21600,-0.059008364878746465,0.26693736002593865,4346604.66032198,-463238.8677294356,0.0,0.38465399941366535
73,558,3.819495,46.66667,-6.0833282,64800,-0.00964772447770254,-0.3311851535453591,4360023.469108121,-464668.9756583009,0.0,-0.040831219268723774
3,540,3.819495,46.66667,-6.25,64800,0.08989351341508202,-0.11635636500594079,4358653.3150161095,-477350.1729464703,0.0,-0.06294309062490938
108,567,3.819495,46.66667,-6.0,43200,-0.07570302530600362,-0.09675575069255747,4360694.650219674,-458327.4764384654,0.0,0.32644530924678455
633,702,3.819495,47.0,-6.0833282,86400,-0.19663398290855394,-0.10983987892137795,4333148.796028124,-461804.81061430223,0.0,-0.1610633742538945
38,549,3.819495,46.66667,-6.1666565,43200,-0.14420418979813857,0.30666841708576054,4359343.065935845,-471009.49203812674,0.0,-0.23617371587078853
528,675,3.819495,46.91667,-6.0,64800,-0.07834802408333724,0.10525576871226029,4340549.125536747,-456210.0964726406,0.0,-0.29815572425553105
108,567,3.819495,46.66667,-6.0,64800,-0.12841027860975157,0.2303647954076125,4360694.650219674,-458327.4764384654,0.0,0.33922951219299835
668,711,3.819495,47.0,-6.0,43200,0.05828389760265362,0.05634369595997823,4333815.840058059,-455502.3996515776,0.0,0.013350138255729721
3,540,3.819495,46.66667,-6.25,21600,-0.26665046112827007,0.18453207901857466,4358653.3150161095,-477350.1729464703,0.0,-0.08542719158259075
598,693,3.819495,47.0,-6.1666565,86400,0.07510696069951173,0.3481708602586358,4332472.586781167,-468106.2447951276,0.0,0.32079984276766216
38,549,3.819495,46.66667,-6.1666565,21600,-0.0856178356420356,0.02534781384954203,4359343.065935845,-471009.49203812674,0.0,-0.10716955228935024
108,567,3.819495,46.66667,-6.0,21600,-0.22727609110047237,0.24760286472641518,4360694.650219674,-458327.4764384654,0.0,-0.34150906360387057
143,576,3.819495,46.75,-6.25,64800,-0.13078951296662344,-0.1783167436149088,4351950.96357759,-476616.1460837916,0.0,-0.06059635606653172
283,612,3.819495,46.833336,-6.25,21600,-0.07174660441087258,0.18210529071733333,4345238.723142079,-475881.0361998027,0.0,-0.20794648071642985
213,594,3.819495,46.75,-6.0833282,86400,-0.11253452978991754,-0.07307739939254683,4353319.010767862,-463954.4488188505,0.0,-0.0410360483853006
73,558,3.819495,46.66667,-6.0833282,21600,0.02150416521230626,-0.10400919982595411,4360023.469108121,-464668.9756583009,0.0,-0.4931939656844499
143,576,3.819495,46.75,-6.25,43200,-0.01579919332231787,0.1763508791036037,4351950.96357759,-476616.1460837916,0.0,-0.0165718610601977
423,648,3.819495,46.91667,-6.25,21600,-0.2693897074282378,0.05994065672541841,4338517.220887722,-475144.9119816816,0.0,-0.4605179613157101
318,621,3.819495,46.833336,-6.1666565,21600,0.03401122852475939,-0.05104831384778459,4345926.351221016,-469559.8699535443,0.0,0.07869876443866791
528,675,3.819495,46.91667,-6.0,86400,-0.1847352894916617,0.25799188476479973,4340549.125536747,-456210.0964726406,0.0,0.07828389506288663
493,666,3.819495,46.91667,-6.0833282,86400,-0.0848946085748589,-0.04134358839009464,4339881.045145775,-462522.2992525033,0.0,-0.08301201549786479
563,684,3.819495,47.0,-6.25,64800,-0.13448788343829973,0.18192730549163516,4331787.087405169,-474407.8424903363,0.0,0.2779563435078882
633,702,3.819495,47.0,-6.0833282,21600,-0.17922167618624765,0.20918677568352412,4333148.796028124,-461804.81061430223,0.0,0.35236390404046974
423,648,3.819495,46.91667,-6.25,86400,-0.324173103244357,0.26345222561532744,4338517.220887722,-475144.9119816816,0.0,-0.24478550697531842
458,657,3.819495,46.91667,-6.1666565,86400,0.01266743510271133,0.19236424120270412,4339203.78529813,-468833.52373287774,0.0,0.12128912944797661
38,549,3.819495,46.66667,-6.1666565,64800,0.04652829428228947,0.1373108315516244,4359343.065935845,-471009.49203812674,0.0,0.11043772785053994
528,675,3.819495,46.91667,-6.0,21600,-0.2182625749423604,0.14913393309557013,4340549.125536747,-456210.0964726406,0.0,0.3905946159428408
318,621,3.819495,46.833336,-6.1666565,64800,-0.21579202713999826,0.24595363860552064,4345926.351221016,-469559.8699535443,0.0,-0.28939416099526083
668,711,3.819495,47.0,-6.0,86400,0.011725534471164603,-0.4363705039553536,4333815.840058059,-455502.3996515776,0.0,-0.10111882710170503
458,657,3.819495,46.91667,-6.1666565,43200,-0.09151533743386912,0.1636973955180107,4339203.78529813,-468833.52373287774,0.0,0.1931055802925396
248,603,3.819495,46.75,-6.0,21600,-0.03417870143748879,0.22463198993526365,4353989.159796485,-457622.70099545474,0.0,0.22063772215417618
283,612,3.819495,46.833336,-6.25,43200,0.09084635836076006,-0.42793573834199145,4345238.723142079,-475881.0361998027,0.0,0.1518071085784632
318,621,3.819495,46.833336,-6.1666565,43200,-0.023982682233362376,-0.14331404125797978,4345926.351221016,-469559.8699535443,0.0,-0.36648471578648495
143,576,3.819495,46.75,-6.25,21600,-0.15226523392583746,-0.15638142151457324,4351950.96357759,-476616.1460837916,0.0,0.40897196696016014
388,639,3.819495,46.833336,-6.0,64800,-0.19907134436081061,-0.055934520634242965,4347273.775744883,-456916.88569019584,0.0,0.12786735179036451
108,567,3.819495,46.66667,-6.0,86400,-0.2798114159122659,0.12747775744465767,4360694.650219674,-458327.4764384654,0.0,0.02639893186667963
318,621,3.819495,46.833336,-6.1666565,86400,0.004157545503230123,-0.11310279638279963,4345926.351221016,-469559.8699535443,0.0,-0.17073258546305417
283,612,3.819495,46.833336,-6.25,64800,0.06800922527920425,0.4834858886743276,4345238.723142079,-475881.0361998027,0.0,0.14181453734712504
423,648,3.819495,46.91667,-6.25,43200,-0.02287592624302323,0.31647689945513685,4338517.220887722,-475144.9119816816,0.0,0.23369375595067504
283,612,3.819495,46.833336,-6.25,86400,-0.17308853931007032,0.1639375078176385,4345238.723142079,-475881.0361998027,0.0,0.0007249165956122105
493,666,3.819495,46.91667,-6.0833282,43200,-0.251120831799276,0.42899734432310077,4339881.045145775,-462522.2992525033,0.0,-0.5716656728766735
248,603,3.819495,46.75,-6.0,64800,-0.11168992906564743,-0.19065196199567416,4353989.159796485,-457622.70099545474,0.0,-0.23812634305527797
563,684,3.819495,47.0,-6.25,21600,-0.3338279645912692,0.41888767132020654,4331787.087405169,-474407.8424903363,0.0,-0.20572130733560062
353,630,3.819495,46.833336,-6.0833282,43200,-0.12433748455586763,0.05533796402397725,4346604.66032198,-463238.8677294356,0.0,-0.03739380791394515
248,603,3.819495,46.75,-6.0,86400,-0.15599020949136105,-0.06086431563533182,4353989.159796485,-457622.70099545474,0.0,0.4149605315767945
143,576,3.819495,46.75,-6.25,86400,-0.022055166521574965,0.2693415008317739,4351950.96357759,-476616.1460837916,0.0,-0.3137564063347831
248,603,3.819495,46.75,-6.0,43200,-0.011891470394702036,0.26754032481622836,4353989.159796485,-457622.70099545474,0.0,0.25622048771656636
388,639,3.819495,46.833336,-6.0,43200,-0.20351085888328085,-0.03433583973768478,4347273.775744883,-456916.88569019584,0.0,0.3225425477549662
493,666,3.819495,46.91667,-6.0833282,21600,-0.251342623767348,0.017365875116132745,4339881.045145775,-462522.2992525033,0.0,-0.1070251113641147
598,693,3.819495,47.0,-6.1666565,64800,-0.18524551469273892,0.20198123505700344,4332472.586781167,-468106.2447951276,0.0,0.06200930182448828
668,711,3.819495,47.0,-6.0,21600,-0.16469586179844814,0.3331858009501324,4333815.840058059,-455502.3996515776,0.0,-0.21708376258181616
598,693,3.819495,47.0,-6.1666565,21600,-0.005279254469207684,0.14936620475883997,4332472.586781167,-468106.2447951276,0.0,0.22363352793207808
213,594,3.819495,46.75,-6.0833282,64800,0.12335426648906761,-0.11521525397013843,4353319.010767862,-463954.4488188505,0.0,0.028134881278441954
178,585,3.819495,46.75,-6.1666565,21600,-0.1186012205911037,0.149374060564193,4352639.653859386,-470285.21531356085,0.0,-0.03455866749781093
3,540,3.819495,46.66667,-6.25,86400,-0.14797222684172784,0.2506490479564399,4358653.3150161095,-477350.1729464703,0.0,-0.1766588567132863
423,648,3.819495,46.91667,-6.25,64800,0.1002214324497172,-0.16179626205531386,4338517.220887722,-475144.9119816816,0.0,-0.33704866468165445
668,711,3.819495,47.0,-6.0,64800,-0.0271657293370784,-0.001883558872026042,4333815.840058059,-455502.3996515776,0.0,0.10710569105538771
528,675,3.819495,46.91667,-6.0,43200,-0.12272075138786402,-0.13158103656118095,4340549.125536747,-456210.0964726406,0.0,-0.14190434951853492
353,630,3.819495,46.833336,-6.0833282,64800,-0.05971547281197785,0.04651533372491193,4346604.66032198,-463238.8677294356,0.0,0.045983788733196015
213,594,3.819495,46.75,-6.0833282,21600,-0.20393763052492847,-0.031475057146668095,4353319.010767862,-463954.4488188505,0.0,-0.05763404216017035
669,891,5.078224,47.0,-6.0,86400,-0.004479610219960489,-0.35262024587216634,4333815.840058059,-455502.3996515776,0.0,-0.045407934353873275
424,828,5.078224,46.91667,-6.25,43200,-0.026368342886920186,0.2708826631334914,4338517.220887722,-475144.9119816816,0.0,0.19754371675629515
354,810,5.078224,46.833336,-6.0833282,43200,-0.09548772459150248,0.07474080344069466,4346604.66032198,-463238.8677294356,0.0,0.03975112554599848
564,864,5.078224,47.0,-6.25,21600,-0.32250591456624034,0.35709157781803935,4331787.087405169,-474407.8424903363,0.0,-0.1160903490982028
39,729,5.078224,46.66667,-6.1666565,21600,-0.09222242130143674,0.041994406616937714,4359343.065935845,-471009.49203812674,0.0,-0.147683455146028
669,891,5.078224,47.0,-6.0,64800,-0.041805519946267605,0.0363490648083749,4333815.840058059,-455502.3996515776,0.0,0.053801245994693644
389,819,5.078224,46.833336,-6.0,43200,-0.1745690523389258,-0.03943380120489773,4347273.775744883,-456916.88569019584,0.0,0.28061670730881294
74,738,5.078224,46.66667,-6.0833282,43200,-0.2464393491420478,0.2881368368405203,4360023.469108121,-464668.9756583009,0.0,-0.3645638546266695
39,729,5.078224,46.66667,-6.1666565,43200,-0.1154778875292065,0.3175991812798617,4359343.065935845,-471009.49203812674,0.0,-0.1699058617990575
389,819,5.078224,46.833336,-6.0,86400,-0.03743514836528787,-0.3463731626367238,4347273.775744883,-456916.88569019584,0.0,0.291836972808503
319,801,5.078224,46.833336,-6.1666565,43200,-0.035911899165127596,-0.08451564437254955,4345926.351221016,-469559.8699535443,0.0,-0.3767977094800736
109,747,5.078224,46.66667,-6.0,43200,-0.07276028301111308,-0.08796474548896681,4360694.650219674,-458327.4764384654,0.0,0.25777636105365037
389,819,5.078224,46.833336,-6.0,21600,-0.02600367753200883,0.26802457780488353,4347273.775744883,-456916.88569019584,0.0,-0.25912794916210297
4,720,5.078224,46.66667,-6.25,64800,0.05040593258579992,-0.04269682445761967,4358653.3150161095,-477350.1729464703,0.0,-0.10100036307121295
599,873,5.078224,47.0,-6.1666565,21600,-0.019542938235502627,0.17883914529079817,4332472.586781167,-468106.2447951276,0.0,0.1906196886758659
214,774,5.078224,46.75,-6.0833282,43200,-0.12890481176965354,0.1250004137700495,4353319.010767862,-463954.4488188505,0.0,0.36151150855262204
459,837,5.078224,46.91667,-6.1666565,86400,0.028668743439576205,0.1398605084436069,4339203.78529813,-468833.52373287774,0.0,0.10441667458721907
249,783,5.078224,46.75,-6.0,86400,-0.13912044522297737,-0.07585843737992427,4353989.159796485,-457622.70099545474,0.0,0.2650304666229048
669,891,5.078224,47.0,-6.0,21600,-0.18373060038171105,0.29211519905771033,4333815.840058059,-455502.3996515776,0.0,-0.2099941443099344
564,864,5.078224,47.0,-6.25,43200,-0.11803006204228458,0.08328808774856529,4331787.087405169,-474407.8424903363,0.0,0.00919069622222122
634,882,5.078224,47.0,-6.0833282,64800,-0.01771832934463448,0.07737804732395404,4333148.796028124,-461804.81061430223,0.0,-0.0012050564742323749
459,837,5.078224,46.91667,-6.1666565,21600,-0.0010531378194768015,0.21374889459169366,4339203.78529813,-468833.52373287774,0.0,0.09043971869885017
494,846,5.078224,46.91667,-6.0833282,21600,-0.23252185548507392,0.005221872745314465,4339881.045145775,-462522.2992525033,0.0,-0.09082228403175924
529,855,5.078224,46.91667,-6.0,43200,-0.1147306751348924,-0.08595244617997298,4340549.125536747,-456210.0964726406,0.0,-0.04725381974962467
249,783,5.078224,46.75,-6.0,43200,-0.0348847472367572,0.2155296145117428,4353989.159796485,-457622.70099545474,0.0,0.2020077080736847
494,846,5.078224,46.91667,-6.0833282,43200,-0.21356965594094302,0.37337105382891494,4339881.045145775,-462522.2992525033,0.0,-0.4134611657906887
599,873,5.078224,47.0,-6.1666565,43200,-0.05403007425494804,0.028972554381202262,4332472.586781167,-468106.2447951276,0.0,-0.12621661735147957
354,810,5.078224,46.833336,-6.0833282,86400,-0.16312961788821698,0.016935963680326918,4346604.66032198,-463238.8677294356,0.0,0.08054275569049288
424,828,5.078224,46.91667,-6.25,86400,-0.26714302643290877,0.24392780733697816,4338517.220887722,-475144.9119816816,0.0,-0.20675257411669243
4,720,5.078224,46.66667,-6.25,43200,-0.20192868383586593,-0.0576560207176955,4358653.3150161095,-477350.1729464703,0.0,0.03936159871534532
4,720,5.078224,46.66667,-6.25,86400,-0.1329090850796192,0.2238813931120116,4358653.3150161095,-477350.1729464703,0.0,-0.15818049702975434
179,765,5.078224,46.75,-6.1666565,43200,-0.1507872404344664,-0.2095566117655009,4352639.653859386,-470285.21531356085,0.0,0.040583138101253455
529,855,5.078224,46.91667,-6.0,21600,-0.182758981713634,0.14539456198728912,4340549.125536747,-456210.0964726406,0.0,0.3482832624943647
634,882,5.078224,47.0,-6.0833282,43200,-0.20408865860914366,0.13005030233349496,4333148.796028124,-461804.81061430223,0.0,0.3937215208526753
214,774,5.078224,46.75,-6.0833282,86400,-0.09315084130097838,-0.017243822978908044,4353319.010767862,-463954.4488188505,0.0,0.011537301802751405
424,828,5.078224,46.91667,-6.25,21600,-0.24360789000580313,0.04947062252557807,4338517.220887722,-475144.9119816816,0.0,-0.44245870680299826
459,837,5.078224,46.91667,-6.1666565,43200,-0.08171300549837997,0.14526348237522071,4339203.78529813,-468833.52373287774,0.0,0.13046690050490747
144,756,5.078224,46.75,-6.25,43200,-0.03242941860722432,0.1993506151697704,4351950.96357759,-476616.1460837916,0.0,0.02710153357022177
284,792,5.078224,46.833336,-6.25,43200,0.04599702704221262,-0.3422107369736469,4345238.723142079,-475881.0361998027,0.0,0.13609843326267407
634,882,5.078224,47.0,-6.0833282,21600,-0.1532713523880669,0.23624895545858488,4333148.796028124,-461804.81061430223,0.0,0.27959927546998703
494,846,5.078224,46.91667,-6.0833282,86400,-0.07021735080766311,-0.032045285502470794,4339881.045145775,-462522.2992525033,0.0,-0.0851522322880658
319,801,5.078224,46.833336,-6.1666565,86400,-0.02174178870179827,-0.09221264848263241,4345926.351221016,-469559.8699535443,0.0,-0.11360565987120325
4,720,5.078224,46.66667,-6.25,21600,-0.2703339742260079,0.18396995111251727,4358653.3150161095,-477350.1729464703,0.0,-0.09039375495857473
284,792,5.078224,46.833336,-6.25,86400,-0.1375417822276824,0.11325068619565062,4345238.723142079,-475881.0361998027,0.0,-0.03083176036938758
669,891,5.078224,47.0,-6.0,43200,0.03550829803398768,0.050590883423408395,4333815.840058059,-455502.3996515776,0.0,0.03281603736798289
39,729,5.078224,46.66667,-6.1666565,64800,0.08513301331501187,0.06324969258835444,4359343.065935845,-471009.49203812674,0.0,0.16375941722874968
74,738,5.078224,46.66667,-6.0833282,21600,-0.01288900817194541,-0.04861973195869472,4360023.469108121,-464668.9756583009,0.0,-0.37795493719073675
144,756,5.078224,46.75,-6.25,64800,-0.11399120687617535,-0.05342989265253477,4351950.96357759,-476616.1460837916,0.0,-0.001360834845236823
634,882,5.078224,47.0,-6.0833282,86400,-0.15159746487227999,-0.11211730466155032,4333148.796028124,-461804.81061430223,0.0,-0.12904695022164736
214,774,5.078224,46.75,-6.0833282,64800,0.09261489157291819,-0.07897320209191436,4353319.010767862,-463954.4488188505,0.0,-0.0007493304347286993
284,792,5.078224,46.833336,-6.25,64800,0.04244243388164998,0.4389738194198179,4345238.723142079,-475881.0361998027,0.0,0.06938246259792093
389,819,5.078224,46.833336,-6.0,64800,-0.16851946183328168,-0.052483394831859195,4347273.775744883,-456916.88569019584,0.0,0.12937586005072935
599,873,5.078224,47.0,-6.1666565,64800,-0.17400310617826062,0.1820000742551861,4332472.586781167,-468106.2447951276,0.0,0.054824675815598134
144,756,5.078224,46.75,-6.25,86400,-0.052610004289040224,0.3061262671965752,4351950.96357759,-476616.1460837916,0.0,-0.21238685671182297
109,747,5.078224,46.66667,-6.0,64800,-0.10833529452726098,0.21027536113650855,4360694.650219674,-458327.4764384654,0.0,0.3109223988625227
564,864,5.078224,47.0,-6.25,64800,-0.11897695319058557,0.19827019479087793,4331787.087405169,-474407.8424903363,0.0,0.27538167688340315
179,765,5.078224,46.75,-6.1666565,21600,-0.10830596756160785,0.21781633016341254,4352639.653859386,-470285.21531356085,0.0,0.00016449150505568692
319,801,5.078224,46.833336,-6.1666565,21600,-0.020545741596388112,0.022805463215656796,4345926.351221016,-469559.8699535443,0.0,0.08053847059523715
74,738,5.078224,46.66667,-6.0833282,64800,-0.02000052324624972,-0.28675823806312184,4360023.469108121,-464668.9756583009,0.0,-0.12424444177452922
354,810,5.078224,46.833336,-6.0833282,21600,-0.05878738617794642,0.26766375599908077,4346604.66032198,-463238.8677294356,0.0,0.3270149133611615
284,792,5.078224,46.833336,-6.25,21600,-0.10256557916471158,0.2067633641410336,4345238.723142079,-475881.0361998027,0.0,-0.22203057026363796
494,846,5.078224,46.91667,-6.0833282,64800,-0.12048072327502293,0.03743869102981562,4339881.045145775,-462522.2992525033,0.0,-0.06274162186823234
74,738,5.078224,46.66667,-6.0833282,86400,-0.24984335515247563,0.3199122480613563,4360023.469108121,-464668.9756583009,0.0,-0.08217481671754594
109,747,5.078224,46.66667,-6.0,86400,-0.2545887579257098,0.16019156108087462,4360694.650219674,-458327.4764384654,0.0,-0.10354388051339829
109,747,5.078224,46.66667,-6.0,21600,-0.18714014183499159,0.22256537183757036,4360694.650219674,-458327.4764384654,0.0,-0.2714578364789441
354,810,5.078224,46.833336,-6.0833282,64800,-0.10198356662512917,0.07522680253880948,4346604.66032198,-463238.8677294356,0.0,0.05667327325405812
424,828,5.078224,46.91667,-6.25,64800,0.041980044538596537,-0.07589153503496496,4338517.220887722,-475144.9119816816,0.0,-0.29894024745574366
179,765,5.078224,46.75,-6.1666565,64800,0.06794937759623673,0.1470621615770773,4352639.653859386,-470285.21531356085,0.0,-0.2291782580683354
249,783,5.078224,46.75,-6.0,64800,-0.12019670893708503,-0.1744659915442649,4353989.159796485,-457622.70099545474,0.0,-0.2891831639380118
599,873,5.078224,47.0,-6.1666565,86400,0.016198587195789038,0.33364764193577745,4332472.586781167,-468106.2447951276,0.0,0.23241781836831799
564,864,5.078224,47.0,-6.25,86400,-0.05130210988794099,-0.012992564490747385,4331787.087405169,-474407.8424903363,0.0,0.21212797746146714
319,801,5.078224,46.833336,-6.1666565,64800,-0.21259998257448304,0.180914205947662,4345926.351221016,-469559.8699535443,0.0,-0.31037968966212337
249,783,5.078224,46.75,-6.0,21600,-0.03894761624532057,0.17641716015785303,4353989.159796485,-457622.70099545474,0.0,0.24157908588818422
179,765,5.078224,46.75,-6.1666565,86400,0.0009633928406143494,-0.13330566850612746,4352639.653859386,-470285.21531356085,0.0,-0.16509707885929728
529,855,5.078224,46.91667,-6.0,64800,-0.07083795227418406,0.14203010236007324,4340549.125536747,-456210.0964726406,0.0,-0.20242861432668383
214,774,5.078224,46.75,-6.0833282,21600,-0.19262211041729846,0.0008297480838112548,4353319.010767862,-463954.4488188505,0.0,-0.08403106105816696
529,855,5.078224,46.91667,-6.0,86400,-0.15996331737034947,0.2108758115108904,4340549.125536747,-456210.0964726406,0.0,0.029923507090422023
459,837,5.078224,46.91667,-6.1666565,64800,-0.1566994546793622,0.026334216613768696,4339203.78529813,-468833.52373287774,0.0,-0.026635694573519882
39,729,5.078224,46.66667,-6.1666565,86400,-0.1681066136918275,0.06358657154852843,4359343.065935845,-471009.49203812674,0.0,-0.2041776475941459
144,756,5.078224,46.75,-6.25,21600,-0.11435815574963501,-0.14080414892095847,4351950.96357759,-476616.1460837916,0.0,0.36734706974895615
670,1071,6.440614,47.0,-6.0,21600,-0.19057008671286849,0.2634791818202985,4333815.840058059,-455502.3996515776,0.0,-0.1984544511231907
425,1008,6.440614,46.91667,-6.25,64800,0.005159558363437108,-0.02435608265858555,4338517.220887722,-475144.9119816816,0.0,-0.2693130064807691
215,954,6.440614,46.75,-6.0833282,64800,0.06974835229514481,-0.052675598587835853,4353319.010767862,-463954.4488188505,0.0,-0.015327858887790617
5,900,6.440614,46.66667,-6.25,64800,0.0228421187003838,0.0004304257273428369,4358653.3150161095,-477350.1729464703,0.0,-0.1183326604427815
495,1026,6.440614,46.91667,-6.0833282,21600,-0.21726519208763728,0.002092247621401061,4339881.045145775,-462522.2992525033,0.0,-0.07529774226443801
635,1062,6.440614,47.0,-6.0833282,86400,-0.1244806244648734,-0.10873932157930118,4333148.796028124,-461804.81061430223,0.0,-0.10939741083856698
145,936,6.440614,46.75,-6.25,21600,-0.09400902129058196,-0.1260993228564975,4351950.96357759,-476616.1460837916,0.0,0.33306331559278407
600,1053,6.440614,47.0,-6.1666565,64800,-0.16537124340681036,0.16937927653727441,4332472.586781167,-468106.2447951276,0.0,0.04653804915435441
285,972,6.440614,46.833336,-6.25,21600,-0.11883799438188959,0.21652629973694354,4345238.723142079,-475881.0361998027,0.0,-0.22398072111361458
635,1062,6.440614,47.0,-6.0833282,64800,-0.030400596596901072,0.1059033919433382,4333148.796028124,-461804.81061430223,0.0,-0.0059737293041254354
565,1044,6.440614,47.0,-6.25,43200,-0.11827358608334629,0.061615296022002504,4331787.087405169,-474407.8424903363,0.0,-0.0283904132057518
460,1017,6.440614,46.91667,-6.1666565,64800,-0.12418663702430964,0.01949089747052707,4339203.78529813,-468833.52373287774,0.0,-0.015740621592686757
180,945,6.440614,46.75,-6.1666565,64800,0.043219966311884156,0.14315223188500512,4352639.653859386,-470285.21531356085,0.0,-0.21673534325160224
355,990,6.440614,46.833336,-6.0833282,86400,-0.15772818252136694,0.03033087174154571,4346604.66032198,-463238.8677294356,0.0,0.07788754625583127
460,1017,6.440614,46.91667,-6.1666565,21600,0.008772476959019296,0.20443542864379505,4339203.78529813,-468833.52373287774,0.0,0.10667897935375827
145,936,6.440614,46.75,-6.25,86400,-0.07246883186430961,0.3202765837892931,4351950.96357759,-476616.1460837916,0.0,-0.1534162083327247
530,1035,6.440614,46.91667,-6.0,43200,-0.10907798873165293,-0.056789945076567816,4340549.125536747,-456210.0964726406,0.0,0.010706313213676315
250,963,6.440614,46.75,-6.0,86400,-0.12849237593931992,-0.07802105560679101,4353989.159796485,-457622.70099545474,0.0,0.17684126388890167
460,1017,6.440614,46.91667,-6.1666565,43200,-0.07676211320507975,0.1363621828580437,4339203.78529813,-468833.52373287774,0.0,0.09016111678532214
495,1026,6.440614,46.91667,-6.0833282,43200,-0.18902290733386243,0.3336686285024681,4339881.045145775,-462522.2992525033,0.0,-0.3162363484144418
355,990,6.440614,46.833336,-6.0833282,43200,-0.07912472000664773,0.08455178917131013,4346604.66032198,-463238.8677294356,0.0,0.08156135232929261
355,990,6.440614,46.833336,-6.0833282,64800,-0.12474257840094019,0.09025555360419055,4346604.66032198,-463238.8677294356,0.0,0.06130163365249335
600,1053,6.440614,47.0,-6.1666565,21600,-0.028973969000855908,0.18941926436035317,4332472.586781167,-468106.2447951276,0.0,0.16857494992616576
565,1044,6.440614,47.0,-6.25,86400,-0.05345472645017083,-0.005464563401358091,4331787.087405169,-474407.8424903363,0.0,0.18298519530936747
390,999,6.440614,46.833336,-6.0,43200,-0.15655843331629318,-0.03699486901712026,4347273.775744883,-456916.88569019584,0.0,0.2460366367360397
670,1071,6.440614,47.0,-6.0,64800,-0.050064918161719735,0.061670464181125484,4333815.840058059,-455502.3996515776,0.0,0.02062050316987885
320,981,6.440614,46.833336,-6.1666565,64800,-0.20768084433581913,0.14402491517675411,4345926.351221016,-469559.8699535443,0.0,-0.3116884598866293
215,954,6.440614,46.75,-6.0833282,21600,-0.183695108131105,0.022175327998209274,4353319.010767862,-463954.4488188505,0.0,-0.095981339740184
565,1044,6.440614,47.0,-6.25,21600,-0.3091564085842444,0.3113166416905549,4331787.087405169,-474407.8424903363,0.0,-0.06213338173720597
320,981,6.440614,46.833336,-6.1666565,43200,-0.04297855369098577,-0.04617719008599107,4345926.351221016,-469559.8699535443,0.0,-0.3714484792021115
110,927,6.440614,46.66667,-6.0,86400,-0.2369413493908632,0.17733007087788216,4360694.650219674,-458327.4764384654,0.0,-0.17458467187161383
425,1008,6.440614,46.91667,-6.25,43200,-0.03091273895183698,0.23952449997687109,4338517.220887722,-475144.9119816816,0.0,0.16692851097929742
5,900,6.440614,46.66667,-6.25,86400,-0.12265766333107683,0.20345626596722657,4358653.3150161095,-477350.1729464703,0.0,-0.14319094332120083
75,918,6.440614,46.66667,-6.0833282,86400,-0.237465513326805,0.30066647902101984,4360023.469108121,-464668.9756583009,0.0,-0.09634860880776498
180,945,6.440614,46.75,-6.1666565,21600,-0.10240973628660421,0.25121717807546634,4352639.653859386,-470285.21531356085,0.0,0.019582462550352935
460,1017,6.440614,46.91667,-6.1666565,86400,0.03509897398775742,0.10846597194414362,4339203.78529813,-468833.52373287774,0.0,0.0934199531477797
320,981,6.440614,46.833336,-6.1666565,86400,-0.03850769064783634,-0.07533660831325159,4345926.351221016,-469559.8699535443,0.0,-0.07708915861947568
285,972,6.440614,46.833336,-6.25,86400,-0.11687328235181012,0.08714897527825866,4345238.723142079,-475881.0361998027,0.0,-0.047013519054306174
285,972,6.440614,46.833336,-6.25,64800,0.0235670873491107,0.40256141098250486,4345238.723142079,-475881.0361998027,0.0,0.026657813823259515
390,999,6.440614,46.833336,-6.0,64800,-0.14915987473159006,-0.045484853790471416,4347273.775744883,-456916.88569019584,0.0,0.12619359370876912
635,1062,6.440614,47.0,-6.0833282,21600,-0.13721132197655447,0.24652611001912725,4333148.796028124,-461804.81061430223,0.0,0.22765576778421778
250,963,6.440614,46.75,-6.0,21600,-0.043043649143363956,0.14826553371215098,4353989.159796485,-457622.70099545474,0.0,0.24671659096917836
530,1035,6.440614,46.91667,-6.0,21600,-0.16263909239175633,0.14302976377633658,4340549.125536747,-456210.0964726406,0.0,0.31491158641275896
285,972,6.440614,46.833336,-6.25,43200,0.01769482070604836,-0.2851710591552443,4345238.723142079,-475881.0361998027,0.0,0.12046261165658431
670,1071,6.440614,47.0,-6.0,86400,-0.016191174467403965,-0.28796628916249767,4333815.840058059,-455502.3996515776,0.0,-0.010619822499450544
250,963,6.440614,46.75,-6.0,43200,-0.04930976811905422,0.18248864129986014,4353989.159796485,-457622.70099545474,0.0,0.16779990999098546
425,1008,6.440614,46.91667,-6.25,86400,-0.2299589286318517,0.22667001360500416,4338517.220887722,-475144.9119816816,0.0,-0.17705375785975083
250,963,6.440614,46.75,-6.0,64800,-0.12557245959420038,-0.1562199197334611,4353989.159796485,-457622.70099545474,0.0,-0.3062281346142432
565,1044,6.440614,47.0,-6.25,64800,-0.1092359696309306,0.20582948735554316,4331787.087405169,-474407.8424903363,0.0,0.26679753247647475
600,1053,6.440614,47.0,-6.1666565,43200,-0.04538833235917727,0.021536600794496985,4332472.586781167,-468106.2447951276,0.0,-0.09622199000611614
215,954,6.440614,46.75,-6.0833282,43200,-0.11737965843925044,0.15932480198644233,4353319.010767862,-463954.4488188505,0.0,0.3282342487436432
180,945,6.440614,46.75,-6.1666565,43200,-0.1613114466970983,-0.1361807187484327,4352639.653859386,-470285.21531356085,0.0,0.026311463467003204
40,909,6.440614,46.66667,-6.1666565,86400,-0.17211541490221297,0.10247714275643127,4359343.065935845,-471009.49203812674,0.0,-0.19406676159545788
110,927,6.440614,46.66667,-6.0,21600,-0.16157134807669318,0.20485517748611448,4360694.650219674,-458327.4764384654,0.0,-0.22697358676820925
5,900,6.440614,46.66667,-6.25,21600,-0.2649766422566565,0.17827810800208405,4358653.3150161095,-477350.1729464703,0.0,-0.090898392024633
320,981,6.440614,46.833336,-6.1666565,21600,-0.052271933902389656,0.06435002984746976,4345926.351221016,-469559.8699535443,0.0,0.0787926069260016
110,927,6.440614,46.66667,-6.0,43200,-0.071258165407455,-0.07672335177109417,4360694.650219674,-458327.4764384654,0.0,0.2121725669037565
635,1062,6.440614,47.0,-6.0833282,43200,-0.18044627226259286,0.13827961151293738,4333148.796028124,-461804.81061430223,0.0,0.31067595203891685
530,1035,6.440614,46.91667,-6.0,64800,-0.06813813778658084,0.16135539868218216,4340549.125536747,-456210.0964726406,0.0,-0.14184460331680504
215,954,6.440614,46.75,-6.0833282,86400,-0.08139276303469226,0.018808675715960482,4353319.010767862,-463954.4488188505,0.0,0.03772839470520992
530,1035,6.440614,46.91667,-6.0,86400,-0.14494343946542187,0.18120389127433484,4340549.125536747,-456210.0964726406,0.0,0.002712418638999512
355,990,6.440614,46.833336,-6.0833282,21600,-0.05927647903595698,0.26313676835470146,4346604.66032198,-463238.8677294356,0.0,0.2844500286507014
75,918,6.440614,46.66667,-6.0833282,43200,-0.23450684797908328,0.23781759707359174,4360023.469108121,-464668.9756583009,0.0,-0.3123685720541911
40,909,6.440614,46.66667,-6.1666565,43200,-0.10004921931387015,0.3154881208882958,4359343.065935845,-471009.49203812674,0.0,-0.131505114224763
145,936,6.440614,46.75,-6.25,64800,-0.10538166289554657,0.02124031938456726,4351950.96357759,-476616.1460837916,0.0,0.030730024858182922
40,909,6.440614,46.66667,-6.1666565,21600,-0.09471587066980357,0.05008237338456222,4359343.065935845,-471009.49203812674,0.0,-0.16557293706123527
495,1026,6.440614,46.91667,-6.0833282,86400,-0.06247860900629036,-0.023634205363323307,4339881.045145775,-462522.2992525033,0.0,-0.08369608229555361
145,936,6.440614,46.75,-6.25,43200,-0.04409265528303116,0.2089851798223,4351950.96357759,-476616.1460837916,0.0,0.045960535682360096
40,909,6.440614,46.66667,-6.1666565,64800,0.10104431259047948,0.02376677395178904,4359343.065935845,-471009.49203812674,0.0,0.18630737530908575
390,999,6.440614,46.833336,-6.0,21600,-0.049615551712244695,0.23879297236084746,4347273.775744883,-456916.88569019584,0.0,-0.22748414680518506
600,1053,6.440614,47.0,-6.1666565,86400,-0.019281670485290267,0.31769150859846534,4332472.586781167,-468106.2447951276,0.0,0.17542341141623058
670,1071,6.440614,47.0,-6.0,43200,0.018446345118228874,0.051150268841432374,4333815.840058059,-455502.3996515776,0.0,0.04325351058105345
5,900,6.440614,46.66667,-6.25,43200,-0.1816278628388613,-0.06909332048618459,4358653.3150161095,-477350.1729464703,0.0,0.06652422777515415
110,927,6.440614,46.66667,-6.0,64800,-0.09607080081490672,0.19354887591932587,4360694.650219674,-458327.4764384654,0.0,0.28537836879515727
75,918,6.440614,46.66667,-6.0833282,21600,-0.0355443386753251,-0.014379649072140982,4360023.469108121,-464668.9756583009,0.0,-0.3031627255798828
75,918,6.440614,46.66667,-6.0833282,64800,-0.0291809053560294,-0.24938789580318127,4360023.469108121,-464668.9756583009,0.0,-0.1667526911813788
495,1026,6.440614,46.91667,-6.0833282,64800,-0.11348272903566956,0.008739151246966115,4339881.045145775,-462522.2992525033,0.0,-0.06092458399494621
390,999,6.440614,46.833336,-6.0,86400,-0.05840902499193401,-0.3246874494050561,4347273.775744883,-456916.88569019584,0.0,0.2958183695556827
180,945,6.440614,46.75,-6.1666565,86400,-0.008808411066279873,-0.11609173575986727,4352639.653859386,-470285.21531356085,0.0,-0.19442256981684494
425,1008,6.440614,46.91667,-6.25,21600,-0.2251098521681047,0.045249514135675836,4338517.220887722,-475144.9119816816,0.0,-0.4183177802601398
286,1152,7.92956,46.833336,-6.25,64800,0.008972514460703393,0.37202108887115304,4345238.723142079,-475881.0361998027,0.0,0.0026727570260140386
531,1215,7.92956,46.91667,-6.0,64800,-0.06775962413456249,0.16925674293955031,4340549.125536747,-456210.0964726406,0.0,-0.10294665308674014
601,1233,7.92956,47.0,-6.1666565,43200,-0.043284436201552604,0.020565915841544144,4332472.586781167,-468106.2447951276,0.0,-0.07539802266203156
111,1107,7.92956,46.66667,-6.0,43200,-0.07068579570830674,-0.06443802541452434,4360694.650219674,-458327.4764384654,0.0,0.18060674892160467
391,1179,7.92956,46.833336,-6.0,64800,-0.1369307234698729,-0.0366081866647566,4347273.775744883,-456916.88569019584,0.0,0.12017176381360462
636,1242,7.92956,47.0,-6.0833282,21600,-0.12725751849695519,0.24672185152093404,4333148.796028124,-461804.81061430223,0.0,0.18990646866593253
41,1089,7.92956,46.66667,-6.1666565,43200,-0.0924822717958763,0.305781889305252,4359343.065935845,-471009.49203812674,0.0,-0.11012952834324226
531,1215,7.92956,46.91667,-6.0,21600,-0.15163822735068164,0.14116087741701458,4340549.125536747,-456210.0964726406,0.0,0.2874706669301853
671,1251,7.92956,47.0,-6.0,43200,0.004875470290703857,0.05464326120956988,4333815.840058059,-455502.3996515776,0.0,0.04754146491086554
251,1143,7.92956,46.75,-6.0,21600,-0.04673505601269579,0.13255366437415145,4353989.159796485,-457622.70099545474,0.0,0.24207214812033415
286,1152,7.92956,46.833336,-6.25,43200,-0.0004264553596975279,-0.2443630638930907,4345238.723142079,-475881.0361998027,0.0,0.10543914216434347
111,1107,7.92956,46.66667,-6.0,64800,-0.08902058514643856,0.17943414493349857,4360694.650219674,-458327.4764384654,0.0,0.2619435691867389
6,1080,7.92956,46.66667,-6.25,86400,-0.11579379675646397,0.18750444481217754,4358653.3150161095,-477350.1729464703,0.0,-0.13045012011460105
76,1098,7.92956,46.66667,-6.0833282,64800,-0.03734842383139189,-0.21671186150706437,4360023.469108121,-464668.9756583009,0.0,-0.18425220628896422
356,1170,7.92956,46.833336,-6.0833282,21600,-0.06011629848692539,0.2552974926412287,4346604.66032198,-463238.8677294356,0.0,0.2514186228035087
426,1188,7.92956,46.91667,-6.25,43200,-0.03584524509783731,0.21763519778123414,4338517.220887722,-475144.9119816816,0.0,0.14142347745738842
391,1179,7.92956,46.833336,-6.0,86400,-0.07003009870106794,-0.2978675450976693,4347273.775744883,-456916.88569019584,0.0,0.28710907720518625
356,1170,7.92956,46.833336,-6.0833282,43200,-0.07065053062550547,0.08893563297258518,4346604.66032198,-463238.8677294356,0.0,0.10099628103055121
601,1233,7.92956,47.0,-6.1666565,21600,-0.03566499509239607,0.18934720949140219,4332472.586781167,-468106.2447951276,0.0,0.15217935875464222
566,1224,7.92956,47.0,-6.25,86400,-0.055248966712761895,-0.0002681559165630121,4331787.087405169,-474407.8424903363,0.0,0.16324120799257294
76,1098,7.92956,46.66667,-6.0833282,21600,-0.0507666255902236,0.006810530930722425,4360023.469108121,-464668.9756583009,0.0,-0.2530732690346875
41,1089,7.92956,46.66667,-6.1666565,64800,0.1028043344083026,0.005669970883521766,4359343.065935845,-471009.49203812674,0.0,0.1908292767427367
356,1170,7.92956,46.833336,-6.0833282,64800,-0.13534666516703883,0.09749259867367595,4346604.66032198,-463238.8677294356,0.0,0.062199759805098065
321,1161,7.92956,46.833336,-6.1666565,64800,-0.20139924706751766,0.12380129742752244,4345926.351221016,-469559.8699535443,0.0,-0.30082040532764914
391,1179,7.92956,46.833336,-6.0,43200,-0.1451590033675827,-0.02972954515089196,4347273.775744883,-456916.88569019584,0.0,0.21698025449711433
671,1251,7.92956,47.0,-6.0,64800,-0.05502800134274598,0.07822423558041647,4333815.840058059,-455502.3996515776,0.0,0.0005361616139995806
566,1224,7.92956,47.0,-6.25,64800,-0.10332097785285155,0.20721112479639056,4331787.087405169,-474407.8424903363,0.0,0.25455539140682565
286,1152,7.92956,46.833336,-6.25,86400,-0.10587178286520164,0.0758902761978267,4345238.723142079,-475881.0361998027,0.0,-0.054252689660951196
76,1098,7.92956,46.66667,-6.0833282,43200,-0.2233135716623631,0.2061663464837068,4360023.469108121,-464668.9756583009,0.0,-0.27386163343334763
216,1134,7.92956,46.75,-6.0833282,21600,-0.17635979769412705,0.03725423810169667,4353319.010767862,-463954.4488188505,0.0,-0.09844729912430963
181,1125,7.92956,46.75,-6.1666565,86400,-0.01741822061215101,-0.09889339298606001,4352639.653859386,-470285.21531356085,0.0,-0.203832473981364
321,1161,7.92956,46.833336,-6.1666565,43200,-0.047267149580574375,-0.02032848768123975,4345926.351221016,-469559.8699535443,0.0,-0.35533826373775834
566,1224,7.92956,47.0,-6.25,21600,-0.29435771909227026,0.2769445596392471,4331787.087405169,-474407.8424903363,0.0,-0.030620554734783267
6,1080,7.92956,46.66667,-6.25,64800,0.003178111906531292,0.02488764949553146,4358653.3150161095,-477350.1729464703,0.0,-0.1223121971132446
181,1125,7.92956,46.75,-6.1666565,21600,-0.09938867591318477,0.2625568557726641,4352639.653859386,-470285.21531356085,0.0,0.029060777675984903
41,1089,7.92956,46.66667,-6.1666565,86400,-0.17174637693379094,0.12362251167458879,4359343.065935845,-471009.49203812674,0.0,-0.1813019404850654
41,1089,7.92956,46.66667,-6.1666565,21600,-0.09508053363819219,0.0543837397585031,4359343.065935845,-471009.49203812674,0.0,-0.16956682173939316
111,1107,7.92956,46.66667,-6.0,86400,-0.2236461495288439,0.18489783474239507,4360694.650219674,-458327.4764384654,0.0,-0.20846140827331897
391,1179,7.92956,46.833336,-6.0,21600,-0.06309564080076444,0.21657365697257372,4347273.775744883,-456916.88569019584,0.0,-0.20281416930823876
321,1161,7.92956,46.833336,-6.1666565,86400,-0.04948873238684698,-0.06079469577886351,4345926.351221016,-469559.8699535443,0.0,-0.05356016971407769
251,1143,7.92956,46.75,-6.0,43200,-0.05833680313706749,0.1609721766226903,4353989.159796485,-457622.70099545474,0.0,0.14546726406013125
461,1197,7.92956,46.91667,-6.1666565,86400,0.0355993665604044,0.09061143491188517,4339203.78529813,-468833.52373287774,0.0,0.08481659986345999
251,1143,7.92956,46.75,-6.0,86400,-0.12163523248056735,-0.07303371677318025,4353989.159796485,-457622.70099545474,0.0,0.12618194625243218
531,1215,7.92956,46.91667,-6.0,43200,-0.10495762878407149,-0.037299053504737084,4340549.125536747,-456210.0964726406,0.0,0.04501072868757273
146,1116,7.92956,46.75,-6.25,21600,-0.08429132867374911,-0.11077623298131335,4351950.96357759,-476616.1460837916,0.0,0.303197779034511
671,1251,7.92956,47.0,-6.0,86400,-0.02495261979350559,-0.23653097522876332,4333815.840058059,-455502.3996515776,0.0,0.011431752167996325
461,1197,7.92956,46.91667,-6.1666565,43200,-0.0745277065128653,0.1322065852809841,4339203.78529813,-468833.52373287774,0.0,0.06454081419792905
146,1116,7.92956,46.75,-6.25,43200,-0.05248604808836303,0.21030942847235856,4351950.96357759,-476616.1460837916,0.0,0.05094785980062742
216,1134,7.92956,46.75,-6.0833282,43200,-0.1110923598370046,0.1771786882750636,4353319.010767862,-463954.4488188505,0.0,0.30002487731213373
636,1242,7.92956,47.0,-6.0833282,64800,-0.040570087112175496,0.11819725349926719,4333148.796028124,-461804.81061430223,0.0,-0.0066232035581826176
636,1242,7.92956,47.0,-6.0833282,43200,-0.16522863116001002,0.14179668603489867,4333148.796028124,-461804.81061430223,0.0,0.2562637437361697
286,1152,7.92956,46.833336,-6.25,21600,-0.1261994417425684,0.2174409177022268,4345238.723142079,-475881.0361998027,0.0,-0.21837745140272355
566,1224,7.92956,47.0,-6.25,43200,-0.1178208508685481,0.053546033072416586,4331787.087405169,-474407.8424903363,0.0,-0.04889925105514752
531,1215,7.92956,46.91667,-6.0,86400,-0.1358480623302547,0.16195090018538286,4340549.125536747,-456210.0964726406,0.0,-0.01102695606253267
461,1197,7.92956,46.91667,-6.1666565,64800,-0.10514059119659684,0.01804701749601234,4339203.78529813,-468833.52373287774,0.0,-0.006818817813126067
181,1125,7.92956,46.75,-6.1666565,64800,0.025799004822286656,0.1381249285926719,4352639.653859386,-470285.21531356085,0.0,-0.20605650623691005
181,1125,7.92956,46.75,-6.1666565,43200,-0.16353251610716246,-0.09164443541414974,4352639.653859386,-470285.21531356085,0.0,0.020091889150653627
461,1197,7.92956,46.91667,-6.1666565,21600,0.010470145122998042,0.19739317409711557,4339203.78529813,-468833.52373287774,0.0,0.11064535938875669
6,1080,7.92956,46.66667,-6.25,43200,-0.1671945416104741,-0.06879063263082685,4358653.3150161095,-477350.1729464703,0.0,0.07818105590484328
601,1233,7.92956,47.0,-6.1666565,64800,-0.15838613975088373,0.16128896121656028,4332472.586781167,-468106.2447951276,0.0,0.03824050894901753
146,1116,7.92956,46.75,-6.25,86400,-0.085091695216641,0.3203615423860873,4351950.96357759,-476616.1460837916,0.0,-0.11999803168158596
356,1170,7.92956,46.833336,-6.0833282,86400,-0.15172575037952363,0.037892446274700065,4346604.66032198,-463238.8677294356,0.0,0.07481057684985784
6,1080,7.92956,46.66667,-6.25,21600,-0.2543463509812928,0.1693129193711851,4358653.3150161095,-477350.1729464703,0.0,-0.08877746416067574
496,1206,7.92956,46.91667,-6.0833282,64800,-0.1103111567293987,-0.0018997919764420362,4339881.045145775,-462522.2992525033,0.0,-0.05766460094118753
216,1134,7.92956,46.75,-6.0833282,86400,-0.07438567219061758,0.042725784235286876,4353319.010767862,-463954.4488188505,0.0,0.04812789663919612
146,1116,7.92956,46.75,-6.25,64800,-0.10145531935293907,0.06420466490551552,4351950.96357759,-476616.1460837916,0.0,0.046312924638186814
636,1242,7.92956,47.0,-6.0833282,86400,-0.10845905217299745,-0.10140984937827041,4333148.796028124,-461804.81061430223,0.0,-0.0960813716316742
251,1143,7.92956,46.75,-6.0,64800,-0.12858400264425254,-0.13650105552829211,4353989.159796485,-457622.70099545474,0.0,-0.3022847965833015
496,1206,7.92956,46.91667,-6.0833282,86400,-0.059302736091496756,-0.015292458159622005,4339881.045145775,-462522.2992525033,0.0,-0.07953683255394436
426,1188,7.92956,46.91667,-6.25,64800,-0.01847431044650162,0.006412029346552495,4338517.220887722,-475144.9119816816,0.0,-0.2448787221560014
216,1134,7.92956,46.75,-6.0833282,64800,0.051870124139473894,-0.03359916947889437,4353319.010767862,-463954.4488188505,0.0,-0.020575927093658967
321,1161,7.92956,46.833336,-6.1666565,21600,-0.06946344144753677,0.0861841785756497,4345926.351221016,-469559.8699535443,0.0,0.07545645408248927
426,1188,7.92956,46.91667,-6.25,21600,-0.2108928325878638,0.04505131219253171,4338517.220887722,-475144.9119816816,0.0,-0.39116753367159524
601,1233,7.92956,47.0,-6.1666565,86400,-0.04029142998410345,0.30137232123835234,4332472.586781167,-468106.2447951276,0.0,0.1382134769264458
671,1251,7.92956,47.0,-6.0,21600,-0.1898544920983599,0.2421786546523308,4333815.840058059,-455502.3996515776,0.0,-0.1834088243495904
426,1188,7.92956,46.91667,-6.25,86400,-0.20510438779660833,0.2113429913385193,4338517.220887722,-475144.9119816816,0.0,-0.1538897486483223
496,1206,7.92956,46.91667,-6.0833282,43200,-0.17250922301902094,0.304271058349328,4339881.045145775,-462522.2992525033,0.0,-0.255912353810397
496,1206,7.92956,46.91667,-6.0833282,21600,-0.20439970803379515,0.004594892122354366,4339881.045145775,-462522.2992525033,0.0,-0.06133724813536128
111,1107,7.92956,46.66667,-6.0,21600,-0.1449342291624541,0.1916034748252728,4360694.650219674,-458327.4764384654,0.0,-0.19788991167094788
76,1098,7.92956,46.66667,-6.0833282,86400,-0.22661265561965546,0.28355108118586103,4360023.469108121,-464668.9756583009,0.0,-0.09899701504370893
182,1305,9.572997,46.75,-6.1666565,43200,-0.16103267822284623,-0.06427239915985535,4352639.653859386,-470285.21531356085,0.0,0.017953718492436627
7,1260,9.572997,46.66667,-6.25,21600,-0.24078181458531578,0.15848767047974793,4358653.3150161095,-477350.1729464703,0.0,-0.08508243941471333
462,1377,9.572997,46.91667,-6.1666565,64800,-0.09420377182449834,0.01972125209082537,4339203.78529813,-468833.52373287774,0.0,0.00017178423003793138
357,1350,9.572997,46.833336,-6.0833282,64800,-0.13859942532407055,0.10048456518210822,4346604.66032198,-463238.8677294356,0.0,0.06090104147488192
322,1341,9.572997,46.833336,-6.1666565,86400,-0.056894209075066496,-0.0475816046628148,4345926.351221016,-469559.8699535443,0.0,-0.037987807185030135
112,1287,9.572997,46.66667,-6.0,43200,-0.07069290761899782,-0.05180884481094865,4360694.650219674,-458327.4764384654,0.0,0.15739917059594077
672,1431,9.572997,47.0,-6.0,64800,-0.058412557914568064,0.08894171680653436,4333815.840058059,-455502.3996515776,0.0,-0.011239282828630561
602,1413,9.572997,47.0,-6.1666565,21600,-0.04089859339874883,0.18364856762510956,4332472.586781167,-468106.2447951276,0.0,0.13843882179732694
77,1278,9.572997,46.66667,-6.0833282,86400,-0.2167383374344461,0.2670725759072573,4360023.469108121,-464668.9756583009,0.0,-0.09485588779865384
392,1359,9.572997,46.833336,-6.0,86400,-0.07619039399084743,-0.2679307484360018,4347273.775744883,-456916.88569019584,0.0,0.27086590059218346
497,1386,9.572997,46.91667,-6.0833282,64800,-0.10901242167410993,-0.0016738805868601603,4339881.045145775,-462522.2992525033,0.0,-0.053273546668530423
427,1368,9.572997,46.91667,-6.25,86400,-0.18764749972468525,0.19750260025988092,4338517.220887722,-475144.9119816816,0.0,-0.13554517218737733
7,1260,9.572997,46.66667,-6.25,43200,-0.1563368439188761,-0.061336552433255934,4358653.3150161095,-477350.1729464703,0.0,0.0804718433929968
672,1431,9.572997,47.0,-6.0,86400,-0.03183415263269957,-0.1939896493274681,4333815.840058059,-455502.3996515776,0.0,0.02583279662147989
637,1422,9.572997,47.0,-6.0833282,21600,-0.12089809276610078,0.24100315392420488,4333148.796028124,-461804.81061430223,0.0,0.1615549554583163
287,1332,9.572997,46.833336,-6.25,43200,-0.012531352149046548,-0.21216663420564086,4345238.723142079,-475881.0361998027,0.0,0.09121315517671134
147,1296,9.572997,46.75,-6.25,21600,-0.08075037046877472,-0.09429462771645723,4351950.96357759,-476616.1460837916,0.0,0.27585872461571603
532,1395,9.572997,46.91667,-6.0,64800,-0.06838158530697103,0.169847021821265,4340549.125536747,-456210.0964726406,0.0,-0.07702406570060001
567,1404,9.572997,47.0,-6.25,86400,-0.0570874384829201,0.0047412851312020055,4331787.087405169,-474407.8424903363,0.0,0.14963640024802902
42,1269,9.572997,46.66667,-6.1666565,86400,-0.16887068172060898,0.13437714272640752,4359343.065935845,-471009.49203812674,0.0,-0.16700865629972658
672,1431,9.572997,47.0,-6.0,21600,-0.1846074629124982,0.22500273681449018,4333815.840058059,-455502.3996515776,0.0,-0.16582710635976722
217,1314,9.572997,46.75,-6.0833282,43200,-0.10783314511012146,0.18465752938094837,4353319.010767862,-463954.4488188505,0.0,0.2750268600151371
427,1368,9.572997,46.91667,-6.25,64800,-0.034236181678625126,0.025101494462917776,4338517.220887722,-475144.9119816816,0.0,-0.2234095702775344
392,1359,9.572997,46.833336,-6.0,64800,-0.1291447671878308,-0.0268138026996608,4347273.775744883,-456916.88569019584,0.0,0.11243972934868925
322,1341,9.572997,46.833336,-6.1666565,43200,-0.05005477778234764,-0.0018705776656910283,4345926.351221016,-469559.8699535443,0.0,-0.3321309461597237
567,1404,9.572997,47.0,-6.25,64800,-0.0998523840190326,0.2043562382329332,4331787.087405169,-474407.8424903363,0.0,0.24001715640747068
182,1305,9.572997,46.75,-6.1666565,21600,-0.09815618182319795,0.260467450177001,4352639.653859386,-470285.21531356085,0.0,0.03225061721864358
357,1350,9.572997,46.833336,-6.0833282,86400,-0.14536372287842642,0.0425064327110299,4346604.66032198,-463238.8677294356,0.0,0.07132621785697857
77,1278,9.572997,46.66667,-6.0833282,43200,-0.21231189154983196,0.18571161150314724,4360023.469108121,-464668.9756583009,0.0,-0.24337836776608832
42,1269,9.572997,46.66667,-6.1666565,43200,-0.08933892302055357,0.2917142292224099,4359343.065935845,-471009.49203812674,0.0,-0.09871398101183329
637,1422,9.572997,47.0,-6.0833282,86400,-0.09912070189392805,-0.09124904330992527,4333148.796028124,-461804.81061430223,0.0,-0.0856883096295767
602,1413,9.572997,47.0,-6.1666565,86400,-0.0526337979379192,0.2851189502989747,4332472.586781167,-468106.2447951276,0.0,0.11307540358330644
112,1287,9.572997,46.66667,-6.0,21600,-0.1336415149017679,0.1810116993812484,4360694.650219674,-458327.4764384654,0.0,-0.17761226495777344
77,1278,9.572997,46.66667,-6.0833282,21600,-0.0613874074309374,0.020162746964949158,4360023.469108121,-464668.9756583009,0.0,-0.21757288963100752
147,1296,9.572997,46.75,-6.25,43200,-0.05876780889345555,0.2065700632555277,4351950.96357759,-476616.1460837916,0.0,0.04855994383517667
252,1323,9.572997,46.75,-6.0,43200,-0.06408834269175442,0.14622442112921955,4353989.159796485,-457622.70099545474,0.0,0.12981708369539666
182,1305,9.572997,46.75,-6.1666565,86400,-0.025396693641043216,-0.08211815025504586,4352639.653859386,-470285.21531356085,0.0,-0.20076278259911284
497,1386,9.572997,46.91667,-6.0833282,21600,-0.19304406187459872,0.010505216787872099,4339881.045145775,-462522.2992525033,0.0,-0.0491435188774131
252,1323,9.572997,46.75,-6.0,64800,-0.12988729767520754,-0.11576762083838109,4353989.159796485,-457622.70099545474,0.0,-0.2858041119717872
147,1296,9.572997,46.75,-6.25,64800,-0.10006877660687274,0.08770524408699654,4351950.96357759,-476616.1460837916,0.0,0.05216524187316662
427,1368,9.572997,46.91667,-6.25,43200,-0.04084805115551666,0.20178827079152514,4338517.220887722,-475144.9119816816,0.0,0.12012634281607688
287,1332,9.572997,46.833336,-6.25,21600,-0.12827060909694332,0.21325739800254281,4345238.723142079,-475881.0361998027,0.0,-0.20814170248642036
602,1413,9.572997,47.0,-6.1666565,43200,-0.04533402707986001,0.023278677401900483,4332472.586781167,-468106.2447951276,0.0,-0.06034950563082167
112,1287,9.572997,46.66667,-6.0,64800,-0.08533083988020429,0.16723997999230156,4360694.650219674,-458327.4764384654,0.0,0.2400076469505823
287,1332,9.572997,46.833336,-6.25,64800,-0.0029749386308269565,0.34549418382851727,4345238.723142079,-475881.0361998027,0.0,-0.009860734003605763
42,1269,9.572997,46.66667,-6.1666565,21600,-0.09445960671076674,0.05743237195222706,4359343.065935845,-471009.49203812674,0.0,-0.16517986460524522
7,1260,9.572997,46.66667,-6.25,86400,-0.11120843893680529,0.1745788376896224,4358653.3150161095,-477350.1729464703,0.0,-0.11910615445652016
602,1413,9.572997,47.0,-6.1666565,64800,-0.15242142442424023,0.15590993832832922,4332472.586781167,-468106.2447951276,0.0,0.030422763024397975
462,1377,9.572997,46.91667,-6.1666565,43200,-0.07376932228978528,0.13010866778694458,4339203.78529813,-468833.52373287774,0.0,0.04828263634040596
147,1296,9.572997,46.75,-6.25,86400,-0.09296096971480228,0.31189780107698983,4351950.96357759,-476616.1460837916,0.0,-0.10134677870865903
462,1377,9.572997,46.91667,-6.1666565,21600,0.007199454766890143,0.19063532275717943,4339203.78529813,-468833.52373287774,0.0,0.1071867034897736
462,1377,9.572997,46.91667,-6.1666565,86400,0.03242927491919846,0.08117646077901358,4339203.78529813,-468833.52373287774,0.0,0.07682660334522005
567,1404,9.572997,47.0,-6.25,43200,-0.11677254104890725,0.05369294319219141,4331787.087405169,-474407.8424903363,0.0,-0.058523353248988594
392,1359,9.572997,46.833336,-6.0,21600,-0.07087150617902371,0.19891353232895564,4347273.775744883,-456916.88569019584,0.0,-0.1818981271142439
532,1395,9.572997,46.91667,-6.0,21600,-0.14576981987876056,0.1393106904981341,4340549.125536747,-456210.0964726406,0.0,0.26370756975972287
252,1323,9.572997,46.75,-6.0,21600,-0.050202525953082236,0.12427827372204531,4353989.159796485,-457622.70099545474,0.0,0.23149486633692015
357,1350,9.572997,46.833336,-6.0833282,21600,-0.06114962754615173,0.24542534553652656,4346604.66032198,-463238.8677294356,0.0,0.22424700990195695
182,1305,9.572997,46.75,-6.1666565,64800,0.012572213799902102,0.132924384289879,4352639.653859386,-470285.21531356085,0.0,-0.1960929570072923
672,1431,9.572997,47.0,-6.0,43200,-0.006613860258267282,0.05926444330077161,4333815.840058059,-455502.3996515776,0.0,0.04775494360775536
112,1287,9.572997,46.66667,-6.0,86400,-0.21268984095401156,0.18673585900857104,4360694.650219674,-458327.4764384654,0.0,-0.21949830318736738
532,1395,9.572997,46.91667,-6.0,86400,-0.13020840735926512,0.14875508220486755,4340549.125536747,-456210.0964726406,0.0,-0.016418376552388935
497,1386,9.572997,46.91667,-6.0833282,43200,-0.16077625228673642,0.2813077567589434,4339881.045145775,-462522.2992525033,0.0,-0.21702337667725766
217,1314,9.572997,46.75,-6.0833282,64800,0.037048998682366,-0.019495944142313912,4353319.010767862,-463954.4488188505,0.0,-0.01997392244355213
357,1350,9.572997,46.833336,-6.0833282,43200,-0.06702850214264507,0.09046800127086153,4346604.66032198,-463238.8677294356,0.0,0.10668660368716508
427,1368,9.572997,46.91667,-6.25,21600,-0.1990603321705473,0.047363992990668985,4338517.220887722,-475144.9119816816,0.0,-0.3626520430978388
322,1341,9.572997,46.833336,-6.1666565,64800,-0.19404845339089746,0.11305764021707444,4345926.351221016,-469559.8699535443,0.0,-0.28253313451694817
217,1314,9.572997,46.75,-6.0833282,86400,-0.07026908798219139,0.05933548817005886,4353319.010767862,-463954.4488188505,0.0,0.04943955655313451
637,1422,9.572997,47.0,-6.0833282,64800,-0.048576650847502234,0.1207316481193187,4333148.796028124,-461804.81061430223,0.0,-0.00537319160977059
392,1359,9.572997,46.833336,-6.0,43200,-0.1375875125378409,-0.019483286253798623,4347273.775744883,-456916.88569019584,0.0,0.1918562607279001
532,1395,9.572997,46.91667,-6.0,43200,-0.10178822640292562,-0.023247978456931398,4340549.125536747,-456210.0964726406,0.0,0.06437861109918346
252,1323,9.572997,46.75,-6.0,86400,-0.11698975425038473,-0.06414701850933945,4353989.159796485,-457622.70099545474,0.0,0.09753509877428322
77,1278,9.572997,46.66667,-6.0833282,64800,-0.044696113226802545,-0.1869813605567184,4360023.469108121,-464668.9756583009,0.0,-0.1868299699625529
7,1260,9.572997,46.66667,-6.25,64800,-0.011388767770717526,0.03830200581769156,4358653.3150161095,-477350.1729464703,0.0,-0.11792101068276141
637,1422,9.572997,47.0,-6.0833282,43200,-0.15495518454779567,0.14191537525755504,4333148.796028124,-461804.81061430223,0.0,0.218762324111813
42,1269,9.572997,46.66667,-6.1666565,64800,0.0959768824769853,0.00039485648262298223,4359343.065935845,-471009.49203812674,0.0,0.18514015602032383
287,1332,9.572997,46.833336,-6.25,86400,-0.10092528270448366,0.07324172848593877,4345238.723142079,-475881.0361998027,0.0,-0.056484487166382234
567,1404,9.572997,47.0,-6.25,21600,-0.2785016214652265,0.25042008652864917,4331787.087405169,-474407.8424903363,0.0,-0.012780416634604622
217,1314,9.572997,46.75,-6.0833282,21600,-0.17003268865861687,0.048858279134762095,4353319.010767862,-463954.4488188505,0.0,-0.09487181025069653
497,1386,9.572997,46.91667,-6.0833282,86400,-0.059043811179705266,-0.006670853916757535,4339881.045145775,-462522.2992525033,0.0,-0.07347649258468485
322,1341,9.572997,46.833336,-6.1666565,21600,-0.07772775046525157,0.09639052811613297,4345926.351221016,-469559.8699535443,0.0,0.0715034351260292
183,1485,11.405,46.75,-6.1666565,64800,0.0015928123381206277,0.12791089736617858,4352639.653859386,-470285.21531356085,0.0,-0.18615178014369843
533,1575,11.405,46.91667,-6.0,43200,-0.09916944132411033,-0.012050631565726458,4340549.125536747,-456210.0964726406,0.0,0.07452339596132843
218,1494,11.405,46.75,-6.0833282,43200,-0.10620549661606109,0.1857760180235678,4353319.010767862,-463954.4488188505,0.0,0.2518711862317888
288,1512,11.405,46.833336,-6.25,21600,-0.127329584033418,0.20622699924815718,4345238.723142079,-475881.0361998027,0.0,-0.1950874651198352
568,1584,11.405,47.0,-6.25,64800,-0.09786391201849698,0.19867662805002567,4331787.087405169,-474407.8424903363,0.0,0.22395588310889458
148,1476,11.405,46.75,-6.25,21600,-0.08058632312084926,-0.07662728072368336,4351950.96357759,-476616.1460837916,0.0,0.24986526342275786
533,1575,11.405,46.91667,-6.0,86400,-0.12645771523412727,0.1389905831360547,4340549.125536747,-456210.0964726406,0.0,-0.01684617503253679
43,1449,11.405,46.66667,-6.1666565,43200,-0.0885100499533672,0.2751723069758661,4359343.065935845,-471009.49203812674,0.0,-0.09272466273871578
568,1584,11.405,47.0,-6.25,21600,-0.26186329737688097,0.22906257071265093,4331787.087405169,-474407.8424903363,0.0,-0.002934496542812783
8,1440,11.405,46.66667,-6.25,21600,-0.22570083639574973,0.14685028502212133,4358653.3150161095,-477350.1729464703,0.0,-0.08038889387117538
603,1593,11.405,47.0,-6.1666565,64800,-0.14706742473634632,0.15207595193037318,4332472.586781167,-468106.2447951276,0.0,0.023253183942637062
428,1548,11.405,46.91667,-6.25,21600,-0.18845357084586856,0.051181529969721695,4338517.220887722,-475144.9119816816,0.0,-0.3335521221594253
218,1494,11.405,46.75,-6.0833282,86400,-0.06787412924460304,0.07160401534297363,4353319.010767862,-463954.4488188505,0.0,0.04580603152329194
148,1476,11.405,46.75,-6.25,43200,-0.0637053096197499,0.1998223154751854,4351950.96357759,-476616.1460837916,0.0,0.042540379098241266
113,1467,11.405,46.66667,-6.0,43200,-0.07106031399658227,-0.03911979087428051,4360694.650219674,-458327.4764384654,0.0,0.13903014209181724
358,1530,11.405,46.833336,-6.0833282,86400,-0.13880406476923304,0.04584723905539252,4346604.66032198,-463238.8677294356,0.0,0.06745493578744062
638,1602,11.405,47.0,-6.0833282,43200,-0.14740590032698697,0.13973248457835014,4333148.796028124,-461804.81061430223,0.0,0.19073366829263766
673,1611,11.405,47.0,-6.0,86400,-0.037574868620894104,-0.15724127526639953,4333815.840058059,-455502.3996515776,0.0,0.035655234803569226
113,1467,11.405,46.66667,-6.0,21600,-0.12546326918872933,0.17196112322694657,4360694.650219674,-458327.4764384654,0.0,-0.16196589171546685
498,1566,11.405,46.91667,-6.0833282,86400,-0.06057945449818937,0.002305177704846645,4339881.045145775,-462522.2992525033,0.0,-0.06618521083272691
498,1566,11.405,46.91667,-6.0833282,64800,-0.1084953790139142,0.00476372008472653,4339881.045145775,-462522.2992525033,0.0,-0.04810831792847735
8,1440,11.405,46.66667,-6.25,43200,-0.14756293730955394,-0.04964802432110413,4358653.3150161095,-477350.1729464703,0.0,0.07732722805732975
148,1476,11.405,46.75,-6.25,64800,-0.09994427550885297,0.09968476623187257,4351950.96357759,-476616.1460837916,0.0,0.05250654907298297
113,1467,11.405,46.66667,-6.0,64800,-0.08370396918996131,0.1564166067666665,4360694.650219674,-458327.4764384654,0.0,0.21906260407923728
603,1593,11.405,47.0,-6.1666565,43200,-0.04987032080166294,0.02802168070427588,4332472.586781167,-468106.2447951276,0.0,-0.0488813374679984
673,1611,11.405,47.0,-6.0,21600,-0.1767592789708622,0.2100093825258929,4333815.840058059,-455502.3996515776,0.0,-0.1466046300433368
183,1485,11.405,46.75,-6.1666565,43200,-0.15598083459648276,-0.04656243721710267,4352639.653859386,-470285.21531356085,0.0,0.017676083254909016
603,1593,11.405,47.0,-6.1666565,86400,-0.059995093628268034,0.2690176233307764,4332472.586781167,-468106.2447951276,0.0,0.09502329012746706
673,1611,11.405,47.0,-6.0,43200,-0.016880684698847043,0.06411746682257971,4333815.840058059,-455502.3996515776,0.0,0.0453752140527948
463,1557,11.405,46.91667,-6.1666565,64800,-0.08800136706886671,0.023138558458705633,4339203.78529813,-468833.52373287774,0.0,0.005520285195839707
463,1557,11.405,46.91667,-6.1666565,21600,0.0010188031516764479,0.183370422445442,4339203.78529813,-468833.52373287774,0.0,0.09941173841200136
568,1584,11.405,47.0,-6.25,43200,-0.11523558305007553,0.05851018423944256,4331787.087405169,-474407.8424903363,0.0,-0.06142624644343402
148,1476,11.405,46.75,-6.25,86400,-0.09781078638932555,0.29836167434737726,4351950.96357759,-476616.1460837916,0.0,-0.09071167777493808
393,1539,11.405,46.833336,-6.0,21600,-0.07557631156325811,0.18410727764232648,4347273.775744883,-456916.88569019584,0.0,-0.16290714121529085
218,1494,11.405,46.75,-6.0833282,64800,0.024012134933339258,-0.008583607148795358,4353319.010767862,-463954.4488188505,0.0,-0.01592224458893085
498,1566,11.405,46.91667,-6.0833282,21600,-0.1825758090719437,0.01837572331868599,4339881.045145775,-462522.2992525033,0.0,-0.038592626631614786
78,1458,11.405,46.66667,-6.0833282,21600,-0.06921999162652398,0.02901064653525591,4360023.469108121,-464668.9756583009,0.0,-0.19031645437571504
428,1548,11.405,46.91667,-6.25,43200,-0.04579595070387078,0.18958743403784525,4338517.220887722,-475144.9119816816,0.0,0.10204739965786089
568,1584,11.405,47.0,-6.25,86400,-0.05911122937494961,0.010520172629082766,4331787.087405169,-474407.8424903363,0.0,0.13966812482413288
288,1512,11.405,46.833336,-6.25,64800,-0.013344887466939515,0.32149841342268515,4345238.723142079,-475881.0361998027,0.0,-0.015677040376648535
43,1449,11.405,46.66667,-6.1666565,21600,-0.09347431692326108,0.060415149676955285,4359343.065935845,-471009.49203812674,0.0,-0.15582877697557157
113,1467,11.405,46.66667,-6.0,86400,-0.20284406887267753,0.1852221542766359,4360694.650219674,-458327.4764384654,0.0,-0.21693337632501442
673,1611,11.405,47.0,-6.0,64800,-0.06111444314969547,0.09584780829923965,4333815.840058059,-455502.3996515776,0.0,-0.017880355782994708
638,1602,11.405,47.0,-6.0833282,86400,-0.09368562239312364,-0.07900568977444439,4333148.796028124,-461804.81061430223,0.0,-0.07642232925044166
218,1494,11.405,46.75,-6.0833282,21600,-0.16429640102553844,0.058584255197706124,4353319.010767862,-463954.4488188505,0.0,-0.08762476174701572
183,1485,11.405,46.75,-6.1666565,21600,-0.09794698544222163,0.2505837609500914,4352639.653859386,-470285.21531356085,0.0,0.03159176487288787
323,1521,11.405,46.833336,-6.1666565,43200,-0.052107847446110175,0.012382439374826068,4345926.351221016,-469559.8699535443,0.0,-0.3044872998389198
288,1512,11.405,46.833336,-6.25,86400,-0.09956178205761057,0.07528559675251782,4345238.723142079,-475881.0361998027,0.0,-0.05601847647986202
43,1449,11.405,46.66667,-6.1666565,64800,0.0841216752807381,0.0025033170977295377,4359343.065935845,-471009.49203812674,0.0,0.1738926704770106
393,1539,11.405,46.833336,-6.0,86400,-0.07931302188904975,-0.23613098500293944,4347273.775744883,-456916.88569019584,0.0,0.2503101304685509
393,1539,11.405,46.833336,-6.0,43200,-0.13209106904502865,-0.007516760727787036,4347273.775744883,-456916.88569019584,0.0,0.16938067828724848
358,1530,11.405,46.833336,-6.0833282,64800,-0.1375854020744406,0.10130032187600557,4346604.66032198,-463238.8677294356,0.0,0.05835175609240587
603,1593,11.405,47.0,-6.1666565,21600,-0.045427725820648204,0.17527670059477796,4332472.586781167,-468106.2447951276,0.0,0.12578006778664239
183,1485,11.405,46.75,-6.1666565,86400,-0.03303306202161956,-0.06581019628774086,4352639.653859386,-470285.21531356085,0.0,-0.19011687482055553
358,1530,11.405,46.833336,-6.0833282,43200,-0.06628688235576402,0.09067991398497689,4346604.66032198,-463238.8677294356,0.0,0.10427441257923449
323,1521,11.405,46.833336,-6.1666565,64800,-0.1858739482072178,0.10742192168480179,4345926.351221016,-469559.8699535443,0.0,-0.2598061439174444
358,1530,11.405,46.833336,-6.0833282,21600,-0.062323355278751,0.23434004265950742,4346604.66032198,-463238.8677294356,0.0,0.2005421971312915
8,1440,11.405,46.66667,-6.25,86400,-0.1080661431191277,0.1636177067841162,4358653.3150161095,-477350.1729464703,0.0,-0.10856375216320249
323,1521,11.405,46.833336,-6.1666565,86400,-0.06216359644044825,-0.035094739285276524,4345926.351221016,-469559.8699535443,0.0,-0.027133625800174633
428,1548,11.405,46.91667,-6.25,86400,-0.17442964422083312,0.18473567712731667,4338517.220887722,-475144.9119816816,0.0,-0.12054165759046306
78,1458,11.405,46.66667,-6.0833282,64800,-0.05140914784146504,-0.15895476728717772,4360023.469108121,-464668.9756583009,0.0,-0.18074114880004155
428,1548,11.405,46.91667,-6.25,64800,-0.04547727293737696,0.037121600185578675,4338517.220887722,-475144.9119816816,0.0,-0.20342911968584568
638,1602,11.405,47.0,-6.0833282,64800,-0.05489801023663632,0.11775589699422492,4333148.796028124,-461804.81061430223,0.0,-0.0034438621162930423
253,1503,11.405,46.75,-6.0,86400,-0.11358433012924332,-0.05314523394969592,4353989.159796485,-457622.70099545474,0.0,0.081168171573271
498,1566,11.405,46.91667,-6.0833282,43200,-0.15175580747394046,0.26215250958048586,4339881.045145775,-462522.2992525033,0.0,-0.1898884251539037
533,1575,11.405,46.91667,-6.0,64800,-0.06936441252959696,0.16592126946068977,4340549.125536747,-456210.0964726406,0.0,-0.05859160289236296
43,1449,11.405,46.66667,-6.1666565,86400,-0.1645719802261439,0.139265031197422,4359343.065935845,-471009.49203812674,0.0,-0.15186657804863016
463,1557,11.405,46.91667,-6.1666565,43200,-0.07379219691901091,0.12868893971452944,4339203.78529813,-468833.52373287774,0.0,0.03776058562514748
253,1503,11.405,46.75,-6.0,64800,-0.12999468016526156,-0.09436990903185967,4353989.159796485,-457622.70099545474,0.0,-0.2621744052885836
463,1557,11.405,46.91667,-6.1666565,86400,0.026960138185687682,0.07679653031993264,4339203.78529813,-468833.52373287774,0.0,0.06869254515615736
253,1503,11.405,46.75,-6.0,43200,-0.06795197126419934,0.13531327817627342,4353989.159796485,-457622.70099545474,0.0,0.11762589131928686
323,1521,11.405,46.833336,-6.1666565,21600,-0.08079027562609814,0.10005037502034758,4345926.351221016,-469559.8699535443,0.0,0.06733167434564376
533,1575,11.405,46.91667,-6.0,21600,-0.1425536259238877,0.13725082208361758,4340549.125536747,-456210.0964726406,0.0,0.24197516919518416
8,1440,11.405,46.66667,-6.25,64800,-0.022775382571156494,0.04549930799920607,4358653.3150161095,-477350.1729464703,0.0,-0.10850779735160321
638,1602,11.405,47.0,-6.0833282,21600,-0.11650571444893282,0.23187676268820517,4333148.796028124,-461804.81061430223,0.0,0.13918504665388717
393,1539,11.405,46.833336,-6.0,64800,-0.1240374498397191,-0.016622009783037045,4347273.775744883,-456916.88569019584,0.0,0.10367402172230131
78,1458,11.405,46.66667,-6.0833282,43200,-0.20126700068991227,0.17172911027143153,4360023.469108121,-464668.9756583009,0.0,-0.21733465663779966
253,1503,11.405,46.75,-6.0,21600,-0.05355815290846267,0.12020523842771166,4353989.159796485,-457622.70099545474,0.0,0.2173851831996361
288,1512,11.405,46.833336,-6.25,43200,-0.021284219499117768,-0.18409162128931772,4345238.723142079,-475881.0361998027,0.0,0.07778781648723816
78,1458,11.405,46.66667,-6.0833282,86400,-0.20738780829167439,0.2505725143229413,4360023.469108121,-464668.9756583009,0.0,-0.08692995726844974
674,1791,13.46714,47.0,-6.0,43200,-0.026410574357487775,0.06879938218815175,4333815.840058059,-455502.3996515776,0.0,0.04144687588434864
79,1638,13.46714,46.66667,-6.0833282,64800,-0.05763686419935382,-0.13181258412380858,4360023.469108121,-464668.9756583009,0.0,-0.16974314496561146
184,1665,13.46714,46.75,-6.1666565,86400,-0.04046705001712799,-0.04985487779197054,4352639.653859386,-470285.21531356085,0.0,-0.1750371281868224
114,1647,13.46714,46.66667,-6.0,43200,-0.07166902465906917,-0.026434963754533247,4360694.650219674,-458327.4764384654,0.0,0.1233766928569057
79,1638,13.46714,46.66667,-6.0833282,43200,-0.19012212334270237,0.16132756889535835,4360023.469108121,-464668.9756583009,0.0,-0.1935612064934933
44,1629,13.46714,46.66667,-6.1666565,64800,0.06946314935227843,0.008652166979078516,4359343.065935845,-471009.49203812674,0.0,0.15975148876889392
534,1755,13.46714,46.91667,-6.0,64800,-0.07044571539189073,0.15936257614305957,4340549.125536747,-456210.0964726406,0.0,-0.044347552999879636
114,1647,13.46714,46.66667,-6.0,64800,-0.08325926353698372,0.14658550010534696,4360694.650219674,-458327.4764384654,0.0,0.19873349873557802
604,1773,13.46714,47.0,-6.1666565,64800,-0.1420589273024453,0.1490425500546468,4332472.586781167,-468106.2447951276,0.0,0.016753096296704097
674,1791,13.46714,47.0,-6.0,86400,-0.04267600644940981,-0.12416943077127425,4333815.840058059,-455502.3996515776,0.0,0.04266393150284704
9,1620,13.46714,46.66667,-6.25,64800,-0.03224811285348026,0.049460130118769034,4358653.3150161095,-477350.1729464703,0.0,-0.09630549484859724
324,1701,13.46714,46.833336,-6.1666565,64800,-0.17708746092607597,0.10434560178624835,4345926.351221016,-469559.8699535443,0.0,-0.234486929479893
149,1656,13.46714,46.75,-6.25,43200,-0.0677830620700031,0.1913443887054283,4351950.96357759,-476616.1460837916,0.0,0.03497065736198148
79,1638,13.46714,46.66667,-6.0833282,86400,-0.19820769384990142,0.2338638625203545,4360023.469108121,-464668.9756583009,0.0,-0.07708802487944992
394,1719,13.46714,46.833336,-6.0,64800,-0.12046929193190736,-0.006292702568850048,4347273.775744883,-456916.88569019584,0.0,0.09427702049435255
289,1692,13.46714,46.833336,-6.25,43200,-0.02833000495604425,-0.1576529969704654,4345238.723142079,-475881.0361998027,0.0,0.06510262880206796
324,1701,13.46714,46.833336,-6.1666565,86400,-0.06621244128852458,-0.022976061578910537,4345926.351221016,-469559.8699535443,0.0,-0.01899837309006077
254,1683,13.46714,46.75,-6.0,64800,-0.1292727858659355,-0.07258954622907136,4353989.159796485,-457622.70099545474,0.0,-0.23476195597035132
114,1647,13.46714,46.66667,-6.0,86400,-0.19338843801575473,0.18175583889237923,4360694.650219674,-458327.4764384654,0.0,-0.2065370806464754
674,1791,13.46714,47.0,-6.0,64800,-0.06355448226844425,0.10029348170355669,4333815.840058059,-455502.3996515776,0.0,-0.02140544974224259
429,1728,13.46714,46.91667,-6.25,43200,-0.050658373736717346,0.17942468059083427,4338517.220887722,-475144.9119816816,0.0,0.08632432274727908
289,1692,13.46714,46.833336,-6.25,64800,-0.022796041392956157,0.29892103860711783,4345238.723142079,-475881.0361998027,0.0,-0.017745948542137305
324,1701,13.46714,46.833336,-6.1666565,43200,-0.05387388168514844,0.024341629056150546,4345926.351221016,-469559.8699535443,0.0,-0.2742908521169363
289,1692,13.46714,46.833336,-6.25,86400,-0.10012339396356582,0.079617761265636,4345238.723142079,-475881.0361998027,0.0,-0.05412304849805353
394,1719,13.46714,46.833336,-6.0,43200,-0.12760628863370718,0.005302704600819302,4347273.775744883,-456916.88569019584,0.0,0.14860531262405854
359,1710,13.46714,46.833336,-6.0833282,64800,-0.13423664621265652,0.10109346543043607,4346604.66032198,-463238.8677294356,0.0,0.05508060653562967
569,1764,13.46714,47.0,-6.25,64800,-0.09669432083936942,0.19117113414696818,4331787.087405169,-474407.8424903363,0.0,0.2068076388930064
359,1710,13.46714,46.833336,-6.0833282,43200,-0.06717903021407197,0.09042889566973296,4346604.66032198,-463238.8677294356,0.0,0.09734670020721635
9,1620,13.46714,46.66667,-6.25,86400,-0.10576593480918506,0.1538963423133595,4358653.3150161095,-477350.1729464703,0.0,-0.09840958902627513
254,1683,13.46714,46.75,-6.0,43200,-0.07080171511233577,0.12653191735681593,4353989.159796485,-457622.70099545474,0.0,0.106985357544024
464,1737,13.46714,46.91667,-6.1666565,43200,-0.07422706863780332,0.12734753495221854,4339203.78529813,-468833.52373287774,0.0,0.030591165541279663
639,1782,13.46714,47.0,-6.0833282,64800,-0.06000608078654966,0.11200103542960156,4333148.796028124,-461804.81061430223,0.0,-0.001429778641675192
359,1710,13.46714,46.833336,-6.0833282,86400,-0.13216511122270125,0.04883142039397848,4346604.66032198,-463238.8677294356,0.0,0.06322872404757052
44,1629,13.46714,46.66667,-6.1666565,86400,-0.15944358673141357,0.14093989718735217,4359343.065935845,-471009.49203812674,0.0,-0.1362878824611163
499,1746,13.46714,46.91667,-6.0833282,64800,-0.10818576428875645,0.014480237562229464,4339881.045145775,-462522.2992525033,0.0,-0.04252540507585144
219,1674,13.46714,46.75,-6.0833282,86400,-0.0665022299244336,0.08127066604170753,4353319.010767862,-463954.4488188505,0.0,0.03970697088458321
604,1773,13.46714,47.0,-6.1666565,43200,-0.05574553176893643,0.03384346569141876,4332472.586781167,-468106.2447951276,0.0,-0.03963024254530038
149,1656,13.46714,46.75,-6.25,64800,-0.10034518730475024,0.10514277880748157,4351950.96357759,-476616.1460837916,0.0,0.04987744770626388
149,1656,13.46714,46.75,-6.25,86400,-0.10080414178445168,0.28188654307643846,4351950.96357759,-476616.1460837916,0.0,-0.0840075045918892
639,1782,13.46714,47.0,-6.0833282,43200,-0.14121576457854051,0.1361242128363625,4333148.796028124,-461804.81061430223,0.0,0.1676526395082197
184,1665,13.46714,46.75,-6.1666565,43200,-0.14964238269904384,-0.03384455787130322,4352639.653859386,-470285.21531356085,0.0,0.018109009836527766
569,1764,13.46714,47.0,-6.25,43200,-0.11331867800159723,0.06570292101970825,4331787.087405169,-474407.8424903363,0.0,-0.06032594514708478
219,1674,13.46714,46.75,-6.0833282,43200,-0.10535601629337549,0.18310082177454087,4353319.010767862,-463954.4488188505,0.0,0.22958258114523084
534,1755,13.46714,46.91667,-6.0,43200,-0.09684537528484818,-0.0021753455960140944,4340549.125536747,-456210.0964726406,0.0,0.07906285081695548
429,1728,13.46714,46.91667,-6.25,64800,-0.05422799564054331,0.04570876488306473,4338517.220887722,-475144.9119816816,0.0,-0.18400054895501183
254,1683,13.46714,46.75,-6.0,86400,-0.11082613721160728,-0.04096043785008026,4353989.159796485,-457622.70099545474,0.0,0.07117535988727446
499,1746,13.46714,46.91667,-6.0833282,43200,-0.14419404509208705,0.2450817909547568,4339881.045145775,-462522.2992525033,0.0,-0.1686858615127092
219,1674,13.46714,46.75,-6.0833282,64800,0.011949593228573654,0.00048525525754697374,4353319.010767862,-463954.4488188505,0.0,-0.010044653219214857
464,1737,13.46714,46.91667,-6.1666565,64800,-0.08448230980314314,0.027515142770107096,4339203.78529813,-468833.52373287774,0.0,0.009601947887646818
184,1665,13.46714,46.75,-6.1666565,64800,-0.00829547293064907,0.12316856448195444,4352639.653859386,-470285.21531356085,0.0,-0.17578261570668013
639,1782,13.46714,47.0,-6.0833282,86400,-0.0904698463469313,-0.06519552079723348,4333148.796028124,-461804.81061430223,0.0,-0.06745186989974286
394,1719,13.46714,46.833336,-6.0,86400,-0.08084607515909584,-0.20325588378411916,4347273.775744883,-456916.88569019584,0.0,0.22739954387465297
674,1791,13.46714,47.0,-6.0,21600,-0.16751267916694942,0.19610555036834626,4333815.840058059,-455502.3996515776,0.0,-0.12652532679685632
604,1773,13.46714,47.0,-6.1666565,86400,-0.06464574147419491,0.253003011035032,4332472.586781167,-468106.2447951276,0.0,0.08097262123662273
79,1638,13.46714,46.66667,-6.0833282,21600,-0.07537205327360048,0.03546034850301864,4360023.469108121,-464668.9756583009,0.0,-0.16747815601011767
429,1728,13.46714,46.91667,-6.25,21600,-0.1784044764775272,0.05585144334945353,4338517.220887722,-475144.9119816816,0.0,-0.30417000087463414
499,1746,13.46714,46.91667,-6.0833282,86400,-0.06316054749125499,0.011557679266868681,4339881.045145775,-462522.2992525033,0.0,-0.05819839178603575
394,1719,13.46714,46.833336,-6.0,21600,-0.07870550181652303,0.1710394782009829,4347273.775744883,-456916.88569019584,0.0,-0.1448575924675439
114,1647,13.46714,46.66667,-6.0,21600,-0.1190664232588648,0.16377060726426135,4360694.650219674,-458327.4764384654,0.0,-0.14840791436012366
359,1710,13.46714,46.833336,-6.0833282,21600,-0.0636326682984541,0.2225507242065981,4346604.66032198,-463238.8677294356,0.0,0.17880215323597112
324,1701,13.46714,46.833336,-6.1666565,21600,-0.08106199796251569,0.10026298059190877,4345926.351221016,-469559.8699535443,0.0,0.06304042302953022
289,1692,13.46714,46.833336,-6.25,21600,-0.1247666953136902,0.19764422457851247,4345238.723142079,-475881.0361998027,0.0,-0.1803036309987172
149,1656,13.46714,46.75,-6.25,21600,-0.08209586545081156,-0.05800048870097897,4351950.96357759,-476616.1460837916,0.0,0.2245415239417201
534,1755,13.46714,46.91667,-6.0,86400,-0.1236259047026849,0.13115288939770411,4340549.125536747,-456210.0964726406,0.0,-0.01451160545568954
9,1620,13.46714,46.66667,-6.25,43200,-0.13994880088690612,-0.035551984130250625,4358653.3150161095,-477350.1729464703,0.0,0.07118527182242476
254,1683,13.46714,46.75,-6.0,21600,-0.05686117447353602,0.11829443496745967,4353989.159796485,-457622.70099545474,0.0,0.20119184025755166
219,1674,13.46714,46.75,-6.0833282,21600,-0.15886257767472028,0.067283617689205,4353319.010767862,-463954.4488188505,0.0,-0.0783186024223742
569,1764,13.46714,47.0,-6.25,86400,-0.06133206892260846,0.01735434560940151,4331787.087405169,-474407.8424903363,0.0,0.1315044818239288
184,1665,13.46714,46.75,-6.1666565,21600,-0.09823150810395966,0.23649321359383946,4352639.653859386,-470285.21531356085,0.0,0.028671419295199535
464,1737,13.46714,46.91667,-6.1666565,21600,-0.006761068945949744,0.17543078794412806,4339203.78529813,-468833.52373287774,0.0,0.08928676705577757
499,1746,13.46714,46.91667,-6.0833282,21600,-0.17259391746920064,0.027276575493755797,4339881.045145775,-462522.2992525033,0.0,-0.029452749548615275
44,1629,13.46714,46.66667,-6.1666565,43200,-0.08875711422041647,0.25725192991482054,4359343.065935845,-471009.49203812674,0.0,-0.08931370313754135
604,1773,13.46714,47.0,-6.1666565,21600,-0.04966409200444514,0.16588359670223773,4332472.586781167,-468106.2447951276,0.0,0.11347433055208775
569,1764,13.46714,47.0,-6.25,21600,-0.24465387003255673,0.2109258405919915,4331787.087405169,-474407.8424903363,0.0,0.0024551943438818106
44,1629,13.46714,46.66667,-6.1666565,21600,-0.09243203032133915,0.06374962687975355,4359343.065935845,-471009.49203812674,0.0,-0.14357933416093802
9,1620,13.46714,46.66667,-6.25,21600,-0.20994616700844762,0.13516590587790583,4358653.3150161095,-477350.1729464703,0.0,-0.07499396752074142
464,1737,13.46714,46.91667,-6.1666565,86400,0.020000889825326995,0.07535085203122337,4339203.78529813,-468833.52373287774,0.0,0.06024126077153798
534,1755,13.46714,46.91667,-6.0,21600,-0.14049335501316945,0.1349000792439525,4340549.125536747,-456210.0964726406,0.0,0.2211171810525221
639,1782,13.46714,47.0,-6.0833282,21600,-0.11306806198367084,0.22078734993634008,4333148.796028124,-461804.81061430223,0.0,0.12044109238103494
429,1728,13.46714,46.91667,-6.25,86400,-0.16350726929443601,0.1727279557052621,4338517.220887722,-475144.9119816816,0.0,-0.10770484438643506
500,1926,15.81007,46.91667,-6.0833282,43200,-0.13739061363586438,0.22903767406601638,4339881.045145775,-462522.2992525033,0.0,-0.15012706320246808
535,1935,15.81007,46.91667,-6.0,86400,-0.12113390818537301,0.12444840064316452,4340549.125536747,-456210.0964726406,0.0,-0.010818612531122833
430,1908,15.81007,46.91667,-6.25,86400,-0.15376223750060802,0.16129063359631804,4338517.220887722,-475144.9119816816,0.0,-0.09618057965647608
150,1836,15.81007,46.75,-6.25,86400,-0.10267321666290621,0.26375270028950504,4351950.96357759,-476616.1460837916,0.0,-0.07887835052805964
150,1836,15.81007,46.75,-6.25,64800,-0.10086304022635273,0.10708684858218949,4351950.96357759,-476616.1460837916,0.0,0.04574062062616586
290,1872,15.81007,46.833336,-6.25,86400,-0.10152965720096642,0.08480404773500251,4345238.723142079,-475881.0361998027,0.0,-0.05142427810819124
325,1881,15.81007,46.833336,-6.1666565,21600,-0.08004663605893808,0.09884152893405927,4345926.351221016,-469559.8699535443,0.0,0.05859826435529842
185,1845,15.81007,46.75,-6.1666565,64800,-0.017718748144641472,0.11868326958041638,4352639.653859386,-470285.21531356085,0.0,-0.16470335992713137
220,1854,15.81007,46.75,-6.0833282,64800,0.0003839647550369224,0.00866556742847964,4353319.010767862,-463954.4488188505,0.0,-0.003418927986376869
395,1899,15.81007,46.833336,-6.0,43200,-0.123527118779864,0.018367363149688037,4347273.775744883,-456916.88569019584,0.0,0.12891627362151792
115,1827,15.81007,46.66667,-6.0,64800,-0.08342571304495319,0.1375381714536582,4360694.650219674,-458327.4764384654,0.0,0.17879079845585086
10,1800,15.81007,46.66667,-6.25,43200,-0.13297153421709879,-0.02018433911342782,4358653.3150161095,-477350.1729464703,0.0,0.06350237919259882
255,1863,15.81007,46.75,-6.0,21600,-0.06013141625131389,0.11730697796958685,4353989.159796485,-457622.70099545474,0.0,0.18376041905664947
360,1890,15.81007,46.833336,-6.0833282,43200,-0.06894651978502288,0.09015514050647713,4346604.66032198,-463238.8677294356,0.0,0.08809905498038559
255,1863,15.81007,46.75,-6.0,64800,-0.12795780164073958,-0.05068562056011548,4353989.159796485,-457622.70099545474,0.0,-0.20564137288705017
360,1890,15.81007,46.833336,-6.0833282,86400,-0.12554853273818098,0.05191587208993647,4346604.66032198,-463238.8677294356,0.0,0.05868707909874143
115,1827,15.81007,46.66667,-6.0,86400,-0.18393098900143245,0.17709953461026642,4360694.650219674,-458327.4764384654,0.0,-0.19175991136368148
290,1872,15.81007,46.833336,-6.25,64800,-0.03168867923801453,0.27700485336719793,4345238.723142079,-475881.0361998027,0.0,-0.017837179693945743
220,1854,15.81007,46.75,-6.0833282,21600,-0.15354292727003888,0.0753474537560958,4353319.010767862,-463954.4488188505,0.0,-0.0680372022001103
325,1881,15.81007,46.833336,-6.1666565,64800,-0.16787727467303315,0.10243675462113351,4345926.351221016,-469559.8699535443,0.0,-0.20773319232565582
605,1953,15.81007,47.0,-6.1666565,21600,-0.05380498455376055,0.15634303895781382,4332472.586781167,-468106.2447951276,0.0,0.10127280482722961
185,1845,15.81007,46.75,-6.1666565,43200,-0.14272597238293283,-0.023347397815818002,4352639.653859386,-470285.21531356085,0.0,0.018722321610325814
80,1818,15.81007,46.66667,-6.0833282,64800,-0.06347454985639218,-0.10509183804256501,4360023.469108121,-464668.9756583009,0.0,-0.1560065900804818
185,1845,15.81007,46.75,-6.1666565,86400,-0.047741817569986335,-0.03410875021592946,4352639.653859386,-470285.21531356085,0.0,-0.1574711600005506
360,1890,15.81007,46.833336,-6.0833282,21600,-0.0650904625364637,0.21036998781484706,4346604.66032198,-463238.8677294356,0.0,0.1581544954675393
325,1881,15.81007,46.833336,-6.1666565,86400,-0.06959797447677245,-0.011024904541133071,4345926.351221016,-469559.8699535443,0.0,-0.01243305955915982
255,1863,15.81007,46.75,-6.0,86400,-0.10836656603764398,-0.028063494638410888,4353989.159796485,-457622.70099545474,0.0,0.0641432669199962
500,1926,15.81007,46.91667,-6.0833282,21600,-0.16288076995551576,0.036613791045572885,4339881.045145775,-462522.2992525033,0.0,-0.021512147697370372
535,1935,15.81007,46.91667,-6.0,43200,-0.09467280578299649,0.007237075364191797,4340549.125536747,-456210.0964726406,0.0,0.08016527856532137
570,1944,15.81007,47.0,-6.25,43200,-0.11112518880034565,0.07381193213659373,4331787.087405169,-474407.8424903363,0.0,-0.05692071932601834
465,1917,15.81007,46.91667,-6.1666565,21600,-0.015326575536191905,0.1669350569751481,4339203.78529813,-468833.52373287774,0.0,0.07804104729937279
465,1917,15.81007,46.91667,-6.1666565,86400,0.012015406121246491,0.07557767071522256,4339203.78529813,-468833.52373287774,0.0,0.05160299872151286
605,1953,15.81007,47.0,-6.1666565,43200,-0.062181947161931136,0.04021297630667884,4332472.586781167,-468106.2447951276,0.0,-0.03180243024833283
255,1863,15.81007,46.75,-6.0,43200,-0.0731567769290173,0.11897953151584262,4353989.159796485,-457622.70099545474,0.0,0.09685392341648805
220,1854,15.81007,46.75,-6.0833282,86400,-0.06577034449116848,0.08927450219932569,4353319.010767862,-463954.4488188505,0.0,0.03257429253928763
640,1962,15.81007,47.0,-6.0833282,43200,-0.1355950710257125,0.13175983376536998,4333148.796028124,-461804.81061430223,0.0,0.1469531451344692
640,1962,15.81007,47.0,-6.0833282,21600,-0.10999733459834678,0.20853361345641042,4333148.796028124,-461804.81061430223,0.0,0.10379449247166575
290,1872,15.81007,46.833336,-6.25,43200,-0.034627573543323534,-0.13162675153942505,4345238.723142079,-475881.0361998027,0.0,0.053112728961824236
675,1971,15.81007,47.0,-6.0,21600,-0.15760359308420652,0.18275993130144047,4333815.840058059,-455502.3996515776,0.0,-0.106263891137969
430,1908,15.81007,46.91667,-6.25,21600,-0.1685699676854885,0.06096093442669933,4338517.220887722,-475144.9119816816,0.0,-0.27459513383896395
360,1890,15.81007,46.833336,-6.0833282,64800,-0.12972482392845705,0.10046985948215449,4346604.66032198,-463238.8677294356,0.0,0.05133770612167424
535,1935,15.81007,46.91667,-6.0,21600,-0.13872028948552345,0.13225759834814627,4340549.125536747,-456210.0964726406,0.0,0.20038236850528207
500,1926,15.81007,46.91667,-6.0833282,86400,-0.06629912488435685,0.020932605271852506,4339881.045145775,-462522.2992525033,0.0,-0.049934314342504775
675,1971,15.81007,47.0,-6.0,43200,-0.035435849008287196,0.07314672144285317,4333815.840058059,-455502.3996515776,0.0,0.03669721399000618
395,1899,15.81007,46.833336,-6.0,21600,-0.0810519340941319,0.1590540520349716,4347273.775744883,-456916.88569019584,0.0,-0.1272818599902107
430,1908,15.81007,46.91667,-6.25,43200,-0.055436841096917405,0.17028902088247555,4338517.220887722,-475144.9119816816,0.0,0.07232620091178715
10,1800,15.81007,46.66667,-6.25,64800,-0.04059199582216983,0.05196331991598262,4358653.3150161095,-477350.1729464703,0.0,-0.08279236075629613
45,1809,15.81007,46.66667,-6.1666565,64800,0.05335865589069337,0.01687220809449949,4359343.065935845,-471009.49203812674,0.0,0.144179656797543
220,1854,15.81007,46.75,-6.0833282,43200,-0.10478593095795785,0.1782021751704952,4353319.010767862,-463954.4488188505,0.0,0.2075182088358332
465,1917,15.81007,46.91667,-6.1666565,43200,-0.07489159555898217,0.12591001126813572,4339203.78529813,-468833.52373287774,0.0,0.025293463122511663
570,1944,15.81007,47.0,-6.25,21600,-0.22706242245962663,0.19468901277687228,4331787.087405169,-474407.8424903363,0.0,0.005465930935434107
185,1845,15.81007,46.75,-6.1666565,21600,-0.09865188697603759,0.22041611421988663,4352639.653859386,-470285.21531356085,0.0,0.024487394734751068
290,1872,15.81007,46.833336,-6.25,21600,-0.12139664623547597,0.18821993483743205,4345238.723142079,-475881.0361998027,0.0,-0.16442473322756715
325,1881,15.81007,46.833336,-6.1666565,43200,-0.05560543646418816,0.03507217735551961,4345926.351221016,-469559.8699535443,0.0,-0.2428589840211103
640,1962,15.81007,47.0,-6.0833282,64800,-0.06429176445576486,0.105177893597906,4333148.796028124,-461804.81061430223,0.0,0.00043515145567397375
45,1809,15.81007,46.66667,-6.1666565,21600,-0.09146286514618587,0.06745577783150106,4359343.065935845,-471009.49203812674,0.0,-0.1296538880369946
150,1836,15.81007,46.75,-6.25,21600,-0.08428562206766292,-0.03874974947577202,4351950.96357759,-476616.1460837916,0.0,0.19958178831850604
430,1908,15.81007,46.91667,-6.25,64800,-0.061635807817203,0.052683835063921595,4338517.220887722,-475144.9119816816,0.0,-0.16458385358021085
605,1953,15.81007,47.0,-6.1666565,64800,-0.13723179901769464,0.14633755499436613,4332472.586781167,-468106.2447951276,0.0,0.010903634592680596
465,1917,15.81007,46.91667,-6.1666565,64800,-0.08246577623917319,0.032438944888268095,4339203.78529813,-468833.52373287774,0.0,0.012773116052468838
570,1944,15.81007,47.0,-6.25,64800,-0.09590835730673311,0.18252682128586162,4331787.087405169,-474407.8424903363,0.0,0.18883226304241985
675,1971,15.81007,47.0,-6.0,86400,-0.0474622987800478,-0.09346127553417402,4333815.840058059,-455502.3996515776,0.0,0.047781436410877794
115,1827,15.81007,46.66667,-6.0,21600,-0.11370448608261649,0.15604780493988107,4360694.650219674,-458327.4764384654,0.0,-0.13548250571993137
605,1953,15.81007,47.0,-6.1666565,86400,-0.06791996311882217,0.23698143080165143,4332472.586781167,-468106.2447951276,0.0,0.06914328656246956
80,1818,15.81007,46.66667,-6.0833282,21600,-0.08046519761548833,0.0408116150305027,4360023.469108121,-464668.9756583009,0.0,-0.14690342458644928
500,1926,15.81007,46.91667,-6.0833282,64800,-0.10780414378928022,0.025681804996062152,4339881.045145775,-462522.2992525033,0.0,-0.03685186122559305
45,1809,15.81007,46.66667,-6.1666565,43200,-0.0893947788911908,0.23861424455861346,4359343.065935845,-471009.49203812674,0.0,-0.08673949310582224
115,1827,15.81007,46.66667,-6.0,43200,-0.07246948745130476,-0.013732266840287513,4360694.650219674,-458327.4764384654,0.0,0.10922004959607066
45,1809,15.81007,46.66667,-6.1666565,86400,-0.15378917105293272,0.14084874763686528,4359343.065935845,-471009.49203812674,0.0,-0.12054131269937098
80,1818,15.81007,46.66667,-6.0833282,86400,-0.1889486755004301,0.21701324612382583,4360023.469108121,-464668.9756583009,0.0,-0.06647176756390015
10,1800,15.81007,46.66667,-6.25,86400,-0.10390392457342211,0.14497412049264882,4358653.3150161095,-477350.1729464703,0.0,-0.08837356337585824
535,1935,15.81007,46.91667,-6.0,64800,-0.07155326521862083,0.1514245266640586,4340549.125536747,-456210.0964726406,0.0,-0.0324497932143297
80,1818,15.81007,46.66667,-6.0833282,43200,-0.17892084927984286,0.15282635072219675,4360023.469108121,-464668.9756583009,0.0,-0.17085252443735585
675,1971,15.81007,47.0,-6.0,64800,-0.06589728445491831,0.10313584896620283,4333815.840058059,-455502.3996515776,0.0,-0.023019559048420287
150,1836,15.81007,46.75,-6.25,43200,-0.07128416343301673,0.18192128809319769,4351950.96357759,-476616.1460837916,0.0,0.02697128002886376
570,1944,15.81007,47.0,-6.25,86400,-0.06370870886799315,0.025183904461317894,4331787.087405169,-474407.8424903363,0.0,0.12388244387772455
395,1899,15.81007,46.833336,-6.0,64800,-0.11772657221582607,0.004052145072143354,4347273.775744883,-456916.88569019584,0.0,0.0844979015474015
10,1800,15.81007,46.66667,-6.25,21600,-0.19402561963061377,0.12399606559130968,4358653.3150161095,-477350.1729464703,0.0,-0.06904347691056877
395,1899,15.81007,46.833336,-6.0,86400,-0.08160449605641337,-0.16984072277400658,4347273.775744883,-456916.88569019584,0.0,0.20330388700222055
640,1962,15.81007,47.0,-6.0833282,86400,-0.0885114744186325,-0.0501956631280306,4333148.796028124,-461804.81061430223,0.0,-0.05849234305211216
256,2043,18.49556,46.75,-6.0,43200,-0.07529734012539323,0.11226395681059728,4353989.159796485,-457622.70099545474,0.0,0.08674532010437011
221,2034,18.49556,46.75,-6.0833282,86400,-0.06549990998274216,0.09604662091944668,4353319.010767862,-463954.4488188505,0.0,0.02521494915766947
606,2133,18.49556,47.0,-6.1666565,86400,-0.07054913908883338,0.22090692718166943,4332472.586781167,-468106.2447951276,0.0,0.058617238786084824
11,1980,18.49556,46.66667,-6.25,21600,-0.1782786995175281,0.113767509800138,4358653.3150161095,-477350.1729464703,0.0,-0.06261382425380516
641,2142,18.49556,47.0,-6.0833282,43200,-0.13013406397854652,0.12712743659117717,4333148.796028124,-461804.81061430223,0.0,0.1273535808445512
361,2070,18.49556,46.833336,-6.0833282,43200,-0.07115016811779566,0.09005770785593839,4346604.66032198,-463238.8677294356,0.0,0.07781740849695724
676,2151,18.49556,47.0,-6.0,21600,-0.14748880329449382,0.1698039698679446,4333815.840058059,-455502.3996515776,0.0,-0.08641026496052645
431,2088,18.49556,46.91667,-6.25,21600,-0.1588205476440109,0.06625046974527248,4338517.220887722,-475144.9119816816,0.0,-0.24488299054685095
431,2088,18.49556,46.91667,-6.25,43200,-0.06012687098875405,0.1616102236514667,4338517.220887722,-475144.9119816816,0.0,0.05968012576023041
46,1989,18.49556,46.66667,-6.1666565,43200,-0.09007117859180297,0.21971130900105065,4359343.065935845,-471009.49203812674,0.0,-0.08396701582163309
81,1998,18.49556,46.66667,-6.0833282,21600,-0.08479479123808742,0.045832761111655046,4360023.469108121,-464668.9756583009,0.0,-0.12752341063814904
151,2016,18.49556,46.75,-6.25,43200,-0.07435471428471162,0.17204212891621784,4351950.96357759,-476616.1460837916,0.0,0.019144188790943463
396,2079,18.49556,46.833336,-6.0,21600,-0.08299315871139099,0.14784065098380347,4347273.775744883,-456916.88569019584,0.0,-0.11003469385137975
116,2007,18.49556,46.66667,-6.0,43200,-0.07345224046022215,-0.0009912435279834514,4360694.650219674,-458327.4764384654,0.0,0.09592379106772894
501,2106,18.49556,46.91667,-6.0833282,86400,-0.06968265057573414,0.030247120774244796,4339881.045145775,-462522.2992525033,0.0,-0.041721466673275434
606,2133,18.49556,47.0,-6.1666565,21600,-0.05791827864681444,0.14710119608360606,4332472.586781167,-468106.2447951276,0.0,0.08918072027674748
536,2115,18.49556,46.91667,-6.0,64800,-0.07269470827754902,0.14293313592696183,4340549.125536747,-456210.0964726406,0.0,-0.022004052533878705
11,1980,18.49556,46.66667,-6.25,64800,-0.048238746811565786,0.05402314658522537,4358653.3150161095,-477350.1729464703,0.0,-0.06894925377844792
396,2079,18.49556,46.833336,-6.0,86400,-0.08201000163777254,-0.13632133324884665,4347273.775744883,-456916.88569019584,0.0,0.17874274464519163
606,2133,18.49556,47.0,-6.1666565,43200,-0.06865707741218213,0.04683406876269706,4332472.586781167,-468106.2447951276,0.0,-0.02498290340716068
571,2124,18.49556,47.0,-6.25,64800,-0.09523721178501968,0.17320894313749965,4331787.087405169,-474407.8424903363,0.0,0.17021670648471773
466,2097,18.49556,46.91667,-6.1666565,21600,-0.0241810865059046,0.15810436940975067,4339203.78529813,-468833.52373287774,0.0,0.06644590361488595
536,2115,18.49556,46.91667,-6.0,21600,-0.13675050533228564,0.1293609698380922,4340549.125536747,-456210.0964726406,0.0,0.1793587344964123
11,1980,18.49556,46.66667,-6.25,86400,-0.10223549313809062,0.13663805686504849,4358653.3150161095,-477350.1729464703,0.0,-0.07831013935235759
291,2052,18.49556,46.833336,-6.25,43200,-0.04068370991672196,-0.10555966347635685,4345238.723142079,-475881.0361998027,0.0,0.041835122221965226
81,1998,18.49556,46.66667,-6.0833282,43200,-0.1677648638428772,0.1453258819478273,4360023.469108121,-464668.9756583009,0.0,-0.14865695167442405
641,2142,18.49556,47.0,-6.0833282,21600,-0.10699297794993087,0.19556085820350783,4333148.796028124,-461804.81061430223,0.0,0.0883604057667819
641,2142,18.49556,47.0,-6.0833282,64800,-0.06803160558978429,0.09833447028235454,4333148.796028124,-461804.81061430223,0.0,0.002091753267920286
571,2124,18.49556,47.0,-6.25,21600,-0.20928952828382866,0.17955903612754687,4331787.087405169,-474407.8424903363,0.0,0.007212771904755235
466,2097,18.49556,46.91667,-6.1666565,86400,0.003269838122126126,0.07678050203375404,4339203.78529813,-468833.52373287774,0.0,0.043036646419102306
466,2097,18.49556,46.91667,-6.1666565,43200,-0.07570430125919692,0.12439513673037375,4339203.78529813,-468833.52373287774,0.0,0.02102395551224106
46,1989,18.49556,46.66667,-6.1666565,21600,-0.0906073981669621,0.07138702127368254,4359343.065935845,-471009.49203812674,0.0,-0.11477958032965868
501,2106,18.49556,46.91667,-6.0833282,43200,-0.1310098197925618,0.21345429427304624,4339881.045145775,-462522.2992525033,0.0,-0.1325339056423983
291,2052,18.49556,46.833336,-6.25,86400,-0.103100627269883,0.09001022663973544,4345238.723142079,-475881.0361998027,0.0,-0.04818124999772885
676,2151,18.49556,47.0,-6.0,86400,-0.05212379811343278,-0.06445371705077155,4333815.840058059,-455502.3996515776,0.0,0.05139908257013283
326,2061,18.49556,46.833336,-6.1666565,86400,-0.07263327814908774,0.0008471813328596867,4345926.351221016,-469559.8699535443,0.0,-0.0068588059771828285
256,2043,18.49556,46.75,-6.0,86400,-0.1060145479301062,-0.014708730369483183,4353989.159796485,-457622.70099545474,0.0,0.05823149563848039
501,2106,18.49556,46.91667,-6.0833282,21600,-0.1533641780942037,0.04599892434551127,4339881.045145775,-462522.2992525033,0.0,-0.014641525614776092
606,2133,18.49556,47.0,-6.1666565,64800,-0.13249529673583677,0.14366400497369602,4332472.586781167,-468106.2447951276,0.0,0.005703219046136737
676,2151,18.49556,47.0,-6.0,64800,-0.06818481199578166,0.10488278412329805,4333815.840058059,-455502.3996515776,0.0,-0.023380799878333716
431,2088,18.49556,46.91667,-6.25,86400,-0.1446243755781186,0.15036085635260715,4338517.220887722,-475144.9119816816,0.0,-0.08541571462339044
536,2115,18.49556,46.91667,-6.0,43200,-0.09259293250331042,0.01662029276565702,4340549.125536747,-456210.0964726406,0.0,0.07902314167522179
571,2124,18.49556,47.0,-6.25,43200,-0.10874685993953838,0.0819178232860377,4331787.087405169,-474407.8424903363,0.0,-0.05221394362274355
396,2079,18.49556,46.833336,-6.0,43200,-0.11954472150664122,0.031234588050154805,4347273.775744883,-456916.88569019584,0.0,0.1100077849957501
641,2142,18.49556,47.0,-6.0833282,86400,-0.08730559560515357,-0.03431325850682271,4333148.796028124,-461804.81061430223,0.0,-0.04954437476908273
676,2151,18.49556,47.0,-6.0,43200,-0.04401895073133068,0.0770908074973106,4333815.840058059,-455502.3996515776,0.0,0.03162855430446309
46,1989,18.49556,46.66667,-6.1666565,64800,0.036631197927666226,0.026056306713018576,4359343.065935845,-471009.49203812674,0.0,0.12796442205640207
291,2052,18.49556,46.833336,-6.25,21600,-0.11767521714797138,0.17833825078361012,4345238.723142079,-475881.0361998027,0.0,-0.14782584355674944
326,2061,18.49556,46.833336,-6.1666565,43200,-0.057439390276886215,0.0450858867795025,4345926.351221016,-469559.8699535443,0.0,-0.21113374872662347
466,2097,18.49556,46.91667,-6.1666565,64800,-0.08132414916987908,0.037716306379217863,4339203.78529813,-468833.52373287774,0.0,0.01530683866344989
186,2025,18.49556,46.75,-6.1666565,64800,-0.02695561981820542,0.11443651207826465,4352639.653859386,-470285.21531356085,0.0,-0.152752665328057
186,2025,18.49556,46.75,-6.1666565,86400,-0.05483315925001768,-0.018479677243688514,4352639.653859386,-470285.21531356085,0.0,-0.13859893556742703
536,2115,18.49556,46.91667,-6.0,86400,-0.11865442377455138,0.11851805599212127,4340549.125536747,-456210.0964726406,0.0,-0.006646036789325163
186,2025,18.49556,46.75,-6.1666565,43200,-0.13562027842438615,-0.013538243317619908,4352639.653859386,-470285.21531356085,0.0,0.019308146373893015
221,2034,18.49556,46.75,-6.0833282,64800,-0.010919461760410837,0.01657319543468798,4353319.010767862,-463954.4488188505,0.0,0.003241193759578962
151,2016,18.49556,46.75,-6.25,21600,-0.08660268315393616,-0.019250744843226322,4351950.96357759,-476616.1460837916,0.0,0.1749552845773334
11,1980,18.49556,46.66667,-6.25,43200,-0.12638564339370617,-0.004266801573223886,4358653.3150161095,-477350.1729464703,0.0,0.05512125611238915
151,2016,18.49556,46.75,-6.25,86400,-0.10383564347569602,0.2447356052329624,4351950.96357759,-476616.1460837916,0.0,-0.07405218185612086
256,2043,18.49556,46.75,-6.0,21600,-0.06336128776836643,0.11653378406985147,4353989.159796485,-457622.70099545474,0.0,0.16558153744439602
256,2043,18.49556,46.75,-6.0,64800,-0.12618124206942194,-0.028937512649537145,4353989.159796485,-457622.70099545474,0.0,-0.17611304142873185
116,2007,18.49556,46.66667,-6.0,86400,-0.17429319454192915,0.1716267933218446,4360694.650219674,-458327.4764384654,0.0,-0.1745626467194911
361,2070,18.49556,46.833336,-6.0833282,86400,-0.11905827880922401,0.055292546103864956,4346604.66032198,-463238.8677294356,0.0,0.05387121966302625
396,2079,18.49556,46.833336,-6.0,64800,-0.1153833281734777,0.01434567808789021,4347273.775744883,-456916.88569019584,0.0,0.07451468353830636
291,2052,18.49556,46.833336,-6.25,64800,-0.040170907182681244,0.2553248245507935,4345238.723142079,-475881.0361998027,0.0,-0.01693390191409246
221,2034,18.49556,46.75,-6.0833282,21600,-0.1482256989515569,0.08288560467018677,4353319.010767862,-463954.4488188505,0.0,-0.05750670934503772
571,2124,18.49556,47.0,-6.25,86400,-0.06618686075856797,0.03379767445058056,4331787.087405169,-474407.8424903363,0.0,0.11599813381146916
326,2061,18.49556,46.833336,-6.1666565,64800,-0.15841795465774572,0.10100843710817377,4345926.351221016,-469559.8699535443,0.0,-0.18031963491198666
186,2025,18.49556,46.75,-6.1666565,21600,-0.09897368606996704,0.20369959255353856,4352639.653859386,-470285.21531356085,0.0,0.019647642243852872
361,2070,18.49556,46.833336,-6.0833282,64800,-0.12473654275035942,0.099727297440122,4346604.66032198,-463238.8677294356,0.0,0.04720913445310413
81,1998,18.49556,46.66667,-6.0833282,86400,-0.179462342787893,0.20021734858547569,4360023.469108121,-464668.9756583009,0.0,-0.05577822048057502
151,2016,18.49556,46.75,-6.25,64800,-0.10127865106935986,0.10721506205869415,4351950.96357759,-476616.1460837916,0.0,0.040895653982050445
431,2088,18.49556,46.91667,-6.25,64800,-0.06826946202299923,0.058974527947417386,4338517.220887722,-475144.9119816816,0.0,-0.14493996319258565
326,2061,18.49556,46.833336,-6.1666565,21600,-0.07863914621049549,0.09679489786099005,4345926.351221016,-469559.8699535443,0.0,0.05394012564994972
361,2070,18.49556,46.833336,-6.0833282,21600,-0.06671168901564867,0.19800213847017728,4346604.66032198,-463238.8677294356,0.0,0.13817552839444006
501,2106,18.49556,46.91667,-6.0833282,64800,-0.10722631529751767,0.03729690966413348,4339881.045145775,-462522.2992525033,0.0,-0.03136856656836346
116,2007,18.49556,46.66667,-6.0,21600,-0.10900497419190219,0.14859714818299116,4360694.650219674,-458327.4764384654,0.0,-0.12244106537478722
116,2007,18.49556,46.66667,-6.0,64800,-0.08385639656768638,0.12921370973953322,4360694.650219674,-458327.4764384654,0.0,0.15914664730325342
46,1989,18.49556,46.66667,-6.1666565,86400,-0.14775800711994114,0.13969569809158056,4359343.065935845,-471009.49203812674,0.0,-0.1048380807092015
221,2034,18.49556,46.75,-6.0833282,43200,-0.10421894195706423,0.1719864905873345,4353319.010767862,-463954.4488188505,0.0,0.18532431573144123
81,1998,18.49556,46.66667,-6.0833282,64800,-0.06895467719458137,-0.07863236357187242,4360023.469108121,-464668.9756583009,0.0,-0.14074242902548334
47,2169,21.59882,46.66667,-6.1666565,86400,-0.14143471685175002,0.1377644797827704,4359343.065935845,-471009.49203812674,0.0,-0.08939004397548685
397,2259,21.59882,46.833336,-6.0,64800,-0.1132022169516214,0.024522267004876627,4347273.775744883,-456916.88569019584,0.0,0.06448934834271824
397,2259,21.59882,46.833336,-6.0,21600,-0.08467646401663062,0.13733459434736478,4347273.775744883,-456916.88569019584,0.0,-0.09318446931155104
152,2196,21.59882,46.75,-6.25,64800,-0.10147460996620353,0.10641160456992797,4351950.96357759,-476616.1460837916,0.0,0.03576351909674549
572,2304,21.59882,47.0,-6.25,21600,-0.19157488582245563,0.1651737591928215,4331787.087405169,-474407.8424903363,0.0,0.008218200478104403
432,2268,21.59882,46.91667,-6.25,43200,-0.06469748143987097,0.15313012006808727,4338517.220887722,-475144.9119816816,0.0,0.04824321649313893
537,2295,21.59882,46.91667,-6.0,21600,-0.13432487942508783,0.12626380238836094,4340549.125536747,-456210.0964726406,0.0,0.1579235379635241
257,2223,21.59882,46.75,-6.0,64800,-0.12400192060232934,-0.0076791737010760835,4353989.159796485,-457622.70099545474,0.0,-0.14706720267051385
677,2331,21.59882,47.0,-6.0,43200,-0.05211077702088061,0.08058764861614555,4333815.840058059,-455502.3996515776,0.0,0.026590517808932113
82,2178,21.59882,46.66667,-6.0833282,86400,-0.1696945557661214,0.18374190910503502,4360023.469108121,-464668.9756583009,0.0,-0.04545246550175106
117,2187,21.59882,46.66667,-6.0,86400,-0.16443976470322075,0.1655019132478745,4360694.650219674,-458327.4764384654,0.0,-0.15602236957240517
362,2250,21.59882,46.833336,-6.0833282,21600,-0.06850569360192321,0.1856110851095525,4346604.66032198,-463238.8677294356,0.0,0.11876142676080031
292,2232,21.59882,46.833336,-6.25,86400,-0.10442293621199203,0.09475462244666195,4345238.723142079,-475881.0361998027,0.0,-0.0444740803768445
502,2286,21.59882,46.91667,-6.0833282,64800,-0.10640109812943549,0.04867929226256186,4339881.045145775,-462522.2992525033,0.0,-0.026303564135594783
222,2214,21.59882,46.75,-6.0833282,21600,-0.14285652706888438,0.08983703505229329,4353319.010767862,-463954.4488188505,0.0,-0.047225953208704596
397,2259,21.59882,46.833336,-6.0,43200,-0.11553795015257864,0.04355968174243468,4347273.775744883,-456916.88569019584,0.0,0.09183725656450395
677,2331,21.59882,47.0,-6.0,64800,-0.07041164013698906,0.10581244962619428,4333815.840058059,-455502.3996515776,0.0,-0.02281135142369793
12,2160,21.59882,46.66667,-6.25,21600,-0.16298910778182724,0.10482473473215216,4358653.3150161095,-477350.1729464703,0.0,-0.05576551307513679
572,2304,21.59882,47.0,-6.25,86400,-0.06871505853926814,0.0429338148786473,4331787.087405169,-474407.8424903363,0.0,0.10739835724956699
502,2286,21.59882,46.91667,-6.0833282,86400,-0.07310764117560066,0.039316415190618424,4339881.045145775,-462522.2992525033,0.0,-0.03382865098038957
362,2250,21.59882,46.833336,-6.0833282,43200,-0.07354758111496368,0.0902103699018271,4346604.66032198,-463238.8677294356,0.0,0.06723036904491525
327,2241,21.59882,46.833336,-6.1666565,64800,-0.14888237650677805,0.09977689550306514,4345926.351221016,-469559.8699535443,0.0,-0.1528528024763493
187,2205,21.59882,46.75,-6.1666565,21600,-0.09904996915269412,0.1871751861201592,4352639.653859386,-470285.21531356085,0.0,0.014524721520702302
47,2169,21.59882,46.66667,-6.1666565,64800,0.019806856500340406,0.03559552306332338,4359343.065935845,-471009.49203812674,0.0,0.11156144496319723
12,2160,21.59882,46.66667,-6.25,64800,-0.05536833227624757,0.05618516843506679,4358653.3150161095,-477350.1729464703,0.0,-0.055446245519917246
607,2313,21.59882,47.0,-6.1666565,21600,-0.06199709584316575,0.1384003053757904,4332472.586781167,-468106.2447951276,0.0,0.07732577421115298
327,2241,21.59882,46.833336,-6.1666565,43200,-0.05944572617337748,0.054541625897435726,4345926.351221016,-469559.8699535443,0.0,-0.17984831876683902
292,2232,21.59882,46.833336,-6.25,64800,-0.048246268187266315,0.23375572309947945,4345238.723142079,-475881.0361998027,0.0,-0.015537685628868515
12,2160,21.59882,46.66667,-6.25,86400,-0.10063657432016437,0.12884529494082045,4358653.3150161095,-477350.1729464703,0.0,-0.06818959339681842
257,2223,21.59882,46.75,-6.0,21600,-0.06652592768984905,0.11560765192986228,4353989.159796485,-457622.70099545474,0.0,0.14696909205476663
537,2295,21.59882,46.91667,-6.0,64800,-0.07389831253471228,0.13443603765317813,4340549.125536747,-456210.0964726406,0.0,-0.012701353890884651
222,2214,21.59882,46.75,-6.0833282,86400,-0.06563584588229977,0.10171309259079629,4353319.010767862,-463954.4488188505,0.0,0.01809583580825523
607,2313,21.59882,47.0,-6.1666565,43200,-0.07481387463607642,0.053525065857869404,4332472.586781167,-468106.2447951276,0.0,-0.018995618919170922
607,2313,21.59882,47.0,-6.1666565,86400,-0.07289405513695853,0.20482422341944678,4332472.586781167,-468106.2447951276,0.0,0.04900960108559796
152,2196,21.59882,46.75,-6.25,86400,-0.10449366283357743,0.22535338021843615,4351950.96357759,-476616.1460837916,0.0,-0.06890208447861623
467,2277,21.59882,46.91667,-6.1666565,64800,-0.08076026745660561,0.04326633748654818,4339203.78529813,-468833.52373287774,0.0,0.017362173652999066
292,2232,21.59882,46.833336,-6.25,21600,-0.11384941121861519,0.16822997026665976,4345238.723142079,-475881.0361998027,0.0,-0.13076366505710588
572,2304,21.59882,47.0,-6.25,64800,-0.09453262592139826,0.1635424965613898,4331787.087405169,-474407.8424903363,0.0,0.15114396267014468
572,2304,21.59882,47.0,-6.25,43200,-0.10626140650063061,0.08943156795463558,4331787.087405169,-474407.8424903363,0.0,-0.04676840727442821
327,2241,21.59882,46.833336,-6.1666565,21600,-0.07734580282171886,0.09466057900835959,4345926.351221016,-469559.8699535443,0.0,0.04901757123741742
642,2322,21.59882,47.0,-6.0833282,86400,-0.0866158837010431,-0.017841015957550443,4333148.796028124,-461804.81061430223,0.0,-0.04074097634295207
467,2277,21.59882,46.91667,-6.1666565,21600,-0.0330147718730518,0.1491804685634449,4339203.78529813,-468833.52373287774,0.0,0.05500798356039732
537,2295,21.59882,46.91667,-6.0,43200,-0.09060679263738551,0.026139242613657576,4340549.125536747,-456210.0964726406,0.0,0.07620998093771317
117,2187,21.59882,46.66667,-6.0,64800,-0.0843587914836052,0.12166288383078776,4360694.650219674,-458327.4764384654,0.0,0.13983942279226877
47,2169,21.59882,46.66667,-6.1666565,21600,-0.08986923602464464,0.07536030506088387,4359343.065935845,-471009.49203812674,0.0,-0.09942763635491708
642,2322,21.59882,47.0,-6.0833282,64800,-0.07138586327992563,0.09211145488808502,4333148.796028124,-461804.81061430223,0.0,0.0035331464858568773
642,2322,21.59882,47.0,-6.0833282,43200,-0.12466750047199127,0.1225684649225273,4333148.796028124,-461804.81061430223,0.0,0.108380860811745
432,2268,21.59882,46.91667,-6.25,64800,-0.07433231831203355,0.06497170404410076,4338517.220887722,-475144.9119816816,0.0,-0.1250690782276651
502,2286,21.59882,46.91667,-6.0833282,21600,-0.14408150989844037,0.05515471866761497,4339881.045145775,-462522.2992525033,0.0,-0.008807201686061673
607,2313,21.59882,47.0,-6.1666565,64800,-0.12781257314267505,0.1408375674929369,4332472.586781167,-468106.2447951276,0.0,0.0011883814257415248
432,2268,21.59882,46.91667,-6.25,21600,-0.149167404899741,0.07154773422031843,4338517.220887722,-475144.9119816816,0.0,-0.21516784448749843
257,2223,21.59882,46.75,-6.0,86400,-0.10368123498784627,-0.0010816383861049494,4353989.159796485,-457622.70099545474,0.0,0.05254314856022892
502,2286,21.59882,46.91667,-6.0833282,43200,-0.12494308245749261,0.19812494338718797,4339881.045145775,-462522.2992525033,0.0,-0.11520547383627744
537,2295,21.59882,46.91667,-6.0,86400,-0.11601912712833948,0.11325217073820083,4340549.125536747,-456210.0964726406,0.0,-0.0025414698595105823
82,2178,21.59882,46.66667,-6.0833282,64800,-0.07404731305485175,-0.05253215715933329,4360023.469108121,-464668.9756583009,0.0,-0.12463210754463855
467,2277,21.59882,46.91667,-6.1666565,43200,-0.0766326491339738,0.12287296527405472,4339203.78529813,-468833.52373287774,0.0,0.017363991540713202
222,2214,21.59882,46.75,-6.0833282,64800,-0.022016373427011127,0.024547575089844897,4353319.010767862,-463954.4488188505,0.0,0.009441694750855916
467,2277,21.59882,46.91667,-6.1666565,86400,-0.006065457677299338,0.07860423258294656,4339203.78529813,-468833.52373287774,0.0,0.034830282465997564
152,2196,21.59882,46.75,-6.25,21600,-0.08874946795109676,9.872444341472997e-05,4351950.96357759,-476616.1460837916,0.0,0.15083485377810843
82,2178,21.59882,46.66667,-6.0833282,21600,-0.08844966699757881,0.05094097627455334,4360023.469108121,-464668.9756583009,0.0,-0.10894962878399328
117,2187,21.59882,46.66667,-6.0,21600,-0.10482247975407893,0.14136135942524736,4360694.650219674,-458327.4764384654,0.0,-0.10898320298288901
187,2205,21.59882,46.75,-6.1666565,64800,-0.03606407226639703,0.11044467535137498,4352639.653859386,-470285.21531356085,0.0,-0.13986410443214994
362,2250,21.59882,46.833336,-6.0833282,64800,-0.11966699795677677,0.09900771132336357,4346604.66032198,-463238.8677294356,0.0,0.04270905232370272
187,2205,21.59882,46.75,-6.1666565,86400,-0.06166458050936981,-0.0029721718315106477,4352639.653859386,-470285.21531356085,0.0,-0.11915943637330172
222,2214,21.59882,46.75,-6.0833282,43200,-0.10351063895477465,0.16494770978813914,4353319.010767862,-463954.4488188505,0.0,0.1629031480894619
677,2331,21.59882,47.0,-6.0,21600,-0.13747992361786968,0.15729586435246756,4333815.840058059,-455502.3996515776,0.0,-0.06750535926937092
82,2178,21.59882,46.66667,-6.0833282,43200,-0.1567940013739877,0.13841073336737356,4360023.469108121,-464668.9756583009,0.0,-0.12686454767199287
12,2160,21.59882,46.66667,-6.25,43200,-0.1201297591237871,0.011700104118235188,4358653.3150161095,-477350.1729464703,0.0,0.046533830199151596
257,2223,21.59882,46.75,-6.0,43200,-0.07734908725959465,0.10629255461354789,4353989.159796485,-457622.70099545474,0.0,0.07651520967062023
327,2241,21.59882,46.833336,-6.1666565,86400,-0.07546773239735251,0.012637776137831819,4345926.351221016,-469559.8699535443,0.0,-0.0020617934873159703
152,2196,21.59882,46.75,-6.25,43200,-0.07705585658944167,0.16203803890862925,4351950.96357759,-476616.1460837916,0.0,0.011839094102155046
117,2187,21.59882,46.66667,-6.0,43200,-0.07462185603321665,0.01175390974324364,4360694.650219674,-458327.4764384654,0.0,0.08322106476784853
187,2205,21.59882,46.75,-6.1666565,43200,-0.12855289727232885,-0.0036582411391558323,4352639.653859386,-470285.21531356085,0.0,0.019792801630906794
362,2250,21.59882,46.833336,-6.0833282,86400,-0.11281248705193382,0.05901013349493594,4346604.66032198,-463238.8677294356,0.0,0.04882187736945504
677,2331,21.59882,47.0,-6.0,86400,-0.05674583184292968,-0.03699045161638721,4333815.840058059,-455502.3996515776,0.0,0.0535901561283268
397,2259,21.59882,46.833336,-6.0,86400,-0.08225860564056556,-0.10314170448218542,4347273.775744883,-456916.88569019584,0.0,0.1542227551569257
432,2268,21.59882,46.91667,-6.25,86400,-0.13587335416810178,0.13998685569788985,4338517.220887722,-475144.9119816816,0.0,-0.07511378033917471
642,2322,21.59882,47.0,-6.0833282,21600,-0.10394292611928976,0.1821653171495627,4333148.796028124,-461804.81061430223,0.0,0.07374322989724107
292,2232,21.59882,46.833336,-6.25,43200,-0.04671623564185788,-0.07945815343140426,4345238.723142079,-475881.0361998027,0.0,0.03136626313689754
47,2169,21.59882,46.66667,-6.1666565,43200,-0.09062013487852578,0.20092459621158132,4359343.065935845,-471009.49203812674,0.0,-0.08039759220193202
608,2493,25.21141,47.0,-6.1666565,64800,-0.12318463723103751,0.1377468560762883,4332472.586781167,-468106.2447951276,0.0,-0.0025727869295836406
223,2394,25.21141,46.75,-6.0833282,21600,-0.13742244471455764,0.09603944871665601,4353319.010767862,-463954.4488188505,0.0,-0.037561170622914766
83,2358,25.21141,46.66667,-6.0833282,86400,-0.1596765428965705,0.16789600733673166,4360023.469108121,-464668.9756583009,0.0,-0.03580934044129855
503,2466,25.21141,46.91667,-6.0833282,64800,-0.1053087528428496,0.059407913664847836,4339881.045145775,-462522.2992525033,0.0,-0.021830770047855504
48,2349,25.21141,46.66667,-6.1666565,21600,-0.08924183375031136,0.07921514561758965,4359343.065935845,-471009.49203812674,0.0,-0.08397098623798815
118,2367,25.21141,46.66667,-6.0,64800,-0.08483960109293565,0.11500377277597604,4360694.650219674,-458327.4764384654,0.0,0.12100755501910389
433,2448,25.21141,46.91667,-6.25,43200,-0.06908483572685994,0.14479837063823892,4338517.220887722,-475144.9119816816,0.0,0.038037159210293346
573,2484,25.21141,47.0,-6.25,86400,-0.07124641213405561,0.05231471480642404,4331787.087405169,-474407.8424903363,0.0,0.09788500695705461
538,2475,25.21141,46.91667,-6.0,86400,-0.11315974866503481,0.10866741641574643,4340549.125536747,-456210.0964726406,0.0,0.0011444682217389953
258,2403,25.21141,46.75,-6.0,43200,-0.07934360603148055,0.10112861836518615,4353989.159796485,-457622.70099545474,0.0,0.0662212274016772
328,2421,25.21141,46.833336,-6.1666565,64800,-0.13945430527935337,0.09866818003090504,4345926.351221016,-469559.8699535443,0.0,-0.1259120228726459
608,2493,25.21141,47.0,-6.1666565,43200,-0.08039486795752852,0.06014567209530599,4332472.586781167,-468106.2447951276,0.0,-0.013799748628981992
153,2376,25.21141,46.75,-6.25,86400,-0.1047180402734915,0.20603260256757255,4351950.96357759,-476616.1460837916,0.0,-0.06316343776141552
573,2484,25.21141,47.0,-6.25,21600,-0.17421556331122462,0.15149928050492703,4331787.087405169,-474407.8424903363,0.0,0.008680283021254129
188,2385,25.21141,46.75,-6.1666565,86400,-0.06811714896048846,0.012296170008334967,4352639.653859386,-470285.21531356085,0.0,-0.09968973425477098
293,2412,25.21141,46.833336,-6.25,86400,-0.10525219893973253,0.09875365193509258,4345238.723142079,-475881.0361998027,0.0,-0.04032533862593725
13,2340,25.21141,46.66667,-6.25,86400,-0.09906575504148388,0.12166628591817,4358653.3150161095,-477350.1729464703,0.0,-0.0580896357648195
328,2421,25.21141,46.833336,-6.1666565,21600,-0.07644056149453177,0.09272612211968571,4345926.351221016,-469559.8699535443,0.0,0.04381982096091779
188,2385,25.21141,46.75,-6.1666565,43200,-0.12168904403286722,0.0065938640321691055,4352639.653859386,-470285.21531356085,0.0,0.02012981138265273
223,2394,25.21141,46.75,-6.0833282,86400,-0.06618726463115804,0.10623861780215874,4353319.010767862,-463954.4488188505,0.0,0.011522270144310863
398,2439,25.21141,46.833336,-6.0,43200,-0.1115007540826608,0.05505311070871726,4347273.775744883,-456916.88569019584,0.0,0.07456490345735652
398,2439,25.21141,46.833336,-6.0,64800,-0.11106142859587136,0.03448846204784227,4347273.775744883,-456916.88569019584,0.0,0.05460051888988386
118,2367,25.21141,46.66667,-6.0,21600,-0.10113628130780154,0.13437977783912747,4360694.650219674,-458327.4764384654,0.0,-0.09508992871715545
538,2475,25.21141,46.91667,-6.0,21600,-0.13131284313343888,0.12302777585456581,4340549.125536747,-456210.0964726406,0.0,0.13620217867393514
153,2376,25.21141,46.75,-6.25,21600,-0.09056412478541563,0.018870911882331365,4351950.96357759,-476616.1460837916,0.0,0.12753615769700424
293,2412,25.21141,46.833336,-6.25,43200,-0.052764575989756035,-0.053601226593040605,4345238.723142079,-475881.0361998027,0.0,0.02187287064174528
83,2358,25.21141,46.66667,-6.0833282,64800,-0.07867050786936232,-0.02710370269596274,4360023.469108121,-464668.9756583009,0.0,-0.10811195925483237
538,2475,25.21141,46.91667,-6.0,43200,-0.08875487863381823,0.03578711691340439,4340549.125536747,-456210.0964726406,0.0,0.07195217928078017
503,2466,25.21141,46.91667,-6.0833282,21600,-0.13514622188568448,0.06385184232375005,4339881.045145775,-462522.2992525033,0.0,-0.0040470746506429634
328,2421,25.21141,46.833336,-6.1666565,86400,-0.07814510784888239,0.02426658561970177,4345926.351221016,-469559.8699535443,0.0,0.001958243250196846
258,2403,25.21141,46.75,-6.0,86400,-0.10134477892546721,0.012620355541367617,4353989.159796485,-457622.70099545474,0.0,0.04670946425289077
83,2358,25.21141,46.66667,-6.0833282,21600,-0.09140374816043118,0.056320644688554876,4360023.469108121,-464668.9756583009,0.0,-0.09119459085101916
643,2502,25.21141,47.0,-6.0833282,86400,-0.08634323506348897,-0.0011023113666493445,4333148.796028124,-461804.81061430223,0.0,-0.032268970664821005
538,2475,25.21141,46.91667,-6.0,64800,-0.07518653022248112,0.12631202668326938,4340549.125536747,-456210.0964726406,0.0,-0.004563703074994288
363,2430,25.21141,46.833336,-6.0833282,21600,-0.07047198409452865,0.1733668045399504,4346604.66032198,-463238.8677294356,0.0,0.10002999823248587
398,2439,25.21141,46.833336,-6.0,86400,-0.08243301633342583,-0.07081718911586458,4347273.775744883,-456916.88569019584,0.0,0.13019010112762974
503,2466,25.21141,46.91667,-6.0833282,43200,-0.11920994537490909,0.18309526283799002,4339881.045145775,-462522.2992525033,0.0,-0.09800105244902978
48,2349,25.21141,46.66667,-6.1666565,43200,-0.09096947199449554,0.1826407975055842,4359343.065935845,-471009.49203812674,0.0,-0.0756984800102667
223,2394,25.21141,46.75,-6.0833282,43200,-0.10259076655221328,0.15735609754796495,4353319.010767862,-463954.4488188505,0.0,0.14038113375579994
153,2376,25.21141,46.75,-6.25,43200,-0.07940564908152509,0.15217363507883339,4351950.96357759,-476616.1460837916,0.0,0.00529715851080601
608,2493,25.21141,47.0,-6.1666565,86400,-0.07510355537173063,0.1888847058076847,4332472.586781167,-468106.2447951276,0.0,0.04022918140319669
468,2457,25.21141,46.91667,-6.1666565,86400,-0.015845593130024427,0.08087053303745523,4339203.78529813,-468833.52373287774,0.0,0.027252328107130425
188,2385,25.21141,46.75,-6.1666565,21600,-0.09879669255341475,0.1714025075437119,4352639.653859386,-470285.21531356085,0.0,0.00937241015007424
573,2484,25.21141,47.0,-6.25,64800,-0.09373163925514182,0.15378228693683588,4331787.087405169,-474407.8424903363,0.0,0.13183792123071328
468,2457,25.21141,46.91667,-6.1666565,21600,-0.041615273843528894,0.1404042852740978,4339203.78529813,-468833.52373287774,0.0,0.04409695184097073
678,2511,25.21141,47.0,-6.0,86400,-0.06133272168583595,-0.011277502202012277,4333815.840058059,-455502.3996515776,0.0,0.054262391975599567
223,2394,25.21141,46.75,-6.0833282,64800,-0.032832087016355004,0.03271917920259651,4353319.010767862,-463954.4488188505,0.0,0.014803464658395337
573,2484,25.21141,47.0,-6.25,43200,-0.10373503755938507,0.09595593036392475,4331787.087405169,-474407.8424903363,0.0,-0.04090253726553973
48,2349,25.21141,46.66667,-6.1666565,86400,-0.13489555747106663,0.13513570551888168,4359343.065935845,-471009.49203812674,0.0,-0.07444223103663204
468,2457,25.21141,46.91667,-6.1666565,43200,-0.07766312488160233,0.12139038605250199,4339203.78529813,-468833.52373287774,0.0,0.014150687007478539
48,2349,25.21141,46.66667,-6.1666565,64800,0.0032754508728062848,0.04513079611159922,4359343.065935845,-471009.49203812674,0.0,0.09530381360006661
643,2502,25.21141,47.0,-6.0833282,21600,-0.10085468714745965,0.1686274213702831,4333148.796028124,-461804.81061430223,0.0,0.059897498942863094
118,2367,25.21141,46.66667,-6.0,43200,-0.07597657414674279,0.02439090289071298,4360694.650219674,-458327.4764384654,0.0,0.07106960306071958
433,2448,25.21141,46.91667,-6.25,86400,-0.12749884187694274,0.1303027610421876,4338517.220887722,-475144.9119816816,0.0,-0.06517320634167866
363,2430,25.21141,46.833336,-6.0833282,64800,-0.11475100791269116,0.09838696247375286,4346604.66032198,-463238.8677294356,0.0,0.037847844461731395
433,2448,25.21141,46.91667,-6.25,21600,-0.13971511555627483,0.07671967580797764,4338517.220887722,-475144.9119816816,0.0,-0.18571753311336583
678,2511,25.21141,47.0,-6.0,64800,-0.07256173436201832,0.10607284591387992,4333815.840058059,-455502.3996515776,0.0,-0.021461284281099037
433,2448,25.21141,46.91667,-6.25,64800,-0.07981204244884549,0.0707636404235212,4338517.220887722,-475144.9119816816,0.0,-0.10516957215917046
363,2430,25.21141,46.833336,-6.0833282,86400,-0.10694746616746499,0.06304263644501079,4346604.66032198,-463238.8677294356,0.0,0.04358202484665402
13,2340,25.21141,46.66667,-6.25,21600,-0.14844963351771018,0.09745676950054193,4358653.3150161095,-477350.1729464703,0.0,-0.048578325890040956
643,2502,25.21141,47.0,-6.0833282,43200,-0.11918321011045968,0.11831468682132598,4333148.796028124,-461804.81061430223,0.0,0.09004121422130822
118,2367,25.21141,46.66667,-6.0,86400,-0.15443786747405758,0.15880617869212532,4360694.650219674,-458327.4764384654,0.0,-0.13676270097439946
608,2493,25.21141,47.0,-6.1666565,21600,-0.06599289727098015,0.13040326384726889,4332472.586781167,-468106.2447951276,0.0,0.06588749498097418
13,2340,25.21141,46.66667,-6.25,64800,-0.06199325612839888,0.05872058834414141,4358653.3150161095,-477350.1729464703,0.0,-0.04277253374686618
398,2439,25.21141,46.833336,-6.0,21600,-0.0861326327492262,0.12762893180863333,4347273.775744883,-456916.88569019584,0.0,-0.07694982412772185
258,2403,25.21141,46.75,-6.0,21600,-0.0695913975352716,0.11437572122758569,4353989.159796485,-457622.70099545474,0.0,0.12818208457453986
468,2457,25.21141,46.91667,-6.1666565,64800,-0.08065292907706903,0.049051732150831175,4339203.78529813,-468833.52373287774,0.0,0.018983429849222393
293,2412,25.21141,46.833336,-6.25,21600,-0.11005746937455717,0.15808123049039596,4345238.723142079,-475881.0361998027,0.0,-0.1134730785851355
678,2511,25.21141,47.0,-6.0,21600,-0.12783174481957538,0.14542836184277635,4333815.840058059,-455502.3996515776,0.0,-0.05007025286079604
83,2358,25.21141,46.66667,-6.0833282,43200,-0.14617647257129202,0.13194671184543877,4360023.469108121,-464668.9756583009,0.0,-0.10566033349083749
363,2430,25.21141,46.833336,-6.0833282,43200,-0.07600562878909332,0.09062906118799406,4346604.66032198,-463238.8677294356,0.0,0.05675825308235544
13,2340,25.21141,46.66667,-6.25,43200,-0.11425543379401382,0.027308967893209274,4358653.3150161095,-477350.1729464703,0.0,0.0380594658924173
188,2385,25.21141,46.75,-6.1666565,64800,-0.044967451266457174,0.10676415647401871,4352639.653859386,-470285.21531356085,0.0,-0.12605755335350521
503,2466,25.21141,46.91667,-6.0833282,86400,-0.07643041618269161,0.047968162039303805,4339881.045145775,-462522.2992525033,0.0,-0.026489184842909328
678,2511,25.21141,47.0,-6.0,43200,-0.05959408371865152,0.0835974718206809,4333815.840058059,-455502.3996515776,0.0,0.021833723042875727
293,2412,25.21141,46.833336,-6.25,64800,-0.055828422582243714,0.2124285305110733,4345238.723142079,-475881.0361998027,0.0,-0.013886552628063561
153,2376,25.21141,46.75,-6.25,64800,-0.10138497633172613,0.10510131801102975,4351950.96357759,-476616.1460837916,0.0,0.03057386287815564
258,2403,25.21141,46.75,-6.0,64800,-0.12143969201039151,0.012684493136212158,4353989.159796485,-457622.70099545474,0.0,-0.11922052202822982
328,2421,25.21141,46.833336,-6.1666565,43200,-0.061655210741664995,0.06338437409664385,4345926.351221016,-469559.8699535443,0.0,-0.14965259860016586
643,2502,25.21141,47.0,-6.0833282,64800,-0.07441970794994648,0.08691437958276804,4333148.796028124,-461804.81061430223,0.0,0.004737276767992712
679,2691,29.44473,47.0,-6.0,21600,-0.118790297928967,0.13446603746958063,4333815.840058059,-455502.3996515776,0.0,-0.03461249149128971
469,2637,29.44473,46.91667,-6.1666565,21600,-0.049813130046652804,0.13202051217449637,4339203.78529813,-468833.52373287774,0.0,0.0340192401973613
154,2556,29.44473,46.75,-6.25,21600,-0.09195300065198302,0.0365967607855526,4351950.96357759,-476616.1460837916,0.0,0.1054622793559349
539,2655,29.44473,46.91667,-6.0,43200,-0.08710150000857193,0.04544257352740141,4340549.125536747,-456210.0964726406,0.0,0.06633198548219424
84,2538,29.44473,46.66667,-6.0833282,64800,-0.08270952237434621,-0.0028268740298715567,4360023.469108121,-464668.9756583009,0.0,-0.09154735113999683
259,2583,29.44473,46.75,-6.0,64800,-0.11850661359557248,0.03168394588478794,4353989.159796485,-457622.70099545474,0.0,-0.09324240128458072
14,2520,29.44473,46.66667,-6.25,43200,-0.10887313158905716,0.04217072892727859,4358653.3150161095,-477350.1729464703,0.0,0.029953024176054988
189,2565,29.44473,46.75,-6.1666565,64800,-0.05350984088563698,0.10347864944136993,4352639.653859386,-470285.21531356085,0.0,-0.11144509187097239
574,2664,29.44473,47.0,-6.25,64800,-0.09283072624304942,0.1441661832359507,4331787.087405169,-474407.8424903363,0.0,0.11259061657315753
49,2529,29.44473,46.66667,-6.1666565,86400,-0.128240729980239,0.13182532319493545,4359343.065935845,-471009.49203812674,0.0,-0.06028206398687052
469,2637,29.44473,46.91667,-6.1666565,43200,-0.07878477828357264,0.11994349855724748,4339203.78529813,-468833.52373287774,0.0,0.0113506921284826
294,2592,29.44473,46.833336,-6.25,21600,-0.10638992427407813,0.1480925507137204,4345238.723142079,-475881.0361998027,0.0,-0.09622674536530837
49,2529,29.44473,46.66667,-6.1666565,64800,-0.012613911353905188,0.05439951818381704,4359343.065935845,-471009.49203812674,0.0,0.07951089042547387
399,2619,29.44473,46.833336,-6.0,64800,-0.1089025349823936,0.044114318712859514,4347273.775744883,-456916.88569019584,0.0,0.04505656129305669
644,2682,29.44473,47.0,-6.0833282,21600,-0.09781029569205836,0.15528539305296785,4333148.796028124,-461804.81061430223,0.0,0.047002984545161955
574,2664,29.44473,47.0,-6.25,43200,-0.10122885467870006,0.10120906552853735,4331787.087405169,-474407.8424903363,0.0,-0.03483102807378401
364,2610,29.44473,46.833336,-6.0833282,64800,-0.11014332506280702,0.09791987645709821,4346604.66032198,-463238.8677294356,0.0,0.032676047517750995
434,2628,29.44473,46.91667,-6.25,64800,-0.08458422507678458,0.07628013676638618,4338517.220887722,-475144.9119816816,0.0,-0.08560730641475482
119,2547,29.44473,46.66667,-6.0,43200,-0.07749516531176048,0.03672833957393907,4360694.650219674,-458327.4764384654,0.0,0.05955135024732708
679,2691,29.44473,47.0,-6.0,43200,-0.06631880273768755,0.08609233374039048,4333815.840058059,-455502.3996515776,0.0,0.017544108439948993
399,2619,29.44473,46.833336,-6.0,21600,-0.08734178864836974,0.11890103332222852,4347273.775744883,-456916.88569019584,0.0,-0.06165438823867213
84,2538,29.44473,46.66667,-6.0833282,21600,-0.09358592853757003,0.06199831142836348,4360023.469108121,-464668.9756583009,0.0,-0.0744844548978535
504,2646,29.44473,46.91667,-6.0833282,43200,-0.11388997371582857,0.16857763812424342,4339881.045145775,-462522.2992525033,0.0,-0.08108801021376626
679,2691,29.44473,47.0,-6.0,64800,-0.0746223722358821,0.10576106404179464,4333815.840058059,-455502.3996515776,0.0,-0.019426966598414946
539,2655,29.44473,46.91667,-6.0,64800,-0.0765677659535441,0.11884574555461651,4340549.125536747,-456210.0964726406,0.0,0.002229685393791298
399,2619,29.44473,46.833336,-6.0,86400,-0.08257149845387986,-0.039955618700884404,4347273.775744883,-456916.88569019584,0.0,0.10711101769096454
609,2673,29.44473,47.0,-6.1666565,21600,-0.06983410968687725,0.12324443105359863,4332472.586781167,-468106.2447951276,0.0,0.05506208956019819
189,2565,29.44473,46.75,-6.1666565,21600,-0.0981791152207634,0.15681281232849523,4352639.653859386,-470285.21531356085,0.0,0.0044060475966208636
154,2556,29.44473,46.75,-6.25,43200,-0.08141058278902738,0.14269954334003715,4351950.96357759,-476616.1460837916,0.0,-0.00028722928577337215
329,2601,29.44473,46.833336,-6.1666565,64800,-0.13033798402091387,0.09770296754179686,4345926.351221016,-469559.8699535443,0.0,-0.10012642321032288
259,2583,29.44473,46.75,-6.0,86400,-0.09902797874343444,0.026151695279081483,4353989.159796485,-457622.70099545474,0.0,0.04063868381692894
329,2601,29.44473,46.833336,-6.1666565,43200,-0.06407250816094157,0.07144317574975742,4345926.351221016,-469559.8699535443,0.0,-0.12118513241464982
609,2673,29.44473,47.0,-6.1666565,86400,-0.07721679819727703,0.17334234453534791,4332472.586781167,-468106.2447951276,0.0,0.03231484755839699
14,2520,29.44473,46.66667,-6.25,21600,-0.13498472283685087,0.09189299149924066,4358653.3150161095,-477350.1729464703,0.0,-0.04117499008048497
644,2682,29.44473,47.0,-6.0833282,86400,-0.08643881055582166,0.015516389699961983,4333148.796028124,-461804.81061430223,0.0,-0.024336005448519722
329,2601,29.44473,46.833336,-6.1666565,86400,-0.08064559596292353,0.035588961103933746,4345926.351221016,-469559.8699535443,0.0,0.005099336020009125
504,2646,29.44473,46.91667,-6.0833282,21600,-0.12671785256421228,0.07187497492560421,4339881.045145775,-462522.2992525033,0.0,-0.0004240776850504219
364,2610,29.44473,46.833336,-6.0833282,21600,-0.07259637552205009,0.1614700245560181,4346604.66032198,-463238.8677294356,0.0,0.08224187072411357
49,2529,29.44473,46.66667,-6.1666565,43200,-0.09109247134418144,0.1652822072053814,4359343.065935845,-471009.49203812674,0.0,-0.069713157462314
294,2592,29.44473,46.833336,-6.25,64800,-0.06278541872441169,0.19167931627164414,4345238.723142079,-475881.0361998027,0.0,-0.012097832468789298
294,2592,29.44473,46.833336,-6.25,43200,-0.05876014512641797,-0.028435857366868766,4345238.723142079,-475881.0361998027,0.0,0.01356219605002085
434,2628,29.44473,46.91667,-6.25,43200,-0.0731967066299385,0.1366940525420697,4338517.220887722,-475144.9119816816,0.0,0.029165859639307783
224,2574,29.44473,46.75,-6.0833282,21600,-0.1319395799379764,0.10127884485044428,4353319.010767862,-463954.4488188505,0.0,-0.028804779593705834
679,2691,29.44473,47.0,-6.0,86400,-0.06582781896027429,0.012260989826880217,4333815.840058059,-455502.3996515776,0.0,0.053273950968670936
119,2547,29.44473,46.66667,-6.0,21600,-0.09797943331152469,0.12775442673777979,4360694.650219674,-458327.4764384654,0.0,-0.08092817519859848
469,2637,29.44473,46.91667,-6.1666565,86400,-0.025903792642500242,0.08346627821618134,4339203.78529813,-468833.52373287774,0.0,0.020531312166669497
434,2628,29.44473,46.91667,-6.25,86400,-0.11960608445331672,0.1214977299621854,4338517.220887722,-475144.9119816816,0.0,-0.055620315537040214
469,2637,29.44473,46.91667,-6.1666565,64800,-0.08095404628375745,0.05503609383184639,4339203.78529813,-468833.52373287774,0.0,0.020123019897476904
224,2574,29.44473,46.75,-6.0833282,64800,-0.043200831046728165,0.041071795462919565,4353319.010767862,-463954.4488188505,0.0,0.019003518186552174
609,2673,29.44473,47.0,-6.1666565,43200,-0.0852016509972399,0.06655876599869498,4332472.586781167,-468106.2447951276,0.0,-0.00941326235878526
154,2556,29.44473,46.75,-6.25,86400,-0.10451481767600981,0.1872048936919614,4351950.96357759,-476616.1460837916,0.0,-0.0567721948332968
434,2628,29.44473,46.91667,-6.25,21600,-0.1306303432265984,0.08164154808323601,4338517.220887722,-475144.9119816816,0.0,-0.1569424159808284
574,2664,29.44473,47.0,-6.25,86400,-0.07373437374230576,0.06164294970291203,4331787.087405169,-474407.8424903363,0.0,0.08744598617081986
294,2592,29.44473,46.833336,-6.25,86400,-0.10545023107556586,0.10183888948101834,4345238.723142079,-475881.0361998027,0.0,-0.03577011098144377
574,2664,29.44473,47.0,-6.25,21600,-0.1575719662412515,0.13872650065519462,4331787.087405169,-474407.8424903363,0.0,0.008654115029752272
329,2601,29.44473,46.833336,-6.1666565,21600,-0.07606486968202084,0.09116254838437012,4345926.351221016,-469559.8699535443,0.0,0.038380365578495994
644,2682,29.44473,47.0,-6.0833282,64800,-0.07713690587170807,0.08301290872629578,4333148.796028124,-461804.81061430223,0.0,0.005645000904942303
14,2520,29.44473,46.66667,-6.25,86400,-0.09753109160082925,0.11523230268225271,4358653.3150161095,-477350.1729464703,0.0,-0.04818210450037719
189,2565,29.44473,46.75,-6.1666565,86400,-0.07404020983395197,0.027100802207515734,4352639.653859386,-470285.21531356085,0.0,-0.0806804043059802
14,2520,29.44473,46.66667,-6.25,64800,-0.06802835097033597,0.06174401012289066,4358653.3150161095,-477350.1729464703,0.0,-0.03131530097105513
189,2565,29.44473,46.75,-6.1666565,43200,-0.11518311754782087,0.017258810961900323,4352639.653859386,-470285.21531356085,0.0,0.020251701667583555
224,2574,29.44473,46.75,-6.0833282,86400,-0.06718445729522562,0.10952972274017983,4353319.010767862,-463954.4488188505,0.0,0.005733034417841675
399,2619,29.44473,46.833336,-6.0,43200,-0.10749708860941656,0.06546076550560262,4347273.775744883,-456916.88569019584,0.0,0.0584861437471624
154,2556,29.44473,46.75,-6.25,64800,-0.1009719591455788,0.10348893262927952,4351950.96357759,-476616.1460837916,0.0,0.025478135352264886
119,2547,29.44473,46.66667,-6.0,86400,-0.14443453766968295,0.15162003996170315,4360694.650219674,-458327.4764384654,0.0,-0.11723732557127857
644,2682,29.44473,47.0,-6.0833282,43200,-0.11376366462428628,0.11451927322698441,4333148.796028124,-461804.81061430223,0.0,0.07260354439587262
364,2610,29.44473,46.833336,-6.0833282,86400,-0.10161383709131169,0.06732051223654985,4346604.66032198,-463238.8677294356,0.0,0.03820359195688522
259,2583,29.44473,46.75,-6.0,21600,-0.07252049529699105,0.11281728117369248,4353989.159796485,-457622.70099545474,0.0,0.10949970950746053
49,2529,29.44473,46.66667,-6.1666565,21600,-0.0887181519613747,0.082828484821082,4359343.065935845,-471009.49203812674,0.0,-0.06877789023415985
259,2583,29.44473,46.75,-6.0,43200,-0.08125928363660173,0.09689630353834736,4353989.159796485,-457622.70099545474,0.0,0.056038444153399314
539,2655,29.44473,46.91667,-6.0,21600,-0.1276656239641002,0.11972383199269207,4340549.125536747,-456210.0964726406,0.0,0.11453216259671657
224,2574,29.44473,46.75,-6.0833282,43200,-0.10143200091036546,0.14939323399685014,4353319.010767862,-463954.4488188505,0.0,0.11807548506108653
504,2646,29.44473,46.91667,-6.0833282,86400,-0.07953467746775254,0.05605083743774111,4339881.045145775,-462522.2992525033,0.0,-0.019912094879690936
119,2547,29.44473,46.66667,-6.0,64800,-0.08526473599771282,0.10937482845283691,4360694.650219674,-458327.4764384654,0.0,0.10285805342496905
364,2610,29.44473,46.833336,-6.0833282,43200,-0.0784414619395745,0.09130215680565049,4346604.66032198,-463238.8677294356,0.0,0.04667451175858175
609,2673,29.44473,47.0,-6.1666565,64800,-0.11863685193986959,0.13433033827404484,4332472.586781167,-468106.2447951276,0.0,-0.005503831646628221
539,2655,29.44473,46.91667,-6.0,86400,-0.11007467548770318,0.10482625969387009,4340549.125536747,-456210.0964726406,0.0,0.004173784732602031
84,2538,29.44473,46.66667,-6.0833282,43200,-0.13610091073763758,0.125947379181073,4360023.469108121,-464668.9756583009,0.0,-0.08542083433771022
504,2646,29.44473,46.91667,-6.0833282,64800,-0.10394679653272325,0.06916921624744538,4339881.045145775,-462522.2992525033,0.0,-0.0180685242540533
84,2538,29.44473,46.66667,-6.0833282,86400,-0.14951683700769752,0.15302045761378308,4360023.469108121,-464668.9756583009,0.0,-0.027097736191763137
540,2835,34.43415,46.91667,-6.0,64800,-0.07803537887504942,0.11226805412240178,4340549.125536747,-456210.0964726406,0.0,0.007461456993019093
190,2745,34.43415,46.75,-6.1666565,86400,-0.07926744179748085,0.04113389547311205,4352639.653859386,-470285.21531356085,0.0,-0.06265066709891352
505,2826,34.43415,46.91667,-6.0833282,64800,-0.10233151716666837,0.07770693909798472,4339881.045145775,-462522.2992525033,0.0,-0.015072861963100193
15,2700,34.43415,46.66667,-6.25,64800,-0.07334769793709386,0.06527424491867323,4358653.3150161095,-477350.1729464703,0.0,-0.021390103556522898
645,2862,34.43415,47.0,-6.0833282,43200,-0.10854929134521471,0.11127449728045681,4333148.796028124,-461804.81061430223,0.0,0.05646085862000433
365,2790,34.43415,46.833336,-6.0833282,64800,-0.10595827733655203,0.09765473009331545,4346604.66032198,-463238.8677294356,0.0,0.027306629349398672
540,2835,34.43415,46.91667,-6.0,43200,-0.08572265057701227,0.05490382741083845,4340549.125536747,-456210.0964726406,0.0,0.05943308433386011
50,2709,34.43415,46.66667,-6.1666565,86400,-0.12160960058929558,0.12786829883097797,4359343.065935845,-471009.49203812674,0.0,-0.04722684649864302
225,2754,34.43415,46.75,-6.0833282,86400,-0.06864746531248499,0.11151078137445193,4353319.010767862,-463954.4488188505,0.0,0.0009328654990384177
470,2817,34.43415,46.91667,-6.1666565,64800,-0.08162461922948448,0.06115841812102845,4339203.78529813,-468833.52373287774,0.0,0.02067924477789025
575,2844,34.43415,47.0,-6.25,86400,-0.07612878769107582,0.07058705040043897,4331787.087405169,-474407.8424903363,0.0,0.07621831282669256
400,2799,34.43415,46.833336,-6.0,64800,-0.10669758282206754,0.05324040175139587,4347273.775744883,-456916.88569019584,0.0,0.03609041485770507
15,2700,34.43415,46.66667,-6.25,43200,-0.10411004000706697,0.05588638711017684,4358653.3150161095,-477350.1729464703,0.0,0.022456354679998233
260,2763,34.43415,46.75,-6.0,21600,-0.07527647660345956,0.11099390554204853,4353989.159796485,-457622.70099545474,0.0,0.09125737120517304
400,2799,34.43415,46.833336,-6.0,21600,-0.08827081375535736,0.11135338859881125,4347273.775744883,-456916.88569019584,0.0,-0.04767975007023121
680,2871,34.43415,47.0,-6.0,43200,-0.07213501079514797,0.08807434952692458,4333815.840058059,-455502.3996515776,0.0,0.013856684404609004
470,2817,34.43415,46.91667,-6.1666565,21600,-0.05745619261243878,0.12428073235211337,4339203.78529813,-468833.52373287774,0.0,0.025045660219739887
400,2799,34.43415,46.833336,-6.0,86400,-0.08270402984318635,-0.01123685011182235,4347273.775744883,-456916.88569019584,0.0,0.08549169204210301
120,2727,34.43415,46.66667,-6.0,43200,-0.07913113169549908,0.048510532356274325,4360694.650219674,-458327.4764384654,0.0,0.04880298731903461
365,2790,34.43415,46.833336,-6.0833282,21600,-0.07484643860586161,0.15015567009715308,4346604.66032198,-463238.8677294356,0.0,0.06573277035267505
540,2835,34.43415,46.91667,-6.0,86400,-0.1068134283268585,0.10178392809879833,4340549.125536747,-456210.0964726406,0.0,0.006380445495901466
260,2763,34.43415,46.75,-6.0,43200,-0.0830475686149639,0.09371727211248934,4353989.159796485,-457622.70099545474,0.0,0.0462099344430082
575,2844,34.43415,47.0,-6.25,43200,-0.09880577904454992,0.10500150759707441,4331787.087405169,-474407.8424903363,0.0,-0.028750925002423263
155,2736,34.43415,46.75,-6.25,21600,-0.09286202246854108,0.052772100884144975,4351950.96357759,-476616.1460837916,0.0,0.08504868568410495
610,2853,34.43415,47.0,-6.1666565,43200,-0.08908042791637197,0.07261766955916765,4332472.586781167,-468106.2447951276,0.0,-0.0058577151574981026
50,2709,34.43415,46.66667,-6.1666565,64800,-0.02751286103445527,0.0631586881433682,4359343.065935845,-471009.49203812674,0.0,0.06452588979359247
505,2826,34.43415,46.91667,-6.0833282,86400,-0.08231578911010949,0.06344154409213461,4339881.045145775,-462522.2992525033,0.0,-0.014275691768543862
225,2754,34.43415,46.75,-6.0833282,43200,-0.100038354622635,0.1412390171847915,4353319.010767862,-463954.4488188505,0.0,0.09645584123983574
680,2871,34.43415,47.0,-6.0,21600,-0.11060553842127578,0.12469699932862756,4333815.840058059,-455502.3996515776,0.0,-0.021596319333062778
435,2808,34.43415,46.91667,-6.25,64800,-0.08848536303649535,0.08137646643299609,4338517.220887722,-475144.9119816816,0.0,-0.06688325410023732
435,2808,34.43415,46.91667,-6.25,21600,-0.12211706113456432,0.08618208839868713,4338517.220887722,-475144.9119816816,0.0,-0.12937054504058818
645,2862,34.43415,47.0,-6.0833282,86400,-0.08685119313527415,0.03155406682750278,4333148.796028124,-461804.81061430223,0.0,-0.01715682583478765
85,2718,34.43415,46.66667,-6.0833282,86400,-0.13939519927566785,0.13947255843458464,4360023.469108121,-464668.9756583009,0.0,-0.019520192290866135
120,2727,34.43415,46.66667,-6.0,21600,-0.09539000232036632,0.12161922855506455,4360694.650219674,-458327.4764384654,0.0,-0.06680222958662621
505,2826,34.43415,46.91667,-6.0833282,43200,-0.10907743966215194,0.15488205023926047,4339881.045145775,-462522.2992525033,0.0,-0.06480348008335982
470,2817,34.43415,46.91667,-6.1666565,86400,-0.03602321799502563,0.08627746238843312,4339203.78529813,-468833.52373287774,0.0,0.01484380672997517
645,2862,34.43415,47.0,-6.0833282,21600,-0.09493735662393164,0.14255720605291666,4333148.796028124,-461804.81061430223,0.0,0.035355125979979175
225,2754,34.43415,46.75,-6.0833282,21600,-0.12644517593331595,0.10533501751902127,4353319.010767862,-463954.4488188505,0.0,-0.021197218197922398
575,2844,34.43415,47.0,-6.25,64800,-0.09186763874240167,0.13494546699084842,4331787.087405169,-474407.8424903363,0.0,0.09377260126508384
295,2772,34.43415,46.833336,-6.25,64800,-0.06897638354020366,0.17199231396591722,4345238.723142079,-475881.0361998027,0.0,-0.010248020351203964
435,2808,34.43415,46.91667,-6.25,43200,-0.07692513124367042,0.12897172893516198,4338517.220887722,-475144.9119816816,0.0,0.021734835009218124
190,2745,34.43415,46.75,-6.1666565,21600,-0.09720778402886374,0.14376692960743573,4352639.653859386,-470285.21531356085,0.0,-0.00015303393538703412
295,2772,34.43415,46.833336,-6.25,21600,-0.10292138576828183,0.13850105207581895,4345238.723142079,-475881.0361998027,0.0,-0.07936381185444609
155,2736,34.43415,46.75,-6.25,64800,-0.10022077192315366,0.10170394582824352,4351950.96357759,-476616.1460837916,0.0,0.02060791169655323
435,2808,34.43415,46.91667,-6.25,86400,-0.11235450766004192,0.11378130250424609,4338517.220887722,-475144.9119816816,0.0,-0.046549132211689444
365,2790,34.43415,46.833336,-6.0833282,43200,-0.08078735145200716,0.09219719093243593,4346604.66032198,-463238.8677294356,0.0,0.03719469697660473
680,2871,34.43415,47.0,-6.0,86400,-0.07013152893224298,0.033122776494410464,4333815.840058059,-455502.3996515776,0.0,0.05052900470477784
50,2709,34.43415,46.66667,-6.1666565,21600,-0.08829153561073858,0.08611012041751863,4359343.065935845,-471009.49203812674,0.0,-0.05425303455855587
330,2781,34.43415,46.833336,-6.1666565,64800,-0.1217589299071699,0.09693269709411913,4345926.351221016,-469559.8699535443,0.0,-0.07619138039916157
120,2727,34.43415,46.66667,-6.0,86400,-0.13464167688162412,0.14407044455091075,4360694.650219674,-458327.4764384654,0.0,-0.09789134280684579
85,2718,34.43415,46.66667,-6.0833282,43200,-0.1267640039377973,0.12049013958014232,4360023.469108121,-464668.9756583009,0.0,-0.06663243427101755
120,2727,34.43415,46.66667,-6.0,64800,-0.08563384594341328,0.10488943433302429,4360694.650219674,-458327.4764384654,0.0,0.08563453254917221
645,2862,34.43415,47.0,-6.0833282,64800,-0.07951514361147399,0.08057825507789818,4333148.796028124,-461804.81061430223,0.0,0.0061710823384419486
470,2817,34.43415,46.91667,-6.1666565,43200,-0.07998042517103406,0.11847769451523718,4339203.78529813,-468833.52373287774,0.0,0.008975521535649632
540,2835,34.43415,46.91667,-6.0,21600,-0.12340432128254997,0.11643607195257671,4340549.125536747,-456210.0964726406,0.0,0.09342469070926636
190,2745,34.43415,46.75,-6.1666565,43200,-0.10919479992260261,0.028223568209919628,4352639.653859386,-470285.21531356085,0.0,0.02006068064314021
330,2781,34.43415,46.833336,-6.1666565,21600,-0.07627871849123462,0.09008942138401088,4345926.351221016,-469559.8699535443,0.0,0.032779567982276756
295,2772,34.43415,46.833336,-6.25,86400,-0.10495478067255805,0.10392578723672,4345238.723142079,-475881.0361998027,0.0,-0.030889189779810165
15,2700,34.43415,46.66667,-6.25,86400,-0.0960646603908817,0.10968896054276855,4358653.3150161095,-477350.1729464703,0.0,-0.038711230819954465
400,2799,34.43415,46.833336,-6.0,43200,-0.10363373180942259,0.07456592202151344,4347273.775744883,-456916.88569019584,0.0,0.04396243097256924
610,2853,34.43415,47.0,-6.1666565,64800,-0.11420870049067244,0.13056646701121014,4332472.586781167,-468106.2447951276,0.0,-0.007549279950691031
50,2709,34.43415,46.66667,-6.1666565,43200,-0.09098883474992385,0.14930119567212882,4359343.065935845,-471009.49203812674,0.0,-0.0624336734570052
575,2844,34.43415,47.0,-6.25,21600,-0.14205677527265895,0.12717355945747186,4331787.087405169,-474407.8424903363,0.0,0.008161758637417329
260,2763,34.43415,46.75,-6.0,64800,-0.11523218711225522,0.048817763126987865,4353989.159796485,-457622.70099545474,0.0,-0.0697864252684215
85,2718,34.43415,46.66667,-6.0833282,21600,-0.09493323397090687,0.0678867709165518,4360023.469108121,-464668.9756583009,0.0,-0.05913473549166731
330,2781,34.43415,46.833336,-6.1666565,43200,-0.06668008696856265,0.07850470693445816,4345926.351221016,-469559.8699535443,0.0,-0.09508409494145136
505,2826,34.43415,46.91667,-6.0833282,21600,-0.1189742463571083,0.07901684678491422,4339881.045145775,-462522.2992525033,0.0,0.002027634671010283
225,2754,34.43415,46.75,-6.0833282,64800,-0.05290024415079662,0.04949086018694589,4353319.010767862,-463954.4488188505,0.0,0.021766044436998016
330,2781,34.43415,46.833336,-6.1666565,86400,-0.08291610329528942,0.04641438544615255,4345926.351221016,-469559.8699535443,0.0,0.007240106499992083
610,2853,34.43415,47.0,-6.1666565,86400,-0.0792232897365628,0.15853406278678178,4332472.586781167,-468106.2447951276,0.0,0.025333493088868363
155,2736,34.43415,46.75,-6.25,86400,-0.10387359445075654,0.16934345128539657,4351950.96357759,-476616.1460837916,0.0,-0.04979069039262744
260,2763,34.43415,46.75,-6.0,86400,-0.09678357548893396,0.03921234348036755,4353989.159796485,-457622.70099545474,0.0,0.034384683740441825
190,2745,34.43415,46.75,-6.1666565,64800,-0.06149214923893359,0.10067956845764958,4352639.653859386,-470285.21531356085,0.0,-0.09624571827916338
295,2772,34.43415,46.833336,-6.25,43200,-0.0645690212176478,-0.004514465288277925,4345238.723142079,-475881.0361998027,0.0,0.006639329603792182
85,2718,34.43415,46.66667,-6.0833282,64800,-0.08604312401811472,0.01970872242892785,4360023.469108121,-464668.9756583009,0.0,-0.07532376947978979
680,2871,34.43415,47.0,-6.0,64800,-0.07658703728598301,0.10497948232609595,4333815.840058059,-455502.3996515776,0.0,-0.016826009903221115
155,2736,34.43415,46.75,-6.25,43200,-0.08308626388425175,0.13387060523137836,4351950.96357759,-476616.1460837916,0.0,-0.004754688929957177
365,2790,34.43415,46.833336,-6.0833282,86400,-0.096964736006302,0.07174010198302093,4346604.66032198,-463238.8677294356,0.0,0.03275537286093714
15,2700,34.43415,46.66667,-6.25,21600,-0.12293602599881882,0.08826967789367174,4358653.3150161095,-477350.1729464703,0.0,-0.03373569996562918
610,2853,34.43415,47.0,-6.1666565,21600,-0.07343741411509572,0.11703281344470348,4332472.586781167,-468106.2447951276,0.0,0.045041867837039465
401,2979,40.34405,46.833336,-6.0,43200,-0.10004071253779534,0.0822077988215438,4347273.775744883,-456916.88569019584,0.0,0.031351512603601854
226,2934,40.34405,46.75,-6.0833282,64800,-0.06168564568512337,0.05779635448428718,4353319.010767862,-463954.4488188505,0.0,0.022897317097660828
16,2880,40.34405,46.66667,-6.25,64800,-0.07783103982798126,0.06925758560702865,4358653.3150161095,-477350.1729464703,0.0,-0.013230130498480966
191,2925,40.34405,46.75,-6.1666565,86400,-0.08364037270618557,0.05404230401248328,4352639.653859386,-470285.21531356085,0.0,-0.04615254024958366
436,2988,40.34405,46.91667,-6.25,21600,-0.11439023416893074,0.09020325661239756,4338517.220887722,-475144.9119816816,0.0,-0.10359831265899525
296,2952,40.34405,46.833336,-6.25,64800,-0.07428330616187422,0.15393350919178406,4345238.723142079,-475881.0361998027,0.0,-0.008406223864534955
471,2997,40.34405,46.91667,-6.1666565,64800,-0.08259941482204972,0.06731749805696731,4339203.78529813,-468833.52373287774,0.0,0.020540725186253415
156,2916,40.34405,46.75,-6.25,64800,-0.09914438395174754,0.09987368467287684,4351950.96357759,-476616.1460837916,0.0,0.016095597238084475
226,2934,40.34405,46.75,-6.0833282,86400,-0.07056259089078838,0.1121804411777749,4353319.010767862,-463954.4488188505,0.0,-0.0027168179136131828
611,3033,40.34405,47.0,-6.1666565,86400,-0.08109421694812936,0.14484579272281078,4332472.586781167,-468106.2447951276,0.0,0.01932394941632359
366,2970,40.34405,46.833336,-6.0833282,43200,-0.08297429320071804,0.09325836878900368,4346604.66032198,-463238.8677294356,0.0,0.02851215476879778
646,3042,40.34405,47.0,-6.0833282,64800,-0.08153481348765954,0.07967617563454549,4333148.796028124,-461804.81061430223,0.0,0.006234559363100948
366,2970,40.34405,46.833336,-6.0833282,86400,-0.09313627759530993,0.07616658253044023,4346604.66032198,-463238.8677294356,0.0,0.02732952623054179
156,2916,40.34405,46.75,-6.25,21600,-0.09327269505225942,0.0668955333919086,4351950.96357759,-476616.1460837916,0.0,0.06670401887779064
681,3051,40.34405,47.0,-6.0,43200,-0.07692650186240735,0.08959184914031856,4333815.840058059,-455502.3996515776,0.0,0.010850774025355324
331,2961,40.34405,46.833336,-6.1666565,43200,-0.06943766932492956,0.0843753746128366,4345926.351221016,-469559.8699535443,0.0,-0.0719422429371504
191,2925,40.34405,46.75,-6.1666565,64800,-0.06870075832533959,0.09844510220447157,4352639.653859386,-470285.21531356085,0.0,-0.08079852639204714
681,3051,40.34405,47.0,-6.0,64800,-0.0784537853317925,0.10386551259935103,4333815.840058059,-455502.3996515776,0.0,-0.013833061847884558
401,2979,40.34405,46.833336,-6.0,21600,-0.08889671399244532,0.10516476536917857,4347273.775744883,-456916.88569019584,0.0,-0.035405367470462364
611,3033,40.34405,47.0,-6.1666565,21600,-0.07671775372278405,0.11183332939868566,4332472.586781167,-468106.2447951276,0.0,0.035996014344328614
16,2880,40.34405,46.66667,-6.25,21600,-0.1126187767149025,0.08657984129756349,4358653.3150161095,-477350.1729464703,0.0,-0.02650099366336508
436,2988,40.34405,46.91667,-6.25,64800,-0.09136937423646153,0.08588546307710429,4338517.220887722,-475144.9119816816,0.0,-0.04958598688802381
261,2943,40.34405,46.75,-6.0,64800,-0.11168083991691516,0.06361277953578674,4353989.159796485,-457622.70099545474,0.0,-0.04944758243821681
401,2979,40.34405,46.833336,-6.0,86400,-0.08286652560849234,0.014647441094903929,4347273.775744883,-456916.88569019584,0.0,0.0658500535979213
681,3051,40.34405,47.0,-6.0,86400,-0.07411932625871691,0.05086031084334632,4333815.840058059,-455502.3996515776,0.0,0.04605995284777816
576,3024,40.34405,47.0,-6.25,86400,-0.07837579535159259,0.0787828562697709,4331787.087405169,-474407.8424903363,0.0,0.06447467449190143
16,2880,40.34405,46.66667,-6.25,43200,-0.10007446565468416,0.06805923939120867,4358653.3150161095,-477350.1729464703,0.0,0.015807003468483502
401,2979,40.34405,46.833336,-6.0,64800,-0.1044338659941797,0.061695443899385506,4347273.775744883,-456916.88569019584,0.0,0.02793777427952615
296,2952,40.34405,46.833336,-6.25,21600,-0.09972263371348075,0.12957547040937029,4345238.723142079,-475881.0361998027,0.0,-0.06329178712644991
436,2988,40.34405,46.91667,-6.25,86400,-0.10591615861192503,0.10734533148874231,4338517.220887722,-475144.9119816816,0.0,-0.038075928312731856
646,3042,40.34405,47.0,-6.0833282,86400,-0.0874993916296432,0.04649493039748405,4333148.796028124,-461804.81061430223,0.0,-0.01093874368858155
121,2907,40.34405,46.66667,-6.0,86400,-0.12531884265067122,0.13635213343114147,4360694.650219674,-458327.4764384654,0.0,-0.07922666287166177
646,3042,40.34405,47.0,-6.0833282,43200,-0.1037114381019703,0.1086145752737585,4333148.796028124,-461804.81061430223,0.0,0.04203392331231023
86,2898,40.34405,46.66667,-6.0833282,43200,-0.11835103196643733,0.11566457596629957,4360023.469108121,-464668.9756583009,0.0,-0.04981161327862774
191,2925,40.34405,46.75,-6.1666565,43200,-0.10388095569022537,0.03927095864635516,4352639.653859386,-470285.21531356085,0.0,0.019442734913500872
296,2952,40.34405,46.833336,-6.25,86400,-0.10377416819090837,0.10501286228904191,4345238.723142079,-475881.0361998027,0.0,-0.025818450732476267
16,2880,40.34405,46.66667,-6.25,86400,-0.09470489455455994,0.10515553070228387,4358653.3150161095,-477350.1729464703,0.0,-0.02996101604045416
611,3033,40.34405,47.0,-6.1666565,43200,-0.09192960391435896,0.07817130997001477,4332472.586781167,-468106.2447951276,0.0,-0.0031214767425098515
576,3024,40.34405,47.0,-6.25,21600,-0.1281023446967166,0.11719591299644341,4331787.087405169,-474407.8424903363,0.0,0.0072498087434084485
156,2916,40.34405,46.75,-6.25,43200,-0.08446684829667052,0.1259346338017831,4351950.96357759,-476616.1460837916,0.0,-0.007995029891037222
471,2997,40.34405,46.91667,-6.1666565,43200,-0.08122232179460775,0.11690241214591837,4339203.78529813,-468833.52373287774,0.0,0.007032069760555549
121,2907,40.34405,46.66667,-6.0,43200,-0.08081365208506548,0.059443845467447416,4360694.650219674,-458327.4764384654,0.0,0.03896927894649231
51,2889,40.34405,46.66667,-6.1666565,64800,-0.0410777462804439,0.07116478203852067,4359343.065935845,-471009.49203812674,0.0,0.05070623451966345
541,3015,40.34405,46.91667,-6.0,64800,-0.07956772030052199,0.10676443891895077,4340549.125536747,-456210.0964726406,0.0,0.010963814296175458
576,3024,40.34405,47.0,-6.25,43200,-0.09653404357361106,0.10725160704905576,4331787.087405169,-474407.8424903363,0.0,-0.022878330541544967
261,2943,40.34405,46.75,-6.0,86400,-0.0946829875623558,0.051463449162921754,4353989.159796485,-457622.70099545474,0.0,0.028090283201353386
331,2961,40.34405,46.833336,-6.1666565,64800,-0.11395093708256528,0.09640378356048804,4345926.351221016,-469559.8699535443,0.0,-0.05482673962689808
51,2889,40.34405,46.66667,-6.1666565,86400,-0.11518243512273584,0.12336754536116308,4359343.065935845,-471009.49203812674,0.0,-0.035591808461544756
226,2934,40.34405,46.75,-6.0833282,43200,-0.09844500201558992,0.1331172475405376,4353319.010767862,-463954.4488188505,0.0,0.07609465716255916
681,3051,40.34405,47.0,-6.0,21600,-0.10351522441147683,0.11638562098560642,4333815.840058059,-455502.3996515776,0.0,-0.011375311129268095
541,3015,40.34405,46.91667,-6.0,86400,-0.10347051989113636,0.09955340232803483,4340549.125536747,-456210.0964726406,0.0,0.007665246441816
86,2898,40.34405,46.66667,-6.0833282,64800,-0.08857454580157754,0.03988036861698208,4360023.469108121,-464668.9756583009,0.0,-0.05987602523901978
191,2925,40.34405,46.75,-6.1666565,21600,-0.09593991068548328,0.13254924577762833,4352639.653859386,-470285.21531356085,0.0,-0.004067009649103488
576,3024,40.34405,47.0,-6.25,64800,-0.0909074886298382,0.12638879651563087,4331787.087405169,-474407.8424903363,0.0,0.07582329959641683
471,2997,40.34405,46.91667,-6.1666565,21600,-0.06440535637254433,0.11742933644121624,4339203.78529813,-468833.52373287774,0.0,0.017402357884054028
366,2970,40.34405,46.833336,-6.0833282,21600,-0.0771672744229393,0.13967747057106347,4346604.66032198,-463238.8677294356,0.0,0.05085038350934486
506,3006,40.34405,46.91667,-6.0833282,43200,-0.10485037876063336,0.14235543688161834,4339881.045145775,-462522.2992525033,0.0,-0.0495776213853269
86,2898,40.34405,46.66667,-6.0833282,86400,-0.12955560445790185,0.12759619048983734,4360023.469108121,-464668.9756583009,0.0,-0.01322256297391667
646,3042,40.34405,47.0,-6.0833282,21600,-0.09238586466135362,0.13091686555465956,4333148.796028124,-461804.81061430223,0.0,0.025269132556248842
331,2961,40.34405,46.833336,-6.1666565,21600,-0.07707622936308559,0.08959174763956967,4345926.351221016,-469559.8699535443,0.0,0.027146713690939683
541,3015,40.34405,46.91667,-6.0,21600,-0.11862643499496252,0.11326220400879022,4340549.125536747,-456210.0964726406,0.0,0.07351155815590109
506,3006,40.34405,46.91667,-6.0833282,86400,-0.08468008346632165,0.07005577297450302,4339881.045145775,-462522.2992525033,0.0,-0.009704739448157133
261,2943,40.34405,46.75,-6.0,21600,-0.07782538418993067,0.10901810726094426,4353989.159796485,-457622.70099545474,0.0,0.07385078550449917
471,2997,40.34405,46.91667,-6.1666565,86400,-0.045928041757755084,0.08915937064021504,4339203.78529813,-468833.52373287774,0.0,0.010297542059196427
156,2916,40.34405,46.75,-6.25,86400,-0.10279900601407563,0.15294844869030322,4351950.96357759,-476616.1460837916,0.0,-0.042384668250507754
86,2898,40.34405,46.66667,-6.0833282,21600,-0.09543132369840708,0.07381035510438921,4360023.469108121,-464668.9756583009,0.0,-0.045463245355249614
121,2907,40.34405,46.66667,-6.0,21600,-0.09337836541784084,0.11611063757535452,4360694.650219674,-458327.4764384654,0.0,-0.05312330063565665
331,2961,40.34405,46.833336,-6.1666565,86400,-0.08489257940084907,0.05653037116528482,4345926.351221016,-469559.8699535443,0.0,0.00830440245814092
541,3015,40.34405,46.91667,-6.0,43200,-0.08469435328092402,0.06391456803885359,4340549.125536747,-456210.0964726406,0.0,0.05143787037524902
226,2934,40.34405,46.75,-6.0833282,21600,-0.1209940585797929,0.10803212992760772,4353319.010767862,-463954.4488188505,0.0,-0.014916227467354892
506,3006,40.34405,46.91667,-6.0833282,64800,-0.10050514712004541,0.08482058968890105,4339881.045145775,-462522.2992525033,0.0,-0.012825120406920614
506,3006,40.34405,46.91667,-6.0833282,21600,-0.11208344279782938,0.08509547250452869,4339881.045145775,-462522.2992525033,0.0,0.00334966479689971
51,2889,40.34405,46.66667,-6.1666565,43200,-0.09068131532186637,0.13514363492634754,4359343.065935845,-471009.49203812674,0.0,-0.05401158701343583
296,2952,40.34405,46.833336,-6.25,43200,-0.07002043092361639,0.01756133747801618,4345238.723142079,-475881.0361998027,0.0,0.0012591933595254283
366,2970,40.34405,46.833336,-6.0833282,64800,-0.10228009802183033,0.09762867169804587,4346604.66032198,-463238.8677294356,0.0,0.021919260717425493
436,2988,40.34405,46.91667,-6.25,43200,-0.0801651711694562,0.12182507682309662,4338517.220887722,-475144.9119816816,0.0,0.01578592323213785
121,2907,40.34405,46.66667,-6.0,64800,-0.08596565074780764,0.10159515420532439,4360694.650219674,-458327.4764384654,0.0,0.06958807357421304
261,2943,40.34405,46.75,-6.0,43200,-0.08465026068505355,0.09166480269850454,4353989.159796485,-457622.70099545474,0.0,0.0370105411632565
51,2889,40.34405,46.66667,-6.1666565,21600,-0.08795469478721886,0.08899634453608302,4359343.065935845,-471009.49203812674,0.0,-0.04083447220764573
611,3033,40.34405,47.0,-6.1666565,64800,-0.10994776549854648,0.12647465135543867,4332472.586781167,-468106.2447951276,0.0,-0.008701205222615336
157,3096,47.37369,46.75,-6.25,21600,-0.09320881373012381,0.07853848353153717,4351950.96357759,-476616.1460837916,0.0,0.050749027823296475
192,3105,47.37369,46.75,-6.1666565,64800,-0.07493667704404418,0.09682048541086515,4352639.653859386,-470285.21531356085,0.0,-0.06556210502301137
87,3078,47.37369,46.66667,-6.0833282,64800,-0.09026284243411001,0.0571298219744236,4360023.469108121,-464668.9756583009,0.0,-0.04567239447854465
682,3231,47.37369,47.0,-6.0,21600,-0.09770967730266625,0.10972104857888165,4333815.840058059,-455502.3996515776,0.0,-0.004104176072691077
192,3105,47.37369,46.75,-6.1666565,43200,-0.09937403998665545,0.05010420290874314,4352639.653859386,-470285.21531356085,0.0,0.01829634966724081
367,3150,47.37369,46.833336,-6.0833282,64800,-0.09915717289793936,0.09785285089554548,4346604.66032198,-463238.8677294356,0.0,0.016748295811309846
647,3222,47.37369,47.0,-6.0833282,86400,-0.0882666421819662,0.0598235056930363,4333148.796028124,-461804.81061430223,0.0,-0.005857396278891674
332,3141,47.37369,46.833336,-6.1666565,64800,-0.10712927846556551,0.09613503320957659,4345926.351221016,-469559.8699535443,0.0,-0.036686172868074386
262,3123,47.37369,46.75,-6.0,64800,-0.10796078032779088,0.07570455467150539,4353989.159796485,-457622.70099545474,0.0,-0.03267540658419882
507,3186,47.37369,46.91667,-6.0833282,86400,-0.08655509924940409,0.07585560396311382,4339881.045145775,-462522.2992525033,0.0,-0.006240609336992154
297,3132,47.37369,46.833336,-6.25,64800,-0.07863762077242901,0.13806950465124734,4345238.723142079,-475881.0361998027,0.0,-0.00663988230282201
157,3096,47.37369,46.75,-6.25,86400,-0.1013292573688033,0.13849375625486804,4351950.96357759,-476616.1460837916,0.0,-0.03481713681963354
192,3105,47.37369,46.75,-6.1666565,86400,-0.08703790833413505,0.06547691570193623,4352639.653859386,-470285.21531356085,0.0,-0.031721496766615113
402,3159,47.37369,46.833336,-6.0,86400,-0.08310179988236917,0.03708414604772017,4347273.775744883,-456916.88569019584,0.0,0.04865573684198273
17,3060,47.37369,46.66667,-6.25,64800,-0.08140132707305942,0.0735730685818755,4358653.3150161095,-477350.1729464703,0.0,-0.006951732512765125
122,3087,47.37369,46.66667,-6.0,64800,-0.08628806540233236,0.09944317442924903,4360694.650219674,-458327.4764384654,0.0,0.054954786365245895
157,3096,47.37369,46.75,-6.25,64800,-0.09779067228109004,0.09814693437786239,4351950.96357759,-476616.1460837916,0.0,0.012071620952042726
332,3141,47.37369,46.833336,-6.1666565,21600,-0.07838392324793365,0.08970872033561919,4345926.351221016,-469559.8699535443,0.0,0.021658523286511033
52,3069,47.37369,46.66667,-6.1666565,64800,-0.053001761790474625,0.07818978347289082,4359343.065935845,-471009.49203812674,0.0,0.038386945817885834
227,3114,47.37369,46.75,-6.0833282,43200,-0.09672099696500244,0.12530725529515926,4353319.010767862,-463954.4488188505,0.0,0.057600491514573256
297,3132,47.37369,46.833336,-6.25,21600,-0.09686174843822884,0.12159062151147329,4345238.723142079,-475881.0361998027,0.0,-0.0484642770362655
542,3195,47.37369,46.91667,-6.0,86400,-0.10017990885994438,0.09808575135571042,4340549.125536747,-456210.0964726406,0.0,0.008013041736889135
87,3078,47.37369,46.66667,-6.0833282,86400,-0.12029254010294418,0.11767671444530077,4360023.469108121,-464668.9756583009,0.0,-0.008271049626438407
192,3105,47.37369,46.75,-6.1666565,21600,-0.09447932846716409,0.1233277934942772,4352639.653859386,-470285.21531356085,0.0,-0.007100513530775632
402,3159,47.37369,46.833336,-6.0,64800,-0.10211329422525471,0.06931911442653839,4347273.775744883,-456916.88569019584,0.0,0.020803728902604655
367,3150,47.37369,46.833336,-6.0833282,21600,-0.07947997913535025,0.13027894639216384,4346604.66032198,-463238.8677294356,0.0,0.0378943916344114
157,3096,47.37369,46.75,-6.25,43200,-0.08560282257114044,0.11909992139105902,4351950.96357759,-476616.1460837916,0.0,-0.009969921109335577
227,3114,47.37369,46.75,-6.0833282,21600,-0.11565928327687697,0.10929365227991064,4353319.010767862,-463954.4488188505,0.0,-0.010046770707242882
612,3213,47.37369,47.0,-6.1666565,21600,-0.07959992238490542,0.10764790442906003,4332472.586781167,-468106.2447951276,0.0,0.028050403861593524
262,3123,47.37369,46.75,-6.0,86400,-0.09280514901682546,0.06256008017438225,4353989.159796485,-457622.70099545474,0.0,0.02196433463251889
472,3177,47.37369,46.91667,-6.1666565,43200,-0.08247121790182799,0.11511652666563195,4339203.78529813,-468833.52373287774,0.0,0.005499031870434735
52,3069,47.37369,46.66667,-6.1666565,43200,-0.09021659933283913,0.12318859384257214,4359343.065935845,-471009.49203812674,0.0,-0.04477905248009879
577,3204,47.37369,47.0,-6.25,64800,-0.0900285066832846,0.11876205462835505,4331787.087405169,-474407.8424903363,0.0,0.05921950341554634
507,3186,47.37369,46.91667,-6.0833282,21600,-0.10617510959248497,0.08998451407282479,4339881.045145775,-462522.2992525033,0.0,0.003687158005273621
507,3186,47.37369,46.91667,-6.0833282,43200,-0.1012490952020189,0.1313225048990625,4339881.045145775,-462522.2992525033,0.0,-0.0358763266109896
332,3141,47.37369,46.833336,-6.1666565,86400,-0.08651747832867644,0.06572851985312636,4345926.351221016,-469559.8699535443,0.0,0.008312567011451227
87,3078,47.37369,46.66667,-6.0833282,21600,-0.09514323445029507,0.07952534227058328,4360023.469108121,-464668.9756583009,0.0,-0.03372383549183281
542,3195,47.37369,46.91667,-6.0,43200,-0.08407853784179353,0.07219269359310994,4340549.125536747,-456210.0964726406,0.0,0.042681533815725474
542,3195,47.37369,46.91667,-6.0,64800,-0.0811276150314729,0.10246015447049531,4340549.125536747,-456210.0964726406,0.0,0.012688486599496687
472,3177,47.37369,46.91667,-6.1666565,86400,-0.055294852210667954,0.09193435431654538,4339203.78529813,-468833.52373287774,0.0,0.006909787642247917
472,3177,47.37369,46.91667,-6.1666565,21600,-0.07054171308351609,0.1116708112033809,4339203.78529813,-468833.52373287774,0.0,0.011239942350832416
262,3123,47.37369,46.75,-6.0,43200,-0.08601273393132618,0.09072873989530454,4353989.159796485,-457622.70099545474,0.0,0.028708446741636928
577,3204,47.37369,47.0,-6.25,43200,-0.09448494027098289,0.10801658215373877,4331787.087405169,-474407.8424903363,0.0,-0.017446073713732413
122,3087,47.37369,46.66667,-6.0,43200,-0.08245493286922616,0.06923182489084978,4360694.650219674,-458327.4764384654,0.0,0.030175281422728056
262,3123,47.37369,46.75,-6.0,21600,-0.08013718589628091,0.10702759214935553,4353989.159796485,-457622.70099545474,0.0,0.05771565278754722
507,3186,47.37369,46.91667,-6.0833282,64800,-0.0985411082401698,0.09039006109399653,4339881.045145775,-462522.2992525033,0.0,-0.011221164786323937
612,3213,47.37369,47.0,-6.1666565,43200,-0.09371930106289318,0.08308030350331638,4332472.586781167,-468106.2447951276,0.0,-0.0011424363891442007
647,3222,47.37369,47.0,-6.0833282,21600,-0.09030153198662753,0.1208316993730088,4333148.796028124,-461804.81061430223,0.0,0.01699535650400965
122,3087,47.37369,46.66667,-6.0,21600,-0.0919086060683749,0.11134057791252296,4360694.650219674,-458327.4764384654,0.0,-0.040371990604324774
52,3069,47.37369,46.66667,-6.1666565,21600,-0.08770051382126552,0.0914482952793354,4359343.065935845,-471009.49203812674,0.0,-0.028955807867278933
437,3168,47.37369,46.91667,-6.25,43200,-0.08283694415935716,0.1154582094569084,4338517.220887722,-475144.9119816816,0.0,0.011256795408660763
332,3141,47.37369,46.833336,-6.1666565,43200,-0.07228115152838874,0.08893708727927475,4345926.351221016,-469559.8699535443,0.0,-0.05222664081521844
682,3231,47.37369,47.0,-6.0,64800,-0.0802205080544315,0.1025929282002988,4333815.840058059,-455502.3996515776,0.0,-0.010681783499712775
122,3087,47.37369,46.66667,-6.0,86400,-0.11674745758462278,0.12872903571098104,4360694.650219674,-458327.4764384654,0.0,-0.0617986077153935
17,3060,47.37369,46.66667,-6.25,21600,-0.10426183947542468,0.08662952969413114,4358653.3150161095,-477350.1729464703,0.0,-0.019757904472766655
437,3168,47.37369,46.91667,-6.25,86400,-0.1004434669864134,0.10232453298274707,4338517.220887722,-475144.9119816816,0.0,-0.030311611950161237
367,3150,47.37369,46.833336,-6.0833282,43200,-0.08492884035256475,0.0944058875124608,4346604.66032198,-463238.8677294356,0.0,0.02080204637716943
647,3222,47.37369,47.0,-6.0833282,64800,-0.08319698803233314,0.08023968330991772,4333148.796028124,-461804.81061430223,0.0,0.005797022608036663
297,3132,47.37369,46.833336,-6.25,86400,-0.1019935324048993,0.10518992014232745,4345238.723142079,-475881.0361998027,0.0,-0.02074339671443854
87,3078,47.37369,46.66667,-6.0833282,43200,-0.11101203378835195,0.11154013476481639,4360023.469108121,-464668.9756583009,0.0,-0.03541677015833272
227,3114,47.37369,46.75,-6.0833282,64800,-0.06932677883449187,0.06576593463022862,4353319.010767862,-463954.4488188505,0.0,0.02234622405085451
577,3204,47.37369,47.0,-6.25,21600,-0.11610707857772301,0.10910153438582311,4331787.087405169,-474407.8424903363,0.0,0.006012783157259685
402,3159,47.37369,46.833336,-6.0,43200,-0.096851163073737,0.08830574171728663,4347273.775744883,-456916.88569019584,0.0,0.02093772667253813
612,3213,47.37369,47.0,-6.1666565,86400,-0.08279680325378447,0.1326648443744265,4332472.586781167,-468106.2447951276,0.0,0.014274873741380157
17,3060,47.37369,46.66667,-6.25,86400,-0.09348464418534988,0.10169119469629129,4358653.3150161095,-477350.1729464703,0.0,-0.02221169233365567
682,3231,47.37369,47.0,-6.0,86400,-0.0776617719522944,0.06519894019480586,4333815.840058059,-455502.3996515776,0.0,0.04009154772320873
612,3213,47.37369,47.0,-6.1666565,64800,-0.10590848295573876,0.12212394373256488,4332472.586781167,-468106.2447951276,0.0,-0.00901606458557512
297,3132,47.37369,46.833336,-6.25,43200,-0.07493238285701256,0.03721120486271537,4345238.723142079,-475881.0361998027,0.0,-0.002518401215741872
542,3195,47.37369,46.91667,-6.0,21600,-0.1135143972077779,0.11030690997948953,4340549.125536747,-456210.0964726406,0.0,0.0554662921878287
52,3069,47.37369,46.66667,-6.1666565,86400,-0.10916956273166392,0.1185188627476451,4359343.065935845,-471009.49203812674,0.0,-0.02564456042218688
17,3060,47.37369,46.66667,-6.25,43200,-0.0968253593163776,0.07833812821418146,4358653.3150161095,-477350.1729464703,0.0,0.01021767728468156
227,3114,47.37369,46.75,-6.0833282,86400,-0.07286576335125163,0.11164880029660226,4353319.010767862,-463954.4488188505,0.0,-0.0051287972974001185
647,3222,47.37369,47.0,-6.0833282,43200,-0.099425400380848,0.10651111937088123,4333148.796028124,-461804.81061430223,0.0,0.02969090759501703
472,3177,47.37369,46.91667,-6.1666565,64800,-0.08377386257043312,0.07336306102650503,4339203.78529813,-468833.52373287774,0.0,0.019631863551861257
577,3204,47.37369,47.0,-6.25,86400,-0.08042225457728057,0.08586492427773848,4331787.087405169,-474407.8424903363,0.0,0.05261401276147017
437,3168,47.37369,46.91667,-6.25,64800,-0.09315641343245118,0.08965816647906782,4338517.220887722,-475144.9119816816,0.0,-0.03432004708610983
402,3159,47.37369,46.833336,-6.0,21600,-0.08922313857277539,0.10044838133052406,4347273.775744883,-456916.88569019584,0.0,-0.025135761212881195
437,3168,47.37369,46.91667,-6.25,21600,-0.1076447317413392,0.09357201438253344,4338517.220887722,-475144.9119816816,0.0,-0.08022468013603419
367,3150,47.37369,46.833336,-6.0833282,86400,-0.09022237469071202,0.0804415456704442,4346604.66032198,-463238.8677294356,0.0,0.022045866639131752
682,3231,47.37369,47.0,-6.0,43200,-0.08064255207159468,0.09074450076297713,4333815.840058059,-455502.3996515776,0.0,0.00853521559026179
613,3393,55.76429,47.0,-6.1666565,64800,-0.1021543554278418,0.11764320993245667,4332472.586781167,-468106.2447951276,0.0,-0.008617232090530781
158,3276,55.76429,46.75,-6.25,86400,-0.09954469749591709,0.12635010580414385,4351950.96357759,-476616.1460837916,0.0,-0.02743119738622856
298,3312,55.76429,46.833336,-6.25,43200,-0.07914100715101742,0.05396478873538528,4345238.723142079,-475881.0361998027,0.0,-0.004761354107797032
333,3321,55.76429,46.833336,-6.1666565,86400,-0.08775421588707595,0.07382946022903834,4345926.351221016,-469559.8699535443,0.0,0.007414710982185976
578,3384,55.76429,47.0,-6.25,86400,-0.08222372710754308,0.09152846116239402,4331787.087405169,-474407.8424903363,0.0,0.04113376024215519
438,3348,55.76429,46.91667,-6.25,43200,-0.08490649124008784,0.11005541183417142,4338517.220887722,-475144.9119816816,0.0,0.007971811343468091
123,3267,55.76429,46.66667,-6.0,64800,-0.08662804676571276,0.09827650386804994,4360694.650219674,-458327.4764384654,0.0,0.04194076337378694
53,3249,55.76429,46.66667,-6.1666565,43200,-0.08966315026563049,0.11367667835692782,4359343.065935845,-471009.49203812674,0.0,-0.035248127609700024
543,3375,55.76429,46.91667,-6.0,21600,-0.1083307296678744,0.10766753579172925,4340549.125536747,-456210.0964726406,0.0,0.03989483675258195
158,3276,55.76429,46.75,-6.25,43200,-0.08654831765094075,0.1134930949225376,4351950.96357759,-476616.1460837916,0.0,-0.010732096287110826
53,3249,55.76429,46.66667,-6.1666565,86400,-0.10378690236664788,0.11361050285991021,4359343.065935845,-471009.49203812674,0.0,-0.017554370639883986
368,3330,55.76429,46.833336,-6.0833282,86400,-0.0882484050300625,0.08440038642924773,4346604.66032198,-463238.8677294356,0.0,0.01705257096742057
333,3321,55.76429,46.833336,-6.1666565,21600,-0.08006011251155365,0.09041208921837485,4345926.351221016,-469559.8699535443,0.0,0.016526899646684926
473,3357,55.76429,46.91667,-6.1666565,43200,-0.08367906033448551,0.11304467544149095,4339203.78529813,-468833.52373287774,0.0,0.0043214548712457454
53,3249,55.76429,46.66667,-6.1666565,21600,-0.087524779370175,0.09345331527784331,4359343.065935845,-471009.49203812674,0.0,-0.018984196339786825
333,3321,55.76429,46.833336,-6.1666565,64800,-0.10145493780050291,0.09610445007049324,4345926.351221016,-469559.8699535443,0.0,-0.022234949582155123
193,3285,55.76429,46.75,-6.1666565,64800,-0.08004763165335411,0.0958022764263132,4352639.653859386,-470285.21531356085,0.0,-0.051086595903460826
648,3402,55.76429,47.0,-6.0833282,43200,-0.09583913129110298,0.1048742390064134,4333148.796028124,-461804.81061430223,0.0,0.019673112610518576
193,3285,55.76429,46.75,-6.1666565,21600,-0.09296741427151871,0.11611185222256347,4352639.653859386,-470285.21531356085,0.0,-0.009062935931987271
578,3384,55.76429,47.0,-6.25,64800,-0.08930422166996937,0.11229062516498603,4331787.087405169,-474407.8424903363,0.0,0.04442150274634667
123,3267,55.76429,46.66667,-6.0,86400,-0.109193703465578,0.1215161661071773,4360694.650219674,-458327.4764384654,0.0,-0.046163832804513895
263,3303,55.76429,46.75,-6.0,86400,-0.09122310732856632,0.07219703099879737,4353989.159796485,-457622.70099545474,0.0,0.016261471982742512
228,3294,55.76429,46.75,-6.0833282,43200,-0.09496713498468286,0.11812598748372446,4353319.010767862,-463954.4488188505,0.0,0.041530340702224756
648,3402,55.76429,47.0,-6.0833282,21600,-0.08879204908142631,0.11267088961652676,4333148.796028124,-461804.81061430223,0.0,0.01064750889173496
18,3240,55.76429,46.66667,-6.25,86400,-0.0924233396113308,0.09927233023163397,4358653.3150161095,-477350.1729464703,0.0,-0.01568834064494823
228,3294,55.76429,46.75,-6.0833282,21600,-0.11053486028534612,0.1091909436835908,4353319.010767862,-463954.4488188505,0.0,-0.0065503174359733685
193,3285,55.76429,46.75,-6.1666565,43200,-0.09575592392092337,0.060372146385175476,4352639.653859386,-470285.21531356085,0.0,0.01657084433237176
18,3240,55.76429,46.66667,-6.25,21600,-0.0979477510895121,0.08802810023524475,4358653.3150161095,-477350.1729464703,0.0,-0.013804251783279214
263,3303,55.76429,46.75,-6.0,64800,-0.10422237004340934,0.08492271117713,4353989.159796485,-457622.70099545474,0.0,-0.01967699783705786
158,3276,55.76429,46.75,-6.25,21600,-0.09274263828321212,0.08743552206728278,4351950.96357759,-476616.1460837916,0.0,0.03736250480660338
438,3348,55.76429,46.91667,-6.25,86400,-0.09604046191701894,0.09876011256548574,4338517.220887722,-475144.9119816816,0.0,-0.023350127388512262
368,3330,55.76429,46.833336,-6.0833282,43200,-0.08657886178681574,0.0955427456449439,4346604.66032198,-463238.8677294356,0.0,0.014210320043296844
298,3312,55.76429,46.833336,-6.25,21600,-0.09439975791375874,0.11478563703049169,4345238.723142079,-475881.0361998027,0.0,-0.035333842433532534
228,3294,55.76429,46.75,-6.0833282,64800,-0.07564750483813808,0.07315748713391201,4353319.010767862,-463954.4488188505,0.0,0.02026224887084274
648,3402,55.76429,47.0,-6.0833282,64800,-0.08452946408559801,0.08204745983514064,4333148.796028124,-461804.81061430223,0.0,0.004898100281402404
683,3411,55.76429,47.0,-6.0,64800,-0.08187717958423776,0.10134673208605936,4333815.840058059,-455502.3996515776,0.0,-0.007637887150989072
403,3339,55.76429,46.833336,-6.0,64800,-0.0997610224417566,0.07598585833974429,4347273.775744883,-456916.88569019584,0.0,0.01482646451951978
543,3375,55.76429,46.91667,-6.0,86400,-0.09710202339799945,0.09726778684860607,4340549.125536747,-456210.0964726406,0.0,0.007514674816097021
403,3339,55.76429,46.833336,-6.0,21600,-0.08929035927391131,0.0972171362134623,4347273.775744883,-456916.88569019584,0.0,-0.017025715460386247
613,3393,55.76429,47.0,-6.1666565,21600,-0.08203133574163932,0.10441033004541411,4332472.586781167,-468106.2447951276,0.0,0.021270893152659107
158,3276,55.76429,46.75,-6.25,64800,-0.09624547213486107,0.09668524907212273,4351950.96357759,-476616.1460837916,0.0,0.008647579499931314
88,3258,55.76429,46.66667,-6.0833282,43200,-0.10483918338240333,0.10814549965225873,4360023.469108121,-464668.9756583009,0.0,-0.02375418639625417
333,3321,55.76429,46.833336,-6.1666565,43200,-0.07512437066926439,0.09219234558834499,4345926.351221016,-469559.8699535443,0.0,-0.03619121034536587
578,3384,55.76429,47.0,-6.25,21600,-0.10636643155636001,0.10307012927678061,4331787.087405169,-474407.8424903363,0.0,0.004593316329502828
438,3348,55.76429,46.91667,-6.25,64800,-0.09387351900237308,0.09260152627777135,4338517.220887722,-475144.9119816816,0.0,-0.021608340662941185
403,3339,55.76429,46.833336,-6.0,43200,-0.09417697848855151,0.0928768346876833,4347273.775744883,-456916.88569019584,0.0,0.012865888138205822
298,3312,55.76429,46.833336,-6.25,64800,-0.08203807800444732,0.12486917976329864,4345238.723142079,-475881.0361998027,0.0,-0.005008679275291031
508,3366,55.76429,46.91667,-6.0833282,21600,-0.10131487442694323,0.09364417787034356,4339881.045145775,-462522.2992525033,0.0,0.0032874047370042396
298,3312,55.76429,46.833336,-6.25,86400,-0.09977704149942859,0.10463716892753862,4345238.723142079,-475881.0361998027,0.0,-0.01588213072579324
613,3393,55.76429,47.0,-6.1666565,86400,-0.08430026407601103,0.12231975810794864,4332472.586781167,-468106.2447951276,0.0,0.010128797342344668
683,3411,55.76429,47.0,-6.0,86400,-0.08064784645973624,0.07612593934901876,4333815.840058059,-455502.3996515776,0.0,0.0330691593323499
683,3411,55.76429,47.0,-6.0,43200,-0.0833208964940011,0.09167133595562807,4333815.840058059,-455502.3996515776,0.0,0.006837405383542578
368,3330,55.76429,46.833336,-6.0833282,64800,-0.09659284321199144,0.09829490151413758,4346604.66032198,-463238.8677294356,0.0,0.012052693796144466
648,3402,55.76429,47.0,-6.0833282,86400,-0.08901290136330743,0.07110932293446572,4333148.796028124,-461804.81061430223,0.0,-0.00202357153889639
123,3267,55.76429,46.66667,-6.0,43200,-0.0839638801912312,0.07761783599044408,4360694.650219674,-458327.4764384654,0.0,0.02251361889316719
543,3375,55.76429,46.91667,-6.0,64800,-0.08266284976605029,0.09939517909264617,4340549.125536747,-456210.0964726406,0.0,0.012758287745160777
263,3303,55.76429,46.75,-6.0,43200,-0.08709567725497976,0.09079348396327123,4353989.159796485,-457622.70099545474,0.0,0.021520453246931744
228,3294,55.76429,46.75,-6.0833282,86400,-0.07543560514732794,0.1101495201582972,4353319.010767862,-463954.4488188505,0.0,-0.006324385811061488
473,3357,55.76429,46.91667,-6.1666565,64800,-0.08501046525731655,0.07909668847278187,4339203.78529813,-468833.52373287774,0.0,0.017954427582861573
543,3375,55.76429,46.91667,-6.0,43200,-0.08390568440973505,0.07946811097560655,4340549.125536747,-456210.0964726406,0.0,0.03365911239665701
473,3357,55.76429,46.91667,-6.1666565,86400,-0.06378566966193305,0.09441130316055849,4339203.78529813,-468833.52373287774,0.0,0.004591710699678449
508,3366,55.76429,46.91667,-6.0833282,64800,-0.09654195415770694,0.09440570141161618,4339881.045145775,-462522.2992525033,0.0,-0.010074679493295324
473,3357,55.76429,46.91667,-6.1666565,21600,-0.07577696947977974,0.10712744356595427,4339203.78529813,-468833.52373287774,0.0,0.006598589625387397
368,3330,55.76429,46.833336,-6.0833282,21600,-0.08168587037239947,0.12215660259943795,4346604.66032198,-463238.8677294356,0.0,0.027062531473320956
578,3384,55.76429,47.0,-6.25,43200,-0.09272452068524013,0.10751270639217078,4331787.087405169,-474407.8424903363,0.0,-0.012674278677022265
53,3249,55.76429,46.66667,-6.1666565,64800,-0.06305963334520781,0.08405638328868613,4359343.065935845,-471009.49203812674,0.0,0.027832253026806843
88,3258,55.76429,46.66667,-6.0833282,86400,-0.11192303995307257,0.10988732092940773,4360023.469108121,-464668.9756583009,0.0,-0.004632821500414592
403,3339,55.76429,46.833336,-6.0,86400,-0.08345233768749341,0.055644183595978766,4347273.775744883,-456916.88569019584,0.0,0.034254714882613925
88,3258,55.76429,46.66667,-6.0833282,21600,-0.09422249572816291,0.08475026455553954,4360023.469108121,-464668.9756583009,0.0,-0.024055416152001192
263,3303,55.76429,46.75,-6.0,21600,-0.08218593672443386,0.10515733924281738,4353989.159796485,-457622.70099545474,0.0,0.04328623628656186
683,3411,55.76429,47.0,-6.0,21600,-0.09328901242683485,0.1047663777162541,4333815.840058059,-455502.3996515776,0.0,0.0003388206559863158
88,3258,55.76429,46.66667,-6.0833282,64800,-0.09114773257004904,0.07107453013610866,4360023.469108121,-464668.9756583009,0.0,-0.0331646441896725
18,3240,55.76429,46.66667,-6.25,64800,-0.08405252546867835,0.07803742573386138,4358653.3150161095,-477350.1729464703,0.0,-0.0025200011970670706
123,3267,55.76429,46.66667,-6.0,21600,-0.0908953176520085,0.10737438556918151,4360694.650219674,-458327.4764384654,0.0,-0.029037354116225367
18,3240,55.76429,46.66667,-6.25,43200,-0.09435084074393896,0.08647926424603672,4358653.3150161095,-477350.1729464703,0.0,0.00583837639900592
508,3366,55.76429,46.91667,-6.0833282,86400,-0.08790511646992165,0.08085012266018378,4339881.045145775,-462522.2992525033,0.0,-0.0038193859191041593
508,3366,55.76429,46.91667,-6.0833282,43200,-0.09826429638037995,0.12202586142562694,4339881.045145775,-462522.2992525033,0.0,-0.024137137511026672
193,3285,55.76429,46.75,-6.1666565,86400,-0.0894073802663628,0.0751509323730351,4352639.653859386,-470285.21531356085,0.0,-0.019793972465047303
613,3393,55.76429,47.0,-6.1666565,43200,-0.09450968712318536,0.08723802792651142,4332472.586781167,-468106.2447951276,0.0,0.00018836881782476026
438,3348,55.76429,46.91667,-6.25,21600,-0.10202116049855622,0.09618197192171259,4338517.220887722,-475144.9119816816,0.0,-0.059773583175206736
369,3510,65.80727,46.833336,-6.0833282,86400,-0.08715204012625904,0.08789752501904696,4346604.66032198,-463238.8677294356,0.0,0.01252003941321057
544,3555,65.80727,46.91667,-6.0,86400,-0.09439929184753902,0.09693938834927772,4340549.125536747,-456210.0964726406,0.0,0.006373701434030907
299,3492,65.80727,46.833336,-6.25,86400,-0.09735304367377257,0.10360335133532321,4345238.723142079,-475881.0361998027,0.0,-0.011458557476969724
684,3591,65.80727,47.0,-6.0,64800,-0.08339732273166729,0.10028114051929751,4333815.840058059,-455502.3996515776,0.0,-0.004951304507227924
404,3519,65.80727,46.833336,-6.0,86400,-0.08394763153414189,0.07017556087860619,4347273.775744883,-456916.88569019584,0.0,0.022800584983644626
159,3456,65.80727,46.75,-6.25,64800,-0.09462657260600527,0.0956337190349054,4351950.96357759,-476616.1460837916,0.0,0.005893234104460328
264,3483,65.80727,46.75,-6.0,21600,-0.08394944515920157,0.1035109377871159,4353989.159796485,-457622.70099545474,0.0,0.030937279434961815
124,3447,65.80727,46.66667,-6.0,21600,-0.09021791667397866,0.10421927258930301,4360694.650219674,-458327.4764384654,0.0,-0.01953314236871602
404,3519,65.80727,46.833336,-6.0,21600,-0.08917459966500217,0.09536220117434073,4347273.775744883,-456916.88569019584,0.0,-0.011026901518135184
54,3429,65.80727,46.66667,-6.1666565,64800,-0.07114803503262793,0.08867652494589237,4359343.065935845,-471009.49203812674,0.0,0.019191313412746474
89,3438,65.80727,46.66667,-6.0833282,43200,-0.09985302996936875,0.1054581498060437,4360023.469108121,-464668.9756583009,0.0,-0.014899325999661418
614,3573,65.80727,47.0,-6.1666565,21600,-0.0839924018582944,0.10200094495199469,4332472.586781167,-468106.2447951276,0.0,0.01565744572432475
579,3564,65.80727,47.0,-6.25,43200,-0.09130120639209084,0.10610062360165627,4331787.087405169,-474407.8424903363,0.0,-0.00872812095616216
509,3546,65.80727,46.91667,-6.0833282,64800,-0.09462728963340472,0.09698590927177214,4339881.045145775,-462522.2992525033,0.0,-0.009146411103078839
649,3582,65.80727,47.0,-6.0833282,64800,-0.08558110168654302,0.08473107355309692,4333148.796028124,-461804.81061430223,0.0,0.003673964524263033
19,3420,65.80727,46.66667,-6.25,43200,-0.09256414846050073,0.09240758541310795,4358653.3150161095,-477350.1729464703,0.0,0.0027154097477963286
124,3447,65.80727,46.66667,-6.0,43200,-0.08526393875632944,0.08442975701102164,4360694.650219674,-458327.4764384654,0.0,0.01604278872521807
194,3465,65.80727,46.75,-6.1666565,43200,-0.09303648600768598,0.06970877659507384,4352639.653859386,-470285.21531356085,0.0,0.014305817227503289
264,3483,65.80727,46.75,-6.0,64800,-0.10064402784414941,0.09135340575077654,4353989.159796485,-457622.70099545474,0.0,-0.01034950583339541
439,3528,65.80727,46.91667,-6.25,86400,-0.09273844593178329,0.09657515015309809,4338517.220887722,-475144.9119816816,0.0,-0.01726915177229171
19,3420,65.80727,46.66667,-6.25,21600,-0.09357458552626642,0.09023494124026445,4358653.3150161095,-477350.1729464703,0.0,-0.008892912963819322
229,3474,65.80727,46.75,-6.0833282,64800,-0.08056302807374073,0.07973647472535886,4353319.010767862,-463954.4488188505,0.0,0.01701667071444196
194,3465,65.80727,46.75,-6.1666565,64800,-0.08395847958585134,0.09533173264152346,4352639.653859386,-470285.21531356085,0.0,-0.03795130395543868
159,3456,65.80727,46.75,-6.25,21600,-0.09199253134621314,0.09356811039191647,4351950.96357759,-476616.1460837916,0.0,0.026551042396526555
229,3474,65.80727,46.75,-6.0833282,86400,-0.07810120836007392,0.10801923366929128,4353319.010767862,-463954.4488188505,0.0,-0.006453268852113751
299,3492,65.80727,46.833336,-6.25,21600,-0.09238329915549968,0.10931479233249705,4345238.723142079,-475881.0361998027,0.0,-0.024283611875922834
369,3510,65.80727,46.833336,-6.0833282,43200,-0.08786512275586117,0.09656970511810488,4346604.66032198,-463238.8677294356,0.0,0.00883815701487351
614,3573,65.80727,47.0,-6.1666565,43200,-0.09445509483107187,0.09058993145794952,4332472.586781167,-468106.2447951276,0.0,0.001004651548988444
54,3429,65.80727,46.66667,-6.1666565,86400,-0.09921976440774088,0.10899036878290179,4359343.065935845,-471009.49203812674,0.0,-0.01135036669020631
194,3465,65.80727,46.75,-6.1666565,86400,-0.09078853937314109,0.08289818963333678,4352639.653859386,-470285.21531356085,0.0,-0.010618465960417616
334,3501,65.80727,46.833336,-6.1666565,43200,-0.0778655956556829,0.09428462446784379,4345926.351221016,-469559.8699535443,0.0,-0.023816459343775676
614,3573,65.80727,47.0,-6.1666565,86400,-0.08557838234579639,0.11401679774315127,4332472.586781167,-468106.2447951276,0.0,0.006805050145825127
89,3438,65.80727,46.66667,-6.0833282,64800,-0.0913578100716997,0.08160676986251877,4360023.469108121,-464668.9756583009,0.0,-0.02271678809833945
124,3447,65.80727,46.66667,-6.0,86400,-0.1028644710719943,0.11504100080093423,4360694.650219674,-458327.4764384654,0.0,-0.03279824539863998
509,3546,65.80727,46.91667,-6.0833282,86400,-0.08874483271996302,0.08508312774571604,4339881.045145775,-462522.2992525033,0.0,-0.0022743059605022367
649,3582,65.80727,47.0,-6.0833282,43200,-0.09304125064490869,0.1035714516237484,4333148.796028124,-461804.81061430223,0.0,0.01203730344869006
369,3510,65.80727,46.833336,-6.0833282,64800,-0.0945436385869302,0.09886812247574626,4346604.66032198,-463238.8677294356,0.0,0.008068586797588928
229,3474,65.80727,46.75,-6.0833282,43200,-0.09330368179818663,0.11188445058903837,4353319.010767862,-463954.4488188505,0.0,0.028290380148750946
544,3555,65.80727,46.91667,-6.0,43200,-0.08415745067032633,0.08552743827094049,4340549.125536747,-456210.0964726406,0.0,0.02497704632933938
334,3501,65.80727,46.833336,-6.1666565,21600,-0.08190917768409606,0.09159016448849865,4345926.351221016,-469559.8699535443,0.0,0.01197057711961157
474,3537,65.80727,46.91667,-6.1666565,43200,-0.08479543898331596,0.11067995073738915,4339203.78529813,-468833.52373287774,0.0,0.0034192038984243735
684,3591,65.80727,47.0,-6.0,21600,-0.09022835024166603,0.10142447692836204,4333815.840058059,-455502.3996515776,0.0,0.002377979078687861
544,3555,65.80727,46.91667,-6.0,64800,-0.08410993022334068,0.09750420615934793,4340549.125536747,-456210.0964726406,0.0,0.011485618787860597
579,3564,65.80727,47.0,-6.25,86400,-0.08375353834820223,0.09560558759630723,4331787.087405169,-474407.8424903363,0.0,0.030570714406212483
334,3501,65.80727,46.833336,-6.1666565,64800,-0.09700052194914713,0.09624984154527463,4345926.351221016,-469559.8699535443,0.0,-0.011630108733521929
649,3582,65.80727,47.0,-6.0833282,86400,-0.08960317564579647,0.08009885053724208,4333148.796028124,-461804.81061430223,0.0,0.00055018049417589
684,3591,65.80727,47.0,-6.0,86400,-0.08300920483406968,0.0839242747467755,4333815.840058059,-455502.3996515776,0.0,0.025627374110673028
194,3465,65.80727,46.75,-6.1666565,21600,-0.09156021542244093,0.11073670410087837,4352639.653859386,-470285.21531356085,0.0,-0.009863095585987488
439,3528,65.80727,46.91667,-6.25,21600,-0.0975764610873366,0.09798113284142283,4338517.220887722,-475144.9119816816,0.0,-0.04261545874055617
579,3564,65.80727,47.0,-6.25,64800,-0.08878329064372338,0.10711633176343434,4331787.087405169,-474407.8424903363,0.0,0.03180444324775215
509,3546,65.80727,46.91667,-6.0833282,43200,-0.095839220076947,0.11457504999937229,4339881.045145775,-462522.2992525033,0.0,-0.014692900902805731
264,3483,65.80727,46.75,-6.0,86400,-0.08998863963009579,0.08015885405907267,4353989.159796485,-457622.70099545474,0.0,0.011247445743763601
684,3591,65.80727,47.0,-6.0,43200,-0.08509175816549724,0.09251965347647678,4333815.840058059,-455502.3996515776,0.0,0.005611628013295813
509,3546,65.80727,46.91667,-6.0833282,21600,-0.09748930647782678,0.09613898253614715,4339881.045145775,-462522.2992525033,0.0,0.0024638815254141746
54,3429,65.80727,46.66667,-6.1666565,21600,-0.08742838901904432,0.09502482454717574,4359343.065935845,-471009.49203812674,0.0,-0.011151234914151605
579,3564,65.80727,47.0,-6.25,21600,-0.09900410777277656,0.09908791749039034,4331787.087405169,-474407.8424903363,0.0,0.003163385828940791
544,3555,65.80727,46.91667,-6.0,21600,-0.10338901174476023,0.1054154271619828,4340549.125536747,-456210.0964726406,0.0,0.02721171446350917
19,3420,65.80727,46.66667,-6.25,64800,-0.08586208240177154,0.08242163736534532,4358653.3150161095,-477350.1729464703,0.0,0.0002602551422949328
439,3528,65.80727,46.91667,-6.25,64800,-0.09367605226176397,0.09470870786260087,4338517.220887722,-475144.9119816816,0.0,-0.011783367100474182
89,3438,65.80727,46.66667,-6.0833282,86400,-0.10474130812614746,0.10424100371788084,4360023.469108121,-464668.9756583009,0.0,-0.0021739134227348575
299,3492,65.80727,46.833336,-6.25,64800,-0.08455376403661034,0.11460118074771156,4345238.723142079,-475881.0361998027,0.0,-0.0035581322366519375
649,3582,65.80727,47.0,-6.0833282,21600,-0.08789242863053455,0.10660909573337855,4333148.796028124,-461804.81061430223,0.0,0.006156980664257534
264,3483,65.80727,46.75,-6.0,43200,-0.08788456686583476,0.09163736666851803,4353989.159796485,-457622.70099545474,0.0,0.015570604395376586
229,3474,65.80727,46.75,-6.0833282,21600,-0.10573710075003864,0.10796613675679861,4353319.010767862,-463954.4488188505,0.0,-0.004254624689510263
474,3537,65.80727,46.91667,-6.1666565,64800,-0.08616259088048045,0.08428867346437038,4339203.78529813,-468833.52373287774,0.0,0.015616329705886016
369,3510,65.80727,46.833336,-6.0833282,21600,-0.08367840294621876,0.11542465459983428,4346604.66032198,-463238.8677294356,0.0,0.018412800534210273
404,3519,65.80727,46.833336,-6.0,64800,-0.0974359706674808,0.08162490682465018,4347273.775744883,-456916.88569019584,0.0,0.010051216111308164
54,3429,65.80727,46.66667,-6.1666565,43200,-0.08910271993159898,0.10664941333615888,4359343.065935845,-471009.49203812674,0.0,-0.026060920920903327
19,3420,65.80727,46.66667,-6.25,86400,-0.09152397342964617,0.09778791129591327,4358653.3150161095,-477350.1729464703,0.0,-0.01051235437217431
614,3573,65.80727,47.0,-6.1666565,64800,-0.09876049351772037,0.11322361248692889,4332472.586781167,-468106.2447951276,0.0,-0.007681676287843158
474,3537,65.80727,46.91667,-6.1666565,21600,-0.08006158557243466,0.10380422419413762,4339203.78529813,-468833.52373287774,0.0,0.0033883618730516135
89,3438,65.80727,46.66667,-6.0833282,21600,-0.09290324006940055,0.0892145255824526,4360023.469108121,-464668.9756583009,0.0,-0.01645259970952732
159,3456,65.80727,46.75,-6.25,86400,-0.09756694751790386,0.11670865705912217,4351950.96357759,-476616.1460837916,0.0,-0.02060607085692123
334,3501,65.80727,46.833336,-6.1666565,86400,-0.08859792319371214,0.08070277207790869,4345926.351221016,-469559.8699535443,0.0,0.005892178572548349
474,3537,65.80727,46.91667,-6.1666565,86400,-0.07109868098268271,0.09642086511458378,4339203.78529813,-468833.52373287774,0.0,0.003153662136488443
439,3528,65.80727,46.91667,-6.25,43200,-0.0863981627185637,0.10574634034827143,4338517.220887722,-475144.9119816816,0.0,0.005668550692339833
159,3456,65.80727,46.75,-6.25,43200,-0.08734286342193259,0.10912468050914492,4351950.96357759,-476616.1460837916,0.0,-0.01043228772350267
124,3447,65.80727,46.66667,-6.0,64800,-0.08699989492266127,0.09784656695732932,4360694.650219674,-458327.4764384654,0.0,0.03071291869052626
299,3492,65.80727,46.833336,-6.25,43200,-0.08253222733843774,0.06755219999276564,4345238.723142079,-475881.0361998027,0.0,-0.005673944536667276
404,3519,65.80727,46.833336,-6.0,43200,-0.0920835596535201,0.09603706937778822,4347273.775744883,-456916.88569019584,0.0,0.007091818562458928
475,3717,77.85385,46.91667,-6.1666565,64800,-0.08710901684910229,0.08871561162840395,4339203.78529813,-468833.52373287774,0.0,0.01283438541898828
20,3600,77.85385,46.66667,-6.25,43200,-0.09132284363430965,0.09625505791808878,4358653.3150161095,-477350.1729464703,0.0,0.0007645175402485409
685,3771,77.85385,47.0,-6.0,64800,-0.08473468641308499,0.0994796188107562,4333815.840058059,-455502.3996515776,0.0,-0.0028029322031803638
55,3609,77.85385,46.66667,-6.1666565,43200,-0.08861560211939053,0.10192473685577089,4359343.065935845,-471009.49203812674,0.0,-0.01787896961794697
20,3600,77.85385,46.66667,-6.25,21600,-0.09086020141430716,0.09266540554944162,4358653.3150161095,-477350.1729464703,0.0,-0.005169044993672317
650,3762,77.85385,47.0,-6.0833282,64800,-0.08640737298572936,0.08782481140048326,4333148.796028124,-461804.81061430223,0.0,0.0023424511075605422
615,3753,77.85385,47.0,-6.1666565,86400,-0.08661192056912788,0.10778950992073211,4332472.586781167,-468106.2447951276,0.0,0.004227096958338133
90,3618,77.85385,46.66667,-6.0833282,43200,-0.09600221756184982,0.10340554910360729,4360023.469108121,-464668.9756583009,0.0,-0.00866373848405632
20,3600,77.85385,46.66667,-6.25,86400,-0.09077611934846817,0.09705696312493889,4358653.3150161095,-477350.1729464703,0.0,-0.006671520512075867
615,3753,77.85385,47.0,-6.1666565,64800,-0.09581064587001618,0.10910260314878258,4332472.586781167,-468106.2447951276,0.0,-0.006414474364044027
55,3609,77.85385,46.66667,-6.1666565,21600,-0.08741582600780481,0.0961986585341545,4359343.065935845,-471009.49203812674,0.0,-0.005497948225891905
580,3744,77.85385,47.0,-6.25,64800,-0.08847360680016657,0.10326450954131479,4331787.087405169,-474407.8424903363,0.0,0.021589752347569695
545,3735,77.85385,46.91667,-6.0,64800,-0.0854025438872448,0.09661432750097475,4340549.125536747,-456210.0964726406,0.0,0.009340167480261855
90,3618,77.85385,46.66667,-6.0833282,21600,-0.09146257409807532,0.092721287926593,4360023.469108121,-464668.9756583009,0.0,-0.010765562562344757
510,3726,77.85385,46.91667,-6.0833282,64800,-0.0929125812926178,0.09837005027392903,4339881.045145775,-462522.2992525033,0.0,-0.008201555934066535
125,3627,77.85385,46.66667,-6.0,43200,-0.08630959943110014,0.08961750167641466,4360694.650219674,-458327.4764384654,0.0,0.010788303178159684
265,3663,77.85385,46.75,-6.0,64800,-0.09740570774037638,0.09534852549990264,4353989.159796485,-457622.70099545474,0.0,-0.004276218391290131
55,3609,77.85385,46.66667,-6.1666565,86400,-0.09558248014137997,0.10499961501214962,4359343.065935845,-471009.49203812674,0.0,-0.006904349713389339
580,3744,77.85385,47.0,-6.25,86400,-0.08500916955761618,0.09812632265088515,4331787.087405169,-474407.8424903363,0.0,0.021412366626336683
440,3708,77.85385,46.91667,-6.25,64800,-0.09283513251718792,0.09607045712918733,4338517.220887722,-475144.9119816816,0.0,-0.004897179435783482
370,3690,77.85385,46.833336,-6.0833282,86400,-0.08678100873756345,0.0908322992282997,4346604.66032198,-463238.8677294356,0.0,0.008621829764875112
160,3636,77.85385,46.75,-6.25,21600,-0.09110781654071931,0.09720661179051462,4351950.96357759,-476616.1460837916,0.0,0.01815511239034902
405,3699,77.85385,46.833336,-6.0,64800,-0.09523348175766869,0.08623153234073445,4347273.775744883,-456916.88569019584,0.0,0.0064260355949027894
90,3618,77.85385,46.66667,-6.0833282,86400,-0.09896038174688149,0.10056516270222543,4360023.469108121,-464668.9756583009,0.0,-0.0006806114767869919
370,3690,77.85385,46.833336,-6.0833282,64800,-0.0929309965535001,0.09943865805458818,4346604.66032198,-463238.8677294356,0.0,0.004953881096692996
195,3645,77.85385,46.75,-6.1666565,21600,-0.09039369209718348,0.10689391976983417,4352639.653859386,-470285.21531356085,0.0,-0.009557780034370683
335,3681,77.85385,46.833336,-6.1666565,64800,-0.09373044804671804,0.0964873737278363,4345926.351221016,-469559.8699535443,0.0,-0.0046482682669580395
160,3636,77.85385,46.75,-6.25,43200,-0.08799748880732298,0.10588105420323005,4351950.96357759,-476616.1460837916,0.0,-0.009309209146462591
650,3762,77.85385,47.0,-6.0833282,86400,-0.08994329655939329,0.08678048388456382,4333148.796028124,-461804.81061430223,0.0,0.0019705262554621378
230,3654,77.85385,46.75,-6.0833282,21600,-0.10139905134917387,0.10600962004751716,4353319.010767862,-463954.4488188505,0.0,-0.0028795119340964334
300,3672,77.85385,46.833336,-6.25,64800,-0.08630932838743326,0.10725536236274044,4345238.723142079,-475881.0361998027,0.0,-0.002319177417060588
545,3735,77.85385,46.91667,-6.0,86400,-0.09220241928811207,0.09692679750208714,4340549.125536747,-456210.0964726406,0.0,0.004881521847167381
125,3627,77.85385,46.66667,-6.0,21600,-0.0897498081856557,0.10182766203074677,4360694.650219674,-458327.4764384654,0.0,-0.012108451317774853
125,3627,77.85385,46.66667,-6.0,86400,-0.09786646522521229,0.10958692062102567,4360694.650219674,-458327.4764384654,0.0,-0.022006387219683038
160,3636,77.85385,46.75,-6.25,64800,-0.09306642153660849,0.095082317765322,4351950.96357759,-476616.1460837916,0.0,0.003816218690695183
195,3645,77.85385,46.75,-6.1666565,86400,-0.09132025249062063,0.08871620989706074,4352639.653859386,-470285.21531356085,0.0,-0.004190435836387101
300,3672,77.85385,46.833336,-6.25,86400,-0.09497677631636901,0.10236135948870125,4345238.723142079,-475881.0361998027,0.0,-0.00766940994261176
300,3672,77.85385,46.833336,-6.25,21600,-0.09083487788667656,0.10520623904277683,4345238.723142079,-475881.0361998027,0.0,-0.015549032030066566
335,3681,77.85385,46.833336,-6.1666565,86400,-0.08908009353916926,0.08628073728707561,4345926.351221016,-469559.8699535443,0.0,0.004113817967438782
265,3663,77.85385,46.75,-6.0,43200,-0.08839422619200661,0.09296050700467287,4353989.159796485,-457622.70099545474,0.0,0.010867892719379414
580,3744,77.85385,47.0,-6.25,21600,-0.09392556600241231,0.09692061900442168,4331787.087405169,-474407.8424903363,0.0,0.0018906222860395892
405,3699,77.85385,46.833336,-6.0,43200,-0.09057200936908069,0.09798459512695555,4347273.775744883,-456916.88569019584,0.0,0.0033673535973574157
475,3717,77.85385,46.91667,-6.1666565,21600,-0.08338968872713431,0.10157879956174579,4339203.78529813,-468833.52373287774,0.0,0.001398594386787263
685,3771,77.85385,47.0,-6.0,43200,-0.08615600271346235,0.09340145355190846,4333815.840058059,-455502.3996515776,0.0,0.004674785339531776
405,3699,77.85385,46.833336,-6.0,21600,-0.08897296105143448,0.09465387663593186,4347273.775744883,-456916.88569019584,0.0,-0.006883195212556207
300,3672,77.85385,46.833336,-6.25,43200,-0.08506814197703433,0.07796825006600148,4345238.723142079,-475881.0361998027,0.0,-0.005572865222930993
335,3681,77.85385,46.833336,-6.1666565,21600,-0.0837157410498145,0.0930518924110841,4345926.351221016,-469559.8699535443,0.0,0.00817180873914529
230,3654,77.85385,46.75,-6.0833282,86400,-0.08066755211610177,0.10564327239114424,4353319.010767862,-463954.4488188505,0.0,-0.00578330435693993
475,3717,77.85385,46.91667,-6.1666565,86400,-0.07702593935930412,0.097856488067112,4339203.78529813,-468833.52373287774,0.0,0.002339857163548967
55,3609,77.85385,46.66667,-6.1666565,64800,-0.07730755921120738,0.09207783608269975,4359343.065935845,-471009.49203812674,0.0,0.012472486090143444
125,3627,77.85385,46.66667,-6.0,64800,-0.08739555820564941,0.09786073393420099,4360694.650219674,-458327.4764384654,0.0,0.021387958728662657
545,3735,77.85385,46.91667,-6.0,21600,-0.09899870022283404,0.10357935554975362,4340549.125536747,-456210.0964726406,0.0,0.017538443025178686
475,3717,77.85385,46.91667,-6.1666565,43200,-0.0857765549869614,0.10811659784778269,4339203.78529813,-468833.52373287774,0.0,0.0027053298148167117
545,3735,77.85385,46.91667,-6.0,43200,-0.08475620830725891,0.09025664963762442,4340549.125536747,-456210.0964726406,0.0,0.017248129040987197
510,3726,77.85385,46.91667,-6.0833282,86400,-0.08914388009317682,0.08861121735048116,4339881.045145775,-462522.2992525033,0.0,-0.0013708402833571697
370,3690,77.85385,46.833336,-6.0833282,21600,-0.085362098228261,0.11009228534724681,4346604.66032198,-463238.8677294356,0.0,0.01185213297865138
510,3726,77.85385,46.91667,-6.0833282,43200,-0.09388775875321055,0.10892068461917641,4339881.045145775,-462522.2992525033,0.0,-0.007693474693069046
650,3762,77.85385,47.0,-6.0833282,21600,-0.08754375078620702,0.10256271265760443,4333148.796028124,-461804.81061430223,0.0,0.003272080253728466
510,3726,77.85385,46.91667,-6.0833282,21600,-0.09460847190255105,0.09763274220470186,4339881.045145775,-462522.2992525033,0.0,0.0015317221772232178
265,3663,77.85385,46.75,-6.0,86400,-0.08911816332366691,0.0863622087937875,4353989.159796485,-457622.70099545474,0.0,0.007146756029996555
440,3708,77.85385,46.91667,-6.25,43200,-0.08739132781764689,0.1025709034920312,4338517.220887722,-475144.9119816816,0.0,0.004054852091371205
685,3771,77.85385,47.0,-6.0,86400,-0.08473904231704976,0.08912950483461822,4333815.840058059,-455502.3996515776,0.0,0.018485532005007327
580,3744,77.85385,47.0,-6.25,43200,-0.09023305781467986,0.10422452567358285,4331787.087405169,-474407.8424903363,0.0,-0.005679928357813234
20,3600,77.85385,46.66667,-6.25,64800,-0.08698164373338194,0.08648311396478917,4358653.3150161095,-477350.1729464703,0.0,0.0017126236189973782
685,3771,77.85385,47.0,-6.0,21600,-0.08836749432727728,0.09943950993050582,4333815.840058059,-455502.3996515776,0.0,0.0026824919037189217
615,3753,77.85385,47.0,-6.1666565,21600,-0.08550022406823221,0.10027668658636885,4332472.586781167,-468106.2447951276,0.0,0.011151988378536513
90,3618,77.85385,46.66667,-6.0833282,64800,-0.09109322786287745,0.08894367142912096,4360023.469108121,-464668.9756583009,0.0,-0.014530181295698576
230,3654,77.85385,46.75,-6.0833282,64800,-0.08410514836778561,0.08530877495053493,4353319.010767862,-463954.4488188505,0.0,0.013157791367084004
335,3681,77.85385,46.833336,-6.1666565,43200,-0.08039889056938689,0.09547940233234119,4345926.351221016,-469559.8699535443,0.0,-0.014804214047827662
405,3699,77.85385,46.833336,-6.0,86400,-0.08458961728912562,0.08085229229928319,4347273.775744883,-456916.88569019584,0.0,0.014215514348228089
265,3663,77.85385,46.75,-6.0,21600,-0.08541006205144301,0.10214041007037501,4353989.159796485,-457622.70099545474,0.0,0.02091676102070913
195,3645,77.85385,46.75,-6.1666565,43200,-0.09114584429984497,0.07778914049103572,4352639.653859386,-470285.21531356085,0.0,0.01165479842746146
650,3762,77.85385,47.0,-6.0833282,43200,-0.09103766551586394,0.10246665760448456,4333148.796028124,-461804.81061430223,0.0,0.006633860171258165
440,3708,77.85385,46.91667,-6.25,86400,-0.09048098093685884,0.0955713075714916,4338517.220887722,-475144.9119816816,0.0,-0.012134909271330978
615,3753,77.85385,47.0,-6.1666565,43200,-0.093785798355634,0.09314483002272549,4332472.586781167,-468106.2447951276,0.0,0.0014349566131061516
440,3708,77.85385,46.91667,-6.25,21600,-0.09426911209067224,0.09899842892522544,4338517.220887722,-475144.9119816816,0.0,-0.028902761870630782
160,3636,77.85385,46.75,-6.25,86400,-0.0955475991081874,0.10953367927256782,4351950.96357759,-476616.1460837916,0.0,-0.014685811922565005
230,3654,77.85385,46.75,-6.0833282,43200,-0.09184706225042673,0.10682636434017023,4353319.010767862,-463954.4488188505,0.0,0.018047571105029345
370,3690,77.85385,46.833336,-6.0833282,43200,-0.08875585691890281,0.09740508163462537,4346604.66032198,-463238.8677294356,0.0,0.004725978534465948
195,3645,77.85385,46.75,-6.1666565,64800,-0.08669212981663707,0.09530197723281184,4352639.653859386,-470285.21531356085,0.0,-0.02667133048346437
91,3798,92.32607,46.66667,-6.0833282,64800,-0.0905821960781136,0.09359475450925955,4360023.469108121,-464668.9756583009,0.0,-0.008589512625102689
266,3843,92.32607,46.75,-6.0,43200,-0.08866637867873338,0.09443981433249693,4353989.159796485,-457622.70099545474,0.0,0.0073146458352334985
406,3879,92.32607,46.833336,-6.0,64800,-0.09327090048629309,0.0898650537896064,4347273.775744883,-456916.88569019584,0.0,0.003821968461501785
546,3915,92.32607,46.91667,-6.0,64800,-0.08648393387950847,0.09646772663782148,4340549.125536747,-456210.0964726406,0.0,0.006860506096994204
231,3834,92.32607,46.75,-6.0833282,86400,-0.08295418081571214,0.1033802410775463,4353319.010767862,-463954.4488188505,0.0,-0.004653092537270138
161,3816,92.32607,46.75,-6.25,43200,-0.0884960702690721,0.10355426820490747,4351950.96357759,-476616.1460837916,0.0,-0.007662246182946713
371,3870,92.32607,46.833336,-6.0833282,21600,-0.0866737310740304,0.10606341863659882,4346604.66032198,-463238.8677294356,0.0,0.0071556285769394734
511,3906,92.32607,46.91667,-6.0833282,64800,-0.09148472943033842,0.09888199748002666,4339881.045145775,-462522.2992525033,0.0,-0.007080640121723084
511,3906,92.32607,46.91667,-6.0833282,43200,-0.09232269308989448,0.10486717042421165,4339881.045145775,-462522.2992525033,0.0,-0.0030487887215757755
686,3951,92.32607,47.0,-6.0,21600,-0.08743679980939194,0.09844550699869908,4333815.840058059,-455502.3996515776,0.0,0.0020227524675836854
441,3888,92.32607,46.91667,-6.25,21600,-0.09196620891897737,0.09935644480200351,4338517.220887722,-475144.9119816816,0.0,-0.018536861672042503
476,3897,92.32607,46.91667,-6.1666565,64800,-0.08778539371681088,0.09221441158408916,4339203.78529813,-468833.52373287774,0.0,0.009901219283796772
91,3798,92.32607,46.66667,-6.0833282,86400,-0.09465645004779955,0.0985153070514149,4360023.469108121,-464668.9756583009,0.0,9.971839849810872e-05
126,3807,92.32607,46.66667,-6.0,21600,-0.08939144877633015,0.10011387864246263,4360694.650219674,-458327.4764384654,0.0,-0.00678329476017952
651,3942,92.32607,47.0,-6.0833282,21600,-0.08760066859911875,0.10019790625667471,4333148.796028124,-461804.81061430223,0.0,0.0016123235834932987
651,3942,92.32607,47.0,-6.0833282,43200,-0.08974714550359603,0.10146601535407443,4333148.796028124,-461804.81061430223,0.0,0.0031344999962422556
476,3897,92.32607,46.91667,-6.1666565,21600,-0.08580257399037056,0.10022735392182827,4339203.78529813,-468833.52373287774,0.0,0.000338735772923837
336,3861,92.32607,46.833336,-6.1666565,64800,-0.0915055425246248,0.0967427402107694,4345926.351221016,-469559.8699535443,0.0,-0.000704355589197079
161,3816,92.32607,46.75,-6.25,86400,-0.09364645221033979,0.10456887650119856,4351950.96357759,-476616.1460837916,0.0,-0.009899596538455548
91,3798,92.32607,46.66667,-6.0833282,21600,-0.09016054605252151,0.09520484175786728,4360023.469108121,-464668.9756583009,0.0,-0.006729942759512835
616,3933,92.32607,47.0,-6.1666565,43200,-0.09276790817260294,0.09497396386941898,4332472.586781167,-468106.2447951276,0.0,0.001581233277218548
56,3789,92.32607,46.66667,-6.1666565,64800,-0.08171713472870337,0.09440393133934671,4359343.065935845,-471009.49203812674,0.0,0.007545505369030068
546,3915,92.32607,46.91667,-6.0,43200,-0.08556995813658619,0.09366857356941768,4340549.125536747,-456210.0964726406,0.0,0.010952628786214407
336,3861,92.32607,46.833336,-6.1666565,21600,-0.08529200526087019,0.0945602662937268,4345926.351221016,-469559.8699535443,0.0,0.005229917759540478
581,3924,92.32607,47.0,-6.25,43200,-0.08950009401768182,0.10231602815005149,4331787.087405169,-474407.8424903363,0.0,-0.0034935934144903133
476,3897,92.32607,46.91667,-6.1666565,86400,-0.08149976047793898,0.09870558482958694,4339203.78529813,-468833.52373287774,0.0,0.0018867209369150023
56,3789,92.32607,46.66667,-6.1666565,86400,-0.09288805951361687,0.10188851904335372,4359343.065935845,-471009.49203812674,0.0,-0.003950068492398481
371,3870,92.32607,46.833336,-6.0833282,64800,-0.0916649955156254,0.09985840178785843,4346604.66032198,-463238.8677294356,0.0,0.0027451348714543798
196,3825,92.32607,46.75,-6.1666565,21600,-0.08954779028308849,0.1042055045904292,4352639.653859386,-470285.21531356085,0.0,-0.008369070087257739
581,3924,92.32607,47.0,-6.25,86400,-0.08601164067993095,0.09932965255336657,4331787.087405169,-474407.8424903363,0.0,0.01399891661529563
126,3807,92.32607,46.66667,-6.0,43200,-0.08709423585010004,0.09327165155350224,4360694.650219674,-458327.4764384654,0.0,0.006736858187322486
126,3807,92.32607,46.66667,-6.0,64800,-0.08778324821045426,0.09804918383637025,4360694.650219674,-458327.4764384654,0.0,0.014010870508645504
301,3852,92.32607,46.833336,-6.25,64800,-0.08745697789819244,0.10252341350316152,4345238.723142079,-475881.0361998027,0.0,-0.0013134833542873185
266,3843,92.32607,46.75,-6.0,86400,-0.08858545052512865,0.0908776203166351,4353989.159796485,-457622.70099545474,0.0,0.004084021114575851
511,3906,92.32607,46.91667,-6.0833282,21600,-0.09252719001732027,0.09835922821600276,4339881.045145775,-462522.2992525033,0.0,0.0007359822964839198
616,3933,92.32607,47.0,-6.1666565,86400,-0.08739295964021182,0.1034813721047542,4332472.586781167,-468106.2447951276,0.0,0.00233459462145259
686,3951,92.32607,47.0,-6.0,43200,-0.08674018381252245,0.09435482875263396,4333815.840058059,-455502.3996515776,0.0,0.003861983341757941
301,3852,92.32607,46.833336,-6.25,86400,-0.09287712017066435,0.10115231712975263,4345238.723142079,-475881.0361998027,0.0,-0.0046514962640972005
266,3843,92.32607,46.75,-6.0,64800,-0.09465518277093765,0.09746298912461691,4353989.159796485,-457622.70099545474,0.0,-0.0008018003414446861
651,3942,92.32607,47.0,-6.0833282,64800,-0.0870542297416556,0.09085528176523582,4333148.796028124,-461804.81061430223,0.0,0.001147283980319289
21,3780,92.32607,46.66667,-6.25,64800,-0.08760499597616493,0.09000842454125436,4358653.3150161095,-477350.1729464703,0.0,0.0022201044273609236
196,3825,92.32607,46.75,-6.1666565,43200,-0.0899459938219736,0.08439137040024036,4352639.653859386,-470285.21531356085,0.0,0.008872448069688212
196,3825,92.32607,46.75,-6.1666565,64800,-0.08837313978737114,0.09557899392476212,4352639.653859386,-470285.21531356085,0.0,-0.017593285521043875
371,3870,92.32607,46.833336,-6.0833282,43200,-0.0892598875881244,0.09800278427001304,4346604.66032198,-463238.8677294356,0.0,0.001838699888490391
581,3924,92.32607,47.0,-6.25,21600,-0.0908172080325576,0.09614657407159144,4331787.087405169,-474407.8424903363,0.0,0.000899555650013463
231,3834,92.32607,46.75,-6.0833282,43200,-0.09068120795437991,0.10306684710034565,4353319.010767862,-463954.4488188505,0.0,0.010683380537533371
441,3888,92.32607,46.91667,-6.25,86400,-0.08912432162205505,0.09545353017355823,4338517.220887722,-475144.9119816816,0.0,-0.007998859932395859
56,3789,92.32607,46.66667,-6.1666565,43200,-0.08826281884039991,0.09912576092449842,4359343.065935845,-471009.49203812674,0.0,-0.011231029881329967
161,3816,92.32607,46.75,-6.25,21600,-0.09024135779675499,0.09887857401345036,4351950.96357759,-476616.1460837916,0.0,0.011890710017993841
336,3861,92.32607,46.833336,-6.1666565,43200,-0.08262843037282705,0.09610307831401203,4345926.351221016,-469559.8699535443,0.0,-0.008637599650123612
266,3843,92.32607,46.75,-6.0,21600,-0.08655826129084823,0.10104455180260963,4353989.159796485,-457622.70099545474,0.0,0.013285551288991216
231,3834,92.32607,46.75,-6.0833282,64800,-0.08642472937649215,0.08975505869113311,4353319.010767862,-463954.4488188505,0.0,0.009294621845293923
616,3933,92.32607,47.0,-6.1666565,21600,-0.086603244892747,0.09910232056601981,4332472.586781167,-468106.2447951276,0.0,0.007655858211824607
126,3807,92.32607,46.66667,-6.0,86400,-0.09418191882773519,0.10533074429200723,4360694.650219674,-458327.4764384654,0.0,-0.013851410658492982
686,3951,92.32607,47.0,-6.0,64800,-0.08583193909156846,0.09893988116775605,4333815.840058059,-455502.3996515776,0.0,-0.001267602964347786
196,3825,92.32607,46.75,-6.1666565,86400,-0.09122194475756122,0.0927755326000492,4352639.653859386,-470285.21531356085,0.0,-0.0002389442345568405
21,3780,92.32607,46.66667,-6.25,21600,-0.08939777583218109,0.09482747351811859,4358653.3150161095,-477350.1729464703,0.0,-0.0026249261873155997
406,3879,92.32607,46.833336,-6.0,86400,-0.08534246189617448,0.08815299975316554,4347273.775744883,-456916.88569019584,0.0,0.008199495910124222
301,3852,92.32607,46.833336,-6.25,21600,-0.08974244654885805,0.10234817878133359,4345238.723142079,-475881.0361998027,0.0,-0.009152717463605428
651,3942,92.32607,47.0,-6.0833282,86400,-0.09000791433711756,0.0913887502448161,4333148.796028124,-461804.81061430223,0.0,0.0024583077730271057
371,3870,92.32607,46.833336,-6.0833282,86400,-0.08691499483525063,0.09316592584966531,4346604.66032198,-463238.8677294356,0.0,0.005498724574629654
231,3834,92.32607,46.75,-6.0833282,21600,-0.09765298136229744,0.10378497941900787,4353319.010767862,-463954.4488188505,0.0,-0.002099859900941584
581,3924,92.32607,47.0,-6.25,64800,-0.08833974134570019,0.10063616322760142,4331787.087405169,-474407.8424903363,0.0,0.01379788008731347
21,3780,92.32607,46.66667,-6.25,43200,-0.09046708518098759,0.09835430302360701,4358653.3150161095,-477350.1729464703,0.0,-0.00022443044520594925
441,3888,92.32607,46.91667,-6.25,64800,-0.09168415682958904,0.09685742735972298,4338517.220887722,-475144.9119816816,0.0,-0.000687345086756411
21,3780,92.32607,46.66667,-6.25,86400,-0.09016357886211113,0.09686359472575747,4358653.3150161095,-477350.1729464703,0.0,-0.004022787419767603
56,3789,92.32607,46.66667,-6.1666565,21600,-0.0874884115793907,0.09702699879809429,4359343.065935845,-471009.49203812674,0.0,-0.0018549081444097853
686,3951,92.32607,47.0,-6.0,86400,-0.08589727627265085,0.09241243488099853,4333815.840058059,-455502.3996515776,0.0,0.012288327858697573
476,3897,92.32607,46.91667,-6.1666565,43200,-0.08659360145946432,0.10554853124595034,4339203.78529813,-468833.52373287774,0.0,0.0021074863092131945
546,3915,92.32607,46.91667,-6.0,21600,-0.09539619466701836,0.1021391616113676,4340549.125536747,-456210.0964726406,0.0,0.010670629206060152
406,3879,92.32607,46.833336,-6.0,43200,-0.08957794709834356,0.09897175048026371,4347273.775744883,-456916.88569019584,0.0,0.001274657205069925
441,3888,92.32607,46.91667,-6.25,43200,-0.08799946538458918,0.1004556419322803,4338517.220887722,-475144.9119816816,0.0,0.0028767501560497794
336,3861,92.32607,46.833336,-6.1666565,86400,-0.08926492619625438,0.09056771585055073,4345926.351221016,-469559.8699535443,0.0,0.002449257956408076
616,3933,92.32607,47.0,-6.1666565,64800,-0.09338283585659166,0.10552275772743804,4332472.586781167,-468106.2447951276,0.0,-0.005019279613712782
301,3852,92.32607,46.833336,-6.25,43200,-0.08679787469552469,0.08548113839717039,4345238.723142079,-475881.0361998027,0.0,-0.004831206373182268
406,3879,92.32607,46.833336,-6.0,21600,-0.0887760891001243,0.09477180008004463,4347273.775744883,-456916.88569019584,0.0,-0.004190418744235841
546,3915,92.32607,46.91667,-6.0,86400,-0.09057724382719795,0.09707963444247704,4340549.125536747,-456210.0964726406,0.0,0.003356417774815466
91,3798,92.32607,46.66667,-6.0833282,43200,-0.09317570079147422,0.10187911028950573,4360023.469108121,-464668.9756583009,0.0,-0.004630895695400206
161,3816,92.32607,46.75,-6.25,64800,-0.0916860805278185,0.09503318260354686,4351950.96357759,-476616.1460837916,0.0,0.0023551618584956003
511,3906,92.32607,46.91667,-6.0833282,86400,-0.08921674952163879,0.09148387570280317,4339881.045145775,-462522.2992525033,0.0,-0.0008663737144722161
337,4041,109.7293,46.833336,-6.1666565,86400,-0.08923765558654198,0.09364727574339632,4345926.351221016,-469559.8699535443,0.0,0.0011681182876022698
407,4059,109.7293,46.833336,-6.0,21600,-0.08863993546549379,0.09536333674883435,4347273.775744883,-456916.88569019584,0.0,-0.0025054810246217057
197,4005,109.7293,46.75,-6.1666565,86400,-0.0907501130150639,0.0953845439359531,4352639.653859386,-470285.21531356085,0.0,0.0017225388049696153
127,3987,109.7293,46.66667,-6.0,21600,-0.08909073610008741,0.09897469926562825,4360694.650219674,-458327.4764384654,0.0,-0.0033393834512500074
582,4104,109.7293,47.0,-6.25,86400,-0.08679590006024036,0.09960471886887416,4331787.087405169,-474407.8424903363,0.0,0.00844972947522786
442,4068,109.7293,46.91667,-6.25,64800,-0.09053696427117858,0.09727470688699998,4338517.220887722,-475144.9119816816,0.0,0.0013757640786769896
687,4131,109.7293,47.0,-6.0,43200,-0.08704443840026857,0.09533275230521258,4333815.840058059,-455502.3996515776,0.0,0.0030774126864206177
652,4122,109.7293,47.0,-6.0833282,43200,-0.08902040726735422,0.10054581411913725,4333148.796028124,-461804.81061430223,0.0,0.0011042172404982955
162,3996,109.7293,46.75,-6.25,21600,-0.08951630446750294,0.09925545770931747,4351950.96357759,-476616.1460837916,0.0,0.007409283382940411
372,4050,109.7293,46.833336,-6.0833282,86400,-0.08731044744544478,0.0949225540894515,4346604.66032198,-463238.8677294356,0.0,0.0032127038824133576
477,4077,109.7293,46.91667,-6.1666565,64800,-0.08819617129227598,0.09473459130545532,4339203.78529813,-468833.52373287774,0.0,0.007121173858459198
547,4095,109.7293,46.91667,-6.0,21600,-0.09268806521577284,0.10103535477217251,4340549.125536747,-456210.0964726406,0.0,0.006140546105949016
617,4113,109.7293,47.0,-6.1666565,64800,-0.0915234237550181,0.10267129663022656,4332472.586781167,-468106.2447951276,0.0,-0.0036725517095335214
302,4032,109.7293,46.833336,-6.25,43200,-0.0878464328118764,0.09057224758764224,4345238.723142079,-475881.0361998027,0.0,-0.003804994932841287
92,3978,109.7293,46.66667,-6.0833282,43200,-0.09122101916778788,0.10075812541301434,4360023.469108121,-464668.9756583009,0.0,-0.00225641190595831
407,4059,109.7293,46.833336,-6.0,43200,-0.08899008656650968,0.09927494720574338,4347273.775744883,-456916.88569019584,0.0,0.00030964175600340553
617,4113,109.7293,47.0,-6.1666565,86400,-0.08793100814010744,0.10077463319138058,4332472.586781167,-468106.2447951276,0.0,0.0010685745161532938
582,4104,109.7293,47.0,-6.25,21600,-0.08920391429078157,0.09625147898437933,4331787.087405169,-474407.8424903363,0.0,0.0002429363588179282
652,4122,109.7293,47.0,-6.0833282,64800,-0.08754971944810265,0.09344599028896276,4333148.796028124,-461804.81061430223,0.0,0.00027724880877804596
372,4050,109.7293,46.833336,-6.0833282,43200,-0.08943203147012553,0.09836114225639332,4346604.66032198,-463238.8677294356,0.0,5.561236108105875e-05
442,4068,109.7293,46.91667,-6.25,86400,-0.08845740410115986,0.09588140461087638,4338517.220887722,-475144.9119816816,0.0,-0.00487667023368468
22,3960,109.7293,46.66667,-6.25,21600,-0.08874844405610528,0.09643338865283588,4358653.3150161095,-477350.1729464703,0.0,-0.001098444769979885
617,4113,109.7293,47.0,-6.1666565,21600,-0.08736875343586437,0.0983662680698987,4332472.586781167,-468106.2447951276,0.0,0.005047218484006853
337,4041,109.7293,46.833336,-6.1666565,43200,-0.08448267935461919,0.09645868716531457,4345926.351221016,-469559.8699535443,0.0,-0.004688736858031098
687,4131,109.7293,47.0,-6.0,64800,-0.08664271472914704,0.09859619386092058,4333815.840058059,-455502.3996515776,0.0,-0.0003106748359343688
57,3969,109.7293,46.66667,-6.1666565,43200,-0.08807097075231317,0.09775934364996311,4359343.065935845,-471009.49203812674,0.0,-0.006373487022320995
442,4068,109.7293,46.91667,-6.25,43200,-0.08833944949236243,0.09921720361285488,4338517.220887722,-475144.9119816816,0.0,0.0019675035799053353
477,4077,109.7293,46.91667,-6.1666565,43200,-0.08723680608371658,0.10321853295778283,4339203.78529813,-468833.52373287774,0.0,0.0015833736260551022
22,3960,109.7293,46.66667,-6.25,86400,-0.0896715407934926,0.096996586354245,4358653.3150161095,-477350.1729464703,0.0,-0.0023298772535176888
57,3969,109.7293,46.66667,-6.1666565,21600,-0.08763498655823096,0.09757215850967114,4359343.065935845,-471009.49203812674,0.0,0.0001303476326110031
57,3969,109.7293,46.66667,-6.1666565,86400,-0.09104344621325507,0.0997484430429527,4359343.065935845,-471009.49203812674,0.0,-0.002138336329555129
652,4122,109.7293,47.0,-6.0833282,21600,-0.08787216937343902,0.09902437093864691,4333148.796028124,-461804.81061430223,0.0,0.0007633103572330631
617,4113,109.7293,47.0,-6.1666565,43200,-0.0916521510792776,0.09619759818495958,4332472.586781167,-468106.2447951276,0.0,0.0015177602897228479
127,3987,109.7293,46.66667,-6.0,43200,-0.08764489732209697,0.09561355898140037,4360694.650219674,-458327.4764384654,0.0,0.0038201834231618463
477,4077,109.7293,46.91667,-6.1666565,86400,-0.08460816638294158,0.09905411697466446,4339203.78529813,-468833.52373287774,0.0,0.0015835261498573256
232,4014,109.7293,46.75,-6.0833282,86400,-0.08483390156058969,0.10149086655513485,4353319.010767862,-463954.4488188505,0.0,-0.003396685307265448
512,4086,109.7293,46.91667,-6.0833282,64800,-0.09038382204021156,0.0988698576151874,4339881.045145775,-462522.2992525033,0.0,-0.005752848755611278
442,4068,109.7293,46.91667,-6.25,21600,-0.0904718599510832,0.09925643302832853,4338517.220887722,-475144.9119816816,0.0,-0.01117955758368457
582,4104,109.7293,47.0,-6.25,43200,-0.08904668727412432,0.1006969808883157,4331787.087405169,-474407.8424903363,0.0,-0.0020411844509667276
477,4077,109.7293,46.91667,-6.1666565,21600,-0.08739182988862099,0.09948119865218687,4339203.78529813,-468833.52373287774,0.0,-0.00010188798826529399
547,4095,109.7293,46.91667,-6.0,43200,-0.08643761133605024,0.09590401620487189,4340549.125536747,-456210.0964726406,0.0,0.006316756753555807
547,4095,109.7293,46.91667,-6.0,64800,-0.08731958849952443,0.09676832006093843,4340549.125536747,-456210.0964726406,0.0,0.004530991190370633
512,4086,109.7293,46.91667,-6.0833282,43200,-0.09107967506083109,0.10212274009781976,4339881.045145775,-462522.2992525033,0.0,-0.0004219193743877713
512,4086,109.7293,46.91667,-6.0833282,21600,-0.09107725228920922,0.09857706635639851,4339881.045145775,-462522.2992525033,0.0,0.00020325179613531484
267,4023,109.7293,46.75,-6.0,86400,-0.08832585679823485,0.09392082380041714,4353989.159796485,-457622.70099545474,0.0,0.0020425966119555204
582,4104,109.7293,47.0,-6.25,64800,-0.08831817629333899,0.09903150314184314,4331787.087405169,-474407.8424903363,0.0,0.008241669137139172
92,3978,109.7293,46.66667,-6.0833282,21600,-0.08917691646624466,0.09675376771471839,4360023.469108121,-464668.9756583009,0.0,-0.004017143919251917
267,4023,109.7293,46.75,-6.0,43200,-0.08876072519082646,0.09579702030720168,4353989.159796485,-457622.70099545474,0.0,0.00474241523128446
302,4032,109.7293,46.833336,-6.25,86400,-0.09120563752076905,0.10013871619159202,4345238.723142079,-475881.0361998027,0.0,-0.002456169384941911
92,3978,109.7293,46.66667,-6.0833282,64800,-0.09002462028160252,0.09624286011388507,4360023.469108121,-464668.9756583009,0.0,-0.004654677422459871
197,4005,109.7293,46.75,-6.1666565,64800,-0.08920968751521331,0.09602908115314143,4352639.653859386,-470285.21531356085,0.0,-0.010814553398170598
57,3969,109.7293,46.66667,-6.1666565,64800,-0.08466089125033442,0.09588277392681802,4359343.065935845,-471009.49203812674,0.0,0.004170198661998281
197,4005,109.7293,46.75,-6.1666565,43200,-0.08926009496067144,0.089444642067339,4352639.653859386,-470285.21531356085,0.0,0.0062559001061022745
267,4023,109.7293,46.75,-6.0,64800,-0.09247767713633241,0.0983308024404568,4353989.159796485,-457622.70099545474,0.0,0.0008309070448383262
372,4050,109.7293,46.833336,-6.0833282,64800,-0.09066996741380834,0.10001778254472812,4346604.66032198,-463238.8677294356,0.0,0.001349299741043811
512,4086,109.7293,46.91667,-6.0833282,86400,-0.08909788312615254,0.0937390475078321,4339881.045145775,-462522.2992525033,0.0,-0.0005692412088118651
302,4032,109.7293,46.833336,-6.25,21600,-0.08905322117333077,0.10051546958858176,4345238.723142079,-475881.0361998027,0.0,-0.004881546916944564
547,4095,109.7293,46.91667,-6.0,86400,-0.08950627956705583,0.09729518415714787,4340549.125536747,-456210.0964726406,0.0,0.002062021010745166
162,3996,109.7293,46.75,-6.25,86400,-0.09200234381703563,0.10140170706303,4351950.96357759,-476616.1460837916,0.0,-0.0063075817153009335
92,3978,109.7293,46.66667,-6.0833282,86400,-0.09173964640780745,0.09763571808485556,4360023.469108121,-464668.9756583009,0.0,0.0004120752527685303
232,4014,109.7293,46.75,-6.0833282,21600,-0.0946009513643338,0.10171920192602935,4353319.010767862,-463954.4488188505,0.0,-0.0016259677073713937
162,3996,109.7293,46.75,-6.25,64800,-0.09056857520465142,0.09539178553819964,4351950.96357759,-476616.1460837916,0.0,0.0013940354200740043
407,4059,109.7293,46.833336,-6.0,86400,-0.08613427654267733,0.09276540154078673,4347273.775744883,-456916.88569019584,0.0,0.0042912774741738656
197,4005,109.7293,46.75,-6.1666565,21600,-0.08902571834199084,0.10231531490325785,4352639.653859386,-470285.21531356085,0.0,-0.006649368437208967
337,4041,109.7293,46.833336,-6.1666565,64800,-0.09011354267035773,0.09697758261523608,4345926.351221016,-469559.8699535443,0.0,0.0010242215529511556
302,4032,109.7293,46.833336,-6.25,64800,-0.08814719616547938,0.09986061791272655,4345238.723142079,-475881.0361998027,0.0,-0.0005572926210954231
337,4041,109.7293,46.833336,-6.1666565,21600,-0.08652072752217248,0.09589139069673712,4345926.351221016,-469559.8699535443,0.0,0.003132308611208134
687,4131,109.7293,47.0,-6.0,21600,-0.08711710104294622,0.09805308940161192,4333815.840058059,-455502.3996515776,0.0,0.0010845085958453432
162,3996,109.7293,46.75,-6.25,43200,-0.08881519956287827,0.10190287504497922,4351950.96357759,-476616.1460837916,0.0,-0.0058099903132822674
372,4050,109.7293,46.833336,-6.0833282,21600,-0.08759782338363425,0.10316158192069254,4346604.66032198,-463238.8677294356,0.0,0.004008956224475918
22,3960,109.7293,46.66667,-6.25,43200,-0.08986043328689512,0.09917762908774018,4358653.3150161095,-477350.1729464703,0.0,-0.0005431550219879749
127,3987,109.7293,46.66667,-6.0,64800,-0.08811833102695463,0.09822521579572707,4360694.650219674,-458327.4764384654,0.0,0.008523674577104663
22,3960,109.7293,46.66667,-6.25,64800,-0.08792296654115934,0.09285441981225055,4358653.3150161095,-477350.1729464703,0.0,0.0021451739867803243
127,3987,109.7293,46.66667,-6.0,86400,-0.09167153725216927,0.10229620755052475,4360694.650219674,-458327.4764384654,0.0,-0.00813568727751848
652,4122,109.7293,47.0,-6.0833282,86400,-0.08984468998497787,0.09433604689345498,4333148.796028124,-461804.81061430223,0.0,0.00230982339647184
407,4059,109.7293,46.833336,-6.0,64800,-0.09165444856360376,0.09263265500474542,4347273.775744883,-456916.88569019584,0.0,0.002066850200783298
687,4131,109.7293,47.0,-6.0,86400,-0.08659693903563816,0.09442699452887124,4333815.840058059,-455502.3996515776,0.0,0.007448861171096059
232,4014,109.7293,46.75,-6.0833282,43200,-0.08983523583014001,0.10055695939691421,4353319.010767862,-463954.4488188505,0.0,0.0058147280632141985
232,4014,109.7293,46.75,-6.0833282,64800,-0.0877653076573207,0.09305868664656762,4353319.010767862,-463954.4488188505,0.0,0.005943214276280447
267,4023,109.7293,46.75,-6.0,21600,-0.08739887907875271,0.10018723668421485,4353989.159796485,-457622.70099545474,0.0,0.007887691716729296
233,4194,130.666,46.75,-6.0833282,21600,-0.0922827621537249,0.100100435833538,4353319.010767862,-463954.4488188505,0.0,-0.0012657223970311065
583,4284,130.666,47.0,-6.25,64800,-0.08834383892162181,0.09819672387859202,4331787.087405169,-474407.8424903363,0.0,0.0045673190211000135
618,4293,130.666,47.0,-6.1666565,64800,-0.09022041715580849,0.10062361994862204,4332472.586781167,-468106.2447951276,0.0,-0.002504704109103398
128,4167,130.666,46.66667,-6.0,43200,-0.088006916020773,0.09695409044035237,4360694.650219674,-458327.4764384654,0.0,0.0018997537162220998
338,4221,130.666,46.833336,-6.1666565,86400,-0.089088168379473,0.095683318631559,4345926.351221016,-469559.8699535443,0.0,0.00037331032981824917
548,4275,130.666,46.91667,-6.0,86400,-0.0888955036917127,0.09751967697133716,4340549.125536747,-456210.0964726406,0.0,0.0011396777530335337
338,4221,130.666,46.833336,-6.1666565,43200,-0.08592550003506828,0.09675444125571403,4345926.351221016,-469559.8699535443,0.0,-0.002334399656524707
548,4275,130.666,46.91667,-6.0,43200,-0.0872099152852378,0.09720259175404154,4340549.125536747,-456210.0964726406,0.0,0.003268468815757409
93,4158,130.666,46.66667,-6.0833282,43200,-0.08996199825523561,0.09993538508419117,4360023.469108121,-464668.9756583009,0.0,-0.0009937911496800532
618,4293,130.666,47.0,-6.1666565,43200,-0.09062903363487676,0.09696274600670696,4332472.586781167,-468106.2447951276,0.0,0.0013068390938828713
128,4167,130.666,46.66667,-6.0,86400,-0.09010656871435269,0.1003477182956185,4360694.650219674,-458327.4764384654,0.0,-0.004448481402040437
163,4176,130.666,46.75,-6.25,64800,-0.0897426401744876,0.09599315653379119,4351950.96357759,-476616.1460837916,0.0,0.0007950820483070231
408,4239,130.666,46.833336,-6.0,43200,-0.08868130277016681,0.09916564248816727,4347273.775744883,-456916.88569019584,0.0,-8.872832521403524e-06
653,4302,130.666,47.0,-6.0833282,21600,-0.08818070313262026,0.098542086212575,4333148.796028124,-461804.81061430223,0.0,0.0003724494697518465
93,4158,130.666,46.66667,-6.0833282,64800,-0.08954726649763346,0.09757946830324386,4360023.469108121,-464668.9756583009,0.0,-0.0023118586564493974
163,4176,130.666,46.75,-6.25,43200,-0.0889516538594043,0.10071668493356835,4351950.96357759,-476616.1460837916,0.0,-0.004040320876983314
58,4149,130.666,46.66667,-6.1666565,86400,-0.08987729369573327,0.0984959059111727,4359343.065935845,-471009.49203812674,0.0,-0.0011107879381141662
478,4257,130.666,46.91667,-6.1666565,86400,-0.0865689007677727,0.09905708039556105,4339203.78529813,-468833.52373287774,0.0,0.0013083035694158814
303,4212,130.666,46.833336,-6.25,43200,-0.08838402815809047,0.09382334761977193,4345238.723142079,-475881.0361998027,0.0,-0.002768174098443207
688,4311,130.666,47.0,-6.0,64800,-0.08715749131456325,0.09836718438522003,4333815.840058059,-455502.3996515776,0.0,0.0001812030683895878
163,4176,130.666,46.75,-6.25,86400,-0.09070405258269834,0.09956180633312127,4351950.96357759,-476616.1460837916,0.0,-0.0038027563424346093
303,4212,130.666,46.833336,-6.25,64800,-0.08851036335179521,0.09861720369511398,4345238.723142079,-475881.0361998027,0.0,-5.582019731404818e-05
478,4257,130.666,46.91667,-6.1666565,43200,-0.08771338865544442,0.10133254508447238,4339203.78529813,-468833.52373287774,0.0,0.0011232840247040964
338,4221,130.666,46.833336,-6.1666565,21600,-0.0873739241390678,0.09689772441580058,4345926.351221016,-469559.8699535443,0.0,0.001761309455199762
338,4221,130.666,46.833336,-6.1666565,64800,-0.08931575531535582,0.09719243933802199,4345926.351221016,-469559.8699535443,0.0,0.001403131752223038
478,4257,130.666,46.91667,-6.1666565,21600,-0.08829834963202285,0.09909169395107836,4339203.78529813,-468833.52373287774,0.0,-0.00019705934344613847
163,4176,130.666,46.75,-6.25,21600,-0.08899868842361223,0.09899041908001052,4351950.96357759,-476616.1460837916,0.0,0.004351811460282935
303,4212,130.666,46.833336,-6.25,21600,-0.08867840825399712,0.09943075087607856,4345238.723142079,-475881.0361998027,0.0,-0.0023271534422614447
583,4284,130.666,47.0,-6.25,43200,-0.08879514360973519,0.09952354836417414,4331787.087405169,-474407.8424903363,0.0,-0.001145367408443934
688,4311,130.666,47.0,-6.0,21600,-0.08711347237853061,0.09794156894598083,4333815.840058059,-455502.3996515776,0.0,0.0003188643144695175
58,4149,130.666,46.66667,-6.1666565,21600,-0.08782671657162897,0.09790093897116167,4359343.065935845,-471009.49203812674,0.0,0.0009215035670052728
443,4248,130.666,46.91667,-6.25,43200,-0.0885061176713653,0.0986023299390021,4338517.220887722,-475144.9119816816,0.0,0.001254218485966425
513,4266,130.666,46.91667,-6.0833282,64800,-0.08959914689780417,0.09863824012910473,4339881.045145775,-462522.2992525033,0.0,-0.004319130747982451
233,4194,130.666,46.75,-6.0833282,43200,-0.08927935614297165,0.09909587615434431,4353319.010767862,-463954.4488188505,0.0,0.0028845179653519256
58,4149,130.666,46.66667,-6.1666565,43200,-0.0880263022420362,0.09731807242977521,4359343.065935845,-471009.49203812674,0.0,-0.003232085297629302
548,4275,130.666,46.91667,-6.0,21600,-0.09083400092414241,0.1001929109214863,4340549.125536747,-456210.0964726406,0.0,0.0033553020141749647
233,4194,130.666,46.75,-6.0833282,86400,-0.08625488042991311,0.10009839676973892,4353319.010767862,-463954.4488188505,0.0,-0.0022680049068738756
93,4158,130.666,46.66667,-6.0833282,86400,-0.08997175715499484,0.09745628821445018,4360023.469108121,-464668.9756583009,0.0,0.000458078082040628
198,4185,130.666,46.75,-6.1666565,86400,-0.0901422188337763,0.09691755850443477,4352639.653859386,-470285.21531356085,0.0,0.002293237417116375
408,4239,130.666,46.833336,-6.0,86400,-0.08687472736146525,0.09544449630573834,4347273.775744883,-456916.88569019584,0.0,0.0019628611398215144
198,4185,130.666,46.75,-6.1666565,21600,-0.08876112637508195,0.10095725410295357,4352639.653859386,-470285.21531356085,0.0,-0.004794122712620693
93,4158,130.666,46.66667,-6.0833282,21600,-0.08857237518295667,0.09758037867983241,4360023.469108121,-464668.9756583009,0.0,-0.0022894467574963856
478,4257,130.666,46.91667,-6.1666565,64800,-0.08839899640974586,0.09636148786944047,4339203.78529813,-468833.52373287774,0.0,0.004738712754081747
23,4140,130.666,46.66667,-6.25,64800,-0.08808386600949722,0.09497396813161874,4358653.3150161095,-477350.1729464703,0.0,0.0017738564140179019
198,4185,130.666,46.75,-6.1666565,64800,-0.08945537671208481,0.09654094212373567,4352639.653859386,-470285.21531356085,0.0,-0.006162458444562236
653,4302,130.666,47.0,-6.0833282,43200,-0.08867727639423491,0.09974262929492876,4333148.796028124,-461804.81061430223,0.0,9.137065758319458e-05
618,4293,130.666,47.0,-6.1666565,86400,-0.0882570137615245,0.099261215298627,4332472.586781167,-468106.2447951276,0.0,0.0003410289780712027
268,4203,130.666,46.75,-6.0,43200,-0.0887425141669861,0.09685536910708842,4353989.159796485,-457622.70099545474,0.0,0.0029568595378106828
373,4230,130.666,46.833336,-6.0833282,21600,-0.08816911734979466,0.10117095859201815,4346604.66032198,-463238.8677294356,0.0,0.002058728194708755
23,4140,130.666,46.66667,-6.25,21600,-0.08853491014879993,0.09743180120512679,4358653.3150161095,-477350.1729464703,0.0,-0.00032421675512698194
408,4239,130.666,46.833336,-6.0,64800,-0.09044004726363723,0.09466463525922963,4347273.775744883,-456916.88569019584,0.0,0.0009755782669224023
23,4140,130.666,46.66667,-6.25,86400,-0.08928800536567655,0.09727975508537208,4358653.3150161095,-477350.1729464703,0.0,-0.0013220688998438214
443,4248,130.666,46.91667,-6.25,64800,-0.08961041213237501,0.09750565378911048,4338517.220887722,-475144.9119816816,0.0,0.001966096911417836
23,4140,130.666,46.66667,-6.25,43200,-0.08941291523620373,0.0992337919560497,4358653.3150161095,-477350.1729464703,0.0,-0.0004926025930969488
653,4302,130.666,47.0,-6.0833282,86400,-0.08954916231697584,0.09609687858451425,4333148.796028124,-461804.81061430223,0.0,0.0018316447822134395
373,4230,130.666,46.833336,-6.0833282,86400,-0.08775511627449183,0.09617462888212633,4346604.66032198,-463238.8677294356,0.0,0.0017134586919758173
618,4293,130.666,47.0,-6.1666565,21600,-0.0878689290203052,0.09797515293667973,4332472.586781167,-468106.2447951276,0.0,0.003190593655157459
303,4212,130.666,46.833336,-6.25,86400,-0.09000980912805866,0.09938657760255604,4345238.723142079,-475881.0361998027,0.0,-0.00103749995488293
408,4239,130.666,46.833336,-6.0,21600,-0.08857293300713567,0.0961152565884985,4347273.775744883,-456916.88569019584,0.0,-0.0014562961393477887
128,4167,130.666,46.66667,-6.0,64800,-0.08836273503889835,0.0983107373193422,4360694.650219674,-458327.4764384654,0.0,0.004742107230211525
513,4266,130.666,46.91667,-6.0833282,43200,-0.09012243699699798,0.1003670696810352,4339881.045145775,-462522.2992525033,0.0,0.000708121763916705
268,4203,130.666,46.75,-6.0,21600,-0.0879569514617385,0.09952463976538983,4353989.159796485,-457622.70099545474,0.0,0.0043734823637689565
513,4266,130.666,46.91667,-6.0833282,21600,-0.09009741410729233,0.09852334318076422,4339881.045145775,-462522.2992525033,0.0,-6.095674404075593e-05
58,4149,130.666,46.66667,-6.1666565,64800,-0.08647662902921231,0.09677158485283914,4359343.065935845,-471009.49203812674,0.0,0.002040508151493232
653,4302,130.666,47.0,-6.0833282,64800,-0.0879084217414771,0.09539551531955047,4333148.796028124,-461804.81061430223,0.0,-0.00019927778050366098
268,4203,130.666,46.75,-6.0,86400,-0.08825226029094825,0.09581025532548458,4353989.159796485,-457622.70099545474,0.0,0.0008651451911827191
513,4266,130.666,46.91667,-6.0833282,86400,-0.08890915370147488,0.09541760977579014,4339881.045145775,-462522.2992525033,0.0,-0.0003683164171369807
583,4284,130.666,47.0,-6.25,21600,-0.08855481311593387,0.09675364721282559,4331787.087405169,-474407.8424903363,0.0,-0.00010354639521858319
443,4248,130.666,46.91667,-6.25,21600,-0.08956755998198591,0.09893116099570115,4338517.220887722,-475144.9119816816,0.0,-0.0063122511681956055
233,4194,130.666,46.75,-6.0833282,64800,-0.08841231555468539,0.09531564354537034,4353319.010767862,-463954.4488188505,0.0,0.00340230028437501
688,4311,130.666,47.0,-6.0,86400,-0.08697481733117524,0.09568597731177358,4333815.840058059,-455502.3996515776,0.0,0.004067601712347515
583,4284,130.666,47.0,-6.25,86400,-0.08739617780432642,0.09937756287372551,4331787.087405169,-474407.8424903363,0.0,0.004646755117036755
443,4248,130.666,46.91667,-6.25,86400,-0.08824022569020488,0.09653484293733298,4338517.220887722,-475144.9119816816,0.0,-0.0027151824522719764
373,4230,130.666,46.833336,-6.0833282,64800,-0.08989805830612434,0.09989369391531899,4346604.66032198,-463238.8677294356,0.0,0.0005793773354484319
688,4311,130.666,47.0,-6.0,43200,-0.0872064689033439,0.09623201036477828,4333815.840058059,-455502.3996515776,0.0,0.0023117235801410453
548,4275,130.666,46.91667,-6.0,64800,-0.08790497350723199,0.09724133044745804,4340549.125536747,-456210.0964726406,0.0,0.0026718937299948712
373,4230,130.666,46.833336,-6.0833282,43200,-0.08936503732442981,0.09851832581359447,4346604.66032198,-463238.8677294356,0.0,-0.000827041844235303
128,4167,130.666,46.66667,-6.0,21600,-0.08883901268912167,0.09830217900092493,4360694.650219674,-458327.4764384654,0.0,-0.0013780526329616218
198,4185,130.666,46.75,-6.1666565,43200,-0.08890920812699929,0.09304155272984822,4352639.653859386,-470285.21531356085,0.0,0.004057689328095638
268,4203,130.666,46.75,-6.0,64800,-0.09088069860517044,0.09852397255545509,4353989.159796485,-457622.70099545474,0.0,0.0013311583128110193
59,4329,155.8507,46.66667,-6.1666565,43200,-0.08808218740729497,0.09736942418362368,4359343.065935845,-471009.49203812674,0.0,-0.0014635270250023293
584,4464,155.8507,47.0,-6.25,64800,-0.08837235326313952,0.09787513644368134,4331787.087405169,-474407.8424903363,0.0,0.002331374614844986
304,4392,155.8507,46.833336,-6.25,64800,-0.08865262664465548,0.09819032718694211,4345238.723142079,-475881.0361998027,0.0,0.00021006388029797048
479,4437,155.8507,46.91667,-6.1666565,43200,-0.08804146366348378,0.09998471584580801,4339203.78529813,-468833.52373287774,0.0,0.0007389499443463614
514,4446,155.8507,46.91667,-6.0833282,21600,-0.089450957184389,0.09837898077755491,4339881.045145775,-462522.2992525033,0.0,-0.0001311680922118777
374,4410,155.8507,46.833336,-6.0833282,86400,-0.0881105884530708,0.09702018819424595,4346604.66032198,-463238.8677294356,0.0,0.0008450812546746801
129,4347,155.8507,46.66667,-6.0,64800,-0.08850154468064358,0.09831549938863174,4360694.650219674,-458327.4764384654,0.0,0.002365146987786446
59,4329,155.8507,46.66667,-6.1666565,21600,-0.08802213237904485,0.09807864885223982,4359343.065935845,-471009.49203812674,0.0,0.000996109180731555
269,4383,155.8507,46.75,-6.0,86400,-0.08827680829379235,0.09689811351820764,4353989.159796485,-457622.70099545474,0.0,0.00030396759738828493
549,4455,155.8507,46.91667,-6.0,86400,-0.08860551512554957,0.0977307240307919,4340549.125536747,-456210.0964726406,0.0,0.0005904304358574726
129,4347,155.8507,46.66667,-6.0,86400,-0.08922066638109201,0.0992355220196178,4360694.650219674,-458327.4764384654,0.0,-0.002269369551744979
339,4401,155.8507,46.833336,-6.1666565,43200,-0.08696199272429068,0.09707761757088805,4345926.351221016,-469559.8699535443,0.0,-0.0010398348339679996
269,4383,155.8507,46.75,-6.0,21600,-0.08827861498663431,0.09902460650668515,4353989.159796485,-457622.70099545474,0.0,0.002278635441155567
304,4392,155.8507,46.833336,-6.25,86400,-0.08924217103818707,0.09888272582334044,4345238.723142079,-475881.0361998027,0.0,-0.00026064352447225227
619,4473,155.8507,47.0,-6.1666565,21600,-0.08817076735836574,0.09783857171481511,4332472.586781167,-468106.2447951276,0.0,0.0019396831530817922
199,4365,155.8507,46.75,-6.1666565,64800,-0.08935955305208032,0.09703447806116877,4352639.653859386,-470285.21531356085,0.0,-0.003250484216665441
24,4320,155.8507,46.66667,-6.25,21600,-0.08849732523644739,0.0979467069017156,4358653.3150161095,-477350.1729464703,0.0,-1.6457592946565154e-05
619,4473,155.8507,47.0,-6.1666565,86400,-0.08841977484752987,0.09853156639780955,4332472.586781167,-468106.2447951276,0.0,1.8834665174042172e-05
654,4482,155.8507,47.0,-6.0833282,64800,-0.08814375553179046,0.0966924824797365,4333148.796028124,-461804.81061430223,0.0,-0.0003433680025489864
374,4410,155.8507,46.833336,-6.0833282,43200,-0.08916726185197646,0.09853656409591899,4346604.66032198,-463238.8677294356,0.0,-0.0010711427475622692
444,4428,155.8507,46.91667,-6.25,86400,-0.08825129365854226,0.0971728267041307,4338517.220887722,-475144.9119816816,0.0,-0.0013722982774273798
584,4464,155.8507,47.0,-6.25,21600,-0.08840106983310977,0.0973064398032151,4331787.087405169,-474407.8424903363,0.0,-0.0002201689585039394
269,4383,155.8507,46.75,-6.0,64800,-0.08980051650033832,0.09845230152214131,4353989.159796485,-457622.70099545474,0.0,0.0012528676612286811
24,4320,155.8507,46.66667,-6.25,86400,-0.08899955850783127,0.09758736495547071,4358653.3150161095,-477350.1729464703,0.0,-0.0007516440441196279
654,4482,155.8507,47.0,-6.0833282,86400,-0.08922236945600598,0.09709645649913934,4333148.796028124,-461804.81061430223,0.0,0.0012736502120695708
164,4356,155.8507,46.75,-6.25,64800,-0.0891842807525325,0.09665637441457424,4351950.96357759,-476616.1460837916,0.0,0.0004347219171233537
409,4419,155.8507,46.833336,-6.0,43200,-0.08853774804766366,0.09887978098816233,4347273.775744883,-456916.88569019584,0.0,-4.628057469108052e-05
304,4392,155.8507,46.833336,-6.25,43200,-0.088587113882446,0.09579481533925276,4345238.723142079,-475881.0361998027,0.0,-0.0018811958455740329
619,4473,155.8507,47.0,-6.1666565,64800,-0.08939435688917977,0.09932247815209487,4332472.586781167,-468106.2447951276,0.0,-0.0015884569007107413
234,4374,155.8507,46.75,-6.0833282,21600,-0.09065750090396085,0.09902966434163346,4353319.010767862,-463954.4488188505,0.0,-0.0009387714682813502
549,4455,155.8507,46.91667,-6.0,21600,-0.08967955987284522,0.09954792444442534,4340549.125536747,-456210.0964726406,0.0,0.0017466546362519268
94,4338,155.8507,46.66667,-6.0833282,43200,-0.08921469491968728,0.09933343725795059,4360023.469108121,-464668.9756583009,0.0,-0.00039286733827861576
444,4428,155.8507,46.91667,-6.25,43200,-0.08856388326950468,0.09835455937986103,4338517.220887722,-475144.9119816816,0.0,0.0007228387460700403
409,4419,155.8507,46.833336,-6.0,86400,-0.08748359747730722,0.09687507505647792,4347273.775744883,-456916.88569019584,0.0,0.000713647066444466
304,4392,155.8507,46.833336,-6.25,21600,-0.08851131587734845,0.09883327847589508,4345238.723142079,-475881.0361998027,0.0,-0.0009851177688223033
689,4491,155.8507,47.0,-6.0,86400,-0.08715795527396449,0.09651344713925916,4333815.840058059,-455502.3996515776,0.0,0.001967474125422616
689,4491,155.8507,47.0,-6.0,64800,-0.08741598883275034,0.09819781337463905,4333815.840058059,-455502.3996515776,0.0,0.000353287776034456
199,4365,155.8507,46.75,-6.1666565,43200,-0.08874291846325297,0.0954064653386767,4352639.653859386,-470285.21531356085,0.0,0.0024123172753989196
409,4419,155.8507,46.833336,-6.0,64800,-0.08961115872172179,0.09609268055252262,4347273.775744883,-456916.88569019584,0.0,0.00036791433485490623
269,4383,155.8507,46.75,-6.0,43200,-0.08866998733530858,0.09756123405073791,4353989.159796485,-457622.70099545474,0.0,0.00177101215078178
514,4446,155.8507,46.91667,-6.0833282,43200,-0.08942707495007238,0.09930858270461627,4339881.045145775,-462522.2992525033,0.0,0.000922456437138758
94,4338,155.8507,46.66667,-6.0833282,86400,-0.0890312304305013,0.0975916037369351,4360023.469108121,-464668.9756583009,0.0,0.0003808567574167705
234,4374,155.8507,46.75,-6.0833282,64800,-0.08863464305327526,0.09671649135484059,4353319.010767862,-463954.4488188505,0.0,0.0017181846099441043
479,4437,155.8507,46.91667,-6.1666565,21600,-0.08869958353730346,0.09887597988203768,4339203.78529813,-468833.52373287774,0.0,-0.00014759384114486959
339,4401,155.8507,46.833336,-6.1666565,21600,-0.08789857823752495,0.09754387129337128,4345926.351221016,-469559.8699535443,0.0,0.0009373785401782012
374,4410,155.8507,46.833336,-6.0833282,21600,-0.08846013210982782,0.09987638810819453,4346604.66032198,-463238.8677294356,0.0,0.0009577855300552263
374,4410,155.8507,46.833336,-6.0833282,64800,-0.0893233016678792,0.09956022366894396,4346604.66032198,-463238.8677294356,0.0,0.00021848175725501919
94,4338,155.8507,46.66667,-6.0833282,21600,-0.08829471279348759,0.09794563239485168,4360023.469108121,-464668.9756583009,0.0,-0.001245360728918637
24,4320,155.8507,46.66667,-6.25,43200,-0.08907748453968922,0.09895838332753196,4358653.3150161095,-477350.1729464703,0.0,-0.00031274224386139274
479,4437,155.8507,46.91667,-6.1666565,86400,-0.0876696851341824,0.09888544227230742,4339203.78529813,-468833.52373287774,0.0,0.001024307628079296
339,4401,155.8507,46.833336,-6.1666565,64800,-0.08889298609810282,0.09740431752993929,4345926.351221016,-469559.8699535443,0.0,0.0011535038851154145
444,4428,155.8507,46.91667,-6.25,64800,-0.08898763701473861,0.09767112137390131,4338517.220887722,-475144.9119816816,0.0,0.0017451208863773526
59,4329,155.8507,46.66667,-6.1666565,86400,-0.08919018859249998,0.09792069420017788,4359343.065935845,-471009.49203812674,0.0,-0.0005644850733636536
129,4347,155.8507,46.66667,-6.0,21600,-0.08864663823546451,0.09798555834224222,4360694.650219674,-458327.4764384654,0.0,-0.00042749127334811075
584,4464,155.8507,47.0,-6.25,43200,-0.08866540925839374,0.09879487026385719,4331787.087405169,-474407.8424903363,0.0,-0.0006274825361672346
164,4356,155.8507,46.75,-6.25,86400,-0.08977237557025475,0.09861263224094756,4351950.96357759,-476616.1460837916,0.0,-0.0021699990874375617
654,4482,155.8507,47.0,-6.0833282,43200,-0.0885482996998901,0.09911082257085757,4333148.796028124,-461804.81061430223,0.0,-0.00029727614136749986
234,4374,155.8507,46.75,-6.0833282,86400,-0.08723707831217423,0.09919413840008977,4353319.010767862,-463954.4488188505,0.0,-0.0013985138010272785
514,4446,155.8507,46.91667,-6.0833282,64800,-0.08908064787147374,0.09839637188057411,4339881.045145775,-462522.2992525033,0.0,-0.002955584498482138
584,4464,155.8507,47.0,-6.25,86400,-0.08783586901785297,0.09899489534373232,4331787.087405169,-474407.8424903363,0.0,0.002285829771174443
409,4419,155.8507,46.833336,-6.0,21600,-0.08854752963678153,0.09681145485131838,4347273.775744883,-456916.88569019584,0.0,-0.0007976127716416052
549,4455,155.8507,46.91667,-6.0,43200,-0.08778953162782135,0.09784943018738859,4340549.125536747,-456210.0964726406,0.0,0.0014994609503079727
59,4329,155.8507,46.66667,-6.1666565,64800,-0.08750009716964839,0.09729955670646731,4359343.065935845,-471009.49203812674,0.0,0.0008303855545758979
689,4491,155.8507,47.0,-6.0,21600,-0.08721223159559528,0.09791433064359847,4333815.840058059,-455502.3996515776,0.0,-0.00010422876029407256
94,4338,155.8507,46.66667,-6.0833282,64800,-0.08919201332687574,0.09816576689108679,4360023.469108121,-464668.9756583009,0.0,-0.0010734216356660625
619,4473,155.8507,47.0,-6.1666565,43200,-0.08980591584213161,0.09741753572408121,4332472.586781167,-468106.2447951276,0.0,0.0010136606945357193
234,4374,155.8507,46.75,-6.0833282,43200,-0.08894238472079954,0.09839178801789185,4353319.010767862,-463954.4488188505,0.0,0.0012926024930095747
479,4437,155.8507,46.91667,-6.1666565,64800,-0.08847049574802039,0.09729089837666413,4339203.78529813,-468833.52373287774,0.0,0.0028898382940658273
549,4455,155.8507,46.91667,-6.0,64800,-0.08826456775661604,0.09768647446438852,4340549.125536747,-456210.0964726406,0.0,0.0013936840289189578
164,4356,155.8507,46.75,-6.25,21600,-0.08868831838682596,0.09857321596735122,4351950.96357759,-476616.1460837916,0.0,0.0023817368369100887
199,4365,155.8507,46.75,-6.1666565,86400,-0.08956925106134035,0.09773389659870908,4352639.653859386,-470285.21531356085,0.0,0.002063038504066585
164,4356,155.8507,46.75,-6.25,43200,-0.08893755120628621,0.09985344862508551,4351950.96357759,-476616.1460837916,0.0,-0.0025620308030996747
129,4347,155.8507,46.66667,-6.0,43200,-0.0882272880922517,0.09762924372750767,4360694.650219674,-458327.4764384654,0.0,0.0007721690592327412
514,4446,155.8507,46.91667,-6.0833282,86400,-0.08873276793840289,0.0965841273636859,4339881.045145775,-462522.2992525033,0.0,-0.00022203206866694942
24,4320,155.8507,46.66667,-6.25,64800,-0.08817631303989047,0.096417499290509,4358653.3150161095,-477350.1729464703,0.0,0.0013022107422800506
339,4401,155.8507,46.833336,-6.1666565,86400,-0.08889460177287276,0.09690460883217081,4345926.351221016,-469559.8699535443,0.0,5.535761365114957e-06
654,4482,155.8507,47.0,-6.0833282,21600,-0.08841066114591765,0.09837100299542663,4333148.796028124,-461804.81061430223,0.0,0.00020249740695744368
444,4428,155.8507,46.91667,-6.25,21600,-0.08905092175642287,0.098581176407547,4338517.220887722,-475144.9119816816,0.0,-0.003330383870237056
199,4365,155.8507,46.75,-6.1666565,21600,-0.08865174623602916,0.09997163787601636,4352639.653859386,-470285.21531356085,0.0,-0.0031338402234468024
689,4491,155.8507,47.0,-6.0,43200,-0.08729716096961726,0.09695090597929232,4333815.840058059,-455502.3996515776,0.0,0.0016151216887088351
375,4590,186.1256,46.833336,-6.0833282,64800,-0.08892301450682533,0.09914900465650656,4346604.66032198,-463238.8677294356,0.0,8.005982578806136e-05
375,4590,186.1256,46.833336,-6.0833282,43200,-0.08893359369827335,0.09848238975537532,4346604.66032198,-463238.8677294356,0.0,-0.000948377695644752
270,4563,186.1256,46.75,-6.0,64800,-0.08912700711974551,0.0983399543775211,4353989.159796485,-457622.70099545474,0.0,0.0009585765234213771
60,4509,186.1256,46.66667,-6.1666565,64800,-0.08801882598113926,0.09763098891508631,4359343.065935845,-471009.49203812674,0.0,0.00023390276721783388
655,4662,186.1256,47.0,-6.0833282,21600,-0.08852263962889863,0.09830201214920607,4333148.796028124,-461804.81061430223,0.0,0.00012739826956453836
480,4617,186.1256,46.91667,-6.1666565,64800,-0.08847419826507959,0.09776239166998776,4339203.78529813,-468833.52373287774,0.0,0.0015939224064540696
130,4527,186.1256,46.66667,-6.0,21600,-0.08851675436130331,0.09791113260734251,4360694.650219674,-458327.4764384654,0.0,-5.754988301779654e-05
585,4644,186.1256,47.0,-6.25,21600,-0.08841792429260589,0.09773484522897342,4331787.087405169,-474407.8424903363,0.0,-0.00020603409120076898
130,4527,186.1256,46.66667,-6.0,43200,-0.08834488283553987,0.09793260794395445,4360694.650219674,-458327.4764384654,0.0,0.000203432946724005
445,4608,186.1256,46.91667,-6.25,64800,-0.08863668498064352,0.09782225627862003,4338517.220887722,-475144.9119816816,0.0,0.0012303444784496286
690,4671,186.1256,47.0,-6.0,86400,-0.08723990660211867,0.09707605672094888,4333815.840058059,-455502.3996515776,0.0,0.0008177235255262647
60,4509,186.1256,46.66667,-6.1666565,43200,-0.08817825910595857,0.09760629590544814,4359343.065935845,-471009.49203812674,0.0,-0.0006087622510612796
410,4599,186.1256,46.833336,-6.0,64800,-0.08908982201508472,0.09704068166987394,4347273.775744883,-456916.88569019584,0.0,7.93435462507687e-05
235,4554,186.1256,46.75,-6.0833282,43200,-0.08874159326230639,0.09814593959497697,4353319.010767862,-463954.4488188505,0.0,0.000516752504866936
690,4671,186.1256,47.0,-6.0,64800,-0.08749442019113644,0.09807026128635496,4333815.840058059,-455502.3996515776,0.0,0.00034262477952190143
200,4545,186.1256,46.75,-6.1666565,86400,-0.08911625882670195,0.09812078622722754,4352639.653859386,-470285.21531356085,0.0,0.0015100309089265856
690,4671,186.1256,47.0,-6.0,43200,-0.08734288124092737,0.09744179308889779,4333815.840058059,-455502.3996515776,0.0,0.0010459518866949642
340,4581,186.1256,46.833336,-6.1666565,86400,-0.08871104213609021,0.09756595623681376,4345926.351221016,-469559.8699535443,0.0,-8.650933153363931e-05
165,4536,186.1256,46.75,-6.25,21600,-0.08853356082870184,0.09826500164250487,4351950.96357759,-476616.1460837916,0.0,0.0011989779189926265
25,4500,186.1256,46.66667,-6.25,64800,-0.08823752721698981,0.0973098035458575,4358653.3150161095,-477350.1729464703,0.0,0.0008528966536496978
340,4581,186.1256,46.833336,-6.1666565,43200,-0.0876368102929293,0.09742035380845863,4345926.351221016,-469559.8699535443,0.0,-0.00039467090116843985
655,4662,186.1256,47.0,-6.0833282,64800,-0.08827655107400996,0.09746194714998918,4333148.796028124,-461804.81061430223,0.0,-0.00029168818473218426
375,4590,186.1256,46.833336,-6.0833282,21600,-0.08855890044942727,0.09908790319003564,4346604.66032198,-463238.8677294356,0.0,0.00040108834510014596
410,4599,186.1256,46.833336,-6.0,21600,-0.08852752901106807,0.09735131546169988,4347273.775744883,-456916.88569019584,0.0,-0.00039490286007256366
270,4563,186.1256,46.75,-6.0,21600,-0.08842431482290372,0.0986686885092244,4353989.159796485,-457622.70099545474,0.0,0.0011324978163230479
25,4500,186.1256,46.66667,-6.25,43200,-0.08882970036066859,0.09864151132841642,4358653.3150161095,-477350.1729464703,0.0,-0.00014583932875997333
620,4653,186.1256,47.0,-6.1666565,21600,-0.0883310239592018,0.09786306574135464,4332472.586781167,-468106.2447951276,0.0,0.0011428731987951797
130,4527,186.1256,46.66667,-6.0,86400,-0.08876405107592916,0.09867624002489166,4360694.650219674,-458327.4764384654,0.0,-0.0010885256065153214
200,4545,186.1256,46.75,-6.1666565,64800,-0.08912164024650969,0.09745866327344171,4352639.653859386,-470285.21531356085,0.0,-0.001593645559034547
620,4653,186.1256,47.0,-6.1666565,86400,-0.08847361231830161,0.09824811604270257,4332472.586781167,-468106.2447951276,0.0,-5.6973341806517936e-05
25,4500,186.1256,46.66667,-6.25,21600,-0.0884960248100208,0.0981656333475976,4358653.3150161095,-477350.1729464703,0.0,5.7433684767011226e-05
655,4662,186.1256,47.0,-6.0833282,43200,-0.0885058742849677,0.09867769214634049,4333148.796028124,-461804.81061430223,0.0,-0.00035713541241931546
60,4509,186.1256,46.66667,-6.1666565,86400,-0.08880360587998286,0.09777196554950147,4359343.065935845,-471009.49203812674,0.0,-0.00028471141661808106
305,4572,186.1256,46.833336,-6.25,86400,-0.08879793194368728,0.09857344840223661,4345238.723142079,-475881.0361998027,0.0,6.52274791236994e-05
200,4545,186.1256,46.75,-6.1666565,43200,-0.0886550874577393,0.09683288603887151,4352639.653859386,-470285.21531356085,0.0,0.001315788909899485
515,4626,186.1256,46.91667,-6.0833282,86400,-0.08860171945545721,0.09733445892126219,4339881.045145775,-462522.2992525033,0.0,-0.00012280329892333283
620,4653,186.1256,47.0,-6.1666565,43200,-0.08921094387495766,0.09768811914462665,4332472.586781167,-468106.2447951276,0.0,0.0007054815227091853
585,4644,186.1256,47.0,-6.25,86400,-0.08812944225537223,0.09866092341472105,4331787.087405169,-474407.8424903363,0.0,0.000974765822789297
165,4536,186.1256,46.75,-6.25,64800,-0.08883450036774398,0.09724156133503206,4351950.96357759,-476616.1460837916,0.0,0.00022381664037649784
410,4599,186.1256,46.833336,-6.0,86400,-0.0879164468644722,0.09758467787098064,4347273.775744883,-456916.88569019584,0.0,0.0001332347773393042
95,4518,186.1256,46.66667,-6.0833282,21600,-0.08822683201628867,0.09807783238851643,4360023.469108121,-464668.9756583009,0.0,-0.0006460323620760347
25,4500,186.1256,46.66667,-6.25,86400,-0.08878746069770206,0.09784694202263508,4358653.3150161095,-477350.1729464703,0.0,-0.00043136872815820155
585,4644,186.1256,47.0,-6.25,64800,-0.08838530675542876,0.09784584495156211,4331787.087405169,-474407.8424903363,0.0,0.0010882491246217917
480,4617,186.1256,46.91667,-6.1666565,21600,-0.08878126668266464,0.09872891423632771,4339203.78529813,-468833.52373287774,0.0,-7.210698899501482e-05
550,4635,186.1256,46.91667,-6.0,43200,-0.08814975643510212,0.09811337683482033,4340549.125536747,-456210.0964726406,0.0,0.0006023263011762403
305,4572,186.1256,46.833336,-6.25,64800,-0.08865884525223215,0.09813414329151059,4345238.723142079,-475881.0361998027,0.0,0.000291152072452707
480,4617,186.1256,46.91667,-6.1666565,43200,-0.08824401945916983,0.09913931834842107,4339203.78529813,-468833.52373287774,0.0,0.00044498602392576683
305,4572,186.1256,46.833336,-6.25,21600,-0.08845227273703077,0.09852423333731337,4345238.723142079,-475881.0361998027,0.0,-0.00037630523129488267
270,4563,186.1256,46.75,-6.0,86400,-0.08832938170891673,0.09749668506674959,4353989.159796485,-457622.70099545474,0.0,0.00010046568211932573
690,4671,186.1256,47.0,-6.0,21600,-0.08729871718026404,0.09789485543579646,4333815.840058059,-455502.3996515776,0.0,-0.00022937932200195327
515,4626,186.1256,46.91667,-6.0833282,21600,-0.08903014176957046,0.09825327944045598,4339881.045145775,-462522.2992525033,0.0,-0.0001035670815423699
375,4590,186.1256,46.833336,-6.0833282,86400,-0.08832431108613434,0.09756157086106514,4346604.66032198,-463238.8677294356,0.0,0.0003997025355085215
60,4509,186.1256,46.66667,-6.1666565,21600,-0.08818144766027779,0.09816284129603844,4359343.065935845,-471009.49203812674,0.0,0.0007528071957161726
550,4635,186.1256,46.91667,-6.0,86400,-0.08849383522656463,0.09791672741210256,4340549.125536747,-456210.0964726406,0.0,0.00031661137920297285
655,4662,186.1256,47.0,-6.0833282,86400,-0.08893445278667307,0.09764873951030029,4333148.796028124,-461804.81061430223,0.0,0.0007898680353940764
550,4635,186.1256,46.91667,-6.0,64800,-0.08844289574211144,0.09800408063989016,4340549.125536747,-456210.0964726406,0.0,0.0006336048457341433
270,4563,186.1256,46.75,-6.0,43200,-0.08858435209160286,0.09796215066259459,4353989.159796485,-457622.70099545474,0.0,0.001020364799353718
130,4527,186.1256,46.66667,-6.0,64800,-0.08854616138324493,0.09828682096937692,4360694.650219674,-458327.4764384654,0.0,0.001026304473651991
515,4626,186.1256,46.91667,-6.0833282,43200,-0.08896000850515345,0.09871396416923295,4339881.045145775,-462522.2992525033,0.0,0.000722836967940295
200,4545,186.1256,46.75,-6.1666565,21600,-0.08860197829722403,0.09927461652142999,4352639.653859386,-470285.21531356085,0.0,-0.001856562287806663
340,4581,186.1256,46.833336,-6.1666565,64800,-0.08867576215720484,0.09761932719312381,4345926.351221016,-469559.8699535443,0.0,0.0007469202379093948
235,4554,186.1256,46.75,-6.0833282,64800,-0.08864050262172589,0.09750073927124864,4353319.010767862,-463954.4488188505,0.0,0.0007473231361563867
235,4554,186.1256,46.75,-6.0833282,86400,-0.08784864169485779,0.09868043411524922,4353319.010767862,-463954.4488188505,0.0,-0.000805385215793556
480,4617,186.1256,46.91667,-6.1666565,86400,-0.08819876210465781,0.0986753563217627,4339203.78529813,-468833.52373287774,0.0,0.0007462900270300958
165,4536,186.1256,46.75,-6.25,86400,-0.08916321427346213,0.09820522235083683,4351950.96357759,-476616.1460837916,0.0,-0.0011675686436134012
445,4608,186.1256,46.91667,-6.25,86400,-0.08832746528518906,0.0976637350127014,4338517.220887722,-475144.9119816816,0.0,-0.0006359181208154689
445,4608,186.1256,46.91667,-6.25,21600,-0.0887617303765268,0.09832630119819734,4338517.220887722,-475144.9119816816,0.0,-0.001646425941575521
340,4581,186.1256,46.833336,-6.1666565,21600,-0.08817958382913813,0.09789393306165836,4345926.351221016,-469559.8699535443,0.0,0.00047650182090202664
550,4635,186.1256,46.91667,-6.0,21600,-0.0890210242447563,0.09906189676020044,4340549.125536747,-456210.0964726406,0.0,0.0008669069865990487
620,4653,186.1256,47.0,-6.1666565,64800,-0.08891818993147631,0.09860900622564252,4332472.586781167,-468106.2447951276,0.0,-0.0009370825681429399
305,4572,186.1256,46.833336,-6.25,43200,-0.0886049891837709,0.09694140084538629,4345238.723142079,-475881.0361998027,0.0,-0.001201642439161893
235,4554,186.1256,46.75,-6.0833282,21600,-0.08961147257684403,0.09844619168961635,4353319.010767862,-463954.4488188505,0.0,-0.0006424813616534561
95,4518,186.1256,46.66667,-6.0833282,43200,-0.08880504505627386,0.09890477910953091,4360023.469108121,-464668.9756583009,0.0,-0.00013977634333145516
410,4599,186.1256,46.833336,-6.0,43200,-0.08847464320750976,0.09858789980931285,4347273.775744883,-456916.88569019584,0.0,-1.3924993691769074e-05
95,4518,186.1256,46.66667,-6.0833282,86400,-0.08859884149090017,0.09779890379240738,4360023.469108121,-464668.9756583009,0.0,0.0002686345557926807
515,4626,186.1256,46.91667,-6.0833282,64800,-0.08875915016176363,0.09824210926100116,4339881.045145775,-462522.2992525033,0.0,-0.0018256874935631603
95,4518,186.1256,46.66667,-6.0833282,64800,-0.0889397614642396,0.09837503882966699,4360023.469108121,-464668.9756583009,0.0,-0.0004910672776139873
445,4608,186.1256,46.91667,-6.25,43200,-0.08855384452864312,0.09827685712026425,4338517.220887722,-475144.9119816816,0.0,0.00036872450384810675
585,4644,186.1256,47.0,-6.25,43200,-0.08859215474589517,0.09841294045858308,4331787.087405169,-474407.8424903363,0.0,-0.0003414495727930723
165,4536,186.1256,46.75,-6.25,43200,-0.08883101220265535,0.09923457169570479,4351950.96357759,-476616.1460837916,0.0,-0.001474057814161284
516,4806,222.4752,46.91667,-6.0833282,86400,-0.08851064514728486,0.09778220168615691,4339881.045145775,-462522.2992525033,0.0,-6.555781331511081e-05
481,4797,222.4752,46.91667,-6.1666565,86400,-0.08839260624229367,0.0985036305026598,4339203.78529813,-468833.52373287774,0.0,0.0005020302968670435
551,4815,222.4752,46.91667,-6.0,86400,-0.08845006443916954,0.09806746786703775,4340549.125536747,-456210.0964726406,0.0,0.00019473380952009995
201,4725,222.4752,46.75,-6.1666565,86400,-0.0887953673359065,0.09827614757050936,4352639.653859386,-470285.21531356085,0.0,0.0009459861024932518
96,4698,222.4752,46.66667,-6.0833282,86400,-0.08842462446792616,0.09797265000507628,4360023.469108121,-464668.9756583009,0.0,0.00016739849093785704
166,4716,222.4752,46.75,-6.25,86400,-0.08879217256367611,0.09809077871324896,4351950.96357759,-476616.1460837916,0.0,-0.0005867092416131738
341,4761,222.4752,46.833336,-6.1666565,86400,-0.08856247762994296,0.09789695813395131,4345926.351221016,-469559.8699535443,0.0,-5.745394022936744e-05
411,4779,222.4752,46.833336,-6.0,86400,-0.08817326906587276,0.09792294061488478,4347273.775744883,-456916.88569019584,0.0,-7.715965908602828e-05
271,4743,222.4752,46.75,-6.0,86400,-0.08836621592295295,0.09782978463981731,4353989.159796485,-457622.70099545474,0.0,5.4125165933573354e-05
306,4752,222.4752,46.833336,-6.25,86400,-0.08855972531654573,0.09840022817809939,4345238.723142079,-475881.0361998027,0.0,0.00013563938617714403
446,4788,222.4752,46.91667,-6.25,86400,-0.08837985223699112,0.09797759478264458,4338517.220887722,-475144.9119816816,0.0,-0.0002800992188427128
236,4734,222.4752,46.75,-6.0833282,86400,-0.08817769521411581,0.09842813478168519,4353319.010767862,-463954.4488188505,0.0,-0.00043703903438909136
26,4680,222.4752,46.66667,-6.25,86400,-0.08862913745285565,0.09803269972874269,4358653.3150161095,-477350.1729464703,0.0,-0.0002445704077069446
586,4824,222.4752,47.0,-6.25,86400,-0.08829299493086859,0.09844623935762722,4331787.087405169,-474407.8424903363,0.0,0.0003353517380023183
61,4689,222.4752,46.66667,-6.1666565,86400,-0.08858628606200429,0.09783524147243222,4359343.065935845,-471009.49203812674,0.0,-0.00014211410355639508
376,4770,222.4752,46.833336,-6.0833282,86400,-0.08840892410414504,0.0978909247132361,4346604.66032198,-463238.8677294356,0.0,0.00018867031931320386
131,4707,222.4752,46.66667,-6.0,86400,-0.08854165193016215,0.09842951182479355,4360694.650219674,-458327.4764384654,0.0,-0.0004966780230377198
621,4833,222.4752,47.0,-6.1666565,86400,-0.08846396292547073,0.09817950332092654,4332472.586781167,-468106.2447951276,0.0,-2.811763675157567e-05
481,4797,222.4752,46.91667,-6.1666565,43200,-0.0883454615467864,0.09867520182199435,4339203.78529813,-468833.52373287774,0.0,0.0002435277039817891
481,4797,222.4752,46.91667,-6.1666565,64800,-0.08844671307524232,0.09798621709284777,4339203.78529813,-468833.52373287774,0.0,0.0007801275025468263
586,4824,222.4752,47.0,-6.25,21600,-0.08844019061102348,0.09800319417747774,4331787.087405169,-474407.8424903363,0.0,-0.00014408145863325153
201,4725,222.4752,46.75,-6.1666565,43200,-0.08858445775565421,0.09761681345762019,4352639.653859386,-470285.21531356085,0.0,0.0006632010312543836
271,4743,222.4752,46.75,-6.0,64800,-0.0887356237056639,0.09826886585427212,4353989.159796485,-457622.70099545474,0.0,0.0006443961423430923
446,4788,222.4752,46.91667,-6.25,43200,-0.08850419529074677,0.09825807125600665,4338517.220887722,-475144.9119816816,0.0,0.00016599294108122112
166,4716,222.4752,46.75,-6.25,21600,-0.08846282873780423,0.09812961268104525,4351950.96357759,-476616.1460837916,0.0,0.0005472454721237944
61,4689,222.4752,46.66667,-6.1666565,64800,-0.08824574454113518,0.09785942984473935,4359343.065935845,-471009.49203812674,0.0,-3.1180537920990854e-06
516,4806,222.4752,46.91667,-6.0833282,64800,-0.08856565688768796,0.09818532238904829,4339881.045145775,-462522.2992525033,0.0,-0.0010121921289610112
341,4761,222.4752,46.833336,-6.1666565,21600,-0.08830208889143784,0.09805897974035138,4345926.351221016,-469559.8699535443,0.0,0.0002321145226863022
341,4761,222.4752,46.833336,-6.1666565,43200,-0.08802320309556762,0.09773408381436188,4345926.351221016,-469559.8699535443,0.0,-0.00011166812471649817
691,4851,222.4752,47.0,-6.0,86400,-0.08727421100604121,0.09745217806351167,4333815.840058059,-455502.3996515776,0.0,0.0002716146195145836
551,4815,222.4752,46.91667,-6.0,64800,-0.08849215708344708,0.09818387411991202,4340549.125536747,-456210.0964726406,0.0,0.00024337397232878006
236,4734,222.4752,46.75,-6.0833282,64800,-0.08856164909287202,0.09789986664474003,4353319.010767862,-463954.4488188505,0.0,0.0002669804275539091
131,4707,222.4752,46.66667,-6.0,21600,-0.08843498774654261,0.0979706554219587,4360694.650219674,-458327.4764384654,0.0,4.290074948098101e-05
61,4689,222.4752,46.66667,-6.1666565,43200,-0.08826240602944135,0.097853636522047,4359343.065935845,-471009.49203812674,0.0,-0.00025407844971536497
516,4806,222.4752,46.91667,-6.0833282,21600,-0.08875394412970378,0.09818908025686492,4339881.045145775,-462522.2992525033,0.0,-5.177948236474627e-05
621,4833,222.4752,47.0,-6.1666565,21600,-0.08839423736277242,0.09796270487113808,4332472.586781167,-468106.2447951276,0.0,0.0006579653258748031
551,4815,222.4752,46.91667,-6.0,43200,-0.08832255417044596,0.09819816444458253,4340549.125536747,-456210.0964726406,0.0,0.00020781018016556826
201,4725,222.4752,46.75,-6.1666565,21600,-0.08855182503530229,0.09881330267508961,4352639.653859386,-470285.21531356085,0.0,-0.0009970147212671394
376,4770,222.4752,46.833336,-6.0833282,64800,-0.08866296988500716,0.09878305541066872,4346604.66032198,-463238.8677294356,0.0,3.851472286146721e-05
516,4806,222.4752,46.91667,-6.0833282,43200,-0.08866876891853163,0.09841175980824048,4339881.045145775,-462522.2992525033,0.0,0.00043937982597824706
26,4680,222.4752,46.66667,-6.25,64800,-0.08827506281620426,0.0978098500303446,4358653.3150161095,-477350.1729464703,0.0,0.0004945967395121515
236,4734,222.4752,46.75,-6.0833282,21600,-0.08899065943988684,0.09820437886114315,4353319.010767862,-463954.4488188505,0.0,-0.0004001755662003532
271,4743,222.4752,46.75,-6.0,21600,-0.08845597249107355,0.09844154458671854,4353989.159796485,-457622.70099545474,0.0,0.0005488367936577671
411,4779,222.4752,46.833336,-6.0,64800,-0.08877367050865212,0.09762607511071997,4347273.775744883,-456916.88569019584,0.0,-2.660278246039995e-05
131,4707,222.4752,46.66667,-6.0,43200,-0.08838872135957232,0.09806977130345487,4360694.650219674,-458327.4764384654,0.0,-2.3952422861489277e-05
376,4770,222.4752,46.833336,-6.0833282,43200,-0.08872331595851218,0.09841021609647788,4346604.66032198,-463238.8677294356,0.0,-0.0006849140594195042
341,4761,222.4752,46.833336,-6.1666565,64800,-0.08855296736705205,0.09782398107087568,4345926.351221016,-469559.8699535443,0.0,0.0004088887031349037
166,4716,222.4752,46.75,-6.25,43200,-0.08869034222632582,0.09881539385051606,4351950.96357759,-476616.1460837916,0.0,-0.0007677832982154445
411,4779,222.4752,46.833336,-6.0,43200,-0.08843790151845077,0.09837917503653268,4347273.775744883,-456916.88569019584,0.0,7.005578978430728e-06
446,4788,222.4752,46.91667,-6.25,64800,-0.0884662953667995,0.09796337471657819,4338517.220887722,-475144.9119816816,0.0,0.0007343724180661639
306,4752,222.4752,46.833336,-6.25,21600,-0.08842810080183947,0.09837553613114533,4345238.723142079,-475881.0361998027,0.0,-0.00013855856725155446
26,4680,222.4752,46.66667,-6.25,43200,-0.08864922867943566,0.09841760658209811,4358653.3150161095,-477350.1729464703,0.0,-4.329311098231987e-05
306,4752,222.4752,46.833336,-6.25,64800,-0.08859373588202114,0.09819049225547055,4345238.723142079,-475881.0361998027,0.0,0.0002591837162474047
691,4851,222.4752,47.0,-6.0,43200,-0.08735313627030063,0.0977260871502074,4333815.840058059,-455502.3996515776,0.0,0.0006307479331223756
586,4824,222.4752,47.0,-6.25,64800,-0.08838010970556169,0.09794454970942928,4331787.087405169,-474407.8424903363,0.0,0.0004604731682167067
656,4842,222.4752,47.0,-6.0833282,43200,-0.0884756059421103,0.09842613879345073,4333148.796028124,-461804.81061430223,0.0,-0.00028146379605669883
376,4770,222.4752,46.833336,-6.0833282,21600,-0.08854605333519176,0.09864804047080397,4346604.66032198,-463238.8677294356,0.0,0.0001516051079168129
621,4833,222.4752,47.0,-6.1666565,64800,-0.08865714914310041,0.09828812205072252,4332472.586781167,-468106.2447951276,0.0,-0.0005163906125949305
656,4842,222.4752,47.0,-6.0833282,21600,-0.08853306741332559,0.09826247057358549,4333148.796028124,-461804.81061430223,0.0,9.228478732819381e-05
236,4734,222.4752,46.75,-6.0833282,43200,-0.08860885830592198,0.09812154046046731,4353319.010767862,-463954.4488188505,0.0,0.00017953942605111904
481,4797,222.4752,46.91667,-6.1666565,21600,-0.08870206805112119,0.09860733828833784,4339203.78529813,-468833.52373287774,0.0,-2.0033218702026496e-05
166,4716,222.4752,46.75,-6.25,64800,-0.0886232897683954,0.09768046555033168,4351950.96357759,-476616.1460837916,0.0,0.00010630162813059417
656,4842,222.4752,47.0,-6.0833282,64800,-0.08833312771917752,0.0978778745785315,4333148.796028124,-461804.81061430223,0.0,-0.00017834515546091232
96,4698,222.4752,46.66667,-6.0833282,21600,-0.08824822547164665,0.09812597110839733,4360023.469108121,-464668.9756583009,0.0,-0.0003203364630362203
446,4788,222.4752,46.91667,-6.25,21600,-0.08859077436937499,0.09819775230568716,4338517.220887722,-475144.9119816816,0.0,-0.0007702179088208138
61,4689,222.4752,46.66667,-6.1666565,21600,-0.08828092759946249,0.09819879024779861,4359343.065935845,-471009.49203812674,0.0,0.0004546992236846408
271,4743,222.4752,46.75,-6.0,43200,-0.08850509998332658,0.09815569549964169,4353989.159796485,-457622.70099545474,0.0,0.0005677198615827994
691,4851,222.4752,47.0,-6.0,64800,-0.0874744395636453,0.09798682251175764,4333815.840058059,-455502.3996515776,0.0,0.0002553706595962225
131,4707,222.4752,46.66667,-6.0,64800,-0.08852363554399148,0.09826383038862185,4360694.650219674,-458327.4764384654,0.0,0.0003662527746167244
656,4842,222.4752,47.0,-6.0833282,86400,-0.088711667886329,0.09795280120568428,4333148.796028124,-461804.81061430223,0.0,0.0004402114211429504
26,4680,222.4752,46.66667,-6.25,21600,-0.08847719911020573,0.09824523921887895,4358653.3150161095,-477350.1729464703,0.0,4.457045016267744e-05
586,4824,222.4752,47.0,-6.25,43200,-0.08853282094733211,0.09825388402809292,4331787.087405169,-474407.8424903363,0.0,-0.00018616418226110744
411,4779,222.4752,46.833336,-6.0,21600,-0.08849074283145354,0.09772489540428218,4347273.775744883,-456916.88569019584,0.0,-0.00017066816769084804
691,4851,222.4752,47.0,-6.0,21600,-0.08733672399561641,0.09787873628936045,4333815.840058059,-455502.3996515776,0.0,-0.0001914773800139813
201,4725,222.4752,46.75,-6.1666565,64800,-0.08886648680763462,0.09778728480081415,4352639.653859386,-470285.21531356085,0.0,-0.0007336058395353008
96,4698,222.4752,46.66667,-6.0833282,64800,-0.08875040784297392,0.09841672611977353,4360023.469108121,-464668.9756583009,0.0,-0.00023643611897245957
306,4752,222.4752,46.833336,-6.25,43200,-0.08854143231734425,0.09758603424157125,4345238.723142079,-475881.0361998027,0.0,-0.0007216263697449027
96,4698,222.4752,46.66667,-6.0833282,43200,-0.08858827191748705,0.09861928632171435,4360023.469108121,-464668.9756583009,0.0,-4.577987539660508e-05
621,4833,222.4752,47.0,-6.1666565,43200,-0.08881631433775433,0.09786391056808544,4332472.586781167,-468106.2447951276,0.0,0.00043746049846908586
551,4815,222.4752,46.91667,-6.0,21600,-0.08866798184340394,0.09871640620299978,4340549.125536747,-456210.0964726406,0.0,0.00041001701534169757
657,5022,266.0403,47.0,-6.0833282,21600,-0.08847974522118127,0.09824422805017881,4333148.796028124,-461804.81061430223,0.0,7.38303044959974e-05
482,4977,266.0403,46.91667,-6.1666565,21600,-0.08856875102452724,0.0985039786162595,4339203.78529813,-468833.52373287774,0.0,2.6946805418606366e-06
272,4923,266.0403,46.75,-6.0,86400,-0.08836828804182695,0.09802704568066452,4353989.159796485,-457622.70099545474,0.0,5.0206833777865584e-05
377,4950,266.0403,46.833336,-6.0833282,21600,-0.0884797076292586,0.09843104550911627,4346604.66032198,-463238.8677294356,0.0,5.160423580842814e-05
97,4878,266.0403,46.66667,-6.0833282,86400,-0.08835153861938616,0.09809408899237586,4360023.469108121,-464668.9756583009,0.0,9.436678298163516e-05
27,4860,266.0403,46.66667,-6.25,64800,-0.08828642838626845,0.09806798574533548,4358653.3150161095,-477350.1729464703,0.0,0.00025159727366148865
657,5022,266.0403,47.0,-6.0833282,86400,-0.08854662381021496,0.09812252954239466,4333148.796028124,-461804.81061430223,0.0,0.0002208062552873867
132,4887,266.0403,46.66667,-6.0,43200,-0.08838017830608688,0.09815050910200392,4360694.650219674,-458327.4764384654,0.0,-7.68982462352386e-05
132,4887,266.0403,46.66667,-6.0,64800,-0.08846182446155851,0.09826006242809295,4360694.650219674,-458327.4764384654,0.0,9.245657424736026e-05
132,4887,266.0403,46.66667,-6.0,86400,-0.08842543470028365,0.09833544348985954,4360694.650219674,-458327.4764384654,0.0,-0.00021782495580814743
272,4923,266.0403,46.75,-6.0,21600,-0.08842390556683875,0.09832066501544802,4353989.159796485,-457622.70099545474,0.0,0.0002647354376627475
167,4896,266.0403,46.75,-6.25,86400,-0.08856838007532207,0.09810917565979978,4351950.96357759,-476616.1460837916,0.0,-0.0002716723135384328
342,4941,266.0403,46.833336,-6.1666565,21600,-0.08833029541213358,0.0981389507398181,4345926.351221016,-469559.8699535443,0.0,0.00010739836431647963
342,4941,266.0403,46.833336,-6.1666565,64800,-0.0884631590661329,0.09799762984857024,4345926.351221016,-469559.8699535443,0.0,0.00019570552576055834
447,4968,266.0403,46.91667,-6.25,21600,-0.08847369541258515,0.09816808003290164,4338517.220887722,-475144.9119816816,0.0,-0.0003469100799713384
272,4923,266.0403,46.75,-6.0,64800,-0.08851440104517269,0.09824570512429866,4353989.159796485,-457622.70099545474,0.0,0.00039213976154515285
202,4905,266.0403,46.75,-6.1666565,64800,-0.08864831199564366,0.09801670309171226,4352639.653859386,-470285.21531356085,0.0,-0.00032120596509985455
237,4914,266.0403,46.75,-6.0833282,64800,-0.08846364042672436,0.09809314336189777,4353319.010767862,-463954.4488188505,0.0,6.933611951185499e-05
412,4959,266.0403,46.833336,-6.0,21600,-0.0884333719086219,0.09796713779330808,4347273.775744883,-456916.88569019584,0.0,-6.391958732577301e-05
97,4878,266.0403,46.66667,-6.0833282,43200,-0.08846252873387807,0.09844978232567493,4360023.469108121,-464668.9756583009,0.0,-1.3279372645409094e-05
307,4932,266.0403,46.833336,-6.25,21600,-0.08839799206907473,0.09831346172062638,4345238.723142079,-475881.0361998027,0.0,-5.490803356942694e-05
27,4860,266.0403,46.66667,-6.25,43200,-0.08851373736087971,0.09830724041282819,4358653.3150161095,-477350.1729464703,0.0,1.7010657600282157e-08
412,4959,266.0403,46.833336,-6.0,43200,-0.0883982332639805,0.09827133119032364,4347273.775744883,-456916.88569019584,0.0,8.090761528290226e-06
307,4932,266.0403,46.833336,-6.25,64800,-0.0885000990976608,0.09825026362432009,4345238.723142079,-475881.0361998027,0.0,0.00018290901084327098
97,4878,266.0403,46.66667,-6.0833282,64800,-0.08859278752043899,0.09839598841411411,4360023.469108121,-464668.9756583009,0.0,-0.00012050782143824176
167,4896,266.0403,46.75,-6.25,64800,-0.08848895968745496,0.09797019991787187,4351950.96357759,-476616.1460837916,0.0,4.6686625262433585e-05
517,4986,266.0403,46.91667,-6.0833282,21600,-0.08856451311908022,0.09818345447662638,4339881.045145775,-462522.2992525033,0.0,-1.2178150641759482e-05
62,4869,266.0403,46.66667,-6.1666565,64800,-0.08831667025266707,0.0980262665804886,4359343.065935845,-471009.49203812674,0.0,-6.372467744019227e-05
447,4968,266.0403,46.91667,-6.25,43200,-0.08843460606824756,0.0982567044180605,4338517.220887722,-475144.9119816816,0.0,6.848010908520983e-05
482,4977,266.0403,46.91667,-6.1666565,86400,-0.08841455592750024,0.0983938497607299,4339203.78529813,-468833.52373287774,0.0,0.0003095729970550504
377,4950,266.0403,46.833336,-6.0833282,86400,-0.08840545743986256,0.09808280133869289,4346604.66032198,-463238.8677294356,0.0,8.724936801296597e-05
517,4986,266.0403,46.91667,-6.0833282,86400,-0.08843789681236379,0.0980343237117512,4339881.045145775,-462522.2992525033,0.0,-3.731548662278953e-05
482,4977,266.0403,46.91667,-6.1666565,43200,-0.08837001746612083,0.09845336976977052,4339203.78529813,-468833.52373287774,0.0,0.00012055068542725162
412,4959,266.0403,46.833336,-6.0,64800,-0.08857327931663739,0.09795987400898987,4347273.775744883,-456916.88569019584,0.0,-4.6894838325671016e-05
552,4995,266.0403,46.91667,-6.0,21600,-0.0884779475300531,0.09849625962913772,4340549.125536747,-456210.0964726406,0.0,0.00018518897353281743
517,4986,266.0403,46.91667,-6.0833282,64800,-0.08844343268377504,0.09819261330075511,4339881.045145775,-462522.2992525033,0.0,-0.0005031213503538527
657,5022,266.0403,47.0,-6.0833282,43200,-0.0884280957972896,0.0983084926120283,4333148.796028124,-461804.81061430223,0.0,-0.00017837804479699015
342,4941,266.0403,46.833336,-6.1666565,43200,-0.08820461476226273,0.09797826013046766,4345926.351221016,-469559.8699535443,0.0,-7.957546623461166e-06
132,4887,266.0403,46.66667,-6.0,21600,-0.08837685504903531,0.09807728025225314,4360694.650219674,-458327.4764384654,0.0,4.9638016378146406e-05
517,4986,266.0403,46.91667,-6.0833282,43200,-0.08849134227194369,0.0982828545609612,4339881.045145775,-462522.2992525033,0.0,0.0002217423804913293
587,5004,266.0403,47.0,-6.25,21600,-0.0884193076746303,0.09814900315668956,4331787.087405169,-474407.8424903363,0.0,-8.330750325820867e-05
587,5004,266.0403,47.0,-6.25,86400,-0.0883515534855269,0.09834051839450016,4331787.087405169,-474407.8424903363,0.0,7.088824120286438e-05
587,5004,266.0403,47.0,-6.25,64800,-0.08835742805653546,0.0980690145414714,4331787.087405169,-474407.8424903363,0.0,0.0001738054962366158
412,4959,266.0403,46.833336,-6.0,86400,-0.08828705162544354,0.09809012354879026,4347273.775744883,-456916.88569019584,0.0,-0.00011287239265254874
622,5013,266.0403,47.0,-6.1666565,86400,-0.08841983362977203,0.09819425313564026,4332472.586781167,-468106.2447951276,0.0,1.4833466272741682e-05
307,4932,266.0403,46.833336,-6.25,43200,-0.08845347416227146,0.0979378797780009,4345238.723142079,-475881.0361998027,0.0,-0.00040551605213876344
622,5013,266.0403,47.0,-6.1666565,43200,-0.0885673993338979,0.0979950879542309,4332472.586781167,-468106.2447951276,0.0,0.00023952052578821346
27,4860,266.0403,46.66667,-6.25,86400,-0.08850349278503834,0.0981510807791152,4358653.3150161095,-477350.1729464703,0.0,-0.00013158328643160118
622,5013,266.0403,47.0,-6.1666565,21600,-0.0883927069025455,0.09807544372761219,4332472.586781167,-468106.2447951276,0.0,0.0003702671223497113
97,4878,266.0403,46.66667,-6.0833282,21600,-0.08827634078122548,0.09815999622352968,4360023.469108121,-464668.9756583009,0.0,-0.0001542310380236153
622,5013,266.0403,47.0,-6.1666565,64800,-0.08850441640060468,0.09818901232459591,4332472.586781167,-468106.2447951276,0.0,-0.0002677792146260161
342,4941,266.0403,46.833336,-6.1666565,86400,-0.0884488431812364,0.09806342674705076,4345926.351221016,-469559.8699535443,0.0,-8.658989764172708e-06
62,4869,266.0403,46.66667,-6.1666565,21600,-0.088317449022893,0.09821778104530718,4359343.065935845,-471009.49203812674,0.0,0.0002257777081369574
657,5022,266.0403,47.0,-6.0833282,64800,-0.08833740942757519,0.09809143318429926,4333148.796028124,-461804.81061430223,0.0,-8.360081864303052e-05
587,5004,266.0403,47.0,-6.25,43200,-0.08846637575935921,0.09821520692103408,4331787.087405169,-474407.8424903363,0.0,-0.00010109833969599833
272,4923,266.0403,46.75,-6.0,43200,-0.08843317180980867,0.09823792191141882,4353989.159796485,-457622.70099545474,0.0,0.0003061080863595195
237,4914,266.0403,46.75,-6.0833282,86400,-0.0883115055351662,0.09832382385830557,4353319.010767862,-463954.4488188505,0.0,-0.00022345361903328582
692,5031,266.0403,47.0,-6.0,64800,-0.08741523635789557,0.09794902380125141,4333815.840058059,-455502.3996515776,0.0,0.00015908367445489915
237,4914,266.0403,46.75,-6.0833282,43200,-0.08850195215048169,0.09817190494409375,4353319.010767862,-463954.4488188505,0.0,5.06724830691888e-05
27,4860,266.0403,46.66667,-6.25,21600,-0.0884312577261616,0.09827538495735132,4358653.3150161095,-477350.1729464703,0.0,1.635830513713891e-05
202,4905,266.0403,46.75,-6.1666565,43200,-0.08850512724339737,0.0980081814068262,4352639.653859386,-470285.21531356085,0.0,0.000313145832785888
167,4896,266.0403,46.75,-6.25,21600,-0.08841571549092846,0.09812183162580004,4351950.96357759,-476616.1460837916,0.0,0.00022221920966135957
552,4995,266.0403,46.91667,-6.0,64800,-0.08846112254904696,0.09826592360204656,4340549.125536747,-456210.0964726406,0.0,7.249056728227357e-05
482,4977,266.0403,46.91667,-6.1666565,64800,-0.08840212303895094,0.09810135520613425,4339203.78529813,-468833.52373287774,0.0,0.0003291877132502611
202,4905,266.0403,46.75,-6.1666565,86400,-0.08857777406753028,0.09832185981430129,4352639.653859386,-470285.21531356085,0.0,0.0005178101657871095
552,4995,266.0403,46.91667,-6.0,43200,-0.08836651625215135,0.09822431977600832,4340549.125536747,-456210.0964726406,0.0,5.8749750872603355e-05
447,4968,266.0403,46.91667,-6.25,64800,-0.08838298745974706,0.09808338297029345,4338517.220887722,-475144.9119816816,0.0,0.0003820920884738867
167,4896,266.0403,46.75,-6.25,43200,-0.08855246024834765,0.0985574928497359,4351950.96357759,-476616.1460837916,0.0,-0.0003628489643691694
307,4932,266.0403,46.833336,-6.25,86400,-0.08842980986819729,0.09831657766336666,4345238.723142079,-475881.0361998027,0.0,0.00010257031879723982
62,4869,266.0403,46.66667,-6.1666565,43200,-0.08830474963419498,0.09804184887426398,4359343.065935845,-471009.49203812674,0.0,-0.00012116649044008199
552,4995,266.0403,46.91667,-6.0,86400,-0.0884107843668466,0.09817681347530754,4340549.125536747,-456210.0964726406,0.0,0.00013348550003483036
692,5031,266.0403,47.0,-6.0,21600,-0.08733103792240036,0.09788122446235929,4333815.840058059,-455502.3996515776,0.0,-0.00011026776452973972
692,5031,266.0403,47.0,-6.0,86400,-0.08728255558996718,0.09769074513635082,4333815.840058059,-455502.3996515776,0.0,5.473183100348158e-05
202,4905,266.0403,46.75,-6.1666565,21600,-0.08848057264334963,0.09853736361961499,4352639.653859386,-470285.21531356085,0.0,-0.00048528353025949705
237,4914,266.0403,46.75,-6.0833282,21600,-0.0886413592312629,0.0981535179457943,4353319.010767862,-463954.4488188505,0.0,-0.000225617123208887
377,4950,266.0403,46.833336,-6.0833282,43200,-0.08855584243290644,0.09835322591489948,4346604.66032198,-463238.8677294356,0.0,-0.0004255914829023542
692,5031,266.0403,47.0,-6.0,43200,-0.08733559926117057,0.09786885912698687,4333815.840058059,-455502.3996515776,0.0,0.0003570433278899812
62,4869,266.0403,46.66667,-6.1666565,86400,-0.08845452718805837,0.09796820179177655,4359343.065935845,-471009.49203812674,0.0,-6.862516899526539e-05
377,4950,266.0403,46.833336,-6.0833282,64800,-0.08849772058282947,0.09852829812877689,4346604.66032198,-463238.8677294356,0.0,2.7597860440801e-05
447,4968,266.0403,46.91667,-6.25,86400,-0.08838157248800982,0.09814914745324392,4338517.220887722,-475144.9119816816,0.0,-0.0001236725425801627
518,5166,318.1274,46.91667,-6.0833282,43200,-0.08837303625900551,0.09824812046535046,4339881.045145775,-462522.2992525033,0.0,9.603061702033259e-05
238,5094,318.1274,46.75,-6.0833282,86400,-0.08832444683836085,0.09829173409777098,4353319.010767862,-463954.4488188505,0.0,-0.00010625830987135276
483,5157,318.1274,46.91667,-6.1666565,86400,-0.08836031445127768,0.09833834911771538,4339203.78529813,-468833.52373287774,0.0,0.0001726950443642672
553,5175,318.1274,46.91667,-6.0,21600,-0.08836106988223374,0.09837729427507001,4340549.125536747,-456210.0964726406,0.0,8.047266420175712e-05
238,5094,318.1274,46.75,-6.0833282,43200,-0.08840131125126446,0.09822885438444577,4353319.010767862,-463954.4488188505,0.0,9.264872945619652e-06
28,5040,318.1274,46.66667,-6.25,64800,-0.0882694589026747,0.09819649709924598,4358653.3150161095,-477350.1729464703,0.0,0.00011213224567074696
588,5184,318.1274,47.0,-6.25,43200,-0.08838684899600197,0.09823003003618234,4331787.087405169,-474407.8424903363,0.0,-5.3962976863344145e-05
168,5076,318.1274,46.75,-6.25,86400,-0.08842025489913038,0.09816959290524509,4351950.96357759,-476616.1460837916,0.0,-0.00011430704113028048
483,5157,318.1274,46.91667,-6.1666565,43200,-0.08834024039539985,0.09836328963951789,4339203.78529813,-468833.52373287774,0.0,5.33615097396879e-05
623,5193,318.1274,47.0,-6.1666565,21600,-0.08834856727061081,0.09816968057278284,4332472.586781167,-468106.2447951276,0.0,0.000201414650450532
693,5211,318.1274,47.0,-6.0,43200,-0.08729757884544131,0.09794027674010897,4333815.840058059,-455502.3996515776,0.0,0.0001907563641870584
413,5139,318.1274,46.833336,-6.0,86400,-0.08830243765563188,0.09818440217005375,4347273.775744883,-456916.88569019584,0.0,-8.641042240023471e-05
203,5085,318.1274,46.75,-6.1666565,86400,-0.08842451735125045,0.09832626508506961,4352639.653859386,-470285.21531356085,0.0,0.00025144750288756717
693,5211,318.1274,47.0,-6.0,21600,-0.08729644233227342,0.09790984910880174,4333815.840058059,-455502.3996515776,0.0,-4.6817741277450876e-05
623,5193,318.1274,47.0,-6.1666565,43200,-0.08840701484798767,0.09810137810471774,4332472.586781167,-468106.2447951276,0.0,0.00011454555348756333
518,5166,318.1274,46.91667,-6.0833282,21600,-0.0884232399893522,0.0982130293688617,4339881.045145775,-462522.2992525033,0.0,7.561717523158132e-06
483,5157,318.1274,46.91667,-6.1666565,21600,-0.08843389893158611,0.09842450289696762,4339203.78529813,-468833.52373287774,0.0,7.244205366883119e-06
553,5175,318.1274,46.91667,-6.0,43200,-0.08833638597958028,0.09824313184609668,4340549.125536747,-456210.0964726406,0.0,1.1631181818248018e-05
588,5184,318.1274,47.0,-6.25,21600,-0.08836106444905006,0.09822459125836647,4331787.087405169,-474407.8424903363,0.0,-4.114429277516995e-05
63,5049,318.1274,46.66667,-6.1666565,64800,-0.08830674116922216,0.09814672442694929,4359343.065935845,-471009.49203812674,0.0,-5.794268909932508e-05
448,5148,318.1274,46.91667,-6.25,86400,-0.08833961338893817,0.09823357970416506,4338517.220887722,-475144.9119816816,0.0,-5.5755558379699944e-05
28,5040,318.1274,46.66667,-6.25,43200,-0.08840227180943358,0.09827680265331125,4358653.3150161095,-477350.1729464703,0.0,9.127927780965047e-06
658,5202,318.1274,47.0,-6.0833282,86400,-0.08841814411199121,0.0982194970723285,4333148.796028124,-461804.81061430223,0.0,9.932487164958885e-05
658,5202,318.1274,47.0,-6.0833282,43200,-0.0883602065351128,0.09827176731815772,4333148.796028124,-461804.81061430223,0.0,-9.543088493206067e-05
98,5058,318.1274,46.66667,-6.0833282,64800,-0.08845254573282817,0.09836308147496543,4360023.469108121,-464668.9756583009,0.0,-5.996112677039823e-05
273,5103,318.1274,46.75,-6.0,64800,-0.08837937149312702,0.09825305202977926,4353989.159796485,-457622.70099545474,0.0,0.0002191023960093045
658,5202,318.1274,47.0,-6.0833282,21600,-0.08839564072313703,0.09824877552886745,4333148.796028124,-461804.81061430223,0.0,6.027499988786442e-05
133,5067,318.1274,46.66667,-6.0,64800,-0.08838024937201305,0.09827108274788496,4360694.650219674,-458327.4764384654,0.0,4.7863030788423156e-06
378,5130,318.1274,46.833336,-6.0833282,43200,-0.08842360070105244,0.09832265679702078,4346604.66032198,-463238.8677294356,0.0,-0.00023312236163744533
238,5094,318.1274,46.75,-6.0833282,21600,-0.08844057671704596,0.09818377521012923,4353319.010767862,-463954.4488188505,0.0,-0.0001144849577616973
378,5130,318.1274,46.833336,-6.0833282,64800,-0.08838273892639065,0.09838825347739687,4346604.66032198,-463238.8677294356,0.0,2.1503571581386406e-05
413,5139,318.1274,46.833336,-6.0,64800,-0.08842943052406896,0.09813813079605091,4347273.775744883,-456916.88569019584,0.0,-3.7435989244126356e-05
553,5175,318.1274,46.91667,-6.0,86400,-0.08835298198805128,0.0982473203139626,4340549.125536747,-456210.0964726406,0.0,9.030229073974228e-05
98,5058,318.1274,46.66667,-6.0833282,21600,-0.08827421204320479,0.09819873917372525,4360023.469108121,-464668.9756583009,0.0,-7.511511651558389e-05
623,5193,318.1274,47.0,-6.1666565,86400,-0.08835557485125613,0.0982311474145173,4332472.586781167,-468106.2447951276,0.0,3.628297094031754e-05
448,5148,318.1274,46.91667,-6.25,21600,-0.08837708011258504,0.09819204511225225,4338517.220887722,-475144.9119816816,0.0,-0.00015305335933529026
448,5148,318.1274,46.91667,-6.25,64800,-0.08832314636194717,0.0981753509522939,4338517.220887722,-475144.9119816816,0.0,0.00017718820401434258
343,5121,318.1274,46.833336,-6.1666565,86400,-0.08835640069485855,0.09815923288349744,4345926.351221016,-469559.8699535443,0.0,1.9642760901828608e-05
203,5085,318.1274,46.75,-6.1666565,21600,-0.08839152029636183,0.0983937834032788,4352639.653859386,-470285.21531356085,0.0,-0.0002138875539181081
308,5112,318.1274,46.833336,-6.25,43200,-0.0883630099420652,0.09812544595836928,4345238.723142079,-475881.0361998027,0.0,-0.0002121056835125907
693,5211,318.1274,47.0,-6.0,86400,-0.08726906590682798,0.09783787767570332,4333815.840058059,-455502.3996515776,0.0,-1.0042164326183537e-05
63,5049,318.1274,46.66667,-6.1666565,86400,-0.08835923860970549,0.09809696505742183,4359343.065935845,-471009.49203812674,0.0,-3.102470512633487e-05
168,5076,318.1274,46.75,-6.25,43200,-0.08842901276705414,0.09841840894075654,4351950.96357759,-476616.1460837916,0.0,-0.0001567349492601897
588,5184,318.1274,47.0,-6.25,64800,-0.0883162454918317,0.09817150990200331,4331787.087405169,-474407.8424903363,0.0,5.613508454788963e-05
483,5157,318.1274,46.91667,-6.1666565,64800,-0.08834332041731209,0.0981759470953932,4339203.78529813,-468833.52373287774,0.0,0.00011387295661157714
168,5076,318.1274,46.75,-6.25,21600,-0.08835869064022737,0.09817203530520352,4351950.96357759,-476616.1460837916,0.0,7.739309624409814e-05
518,5166,318.1274,46.91667,-6.0833282,64800,-0.08835240905558571,0.09822640583711267,4339881.045145775,-462522.2992525033,0.0,-0.000225523311325679
343,5121,318.1274,46.833336,-6.1666565,43200,-0.08825582901202386,0.0981417450481054,4345926.351221016,-469559.8699535443,0.0,1.9566736520075514e-05
133,5067,318.1274,46.66667,-6.0,21600,-0.08832063304288826,0.0981773526970713,4360694.650219674,-458327.4764384654,0.0,3.65892947783135e-05
553,5175,318.1274,46.91667,-6.0,64800,-0.08838757972293647,0.0982982852605171,4340549.125536747,-456210.0964726406,0.0,1.1380707187186058e-05
203,5085,318.1274,46.75,-6.1666565,43200,-0.0884126949936689,0.09818769846428671,4352639.653859386,-470285.21531356085,0.0,0.00014065440622035462
28,5040,318.1274,46.66667,-6.25,86400,-0.08839484880598467,0.09822242154000349,4358653.3150161095,-477350.1729464703,0.0,-6.5075170651785e-05
308,5112,318.1274,46.833336,-6.25,86400,-0.0883428594491405,0.09828840882531996,4345238.723142079,-475881.0361998027,0.0,5.298425658368735e-05
343,5121,318.1274,46.833336,-6.1666565,64800,-0.08837832045080095,0.09812828278728537,4345926.351221016,-469559.8699535443,0.0,8.437492537095475e-05
133,5067,318.1274,46.66667,-6.0,43200,-0.0883352466638016,0.0982138019245064,4360694.650219674,-458327.4764384654,0.0,-6.209637663478092e-05
273,5103,318.1274,46.75,-6.0,21600,-0.08836002482068954,0.098275347079153,4353989.159796485,-457622.70099545474,0.0,0.00012830194195815564
273,5103,318.1274,46.75,-6.0,86400,-0.0883338158558294,0.09815094608211364,4353989.159796485,-457622.70099545474,0.0,4.524443391823159e-05
63,5049,318.1274,46.66667,-6.1666565,43200,-0.08829854151849308,0.09816454276329024,4359343.065935845,-471009.49203812674,0.0,-6.802461553558928e-05
168,5076,318.1274,46.75,-6.25,64800,-0.08838765150275371,0.09814389037720427,4351950.96357759,-476616.1460837916,0.0,2.0234657756321513e-05
693,5211,318.1274,47.0,-6.0,64800,-0.08734517440003957,0.097951015608843,4333815.840058059,-455502.3996515776,0.0,8.530158909188992e-05
28,5040,318.1274,46.66667,-6.25,21600,-0.08836368114162219,0.09829223007740931,4358653.3150161095,-477350.1729464703,0.0,-2.799749123735883e-06
413,5139,318.1274,46.833336,-6.0,21600,-0.08836070425008338,0.0981198782160437,4347273.775744883,-456916.88569019584,0.0,-2.2059006957769013e-05
203,5085,318.1274,46.75,-6.1666565,64800,-0.08847484442839917,0.09816158608043388,4352639.653859386,-470285.21531356085,0.0,-0.0001351920332560772
98,5058,318.1274,46.66667,-6.0833282,43200,-0.08836909833088649,0.09836526912681216,4360023.469108121,-464668.9756583009,0.0,-9.134684951282779e-07
378,5130,318.1274,46.833336,-6.0833282,21600,-0.08839223477786176,0.0983421461760221,4346604.66032198,-463238.8677294356,0.0,1.4366959759988343e-05
273,5103,318.1274,46.75,-6.0,43200,-0.08836058351704196,0.09827414901098935,4353989.159796485,-457622.70099545474,0.0,0.00015973464716551998
658,5202,318.1274,47.0,-6.0833282,64800,-0.08830593105147128,0.09820186771085504,4333148.796028124,-461804.81061430223,0.0,-3.0034047509190366e-05
98,5058,318.1274,46.66667,-6.0833282,86400,-0.08830082403347374,0.09817673655533621,4360023.469108121,-464668.9756583009,0.0,4.9610190028049477e-05
448,5148,318.1274,46.91667,-6.25,43200,-0.08835602798745779,0.09826486404566519,4338517.220887722,-475144.9119816816,0.0,2.8823118202060686e-05
63,5049,318.1274,46.66667,-6.1666565,21600,-0.08830203136049651,0.09823701640667191,4359343.065935845,-471009.49203812674,0.0,9.049562624173285e-05
343,5121,318.1274,46.833336,-6.1666565,21600,-0.08830436773807028,0.09819182868873223,4345926.351221016,-469559.8699535443,0.0,4.596185275426456e-05
238,5094,318.1274,46.75,-6.0833282,64800,-0.08836857197689947,0.09819185069102478,4353319.010767862,-463954.4488188505,0.0,6.83772324741516e-06
518,5166,318.1274,46.91667,-6.0833282,86400,-0.08836455717170515,0.09817257601849164,4339881.045145775,-462522.2992525033,0.0,-2.320551985156918e-05
378,5130,318.1274,46.833336,-6.0833282,86400,-0.08835287052852987,0.09819188325991661,4346604.66032198,-463238.8677294356,0.0,3.4511397266540745e-05
623,5193,318.1274,47.0,-6.1666565,64800,-0.08839451823462831,0.09819324075499805,4332472.586781167,-468106.2447951276,0.0,-0.00013174501284014822
413,5139,318.1274,46.833336,-6.0,43200,-0.08834357358786982,0.09824049476028877,4347273.775744883,-456916.88569019584,0.0,2.200490905376027e-06
308,5112,318.1274,46.833336,-6.25,64800,-0.08839954741203121,0.09828796148298481,4345238.723142079,-475881.0361998027,0.0,0.00010841588861416886
308,5112,318.1274,46.833336,-6.25,21600,-0.08834716100104002,0.09829685280419291,4345238.723142079,-475881.0361998027,0.0,-2.446916316509554e-05
133,5067,318.1274,46.66667,-6.0,86400,-0.08834475997373019,0.0983080344796519,4360694.650219674,-458327.4764384654,0.0,-9.213555739285434e-05
588,5184,318.1274,47.0,-6.25,86400,-0.08833611149115876,0.09830548369656397,4331787.087405169,-474407.8424903363,0.0,-1.3677460625285424e-05
344,5301,380.213,46.833336,-6.1666565,86400,-0.08827016863054916,0.09822411968301158,4345926.351221016,-469559.8699535443,0.0,2.5726066370555387e-05
274,5283,380.213,46.75,-6.0,43200,-0.08828024268710424,0.09829562875575082,4353989.159796485,-457622.70099545474,0.0,8.001944694549549e-05
659,5382,380.213,47.0,-6.0833282,21600,-0.08760508763924528,0.09784332010018885,4333148.796028124,-461804.81061430223,0.0,4.655524123724035e-05
414,5319,380.213,46.833336,-6.0,86400,-0.08825850886864976,0.09824538688306426,4347273.775744883,-456916.88569019584,0.0,-5.1324821651259975e-05
519,5346,380.213,46.91667,-6.0833282,43200,-0.08827699270887797,0.09825712576655769,4339881.045145775,-462522.2992525033,0.0,3.634776618763898e-05
554,5355,380.213,46.91667,-6.0,43200,-0.08826872854333769,0.09826573615616073,4340549.125536747,-456210.0964726406,0.0,3.9502160907477275e-07
274,5283,380.213,46.75,-6.0,86400,-0.08826987771185571,0.09822956037310077,4353989.159796485,-457622.70099545474,0.0,3.385214788377823e-05
64,5229,380.213,46.66667,-6.1666565,43200,-0.08825180976756843,0.09823902632679701,4359343.065935845,-471009.49203812674,0.0,-4.036154210809618e-05
484,5337,380.213,46.91667,-6.1666565,43200,-0.08827525780200669,0.09833467870740713,4339203.78529813,-468833.52373287774,0.0,2.0453238120228283e-05
99,5238,380.213,46.66667,-6.0833282,43200,-0.0882809312906106,0.09833322040927867,4360023.469108121,-464668.9756583009,0.0,4.30894376115674e-06
449,5328,380.213,46.91667,-6.25,43200,-0.08827191742434731,0.09828039376230462,4338517.220887722,-475144.9119816816,0.0,1.401576339019709e-05
29,5220,380.213,46.66667,-6.25,43200,-0.0882998603912132,0.09828445833478884,4358653.3150161095,-477350.1729464703,0.0,5.9564690854554505e-06
309,5292,380.213,46.833336,-6.25,43200,-0.08827310883035729,0.09822443622981351,4345238.723142079,-475881.0361998027,0.0,-0.00010319353574500518
379,5310,380.213,46.833336,-6.0833282,86400,-0.08827569787675241,0.09825396624833906,4346604.66032198,-463238.8677294356,0.0,7.094857937569769e-06
379,5310,380.213,46.833336,-6.0833282,43200,-0.08831048073787494,0.09831404631383933,4346604.66032198,-463238.8677294356,0.0,-0.0001140827961045904
134,5247,380.213,46.66667,-6.0,43200,-0.08826589456357338,0.09826403824387564,4360694.650219674,-458327.4764384654,0.0,-3.472831356070031e-05
694,5391,380.213,47.0,-6.0,21600,-0.08724309698149384,0.09796347789252378,4333815.840058059,-455502.3996515776,0.0,-1.3241283151818321e-05
344,5301,380.213,46.833336,-6.1666565,43200,-0.08823188086771824,0.0982377160471678,4345926.351221016,-469559.8699535443,0.0,2.0616827130452956e-05
169,5256,380.213,46.75,-6.25,43200,-0.08831656314239061,0.09835538042502655,4351950.96357759,-476616.1460837916,0.0,-6.249562568925753e-05
204,5265,380.213,46.75,-6.1666565,43200,-0.0883113872795367,0.09826638789026194,4352639.653859386,-470285.21531356085,0.0,6.0284782468179294e-05
414,5319,380.213,46.833336,-6.0,43200,-0.0882720601924104,0.09825156180627122,4347273.775744883,-456916.88569019584,0.0,-1.7937757440524777e-06
309,5292,380.213,46.833336,-6.25,86400,-0.08826382810812018,0.09828979817199712,4345238.723142079,-475881.0361998027,0.0,1.8989525788450394e-05
99,5238,380.213,46.66667,-6.0833282,64800,-0.08832518164730599,0.0983389488747406,4360023.469108121,-464668.9756583009,0.0,-2.6219437319312352e-05
624,5373,380.213,47.0,-6.1666565,86400,-0.08758233067508038,0.09784175831686291,4332472.586781167,-468106.2447951276,0.0,3.593943175280057e-05
414,5319,380.213,46.833336,-6.0,64800,-0.08831027807736648,0.09823095594930045,4347273.775744883,-456916.88569019584,0.0,-2.3142801653615563e-05
379,5310,380.213,46.833336,-6.0833282,64800,-0.08828603778591668,0.09833033939990653,4346604.66032198,-463238.8677294356,0.0,1.4647348652832522e-05
239,5274,380.213,46.75,-6.0833282,21600,-0.08830740275756362,0.09823335024975051,4353319.010767862,-463954.4488188505,0.0,-5.163511617052079e-05
344,5301,380.213,46.833336,-6.1666565,64800,-0.08828877939053191,0.09821681989010622,4345926.351221016,-469559.8699535443,0.0,3.4363589541993656e-05
99,5238,380.213,46.66667,-6.0833282,86400,-0.08824216722879621,0.09823480160399503,4360023.469108121,-464668.9756583009,0.0,2.5634879008074023e-05
274,5283,380.213,46.75,-6.0,21600,-0.08827981240110877,0.09827333044528885,4353989.159796485,-457622.70099545474,0.0,6.223474159627731e-05
554,5355,380.213,46.91667,-6.0,86400,-0.08827621699178412,0.09828843597036194,4340549.125536747,-456210.0964726406,0.0,5.558424501188819e-05
309,5292,380.213,46.833336,-6.25,64800,-0.0882987219695776,0.09830831284972458,4345238.723142079,-475881.0361998027,0.0,5.514264920921159e-05
239,5274,380.213,46.75,-6.0833282,86400,-0.08827168181788034,0.09829079712850709,4353319.010767862,-463954.4488188505,0.0,-4.594209794762739e-05
274,5283,380.213,46.75,-6.0,64800,-0.08827797585783052,0.09827313441930692,4353989.159796485,-457622.70099545474,0.0,0.00011329679402053763
519,5346,380.213,46.91667,-6.0833282,86400,-0.08828202537263012,0.09824862304828744,4339881.045145775,-462522.2992525033,0.0,-1.411244500050383e-05
239,5274,380.213,46.75,-6.0833282,64800,-0.08827736387325202,0.09824988774616941,4353319.010767862,-463954.4488188505,0.0,-4.595805087251519e-06
134,5247,380.213,46.66667,-6.0,86400,-0.08826742924523907,0.09830722286381682,4360694.650219674,-458327.4764384654,0.0,-3.7496020846909744e-05
344,5301,380.213,46.833336,-6.1666565,21600,-0.08824678185729483,0.09823663553569742,4345926.351221016,-469559.8699535443,0.0,1.700377391851438e-05
309,5292,380.213,46.833336,-6.25,21600,-0.0882756266715188,0.09830144330359239,4345238.723142079,-475881.0361998027,0.0,-1.1486950431988203e-05
449,5328,380.213,46.91667,-6.25,64800,-0.08825694225474927,0.09823991205534453,4338517.220887722,-475144.9119816816,0.0,7.4781039486685e-05
204,5265,380.213,46.75,-6.1666565,21600,-0.08829387544239903,0.09833302284903857,4352639.653859386,-470285.21531356085,0.0,-8.551687104157193e-05
64,5229,380.213,46.66667,-6.1666565,86400,-0.08827349666297267,0.0981941522879247,4359343.065935845,-471009.49203812674,0.0,-1.273559113190661e-05
694,5391,380.213,47.0,-6.0,64800,-0.08727084496770936,0.09798545861841908,4333815.840058059,-455502.3996515776,0.0,3.9858420236964534e-05
29,5220,380.213,46.66667,-6.25,21600,-0.08828147669083325,0.09830524841719498,4358653.3150161095,-477350.1729464703,0.0,-1.0148784364775504e-05
659,5382,380.213,47.0,-6.0833282,64800,-0.0875548246301518,0.09783639666409628,4333148.796028124,-461804.81061430223,0.0,-8.040600589132544e-06
64,5229,380.213,46.66667,-6.1666565,21600,-0.08824985512468739,0.09826082594692738,4359343.065935845,-471009.49203812674,0.0,2.6380104450652203e-05
624,5373,380.213,47.0,-6.1666565,64800,-0.0876010257266318,0.09780705890114692,4332472.586781167,-468106.2447951276,0.0,-6.191394512385964e-05
99,5238,380.213,46.66667,-6.0833282,21600,-0.08823586289879756,0.09823899558236088,4360023.469108121,-464668.9756583009,0.0,-3.9103263250297444e-05
589,5364,380.213,47.0,-6.25,64800,-0.0875610191596271,0.09781568818635009,4331787.087405169,-474407.8424903363,0.0,1.3465873422081954e-05
29,5220,380.213,46.66667,-6.25,86400,-0.08829332573822397,0.09826587873212149,4358653.3150161095,-477350.1729464703,0.0,-2.952964526147796e-05
589,5364,380.213,47.0,-6.25,86400,-0.08758104022682119,0.09787962507923549,4331787.087405169,-474407.8424903363,0.0,-2.689556757331281e-05
554,5355,380.213,46.91667,-6.0,64800,-0.08829532862954849,0.09831249629248723,4340549.125536747,-456210.0964726406,0.0,-3.856964086116798e-06
134,5247,380.213,46.66667,-6.0,21600,-0.0882542874180682,0.09824918079200268,4360694.650219674,-458327.4764384654,0.0,2.4554481451278725e-05
519,5346,380.213,46.91667,-6.0833282,64800,-0.08826861299268826,0.09826266753493554,4339881.045145775,-462522.2992525033,0.0,-9.2803807981884e-05
694,5391,380.213,47.0,-6.0,86400,-0.0872326430185367,0.0979385957172135,4333815.840058059,-455502.3996515776,0.0,-1.8230895388233524e-05
484,5337,380.213,46.91667,-6.1666565,64800,-0.08827065565123031,0.09823246745464823,4339203.78529813,-468833.52373287774,0.0,2.8420075938035562e-05
169,5256,380.213,46.75,-6.25,21600,-0.08828274065122504,0.09823079076903779,4351950.96357759,-476616.1460837916,0.0,2.0765227188269745e-05
379,5310,380.213,46.833336,-6.0833282,21600,-0.08829686454662221,0.09831662832034574,4346604.66032198,-463238.8677294356,0.0,1.188508989470909e-06
204,5265,380.213,46.75,-6.1666565,64800,-0.08833428117771004,0.0982453581170314,4352639.653859386,-470285.21531356085,0.0,-5.5092848167654255e-05
239,5274,380.213,46.75,-6.0833282,43200,-0.08830054447977854,0.09827171298393851,4353319.010767862,-463954.4488188505,0.0,-4.230866418260865e-07
659,5382,380.213,47.0,-6.0833282,43200,-0.08758226597825836,0.09784947865961025,4333148.796028124,-461804.81061430223,0.0,-4.365097461482102e-05
659,5382,380.213,47.0,-6.0833282,86400,-0.08761247867268247,0.09785026537823302,4333148.796028124,-461804.81061430223,0.0,3.969217217000772e-05
64,5229,380.213,46.66667,-6.1666565,64800,-0.08825365149107525,0.0982284085894957,4359343.065935845,-471009.49203812674,0.0,-3.80518717434393e-05
519,5346,380.213,46.91667,-6.0833282,21600,-0.08830606541755262,0.09825320163176068,4339881.045145775,-462522.2992525033,0.0,1.2886101203205252e-05
484,5337,380.213,46.91667,-6.1666565,21600,-0.08831224826363157,0.09837267605316305,4339203.78529813,-468833.52373287774,0.0,4.923116206963048e-06
554,5355,380.213,46.91667,-6.0,21600,-0.08826871159010345,0.09832709166941622,4340549.125536747,-456210.0964726406,0.0,3.4028428002885276e-05
449,5328,380.213,46.91667,-6.25,21600,-0.08828505306646205,0.09823312765271056,4338517.220887722,-475144.9119816816,0.0,-6.623156742576012e-05
589,5364,380.213,47.0,-6.25,21600,-0.0875854817114194,0.09784218016103036,4331787.087405169,-474407.8424903363,0.0,-1.696172331074863e-05
449,5328,380.213,46.91667,-6.25,86400,-0.08826957573334605,0.0982754288876808,4338517.220887722,-475144.9119816816,0.0,-2.407306003441208e-05
169,5256,380.213,46.75,-6.25,86400,-0.0883039296555527,0.09822925179436227,4351950.96357759,-476616.1460837916,0.0,-4.318010604760758e-05
29,5220,380.213,46.66667,-6.25,64800,-0.08822538805756913,0.0982622166611098,4358653.3150161095,-477350.1729464703,0.0,4.463409810763302e-05
484,5337,380.213,46.91667,-6.1666565,86400,-0.08827699390590396,0.09831847185096708,4339203.78529813,-468833.52373287774,0.0,8.518468474540891e-05
694,5391,380.213,47.0,-6.0,43200,-0.08724354550132847,0.09799254920651466,4333815.840058059,-455502.3996515776,0.0,9.6072002810088e-05
624,5373,380.213,47.0,-6.1666565,21600,-0.08758269421310438,0.09781172838539076,4332472.586781167,-468106.2447951276,0.0,0.00010414351774439663
204,5265,380.213,46.75,-6.1666565,86400,-0.08830401223279419,0.09832231808742876,4352639.653859386,-470285.21531356085,0.0,0.00011093081008567841
134,5247,380.213,46.66667,-6.0,64800,-0.08828907602686727,0.0982878067084493,4360694.650219674,-458327.4764384654,0.0,-1.1097123215746561e-05
414,5319,380.213,46.833336,-6.0,21600,-0.08827780644564284,0.09821457887240781,4347273.775744883,-456916.88569019584,0.0,-8.20267821631365e-06
169,5256,380.213,46.75,-6.25,64800,-0.08829417605550406,0.09824108846983472,4351950.96357759,-476616.1460837916,0.0,9.885325366247446e-06
589,5364,380.213,47.0,-6.25,43200,-0.0876008635559258,0.09783586876576639,4331787.087405169,-474407.8424903363,0.0,-2.81232197432839e-05
624,5373,380.213,47.0,-6.1666565,43200,-0.0875954508138751,0.09776065487365733,4332472.586781167,-468106.2447951276,0.0,4.719934801062705e-05
450,5508,453.9377,46.91667,-6.25,86400,-0.08818366338751395,0.09829809240578037,4338517.220887722,-475144.9119816816,0.0,-8.65649168790089e-06
135,5427,453.9377,46.66667,-6.0,21600,-0.08817497005563447,0.09829119973942968,4360694.650219674,-458327.4764384654,0.0,1.6071727224608544e-05
695,5571,453.9377,47.0,-6.0,86400,-0.08717358098869325,0.09803143680657073,4333815.840058059,-455502.3996515776,0.0,-1.2267254887376936e-05
205,5445,453.9377,46.75,-6.1666565,43200,-0.0882062123289106,0.09830053740872094,4352639.653859386,-470285.21531356085,0.0,2.398137770923982e-05
65,5409,453.9377,46.66667,-6.1666565,43200,-0.08817762630448359,0.09828208951239285,4359343.065935845,-471009.49203812674,0.0,-2.2784182821406543e-05
590,5544,453.9377,47.0,-6.25,86400,-0.08753577004307377,0.09786770502645152,4331787.087405169,-474407.8424903363,0.0,-1.951779477954434e-05
100,5418,453.9377,46.66667,-6.0833282,21600,-0.08816884785338397,0.09827267740052419,4360023.469108121,-464668.9756583009,0.0,-2.2186603916176006e-05
590,5544,453.9377,47.0,-6.25,21600,-0.08753453374603103,0.09784664955208608,4331787.087405169,-474407.8424903363,0.0,-4.783539020804834e-06
65,5409,453.9377,46.66667,-6.1666565,21600,-0.08817416952699599,0.09828447482395765,4359343.065935845,-471009.49203812674,0.0,2.6553842644918023e-06
625,5553,453.9377,47.0,-6.1666565,21600,-0.08753465011246161,0.09783318998292592,4332472.586781167,-468106.2447951276,0.0,5.051207762602121e-05
30,5400,453.9377,46.66667,-6.25,21600,-0.08818980201709671,0.09831459285848092,4358653.3150161095,-477350.1729464703,0.0,-9.971602058591088e-06
415,5499,453.9377,46.833336,-6.0,86400,-0.08818233495215681,0.09828490504628531,4347273.775744883,-456916.88569019584,0.0,-2.565211568064736e-05
345,5481,453.9377,46.833336,-6.1666565,86400,-0.08818118838506285,0.09826898413485655,4345926.351221016,-469559.8699535443,0.0,2.0480117606464518e-05
555,5535,453.9377,46.91667,-6.0,21600,-0.0881791559916681,0.09831339427320249,4340549.125536747,-456210.0964726406,0.0,1.412620510651238e-05
520,5526,453.9377,46.91667,-6.0833282,21600,-0.08819920211796482,0.09828693349221075,4339881.045145775,-462522.2992525033,0.0,1.1237710697152981e-05
170,5436,453.9377,46.75,-6.25,43200,-0.08820877986997164,0.09833226693473399,4351950.96357759,-476616.1460837916,0.0,-2.3030895718970124e-05
345,5481,453.9377,46.833336,-6.1666565,21600,-0.08816994981199254,0.09827242543413596,4345926.351221016,-469559.8699535443,0.0,4.250792762446466e-06
415,5499,453.9377,46.833336,-6.0,21600,-0.08818731412074388,0.09827041053153839,4347273.775744883,-456916.88569019584,0.0,-3.5373572013088133e-06
380,5490,453.9377,46.833336,-6.0833282,86400,-0.08818612028159309,0.09828887457991527,4346604.66032198,-463238.8677294356,0.0,-4.77441820423589e-06
625,5553,453.9377,47.0,-6.1666565,86400,-0.08753339477916865,0.09784698134723764,4332472.586781167,-468106.2447951276,0.0,2.5454002563095936e-05
520,5526,453.9377,46.91667,-6.0833282,86400,-0.088190135319185,0.09828964487626096,4339881.045145775,-462522.2992525033,0.0,-7.415932227454406e-06
485,5517,453.9377,46.91667,-6.1666565,86400,-0.08818367801378259,0.0983156704381869,4339203.78529813,-468833.52373287774,0.0,3.5802965712717395e-05
310,5472,453.9377,46.833336,-6.25,21600,-0.08818895623762348,0.0983115814272425,4345238.723142079,-475881.0361998027,0.0,-5.538046238200123e-06
275,5463,453.9377,46.75,-6.0,21600,-0.08818960778864597,0.09828780070123548,4353989.159796485,-457622.70099545474,0.0,2.9859983869257725e-05
695,5571,453.9377,47.0,-6.0,21600,-0.08717492758828109,0.09804218593265057,4333815.840058059,-455502.3996515776,0.0,-4.3467340489649785e-07
100,5418,453.9377,46.66667,-6.0833282,43200,-0.08818887015920822,0.09832555316396867,4360023.469108121,-464668.9756583009,0.0,5.4942097787191585e-06
240,5454,453.9377,46.75,-6.0833282,21600,-0.08819843323303017,0.09827464670908993,4353319.010767862,-463954.4488188505,0.0,-2.0151864214111187e-05
30,5400,453.9377,46.66667,-6.25,43200,-0.08819883011669226,0.09830075291709671,4358653.3150161095,-477350.1729464703,0.0,1.8535833202646764e-06
485,5517,453.9377,46.91667,-6.1666565,21600,-0.08820151345865414,0.09834425118948009,4339203.78529813,-468833.52373287774,0.0,1.8281511204209238e-06
135,5427,453.9377,46.66667,-6.0,43200,-0.08818105674879456,0.09829741637627427,4360694.650219674,-458327.4764384654,0.0,-1.5008582713227901e-05
555,5535,453.9377,46.91667,-6.0,86400,-0.08818689206127193,0.09830989509646401,4340549.125536747,-456210.0964726406,0.0,3.0537615076362234e-05
205,5445,453.9377,46.75,-6.1666565,21600,-0.08819348191349242,0.09831496585713578,4352639.653859386,-470285.21531356085,0.0,-3.155913953563185e-05
380,5490,453.9377,46.833336,-6.0833282,21600,-0.08819759212423496,0.09831521445973798,4346604.66032198,-463238.8677294356,0.0,-2.589131846483094e-06
170,5436,453.9377,46.75,-6.25,21600,-0.08819197943909947,0.09827530872688497,4351950.96357759,-476616.1460837916,0.0,2.175659788068073e-06
450,5508,453.9377,46.91667,-6.25,21600,-0.08819098030381438,0.09827006400677851,4338517.220887722,-475144.9119816816,0.0,-2.744900531692885e-05
660,5562,453.9377,47.0,-6.0833282,21600,-0.08754470062289539,0.09784438255180487,4333148.796028124,-461804.81061430223,0.0,3.2678864246778446e-05
660,5562,453.9377,47.0,-6.0833282,43200,-0.08753099502221333,0.09784329355264748,4333148.796028124,-461804.81061430223,0.0,-1.7057867080483632e-05
450,5508,453.9377,46.91667,-6.25,43200,-0.08818239195773761,0.09829731021043892,4338517.220887722,-475144.9119816816,0.0,7.78652728928386e-06
65,5409,453.9377,46.66667,-6.1666565,86400,-0.08818495465444229,0.09825642562972846,4359343.065935845,-471009.49203812674,0.0,-4.672698893911022e-06
450,5508,453.9377,46.91667,-6.25,64800,-0.08817712379092023,0.09828078557982906,4338517.220887722,-475144.9119816816,0.0,2.910075862505064e-05
65,5409,453.9377,46.66667,-6.1666565,64800,-0.08817649262339058,0.0982781183297439,4359343.065935845,-471009.49203812674,0.0,-2.1706123483641706e-05
380,5490,453.9377,46.833336,-6.0833282,43200,-0.08820426654431186,0.09831606332543312,4346604.66032198,-463238.8677294356,0.0,-5.02984624127264e-05
555,5535,453.9377,46.91667,-6.0,43200,-0.08818300112968203,0.0982875853479382,4340549.125536747,-456210.0964726406,0.0,-6.153896171568081e-07
415,5499,453.9377,46.833336,-6.0,64800,-0.08820110885503069,0.09827924862762,4347273.775744883,-456916.88569019584,0.0,-1.1902206097112091e-05
240,5454,453.9377,46.75,-6.0833282,43200,-0.08819862952150181,0.09829857902052715,4353319.010767862,-463954.4488188505,0.0,-1.0138706576386348e-06
380,5490,453.9377,46.833336,-6.0833282,64800,-0.08819129053457457,0.09831533984893094,4346604.66032198,-463238.8677294356,0.0,8.101880340894894e-06
415,5499,453.9377,46.833336,-6.0,43200,-0.08818671390303481,0.09827549156167532,4347273.775744883,-456916.88569019584,0.0,-2.519627442197383e-06
170,5436,453.9377,46.75,-6.25,86400,-0.08819820143699945,0.09827276219070172,4351950.96357759,-476616.1460837916,0.0,-1.459318484090434e-05
345,5481,453.9377,46.833336,-6.1666565,64800,-0.08819330812356282,0.0982708081350281,4345926.351221016,-469559.8699535443,0.0,1.4295642286922608e-05
100,5418,453.9377,46.66667,-6.0833282,86400,-0.08816864311587543,0.09827454838764715,4360023.469108121,-464668.9756583009,0.0,1.4011833075904376e-05
100,5418,453.9377,46.66667,-6.0833282,64800,-0.08820819920130704,0.09832670392137922,4360023.469108121,-464668.9756583009,0.0,-9.010048705421007e-06
310,5472,453.9377,46.833336,-6.25,64800,-0.08819778249014264,0.09831852357982224,4345238.723142079,-475881.0361998027,0.0,2.4180851642294733e-05
625,5553,453.9377,47.0,-6.1666565,43200,-0.08753415598190177,0.09780010278946963,4332472.586781167,-468106.2447951276,0.0,1.6374936985112077e-05
135,5427,453.9377,46.66667,-6.0,64800,-0.08819267819180066,0.09830276300548836,4360694.650219674,-458327.4764384654,0.0,-7.90825087352833e-06
520,5526,453.9377,46.91667,-6.0833282,43200,-0.08818446500322207,0.0982789884248759,4339881.045145775,-462522.2992525033,0.0,1.179588691575386e-05
275,5463,453.9377,46.75,-6.0,64800,-0.08818395017478214,0.09829328538914953,4353989.159796485,-457622.70099545474,0.0,5.441796332981664e-05
240,5454,453.9377,46.75,-6.0833282,64800,-0.08818536286213154,0.0982861752533298,4353319.010767862,-463954.4488188505,0.0,-2.9266119204188897e-06
135,5427,453.9377,46.66667,-6.0,86400,-0.08818266959555629,0.09831394344981526,4360694.650219674,-458327.4764384654,0.0,-1.4734340443263365e-05
170,5436,453.9377,46.75,-6.25,64800,-0.08819805481922832,0.09829149318129321,4351950.96357759,-476616.1460837916,0.0,5.772587813778258e-06
275,5463,453.9377,46.75,-6.0,86400,-0.0881861884920417,0.09827671096802638,4353989.159796485,-457622.70099545474,0.0,2.1424386283004566e-05
485,5517,453.9377,46.91667,-6.1666565,43200,-0.08818970798542397,0.09832868398358108,4339203.78529813,-468833.52373287774,0.0,6.322417530392347e-06
30,5400,453.9377,46.66667,-6.25,64800,-0.08815879437836262,0.09829653737407702,4358653.3150161095,-477350.1729464703,0.0,1.675369289441042e-05
345,5481,453.9377,46.833336,-6.1666565,43200,-0.08816745756228112,0.09828733668772763,4345926.351221016,-469559.8699535443,0.0,1.5165864186533602e-05
205,5445,453.9377,46.75,-6.1666565,64800,-0.08821288089376274,0.09828941924425913,4352639.653859386,-470285.21531356085,0.0,-2.2007537030418735e-05
310,5472,453.9377,46.833336,-6.25,86400,-0.08817908701985087,0.09830109479813333,4345238.723142079,-475881.0361998027,0.0,2.827951565923897e-06
310,5472,453.9377,46.833336,-6.25,43200,-0.08818130720468784,0.09827597789689212,4345238.723142079,-475881.0361998027,0.0,-4.7059864078323844e-05
485,5517,453.9377,46.91667,-6.1666565,64800,-0.08818573512256084,0.09827348906097057,4339203.78529813,-468833.52373287774,0.0,2.0100820253322884e-06
590,5544,453.9377,47.0,-6.25,43200,-0.08754278873389608,0.09784247389871942,4331787.087405169,-474407.8424903363,0.0,-1.4331954088467531e-05
590,5544,453.9377,47.0,-6.25,64800,-0.0875232001876755,0.0978354940553359,4331787.087405169,-474407.8424903363,0.0,6.188989620477559e-07
30,5400,453.9377,46.66667,-6.25,86400,-0.08819354947539243,0.09829239058899208,4358653.3150161095,-477350.1729464703,0.0,-1.2705651291452692e-05
660,5562,453.9377,47.0,-6.0833282,64800,-0.08751877849804382,0.09784823310663467,4333148.796028124,-461804.81061430223,0.0,-1.6251358095892564e-06
625,5553,453.9377,47.0,-6.1666565,64800,-0.08754269466867724,0.09782484958010323,4332472.586781167,-468106.2447951276,0.0,-2.796598559709039e-05
205,5445,453.9377,46.75,-6.1666565,86400,-0.08819690234391735,0.09832023208632054,4352639.653859386,-470285.21531356085,0.0,4.654265835025645e-05
660,5562,453.9377,47.0,-6.0833282,86400,-0.08754703190933971,0.09785961533944676,4333148.796028124,-461804.81061430223,0.0,1.3706799819811363e-05
695,5571,453.9377,47.0,-6.0,43200,-0.08717514565791493,0.09805850113604983,4333815.840058059,-455502.3996515776,0.0,4.523798768350509e-05
520,5526,453.9377,46.91667,-6.0833282,64800,-0.08818113401354591,0.09829034787679525,4339881.045145775,-462522.2992525033,0.0,-3.6346805318596206e-05
275,5463,453.9377,46.75,-6.0,43200,-0.08819040543129011,0.09831061099403776,4353989.159796485,-457622.70099545474,0.0,3.7989453028118395e-05
695,5571,453.9377,47.0,-6.0,64800,-0.08719030823770743,0.09805108957531859,4333815.840058059,-455502.3996515776,0.0,1.6232755958855047e-05
555,5535,453.9377,46.91667,-6.0,64800,-0.08819615146725171,0.09832033017498512,4340549.125536747,-456210.0964726406,0.0,-4.203542318042786e-06
240,5454,453.9377,46.75,-6.0833282,86400,-0.08818803700477588,0.0983001451081333,4353319.010767862,-463954.4488188505,0.0,-1.767981232454223e-05
626,5733,541.0889,47.0,-6.1666565,43200,-0.08746495747800807,0.09783745459562986,4332472.586781167,-468106.2447951276,0.0,4.46212492692227e-06
416,5679,541.0889,46.833336,-6.0,21600,-0.08809167596125743,0.0982976047309978,4347273.775744883,-456916.88569019584,0.0,-1.4759407602330175e-06
136,5607,541.0889,46.66667,-6.0,64800,-0.08809370215745875,0.09831014124396231,4360694.650219674,-458327.4764384654,0.0,-3.568192148922655e-06
171,5616,541.0889,46.75,-6.25,64800,-0.08809823195095362,0.09831187598218455,4351950.96357759,-476616.1460837916,0.0,3.622760906559969e-06
591,5724,541.0889,47.0,-6.25,21600,-0.08746677733946857,0.09786112617890956,4331787.087405169,-474407.8424903363,0.0,5.21920625395455e-07
661,5742,541.0889,47.0,-6.0833282,43200,-0.08746397491697908,0.09785683683169877,4333148.796028124,-461804.81061430223,0.0,-5.61648100729829e-06
101,5598,541.0889,46.66667,-6.0833282,64800,-0.08809905517459364,0.09831956644539763,4360023.469108121,-464668.9756583009,0.0,-1.8122955903755105e-06
451,5688,541.0889,46.91667,-6.25,86400,-0.08808970710501407,0.09830815216314287,4338517.220887722,-475144.9119816816,0.0,-1.8531013130350444e-06
626,5733,541.0889,47.0,-6.1666565,86400,-0.0874666390835806,0.09786228849920985,4332472.586781167,-468106.2447951276,0.0,1.4445802221140093e-05
171,5616,541.0889,46.75,-6.25,86400,-0.08809567821803671,0.0982962871700793,4351950.96357759,-476616.1460837916,0.0,-4.5763862886447125e-06
556,5715,541.0889,46.91667,-6.0,21600,-0.08808625023022659,0.09831098889584099,4340549.125536747,-456210.0964726406,0.0,5.717398779648263e-06
206,5625,541.0889,46.75,-6.1666565,86400,-0.08809447137521288,0.09831761722181036,4352639.653859386,-470285.21531356085,0.0,1.990877300501137e-05
66,5589,541.0889,46.66667,-6.1666565,64800,-0.08808660015791575,0.09830166997794855,4359343.065935845,-471009.49203812674,0.0,-1.1496266837927818e-05
696,5751,541.0889,47.0,-6.0,43200,-0.0870938294494548,0.09816093835568024,4333815.840058059,-455502.3996515776,0.0,1.9642099982855883e-05
381,5670,541.0889,46.833336,-6.0833282,21600,-0.08809651846341586,0.09831620317052019,4346604.66032198,-463238.8677294356,0.0,-2.5837241099683057e-06
31,5580,541.0889,46.66667,-6.25,64800,-0.08807667299449636,0.09831061219805913,4358653.3150161095,-477350.1729464703,0.0,6.46511584897829e-06
521,5706,541.0889,46.91667,-6.0833282,21600,-0.08809634475406364,0.09830535620947144,4339881.045145775,-462522.2992525033,0.0,7.631401418790535e-06
486,5697,541.0889,46.91667,-6.1666565,86400,-0.08808718778937576,0.09831524655790631,4339203.78529813,-468833.52373287774,0.0,1.1938718242036187e-05
486,5697,541.0889,46.91667,-6.1666565,21600,-0.0880968423483821,0.09832828988878639,4339203.78529813,-468833.52373287774,0.0,-5.569975067892371e-08
241,5634,541.0889,46.75,-6.0833282,43200,-0.0880965539378341,0.09831034977688699,4353319.010767862,-463954.4488188505,0.0,-1.5259094013157258e-07
346,5661,541.0889,46.833336,-6.1666565,21600,-0.08808190858335806,0.09829373252891674,4345926.351221016,-469559.8699535443,0.0,-6.154470258933675e-07
696,5751,541.0889,47.0,-6.0,64800,-0.0871018533241673,0.09815630746558116,4333815.840058059,-455502.3996515776,0.0,5.667080763467504e-06
661,5742,541.0889,47.0,-6.0833282,64800,-0.08745944846562709,0.09786441472209295,4333148.796028124,-461804.81061430223,0.0,-3.71816568526735e-07
31,5580,541.0889,46.66667,-6.25,21600,-0.08809287779204746,0.09831721719840715,4358653.3150161095,-477350.1729464703,0.0,-6.985778369309778e-06
626,5733,541.0889,47.0,-6.1666565,64800,-0.0874714693512636,0.09785097072663827,4332472.586781167,-468106.2447951276,0.0,-1.2253542601181699e-05
66,5589,541.0889,46.66667,-6.1666565,21600,-0.0880852876211063,0.09829987830647245,4359343.065935845,-471009.49203812674,0.0,-3.0489177399846303e-06
696,5751,541.0889,47.0,-6.0,86400,-0.08709556501846927,0.09814761354786165,4333815.840058059,-455502.3996515776,0.0,-6.449952639095596e-06
591,5724,541.0889,47.0,-6.25,64800,-0.08746228701810445,0.09785650231320264,4331787.087405169,-474407.8424903363,0.0,-1.8157744821880653e-06
101,5598,541.0889,46.66667,-6.0833282,21600,-0.08808401263972437,0.09829304660283984,4360023.469108121,-464668.9756583009,0.0,-1.314556351223691e-05
31,5580,541.0889,46.66667,-6.25,86400,-0.08809379952875955,0.09830495524582888,4358653.3150161095,-477350.1729464703,0.0,-5.3980404244636226e-06
591,5724,541.0889,47.0,-6.25,86400,-0.08746849511648613,0.09787432187887816,4331787.087405169,-474407.8424903363,0.0,-1.059002618246645e-05
556,5715,541.0889,46.91667,-6.0,64800,-0.0880951608124634,0.09832150211499062,4340549.125536747,-456210.0964726406,0.0,-1.857703296913749e-06
521,5706,541.0889,46.91667,-6.0833282,64800,-0.08808815486231066,0.09830468696295992,4339881.045145775,-462522.2992525033,0.0,-1.425167043457792e-05
136,5607,541.0889,46.66667,-6.0,21600,-0.08808564286150157,0.09830868461358462,4360694.650219674,-458327.4764384654,0.0,1.0284570391064093e-05
486,5697,541.0889,46.91667,-6.1666565,64800,-0.08809234634881385,0.09829655618924589,4339203.78529813,-468833.52373287774,0.0,-3.236983615847851e-06
171,5616,541.0889,46.75,-6.25,21600,-0.08809390921551448,0.09829897903252613,4351950.96357759,-476616.1460837916,0.0,-2.2106370912954472e-06
66,5589,541.0889,46.66667,-6.1666565,86400,-0.08809106029308608,0.09828855690030312,4359343.065935845,-471009.49203812674,0.0,-1.591593433945582e-06
451,5688,541.0889,46.91667,-6.25,64800,-0.08808684156599758,0.09830082628267289,4338517.220887722,-475144.9119816816,0.0,1.0372088507651988e-05
136,5607,541.0889,46.66667,-6.0,86400,-0.08809029040345846,0.09831710654640353,4360694.650219674,-458327.4764384654,0.0,-5.74518264711458e-06
241,5634,541.0889,46.75,-6.0833282,64800,-0.08809031936252561,0.09830435336141784,4353319.010767862,-463954.4488188505,0.0,-6.069963192491294e-07
521,5706,541.0889,46.91667,-6.0833282,86400,-0.08809272512165293,0.09830729792185085,4339881.045145775,-462522.2992525033,0.0,-3.1271492892252537e-06
276,5643,541.0889,46.75,-6.0,64800,-0.08808862462893532,0.09830497937440892,4353989.159796485,-457622.70099545474,0.0,2.4223379393779636e-05
311,5652,541.0889,46.833336,-6.25,21600,-0.08809372477684123,0.09831665273459822,4345238.723142079,-475881.0361998027,0.0,-2.9197465299179752e-06
311,5652,541.0889,46.833336,-6.25,64800,-0.08809660176518348,0.0983202398108623,4345238.723142079,-475881.0361998027,0.0,9.041447312376682e-06
206,5625,541.0889,46.75,-6.1666565,64800,-0.08810191979453587,0.09830728755368658,4352639.653859386,-470285.21531356085,0.0,-8.896379449731783e-06
276,5643,541.0889,46.75,-6.0,21600,-0.0880934081586942,0.0983002516109101,4353989.159796485,-457622.70099545474,0.0,1.3951371966542746e-05
241,5634,541.0889,46.75,-6.0833282,21600,-0.08809598889252075,0.09829790593153954,4353319.010767862,-463954.4488188505,0.0,-6.377243142801597e-06
346,5661,541.0889,46.833336,-6.1666565,64800,-0.08809426047711938,0.09829739094785624,4345926.351221016,-469559.8699535443,0.0,6.49980806485491e-06
381,5670,541.0889,46.833336,-6.0833282,64800,-0.0880940522352328,0.09831315617733727,4346604.66032198,-463238.8677294356,0.0,3.3534503376326518e-06
416,5679,541.0889,46.833336,-6.0,64800,-0.08809643152949337,0.09830111356835665,4347273.775744883,-456916.88569019584,0.0,-4.800095314833518e-06
556,5715,541.0889,46.91667,-6.0,86400,-0.08809121150574334,0.09831681159831764,4340549.125536747,-456210.0964726406,0.0,1.5241552628991065e-05
206,5625,541.0889,46.75,-6.1666565,21600,-0.08809284827089214,0.09831100452021282,4352639.653859386,-470285.21531356085,0.0,-1.1401109110477433e-05
101,5598,541.0889,46.66667,-6.0833282,86400,-0.08808289081418746,0.09829645197615253,4360023.469108121,-464668.9756583009,0.0,8.486721481991958e-06
661,5742,541.0889,47.0,-6.0833282,86400,-0.08747239268002992,0.09787301174798263,4333148.796028124,-461804.81061430223,0.0,3.6235297161327617e-06
451,5688,541.0889,46.91667,-6.25,21600,-0.08809381742221542,0.09829263363702567,4338517.220887722,-475144.9119816816,0.0,-1.0474927073872096e-05
381,5670,541.0889,46.833336,-6.0833282,43200,-0.08810011055413589,0.09831719211509007,4346604.66032198,-463238.8677294356,0.0,-2.017558500144974e-05
311,5652,541.0889,46.833336,-6.25,86400,-0.08808725125926185,0.09830865583280712,4345238.723142079,-475881.0361998027,0.0,-2.413043051137381e-06
381,5670,541.0889,46.833336,-6.0833282,86400,-0.0880905106516296,0.09830474397796676,4346604.66032198,-463238.8677294356,0.0,-7.67879463714149e-06
696,5751,541.0889,47.0,-6.0,21600,-0.08709377177458945,0.09815487016639496,4333815.840058059,-455502.3996515776,0.0,2.535133951013066e-06
416,5679,541.0889,46.833336,-6.0,86400,-0.088090788838065,0.0983047342270089,4347273.775744883,-456916.88569019584,0.0,-1.0930254372526249e-05
521,5706,541.0889,46.91667,-6.0833282,43200,-0.08808960422081162,0.09829569131532825,4339881.045145775,-462522.2992525033,0.0,2.7218522277962323e-06
661,5742,541.0889,47.0,-6.0833282,21600,-0.08747191066367825,0.09786003607208259,4333148.796028124,-461804.81061430223,0.0,2.0673841910490715e-05
346,5661,541.0889,46.833336,-6.1666565,43200,-0.08808290198221198,0.09830707992142762,4345926.351221016,-469559.8699535443,0.0,9.732424155291088e-06
451,5688,541.0889,46.91667,-6.25,43200,-0.08808833994460889,0.09830752455120287,4338517.220887722,-475144.9119816816,0.0,4.453073913317106e-06
311,5652,541.0889,46.833336,-6.25,43200,-0.08808663650658778,0.09829909191735257,4345238.723142079,-475881.0361998027,0.0,-2.0475874923086745e-05
206,5625,541.0889,46.75,-6.1666565,43200,-0.0881008810484346,0.09831226411983393,4352639.653859386,-470285.21531356085,0.0,8.191044532107189e-06
101,5598,541.0889,46.66667,-6.0833282,43200,-0.08809241384703202,0.09832234087801742,4360023.469108121,-464668.9756583009,0.0,4.340500827526544e-06
171,5616,541.0889,46.75,-6.25,43200,-0.08810288182798233,0.09832293081230604,4351950.96357759,-476616.1460837916,0.0,-7.5336552024240386e-06
276,5643,541.0889,46.75,-6.0,86400,-0.08809195471362159,0.09829953422190232,4353989.159796485,-457622.70099545474,0.0,1.1863190528316136e-05
486,5697,541.0889,46.91667,-6.1666565,43200,-0.08809415989479545,0.09832513910334445,4339203.78529813,-468833.52373287774,0.0,1.3125116387487329e-06
346,5661,541.0889,46.833336,-6.1666565,86400,-0.0880875952380662,0.09829425740182716,4345926.351221016,-469559.8699535443,0.0,1.295311583103648e-05
136,5607,541.0889,46.66667,-6.0,43200,-0.08808778730229726,0.09831203816156776,4360694.650219674,-458327.4764384654,0.0,-5.053625773119279e-06
241,5634,541.0889,46.75,-6.0833282,86400,-0.08809244344179856,0.09830721262596037,4353319.010767862,-463954.4488188505,0.0,-6.080163956518104e-06
556,5715,541.0889,46.91667,-6.0,43200,-0.08808899837405736,0.09830110062177536,4340549.125536747,-456210.0964726406,0.0,2.3055859362074682e-07
66,5589,541.0889,46.66667,-6.1666565,43200,-0.08808830101475372,0.09830246038711962,4359343.065935845,-471009.49203812674,0.0,-1.1546121911905475e-05
31,5580,541.0889,46.66667,-6.25,43200,-0.08809741763050406,0.09831015959190367,4358653.3150161095,-477350.1729464703,0.0,-1.6681563655077947e-07
276,5643,541.0889,46.75,-6.0,43200,-0.08809398895340274,0.09831694756548272,4353989.159796485,-457622.70099545474,0.0,1.684587303533135e-05
626,5733,541.0889,47.0,-6.1666565,21600,-0.08746729970284055,0.09785641350778394,4332472.586781167,-468106.2447951276,0.0,2.2822416412238322e-05
591,5724,541.0889,47.0,-6.25,43200,-0.08747058134307104,0.09786004167814737,4331787.087405169,-474407.8424903363,0.0,-7.102083880523769e-06
416,5679,541.0889,46.833336,-6.0,43200,-0.08809264295587658,0.09829375200063996,4347273.775744883,-456916.88569019584,0.0,-1.6758212316193267e-06
382,5850,643.5668,46.833336,-6.0833282,64800,-0.08799667717889004,0.09830568976618975,4346604.66032198,-463238.8677294356,0.0,7.117925249940184e-07
382,5850,643.5668,46.833336,-6.0833282,43200,-0.0879990245927857,0.09830880761326276,4346604.66032198,-463238.8677294356,0.0,-7.553938008941186e-06
347,5841,643.5668,46.833336,-6.1666565,64800,-0.08799589426678472,0.09830069680331413,4345926.351221016,-469559.8699535443,0.0,3.1619813749668334e-06
102,5778,643.5668,46.66667,-6.0833282,43200,-0.08799536664744248,0.09831163916624155,4360023.469108121,-464668.9756583009,0.0,2.5695353137850045e-06
592,5904,643.5668,47.0,-6.25,43200,-0.08737965166382121,0.09789721346442784,4331787.087405169,-474407.8424903363,0.0,-3.34746961702427e-06
417,5859,643.5668,46.833336,-6.0,43200,-0.08799619218560643,0.09829658238564297,4347273.775744883,-456916.88569019584,0.0,-7.008023502804364e-07
102,5778,643.5668,46.66667,-6.0833282,86400,-0.08799145875136954,0.09829911811049744,4360023.469108121,-464668.9756583009,0.0,5.504341155357752e-06
382,5850,643.5668,46.833336,-6.0833282,86400,-0.08799419192550992,0.09830310239014964,4346604.66032198,-463238.8677294356,0.0,-6.586051932305011e-06
417,5859,643.5668,46.833336,-6.0,64800,-0.08799613968240419,0.09830210153603001,4347273.775744883,-456916.88569019584,0.0,-1.012948173348108e-06
312,5832,643.5668,46.833336,-6.25,64800,-0.08799739483698146,0.09831087947089417,4345238.723142079,-475881.0361998027,0.0,2.7524936063791656e-06
312,5832,643.5668,46.833336,-6.25,21600,-0.08799663361333328,0.0983097441447531,4345238.723142079,-475881.0361998027,0.0,-1.6986238585038424e-06
452,5868,643.5668,46.91667,-6.25,43200,-0.08799324809505603,0.09830436322882302,4338517.220887722,-475144.9119816816,0.0,2.491212149447232e-06
522,5886,643.5668,46.91667,-6.0833282,86400,-0.08799511523752686,0.09830534851495326,4339881.045145775,-462522.2992525033,0.0,-9.903878067773006e-07
242,5814,643.5668,46.75,-6.0833282,64800,-0.08799450008143245,0.09830387242052543,4353319.010767862,-463954.4488188505,0.0,3.1548065807042827e-07
67,5769,643.5668,46.66667,-6.1666565,43200,-0.08799401247863117,0.09830280739160431,4359343.065935845,-471009.49203812674,0.0,-5.006107589696034e-06
207,5805,643.5668,46.75,-6.1666565,64800,-0.08799859089282176,0.09830492492583778,4352639.653859386,-470285.21531356085,0.0,-3.8551308183527735e-06
277,5823,643.5668,46.75,-6.0,86400,-0.08799529959056202,0.0983011253130955,4353989.159796485,-457622.70099545474,0.0,5.884751789735809e-06
242,5814,643.5668,46.75,-6.0833282,21600,-0.08799681868214482,0.09830059072599841,4353319.010767862,-463954.4488188505,0.0,-1.2622463187988097e-06
277,5823,643.5668,46.75,-6.0,21600,-0.08799620875396337,0.09829987746431626,4353989.159796485,-457622.70099545474,0.0,6.223267737315999e-06
137,5787,643.5668,46.66667,-6.0,43200,-0.08799257618069858,0.09830804487220361,4360694.650219674,-458327.4764384654,0.0,-1.2057554518328566e-06
207,5805,643.5668,46.75,-6.1666565,21600,-0.08799450199590134,0.09830322534081049,4352639.653859386,-470285.21531356085,0.0,-4.522231711615784e-06
242,5814,643.5668,46.75,-6.0833282,43200,-0.08799698465656794,0.09830629703942978,4353319.010767862,-463954.4488188505,0.0,3.7776859303216714e-07
662,5922,643.5668,47.0,-6.0833282,64800,-0.08737509019610486,0.09789955093873902,4333148.796028124,-461804.81061430223,0.0,-1.383645040598579e-07
32,5760,643.5668,46.66667,-6.25,21600,-0.08799555280690274,0.09830888405896097,4358653.3150161095,-477350.1729464703,0.0,-4.027836283256315e-06
697,5931,643.5668,47.0,-6.0,86400,-0.08700703122914749,0.09831609032081792,4333815.840058059,-455502.3996515776,0.0,-3.2618764309301234e-06
277,5823,643.5668,46.75,-6.0,43200,-0.08799646552032243,0.09831024003985447,4353989.159796485,-457622.70099545474,0.0,6.882090944982932e-06
627,5913,643.5668,47.0,-6.1666565,64800,-0.08738101845402296,0.09789315067591896,4332472.586781167,-468106.2447951276,0.0,-5.267006627773706e-06
347,5841,643.5668,46.833336,-6.1666565,86400,-0.08799264089036911,0.0982986398662026,4345926.351221016,-469559.8699535443,0.0,7.103530803100249e-06
67,5769,643.5668,46.66667,-6.1666565,21600,-0.08799189031620301,0.09830028199571966,4359343.065935845,-471009.49203812674,0.0,-2.74946635329938e-06
592,5904,643.5668,47.0,-6.25,64800,-0.08737664115430568,0.09789463615265075,4331787.087405169,-474407.8424903363,0.0,-1.3751023394797627e-06
207,5805,643.5668,46.75,-6.1666565,43200,-0.0879989597308391,0.09830712559453056,4352639.653859386,-470285.21531356085,0.0,1.930127015173905e-06
102,5778,643.5668,46.66667,-6.0833282,21600,-0.08799196405156502,0.09829583121107664,4360023.469108121,-464668.9756583009,0.0,-7.635540296462959e-06
312,5832,643.5668,46.833336,-6.25,43200,-0.08799161639711145,0.09830052609177987,4345238.723142079,-475881.0361998027,0.0,-8.735431273676026e-06
592,5904,643.5668,47.0,-6.25,86400,-0.08737924183946223,0.09790497641224337,4331787.087405169,-474407.8424903363,0.0,-4.838298637987256e-06
32,5760,643.5668,46.66667,-6.25,86400,-0.08799577700793759,0.0983023156266944,4358653.3150161095,-477350.1729464703,0.0,-2.2508836557375133e-06
557,5895,643.5668,46.91667,-6.0,64800,-0.08799606862265406,0.09831179427315169,4340549.125536747,-456210.0964726406,0.0,-2.293596874348578e-07
312,5832,643.5668,46.833336,-6.25,86400,-0.08799280578611879,0.0983041671263982,4345238.723142079,-475881.0361998027,0.0,-2.9539011666671977e-06
522,5886,643.5668,46.91667,-6.0833282,64800,-0.08799330013247386,0.09830287713566338,4339881.045145775,-462522.2992525033,0.0,-5.8072052130100825e-06
172,5796,643.5668,46.75,-6.25,43200,-0.08800048478747641,0.0983107783760509,4351950.96357759,-476616.1460837916,0.0,-1.7754870844331423e-06
137,5787,643.5668,46.66667,-6.0,21600,-0.08799235602128318,0.09830595691292249,4360694.650219674,-458327.4764384654,0.0,6.389578046422491e-06
487,5877,643.5668,46.91667,-6.1666565,64800,-0.08799631294725534,0.09829962391771314,4339203.78529813,-468833.52373287774,0.0,-3.031844489339829e-06
697,5931,643.5668,47.0,-6.0,64800,-0.08700899346695756,0.09832000079987305,4333815.840058059,-455502.3996515776,0.0,1.6180863400515657e-06
452,5868,643.5668,46.91667,-6.25,64800,-0.08799277692948632,0.09830115897045545,4338517.220887722,-475144.9119816816,0.0,3.2780619044281844e-06
172,5796,643.5668,46.75,-6.25,21600,-0.08799558426456304,0.0983012162177747,4351950.96357759,-476616.1460837916,0.0,-2.2634737063903396e-06
67,5769,643.5668,46.66667,-6.1666565,86400,-0.0879952832782557,0.09829531986553866,4359343.065935845,-471009.49203812674,0.0,-6.221535893593353e-07
347,5841,643.5668,46.833336,-6.1666565,43200,-0.08799109110224312,0.09830520825023184,4345926.351221016,-469559.8699535443,0.0,5.800911624444218e-06
557,5895,643.5668,46.91667,-6.0,86400,-0.08799475898845104,0.09830957917257911,4340549.125536747,-456210.0964726406,0.0,7.147115586763545e-06
347,5841,643.5668,46.833336,-6.1666565,21600,-0.087989747742166,0.09829668631298807,4345926.351221016,-469559.8699535443,0.0,-1.8173011868482796e-06
277,5823,643.5668,46.75,-6.0,64800,-0.08799300058426045,0.09830256465696242,4353989.159796485,-457622.70099545474,0.0,9.890891516240765e-06
417,5859,643.5668,46.833336,-6.0,86400,-0.08799499134489348,0.09830459353484923,4347273.775744883,-456916.88569019584,0.0,-3.785335200788291e-06
417,5859,643.5668,46.833336,-6.0,21600,-0.08799513877419793,0.09830103216483957,4347273.775744883,-456916.88569019584,0.0,-4.855437205971607e-07
697,5931,643.5668,47.0,-6.0,43200,-0.08700500243886977,0.09832268208557339,4333815.840058059,-455502.3996515776,0.0,7.711048267158392e-06
452,5868,643.5668,46.91667,-6.25,21600,-0.0879965299408113,0.09829642055751847,4338517.220887722,-475144.9119816816,0.0,-3.526297509068662e-06
207,5805,643.5668,46.75,-6.1666565,86400,-0.08799554068264338,0.09830772552722877,4352639.653859386,-470285.21531356085,0.0,9.187124421894534e-06
242,5814,643.5668,46.75,-6.0833282,86400,-0.0879951679431912,0.09830327515929817,4353319.010767862,-463954.4488188505,0.0,-2.04698814255101e-06
452,5868,643.5668,46.91667,-6.25,86400,-0.08799400423728529,0.09830425246038679,4338517.220887722,-475144.9119816816,0.0,3.9196351428415987e-07
557,5895,643.5668,46.91667,-6.0,21600,-0.08799198585187741,0.0983035994818421,4340549.125536747,-456210.0964726406,0.0,2.1764544501072255e-06
627,5913,643.5668,47.0,-6.1666565,86400,-0.08737835396982904,0.09789790957569061,4332472.586781167,-468106.2447951276,0.0,6.892530079401286e-06
102,5778,643.5668,46.66667,-6.0833282,64800,-0.0879968655762758,0.09830798592866641,4360023.469108121,-464668.9756583009,0.0,3.8290240477480026e-07
662,5922,643.5668,47.0,-6.0833282,21600,-0.08738080927026982,0.09789670915277902,4333148.796028124,-461804.81061430223,0.0,1.1900253045731344e-05
487,5877,643.5668,46.91667,-6.1666565,86400,-0.08799146659874377,0.0983069211087321,4339203.78529813,-468833.52373287774,0.0,2.4985147944858216e-06
697,5931,643.5668,47.0,-6.0,21600,-0.08700498035409647,0.09832174113570206,4333815.840058059,-455502.3996515776,0.0,2.215289985649987e-06
662,5922,643.5668,47.0,-6.0833282,86400,-0.08738061738552827,0.09790533832306615,4333148.796028124,-461804.81061430223,0.0,1.739306305780518e-07
522,5886,643.5668,46.91667,-6.0833282,43200,-0.08799409478306915,0.09829762350469506,4339881.045145775,-462522.2992525033,0.0,-2.0754943748681667e-07
32,5760,643.5668,46.66667,-6.25,64800,-0.08798742202409437,0.0983069037492545,4358653.3150161095,-477350.1729464703,0.0,2.739129789720743e-06
522,5886,643.5668,46.91667,-6.0833282,21600,-0.08799695863934293,0.09830498354491664,4339881.045145775,-462522.2992525033,0.0,4.375862405634876e-06
662,5922,643.5668,47.0,-6.0833282,43200,-0.087376466683399,0.09789393238972226,4333148.796028124,-461804.81061430223,0.0,-1.4614962653163041e-06
67,5769,643.5668,46.66667,-6.1666565,64800,-0.08799262863274274,0.09830280221711232,4359343.065935845,-471009.49203812674,0.0,-5.829558296789315e-06
487,5877,643.5668,46.91667,-6.1666565,21600,-0.0879968993964863,0.09831228606216187,4339203.78529813,-468833.52373287774,0.0,-6.880617453486038e-07
32,5760,643.5668,46.66667,-6.25,43200,-0.08799790192862914,0.09830569418807532,4358653.3150161095,-477350.1729464703,0.0,-6.523236312269945e-07
592,5904,643.5668,47.0,-6.25,21600,-0.08737820463036564,0.0978967369206342,4331787.087405169,-474407.8424903363,0.0,2.1856806947031137e-06
382,5850,643.5668,46.833336,-6.0833282,21600,-0.08799707166871558,0.09830817386654882,4346604.66032198,-463238.8677294356,0.0,-1.410235672263381e-06
627,5913,643.5668,47.0,-6.1666565,21600,-0.0873785429915406,0.09789585300747926,4332472.586781167,-468106.2447951276,0.0,9.533797411256126e-06
137,5787,643.5668,46.66667,-6.0,64800,-0.08799569037301029,0.09830504990094573,4360694.650219674,-458327.4764384654,0.0,-1.3193749860520567e-06
627,5913,643.5668,47.0,-6.1666565,43200,-0.08737701702492758,0.09788594669602112,4332472.586781167,-468106.2447951276,0.0,6.339067137447516e-07
172,5796,643.5668,46.75,-6.25,64800,-0.08799866404785887,0.09830971560533747,4351950.96357759,-476616.1460837916,0.0,2.176952979746144e-06
487,5877,643.5668,46.91667,-6.1666565,43200,-0.08799674324927102,0.09831354983945903,4339203.78529813,-468833.52373287774,0.0,-2.1296664452615396e-09
557,5895,643.5668,46.91667,-6.0,43200,-0.08799336807775901,0.09830020919784313,4340549.125536747,-456210.0964726406,0.0,8.298978634677871e-07
137,5787,643.5668,46.66667,-6.0,86400,-0.08799510084098448,0.09830939762873674,4360694.650219674,-458327.4764384654,0.0,-2.3582284635356485e-06
172,5796,643.5668,46.75,-6.25,86400,-0.08799634616843471,0.09829921931601532,4351950.96357759,-476616.1460837916,0.0,-1.5495531873193063e-06
138,5967,763.3331,46.66667,-6.0,21600,-0.08760032322580459,0.09784311849908008,4360694.650219674,-458327.4764384654,0.0,3.8273655744263784e-06
523,6066,763.3331,46.91667,-6.0833282,64800,-0.08760058795343308,0.09784146916354323,4339881.045145775,-462522.2992525033,0.0,-2.4521714766466824e-06
418,6039,763.3331,46.833336,-6.0,86400,-0.08760215469914522,0.09784323554119798,4347273.775744883,-456916.88569019584,0.0,-8.344992813323997e-07
173,5976,763.3331,46.75,-6.25,43200,-0.0876041997975976,0.09784513090042508,4351950.96357759,-476616.1460837916,0.0,1.4755478570753214e-07
488,6057,763.3331,46.91667,-6.1666565,64800,-0.08760257383286979,0.09784050162652976,4339203.78529813,-468833.52373287774,0.0,-2.119352175984436e-06
313,6012,763.3331,46.833336,-6.25,86400,-0.08760005084579012,0.09784164068624131,4345238.723142079,-475881.0361998027,0.0,-2.150138869237543e-06
523,6066,763.3331,46.91667,-6.0833282,21600,-0.0876022745658974,0.09784341605003531,4339881.045145775,-462522.2992525033,0.0,2.1387291971776456e-06
558,6075,763.3331,46.91667,-6.0,64800,-0.08760180806139684,0.09784598314444505,4340549.125536747,-456210.0964726406,0.0,4.2260460222126364e-07
103,5958,763.3331,46.66667,-6.0833282,21600,-0.08760069385746119,0.09783759733731337,4360023.469108121,-464668.9756583009,0.0,-4.165397391086441e-06
698,6111,763.3331,47.0,-6.0,43200,-0.08692461774574323,0.09857398714135551,4333815.840058059,-455502.3996515776,0.0,2.6551912346975636e-06
698,6111,763.3331,47.0,-6.0,86400,-0.08692602527965906,0.09857065373666926,4333815.840058059,-455502.3996515776,0.0,-1.8236274298788586e-06
348,6021,763.3331,46.833336,-6.1666565,21600,-0.08759905910060709,0.09783822044486014,4345926.351221016,-469559.8699535443,0.0,-1.567362063263083e-06
663,6102,763.3331,47.0,-6.0833282,21600,-0.08726670614003108,0.09797070228904396,4333148.796028124,-461804.81061430223,0.0,6.337333047210729e-06
593,6084,763.3331,47.0,-6.25,21600,-0.08726536627965252,0.09797039470404498,4331787.087405169,-474407.8424903363,0.0,2.147926709603638e-06
243,5994,763.3331,46.75,-6.0833282,43200,-0.08790457785745281,0.09828528729677186,4353319.010767862,-463954.4488188505,0.0,5.171201745017409e-07
663,6102,763.3331,47.0,-6.0833282,64800,-0.08726412203920526,0.09797230880428898,4333148.796028124,-461804.81061430223,0.0,-2.0616785226763825e-09
208,5985,763.3331,46.75,-6.1666565,43200,-0.08760358963945465,0.09784371520717798,4352639.653859386,-470285.21531356085,0.0,-1.0026410989639537e-07
33,5940,763.3331,46.66667,-6.25,21600,-0.08790398771069587,0.09828614177719892,4358653.3150161095,-477350.1729464703,0.0,-2.0350550411592673e-06
628,6093,763.3331,47.0,-6.1666565,43200,-0.08726484849330485,0.0979660669174553,4332472.586781167,-468106.2447951276,0.0,-3.0573024312730334e-07
628,6093,763.3331,47.0,-6.1666565,21600,-0.0872655404408902,0.09797091384737704,4332472.586781167,-468106.2447951276,0.0,3.6025409708643188e-06
628,6093,763.3331,47.0,-6.1666565,64800,-0.08726705304281515,0.09796964644366826,4332472.586781167,-468106.2447951276,0.0,-2.223379057872497e-06
33,5940,763.3331,46.66667,-6.25,86400,-0.08790415324442963,0.09828274067817837,4358653.3150161095,-477350.1729464703,0.0,-8.559435654572423e-07
558,6075,763.3331,46.91667,-6.0,21600,-0.0875998271199448,0.09784085530257612,4340549.125536747,-456210.0964726406,0.0,7.284273267437002e-07
663,6102,763.3331,47.0,-6.0833282,43200,-0.08726450344072013,0.09796906433541831,4333148.796028124,-461804.81061430223,0.0,-1.901911231092371e-07
68,5949,763.3331,46.66667,-6.1666565,21600,-0.08760023433521934,0.09784060068628758,4359343.065935845,-471009.49203812674,0.0,-1.436194582489341e-06
348,6021,763.3331,46.833336,-6.1666565,86400,-0.08760075413817574,0.09784038313889484,4345926.351221016,-469559.8699535443,0.0,3.53934521416464e-06
593,6084,763.3331,47.0,-6.25,64800,-0.08726486763229968,0.097969401259023,4331787.087405169,-474407.8424903363,0.0,-6.217609662206165e-07
208,5985,763.3331,46.75,-6.1666565,86400,-0.08760174924784775,0.09784314858279967,4352639.653859386,-470285.21531356085,0.0,4.53731879888866e-06
453,6048,763.3331,46.91667,-6.25,86400,-0.08760082836944132,0.09784202033382403,4338517.220887722,-475144.9119816816,0.0,6.700967082349365e-07
593,6084,763.3331,47.0,-6.25,86400,-0.08726583216672487,0.0979752558504356,4331787.087405169,-474407.8424903363,0.0,-1.986693582290433e-06
313,6012,763.3331,46.833336,-6.25,43200,-0.08760021141054548,0.09784064178977224,4345238.723142079,-475881.0361998027,0.0,-3.770164324709302e-06
278,6003,763.3331,46.75,-6.0,43200,-0.08790457323562033,0.09828764584179416,4353989.159796485,-457622.70099545474,0.0,2.570676121902126e-06
243,5994,763.3331,46.75,-6.0833282,86400,-0.08790364902319407,0.09828339539406719,4353319.010767862,-463954.4488188505,0.0,-8.547300499518792e-07
33,5940,763.3331,46.66667,-6.25,64800,-0.08790003559180153,0.0982856308091228,4358653.3150161095,-477350.1729464703,0.0,1.2700791554017456e-06
488,6057,763.3331,46.91667,-6.1666565,21600,-0.08760220638509061,0.09784498675030207,4339203.78529813,-468833.52373287774,0.0,-6.209832876295297e-07
418,6039,763.3331,46.833336,-6.0,21600,-0.08760155236422221,0.09784138039030159,4347273.775744883,-456916.88569019584,0.0,-1.4572244074702217e-07
278,6003,763.3331,46.75,-6.0,21600,-0.0879045156124003,0.0982819448360869,4353989.159796485,-457622.70099545474,0.0,2.5810715034583323e-06
383,6030,763.3331,46.833336,-6.0833282,86400,-0.08760114138092824,0.097841716316907,4346604.66032198,-463238.8677294356,0.0,-4.495984259193003e-06
628,6093,763.3331,47.0,-6.1666565,86400,-0.08726552354967708,0.09797119391539438,4332472.586781167,-468106.2447951276,0.0,2.866734575744515e-06
278,6003,763.3331,46.75,-6.0,64800,-0.08790258432683506,0.09828310840346241,4353989.159796485,-457622.70099545474,0.0,3.6367137726869838e-06
593,6084,763.3331,47.0,-6.25,43200,-0.08726578119250002,0.0979712794662914,4331787.087405169,-474407.8424903363,0.0,-1.4630678391099075e-06
488,6057,763.3331,46.91667,-6.1666565,43200,-0.08760236923876277,0.09784678953053011,4339203.78529813,-468833.52373287774,0.0,-1.9844037288610895e-07
313,6012,763.3331,46.833336,-6.25,21600,-0.08760265302536133,0.09784543386465966,4345238.723142079,-475881.0361998027,0.0,-9.88287705893902e-07
138,5967,763.3331,46.66667,-6.0,64800,-0.08760179742978096,0.09784237713013551,4360694.650219674,-458327.4764384654,0.0,-4.7437459183455336e-07
523,6066,763.3331,46.91667,-6.0833282,86400,-0.08760132035337279,0.09784303516688746,4339881.045145775,-462522.2992525033,0.0,-1.8451002096720323e-07
278,6003,763.3331,46.75,-6.0,86400,-0.08790386533345974,0.09828287770113163,4353989.159796485,-457622.70099545474,0.0,2.657432781237627e-06
68,5949,763.3331,46.66667,-6.1666565,43200,-0.08760119292320057,0.09784194858202178,4359343.065935845,-471009.49203812674,0.0,-1.6977211891804864e-06
243,5994,763.3331,46.75,-6.0833282,64800,-0.08790367537594845,0.09828444986986168,4353319.010767862,-463954.4488188505,0.0,4.234005834537798e-07
383,6030,763.3331,46.833336,-6.0833282,21600,-0.08760228854223577,0.0978438602956268,4346604.66032198,-463238.8677294356,0.0,-3.262441513128509e-07
208,5985,763.3331,46.75,-6.1666565,64800,-0.08760273526439141,0.09784250717229254,4352639.653859386,-470285.21531356085,0.0,-1.8850313776336318e-06
173,5976,763.3331,46.75,-6.25,64800,-0.08760383620512462,0.09784642557289754,4351950.96357759,-476616.1460837916,0.0,1.196362049592224e-06
33,5940,763.3331,46.66667,-6.25,43200,-0.08790525034971358,0.09828469770762813,4358653.3150161095,-477350.1729464703,0.0,-5.775173090479604e-07
453,6048,763.3331,46.91667,-6.25,43200,-0.08760056251829126,0.09784238377064468,4338517.220887722,-475144.9119816816,0.0,1.3645247297574942e-06
138,5967,763.3331,46.66667,-6.0,86400,-0.08760187703347772,0.09784484147765463,4360694.650219674,-458327.4764384654,0.0,-1.089639763265658e-06
313,6012,763.3331,46.833336,-6.25,64800,-0.08760243560495687,0.09784538198829294,4345238.723142079,-475881.0361998027,0.0,5.555945365896886e-07
453,6048,763.3331,46.91667,-6.25,64800,-0.08760108783968279,0.09784070035787426,4338517.220887722,-475144.9119816816,0.0,8.666655025384833e-07
103,5958,763.3331,46.66667,-6.0833282,86400,-0.08760003541253443,0.09783998278112926,4360023.469108121,-464668.9756583009,0.0,3.5307295717083937e-06
103,5958,763.3331,46.66667,-6.0833282,64800,-0.08760210470996048,0.0978429968337892,4360023.469108121,-464668.9756583009,0.0,6.632040162597373e-07
173,5976,763.3331,46.75,-6.25,21600,-0.08760160730745922,0.09784127806843589,4351950.96357759,-476616.1460837916,0.0,-1.46824079051029e-06
138,5967,763.3331,46.66667,-6.0,43200,-0.08760033401868463,0.0978444054303799,4360694.650219674,-458327.4764384654,0.0,-5.7454218757853655e-08
558,6075,763.3331,46.91667,-6.0,43200,-0.08760090935238478,0.09784000665036056,4340549.125536747,-456210.0964726406,0.0,9.534769431981418e-07
68,5949,763.3331,46.66667,-6.1666565,86400,-0.08760216421316519,0.09783805877392332,4359343.065935845,-471009.49203812674,0.0,-3.8221814327108943e-07
348,6021,763.3331,46.833336,-6.1666565,43200,-0.08760011329283737,0.09784293865740958,4345926.351221016,-469559.8699535443,0.0,3.2878327246628107e-06
68,5949,763.3331,46.66667,-6.1666565,64800,-0.08760049099453728,0.09784193039497702,4359343.065935845,-471009.49203812674,0.0,-2.8874768904057636e-06
418,6039,763.3331,46.833336,-6.0,64800,-0.08760160953569401,0.09784172019174664,4347273.775744883,-456916.88569019584,0.0,5.711045776371528e-07
558,6075,763.3331,46.91667,-6.0,86400,-0.08760118587334938,0.09784488762474124,4340549.125536747,-456210.0964726406,0.0,3.2439883100891955e-06
453,6048,763.3331,46.91667,-6.25,21600,-0.08760239084960773,0.09783827562650793,4338517.220887722,-475144.9119816816,0.0,-9.7597082113292e-07
663,6102,763.3331,47.0,-6.0833282,86400,-0.08726635080438722,0.09797579547034319,4333148.796028124,-461804.81061430223,0.0,-7.46405194557465e-07
698,6111,763.3331,47.0,-6.0,21600,-0.08692454613735949,0.09857469684069395,4333815.840058059,-455502.3996515776,0.0,1.354902971081106e-06
173,5976,763.3331,46.75,-6.25,86400,-0.08760183045093756,0.09784004676162136,4351950.96357759,-476616.1460837916,0.0,-6.906270247664065e-07
383,6030,763.3331,46.833336,-6.0833282,64800,-0.08760284137115727,0.09784255162243204,4346604.66032198,-463238.8677294356,0.0,-3.580944275290775e-07
208,5985,763.3331,46.75,-6.1666565,21600,-0.08760092687213591,0.09784060270831839,4352639.653859386,-470285.21531356085,0.0,-2.1524281540234833e-06
523,6066,763.3331,46.91667,-6.0833282,43200,-0.08760080045274306,0.09783887484775208,4339881.045145775,-462522.2992525033,0.0,-8.248303522385448e-07
348,6021,763.3331,46.833336,-6.1666565,64800,-0.0876013489357426,0.09784103768458681,4345926.351221016,-469559.8699535443,0.0,1.5161361779798477e-06
383,6030,763.3331,46.833336,-6.0833282,43200,-0.08760334963572818,0.097844208793078,4346604.66032198,-463238.8677294356,0.0,-2.8290586835941812e-06
488,6057,763.3331,46.91667,-6.1666565,86400,-0.08759934120219634,0.09784295005758374,4339203.78529813,-468833.52373287774,0.0,-2.773786980934442e-07
243,5994,763.3331,46.75,-6.0833282,21600,-0.0879045565477614,0.09828291582624049,4353319.010767862,-463954.4488188505,0.0,2.404772366604232e-07
418,6039,763.3331,46.833336,-6.0,43200,-0.08760244091947697,0.09783844506787541,4347273.775744883,-456916.88569019584,0.0,-9.39303437659651e-08
103,5958,763.3331,46.66667,-6.0833282,43200,-0.08760122369603782,0.09784556150530986,4360023.469108121,-464668.9756583009,0.0,1.2069344848850505e-06
698,6111,763.3331,47.0,-6.0,64800,-0.08692648679613871,0.09857230587420027,4333815.840058059,-455502.3996515776,0.0,3.3653902919267654e-07
664,6282,902.3393,47.0,-6.0833282,86400,-0.08713020907927066,0.09811385510051068,4333148.796028124,-461804.81061430223,0.0,-7.738928641715159e-07
629,6273,902.3393,47.0,-6.1666565,86400,-0.08712994717650156,0.09811119132687915,4332472.586781167,-468106.2447951276,0.0,1.0931036963206899e-06
699,6291,902.3393,47.0,-6.0,43200,-0.08689125728026441,0.09895655276305713,4333815.840058059,-455502.3996515776,0.0,7.518962402008912e-07
559,6255,902.3393,46.91667,-6.0,86400,-0.08750589362559934,0.09785236068491637,4340549.125536747,-456210.0964726406,0.0,1.4407643018827443e-06
34,6120,902.3393,46.66667,-6.25,43200,-0.08782588094339586,0.09824762169599251,4358653.3150161095,-477350.1729464703,0.0,-4.1763962582512803e-07
69,6129,902.3393,46.66667,-6.1666565,43200,-0.08750596390201294,0.09785112903423833,4359343.065935845,-471009.49203812674,0.0,-3.1046297331404956e-07
104,6138,902.3393,46.66667,-6.0833282,43200,-0.08750570050297926,0.09785246132144126,4360023.469108121,-464668.9756583009,0.0,4.4879432367020746e-07
139,6147,902.3393,46.66667,-6.0,43200,-0.08750537664438576,0.09785203720368069,4360694.650219674,-458327.4764384654,0.0,1.7907184205650807e-07
174,6156,902.3393,46.75,-6.25,43200,-0.08750717487061158,0.09785251729373458,4351950.96357759,-476616.1460837916,0.0,5.965679862140777e-07
209,6165,902.3393,46.75,-6.1666565,43200,-0.08750683360831732,0.09785175454433896,4352639.653859386,-470285.21531356085,0.0,-4.955130419893758e-07
244,6174,902.3393,46.75,-6.0833282,43200,-0.08782548324890006,0.09824803968518205,4353319.010767862,-463954.4488188505,0.0,4.5439394170670673e-07
279,6183,902.3393,46.75,-6.0,43200,-0.08782552237106439,0.09824937829043717,4353989.159796485,-457622.70099545474,0.0,8.95725835730413e-07
314,6192,902.3393,46.833336,-6.25,43200,-0.08750540435777511,0.09785042197183016,4345238.723142079,-475881.0361998027,0.0,-1.6835992627071297e-06
349,6201,902.3393,46.833336,-6.1666565,43200,-0.08750541057813298,0.09785143209359212,4345926.351221016,-469559.8699535443,0.0,1.783573683460736e-06
384,6210,902.3393,46.833336,-6.0833282,43200,-0.08750675751024406,0.09785185834023308,4346604.66032198,-463238.8677294356,0.0,-1.1992309039397414e-06
419,6219,902.3393,46.833336,-6.0,43200,-0.08750657032445462,0.09784942574935923,4347273.775744883,-456916.88569019584,0.0,1.627829161360016e-07
454,6228,902.3393,46.91667,-6.25,43200,-0.08750563569452996,0.0978512365950495,4338517.220887722,-475144.9119816816,0.0,7.298456401612799e-07
489,6237,902.3393,46.91667,-6.1666565,43200,-0.0875064874189422,0.09785320225170267,4339203.78529813,-468833.52373287774,0.0,-1.830794277781638e-07
524,6246,902.3393,46.91667,-6.0833282,43200,-0.08750571018957387,0.09784960591606896,4339881.045145775,-462522.2992525033,0.0,-6.787389029220408e-07
699,6291,902.3393,47.0,-6.0,21600,-0.08689114148038071,0.09895739482923056,4333815.840058059,-455502.3996515776,0.0,7.371837558484919e-07
664,6282,902.3393,47.0,-6.0833282,21600,-0.08713052799794353,0.09811105720595549,4333148.796028124,-461804.81061430223,0.0,3.176995740329557e-06
629,6273,902.3393,47.0,-6.1666565,21600,-0.08712992579440444,0.09811160345998261,4332472.586781167,-468106.2447951276,0.0,1.1601778740860523e-06
594,6264,902.3393,47.0,-6.25,21600,-0.0871298502797668,0.09811078420356335,4331787.087405169,-474407.8424903363,0.0,1.5453343648502356e-06
34,6120,902.3393,46.66667,-6.25,21600,-0.0878251888129306,0.09824831963544221,4358653.3150161095,-477350.1729464703,0.0,-9.329066977984112e-07
69,6129,902.3393,46.66667,-6.1666565,21600,-0.08750542847130109,0.09785061506722759,4359343.065935845,-471009.49203812674,0.0,-5.385812710382208e-07
104,6138,902.3393,46.66667,-6.0833282,21600,-0.08750572376414008,0.09784863426830591,4360023.469108121,-464668.9756583009,0.0,-2.095026969480389e-06
139,6147,902.3393,46.66667,-6.0,21600,-0.08750553013582778,0.09785141788035681,4360694.650219674,-458327.4764384654,0.0,2.191674219510248e-06
174,6156,902.3393,46.75,-6.25,21600,-0.08750591179841823,0.09785082529840933,4351950.96357759,-476616.1460837916,0.0,-8.017997013965302e-07
209,6165,902.3393,46.75,-6.1666565,21600,-0.08750550887736602,0.09784989921663051,4352639.653859386,-470285.21531356085,0.0,-1.1690281946037597e-06
244,6174,902.3393,46.75,-6.0833282,21600,-0.08782547091183306,0.09824715311615094,4353319.010767862,-463954.4488188505,0.0,4.867719912174559e-07
559,6255,902.3393,46.91667,-6.0,43200,-0.08750574297213704,0.09784999151451967,4340549.125536747,-456210.0964726406,0.0,7.865817954144186e-07
279,6183,902.3393,46.75,-6.0,21600,-0.0878255518856509,0.09824656433950049,4353989.159796485,-457622.70099545474,0.0,9.547865513543365e-07
349,6201,902.3393,46.833336,-6.1666565,21600,-0.08750484032926306,0.09784900614246825,4345926.351221016,-469559.8699535443,0.0,-9.831635380951521e-07
384,6210,902.3393,46.833336,-6.0833282,21600,-0.08750625438335101,0.09785169275849528,4346604.66032198,-463238.8677294356,0.0,2.6674527981363635e-07
419,6219,902.3393,46.833336,-6.0,21600,-0.08750604781380368,0.0978509728626941,4347273.775744883,-456916.88569019584,0.0,-1.1290193503308397e-07
454,6228,902.3393,46.91667,-6.25,21600,-0.08750656291583118,0.09784922535893999,4338517.220887722,-475144.9119816816,0.0,-1.567660216354752e-07
489,6237,902.3393,46.91667,-6.1666565,21600,-0.08750638352696981,0.09785196122158067,4339203.78529813,-468833.52373287774,0.0,-3.594990753124049e-07
524,6246,902.3393,46.91667,-6.0833282,21600,-0.08750640240495432,0.09785198728695979,4339881.045145775,-462522.2992525033,0.0,8.657555848156203e-07
559,6255,902.3393,46.91667,-6.0,21600,-0.08750518722114915,0.09785004279548377,4340549.125536747,-456210.0964726406,0.0,1.9294566239156759e-07
314,6192,902.3393,46.833336,-6.25,21600,-0.08750666566474999,0.09785289846376134,4345238.723142079,-475881.0361998027,0.0,-5.22290797846571e-07
594,6264,902.3393,47.0,-6.25,86400,-0.08712999903498346,0.09811346376770735,4331787.087405169,-474407.8424903363,0.0,-7.992120776492373e-07
594,6264,902.3393,47.0,-6.25,43200,-0.0871298927016383,0.09811155679959414,4331787.087405169,-474407.8424903363,0.0,-5.889895397764277e-07
664,6282,902.3393,47.0,-6.0833282,43200,-0.0871295025319976,0.0981103411365651,4333148.796028124,-461804.81061430223,0.0,1.1586263598664131e-07
34,6120,902.3393,46.66667,-6.25,86400,-0.08782537449684907,0.09824663730821603,4358653.3150161095,-477350.1729464703,0.0,-2.61258889809037e-07
69,6129,902.3393,46.66667,-6.1666565,86400,-0.08750647812035879,0.09784918780946135,4359343.065935845,-471009.49203812674,0.0,-3.1395268999434954e-07
104,6138,902.3393,46.66667,-6.0833282,86400,-0.08750553232104584,0.09785022445766775,4360023.469108121,-464668.9756583009,0.0,2.1075569038163255e-06
139,6147,902.3393,46.66667,-6.0,86400,-0.08750632388947999,0.09785235618160298,4360694.650219674,-458327.4764384654,0.0,-5.809199397496842e-07
174,6156,902.3393,46.75,-6.25,86400,-0.087506099114998,0.09785021661478248,4351950.96357759,-476616.1460837916,0.0,-3.6294629917451576e-07
209,6165,902.3393,46.75,-6.1666565,86400,-0.08750608951521989,0.09785122901300047,4352639.653859386,-470285.21531356085,0.0,2.2672897539047607e-06
244,6174,902.3393,46.75,-6.0833282,86400,-0.08782496484302471,0.09824702957828366,4353319.010767862,-463954.4488188505,0.0,-4.973862079746907e-07
279,6183,902.3393,46.75,-6.0,86400,-0.08782511315574615,0.09824695912156714,4353989.159796485,-457622.70099545474,0.0,1.1162576586108428e-06
314,6192,902.3393,46.833336,-6.25,86400,-0.08750522514666036,0.0978504842301134,4345238.723142079,-475881.0361998027,0.0,-1.284483383135328e-06
349,6201,902.3393,46.833336,-6.1666565,86400,-0.08750572793647464,0.09785076496336552,4345926.351221016,-469559.8699535443,0.0,1.6510048818100676e-06
384,6210,902.3393,46.833336,-6.0833282,86400,-0.08750590597183908,0.0978509053425479,4346604.66032198,-463238.8677294356,0.0,-2.7053934717000097e-06
419,6219,902.3393,46.833336,-6.0,86400,-0.08750636934365895,0.0978517985769092,4347273.775744883,-456916.88569019584,0.0,1.3644048488936684e-07
454,6228,902.3393,46.91667,-6.25,86400,-0.08750564996670578,0.09785093342771341,4338517.220887722,-475144.9119816816,0.0,4.058744572636793e-07
489,6237,902.3393,46.91667,-6.1666565,86400,-0.08750483978359459,0.0978512170134886,4339203.78529813,-468833.52373287774,0.0,-6.553112993070785e-07
524,6246,902.3393,46.91667,-6.0833282,86400,-0.08750578016136612,0.0978514316302541,4339881.045145775,-462522.2992525033,0.0,3.646744758098527e-08
699,6291,902.3393,47.0,-6.0,64800,-0.08689209062397889,0.09895542747722634,4333815.840058059,-455502.3996515776,0.0,4.5521905744543855e-08
664,6282,902.3393,47.0,-6.0833282,64800,-0.08712933682539957,0.09811194859924065,4333148.796028124,-461804.81061430223,0.0,6.968830537051015e-08
629,6273,902.3393,47.0,-6.1666565,64800,-0.08713082341351616,0.09811095282563233,4332472.586781167,-468106.2447951276,0.0,-9.007260271625371e-07
594,6264,902.3393,47.0,-6.25,64800,-0.08712969437715465,0.09811035541407895,4331787.087405169,-474407.8424903363,0.0,-1.7577299586884296e-07
34,6120,902.3393,46.66667,-6.25,64800,-0.08782332709242206,0.09824810769889769,4358653.3150161095,-477350.1729464703,0.0,6.238779036465837e-07
69,6129,902.3393,46.66667,-6.1666565,64800,-0.08750555555022686,0.09785095554795221,4359343.065935845,-471009.49203812674,0.0,-1.423541684157962e-06
104,6138,902.3393,46.66667,-6.0833282,64800,-0.08750608309662732,0.09785103066235606,4360023.469108121,-464668.9756583009,0.0,4.6001211024244066e-07
139,6147,902.3393,46.66667,-6.0,64800,-0.08750612049352206,0.0978511252213384,4360694.650219674,-458327.4764384654,0.0,-2.004820432841238e-07
174,6156,902.3393,46.75,-6.25,64800,-0.08750718002143207,0.09785371346217432,4351950.96357759,-476616.1460837916,0.0,5.964432822207729e-07
209,6165,902.3393,46.75,-6.1666565,64800,-0.08750635141795406,0.09785104113541769,4352639.653859386,-470285.21531356085,0.0,-1.0235865278117184e-06
244,6174,902.3393,46.75,-6.0833282,64800,-0.08782514172422443,0.09824778200446908,4353319.010767862,-463954.4488188505,0.0,3.049220327682886e-07
629,6273,902.3393,47.0,-6.1666565,43200,-0.08712968784827498,0.0981093384831043,4332472.586781167,-468106.2447951276,0.0,-3.811654348086205e-07
279,6183,902.3393,46.75,-6.0,64800,-0.08782447137456374,0.09824692079212988,4353989.159796485,-457622.70099545474,0.0,1.1738322699298583e-06
349,6201,902.3393,46.833336,-6.1666565,64800,-0.08750569862436533,0.09785069382196242,4345926.351221016,-469559.8699535443,0.0,6.780890622129622e-07
384,6210,902.3393,46.833336,-6.0833282,64800,-0.0875068502232805,0.0978511543088274,4346604.66032198,-463238.8677294356,0.0,-5.717054509427204e-07
419,6219,902.3393,46.833336,-6.0,64800,-0.0875058541187303,0.09785114116862978,4347273.775744883,-456916.88569019584,0.0,9.304694847680584e-07
454,6228,902.3393,46.91667,-6.25,64800,-0.08750591078498017,0.09785022999390251,4338517.220887722,-475144.9119816816,0.0,1.736559853743996e-07
489,6237,902.3393,46.91667,-6.1666565,64800,-0.0875067013976293,0.09785057709623542,4339203.78529813,-468833.52373287774,0.0,-1.3834386894897257e-06
524,6246,902.3393,46.91667,-6.0833282,64800,-0.08750558736541361,0.09785069433927014,4339881.045145775,-462522.2992525033,0.0,-1.0506195850502686e-06
559,6255,902.3393,46.91667,-6.0,64800,-0.08750594191721994,0.09785279478169676,4340549.125536747,-456210.0964726406,0.0,5.152240428273679e-07
314,6192,902.3393,46.833336,-6.25,64800,-0.08750640706191248,0.09785254851187228,4345238.723142079,-475881.0361998027,0.0,-5.333835141902757e-08
699,6291,902.3393,47.0,-6.0,86400,-0.08689205202542707,0.09895482781768482,4333815.840058059,-455502.3996515776,0.0,-1.1366463236069388e-06
