,depth,latitude,longitude,time,uo,vo,x,y,z
0,0.494025,46.66667,-6.25,2024-07-29 00:00:00,0.017772455,0.035844103,4358653.3150161095,-477350.1729464703,0.0
180,1.541375,46.66667,-6.25,2024-07-29 00:00:00,0.020733912,0.039954126,4358653.3150161095,-477350.1729464703,0.0
360,2.645669,46.66667,-6.25,2024-07-29 00:00:00,0.023688221,0.043733038,4358653.3150161095,-477350.1729464703,0.0
540,3.819495,46.66667,-6.25,2024-07-29 00:00:00,0.026509583,0.047073316,4358653.3150161095,-477350.1729464703,0.0
720,5.078224,46.66667,-6.25,2024-07-29 00:00:00,0.029145377,0.04997158,4358653.3150161095,-477350.1729464703,0.0
900,6.440614,46.66667,-6.25,2024-07-29 00:00:00,0.031551275,0.052433703,4358653.3150161095,-477350.1729464703,0.0
1080,7.92956,46.66667,-6.25,2024-07-29 00:00:00,0.033672955,0.05445308,4358653.3150161095,-477350.1729464703,0.0
1260,9.572997,46.66667,-6.25,2024-07-29 00:00:00,0.035457518,0.056018826,4358653.3150161095,-477350.1729464703,0.0
1440,11.405,46.66667,-6.25,2024-07-29 00:00:00,0.036909107,0.057129554,4358653.3150161095,-477350.1729464703,0.0
1620,13.46714,46.66667,-6.25,2024-07-29 00:00:00,0.038289644,0.039800674,4358653.3150161095,-477350.1729464703,0.0
1800,15.81007,46.66667,-6.25,2024-07-29 00:00:00,0.059368122,0.061036307,4358653.3150161095,-477350.1729464703,0.0
1980,18.49556,46.66667,-6.25,2024-07-29 00:00:00,0.078094594,0.056891426,4358653.3150161095,-477350.1729464703,0.0
2160,21.59882,46.66667,-6.25,2024-07-29 00:00:00,0.0726089,0.04945421,4358653.3150161095,-477350.1729464703,0.0
2340,25.21141,46.66667,-6.25,2024-07-29 00:00:00,0.06544118,0.036801256,4358653.3150161095,-477350.1729464703,0.0
2520,29.44473,46.66667,-6.25,2024-07-29 00:00:00,0.053306952,0.019746464,4358653.3150161095,-477350.1729464703,0.0
2700,34.43415,46.66667,-6.25,2024-07-29 00:00:00,0.03727599,-0.002703006,4358653.3150161095,-477350.1729464703,0.0
2880,40.34405,46.66667,-6.25,2024-07-29 00:00:00,0.02056382,-0.013000867,4358653.3150161095,-477350.1729464703,0.0
3060,47.37369,46.66667,-6.25,2024-07-29 00:00:00,0.010492748,0.009801735,4358653.3150161095,-477350.1729464703,0.0
3240,55.76429,46.66667,-6.25,2024-07-29 00:00:00,0.028697215,0.045246754,4358653.3150161095,-477350.1729464703,0.0
3420,65.80727,46.66667,-6.25,2024-07-29 00:00:00,0.058017094,0.058189142,4358653.3150161095,-477350.1729464703,0.0
3600,77.85385,46.66667,-6.25,2024-07-29 00:00:00,0.07236522,0.05242875,4358653.3150161095,-477350.1729464703,0.0
3780,92.32607,46.66667,-6.25,2024-07-29 00:00:00,0.07676868,0.043095138,4358653.3150161095,-477350.1729464703,0.0
3960,109.7293,46.66667,-6.25,2024-07-29 00:00:00,0.07898421,0.032470163,4358653.3150161095,-477350.1729464703,0.0
4140,130.666,46.66667,-6.25,2024-07-29 00:00:00,0.08248594,0.026046176,4358653.3150161095,-477350.1729464703,0.0
4320,155.8507,46.66667,-6.25,2024-07-29 00:00:00,0.08766428,0.023686115,4358653.3150161095,-477350.1729464703,0.0
4500,186.1256,46.66667,-6.25,2024-07-29 00:00:00,0.09045738,0.02134569,4358653.3150161095,-477350.1729464703,0.0
4680,222.4752,46.66667,-6.25,2024-07-29 00:00:00,0.09480951,0.021333627,4358653.3150161095,-477350.1729464703,0.0
4860,266.0403,46.66667,-6.25,2024-07-29 00:00:00,0.095293246,0.022966178,4358653.3150161095,-477350.1729464703,0.0
5040,318.1274,46.66667,-6.25,2024-07-29 00:00:00,0.0838173,0.014626694,4358653.3150161095,-477350.1729464703,0.0
5220,380.213,46.66667,-6.25,2024-07-29 00:00:00,0.08291311,0.010870472,4358653.3150161095,-477350.1729464703,0.0
5400,453.9377,46.66667,-6.25,2024-07-29 00:00:00,0.08973094,0.013055114,4358653.3150161095,-477350.1729464703,0.0
5580,541.0889,46.66667,-6.25,2024-07-29 00:00:00,0.08946669,0.012062327,4358653.3150161095,-477350.1729464703,0.0
5760,643.5668,46.66667,-6.25,2024-07-29 00:00:00,0.077105336,0.03132734,4358653.3150161095,-477350.1729464703,0.0
5940,763.3331,46.66667,-6.25,2024-07-29 00:00:00,0.1078301,0.049468923,4358653.3150161095,-477350.1729464703,0.0
6120,902.3393,46.66667,-6.25,2024-07-29 00:00:00,0.15542758,0.085578114,4358653.3150161095,-477350.1729464703,0.0
9,0.494025,46.66667,-6.1666565,2024-07-29 00:00:00,0.005326723,0.03878412,4359343.065935845,-471009.49203812674,0.0
189,1.541375,46.66667,-6.1666565,2024-07-29 00:00:00,0.0082884515,0.0429069,4359343.065935845,-471009.49203812674,0.0
369,2.645669,46.66667,-6.1666565,2024-07-29 00:00:00,0.011243925,0.04670011,4359343.065935845,-471009.49203812674,0.0
549,3.819495,46.66667,-6.1666565,2024-07-29 00:00:00,0.014067675,0.050055176,4359343.065935845,-471009.49203812674,0.0
729,5.078224,46.66667,-6.1666565,2024-07-29 00:00:00,0.016708188,0.052968614,4359343.065935845,-471009.49203812674,0.0
909,6.440614,46.66667,-6.1666565,2024-07-29 00:00:00,0.019121181,0.05544448,4359343.065935845,-471009.49203812674,0.0
1089,7.92956,46.66667,-6.1666565,2024-07-29 00:00:00,0.021251308,0.05747215,4359343.065935845,-471009.49203812674,0.0
1269,9.572997,46.66667,-6.1666565,2024-07-29 00:00:00,0.023045357,0.05903433,4359343.065935845,-471009.49203812674,0.0
1449,11.405,46.66667,-6.1666565,2024-07-29 00:00:00,0.024514057,0.06011868,4359343.065935845,-471009.49203812674,0.0
1629,13.46714,46.66667,-6.1666565,2024-07-29 00:00:00,0.0294876,0.044379126,4359343.065935845,-471009.49203812674,0.0
1809,15.81007,46.66667,-6.1666565,2024-07-29 00:00:00,0.053227495,0.06349884,4359343.065935845,-471009.49203812674,0.0
1989,18.49556,46.66667,-6.1666565,2024-07-29 00:00:00,0.07703981,0.061101217,4359343.065935845,-471009.49203812674,0.0
2169,21.59882,46.66667,-6.1666565,2024-07-29 00:00:00,0.07594004,0.052153222,4359343.065935845,-471009.49203812674,0.0
2349,25.21141,46.66667,-6.1666565,2024-07-29 00:00:00,0.07379868,0.037133966,4359343.065935845,-471009.49203812674,0.0
2529,29.44473,46.66667,-6.1666565,2024-07-29 00:00:00,0.065074936,0.016313095,4359343.065935845,-471009.49203812674,0.0
2709,34.43415,46.66667,-6.1666565,2024-07-29 00:00:00,0.04886396,-0.008253057,4359343.065935845,-471009.49203812674,0.0
2889,40.34405,46.66667,-6.1666565,2024-07-29 00:00:00,0.029013056,-0.019212054,4359343.065935845,-471009.49203812674,0.0
3069,47.37369,46.66667,-6.1666565,2024-07-29 00:00:00,0.015944013,0.006422729,4359343.065935845,-471009.49203812674,0.0
3249,55.76429,46.66667,-6.1666565,2024-07-29 00:00:00,0.03555077,0.047462087,4359343.065935845,-471009.49203812674,0.0
3429,65.80727,46.66667,-6.1666565,2024-07-29 00:00:00,0.07342405,0.06197421,4359343.065935845,-471009.49203812674,0.0
3609,77.85385,46.66667,-6.1666565,2024-07-29 00:00:00,0.097214006,0.052572474,4359343.065935845,-471009.49203812674,0.0
3789,92.32607,46.66667,-6.1666565,2024-07-29 00:00:00,0.10474319,0.041273966,4359343.065935845,-471009.49203812674,0.0
3969,109.7293,46.66667,-6.1666565,2024-07-29 00:00:00,0.10639768,0.030297833,4359343.065935845,-471009.49203812674,0.0
4149,130.666,46.66667,-6.1666565,2024-07-29 00:00:00,0.10814831,0.023846224,4359343.065935845,-471009.49203812674,0.0
4329,155.8507,46.66667,-6.1666565,2024-07-29 00:00:00,0.10725213,0.021967111,4359343.065935845,-471009.49203812674,0.0
4509,186.1256,46.66667,-6.1666565,2024-07-29 00:00:00,0.10322376,0.01903569,4359343.065935845,-471009.49203812674,0.0
4689,222.4752,46.66667,-6.1666565,2024-07-29 00:00:00,0.10251328,0.018237162,4359343.065935845,-471009.49203812674,0.0
4869,266.0403,46.66667,-6.1666565,2024-07-29 00:00:00,0.0996834,0.017935444,4359343.065935845,-471009.49203812674,0.0
5049,318.1274,46.66667,-6.1666565,2024-07-29 00:00:00,0.09938186,0.012508999,4359343.065935845,-471009.49203812674,0.0
5229,380.213,46.66667,-6.1666565,2024-07-29 00:00:00,0.10297172,0.014748464,4359343.065935845,-471009.49203812674,0.0
5409,453.9377,46.66667,-6.1666565,2024-07-29 00:00:00,0.10808685,0.01853051,4359343.065935845,-471009.49203812674,0.0
5589,541.0889,46.66667,-6.1666565,2024-07-29 00:00:00,0.103344604,0.015439371,4359343.065935845,-471009.49203812674,0.0
5769,643.5668,46.66667,-6.1666565,2024-07-29 00:00:00,0.08791055,0.02676511,4359343.065935845,-471009.49203812674,0.0
5949,763.3331,46.66667,-6.1666565,2024-07-29 00:00:00,0.09460206,0.035538066,4359343.065935845,-471009.49203812674,0.0
6129,902.3393,46.66667,-6.1666565,2024-07-29 00:00:00,0.14520691,0.047723144,4359343.065935845,-471009.49203812674,0.0
18,0.494025,46.66667,-6.0833282,2024-07-29 00:00:00,-0.0040538637,0.026857225,4360023.469108121,-464668.9756583009,0.0
198,1.541375,46.66667,-6.0833282,2024-07-29 00:00:00,-0.0010783124,0.030980408,4360023.469108121,-464668.9756583009,0.0
378,2.645669,46.66667,-6.0833282,2024-07-29 00:00:00,0.0018852325,0.03477982,4360023.469108121,-464668.9756583009,0.0
558,3.819495,46.66667,-6.0833282,2024-07-29 00:00:00,0.0047122445,0.03814782,4360023.469108121,-464668.9756583009,0.0
738,5.078224,46.66667,-6.0833282,2024-07-29 00:00:00,0.007352176,0.041082244,4360023.469108121,-464668.9756583009,0.0
918,6.440614,46.66667,-6.0833282,2024-07-29 00:00:00,0.009759747,0.043587394,4360023.469108121,-464668.9756583009,0.0
1098,7.92956,46.66667,-6.0833282,2024-07-29 00:00:00,0.011876138,0.04565151,4360023.469108121,-464668.9756583009,0.0
1278,9.572997,46.66667,-6.0833282,2024-07-29 00:00:00,0.013640448,0.04725569,4360023.469108121,-464668.9756583009,0.0
1458,11.405,46.66667,-6.0833282,2024-07-29 00:00:00,0.015035296,0.04839082,4360023.469108121,-464668.9756583009,0.0
1638,13.46714,46.66667,-6.0833282,2024-07-29 00:00:00,0.016557297,0.032388505,4360023.469108121,-464668.9756583009,0.0
1818,15.81007,46.66667,-6.0833282,2024-07-29 00:00:00,0.039252315,0.058356203,4360023.469108121,-464668.9756583009,0.0
1998,18.49556,46.66667,-6.0833282,2024-07-29 00:00:00,0.06587659,0.05513934,4360023.469108121,-464668.9756583009,0.0
2178,21.59882,46.66667,-6.0833282,2024-07-29 00:00:00,0.06999966,0.048084978,4360023.469108121,-464668.9756583009,0.0
2358,25.21141,46.66667,-6.0833282,2024-07-29 00:00:00,0.07554391,0.036337078,4360023.469108121,-464668.9756583009,0.0
2538,29.44473,46.66667,-6.0833282,2024-07-29 00:00:00,0.07670939,0.016259478,4360023.469108121,-464668.9756583009,0.0
2718,34.43415,46.66667,-6.0833282,2024-07-29 00:00:00,0.07119627,-0.011399492,4360023.469108121,-464668.9756583009,0.0
2898,40.34405,46.66667,-6.0833282,2024-07-29 00:00:00,0.053005386,-0.0300764,4360023.469108121,-464668.9756583009,0.0
3078,47.37369,46.66667,-6.0833282,2024-07-29 00:00:00,0.02946016,-0.009309156,4360023.469108121,-464668.9756583009,0.0
3258,55.76429,46.66667,-6.0833282,2024-07-29 00:00:00,0.03435047,0.035185937,4360023.469108121,-464668.9756583009,0.0
3438,65.80727,46.66667,-6.0833282,2024-07-29 00:00:00,0.070323184,0.056160614,4360023.469108121,-464668.9756583009,0.0
3618,77.85385,46.66667,-6.0833282,2024-07-29 00:00:00,0.10336733,0.04780042,4360023.469108121,-464668.9756583009,0.0
3798,92.32607,46.66667,-6.0833282,2024-07-29 00:00:00,0.11446847,0.03247888,4360023.469108121,-464668.9756583009,0.0
3978,109.7293,46.66667,-6.0833282,2024-07-29 00:00:00,0.11538626,0.020936359,4360023.469108121,-464668.9756583009,0.0
4158,130.666,46.66667,-6.0833282,2024-07-29 00:00:00,0.11246675,0.015065988,4360023.469108121,-464668.9756583009,0.0
4338,155.8507,46.66667,-6.0833282,2024-07-29 00:00:00,0.11078461,0.012347689,4360023.469108121,-464668.9756583009,0.0
4518,186.1256,46.66667,-6.0833282,2024-07-29 00:00:00,0.10595717,0.009070614,4360023.469108121,-464668.9756583009,0.0
4698,222.4752,46.66667,-6.0833282,2024-07-29 00:00:00,0.10217482,0.0065604486,4360023.469108121,-464668.9756583009,0.0
4878,266.0403,46.66667,-6.0833282,2024-07-29 00:00:00,0.10213525,0.0036592232,4360023.469108121,-464668.9756583009,0.0
5058,318.1274,46.66667,-6.0833282,2024-07-29 00:00:00,0.10395602,0.0025087516,4360023.469108121,-464668.9756583009,0.0
5238,380.213,46.66667,-6.0833282,2024-07-29 00:00:00,0.10835331,0.0070349225,4360023.469108121,-464668.9756583009,0.0
5418,453.9377,46.66667,-6.0833282,2024-07-29 00:00:00,0.11433315,0.0054878434,4360023.469108121,-464668.9756583009,0.0
5598,541.0889,46.66667,-6.0833282,2024-07-29 00:00:00,0.116471246,-0.0037966745,4360023.469108121,-464668.9756583009,0.0
5778,643.5668,46.66667,-6.0833282,2024-07-29 00:00:00,0.09155195,0.010051036,4360023.469108121,-464668.9756583009,0.0
5958,763.3331,46.66667,-6.0833282,2024-07-29 00:00:00,0.08692201,0.011924764,4360023.469108121,-464668.9756583009,0.0
6138,902.3393,46.66667,-6.0833282,2024-07-29 00:00:00,0.1264624,-0.004669217,4360023.469108121,-464668.9756583009,0.0
27,0.494025,46.66667,-6.0,2024-07-29 00:00:00,-0.01982314,0.0032663257,4360694.650219674,-458327.4764384654,0.0
207,1.541375,46.66667,-6.0,2024-07-29 00:00:00,-0.016824886,0.0073742615,4360694.650219674,-458327.4764384654,0.0
387,2.645669,46.66667,-6.0,2024-07-29 00:00:00,-0.01384014,0.011159542,4360694.650219674,-458327.4764384654,0.0
567,3.819495,46.66667,-6.0,2024-07-29 00:00:00,-0.010990801,0.014517625,4360694.650219674,-458327.4764384654,0.0
747,5.078224,46.66667,-6.0,2024-07-29 00:00:00,-0.008324588,0.017447874,4360694.650219674,-458327.4764384654,0.0
927,6.440614,46.66667,-6.0,2024-07-29 00:00:00,-0.0058849845,0.01995422,4360694.650219674,-458327.4764384654,0.0
1107,7.92956,46.66667,-6.0,2024-07-29 00:00:00,-0.0037301555,0.022023091,4360694.650219674,-458327.4764384654,0.0
1287,9.572997,46.66667,-6.0,2024-07-29 00:00:00,-0.0019187279,0.023633191,4360694.650219674,-458327.4764384654,0.0
1467,11.405,46.66667,-6.0,2024-07-29 00:00:00,-0.0004362266,0.0247737,4360694.650219674,-458327.4764384654,0.0
1647,13.46714,46.66667,-6.0,2024-07-29 00:00:00,0.0028970554,0.0071882703,4360694.650219674,-458327.4764384654,0.0
1827,15.81007,46.66667,-6.0,2024-07-29 00:00:00,0.01757422,0.037887063,4360694.650219674,-458327.4764384654,0.0
2007,18.49556,46.66667,-6.0,2024-07-29 00:00:00,0.044454727,0.03488657,4360694.650219674,-458327.4764384654,0.0
2187,21.59882,46.66667,-6.0,2024-07-29 00:00:00,0.052894518,0.034825016,4360694.650219674,-458327.4764384654,0.0
2367,25.21141,46.66667,-6.0,2024-07-29 00:00:00,0.064612985,0.03319117,4360694.650219674,-458327.4764384654,0.0
2547,29.44473,46.66667,-6.0,2024-07-29 00:00:00,0.07535297,0.021813089,4360694.650219674,-458327.4764384654,0.0
2727,34.43415,46.66667,-6.0,2024-07-29 00:00:00,0.08500183,-0.004534795,4360694.650219674,-458327.4764384654,0.0
2907,40.34405,46.66667,-6.0,2024-07-29 00:00:00,0.078749545,-0.033453554,4360694.650219674,-458327.4764384654,0.0
3087,47.37369,46.66667,-6.0,2024-07-29 00:00:00,0.05315143,-0.02914981,4360694.650219674,-458327.4764384654,0.0
3267,55.76429,46.66667,-6.0,2024-07-29 00:00:00,0.044629473,0.008693019,4360694.650219674,-458327.4764384654,0.0
3447,65.80727,46.66667,-6.0,2024-07-29 00:00:00,0.07032251,0.03815817,4360694.650219674,-458327.4764384654,0.0
3627,77.85385,46.66667,-6.0,2024-07-29 00:00:00,0.10193681,0.0382578,4360694.650219674,-458327.4764384654,0.0
3807,92.32607,46.66667,-6.0,2024-07-29 00:00:00,0.11557302,0.020953309,4360694.650219674,-458327.4764384654,0.0
3987,109.7293,46.66667,-6.0,2024-07-29 00:00:00,0.11580672,0.007415361,4360694.650219674,-458327.4764384654,0.0
4167,130.666,46.66667,-6.0,2024-07-29 00:00:00,0.11419092,0.0006161574,4360694.650219674,-458327.4764384654,0.0
4347,155.8507,46.66667,-6.0,2024-07-29 00:00:00,0.11144742,-0.0026482427,4360694.650219674,-458327.4764384654,0.0
4527,186.1256,46.66667,-6.0,2024-07-29 00:00:00,0.109165326,-0.0068771364,4360694.650219674,-458327.4764384654,0.0
4707,222.4752,46.66667,-6.0,2024-07-29 00:00:00,0.10825361,-0.011876788,4360694.650219674,-458327.4764384654,0.0
4887,266.0403,46.66667,-6.0,2024-07-29 00:00:00,0.10397117,-0.012274411,4360694.650219674,-458327.4764384654,0.0
5067,318.1274,46.66667,-6.0,2024-07-29 00:00:00,0.100957744,-0.015216125,4360694.650219674,-458327.4764384654,0.0
5247,380.213,46.66667,-6.0,2024-07-29 00:00:00,0.10089136,-0.013577679,4360694.650219674,-458327.4764384654,0.0
5427,453.9377,46.66667,-6.0,2024-07-29 00:00:00,0.11089512,-0.015515214,4360694.650219674,-458327.4764384654,0.0
5607,541.0889,46.66667,-6.0,2024-07-29 00:00:00,0.112991184,-0.027978497,4360694.650219674,-458327.4764384654,0.0
5787,643.5668,46.66667,-6.0,2024-07-29 00:00:00,0.083879635,-0.009148378,4360694.650219674,-458327.4764384654,0.0
5967,763.3331,46.66667,-6.0,2024-07-29 00:00:00,0.07371989,-0.011688176,4360694.650219674,-458327.4764384654,0.0
6147,902.3393,46.66667,-6.0,2024-07-29 00:00:00,0.10351926,-0.043286994,4360694.650219674,-458327.4764384654,0.0
36,0.494025,46.75,-6.25,2024-07-29 00:00:00,0.05897609,0.012123863,4351950.96357759,-476616.1460837916,0.0
216,1.541375,46.75,-6.25,2024-07-29 00:00:00,0.061946325,0.016290462,4351950.96357759,-476616.1460837916,0.0
396,2.645669,46.75,-6.25,2024-07-29 00:00:00,0.06495358,0.020108594,4351950.96357759,-476616.1460837916,0.0
576,3.819495,46.75,-6.25,2024-07-29 00:00:00,0.06786958,0.02346817,4351950.96357759,-476616.1460837916,0.0
756,5.078224,46.75,-6.25,2024-07-29 00:00:00,0.070641905,0.026370976,4351950.96357759,-476616.1460837916,0.0
936,6.440614,46.75,-6.25,2024-07-29 00:00:00,0.07323423,0.028837502,4351950.96357759,-476616.1460837916,0.0
1116,7.92956,46.75,-6.25,2024-07-29 00:00:00,0.07561974,0.030897524,4351950.96357759,-476616.1460837916,0.0
1296,9.572997,46.75,-6.25,2024-07-29 00:00:00,0.07782944,0.032635394,4351950.96357759,-476616.1460837916,0.0
1476,11.405,46.75,-6.25,2024-07-29 00:00:00,0.08028627,0.034484964,4351950.96357759,-476616.1460837916,0.0
1656,13.46714,46.75,-6.25,2024-07-29 00:00:00,0.0714873,0.025952507,4351950.96357759,-476616.1460837916,0.0
1836,15.81007,46.75,-6.25,2024-07-29 00:00:00,0.09529864,0.0488246,4351950.96357759,-476616.1460837916,0.0
2016,18.49556,46.75,-6.25,2024-07-29 00:00:00,0.102053635,0.04026378,4351950.96357759,-476616.1460837916,0.0
2196,21.59882,46.75,-6.25,2024-07-29 00:00:00,0.10088178,0.03257154,4351950.96357759,-476616.1460837916,0.0
2376,25.21141,46.75,-6.25,2024-07-29 00:00:00,0.09910875,0.014315376,4351950.96357759,-476616.1460837916,0.0
2556,29.44473,46.75,-6.25,2024-07-29 00:00:00,0.09146959,-0.013161626,4351950.96357759,-476616.1460837916,0.0
2736,34.43415,46.75,-6.25,2024-07-29 00:00:00,0.07437707,-0.0496053,4351950.96357759,-476616.1460837916,0.0
2916,40.34405,46.75,-6.25,2024-07-29 00:00:00,0.046089306,-0.06472403,4351950.96357759,-476616.1460837916,0.0
3096,47.37369,46.75,-6.25,2024-07-29 00:00:00,0.026478838,-0.032223247,4351950.96357759,-476616.1460837916,0.0
3276,55.76429,46.75,-6.25,2024-07-29 00:00:00,0.043879706,0.017062671,4351950.96357759,-476616.1460837916,0.0
3456,65.80727,46.75,-6.25,2024-07-29 00:00:00,0.078075945,0.0380993,4351950.96357759,-476616.1460837916,0.0
3636,77.85385,46.75,-6.25,2024-07-29 00:00:00,0.09862219,0.03145384,4351950.96357759,-476616.1460837916,0.0
3816,92.32607,46.75,-6.25,2024-07-29 00:00:00,0.10819828,0.024101442,4351950.96357759,-476616.1460837916,0.0
3996,109.7293,46.75,-6.25,2024-07-29 00:00:00,0.11033172,0.016313696,4351950.96357759,-476616.1460837916,0.0
4176,130.666,46.75,-6.25,2024-07-29 00:00:00,0.10718695,0.007958776,4351950.96357759,-476616.1460837916,0.0
4356,155.8507,46.75,-6.25,2024-07-29 00:00:00,0.10010037,0.0036052186,4351950.96357759,-476616.1460837916,0.0
4536,186.1256,46.75,-6.25,2024-07-29 00:00:00,0.09720574,0.0023861988,4351950.96357759,-476616.1460837916,0.0
4716,222.4752,46.75,-6.25,2024-07-29 00:00:00,0.09230235,0.0020859032,4351950.96357759,-476616.1460837916,0.0
4896,266.0403,46.75,-6.25,2024-07-29 00:00:00,0.082557715,0.0065731513,4351950.96357759,-476616.1460837916,0.0
5076,318.1274,46.75,-6.25,2024-07-29 00:00:00,0.083444275,0.011353245,4351950.96357759,-476616.1460837916,0.0
5256,380.213,46.75,-6.25,2024-07-29 00:00:00,0.094869226,0.010599224,4351950.96357759,-476616.1460837916,0.0
5436,453.9377,46.75,-6.25,2024-07-29 00:00:00,0.09141538,0.01033069,4351950.96357759,-476616.1460837916,0.0
5616,541.0889,46.75,-6.25,2024-07-29 00:00:00,0.08380831,0.0060283695,4351950.96357759,-476616.1460837916,0.0
5796,643.5668,46.75,-6.25,2024-07-29 00:00:00,0.08815922,0.027368505,4351950.96357759,-476616.1460837916,0.0
5976,763.3331,46.75,-6.25,2024-07-29 00:00:00,0.10220888,0.058021322,4351950.96357759,-476616.1460837916,0.0
6156,902.3393,46.75,-6.25,2024-07-29 00:00:00,0.14184678,0.09430403,4351950.96357759,-476616.1460837916,0.0
45,0.494025,46.75,-6.1666565,2024-07-29 00:00:00,0.036916144,0.01841702,4352639.653859386,-470285.21531356085,0.0
225,1.541375,46.75,-6.1666565,2024-07-29 00:00:00,0.03984737,0.022622215,4352639.653859386,-470285.21531356085,0.0
405,2.645669,46.75,-6.1666565,2024-07-29 00:00:00,0.042807028,0.026491528,4352639.653859386,-470285.21531356085,0.0
585,3.819495,46.75,-6.1666565,2024-07-29 00:00:00,0.04566254,0.029909683,4352639.653859386,-470285.21531356085,0.0
765,5.078224,46.75,-6.1666565,2024-07-29 00:00:00,0.048354305,0.03287164,4352639.653859386,-470285.21531356085,0.0
945,6.440614,46.75,-6.1666565,2024-07-29 00:00:00,0.050833084,0.035384968,4352639.653859386,-470285.21531356085,0.0
1125,7.92956,46.75,-6.1666565,2024-07-29 00:00:00,0.053043835,0.03744963,4352639.653859386,-470285.21531356085,0.0
1305,9.572997,46.75,-6.1666565,2024-07-29 00:00:00,0.05493852,0.03906621,4352639.653859386,-470285.21531356085,0.0
1485,11.405,46.75,-6.1666565,2024-07-29 00:00:00,0.05655212,0.04026588,4352639.653859386,-470285.21531356085,0.0
1665,13.46714,46.75,-6.1666565,2024-07-29 00:00:00,0.056843713,0.03193881,4352639.653859386,-470285.21531356085,0.0
1845,15.81007,46.75,-6.1666565,2024-07-29 00:00:00,0.084399074,0.06035448,4352639.653859386,-470285.21531356085,0.0
2025,18.49556,46.75,-6.1666565,2024-07-29 00:00:00,0.098007716,0.047610827,4352639.653859386,-470285.21531356085,0.0
2205,21.59882,46.75,-6.1666565,2024-07-29 00:00:00,0.10057047,0.03468008,4352639.653859386,-470285.21531356085,0.0
2385,25.21141,46.75,-6.1666565,2024-07-29 00:00:00,0.10290805,0.009703174,4352639.653859386,-470285.21531356085,0.0
2565,29.44473,46.75,-6.1666565,2024-07-29 00:00:00,0.09669305,-0.02350653,4352639.653859386,-470285.21531356085,0.0
2745,34.43415,46.75,-6.1666565,2024-07-29 00:00:00,0.07698961,-0.060698304,4352639.653859386,-470285.21531356085,0.0
2925,40.34405,46.75,-6.1666565,2024-07-29 00:00:00,0.04233083,-0.069283694,4352639.653859386,-470285.21531356085,0.0
3105,47.37369,46.75,-6.1666565,2024-07-29 00:00:00,0.019095248,-0.022109356,4352639.653859386,-470285.21531356085,0.0
3285,55.76429,46.75,-6.1666565,2024-07-29 00:00:00,0.040852375,0.04077576,4352639.653859386,-470285.21531356085,0.0
3465,65.80727,46.75,-6.1666565,2024-07-29 00:00:00,0.0861148,0.062964395,4352639.653859386,-470285.21531356085,0.0
3645,77.85385,46.75,-6.1666565,2024-07-29 00:00:00,0.11642408,0.046722226,4352639.653859386,-470285.21531356085,0.0
3825,92.32607,46.75,-6.1666565,2024-07-29 00:00:00,0.124064915,0.029903134,4352639.653859386,-470285.21531356085,0.0
4005,109.7293,46.75,-6.1666565,2024-07-29 00:00:00,0.124370165,0.020102825,4352639.653859386,-470285.21531356085,0.0
4185,130.666,46.75,-6.1666565,2024-07-29 00:00:00,0.12022986,0.013703856,4352639.653859386,-470285.21531356085,0.0
4365,155.8507,46.75,-6.1666565,2024-07-29 00:00:00,0.11412371,0.008731568,4352639.653859386,-470285.21531356085,0.0
4545,186.1256,46.75,-6.1666565,2024-07-29 00:00:00,0.11171268,0.0062696743,4352639.653859386,-470285.21531356085,0.0
4725,222.4752,46.75,-6.1666565,2024-07-29 00:00:00,0.1030537,0.010470178,4352639.653859386,-470285.21531356085,0.0
4905,266.0403,46.75,-6.1666565,2024-07-29 00:00:00,0.094635084,0.015277583,4352639.653859386,-470285.21531356085,0.0
5085,318.1274,46.75,-6.1666565,2024-07-29 00:00:00,0.09326145,0.01646768,4352639.653859386,-470285.21531356085,0.0
5265,380.213,46.75,-6.1666565,2024-07-29 00:00:00,0.09762314,0.018771516,4352639.653859386,-470285.21531356085,0.0
5445,453.9377,46.75,-6.1666565,2024-07-29 00:00:00,0.08559336,0.021245083,4352639.653859386,-470285.21531356085,0.0
5625,541.0889,46.75,-6.1666565,2024-07-29 00:00:00,0.075130045,0.0080676,4352639.653859386,-470285.21531356085,0.0
5805,643.5668,46.75,-6.1666565,2024-07-29 00:00:00,0.06603233,0.030899912,4352639.653859386,-470285.21531356085,0.0
5985,763.3331,46.75,-6.1666565,2024-07-29 00:00:00,0.090268694,0.043942448,4352639.653859386,-470285.21531356085,0.0
6165,902.3393,46.75,-6.1666565,2024-07-29 00:00:00,0.13471624,0.066002384,4352639.653859386,-470285.21531356085,0.0
54,0.494025,46.75,-6.0833282,2024-07-29 00:00:00,0.018266445,0.013853929,4353319.010767862,-463954.44881885045,0.0
234,1.541375,46.75,-6.0833282,2024-07-29 00:00:00,0.021174643,0.018070715,4353319.010767862,-463954.44881885045,0.0
414,2.645669,46.75,-6.0833282,2024-07-29 00:00:00,0.024096629,0.021955894,4353319.010767862,-463954.44881885045,0.0
594,3.819495,46.75,-6.0833282,2024-07-29 00:00:00,0.026901187,0.025393857,4353319.010767862,-463954.44881885045,0.0
774,5.078224,46.75,-6.0833282,2024-07-29 00:00:00,0.02953138,0.028381927,4353319.010767862,-463954.44881885045,0.0
954,6.440614,46.75,-6.0833282,2024-07-29 00:00:00,0.03194143,0.030931348,4353319.010767862,-463954.44881885045,0.0
1134,7.92956,46.75,-6.0833282,2024-07-29 00:00:00,0.034079302,0.03304516,4353319.010767862,-463954.44881885045,0.0
1314,9.572997,46.75,-6.0833282,2024-07-29 00:00:00,0.03589796,0.034729194,4353319.010767862,-463954.44881885045,0.0
1494,11.405,46.75,-6.0833282,2024-07-29 00:00:00,0.037419457,0.036052626,4353319.010767862,-463954.44881885045,0.0
1674,13.46714,46.75,-6.0833282,2024-07-29 00:00:00,0.042426795,0.024946706,4353319.010767862,-463954.44881885045,0.0
1854,15.81007,46.75,-6.0833282,2024-07-29 00:00:00,0.068842314,0.059589885,4353319.010767862,-463954.44881885045,0.0
2034,18.49556,46.75,-6.0833282,2024-07-29 00:00:00,0.08648255,0.04938656,4353319.010767862,-463954.44881885045,0.0
2214,21.59882,46.75,-6.0833282,2024-07-29 00:00:00,0.094530895,0.037566673,4353319.010767862,-463954.44881885045,0.0
2394,25.21141,46.75,-6.0833282,2024-07-29 00:00:00,0.10430417,0.0146175325,4353319.010767862,-463954.44881885045,0.0
2574,29.44473,46.75,-6.0833282,2024-07-29 00:00:00,0.10656282,-0.01760506,4353319.010767862,-463954.44881885045,0.0
2754,34.43415,46.75,-6.0833282,2024-07-29 00:00:00,0.09533596,-0.056718785,4353319.010767862,-463954.44881885045,0.0
2934,40.34405,46.75,-6.0833282,2024-07-29 00:00:00,0.06233737,-0.07173095,4353319.010767862,-463954.44881885045,0.0
3114,47.37369,46.75,-6.0833282,2024-07-29 00:00:00,0.028677234,-0.027956119,4353319.010767862,-463954.44881885045,0.0
3294,55.76429,46.75,-6.0833282,2024-07-29 00:00:00,0.03554962,0.03978482,4353319.010767862,-463954.44881885045,0.0
3474,65.80727,46.75,-6.0833282,2024-07-29 00:00:00,0.07817803,0.06948847,4353319.010767862,-463954.44881885045,0.0
3654,77.85385,46.75,-6.0833282,2024-07-29 00:00:00,0.11832775,0.054573983,4353319.010767862,-463954.44881885045,0.0
3834,92.32607,46.75,-6.0833282,2024-07-29 00:00:00,0.12907563,0.03042186,4353319.010767862,-463954.44881885045,0.0
4014,109.7293,46.75,-6.0833282,2024-07-29 00:00:00,0.12720327,0.017717352,4353319.010767862,-463954.44881885045,0.0
4194,130.666,46.75,-6.0833282,2024-07-29 00:00:00,0.12460925,0.012903429,4353319.010767862,-463954.44881885045,0.0
4374,155.8507,46.75,-6.0833282,2024-07-29 00:00:00,0.1230609,0.0083010625,4353319.010767862,-463954.44881885045,0.0
4554,186.1256,46.75,-6.0833282,2024-07-29 00:00:00,0.1228193,0.002957968,4353319.010767862,-463954.44881885045,0.0
4734,222.4752,46.75,-6.0833282,2024-07-29 00:00:00,0.114403136,0.0042762305,4353319.010767862,-463954.44881885045,0.0
4914,266.0403,46.75,-6.0833282,2024-07-29 00:00:00,0.10528665,0.0055886847,4353319.010767862,-463954.44881885045,0.0
5094,318.1274,46.75,-6.0833282,2024-07-29 00:00:00,0.09790008,0.011715978,4353319.010767862,-463954.44881885045,0.0
5274,380.213,46.75,-6.0833282,2024-07-29 00:00:00,0.09465704,0.014352543,4353319.010767862,-463954.44881885045,0.0
5454,453.9377,46.75,-6.0833282,2024-07-29 00:00:00,0.075190246,0.01454272,4353319.010767862,-463954.44881885045,0.0
5634,541.0889,46.75,-6.0833282,2024-07-29 00:00:00,0.05556133,0.0070539257,4353319.010767862,-463954.44881885045,0.0
5814,643.5668,46.75,-6.0833282,2024-07-29 00:00:00,0.05012719,0.02671666,4353319.010767862,-463954.44881885045,0.0
5994,763.3331,46.75,-6.0833282,2024-07-29 00:00:00,0.07240714,0.02667575,4353319.010767862,-463954.44881885045,0.0
6174,902.3393,46.75,-6.0833282,2024-07-29 00:00:00,0.10547042,0.033651713,4353319.010767862,-463954.44881885045,0.0
63,0.494025,46.75,-6.0,2024-07-29 00:00:00,0.005342342,-0.0010375483,4353989.159796485,-457622.70099545474,0.0
243,1.541375,46.75,-6.0,2024-07-29 00:00:00,0.0082561355,0.0031712677,4353989.159796485,-457622.70099545474,0.0
423,2.645669,46.75,-6.0,2024-07-29 00:00:00,0.011177688,0.007049521,4353989.159796485,-457622.70099545474,0.0
603,3.819495,46.75,-6.0,2024-07-29 00:00:00,0.013977138,0.0104832295,4353989.159796485,-457622.70099545474,0.0
783,5.078224,46.75,-6.0,2024-07-29 00:00:00,0.016599016,0.013469836,4353989.159796485,-457622.70099545474,0.0
963,6.440614,46.75,-6.0,2024-07-29 00:00:00,0.018997375,0.016017666,4353989.159796485,-457622.70099545474,0.0
1143,7.92956,46.75,-6.0,2024-07-29 00:00:00,0.021118205,0.018123643,4353989.159796485,-457622.70099545474,0.0
1323,9.572997,46.75,-6.0,2024-07-29 00:00:00,0.02290956,0.019782117,4353989.159796485,-457622.70099545474,0.0
1503,11.405,46.75,-6.0,2024-07-29 00:00:00,0.024371004,0.02099944,4353989.159796485,-457622.70099545474,0.0
1683,13.46714,46.75,-6.0,2024-07-29 00:00:00,0.030764353,0.0077789356,4353989.159796485,-457622.70099545474,0.0
1863,15.81007,46.75,-6.0,2024-07-29 00:00:00,0.051095773,0.044667244,4353989.159796485,-457622.70099545474,0.0
2043,18.49556,46.75,-6.0,2024-07-29 00:00:00,0.07067189,0.04075639,4353989.159796485,-457622.70099545474,0.0
2223,21.59882,46.75,-6.0,2024-07-29 00:00:00,0.08272326,0.036746856,4353989.159796485,-457622.70099545474,0.0
2403,25.21141,46.75,-6.0,2024-07-29 00:00:00,0.09866714,0.025270477,4353989.159796485,-457622.70099545474,0.0
2583,29.44473,46.75,-6.0,2024-07-29 00:00:00,0.11075147,0.0027036518,4353989.159796485,-457622.70099545474,0.0
2763,34.43415,46.75,-6.0,2024-07-29 00:00:00,0.112974875,-0.034705725,4353989.159796485,-457622.70099545474,0.0
2943,40.34405,46.75,-6.0,2024-07-29 00:00:00,0.09059182,-0.06417832,4353989.159796485,-457622.70099545474,0.0
3123,47.37369,46.75,-6.0,2024-07-29 00:00:00,0.0506407,-0.04570441,4353989.159796485,-457622.70099545474,0.0
3303,55.76429,46.75,-6.0,2024-07-29 00:00:00,0.036252588,0.008067032,4353989.159796485,-457622.70099545474,0.0
3483,65.80727,46.75,-6.0,2024-07-29 00:00:00,0.061269138,0.046102338,4353989.159796485,-457622.70099545474,0.0
3663,77.85385,46.75,-6.0,2024-07-29 00:00:00,0.09635317,0.047337115,4353989.159796485,-457622.70099545474,0.0
3843,92.32607,46.75,-6.0,2024-07-29 00:00:00,0.11576642,0.024260387,4353989.159796485,-457622.70099545474,0.0
4023,109.7293,46.75,-6.0,2024-07-29 00:00:00,0.11807891,0.0071067787,4353989.159796485,-457622.70099545474,0.0
4203,130.666,46.75,-6.0,2024-07-29 00:00:00,0.11845495,-0.00073342584,4353989.159796485,-457622.70099545474,0.0
4383,155.8507,46.75,-6.0,2024-07-29 00:00:00,0.12134893,-0.0036428105,4353989.159796485,-457622.70099545474,0.0
4563,186.1256,46.75,-6.0,2024-07-29 00:00:00,0.12704723,-0.009303885,4353989.159796485,-457622.70099545474,0.0
4743,222.4752,46.75,-6.0,2024-07-29 00:00:00,0.12217447,-0.010860576,4353989.159796485,-457622.70099545474,0.0
4923,266.0403,46.75,-6.0,2024-07-29 00:00:00,0.11478837,-0.010312591,4353989.159796485,-457622.70099545474,0.0
5103,318.1274,46.75,-6.0,2024-07-29 00:00:00,0.110109694,-0.0070379847,4353989.159796485,-457622.70099545474,0.0
5283,380.213,46.75,-6.0,2024-07-29 00:00:00,0.09639479,-0.001957186,4353989.159796485,-457622.70099545474,0.0
5463,453.9377,46.75,-6.0,2024-07-29 00:00:00,0.06522093,0.0028317375,4353989.159796485,-457622.70099545474,0.0
5643,541.0889,46.75,-6.0,2024-07-29 00:00:00,0.043637805,-0.00047183037,4353989.159796485,-457622.70099545474,0.0
5823,643.5668,46.75,-6.0,2024-07-29 00:00:00,0.032780215,0.010646561,4353989.159796485,-457622.70099545474,0.0
6003,763.3331,46.75,-6.0,2024-07-29 00:00:00,0.053287033,0.008444006,4353989.159796485,-457622.70099545474,0.0
6183,902.3393,46.75,-6.0,2024-07-29 00:00:00,0.06569462,0.009200183,4353989.159796485,-457622.70099545474,0.0
72,0.494025,46.833336,-6.25,2024-07-29 00:00:00,0.1140667,0.006043723,4345238.723142079,-475881.0361998027,0.0
252,1.541375,46.833336,-6.25,2024-07-29 00:00:00,0.11704374,0.010162568,4345238.723142079,-475881.0361998027,0.0
432,2.645669,46.833336,-6.25,2024-07-29 00:00:00,0.12002537,0.013866713,4345238.723142079,-475881.0361998027,0.0
612,3.819495,46.833336,-6.25,2024-07-29 00:00:00,0.122883365,0.017044855,4345238.723142079,-475881.0361998027,0.0
792,5.078224,46.833336,-6.25,2024-07-29 00:00:00,0.12557113,0.019694857,4345238.723142079,-475881.0361998027,0.0
972,6.440614,46.833336,-6.25,2024-07-29 00:00:00,0.12806988,0.021827208,4345238.723142079,-475881.0361998027,0.0
1152,7.92956,46.833336,-6.25,2024-07-29 00:00:00,0.13043198,0.023460768,4345238.723142079,-475881.0361998027,0.0
1332,9.572997,46.833336,-6.25,2024-07-29 00:00:00,0.13321473,0.024665534,4345238.723142079,-475881.0361998027,0.0
1512,11.405,46.833336,-6.25,2024-07-29 00:00:00,0.1573713,0.021743044,4345238.723142079,-475881.0361998027,0.0
1692,13.46714,46.833336,-6.25,2024-07-29 00:00:00,0.1344483,0.022372186,4345238.723142079,-475881.0361998027,0.0
1872,15.81007,46.833336,-6.25,2024-07-29 00:00:00,0.14954959,0.04062541,4345238.723142079,-475881.0361998027,0.0
2052,18.49556,46.833336,-6.25,2024-07-29 00:00:00,0.150181,0.038946513,4345238.723142079,-475881.0361998027,0.0
2232,21.59882,46.833336,-6.25,2024-07-29 00:00:00,0.1472622,0.028865457,4345238.723142079,-475881.0361998027,0.0
2412,25.21141,46.833336,-6.25,2024-07-29 00:00:00,0.14287353,0.006540968,4345238.723142079,-475881.0361998027,0.0
2592,29.44473,46.833336,-6.25,2024-07-29 00:00:00,0.13277714,-0.026083,4345238.723142079,-475881.0361998027,0.0
2772,34.43415,46.833336,-6.25,2024-07-29 00:00:00,0.105284184,-0.06515899,4345238.723142079,-475881.0361998027,0.0
2952,40.34405,46.833336,-6.25,2024-07-29 00:00:00,0.06314142,-0.080757834,4345238.723142079,-475881.0361998027,0.0
3132,47.37369,46.833336,-6.25,2024-07-29 00:00:00,0.027028514,-0.045759566,4345238.723142079,-475881.0361998027,0.0
3312,55.76429,46.833336,-6.25,2024-07-29 00:00:00,0.028546209,0.0069229114,4345238.723142079,-475881.0361998027,0.0
3492,65.80727,46.833336,-6.25,2024-07-29 00:00:00,0.05895206,0.02990496,4345238.723142079,-475881.0361998027,0.0
3672,77.85385,46.833336,-6.25,2024-07-29 00:00:00,0.08089702,0.02298911,4345238.723142079,-475881.0361998027,0.0
3852,92.32607,46.833336,-6.25,2024-07-29 00:00:00,0.08580855,0.015450223,4345238.723142079,-475881.0361998027,0.0
4032,109.7293,46.833336,-6.25,2024-07-29 00:00:00,0.0843424,0.010422748,4345238.723142079,-475881.0361998027,0.0
4212,130.666,46.833336,-6.25,2024-07-29 00:00:00,0.083649404,0.0063603264,4345238.723142079,-475881.0361998027,0.0
4392,155.8507,46.833336,-6.25,2024-07-29 00:00:00,0.08300692,0.0018806593,4345238.723142079,-475881.0361998027,0.0
4572,186.1256,46.833336,-6.25,2024-07-29 00:00:00,0.084784515,0.0023739086,4345238.723142079,-475881.0361998027,0.0
4752,222.4752,46.833336,-6.25,2024-07-29 00:00:00,0.08034858,0.0029905187,4345238.723142079,-475881.0361998027,0.0
4932,266.0403,46.833336,-6.25,2024-07-29 00:00:00,0.07165814,0.0055775037,4345238.723142079,-475881.0361998027,0.0
5112,318.1274,46.833336,-6.25,2024-07-29 00:00:00,0.0674653,0.01158419,4345238.723142079,-475881.0361998027,0.0
5292,380.213,46.833336,-6.25,2024-07-29 00:00:00,0.06535394,0.010094452,4345238.723142079,-475881.0361998027,0.0
5472,453.9377,46.833336,-6.25,2024-07-29 00:00:00,0.066191584,0.021486588,4345238.723142079,-475881.0361998027,0.0
5652,541.0889,46.833336,-6.25,2024-07-29 00:00:00,0.0754523,0.034860857,4345238.723142079,-475881.0361998027,0.0
5832,643.5668,46.833336,-6.25,2024-07-29 00:00:00,0.06096328,0.04930619,4345238.723142079,-475881.0361998027,0.0
6012,763.3331,46.833336,-6.25,2024-07-29 00:00:00,0.059806064,0.0657477,4345238.723142079,-475881.0361998027,0.0
6192,902.3393,46.833336,-6.25,2024-07-29 00:00:00,0.10089944,0.0868347,4345238.723142079,-475881.0361998027,0.0
81,0.494025,46.833336,-6.1666565,2024-07-29 00:00:00,0.08165247,0.013459943,4345926.351221016,-469559.8699535443,0.0
261,1.541375,46.833336,-6.1666565,2024-07-29 00:00:00,0.08454251,0.017643407,4345926.351221016,-469559.8699535443,0.0
441,2.645669,46.833336,-6.1666565,2024-07-29 00:00:00,0.087437935,0.021426171,4345926.351221016,-469559.8699535443,0.0
621,3.819495,46.833336,-6.1666565,2024-07-29 00:00:00,0.09021082,0.024691794,4345926.351221016,-469559.8699535443,0.0
801,5.078224,46.833336,-6.1666565,2024-07-29 00:00:00,0.092812866,0.02743457,4345926.351221016,-469559.8699535443,0.0
981,6.440614,46.833336,-6.1666565,2024-07-29 00:00:00,0.09522374,0.029661268,4345926.351221016,-469559.8699535443,0.0
1161,7.92956,46.833336,-6.1666565,2024-07-29 00:00:00,0.0974909,0.03138266,4345926.351221016,-469559.8699535443,0.0
1341,9.572997,46.833336,-6.1666565,2024-07-29 00:00:00,0.100144506,0.032639906,4345926.351221016,-469559.8699535443,0.0
1521,11.405,46.833336,-6.1666565,2024-07-29 00:00:00,0.12465874,0.027848203,4345926.351221016,-469559.8699535443,0.0
1701,13.46714,46.833336,-6.1666565,2024-07-29 00:00:00,0.10515768,0.032817416,4345926.351221016,-469559.8699535443,0.0
1881,15.81007,46.833336,-6.1666565,2024-07-29 00:00:00,0.12427174,0.058421582,4345926.351221016,-469559.8699535443,0.0
2061,18.49556,46.833336,-6.1666565,2024-07-29 00:00:00,0.12814182,0.05226992,4345926.351221016,-469559.8699535443,0.0
2241,21.59882,46.833336,-6.1666565,2024-07-29 00:00:00,0.13031344,0.03740263,4345926.351221016,-469559.8699535443,0.0
2421,25.21141,46.833336,-6.1666565,2024-07-29 00:00:00,0.13217732,0.008471379,4345926.351221016,-469559.8699535443,0.0
2601,29.44473,46.833336,-6.1666565,2024-07-29 00:00:00,0.12549423,-0.03116145,4345926.351221016,-469559.8699535443,0.0
2781,34.43415,46.833336,-6.1666565,2024-07-29 00:00:00,0.09840528,-0.07366205,4345926.351221016,-469559.8699535443,0.0
2961,40.34405,46.833336,-6.1666565,2024-07-29 00:00:00,0.052142832,-0.082770765,4345926.351221016,-469559.8699535443,0.0
3141,47.37369,46.833336,-6.1666565,2024-07-29 00:00:00,0.014154414,-0.031504974,4345926.351221016,-469559.8699535443,0.0
3321,55.76429,46.833336,-6.1666565,2024-07-29 00:00:00,0.023871968,0.03670335,4345926.351221016,-469559.8699535443,0.0
3501,65.80727,46.833336,-6.1666565,2024-07-29 00:00:00,0.07019416,0.06467365,4345926.351221016,-469559.8699535443,0.0
3681,77.85385,46.833336,-6.1666565,2024-07-29 00:00:00,0.10643071,0.05165395,4345926.351221016,-469559.8699535443,0.0
3861,92.32607,46.833336,-6.1666565,2024-07-29 00:00:00,0.113432005,0.033803374,4345926.351221016,-469559.8699535443,0.0
4041,109.7293,46.833336,-6.1666565,2024-07-29 00:00:00,0.10791789,0.023662739,4345926.351221016,-469559.8699535443,0.0
4221,130.666,46.833336,-6.1666565,2024-07-29 00:00:00,0.10396,0.018971412,4345926.351221016,-469559.8699535443,0.0
4401,155.8507,46.833336,-6.1666565,2024-07-29 00:00:00,0.098237604,0.014083827,4345926.351221016,-469559.8699535443,0.0
4581,186.1256,46.833336,-6.1666565,2024-07-29 00:00:00,0.09523531,0.011555253,4345926.351221016,-469559.8699535443,0.0
4761,222.4752,46.833336,-6.1666565,2024-07-29 00:00:00,0.08635801,0.011434635,4345926.351221016,-469559.8699535443,0.0
4941,266.0403,46.833336,-6.1666565,2024-07-29 00:00:00,0.07306507,0.017696107,4345926.351221016,-469559.8699535443,0.0
5121,318.1274,46.833336,-6.1666565,2024-07-29 00:00:00,0.06896923,0.019940402,4345926.351221016,-469559.8699535443,0.0
5301,380.213,46.833336,-6.1666565,2024-07-29 00:00:00,0.064486444,0.0236318,4345926.351221016,-469559.8699535443,0.0
5481,453.9377,46.833336,-6.1666565,2024-07-29 00:00:00,0.05836372,0.02718465,4345926.351221016,-469559.8699535443,0.0
5661,541.0889,46.833336,-6.1666565,2024-07-29 00:00:00,0.058756247,0.03349747,4345926.351221016,-469559.8699535443,0.0
5841,643.5668,46.833336,-6.1666565,2024-07-29 00:00:00,0.050132863,0.050666798,4345926.351221016,-469559.8699535443,0.0
6021,763.3331,46.833336,-6.1666565,2024-07-29 00:00:00,0.0624347,0.06258535,4345926.351221016,-469559.8699535443,0.0
6201,902.3393,46.833336,-6.1666565,2024-07-29 00:00:00,0.09031222,0.080085464,4345926.351221016,-469559.8699535443,0.0
90,0.494025,46.833336,-6.0833282,2024-07-29 00:00:00,0.053019147,0.0096149715,4346604.66032198,-463238.86772943556,0.0
270,1.541375,46.833336,-6.0833282,2024-07-29 00:00:00,0.055851355,0.013862391,4346604.66032198,-463238.86772943556,0.0
450,2.645669,46.833336,-6.0833282,2024-07-29 00:00:00,0.058692195,0.017726254,4346604.66032198,-463238.86772943556,0.0
630,3.819495,46.833336,-6.0833282,2024-07-29 00:00:00,0.06141543,0.021084227,4346604.66032198,-463238.86772943556,0.0
810,5.078224,46.833336,-6.0833282,2024-07-29 00:00:00,0.063975364,0.0239298,4346604.66032198,-463238.86772943556,0.0
990,6.440614,46.833336,-6.0833282,2024-07-29 00:00:00,0.066357695,0.026274038,4346604.66032198,-463238.86772943556,0.0
1170,7.92956,46.833336,-6.0833282,2024-07-29 00:00:00,0.068615414,0.028136473,4346604.66032198,-463238.86772943556,0.0
1350,9.572997,46.833336,-6.0833282,2024-07-29 00:00:00,0.07124083,0.029594775,4346604.66032198,-463238.86772943556,0.0
1530,11.405,46.833336,-6.0833282,2024-07-29 00:00:00,0.09254606,0.025598962,4346604.66032198,-463238.86772943556,0.0
1710,13.46714,46.833336,-6.0833282,2024-07-29 00:00:00,0.07691673,0.0331202,4346604.66032198,-463238.86772943556,0.0
1890,15.81007,46.833336,-6.0833282,2024-07-29 00:00:00,0.0981731,0.06471998,4346604.66032198,-463238.86772943556,0.0
2070,18.49556,46.833336,-6.0833282,2024-07-29 00:00:00,0.10700106,0.056403577,4346604.66032198,-463238.86772943556,0.0
2250,21.59882,46.833336,-6.0833282,2024-07-29 00:00:00,0.11579441,0.0430739,4346604.66032198,-463238.86772943556,0.0
2430,25.21141,46.833336,-6.0833282,2024-07-29 00:00:00,0.12772028,0.015998676,4346604.66032198,-463238.86772943556,0.0
2610,29.44473,46.833336,-6.0833282,2024-07-29 00:00:00,0.13158521,-0.023345724,4346604.66032198,-463238.86772943556,0.0
2790,34.43415,46.833336,-6.0833282,2024-07-29 00:00:00,0.114153795,-0.06742867,4346604.66032198,-463238.86772943556,0.0
2970,40.34405,46.833336,-6.0833282,2024-07-29 00:00:00,0.070748396,-0.08000389,4346604.66032198,-463238.86772943556,0.0
3150,47.37369,46.833336,-6.0833282,2024-07-29 00:00:00,0.025469229,-0.03135516,4346604.66032198,-463238.86772943556,0.0
3330,55.76429,46.833336,-6.0833282,2024-07-29 00:00:00,0.0226576,0.040455177,4346604.66032198,-463238.86772943556,0.0
3510,65.80727,46.833336,-6.0833282,2024-07-29 00:00:00,0.06531164,0.07601018,4346604.66032198,-463238.86772943556,0.0
3690,77.85385,46.833336,-6.0833282,2024-07-29 00:00:00,0.10775196,0.0669411,4346604.66032198,-463238.86772943556,0.0
3870,92.32607,46.833336,-6.0833282,2024-07-29 00:00:00,0.12119529,0.04266096,4346604.66032198,-463238.86772943556,0.0
4050,109.7293,46.833336,-6.0833282,2024-07-29 00:00:00,0.11691292,0.027882215,4346604.66032198,-463238.86772943556,0.0
4230,130.666,46.833336,-6.0833282,2024-07-29 00:00:00,0.112370506,0.022446712,4346604.66032198,-463238.86772943556,0.0
4410,155.8507,46.833336,-6.0833282,2024-07-29 00:00:00,0.10758555,0.01732152,4346604.66032198,-463238.86772943556,0.0
4590,186.1256,46.833336,-6.0833282,2024-07-29 00:00:00,0.10062074,0.014235569,4346604.66032198,-463238.86772943556,0.0
4770,222.4752,46.833336,-6.0833282,2024-07-29 00:00:00,0.09343487,0.0089496095,4346604.66032198,-463238.86772943556,0.0
4950,266.0403,46.833336,-6.0833282,2024-07-29 00:00:00,0.086396456,0.012523684,4346604.66032198,-463238.86772943556,0.0
5130,318.1274,46.833336,-6.0833282,2024-07-29 00:00:00,0.07418574,0.017629698,4346604.66032198,-463238.86772943556,0.0
5310,380.213,46.833336,-6.0833282,2024-07-29 00:00:00,0.06911858,0.017995829,4346604.66032198,-463238.86772943556,0.0
5490,453.9377,46.833336,-6.0833282,2024-07-29 00:00:00,0.054907586,0.019245194,4346604.66032198,-463238.86772943556,0.0
5670,541.0889,46.833336,-6.0833282,2024-07-29 00:00:00,0.045780584,0.02400458,4346604.66032198,-463238.86772943556,0.0
5850,643.5668,46.833336,-6.0833282,2024-07-29 00:00:00,0.052878186,0.03680053,4346604.66032198,-463238.86772943556,0.0
6030,763.3331,46.833336,-6.0833282,2024-07-29 00:00:00,0.05155278,0.056006983,4346604.66032198,-463238.86772943556,0.0
6210,902.3393,46.833336,-6.0833282,2024-07-29 00:00:00,0.058426913,0.07350043,4346604.66032198,-463238.86772943556,0.0
99,0.494025,46.833336,-6.0,2024-07-29 00:00:00,0.03531764,-0.010330204,4347273.775744883,-456916.88569019584,0.0
279,1.541375,46.833336,-6.0,2024-07-29 00:00:00,0.038148273,-0.006044442,4347273.775744883,-456916.88569019584,0.0
459,2.645669,46.833336,-6.0,2024-07-29 00:00:00,0.04100645,-0.0021288807,4347273.775744883,-456916.88569019584,0.0
639,3.819495,46.833336,-6.0,2024-07-29 00:00:00,0.043765087,0.0012931013,4347273.775744883,-456916.88569019584,0.0
819,5.078224,46.833336,-6.0,2024-07-29 00:00:00,0.046375792,0.0042164247,4347273.775744883,-456916.88569019584,0.0
999,6.440614,46.833336,-6.0,2024-07-29 00:00:00,0.04881511,0.0066551864,4347273.775744883,-456916.88569019584,0.0
1179,7.92956,46.833336,-6.0,2024-07-29 00:00:00,0.05109878,0.008635998,4347273.775744883,-456916.88569019584,0.0
1359,9.572997,46.833336,-6.0,2024-07-29 00:00:00,0.053466387,0.010283468,4347273.775744883,-456916.88569019584,0.0
1539,11.405,46.833336,-6.0,2024-07-29 00:00:00,0.06101654,0.011135811,4347273.775744883,-456916.88569019584,0.0
1719,13.46714,46.833336,-6.0,2024-07-29 00:00:00,0.058657248,0.012316294,4347273.775744883,-456916.88569019584,0.0
1899,15.81007,46.833336,-6.0,2024-07-29 00:00:00,0.07747193,0.047130886,4347273.775744883,-456916.88569019584,0.0
2079,18.49556,46.833336,-6.0,2024-07-29 00:00:00,0.09086798,0.043370564,4347273.775744883,-456916.88569019584,0.0
2259,21.59882,46.833336,-6.0,2024-07-29 00:00:00,0.10440253,0.03980072,4347273.775744883,-456916.88569019584,0.0
2439,25.21141,46.833336,-6.0,2024-07-29 00:00:00,0.123076096,0.026668813,4347273.775744883,-456916.88569019584,0.0
2619,29.44473,46.833336,-6.0,2024-07-29 00:00:00,0.13776802,-0.0011029737,4347273.775744883,-456916.88569019584,0.0
2799,34.43415,46.833336,-6.0,2024-07-29 00:00:00,0.1356909,-0.04304988,4347273.775744883,-456916.88569019584,0.0
2979,40.34405,46.833336,-6.0,2024-07-29 00:00:00,0.1034751,-0.07079027,4347273.775744883,-456916.88569019584,0.0
3159,47.37369,46.833336,-6.0,2024-07-29 00:00:00,0.05331992,-0.047888167,4347273.775744883,-456916.88569019584,0.0
3339,55.76429,46.833336,-6.0,2024-07-29 00:00:00,0.030493308,0.009866779,4347273.775744883,-456916.88569019584,0.0
3519,65.80727,46.833336,-6.0,2024-07-29 00:00:00,0.05514489,0.05476812,4347273.775744883,-456916.88569019584,0.0
3699,77.85385,46.833336,-6.0,2024-07-29 00:00:00,0.09199363,0.06017029,4347273.775744883,-456916.88569019584,0.0
3879,92.32607,46.833336,-6.0,2024-07-29 00:00:00,0.11434828,0.037414797,4347273.775744883,-456916.88569019584,0.0
4059,109.7293,46.833336,-6.0,2024-07-29 00:00:00,0.11671201,0.020318931,4347273.775744883,-456916.88569019584,0.0
4239,130.666,46.833336,-6.0,2024-07-29 00:00:00,0.11250178,0.015753444,4347273.775744883,-456916.88569019584,0.0
4419,155.8507,46.833336,-6.0,2024-07-29 00:00:00,0.106539406,0.013584302,4347273.775744883,-456916.88569019584,0.0
4599,186.1256,46.833336,-6.0,2024-07-29 00:00:00,0.10090371,0.01018921,4347273.775744883,-456916.88569019584,0.0
4779,222.4752,46.833336,-6.0,2024-07-29 00:00:00,0.097041786,4.5632478e-05,4347273.775744883,-456916.88569019584,0.0
4959,266.0403,46.833336,-6.0,2024-07-29 00:00:00,0.09193872,-0.00042106258,4347273.775744883,-456916.88569019584,0.0
5139,318.1274,46.833336,-6.0,2024-07-29 00:00:00,0.08534621,-0.0014062086,4347273.775744883,-456916.88569019584,0.0
5319,380.213,46.833336,-6.0,2024-07-29 00:00:00,0.07683548,-0.0038092323,4347273.775744883,-456916.88569019584,0.0
5499,453.9377,46.833336,-6.0,2024-07-29 00:00:00,0.06764507,-0.013303828,4347273.775744883,-456916.88569019584,0.0
5679,541.0889,46.833336,-6.0,2024-07-29 00:00:00,0.054411255,-0.018398311,4347273.775744883,-456916.88569019584,0.0
5859,643.5668,46.833336,-6.0,2024-07-29 00:00:00,0.04652808,0.013057351,4347273.775744883,-456916.88569019584,0.0
6039,763.3331,46.833336,-6.0,2024-07-29 00:00:00,0.046086915,0.03188519,4347273.775744883,-456916.88569019584,0.0
6219,902.3393,46.833336,-6.0,2024-07-29 00:00:00,0.022121215,0.06637829,4347273.775744883,-456916.88569019584,0.0
108,0.494025,46.91667,-6.25,2024-07-29 00:00:00,0.15743995,0.005771542,4338517.220887722,-475144.9119816816,0.0
288,1.541375,46.91667,-6.25,2024-07-29 00:00:00,0.16042595,0.0099276425,4338517.220887722,-475144.9119816816,0.0
468,2.645669,46.91667,-6.25,2024-07-29 00:00:00,0.16339591,0.0136834495,4338517.220887722,-475144.9119816816,0.0
648,3.819495,46.91667,-6.25,2024-07-29 00:00:00,0.16621411,0.01692475,4338517.220887722,-475144.9119816816,0.0
828,5.078224,46.91667,-6.25,2024-07-29 00:00:00,0.16882585,0.019648574,4338517.220887722,-475144.9119816816,0.0
1008,6.440614,46.91667,-6.25,2024-07-29 00:00:00,0.17119344,0.02185955,4338517.220887722,-475144.9119816816,0.0
1188,7.92956,46.91667,-6.25,2024-07-29 00:00:00,0.17331466,0.023566786,4338517.220887722,-475144.9119816816,0.0
1368,9.572997,46.91667,-6.25,2024-07-29 00:00:00,0.17548452,0.024863413,4338517.220887722,-475144.9119816816,0.0
1548,11.405,46.91667,-6.25,2024-07-29 00:00:00,0.1949892,0.019672971,4338517.220887722,-475144.9119816816,0.0
1728,13.46714,46.91667,-6.25,2024-07-29 00:00:00,0.17745881,0.027893957,4338517.220887722,-475144.9119816816,0.0
1908,15.81007,46.91667,-6.25,2024-07-29 00:00:00,0.18619606,0.030611292,4338517.220887722,-475144.9119816816,0.0
2088,18.49556,46.91667,-6.25,2024-07-29 00:00:00,0.1850024,0.031079242,4338517.220887722,-475144.9119816816,0.0
2268,21.59882,46.91667,-6.25,2024-07-29 00:00:00,0.1804393,0.02673437,4338517.220887722,-475144.9119816816,0.0
2448,25.21141,46.91667,-6.25,2024-07-29 00:00:00,0.17439881,0.012997817,4338517.220887722,-475144.9119816816,0.0
2628,29.44473,46.91667,-6.25,2024-07-29 00:00:00,0.16434443,-0.009092152,4338517.220887722,-475144.9119816816,0.0
2808,34.43415,46.91667,-6.25,2024-07-29 00:00:00,0.13964675,-0.03021032,4338517.220887722,-475144.9119816816,0.0
2988,40.34405,46.91667,-6.25,2024-07-29 00:00:00,0.10325571,-0.0368568,4338517.220887722,-475144.9119816816,0.0
3168,47.37369,46.91667,-6.25,2024-07-29 00:00:00,0.066777945,-0.014842911,4338517.220887722,-475144.9119816816,0.0
3348,55.76429,46.91667,-6.25,2024-07-29 00:00:00,0.054273456,0.020521546,4338517.220887722,-475144.9119816816,0.0
3528,65.80727,46.91667,-6.25,2024-07-29 00:00:00,0.0672722,0.04083168,4338517.220887722,-475144.9119816816,0.0
3708,77.85385,46.91667,-6.25,2024-07-29 00:00:00,0.0808765,0.04266991,4338517.220887722,-475144.9119816816,0.0
3888,92.32607,46.91667,-6.25,2024-07-29 00:00:00,0.08562879,0.03668111,4338517.220887722,-475144.9119816816,0.0
4068,109.7293,46.91667,-6.25,2024-07-29 00:00:00,0.08447443,0.02702619,4338517.220887722,-475144.9119816816,0.0
4248,130.666,46.91667,-6.25,2024-07-29 00:00:00,0.08278884,0.01858683,4338517.220887722,-475144.9119816816,0.0
4428,155.8507,46.91667,-6.25,2024-07-29 00:00:00,0.078110844,0.018123176,4338517.220887722,-475144.9119816816,0.0
4608,186.1256,46.91667,-6.25,2024-07-29 00:00:00,0.068978265,0.019281056,4338517.220887722,-475144.9119816816,0.0
4788,222.4752,46.91667,-6.25,2024-07-29 00:00:00,0.057047147,0.020143935,4338517.220887722,-475144.9119816816,0.0
4968,266.0403,46.91667,-6.25,2024-07-29 00:00:00,0.0514881,0.02145536,4338517.220887722,-475144.9119816816,0.0
5148,318.1274,46.91667,-6.25,2024-07-29 00:00:00,0.050784692,0.022357332,4338517.220887722,-475144.9119816816,0.0
5328,380.213,46.91667,-6.25,2024-07-29 00:00:00,0.05526432,0.030272441,4338517.220887722,-475144.9119816816,0.0
5508,453.9377,46.91667,-6.25,2024-07-29 00:00:00,0.06140564,0.04081609,4338517.220887722,-475144.9119816816,0.0
5688,541.0889,46.91667,-6.25,2024-07-29 00:00:00,0.06801137,0.050312504,4338517.220887722,-475144.9119816816,0.0
5868,643.5668,46.91667,-6.25,2024-07-29 00:00:00,0.07596066,0.04140717,4338517.220887722,-475144.9119816816,0.0
6048,763.3331,46.91667,-6.25,2024-07-29 00:00:00,0.082830496,0.055857606,4338517.220887722,-475144.9119816816,0.0
6228,902.3393,46.91667,-6.25,2024-07-29 00:00:00,0.05805328,0.06682674,4338517.220887722,-475144.9119816816,0.0
117,0.494025,46.91667,-6.1666565,2024-07-29 00:00:00,0.13723576,0.016023196,4339203.78529813,-468833.52373287774,0.0
297,1.541375,46.91667,-6.1666565,2024-07-29 00:00:00,0.1401296,0.020235341,4339203.78529813,-468833.52373287774,0.0
477,2.645669,46.91667,-6.1666565,2024-07-29 00:00:00,0.14300431,0.024044113,4339203.78529813,-468833.52373287774,0.0
657,3.819495,46.91667,-6.1666565,2024-07-29 00:00:00,0.14572139,0.027327076,4339203.78529813,-468833.52373287774,0.0
837,5.078224,46.91667,-6.1666565,2024-07-29 00:00:00,0.14821991,0.030075692,4339203.78529813,-468833.52373287774,0.0
1017,6.440614,46.91667,-6.1666565,2024-07-29 00:00:00,0.15045345,0.03229032,4339203.78529813,-468833.52373287774,0.0
1197,7.92956,46.91667,-6.1666565,2024-07-29 00:00:00,0.1523985,0.033968676,4339203.78529813,-468833.52373287774,0.0
1377,9.572997,46.91667,-6.1666565,2024-07-29 00:00:00,0.15423232,0.035140663,4339203.78529813,-468833.52373287774,0.0
1557,11.405,46.91667,-6.1666565,2024-07-29 00:00:00,0.17348833,0.021256812,4339203.78529813,-468833.52373287774,0.0
1737,13.46714,46.91667,-6.1666565,2024-07-29 00:00:00,0.15307036,0.038929686,4339203.78529813,-468833.52373287774,0.0
1917,15.81007,46.91667,-6.1666565,2024-07-29 00:00:00,0.16483834,0.048656814,4339203.78529813,-468833.52373287774,0.0
2097,18.49556,46.91667,-6.1666565,2024-07-29 00:00:00,0.16473104,0.04836259,4339203.78529813,-468833.52373287774,0.0
2277,21.59882,46.91667,-6.1666565,2024-07-29 00:00:00,0.16398288,0.03978584,4339203.78529813,-468833.52373287774,0.0
2457,25.21141,46.91667,-6.1666565,2024-07-29 00:00:00,0.1641361,0.018697837,4339203.78529813,-468833.52373287774,0.0
2637,29.44473,46.91667,-6.1666565,2024-07-29 00:00:00,0.1578392,-0.013380699,4339203.78529813,-468833.52373287774,0.0
2817,34.43415,46.91667,-6.1666565,2024-07-29 00:00:00,0.13072588,-0.044451494,4339203.78529813,-468833.52373287774,0.0
2997,40.34405,46.91667,-6.1666565,2024-07-29 00:00:00,0.08365726,-0.053658932,4339203.78529813,-468833.52373287774,0.0
3177,47.37369,46.91667,-6.1666565,2024-07-29 00:00:00,0.035150535,-0.023405176,4339203.78529813,-468833.52373287774,0.0
3357,55.76429,46.91667,-6.1666565,2024-07-29 00:00:00,0.019904261,0.023449084,4339203.78529813,-468833.52373287774,0.0
3537,65.80727,46.91667,-6.1666565,2024-07-29 00:00:00,0.04222768,0.046826098,4339203.78529813,-468833.52373287774,0.0
3717,77.85385,46.91667,-6.1666565,2024-07-29 00:00:00,0.0655856,0.043482214,4339203.78529813,-468833.52373287774,0.0
3897,92.32607,46.91667,-6.1666565,2024-07-29 00:00:00,0.07388998,0.03308769,4339203.78529813,-468833.52373287774,0.0
4077,109.7293,46.91667,-6.1666565,2024-07-29 00:00:00,0.07362491,0.02265848,4339203.78529813,-468833.52373287774,0.0
4257,130.666,46.91667,-6.1666565,2024-07-29 00:00:00,0.07200537,0.018823806,4339203.78529813,-468833.52373287774,0.0
4437,155.8507,46.91667,-6.1666565,2024-07-29 00:00:00,0.06959236,0.017190864,4339203.78529813,-468833.52373287774,0.0
4617,186.1256,46.91667,-6.1666565,2024-07-29 00:00:00,0.0639937,0.016460793,4339203.78529813,-468833.52373287774,0.0
4797,222.4752,46.91667,-6.1666565,2024-07-29 00:00:00,0.055152815,0.01142727,4339203.78529813,-468833.52373287774,0.0
4977,266.0403,46.91667,-6.1666565,2024-07-29 00:00:00,0.053845815,0.0154598,4339203.78529813,-468833.52373287774,0.0
5157,318.1274,46.91667,-6.1666565,2024-07-29 00:00:00,0.055180755,0.015804498,4339203.78529813,-468833.52373287774,0.0
5337,380.213,46.91667,-6.1666565,2024-07-29 00:00:00,0.057259567,0.024980014,4339203.78529813,-468833.52373287774,0.0
5517,453.9377,46.91667,-6.1666565,2024-07-29 00:00:00,0.05813891,0.041044142,4339203.78529813,-468833.52373287774,0.0
5697,541.0889,46.91667,-6.1666565,2024-07-29 00:00:00,0.0683708,0.043328103,4339203.78529813,-468833.52373287774,0.0
5877,643.5668,46.91667,-6.1666565,2024-07-29 00:00:00,0.07247075,0.05741673,4339203.78529813,-468833.52373287774,0.0
6057,763.3331,46.91667,-6.1666565,2024-07-29 00:00:00,0.07040519,0.07963295,4339203.78529813,-468833.52373287774,0.0
6237,902.3393,46.91667,-6.1666565,2024-07-29 00:00:00,0.04624522,0.07763959,4339203.78529813,-468833.52373287774,0.0
126,0.494025,46.91667,-6.0833282,2024-07-29 00:00:00,0.114346564,0.011966566,4339881.045145775,-462522.2992525033,0.0
306,1.541375,46.91667,-6.0833282,2024-07-29 00:00:00,0.1171671,0.016239397,4339881.045145775,-462522.2992525033,0.0
486,2.645669,46.91667,-6.0833282,2024-07-29 00:00:00,0.119967215,0.020111362,4339881.045145775,-462522.2992525033,0.0
666,3.819495,46.91667,-6.0833282,2024-07-29 00:00:00,0.12260826,0.02345198,4339881.045145775,-462522.2992525033,0.0
846,5.078224,46.91667,-6.0833282,2024-07-29 00:00:00,0.12502801,0.026248943,4339881.045145775,-462522.2992525033,0.0
1026,6.440614,46.91667,-6.0833282,2024-07-29 00:00:00,0.12718074,0.028503744,4339881.045145775,-462522.2992525033,0.0
1206,7.92956,46.91667,-6.0833282,2024-07-29 00:00:00,0.12904364,0.03021685,4339881.045145775,-462522.2992525033,0.0
1386,9.572997,46.91667,-6.0833282,2024-07-29 00:00:00,0.13078792,0.031421673,4339881.045145775,-462522.2992525033,0.0
1566,11.405,46.91667,-6.0833282,2024-07-29 00:00:00,0.14918382,0.012894085,4339881.045145775,-462522.2992525033,0.0
1746,13.46714,46.91667,-6.0833282,2024-07-29 00:00:00,0.12730516,0.034864187,4339881.045145775,-462522.2992525033,0.0
1926,15.81007,46.91667,-6.0833282,2024-07-29 00:00:00,0.14120048,0.0532616,4339881.045145775,-462522.2992525033,0.0
2106,18.49556,46.91667,-6.0833282,2024-07-29 00:00:00,0.14258769,0.052877434,4339881.045145775,-462522.2992525033,0.0
2286,21.59882,46.91667,-6.0833282,2024-07-29 00:00:00,0.1464488,0.04571153,4339881.045145775,-462522.2992525033,0.0
2466,25.21141,46.91667,-6.0833282,2024-07-29 00:00:00,0.15428416,0.0265719,4339881.045145775,-462522.2992525033,0.0
2646,29.44473,46.91667,-6.0833282,2024-07-29 00:00:00,0.15631521,-0.0064043896,4339881.045145775,-462522.2992525033,0.0
2826,34.43415,46.91667,-6.0833282,2024-07-29 00:00:00,0.13585378,-0.044837195,4339881.045145775,-462522.2992525033,0.0
3006,40.34405,46.91667,-6.0833282,2024-07-29 00:00:00,0.08745092,-0.06372061,4339881.045145775,-462522.2992525033,0.0
3186,47.37369,46.91667,-6.0833282,2024-07-29 00:00:00,0.032474097,-0.040149696,4339881.045145775,-462522.2992525033,0.0
3366,55.76429,46.91667,-6.0833282,2024-07-29 00:00:00,0.01035497,0.007775882,4339881.045145775,-462522.2992525033,0.0
3546,65.80727,46.91667,-6.0833282,2024-07-29 00:00:00,0.03086378,0.03917813,4339881.045145775,-462522.2992525033,0.0
3726,77.85385,46.91667,-6.0833282,2024-07-29 00:00:00,0.05692813,0.04177366,4339881.045145775,-462522.2992525033,0.0
3906,92.32607,46.91667,-6.0833282,2024-07-29 00:00:00,0.070860185,0.0333579,4339881.045145775,-462522.2992525033,0.0
4086,109.7293,46.91667,-6.0833282,2024-07-29 00:00:00,0.073085286,0.025379919,4339881.045145775,-462522.2992525033,0.0
4266,130.666,46.91667,-6.0833282,2024-07-29 00:00:00,0.07005574,0.02191439,4339881.045145775,-462522.2992525033,0.0
4446,155.8507,46.91667,-6.0833282,2024-07-29 00:00:00,0.06536677,0.017797098,4339881.045145775,-462522.2992525033,0.0
4626,186.1256,46.91667,-6.0833282,2024-07-29 00:00:00,0.06390925,0.015301217,4339881.045145775,-462522.2992525033,0.0
4806,222.4752,46.91667,-6.0833282,2024-07-29 00:00:00,0.058842212,0.010198365,4339881.045145775,-462522.2992525033,0.0
4986,266.0403,46.91667,-6.0833282,2024-07-29 00:00:00,0.059022304,0.014188305,4339881.045145775,-462522.2992525033,0.0
5166,318.1274,46.91667,-6.0833282,2024-07-29 00:00:00,0.06569302,0.014698311,4339881.045145775,-462522.2992525033,0.0
5346,380.213,46.91667,-6.0833282,2024-07-29 00:00:00,0.070554115,0.0011691414,4339881.045145775,-462522.2992525033,0.0
5526,453.9377,46.91667,-6.0833282,2024-07-29 00:00:00,0.07189343,0.010352263,4339881.045145775,-462522.2992525033,0.0
5706,541.0889,46.91667,-6.0833282,2024-07-29 00:00:00,0.07166046,0.01889687,4339881.045145775,-462522.2992525033,0.0
5886,643.5668,46.91667,-6.0833282,2024-07-29 00:00:00,0.05481271,0.056687858,4339881.045145775,-462522.2992525033,0.0
6066,763.3331,46.91667,-6.0833282,2024-07-29 00:00:00,0.04676975,0.100011885,4339881.045145775,-462522.2992525033,0.0
6246,902.3393,46.91667,-6.0833282,2024-07-29 00:00:00,0.02325096,0.093079045,4339881.045145775,-462522.2992525033,0.0
135,0.494025,46.91667,-6.0,2024-07-29 00:00:00,0.099691354,-0.009825783,4340549.125536747,-456210.0964726406,0.0
315,1.541375,46.91667,-6.0,2024-07-29 00:00:00,0.10247882,-0.0055151833,4340549.125536747,-456210.0964726406,0.0
495,2.645669,46.91667,-6.0,2024-07-29 00:00:00,0.10525064,-0.0016072844,4340549.125536747,-456210.0964726406,0.0
675,3.819495,46.91667,-6.0,2024-07-29 00:00:00,0.10787175,0.0017657569,4340549.125536747,-456210.0964726406,0.0
855,5.078224,46.91667,-6.0,2024-07-29 00:00:00,0.11028451,0.004590625,4340549.125536747,-456210.0964726406,0.0
1035,6.440614,46.91667,-6.0,2024-07-29 00:00:00,0.11245117,0.006868721,4340549.125536747,-456210.0964726406,0.0
1215,7.92956,46.91667,-6.0,2024-07-29 00:00:00,0.11436741,0.00860415,4340549.125536747,-456210.0964726406,0.0
1395,9.572997,46.91667,-6.0,2024-07-29 00:00:00,0.11628593,0.009854619,4340549.125536747,-456210.0964726406,0.0
1575,11.405,46.91667,-6.0,2024-07-29 00:00:00,0.1339063,-0.0056583174,4340549.125536747,-456210.0964726406,0.0
1755,13.46714,46.91667,-6.0,2024-07-29 00:00:00,0.1118004,0.010433506,4340549.125536747,-456210.0964726406,0.0
1935,15.81007,46.91667,-6.0,2024-07-29 00:00:00,0.12412884,0.03300865,4340549.125536747,-456210.0964726406,0.0
2115,18.49556,46.91667,-6.0,2024-07-29 00:00:00,0.1262948,0.033916175,4340549.125536747,-456210.0964726406,0.0
2295,21.59882,46.91667,-6.0,2024-07-29 00:00:00,0.13182628,0.03405029,4340549.125536747,-456210.0964726406,0.0
2475,25.21141,46.91667,-6.0,2024-07-29 00:00:00,0.14310509,0.026460614,4340549.125536747,-456210.0964726406,0.0
2655,29.44473,46.91667,-6.0,2024-07-29 00:00:00,0.15202619,0.004821387,4340549.125536747,-456210.0964726406,0.0
2835,34.43415,46.91667,-6.0,2024-07-29 00:00:00,0.14409226,-0.030765958,4340549.125536747,-456210.0964726406,0.0
3015,40.34405,46.91667,-6.0,2024-07-29 00:00:00,0.10869119,-0.06025239,4340549.125536747,-456210.0964726406,0.0
3195,47.37369,46.91667,-6.0,2024-07-29 00:00:00,0.059604555,-0.053279873,4340549.125536747,-456210.0964726406,0.0
3375,55.76429,46.91667,-6.0,2024-07-29 00:00:00,0.031205012,-0.017621996,4340549.125536747,-456210.0964726406,0.0
3555,65.80727,46.91667,-6.0,2024-07-29 00:00:00,0.03631836,0.017256375,4340549.125536747,-456210.0964726406,0.0
3735,77.85385,46.91667,-6.0,2024-07-29 00:00:00,0.05402509,0.024744602,4340549.125536747,-456210.0964726406,0.0
3915,92.32607,46.91667,-6.0,2024-07-29 00:00:00,0.065465726,0.01983301,4340549.125536747,-456210.0964726406,0.0
4095,109.7293,46.91667,-6.0,2024-07-29 00:00:00,0.06795537,0.015332844,4340549.125536747,-456210.0964726406,0.0
4275,130.666,46.91667,-6.0,2024-07-29 00:00:00,0.06698409,0.016466076,4340549.125536747,-456210.0964726406,0.0
4455,155.8507,46.91667,-6.0,2024-07-29 00:00:00,0.06471675,0.014079403,4340549.125536747,-456210.0964726406,0.0
4635,186.1256,46.91667,-6.0,2024-07-29 00:00:00,0.063581,0.01647917,4340549.125536747,-456210.0964726406,0.0
4815,222.4752,46.91667,-6.0,2024-07-29 00:00:00,0.06140186,0.01622926,4340549.125536747,-456210.0964726406,0.0
4995,266.0403,46.91667,-6.0,2024-07-29 00:00:00,0.066632785,0.013868221,4340549.125536747,-456210.0964726406,0.0
5175,318.1274,46.91667,-6.0,2024-07-29 00:00:00,0.07734383,-0.0042266855,4340549.125536747,-456210.0964726406,0.0
5355,380.213,46.91667,-6.0,2024-07-29 00:00:00,0.08454585,-0.020507004,4340549.125536747,-456210.0964726406,0.0
5535,453.9377,46.91667,-6.0,2024-07-29 00:00:00,0.07822819,-0.038294666,4340549.125536747,-456210.0964726406,0.0
5715,541.0889,46.91667,-6.0,2024-07-29 00:00:00,0.07224323,-0.03349839,4340549.125536747,-456210.0964726406,0.0
5895,643.5668,46.91667,-6.0,2024-07-29 00:00:00,0.03887969,0.020214073,4340549.125536747,-456210.0964726406,0.0
6075,763.3331,46.91667,-6.0,2024-07-29 00:00:00,0.016065227,0.06690244,4340549.125536747,-456210.0964726406,0.0
6255,902.3393,46.91667,-6.0,2024-07-29 00:00:00,-0.0010982906,0.12497178,4340549.125536747,-456210.0964726406,0.0
144,0.494025,47.0,-6.25,2024-07-29 00:00:00,0.13551544,-0.004357221,4331787.087405169,-474407.8424903363,0.0
324,1.541375,47.0,-6.25,2024-07-29 00:00:00,0.13849849,-0.0001501441,4331787.087405169,-474407.8424903363,0.0
504,2.645669,47.0,-6.25,2024-07-29 00:00:00,0.14147824,0.0036736764,4331787.087405169,-474407.8424903363,0.0
684,3.819495,47.0,-6.25,2024-07-29 00:00:00,0.14431044,0.0069857193,4331787.087405169,-474407.8424903363,0.0
864,5.078224,47.0,-6.25,2024-07-29 00:00:00,0.14693585,0.009772631,4331787.087405169,-474407.8424903363,0.0
1044,6.440614,47.0,-6.25,2024-07-29 00:00:00,0.14932075,0.012032495,4331787.087405169,-474407.8424903363,0.0
1224,7.92956,47.0,-6.25,2024-07-29 00:00:00,0.1514736,0.013762829,4331787.087405169,-474407.8424903363,0.0
1404,9.572997,47.0,-6.25,2024-07-29 00:00:00,0.1537067,0.015001689,4331787.087405169,-474407.8424903363,0.0
1584,11.405,47.0,-6.25,2024-07-29 00:00:00,0.17092875,0.00826746,4331787.087405169,-474407.8424903363,0.0
1764,13.46714,47.0,-6.25,2024-07-29 00:00:00,0.16294852,0.011387561,4331787.087405169,-474407.8424903363,0.0
1944,15.81007,47.0,-6.25,2024-07-29 00:00:00,0.15800384,0.019025765,4331787.087405169,-474407.8424903363,0.0
2124,18.49556,47.0,-6.25,2024-07-29 00:00:00,0.15418549,0.021752015,4331787.087405169,-474407.8424903363,0.0
2304,21.59882,47.0,-6.25,2024-07-29 00:00:00,0.15241805,0.023866873,4331787.087405169,-474407.8424903363,0.0
2484,25.21141,47.0,-6.25,2024-07-29 00:00:00,0.15268746,0.025536295,4331787.087405169,-474407.8424903363,0.0
2664,29.44473,47.0,-6.25,2024-07-29 00:00:00,0.15755995,0.024442472,4331787.087405169,-474407.8424903363,0.0
2844,34.43415,47.0,-6.25,2024-07-29 00:00:00,0.16398504,0.02431871,4331787.087405169,-474407.8424903363,0.0
3024,40.34405,47.0,-6.25,2024-07-29 00:00:00,0.16395442,0.03095528,4331787.087405169,-474407.8424903363,0.0
3204,47.37369,47.0,-6.25,2024-07-29 00:00:00,0.15622678,0.04409545,4331787.087405169,-474407.8424903363,0.0
3384,55.76429,47.0,-6.25,2024-07-29 00:00:00,0.14649533,0.06030522,4331787.087405169,-474407.8424903363,0.0
3564,65.80727,47.0,-6.25,2024-07-29 00:00:00,0.13925004,0.073269404,4331787.087405169,-474407.8424903363,0.0
3744,77.85385,47.0,-6.25,2024-07-29 00:00:00,0.131499,0.082794935,4331787.087405169,-474407.8424903363,0.0
3924,92.32607,47.0,-6.25,2024-07-29 00:00:00,0.12734199,0.08264311,4331787.087405169,-474407.8424903363,0.0
4104,109.7293,47.0,-6.25,2024-07-29 00:00:00,0.12663174,0.07098325,4331787.087405169,-474407.8424903363,0.0
4284,130.666,47.0,-6.25,2024-07-29 00:00:00,0.1263324,0.056801498,4331787.087405169,-474407.8424903363,0.0
4464,155.8507,47.0,-6.25,2024-07-29 00:00:00,0.12113477,0.055541344,4331787.087405169,-474407.8424903363,0.0
4644,186.1256,47.0,-6.25,2024-07-29 00:00:00,0.11355688,0.051654782,4331787.087405169,-474407.8424903363,0.0
4824,222.4752,47.0,-6.25,2024-07-29 00:00:00,0.10703586,0.047229134,4331787.087405169,-474407.8424903363,0.0
5004,266.0403,47.0,-6.25,2024-07-29 00:00:00,0.10209334,0.042880498,4331787.087405169,-474407.8424903363,0.0
5184,318.1274,47.0,-6.25,2024-07-29 00:00:00,0.08966762,0.045761675,4331787.087405169,-474407.8424903363,0.0
5364,380.213,47.0,-6.25,2024-07-29 00:00:00,0.07428928,0.041058272,4331787.087405169,-474407.8424903363,0.0
5544,453.9377,47.0,-6.25,2024-07-29 00:00:00,0.06513252,0.053351928,4331787.087405169,-474407.8424903363,0.0
5724,541.0889,47.0,-6.25,2024-07-29 00:00:00,0.062857814,0.049894366,4331787.087405169,-474407.8424903363,0.0
5904,643.5668,47.0,-6.25,2024-07-29 00:00:00,0.028511962,0.04816292,4331787.087405169,-474407.8424903363,0.0
6084,763.3331,47.0,-6.25,2024-07-29 00:00:00,0.006949147,0.076444365,4331787.087405169,-474407.8424903363,0.0
6264,902.3393,47.0,-6.25,2024-07-29 00:00:00,-0.025792329,0.07370844,4331787.087405169,-474407.8424903363,0.0
153,0.494025,47.0,-6.1666565,2024-07-29 00:00:00,0.12673244,0.0046256995,4332472.586781167,-468106.2447951276,0.0
333,1.541375,47.0,-6.1666565,2024-07-29 00:00:00,0.12962961,0.008892239,4332472.586781167,-468106.2447951276,0.0
513,2.645669,47.0,-6.1666565,2024-07-29 00:00:00,0.13251875,0.012779995,4332472.586781167,-468106.2447951276,0.0
693,3.819495,47.0,-6.1666565,2024-07-29 00:00:00,0.13525093,0.016151527,4332472.586781167,-468106.2447951276,0.0
873,5.078224,47.0,-6.1666565,2024-07-29 00:00:00,0.1377593,0.018989943,4332472.586781167,-468106.2447951276,0.0
1053,6.440614,47.0,-6.1666565,2024-07-29 00:00:00,0.13999932,0.021294495,4332472.586781167,-468106.2447951276,0.0
1233,7.92956,47.0,-6.1666565,2024-07-29 00:00:00,0.1419537,0.023063412,4332472.586781167,-468106.2447951276,0.0
1413,9.572997,47.0,-6.1666565,2024-07-29 00:00:00,0.14384988,0.024345852,4332472.586781167,-468106.2447951276,0.0
1593,11.405,47.0,-6.1666565,2024-07-29 00:00:00,0.15807773,0.009423017,4332472.586781167,-468106.2447951276,0.0
1773,13.46714,47.0,-6.1666565,2024-07-29 00:00:00,0.15259793,0.024092838,4332472.586781167,-468106.2447951276,0.0
1953,15.81007,47.0,-6.1666565,2024-07-29 00:00:00,0.15219085,0.032509085,4332472.586781167,-468106.2447951276,0.0
2133,18.49556,47.0,-6.1666565,2024-07-29 00:00:00,0.15002714,0.03664995,4332472.586781167,-468106.2447951276,0.0
2313,21.59882,47.0,-6.1666565,2024-07-29 00:00:00,0.14998516,0.039592758,4332472.586781167,-468106.2447951276,0.0
2493,25.21141,47.0,-6.1666565,2024-07-29 00:00:00,0.1512301,0.03842541,4332472.586781167,-468106.2447951276,0.0
2673,29.44473,47.0,-6.1666565,2024-07-29 00:00:00,0.15353002,0.030892318,4332472.586781167,-468106.2447951276,0.0
2853,34.43415,47.0,-6.1666565,2024-07-29 00:00:00,0.15049344,0.021536434,4332472.586781167,-468106.2447951276,0.0
3033,40.34405,47.0,-6.1666565,2024-07-29 00:00:00,0.13518588,0.020730928,4332472.586781167,-468106.2447951276,0.0
3213,47.37369,47.0,-6.1666565,2024-07-29 00:00:00,0.11686146,0.03224422,4332472.586781167,-468106.2447951276,0.0
3393,55.76429,47.0,-6.1666565,2024-07-29 00:00:00,0.10779822,0.047924105,4332472.586781167,-468106.2447951276,0.0
3573,65.80727,47.0,-6.1666565,2024-07-29 00:00:00,0.108858876,0.05592486,4332472.586781167,-468106.2447951276,0.0
3753,77.85385,47.0,-6.1666565,2024-07-29 00:00:00,0.106862746,0.05900195,4332472.586781167,-468106.2447951276,0.0
3933,92.32607,47.0,-6.1666565,2024-07-29 00:00:00,0.10564392,0.06124657,4332472.586781167,-468106.2447951276,0.0
4113,109.7293,47.0,-6.1666565,2024-07-29 00:00:00,0.10812529,0.058259938,4332472.586781167,-468106.2447951276,0.0
4293,130.666,47.0,-6.1666565,2024-07-29 00:00:00,0.11067555,0.04959929,4332472.586781167,-468106.2447951276,0.0
4473,155.8507,47.0,-6.1666565,2024-07-29 00:00:00,0.104286045,0.046977114,4332472.586781167,-468106.2447951276,0.0
4653,186.1256,47.0,-6.1666565,2024-07-29 00:00:00,0.09570395,0.045433305,4332472.586781167,-468106.2447951276,0.0
4833,222.4752,47.0,-6.1666565,2024-07-29 00:00:00,0.095420636,0.039712135,4332472.586781167,-468106.2447951276,0.0
5013,266.0403,47.0,-6.1666565,2024-07-29 00:00:00,0.09814861,0.03385554,4332472.586781167,-468106.2447951276,0.0
5193,318.1274,47.0,-6.1666565,2024-07-29 00:00:00,0.09055017,0.03485841,4332472.586781167,-468106.2447951276,0.0
5373,380.213,47.0,-6.1666565,2024-07-29 00:00:00,0.07085555,0.034603126,4332472.586781167,-468106.2447951276,0.0
5553,453.9377,47.0,-6.1666565,2024-07-29 00:00:00,0.064725995,0.032831777,4332472.586781167,-468106.2447951276,0.0
5733,541.0889,47.0,-6.1666565,2024-07-29 00:00:00,0.05873163,0.05462563,4332472.586781167,-468106.2447951276,0.0
5913,643.5668,47.0,-6.1666565,2024-07-29 00:00:00,0.008156421,0.075725995,4332472.586781167,-468106.2447951276,0.0
6093,763.3331,47.0,-6.1666565,2024-07-29 00:00:00,-0.008397086,0.10166324,4332472.586781167,-468106.2447951276,0.0
6273,902.3393,47.0,-6.1666565,2024-07-29 00:00:00,-0.048505552,0.10975289,4332472.586781167,-468106.2447951276,0.0
162,0.494025,47.0,-6.0833282,2024-07-29 00:00:00,0.12233053,-0.0076516056,4333148.796028124,-461804.81061430223,0.0
342,1.541375,47.0,-6.0833282,2024-07-29 00:00:00,0.12517413,-0.0033294922,4333148.796028124,-461804.81061430223,0.0
522,2.645669,47.0,-6.0833282,2024-07-29 00:00:00,0.12801448,0.0006198343,4333148.796028124,-461804.81061430223,0.0
702,3.819495,47.0,-6.0833282,2024-07-29 00:00:00,0.13070184,0.004052908,4333148.796028124,-461804.81061430223,0.0
882,5.078224,47.0,-6.0833282,2024-07-29 00:00:00,0.13316852,0.0069519626,4333148.796028124,-461804.81061430223,0.0
1062,6.440614,47.0,-6.0833282,2024-07-29 00:00:00,0.13537197,0.009323154,4333148.796028124,-461804.81061430223,0.0
1242,7.92956,47.0,-6.0833282,2024-07-29 00:00:00,0.13730183,0.0111839315,4333148.796028124,-461804.81061430223,0.0
1422,9.572997,47.0,-6.0833282,2024-07-29 00:00:00,0.13931312,0.01273152,4333148.796028124,-461804.81061430223,0.0
1602,11.405,47.0,-6.0833282,2024-07-29 00:00:00,0.15049279,-0.003930627,4333148.796028124,-461804.81061430223,0.0
1782,13.46714,47.0,-6.0833282,2024-07-29 00:00:00,0.14417385,0.018100986,4333148.796028124,-461804.81061430223,0.0
1962,15.81007,47.0,-6.0833282,2024-07-29 00:00:00,0.14592704,0.025480386,4333148.796028124,-461804.81061430223,0.0
2142,18.49556,47.0,-6.0833282,2024-07-29 00:00:00,0.1433362,0.031437304,4333148.796028124,-461804.81061430223,0.0
2322,21.59882,47.0,-6.0833282,2024-07-29 00:00:00,0.1436067,0.03788993,4333148.796028124,-461804.81061430223,0.0
2502,25.21141,47.0,-6.0833282,2024-07-29 00:00:00,0.14584303,0.03853623,4333148.796028124,-461804.81061430223,0.0
2682,29.44473,47.0,-6.0833282,2024-07-29 00:00:00,0.1471298,0.030217165,4333148.796028124,-461804.81061430223,0.0
2862,34.43415,47.0,-6.0833282,2024-07-29 00:00:00,0.14000076,0.014985654,4333148.796028124,-461804.81061430223,0.0
3042,40.34405,47.0,-6.0833282,2024-07-29 00:00:00,0.120015666,0.0022350554,4333148.796028124,-461804.81061430223,0.0
3222,47.37369,47.0,-6.0833282,2024-07-29 00:00:00,0.1001504,0.0029216888,4333148.796028124,-461804.81061430223,0.0
3402,55.76429,47.0,-6.0833282,2024-07-29 00:00:00,0.0932026,0.0133705335,4333148.796028124,-461804.81061430223,0.0
3582,65.80727,47.0,-6.0833282,2024-07-29 00:00:00,0.09750573,0.023536868,4333148.796028124,-461804.81061430223,0.0
3762,77.85385,47.0,-6.0833282,2024-07-29 00:00:00,0.096465155,0.029944517,4333148.796028124,-461804.81061430223,0.0
3942,92.32607,47.0,-6.0833282,2024-07-29 00:00:00,0.094414465,0.033006735,4333148.796028124,-461804.81061430223,0.0
4122,109.7293,47.0,-6.0833282,2024-07-29 00:00:00,0.094325766,0.03367083,4333148.796028124,-461804.81061430223,0.0
4302,130.666,47.0,-6.0833282,2024-07-29 00:00:00,0.09545187,0.035893384,4333148.796028124,-461804.81061430223,0.0
4482,155.8507,47.0,-6.0833282,2024-07-29 00:00:00,0.09094636,0.03431802,4333148.796028124,-461804.81061430223,0.0
4662,186.1256,47.0,-6.0833282,2024-07-29 00:00:00,0.07947217,0.03132032,4333148.796028124,-461804.81061430223,0.0
4842,222.4752,47.0,-6.0833282,2024-07-29 00:00:00,0.07584806,0.02938307,4333148.796028124,-461804.81061430223,0.0
5022,266.0403,47.0,-6.0833282,2024-07-29 00:00:00,0.08749646,0.02284575,4333148.796028124,-461804.81061430223,0.0
5202,318.1274,47.0,-6.0833282,2024-07-29 00:00:00,0.09077734,0.014225194,4333148.796028124,-461804.81061430223,0.0
5382,380.213,47.0,-6.0833282,2024-07-29 00:00:00,0.068187155,0.007654567,4333148.796028124,-461804.81061430223,0.0
5562,453.9377,47.0,-6.0833282,2024-07-29 00:00:00,0.05702995,0.014367824,4333148.796028124,-461804.81061430223,0.0
5742,541.0889,47.0,-6.0833282,2024-07-29 00:00:00,0.05950824,0.027793359,4333148.796028124,-461804.81061430223,0.0
5922,643.5668,47.0,-6.0833282,2024-07-29 00:00:00,0.0048594796,0.077593975,4333148.796028124,-461804.81061430223,0.0
6102,763.3331,47.0,-6.0833282,2024-07-29 00:00:00,-0.018494092,0.12694727,4333148.796028124,-461804.81061430223,0.0
6282,902.3393,47.0,-6.0833282,2024-07-29 00:00:00,-0.08129368,0.14321367,4333148.796028124,-461804.81061430223,0.0
171,0.494025,47.0,-6.0,2024-07-29 00:00:00,0.1205175,-0.034601964,4333815.840058059,-455502.3996515776,0.0
351,1.541375,47.0,-6.0,2024-07-29 00:00:00,0.12333719,-0.03024666,4333815.840058059,-455502.3996515776,0.0
531,2.645669,47.0,-6.0,2024-07-29 00:00:00,0.12615964,-0.026264291,4333815.840058059,-455502.3996515776,0.0
711,3.819495,47.0,-6.0,2024-07-29 00:00:00,0.12883776,-0.022796657,4333815.840058059,-455502.3996515776,0.0
891,5.078224,47.0,-6.0,2024-07-29 00:00:00,0.1313081,-0.01985783,4333815.840058059,-455502.3996515776,0.0
1071,6.440614,47.0,-6.0,2024-07-29 00:00:00,0.13353588,-0.017435467,4333815.840058059,-455502.3996515776,0.0
1251,7.92956,47.0,-6.0,2024-07-29 00:00:00,0.13553183,-0.01549972,4333815.840058059,-455502.3996515776,0.0
1431,9.572997,47.0,-6.0,2024-07-29 00:00:00,0.13784717,-0.01378325,4333815.840058059,-455502.3996515776,0.0
1611,11.405,47.0,-6.0,2024-07-29 00:00:00,0.15206012,-0.028818652,4333815.840058059,-455502.3996515776,0.0
1791,13.46714,47.0,-6.0,2024-07-29 00:00:00,0.14417994,-0.009177553,4333815.840058059,-455502.3996515776,0.0
1971,15.81007,47.0,-6.0,2024-07-29 00:00:00,0.14516644,-0.003015135,4333815.840058059,-455502.3996515776,0.0
2151,18.49556,47.0,-6.0,2024-07-29 00:00:00,0.13963093,0.0026525902,4333815.840058059,-455502.3996515776,0.0
2331,21.59882,47.0,-6.0,2024-07-29 00:00:00,0.13668095,0.011705729,4333815.840058059,-455502.3996515776,0.0
2511,25.21141,47.0,-6.0,2024-07-29 00:00:00,0.13670188,0.017413195,4333815.840058059,-455502.3996515776,0.0
2691,29.44473,47.0,-6.0,2024-07-29 00:00:00,0.13717845,0.016096551,4333815.840058059,-455502.3996515776,0.0
2871,34.43415,47.0,-6.0,2024-07-29 00:00:00,0.13093433,0.0058234287,4333815.840058059,-455502.3996515776,0.0
3051,40.34405,47.0,-6.0,2024-07-29 00:00:00,0.11674502,-0.008859567,4333815.840058059,-455502.3996515776,0.0
3231,47.37369,47.0,-6.0,2024-07-29 00:00:00,0.10426738,-0.015342578,4333815.840058059,-455502.3996515776,0.0
3411,55.76429,47.0,-6.0,2024-07-29 00:00:00,0.10204124,-0.013980659,4333815.840058059,-455502.3996515776,0.0
3591,65.80727,47.0,-6.0,2024-07-29 00:00:00,0.10169285,-0.0036795677,4333815.840058059,-455502.3996515776,0.0
3771,77.85385,47.0,-6.0,2024-07-29 00:00:00,0.095671564,0.00046726083,4333815.840058059,-455502.3996515776,0.0
3951,92.32607,47.0,-6.0,2024-07-29 00:00:00,0.09114891,-1.944974e-05,4333815.840058059,-455502.3996515776,0.0
4131,109.7293,47.0,-6.0,2024-07-29 00:00:00,0.08689989,-0.0013846639,4333815.840058059,-455502.3996515776,0.0
4311,130.666,47.0,-6.0,2024-07-29 00:00:00,0.08790345,-0.00036585284,4333815.840058059,-455502.3996515776,0.0
4491,155.8507,47.0,-6.0,2024-07-29 00:00:00,0.08756092,0.0027365503,4333815.840058059,-455502.3996515776,0.0
4671,186.1256,47.0,-6.0,2024-07-29 00:00:00,0.07750051,0.009787014,4333815.840058059,-455502.3996515776,0.0
4851,222.4752,47.0,-6.0,2024-07-29 00:00:00,0.06683516,0.014107909,4333815.840058059,-455502.3996515776,0.0
5031,266.0403,47.0,-6.0,2024-07-29 00:00:00,0.06712914,0.012370058,4333815.840058059,-455502.3996515776,0.0
5211,318.1274,47.0,-6.0,2024-07-29 00:00:00,0.07552131,0.005973371,4333815.840058059,-455502.3996515776,0.0
5391,380.213,47.0,-6.0,2024-07-29 00:00:00,0.06250186,-0.006219792,4333815.840058059,-455502.3996515776,0.0
5571,453.9377,47.0,-6.0,2024-07-29 00:00:00,0.042207487,-0.011100943,4333815.840058059,-455502.3996515776,0.0
5751,541.0889,47.0,-6.0,2024-07-29 00:00:00,0.041658163,-0.001359315,4333815.840058059,-455502.3996515776,0.0
5931,643.5668,47.0,-6.0,2024-07-29 00:00:00,0.025885643,0.017146157,4333815.840058059,-455502.3996515776,0.0
6111,763.3331,47.0,-6.0,2024-07-29 00:00:00,-0.011094781,0.07965213,4333815.840058059,-455502.3996515776,0.0
6291,902.3393,47.0,-6.0,2024-07-29 00:00:00,-0.10768719,0.15161403,4333815.840058059,-455502.3996515776,0.0
1,0.494025,46.66667,-6.25,2024-07-29 06:00:00,-0.007068326,0.0053504165,4358653.3150161095,-477350.1729464703,0.0
181,1.541375,46.66667,-6.25,2024-07-29 06:00:00,-0.0034527606,0.009238658,4358653.3150161095,-477350.1729464703,0.0
361,2.645669,46.66667,-6.25,2024-07-29 06:00:00,0.00019892777,0.012799102,4358653.3150161095,-477350.1729464703,0.0
541,3.819495,46.66667,-6.25,2024-07-29 06:00:00,0.0037203475,0.015905498,4358653.3150161095,-477350.1729464703,0.0
721,5.078224,46.66667,-6.25,2024-07-29 06:00:00,0.007055671,0.018550536,4358653.3150161095,-477350.1729464703,0.0
901,6.440614,46.66667,-6.25,2024-07-29 06:00:00,0.010189555,0.020751704,4358653.3150161095,-477350.1729464703,0.0
1081,7.92956,46.66667,-6.25,2024-07-29 06:00:00,0.013143825,0.022526167,4358653.3150161095,-477350.1729464703,0.0
1261,9.572997,46.66667,-6.25,2024-07-29 06:00:00,0.016079681,0.0238932,4358653.3150161095,-477350.1729464703,0.0
1441,11.405,46.66667,-6.25,2024-07-29 06:00:00,0.020597596,0.024944436,4358653.3150161095,-477350.1729464703,0.0
1621,13.46714,46.66667,-6.25,2024-07-29 06:00:00,0.052434657,0.019080723,4358653.3150161095,-477350.1729464703,0.0
1801,15.81007,46.66667,-6.25,2024-07-29 06:00:00,0.06544052,-0.030420717,4358653.3150161095,-477350.1729464703,0.0
1981,18.49556,46.66667,-6.25,2024-07-29 06:00:00,0.05274065,-0.045024958,4358653.3150161095,-477350.1729464703,0.0
2161,21.59882,46.66667,-6.25,2024-07-29 06:00:00,0.045694046,-0.039206263,4358653.3150161095,-477350.1729464703,0.0
2341,25.21141,46.66667,-6.25,2024-07-29 06:00:00,0.036657203,-0.027480777,4358653.3150161095,-477350.1729464703,0.0
2521,29.44473,46.66667,-6.25,2024-07-29 06:00:00,0.027931446,-0.009195575,4358653.3150161095,-477350.1729464703,0.0
2701,34.43415,46.66667,-6.25,2024-07-29 06:00:00,0.021060012,0.018288443,4358653.3150161095,-477350.1729464703,0.0
2881,40.34405,46.66667,-6.25,2024-07-29 06:00:00,0.028538793,0.041978475,4358653.3150161095,-477350.1729464703,0.0
3061,47.37369,46.66667,-6.25,2024-07-29 06:00:00,0.058484815,0.041713305,4358653.3150161095,-477350.1729464703,0.0
3241,55.76429,46.66667,-6.25,2024-07-29 06:00:00,0.08126987,0.014136754,4358653.3150161095,-477350.1729464703,0.0
3421,65.80727,46.66667,-6.25,2024-07-29 06:00:00,0.078630224,-0.009104345,4358653.3150161095,-477350.1729464703,0.0
3601,77.85385,46.66667,-6.25,2024-07-29 06:00:00,0.067977555,-0.011726953,4358653.3150161095,-477350.1729464703,0.0
3781,92.32607,46.66667,-6.25,2024-07-29 06:00:00,0.05857488,-0.0067402394,4358653.3150161095,-477350.1729464703,0.0
3961,109.7293,46.66667,-6.25,2024-07-29 06:00:00,0.0533859,0.0019178414,4358653.3150161095,-477350.1729464703,0.0
4141,130.666,46.66667,-6.25,2024-07-29 06:00:00,0.05620314,0.010202487,4358653.3150161095,-477350.1729464703,0.0
4321,155.8507,46.66667,-6.25,2024-07-29 06:00:00,0.06407008,0.013342196,4358653.3150161095,-477350.1729464703,0.0
4501,186.1256,46.66667,-6.25,2024-07-29 06:00:00,0.06955523,0.014473887,4358653.3150161095,-477350.1729464703,0.0
4681,222.4752,46.66667,-6.25,2024-07-29 06:00:00,0.07635809,0.01339296,4358653.3150161095,-477350.1729464703,0.0
4861,266.0403,46.66667,-6.25,2024-07-29 06:00:00,0.084796704,0.011168713,4358653.3150161095,-477350.1729464703,0.0
5041,318.1274,46.66667,-6.25,2024-07-29 06:00:00,0.07085735,0.010565752,4358653.3150161095,-477350.1729464703,0.0
5221,380.213,46.66667,-6.25,2024-07-29 06:00:00,0.05962104,0.007027869,4358653.3150161095,-477350.1729464703,0.0
5401,453.9377,46.66667,-6.25,2024-07-29 06:00:00,0.060498618,0.010184166,4358653.3150161095,-477350.1729464703,0.0
5581,541.0889,46.66667,-6.25,2024-07-29 06:00:00,0.058065135,0.023906287,4358653.3150161095,-477350.1729464703,0.0
5761,643.5668,46.66667,-6.25,2024-07-29 06:00:00,0.066092655,0.040425513,4358653.3150161095,-477350.1729464703,0.0
5941,763.3331,46.66667,-6.25,2024-07-29 06:00:00,0.092837974,0.061484735,4358653.3150161095,-477350.1729464703,0.0
6121,902.3393,46.66667,-6.25,2024-07-29 06:00:00,0.14753641,0.094456196,4358653.3150161095,-477350.1729464703,0.0
10,0.494025,46.66667,-6.1666565,2024-07-29 06:00:00,0.028238414,0.014199873,4359343.065935845,-471009.49203812674,0.0
190,1.541375,46.66667,-6.1666565,2024-07-29 06:00:00,0.031957775,0.01797053,4359343.065935845,-471009.49203812674,0.0
370,2.645669,46.66667,-6.1666565,2024-07-29 06:00:00,0.035710238,0.021409418,4359343.065935845,-471009.49203812674,0.0
550,3.819495,46.66667,-6.1666565,2024-07-29 06:00:00,0.03933239,0.024401138,4359343.065935845,-471009.49203812674,0.0
730,5.078224,46.66667,-6.1666565,2024-07-29 06:00:00,0.042773724,0.026943665,4359343.065935845,-471009.49203812674,0.0
910,6.440614,46.66667,-6.1666565,2024-07-29 06:00:00,0.046022713,0.029054848,4359343.065935845,-471009.49203812674,0.0
1090,7.92956,46.66667,-6.1666565,2024-07-29 06:00:00,0.049108114,0.030750642,4359343.065935845,-471009.49203812674,0.0
1270,9.572997,46.66667,-6.1666565,2024-07-29 06:00:00,0.05222024,0.03204704,4359343.065935845,-471009.49203812674,0.0
1450,11.405,46.66667,-6.1666565,2024-07-29 06:00:00,0.057115734,0.03300863,4359343.065935845,-471009.49203812674,0.0
1630,13.46714,46.66667,-6.1666565,2024-07-29 06:00:00,0.08705882,0.026956918,4359343.065935845,-471009.49203812674,0.0
1810,15.81007,46.66667,-6.1666565,2024-07-29 06:00:00,0.1015558,-0.025265474,4359343.065935845,-471009.49203812674,0.0
1990,18.49556,46.66667,-6.1666565,2024-07-29 06:00:00,0.087797955,-0.04270745,4359343.065935845,-471009.49203812674,0.0
2170,21.59882,46.66667,-6.1666565,2024-07-29 06:00:00,0.07927872,-0.037101775,4359343.065935845,-471009.49203812674,0.0
2350,25.21141,46.66667,-6.1666565,2024-07-29 06:00:00,0.06835977,-0.025621139,4359343.065935845,-471009.49203812674,0.0
2530,29.44473,46.66667,-6.1666565,2024-07-29 06:00:00,0.05613883,-0.006191019,4359343.065935845,-471009.49203812674,0.0
2710,34.43415,46.66667,-6.1666565,2024-07-29 06:00:00,0.046624426,0.02293328,4359343.065935845,-471009.49203812674,0.0
2890,40.34405,46.66667,-6.1666565,2024-07-29 06:00:00,0.05331239,0.04940132,4359343.065935845,-471009.49203812674,0.0
3070,47.37369,46.66667,-6.1666565,2024-07-29 06:00:00,0.08538988,0.050600685,4359343.065935845,-471009.49203812674,0.0
3250,55.76429,46.66667,-6.1666565,2024-07-29 06:00:00,0.10918885,0.019576216,4359343.065935845,-471009.49203812674,0.0
3430,65.80727,46.66667,-6.1666565,2024-07-29 06:00:00,0.10128132,-0.009857396,4359343.065935845,-471009.49203812674,0.0
3610,77.85385,46.66667,-6.1666565,2024-07-29 06:00:00,0.08390098,-0.014874956,4359343.065935845,-471009.49203812674,0.0
3790,92.32607,46.66667,-6.1666565,2024-07-29 06:00:00,0.07584967,-0.008234773,4359343.065935845,-471009.49203812674,0.0
3970,109.7293,46.66667,-6.1666565,2024-07-29 06:00:00,0.070277035,0.00020902744,4359343.065935845,-471009.49203812674,0.0
4150,130.666,46.66667,-6.1666565,2024-07-29 06:00:00,0.07164817,0.006748659,4359343.065935845,-471009.49203812674,0.0
4330,155.8507,46.66667,-6.1666565,2024-07-29 06:00:00,0.07483619,0.011358617,4359343.065935845,-471009.49203812674,0.0
4510,186.1256,46.66667,-6.1666565,2024-07-29 06:00:00,0.07460333,0.014515627,4359343.065935845,-471009.49203812674,0.0
4690,222.4752,46.66667,-6.1666565,2024-07-29 06:00:00,0.07736112,0.01329088,4359343.065935845,-471009.49203812674,0.0
4870,266.0403,46.66667,-6.1666565,2024-07-29 06:00:00,0.07951183,0.011100201,4359343.065935845,-471009.49203812674,0.0
5050,318.1274,46.66667,-6.1666565,2024-07-29 06:00:00,0.07681328,0.010507294,4359343.065935845,-471009.49203812674,0.0
5230,380.213,46.66667,-6.1666565,2024-07-29 06:00:00,0.07631176,0.008327823,4359343.065935845,-471009.49203812674,0.0
5410,453.9377,46.66667,-6.1666565,2024-07-29 06:00:00,0.08298328,0.012682442,4359343.065935845,-471009.49203812674,0.0
5590,541.0889,46.66667,-6.1666565,2024-07-29 06:00:00,0.081076615,0.027765317,4359343.065935845,-471009.49203812674,0.0
5770,643.5668,46.66667,-6.1666565,2024-07-29 06:00:00,0.08938805,0.037628025,4359343.065935845,-471009.49203812674,0.0
5950,763.3331,46.66667,-6.1666565,2024-07-29 06:00:00,0.088187926,0.050734833,4359343.065935845,-471009.49203812674,0.0
6130,902.3393,46.66667,-6.1666565,2024-07-29 06:00:00,0.13889545,0.064452305,4359343.065935845,-471009.49203812674,0.0
19,0.494025,46.66667,-6.0833282,2024-07-29 06:00:00,0.04278087,0.011437943,4360023.469108121,-464668.9756583009,0.0
199,1.541375,46.66667,-6.0833282,2024-07-29 06:00:00,0.046569485,0.015112739,4360023.469108121,-464668.9756583009,0.0
379,2.645669,46.66667,-6.0833282,2024-07-29 06:00:00,0.05038433,0.01845315,4360023.469108121,-464668.9756583009,0.0
559,3.819495,46.66667,-6.0833282,2024-07-29 06:00:00,0.054065786,0.021353785,4360023.469108121,-464668.9756583009,0.0
739,5.078224,46.66667,-6.0833282,2024-07-29 06:00:00,0.057569552,0.023818305,4360023.469108121,-464668.9756583009,0.0
919,6.440614,46.66667,-6.0833282,2024-07-29 06:00:00,0.060888775,0.025866019,4360023.469108121,-464668.9756583009,0.0
1099,7.92956,46.66667,-6.0833282,2024-07-29 06:00:00,0.06406058,0.027513707,4360023.469108121,-464668.9756583009,0.0
1279,9.572997,46.66667,-6.0833282,2024-07-29 06:00:00,0.06730748,0.028778836,4360023.469108121,-464668.9756583009,0.0
1459,11.405,46.66667,-6.0833282,2024-07-29 06:00:00,0.07253231,0.02973843,4360023.469108121,-464668.9756583009,0.0
1639,13.46714,46.66667,-6.0833282,2024-07-29 06:00:00,0.103033975,0.024617396,4360023.469108121,-464668.9756583009,0.0
1819,15.81007,46.66667,-6.0833282,2024-07-29 06:00:00,0.12454055,-0.025384247,4360023.469108121,-464668.9756583009,0.0
1999,18.49556,46.66667,-6.0833282,2024-07-29 06:00:00,0.11105816,-0.04598353,4360023.469108121,-464668.9756583009,0.0
2179,21.59882,46.66667,-6.0833282,2024-07-29 06:00:00,0.102055594,-0.04438394,4360023.469108121,-464668.9756583009,0.0
2359,25.21141,46.66667,-6.0833282,2024-07-29 06:00:00,0.09102187,-0.038304992,4360023.469108121,-464668.9756583009,0.0
2539,29.44473,46.66667,-6.0833282,2024-07-29 06:00:00,0.07668569,-0.02363891,4360023.469108121,-464668.9756583009,0.0
2719,34.43415,46.66667,-6.0833282,2024-07-29 06:00:00,0.06217323,0.002100903,4360023.469108121,-464668.9756583009,0.0
2899,40.34405,46.66667,-6.0833282,2024-07-29 06:00:00,0.06115697,0.03340743,4360023.469108121,-464668.9756583009,0.0
3079,47.37369,46.66667,-6.0833282,2024-07-29 06:00:00,0.092528604,0.04686202,4360023.469108121,-464668.9756583009,0.0
3259,55.76429,46.66667,-6.0833282,2024-07-29 06:00:00,0.12467831,0.023465201,4360023.469108121,-464668.9756583009,0.0
3439,65.80727,46.66667,-6.0833282,2024-07-29 06:00:00,0.12310962,-0.011266548,4360023.469108121,-464668.9756583009,0.0
3619,77.85385,46.66667,-6.0833282,2024-07-29 06:00:00,0.10430654,-0.024309872,4360023.469108121,-464668.9756583009,0.0
3799,92.32607,46.66667,-6.0833282,2024-07-29 06:00:00,0.092768356,-0.017504772,4360023.469108121,-464668.9756583009,0.0
3979,109.7293,46.66667,-6.0833282,2024-07-29 06:00:00,0.08610975,-0.008842753,4360023.469108121,-464668.9756583009,0.0
4159,130.666,46.66667,-6.0833282,2024-07-29 06:00:00,0.08182985,-0.002775606,4360023.469108121,-464668.9756583009,0.0
4339,155.8507,46.66667,-6.0833282,2024-07-29 06:00:00,0.081331804,0.0018592165,4360023.469108121,-464668.9756583009,0.0
4519,186.1256,46.66667,-6.0833282,2024-07-29 06:00:00,0.07749457,0.006866269,4360023.469108121,-464668.9756583009,0.0
4699,222.4752,46.66667,-6.0833282,2024-07-29 06:00:00,0.07431865,0.00757735,4360023.469108121,-464668.9756583009,0.0
4879,266.0403,46.66667,-6.0833282,2024-07-29 06:00:00,0.07134148,0.004998943,4360023.469108121,-464668.9756583009,0.0
5059,318.1274,46.66667,-6.0833282,2024-07-29 06:00:00,0.07301041,0.006020414,4360023.469108121,-464668.9756583009,0.0
5239,380.213,46.66667,-6.0833282,2024-07-29 06:00:00,0.078966245,0.0026803873,4360023.469108121,-464668.9756583009,0.0
5419,453.9377,46.66667,-6.0833282,2024-07-29 06:00:00,0.08854754,-0.0002840166,4360023.469108121,-464668.9756583009,0.0
5599,541.0889,46.66667,-6.0833282,2024-07-29 06:00:00,0.088746294,0.007455374,4360023.469108121,-464668.9756583009,0.0
5779,643.5668,46.66667,-6.0833282,2024-07-29 06:00:00,0.0895621,0.01631004,4360023.469108121,-464668.9756583009,0.0
5959,763.3331,46.66667,-6.0833282,2024-07-29 06:00:00,0.083766006,0.02349739,4360023.469108121,-464668.9756583009,0.0
6139,902.3393,46.66667,-6.0833282,2024-07-29 06:00:00,0.13155077,0.016073402,4360023.469108121,-464668.9756583009,0.0
28,0.494025,46.66667,-6.0,2024-07-29 06:00:00,0.04755023,0.0069493903,4360694.650219674,-458327.4764384654,0.0
208,1.541375,46.66667,-6.0,2024-07-29 06:00:00,0.051408663,0.010544863,4360694.650219674,-458327.4764384654,0.0
388,2.645669,46.66667,-6.0,2024-07-29 06:00:00,0.05530665,0.013799969,4360694.650219674,-458327.4764384654,0.0
568,3.819495,46.66667,-6.0,2024-07-29 06:00:00,0.059090607,0.016620109,4360694.650219674,-458327.4764384654,0.0
748,5.078224,46.66667,-6.0,2024-07-29 06:00:00,0.06272428,0.01901615,4360694.650219674,-458327.4764384654,0.0
928,6.440614,46.66667,-6.0,2024-07-29 06:00:00,0.06620512,0.021010244,4360694.650219674,-458327.4764384654,0.0
1108,7.92956,46.66667,-6.0,2024-07-29 06:00:00,0.0695713,0.022621382,4360694.650219674,-458327.4764384654,0.0
1288,9.572997,46.66667,-6.0,2024-07-29 06:00:00,0.07301477,0.023876512,4360694.650219674,-458327.4764384654,0.0
1468,11.405,46.66667,-6.0,2024-07-29 06:00:00,0.07808494,0.024891563,4360694.650219674,-458327.4764384654,0.0
1648,13.46714,46.66667,-6.0,2024-07-29 06:00:00,0.10061543,0.021603394,4360694.650219674,-458327.4764384654,0.0
1828,15.81007,46.66667,-6.0,2024-07-29 06:00:00,0.1388537,-0.02531039,4360694.650219674,-458327.4764384654,0.0
2008,18.49556,46.66667,-6.0,2024-07-29 06:00:00,0.12459637,-0.048094578,4360694.650219674,-458327.4764384654,0.0
2188,21.59882,46.66667,-6.0,2024-07-29 06:00:00,0.11891635,-0.05315985,4360694.650219674,-458327.4764384654,0.0
2368,25.21141,46.66667,-6.0,2024-07-29 06:00:00,0.11447355,-0.05598581,4360694.650219674,-458327.4764384654,0.0
2548,29.44473,46.66667,-6.0,2024-07-29 06:00:00,0.10347873,-0.05120141,4360694.650219674,-458327.4764384654,0.0
2728,34.43415,46.66667,-6.0,2024-07-29 06:00:00,0.080886036,-0.03526352,4360694.650219674,-458327.4764384654,0.0
2908,40.34405,46.66667,-6.0,2024-07-29 06:00:00,0.059850667,-0.004505438,4360694.650219674,-458327.4764384654,0.0
3088,47.37369,46.66667,-6.0,2024-07-29 06:00:00,0.07527248,0.022259895,4360694.650219674,-458327.4764384654,0.0
3268,55.76429,46.66667,-6.0,2024-07-29 06:00:00,0.11260664,0.015098728,4360694.650219674,-458327.4764384654,0.0
3448,65.80727,46.66667,-6.0,2024-07-29 06:00:00,0.12851934,-0.017218826,4360694.650219674,-458327.4764384654,0.0
3628,77.85385,46.66667,-6.0,2024-07-29 06:00:00,0.11595661,-0.03737653,4360694.650219674,-458327.4764384654,0.0
3808,92.32607,46.66667,-6.0,2024-07-29 06:00:00,0.09873885,-0.03388513,4360694.650219674,-458327.4764384654,0.0
3988,109.7293,46.66667,-6.0,2024-07-29 06:00:00,0.08903517,-0.024724832,4360694.650219674,-458327.4764384654,0.0
4168,130.666,46.66667,-6.0,2024-07-29 06:00:00,0.08519346,-0.018625624,4360694.650219674,-458327.4764384654,0.0
4348,155.8507,46.66667,-6.0,2024-07-29 06:00:00,0.08230008,-0.014834383,4360694.650219674,-458327.4764384654,0.0
4528,186.1256,46.66667,-6.0,2024-07-29 06:00:00,0.080184035,-0.01164022,4360694.650219674,-458327.4764384654,0.0
4708,222.4752,46.66667,-6.0,2024-07-29 06:00:00,0.07560142,-0.0091269985,4360694.650219674,-458327.4764384654,0.0
4888,266.0403,46.66667,-6.0,2024-07-29 06:00:00,0.06922529,-0.0065416405,4360694.650219674,-458327.4764384654,0.0
5068,318.1274,46.66667,-6.0,2024-07-29 06:00:00,0.07154382,-0.0062960554,4360694.650219674,-458327.4764384654,0.0
5248,380.213,46.66667,-6.0,2024-07-29 06:00:00,0.076157406,-0.010031989,4360694.650219674,-458327.4764384654,0.0
5428,453.9377,46.66667,-6.0,2024-07-29 06:00:00,0.09000548,-0.017788036,4360694.650219674,-458327.4764384654,0.0
5608,541.0889,46.66667,-6.0,2024-07-29 06:00:00,0.0794917,-0.018345322,4360694.650219674,-458327.4764384654,0.0
5788,643.5668,46.66667,-6.0,2024-07-29 06:00:00,0.07572631,-0.008104681,4360694.650219674,-458327.4764384654,0.0
5968,763.3331,46.66667,-6.0,2024-07-29 06:00:00,0.06962475,-0.008777114,4360694.650219674,-458327.4764384654,0.0
6148,902.3393,46.66667,-6.0,2024-07-29 06:00:00,0.1121972,-0.025518933,4360694.650219674,-458327.4764384654,0.0
37,0.494025,46.75,-6.25,2024-07-29 06:00:00,0.011044485,-0.029492721,4351950.96357759,-476616.1460837916,0.0
217,1.541375,46.75,-6.25,2024-07-29 06:00:00,0.014699835,-0.02558199,4351950.96357759,-476616.1460837916,0.0
397,2.645669,46.75,-6.25,2024-07-29 06:00:00,0.018395238,-0.022024168,4351950.96357759,-476616.1460837916,0.0
577,3.819495,46.75,-6.25,2024-07-29 06:00:00,0.021961654,-0.0189369,4351950.96357759,-476616.1460837916,0.0
757,5.078224,46.75,-6.25,2024-07-29 06:00:00,0.02534291,-0.016316412,4351950.96357759,-476616.1460837916,0.0
937,6.440614,46.75,-6.25,2024-07-29 06:00:00,0.02851432,-0.014141905,4351950.96357759,-476616.1460837916,0.0
1117,7.92956,46.75,-6.25,2024-07-29 06:00:00,0.031483587,-0.0123916045,4351950.96357759,-476616.1460837916,0.0
1297,9.572997,46.75,-6.25,2024-07-29 06:00:00,0.03436887,-0.011034998,4351950.96357759,-476616.1460837916,0.0
1477,11.405,46.75,-6.25,2024-07-29 06:00:00,0.038840372,-0.009748353,4351950.96357759,-476616.1460837916,0.0
1657,13.46714,46.75,-6.25,2024-07-29 06:00:00,0.07332126,-0.017961979,4351950.96357759,-476616.1460837916,0.0
1837,15.81007,46.75,-6.25,2024-07-29 06:00:00,0.09170881,-0.054286342,4351950.96357759,-476616.1460837916,0.0
2017,18.49556,46.75,-6.25,2024-07-29 06:00:00,0.083785765,-0.061036114,4351950.96357759,-476616.1460837916,0.0
2197,21.59882,46.75,-6.25,2024-07-29 06:00:00,0.07827049,-0.057868414,4351950.96357759,-476616.1460837916,0.0
2377,25.21141,46.75,-6.25,2024-07-29 06:00:00,0.06663452,-0.048595674,4351950.96357759,-476616.1460837916,0.0
2557,29.44473,46.75,-6.25,2024-07-29 06:00:00,0.050192986,-0.031789675,4351950.96357759,-476616.1460837916,0.0
2737,34.43415,46.75,-6.25,2024-07-29 06:00:00,0.031026576,-0.00012213655,4351950.96357759,-476616.1460837916,0.0
2917,40.34405,46.75,-6.25,2024-07-29 06:00:00,0.0325853,0.04089999,4351950.96357759,-476616.1460837916,0.0
3097,47.37369,46.75,-6.25,2024-07-29 06:00:00,0.07392187,0.051184565,4351950.96357759,-476616.1460837916,0.0
3277,55.76429,46.75,-6.25,2024-07-29 06:00:00,0.11172759,0.018335322,4351950.96357759,-476616.1460837916,0.0
3457,65.80727,46.75,-6.25,2024-07-29 06:00:00,0.11497963,-0.010856744,4351950.96357759,-476616.1460837916,0.0
3637,77.85385,46.75,-6.25,2024-07-29 06:00:00,0.10292004,-0.012586022,4351950.96357759,-476616.1460837916,0.0
3817,92.32607,46.75,-6.25,2024-07-29 06:00:00,0.09689127,-0.006879041,4351950.96357759,-476616.1460837916,0.0
3997,109.7293,46.75,-6.25,2024-07-29 06:00:00,0.09218195,-0.00068112975,4351950.96357759,-476616.1460837916,0.0
4177,130.666,46.75,-6.25,2024-07-29 06:00:00,0.088392295,0.00307558,4351950.96357759,-476616.1460837916,0.0
4357,155.8507,46.75,-6.25,2024-07-29 06:00:00,0.08690433,0.0044209007,4351950.96357759,-476616.1460837916,0.0
4537,186.1256,46.75,-6.25,2024-07-29 06:00:00,0.08496974,-0.0006660279,4351950.96357759,-476616.1460837916,0.0
4717,222.4752,46.75,-6.25,2024-07-29 06:00:00,0.085885406,-0.008687716,4351950.96357759,-476616.1460837916,0.0
4897,266.0403,46.75,-6.25,2024-07-29 06:00:00,0.08866224,-0.010409253,4351950.96357759,-476616.1460837916,0.0
5077,318.1274,46.75,-6.25,2024-07-29 06:00:00,0.08673762,-0.01209919,4351950.96357759,-476616.1460837916,0.0
5257,380.213,46.75,-6.25,2024-07-29 06:00:00,0.07672864,-0.019487001,4351950.96357759,-476616.1460837916,0.0
5437,453.9377,46.75,-6.25,2024-07-29 06:00:00,0.06268427,-0.015761493,4351950.96357759,-476616.1460837916,0.0
5617,541.0889,46.75,-6.25,2024-07-29 06:00:00,0.04464806,0.004463685,4351950.96357759,-476616.1460837916,0.0
5797,643.5668,46.75,-6.25,2024-07-29 06:00:00,0.069515534,0.04354152,4351950.96357759,-476616.1460837916,0.0
5977,763.3331,46.75,-6.25,2024-07-29 06:00:00,0.094985165,0.0885881,4351950.96357759,-476616.1460837916,0.0
6157,902.3393,46.75,-6.25,2024-07-29 06:00:00,0.13915424,0.10911442,4351950.96357759,-476616.1460837916,0.0
46,0.494025,46.75,-6.1666565,2024-07-29 06:00:00,0.03934743,-0.009429115,4352639.653859386,-470285.21531356085,0.0
226,1.541375,46.75,-6.1666565,2024-07-29 06:00:00,0.04311934,-0.005644086,4352639.653859386,-470285.21531356085,0.0
406,2.645669,46.75,-6.1666565,2024-07-29 06:00:00,0.046941318,-0.0022145377,4352639.653859386,-470285.21531356085,0.0
586,3.819495,46.75,-6.1666565,2024-07-29 06:00:00,0.05064695,0.00074902875,4352639.653859386,-470285.21531356085,0.0
766,5.078224,46.75,-6.1666565,2024-07-29 06:00:00,0.054184925,0.0032506257,4352639.653859386,-470285.21531356085,0.0
946,6.440614,46.75,-6.1666565,2024-07-29 06:00:00,0.057535775,0.005307978,4352639.653859386,-470285.21531356085,0.0
1126,7.92956,46.75,-6.1666565,2024-07-29 06:00:00,0.060717903,0.00693711,4352639.653859386,-470285.21531356085,0.0
1306,9.572997,46.75,-6.1666565,2024-07-29 06:00:00,0.063884586,0.008153427,4352639.653859386,-470285.21531356085,0.0
1486,11.405,46.75,-6.1666565,2024-07-29 06:00:00,0.068570405,0.009053189,4352639.653859386,-470285.21531356085,0.0
1666,13.46714,46.75,-6.1666565,2024-07-29 06:00:00,0.09175154,0.0035077068,4352639.653859386,-470285.21531356085,0.0
1846,15.81007,46.75,-6.1666565,2024-07-29 06:00:00,0.11881246,-0.044415988,4352639.653859386,-470285.21531356085,0.0
2026,18.49556,46.75,-6.1666565,2024-07-29 06:00:00,0.1081784,-0.05905216,4352639.653859386,-470285.21531356085,0.0
2206,21.59882,46.75,-6.1666565,2024-07-29 06:00:00,0.09815117,-0.057367824,4352639.653859386,-470285.21531356085,0.0
2386,25.21141,46.75,-6.1666565,2024-07-29 06:00:00,0.080428235,-0.046790827,4352639.653859386,-470285.21531356085,0.0
2566,29.44473,46.75,-6.1666565,2024-07-29 06:00:00,0.05799408,-0.025081076,4352639.653859386,-470285.21531356085,0.0
2746,34.43415,46.75,-6.1666565,2024-07-29 06:00:00,0.035490595,0.013663273,4352639.653859386,-470285.21531356085,0.0
2926,40.34405,46.75,-6.1666565,2024-07-29 06:00:00,0.040225264,0.060445093,4352639.653859386,-470285.21531356085,0.0
3106,47.37369,46.75,-6.1666565,2024-07-29 06:00:00,0.09290248,0.069484174,4352639.653859386,-470285.21531356085,0.0
3286,55.76429,46.75,-6.1666565,2024-07-29 06:00:00,0.13915499,0.025135688,4352639.653859386,-470285.21531356085,0.0
3466,65.80727,46.75,-6.1666565,2024-07-29 06:00:00,0.13713545,-0.016135521,4352639.653859386,-470285.21531356085,0.0
3646,77.85385,46.75,-6.1666565,2024-07-29 06:00:00,0.11090633,-0.021561971,4352639.653859386,-470285.21531356085,0.0
3826,92.32607,46.75,-6.1666565,2024-07-29 06:00:00,0.09817785,-0.012480732,4352639.653859386,-470285.21531356085,0.0
4006,109.7293,46.75,-6.1666565,2024-07-29 06:00:00,0.09419048,-0.0040789903,4352639.653859386,-470285.21531356085,0.0
4186,130.666,46.75,-6.1666565,2024-07-29 06:00:00,0.09124582,0.0013935389,4352639.653859386,-470285.21531356085,0.0
4366,155.8507,46.75,-6.1666565,2024-07-29 06:00:00,0.08992192,0.0055496716,4352639.653859386,-470285.21531356085,0.0
4546,186.1256,46.75,-6.1666565,2024-07-29 06:00:00,0.08892694,0.005261208,4352639.653859386,-470285.21531356085,0.0
4726,222.4752,46.75,-6.1666565,2024-07-29 06:00:00,0.09134433,0.005135202,4352639.653859386,-470285.21531356085,0.0
4906,266.0403,46.75,-6.1666565,2024-07-29 06:00:00,0.09375887,0.003102133,4352639.653859386,-470285.21531356085,0.0
5086,318.1274,46.75,-6.1666565,2024-07-29 06:00:00,0.08836233,-0.0030520682,4352639.653859386,-470285.21531356085,0.0
5266,380.213,46.75,-6.1666565,2024-07-29 06:00:00,0.07497931,-0.011697315,4352639.653859386,-470285.21531356085,0.0
5446,453.9377,46.75,-6.1666565,2024-07-29 06:00:00,0.057592936,-0.0039564255,4352639.653859386,-470285.21531356085,0.0
5626,541.0889,46.75,-6.1666565,2024-07-29 06:00:00,0.037944376,0.011221467,4352639.653859386,-470285.21531356085,0.0
5806,643.5668,46.75,-6.1666565,2024-07-29 06:00:00,0.05378533,0.051059555,4352639.653859386,-470285.21531356085,0.0
5986,763.3331,46.75,-6.1666565,2024-07-29 06:00:00,0.08063873,0.07898426,4352639.653859386,-470285.21531356085,0.0
6166,902.3393,46.75,-6.1666565,2024-07-29 06:00:00,0.14412743,0.08379985,4352639.653859386,-470285.21531356085,0.0
55,0.494025,46.75,-6.0833282,2024-07-29 06:00:00,0.056807753,0.010130316,4353319.010767862,-463954.44881885045,0.0
235,1.541375,46.75,-6.0833282,2024-07-29 06:00:00,0.060657952,0.013810164,4353319.010767862,-463954.44881885045,0.0
415,2.645669,46.75,-6.0833282,2024-07-29 06:00:00,0.06454827,0.017132565,4353319.010767862,-463954.44881885045,0.0
595,3.819495,46.75,-6.0833282,2024-07-29 06:00:00,0.06831473,0.019994231,4353319.010767862,-463954.44881885045,0.0
775,5.078224,46.75,-6.0833282,2024-07-29 06:00:00,0.07190965,0.022400703,4353319.010767862,-463954.44881885045,0.0
955,6.440614,46.75,-6.0833282,2024-07-29 06:00:00,0.07531429,0.024367757,4353319.010767862,-463954.44881885045,0.0
1135,7.92956,46.75,-6.0833282,2024-07-29 06:00:00,0.07854683,0.025907386,4353319.010767862,-463954.44881885045,0.0
1315,9.572997,46.75,-6.0833282,2024-07-29 06:00:00,0.0817774,0.027031444,4353319.010767862,-463954.44881885045,0.0
1495,11.405,46.75,-6.0833282,2024-07-29 06:00:00,0.08641374,0.027743096,4353319.010767862,-463954.44881885045,0.0
1675,13.46714,46.75,-6.0833282,2024-07-29 06:00:00,0.107573286,0.023610292,4353319.010767862,-463954.44881885045,0.0
1855,15.81007,46.75,-6.0833282,2024-07-29 06:00:00,0.14126237,-0.03167861,4353319.010767862,-463954.44881885045,0.0
2035,18.49556,46.75,-6.0833282,2024-07-29 06:00:00,0.12964912,-0.052728042,4353319.010767862,-463954.44881885045,0.0
2215,21.59882,46.75,-6.0833282,2024-07-29 06:00:00,0.115673624,-0.055187,4353319.010767862,-463954.44881885045,0.0
2395,25.21141,46.75,-6.0833282,2024-07-29 06:00:00,0.09261125,-0.049707133,4353319.010767862,-463954.44881885045,0.0
2575,29.44473,46.75,-6.0833282,2024-07-29 06:00:00,0.06351595,-0.03166036,4353319.010767862,-463954.44881885045,0.0
2755,34.43415,46.75,-6.0833282,2024-07-29 06:00:00,0.033588734,0.0053095957,4353319.010767862,-463954.44881885045,0.0
2935,40.34405,46.75,-6.0833282,2024-07-29 06:00:00,0.03503613,0.05367902,4353319.010767862,-463954.44881885045,0.0
3115,47.37369,46.75,-6.0833282,2024-07-29 06:00:00,0.09140988,0.06949782,4353319.010767862,-463954.44881885045,0.0
3295,55.76429,46.75,-6.0833282,2024-07-29 06:00:00,0.14938883,0.028920582,4353319.010767862,-463954.44881885045,0.0
3475,65.80727,46.75,-6.0833282,2024-07-29 06:00:00,0.15462436,-0.021652546,4353319.010767862,-463954.44881885045,0.0
3655,77.85385,46.75,-6.0833282,2024-07-29 06:00:00,0.12554899,-0.039974242,4353319.010767862,-463954.44881885045,0.0
3835,92.32607,46.75,-6.0833282,2024-07-29 06:00:00,0.102089964,-0.02880797,4353319.010767862,-463954.44881885045,0.0
4015,109.7293,46.75,-6.0833282,2024-07-29 06:00:00,0.09443331,-0.01499621,4353319.010767862,-463954.44881885045,0.0
4195,130.666,46.75,-6.0833282,2024-07-29 06:00:00,0.09342103,-0.0056119002,4353319.010767862,-463954.44881885045,0.0
4375,155.8507,46.75,-6.0833282,2024-07-29 06:00:00,0.09334138,-0.00028953562,4353319.010767862,-463954.44881885045,0.0
4555,186.1256,46.75,-6.0833282,2024-07-29 06:00:00,0.09038647,0.0022361646,4353319.010767862,-463954.44881885045,0.0
4735,222.4752,46.75,-6.0833282,2024-07-29 06:00:00,0.09234026,0.007744719,4353319.010767862,-463954.44881885045,0.0
4915,266.0403,46.75,-6.0833282,2024-07-29 06:00:00,0.092011236,0.005217115,4353319.010767862,-463954.44881885045,0.0
5095,318.1274,46.75,-6.0833282,2024-07-29 06:00:00,0.08245377,0.005992202,4353319.010767862,-463954.44881885045,0.0
5275,380.213,46.75,-6.0833282,2024-07-29 06:00:00,0.07039669,-0.0038458924,4353319.010767862,-463954.44881885045,0.0
5455,453.9377,46.75,-6.0833282,2024-07-29 06:00:00,0.052201964,-0.0015861734,4353319.010767862,-463954.44881885045,0.0
5635,541.0889,46.75,-6.0833282,2024-07-29 06:00:00,0.022218987,0.014318803,4353319.010767862,-463954.44881885045,0.0
5815,643.5668,46.75,-6.0833282,2024-07-29 06:00:00,0.038241617,0.03897436,4353319.010767862,-463954.44881885045,0.0
5995,763.3331,46.75,-6.0833282,2024-07-29 06:00:00,0.06452541,0.050755188,4353319.010767862,-463954.44881885045,0.0
6175,902.3393,46.75,-6.0833282,2024-07-29 06:00:00,0.12903312,0.049050875,4353319.010767862,-463954.44881885045,0.0
64,0.494025,46.75,-6.0,2024-07-29 06:00:00,0.050867077,0.01867453,4353989.159796485,-457622.70099545474,0.0
244,1.541375,46.75,-6.0,2024-07-29 06:00:00,0.0547804,0.022268206,4353989.159796485,-457622.70099545474,0.0
424,2.645669,46.75,-6.0,2024-07-29 06:00:00,0.058722783,0.02550491,4353989.159796485,-457622.70099545474,0.0
604,3.819495,46.75,-6.0,2024-07-29 06:00:00,0.06253402,0.028291037,4353989.159796485,-457622.70099545474,0.0
784,5.078224,46.75,-6.0,2024-07-29 06:00:00,0.066171266,0.030638061,4353989.159796485,-457622.70099545474,0.0
964,6.440614,46.75,-6.0,2024-07-29 06:00:00,0.069615334,0.03256423,4353989.159796485,-457622.70099545474,0.0
1144,7.92956,46.75,-6.0,2024-07-29 06:00:00,0.07288027,0.034083817,4353989.159796485,-457622.70099545474,0.0
1324,9.572997,46.75,-6.0,2024-07-29 06:00:00,0.076142944,0.035220243,4353989.159796485,-457622.70099545474,0.0
1504,11.405,46.75,-6.0,2024-07-29 06:00:00,0.08073152,0.036025144,4353989.159796485,-457622.70099545474,0.0
1684,13.46714,46.75,-6.0,2024-07-29 06:00:00,0.10265103,0.03195481,4353989.159796485,-457622.70099545474,0.0
1864,15.81007,46.75,-6.0,2024-07-29 06:00:00,0.14198078,-0.022066334,4353989.159796485,-457622.70099545474,0.0
2044,18.49556,46.75,-6.0,2024-07-29 06:00:00,0.13421641,-0.046085823,4353989.159796485,-457622.70099545474,0.0
2224,21.59882,46.75,-6.0,2024-07-29 06:00:00,0.12321593,-0.054530773,4353989.159796485,-457622.70099545474,0.0
2404,25.21141,46.75,-6.0,2024-07-29 06:00:00,0.10544319,-0.05882713,4353989.159796485,-457622.70099545474,0.0
2584,29.44473,46.75,-6.0,2024-07-29 06:00:00,0.08022497,-0.052372005,4353989.159796485,-457622.70099545474,0.0
2764,34.43415,46.75,-6.0,2024-07-29 06:00:00,0.04784315,-0.02631352,4353989.159796485,-457622.70099545474,0.0
2944,40.34405,46.75,-6.0,2024-07-29 06:00:00,0.036050674,0.018920753,4353989.159796485,-457622.70099545474,0.0
3124,47.37369,46.75,-6.0,2024-07-29 06:00:00,0.07548794,0.048983112,4353989.159796485,-457622.70099545474,0.0
3304,55.76429,46.75,-6.0,2024-07-29 06:00:00,0.13466552,0.028741507,4353989.159796485,-457622.70099545474,0.0
3484,65.80727,46.75,-6.0,2024-07-29 06:00:00,0.15651648,-0.017285448,4353989.159796485,-457622.70099545474,0.0
3664,77.85385,46.75,-6.0,2024-07-29 06:00:00,0.1380525,-0.04267672,4353989.159796485,-457622.70099545474,0.0
3844,92.32607,46.75,-6.0,2024-07-29 06:00:00,0.111485995,-0.036040533,4353989.159796485,-457622.70099545474,0.0
4024,109.7293,46.75,-6.0,2024-07-29 06:00:00,0.09942175,-0.022479702,4353989.159796485,-457622.70099545474,0.0
4204,130.666,46.75,-6.0,2024-07-29 06:00:00,0.09844893,-0.016404092,4353989.159796485,-457622.70099545474,0.0
4384,155.8507,46.75,-6.0,2024-07-29 06:00:00,0.09967688,-0.014661871,4353989.159796485,-457622.70099545474,0.0
4564,186.1256,46.75,-6.0,2024-07-29 06:00:00,0.09639957,-0.015030889,4353989.159796485,-457622.70099545474,0.0
4744,222.4752,46.75,-6.0,2024-07-29 06:00:00,0.09218553,-0.007321452,4353989.159796485,-457622.70099545474,0.0
4924,266.0403,46.75,-6.0,2024-07-29 06:00:00,0.08607646,-0.0073268116,4353989.159796485,-457622.70099545474,0.0
5104,318.1274,46.75,-6.0,2024-07-29 06:00:00,0.079172164,-0.006042056,4353989.159796485,-457622.70099545474,0.0
5284,380.213,46.75,-6.0,2024-07-29 06:00:00,0.064755686,-0.00994636,4353989.159796485,-457622.70099545474,0.0
5464,453.9377,46.75,-6.0,2024-07-29 06:00:00,0.037141953,-0.008433079,4353989.159796485,-457622.70099545474,0.0
5644,541.0889,46.75,-6.0,2024-07-29 06:00:00,0.011162456,0.0076138694,4353989.159796485,-457622.70099545474,0.0
5824,643.5668,46.75,-6.0,2024-07-29 06:00:00,0.024443591,0.016357256,4353989.159796485,-457622.70099545474,0.0
6004,763.3331,46.75,-6.0,2024-07-29 06:00:00,0.049566887,0.022522748,4353989.159796485,-457622.70099545474,0.0
6184,902.3393,46.75,-6.0,2024-07-29 06:00:00,0.09631316,0.024887908,4353989.159796485,-457622.70099545474,0.0
73,0.494025,46.833336,-6.25,2024-07-29 06:00:00,0.023016095,-0.02559482,4345238.723142079,-475881.0361998027,0.0
253,1.541375,46.833336,-6.25,2024-07-29 06:00:00,0.026698917,-0.021639923,4345238.723142079,-475881.0361998027,0.0
433,2.645669,46.833336,-6.25,2024-07-29 06:00:00,0.030438328,-0.01808917,4345238.723142079,-475881.0361998027,0.0
613,3.819495,46.833336,-6.25,2024-07-29 06:00:00,0.034056235,-0.015053525,4345238.723142079,-475881.0361998027,0.0
793,5.078224,46.833336,-6.25,2024-07-29 06:00:00,0.037487198,-0.012519126,4345238.723142079,-475881.0361998027,0.0
973,6.440614,46.833336,-6.25,2024-07-29 06:00:00,0.040677927,-0.010464191,4345238.723142079,-475881.0361998027,0.0
1153,7.92956,46.833336,-6.25,2024-07-29 06:00:00,0.043591037,-0.008870788,4345238.723142079,-475881.0361998027,0.0
1333,9.572997,46.833336,-6.25,2024-07-29 06:00:00,0.046288006,-0.007675837,4345238.723142079,-475881.0361998027,0.0
1513,11.405,46.833336,-6.25,2024-07-29 06:00:00,0.050394464,-0.00674451,4345238.723142079,-475881.0361998027,0.0
1693,13.46714,46.833336,-6.25,2024-07-29 06:00:00,0.094159245,-0.029751591,4345238.723142079,-475881.0361998027,0.0
1873,15.81007,46.833336,-6.25,2024-07-29 06:00:00,0.10500979,-0.058196727,4345238.723142079,-475881.0361998027,0.0
2053,18.49556,46.833336,-6.25,2024-07-29 06:00:00,0.105096206,-0.06624228,4345238.723142079,-475881.0361998027,0.0
2233,21.59882,46.833336,-6.25,2024-07-29 06:00:00,0.098873556,-0.06602696,4345238.723142079,-475881.0361998027,0.0
2413,25.21141,46.833336,-6.25,2024-07-29 06:00:00,0.08245573,-0.058360975,4345238.723142079,-475881.0361998027,0.0
2593,29.44473,46.833336,-6.25,2024-07-29 06:00:00,0.057910018,-0.042260256,4345238.723142079,-475881.0361998027,0.0
2773,34.43415,46.833336,-6.25,2024-07-29 06:00:00,0.033930764,-0.006733833,4345238.723142079,-475881.0361998027,0.0
2953,40.34405,46.833336,-6.25,2024-07-29 06:00:00,0.03448773,0.036125217,4345238.723142079,-475881.0361998027,0.0
3133,47.37369,46.833336,-6.25,2024-07-29 06:00:00,0.07869192,0.051327616,4345238.723142079,-475881.0361998027,0.0
3313,55.76429,46.833336,-6.25,2024-07-29 06:00:00,0.121798016,0.02227493,4345238.723142079,-475881.0361998027,0.0
3493,65.80727,46.833336,-6.25,2024-07-29 06:00:00,0.12289596,-0.014481802,4345238.723142079,-475881.0361998027,0.0
3673,77.85385,46.833336,-6.25,2024-07-29 06:00:00,0.10136931,-0.025950247,4345238.723142079,-475881.0361998027,0.0
3853,92.32607,46.833336,-6.25,2024-07-29 06:00:00,0.08737115,-0.023384262,4345238.723142079,-475881.0361998027,0.0
4033,109.7293,46.833336,-6.25,2024-07-29 06:00:00,0.08203432,-0.016709743,4345238.723142079,-475881.0361998027,0.0
4213,130.666,46.833336,-6.25,2024-07-29 06:00:00,0.07909955,-0.010577615,4345238.723142079,-475881.0361998027,0.0
4393,155.8507,46.833336,-6.25,2024-07-29 06:00:00,0.07860307,-0.008931411,4345238.723142079,-475881.0361998027,0.0
4573,186.1256,46.833336,-6.25,2024-07-29 06:00:00,0.08112149,-0.009797664,4345238.723142079,-475881.0361998027,0.0
4753,222.4752,46.833336,-6.25,2024-07-29 06:00:00,0.08279487,-0.008729635,4345238.723142079,-475881.0361998027,0.0
4933,266.0403,46.833336,-6.25,2024-07-29 06:00:00,0.08126198,-0.0075449888,4345238.723142079,-475881.0361998027,0.0
5113,318.1274,46.833336,-6.25,2024-07-29 06:00:00,0.072475836,-0.008528321,4345238.723142079,-475881.0361998027,0.0
5293,380.213,46.833336,-6.25,2024-07-29 06:00:00,0.04938482,-0.009214386,4345238.723142079,-475881.0361998027,0.0
5473,453.9377,46.833336,-6.25,2024-07-29 06:00:00,0.04321774,0.0069064684,4345238.723142079,-475881.0361998027,0.0
5653,541.0889,46.833336,-6.25,2024-07-29 06:00:00,0.043089896,0.031037865,4345238.723142079,-475881.0361998027,0.0
5833,643.5668,46.833336,-6.25,2024-07-29 06:00:00,0.0339412,0.06423519,4345238.723142079,-475881.0361998027,0.0
6013,763.3331,46.833336,-6.25,2024-07-29 06:00:00,0.03829006,0.09101878,4345238.723142079,-475881.0361998027,0.0
6193,902.3393,46.833336,-6.25,2024-07-29 06:00:00,0.089970574,0.10024014,4345238.723142079,-475881.0361998027,0.0
82,0.494025,46.833336,-6.1666565,2024-07-29 06:00:00,0.028771052,-0.006935137,4345926.351221016,-469559.8699535443,0.0
262,1.541375,46.833336,-6.1666565,2024-07-29 06:00:00,0.03254331,-0.0030832947,4345926.351221016,-469559.8699535443,0.0
442,2.645669,46.833336,-6.1666565,2024-07-29 06:00:00,0.036359992,0.00036036246,4345926.351221016,-469559.8699535443,0.0
622,3.819495,46.833336,-6.1666565,2024-07-29 06:00:00,0.04004386,0.0032897491,4345926.351221016,-469559.8699535443,0.0
802,5.078224,46.833336,-6.1666565,2024-07-29 06:00:00,0.043531615,0.005718152,4345926.351221016,-469559.8699535443,0.0
982,6.440614,46.833336,-6.1666565,2024-07-29 06:00:00,0.04677284,0.007665031,4345926.351221016,-469559.8699535443,0.0
1162,7.92956,46.833336,-6.1666565,2024-07-29 06:00:00,0.04973921,0.009151037,4345926.351221016,-469559.8699535443,0.0
1342,9.572997,46.833336,-6.1666565,2024-07-29 06:00:00,0.05251162,0.010203373,4345926.351221016,-469559.8699535443,0.0
1522,11.405,46.833336,-6.1666565,2024-07-29 06:00:00,0.056665547,0.010778446,4345926.351221016,-469559.8699535443,0.0
1702,13.46714,46.833336,-6.1666565,2024-07-29 06:00:00,0.095468365,-0.010757472,4345926.351221016,-469559.8699535443,0.0
1882,15.81007,46.833336,-6.1666565,2024-07-29 06:00:00,0.11417958,-0.051930808,4345926.351221016,-469559.8699535443,0.0
2062,18.49556,46.833336,-6.1666565,2024-07-29 06:00:00,0.11374595,-0.06322026,4345926.351221016,-469559.8699535443,0.0
2242,21.59882,46.833336,-6.1666565,2024-07-29 06:00:00,0.10385521,-0.06287222,4345926.351221016,-469559.8699535443,0.0
2422,25.21141,46.833336,-6.1666565,2024-07-29 06:00:00,0.07997577,-0.053630356,4345926.351221016,-469559.8699535443,0.0
2602,29.44473,46.833336,-6.1666565,2024-07-29 06:00:00,0.0458265,-0.033383273,4345926.351221016,-469559.8699535443,0.0
2782,34.43415,46.833336,-6.1666565,2024-07-29 06:00:00,0.015078864,0.0085428925,4345926.351221016,-469559.8699535443,0.0
2962,40.34405,46.833336,-6.1666565,2024-07-29 06:00:00,0.020847667,0.059069734,4345926.351221016,-469559.8699535443,0.0
3142,47.37369,46.833336,-6.1666565,2024-07-29 06:00:00,0.084105656,0.075586826,4345926.351221016,-469559.8699535443,0.0
3322,55.76429,46.833336,-6.1666565,2024-07-29 06:00:00,0.1450935,0.033927016,4345926.351221016,-469559.8699535443,0.0
3502,65.80727,46.833336,-6.1666565,2024-07-29 06:00:00,0.14710864,-0.0151349455,4345926.351221016,-469559.8699535443,0.0
3682,77.85385,46.833336,-6.1666565,2024-07-29 06:00:00,0.11538502,-0.029855704,4345926.351221016,-469559.8699535443,0.0
3862,92.32607,46.833336,-6.1666565,2024-07-29 06:00:00,0.09322461,-0.022903662,4345926.351221016,-469559.8699535443,0.0
4042,109.7293,46.833336,-6.1666565,2024-07-29 06:00:00,0.085716575,-0.013102919,4345926.351221016,-469559.8699535443,0.0
4222,130.666,46.833336,-6.1666565,2024-07-29 06:00:00,0.08516072,-0.006759304,4345926.351221016,-469559.8699535443,0.0
4402,155.8507,46.833336,-6.1666565,2024-07-29 06:00:00,0.08325499,-0.0016976651,4345926.351221016,-469559.8699535443,0.0
4582,186.1256,46.833336,-6.1666565,2024-07-29 06:00:00,0.08443193,-0.0026876456,4345926.351221016,-469559.8699535443,0.0
4762,222.4752,46.833336,-6.1666565,2024-07-29 06:00:00,0.085362196,0.00022167154,4345926.351221016,-469559.8699535443,0.0
4942,266.0403,46.833336,-6.1666565,2024-07-29 06:00:00,0.08010185,0.001464481,4345926.351221016,-469559.8699535443,0.0
5122,318.1274,46.833336,-6.1666565,2024-07-29 06:00:00,0.068151705,-0.0015227185,4345926.351221016,-469559.8699535443,0.0
5302,380.213,46.833336,-6.1666565,2024-07-29 06:00:00,0.042840593,0.0040752273,4345926.351221016,-469559.8699535443,0.0
5482,453.9377,46.833336,-6.1666565,2024-07-29 06:00:00,0.030709675,0.02058582,4345926.351221016,-469559.8699535443,0.0
5662,541.0889,46.833336,-6.1666565,2024-07-29 06:00:00,0.02474652,0.046053797,4345926.351221016,-469559.8699535443,0.0
5842,643.5668,46.833336,-6.1666565,2024-07-29 06:00:00,0.022216678,0.077650405,4345926.351221016,-469559.8699535443,0.0
6022,763.3331,46.833336,-6.1666565,2024-07-29 06:00:00,0.042622108,0.08901007,4345926.351221016,-469559.8699535443,0.0
6202,902.3393,46.833336,-6.1666565,2024-07-29 06:00:00,0.09924028,0.08244607,4345926.351221016,-469559.8699535443,0.0
91,0.494025,46.833336,-6.0833282,2024-07-29 06:00:00,0.03367734,0.010430088,4346604.66032198,-463238.86772943556,0.0
271,1.541375,46.833336,-6.0833282,2024-07-29 06:00:00,0.037527554,0.0141991135,4346604.66032198,-463238.86772943556,0.0
451,2.645669,46.833336,-6.0833282,2024-07-29 06:00:00,0.04140606,0.017572537,4346604.66032198,-463238.86772943556,0.0
631,3.819495,46.833336,-6.0833282,2024-07-29 06:00:00,0.045136794,0.020447508,4346604.66032198,-463238.86772943556,0.0
811,5.078224,46.833336,-6.0833282,2024-07-29 06:00:00,0.048658233,0.02283485,4346604.66032198,-463238.86772943556,0.0
991,6.440614,46.833336,-6.0833282,2024-07-29 06:00:00,0.051921483,0.02474925,4346604.66032198,-463238.86772943556,0.0
1171,7.92956,46.833336,-6.0833282,2024-07-29 06:00:00,0.054902606,0.026204582,4346604.66032198,-463238.86772943556,0.0
1351,9.572997,46.833336,-6.0833282,2024-07-29 06:00:00,0.057706837,0.027219053,4346604.66032198,-463238.86772943556,0.0
1531,11.405,46.833336,-6.0833282,2024-07-29 06:00:00,0.061480723,0.02778142,4346604.66032198,-463238.86772943556,0.0
1711,13.46714,46.833336,-6.0833282,2024-07-29 06:00:00,0.0933121,0.012719111,4346604.66032198,-463238.86772943556,0.0
1891,15.81007,46.833336,-6.0833282,2024-07-29 06:00:00,0.124325365,-0.03595942,4346604.66032198,-463238.86772943556,0.0
2071,18.49556,46.833336,-6.0833282,2024-07-29 06:00:00,0.12417406,-0.053019013,4346604.66032198,-463238.86772943556,0.0
2251,21.59882,46.833336,-6.0833282,2024-07-29 06:00:00,0.112051815,-0.056700848,4346604.66032198,-463238.86772943556,0.0
2431,25.21141,46.833336,-6.0833282,2024-07-29 06:00:00,0.08541027,-0.053625546,4346604.66032198,-463238.86772943556,0.0
2611,29.44473,46.833336,-6.0833282,2024-07-29 06:00:00,0.04724237,-0.03895791,4346604.66032198,-463238.86772943556,0.0
2791,34.43415,46.833336,-6.0833282,2024-07-29 06:00:00,0.011550701,0.0016155692,4346604.66032198,-463238.86772943556,0.0
2971,40.34405,46.833336,-6.0833282,2024-07-29 06:00:00,0.017095553,0.05910757,4346604.66032198,-463238.86772943556,0.0
3151,47.37369,46.833336,-6.0833282,2024-07-29 06:00:00,0.08486201,0.085950226,4346604.66032198,-463238.86772943556,0.0
3331,55.76429,46.833336,-6.0833282,2024-07-29 06:00:00,0.15763363,0.04793109,4346604.66032198,-463238.86772943556,0.0
3511,65.80727,46.833336,-6.0833282,2024-07-29 06:00:00,0.1697235,-0.011593194,4346604.66032198,-463238.86772943556,0.0
3691,77.85385,46.833336,-6.0833282,2024-07-29 06:00:00,0.13757564,-0.037638176,4346604.66032198,-463238.86772943556,0.0
3871,92.32607,46.833336,-6.0833282,2024-07-29 06:00:00,0.10375266,-0.029753398,4346604.66032198,-463238.86772943556,0.0
4051,109.7293,46.833336,-6.0833282,2024-07-29 06:00:00,0.08913526,-0.01569129,4346604.66032198,-463238.86772943556,0.0
4231,130.666,46.833336,-6.0833282,2024-07-29 06:00:00,0.088454574,-0.008877445,4346604.66032198,-463238.86772943556,0.0
4411,155.8507,46.833336,-6.0833282,2024-07-29 06:00:00,0.08792958,-0.0042338283,4346604.66032198,-463238.86772943556,0.0
4591,186.1256,46.833336,-6.0833282,2024-07-29 06:00:00,0.083411776,-0.0032943534,4346604.66032198,-463238.86772943556,0.0
4771,222.4752,46.833336,-6.0833282,2024-07-29 06:00:00,0.08269521,0.0007272558,4346604.66032198,-463238.86772943556,0.0
4951,266.0403,46.833336,-6.0833282,2024-07-29 06:00:00,0.08142405,0.0008567381,4346604.66032198,-463238.86772943556,0.0
5131,318.1274,46.833336,-6.0833282,2024-07-29 06:00:00,0.0573344,0.0020441571,4346604.66032198,-463238.86772943556,0.0
5311,380.213,46.833336,-6.0833282,2024-07-29 06:00:00,0.03713656,0.0053821737,4346604.66032198,-463238.86772943556,0.0
5491,453.9377,46.833336,-6.0833282,2024-07-29 06:00:00,0.022324082,0.020756938,4346604.66032198,-463238.86772943556,0.0
5671,541.0889,46.833336,-6.0833282,2024-07-29 06:00:00,0.009948418,0.047573134,4346604.66032198,-463238.86772943556,0.0
5851,643.5668,46.833336,-6.0833282,2024-07-29 06:00:00,0.032419797,0.061658874,4346604.66032198,-463238.86772943556,0.0
6031,763.3331,46.833336,-6.0833282,2024-07-29 06:00:00,0.039543707,0.075324245,4346604.66032198,-463238.86772943556,0.0
6211,902.3393,46.833336,-6.0833282,2024-07-29 06:00:00,0.08168789,0.076014966,4346604.66032198,-463238.86772943556,0.0
100,0.494025,46.833336,-6.0,2024-07-29 06:00:00,0.031775445,0.019317694,4347273.775744883,-456916.88569019584,0.0
280,1.541375,46.833336,-6.0,2024-07-29 06:00:00,0.035702817,0.023003122,4347273.775744883,-456916.88569019584,0.0
460,2.645669,46.833336,-6.0,2024-07-29 06:00:00,0.0396416,0.026310408,4347273.775744883,-456916.88569019584,0.0
640,3.819495,46.833336,-6.0,2024-07-29 06:00:00,0.043418776,0.02914151,4347273.775744883,-456916.88569019584,0.0
820,5.078224,46.833336,-6.0,2024-07-29 06:00:00,0.046976738,0.031507522,4347273.775744883,-456916.88569019584,0.0
1000,6.440614,46.833336,-6.0,2024-07-29 06:00:00,0.05026688,0.033420693,4347273.775744883,-456916.88569019584,0.0
1180,7.92956,46.833336,-6.0,2024-07-29 06:00:00,0.053263072,0.03489236,4347273.775744883,-456916.88569019584,0.0
1360,9.572997,46.833336,-6.0,2024-07-29 06:00:00,0.0560687,0.035947837,4347273.775744883,-456916.88569019584,0.0
1540,11.405,46.833336,-6.0,2024-07-29 06:00:00,0.059625402,0.036595568,4347273.775744883,-456916.88569019584,0.0
1720,13.46714,46.833336,-6.0,2024-07-29 06:00:00,0.08797009,0.025952619,4347273.775744883,-456916.88569019584,0.0
1900,15.81007,46.833336,-6.0,2024-07-29 06:00:00,0.12502606,-0.01967285,4347273.775744883,-456916.88569019584,0.0
2080,18.49556,46.833336,-6.0,2024-07-29 06:00:00,0.12800196,-0.040182292,4347273.775744883,-456916.88569019584,0.0
2260,21.59882,46.833336,-6.0,2024-07-29 06:00:00,0.12034941,-0.04936614,4347273.775744883,-456916.88569019584,0.0
2440,25.21141,46.833336,-6.0,2024-07-29 06:00:00,0.101261966,-0.05581208,4347273.775744883,-456916.88569019584,0.0
2620,29.44473,46.833336,-6.0,2024-07-29 06:00:00,0.070243105,-0.053687744,4347273.775744883,-456916.88569019584,0.0
2800,34.43415,46.833336,-6.0,2024-07-29 06:00:00,0.03557453,-0.027314484,4347273.775744883,-456916.88569019584,0.0
2980,40.34405,46.833336,-6.0,2024-07-29 06:00:00,0.029256156,0.022730708,4347273.775744883,-456916.88569019584,0.0
3160,47.37369,46.833336,-6.0,2024-07-29 06:00:00,0.074861474,0.06132187,4347273.775744883,-456916.88569019584,0.0
3340,55.76429,46.833336,-6.0,2024-07-29 06:00:00,0.1388039,0.05087152,4347273.775744883,-456916.88569019584,0.0
3520,65.80727,46.833336,-6.0,2024-07-29 06:00:00,0.16822065,0.0024355398,4347273.775744883,-456916.88569019584,0.0
3700,77.85385,46.833336,-6.0,2024-07-29 06:00:00,0.1525742,-0.02932588,4347273.775744883,-456916.88569019584,0.0
3880,92.32607,46.833336,-6.0,2024-07-29 06:00:00,0.12155925,-0.030772554,4347273.775744883,-456916.88569019584,0.0
4060,109.7293,46.833336,-6.0,2024-07-29 06:00:00,0.10403197,-0.021650659,4347273.775744883,-456916.88569019584,0.0
4240,130.666,46.833336,-6.0,2024-07-29 06:00:00,0.098238945,-0.01711674,4347273.775744883,-456916.88569019584,0.0
4420,155.8507,46.833336,-6.0,2024-07-29 06:00:00,0.09223158,-0.013748576,4347273.775744883,-456916.88569019584,0.0
4600,186.1256,46.833336,-6.0,2024-07-29 06:00:00,0.082982406,-0.011715981,4347273.775744883,-456916.88569019584,0.0
4780,222.4752,46.833336,-6.0,2024-07-29 06:00:00,0.07671841,-0.009556554,4347273.775744883,-456916.88569019584,0.0
4960,266.0403,46.833336,-6.0,2024-07-29 06:00:00,0.07240725,-0.009942673,4347273.775744883,-456916.88569019584,0.0
5140,318.1274,46.833336,-6.0,2024-07-29 06:00:00,0.05299949,-0.013812669,4347273.775744883,-456916.88569019584,0.0
5320,380.213,46.833336,-6.0,2024-07-29 06:00:00,0.034280915,-0.012934253,4347273.775744883,-456916.88569019584,0.0
5500,453.9377,46.833336,-6.0,2024-07-29 06:00:00,0.028572265,-0.0060615754,4347273.775744883,-456916.88569019584,0.0
5680,541.0889,46.833336,-6.0,2024-07-29 06:00:00,0.024050115,0.0074389246,4347273.775744883,-456916.88569019584,0.0
5860,643.5668,46.833336,-6.0,2024-07-29 06:00:00,0.037681025,0.030257387,4347273.775744883,-456916.88569019584,0.0
6040,763.3331,46.833336,-6.0,2024-07-29 06:00:00,0.044352867,0.042410884,4347273.775744883,-456916.88569019584,0.0
6220,902.3393,46.833336,-6.0,2024-07-29 06:00:00,0.047083043,0.07225513,4347273.775744883,-456916.88569019584,0.0
109,0.494025,46.91667,-6.25,2024-07-29 06:00:00,0.035055134,-0.024559494,4338517.220887722,-475144.9119816816,0.0
289,1.541375,46.91667,-6.25,2024-07-29 06:00:00,0.038761187,-0.020514362,4338517.220887722,-475144.9119816816,0.0
469,2.645669,46.91667,-6.25,2024-07-29 06:00:00,0.04254234,-0.016899545,4338517.220887722,-475144.9119816816,0.0
649,3.819495,46.91667,-6.25,2024-07-29 06:00:00,0.046222653,-0.013825815,4338517.220887722,-475144.9119816816,0.0
829,5.078224,46.91667,-6.25,2024-07-29 06:00:00,0.049748424,-0.011275583,4338517.220887722,-475144.9119816816,0.0
1009,6.440614,46.91667,-6.25,2024-07-29 06:00:00,0.053096704,-0.009229056,4338517.220887722,-475144.9119816816,0.0
1189,7.92956,46.91667,-6.25,2024-07-29 06:00:00,0.05632727,-0.0076685753,4338517.220887722,-475144.9119816816,0.0
1369,9.572997,46.91667,-6.25,2024-07-29 06:00:00,0.060575433,-0.0063462257,4338517.220887722,-475144.9119816816,0.0
1549,11.405,46.91667,-6.25,2024-07-29 06:00:00,0.08090706,-0.007167135,4338517.220887722,-475144.9119816816,0.0
1729,13.46714,46.91667,-6.25,2024-07-29 06:00:00,0.11914036,-0.04027006,4338517.220887722,-475144.9119816816,0.0
1909,15.81007,46.91667,-6.25,2024-07-29 06:00:00,0.120568454,-0.048591997,4338517.220887722,-475144.9119816816,0.0
2089,18.49556,46.91667,-6.25,2024-07-29 06:00:00,0.11945244,-0.04723109,4338517.220887722,-475144.9119816816,0.0
2269,21.59882,46.91667,-6.25,2024-07-29 06:00:00,0.1157099,-0.03949738,4338517.220887722,-475144.9119816816,0.0
2449,25.21141,46.91667,-6.25,2024-07-29 06:00:00,0.1049608,-0.024553936,4338517.220887722,-475144.9119816816,0.0
2629,29.44473,46.91667,-6.25,2024-07-29 06:00:00,0.08815336,-0.0024881826,4338517.220887722,-475144.9119816816,0.0
2809,34.43415,46.91667,-6.25,2024-07-29 06:00:00,0.07605818,0.025339946,4338517.220887722,-475144.9119816816,0.0
2989,40.34405,46.91667,-6.25,2024-07-29 06:00:00,0.081234336,0.047162667,4338517.220887722,-475144.9119816816,0.0
3169,47.37369,46.91667,-6.25,2024-07-29 06:00:00,0.11216032,0.051573977,4338517.220887722,-475144.9119816816,0.0
3349,55.76429,46.91667,-6.25,2024-07-29 06:00:00,0.14199336,0.03249137,4338517.220887722,-475144.9119816816,0.0
3529,65.80727,46.91667,-6.25,2024-07-29 06:00:00,0.14060733,0.007937594,4338517.220887722,-475144.9119816816,0.0
3709,77.85385,46.91667,-6.25,2024-07-29 06:00:00,0.122483894,-0.0027427203,4338517.220887722,-475144.9119816816,0.0
3889,92.32607,46.91667,-6.25,2024-07-29 06:00:00,0.109227896,-0.0012833327,4338517.220887722,-475144.9119816816,0.0
4069,109.7293,46.91667,-6.25,2024-07-29 06:00:00,0.101115406,0.0062910584,4338517.220887722,-475144.9119816816,0.0
4249,130.666,46.91667,-6.25,2024-07-29 06:00:00,0.09236567,0.0103129335,4338517.220887722,-475144.9119816816,0.0
4429,155.8507,46.91667,-6.25,2024-07-29 06:00:00,0.08471406,0.0094452165,4338517.220887722,-475144.9119816816,0.0
4609,186.1256,46.91667,-6.25,2024-07-29 06:00:00,0.07644583,0.012436783,4338517.220887722,-475144.9119816816,0.0
4789,222.4752,46.91667,-6.25,2024-07-29 06:00:00,0.06826955,0.016961569,4338517.220887722,-475144.9119816816,0.0
4969,266.0403,46.91667,-6.25,2024-07-29 06:00:00,0.061197475,0.017437737,4338517.220887722,-475144.9119816816,0.0
5149,318.1274,46.91667,-6.25,2024-07-29 06:00:00,0.053960215,0.014417053,4338517.220887722,-475144.9119816816,0.0
5329,380.213,46.91667,-6.25,2024-07-29 06:00:00,0.04958281,0.022322576,4338517.220887722,-475144.9119816816,0.0
5509,453.9377,46.91667,-6.25,2024-07-29 06:00:00,0.050715256,0.025548179,4338517.220887722,-475144.9119816816,0.0
5689,541.0889,46.91667,-6.25,2024-07-29 06:00:00,0.03611526,0.03895535,4338517.220887722,-475144.9119816816,0.0
5869,643.5668,46.91667,-6.25,2024-07-29 06:00:00,0.03570617,0.05529751,4338517.220887722,-475144.9119816816,0.0
6049,763.3331,46.91667,-6.25,2024-07-29 06:00:00,0.044200674,0.0690646,4338517.220887722,-475144.9119816816,0.0
6229,902.3393,46.91667,-6.25,2024-07-29 06:00:00,0.04131858,0.09487797,4338517.220887722,-475144.9119816816,0.0
118,0.494025,46.91667,-6.1666565,2024-07-29 06:00:00,0.035521522,-0.0043136007,4339203.78529813,-468833.52373287774,0.0
298,1.541375,46.91667,-6.1666565,2024-07-29 06:00:00,0.039326716,-0.00036970153,4339203.78529813,-468833.52373287774,0.0
478,2.645669,46.91667,-6.1666565,2024-07-29 06:00:00,0.043210227,0.003117496,4339203.78529813,-468833.52373287774,0.0
658,3.819495,46.91667,-6.1666565,2024-07-29 06:00:00,0.046993725,0.006043149,4339203.78529813,-468833.52373287774,0.0
838,5.078224,46.91667,-6.1666565,2024-07-29 06:00:00,0.050619405,0.008425662,4339203.78529813,-468833.52373287774,0.0
1018,6.440614,46.91667,-6.1666565,2024-07-29 06:00:00,0.054055106,0.010285566,4339203.78529813,-468833.52373287774,0.0
1198,7.92956,46.91667,-6.1666565,2024-07-29 06:00:00,0.057369802,0.0116586685,4339203.78529813,-468833.52373287774,0.0
1378,9.572997,46.91667,-6.1666565,2024-07-29 06:00:00,0.061572716,0.012702463,4339203.78529813,-468833.52373287774,0.0
1558,11.405,46.91667,-6.1666565,2024-07-29 06:00:00,0.078037925,0.009474475,4339203.78529813,-468833.52373287774,0.0
1738,13.46714,46.91667,-6.1666565,2024-07-29 06:00:00,0.11773275,-0.027967477,4339203.78529813,-468833.52373287774,0.0
1918,15.81007,46.91667,-6.1666565,2024-07-29 06:00:00,0.12103149,-0.04297592,4339203.78529813,-468833.52373287774,0.0
2098,18.49556,46.91667,-6.1666565,2024-07-29 06:00:00,0.119526535,-0.04503346,4339203.78529813,-468833.52373287774,0.0
2278,21.59882,46.91667,-6.1666565,2024-07-29 06:00:00,0.11193335,-0.039542172,4339203.78529813,-468833.52373287774,0.0
2458,25.21141,46.91667,-6.1666565,2024-07-29 06:00:00,0.09377766,-0.027304318,4339203.78529813,-468833.52373287774,0.0
2638,29.44473,46.91667,-6.1666565,2024-07-29 06:00:00,0.06776231,-0.006665067,4339203.78529813,-468833.52373287774,0.0
2818,34.43415,46.91667,-6.1666565,2024-07-29 06:00:00,0.048735358,0.024790294,4339203.78529813,-468833.52373287774,0.0
2998,40.34405,46.91667,-6.1666565,2024-07-29 06:00:00,0.05600514,0.054266576,4339203.78529813,-468833.52373287774,0.0
3178,47.37369,46.91667,-6.1666565,2024-07-29 06:00:00,0.09707958,0.06436895,4339203.78529813,-468833.52373287774,0.0
3358,55.76429,46.91667,-6.1666565,2024-07-29 06:00:00,0.13730685,0.040036976,4339203.78529813,-468833.52373287774,0.0
3538,65.80727,46.91667,-6.1666565,2024-07-29 06:00:00,0.13546157,0.0041896394,4339203.78529813,-468833.52373287774,0.0
3718,77.85385,46.91667,-6.1666565,2024-07-29 06:00:00,0.11095604,-0.0127072595,4339203.78529813,-468833.52373287774,0.0
3898,92.32607,46.91667,-6.1666565,2024-07-29 06:00:00,0.090928696,-0.012605038,4339203.78529813,-468833.52373287774,0.0
4078,109.7293,46.91667,-6.1666565,2024-07-29 06:00:00,0.07910202,-0.0056262966,4339203.78529813,-468833.52373287774,0.0
4258,130.666,46.91667,-6.1666565,2024-07-29 06:00:00,0.07384545,0.00077953003,4339203.78529813,-468833.52373287774,0.0
4438,155.8507,46.91667,-6.1666565,2024-07-29 06:00:00,0.07106416,0.00029167626,4339203.78529813,-468833.52373287774,0.0
4618,186.1256,46.91667,-6.1666565,2024-07-29 06:00:00,0.06637594,0.00063737994,4339203.78529813,-468833.52373287774,0.0
4798,222.4752,46.91667,-6.1666565,2024-07-29 06:00:00,0.05959398,-0.00039846427,4339203.78529813,-468833.52373287774,0.0
4978,266.0403,46.91667,-6.1666565,2024-07-29 06:00:00,0.053424153,-0.0005904555,4339203.78529813,-468833.52373287774,0.0
5158,318.1274,46.91667,-6.1666565,2024-07-29 06:00:00,0.04163931,0.00022856588,4339203.78529813,-468833.52373287774,0.0
5338,380.213,46.91667,-6.1666565,2024-07-29 06:00:00,0.035163265,0.017736634,4339203.78529813,-468833.52373287774,0.0
5518,453.9377,46.91667,-6.1666565,2024-07-29 06:00:00,0.03713886,0.04364799,4339203.78529813,-468833.52373287774,0.0
5698,541.0889,46.91667,-6.1666565,2024-07-29 06:00:00,0.034536224,0.055019993,4339203.78529813,-468833.52373287774,0.0
5878,643.5668,46.91667,-6.1666565,2024-07-29 06:00:00,0.04636461,0.07579257,4339203.78529813,-468833.52373287774,0.0
6058,763.3331,46.91667,-6.1666565,2024-07-29 06:00:00,0.046297677,0.08319832,4339203.78529813,-468833.52373287774,0.0
6238,902.3393,46.91667,-6.1666565,2024-07-29 06:00:00,0.041348446,0.0965006,4339203.78529813,-468833.52373287774,0.0
127,0.494025,46.91667,-6.0833282,2024-07-29 06:00:00,0.03789136,0.005323358,4339881.045145775,-462522.2992525033,0.0
307,1.541375,46.91667,-6.0833282,2024-07-29 06:00:00,0.04178028,0.009170793,4339881.045145775,-462522.2992525033,0.0
487,2.645669,46.91667,-6.0833282,2024-07-29 06:00:00,0.045727126,0.012558289,4339881.045145775,-462522.2992525033,0.0
667,3.819495,46.91667,-6.0833282,2024-07-29 06:00:00,0.0495492,0.015383359,4339881.045145775,-462522.2992525033,0.0
847,5.078224,46.91667,-6.0833282,2024-07-29 06:00:00,0.05318018,0.01766043,4339881.045145775,-462522.2992525033,0.0
1027,6.440614,46.91667,-6.0833282,2024-07-29 06:00:00,0.056570407,0.019403491,4339881.045145775,-462522.2992525033,0.0
1207,7.92956,46.91667,-6.0833282,2024-07-29 06:00:00,0.05974824,0.020633608,4339881.045145775,-462522.2992525033,0.0
1387,9.572997,46.91667,-6.0833282,2024-07-29 06:00:00,0.06358493,0.021356123,4339881.045145775,-462522.2992525033,0.0
1567,11.405,46.91667,-6.0833282,2024-07-29 06:00:00,0.076921515,0.019927986,4339881.045145775,-462522.2992525033,0.0
1747,13.46714,46.91667,-6.0833282,2024-07-29 06:00:00,0.119830124,-0.015654398,4339881.045145775,-462522.2992525033,0.0
1927,15.81007,46.91667,-6.0833282,2024-07-29 06:00:00,0.12948897,-0.037423197,4339881.045145775,-462522.2992525033,0.0
2107,18.49556,46.91667,-6.0833282,2024-07-29 06:00:00,0.1281994,-0.04475763,4339881.045145775,-462522.2992525033,0.0
2287,21.59882,46.91667,-6.0833282,2024-07-29 06:00:00,0.119061165,-0.046161186,4339881.045145775,-462522.2992525033,0.0
2467,25.21141,46.91667,-6.0833282,2024-07-29 06:00:00,0.09811931,-0.04360118,4339881.045145775,-462522.2992525033,0.0
2647,29.44473,46.91667,-6.0833282,2024-07-29 06:00:00,0.067028746,-0.030767187,4339881.045145775,-462522.2992525033,0.0
2827,34.43415,46.91667,-6.0833282,2024-07-29 06:00:00,0.040445436,0.0020057037,4339881.045145775,-462522.2992525033,0.0
3007,40.34405,46.91667,-6.0833282,2024-07-29 06:00:00,0.041565575,0.045363605,4339881.045145775,-462522.2992525033,0.0
3187,47.37369,46.91667,-6.0833282,2024-07-29 06:00:00,0.08134969,0.07076202,4339881.045145775,-462522.2992525033,0.0
3367,55.76429,46.91667,-6.0833282,2024-07-29 06:00:00,0.12655371,0.05314533,4339881.045145775,-462522.2992525033,0.0
3547,65.80727,46.91667,-6.0833282,2024-07-29 06:00:00,0.13191302,0.0090096025,4339881.045145775,-462522.2992525033,0.0
3727,77.85385,46.91667,-6.0833282,2024-07-29 06:00:00,0.10848251,-0.015534608,4339881.045145775,-462522.2992525033,0.0
3907,92.32607,46.91667,-6.0833282,2024-07-29 06:00:00,0.08689034,-0.017853592,4339881.045145775,-462522.2992525033,0.0
4087,109.7293,46.91667,-6.0833282,2024-07-29 06:00:00,0.07434942,-0.012270475,4339881.045145775,-462522.2992525033,0.0
4267,130.666,46.91667,-6.0833282,2024-07-29 06:00:00,0.06867245,-0.008697927,4339881.045145775,-462522.2992525033,0.0
4447,155.8507,46.91667,-6.0833282,2024-07-29 06:00:00,0.064768754,-0.008418333,4339881.045145775,-462522.2992525033,0.0
4627,186.1256,46.91667,-6.0833282,2024-07-29 06:00:00,0.06421038,-0.011598129,4339881.045145775,-462522.2992525033,0.0
4807,222.4752,46.91667,-6.0833282,2024-07-29 06:00:00,0.058181558,-0.012270933,4339881.045145775,-462522.2992525033,0.0
4987,266.0403,46.91667,-6.0833282,2024-07-29 06:00:00,0.04900521,-0.013989491,4339881.045145775,-462522.2992525033,0.0
5167,318.1274,46.91667,-6.0833282,2024-07-29 06:00:00,0.037437655,-0.008933241,4339881.045145775,-462522.2992525033,0.0
5347,380.213,46.91667,-6.0833282,2024-07-29 06:00:00,0.029430145,-0.002524868,4339881.045145775,-462522.2992525033,0.0
5527,453.9377,46.91667,-6.0833282,2024-07-29 06:00:00,0.039142523,0.026104372,4339881.045145775,-462522.2992525033,0.0
5707,541.0889,46.91667,-6.0833282,2024-07-29 06:00:00,0.04107389,0.040769473,4339881.045145775,-462522.2992525033,0.0
5887,643.5668,46.91667,-6.0833282,2024-07-29 06:00:00,0.044911206,0.07197756,4339881.045145775,-462522.2992525033,0.0
6067,763.3331,46.91667,-6.0833282,2024-07-29 06:00:00,0.040173203,0.0978986,4339881.045145775,-462522.2992525033,0.0
6247,902.3393,46.91667,-6.0833282,2024-07-29 06:00:00,0.028462581,0.10586458,4339881.045145775,-462522.2992525033,0.0
136,0.494025,46.91667,-6.0,2024-07-29 06:00:00,0.041640982,0.006800196,4340549.125536747,-456210.0964726406,0.0
316,1.541375,46.91667,-6.0,2024-07-29 06:00:00,0.045618743,0.010556523,4340549.125536747,-456210.0964726406,0.0
496,2.645669,46.91667,-6.0,2024-07-29 06:00:00,0.049626384,0.013874881,4340549.125536747,-456210.0964726406,0.0
676,3.819495,46.91667,-6.0,2024-07-29 06:00:00,0.053480975,0.01665626,4340549.125536747,-456210.0964726406,0.0
856,5.078224,46.91667,-6.0,2024-07-29 06:00:00,0.057116948,0.018914679,4340549.125536747,-456210.0964726406,0.0
1036,6.440614,46.91667,-6.0,2024-07-29 06:00:00,0.06048342,0.020664977,4340549.125536747,-456210.0964726406,0.0
1216,7.92956,46.91667,-6.0,2024-07-29 06:00:00,0.06359779,0.021919597,4340549.125536747,-456210.0964726406,0.0
1396,9.572997,46.91667,-6.0,2024-07-29 06:00:00,0.067264326,0.022757292,4340549.125536747,-456210.0964726406,0.0
1576,11.405,46.91667,-6.0,2024-07-29 06:00:00,0.07805503,0.022343636,4340549.125536747,-456210.0964726406,0.0
1756,13.46714,46.91667,-6.0,2024-07-29 06:00:00,0.12214695,-0.007967667,4340549.125536747,-456210.0964726406,0.0
1936,15.81007,46.91667,-6.0,2024-07-29 06:00:00,0.13699748,-0.03240905,4340549.125536747,-456210.0964726406,0.0
2116,18.49556,46.91667,-6.0,2024-07-29 06:00:00,0.13739641,-0.042137124,4340549.125536747,-456210.0964726406,0.0
2296,21.59882,46.91667,-6.0,2024-07-29 06:00:00,0.13224357,-0.04896086,4340549.125536747,-456210.0964726406,0.0
2476,25.21141,46.91667,-6.0,2024-07-29 06:00:00,0.11723346,-0.05585337,4340549.125536747,-456210.0964726406,0.0
2656,29.44473,46.91667,-6.0,2024-07-29 06:00:00,0.08988718,-0.05435575,4340549.125536747,-456210.0964726406,0.0
2836,34.43415,46.91667,-6.0,2024-07-29 06:00:00,0.0598064,-0.030260358,4340549.125536747,-456210.0964726406,0.0
3016,40.34405,46.91667,-6.0,2024-07-29 06:00:00,0.0491695,0.013799614,4340549.125536747,-456210.0964726406,0.0
3196,47.37369,46.91667,-6.0,2024-07-29 06:00:00,0.072646,0.049029432,4340549.125536747,-456210.0964726406,0.0
3376,55.76429,46.91667,-6.0,2024-07-29 06:00:00,0.10719929,0.049748268,4340549.125536747,-456210.0964726406,0.0
3556,65.80727,46.91667,-6.0,2024-07-29 06:00:00,0.122210875,0.017405586,4340549.125536747,-456210.0964726406,0.0
3736,77.85385,46.91667,-6.0,2024-07-29 06:00:00,0.1105682,-0.011420298,4340549.125536747,-456210.0964726406,0.0
3916,92.32607,46.91667,-6.0,2024-07-29 06:00:00,0.09213406,-0.019782871,4340549.125536747,-456210.0964726406,0.0
4096,109.7293,46.91667,-6.0,2024-07-29 06:00:00,0.08082999,-0.018764952,4340549.125536747,-456210.0964726406,0.0
4276,130.666,46.91667,-6.0,2024-07-29 06:00:00,0.075716265,-0.01686096,4340549.125536747,-456210.0964726406,0.0
4456,155.8507,46.91667,-6.0,2024-07-29 06:00:00,0.06983273,-0.01460412,4340549.125536747,-456210.0964726406,0.0
4636,186.1256,46.91667,-6.0,2024-07-29 06:00:00,0.065308444,-0.01330457,4340549.125536747,-456210.0964726406,0.0
4816,222.4752,46.91667,-6.0,2024-07-29 06:00:00,0.057006825,-0.010810548,4340549.125536747,-456210.0964726406,0.0
4996,266.0403,46.91667,-6.0,2024-07-29 06:00:00,0.04695458,-0.019882048,4340549.125536747,-456210.0964726406,0.0
5176,318.1274,46.91667,-6.0,2024-07-29 06:00:00,0.036989238,-0.03603748,4340549.125536747,-456210.0964726406,0.0
5356,380.213,46.91667,-6.0,2024-07-29 06:00:00,0.029933602,-0.032143675,4340549.125536747,-456210.0964726406,0.0
5536,453.9377,46.91667,-6.0,2024-07-29 06:00:00,0.036421645,-0.02239744,4340549.125536747,-456210.0964726406,0.0
5716,541.0889,46.91667,-6.0,2024-07-29 06:00:00,0.045190055,-0.0059727584,4340549.125536747,-456210.0964726406,0.0
5896,643.5668,46.91667,-6.0,2024-07-29 06:00:00,0.043507375,0.047316566,4340549.125536747,-456210.0964726406,0.0
6076,763.3331,46.91667,-6.0,2024-07-29 06:00:00,0.025219686,0.061672755,4340549.125536747,-456210.0964726406,0.0
6256,902.3393,46.91667,-6.0,2024-07-29 06:00:00,0.0058271354,0.12161092,4340549.125536747,-456210.0964726406,0.0
145,0.494025,47.0,-6.25,2024-07-29 06:00:00,0.045407087,0.03312999,4331787.087405169,-474407.8424903363,0.0
325,1.541375,47.0,-6.25,2024-07-29 06:00:00,0.04918805,0.037238788,4331787.087405169,-474407.8424903363,0.0
505,2.645669,47.0,-6.25,2024-07-29 06:00:00,0.053040683,0.040921584,4331787.087405169,-474407.8424903363,0.0
685,3.819495,47.0,-6.25,2024-07-29 06:00:00,0.056774464,0.0440619,4331787.087405169,-474407.8424903363,0.0
865,5.078224,47.0,-6.25,2024-07-29 06:00:00,0.060325496,0.046674583,4331787.087405169,-474407.8424903363,0.0
1045,6.440614,47.0,-6.25,2024-07-29 06:00:00,0.06366474,0.048775382,4331787.087405169,-474407.8424903363,0.0
1225,7.92956,47.0,-6.25,2024-07-29 06:00:00,0.06690937,0.050389864,4331787.087405169,-474407.8424903363,0.0
1405,9.572997,47.0,-6.25,2024-07-29 06:00:00,0.07200055,0.05180694,4331787.087405169,-474407.8424903363,0.0
1585,11.405,47.0,-6.25,2024-07-29 06:00:00,0.09970173,0.049163613,4331787.087405169,-474407.8424903363,0.0
1765,13.46714,47.0,-6.25,2024-07-29 06:00:00,0.1296572,0.014412991,4331787.087405169,-474407.8424903363,0.0
1945,15.81007,47.0,-6.25,2024-07-29 06:00:00,0.13776605,0.014822763,4331787.087405169,-474407.8424903363,0.0
2125,18.49556,47.0,-6.25,2024-07-29 06:00:00,0.13948514,0.016832735,4331787.087405169,-474407.8424903363,0.0
2305,21.59882,47.0,-6.25,2024-07-29 06:00:00,0.13762827,0.01898827,4331787.087405169,-474407.8424903363,0.0
2485,25.21141,47.0,-6.25,2024-07-29 06:00:00,0.1336583,0.022055574,4331787.087405169,-474407.8424903363,0.0
2665,29.44473,47.0,-6.25,2024-07-29 06:00:00,0.12784375,0.024758495,4331787.087405169,-474407.8424903363,0.0
2845,34.43415,47.0,-6.25,2024-07-29 06:00:00,0.12416895,0.026292773,4331787.087405169,-474407.8424903363,0.0
3025,40.34405,47.0,-6.25,2024-07-29 06:00:00,0.12676983,0.030681135,4331787.087405169,-474407.8424903363,0.0
3205,47.37369,47.0,-6.25,2024-07-29 06:00:00,0.13801736,0.040277634,4331787.087405169,-474407.8424903363,0.0
3385,55.76429,47.0,-6.25,2024-07-29 06:00:00,0.1564222,0.046439037,4331787.087405169,-474407.8424903363,0.0
3565,65.80727,47.0,-6.25,2024-07-29 06:00:00,0.17113885,0.044392657,4331787.087405169,-474407.8424903363,0.0
3745,77.85385,47.0,-6.25,2024-07-29 06:00:00,0.17785084,0.040326044,4331787.087405169,-474407.8424903363,0.0
3925,92.32607,47.0,-6.25,2024-07-29 06:00:00,0.17068982,0.03998678,4331787.087405169,-474407.8424903363,0.0
4105,109.7293,47.0,-6.25,2024-07-29 06:00:00,0.15502888,0.044919338,4331787.087405169,-474407.8424903363,0.0
4285,130.666,47.0,-6.25,2024-07-29 06:00:00,0.13440824,0.050382,4331787.087405169,-474407.8424903363,0.0
4465,155.8507,47.0,-6.25,2024-07-29 06:00:00,0.12500241,0.04850399,4331787.087405169,-474407.8424903363,0.0
4645,186.1256,47.0,-6.25,2024-07-29 06:00:00,0.11981743,0.04527781,4331787.087405169,-474407.8424903363,0.0
4825,222.4752,47.0,-6.25,2024-07-29 06:00:00,0.11198873,0.04850299,4331787.087405169,-474407.8424903363,0.0
5005,266.0403,47.0,-6.25,2024-07-29 06:00:00,0.10066276,0.04387325,4331787.087405169,-474407.8424903363,0.0
5185,318.1274,47.0,-6.25,2024-07-29 06:00:00,0.08768004,0.0417229,4331787.087405169,-474407.8424903363,0.0
5365,380.213,47.0,-6.25,2024-07-29 06:00:00,0.07307559,0.03700145,4331787.087405169,-474407.8424903363,0.0
5545,453.9377,47.0,-6.25,2024-07-29 06:00:00,0.05761745,0.041926574,4331787.087405169,-474407.8424903363,0.0
5725,541.0889,47.0,-6.25,2024-07-29 06:00:00,0.036171667,0.03593549,4331787.087405169,-474407.8424903363,0.0
5905,643.5668,47.0,-6.25,2024-07-29 06:00:00,0.0066238907,0.057785593,4331787.087405169,-474407.8424903363,0.0
6085,763.3331,47.0,-6.25,2024-07-29 06:00:00,-0.0031966097,0.08335763,4331787.087405169,-474407.8424903363,0.0
6265,902.3393,47.0,-6.25,2024-07-29 06:00:00,-0.027645608,0.10682065,4331787.087405169,-474407.8424903363,0.0
154,0.494025,47.0,-6.1666565,2024-07-29 06:00:00,0.030910019,0.032620497,4332472.586781167,-468106.2447951276,0.0
334,1.541375,47.0,-6.1666565,2024-07-29 06:00:00,0.03474572,0.03664933,4332472.586781167,-468106.2447951276,0.0
514,2.645669,47.0,-6.1666565,2024-07-29 06:00:00,0.03863804,0.040232584,4332472.586781167,-468106.2447951276,0.0
694,3.819495,47.0,-6.1666565,2024-07-29 06:00:00,0.042403117,0.043261,4332472.586781167,-468106.2447951276,0.0
874,5.078224,47.0,-6.1666565,2024-07-29 06:00:00,0.045983907,0.04575127,4332472.586781167,-468106.2447951276,0.0
1054,6.440614,47.0,-6.1666565,2024-07-29 06:00:00,0.049367756,0.04772383,4332472.586781167,-468106.2447951276,0.0
1234,7.92956,47.0,-6.1666565,2024-07-29 06:00:00,0.052787784,0.049238022,4332472.586781167,-468106.2447951276,0.0
1414,9.572997,47.0,-6.1666565,2024-07-29 06:00:00,0.060189962,0.050660565,4332472.586781167,-468106.2447951276,0.0
1594,11.405,47.0,-6.1666565,2024-07-29 06:00:00,0.09799215,0.03770695,4332472.586781167,-468106.2447951276,0.0
1774,13.46714,47.0,-6.1666565,2024-07-29 06:00:00,0.1171067,0.00788638,4332472.586781167,-468106.2447951276,0.0
1954,15.81007,47.0,-6.1666565,2024-07-29 06:00:00,0.12262314,0.0053887707,4332472.586781167,-468106.2447951276,0.0
2134,18.49556,47.0,-6.1666565,2024-07-29 06:00:00,0.124524385,0.004077947,4332472.586781167,-468106.2447951276,0.0
2314,21.59882,47.0,-6.1666565,2024-07-29 06:00:00,0.12329592,0.003308,4332472.586781167,-468106.2447951276,0.0
2494,25.21141,47.0,-6.1666565,2024-07-29 06:00:00,0.11863326,0.0055380845,4332472.586781167,-468106.2447951276,0.0
2674,29.44473,47.0,-6.1666565,2024-07-29 06:00:00,0.11252539,0.01147152,4332472.586781167,-468106.2447951276,0.0
2854,34.43415,47.0,-6.1666565,2024-07-29 06:00:00,0.11162546,0.02313314,4332472.586781167,-468106.2447951276,0.0
3034,40.34405,47.0,-6.1666565,2024-07-29 06:00:00,0.12083558,0.04186456,4332472.586781167,-468106.2447951276,0.0
3214,47.37369,47.0,-6.1666565,2024-07-29 06:00:00,0.13777156,0.057356577,4332472.586781167,-468106.2447951276,0.0
3394,55.76429,47.0,-6.1666565,2024-07-29 06:00:00,0.15491088,0.058295563,4332472.586781167,-468106.2447951276,0.0
3574,65.80727,47.0,-6.1666565,2024-07-29 06:00:00,0.15968652,0.049023535,4332472.586781167,-468106.2447951276,0.0
3754,77.85385,47.0,-6.1666565,2024-07-29 06:00:00,0.15606461,0.042382654,4332472.586781167,-468106.2447951276,0.0
3934,92.32607,47.0,-6.1666565,2024-07-29 06:00:00,0.14410533,0.04084762,4332472.586781167,-468106.2447951276,0.0
4114,109.7293,47.0,-6.1666565,2024-07-29 06:00:00,0.1288348,0.04102256,4332472.586781167,-468106.2447951276,0.0
4294,130.666,47.0,-6.1666565,2024-07-29 06:00:00,0.11342725,0.038127072,4332472.586781167,-468106.2447951276,0.0
4474,155.8507,47.0,-6.1666565,2024-07-29 06:00:00,0.103796676,0.034072362,4332472.586781167,-468106.2447951276,0.0
4654,186.1256,47.0,-6.1666565,2024-07-29 06:00:00,0.099099316,0.029096754,4332472.586781167,-468106.2447951276,0.0
4834,222.4752,47.0,-6.1666565,2024-07-29 06:00:00,0.09640633,0.022065066,4332472.586781167,-468106.2447951276,0.0
5014,266.0403,47.0,-6.1666565,2024-07-29 06:00:00,0.0891206,0.015817389,4332472.586781167,-468106.2447951276,0.0
5194,318.1274,47.0,-6.1666565,2024-07-29 06:00:00,0.07544098,0.02357059,4332472.586781167,-468106.2447951276,0.0
5374,380.213,47.0,-6.1666565,2024-07-29 06:00:00,0.057193812,0.034389738,4332472.586781167,-468106.2447951276,0.0
5554,453.9377,47.0,-6.1666565,2024-07-29 06:00:00,0.054859307,0.03333752,4332472.586781167,-468106.2447951276,0.0
5734,541.0889,47.0,-6.1666565,2024-07-29 06:00:00,0.041507583,0.05810377,4332472.586781167,-468106.2447951276,0.0
5914,643.5668,47.0,-6.1666565,2024-07-29 06:00:00,0.006167708,0.09085126,4332472.586781167,-468106.2447951276,0.0
6094,763.3331,47.0,-6.1666565,2024-07-29 06:00:00,-0.0053267037,0.094311774,4332472.586781167,-468106.2447951276,0.0
6274,902.3393,47.0,-6.1666565,2024-07-29 06:00:00,-0.053128086,0.13438755,4332472.586781167,-468106.2447951276,0.0
163,0.494025,47.0,-6.0833282,2024-07-29 06:00:00,0.029416244,0.023638763,4333148.796028124,-461804.81061430223,0.0
343,1.541375,47.0,-6.0833282,2024-07-29 06:00:00,0.033317167,0.027583633,4333148.796028124,-461804.81061430223,0.0
523,2.645669,47.0,-6.0833282,2024-07-29 06:00:00,0.037253097,0.031078715,4333148.796028124,-461804.81061430223,0.0
703,3.819495,47.0,-6.0833282,2024-07-29 06:00:00,0.04104134,0.03401992,4333148.796028124,-461804.81061430223,0.0
883,5.078224,47.0,-6.0833282,2024-07-29 06:00:00,0.04462201,0.036422588,4333148.796028124,-461804.81061430223,0.0
1063,6.440614,47.0,-6.0833282,2024-07-29 06:00:00,0.04797086,0.03830286,4333148.796028124,-461804.81061430223,0.0
1243,7.92956,47.0,-6.0833282,2024-07-29 06:00:00,0.0512922,0.039712247,4333148.796028124,-461804.81061430223,0.0
1423,9.572997,47.0,-6.0833282,2024-07-29 06:00:00,0.058427054,0.04096283,4333148.796028124,-461804.81061430223,0.0
1603,11.405,47.0,-6.0833282,2024-07-29 06:00:00,0.09856073,0.023382088,4333148.796028124,-461804.81061430223,0.0
1783,13.46714,47.0,-6.0833282,2024-07-29 06:00:00,0.11721867,0.0011230274,4333148.796028124,-461804.81061430223,0.0
1963,15.81007,47.0,-6.0833282,2024-07-29 06:00:00,0.12175302,-0.007694624,4333148.796028124,-461804.81061430223,0.0
2143,18.49556,47.0,-6.0833282,2024-07-29 06:00:00,0.1245285,-0.012266959,4333148.796028124,-461804.81061430223,0.0
2323,21.59882,47.0,-6.0833282,2024-07-29 06:00:00,0.12579952,-0.017230224,4333148.796028124,-461804.81061430223,0.0
2503,25.21141,47.0,-6.0833282,2024-07-29 06:00:00,0.12218776,-0.020298218,4333148.796028124,-461804.81061430223,0.0
2683,29.44473,47.0,-6.0833282,2024-07-29 06:00:00,0.114354804,-0.017222023,4333148.796028124,-461804.81061430223,0.0
2863,34.43415,47.0,-6.0833282,2024-07-29 06:00:00,0.109313644,-0.0024032774,4333148.796028124,-461804.81061430223,0.0
3043,40.34405,47.0,-6.0833282,2024-07-29 06:00:00,0.112558044,0.024031036,4333148.796028124,-461804.81061430223,0.0
3223,47.37369,47.0,-6.0833282,2024-07-29 06:00:00,0.124036856,0.044347856,4333148.796028124,-461804.81061430223,0.0
3403,55.76429,47.0,-6.0833282,2024-07-29 06:00:00,0.13545026,0.046401553,4333148.796028124,-461804.81061430223,0.0
3583,65.80727,47.0,-6.0833282,2024-07-29 06:00:00,0.13588405,0.032743722,4333148.796028124,-461804.81061430223,0.0
3763,77.85385,47.0,-6.0833282,2024-07-29 06:00:00,0.1279408,0.025293961,4333148.796028124,-461804.81061430223,0.0
3943,92.32607,47.0,-6.0833282,2024-07-29 06:00:00,0.11579853,0.021612521,4333148.796028124,-461804.81061430223,0.0
4123,109.7293,47.0,-6.0833282,2024-07-29 06:00:00,0.10658211,0.019200172,4333148.796028124,-461804.81061430223,0.0
4303,130.666,47.0,-6.0833282,2024-07-29 06:00:00,0.09856691,0.018519832,4333148.796028124,-461804.81061430223,0.0
4483,155.8507,47.0,-6.0833282,2024-07-29 06:00:00,0.09032803,0.016900055,4333148.796028124,-461804.81061430223,0.0
4663,186.1256,47.0,-6.0833282,2024-07-29 06:00:00,0.08505718,0.00970619,4333148.796028124,-461804.81061430223,0.0
4843,222.4752,47.0,-6.0833282,2024-07-29 06:00:00,0.081839114,0.0009691254,4333148.796028124,-461804.81061430223,0.0
5023,266.0403,47.0,-6.0833282,2024-07-29 06:00:00,0.08003381,-0.008705956,4333148.796028124,-461804.81061430223,0.0
5203,318.1274,47.0,-6.0833282,2024-07-29 06:00:00,0.07063906,-0.00829153,4333148.796028124,-461804.81061430223,0.0
5383,380.213,47.0,-6.0833282,2024-07-29 06:00:00,0.043095272,0.005428316,4333148.796028124,-461804.81061430223,0.0
5563,453.9377,47.0,-6.0833282,2024-07-29 06:00:00,0.041835386,0.023353724,4333148.796028124,-461804.81061430223,0.0
5743,541.0889,47.0,-6.0833282,2024-07-29 06:00:00,0.046085313,0.04590984,4333148.796028124,-461804.81061430223,0.0
5923,643.5668,47.0,-6.0833282,2024-07-29 06:00:00,0.014840919,0.099677116,4333148.796028124,-461804.81061430223,0.0
6103,763.3331,47.0,-6.0833282,2024-07-29 06:00:00,-0.007618341,0.119277015,4333148.796028124,-461804.81061430223,0.0
6283,902.3393,47.0,-6.0833282,2024-07-29 06:00:00,-0.08549398,0.14629547,4333148.796028124,-461804.81061430223,0.0
172,0.494025,47.0,-6.0,2024-07-29 06:00:00,0.028293218,0.0075002136,4333815.840058059,-455502.3996515776,0.0
352,1.541375,47.0,-6.0,2024-07-29 06:00:00,0.03229049,0.01135122,4333815.840058059,-455502.3996515776,0.0
532,2.645669,47.0,-6.0,2024-07-29 06:00:00,0.03631203,0.01475368,4333815.840058059,-455502.3996515776,0.0
712,3.819495,47.0,-6.0,2024-07-29 06:00:00,0.040171765,0.01760394,4333815.840058059,-455502.3996515776,0.0
892,5.078224,47.0,-6.0,2024-07-29 06:00:00,0.04380364,0.019910447,4333815.840058059,-455502.3996515776,0.0
1072,6.440614,47.0,-6.0,2024-07-29 06:00:00,0.04716207,0.021674383,4333815.840058059,-455502.3996515776,0.0
1252,7.92956,47.0,-6.0,2024-07-29 06:00:00,0.050350353,0.022890422,4333815.840058059,-455502.3996515776,0.0
1432,9.572997,47.0,-6.0,2024-07-29 06:00:00,0.05591743,0.023671323,4333815.840058059,-455502.3996515776,0.0
1612,11.405,47.0,-6.0,2024-07-29 06:00:00,0.09777336,0.0077218777,4333815.840058059,-455502.3996515776,0.0
1792,13.46714,47.0,-6.0,2024-07-29 06:00:00,0.121112205,-0.0136045925,4333815.840058059,-455502.3996515776,0.0
1972,15.81007,47.0,-6.0,2024-07-29 06:00:00,0.12557313,-0.023684677,4333815.840058059,-455502.3996515776,0.0
2152,18.49556,47.0,-6.0,2024-07-29 06:00:00,0.12895222,-0.02915883,4333815.840058059,-455502.3996515776,0.0
2332,21.59882,47.0,-6.0,2024-07-29 06:00:00,0.13376787,-0.036047757,4333815.840058059,-455502.3996515776,0.0
2512,25.21141,47.0,-6.0,2024-07-29 06:00:00,0.13457775,-0.043237023,4333815.840058059,-455502.3996515776,0.0
2692,29.44473,47.0,-6.0,2024-07-29 06:00:00,0.13005646,-0.045882054,4333815.840058059,-455502.3996515776,0.0
2872,34.43415,47.0,-6.0,2024-07-29 06:00:00,0.12305202,-0.034679484,4333815.840058059,-455502.3996515776,0.0
3052,40.34405,47.0,-6.0,2024-07-29 06:00:00,0.117174715,-0.010936943,4333815.840058059,-455502.3996515776,0.0
3232,47.37369,47.0,-6.0,2024-07-29 06:00:00,0.11715504,0.006502179,4333815.840058059,-455502.3996515776,0.0
3412,55.76429,47.0,-6.0,2024-07-29 06:00:00,0.120224506,0.0066309627,4333815.840058059,-455502.3996515776,0.0
3592,65.80727,47.0,-6.0,2024-07-29 06:00:00,0.12107498,-0.0014448161,4333815.840058059,-455502.3996515776,0.0
3772,77.85385,47.0,-6.0,2024-07-29 06:00:00,0.11208041,-0.0038201879,4333815.840058059,-455502.3996515776,0.0
3952,92.32607,47.0,-6.0,2024-07-29 06:00:00,0.103252776,-0.00820817,4333815.840058059,-455502.3996515776,0.0
4132,109.7293,47.0,-6.0,2024-07-29 06:00:00,0.096546955,-0.0074456073,4333815.840058059,-455502.3996515776,0.0
4312,130.666,47.0,-6.0,2024-07-29 06:00:00,0.09419535,-0.010008998,4333815.840058059,-455502.3996515776,0.0
4492,155.8507,47.0,-6.0,2024-07-29 06:00:00,0.08833984,-0.009173152,4333815.840058059,-455502.3996515776,0.0
4672,186.1256,47.0,-6.0,2024-07-29 06:00:00,0.08324742,-0.0049764947,4333815.840058059,-455502.3996515776,0.0
4852,222.4752,47.0,-6.0,2024-07-29 06:00:00,0.07404328,-0.0058911005,4333815.840058059,-455502.3996515776,0.0
5032,266.0403,47.0,-6.0,2024-07-29 06:00:00,0.059790842,-0.012731687,4333815.840058059,-455502.3996515776,0.0
5212,318.1274,47.0,-6.0,2024-07-29 06:00:00,0.052717745,-0.016789503,4333815.840058059,-455502.3996515776,0.0
5392,380.213,47.0,-6.0,2024-07-29 06:00:00,0.025512528,-0.012778849,4333815.840058059,-455502.3996515776,0.0
5572,453.9377,47.0,-6.0,2024-07-29 06:00:00,0.021304818,-0.0035734144,4333815.840058059,-455502.3996515776,0.0
5752,541.0889,47.0,-6.0,2024-07-29 06:00:00,0.02574772,0.012952975,4333815.840058059,-455502.3996515776,0.0
5932,643.5668,47.0,-6.0,2024-07-29 06:00:00,0.04027721,0.036098234,4333815.840058059,-455502.3996515776,0.0
6112,763.3331,47.0,-6.0,2024-07-29 06:00:00,0.0029005508,0.08036104,4333815.840058059,-455502.3996515776,0.0
6292,902.3393,47.0,-6.0,2024-07-29 06:00:00,-0.102668956,0.14276068,4333815.840058059,-455502.3996515776,0.0
2,0.494025,46.66667,-6.25,2024-07-29 12:00:00,-0.044437584,0.022409987,4358653.3150161095,-477350.1729464703,0.0
182,1.541375,46.66667,-6.25,2024-07-29 12:00:00,-0.04176242,0.026918558,4358653.3150161095,-477350.1729464703,0.0
362,2.645669,46.66667,-6.25,2024-07-29 12:00:00,-0.038804397,0.031209297,4358653.3150161095,-477350.1729464703,0.0
542,3.819495,46.66667,-6.25,2024-07-29 12:00:00,-0.03529375,0.035500146,4358653.3150161095,-477350.1729464703,0.0
722,5.078224,46.66667,-6.25,2024-07-29 12:00:00,-0.029268185,0.04137803,4358653.3150161095,-477350.1729464703,0.0
902,6.440614,46.66667,-6.25,2024-07-29 12:00:00,-0.015748862,0.05021352,4358653.3150161095,-477350.1729464703,0.0
1082,7.92956,46.66667,-6.25,2024-07-29 12:00:00,0.0051463004,0.057056986,4358653.3150161095,-477350.1729464703,0.0
1262,9.572997,46.66667,-6.25,2024-07-29 12:00:00,0.027099628,0.05699191,4358653.3150161095,-477350.1729464703,0.0
1442,11.405,46.66667,-6.25,2024-07-29 12:00:00,0.044904977,0.046201855,4358653.3150161095,-477350.1729464703,0.0
1622,13.46714,46.66667,-6.25,2024-07-29 12:00:00,0.038057495,0.014301352,4358653.3150161095,-477350.1729464703,0.0
1802,15.81007,46.66667,-6.25,2024-07-29 12:00:00,-0.01854221,0.01467223,4358653.3150161095,-477350.1729464703,0.0
1982,18.49556,46.66667,-6.25,2024-07-29 12:00:00,-0.025617985,0.02763149,4358653.3150161095,-477350.1729464703,0.0
2162,21.59882,46.66667,-6.25,2024-07-29 12:00:00,-0.017435044,0.028706022,4358653.3150161095,-477350.1729464703,0.0
2342,25.21141,46.66667,-6.25,2024-07-29 12:00:00,-0.002008039,0.029040728,4358653.3150161095,-477350.1729464703,0.0
2522,29.44473,46.66667,-6.25,2024-07-29 12:00:00,0.020435141,0.025714677,4358653.3150161095,-477350.1729464703,0.0
2702,34.43415,46.66667,-6.25,2024-07-29 12:00:00,0.049553506,0.015782503,4358653.3150161095,-477350.1729464703,0.0
2882,40.34405,46.66667,-6.25,2024-07-29 12:00:00,0.06103295,-0.0022799377,4358653.3150161095,-477350.1729464703,0.0
3062,47.37369,46.66667,-6.25,2024-07-29 12:00:00,0.039304916,-0.018822595,4358653.3150161095,-477350.1729464703,0.0
3242,55.76429,46.66667,-6.25,2024-07-29 12:00:00,0.00903364,-0.011066379,4358653.3150161095,-477350.1729464703,0.0
3422,65.80727,46.66667,-6.25,2024-07-29 12:00:00,0.0030433151,0.011395235,4358653.3150161095,-477350.1729464703,0.0
3602,77.85385,46.66667,-6.25,2024-07-29 12:00:00,0.014158662,0.023983741,4358653.3150161095,-477350.1729464703,0.0
3782,92.32607,46.66667,-6.25,2024-07-29 12:00:00,0.023455827,0.02958823,4358653.3150161095,-477350.1729464703,0.0
3962,109.7293,46.66667,-6.25,2024-07-29 12:00:00,0.037415832,0.032567464,4358653.3150161095,-477350.1729464703,0.0
4142,130.666,46.66667,-6.25,2024-07-29 12:00:00,0.052248668,0.032684036,4358653.3150161095,-477350.1729464703,0.0
4322,155.8507,46.66667,-6.25,2024-07-29 12:00:00,0.06293095,0.030790038,4358653.3150161095,-477350.1729464703,0.0
4502,186.1256,46.66667,-6.25,2024-07-29 12:00:00,0.069191985,0.027911447,4358653.3150161095,-477350.1729464703,0.0
4682,222.4752,46.66667,-6.25,2024-07-29 12:00:00,0.07344291,0.025663957,4358653.3150161095,-477350.1729464703,0.0
4862,266.0403,46.66667,-6.25,2024-07-29 12:00:00,0.07427023,0.018595923,4358653.3150161095,-477350.1729464703,0.0
5042,318.1274,46.66667,-6.25,2024-07-29 12:00:00,0.06746254,0.015005935,4358653.3150161095,-477350.1729464703,0.0
5222,380.213,46.66667,-6.25,2024-07-29 12:00:00,0.06463186,0.018985687,4358653.3150161095,-477350.1729464703,0.0
5402,453.9377,46.66667,-6.25,2024-07-29 12:00:00,0.0731739,0.025165092,4358653.3150161095,-477350.1729464703,0.0
5582,541.0889,46.66667,-6.25,2024-07-29 12:00:00,0.08953977,0.032920994,4358653.3150161095,-477350.1729464703,0.0
5762,643.5668,46.66667,-6.25,2024-07-29 12:00:00,0.07595966,0.03598245,4358653.3150161095,-477350.1729464703,0.0
5942,763.3331,46.66667,-6.25,2024-07-29 12:00:00,0.09994995,0.05775979,4358653.3150161095,-477350.1729464703,0.0
6122,902.3393,46.66667,-6.25,2024-07-29 12:00:00,0.14736727,0.09436911,4358653.3150161095,-477350.1729464703,0.0
11,0.494025,46.66667,-6.1666565,2024-07-29 12:00:00,-0.046380933,-0.0001318017,4359343.065935845,-471009.49203812674,0.0
191,1.541375,46.66667,-6.1666565,2024-07-29 12:00:00,-0.043643598,0.004318603,4359343.065935845,-471009.49203812674,0.0
371,2.645669,46.66667,-6.1666565,2024-07-29 12:00:00,-0.040640265,0.008550059,4359343.065935845,-471009.49203812674,0.0
551,3.819495,46.66667,-6.1666565,2024-07-29 12:00:00,-0.037117373,0.012764558,4359343.065935845,-471009.49203812674,0.0
731,5.078224,46.66667,-6.1666565,2024-07-29 12:00:00,-0.03128255,0.018396553,4359343.065935845,-471009.49203812674,0.0
911,6.440614,46.66667,-6.1666565,2024-07-29 12:00:00,-0.018098455,0.027009003,4359343.065935845,-471009.49203812674,0.0
1091,7.92956,46.66667,-6.1666565,2024-07-29 12:00:00,0.0027717478,0.033923283,4359343.065935845,-471009.49203812674,0.0
1271,9.572997,46.66667,-6.1666565,2024-07-29 12:00:00,0.024929238,0.034124,4359343.065935845,-471009.49203812674,0.0
1451,11.405,46.66667,-6.1666565,2024-07-29 12:00:00,0.042368993,0.02507942,4359343.065935845,-471009.49203812674,0.0
1631,13.46714,46.66667,-6.1666565,2024-07-29 12:00:00,0.040997915,-0.005086587,4359343.065935845,-471009.49203812674,0.0
1811,15.81007,46.66667,-6.1666565,2024-07-29 12:00:00,-0.015750201,-0.0024457767,4359343.065935845,-471009.49203812674,0.0
1991,18.49556,46.66667,-6.1666565,2024-07-29 12:00:00,-0.024375368,0.01325068,4359343.065935845,-471009.49203812674,0.0
2171,21.59882,46.66667,-6.1666565,2024-07-29 12:00:00,-0.013247908,0.017226828,4359343.065935845,-471009.49203812674,0.0
2351,25.21141,46.66667,-6.1666565,2024-07-29 12:00:00,0.006181345,0.020160725,4359343.065935845,-471009.49203812674,0.0
2531,29.44473,46.66667,-6.1666565,2024-07-29 12:00:00,0.03351871,0.018667558,4359343.065935845,-471009.49203812674,0.0
2711,34.43415,46.66667,-6.1666565,2024-07-29 12:00:00,0.06575586,0.0077826562,4359343.065935845,-471009.49203812674,0.0
2891,40.34405,46.66667,-6.1666565,2024-07-29 12:00:00,0.081392944,-0.012203554,4359343.065935845,-471009.49203812674,0.0
3071,47.37369,46.66667,-6.1666565,2024-07-29 12:00:00,0.061700802,-0.029686907,4359343.065935845,-471009.49203812674,0.0
3251,55.76429,46.66667,-6.1666565,2024-07-29 12:00:00,0.028722424,-0.018778533,4359343.065935845,-471009.49203812674,0.0
3431,65.80727,46.66667,-6.1666565,2024-07-29 12:00:00,0.021438506,0.011598369,4359343.065935845,-471009.49203812674,0.0
3611,77.85385,46.66667,-6.1666565,2024-07-29 12:00:00,0.03767641,0.030621635,4359343.065935845,-471009.49203812674,0.0
3791,92.32607,46.66667,-6.1666565,2024-07-29 12:00:00,0.0539294,0.035468694,4359343.065935845,-471009.49203812674,0.0
3971,109.7293,46.66667,-6.1666565,2024-07-29 12:00:00,0.067255616,0.038309492,4359343.065935845,-471009.49203812674,0.0
4151,130.666,46.66667,-6.1666565,2024-07-29 12:00:00,0.078580044,0.0378876,4359343.065935845,-471009.49203812674,0.0
4331,155.8507,46.66667,-6.1666565,2024-07-29 12:00:00,0.08417718,0.035427276,4359343.065935845,-471009.49203812674,0.0
4511,186.1256,46.66667,-6.1666565,2024-07-29 12:00:00,0.086710505,0.032656044,4359343.065935845,-471009.49203812674,0.0
4691,222.4752,46.66667,-6.1666565,2024-07-29 12:00:00,0.08521663,0.02849841,4359343.065935845,-471009.49203812674,0.0
4871,266.0403,46.66667,-6.1666565,2024-07-29 12:00:00,0.08197571,0.022233766,4359343.065935845,-471009.49203812674,0.0
5051,318.1274,46.66667,-6.1666565,2024-07-29 12:00:00,0.082503974,0.019425072,4359343.065935845,-471009.49203812674,0.0
5231,380.213,46.66667,-6.1666565,2024-07-29 12:00:00,0.08357431,0.024016665,4359343.065935845,-471009.49203812674,0.0
5411,453.9377,46.66667,-6.1666565,2024-07-29 12:00:00,0.09039306,0.028977474,4359343.065935845,-471009.49203812674,0.0
5591,541.0889,46.66667,-6.1666565,2024-07-29 12:00:00,0.10313563,0.03501306,4359343.065935845,-471009.49203812674,0.0
5771,643.5668,46.66667,-6.1666565,2024-07-29 12:00:00,0.092887454,0.03160682,4359343.065935845,-471009.49203812674,0.0
5951,763.3331,46.66667,-6.1666565,2024-07-29 12:00:00,0.09885641,0.051226538,4359343.065935845,-471009.49203812674,0.0
6131,902.3393,46.66667,-6.1666565,2024-07-29 12:00:00,0.14027226,0.06849253,4359343.065935845,-471009.49203812674,0.0
20,0.494025,46.66667,-6.0833282,2024-07-29 12:00:00,-0.038823426,-0.025782121,4360023.469108121,-464668.9756583009,0.0
200,1.541375,46.66667,-6.0833282,2024-07-29 12:00:00,-0.036035344,-0.021383401,4360023.469108121,-464668.9756583009,0.0
380,2.645669,46.66667,-6.0833282,2024-07-29 12:00:00,-0.033003468,-0.017209744,4360023.469108121,-464668.9756583009,0.0
560,3.819495,46.66667,-6.0833282,2024-07-29 12:00:00,-0.029477049,-0.013062361,4360023.469108121,-464668.9756583009,0.0
740,5.078224,46.66667,-6.0833282,2024-07-29 12:00:00,-0.02367092,-0.0075216945,4360023.469108121,-464668.9756583009,0.0
920,6.440614,46.66667,-6.0833282,2024-07-29 12:00:00,-0.010265371,0.00114838,4360023.469108121,-464668.9756583009,0.0
1100,7.92956,46.66667,-6.0833282,2024-07-29 12:00:00,0.011073139,0.008030878,4360023.469108121,-464668.9756583009,0.0
1280,9.572997,46.66667,-6.0833282,2024-07-29 12:00:00,0.033332154,0.0077301953,4360023.469108121,-464668.9756583009,0.0
1460,11.405,46.66667,-6.0833282,2024-07-29 12:00:00,0.050431523,-0.00256868,4360023.469108121,-464668.9756583009,0.0
1640,13.46714,46.66667,-6.0833282,2024-07-29 12:00:00,0.046356175,-0.032076105,4360023.469108121,-464668.9756583009,0.0
1820,15.81007,46.66667,-6.0833282,2024-07-29 12:00:00,-0.0128601445,-0.03005991,4360023.469108121,-464668.9756583009,0.0
2000,18.49556,46.66667,-6.0833282,2024-07-29 12:00:00,-0.01852907,-0.010081781,4360023.469108121,-464668.9756583009,0.0
2180,21.59882,46.66667,-6.0833282,2024-07-29 12:00:00,-0.009745555,-0.002004086,4360023.469108121,-464668.9756583009,0.0
2360,25.21141,46.66667,-6.0833282,2024-07-29 12:00:00,0.004898478,0.0059499964,4360023.469108121,-464668.9756583009,0.0
2540,29.44473,46.66667,-6.0833282,2024-07-29 12:00:00,0.030626275,0.010057563,4360023.469108121,-464668.9756583009,0.0
2720,34.43415,46.66667,-6.0833282,2024-07-29 12:00:00,0.064637944,0.0040307567,4360023.469108121,-464668.9756583009,0.0
2900,40.34405,46.66667,-6.0833282,2024-07-29 12:00:00,0.089319624,-0.015390947,4360023.469108121,-464668.9756583009,0.0
3080,47.37369,46.66667,-6.0833282,2024-07-29 12:00:00,0.07984763,-0.04002059,4360023.469108121,-464668.9756583009,0.0
3260,55.76429,46.66667,-6.0833282,2024-07-29 12:00:00,0.046332724,-0.037212733,4360023.469108121,-464668.9756583009,0.0
3440,65.80727,46.66667,-6.0833282,2024-07-29 12:00:00,0.029183213,-0.00608637,4360023.469108121,-464668.9756583009,0.0
3620,77.85385,46.66667,-6.0833282,2024-07-29 12:00:00,0.04185679,0.020056114,4360023.469108121,-464668.9756583009,0.0
3800,92.32607,46.66667,-6.0833282,2024-07-29 12:00:00,0.064272955,0.0277602,4360023.469108121,-464668.9756583009,0.0
3980,109.7293,46.66667,-6.0833282,2024-07-29 12:00:00,0.07799247,0.029381145,4360023.469108121,-464668.9756583009,0.0
4160,130.666,46.66667,-6.0833282,2024-07-29 12:00:00,0.083442666,0.029111579,4360023.469108121,-464668.9756583009,0.0
4340,155.8507,46.66667,-6.0833282,2024-07-29 12:00:00,0.08797635,0.027146146,4360023.469108121,-464668.9756583009,0.0
4520,186.1256,46.66667,-6.0833282,2024-07-29 12:00:00,0.09066806,0.026626393,4360023.469108121,-464668.9756583009,0.0
4700,222.4752,46.66667,-6.0833282,2024-07-29 12:00:00,0.08907487,0.023460768,4360023.469108121,-464668.9756583009,0.0
4880,266.0403,46.66667,-6.0833282,2024-07-29 12:00:00,0.08625063,0.020119153,4360023.469108121,-464668.9756583009,0.0
5060,318.1274,46.66667,-6.0833282,2024-07-29 12:00:00,0.0904721,0.019179512,4360023.469108121,-464668.9756583009,0.0
5240,380.213,46.66667,-6.0833282,2024-07-29 12:00:00,0.094497494,0.020376306,4360023.469108121,-464668.9756583009,0.0
5420,453.9377,46.66667,-6.0833282,2024-07-29 12:00:00,0.099091806,0.017850973,4360023.469108121,-464668.9756583009,0.0
5600,541.0889,46.66667,-6.0833282,2024-07-29 12:00:00,0.11391127,0.019291991,4360023.469108121,-464668.9756583009,0.0
5780,643.5668,46.66667,-6.0833282,2024-07-29 12:00:00,0.0934267,0.015701836,4360023.469108121,-464668.9756583009,0.0
5960,763.3331,46.66667,-6.0833282,2024-07-29 12:00:00,0.0861739,0.029507585,4360023.469108121,-464668.9756583009,0.0
6140,902.3393,46.66667,-6.0833282,2024-07-29 12:00:00,0.12729046,0.017717155,4360023.469108121,-464668.9756583009,0.0
29,0.494025,46.66667,-6.0,2024-07-29 12:00:00,-0.028520985,-0.052841544,4360694.650219674,-458327.4764384654,0.0
209,1.541375,46.66667,-6.0,2024-07-29 12:00:00,-0.025664367,-0.04850119,4360694.650219674,-458327.4764384654,0.0
389,2.645669,46.66667,-6.0,2024-07-29 12:00:00,-0.02258297,-0.04439793,4360694.650219674,-458327.4764384654,0.0
569,3.819495,46.66667,-6.0,2024-07-29 12:00:00,-0.019023811,-0.040332872,4360694.650219674,-458327.4764384654,0.0
749,5.078224,46.66667,-6.0,2024-07-29 12:00:00,-0.01316455,-0.0348612,4360694.650219674,-458327.4764384654,0.0
929,6.440614,46.66667,-6.0,2024-07-29 12:00:00,0.0006487082,-0.026143618,4360694.650219674,-458327.4764384654,0.0
1109,7.92956,46.66667,-6.0,2024-07-29 12:00:00,0.022677964,-0.019504532,4360694.650219674,-458327.4764384654,0.0
1289,9.572997,46.66667,-6.0,2024-07-29 12:00:00,0.045110967,-0.020551464,4360694.650219674,-458327.4764384654,0.0
1469,11.405,46.66667,-6.0,2024-07-29 12:00:00,0.061505694,-0.03167102,4360694.650219674,-458327.4764384654,0.0
1649,13.46714,46.66667,-6.0,2024-07-29 12:00:00,0.05649874,-0.058838718,4360694.650219674,-458327.4764384654,0.0
1829,15.81007,46.66667,-6.0,2024-07-29 12:00:00,-0.0010387651,-0.06573382,4360694.650219674,-458327.4764384654,0.0
2009,18.49556,46.66667,-6.0,2024-07-29 12:00:00,-0.0072148666,-0.041986667,4360694.650219674,-458327.4764384654,0.0
2189,21.59882,46.66667,-6.0,2024-07-29 12:00:00,-0.004661276,-0.030811273,4360694.650219674,-458327.4764384654,0.0
2369,25.21141,46.66667,-6.0,2024-07-29 12:00:00,0.001002137,-0.018950714,4360694.650219674,-458327.4764384654,0.0
2549,29.44473,46.66667,-6.0,2024-07-29 12:00:00,0.018545486,-0.007405875,4360694.650219674,-458327.4764384654,0.0
2729,34.43415,46.66667,-6.0,2024-07-29 12:00:00,0.048341837,-0.00045484048,4360694.650219674,-458327.4764384654,0.0
2909,40.34405,46.66667,-6.0,2024-07-29 12:00:00,0.081291065,-0.010109296,4360694.650219674,-458327.4764384654,0.0
3089,47.37369,46.66667,-6.0,2024-07-29 12:00:00,0.08958506,-0.04044417,4360694.650219674,-458327.4764384654,0.0
3269,55.76429,46.66667,-6.0,2024-07-29 12:00:00,0.06530328,-0.054614093,4360694.650219674,-458327.4764384654,0.0
3449,65.80727,46.66667,-6.0,2024-07-29 12:00:00,0.040800035,-0.033615127,4360694.650219674,-458327.4764384654,0.0
3629,77.85385,46.66667,-6.0,2024-07-29 12:00:00,0.042710844,-0.004264842,4360694.650219674,-458327.4764384654,0.0
3809,92.32607,46.66667,-6.0,2024-07-29 12:00:00,0.06140444,0.009812143,4360694.650219674,-458327.4764384654,0.0
3989,109.7293,46.66667,-6.0,2024-07-29 12:00:00,0.075947516,0.012006216,4360694.650219674,-458327.4764384654,0.0
4169,130.666,46.66667,-6.0,2024-07-29 12:00:00,0.08342275,0.01155695,4360694.650219674,-458327.4764384654,0.0
4349,155.8507,46.66667,-6.0,2024-07-29 12:00:00,0.08612501,0.010104288,4360694.650219674,-458327.4764384654,0.0
4529,186.1256,46.66667,-6.0,2024-07-29 12:00:00,0.0900409,0.010014166,4360694.650219674,-458327.4764384654,0.0
4709,222.4752,46.66667,-6.0,2024-07-29 12:00:00,0.091779076,0.00944519,4360694.650219674,-458327.4764384654,0.0
4889,266.0403,46.66667,-6.0,2024-07-29 12:00:00,0.088201046,0.012271471,4360694.650219674,-458327.4764384654,0.0
5069,318.1274,46.66667,-6.0,2024-07-29 12:00:00,0.09085725,0.008961748,4360694.650219674,-458327.4764384654,0.0
5249,380.213,46.66667,-6.0,2024-07-29 12:00:00,0.09126946,0.0067245555,4360694.650219674,-458327.4764384654,0.0
5429,453.9377,46.66667,-6.0,2024-07-29 12:00:00,0.10136939,-0.0012310548,4360694.650219674,-458327.4764384654,0.0
5609,541.0889,46.66667,-6.0,2024-07-29 12:00:00,0.10900667,-0.0034253113,4360694.650219674,-458327.4764384654,0.0
5789,643.5668,46.66667,-6.0,2024-07-29 12:00:00,0.080574565,-0.0032601552,4360694.650219674,-458327.4764384654,0.0
5969,763.3331,46.66667,-6.0,2024-07-29 12:00:00,0.07085651,-0.0032975664,4360694.650219674,-458327.4764384654,0.0
6149,902.3393,46.66667,-6.0,2024-07-29 12:00:00,0.11819581,-0.03809155,4360694.650219674,-458327.4764384654,0.0
38,0.494025,46.75,-6.25,2024-07-29 12:00:00,-0.024616586,0.01998854,4351950.96357759,-476616.1460837916,0.0
218,1.541375,46.75,-6.25,2024-07-29 12:00:00,-0.021901174,0.024550376,4351950.96357759,-476616.1460837916,0.0
398,2.645669,46.75,-6.25,2024-07-29 12:00:00,-0.018888453,0.028852962,4351950.96357759,-476616.1460837916,0.0
578,3.819495,46.75,-6.25,2024-07-29 12:00:00,-0.015174487,0.033234764,4351950.96357759,-476616.1460837916,0.0
758,5.078224,46.75,-6.25,2024-07-29 12:00:00,-0.0074000885,0.040182136,4351950.96357759,-476616.1460837916,0.0
938,6.440614,46.75,-6.25,2024-07-29 12:00:00,0.009631295,0.049243893,4351950.96357759,-476616.1460837916,0.0
1118,7.92956,46.75,-6.25,2024-07-29 12:00:00,0.031672537,0.053190906,4351950.96357759,-476616.1460837916,0.0
1298,9.572997,46.75,-6.25,2024-07-29 12:00:00,0.052845832,0.04793486,4351950.96357759,-476616.1460837916,0.0
1478,11.405,46.75,-6.25,2024-07-29 12:00:00,0.06252504,0.028288955,4351950.96357759,-476616.1460837916,0.0
1658,13.46714,46.75,-6.25,2024-07-29 12:00:00,0.036564913,-0.0023888117,4351950.96357759,-476616.1460837916,0.0
1838,15.81007,46.75,-6.25,2024-07-29 12:00:00,0.002126415,0.0029410138,4351950.96357759,-476616.1460837916,0.0
2018,18.49556,46.75,-6.25,2024-07-29 12:00:00,0.0067457315,0.010936656,4351950.96357759,-476616.1460837916,0.0
2198,21.59882,46.75,-6.25,2024-07-29 12:00:00,0.015935201,0.012352273,4351950.96357759,-476616.1460837916,0.0
2378,25.21141,46.75,-6.25,2024-07-29 12:00:00,0.03437648,0.015732516,4351950.96357759,-476616.1460837916,0.0
2558,29.44473,46.75,-6.25,2024-07-29 12:00:00,0.062233463,0.017153893,4351950.96357759,-476616.1460837916,0.0
2738,34.43415,46.75,-6.25,2024-07-29 12:00:00,0.0981426,0.010966381,4351950.96357759,-476616.1460837916,0.0
2918,40.34405,46.75,-6.25,2024-07-29 12:00:00,0.11757772,-0.012224467,4351950.96357759,-476616.1460837916,0.0
3098,47.37369,46.75,-6.25,2024-07-29 12:00:00,0.09362827,-0.041191295,4351950.96357759,-476616.1460837916,0.0
3278,55.76429,46.75,-6.25,2024-07-29 12:00:00,0.054936953,-0.040949762,4351950.96357759,-476616.1460837916,0.0
3458,65.80727,46.75,-6.25,2024-07-29 12:00:00,0.04590776,-0.01637364,4351950.96357759,-476616.1460837916,0.0
3638,77.85385,46.75,-6.25,2024-07-29 12:00:00,0.06246001,0.002573382,4351950.96357759,-476616.1460837916,0.0
3818,92.32607,46.75,-6.25,2024-07-29 12:00:00,0.07422082,0.010400597,4351950.96357759,-476616.1460837916,0.0
3998,109.7293,46.75,-6.25,2024-07-29 12:00:00,0.08246441,0.012281541,4351950.96357759,-476616.1460837916,0.0
4178,130.666,46.75,-6.25,2024-07-29 12:00:00,0.08905334,0.008974401,4351950.96357759,-476616.1460837916,0.0
4358,155.8507,46.75,-6.25,2024-07-29 12:00:00,0.09080114,0.003970777,4351950.96357759,-476616.1460837916,0.0
4538,186.1256,46.75,-6.25,2024-07-29 12:00:00,0.085308716,0.0006294232,4351950.96357759,-476616.1460837916,0.0
4718,222.4752,46.75,-6.25,2024-07-29 12:00:00,0.077580154,-0.0071570724,4351950.96357759,-476616.1460837916,0.0
4898,266.0403,46.75,-6.25,2024-07-29 12:00:00,0.07074736,-0.014458534,4351950.96357759,-476616.1460837916,0.0
5078,318.1274,46.75,-6.25,2024-07-29 12:00:00,0.068832695,-0.01056717,4351950.96357759,-476616.1460837916,0.0
5258,380.213,46.75,-6.25,2024-07-29 12:00:00,0.06754204,0.0028223358,4351950.96357759,-476616.1460837916,0.0
5438,453.9377,46.75,-6.25,2024-07-29 12:00:00,0.06362692,0.013451586,4351950.96357759,-476616.1460837916,0.0
5618,541.0889,46.75,-6.25,2024-07-29 12:00:00,0.06924637,0.025475774,4351950.96357759,-476616.1460837916,0.0
5798,643.5668,46.75,-6.25,2024-07-29 12:00:00,0.09688988,0.039206427,4351950.96357759,-476616.1460837916,0.0
5978,763.3331,46.75,-6.25,2024-07-29 12:00:00,0.12768985,0.06813518,4351950.96357759,-476616.1460837916,0.0
6158,902.3393,46.75,-6.25,2024-07-29 12:00:00,0.14753595,0.10204412,4351950.96357759,-476616.1460837916,0.0
47,0.494025,46.75,-6.1666565,2024-07-29 12:00:00,-0.012803215,-0.0017091985,4352639.653859386,-470285.21531356085,0.0
227,1.541375,46.75,-6.1666565,2024-07-29 12:00:00,-0.01000378,0.0027735946,4352639.653859386,-470285.21531356085,0.0
407,2.645669,46.75,-6.1666565,2024-07-29 12:00:00,-0.006924146,0.0069970083,4352639.653859386,-470285.21531356085,0.0
587,3.819495,46.75,-6.1666565,2024-07-29 12:00:00,-0.0031792396,0.011265445,4352639.653859386,-470285.21531356085,0.0
767,5.078224,46.75,-6.1666565,2024-07-29 12:00:00,0.0044035297,0.017836032,4352639.653859386,-470285.21531356085,0.0
947,6.440614,46.75,-6.1666565,2024-07-29 12:00:00,0.02118801,0.026750367,4352639.653859386,-470285.21531356085,0.0
1127,7.92956,46.75,-6.1666565,2024-07-29 12:00:00,0.043317262,0.030983858,4352639.653859386,-470285.21531356085,0.0
1307,9.572997,46.75,-6.1666565,2024-07-29 12:00:00,0.0640831,0.026010614,4352639.653859386,-470285.21531356085,0.0
1487,11.405,46.75,-6.1666565,2024-07-29 12:00:00,0.07133116,0.008817263,4352639.653859386,-470285.21531356085,0.0
1667,13.46714,46.75,-6.1666565,2024-07-29 12:00:00,0.043550715,-0.011680092,4352639.653859386,-470285.21531356085,0.0
1847,15.81007,46.75,-6.1666565,2024-07-29 12:00:00,0.00019212242,-0.0051289797,4352639.653859386,-470285.21531356085,0.0
2027,18.49556,46.75,-6.1666565,2024-07-29 12:00:00,0.008179244,0.009715962,4352639.653859386,-470285.21531356085,0.0
2207,21.59882,46.75,-6.1666565,2024-07-29 12:00:00,0.02244247,0.013501893,4352639.653859386,-470285.21531356085,0.0
2387,25.21141,46.75,-6.1666565,2024-07-29 12:00:00,0.048650764,0.019528681,4352639.653859386,-470285.21531356085,0.0
2567,29.44473,46.75,-6.1666565,2024-07-29 12:00:00,0.08548821,0.01952027,4352639.653859386,-470285.21531356085,0.0
2747,34.43415,46.75,-6.1666565,2024-07-29 12:00:00,0.12617247,0.0068577547,4352639.653859386,-470285.21531356085,0.0
2927,40.34405,46.75,-6.1666565,2024-07-29 12:00:00,0.14138277,-0.024961887,4352639.653859386,-470285.21531356085,0.0
3107,47.37369,46.75,-6.1666565,2024-07-29 12:00:00,0.10273846,-0.05687929,4352639.653859386,-470285.21531356085,0.0
3287,55.76429,46.75,-6.1666565,2024-07-29 12:00:00,0.04712893,-0.047386996,4352639.653859386,-470285.21531356085,0.0
3467,65.80727,46.75,-6.1666565,2024-07-29 12:00:00,0.032689694,-0.00835276,4352639.653859386,-470285.21531356085,0.0
3647,77.85385,46.75,-6.1666565,2024-07-29 12:00:00,0.05406021,0.021036038,4352639.653859386,-470285.21531356085,0.0
3827,92.32607,46.75,-6.1666565,2024-07-29 12:00:00,0.07513829,0.02664636,4352639.653859386,-470285.21531356085,0.0
4007,109.7293,46.75,-6.1666565,2024-07-29 12:00:00,0.08703023,0.025805308,4352639.653859386,-470285.21531356085,0.0
4187,130.666,46.75,-6.1666565,2024-07-29 12:00:00,0.09336146,0.022170976,4352639.653859386,-470285.21531356085,0.0
4367,155.8507,46.75,-6.1666565,2024-07-29 12:00:00,0.09785322,0.016665159,4352639.653859386,-470285.21531356085,0.0
4547,186.1256,46.75,-6.1666565,2024-07-29 12:00:00,0.098264314,0.013783224,4352639.653859386,-470285.21531356085,0.0
4727,222.4752,46.75,-6.1666565,2024-07-29 12:00:00,0.09250855,0.0066581382,4352639.653859386,-470285.21531356085,0.0
4907,266.0403,46.75,-6.1666565,2024-07-29 12:00:00,0.08472023,-0.00093699526,4352639.653859386,-470285.21531356085,0.0
5087,318.1274,46.75,-6.1666565,2024-07-29 12:00:00,0.079887316,-0.0003491831,4352639.653859386,-470285.21531356085,0.0
5267,380.213,46.75,-6.1666565,2024-07-29 12:00:00,0.07116719,0.013884654,4352639.653859386,-470285.21531356085,0.0
5447,453.9377,46.75,-6.1666565,2024-07-29 12:00:00,0.062814,0.025593605,4352639.653859386,-470285.21531356085,0.0
5627,541.0889,46.75,-6.1666565,2024-07-29 12:00:00,0.068807036,0.031503163,4352639.653859386,-470285.21531356085,0.0
5807,643.5668,46.75,-6.1666565,2024-07-29 12:00:00,0.079520844,0.04339448,4352639.653859386,-470285.21531356085,0.0
5987,763.3331,46.75,-6.1666565,2024-07-29 12:00:00,0.10212138,0.06299775,4352639.653859386,-470285.21531356085,0.0
6167,902.3393,46.75,-6.1666565,2024-07-29 12:00:00,0.13900284,0.077499405,4352639.653859386,-470285.21531356085,0.0
56,0.494025,46.75,-6.0833282,2024-07-29 12:00:00,-0.0034408402,-0.027085394,4353319.010767862,-463954.44881885045,0.0
236,1.541375,46.75,-6.0833282,2024-07-29 12:00:00,-0.0005771581,-0.022671001,4353319.010767862,-463954.44881885045,0.0
416,2.645669,46.75,-6.0833282,2024-07-29 12:00:00,0.0025444604,-0.018517924,4353319.010767862,-463954.44881885045,0.0
596,3.819495,46.75,-6.0833282,2024-07-29 12:00:00,0.0062990263,-0.014344843,4353319.010767862,-463954.44881885045,0.0
776,5.078224,46.75,-6.0833282,2024-07-29 12:00:00,0.013777706,-0.008060225,4353319.010767862,-463954.44881885045,0.0
956,6.440614,46.75,-6.0833282,2024-07-29 12:00:00,0.03051066,0.00079672213,4353319.010767862,-463954.44881885045,0.0
1136,7.92956,46.75,-6.0833282,2024-07-29 12:00:00,0.052575763,0.005476073,4353319.010767862,-463954.44881885045,0.0
1316,9.572997,46.75,-6.0833282,2024-07-29 12:00:00,0.07286619,0.0016899402,4353319.010767862,-463954.44881885045,0.0
1496,11.405,46.75,-6.0833282,2024-07-29 12:00:00,0.081242725,-0.012346153,4353319.010767862,-463954.44881885045,0.0
1676,13.46714,46.75,-6.0833282,2024-07-29 12:00:00,0.05741197,-0.030332962,4353319.010767862,-463954.44881885045,0.0
1856,15.81007,46.75,-6.0833282,2024-07-29 12:00:00,0.0029485847,-0.02593576,4353319.010767862,-463954.44881885045,0.0
2036,18.49556,46.75,-6.0833282,2024-07-29 12:00:00,0.006252291,-0.003372301,4353319.010767862,-463954.44881885045,0.0
2216,21.59882,46.75,-6.0833282,2024-07-29 12:00:00,0.017846297,0.0073253084,4353319.010767862,-463954.44881885045,0.0
2396,25.21141,46.75,-6.0833282,2024-07-29 12:00:00,0.040832598,0.021003842,4353319.010767862,-463954.44881885045,0.0
2576,29.44473,46.75,-6.0833282,2024-07-29 12:00:00,0.07702521,0.027166542,4353319.010767862,-463954.44881885045,0.0
2756,34.43415,46.75,-6.0833282,2024-07-29 12:00:00,0.121699825,0.017250447,4353319.010767862,-463954.44881885045,0.0
2936,40.34405,46.75,-6.0833282,2024-07-29 12:00:00,0.147698,-0.019551326,4353319.010767862,-463954.44881885045,0.0
3116,47.37369,46.75,-6.0833282,2024-07-29 12:00:00,0.11655393,-0.062441256,4353319.010767862,-463954.44881885045,0.0
3296,55.76429,46.75,-6.0833282,2024-07-29 12:00:00,0.053743165,-0.060589626,4353319.010767862,-463954.44881885045,0.0
3476,65.80727,46.75,-6.0833282,2024-07-29 12:00:00,0.025421305,-0.019090695,4353319.010767862,-463954.44881885045,0.0
3656,77.85385,46.75,-6.0833282,2024-07-29 12:00:00,0.0404186,0.018028613,4353319.010767862,-463954.44881885045,0.0
3836,92.32607,46.75,-6.0833282,2024-07-29 12:00:00,0.06873025,0.028314024,4353319.010767862,-463954.44881885045,0.0
4016,109.7293,46.75,-6.0833282,2024-07-29 12:00:00,0.086726196,0.026266245,4353319.010767862,-463954.44881885045,0.0
4196,130.666,46.75,-6.0833282,2024-07-29 12:00:00,0.09533257,0.023928292,4353319.010767862,-463954.44881885045,0.0
4376,155.8507,46.75,-6.0833282,2024-07-29 12:00:00,0.10096509,0.020152751,4353319.010767862,-463954.44881885045,0.0
4556,186.1256,46.75,-6.0833282,2024-07-29 12:00:00,0.10425342,0.019458953,4353319.010767862,-463954.44881885045,0.0
4736,222.4752,46.75,-6.0833282,2024-07-29 12:00:00,0.10389915,0.011715782,4353319.010767862,-463954.44881885045,0.0
4916,266.0403,46.75,-6.0833282,2024-07-29 12:00:00,0.09607672,0.0031964984,4353319.010767862,-463954.44881885045,0.0
5096,318.1274,46.75,-6.0833282,2024-07-29 12:00:00,0.08675804,0.009790415,4353319.010767862,-463954.44881885045,0.0
5276,380.213,46.75,-6.0833282,2024-07-29 12:00:00,0.073028535,0.01854161,4353319.010767862,-463954.44881885045,0.0
5456,453.9377,46.75,-6.0833282,2024-07-29 12:00:00,0.061353117,0.023103207,4353319.010767862,-463954.44881885045,0.0
5636,541.0889,46.75,-6.0833282,2024-07-29 12:00:00,0.055463422,0.035102583,4353319.010767862,-463954.44881885045,0.0
5816,643.5668,46.75,-6.0833282,2024-07-29 12:00:00,0.052643925,0.041030727,4353319.010767862,-463954.44881885045,0.0
5996,763.3331,46.75,-6.0833282,2024-07-29 12:00:00,0.08069335,0.04490569,4353319.010767862,-463954.44881885045,0.0
6176,902.3393,46.75,-6.0833282,2024-07-29 12:00:00,0.1234808,0.03265229,4353319.010767862,-463954.44881885045,0.0
65,0.494025,46.75,-6.0,2024-07-29 12:00:00,0.0049201036,-0.047458425,4353989.159796485,-457622.70099545474,0.0
245,1.541375,46.75,-6.0,2024-07-29 12:00:00,0.007843225,-0.043110278,4353989.159796485,-457622.70099545474,0.0
425,2.645669,46.75,-6.0,2024-07-29 12:00:00,0.011002256,-0.039034106,4353989.159796485,-457622.70099545474,0.0
605,3.819495,46.75,-6.0,2024-07-29 12:00:00,0.014773787,-0.034954466,4353989.159796485,-457622.70099545474,0.0
785,5.078224,46.75,-6.0,2024-07-29 12:00:00,0.022306636,-0.028814353,4353989.159796485,-457622.70099545474,0.0
965,6.440614,46.75,-6.0,2024-07-29 12:00:00,0.039459307,-0.019995118,4353989.159796485,-457622.70099545474,0.0
1145,7.92956,46.75,-6.0,2024-07-29 12:00:00,0.061675508,-0.015475417,4353989.159796485,-457622.70099545474,0.0
1325,9.572997,46.75,-6.0,2024-07-29 12:00:00,0.081340194,-0.018913211,4353989.159796485,-457622.70099545474,0.0
1505,11.405,46.75,-6.0,2024-07-29 12:00:00,0.090947226,-0.03056603,4353989.159796485,-457622.70099545474,0.0
1685,13.46714,46.75,-6.0,2024-07-29 12:00:00,0.07351448,-0.04824858,4353989.159796485,-457622.70099545474,0.0
1865,15.81007,46.75,-6.0,2024-07-29 12:00:00,0.013907272,-0.05168934,4353989.159796485,-457622.70099545474,0.0
2045,18.49556,46.75,-6.0,2024-07-29 12:00:00,0.0076150717,-0.029756218,4353989.159796485,-457622.70099545474,0.0
2225,21.59882,46.75,-6.0,2024-07-29 12:00:00,0.009374574,-0.014006704,4353989.159796485,-457622.70099545474,0.0
2405,25.21141,46.75,-6.0,2024-07-29 12:00:00,0.019741055,0.005184432,4353989.159796485,-457622.70099545474,0.0
2585,29.44473,46.75,-6.0,2024-07-29 12:00:00,0.044992536,0.020086337,4353989.159796485,-457622.70099545474,0.0
2765,34.43415,46.75,-6.0,2024-07-29 12:00:00,0.08672098,0.022852167,4353989.159796485,-457622.70099545474,0.0
2945,40.34405,46.75,-6.0,2024-07-29 12:00:00,0.12491372,-0.004315156,4353989.159796485,-457622.70099545474,0.0
3125,47.37369,46.75,-6.0,2024-07-29 12:00:00,0.12032339,-0.054961044,4353989.159796485,-457622.70099545474,0.0
3305,55.76429,46.75,-6.0,2024-07-29 12:00:00,0.073178306,-0.07598784,4353989.159796485,-457622.70099545474,0.0
3485,65.80727,46.75,-6.0,2024-07-29 12:00:00,0.035719637,-0.047056884,4353989.159796485,-457622.70099545474,0.0
3665,77.85385,46.75,-6.0,2024-07-29 12:00:00,0.036010504,-0.0061850585,4353989.159796485,-457622.70099545474,0.0
3845,92.32607,46.75,-6.0,2024-07-29 12:00:00,0.061894268,0.014766746,4353989.159796485,-457622.70099545474,0.0
4025,109.7293,46.75,-6.0,2024-07-29 12:00:00,0.08296136,0.01581473,4353989.159796485,-457622.70099545474,0.0
4205,130.666,46.75,-6.0,2024-07-29 12:00:00,0.09336985,0.011353904,4353989.159796485,-457622.70099545474,0.0
4385,155.8507,46.75,-6.0,2024-07-29 12:00:00,0.09858571,0.008203451,4353989.159796485,-457622.70099545474,0.0
4565,186.1256,46.75,-6.0,2024-07-29 12:00:00,0.10365292,0.009503465,4353989.159796485,-457622.70099545474,0.0
4745,222.4752,46.75,-6.0,2024-07-29 12:00:00,0.10718117,0.0047666146,4353989.159796485,-457622.70099545474,0.0
4925,266.0403,46.75,-6.0,2024-07-29 12:00:00,0.0997659,-0.00016365945,4353989.159796485,-457622.70099545474,0.0
5105,318.1274,46.75,-6.0,2024-07-29 12:00:00,0.09306736,0.0069279773,4353989.159796485,-457622.70099545474,0.0
5285,380.213,46.75,-6.0,2024-07-29 12:00:00,0.075936124,0.0131812375,4353989.159796485,-457622.70099545474,0.0
5465,453.9377,46.75,-6.0,2024-07-29 12:00:00,0.047975484,0.013221802,4353989.159796485,-457622.70099545474,0.0
5645,541.0889,46.75,-6.0,2024-07-29 12:00:00,0.039616164,0.026962884,4353989.159796485,-457622.70099545474,0.0
5825,643.5668,46.75,-6.0,2024-07-29 12:00:00,0.03338113,0.02426999,4353989.159796485,-457622.70099545474,0.0
6005,763.3331,46.75,-6.0,2024-07-29 12:00:00,0.06347684,0.02130159,4353989.159796485,-457622.70099545474,0.0
6185,902.3393,46.75,-6.0,2024-07-29 12:00:00,0.10179681,-0.0049117506,4353989.159796485,-457622.70099545474,0.0
74,0.494025,46.833336,-6.25,2024-07-29 12:00:00,0.037658818,0.045621414,4345238.723142079,-475881.0361998027,0.0
254,1.541375,46.833336,-6.25,2024-07-29 12:00:00,0.040345293,0.050248533,4345238.723142079,-475881.0361998027,0.0
434,2.645669,46.833336,-6.25,2024-07-29 12:00:00,0.04339611,0.054634906,4345238.723142079,-475881.0361998027,0.0
614,3.819495,46.833336,-6.25,2024-07-29 12:00:00,0.047465913,0.059302785,4345238.723142079,-475881.0361998027,0.0
794,5.078224,46.833336,-6.25,2024-07-29 12:00:00,0.0580811,0.067600176,4345238.723142079,-475881.0361998027,0.0
974,6.440614,46.833336,-6.25,2024-07-29 12:00:00,0.07868482,0.07576184,4345238.723142079,-475881.0361998027,0.0
1154,7.92956,46.833336,-6.25,2024-07-29 12:00:00,0.10112936,0.07610741,4345238.723142079,-475881.0361998027,0.0
1334,9.572997,46.833336,-6.25,2024-07-29 12:00:00,0.11988494,0.065958716,4345238.723142079,-475881.0361998027,0.0
1514,11.405,46.833336,-6.25,2024-07-29 12:00:00,0.12096634,0.04186704,4345238.723142079,-475881.0361998027,0.0
1694,13.46714,46.833336,-6.25,2024-07-29 12:00:00,0.07976444,0.010494805,4345238.723142079,-475881.0361998027,0.0
1874,15.81007,46.833336,-6.25,2024-07-29 12:00:00,0.053982187,0.016705751,4345238.723142079,-475881.0361998027,0.0
2054,18.49556,46.833336,-6.25,2024-07-29 12:00:00,0.05204317,0.017587118,4345238.723142079,-475881.0361998027,0.0
2234,21.59882,46.833336,-6.25,2024-07-29 12:00:00,0.056351505,0.017610159,4345238.723142079,-475881.0361998027,0.0
2414,25.21141,46.833336,-6.25,2024-07-29 12:00:00,0.07128891,0.01901792,4345238.723142079,-475881.0361998027,0.0
2594,29.44473,46.833336,-6.25,2024-07-29 12:00:00,0.097044,0.019069262,4345238.723142079,-475881.0361998027,0.0
2774,34.43415,46.833336,-6.25,2024-07-29 12:00:00,0.13243571,0.00915002,4345238.723142079,-475881.0361998027,0.0
2954,40.34405,46.833336,-6.25,2024-07-29 12:00:00,0.14911376,-0.018128797,4345238.723142079,-475881.0361998027,0.0
3134,47.37369,46.833336,-6.25,2024-07-29 12:00:00,0.11989049,-0.051438697,4345238.723142079,-475881.0361998027,0.0
3314,55.76429,46.833336,-6.25,2024-07-29 12:00:00,0.06919463,-0.059065916,4345238.723142079,-475881.0361998027,0.0
3494,65.80727,46.833336,-6.25,2024-07-29 12:00:00,0.041464236,-0.041553028,4345238.723142079,-475881.0361998027,0.0
3674,77.85385,46.833336,-6.25,2024-07-29 12:00:00,0.04314002,-0.024317319,4345238.723142079,-475881.0361998027,0.0
3854,92.32607,46.833336,-6.25,2024-07-29 12:00:00,0.048843145,-0.017775789,4345238.723142079,-475881.0361998027,0.0
4034,109.7293,46.833336,-6.25,2024-07-29 12:00:00,0.053595632,-0.015572659,4345238.723142079,-475881.0361998027,0.0
4214,130.666,46.833336,-6.25,2024-07-29 12:00:00,0.059556074,-0.011642939,4345238.723142079,-475881.0361998027,0.0
4394,155.8507,46.833336,-6.25,2024-07-29 12:00:00,0.06496809,-0.010036932,4345238.723142079,-475881.0361998027,0.0
4574,186.1256,46.833336,-6.25,2024-07-29 12:00:00,0.066963546,-0.008274769,4345238.723142079,-475881.0361998027,0.0
4754,222.4752,46.833336,-6.25,2024-07-29 12:00:00,0.06768027,-0.0093960175,4345238.723142079,-475881.0361998027,0.0
4934,266.0403,46.833336,-6.25,2024-07-29 12:00:00,0.06308377,-0.012218295,4345238.723142079,-475881.0361998027,0.0
5114,318.1274,46.833336,-6.25,2024-07-29 12:00:00,0.054816406,-0.008075027,4345238.723142079,-475881.0361998027,0.0
5294,380.213,46.833336,-6.25,2024-07-29 12:00:00,0.04708619,0.0056126285,4345238.723142079,-475881.0361998027,0.0
5474,453.9377,46.833336,-6.25,2024-07-29 12:00:00,0.05064533,0.025053628,4345238.723142079,-475881.0361998027,0.0
5654,541.0889,46.833336,-6.25,2024-07-29 12:00:00,0.06389002,0.04968828,4345238.723142079,-475881.0361998027,0.0
5834,643.5668,46.833336,-6.25,2024-07-29 12:00:00,0.06618824,0.070680484,4345238.723142079,-475881.0361998027,0.0
6014,763.3331,46.833336,-6.25,2024-07-29 12:00:00,0.06556099,0.08750429,4345238.723142079,-475881.0361998027,0.0
6194,902.3393,46.833336,-6.25,2024-07-29 12:00:00,0.09121165,0.106957935,4345238.723142079,-475881.0361998027,0.0
83,0.494025,46.833336,-6.1666565,2024-07-29 12:00:00,0.034005124,0.033753008,4345926.351221016,-469559.8699535443,0.0
263,1.541375,46.833336,-6.1666565,2024-07-29 12:00:00,0.036812514,0.03830466,4345926.351221016,-469559.8699535443,0.0
443,2.645669,46.833336,-6.1666565,2024-07-29 12:00:00,0.039965507,0.04261204,4345926.351221016,-469559.8699535443,0.0
623,3.819495,46.833336,-6.1666565,2024-07-29 12:00:00,0.044069484,0.0471446,4345926.351221016,-469559.8699535443,0.0
803,5.078224,46.833336,-6.1666565,2024-07-29 12:00:00,0.054210387,0.055030487,4345926.351221016,-469559.8699535443,0.0
983,6.440614,46.833336,-6.1666565,2024-07-29 12:00:00,0.07437358,0.0633501,4345926.351221016,-469559.8699535443,0.0
1163,7.92956,46.833336,-6.1666565,2024-07-29 12:00:00,0.097243376,0.0641537,4345926.351221016,-469559.8699535443,0.0
1343,9.572997,46.833336,-6.1666565,2024-07-29 12:00:00,0.116068944,0.053047206,4345926.351221016,-469559.8699535443,0.0
1523,11.405,46.833336,-6.1666565,2024-07-29 12:00:00,0.11338424,0.0278389,4345926.351221016,-469559.8699535443,0.0
1703,13.46714,46.833336,-6.1666565,2024-07-29 12:00:00,0.070785396,0.0044357083,4345926.351221016,-469559.8699535443,0.0
1883,15.81007,46.833336,-6.1666565,2024-07-29 12:00:00,0.037245747,0.0131256785,4345926.351221016,-469559.8699535443,0.0
2063,18.49556,46.833336,-6.1666565,2024-07-29 12:00:00,0.041888867,0.017075237,4345926.351221016,-469559.8699535443,0.0
2243,21.59882,46.833336,-6.1666565,2024-07-29 12:00:00,0.051228438,0.02054311,4345926.351221016,-469559.8699535443,0.0
2423,25.21141,46.833336,-6.1666565,2024-07-29 12:00:00,0.07281954,0.026822347,4345926.351221016,-469559.8699535443,0.0
2603,29.44473,46.833336,-6.1666565,2024-07-29 12:00:00,0.10716905,0.027686143,4345926.351221016,-469559.8699535443,0.0
2783,34.43415,46.833336,-6.1666565,2024-07-29 12:00:00,0.15112625,0.0107967,4345926.351221016,-469559.8699535443,0.0
2963,40.34405,46.833336,-6.1666565,2024-07-29 12:00:00,0.1695344,-0.028811257,4345926.351221016,-469559.8699535443,0.0
3143,47.37369,46.833336,-6.1666565,2024-07-29 12:00:00,0.12907398,-0.070467435,4345926.351221016,-469559.8699535443,0.0
3323,55.76429,46.833336,-6.1666565,2024-07-29 12:00:00,0.06132311,-0.07109374,4345926.351221016,-469559.8699535443,0.0
3503,65.80727,46.833336,-6.1666565,2024-07-29 12:00:00,0.028174665,-0.0350627,4345926.351221016,-469559.8699535443,0.0
3683,77.85385,46.833336,-6.1666565,2024-07-29 12:00:00,0.0359755,-0.0026280002,4345926.351221016,-469559.8699535443,0.0
3863,92.32607,46.833336,-6.1666565,2024-07-29 12:00:00,0.052679818,0.0068411,4345926.351221016,-469559.8699535443,0.0
4043,109.7293,46.833336,-6.1666565,2024-07-29 12:00:00,0.063273475,0.006093179,4345926.351221016,-469559.8699535443,0.0
4223,130.666,46.833336,-6.1666565,2024-07-29 12:00:00,0.06933766,0.005438425,4345926.351221016,-469559.8699535443,0.0
4403,155.8507,46.833336,-6.1666565,2024-07-29 12:00:00,0.07393001,0.0064555076,4345926.351221016,-469559.8699535443,0.0
4583,186.1256,46.833336,-6.1666565,2024-07-29 12:00:00,0.07389464,0.004702796,4345926.351221016,-469559.8699535443,0.0
4763,222.4752,46.833336,-6.1666565,2024-07-29 12:00:00,0.07268622,0.000506585,4345926.351221016,-469559.8699535443,0.0
4943,266.0403,46.833336,-6.1666565,2024-07-29 12:00:00,0.059400383,-0.0019312988,4345926.351221016,-469559.8699535443,0.0
5123,318.1274,46.833336,-6.1666565,2024-07-29 12:00:00,0.04951591,0.0026731107,4345926.351221016,-469559.8699535443,0.0
5303,380.213,46.833336,-6.1666565,2024-07-29 12:00:00,0.0383883,0.02369702,4345926.351221016,-469559.8699535443,0.0
5483,453.9377,46.833336,-6.1666565,2024-07-29 12:00:00,0.03720094,0.039904267,4345926.351221016,-469559.8699535443,0.0
5663,541.0889,46.833336,-6.1666565,2024-07-29 12:00:00,0.05580323,0.06074354,4345926.351221016,-469559.8699535443,0.0
5843,643.5668,46.833336,-6.1666565,2024-07-29 12:00:00,0.051169068,0.07787937,4345926.351221016,-469559.8699535443,0.0
6023,763.3331,46.833336,-6.1666565,2024-07-29 12:00:00,0.06661102,0.08607067,4345926.351221016,-469559.8699535443,0.0
6203,902.3393,46.833336,-6.1666565,2024-07-29 12:00:00,0.090143695,0.08603133,4345926.351221016,-469559.8699535443,0.0
92,0.494025,46.833336,-6.0833282,2024-07-29 12:00:00,0.032271113,0.0069224644,4346604.66032198,-463238.86772943556,0.0
272,1.541375,46.833336,-6.0833282,2024-07-29 12:00:00,0.03516528,0.01139959,4346604.66032198,-463238.86772943556,0.0
452,2.645669,46.833336,-6.0833282,2024-07-29 12:00:00,0.038370952,0.015627062,4346604.66032198,-463238.86772943556,0.0
632,3.819495,46.833336,-6.0833282,2024-07-29 12:00:00,0.042453475,0.020036561,4346604.66032198,-463238.86772943556,0.0
812,5.078224,46.833336,-6.0833282,2024-07-29 12:00:00,0.05219392,0.027582426,4346604.66032198,-463238.86772943556,0.0
992,6.440614,46.833336,-6.0833282,2024-07-29 12:00:00,0.07189989,0.03607572,4346604.66032198,-463238.86772943556,0.0
1172,7.92956,46.833336,-6.0833282,2024-07-29 12:00:00,0.09421407,0.03782262,4346604.66032198,-463238.86772943556,0.0
1352,9.572997,46.833336,-6.0833282,2024-07-29 12:00:00,0.11216087,0.029067142,4346604.66032198,-463238.86772943556,0.0
1532,11.405,46.833336,-6.0833282,2024-07-29 12:00:00,0.110821806,0.008817433,4346604.66032198,-463238.86772943556,0.0
1712,13.46714,46.833336,-6.0833282,2024-07-29 12:00:00,0.073462605,-0.010986729,4346604.66032198,-463238.86772943556,0.0
1892,15.81007,46.833336,-6.0833282,2024-07-29 12:00:00,0.03066808,-0.006506021,4346604.66032198,-463238.86772943556,0.0
2072,18.49556,46.833336,-6.0833282,2024-07-29 12:00:00,0.032015666,0.0038584035,4346604.66032198,-463238.86772943556,0.0
2252,21.59882,46.833336,-6.0833282,2024-07-29 12:00:00,0.039014127,0.014950716,4346604.66032198,-463238.86772943556,0.0
2432,25.21141,46.833336,-6.0833282,2024-07-29 12:00:00,0.05803001,0.03099548,4346604.66032198,-463238.86772943556,0.0
2612,29.44473,46.833336,-6.0833282,2024-07-29 12:00:00,0.0922825,0.041313097,4346604.66032198,-463238.86772943556,0.0
2792,34.43415,46.833336,-6.0833282,2024-07-29 12:00:00,0.14133333,0.030490736,4346604.66032198,-463238.86772943556,0.0
2972,40.34405,46.833336,-6.0833282,2024-07-29 12:00:00,0.1726616,-0.013115542,4346604.66032198,-463238.86772943556,0.0
3152,47.37369,46.833336,-6.0833282,2024-07-29 12:00:00,0.1421686,-0.06847654,4346604.66032198,-463238.86772943556,0.0
3332,55.76429,46.833336,-6.0833282,2024-07-29 12:00:00,0.07026735,-0.07972009,4346604.66032198,-463238.86772943556,0.0
3512,65.80727,46.833336,-6.0833282,2024-07-29 12:00:00,0.02582044,-0.038819775,4346604.66032198,-463238.86772943556,0.0
3692,77.85385,46.833336,-6.0833282,2024-07-29 12:00:00,0.030151643,0.004674677,4346604.66032198,-463238.86772943556,0.0
3872,92.32607,46.833336,-6.0833282,2024-07-29 12:00:00,0.05198145,0.022645025,4346604.66032198,-463238.86772943556,0.0
4052,109.7293,46.833336,-6.0833282,2024-07-29 12:00:00,0.06831011,0.022822961,4346604.66032198,-463238.86772943556,0.0
4232,130.666,46.833336,-6.0833282,2024-07-29 12:00:00,0.07675237,0.018007245,4346604.66032198,-463238.86772943556,0.0
4412,155.8507,46.833336,-6.0833282,2024-07-29 12:00:00,0.08355203,0.014528312,4346604.66032198,-463238.86772943556,0.0
4592,186.1256,46.833336,-6.0833282,2024-07-29 12:00:00,0.08090614,0.010409176,4346604.66032198,-463238.86772943556,0.0
4772,222.4752,46.833336,-6.0833282,2024-07-29 12:00:00,0.08150319,0.0031514517,4346604.66032198,-463238.86772943556,0.0
4952,266.0403,46.833336,-6.0833282,2024-07-29 12:00:00,0.07224476,-5.6289136e-06,4346604.66032198,-463238.86772943556,0.0
5132,318.1274,46.833336,-6.0833282,2024-07-29 12:00:00,0.04915669,0.012068888,4346604.66032198,-463238.86772943556,0.0
5312,380.213,46.833336,-6.0833282,2024-07-29 12:00:00,0.037999272,0.028476551,4346604.66032198,-463238.86772943556,0.0
5492,453.9377,46.833336,-6.0833282,2024-07-29 12:00:00,0.031148791,0.037261046,4346604.66032198,-463238.86772943556,0.0
5672,541.0889,46.833336,-6.0833282,2024-07-29 12:00:00,0.03537233,0.05944912,4346604.66032198,-463238.86772943556,0.0
5852,643.5668,46.833336,-6.0833282,2024-07-29 12:00:00,0.047003746,0.06332602,4346604.66032198,-463238.86772943556,0.0
6032,763.3331,46.833336,-6.0833282,2024-07-29 12:00:00,0.057914943,0.07513113,4346604.66032198,-463238.86772943556,0.0
6212,902.3393,46.833336,-6.0833282,2024-07-29 12:00:00,0.07297472,0.06319614,4346604.66032198,-463238.86772943556,0.0
101,0.494025,46.833336,-6.0,2024-07-29 12:00:00,0.036257733,-0.01502161,4347273.775744883,-456916.88569019584,0.0
281,1.541375,46.833336,-6.0,2024-07-29 12:00:00,0.039215147,-0.01061281,4347273.775744883,-456916.88569019584,0.0
461,2.645669,46.833336,-6.0,2024-07-29 12:00:00,0.042444576,-0.00647307,4347273.775744883,-456916.88569019584,0.0
641,3.819495,46.833336,-6.0,2024-07-29 12:00:00,0.046490025,-0.0021784424,4347273.775744883,-456916.88569019584,0.0
821,5.078224,46.833336,-6.0,2024-07-29 12:00:00,0.05604446,0.0052596675,4347273.775744883,-456916.88569019584,0.0
1001,6.440614,46.833336,-6.0,2024-07-29 12:00:00,0.07569325,0.013921121,4347273.775744883,-456916.88569019584,0.0
1181,7.92956,46.833336,-6.0,2024-07-29 12:00:00,0.09743138,0.01597082,4347273.775744883,-456916.88569019584,0.0
1361,9.572997,46.833336,-6.0,2024-07-29 12:00:00,0.11466466,0.009197265,4347273.775744883,-456916.88569019584,0.0
1541,11.405,46.833336,-6.0,2024-07-29 12:00:00,0.116965584,-0.006864862,4347273.775744883,-456916.88569019584,0.0
1721,13.46714,46.833336,-6.0,2024-07-29 12:00:00,0.086636394,-0.026192527,4347273.775744883,-456916.88569019584,0.0
1901,15.81007,46.833336,-6.0,2024-07-29 12:00:00,0.037074674,-0.028716076,4347273.775744883,-456916.88569019584,0.0
2081,18.49556,46.833336,-6.0,2024-07-29 12:00:00,0.031056337,-0.01613611,4347273.775744883,-456916.88569019584,0.0
2261,21.59882,46.833336,-6.0,2024-07-29 12:00:00,0.031187616,-0.0010515351,4347273.775744883,-456916.88569019584,0.0
2441,25.21141,46.833336,-6.0,2024-07-29 12:00:00,0.04002557,0.020622266,4347273.775744883,-456916.88569019584,0.0
2621,29.44473,46.833336,-6.0,2024-07-29 12:00:00,0.064263254,0.039782993,4347273.775744883,-456916.88569019584,0.0
2801,34.43415,46.833336,-6.0,2024-07-29 12:00:00,0.10837361,0.039877158,4347273.775744883,-456916.88569019584,0.0
2981,40.34405,46.833336,-6.0,2024-07-29 12:00:00,0.14876676,0.0037594577,4347273.775744883,-456916.88569019584,0.0
3161,47.37369,46.833336,-6.0,2024-07-29 12:00:00,0.1421991,-0.055506494,4347273.775744883,-456916.88569019584,0.0
3341,55.76429,46.833336,-6.0,2024-07-29 12:00:00,0.08885045,-0.08242022,4347273.775744883,-456916.88569019584,0.0
3521,65.80727,46.833336,-6.0,2024-07-29 12:00:00,0.04143481,-0.054922953,4347273.775744883,-456916.88569019584,0.0
3701,77.85385,46.833336,-6.0,2024-07-29 12:00:00,0.03571896,-0.013095621,4347273.775744883,-456916.88569019584,0.0
3881,92.32607,46.833336,-6.0,2024-07-29 12:00:00,0.05568813,0.010467467,4347273.775744883,-456916.88569019584,0.0
4061,109.7293,46.833336,-6.0,2024-07-29 12:00:00,0.07152358,0.013922108,4347273.775744883,-456916.88569019584,0.0
4241,130.666,46.833336,-6.0,2024-07-29 12:00:00,0.075761884,0.010351473,4347273.775744883,-456916.88569019584,0.0
4421,155.8507,46.833336,-6.0,2024-07-29 12:00:00,0.07709148,0.0076184925,4347273.775744883,-456916.88569019584,0.0
4601,186.1256,46.833336,-6.0,2024-07-29 12:00:00,0.07675209,0.007187308,4347273.775744883,-456916.88569019584,0.0
4781,222.4752,46.833336,-6.0,2024-07-29 12:00:00,0.0798436,0.000757887,4347273.775744883,-456916.88569019584,0.0
4961,266.0403,46.833336,-6.0,2024-07-29 12:00:00,0.07748284,-0.0018634731,4347273.775744883,-456916.88569019584,0.0
5141,318.1274,46.833336,-6.0,2024-07-29 12:00:00,0.05924539,0.007943786,4347273.775744883,-456916.88569019584,0.0
5321,380.213,46.833336,-6.0,2024-07-29 12:00:00,0.046553135,0.016410433,4347273.775744883,-456916.88569019584,0.0
5501,453.9377,46.833336,-6.0,2024-07-29 12:00:00,0.044276286,0.014265176,4347273.775744883,-456916.88569019584,0.0
5681,541.0889,46.833336,-6.0,2024-07-29 12:00:00,0.05132946,0.01833338,4347273.775744883,-456916.88569019584,0.0
5861,643.5668,46.833336,-6.0,2024-07-29 12:00:00,0.047102276,0.027781097,4347273.775744883,-456916.88569019584,0.0
6041,763.3331,46.833336,-6.0,2024-07-29 12:00:00,0.05122522,0.039820664,4347273.775744883,-456916.88569019584,0.0
6221,902.3393,46.833336,-6.0,2024-07-29 12:00:00,0.042898834,0.046443056,4347273.775744883,-456916.88569019584,0.0
110,0.494025,46.91667,-6.25,2024-07-29 12:00:00,0.07316828,0.06440334,4338517.220887722,-475144.9119816816,0.0
290,1.541375,46.91667,-6.25,2024-07-29 12:00:00,0.075818405,0.06912857,4338517.220887722,-475144.9119816816,0.0
470,2.645669,46.91667,-6.25,2024-07-29 12:00:00,0.0789317,0.07370379,4338517.220887722,-475144.9119816816,0.0
650,3.819495,46.91667,-6.25,2024-07-29 12:00:00,0.08355046,0.07906881,4338517.220887722,-475144.9119816816,0.0
830,5.078224,46.91667,-6.25,2024-07-29 12:00:00,0.09743569,0.0894798,4338517.220887722,-475144.9119816816,0.0
1010,6.440614,46.91667,-6.25,2024-07-29 12:00:00,0.1206477,0.09632961,4338517.220887722,-475144.9119816816,0.0
1190,7.92956,46.91667,-6.25,2024-07-29 12:00:00,0.14229554,0.09337083,4338517.220887722,-475144.9119816816,0.0
1370,9.572997,46.91667,-6.25,2024-07-29 12:00:00,0.15568544,0.082202315,4338517.220887722,-475144.9119816816,0.0
1550,11.405,46.91667,-6.25,2024-07-29 12:00:00,0.15329611,0.063039415,4338517.220887722,-475144.9119816816,0.0
1730,13.46714,46.91667,-6.25,2024-07-29 12:00:00,0.116637595,0.033198565,4338517.220887722,-475144.9119816816,0.0
1910,15.81007,46.91667,-6.25,2024-07-29 12:00:00,0.1022892,0.033741996,4338517.220887722,-475144.9119816816,0.0
2090,18.49556,46.91667,-6.25,2024-07-29 12:00:00,0.09882782,0.036629952,4338517.220887722,-475144.9119816816,0.0
2270,21.59882,46.91667,-6.25,2024-07-29 12:00:00,0.10413485,0.03650494,4338517.220887722,-475144.9119816816,0.0
2450,25.21141,46.91667,-6.25,2024-07-29 12:00:00,0.11836556,0.035432436,4338517.220887722,-475144.9119816816,0.0
2630,29.44473,46.91667,-6.25,2024-07-29 12:00:00,0.13912193,0.03438318,4338517.220887722,-475144.9119816816,0.0
2810,34.43415,46.91667,-6.25,2024-07-29 12:00:00,0.1606133,0.02487927,4338517.220887722,-475144.9119816816,0.0
2990,40.34405,46.91667,-6.25,2024-07-29 12:00:00,0.1671479,0.005780096,4338517.220887722,-475144.9119816816,0.0
3170,47.37369,46.91667,-6.25,2024-07-29 12:00:00,0.14440843,-0.018937627,4338517.220887722,-475144.9119816816,0.0
3350,55.76429,46.91667,-6.25,2024-07-29 12:00:00,0.10483786,-0.027807837,4338517.220887722,-475144.9119816816,0.0
3530,65.80727,46.91667,-6.25,2024-07-29 12:00:00,0.07694878,-0.013763862,4338517.220887722,-475144.9119816816,0.0
3710,77.85385,46.91667,-6.25,2024-07-29 12:00:00,0.06808285,0.0033709975,4338517.220887722,-475144.9119816816,0.0
3890,92.32607,46.91667,-6.25,2024-07-29 12:00:00,0.07136574,0.011069292,4338517.220887722,-475144.9119816816,0.0
4070,109.7293,46.91667,-6.25,2024-07-29 12:00:00,0.07851452,0.011079285,4338517.220887722,-475144.9119816816,0.0
4250,130.666,46.91667,-6.25,2024-07-29 12:00:00,0.08118307,0.010727034,4338517.220887722,-475144.9119816816,0.0
4430,155.8507,46.91667,-6.25,2024-07-29 12:00:00,0.07334753,0.009380689,4338517.220887722,-475144.9119816816,0.0
4610,186.1256,46.91667,-6.25,2024-07-29 12:00:00,0.06441984,0.0070195897,4338517.220887722,-475144.9119816816,0.0
4790,222.4752,46.91667,-6.25,2024-07-29 12:00:00,0.05533777,0.003134394,4338517.220887722,-475144.9119816816,0.0
4970,266.0403,46.91667,-6.25,2024-07-29 12:00:00,0.046490815,0.003810709,4338517.220887722,-475144.9119816816,0.0
5150,318.1274,46.91667,-6.25,2024-07-29 12:00:00,0.03928992,0.007331253,4338517.220887722,-475144.9119816816,0.0
5330,380.213,46.91667,-6.25,2024-07-29 12:00:00,0.041549873,0.023172548,4338517.220887722,-475144.9119816816,0.0
5510,453.9377,46.91667,-6.25,2024-07-29 12:00:00,0.046347413,0.037541837,4338517.220887722,-475144.9119816816,0.0
5690,541.0889,46.91667,-6.25,2024-07-29 12:00:00,0.046262573,0.06835841,4338517.220887722,-475144.9119816816,0.0
5870,643.5668,46.91667,-6.25,2024-07-29 12:00:00,0.058774617,0.08019094,4338517.220887722,-475144.9119816816,0.0
6050,763.3331,46.91667,-6.25,2024-07-29 12:00:00,0.06327929,0.09048342,4338517.220887722,-475144.9119816816,0.0
6230,902.3393,46.91667,-6.25,2024-07-29 12:00:00,0.052455146,0.097968705,4338517.220887722,-475144.9119816816,0.0
119,0.494025,46.91667,-6.1666565,2024-07-29 12:00:00,0.071333006,0.069119304,4339203.78529813,-468833.52373287774,0.0
299,1.541375,46.91667,-6.1666565,2024-07-29 12:00:00,0.074129276,0.0737671,4339203.78529813,-468833.52373287774,0.0
479,2.645669,46.91667,-6.1666565,2024-07-29 12:00:00,0.077361524,0.07824338,4339203.78529813,-468833.52373287774,0.0
659,3.819495,46.91667,-6.1666565,2024-07-29 12:00:00,0.082019806,0.08339504,4339203.78529813,-468833.52373287774,0.0
839,5.078224,46.91667,-6.1666565,2024-07-29 12:00:00,0.095517114,0.09325508,4339203.78529813,-468833.52373287774,0.0
1019,6.440614,46.91667,-6.1666565,2024-07-29 12:00:00,0.11854627,0.10012701,4339203.78529813,-468833.52373287774,0.0
1199,7.92956,46.91667,-6.1666565,2024-07-29 12:00:00,0.14067878,0.09700868,4339203.78529813,-468833.52373287774,0.0
1379,9.572997,46.91667,-6.1666565,2024-07-29 12:00:00,0.15438008,0.08320889,4339203.78529813,-468833.52373287774,0.0
1559,11.405,46.91667,-6.1666565,2024-07-29 12:00:00,0.14675528,0.05748614,4339203.78529813,-468833.52373287774,0.0
1739,13.46714,46.91667,-6.1666565,2024-07-29 12:00:00,0.103430584,0.034304824,4339203.78529813,-468833.52373287774,0.0
1919,15.81007,46.91667,-6.1666565,2024-07-29 12:00:00,0.08588716,0.042335026,4339203.78529813,-468833.52373287774,0.0
2099,18.49556,46.91667,-6.1666565,2024-07-29 12:00:00,0.08396979,0.046198055,4339203.78529813,-468833.52373287774,0.0
2279,21.59882,46.91667,-6.1666565,2024-07-29 12:00:00,0.0917613,0.048877943,4339203.78529813,-468833.52373287774,0.0
2459,25.21141,46.91667,-6.1666565,2024-07-29 12:00:00,0.108881086,0.052499365,4339203.78529813,-468833.52373287774,0.0
2639,29.44473,46.91667,-6.1666565,2024-07-29 12:00:00,0.13375552,0.052681327,4339203.78529813,-468833.52373287774,0.0
2819,34.43415,46.91667,-6.1666565,2024-07-29 12:00:00,0.16079728,0.03639113,4339203.78529813,-468833.52373287774,0.0
2999,40.34405,46.91667,-6.1666565,2024-07-29 12:00:00,0.16962188,0.000703454,4339203.78529813,-468833.52373287774,0.0
3179,47.37369,46.91667,-6.1666565,2024-07-29 12:00:00,0.13945048,-0.040063787,4339203.78529813,-468833.52373287774,0.0
3359,55.76429,46.91667,-6.1666565,2024-07-29 12:00:00,0.08522254,-0.05336982,4339203.78529813,-468833.52373287774,0.0
3539,65.80727,46.91667,-6.1666565,2024-07-29 12:00:00,0.047944676,-0.03322882,4339203.78529813,-468833.52373287774,0.0
3719,77.85385,46.91667,-6.1666565,2024-07-29 12:00:00,0.038938265,-0.010550931,4339203.78529813,-468833.52373287774,0.0
3899,92.32607,46.91667,-6.1666565,2024-07-29 12:00:00,0.043525156,0.00021590828,4339203.78529813,-468833.52373287774,0.0
4079,109.7293,46.91667,-6.1666565,2024-07-29 12:00:00,0.051277697,0.0050257794,4339203.78529813,-468833.52373287774,0.0
4259,130.666,46.91667,-6.1666565,2024-07-29 12:00:00,0.05651444,0.0075540543,4339203.78529813,-468833.52373287774,0.0
4439,155.8507,46.91667,-6.1666565,2024-07-29 12:00:00,0.054314885,0.004834276,4339203.78529813,-468833.52373287774,0.0
4619,186.1256,46.91667,-6.1666565,2024-07-29 12:00:00,0.047094278,0.004822962,4339203.78529813,-468833.52373287774,0.0
4799,222.4752,46.91667,-6.1666565,2024-07-29 12:00:00,0.04038327,-5.4001575e-05,4339203.78529813,-468833.52373287774,0.0
4979,266.0403,46.91667,-6.1666565,2024-07-29 12:00:00,0.03179662,0.0062039597,4339203.78529813,-468833.52373287774,0.0
5159,318.1274,46.91667,-6.1666565,2024-07-29 12:00:00,0.025321003,0.015349437,4339203.78529813,-468833.52373287774,0.0
5339,380.213,46.91667,-6.1666565,2024-07-29 12:00:00,0.03284432,0.029705573,4339203.78529813,-468833.52373287774,0.0
5519,453.9377,46.91667,-6.1666565,2024-07-29 12:00:00,0.04275544,0.05324404,4339203.78529813,-468833.52373287774,0.0
5699,541.0889,46.91667,-6.1666565,2024-07-29 12:00:00,0.05313734,0.07274301,4339203.78529813,-468833.52373287774,0.0
5879,643.5668,46.91667,-6.1666565,2024-07-29 12:00:00,0.06784032,0.084109746,4339203.78529813,-468833.52373287774,0.0
6059,763.3331,46.91667,-6.1666565,2024-07-29 12:00:00,0.059395008,0.0975809,4339203.78529813,-468833.52373287774,0.0
6239,902.3393,46.91667,-6.1666565,2024-07-29 12:00:00,0.040266782,0.09360887,4339203.78529813,-468833.52373287774,0.0
128,0.494025,46.91667,-6.0833282,2024-07-29 12:00:00,0.07030274,0.0522673,4339881.045145775,-462522.2992525033,0.0
308,1.541375,46.91667,-6.0833282,2024-07-29 12:00:00,0.073217824,0.056832597,4339881.045145775,-462522.2992525033,0.0
488,2.645669,46.91667,-6.0833282,2024-07-29 12:00:00,0.076524496,0.061195545,4339881.045145775,-462522.2992525033,0.0
668,3.819495,46.91667,-6.0833282,2024-07-29 12:00:00,0.08113621,0.06608343,4339881.045145775,-462522.2992525033,0.0
848,5.078224,46.91667,-6.0833282,2024-07-29 12:00:00,0.09408845,0.0753267,4339881.045145775,-462522.2992525033,0.0
1028,6.440614,46.91667,-6.0833282,2024-07-29 12:00:00,0.11681391,0.082712345,4339881.045145775,-462522.2992525033,0.0
1208,7.92956,46.91667,-6.0833282,2024-07-29 12:00:00,0.13904098,0.08064376,4339881.045145775,-462522.2992525033,0.0
1388,9.572997,46.91667,-6.0833282,2024-07-29 12:00:00,0.1530251,0.06705046,4339881.045145775,-462522.2992525033,0.0
1568,11.405,46.91667,-6.0833282,2024-07-29 12:00:00,0.14438325,0.040901497,4339881.045145775,-462522.2992525033,0.0
1748,13.46714,46.91667,-6.0833282,2024-07-29 12:00:00,0.101192564,0.017732274,4339881.045145775,-462522.2992525033,0.0
1928,15.81007,46.91667,-6.0833282,2024-07-29 12:00:00,0.077245645,0.02609055,4339881.045145775,-462522.2992525033,0.0
2108,18.49556,46.91667,-6.0833282,2024-07-29 12:00:00,0.07229306,0.030516207,4339881.045145775,-462522.2992525033,0.0
2288,21.59882,46.91667,-6.0833282,2024-07-29 12:00:00,0.07534587,0.037560124,4339881.045145775,-462522.2992525033,0.0
2468,25.21141,46.91667,-6.0833282,2024-07-29 12:00:00,0.08729294,0.048464347,4339881.045145775,-462522.2992525033,0.0
2648,29.44473,46.91667,-6.0833282,2024-07-29 12:00:00,0.110423975,0.05547014,4339881.045145775,-462522.2992525033,0.0
2828,34.43415,46.91667,-6.0833282,2024-07-29 12:00:00,0.14213732,0.04248165,4339881.045145775,-462522.2992525033,0.0
3008,40.34405,46.91667,-6.0833282,2024-07-29 12:00:00,0.16148527,0.0012922101,4339881.045145775,-462522.2992525033,0.0
3188,47.37369,46.91667,-6.0833282,2024-07-29 12:00:00,0.13909747,-0.052775472,4339881.045145775,-462522.2992525033,0.0
3368,55.76429,46.91667,-6.0833282,2024-07-29 12:00:00,0.08402209,-0.07760687,4339881.045145775,-462522.2992525033,0.0
3548,65.80727,46.91667,-6.0833282,2024-07-29 12:00:00,0.03837196,-0.056535818,4339881.045145775,-462522.2992525033,0.0
3728,77.85385,46.91667,-6.0833282,2024-07-29 12:00:00,0.02512716,-0.026194949,4339881.045145775,-462522.2992525033,0.0
3908,92.32607,46.91667,-6.0833282,2024-07-29 12:00:00,0.03173715,-0.0077832015,4339881.045145775,-462522.2992525033,0.0
4088,109.7293,46.91667,-6.0833282,2024-07-29 12:00:00,0.039697453,0.0018133018,4339881.045145775,-462522.2992525033,0.0
4268,130.666,46.91667,-6.0833282,2024-07-29 12:00:00,0.04273816,0.0035894404,4339881.045145775,-462522.2992525033,0.0
4448,155.8507,46.91667,-6.0833282,2024-07-29 12:00:00,0.043648306,-0.000885078,4339881.045145775,-462522.2992525033,0.0
4628,186.1256,46.91667,-6.0833282,2024-07-29 12:00:00,0.042720567,-0.0057801115,4339881.045145775,-462522.2992525033,0.0
4808,222.4752,46.91667,-6.0833282,2024-07-29 12:00:00,0.040261313,-0.007950358,4339881.045145775,-462522.2992525033,0.0
4988,266.0403,46.91667,-6.0833282,2024-07-29 12:00:00,0.030546922,0.00092055823,4339881.045145775,-462522.2992525033,0.0
5168,318.1274,46.91667,-6.0833282,2024-07-29 12:00:00,0.029309498,0.019940281,4339881.045145775,-462522.2992525033,0.0
5348,380.213,46.91667,-6.0833282,2024-07-29 12:00:00,0.039164435,0.02654633,4339881.045145775,-462522.2992525033,0.0
5528,453.9377,46.91667,-6.0833282,2024-07-29 12:00:00,0.056863416,0.042420264,4339881.045145775,-462522.2992525033,0.0
5708,541.0889,46.91667,-6.0833282,2024-07-29 12:00:00,0.06540133,0.051889483,4339881.045145775,-462522.2992525033,0.0
5888,643.5668,46.91667,-6.0833282,2024-07-29 12:00:00,0.059529018,0.0625519,4339881.045145775,-462522.2992525033,0.0
6068,763.3331,46.91667,-6.0833282,2024-07-29 12:00:00,0.039515592,0.099239066,4339881.045145775,-462522.2992525033,0.0
6248,902.3393,46.91667,-6.0833282,2024-07-29 12:00:00,0.02350303,0.093721494,4339881.045145775,-462522.2992525033,0.0
137,0.494025,46.91667,-6.0,2024-07-29 12:00:00,0.07624761,0.0219259,4340549.125536747,-456210.0964726406,0.0
317,1.541375,46.91667,-6.0,2024-07-29 12:00:00,0.079252556,0.026419275,4340549.125536747,-456210.0964726406,0.0
497,2.645669,46.91667,-6.0,2024-07-29 12:00:00,0.0826005,0.030679632,4340549.125536747,-456210.0964726406,0.0
677,3.819495,46.91667,-6.0,2024-07-29 12:00:00,0.08714931,0.0353649,4340549.125536747,-456210.0964726406,0.0
857,5.078224,46.91667,-6.0,2024-07-29 12:00:00,0.09968597,0.04430279,4340549.125536747,-456210.0964726406,0.0
1037,6.440614,46.91667,-6.0,2024-07-29 12:00:00,0.122013904,0.052317075,4340549.125536747,-456210.0964726406,0.0
1217,7.92956,46.91667,-6.0,2024-07-29 12:00:00,0.14364952,0.05156161,4340549.125536747,-456210.0964726406,0.0
1397,9.572997,46.91667,-6.0,2024-07-29 12:00:00,0.15782145,0.040259574,4340549.125536747,-456210.0964726406,0.0
1577,11.405,46.91667,-6.0,2024-07-29 12:00:00,0.1524372,0.01558559,4340549.125536747,-456210.0964726406,0.0
1757,13.46714,46.91667,-6.0,2024-07-29 12:00:00,0.113281846,-0.015548442,4340549.125536747,-456210.0964726406,0.0
1937,15.81007,46.91667,-6.0,2024-07-29 12:00:00,0.08334661,-0.009706064,4340549.125536747,-456210.0964726406,0.0
2117,18.49556,46.91667,-6.0,2024-07-29 12:00:00,0.073452875,-0.004099442,4340549.125536747,-456210.0964726406,0.0
2297,21.59882,46.91667,-6.0,2024-07-29 12:00:00,0.06922659,0.0046442314,4340549.125536747,-456210.0964726406,0.0
2477,25.21141,46.91667,-6.0,2024-07-29 12:00:00,0.07098577,0.019951914,4340549.125536747,-456210.0964726406,0.0
2657,29.44473,46.91667,-6.0,2024-07-29 12:00:00,0.08385897,0.035971526,4340549.125536747,-456210.0964726406,0.0
2837,34.43415,46.91667,-6.0,2024-07-29 12:00:00,0.11025689,0.036690746,4340549.125536747,-456210.0964726406,0.0
3017,40.34405,46.91667,-6.0,2024-07-29 12:00:00,0.13598081,0.008298772,4340549.125536747,-456210.0964726406,0.0
3197,47.37369,46.91667,-6.0,2024-07-29 12:00:00,0.13050184,-0.040818803,4340549.125536747,-456210.0964726406,0.0
3377,55.76429,46.91667,-6.0,2024-07-29 12:00:00,0.09078576,-0.067758024,4340549.125536747,-456210.0964726406,0.0
3557,65.80727,46.91667,-6.0,2024-07-29 12:00:00,0.048300363,-0.057085834,4340549.125536747,-456210.0964726406,0.0
3737,77.85385,46.91667,-6.0,2024-07-29 12:00:00,0.03332727,-0.037554618,4340549.125536747,-456210.0964726406,0.0
3917,92.32607,46.91667,-6.0,2024-07-29 12:00:00,0.036111545,-0.02238808,4340549.125536747,-456210.0964726406,0.0
4097,109.7293,46.91667,-6.0,2024-07-29 12:00:00,0.041362245,-0.016657522,4340549.125536747,-456210.0964726406,0.0
4277,130.666,46.91667,-6.0,2024-07-29 12:00:00,0.041091576,-0.013211256,4340549.125536747,-456210.0964726406,0.0
4457,155.8507,46.91667,-6.0,2024-07-29 12:00:00,0.04170358,-0.010386403,4340549.125536747,-456210.0964726406,0.0
4637,186.1256,46.91667,-6.0,2024-07-29 12:00:00,0.039148014,-0.0064097457,4340549.125536747,-456210.0964726406,0.0
4817,222.4752,46.91667,-6.0,2024-07-29 12:00:00,0.03825558,-0.0017366462,4340549.125536747,-456210.0964726406,0.0
4997,266.0403,46.91667,-6.0,2024-07-29 12:00:00,0.032414258,0.0042188303,4340549.125536747,-456210.0964726406,0.0
5177,318.1274,46.91667,-6.0,2024-07-29 12:00:00,0.03426318,0.005727094,4340549.125536747,-456210.0964726406,0.0
5357,380.213,46.91667,-6.0,2024-07-29 12:00:00,0.05234169,0.009505293,4340549.125536747,-456210.0964726406,0.0
5537,453.9377,46.91667,-6.0,2024-07-29 12:00:00,0.06854619,-0.0022992473,4340549.125536747,-456210.0964726406,0.0
5717,541.0889,46.91667,-6.0,2024-07-29 12:00:00,0.07867846,-0.010001033,4340549.125536747,-456210.0964726406,0.0
5897,643.5668,46.91667,-6.0,2024-07-29 12:00:00,0.056034938,0.02742848,4340549.125536747,-456210.0964726406,0.0
6077,763.3331,46.91667,-6.0,2024-07-29 12:00:00,0.015347758,0.049339287,4340549.125536747,-456210.0964726406,0.0
6257,902.3393,46.91667,-6.0,2024-07-29 12:00:00,-0.0024887403,0.1100152,4340549.125536747,-456210.0964726406,0.0
146,0.494025,47.0,-6.25,2024-07-29 12:00:00,0.10847448,0.06466451,4331787.087405169,-474407.8424903363,0.0
326,1.541375,47.0,-6.25,2024-07-29 12:00:00,0.111042835,0.06947096,4331787.087405169,-474407.8424903363,0.0
506,2.645669,47.0,-6.25,2024-07-29 12:00:00,0.11409658,0.074117176,4331787.087405169,-474407.8424903363,0.0
686,3.819495,47.0,-6.25,2024-07-29 12:00:00,0.11931081,0.080007605,4331787.087405169,-474407.8424903363,0.0
866,5.078224,47.0,-6.25,2024-07-29 12:00:00,0.1365541,0.091657914,4331787.087405169,-474407.8424903363,0.0
1046,6.440614,47.0,-6.25,2024-07-29 12:00:00,0.16207775,0.09756524,4331787.087405169,-474407.8424903363,0.0
1226,7.92956,47.0,-6.25,2024-07-29 12:00:00,0.18345962,0.09259623,4331787.087405169,-474407.8424903363,0.0
1406,9.572997,47.0,-6.25,2024-07-29 12:00:00,0.19555016,0.07881417,4331787.087405169,-474407.8424903363,0.0
1586,11.405,47.0,-6.25,2024-07-29 12:00:00,0.1914483,0.05076413,4331787.087405169,-474407.8424903363,0.0
1766,13.46714,47.0,-6.25,2024-07-29 12:00:00,0.15197101,0.033699982,4331787.087405169,-474407.8424903363,0.0
1946,15.81007,47.0,-6.25,2024-07-29 12:00:00,0.14132383,0.032092195,4331787.087405169,-474407.8424903363,0.0
2126,18.49556,47.0,-6.25,2024-07-29 12:00:00,0.13937707,0.03247527,4331787.087405169,-474407.8424903363,0.0
2306,21.59882,47.0,-6.25,2024-07-29 12:00:00,0.13943565,0.03592299,4331787.087405169,-474407.8424903363,0.0
2486,25.21141,47.0,-6.25,2024-07-29 12:00:00,0.14198808,0.04155152,4331787.087405169,-474407.8424903363,0.0
2666,29.44473,47.0,-6.25,2024-07-29 12:00:00,0.14762072,0.04876614,4331787.087405169,-474407.8424903363,0.0
2846,34.43415,47.0,-6.25,2024-07-29 12:00:00,0.15327913,0.054269966,4331787.087405169,-474407.8424903363,0.0
3026,40.34405,47.0,-6.25,2024-07-29 12:00:00,0.15720852,0.054810587,4331787.087405169,-474407.8424903363,0.0
3206,47.37369,47.0,-6.25,2024-07-29 12:00:00,0.15733036,0.046648096,4331787.087405169,-474407.8424903363,0.0
3386,55.76429,47.0,-6.25,2024-07-29 12:00:00,0.14958291,0.036122404,4331787.087405169,-474407.8424903363,0.0
3566,65.80727,47.0,-6.25,2024-07-29 12:00:00,0.13708356,0.03269161,4331787.087405169,-474407.8424903363,0.0
3746,77.85385,47.0,-6.25,2024-07-29 12:00:00,0.12320288,0.03569694,4331787.087405169,-474407.8424903363,0.0
3926,92.32607,47.0,-6.25,2024-07-29 12:00:00,0.11720849,0.04128576,4331787.087405169,-474407.8424903363,0.0
4106,109.7293,47.0,-6.25,2024-07-29 12:00:00,0.1199297,0.043395244,4331787.087405169,-474407.8424903363,0.0
4286,130.666,47.0,-6.25,2024-07-29 12:00:00,0.1264041,0.04603372,4331787.087405169,-474407.8424903363,0.0
4466,155.8507,47.0,-6.25,2024-07-29 12:00:00,0.11918509,0.043301627,4331787.087405169,-474407.8424903363,0.0
4646,186.1256,47.0,-6.25,2024-07-29 12:00:00,0.110460356,0.03815866,4331787.087405169,-474407.8424903363,0.0
4826,222.4752,47.0,-6.25,2024-07-29 12:00:00,0.10668307,0.035416245,4331787.087405169,-474407.8424903363,0.0
5006,266.0403,47.0,-6.25,2024-07-29 12:00:00,0.095796615,0.03419272,4331787.087405169,-474407.8424903363,0.0
5186,318.1274,47.0,-6.25,2024-07-29 12:00:00,0.08026047,0.03677252,4331787.087405169,-474407.8424903363,0.0
5366,380.213,47.0,-6.25,2024-07-29 12:00:00,0.066824876,0.034226086,4331787.087405169,-474407.8424903363,0.0
5546,453.9377,47.0,-6.25,2024-07-29 12:00:00,0.050473455,0.055332147,4331787.087405169,-474407.8424903363,0.0
5726,541.0889,47.0,-6.25,2024-07-29 12:00:00,0.044442877,0.07299842,4331787.087405169,-474407.8424903363,0.0
5906,643.5668,47.0,-6.25,2024-07-29 12:00:00,0.04009692,0.08099863,4331787.087405169,-474407.8424903363,0.0
6086,763.3331,47.0,-6.25,2024-07-29 12:00:00,0.016389407,0.10493737,4331787.087405169,-474407.8424903363,0.0
6266,902.3393,47.0,-6.25,2024-07-29 12:00:00,0.0075013125,0.09241827,4331787.087405169,-474407.8424903363,0.0
155,0.494025,47.0,-6.1666565,2024-07-29 12:00:00,0.094274245,0.076764315,4332472.586781167,-468106.2447951276,0.0
335,1.541375,47.0,-6.1666565,2024-07-29 12:00:00,0.09699202,0.08150681,4332472.586781167,-468106.2447951276,0.0
515,2.645669,47.0,-6.1666565,2024-07-29 12:00:00,0.10020531,0.08609719,4332472.586781167,-468106.2447951276,0.0
695,3.819495,47.0,-6.1666565,2024-07-29 12:00:00,0.105932385,0.09219458,4332472.586781167,-468106.2447951276,0.0
875,5.078224,47.0,-6.1666565,2024-07-29 12:00:00,0.12420798,0.10363672,4332472.586781167,-468106.2447951276,0.0
1055,6.440614,47.0,-6.1666565,2024-07-29 12:00:00,0.14991702,0.108719945,4332472.586781167,-468106.2447951276,0.0
1235,7.92956,47.0,-6.1666565,2024-07-29 12:00:00,0.17147973,0.10273888,4332472.586781167,-468106.2447951276,0.0
1415,9.572997,47.0,-6.1666565,2024-07-29 12:00:00,0.183827,0.08579838,4332472.586781167,-468106.2447951276,0.0
1595,11.405,47.0,-6.1666565,2024-07-29 12:00:00,0.1734231,0.054106306,4332472.586781167,-468106.2447951276,0.0
1775,13.46714,47.0,-6.1666565,2024-07-29 12:00:00,0.1347928,0.043916058,4332472.586781167,-468106.2447951276,0.0
1955,15.81007,47.0,-6.1666565,2024-07-29 12:00:00,0.12399101,0.04533392,4332472.586781167,-468106.2447951276,0.0
2135,18.49556,47.0,-6.1666565,2024-07-29 12:00:00,0.11937527,0.04700145,4332472.586781167,-468106.2447951276,0.0
2315,21.59882,47.0,-6.1666565,2024-07-29 12:00:00,0.11641022,0.051639687,4332472.586781167,-468106.2447951276,0.0
2495,25.21141,47.0,-6.1666565,2024-07-29 12:00:00,0.1178968,0.058730207,4332472.586781167,-468106.2447951276,0.0
2675,29.44473,47.0,-6.1666565,2024-07-29 12:00:00,0.12502143,0.06525421,4332472.586781167,-468106.2447951276,0.0
2855,34.43415,47.0,-6.1666565,2024-07-29 12:00:00,0.13443291,0.06376226,4332472.586781167,-468106.2447951276,0.0
3035,40.34405,47.0,-6.1666565,2024-07-29 12:00:00,0.1435696,0.04943399,4332472.586781167,-468106.2447951276,0.0
3215,47.37369,47.0,-6.1666565,2024-07-29 12:00:00,0.14419991,0.026856229,4332472.586781167,-468106.2447951276,0.0
3395,55.76429,47.0,-6.1666565,2024-07-29 12:00:00,0.13452984,0.010682807,4332472.586781167,-468106.2447951276,0.0
3575,65.80727,47.0,-6.1666565,2024-07-29 12:00:00,0.121764466,0.01279586,4332472.586781167,-468106.2447951276,0.0
3755,77.85385,47.0,-6.1666565,2024-07-29 12:00:00,0.108535126,0.021936316,4332472.586781167,-468106.2447951276,0.0
3935,92.32607,47.0,-6.1666565,2024-07-29 12:00:00,0.10108655,0.033997934,4332472.586781167,-468106.2447951276,0.0
4115,109.7293,47.0,-6.1666565,2024-07-29 12:00:00,0.0998948,0.04323568,4332472.586781167,-468106.2447951276,0.0
4295,130.666,47.0,-6.1666565,2024-07-29 12:00:00,0.102391385,0.045828097,4332472.586781167,-468106.2447951276,0.0
4475,155.8507,47.0,-6.1666565,2024-07-29 12:00:00,0.0967446,0.040915497,4332472.586781167,-468106.2447951276,0.0
4655,186.1256,47.0,-6.1666565,2024-07-29 12:00:00,0.08886807,0.035725012,4332472.586781167,-468106.2447951276,0.0
4835,222.4752,47.0,-6.1666565,2024-07-29 12:00:00,0.08651237,0.029859073,4332472.586781167,-468106.2447951276,0.0
5015,266.0403,47.0,-6.1666565,2024-07-29 12:00:00,0.082580686,0.030560121,4332472.586781167,-468106.2447951276,0.0
5195,318.1274,47.0,-6.1666565,2024-07-29 12:00:00,0.07608123,0.039576802,4332472.586781167,-468106.2447951276,0.0
5375,380.213,47.0,-6.1666565,2024-07-29 12:00:00,0.06520345,0.04454827,4332472.586781167,-468106.2447951276,0.0
5555,453.9377,47.0,-6.1666565,2024-07-29 12:00:00,0.06058901,0.043809477,4332472.586781167,-468106.2447951276,0.0
5735,541.0889,47.0,-6.1666565,2024-07-29 12:00:00,0.05650456,0.07793221,4332472.586781167,-468106.2447951276,0.0
5915,643.5668,47.0,-6.1666565,2024-07-29 12:00:00,0.026563574,0.09386578,4332472.586781167,-468106.2447951276,0.0
6095,763.3331,47.0,-6.1666565,2024-07-29 12:00:00,-0.0030737366,0.099253155,4332472.586781167,-468106.2447951276,0.0
6275,902.3393,47.0,-6.1666565,2024-07-29 12:00:00,-0.018887836,0.12022945,4332472.586781167,-468106.2447951276,0.0
164,0.494025,47.0,-6.0833282,2024-07-29 12:00:00,0.08509025,0.066189654,4333148.796028124,-461804.81061430223,0.0
344,1.541375,47.0,-6.0833282,2024-07-29 12:00:00,0.08794904,0.07086683,4333148.796028124,-461804.81061430223,0.0
524,2.645669,47.0,-6.0833282,2024-07-29 12:00:00,0.0913006,0.07539137,4333148.796028124,-461804.81061430223,0.0
704,3.819495,47.0,-6.0833282,2024-07-29 12:00:00,0.09726103,0.08141952,4333148.796028124,-461804.81061430223,0.0
884,5.078224,47.0,-6.0833282,2024-07-29 12:00:00,0.115844525,0.092544146,4333148.796028124,-461804.81061430223,0.0
1064,6.440614,47.0,-6.0833282,2024-07-29 12:00:00,0.1416462,0.09786015,4333148.796028124,-461804.81061430223,0.0
1244,7.92956,47.0,-6.0833282,2024-07-29 12:00:00,0.16345923,0.09193276,4333148.796028124,-461804.81061430223,0.0
1424,9.572997,47.0,-6.0833282,2024-07-29 12:00:00,0.17549345,0.072196975,4333148.796028124,-461804.81061430223,0.0
1604,11.405,47.0,-6.0833282,2024-07-29 12:00:00,0.15846676,0.03788691,4333148.796028124,-461804.81061430223,0.0
1784,13.46714,47.0,-6.0833282,2024-07-29 12:00:00,0.12118567,0.03042147,4333148.796028124,-461804.81061430223,0.0
1964,15.81007,47.0,-6.0833282,2024-07-29 12:00:00,0.108617656,0.032216758,4333148.796028124,-461804.81061430223,0.0
2144,18.49556,47.0,-6.0833282,2024-07-29 12:00:00,0.101241946,0.033195723,4333148.796028124,-461804.81061430223,0.0
2324,21.59882,47.0,-6.0833282,2024-07-29 12:00:00,0.094806165,0.03696511,4333148.796028124,-461804.81061430223,0.0
2504,25.21141,47.0,-6.0833282,2024-07-29 12:00:00,0.09356964,0.044096485,4333148.796028124,-461804.81061430223,0.0
2684,29.44473,47.0,-6.0833282,2024-07-29 12:00:00,0.099976085,0.050368123,4333148.796028124,-461804.81061430223,0.0
2864,34.43415,47.0,-6.0833282,2024-07-29 12:00:00,0.1131298,0.04572183,4333148.796028124,-461804.81061430223,0.0
3044,40.34405,47.0,-6.0833282,2024-07-29 12:00:00,0.130402,0.025436517,4333148.796028124,-461804.81061430223,0.0
3224,47.37369,47.0,-6.0833282,2024-07-29 12:00:00,0.13797423,-0.0029798667,4333148.796028124,-461804.81061430223,0.0
3404,55.76429,47.0,-6.0833282,2024-07-29 12:00:00,0.1322849,-0.019390669,4333148.796028124,-461804.81061430223,0.0
3584,65.80727,47.0,-6.0833282,2024-07-29 12:00:00,0.11718131,-0.011742818,4333148.796028124,-461804.81061430223,0.0
3764,77.85385,47.0,-6.0833282,2024-07-29 12:00:00,0.102176875,0.001437108,4333148.796028124,-461804.81061430223,0.0
3944,92.32607,47.0,-6.0833282,2024-07-29 12:00:00,0.08854033,0.014812521,4333148.796028124,-461804.81061430223,0.0
4124,109.7293,47.0,-6.0833282,2024-07-29 12:00:00,0.083593816,0.022049667,4333148.796028124,-461804.81061430223,0.0
4304,130.666,47.0,-6.0833282,2024-07-29 12:00:00,0.08076349,0.029016186,4333148.796028124,-461804.81061430223,0.0
4484,155.8507,47.0,-6.0833282,2024-07-29 12:00:00,0.075712666,0.029379336,4333148.796028124,-461804.81061430223,0.0
4664,186.1256,47.0,-6.0833282,2024-07-29 12:00:00,0.06724132,0.019968785,4333148.796028124,-461804.81061430223,0.0
4844,222.4752,47.0,-6.0833282,2024-07-29 12:00:00,0.06286312,0.013023717,4333148.796028124,-461804.81061430223,0.0
5024,266.0403,47.0,-6.0833282,2024-07-29 12:00:00,0.067847654,0.01507248,4333148.796028124,-461804.81061430223,0.0
5204,318.1274,47.0,-6.0833282,2024-07-29 12:00:00,0.071092956,0.02097999,4333148.796028124,-461804.81061430223,0.0
5384,380.213,47.0,-6.0833282,2024-07-29 12:00:00,0.06101856,0.027337376,4333148.796028124,-461804.81061430223,0.0
5564,453.9377,47.0,-6.0833282,2024-07-29 12:00:00,0.061694697,0.030419841,4333148.796028124,-461804.81061430223,0.0
5744,541.0889,47.0,-6.0833282,2024-07-29 12:00:00,0.07100479,0.047306992,4333148.796028124,-461804.81061430223,0.0
5924,643.5668,47.0,-6.0833282,2024-07-29 12:00:00,0.025823899,0.080874816,4333148.796028124,-461804.81061430223,0.0
6104,763.3331,47.0,-6.0833282,2024-07-29 12:00:00,-0.012908125,0.11307401,4333148.796028124,-461804.81061430223,0.0
6284,902.3393,47.0,-6.0833282,2024-07-29 12:00:00,-0.06308065,0.14081763,4333148.796028124,-461804.81061430223,0.0
173,0.494025,47.0,-6.0,2024-07-29 12:00:00,0.08008382,0.03885155,4333815.840058059,-455502.3996515776,0.0
353,1.541375,47.0,-6.0,2024-07-29 12:00:00,0.08307301,0.043465223,4333815.840058059,-455502.3996515776,0.0
533,2.645669,47.0,-6.0,2024-07-29 12:00:00,0.08654994,0.04792888,4333815.840058059,-455502.3996515776,0.0
713,3.819495,47.0,-6.0,2024-07-29 12:00:00,0.09255606,0.053827588,4333815.840058059,-455502.3996515776,0.0
893,5.078224,47.0,-6.0,2024-07-29 12:00:00,0.11096289,0.064607255,4333815.840058059,-455502.3996515776,0.0
1073,6.440614,47.0,-6.0,2024-07-29 12:00:00,0.13648091,0.07004587,4333815.840058059,-455502.3996515776,0.0
1253,7.92956,47.0,-6.0,2024-07-29 12:00:00,0.15765464,0.06517178,4333815.840058059,-455502.3996515776,0.0
1433,9.572997,47.0,-6.0,2024-07-29 12:00:00,0.16940145,0.048614748,4333815.840058059,-455502.3996515776,0.0
1613,11.405,47.0,-6.0,2024-07-29 12:00:00,0.15574619,0.01660867,4333815.840058059,-455502.3996515776,0.0
1793,13.46714,47.0,-6.0,2024-07-29 12:00:00,0.12222327,8.1149396e-05,4333815.840058059,-455502.3996515776,0.0
1973,15.81007,47.0,-6.0,2024-07-29 12:00:00,0.10780585,-0.0016953791,4333815.840058059,-455502.3996515776,0.0
2153,18.49556,47.0,-6.0,2024-07-29 12:00:00,0.09810453,-0.003899294,4333815.840058059,-455502.3996515776,0.0
2333,21.59882,47.0,-6.0,2024-07-29 12:00:00,0.08830923,-0.004753108,4333815.840058059,-455502.3996515776,0.0
2513,25.21141,47.0,-6.0,2024-07-29 12:00:00,0.082305506,-0.0014753721,4333815.840058059,-455502.3996515776,0.0
2693,29.44473,47.0,-6.0,2024-07-29 12:00:00,0.08311898,0.0031584366,4333815.840058059,-455502.3996515776,0.0
2873,34.43415,47.0,-6.0,2024-07-29 12:00:00,0.09344661,0.0023536268,4333815.840058059,-455502.3996515776,0.0
3053,40.34405,47.0,-6.0,2024-07-29 12:00:00,0.11155807,-0.00655293,4333815.840058059,-455502.3996515776,0.0
3233,47.37369,47.0,-6.0,2024-07-29 12:00:00,0.12233753,-0.020739,4333815.840058059,-455502.3996515776,0.0
3413,55.76429,47.0,-6.0,2024-07-29 12:00:00,0.12024605,-0.028201297,4333815.840058059,-455502.3996515776,0.0
3593,65.80727,47.0,-6.0,2024-07-29 12:00:00,0.10769862,-0.024723219,4333815.840058059,-455502.3996515776,0.0
3773,77.85385,47.0,-6.0,2024-07-29 12:00:00,0.095632456,-0.016578361,4333815.840058059,-455502.3996515776,0.0
3953,92.32607,47.0,-6.0,2024-07-29 12:00:00,0.082514286,-0.012742184,4333815.840058059,-455502.3996515776,0.0
4133,109.7293,47.0,-6.0,2024-07-29 12:00:00,0.07803186,-0.010715492,4333815.840058059,-455502.3996515776,0.0
4313,130.666,47.0,-6.0,2024-07-29 12:00:00,0.07543257,-0.010017814,4333815.840058059,-455502.3996515776,0.0
4493,155.8507,47.0,-6.0,2024-07-29 12:00:00,0.07120272,-0.0044852295,4333815.840058059,-455502.3996515776,0.0
4673,186.1256,47.0,-6.0,2024-07-29 12:00:00,0.063157216,-0.0029099598,4333815.840058059,-455502.3996515776,0.0
4853,222.4752,47.0,-6.0,2024-07-29 12:00:00,0.053323507,-0.0014133301,4333815.840058059,-455502.3996515776,0.0
5033,266.0403,47.0,-6.0,2024-07-29 12:00:00,0.04769017,0.007903257,4333815.840058059,-455502.3996515776,0.0
5213,318.1274,47.0,-6.0,2024-07-29 12:00:00,0.053353086,0.012327313,4333815.840058059,-455502.3996515776,0.0
5393,380.213,47.0,-6.0,2024-07-29 12:00:00,0.044583004,0.017813414,4333815.840058059,-455502.3996515776,0.0
5573,453.9377,47.0,-6.0,2024-07-29 12:00:00,0.047738165,0.004503645,4333815.840058059,-455502.3996515776,0.0
5753,541.0889,47.0,-6.0,2024-07-29 12:00:00,0.052677073,0.012088906,4333815.840058059,-455502.3996515776,0.0
5933,643.5668,47.0,-6.0,2024-07-29 12:00:00,0.049530063,0.009667694,4333815.840058059,-455502.3996515776,0.0
6113,763.3331,47.0,-6.0,2024-07-29 12:00:00,-0.00084646326,0.06742213,4333815.840058059,-455502.3996515776,0.0
6293,902.3393,47.0,-6.0,2024-07-29 12:00:00,-0.097425535,0.13892573,4333815.840058059,-455502.3996515776,0.0
3,0.494025,46.66667,-6.25,2024-07-29 18:00:00,-0.0315101,0.02311879,4358653.3150161095,-477350.1729464703,0.0
183,1.541375,46.66667,-6.25,2024-07-29 18:00:00,-0.029619489,0.028320713,4358653.3150161095,-477350.1729464703,0.0
363,2.645669,46.66667,-6.25,2024-07-29 18:00:00,-0.027425596,0.03319164,4358653.3150161095,-477350.1729464703,0.0
543,3.819495,46.66667,-6.25,2024-07-29 18:00:00,-0.024786828,0.03779196,4358653.3150161095,-477350.1729464703,0.0
723,5.078224,46.66667,-6.25,2024-07-29 18:00:00,-0.020252544,0.043467287,4358653.3150161095,-477350.1729464703,0.0
903,6.440614,46.66667,-6.25,2024-07-29 18:00:00,-0.0031741976,0.055581488,4358653.3150161095,-477350.1729464703,0.0
1083,7.92956,46.66667,-6.25,2024-07-29 18:00:00,0.034481995,0.056721807,4358653.3150161095,-477350.1729464703,0.0
1263,9.572997,46.66667,-6.25,2024-07-29 18:00:00,0.06267926,0.028341023,4358653.3150161095,-477350.1729464703,0.0
1443,11.405,46.66667,-6.25,2024-07-29 18:00:00,0.061003014,-0.006856884,4358653.3150161095,-477350.1729464703,0.0
1623,13.46714,46.66667,-6.25,2024-07-29 18:00:00,0.041519787,0.005080211,4358653.3150161095,-477350.1729464703,0.0
1803,15.81007,46.66667,-6.25,2024-07-29 18:00:00,0.058739834,0.045384273,4358653.3150161095,-477350.1729464703,0.0
1983,18.49556,46.66667,-6.25,2024-07-29 18:00:00,0.072449274,0.05202131,4358653.3150161095,-477350.1729464703,0.0
2163,21.59882,46.66667,-6.25,2024-07-29 18:00:00,0.07059353,0.045725234,4358653.3150161095,-477350.1729464703,0.0
2343,25.21141,46.66667,-6.25,2024-07-29 18:00:00,0.06257076,0.033849355,4358653.3150161095,-477350.1729464703,0.0
2523,29.44473,46.66667,-6.25,2024-07-29 18:00:00,0.049463503,0.01922561,4358653.3150161095,-477350.1729464703,0.0
2703,34.43415,46.66667,-6.25,2024-07-29 18:00:00,0.026137335,-0.0012453429,4358653.3150161095,-477350.1729464703,0.0
2883,40.34405,46.66667,-6.25,2024-07-29 18:00:00,0.0033781677,-0.0064549274,4358653.3150161095,-477350.1729464703,0.0
3063,47.37369,46.66667,-6.25,2024-07-29 18:00:00,0.00027844607,0.019338325,4358653.3150161095,-477350.1729464703,0.0
3243,55.76429,46.66667,-6.25,2024-07-29 18:00:00,0.028210763,0.04705112,4358653.3150161095,-477350.1729464703,0.0
3423,65.80727,46.66667,-6.25,2024-07-29 18:00:00,0.058072556,0.04764552,4358653.3150161095,-477350.1729464703,0.0
3603,77.85385,46.66667,-6.25,2024-07-29 18:00:00,0.064652316,0.03542525,4358653.3150161095,-477350.1729464703,0.0
3783,92.32607,46.66667,-6.25,2024-07-29 18:00:00,0.06294169,0.02754958,4358653.3150161095,-477350.1729464703,0.0
3963,109.7293,46.66667,-6.25,2024-07-29 18:00:00,0.062812015,0.020865828,4358653.3150161095,-477350.1729464703,0.0
4143,130.666,46.66667,-6.25,2024-07-29 18:00:00,0.06438245,0.016714912,4358653.3150161095,-477350.1729464703,0.0
4323,155.8507,46.66667,-6.25,2024-07-29 18:00:00,0.06788068,0.013940833,4358653.3150161095,-477350.1729464703,0.0
4503,186.1256,46.66667,-6.25,2024-07-29 18:00:00,0.0702616,0.012578944,4358653.3150161095,-477350.1729464703,0.0
4683,222.4752,46.66667,-6.25,2024-07-29 18:00:00,0.07414195,0.012296481,4358653.3150161095,-477350.1729464703,0.0
4863,266.0403,46.66667,-6.25,2024-07-29 18:00:00,0.071557276,0.013034718,4358653.3150161095,-477350.1729464703,0.0
5043,318.1274,46.66667,-6.25,2024-07-29 18:00:00,0.05699083,0.00638579,4358653.3150161095,-477350.1729464703,0.0
5223,380.213,46.66667,-6.25,2024-07-29 18:00:00,0.05350927,0.0019856144,4358653.3150161095,-477350.1729464703,0.0
5403,453.9377,46.66667,-6.25,2024-07-29 18:00:00,0.05892267,0.0021273033,4358653.3150161095,-477350.1729464703,0.0
5583,541.0889,46.66667,-6.25,2024-07-29 18:00:00,0.061809987,0.0012506649,4358653.3150161095,-477350.1729464703,0.0
5763,643.5668,46.66667,-6.25,2024-07-29 18:00:00,0.04973679,0.026540997,4358653.3150161095,-477350.1729464703,0.0
5943,763.3331,46.66667,-6.25,2024-07-29 18:00:00,0.07548822,0.050026275,4358653.3150161095,-477350.1729464703,0.0
6123,902.3393,46.66667,-6.25,2024-07-29 18:00:00,0.13393185,0.09568751,4358653.3150161095,-477350.1729464703,0.0
12,0.494025,46.66667,-6.1666565,2024-07-29 18:00:00,-0.019536633,0.03543962,4359343.065935845,-471009.49203812674,0.0
192,1.541375,46.66667,-6.1666565,2024-07-29 18:00:00,-0.017755108,0.040723912,4359343.065935845,-471009.49203812674,0.0
372,2.645669,46.66667,-6.1666565,2024-07-29 18:00:00,-0.015633432,0.045726757,4359343.065935845,-471009.49203812674,0.0
552,3.819495,46.66667,-6.1666565,2024-07-29 18:00:00,-0.013024395,0.050487846,4359343.065935845,-471009.49203812674,0.0
732,5.078224,46.66667,-6.1666565,2024-07-29 18:00:00,-0.008438984,0.05641475,4359343.065935845,-471009.49203812674,0.0
912,6.440614,46.66667,-6.1666565,2024-07-29 18:00:00,0.008718768,0.06857178,4359343.065935845,-471009.49203812674,0.0
1092,7.92956,46.66667,-6.1666565,2024-07-29 18:00:00,0.04586574,0.06899438,4359343.065935845,-471009.49203812674,0.0
1272,9.572997,46.66667,-6.1666565,2024-07-29 18:00:00,0.072540656,0.040778805,4359343.065935845,-471009.49203812674,0.0
1452,11.405,46.66667,-6.1666565,2024-07-29 18:00:00,0.07114054,0.005134746,4359343.065935845,-471009.49203812674,0.0
1632,13.46714,46.66667,-6.1666565,2024-07-29 18:00:00,0.051479097,0.014315424,4359343.065935845,-471009.49203812674,0.0
1812,15.81007,46.66667,-6.1666565,2024-07-29 18:00:00,0.07297994,0.05570936,4359343.065935845,-471009.49203812674,0.0
1992,18.49556,46.66667,-6.1666565,2024-07-29 18:00:00,0.08724944,0.062361382,4359343.065935845,-471009.49203812674,0.0
2172,21.59882,46.66667,-6.1666565,2024-07-29 18:00:00,0.08725613,0.05349137,4359343.065935845,-471009.49203812674,0.0
2352,25.21141,46.66667,-6.1666565,2024-07-29 18:00:00,0.08105839,0.037379123,4359343.065935845,-471009.49203812674,0.0
2532,29.44473,46.66667,-6.1666565,2024-07-29 18:00:00,0.06740081,0.017043797,4359343.065935845,-471009.49203812674,0.0
2712,34.43415,46.66667,-6.1666565,2024-07-29 18:00:00,0.03952206,-0.005895416,4359343.065935845,-471009.49203812674,0.0
2892,40.34405,46.66667,-6.1666565,2024-07-29 18:00:00,0.010891349,-0.010314478,4359343.065935845,-471009.49203812674,0.0
3072,47.37369,46.66667,-6.1666565,2024-07-29 18:00:00,0.005482015,0.021208763,4359343.065935845,-471009.49203812674,0.0
3252,55.76429,46.66667,-6.1666565,2024-07-29 18:00:00,0.036713038,0.054358277,4359343.065935845,-471009.49203812674,0.0
3432,65.80727,46.66667,-6.1666565,2024-07-29 18:00:00,0.07522078,0.053868443,4359343.065935845,-471009.49203812674,0.0
3612,77.85385,46.66667,-6.1666565,2024-07-29 18:00:00,0.088759884,0.03548449,4359343.065935845,-471009.49203812674,0.0
3792,92.32607,46.66667,-6.1666565,2024-07-29 18:00:00,0.08689163,0.023501933,4359343.065935845,-471009.49203812674,0.0
3972,109.7293,46.66667,-6.1666565,2024-07-29 18:00:00,0.08700322,0.01639997,4359343.065935845,-471009.49203812674,0.0
4152,130.666,46.66667,-6.1666565,2024-07-29 18:00:00,0.0890486,0.012533486,4359343.065935845,-471009.49203812674,0.0
4332,155.8507,46.66667,-6.1666565,2024-07-29 18:00:00,0.0869601,0.010678338,4359343.065935845,-471009.49203812674,0.0
4512,186.1256,46.66667,-6.1666565,2024-07-29 18:00:00,0.083780184,0.00898766,4359343.065935845,-471009.49203812674,0.0
4692,222.4752,46.66667,-6.1666565,2024-07-29 18:00:00,0.082126394,0.009270661,4359343.065935845,-471009.49203812674,0.0
4872,266.0403,46.66667,-6.1666565,2024-07-29 18:00:00,0.07821001,0.009811647,4359343.065935845,-471009.49203812674,0.0
5052,318.1274,46.66667,-6.1666565,2024-07-29 18:00:00,0.07567021,0.005183198,4359343.065935845,-471009.49203812674,0.0
5232,380.213,46.66667,-6.1666565,2024-07-29 18:00:00,0.082110375,0.0041491324,4359343.065935845,-471009.49203812674,0.0
5412,453.9377,46.66667,-6.1666565,2024-07-29 18:00:00,0.09011426,0.009109221,4359343.065935845,-471009.49203812674,0.0
5592,541.0889,46.66667,-6.1666565,2024-07-29 18:00:00,0.08389597,0.010359336,4359343.065935845,-471009.49203812674,0.0
5772,643.5668,46.66667,-6.1666565,2024-07-29 18:00:00,0.07008101,0.029685687,4359343.065935845,-471009.49203812674,0.0
5952,763.3331,46.66667,-6.1666565,2024-07-29 18:00:00,0.081604786,0.04570304,4359343.065935845,-471009.49203812674,0.0
6132,902.3393,46.66667,-6.1666565,2024-07-29 18:00:00,0.1254927,0.07317371,4359343.065935845,-471009.49203812674,0.0
21,0.494025,46.66667,-6.0833282,2024-07-29 18:00:00,-0.01574467,0.027209338,4360023.469108121,-464668.9756583009,0.0
201,1.541375,46.66667,-6.0833282,2024-07-29 18:00:00,-0.014102539,0.03255113,4360023.469108121,-464668.9756583009,0.0
381,2.645669,46.66667,-6.0833282,2024-07-29 18:00:00,-0.012095575,0.037643205,4360023.469108121,-464668.9756583009,0.0
561,3.819495,46.66667,-6.0833282,2024-07-29 18:00:00,-0.0095795,0.042511076,4360023.469108121,-464668.9756583009,0.0
741,5.078224,46.66667,-6.0833282,2024-07-29 18:00:00,-0.0051112934,0.04863283,4360023.469108121,-464668.9756583009,0.0
921,6.440614,46.66667,-6.0833282,2024-07-29 18:00:00,0.011256541,0.060768478,4360023.469108121,-464668.9756583009,0.0
1101,7.92956,46.66667,-6.0833282,2024-07-29 18:00:00,0.048469335,0.061514884,4360023.469108121,-464668.9756583009,0.0
1281,9.572997,46.66667,-6.0833282,2024-07-29 18:00:00,0.07715594,0.033206947,4360023.469108121,-464668.9756583009,0.0
1461,11.405,46.66667,-6.0833282,2024-07-29 18:00:00,0.074825846,0.0008650841,4360023.469108121,-464668.9756583009,0.0
1641,13.46714,46.66667,-6.0833282,2024-07-29 18:00:00,0.051919438,0.010677166,4360023.469108121,-464668.9756583009,0.0
1821,15.81007,46.66667,-6.0833282,2024-07-29 18:00:00,0.07005037,0.05562202,4360023.469108121,-464668.9756583009,0.0
2001,18.49556,46.66667,-6.0833282,2024-07-29 18:00:00,0.08969169,0.060490336,4360023.469108121,-464668.9756583009,0.0
2181,21.59882,46.66667,-6.0833282,2024-07-29 18:00:00,0.095283695,0.051408894,4360023.469108121,-464668.9756583009,0.0
2361,25.21141,46.66667,-6.0833282,2024-07-29 18:00:00,0.09469027,0.036047585,4360023.469108121,-464668.9756583009,0.0
2541,29.44473,46.66667,-6.0833282,2024-07-29 18:00:00,0.08743436,0.0135203395,4360023.469108121,-464668.9756583009,0.0
2721,34.43415,46.66667,-6.0833282,2024-07-29 18:00:00,0.064629085,-0.012720144,4360023.469108121,-464668.9756583009,0.0
2901,40.34405,46.66667,-6.0833282,2024-07-29 18:00:00,0.03289278,-0.022230765,4360023.469108121,-464668.9756583009,0.0
3081,47.37369,46.66667,-6.0833282,2024-07-29 18:00:00,0.015739704,0.0095593855,4360023.469108121,-464668.9756583009,0.0
3261,55.76429,46.66667,-6.0833282,2024-07-29 18:00:00,0.037550744,0.05053802,4360023.469108121,-464668.9756583009,0.0
3441,65.80727,46.66667,-6.0833282,2024-07-29 18:00:00,0.07862505,0.056876674,4360023.469108121,-464668.9756583009,0.0
3621,77.85385,46.66667,-6.0833282,2024-07-29 18:00:00,0.10150434,0.036636684,4360023.469108121,-464668.9756583009,0.0
3801,92.32607,46.66667,-6.0833282,2024-07-29 18:00:00,0.10379088,0.018129911,4360023.469108121,-464668.9756583009,0.0
3981,109.7293,46.66667,-6.0833282,2024-07-29 18:00:00,0.10158657,0.00873917,4360023.469108121,-464668.9756583009,0.0
4161,130.666,46.66667,-6.0833282,2024-07-29 18:00:00,0.09793158,0.0048516826,4360023.469108121,-464668.9756583009,0.0
4341,155.8507,46.66667,-6.0833282,2024-07-29 18:00:00,0.09371552,0.0023264159,4360023.469108121,-464668.9756583009,0.0
4521,186.1256,46.66667,-6.0833282,2024-07-29 18:00:00,0.08786872,0.00040294556,4360023.469108121,-464668.9756583009,0.0
4701,222.4752,46.66667,-6.0833282,2024-07-29 18:00:00,0.083990805,0.0001627095,4360023.469108121,-464668.9756583009,0.0
4881,266.0403,46.66667,-6.0833282,2024-07-29 18:00:00,0.08322967,-0.00052082306,4360023.469108121,-464668.9756583009,0.0
5061,318.1274,46.66667,-6.0833282,2024-07-29 18:00:00,0.08508619,-0.0022539084,4360023.469108121,-464668.9756583009,0.0
5241,380.213,46.66667,-6.0833282,2024-07-29 18:00:00,0.096228555,-0.0026623085,4360023.469108121,-464668.9756583009,0.0
5421,453.9377,46.66667,-6.0833282,2024-07-29 18:00:00,0.10123393,-0.0006397418,4360023.469108121,-464668.9756583009,0.0
5601,541.0889,46.66667,-6.0833282,2024-07-29 18:00:00,0.097433254,-0.0037440036,4360023.469108121,-464668.9756583009,0.0
5781,643.5668,46.66667,-6.0833282,2024-07-29 18:00:00,0.07840039,0.01583543,4360023.469108121,-464668.9756583009,0.0
5961,763.3331,46.66667,-6.0833282,2024-07-29 18:00:00,0.07547883,0.029717533,4360023.469108121,-464668.9756583009,0.0
6141,902.3393,46.66667,-6.0833282,2024-07-29 18:00:00,0.11015555,0.031834718,4360023.469108121,-464668.9756583009,0.0
30,0.494025,46.66667,-6.0,2024-07-29 18:00:00,-0.030619793,0.006463093,4360694.650219674,-458327.4764384654,0.0
210,1.541375,46.66667,-6.0,2024-07-29 18:00:00,-0.029118478,0.0118220905,4360694.650219674,-458327.4764384654,0.0
390,2.645669,46.66667,-6.0,2024-07-29 18:00:00,-0.027236387,0.016927963,4360694.650219674,-458327.4764384654,0.0
570,3.819495,46.66667,-6.0,2024-07-29 18:00:00,-0.024816673,0.021817865,4360694.650219674,-458327.4764384654,0.0
750,5.078224,46.66667,-6.0,2024-07-29 18:00:00,-0.020247838,0.028198555,4360694.650219674,-458327.4764384654,0.0
930,6.440614,46.66667,-6.0,2024-07-29 18:00:00,-0.0025852583,0.04062231,4360694.650219674,-458327.4764384654,0.0
1110,7.92956,46.66667,-6.0,2024-07-29 18:00:00,0.0354519,0.039332554,4360694.650219674,-458327.4764384654,0.0
1290,9.572997,46.66667,-6.0,2024-07-29 18:00:00,0.061817206,0.00878178,4360694.650219674,-458327.4764384654,0.0
1470,11.405,46.66667,-6.0,2024-07-29 18:00:00,0.055806886,-0.017408155,4360694.650219674,-458327.4764384654,0.0
1650,13.46714,46.66667,-6.0,2024-07-29 18:00:00,0.037656248,-0.0045710867,4360694.650219674,-458327.4764384654,0.0
1830,15.81007,46.66667,-6.0,2024-07-29 18:00:00,0.049381606,0.04174605,4360694.650219674,-458327.4764384654,0.0
2010,18.49556,46.66667,-6.0,2024-07-29 18:00:00,0.074470215,0.044711936,4360694.650219674,-458327.4764384654,0.0
2190,21.59882,46.66667,-6.0,2024-07-29 18:00:00,0.08640025,0.03953418,4360694.650219674,-458327.4764384654,0.0
2370,25.21141,46.66667,-6.0,2024-07-29 18:00:00,0.09316085,0.031081313,4360694.650219674,-458327.4764384654,0.0
2550,29.44473,46.66667,-6.0,2024-07-29 18:00:00,0.09591934,0.013177436,4360694.650219674,-458327.4764384654,0.0
2730,34.43415,46.66667,-6.0,2024-07-29 18:00:00,0.088693306,-0.013089856,4360694.650219674,-458327.4764384654,0.0
2910,40.34405,46.66667,-6.0,2024-07-29 18:00:00,0.06537186,-0.03196208,4360694.650219674,-458327.4764384654,0.0
3090,47.37369,46.66667,-6.0,2024-07-29 18:00:00,0.037071183,-0.011857451,4360694.650219674,-458327.4764384654,0.0
3270,55.76429,46.66667,-6.0,2024-07-29 18:00:00,0.040180154,0.030021876,4360694.650219674,-458327.4764384654,0.0
3450,65.80727,46.66667,-6.0,2024-07-29 18:00:00,0.07643791,0.0486268,4360694.650219674,-458327.4764384654,0.0
3630,77.85385,46.66667,-6.0,2024-07-29 18:00:00,0.10756191,0.03515261,4360694.650219674,-458327.4764384654,0.0
3810,92.32607,46.66667,-6.0,2024-07-29 18:00:00,0.11323138,0.013410453,4360694.650219674,-458327.4764384654,0.0
3990,109.7293,46.66667,-6.0,2024-07-29 18:00:00,0.10831555,0.00016875472,4360694.650219674,-458327.4764384654,0.0
4170,130.666,46.66667,-6.0,2024-07-29 18:00:00,0.10448563,-0.0056958473,4360694.650219674,-458327.4764384654,0.0
4350,155.8507,46.66667,-6.0,2024-07-29 18:00:00,0.098975174,-0.009503578,4360694.650219674,-458327.4764384654,0.0
4530,186.1256,46.66667,-6.0,2024-07-29 18:00:00,0.09394898,-0.013135601,4360694.650219674,-458327.4764384654,0.0
4710,222.4752,46.66667,-6.0,2024-07-29 18:00:00,0.09066281,-0.016290851,4360694.650219674,-458327.4764384654,0.0
4890,266.0403,46.66667,-6.0,2024-07-29 18:00:00,0.08856722,-0.014694454,4360694.650219674,-458327.4764384654,0.0
5070,318.1274,46.66667,-6.0,2024-07-29 18:00:00,0.085487925,-0.016651895,4360694.650219674,-458327.4764384654,0.0
5250,380.213,46.66667,-6.0,2024-07-29 18:00:00,0.08664936,-0.017256092,4360694.650219674,-458327.4764384654,0.0
5430,453.9377,46.66667,-6.0,2024-07-29 18:00:00,0.09814721,-0.02118259,4360694.650219674,-458327.4764384654,0.0
5610,541.0889,46.66667,-6.0,2024-07-29 18:00:00,0.09698381,-0.03277667,4360694.650219674,-458327.4764384654,0.0
5790,643.5668,46.66667,-6.0,2024-07-29 18:00:00,0.073552616,-0.0038662145,4360694.650219674,-458327.4764384654,0.0
5970,763.3331,46.66667,-6.0,2024-07-29 18:00:00,0.060330737,0.0014414538,4360694.650219674,-458327.4764384654,0.0
6150,902.3393,46.66667,-6.0,2024-07-29 18:00:00,0.09334737,-0.021644592,4360694.650219674,-458327.4764384654,0.0
39,0.494025,46.75,-6.25,2024-07-29 18:00:00,0.011337764,-0.008404284,4351950.96357759,-476616.1460837916,0.0
219,1.541375,46.75,-6.25,2024-07-29 18:00:00,0.013051275,-0.0030884738,4351950.96357759,-476616.1460837916,0.0
399,2.645669,46.75,-6.25,2024-07-29 18:00:00,0.015121715,0.0019393235,4351950.96357759,-476616.1460837916,0.0
579,3.819495,46.75,-6.25,2024-07-29 18:00:00,0.017719232,0.006792091,4351950.96357759,-476616.1460837916,0.0
759,5.078224,46.75,-6.25,2024-07-29 18:00:00,0.022545733,0.013182313,4351950.96357759,-476616.1460837916,0.0
939,6.440614,46.75,-6.25,2024-07-29 18:00:00,0.040210325,0.02555859,4351950.96357759,-476616.1460837916,0.0
1119,7.92956,46.75,-6.25,2024-07-29 18:00:00,0.07657478,0.024821509,4351950.96357759,-476616.1460837916,0.0
1299,9.572997,46.75,-6.25,2024-07-29 18:00:00,0.103308305,-0.018043112,4351950.96357759,-476616.1460837916,0.0
1479,11.405,46.75,-6.25,2024-07-29 18:00:00,0.0902644,-0.032407824,4351950.96357759,-476616.1460837916,0.0
1659,13.46714,46.75,-6.25,2024-07-29 18:00:00,0.07452283,-0.00039756438,4351950.96357759,-476616.1460837916,0.0
1839,15.81007,46.75,-6.25,2024-07-29 18:00:00,0.09479194,0.02349614,4351950.96357759,-476616.1460837916,0.0
2019,18.49556,46.75,-6.25,2024-07-29 18:00:00,0.105899446,0.01809749,4351950.96357759,-476616.1460837916,0.0
2199,21.59882,46.75,-6.25,2024-07-29 18:00:00,0.103324145,0.011198545,4351950.96357759,-476616.1460837916,0.0
2379,25.21141,46.75,-6.25,2024-07-29 18:00:00,0.094529815,-0.0015238472,4351950.96357759,-476616.1460837916,0.0
2559,29.44473,46.75,-6.25,2024-07-29 18:00:00,0.079234324,-0.020943765,4351950.96357759,-476616.1460837916,0.0
2739,34.43415,46.75,-6.25,2024-07-29 18:00:00,0.052941393,-0.045370713,4351950.96357759,-476616.1460837916,0.0
2919,40.34405,46.75,-6.25,2024-07-29 18:00:00,0.021743264,-0.05343066,4351950.96357759,-476616.1460837916,0.0
3099,47.37369,46.75,-6.25,2024-07-29 18:00:00,0.010355014,-0.021922644,4351950.96357759,-476616.1460837916,0.0
3279,55.76429,46.75,-6.25,2024-07-29 18:00:00,0.03917059,0.016042873,4351950.96357759,-476616.1460837916,0.0
3459,65.80727,46.75,-6.25,2024-07-29 18:00:00,0.07556274,0.022396894,4351950.96357759,-476616.1460837916,0.0
3639,77.85385,46.75,-6.25,2024-07-29 18:00:00,0.08942374,0.0107147,4351950.96357759,-476616.1460837916,0.0
3819,92.32607,46.75,-6.25,2024-07-29 18:00:00,0.09312576,0.008019475,4351950.96357759,-476616.1460837916,0.0
3999,109.7293,46.75,-6.25,2024-07-29 18:00:00,0.09325639,0.0054938877,4351950.96357759,-476616.1460837916,0.0
4179,130.666,46.75,-6.25,2024-07-29 18:00:00,0.08972679,-0.0020487143,4351950.96357759,-476616.1460837916,0.0
4359,155.8507,46.75,-6.25,2024-07-29 18:00:00,0.08485231,-0.0069067813,4351950.96357759,-476616.1460837916,0.0
4539,186.1256,46.75,-6.25,2024-07-29 18:00:00,0.082014576,-0.008038569,4351950.96357759,-476616.1460837916,0.0
4719,222.4752,46.75,-6.25,2024-07-29 18:00:00,0.078542694,-0.00916036,4351950.96357759,-476616.1460837916,0.0
4899,266.0403,46.75,-6.25,2024-07-29 18:00:00,0.07210043,-0.007738662,4351950.96357759,-476616.1460837916,0.0
5079,318.1274,46.75,-6.25,2024-07-29 18:00:00,0.073562935,-0.0037377852,4351950.96357759,-476616.1460837916,0.0
5259,380.213,46.75,-6.25,2024-07-29 18:00:00,0.08237885,-0.009453886,4351950.96357759,-476616.1460837916,0.0
5439,453.9377,46.75,-6.25,2024-07-29 18:00:00,0.078814104,-0.012245793,4351950.96357759,-476616.1460837916,0.0
5619,541.0889,46.75,-6.25,2024-07-29 18:00:00,0.066332586,-0.01377837,4351950.96357759,-476616.1460837916,0.0
5799,643.5668,46.75,-6.25,2024-07-29 18:00:00,0.07612272,0.012256146,4351950.96357759,-476616.1460837916,0.0
5979,763.3331,46.75,-6.25,2024-07-29 18:00:00,0.098074496,0.058333997,4351950.96357759,-476616.1460837916,0.0
6159,902.3393,46.75,-6.25,2024-07-29 18:00:00,0.1338978,0.10315687,4351950.96357759,-476616.1460837916,0.0
48,0.494025,46.75,-6.1666565,2024-07-29 18:00:00,0.004059034,0.009308402,4352639.653859386,-470285.21531356085,0.0
228,1.541375,46.75,-6.1666565,2024-07-29 18:00:00,0.0056042685,0.014768497,4352639.653859386,-470285.21531356085,0.0
408,2.645669,46.75,-6.1666565,2024-07-29 18:00:00,0.007565388,0.020009883,4352639.653859386,-470285.21531356085,0.0
588,3.819495,46.75,-6.1666565,2024-07-29 18:00:00,0.0101473145,0.025143445,4352639.653859386,-470285.21531356085,0.0
768,5.078224,46.75,-6.1666565,2024-07-29 18:00:00,0.0153846145,0.032088593,4352639.653859386,-470285.21531356085,0.0
948,6.440614,46.75,-6.1666565,2024-07-29 18:00:00,0.033488065,0.044256896,4352639.653859386,-470285.21531356085,0.0
1128,7.92956,46.75,-6.1666565,2024-07-29 18:00:00,0.06933669,0.04330817,4352639.653859386,-470285.21531356085,0.0
1308,9.572997,46.75,-6.1666565,2024-07-29 18:00:00,0.09667859,0.001324092,4352639.653859386,-470285.21531356085,0.0
1488,11.405,46.75,-6.1666565,2024-07-29 18:00:00,0.0854923,-0.015988793,4352639.653859386,-470285.21531356085,0.0
1668,13.46714,46.75,-6.1666565,2024-07-29 18:00:00,0.07553921,0.013895299,4352639.653859386,-470285.21531356085,0.0
1848,15.81007,46.75,-6.1666565,2024-07-29 18:00:00,0.10015556,0.04537005,4352639.653859386,-470285.21531356085,0.0
2028,18.49556,46.75,-6.1666565,2024-07-29 18:00:00,0.11766938,0.038834028,4352639.653859386,-470285.21531356085,0.0
2208,21.59882,46.75,-6.1666565,2024-07-29 18:00:00,0.11798247,0.02486876,4352639.653859386,-470285.21531356085,0.0
2388,25.21141,46.75,-6.1666565,2024-07-29 18:00:00,0.11072924,0.0018720184,4352639.653859386,-470285.21531356085,0.0
2568,29.44473,46.75,-6.1666565,2024-07-29 18:00:00,0.09242011,-0.028344585,4352639.653859386,-470285.21531356085,0.0
2748,34.43415,46.75,-6.1666565,2024-07-29 18:00:00,0.057359915,-0.057874147,4352639.653859386,-470285.21531356085,0.0
2928,40.34405,46.75,-6.1666565,2024-07-29 18:00:00,0.01475883,-0.059760757,4352639.653859386,-470285.21531356085,0.0
3108,47.37369,46.75,-6.1666565,2024-07-29 18:00:00,0.00016291603,-0.009965546,4352639.653859386,-470285.21531356085,0.0
3288,55.76429,46.75,-6.1666565,2024-07-29 18:00:00,0.040696565,0.04433667,4352639.653859386,-470285.21531356085,0.0
3468,65.80727,46.75,-6.1666565,2024-07-29 18:00:00,0.0934831,0.047208216,4352639.653859386,-470285.21531356085,0.0
3648,77.85385,46.75,-6.1666565,2024-07-29 18:00:00,0.1152712,0.022397857,4352639.653859386,-470285.21531356085,0.0
3828,92.32607,46.75,-6.1666565,2024-07-29 18:00:00,0.11336225,0.010057919,4352639.653859386,-470285.21531356085,0.0
4008,109.7293,46.75,-6.1666565,2024-07-29 18:00:00,0.1086218,0.006103296,4352639.653859386,-470285.21531356085,0.0
4188,130.666,46.75,-6.1666565,2024-07-29 18:00:00,0.102958046,-0.00014244346,4352639.653859386,-470285.21531356085,0.0
4368,155.8507,46.75,-6.1666565,2024-07-29 18:00:00,0.096567556,-0.0061014835,4352639.653859386,-470285.21531356085,0.0
4548,186.1256,46.75,-6.1666565,2024-07-29 18:00:00,0.09451472,-0.00834523,4352639.653859386,-470285.21531356085,0.0
4728,222.4752,46.75,-6.1666565,2024-07-29 18:00:00,0.08803506,-0.004639008,4352639.653859386,-470285.21531356085,0.0
4908,266.0403,46.75,-6.1666565,2024-07-29 18:00:00,0.08139348,2.1219254e-05,4352639.653859386,-470285.21531356085,0.0
5088,318.1274,46.75,-6.1666565,2024-07-29 18:00:00,0.08210083,-0.0011637257,4352639.653859386,-470285.21531356085,0.0
5268,380.213,46.75,-6.1666565,2024-07-29 18:00:00,0.08810579,-0.0020248133,4352639.653859386,-470285.21531356085,0.0
5448,453.9377,46.75,-6.1666565,2024-07-29 18:00:00,0.07864873,-0.00070337066,4352639.653859386,-470285.21531356085,0.0
5628,541.0889,46.75,-6.1666565,2024-07-29 18:00:00,0.06295043,-0.008334375,4352639.653859386,-470285.21531356085,0.0
5808,643.5668,46.75,-6.1666565,2024-07-29 18:00:00,0.062074948,0.023791466,4352639.653859386,-470285.21531356085,0.0
5988,763.3331,46.75,-6.1666565,2024-07-29 18:00:00,0.07372629,0.059772845,4352639.653859386,-470285.21531356085,0.0
6168,902.3393,46.75,-6.1666565,2024-07-29 18:00:00,0.12483339,0.091824226,4352639.653859386,-470285.21531356085,0.0
57,0.494025,46.75,-6.0833282,2024-07-29 18:00:00,-0.0076728035,0.012657629,4353319.010767862,-463954.44881885045,0.0
237,1.541375,46.75,-6.0833282,2024-07-29 18:00:00,-0.0062471097,0.018171092,4353319.010767862,-463954.44881885045,0.0
417,2.645669,46.75,-6.0833282,2024-07-29 18:00:00,-0.0044025686,0.02349193,4353319.010767862,-463954.44881885045,0.0
597,3.819495,46.75,-6.0833282,2024-07-29 18:00:00,-0.0019096751,0.028750503,4353319.010767862,-463954.44881885045,0.0
777,5.078224,46.75,-6.0833282,2024-07-29 18:00:00,0.0037145368,0.036209874,4353319.010767862,-463954.44881885045,0.0
957,6.440614,46.75,-6.0833282,2024-07-29 18:00:00,0.023817342,0.04836706,4353319.010767862,-463954.44881885045,0.0
1137,7.92956,46.75,-6.0833282,2024-07-29 18:00:00,0.060203053,0.0461913,4353319.010767862,-463954.44881885045,0.0
1317,9.572997,46.75,-6.0833282,2024-07-29 18:00:00,0.084131114,0.0064786486,4353319.010767862,-463954.44881885045,0.0
1497,11.405,46.75,-6.0833282,2024-07-29 18:00:00,0.07350449,-0.007892381,4353319.010767862,-463954.44881885045,0.0
1677,13.46714,46.75,-6.0833282,2024-07-29 18:00:00,0.0691322,0.01798464,4353319.010767862,-463954.44881885045,0.0
1857,15.81007,46.75,-6.0833282,2024-07-29 18:00:00,0.09487342,0.05607605,4353319.010767862,-463954.44881885045,0.0
2037,18.49556,46.75,-6.0833282,2024-07-29 18:00:00,0.11606113,0.05131365,4353319.010767862,-463954.44881885045,0.0
2217,21.59882,46.75,-6.0833282,2024-07-29 18:00:00,0.12289353,0.034909472,4353319.010767862,-463954.44881885045,0.0
2397,25.21141,46.75,-6.0833282,2024-07-29 18:00:00,0.12393019,0.007252949,4353319.010767862,-463954.44881885045,0.0
2577,29.44473,46.75,-6.0833282,2024-07-29 18:00:00,0.11141899,-0.029266257,4353319.010767862,-463954.44881885045,0.0
2757,34.43415,46.75,-6.0833282,2024-07-29 18:00:00,0.077444054,-0.06402811,4353319.010767862,-463954.44881885045,0.0
2937,40.34405,46.75,-6.0833282,2024-07-29 18:00:00,0.028609058,-0.06662214,4353319.010767862,-463954.44881885045,0.0
3117,47.37369,46.75,-6.0833282,2024-07-29 18:00:00,0.0036780667,-0.008300068,4353319.010767862,-463954.44881885045,0.0
3297,55.76429,46.75,-6.0833282,2024-07-29 18:00:00,0.036320105,0.059427034,4353319.010767862,-463954.44881885045,0.0
3477,65.80727,46.75,-6.0833282,2024-07-29 18:00:00,0.09576993,0.06787056,4353319.010767862,-463954.44881885045,0.0
3657,77.85385,46.75,-6.0833282,2024-07-29 18:00:00,0.12993215,0.03654626,4353319.010767862,-463954.44881885045,0.0
3837,92.32607,46.75,-6.0833282,2024-07-29 18:00:00,0.13005929,0.010778984,4353319.010767862,-463954.44881885045,0.0
4017,109.7293,46.75,-6.0833282,2024-07-29 18:00:00,0.12083025,0.00091448147,4353319.010767862,-463954.44881885045,0.0
4197,130.666,46.75,-6.0833282,2024-07-29 18:00:00,0.11332924,-0.0026113242,4353319.010767862,-463954.44881885045,0.0
4377,155.8507,46.75,-6.0833282,2024-07-29 18:00:00,0.10677447,-0.0064198426,4353319.010767862,-463954.44881885045,0.0
4557,186.1256,46.75,-6.0833282,2024-07-29 18:00:00,0.104030125,-0.0092862025,4353319.010767862,-463954.44881885045,0.0
4737,222.4752,46.75,-6.0833282,2024-07-29 18:00:00,0.09397741,-0.0053726356,4353319.010767862,-463954.44881885045,0.0
4917,266.0403,46.75,-6.0833282,2024-07-29 18:00:00,0.085495435,-0.0020078544,4353319.010767862,-463954.44881885045,0.0
5097,318.1274,46.75,-6.0833282,2024-07-29 18:00:00,0.0817948,0.00036819978,4353319.010767862,-463954.44881885045,0.0
5277,380.213,46.75,-6.0833282,2024-07-29 18:00:00,0.08102946,0.0011205506,4353319.010767862,-463954.44881885045,0.0
5457,453.9377,46.75,-6.0833282,2024-07-29 18:00:00,0.070260115,-0.001337521,4353319.010767862,-463954.44881885045,0.0
5637,541.0889,46.75,-6.0833282,2024-07-29 18:00:00,0.0494328,-0.0035132114,4353319.010767862,-463954.44881885045,0.0
5817,643.5668,46.75,-6.0833282,2024-07-29 18:00:00,0.04242875,0.030597629,4353319.010767862,-463954.44881885045,0.0
5997,763.3331,46.75,-6.0833282,2024-07-29 18:00:00,0.06253419,0.046063606,4353319.010767862,-463954.44881885045,0.0
6177,902.3393,46.75,-6.0833282,2024-07-29 18:00:00,0.10762851,0.059620757,4353319.010767862,-463954.44881885045,0.0
66,0.494025,46.75,-6.0,2024-07-29 18:00:00,-0.021129802,-0.0010247307,4353989.159796485,-457622.70099545474,0.0
246,1.541375,46.75,-6.0,2024-07-29 18:00:00,-0.019734478,0.004413916,4353989.159796485,-457622.70099545474,0.0
426,2.645669,46.75,-6.0,2024-07-29 18:00:00,-0.017954288,0.009592625,4353989.159796485,-457622.70099545474,0.0
606,3.819495,46.75,-6.0,2024-07-29 18:00:00,-0.015549792,0.014671165,4353989.159796485,-457622.70099545474,0.0
786,5.078224,46.75,-6.0,2024-07-29 18:00:00,-0.009609956,0.022473214,4353989.159796485,-457622.70099545474,0.0
966,6.440614,46.75,-6.0,2024-07-29 18:00:00,0.0142488545,0.035848003,4353989.159796485,-457622.70099545474,0.0
1146,7.92956,46.75,-6.0,2024-07-29 18:00:00,0.051891442,0.029878484,4353989.159796485,-457622.70099545474,0.0
1326,9.572997,46.75,-6.0,2024-07-29 18:00:00,0.067123964,-0.01022099,4353989.159796485,-457622.70099545474,0.0
1506,11.405,46.75,-6.0,2024-07-29 18:00:00,0.0553776,-0.018910693,4353989.159796485,-457622.70099545474,0.0
1686,13.46714,46.75,-6.0,2024-07-29 18:00:00,0.053744987,0.0072273687,4353989.159796485,-457622.70099545474,0.0
1866,15.81007,46.75,-6.0,2024-07-29 18:00:00,0.077450335,0.049983755,4353989.159796485,-457622.70099545474,0.0
2046,18.49556,46.75,-6.0,2024-07-29 18:00:00,0.09923285,0.046036392,4353989.159796485,-457622.70099545474,0.0
2226,21.59882,46.75,-6.0,2024-07-29 18:00:00,0.11140106,0.03378564,4353989.159796485,-457622.70099545474,0.0
2406,25.21141,46.75,-6.0,2024-07-29 18:00:00,0.12136604,0.011455109,4353989.159796485,-457622.70099545474,0.0
2586,29.44473,46.75,-6.0,2024-07-29 18:00:00,0.120520934,-0.021914296,4353989.159796485,-457622.70099545474,0.0
2766,34.43415,46.75,-6.0,2024-07-29 18:00:00,0.10005178,-0.058765817,4353989.159796485,-457622.70099545474,0.0
2946,40.34405,46.75,-6.0,2024-07-29 18:00:00,0.05654628,-0.07059224,4353989.159796485,-457622.70099545474,0.0
3126,47.37369,46.75,-6.0,2024-07-29 18:00:00,0.01913401,-0.024040798,4353989.159796485,-457622.70099545474,0.0
3306,55.76429,46.75,-6.0,2024-07-29 18:00:00,0.028492987,0.04093608,4353989.159796485,-457622.70099545474,0.0
3486,65.80727,46.75,-6.0,2024-07-29 18:00:00,0.07740965,0.06396412,4353989.159796485,-457622.70099545474,0.0
3666,77.85385,46.75,-6.0,2024-07-29 18:00:00,0.11639342,0.04484995,4353989.159796485,-457622.70099545474,0.0
3846,92.32607,46.75,-6.0,2024-07-29 18:00:00,0.1263616,0.014732212,4353989.159796485,-457622.70099545474,0.0
4026,109.7293,46.75,-6.0,2024-07-29 18:00:00,0.119995795,-0.002048382,4353989.159796485,-457622.70099545474,0.0
4206,130.666,46.75,-6.0,2024-07-29 18:00:00,0.11480246,-0.009615086,4353989.159796485,-457622.70099545474,0.0
4386,155.8507,46.75,-6.0,2024-07-29 18:00:00,0.11156525,-0.013282778,4353989.159796485,-457622.70099545474,0.0
4566,186.1256,46.75,-6.0,2024-07-29 18:00:00,0.11279892,-0.017647987,4353989.159796485,-457622.70099545474,0.0
4746,222.4752,46.75,-6.0,2024-07-29 18:00:00,0.10193231,-0.018221674,4353989.159796485,-457622.70099545474,0.0
4926,266.0403,46.75,-6.0,2024-07-29 18:00:00,0.09013668,-0.016849637,4353989.159796485,-457622.70099545474,0.0
5106,318.1274,46.75,-6.0,2024-07-29 18:00:00,0.08839429,-0.012196917,4353989.159796485,-457622.70099545474,0.0
5286,380.213,46.75,-6.0,2024-07-29 18:00:00,0.079445936,-0.0050814645,4353989.159796485,-457622.70099545474,0.0
5466,453.9377,46.75,-6.0,2024-07-29 18:00:00,0.051216386,-0.007084538,4353989.159796485,-457622.70099545474,0.0
5646,541.0889,46.75,-6.0,2024-07-29 18:00:00,0.028307391,-0.0041027935,4353989.159796485,-457622.70099545474,0.0
5826,643.5668,46.75,-6.0,2024-07-29 18:00:00,0.02514864,0.021431638,4353989.159796485,-457622.70099545474,0.0
6006,763.3331,46.75,-6.0,2024-07-29 18:00:00,0.05036672,0.018079698,4353989.159796485,-457622.70099545474,0.0
6186,902.3393,46.75,-6.0,2024-07-29 18:00:00,0.079665326,0.019012952,4353989.159796485,-457622.70099545474,0.0
75,0.494025,46.833336,-6.25,2024-07-29 18:00:00,0.065283775,-0.040018655,4345238.723142079,-475881.0361998027,0.0
255,1.541375,46.833336,-6.25,2024-07-29 18:00:00,0.06712942,-0.034771368,4345238.723142079,-475881.0361998027,0.0
435,2.645669,46.833336,-6.25,2024-07-29 18:00:00,0.0692687,-0.029878354,4345238.723142079,-475881.0361998027,0.0
615,3.819495,46.833336,-6.25,2024-07-29 18:00:00,0.07200219,-0.025015406,4345238.723142079,-475881.0361998027,0.0
795,5.078224,46.833336,-6.25,2024-07-29 18:00:00,0.07867777,-0.016827831,4345238.723142079,-475881.0361998027,0.0
975,6.440614,46.833336,-6.25,2024-07-29 18:00:00,0.10145082,-0.0043250285,4345238.723142079,-475881.0361998027,0.0
1155,7.92956,46.833336,-6.25,2024-07-29 18:00:00,0.13810726,-0.012606943,4345238.723142079,-475881.0361998027,0.0
1335,9.572997,46.833336,-6.25,2024-07-29 18:00:00,0.15173517,-0.058908314,4345238.723142079,-475881.0361998027,0.0
1515,11.405,46.833336,-6.25,2024-07-29 18:00:00,0.14025968,-0.0634062,4345238.723142079,-475881.0361998027,0.0
1695,13.46714,46.833336,-6.25,2024-07-29 18:00:00,0.1282205,-0.028785972,4345238.723142079,-475881.0361998027,0.0
1875,15.81007,46.833336,-6.25,2024-07-29 18:00:00,0.13744813,-0.00485541,4345238.723142079,-475881.0361998027,0.0
2055,18.49556,46.833336,-6.25,2024-07-29 18:00:00,0.13857181,-0.0007727328,4345238.723142079,-475881.0361998027,0.0
2235,21.59882,46.833336,-6.25,2024-07-29 18:00:00,0.13404998,-0.003613879,4345238.723142079,-475881.0361998027,0.0
2415,25.21141,46.833336,-6.25,2024-07-29 18:00:00,0.124383144,-0.015482362,4345238.723142079,-475881.0361998027,0.0
2595,29.44473,46.833336,-6.25,2024-07-29 18:00:00,0.108902074,-0.03571052,4345238.723142079,-475881.0361998027,0.0
2775,34.43415,46.833336,-6.25,2024-07-29 18:00:00,0.08043777,-0.060712785,4345238.723142079,-475881.0361998027,0.0
2955,40.34405,46.833336,-6.25,2024-07-29 18:00:00,0.04483052,-0.06803627,4345238.723142079,-475881.0361998027,0.0
3135,47.37369,46.833336,-6.25,2024-07-29 18:00:00,0.023304075,-0.037349787,4345238.723142079,-475881.0361998027,0.0
3315,55.76429,46.833336,-6.25,2024-07-29 18:00:00,0.035602313,0.0024966886,4345238.723142079,-475881.0361998027,0.0
3495,65.80727,46.833336,-6.25,2024-07-29 18:00:00,0.062215414,0.011972552,4345238.723142079,-475881.0361998027,0.0
3675,77.85385,46.833336,-6.25,2024-07-29 18:00:00,0.07346213,-0.000982356,4345238.723142079,-475881.0361998027,0.0
3855,92.32607,46.833336,-6.25,2024-07-29 18:00:00,0.07025685,-0.007942628,4345238.723142079,-475881.0361998027,0.0
4035,109.7293,46.833336,-6.25,2024-07-29 18:00:00,0.06333418,-0.007981649,4345238.723142079,-475881.0361998027,0.0
4215,130.666,46.833336,-6.25,2024-07-29 18:00:00,0.061847992,-0.009072988,4345238.723142079,-475881.0361998027,0.0
4395,155.8507,46.833336,-6.25,2024-07-29 18:00:00,0.06733454,-0.010980384,4345238.723142079,-475881.0361998027,0.0
4575,186.1256,46.833336,-6.25,2024-07-29 18:00:00,0.0727477,-0.009509075,4345238.723142079,-475881.0361998027,0.0
4755,222.4752,46.833336,-6.25,2024-07-29 18:00:00,0.07352508,-0.0074779997,4345238.723142079,-475881.0361998027,0.0
4935,266.0403,46.833336,-6.25,2024-07-29 18:00:00,0.06789607,-0.005467825,4345238.723142079,-475881.0361998027,0.0
5115,318.1274,46.833336,-6.25,2024-07-29 18:00:00,0.06387002,-0.0027310005,4345238.723142079,-475881.0361998027,0.0
5295,380.213,46.833336,-6.25,2024-07-29 18:00:00,0.06168774,-0.0090058865,4345238.723142079,-475881.0361998027,0.0
5475,453.9377,46.833336,-6.25,2024-07-29 18:00:00,0.06431759,0.00095835235,4345238.723142079,-475881.0361998027,0.0
5655,541.0889,46.833336,-6.25,2024-07-29 18:00:00,0.06934001,0.02039427,4345238.723142079,-475881.0361998027,0.0
5835,643.5668,46.833336,-6.25,2024-07-29 18:00:00,0.054670192,0.04313312,4345238.723142079,-475881.0361998027,0.0
6015,763.3331,46.833336,-6.25,2024-07-29 18:00:00,0.03550587,0.07302022,4345238.723142079,-475881.0361998027,0.0
6195,902.3393,46.833336,-6.25,2024-07-29 18:00:00,0.08035472,0.107420005,4345238.723142079,-475881.0361998027,0.0
84,0.494025,46.833336,-6.1666565,2024-07-29 18:00:00,0.042651977,-0.024288865,4345926.351221016,-469559.8699535443,0.0
264,1.541375,46.833336,-6.1666565,2024-07-29 18:00:00,0.04428674,-0.018868288,4345926.351221016,-469559.8699535443,0.0
444,2.645669,46.833336,-6.1666565,2024-07-29 18:00:00,0.04626568,-0.013775827,4345926.351221016,-469559.8699535443,0.0
624,3.819495,46.833336,-6.1666565,2024-07-29 18:00:00,0.049042087,-0.008488447,4345926.351221016,-469559.8699535443,0.0
804,5.078224,46.833336,-6.1666565,2024-07-29 18:00:00,0.057879314,0.0015046406,4345926.351221016,-469559.8699535443,0.0
984,6.440614,46.833336,-6.1666565,2024-07-29 18:00:00,0.08391632,0.011896206,4345926.351221016,-469559.8699535443,0.0
1164,7.92956,46.833336,-6.1666565,2024-07-29 18:00:00,0.120563865,0.00057185395,4345926.351221016,-469559.8699535443,0.0
1344,9.572997,46.833336,-6.1666565,2024-07-29 18:00:00,0.13220027,-0.04383426,4345926.351221016,-469559.8699535443,0.0
1524,11.405,46.833336,-6.1666565,2024-07-29 18:00:00,0.11800102,-0.05040289,4345926.351221016,-469559.8699535443,0.0
1704,13.46714,46.833336,-6.1666565,2024-07-29 18:00:00,0.10882956,-0.01538023,4345926.351221016,-469559.8699535443,0.0
1884,15.81007,46.833336,-6.1666565,2024-07-29 18:00:00,0.12434272,0.0146896485,4345926.351221016,-469559.8699535443,0.0
2064,18.49556,46.833336,-6.1666565,2024-07-29 18:00:00,0.13064262,0.014798531,4345926.351221016,-469559.8699535443,0.0
2244,21.59882,46.833336,-6.1666565,2024-07-29 18:00:00,0.12891403,0.0053451387,4345926.351221016,-469559.8699535443,0.0
2424,25.21141,46.833336,-6.1666565,2024-07-29 18:00:00,0.12115835,-0.015735269,4345926.351221016,-469559.8699535443,0.0
2604,29.44473,46.833336,-6.1666565,2024-07-29 18:00:00,0.10321565,-0.046183154,4345926.351221016,-469559.8699535443,0.0
2784,34.43415,46.833336,-6.1666565,2024-07-29 18:00:00,0.06624031,-0.077389896,4345926.351221016,-469559.8699535443,0.0
2964,40.34405,46.833336,-6.1666565,2024-07-29 18:00:00,0.019769523,-0.07865065,4345926.351221016,-469559.8699535443,0.0
3144,47.37369,46.833336,-6.1666565,2024-07-29 18:00:00,-0.0044149365,-0.029376684,4345926.351221016,-469559.8699535443,0.0
3324,55.76429,46.833336,-6.1666565,2024-07-29 18:00:00,0.021518841,0.03009958,4345926.351221016,-469559.8699535443,0.0
3504,65.80727,46.833336,-6.1666565,2024-07-29 18:00:00,0.073494986,0.042433664,4345926.351221016,-469559.8699535443,0.0
3684,77.85385,46.833336,-6.1666565,2024-07-29 18:00:00,0.10101237,0.020031435,4345926.351221016,-469559.8699535443,0.0
3864,92.32607,46.833336,-6.1666565,2024-07-29 18:00:00,0.10023944,0.0037168846,4345926.351221016,-469559.8699535443,0.0
4044,109.7293,46.833336,-6.1666565,2024-07-29 18:00:00,0.08945117,-0.0017214273,4345926.351221016,-469559.8699535443,0.0
4224,130.666,46.833336,-6.1666565,2024-07-29 18:00:00,0.082401365,-0.0034570894,4345926.351221016,-469559.8699535443,0.0
4404,155.8507,46.833336,-6.1666565,2024-07-29 18:00:00,0.08179103,-0.0043054763,4345926.351221016,-469559.8699535443,0.0
4584,186.1256,46.833336,-6.1666565,2024-07-29 18:00:00,0.0820957,-0.003399546,4345926.351221016,-469559.8699535443,0.0
4764,222.4752,46.833336,-6.1666565,2024-07-29 18:00:00,0.07739642,0.00026430655,4345926.351221016,-469559.8699535443,0.0
4944,266.0403,46.833336,-6.1666565,2024-07-29 18:00:00,0.06555283,0.005239633,4345926.351221016,-469559.8699535443,0.0
5124,318.1274,46.833336,-6.1666565,2024-07-29 18:00:00,0.062581174,0.005070338,4345926.351221016,-469559.8699535443,0.0
5304,380.213,46.833336,-6.1666565,2024-07-29 18:00:00,0.0558135,0.0055801906,4345926.351221016,-469559.8699535443,0.0
5484,453.9377,46.833336,-6.1666565,2024-07-29 18:00:00,0.042577397,0.014517611,4345926.351221016,-469559.8699535443,0.0
5664,541.0889,46.833336,-6.1666565,2024-07-29 18:00:00,0.048472352,0.02464831,4345926.351221016,-469559.8699535443,0.0
5844,643.5668,46.833336,-6.1666565,2024-07-29 18:00:00,0.02610809,0.0549935,4345926.351221016,-469559.8699535443,0.0
6024,763.3331,46.833336,-6.1666565,2024-07-29 18:00:00,0.032018613,0.07863201,4345926.351221016,-469559.8699535443,0.0
6204,902.3393,46.833336,-6.1666565,2024-07-29 18:00:00,0.0845142,0.104869105,4345926.351221016,-469559.8699535443,0.0
93,0.494025,46.833336,-6.0833282,2024-07-29 18:00:00,0.016441148,-0.016572058,4346604.66032198,-463238.86772943556,0.0
273,1.541375,46.833336,-6.0833282,2024-07-29 18:00:00,0.01796994,-0.0110995425,4346604.66032198,-463238.86772943556,0.0
453,2.645669,46.833336,-6.0833282,2024-07-29 18:00:00,0.019852316,-0.0059469896,4346604.66032198,-463238.86772943556,0.0
633,3.819495,46.833336,-6.0833282,2024-07-29 18:00:00,0.022612048,-0.0003620464,4346604.66032198,-463238.86772943556,0.0
813,5.078224,46.833336,-6.0833282,2024-07-29 18:00:00,0.033359926,0.011674368,4346604.66032198,-463238.86772943556,0.0
993,6.440614,46.833336,-6.0833282,2024-07-29 18:00:00,0.064022906,0.020214327,4346604.66032198,-463238.86772943556,0.0
1173,7.92956,46.833336,-6.0833282,2024-07-29 18:00:00,0.09906588,0.00359366,4346604.66032198,-463238.86772943556,0.0
1353,9.572997,46.833336,-6.0833282,2024-07-29 18:00:00,0.10298826,-0.035068717,4346604.66032198,-463238.86772943556,0.0
1533,11.405,46.833336,-6.0833282,2024-07-29 18:00:00,0.087950416,-0.033607945,4346604.66032198,-463238.86772943556,0.0
1713,13.46714,46.833336,-6.0833282,2024-07-29 18:00:00,0.086577624,0.0021847812,4346604.66032198,-463238.86772943556,0.0
1893,15.81007,46.833336,-6.0833282,2024-07-29 18:00:00,0.10741455,0.034129824,4346604.66032198,-463238.86772943556,0.0
2073,18.49556,46.833336,-6.0833282,2024-07-29 18:00:00,0.11885637,0.030131444,4346604.66032198,-463238.86772943556,0.0
2253,21.59882,46.833336,-6.0833282,2024-07-29 18:00:00,0.12321509,0.015859261,4346604.66032198,-463238.86772943556,0.0
2433,25.21141,46.833336,-6.0833282,2024-07-29 18:00:00,0.12355269,-0.011383757,4346604.66032198,-463238.86772943556,0.0
2613,29.44473,46.833336,-6.0833282,2024-07-29 18:00:00,0.11129225,-0.048855823,4346604.66032198,-463238.86772943556,0.0
2793,34.43415,46.833336,-6.0833282,2024-07-29 18:00:00,0.07516381,-0.08514313,4346604.66032198,-463238.86772943556,0.0
2973,40.34405,46.833336,-6.0833282,2024-07-29 18:00:00,0.023184279,-0.08381666,4346604.66032198,-463238.86772943556,0.0
3153,47.37369,46.833336,-6.0833282,2024-07-29 18:00:00,-0.008000715,-0.02317911,4346604.66032198,-463238.86772943556,0.0
3333,55.76429,46.833336,-6.0833282,2024-07-29 18:00:00,0.015308954,0.049305182,4346604.66032198,-463238.86772943556,0.0
3513,65.80727,46.833336,-6.0833282,2024-07-29 18:00:00,0.07635503,0.06933217,4346604.66032198,-463238.86772943556,0.0
3693,77.85385,46.833336,-6.0833282,2024-07-29 18:00:00,0.1174124,0.042769503,4346604.66032198,-463238.86772943556,0.0
3873,92.32607,46.833336,-6.0833282,2024-07-29 18:00:00,0.119310334,0.016277013,4346604.66032198,-463238.86772943556,0.0
4053,109.7293,46.833336,-6.0833282,2024-07-29 18:00:00,0.10676432,0.004169275,4346604.66032198,-463238.86772943556,0.0
4233,130.666,46.833336,-6.0833282,2024-07-29 18:00:00,0.098110154,0.0004499075,4346604.66032198,-463238.86772943556,0.0
4413,155.8507,46.833336,-6.0833282,2024-07-29 18:00:00,0.09508003,-0.0025438718,4346604.66032198,-463238.86772943556,0.0
4593,186.1256,46.833336,-6.0833282,2024-07-29 18:00:00,0.0872963,-0.0038297286,4346604.66032198,-463238.86772943556,0.0
4773,222.4752,46.833336,-6.0833282,2024-07-29 18:00:00,0.07859316,-0.0027321863,4346604.66032198,-463238.86772943556,0.0
4953,266.0403,46.833336,-6.0833282,2024-07-29 18:00:00,0.069777206,0.004265417,4346604.66032198,-463238.86772943556,0.0
5133,318.1274,46.833336,-6.0833282,2024-07-29 18:00:00,0.056714676,0.008952206,4346604.66032198,-463238.86772943556,0.0
5313,380.213,46.833336,-6.0833282,2024-07-29 18:00:00,0.05016844,0.011351027,4346604.66032198,-463238.86772943556,0.0
5493,453.9377,46.833336,-6.0833282,2024-07-29 18:00:00,0.032210156,0.015305571,4346604.66032198,-463238.86772943556,0.0
5673,541.0889,46.833336,-6.0833282,2024-07-29 18:00:00,0.021013604,0.026164364,4346604.66032198,-463238.86772943556,0.0
5853,643.5668,46.833336,-6.0833282,2024-07-29 18:00:00,0.021869645,0.05113606,4346604.66032198,-463238.86772943556,0.0
6033,763.3331,46.833336,-6.0833282,2024-07-29 18:00:00,0.03617341,0.067515515,4346604.66032198,-463238.86772943556,0.0
6213,902.3393,46.833336,-6.0833282,2024-07-29 18:00:00,0.06036554,0.08807516,4346604.66032198,-463238.86772943556,0.0
102,0.494025,46.833336,-6.0,2024-07-29 18:00:00,-0.003122727,-0.028632255,4347273.775744883,-456916.88569019584,0.0
282,1.541375,46.833336,-6.0,2024-07-29 18:00:00,-0.0015713745,-0.023265442,4347273.775744883,-456916.88569019584,0.0
462,2.645669,46.833336,-6.0,2024-07-29 18:00:00,0.00031151983,-0.018301768,4347273.775744883,-456916.88569019584,0.0
642,3.819495,46.833336,-6.0,2024-07-29 18:00:00,0.002978403,-0.013172082,4347273.775744883,-456916.88569019584,0.0
822,5.078224,46.833336,-6.0,2024-07-29 18:00:00,0.013478222,-0.0009843934,4347273.775744883,-456916.88569019584,0.0
1002,6.440614,46.833336,-6.0,2024-07-29 18:00:00,0.047485385,0.009119334,4347273.775744883,-456916.88569019584,0.0
1182,7.92956,46.833336,-6.0,2024-07-29 18:00:00,0.081224464,-0.011672741,4347273.775744883,-456916.88569019584,0.0
1362,9.572997,46.833336,-6.0,2024-07-29 18:00:00,0.07998541,-0.04383713,4347273.775744883,-456916.88569019584,0.0
1542,11.405,46.833336,-6.0,2024-07-29 18:00:00,0.066647045,-0.036600914,4347273.775744883,-456916.88569019584,0.0
1722,13.46714,46.833336,-6.0,2024-07-29 18:00:00,0.06674144,-0.0013410177,4347273.775744883,-456916.88569019584,0.0
1902,15.81007,46.833336,-6.0,2024-07-29 18:00:00,0.08658312,0.033782575,4347273.775744883,-456916.88569019584,0.0
2082,18.49556,46.833336,-6.0,2024-07-29 18:00:00,0.101194814,0.03322856,4347273.775744883,-456916.88569019584,0.0
2262,21.59882,46.833336,-6.0,2024-07-29 18:00:00,0.11110218,0.02351851,4347273.775744883,-456916.88569019584,0.0
2442,25.21141,46.833336,-6.0,2024-07-29 18:00:00,0.119944856,0.002123775,4347273.775744883,-456916.88569019584,0.0
2622,29.44473,46.833336,-6.0,2024-07-29 18:00:00,0.11949245,-0.031732254,4347273.775744883,-456916.88569019584,0.0
2802,34.43415,46.833336,-6.0,2024-07-29 18:00:00,0.096894376,-0.071018994,4347273.775744883,-456916.88569019584,0.0
2982,40.34405,46.833336,-6.0,2024-07-29 18:00:00,0.050121397,-0.08095842,4347273.775744883,-456916.88569019584,0.0
3162,47.37369,46.833336,-6.0,2024-07-29 18:00:00,0.009829879,-0.032305367,4347273.775744883,-456916.88569019584,0.0
3342,55.76429,46.833336,-6.0,2024-07-29 18:00:00,0.016299618,0.03687685,4347273.775744883,-456916.88569019584,0.0
3522,65.80727,46.833336,-6.0,2024-07-29 18:00:00,0.06539724,0.06988763,4347273.775744883,-456916.88569019584,0.0
3702,77.85385,46.833336,-6.0,2024-07-29 18:00:00,0.10813383,0.055051886,4347273.775744883,-456916.88569019584,0.0
3882,92.32607,46.833336,-6.0,2024-07-29 18:00:00,0.120524615,0.024930675,4347273.775744883,-456916.88569019584,0.0
4062,109.7293,46.833336,-6.0,2024-07-29 18:00:00,0.11345075,0.0077619595,4347273.775744883,-456916.88569019584,0.0
4242,130.666,46.833336,-6.0,2024-07-29 18:00:00,0.10544868,0.0016011428,4347273.775744883,-456916.88569019584,0.0
4422,155.8507,46.833336,-6.0,2024-07-29 18:00:00,0.098041706,-0.0039948896,4347273.775744883,-456916.88569019584,0.0
4602,186.1256,46.833336,-6.0,2024-07-29 18:00:00,0.091403686,-0.0073450115,4347273.775744883,-456916.88569019584,0.0
4782,222.4752,46.833336,-6.0,2024-07-29 18:00:00,0.08082482,-0.011699251,4347273.775744883,-456916.88569019584,0.0
4962,266.0403,46.833336,-6.0,2024-07-29 18:00:00,0.0757016,-0.011081178,4347273.775744883,-456916.88569019584,0.0
5142,318.1274,46.833336,-6.0,2024-07-29 18:00:00,0.06526147,-0.007719963,4347273.775744883,-456916.88569019584,0.0
5322,380.213,46.833336,-6.0,2024-07-29 18:00:00,0.053355146,-0.009486472,4347273.775744883,-456916.88569019584,0.0
5502,453.9377,46.833336,-6.0,2024-07-29 18:00:00,0.035192907,-0.009267201,4347273.775744883,-456916.88569019584,0.0
5682,541.0889,46.833336,-6.0,2024-07-29 18:00:00,0.02785114,-0.00608686,4347273.775744883,-456916.88569019584,0.0
5862,643.5668,46.833336,-6.0,2024-07-29 18:00:00,0.027807325,0.026124675,4347273.775744883,-456916.88569019584,0.0
6042,763.3331,46.833336,-6.0,2024-07-29 18:00:00,0.040181797,0.039288435,4347273.775744883,-456916.88569019584,0.0
6222,902.3393,46.833336,-6.0,2024-07-29 18:00:00,0.028065551,0.06465271,4347273.775744883,-456916.88569019584,0.0
111,0.494025,46.91667,-6.25,2024-07-29 18:00:00,0.082861885,-0.054740977,4338517.220887722,-475144.9119816816,0.0
291,1.541375,46.91667,-6.25,2024-07-29 18:00:00,0.08496178,-0.049725275,4338517.220887722,-475144.9119816816,0.0
471,2.645669,46.91667,-6.25,2024-07-29 18:00:00,0.08733902,-0.045171477,4338517.220887722,-475144.9119816816,0.0
651,3.819495,46.91667,-6.25,2024-07-29 18:00:00,0.09050541,-0.04060805,4338517.220887722,-475144.9119816816,0.0
831,5.078224,46.91667,-6.25,2024-07-29 18:00:00,0.102183595,-0.029801508,4338517.220887722,-475144.9119816816,0.0
1011,6.440614,46.91667,-6.25,2024-07-29 18:00:00,0.13752982,-0.020504853,4338517.220887722,-475144.9119816816,0.0
1191,7.92956,46.91667,-6.25,2024-07-29 18:00:00,0.17094453,-0.046065547,4338517.220887722,-475144.9119816816,0.0
1371,9.572997,46.91667,-6.25,2024-07-29 18:00:00,0.16587082,-0.074120015,4338517.220887722,-475144.9119816816,0.0
1551,11.405,46.91667,-6.25,2024-07-29 18:00:00,0.15181156,-0.06319221,4338517.220887722,-475144.9119816816,0.0
1731,13.46714,46.91667,-6.25,2024-07-29 18:00:00,0.15109292,-0.03032343,4338517.220887722,-475144.9119816816,0.0
1911,15.81007,46.91667,-6.25,2024-07-29 18:00:00,0.16106524,-0.016363142,4338517.220887722,-475144.9119816816,0.0
2091,18.49556,46.91667,-6.25,2024-07-29 18:00:00,0.16464683,-0.011942904,4338517.220887722,-475144.9119816816,0.0
2271,21.59882,46.91667,-6.25,2024-07-29 18:00:00,0.16112676,-0.013995228,4338517.220887722,-475144.9119816816,0.0
2451,25.21141,46.91667,-6.25,2024-07-29 18:00:00,0.15110171,-0.022915576,4338517.220887722,-475144.9119816816,0.0
2631,29.44473,46.91667,-6.25,2024-07-29 18:00:00,0.13473682,-0.03677402,4338517.220887722,-475144.9119816816,0.0
2811,34.43415,46.91667,-6.25,2024-07-29 18:00:00,0.108070545,-0.04636273,4338517.220887722,-475144.9119816816,0.0
2991,40.34405,46.91667,-6.25,2024-07-29 18:00:00,0.081356466,-0.041792043,4338517.220887722,-475144.9119816816,0.0
3171,47.37369,46.91667,-6.25,2024-07-29 18:00:00,0.06618291,-0.016820256,4338517.220887722,-475144.9119816816,0.0
3351,55.76429,46.91667,-6.25,2024-07-29 18:00:00,0.073919386,0.013597725,4338517.220887722,-475144.9119816816,0.0
3531,65.80727,46.91667,-6.25,2024-07-29 18:00:00,0.09452451,0.025992662,4338517.220887722,-475144.9119816816,0.0
3711,77.85385,46.91667,-6.25,2024-07-29 18:00:00,0.104855634,0.025017649,4338517.220887722,-475144.9119816816,0.0
3891,92.32607,46.91667,-6.25,2024-07-29 18:00:00,0.103940755,0.020732757,4338517.220887722,-475144.9119816816,0.0
4071,109.7293,46.91667,-6.25,2024-07-29 18:00:00,0.09747791,0.015113118,4338517.220887722,-475144.9119816816,0.0
4251,130.666,46.91667,-6.25,2024-07-29 18:00:00,0.09063259,0.009415678,4338517.220887722,-475144.9119816816,0.0
4431,155.8507,46.91667,-6.25,2024-07-29 18:00:00,0.084601715,0.012278386,4338517.220887722,-475144.9119816816,0.0
4611,186.1256,46.91667,-6.25,2024-07-29 18:00:00,0.07395633,0.013643009,4338517.220887722,-475144.9119816816,0.0
4791,222.4752,46.91667,-6.25,2024-07-29 18:00:00,0.05977181,0.018105708,4338517.220887722,-475144.9119816816,0.0
4971,266.0403,46.91667,-6.25,2024-07-29 18:00:00,0.052629627,0.021012302,4338517.220887722,-475144.9119816816,0.0
5151,318.1274,46.91667,-6.25,2024-07-29 18:00:00,0.04934624,0.023396727,4338517.220887722,-475144.9119816816,0.0
5331,380.213,46.91667,-6.25,2024-07-29 18:00:00,0.05008811,0.034157228,4338517.220887722,-475144.9119816816,0.0
5511,453.9377,46.91667,-6.25,2024-07-29 18:00:00,0.056049682,0.041223906,4338517.220887722,-475144.9119816816,0.0
5691,541.0889,46.91667,-6.25,2024-07-29 18:00:00,0.04965504,0.04724717,4338517.220887722,-475144.9119816816,0.0
5871,643.5668,46.91667,-6.25,2024-07-29 18:00:00,0.031722147,0.04410497,4338517.220887722,-475144.9119816816,0.0
6051,763.3331,46.91667,-6.25,2024-07-29 18:00:00,0.032017056,0.057527844,4338517.220887722,-475144.9119816816,0.0
6231,902.3393,46.91667,-6.25,2024-07-29 18:00:00,0.031965215,0.09279019,4338517.220887722,-475144.9119816816,0.0
120,0.494025,46.91667,-6.1666565,2024-07-29 18:00:00,0.070293024,-0.039576378,4339203.78529813,-468833.52373287774,0.0
300,1.541375,46.91667,-6.1666565,2024-07-29 18:00:00,0.072246164,-0.034409832,4339203.78529813,-468833.52373287774,0.0
480,2.645669,46.91667,-6.1666565,2024-07-29 18:00:00,0.07452432,-0.029707156,4339203.78529813,-468833.52373287774,0.0
660,3.819495,46.91667,-6.1666565,2024-07-29 18:00:00,0.077910334,-0.024593014,4339203.78529813,-468833.52373287774,0.0
840,5.078224,46.91667,-6.1666565,2024-07-29 18:00:00,0.09368791,-0.01023709,4339203.78529813,-468833.52373287774,0.0
1020,6.440614,46.91667,-6.1666565,2024-07-29 18:00:00,0.13082998,-0.0073272875,4339203.78529813,-468833.52373287774,0.0
1200,7.92956,46.91667,-6.1666565,2024-07-29 18:00:00,0.16021946,-0.039060947,4339203.78529813,-468833.52373287774,0.0
1380,9.572997,46.91667,-6.1666565,2024-07-29 18:00:00,0.1527163,-0.06357086,4339203.78529813,-468833.52373287774,0.0
1560,11.405,46.91667,-6.1666565,2024-07-29 18:00:00,0.13747248,-0.053378116,4339203.78529813,-468833.52373287774,0.0
1740,13.46714,46.91667,-6.1666565,2024-07-29 18:00:00,0.13688643,-0.017574718,4339203.78529813,-468833.52373287774,0.0
1920,15.81007,46.91667,-6.1666565,2024-07-29 18:00:00,0.15071094,-0.0009497246,4339203.78529813,-468833.52373287774,0.0
2100,18.49556,46.91667,-6.1666565,2024-07-29 18:00:00,0.15486139,0.0035655256,4339203.78529813,-468833.52373287774,0.0
2280,21.59882,46.91667,-6.1666565,2024-07-29 18:00:00,0.1526916,-0.0028121565,4339203.78529813,-468833.52373287774,0.0
2460,25.21141,46.91667,-6.1666565,2024-07-29 18:00:00,0.14454618,-0.020057129,4339203.78529813,-468833.52373287774,0.0
2640,29.44473,46.91667,-6.1666565,2024-07-29 18:00:00,0.12721276,-0.044337317,4339203.78529813,-468833.52373287774,0.0
2820,34.43415,46.91667,-6.1666565,2024-07-29 18:00:00,0.0932784,-0.06179239,4339203.78529813,-468833.52373287774,0.0
3000,40.34405,46.91667,-6.1666565,2024-07-29 18:00:00,0.05291031,-0.054270573,4339203.78529813,-468833.52373287774,0.0
3180,47.37369,46.91667,-6.1666565,2024-07-29 18:00:00,0.02578986,-0.0150437625,4339203.78529813,-468833.52373287774,0.0
3360,55.76429,46.91667,-6.1666565,2024-07-29 18:00:00,0.031529978,0.030609913,4339203.78529813,-468833.52373287774,0.0
3540,65.80727,46.91667,-6.1666565,2024-07-29 18:00:00,0.06310937,0.045646176,4339203.78529813,-468833.52373287774,0.0
3720,77.85385,46.91667,-6.1666565,2024-07-29 18:00:00,0.08386104,0.03711759,4339203.78529813,-468833.52373287774,0.0
3900,92.32607,46.91667,-6.1666565,2024-07-29 18:00:00,0.085253686,0.025297265,4339203.78529813,-468833.52373287774,0.0
4080,109.7293,46.91667,-6.1666565,2024-07-29 18:00:00,0.08076566,0.015719336,4339203.78529813,-468833.52373287774,0.0
4260,130.666,46.91667,-6.1666565,2024-07-29 18:00:00,0.07578598,0.010333032,4339203.78529813,-468833.52373287774,0.0
4440,155.8507,46.91667,-6.1666565,2024-07-29 18:00:00,0.06986309,0.010460775,4339203.78529813,-468833.52373287774,0.0
4620,186.1256,46.91667,-6.1666565,2024-07-29 18:00:00,0.061154332,0.013706777,4339203.78529813,-468833.52373287774,0.0
4800,222.4752,46.91667,-6.1666565,2024-07-29 18:00:00,0.04940237,0.012743852,4339203.78529813,-468833.52373287774,0.0
4980,266.0403,46.91667,-6.1666565,2024-07-29 18:00:00,0.04528341,0.019280165,4339203.78529813,-468833.52373287774,0.0
5160,318.1274,46.91667,-6.1666565,2024-07-29 18:00:00,0.041743793,0.021729149,4339203.78529813,-468833.52373287774,0.0
5340,380.213,46.91667,-6.1666565,2024-07-29 18:00:00,0.04057981,0.024574459,4339203.78529813,-468833.52373287774,0.0
5520,453.9377,46.91667,-6.1666565,2024-07-29 18:00:00,0.039710216,0.044515196,4339203.78529813,-468833.52373287774,0.0
5700,541.0889,46.91667,-6.1666565,2024-07-29 18:00:00,0.03560052,0.047578126,4339203.78529813,-468833.52373287774,0.0
5880,643.5668,46.91667,-6.1666565,2024-07-29 18:00:00,0.034004703,0.058150604,4339203.78529813,-468833.52373287774,0.0
6060,763.3331,46.91667,-6.1666565,2024-07-29 18:00:00,0.03655578,0.07492222,4339203.78529813,-468833.52373287774,0.0
6240,902.3393,46.91667,-6.1666565,2024-07-29 18:00:00,0.023261316,0.1028621,4339203.78529813,-468833.52373287774,0.0
129,0.494025,46.91667,-6.0833282,2024-07-29 18:00:00,0.0554733,-0.034049295,4339881.045145775,-462522.2992525033,0.0
309,1.541375,46.91667,-6.0833282,2024-07-29 18:00:00,0.05733205,-0.028805267,4339881.045145775,-462522.2992525033,0.0
489,2.645669,46.91667,-6.0833282,2024-07-29 18:00:00,0.05953772,-0.02401377,4339881.045145775,-462522.2992525033,0.0
669,3.819495,46.91667,-6.0833282,2024-07-29 18:00:00,0.06292575,-0.01845947,4339881.045145775,-462522.2992525033,0.0
849,5.078224,46.91667,-6.0833282,2024-07-29 18:00:00,0.07977781,-0.002404677,4339881.045145775,-462522.2992525033,0.0
1029,6.440614,46.91667,-6.0833282,2024-07-29 18:00:00,0.119023815,-0.0023802784,4339881.045145775,-462522.2992525033,0.0
1209,7.92956,46.91667,-6.0833282,2024-07-29 18:00:00,0.1453732,-0.03935712,4339881.045145775,-462522.2992525033,0.0
1389,9.572997,46.91667,-6.0833282,2024-07-29 18:00:00,0.13496488,-0.0580956,4339881.045145775,-462522.2992525033,0.0
1569,11.405,46.91667,-6.0833282,2024-07-29 18:00:00,0.11888887,-0.04173786,4339881.045145775,-462522.2992525033,0.0
1749,13.46714,46.91667,-6.0833282,2024-07-29 18:00:00,0.11936801,-0.002756903,4339881.045145775,-462522.2992525033,0.0
1929,15.81007,46.91667,-6.0833282,2024-07-29 18:00:00,0.13539623,0.015139199,4339881.045145775,-462522.2992525033,0.0
2109,18.49556,46.91667,-6.0833282,2024-07-29 18:00:00,0.1408627,0.017365579,4339881.045145775,-462522.2992525033,0.0
2289,21.59882,46.91667,-6.0833282,2024-07-29 18:00:00,0.14229442,0.007518477,4339881.045145775,-462522.2992525033,0.0
2469,25.21141,46.91667,-6.0833282,2024-07-29 18:00:00,0.14074323,-0.014845245,4339881.045145775,-462522.2992525033,0.0
2649,29.44473,46.91667,-6.0833282,2024-07-29 18:00:00,0.12993452,-0.047210366,4339881.045145775,-462522.2992525033,0.0
2829,34.43415,46.91667,-6.0833282,2024-07-29 18:00:00,0.097396344,-0.07447519,4339881.045145775,-462522.2992525033,0.0
3009,40.34405,46.91667,-6.0833282,2024-07-29 18:00:00,0.047952462,-0.07107004,4339881.045145775,-462522.2992525033,0.0
3189,47.37369,46.91667,-6.0833282,2024-07-29 18:00:00,0.00804295,-0.027628368,4339881.045145775,-462522.2992525033,0.0
3369,55.76429,46.91667,-6.0833282,2024-07-29 18:00:00,0.0069210827,0.024133831,4339881.045145775,-462522.2992525033,0.0
3549,65.80727,46.91667,-6.0833282,2024-07-29 18:00:00,0.04122243,0.04612779,4339881.045145775,-462522.2992525033,0.0
3729,77.85385,46.91667,-6.0833282,2024-07-29 18:00:00,0.06765344,0.039003752,4339881.045145775,-462522.2992525033,0.0
3909,92.32607,46.91667,-6.0833282,2024-07-29 18:00:00,0.07537076,0.025184648,4339881.045145775,-462522.2992525033,0.0
4089,109.7293,46.91667,-6.0833282,2024-07-29 18:00:00,0.07314225,0.018677132,4339881.045145775,-462522.2992525033,0.0
4269,130.666,46.91667,-6.0833282,2024-07-29 18:00:00,0.067554094,0.013966825,4339881.045145775,-462522.2992525033,0.0
4449,155.8507,46.91667,-6.0833282,2024-07-29 18:00:00,0.06016535,0.00782865,4339881.045145775,-462522.2992525033,0.0
4629,186.1256,46.91667,-6.0833282,2024-07-29 18:00:00,0.055800278,0.0032547733,4339881.045145775,-462522.2992525033,0.0
4809,222.4752,46.91667,-6.0833282,2024-07-29 18:00:00,0.048037317,-0.0006386591,4339881.045145775,-462522.2992525033,0.0
4989,266.0403,46.91667,-6.0833282,2024-07-29 18:00:00,0.042824917,0.0041002408,4339881.045145775,-462522.2992525033,0.0
5169,318.1274,46.91667,-6.0833282,2024-07-29 18:00:00,0.045711484,0.008156139,4339881.045145775,-462522.2992525033,0.0
5349,380.213,46.91667,-6.0833282,2024-07-29 18:00:00,0.04246965,0.0007733104,4339881.045145775,-462522.2992525033,0.0
5529,453.9377,46.91667,-6.0833282,2024-07-29 18:00:00,0.04324338,0.019561553,4339881.045145775,-462522.2992525033,0.0
5709,541.0889,46.91667,-6.0833282,2024-07-29 18:00:00,0.039161716,0.027848318,4339881.045145775,-462522.2992525033,0.0
5889,643.5668,46.91667,-6.0833282,2024-07-29 18:00:00,0.031277437,0.048970554,4339881.045145775,-462522.2992525033,0.0
6069,763.3331,46.91667,-6.0833282,2024-07-29 18:00:00,0.028753221,0.09407563,4339881.045145775,-462522.2992525033,0.0
6249,902.3393,46.91667,-6.0833282,2024-07-29 18:00:00,0.0096792905,0.11157932,4339881.045145775,-462522.2992525033,0.0
138,0.494025,46.91667,-6.0,2024-07-29 18:00:00,0.04357854,-0.051891077,4340549.125536747,-456210.0964726406,0.0
318,1.541375,46.91667,-6.0,2024-07-29 18:00:00,0.045401845,-0.046708316,4340549.125536747,-456210.0964726406,0.0
498,2.645669,46.91667,-6.0,2024-07-29 18:00:00,0.04755911,-0.042007834,4340549.125536747,-456210.0964726406,0.0
678,3.819495,46.91667,-6.0,2024-07-29 18:00:00,0.05066589,-0.037064034,4340549.125536747,-456210.0964726406,0.0
858,5.078224,46.91667,-6.0,2024-07-29 18:00:00,0.06478883,-0.022493739,4340549.125536747,-456210.0964726406,0.0
1038,6.440614,46.91667,-6.0,2024-07-29 18:00:00,0.10599869,-0.01693386,4340549.125536747,-456210.0964726406,0.0
1218,7.92956,46.91667,-6.0,2024-07-29 18:00:00,0.13217144,-0.054258894,4340549.125536747,-456210.0964726406,0.0
1398,9.572997,46.91667,-6.0,2024-07-29 18:00:00,0.120012596,-0.06958708,4340549.125536747,-456210.0964726406,0.0
1578,11.405,46.91667,-6.0,2024-07-29 18:00:00,0.104897484,-0.05228238,4340549.125536747,-456210.0964726406,0.0
1758,13.46714,46.91667,-6.0,2024-07-29 18:00:00,0.10349355,-0.014377452,4340549.125536747,-456210.0964726406,0.0
1938,15.81007,46.91667,-6.0,2024-07-29 18:00:00,0.11744244,0.008861033,4340549.125536747,-456210.0964726406,0.0
2118,18.49556,46.91667,-6.0,2024-07-29 18:00:00,0.12390398,0.014096373,4340549.125536747,-456210.0964726406,0.0
2298,21.59882,46.91667,-6.0,2024-07-29 18:00:00,0.12871414,0.008996972,4340549.125536747,-456210.0964726406,0.0
2478,25.21141,46.91667,-6.0,2024-07-29 18:00:00,0.13327836,-0.006643822,4340549.125536747,-456210.0964726406,0.0
2658,29.44473,46.91667,-6.0,2024-07-29 18:00:00,0.13126314,-0.034489438,4340549.125536747,-456210.0964726406,0.0
2838,34.43415,46.91667,-6.0,2024-07-29 18:00:00,0.1083484,-0.06481131,4340549.125536747,-456210.0964726406,0.0
3018,40.34405,46.91667,-6.0,2024-07-29 18:00:00,0.06285726,-0.07302653,4340549.125536747,-456210.0964726406,0.0
3198,47.37369,46.91667,-6.0,2024-07-29 18:00:00,0.019786842,-0.041469797,4340549.125536747,-456210.0964726406,0.0
3378,55.76429,46.91667,-6.0,2024-07-29 18:00:00,0.01203946,0.005965536,4340549.125536747,-456210.0964726406,0.0
3558,65.80727,46.91667,-6.0,2024-07-29 18:00:00,0.035954982,0.03658427,4340549.125536747,-456210.0964726406,0.0
3738,77.85385,46.91667,-6.0,2024-07-29 18:00:00,0.05900412,0.032226417,4340549.125536747,-456210.0964726406,0.0
3918,92.32607,46.91667,-6.0,2024-07-29 18:00:00,0.067208774,0.018792968,4340549.125536747,-456210.0964726406,0.0
4098,109.7293,46.91667,-6.0,2024-07-29 18:00:00,0.06561094,0.009333767,4340549.125536747,-456210.0964726406,0.0
4278,130.666,46.91667,-6.0,2024-07-29 18:00:00,0.0619165,0.007659634,4340549.125536747,-456210.0964726406,0.0
4458,155.8507,46.91667,-6.0,2024-07-29 18:00:00,0.05825615,0.00262157,4340549.125536747,-456210.0964726406,0.0
4638,186.1256,46.91667,-6.0,2024-07-29 18:00:00,0.054307435,0.0041092457,4340549.125536747,-456210.0964726406,0.0
4818,222.4752,46.91667,-6.0,2024-07-29 18:00:00,0.049078606,0.0016717631,4340549.125536747,-456210.0964726406,0.0
4998,266.0403,46.91667,-6.0,2024-07-29 18:00:00,0.0482011,-0.0013991763,4340549.125536747,-456210.0964726406,0.0
5178,318.1274,46.91667,-6.0,2024-07-29 18:00:00,0.053034604,-0.016836017,4340549.125536747,-456210.0964726406,0.0
5358,380.213,46.91667,-6.0,2024-07-29 18:00:00,0.059040353,-0.036978707,4340549.125536747,-456210.0964726406,0.0
5538,453.9377,46.91667,-6.0,2024-07-29 18:00:00,0.051621567,-0.03815466,4340549.125536747,-456210.0964726406,0.0
5718,541.0889,46.91667,-6.0,2024-07-29 18:00:00,0.048071526,-0.036573052,4340549.125536747,-456210.0964726406,0.0
5898,643.5668,46.91667,-6.0,2024-07-29 18:00:00,0.030379895,0.028411828,4340549.125536747,-456210.0964726406,0.0
6078,763.3331,46.91667,-6.0,2024-07-29 18:00:00,0.0068114647,0.06067827,4340549.125536747,-456210.0964726406,0.0
6258,902.3393,46.91667,-6.0,2024-07-29 18:00:00,-0.00547779,0.1139999,4340549.125536747,-456210.0964726406,0.0
147,0.494025,47.0,-6.25,2024-07-29 18:00:00,0.06638504,-0.036800563,4331787.087405169,-474407.8424903363,0.0
327,1.541375,47.0,-6.25,2024-07-29 18:00:00,0.06856694,-0.031948935,4331787.087405169,-474407.8424903363,0.0
507,2.645669,47.0,-6.25,2024-07-29 18:00:00,0.07103902,-0.027593078,4331787.087405169,-474407.8424903363,0.0
687,3.819495,47.0,-6.25,2024-07-29 18:00:00,0.07417085,-0.023443438,4331787.087405169,-474407.8424903363,0.0
867,5.078224,47.0,-6.25,2024-07-29 18:00:00,0.08373637,-0.015121085,4331787.087405169,-474407.8424903363,0.0
1047,6.440614,47.0,-6.25,2024-07-29 18:00:00,0.12017483,-0.004126619,4331787.087405169,-474407.8424903363,0.0
1227,7.92956,47.0,-6.25,2024-07-29 18:00:00,0.1557741,-0.030520251,4331787.087405169,-474407.8424903363,0.0
1407,9.572997,47.0,-6.25,2024-07-29 18:00:00,0.14886324,-0.058087192,4331787.087405169,-474407.8424903363,0.0
1587,11.405,47.0,-6.25,2024-07-29 18:00:00,0.13375735,-0.051151305,4331787.087405169,-474407.8424903363,0.0
1767,13.46714,47.0,-6.25,2024-07-29 18:00:00,0.1378326,-0.013150038,4331787.087405169,-474407.8424903363,0.0
1947,15.81007,47.0,-6.25,2024-07-29 18:00:00,0.14492391,0.011171521,4331787.087405169,-474407.8424903363,0.0
2127,18.49556,47.0,-6.25,2024-07-29 18:00:00,0.14781487,0.01802559,4331787.087405169,-474407.8424903363,0.0
2307,21.59882,47.0,-6.25,2024-07-29 18:00:00,0.1497066,0.016653456,4331787.087405169,-474407.8424903363,0.0
2487,25.21141,47.0,-6.25,2024-07-29 18:00:00,0.15159726,0.010054561,4331787.087405169,-474407.8424903363,0.0
2667,29.44473,47.0,-6.25,2024-07-29 18:00:00,0.15328863,-0.0018746671,4331787.087405169,-474407.8424903363,0.0
2847,34.43415,47.0,-6.25,2024-07-29 18:00:00,0.15535705,-0.012083971,4331787.087405169,-474407.8424903363,0.0
3027,40.34405,47.0,-6.25,2024-07-29 18:00:00,0.15429743,-0.011434376,4331787.087405169,-474407.8424903363,0.0
3207,47.37369,47.0,-6.25,2024-07-29 18:00:00,0.14787705,0.006139799,4331787.087405169,-474407.8424903363,0.0
3387,55.76429,47.0,-6.25,2024-07-29 18:00:00,0.14421707,0.035164975,4331787.087405169,-474407.8424903363,0.0
3567,65.80727,47.0,-6.25,2024-07-29 18:00:00,0.1496398,0.05740922,4331787.087405169,-474407.8424903363,0.0
3747,77.85385,47.0,-6.25,2024-07-29 18:00:00,0.15875988,0.068172365,4331787.087405169,-474407.8424903363,0.0
3927,92.32607,47.0,-6.25,2024-07-29 18:00:00,0.16079123,0.06506362,4331787.087405169,-474407.8424903363,0.0
4107,109.7293,47.0,-6.25,2024-07-29 18:00:00,0.15134619,0.055128135,4331787.087405169,-474407.8424903363,0.0
4287,130.666,47.0,-6.25,2024-07-29 18:00:00,0.1380914,0.039334826,4331787.087405169,-474407.8424903363,0.0
4467,155.8507,47.0,-6.25,2024-07-29 18:00:00,0.12664811,0.040453672,4331787.087405169,-474407.8424903363,0.0
4647,186.1256,47.0,-6.25,2024-07-29 18:00:00,0.11714813,0.042697325,4331787.087405169,-474407.8424903363,0.0
4827,222.4752,47.0,-6.25,2024-07-29 18:00:00,0.10273138,0.045979984,4331787.087405169,-474407.8424903363,0.0
5007,266.0403,47.0,-6.25,2024-07-29 18:00:00,0.09119846,0.04638193,4331787.087405169,-474407.8424903363,0.0
5187,318.1274,47.0,-6.25,2024-07-29 18:00:00,0.080842525,0.051329732,4331787.087405169,-474407.8424903363,0.0
5367,380.213,47.0,-6.25,2024-07-29 18:00:00,0.064049676,0.049980912,4331787.087405169,-474407.8424903363,0.0
5547,453.9377,47.0,-6.25,2024-07-29 18:00:00,0.05605105,0.06205755,4331787.087405169,-474407.8424903363,0.0
5727,541.0889,47.0,-6.25,2024-07-29 18:00:00,0.054548845,0.052669354,4331787.087405169,-474407.8424903363,0.0
5907,643.5668,47.0,-6.25,2024-07-29 18:00:00,0.032151587,0.043598205,4331787.087405169,-474407.8424903363,0.0
6087,763.3331,47.0,-6.25,2024-07-29 18:00:00,0.013012124,0.07989623,4331787.087405169,-474407.8424903363,0.0
6267,902.3393,47.0,-6.25,2024-07-29 18:00:00,-0.023401998,0.08946485,4331787.087405169,-474407.8424903363,0.0
156,0.494025,47.0,-6.1666565,2024-07-29 18:00:00,0.05654224,-0.031635012,4332472.586781167,-468106.2447951276,0.0
336,1.541375,47.0,-6.1666565,2024-07-29 18:00:00,0.058677793,-0.026681237,4332472.586781167,-468106.2447951276,0.0
516,2.645669,47.0,-6.1666565,2024-07-29 18:00:00,0.061155085,-0.022228716,4332472.586781167,-468106.2447951276,0.0
696,3.819495,47.0,-6.1666565,2024-07-29 18:00:00,0.06454072,-0.017694008,4332472.586781167,-468106.2447951276,0.0
876,5.078224,47.0,-6.1666565,2024-07-29 18:00:00,0.07868432,-0.005389435,4332472.586781167,-468106.2447951276,0.0
1056,6.440614,47.0,-6.1666565,2024-07-29 18:00:00,0.11997677,-0.0004169643,4332472.586781167,-468106.2447951276,0.0
1236,7.92956,47.0,-6.1666565,2024-07-29 18:00:00,0.14776304,-0.038885895,4332472.586781167,-468106.2447951276,0.0
1416,9.572997,47.0,-6.1666565,2024-07-29 18:00:00,0.13342506,-0.055846907,4332472.586781167,-468106.2447951276,0.0
1596,11.405,47.0,-6.1666565,2024-07-29 18:00:00,0.117408045,-0.04260457,4332472.586781167,-468106.2447951276,0.0
1776,13.46714,47.0,-6.1666565,2024-07-29 18:00:00,0.12552248,-0.0057713254,4332472.586781167,-468106.2447951276,0.0
1956,15.81007,47.0,-6.1666565,2024-07-29 18:00:00,0.13424738,0.013731828,4332472.586781167,-468106.2447951276,0.0
2136,18.49556,47.0,-6.1666565,2024-07-29 18:00:00,0.13781516,0.019053563,4332472.586781167,-468106.2447951276,0.0
2316,21.59882,47.0,-6.1666565,2024-07-29 18:00:00,0.14072232,0.017418727,4332472.586781167,-468106.2447951276,0.0
2496,25.21141,47.0,-6.1666565,2024-07-29 18:00:00,0.1435485,0.009591962,4332472.586781167,-468106.2447951276,0.0
2676,29.44473,47.0,-6.1666565,2024-07-29 18:00:00,0.14477362,-0.0035189535,4332472.586781167,-468106.2447951276,0.0
2856,34.43415,47.0,-6.1666565,2024-07-29 18:00:00,0.14132409,-0.0111627765,4332472.586781167,-468106.2447951276,0.0
3036,40.34405,47.0,-6.1666565,2024-07-29 18:00:00,0.12940665,-0.0023971563,4332472.586781167,-468106.2447951276,0.0
3216,47.37369,47.0,-6.1666565,2024-07-29 18:00:00,0.11274557,0.024787487,4332472.586781167,-468106.2447951276,0.0
3396,55.76429,47.0,-6.1666565,2024-07-29 18:00:00,0.1053807,0.057323594,4332472.586781167,-468106.2447951276,0.0
3576,65.80727,47.0,-6.1666565,2024-07-29 18:00:00,0.114622146,0.07543851,4332472.586781167,-468106.2447951276,0.0
3756,77.85385,47.0,-6.1666565,2024-07-29 18:00:00,0.12414206,0.08157421,4332472.586781167,-468106.2447951276,0.0
3936,92.32607,47.0,-6.1666565,2024-07-29 18:00:00,0.12798223,0.07568548,4332472.586781167,-468106.2447951276,0.0
4116,109.7293,47.0,-6.1666565,2024-07-29 18:00:00,0.122504674,0.06525476,4332472.586781167,-468106.2447951276,0.0
4296,130.666,47.0,-6.1666565,2024-07-29 18:00:00,0.115217954,0.047860265,4332472.586781167,-468106.2447951276,0.0
4476,155.8507,47.0,-6.1666565,2024-07-29 18:00:00,0.1062935,0.04139766,4332472.586781167,-468106.2447951276,0.0
4656,186.1256,47.0,-6.1666565,2024-07-29 18:00:00,0.10004388,0.0405566,4332472.586781167,-468106.2447951276,0.0
4836,222.4752,47.0,-6.1666565,2024-07-29 18:00:00,0.094978064,0.03785033,4332472.586781167,-468106.2447951276,0.0
5016,266.0403,47.0,-6.1666565,2024-07-29 18:00:00,0.091248386,0.034756124,4332472.586781167,-468106.2447951276,0.0
5196,318.1274,47.0,-6.1666565,2024-07-29 18:00:00,0.08213738,0.03696306,4332472.586781167,-468106.2447951276,0.0
5376,380.213,47.0,-6.1666565,2024-07-29 18:00:00,0.059366636,0.042276718,4332472.586781167,-468106.2447951276,0.0
5556,453.9377,47.0,-6.1666565,2024-07-29 18:00:00,0.056091297,0.04148453,4332472.586781167,-468106.2447951276,0.0
5736,541.0889,47.0,-6.1666565,2024-07-29 18:00:00,0.054641753,0.058359575,4332472.586781167,-468106.2447951276,0.0
5916,643.5668,47.0,-6.1666565,2024-07-29 18:00:00,0.016201304,0.075562246,4332472.586781167,-468106.2447951276,0.0
6096,763.3331,47.0,-6.1666565,2024-07-29 18:00:00,-0.0020721941,0.091144055,4332472.586781167,-468106.2447951276,0.0
6276,902.3393,47.0,-6.1666565,2024-07-29 18:00:00,-0.03405946,0.11228498,4332472.586781167,-468106.2447951276,0.0
165,0.494025,47.0,-6.0833282,2024-07-29 18:00:00,0.053311378,-0.03892923,4333148.796028124,-461804.81061430223,0.0
345,1.541375,47.0,-6.0833282,2024-07-29 18:00:00,0.055368733,-0.033909515,4333148.796028124,-461804.81061430223,0.0
525,2.645669,47.0,-6.0833282,2024-07-29 18:00:00,0.057785667,-0.02939019,4333148.796028124,-461804.81061430223,0.0
705,3.819495,47.0,-6.0833282,2024-07-29 18:00:00,0.061162636,-0.024688013,4333148.796028124,-461804.81061430223,0.0
885,5.078224,47.0,-6.0833282,2024-07-29 18:00:00,0.07626995,-0.012190435,4333148.796028124,-461804.81061430223,0.0
1065,6.440614,47.0,-6.0833282,2024-07-29 18:00:00,0.118925534,-0.007774665,4333148.796028124,-461804.81061430223,0.0
1245,7.92956,47.0,-6.0833282,2024-07-29 18:00:00,0.1436988,-0.04983452,4333148.796028124,-461804.81061430223,0.0
1425,9.572997,47.0,-6.0833282,2024-07-29 18:00:00,0.12770437,-0.059811182,4333148.796028124,-461804.81061430223,0.0
1605,11.405,47.0,-6.0833282,2024-07-29 18:00:00,0.11065436,-0.039932236,4333148.796028124,-461804.81061430223,0.0
1785,13.46714,47.0,-6.0833282,2024-07-29 18:00:00,0.118277796,-0.0044734357,4333148.796028124,-461804.81061430223,0.0
1965,15.81007,47.0,-6.0833282,2024-07-29 18:00:00,0.12624982,0.011875947,4333148.796028124,-461804.81061430223,0.0
2145,18.49556,47.0,-6.0833282,2024-07-29 18:00:00,0.12954247,0.018019654,4333148.796028124,-461804.81061430223,0.0
2325,21.59882,47.0,-6.0833282,2024-07-29 18:00:00,0.1325967,0.018937951,4333148.796028124,-461804.81061430223,0.0
2505,25.21141,47.0,-6.0833282,2024-07-29 18:00:00,0.1364172,0.012765919,4333148.796028124,-461804.81061430223,0.0
2685,29.44473,47.0,-6.0833282,2024-07-29 18:00:00,0.13832092,-0.00030136947,4333148.796028124,-461804.81061430223,0.0
2865,34.43415,47.0,-6.0833282,2024-07-29 18:00:00,0.13038273,-0.010851473,4333148.796028124,-461804.81061430223,0.0
3045,40.34405,47.0,-6.0833282,2024-07-29 18:00:00,0.1093324,-0.010253729,4333148.796028124,-461804.81061430223,0.0
3225,47.37369,47.0,-6.0833282,2024-07-29 18:00:00,0.085887805,0.0050029517,4333148.796028124,-461804.81061430223,0.0
3405,55.76429,47.0,-6.0833282,2024-07-29 18:00:00,0.077908255,0.02647513,4333148.796028124,-461804.81061430223,0.0
3585,65.80727,47.0,-6.0833282,2024-07-29 18:00:00,0.08872993,0.04361385,4333148.796028124,-461804.81061430223,0.0
3765,77.85385,47.0,-6.0833282,2024-07-29 18:00:00,0.09540182,0.05134899,4333148.796028124,-461804.81061430223,0.0
3945,92.32607,47.0,-6.0833282,2024-07-29 18:00:00,0.096679166,0.05089589,4333148.796028124,-461804.81061430223,0.0
4125,109.7293,47.0,-6.0833282,2024-07-29 18:00:00,0.09429415,0.04479898,4333148.796028124,-461804.81061430223,0.0
4305,130.666,47.0,-6.0833282,2024-07-29 18:00:00,0.09166653,0.03984416,4333148.796028124,-461804.81061430223,0.0
4485,155.8507,47.0,-6.0833282,2024-07-29 18:00:00,0.08757568,0.035657983,4333148.796028124,-461804.81061430223,0.0
4665,186.1256,47.0,-6.0833282,2024-07-29 18:00:00,0.0800795,0.029291842,4333148.796028124,-461804.81061430223,0.0
4845,222.4752,47.0,-6.0833282,2024-07-29 18:00:00,0.078356676,0.022742277,4333148.796028124,-461804.81061430223,0.0
5025,266.0403,47.0,-6.0833282,2024-07-29 18:00:00,0.088567585,0.014127422,4333148.796028124,-461804.81061430223,0.0
5205,318.1274,47.0,-6.0833282,2024-07-29 18:00:00,0.08676025,0.0072754906,4333148.796028124,-461804.81061430223,0.0
5385,380.213,47.0,-6.0833282,2024-07-29 18:00:00,0.061885934,0.0035356192,4333148.796028124,-461804.81061430223,0.0
5565,453.9377,47.0,-6.0833282,2024-07-29 18:00:00,0.05199102,0.013060446,4333148.796028124,-461804.81061430223,0.0
5745,541.0889,47.0,-6.0833282,2024-07-29 18:00:00,0.060503412,0.026684484,4333148.796028124,-461804.81061430223,0.0
5925,643.5668,47.0,-6.0833282,2024-07-29 18:00:00,0.003860607,0.08119099,4333148.796028124,-461804.81061430223,0.0
6105,763.3331,47.0,-6.0833282,2024-07-29 18:00:00,-0.013515044,0.11770829,4333148.796028124,-461804.81061430223,0.0
6285,902.3393,47.0,-6.0833282,2024-07-29 18:00:00,-0.059638057,0.13444385,4333148.796028124,-461804.81061430223,0.0
174,0.494025,47.0,-6.0,2024-07-29 18:00:00,0.054409377,-0.06508198,4333815.840058059,-455502.3996515776,0.0
354,1.541375,47.0,-6.0,2024-07-29 18:00:00,0.05636514,-0.06010862,4333815.840058059,-455502.3996515776,0.0
534,2.645669,47.0,-6.0,2024-07-29 18:00:00,0.058668833,-0.055639107,4333815.840058059,-455502.3996515776,0.0
714,3.819495,47.0,-6.0,2024-07-29 18:00:00,0.06179879,-0.05123468,4333815.840058059,-455502.3996515776,0.0
894,5.078224,47.0,-6.0,2024-07-29 18:00:00,0.07441509,-0.040428102,4333815.840058059,-455502.3996515776,0.0
1074,6.440614,47.0,-6.0,2024-07-29 18:00:00,0.11640827,-0.03180505,4333815.840058059,-455502.3996515776,0.0
1254,7.92956,47.0,-6.0,2024-07-29 18:00:00,0.14264672,-0.07250597,4333815.840058059,-455502.3996515776,0.0
1434,9.572997,47.0,-6.0,2024-07-29 18:00:00,0.12648316,-0.079009116,4333815.840058059,-455502.3996515776,0.0
1614,11.405,47.0,-6.0,2024-07-29 18:00:00,0.110655,-0.05545051,4333815.840058059,-455502.3996515776,0.0
1794,13.46714,47.0,-6.0,2024-07-29 18:00:00,0.116185136,-0.022893418,4333815.840058059,-455502.3996515776,0.0
1974,15.81007,47.0,-6.0,2024-07-29 18:00:00,0.12212435,-0.00806512,4333815.840058059,-455502.3996515776,0.0
2154,18.49556,47.0,-6.0,2024-07-29 18:00:00,0.123870246,-0.000834459,4333815.840058059,-455502.3996515776,0.0
2334,21.59882,47.0,-6.0,2024-07-29 18:00:00,0.12596856,0.0039633103,4333815.840058059,-455502.3996515776,0.0
2514,25.21141,47.0,-6.0,2024-07-29 18:00:00,0.1304175,0.0032761581,4333815.840058059,-455502.3996515776,0.0
2694,29.44473,47.0,-6.0,2024-07-29 18:00:00,0.13389666,-0.0043468834,4333815.840058059,-455502.3996515776,0.0
2874,34.43415,47.0,-6.0,2024-07-29 18:00:00,0.12616085,-0.014916385,4333815.840058059,-455502.3996515776,0.0
3054,40.34405,47.0,-6.0,2024-07-29 18:00:00,0.10571151,-0.023146892,4333815.840058059,-455502.3996515776,0.0
3234,47.37369,47.0,-6.0,2024-07-29 18:00:00,0.08598208,-0.020345006,4333815.840058059,-455502.3996515776,0.0
3414,55.76429,47.0,-6.0,2024-07-29 18:00:00,0.081824005,-0.010117819,4333815.840058059,-455502.3996515776,0.0
3594,65.80727,47.0,-6.0,2024-07-29 18:00:00,0.086103484,0.004902369,4333815.840058059,-455502.3996515776,0.0
3774,77.85385,47.0,-6.0,2024-07-29 18:00:00,0.08319958,0.012259312,4333815.840058059,-455502.3996515776,0.0
3954,92.32607,47.0,-6.0,2024-07-29 18:00:00,0.07839196,0.013727209,4333815.840058059,-455502.3996515776,0.0
4134,109.7293,47.0,-6.0,2024-07-29 18:00:00,0.07530808,0.01112441,4333815.840058059,-455502.3996515776,0.0
4314,130.666,47.0,-6.0,2024-07-29 18:00:00,0.075429924,0.008858563,4333815.840058059,-455502.3996515776,0.0
4494,155.8507,47.0,-6.0,2024-07-29 18:00:00,0.07552734,0.009787815,4333815.840058059,-455502.3996515776,0.0
4674,186.1256,47.0,-6.0,2024-07-29 18:00:00,0.068137564,0.012590101,4333815.840058059,-455502.3996515776,0.0
4854,222.4752,47.0,-6.0,2024-07-29 18:00:00,0.06445653,0.011096055,4333815.840058059,-455502.3996515776,0.0
5034,266.0403,47.0,-6.0,2024-07-29 18:00:00,0.07188661,0.0041709454,4333815.840058059,-455502.3996515776,0.0
5214,318.1274,47.0,-6.0,2024-07-29 18:00:00,0.075152196,-0.009169174,4333815.840058059,-455502.3996515776,0.0
5394,380.213,47.0,-6.0,2024-07-29 18:00:00,0.053248264,-0.019712212,4333815.840058059,-455502.3996515776,0.0
5574,453.9377,47.0,-6.0,2024-07-29 18:00:00,0.03678694,-0.025395121,4333815.840058059,-455502.3996515776,0.0
5754,541.0889,47.0,-6.0,2024-07-29 18:00:00,0.03940623,-0.013160347,4333815.840058059,-455502.3996515776,0.0
5934,643.5668,47.0,-6.0,2024-07-29 18:00:00,0.020837234,0.0066646566,4333815.840058059,-455502.3996515776,0.0
6114,763.3331,47.0,-6.0,2024-07-29 18:00:00,-0.0023099948,0.073914856,4333815.840058059,-455502.3996515776,0.0
6294,902.3393,47.0,-6.0,2024-07-29 18:00:00,-0.082010984,0.14498727,4333815.840058059,-455502.3996515776,0.0
4,0.494025,46.66667,-6.25,2024-07-30 00:00:00,-0.044396464,-0.028903661,4358653.3150161095,-477350.1729464703,0.0
184,1.541375,46.66667,-6.25,2024-07-30 00:00:00,-0.043229807,-0.024374854,4358653.3150161095,-477350.1729464703,0.0
364,2.645669,46.66667,-6.25,2024-07-30 00:00:00,-0.04198897,-0.020249328,4358653.3150161095,-477350.1729464703,0.0
544,3.819495,46.66667,-6.25,2024-07-30 00:00:00,-0.04071536,-0.016615849,4358653.3150161095,-477350.1729464703,0.0
724,5.078224,46.66667,-6.25,2024-07-30 00:00:00,-0.03941114,-0.0134617565,4358653.3150161095,-477350.1729464703,0.0
904,6.440614,46.66667,-6.25,2024-07-30 00:00:00,-0.038009934,-0.010702753,4358653.3150161095,-477350.1729464703,0.0
1084,7.92956,46.66667,-6.25,2024-07-30 00:00:00,-0.036053088,-0.007904796,4358653.3150161095,-477350.1729464703,0.0
1264,9.572997,46.66667,-6.25,2024-07-30 00:00:00,-0.019478898,0.0032929976,4358653.3150161095,-477350.1729464703,0.0
1444,11.405,46.66667,-6.25,2024-07-30 00:00:00,-0.01356599,-0.0003505593,4358653.3150161095,-477350.1729464703,0.0
1624,13.46714,46.66667,-6.25,2024-07-30 00:00:00,0.0090184845,0.0010906619,4358653.3150161095,-477350.1729464703,0.0
1804,15.81007,46.66667,-6.25,2024-07-30 00:00:00,0.02039173,-0.033157185,4358653.3150161095,-477350.1729464703,0.0
1984,18.49556,46.66667,-6.25,2024-07-30 00:00:00,0.01353013,-0.044537004,4358653.3150161095,-477350.1729464703,0.0
2164,21.59882,46.66667,-6.25,2024-07-30 00:00:00,0.0071510356,-0.03857297,4358653.3150161095,-477350.1729464703,0.0
2344,25.21141,46.66667,-6.25,2024-07-30 00:00:00,0.0006671848,-0.02583118,4358653.3150161095,-477350.1729464703,0.0
2524,29.44473,46.66667,-6.25,2024-07-30 00:00:00,-0.0038199525,-0.007139687,4358653.3150161095,-477350.1729464703,0.0
2704,34.43415,46.66667,-6.25,2024-07-30 00:00:00,-0.003698846,0.022095913,4358653.3150161095,-477350.1729464703,0.0
2884,40.34405,46.66667,-6.25,2024-07-30 00:00:00,0.014138343,0.042145286,4358653.3150161095,-477350.1729464703,0.0
3064,47.37369,46.66667,-6.25,2024-07-30 00:00:00,0.042779293,0.030319057,4358653.3150161095,-477350.1729464703,0.0
3244,55.76429,46.66667,-6.25,2024-07-30 00:00:00,0.05005128,-0.0008193569,4358653.3150161095,-477350.1729464703,0.0
3424,65.80727,46.66667,-6.25,2024-07-30 00:00:00,0.03503763,-0.015676936,4358653.3150161095,-477350.1729464703,0.0
3604,77.85385,46.66667,-6.25,2024-07-30 00:00:00,0.023660371,-0.008203162,4358653.3150161095,-477350.1729464703,0.0
3784,92.32607,46.66667,-6.25,2024-07-30 00:00:00,0.02105794,0.0003533417,4358653.3150161095,-477350.1729464703,0.0
3964,109.7293,46.66667,-6.25,2024-07-30 00:00:00,0.022300063,0.008442152,4358653.3150161095,-477350.1729464703,0.0
4144,130.666,46.66667,-6.25,2024-07-30 00:00:00,0.0287628,0.016001431,4358653.3150161095,-477350.1729464703,0.0
4324,155.8507,46.66667,-6.25,2024-07-30 00:00:00,0.036087375,0.018529085,4358653.3150161095,-477350.1729464703,0.0
4504,186.1256,46.66667,-6.25,2024-07-30 00:00:00,0.04343933,0.018759139,4358653.3150161095,-477350.1729464703,0.0
4684,222.4752,46.66667,-6.25,2024-07-30 00:00:00,0.05055992,0.016525786,4358653.3150161095,-477350.1729464703,0.0
4864,266.0403,46.66667,-6.25,2024-07-30 00:00:00,0.057335373,0.014467752,4358653.3150161095,-477350.1729464703,0.0
5044,318.1274,46.66667,-6.25,2024-07-30 00:00:00,0.04383912,0.013740475,4358653.3150161095,-477350.1729464703,0.0
5224,380.213,46.66667,-6.25,2024-07-30 00:00:00,0.035485312,0.014289508,4358653.3150161095,-477350.1729464703,0.0
5404,453.9377,46.66667,-6.25,2024-07-30 00:00:00,0.03990479,0.019604785,4358653.3150161095,-477350.1729464703,0.0
5584,541.0889,46.66667,-6.25,2024-07-30 00:00:00,0.045374982,0.030684583,4358653.3150161095,-477350.1729464703,0.0
5764,643.5668,46.66667,-6.25,2024-07-30 00:00:00,0.050836433,0.043631278,4358653.3150161095,-477350.1729464703,0.0
5944,763.3331,46.66667,-6.25,2024-07-30 00:00:00,0.06842423,0.06607364,4358653.3150161095,-477350.1729464703,0.0
6124,902.3393,46.66667,-6.25,2024-07-30 00:00:00,0.12300462,0.09958231,4358653.3150161095,-477350.1729464703,0.0
13,0.494025,46.66667,-6.1666565,2024-07-30 00:00:00,-0.011020517,-0.042119388,4359343.065935845,-471009.49203812674,0.0
193,1.541375,46.66667,-6.1666565,2024-07-30 00:00:00,-0.009915388,-0.037559405,4359343.065935845,-471009.49203812674,0.0
373,2.645669,46.66667,-6.1666565,2024-07-30 00:00:00,-0.0087474,-0.033427954,4359343.065935845,-471009.49203812674,0.0
553,3.819495,46.66667,-6.1666565,2024-07-30 00:00:00,-0.0075612934,-0.029823365,4359343.065935845,-471009.49203812674,0.0
733,5.078224,46.66667,-6.1666565,2024-07-30 00:00:00,-0.006365841,-0.02674374,4359343.065935845,-471009.49203812674,0.0
913,6.440614,46.66667,-6.1666565,2024-07-30 00:00:00,-0.0051097674,-0.024126085,4359343.065935845,-471009.49203812674,0.0
1093,7.92956,46.66667,-6.1666565,2024-07-30 00:00:00,-0.0033729482,-0.021594556,4359343.065935845,-471009.49203812674,0.0
1273,9.572997,46.66667,-6.1666565,2024-07-30 00:00:00,0.019427445,-0.0116964495,4359343.065935845,-471009.49203812674,0.0
1453,11.405,46.66667,-6.1666565,2024-07-30 00:00:00,0.013951474,-0.011104913,4359343.065935845,-471009.49203812674,0.0
1633,13.46714,46.66667,-6.1666565,2024-07-30 00:00:00,0.03708182,-0.0100209685,4359343.065935845,-471009.49203812674,0.0
1813,15.81007,46.66667,-6.1666565,2024-07-30 00:00:00,0.049420696,-0.047457017,4359343.065935845,-471009.49203812674,0.0
1993,18.49556,46.66667,-6.1666565,2024-07-30 00:00:00,0.0399226,-0.05835935,4359343.065935845,-471009.49203812674,0.0
2173,21.59882,46.66667,-6.1666565,2024-07-30 00:00:00,0.030933222,-0.051476724,4359343.065935845,-471009.49203812674,0.0
2353,25.21141,46.66667,-6.1666565,2024-07-30 00:00:00,0.021606516,-0.036824,4359343.065935845,-471009.49203812674,0.0
2533,29.44473,46.66667,-6.1666565,2024-07-30 00:00:00,0.014694093,-0.013650967,4359343.065935845,-471009.49203812674,0.0
2713,34.43415,46.66667,-6.1666565,2024-07-30 00:00:00,0.017771,0.021606533,4359343.065935845,-471009.49203812674,0.0
2893,40.34405,46.66667,-6.1666565,2024-07-30 00:00:00,0.041755404,0.046446733,4359343.065935845,-471009.49203812674,0.0
3073,47.37369,46.66667,-6.1666565,2024-07-30 00:00:00,0.07674938,0.033956908,4359343.065935845,-471009.49203812674,0.0
3253,55.76429,46.66667,-6.1666565,2024-07-30 00:00:00,0.08351692,-0.0027988064,4359343.065935845,-471009.49203812674,0.0
3433,65.80727,46.66667,-6.1666565,2024-07-30 00:00:00,0.06309749,-0.02180029,4359343.065935845,-471009.49203812674,0.0
3613,77.85385,46.66667,-6.1666565,2024-07-30 00:00:00,0.04641403,-0.0129274875,4359343.065935845,-471009.49203812674,0.0
3793,92.32607,46.66667,-6.1666565,2024-07-30 00:00:00,0.042901643,-0.0008195548,4359343.065935845,-471009.49203812674,0.0
3973,109.7293,46.66667,-6.1666565,2024-07-30 00:00:00,0.044257816,0.00671307,4359343.065935845,-471009.49203812674,0.0
4153,130.666,46.66667,-6.1666565,2024-07-30 00:00:00,0.050829988,0.012778221,4359343.065935845,-471009.49203812674,0.0
4333,155.8507,46.66667,-6.1666565,2024-07-30 00:00:00,0.054548908,0.017685864,4359343.065935845,-471009.49203812674,0.0
4513,186.1256,46.66667,-6.1666565,2024-07-30 00:00:00,0.056999154,0.020080205,4359343.065935845,-471009.49203812674,0.0
4693,222.4752,46.66667,-6.1666565,2024-07-30 00:00:00,0.058866806,0.017874965,4359343.065935845,-471009.49203812674,0.0
4873,266.0403,46.66667,-6.1666565,2024-07-30 00:00:00,0.059354626,0.015387759,4359343.065935845,-471009.49203812674,0.0
5053,318.1274,46.66667,-6.1666565,2024-07-30 00:00:00,0.057264395,0.013912421,4359343.065935845,-471009.49203812674,0.0
5233,380.213,46.66667,-6.1666565,2024-07-30 00:00:00,0.057185557,0.012558661,4359343.065935845,-471009.49203812674,0.0
5413,453.9377,46.66667,-6.1666565,2024-07-30 00:00:00,0.06861153,0.020078767,4359343.065935845,-471009.49203812674,0.0
5593,541.0889,46.66667,-6.1666565,2024-07-30 00:00:00,0.072184026,0.037273552,4359343.065935845,-471009.49203812674,0.0
5773,643.5668,46.66667,-6.1666565,2024-07-30 00:00:00,0.07757012,0.044481065,4359343.065935845,-471009.49203812674,0.0
5953,763.3331,46.66667,-6.1666565,2024-07-30 00:00:00,0.08321537,0.05819438,4359343.065935845,-471009.49203812674,0.0
6133,902.3393,46.66667,-6.1666565,2024-07-30 00:00:00,0.123711914,0.08007353,4359343.065935845,-471009.49203812674,0.0
22,0.494025,46.66667,-6.0833282,2024-07-30 00:00:00,0.004238186,-0.05646733,4360023.469108121,-464668.9756583009,0.0
202,1.541375,46.66667,-6.0833282,2024-07-30 00:00:00,0.005296804,-0.051885277,4360023.469108121,-464668.9756583009,0.0
382,2.645669,46.66667,-6.0833282,2024-07-30 00:00:00,0.006426153,-0.04774061,4360023.469108121,-464668.9756583009,0.0
562,3.819495,46.66667,-6.0833282,2024-07-30 00:00:00,0.007583865,-0.04413336,4360023.469108121,-464668.9756583009,0.0
742,5.078224,46.66667,-6.0833282,2024-07-30 00:00:00,0.008762617,-0.04106502,4360023.469108121,-464668.9756583009,0.0
922,6.440614,46.66667,-6.0833282,2024-07-30 00:00:00,0.010014527,-0.03848345,4360023.469108121,-464668.9756583009,0.0
1102,7.92956,46.66667,-6.0833282,2024-07-30 00:00:00,0.011764517,-0.036051273,4360023.469108121,-464668.9756583009,0.0
1282,9.572997,46.66667,-6.0833282,2024-07-30 00:00:00,0.03460762,-0.027935136,4360023.469108121,-464668.9756583009,0.0
1462,11.405,46.66667,-6.0833282,2024-07-30 00:00:00,0.03270445,-0.025871329,4360023.469108121,-464668.9756583009,0.0
1642,13.46714,46.66667,-6.0833282,2024-07-30 00:00:00,0.05033581,-0.022888456,4360023.469108121,-464668.9756583009,0.0
1822,15.81007,46.66667,-6.0833282,2024-07-30 00:00:00,0.069643185,-0.06049058,4360023.469108121,-464668.9756583009,0.0
2002,18.49556,46.66667,-6.0833282,2024-07-30 00:00:00,0.060856245,-0.075219706,4360023.469108121,-464668.9756583009,0.0
2182,21.59882,46.66667,-6.0833282,2024-07-30 00:00:00,0.05069436,-0.071620196,4360023.469108121,-464668.9756583009,0.0
2362,25.21141,46.66667,-6.0833282,2024-07-30 00:00:00,0.04026384,-0.05969255,4360023.469108121,-464668.9756583009,0.0
2542,29.44473,46.66667,-6.0833282,2024-07-30 00:00:00,0.030284245,-0.037599675,4360023.469108121,-464668.9756583009,0.0
2722,34.43415,46.66667,-6.0833282,2024-07-30 00:00:00,0.029078102,-0.0006825825,4360023.469108121,-464668.9756583009,0.0
2902,40.34405,46.66667,-6.0833282,2024-07-30 00:00:00,0.048707798,0.032970574,4360023.469108121,-464668.9756583009,0.0
3082,47.37369,46.66667,-6.0833282,2024-07-30 00:00:00,0.09031208,0.032044828,4360023.469108121,-464668.9756583009,0.0
3262,55.76429,46.66667,-6.0833282,2024-07-30 00:00:00,0.11117621,-0.0028707373,4360023.469108121,-464668.9756583009,0.0
3442,65.80727,46.66667,-6.0833282,2024-07-30 00:00:00,0.09501436,-0.029940903,4360023.469108121,-464668.9756583009,0.0
3622,77.85385,46.66667,-6.0833282,2024-07-30 00:00:00,0.07196548,-0.026667278,4360023.469108121,-464668.9756583009,0.0
3802,92.32607,46.66667,-6.0833282,2024-07-30 00:00:00,0.064997226,-0.0118238,4360023.469108121,-464668.9756583009,0.0
3982,109.7293,46.66667,-6.0833282,2024-07-30 00:00:00,0.06582908,-0.002022675,4360023.469108121,-464668.9756583009,0.0
4162,130.666,46.66667,-6.0833282,2024-07-30 00:00:00,0.06642569,0.003983834,4360023.469108121,-464668.9756583009,0.0
4342,155.8507,46.66667,-6.0833282,2024-07-30 00:00:00,0.0662,0.00967068,4360023.469108121,-464668.9756583009,0.0
4522,186.1256,46.66667,-6.0833282,2024-07-30 00:00:00,0.063447446,0.01495817,4360023.469108121,-464668.9756583009,0.0
4702,222.4752,46.66667,-6.0833282,2024-07-30 00:00:00,0.061386213,0.014396865,4360023.469108121,-464668.9756583009,0.0
4882,266.0403,46.66667,-6.0833282,2024-07-30 00:00:00,0.05958149,0.0103203,4360023.469108121,-464668.9756583009,0.0
5062,318.1274,46.66667,-6.0833282,2024-07-30 00:00:00,0.062009815,0.010371115,4360023.469108121,-464668.9756583009,0.0
5242,380.213,46.66667,-6.0833282,2024-07-30 00:00:00,0.069017254,0.005741723,4360023.469108121,-464668.9756583009,0.0
5422,453.9377,46.66667,-6.0833282,2024-07-30 00:00:00,0.07881919,0.008227869,4360023.469108121,-464668.9756583009,0.0
5602,541.0889,46.66667,-6.0833282,2024-07-30 00:00:00,0.08435565,0.024387907,4360023.469108121,-464668.9756583009,0.0
5782,643.5668,46.66667,-6.0833282,2024-07-30 00:00:00,0.0861044,0.029323362,4360023.469108121,-464668.9756583009,0.0
5962,763.3331,46.66667,-6.0833282,2024-07-30 00:00:00,0.08272701,0.042403325,4360023.469108121,-464668.9756583009,0.0
6142,902.3393,46.66667,-6.0833282,2024-07-30 00:00:00,0.1176323,0.04293858,4360023.469108121,-464668.9756583009,0.0
31,0.494025,46.66667,-6.0,2024-07-30 00:00:00,0.016212137,-0.0628128,4360694.650219674,-458327.4764384654,0.0
211,1.541375,46.66667,-6.0,2024-07-30 00:00:00,0.01723678,-0.058233574,4360694.650219674,-458327.4764384654,0.0
391,2.645669,46.66667,-6.0,2024-07-30 00:00:00,0.01834098,-0.054092634,4360694.650219674,-458327.4764384654,0.0
571,3.819495,46.66667,-6.0,2024-07-30 00:00:00,0.019483192,-0.050488472,4360694.650219674,-458327.4764384654,0.0
751,5.078224,46.66667,-6.0,2024-07-30 00:00:00,0.020656995,-0.047418967,4360694.650219674,-458327.4764384654,0.0
931,6.440614,46.66667,-6.0,2024-07-30 00:00:00,0.021921294,-0.04481749,4360694.650219674,-458327.4764384654,0.0
1111,7.92956,46.66667,-6.0,2024-07-30 00:00:00,0.023728013,-0.042316385,4360694.650219674,-458327.4764384654,0.0
1291,9.572997,46.66667,-6.0,2024-07-30 00:00:00,0.045031376,-0.0339406,4360694.650219674,-458327.4764384654,0.0
1471,11.405,46.66667,-6.0,2024-07-30 00:00:00,0.050859924,-0.03132139,4360694.650219674,-458327.4764384654,0.0
1651,13.46714,46.66667,-6.0,2024-07-30 00:00:00,0.06740789,-0.027153984,4360694.650219674,-458327.4764384654,0.0
1831,15.81007,46.66667,-6.0,2024-07-30 00:00:00,0.08776698,-0.06296192,4360694.650219674,-458327.4764384654,0.0
2011,18.49556,46.66667,-6.0,2024-07-30 00:00:00,0.07815269,-0.08515172,4360694.650219674,-458327.4764384654,0.0
2191,21.59882,46.66667,-6.0,2024-07-30 00:00:00,0.06925689,-0.088963255,4360694.650219674,-458327.4764384654,0.0
2371,25.21141,46.66667,-6.0,2024-07-30 00:00:00,0.060637686,-0.08427754,4360694.650219674,-458327.4764384654,0.0
2551,29.44473,46.66667,-6.0,2024-07-30 00:00:00,0.04841187,-0.06886178,4360694.650219674,-458327.4764384654,0.0
2731,34.43415,46.66667,-6.0,2024-07-30 00:00:00,0.038191974,-0.03746844,4360694.650219674,-458327.4764384654,0.0
2911,40.34405,46.66667,-6.0,2024-07-30 00:00:00,0.041728277,0.0009742228,4360694.650219674,-458327.4764384654,0.0
3091,47.37369,46.66667,-6.0,2024-07-30 00:00:00,0.07543959,0.0167676,4360694.650219674,-458327.4764384654,0.0
3271,55.76429,46.66667,-6.0,2024-07-30 00:00:00,0.108682714,-0.006386434,4360694.650219674,-458327.4764384654,0.0
3451,65.80727,46.66667,-6.0,2024-07-30 00:00:00,0.10896365,-0.039591487,4360694.650219674,-458327.4764384654,0.0
3631,77.85385,46.66667,-6.0,2024-07-30 00:00:00,0.08938207,-0.046955403,4360694.650219674,-458327.4764384654,0.0
3811,92.32607,46.66667,-6.0,2024-07-30 00:00:00,0.076062344,-0.032668393,4360694.650219674,-458327.4764384654,0.0
3991,109.7293,46.66667,-6.0,2024-07-30 00:00:00,0.07216772,-0.019493997,4360694.650219674,-458327.4764384654,0.0
4171,130.666,46.66667,-6.0,2024-07-30 00:00:00,0.07224933,-0.012631265,4360694.650219674,-458327.4764384654,0.0
4351,155.8507,46.66667,-6.0,2024-07-30 00:00:00,0.07050036,-0.0077014016,4360694.650219674,-458327.4764384654,0.0
4531,186.1256,46.66667,-6.0,2024-07-30 00:00:00,0.06699901,-0.0026607132,4360694.650219674,-458327.4764384654,0.0
4711,222.4752,46.66667,-6.0,2024-07-30 00:00:00,0.06494577,-0.00022614468,4360694.650219674,-458327.4764384654,0.0
4891,266.0403,46.66667,-6.0,2024-07-30 00:00:00,0.065035224,0.00017260434,4360694.650219674,-458327.4764384654,0.0
5071,318.1274,46.66667,-6.0,2024-07-30 00:00:00,0.06776797,0.0018070359,4360694.650219674,-458327.4764384654,0.0
5251,380.213,46.66667,-6.0,2024-07-30 00:00:00,0.06872439,-0.0015586894,4360694.650219674,-458327.4764384654,0.0
5431,453.9377,46.66667,-6.0,2024-07-30 00:00:00,0.08182871,-0.006996308,4360694.650219674,-458327.4764384654,0.0
5611,541.0889,46.66667,-6.0,2024-07-30 00:00:00,0.0786679,-0.0025089523,4360694.650219674,-458327.4764384654,0.0
5791,643.5668,46.66667,-6.0,2024-07-30 00:00:00,0.0758882,0.007830447,4360694.650219674,-458327.4764384654,0.0
5971,763.3331,46.66667,-6.0,2024-07-30 00:00:00,0.06393428,0.015570283,4360694.650219674,-458327.4764384654,0.0
6151,902.3393,46.66667,-6.0,2024-07-30 00:00:00,0.10697875,-0.006483217,4360694.650219674,-458327.4764384654,0.0
40,0.494025,46.75,-6.25,2024-07-30 00:00:00,-0.034627497,-0.052756783,4351950.96357759,-476616.1460837916,0.0
220,1.541375,46.75,-6.25,2024-07-30 00:00:00,-0.033400755,-0.048279583,4351950.96357759,-476616.1460837916,0.0
400,2.645669,46.75,-6.25,2024-07-30 00:00:00,-0.032103576,-0.044188358,4351950.96357759,-476616.1460837916,0.0
580,3.819495,46.75,-6.25,2024-07-30 00:00:00,-0.030773997,-0.04055564,4351950.96357759,-476616.1460837916,0.0
760,5.078224,46.75,-6.25,2024-07-30 00:00:00,-0.029413786,-0.03736171,4351950.96357759,-476616.1460837916,0.0
940,6.440614,46.75,-6.25,2024-07-30 00:00:00,-0.027953913,-0.03449637,4351950.96357759,-476616.1460837916,0.0
1120,7.92956,46.75,-6.25,2024-07-30 00:00:00,-0.025968663,-0.03146384,4351950.96357759,-476616.1460837916,0.0
1300,9.572997,46.75,-6.25,2024-07-30 00:00:00,-0.012865469,-0.01917966,4351950.96357759,-476616.1460837916,0.0
1480,11.405,46.75,-6.25,2024-07-30 00:00:00,0.011158361,-0.019925555,4351950.96357759,-476616.1460837916,0.0
1660,13.46714,46.75,-6.25,2024-07-30 00:00:00,0.036487445,-0.023534082,4351950.96357759,-476616.1460837916,0.0
1840,15.81007,46.75,-6.25,2024-07-30 00:00:00,0.045503683,-0.051546853,4351950.96357759,-476616.1460837916,0.0
2020,18.49556,46.75,-6.25,2024-07-30 00:00:00,0.03827653,-0.061473705,4351950.96357759,-476616.1460837916,0.0
2200,21.59882,46.75,-6.25,2024-07-30 00:00:00,0.033751868,-0.05688065,4351950.96357759,-476616.1460837916,0.0
2380,25.21141,46.75,-6.25,2024-07-30 00:00:00,0.02713744,-0.043471754,4351950.96357759,-476616.1460837916,0.0
2560,29.44473,46.75,-6.25,2024-07-30 00:00:00,0.018597757,-0.021934427,4351950.96357759,-476616.1460837916,0.0
2740,34.43415,46.75,-6.25,2024-07-30 00:00:00,0.014674002,0.0107914,4351950.96357759,-476616.1460837916,0.0
2920,40.34405,46.75,-6.25,2024-07-30 00:00:00,0.03100939,0.040379006,4351950.96357759,-476616.1460837916,0.0
3100,47.37369,46.75,-6.25,2024-07-30 00:00:00,0.069019526,0.03144724,4351950.96357759,-476616.1460837916,0.0
3280,55.76429,46.75,-6.25,2024-07-30 00:00:00,0.08579528,-0.009211881,4351950.96357759,-476616.1460837916,0.0
3460,65.80727,46.75,-6.25,2024-07-30 00:00:00,0.074850045,-0.029308062,4351950.96357759,-476616.1460837916,0.0
3640,77.85385,46.75,-6.25,2024-07-30 00:00:00,0.06581787,-0.019816943,4351950.96357759,-476616.1460837916,0.0
3820,92.32607,46.75,-6.25,2024-07-30 00:00:00,0.07020667,-0.00855492,4351950.96357759,-476616.1460837916,0.0
4000,109.7293,46.75,-6.25,2024-07-30 00:00:00,0.07307057,-0.0023617873,4351950.96357759,-476616.1460837916,0.0
4180,130.666,46.75,-6.25,2024-07-30 00:00:00,0.071205154,0.0008572438,4351950.96357759,-476616.1460837916,0.0
4360,155.8507,46.75,-6.25,2024-07-30 00:00:00,0.068536334,0.0004601404,4351950.96357759,-476616.1460837916,0.0
4540,186.1256,46.75,-6.25,2024-07-30 00:00:00,0.06559783,-0.0062015373,4351950.96357759,-476616.1460837916,0.0
4720,222.4752,46.75,-6.25,2024-07-30 00:00:00,0.063964464,-0.015037017,4351950.96357759,-476616.1460837916,0.0
4900,266.0403,46.75,-6.25,2024-07-30 00:00:00,0.065081805,-0.019112667,4351950.96357759,-476616.1460837916,0.0
5080,318.1274,46.75,-6.25,2024-07-30 00:00:00,0.06565527,-0.014990644,4351950.96357759,-476616.1460837916,0.0
5260,380.213,46.75,-6.25,2024-07-30 00:00:00,0.056887437,-0.018191187,4351950.96357759,-476616.1460837916,0.0
5440,453.9377,46.75,-6.25,2024-07-30 00:00:00,0.04834163,-0.014819372,4351950.96357759,-476616.1460837916,0.0
5620,541.0889,46.75,-6.25,2024-07-30 00:00:00,0.039172012,0.0034493473,4351950.96357759,-476616.1460837916,0.0
5800,643.5668,46.75,-6.25,2024-07-30 00:00:00,0.06783441,0.034482446,4351950.96357759,-476616.1460837916,0.0
5980,763.3331,46.75,-6.25,2024-07-30 00:00:00,0.11552573,0.08245108,4351950.96357759,-476616.1460837916,0.0
6160,902.3393,46.75,-6.25,2024-07-30 00:00:00,0.1456331,0.10974844,4351950.96357759,-476616.1460837916,0.0
49,0.494025,46.75,-6.1666565,2024-07-30 00:00:00,-0.0007674068,-0.0561583,4352639.653859386,-470285.21531356085,0.0
229,1.541375,46.75,-6.1666565,2024-07-30 00:00:00,0.0004004438,-0.051648542,4352639.653859386,-470285.21531356085,0.0
409,2.645669,46.75,-6.1666565,2024-07-30 00:00:00,0.0016399357,-0.047544666,4352639.653859386,-470285.21531356085,0.0
589,3.819495,46.75,-6.1666565,2024-07-30 00:00:00,0.0029108152,-0.043928716,4352639.653859386,-470285.21531356085,0.0
769,5.078224,46.75,-6.1666565,2024-07-30 00:00:00,0.004207513,-0.040794954,4352639.653859386,-470285.21531356085,0.0
949,6.440614,46.75,-6.1666565,2024-07-30 00:00:00,0.005599349,-0.03802556,4352639.653859386,-470285.21531356085,0.0
1129,7.92956,46.75,-6.1666565,2024-07-30 00:00:00,0.007519912,-0.03514654,4352639.653859386,-470285.21531356085,0.0
1309,9.572997,46.75,-6.1666565,2024-07-30 00:00:00,0.022554131,-0.02247189,4352639.653859386,-470285.21531356085,0.0
1489,11.405,46.75,-6.1666565,2024-07-30 00:00:00,0.037527826,-0.024842128,4352639.653859386,-470285.21531356085,0.0
1669,13.46714,46.75,-6.1666565,2024-07-30 00:00:00,0.058411364,-0.031704757,4352639.653859386,-470285.21531356085,0.0
1849,15.81007,46.75,-6.1666565,2024-07-30 00:00:00,0.068215236,-0.066687144,4352639.653859386,-470285.21531356085,0.0
2029,18.49556,46.75,-6.1666565,2024-07-30 00:00:00,0.058818765,-0.08170577,4352639.653859386,-470285.21531356085,0.0
2209,21.59882,46.75,-6.1666565,2024-07-30 00:00:00,0.048438303,-0.07555408,4352639.653859386,-470285.21531356085,0.0
2389,25.21141,46.75,-6.1666565,2024-07-30 00:00:00,0.034391448,-0.05582388,4352639.653859386,-470285.21531356085,0.0
2569,29.44473,46.75,-6.1666565,2024-07-30 00:00:00,0.020544212,-0.02289583,4352639.653859386,-470285.21531356085,0.0
2749,34.43415,46.75,-6.1666565,2024-07-30 00:00:00,0.019096833,0.023424389,4352639.653859386,-470285.21531356085,0.0
2929,40.34405,46.75,-6.1666565,2024-07-30 00:00:00,0.047678176,0.060758542,4352639.653859386,-470285.21531356085,0.0
3109,47.37369,46.75,-6.1666565,2024-07-30 00:00:00,0.10207613,0.045351926,4352639.653859386,-470285.21531356085,0.0
3289,55.76429,46.75,-6.1666565,2024-07-30 00:00:00,0.1230902,-0.012293281,4352639.653859386,-470285.21531356085,0.0
3469,65.80727,46.75,-6.1666565,2024-07-30 00:00:00,0.096980564,-0.039804716,4352639.653859386,-470285.21531356085,0.0
3649,77.85385,46.75,-6.1666565,2024-07-30 00:00:00,0.071559586,-0.024917543,4352639.653859386,-470285.21531356085,0.0
3829,92.32607,46.75,-6.1666565,2024-07-30 00:00:00,0.07075915,-0.005423648,4352639.653859386,-470285.21531356085,0.0
4009,109.7293,46.75,-6.1666565,2024-07-30 00:00:00,0.07539555,0.0039278693,4352639.653859386,-470285.21531356085,0.0
4189,130.666,46.75,-6.1666565,2024-07-30 00:00:00,0.075033605,0.007119391,4352639.653859386,-470285.21531356085,0.0
4369,155.8507,46.75,-6.1666565,2024-07-30 00:00:00,0.072967604,0.008275438,4352639.653859386,-470285.21531356085,0.0
4549,186.1256,46.75,-6.1666565,2024-07-30 00:00:00,0.07259527,0.002751891,4352639.653859386,-470285.21531356085,0.0
4729,222.4752,46.75,-6.1666565,2024-07-30 00:00:00,0.07436202,-0.0022739214,4352639.653859386,-470285.21531356085,0.0
4909,266.0403,46.75,-6.1666565,2024-07-30 00:00:00,0.07625102,-0.006814004,4352639.653859386,-470285.21531356085,0.0
5089,318.1274,46.75,-6.1666565,2024-07-30 00:00:00,0.07275641,-0.01111139,4352639.653859386,-470285.21531356085,0.0
5269,380.213,46.75,-6.1666565,2024-07-30 00:00:00,0.06129615,-0.014370483,4352639.653859386,-470285.21531356085,0.0
5449,453.9377,46.75,-6.1666565,2024-07-30 00:00:00,0.04788383,-0.008871099,4352639.653859386,-470285.21531356085,0.0
5629,541.0889,46.75,-6.1666565,2024-07-30 00:00:00,0.03733137,0.0075914524,4352639.653859386,-470285.21531356085,0.0
5809,643.5668,46.75,-6.1666565,2024-07-30 00:00:00,0.06626905,0.04115708,4352639.653859386,-470285.21531356085,0.0
5989,763.3331,46.75,-6.1666565,2024-07-30 00:00:00,0.09334163,0.0827073,4352639.653859386,-470285.21531356085,0.0
6169,902.3393,46.75,-6.1666565,2024-07-30 00:00:00,0.13780314,0.095725976,4352639.653859386,-470285.21531356085,0.0
58,0.494025,46.75,-6.0833282,2024-07-30 00:00:00,0.021799184,-0.050738666,4353319.010767862,-463954.44881885045,0.0
238,1.541375,46.75,-6.0833282,2024-07-30 00:00:00,0.022921422,-0.046209477,4353319.010767862,-463954.44881885045,0.0
418,2.645669,46.75,-6.0833282,2024-07-30 00:00:00,0.0241235,-0.042087685,4353319.010767862,-463954.44881885045,0.0
598,3.819495,46.75,-6.0833282,2024-07-30 00:00:00,0.025366416,-0.03845928,4353319.010767862,-463954.44881885045,0.0
778,5.078224,46.75,-6.0833282,2024-07-30 00:00:00,0.026647702,-0.035310313,4353319.010767862,-463954.44881885045,0.0
958,6.440614,46.75,-6.0833282,2024-07-30 00:00:00,0.028030071,-0.03255053,4353319.010767862,-463954.44881885045,0.0
1138,7.92956,46.75,-6.0833282,2024-07-30 00:00:00,0.029920675,-0.02973175,4353319.010767862,-463954.44881885045,0.0
1318,9.572997,46.75,-6.0833282,2024-07-30 00:00:00,0.042739842,-0.018407712,4353319.010767862,-463954.44881885045,0.0
1498,11.405,46.75,-6.0833282,2024-07-30 00:00:00,0.062192135,-0.020447724,4353319.010767862,-463954.44881885045,0.0
1678,13.46714,46.75,-6.0833282,2024-07-30 00:00:00,0.07995447,-0.02988172,4353319.010767862,-463954.44881885045,0.0
1858,15.81007,46.75,-6.0833282,2024-07-30 00:00:00,0.09417513,-0.07006073,4353319.010767862,-463954.44881885045,0.0
2038,18.49556,46.75,-6.0833282,2024-07-30 00:00:00,0.08379491,-0.09038241,4353319.010767862,-463954.44881885045,0.0
2218,21.59882,46.75,-6.0833282,2024-07-30 00:00:00,0.068087995,-0.08771889,4353319.010767862,-463954.44881885045,0.0
2398,25.21141,46.75,-6.0833282,2024-07-30 00:00:00,0.046489537,-0.07062646,4353319.010767862,-463954.44881885045,0.0
2578,29.44473,46.75,-6.0833282,2024-07-30 00:00:00,0.023529476,-0.03641915,4353319.010767862,-463954.44881885045,0.0
2758,34.43415,46.75,-6.0833282,2024-07-30 00:00:00,0.013936782,0.015902119,4353319.010767862,-463954.44881885045,0.0
2938,40.34405,46.75,-6.0833282,2024-07-30 00:00:00,0.042533774,0.06215782,4353319.010767862,-463954.44881885045,0.0
3118,47.37369,46.75,-6.0833282,2024-07-30 00:00:00,0.10994337,0.052897606,4353319.010767862,-463954.44881885045,0.0
3298,55.76429,46.75,-6.0833282,2024-07-30 00:00:00,0.14787126,-0.009529097,4353319.010767862,-463954.44881885045,0.0
3478,65.80727,46.75,-6.0833282,2024-07-30 00:00:00,0.12243259,-0.05198068,4353319.010767862,-463954.44881885045,0.0
3658,77.85385,46.75,-6.0833282,2024-07-30 00:00:00,0.085624136,-0.04632734,4353319.010767862,-463954.44881885045,0.0
3838,92.32607,46.75,-6.0833282,2024-07-30 00:00:00,0.07223558,-0.02207028,4353319.010767862,-463954.44881885045,0.0
4018,109.7293,46.75,-6.0833282,2024-07-30 00:00:00,0.07392215,-0.0055960747,4353319.010767862,-463954.44881885045,0.0
4198,130.666,46.75,-6.0833282,2024-07-30 00:00:00,0.07609253,0.002972708,4353319.010767862,-463954.44881885045,0.0
4378,155.8507,46.75,-6.0833282,2024-07-30 00:00:00,0.07644332,0.00788279,4353319.010767862,-463954.44881885045,0.0
4558,186.1256,46.75,-6.0833282,2024-07-30 00:00:00,0.076268844,0.0060870787,4353319.010767862,-463954.44881885045,0.0
4738,222.4752,46.75,-6.0833282,2024-07-30 00:00:00,0.080788,0.0075293635,4353319.010767862,-463954.44881885045,0.0
4918,266.0403,46.75,-6.0833282,2024-07-30 00:00:00,0.0834217,0.0034940555,4353319.010767862,-463954.44881885045,0.0
5098,318.1274,46.75,-6.0833282,2024-07-30 00:00:00,0.07426799,0.001440641,4353319.010767862,-463954.44881885045,0.0
5278,380.213,46.75,-6.0833282,2024-07-30 00:00:00,0.061146993,-0.0036112315,4353319.010767862,-463954.44881885045,0.0
5458,453.9377,46.75,-6.0833282,2024-07-30 00:00:00,0.048135526,-0.0034224247,4353319.010767862,-463954.44881885045,0.0
5638,541.0889,46.75,-6.0833282,2024-07-30 00:00:00,0.028625565,0.017144121,4353319.010767862,-463954.44881885045,0.0
5818,643.5668,46.75,-6.0833282,2024-07-30 00:00:00,0.04355082,0.042700287,4353319.010767862,-463954.44881885045,0.0
5998,763.3331,46.75,-6.0833282,2024-07-30 00:00:00,0.066059746,0.06800443,4353319.010767862,-463954.44881885045,0.0
6178,902.3393,46.75,-6.0833282,2024-07-30 00:00:00,0.12873769,0.06397349,4353319.010767862,-463954.44881885045,0.0
67,0.494025,46.75,-6.0,2024-07-30 00:00:00,0.023777751,-0.04744117,4353989.159796485,-457622.70099545474,0.0
247,1.541375,46.75,-6.0,2024-07-30 00:00:00,0.024868146,-0.04291289,4353989.159796485,-457622.70099545474,0.0
427,2.645669,46.75,-6.0,2024-07-30 00:00:00,0.026044331,-0.038772427,4353989.159796485,-457622.70099545474,0.0
607,3.819495,46.75,-6.0,2024-07-30 00:00:00,0.027268028,-0.03510309,4353989.159796485,-457622.70099545474,0.0
787,5.078224,46.75,-6.0,2024-07-30 00:00:00,0.02853577,-0.03188781,4353989.159796485,-457622.70099545474,0.0
967,6.440614,46.75,-6.0,2024-07-30 00:00:00,0.029903855,-0.029029489,4353989.159796485,-457622.70099545474,0.0
1147,7.92956,46.75,-6.0,2024-07-30 00:00:00,0.03171821,-0.02609734,4353989.159796485,-457622.70099545474,0.0
1327,9.572997,46.75,-6.0,2024-07-30 00:00:00,0.041256275,-0.017270707,4353989.159796485,-457622.70099545474,0.0
1507,11.405,46.75,-6.0,2024-07-30 00:00:00,0.07042712,-0.012838444,4353989.159796485,-457622.70099545474,0.0
1687,13.46714,46.75,-6.0,2024-07-30 00:00:00,0.08724189,-0.019808564,4353989.159796485,-457622.70099545474,0.0
1867,15.81007,46.75,-6.0,2024-07-30 00:00:00,0.10904641,-0.06124102,4353989.159796485,-457622.70099545474,0.0
2047,18.49556,46.75,-6.0,2024-07-30 00:00:00,0.10207839,-0.087635465,4353989.159796485,-457622.70099545474,0.0
2227,21.59882,46.75,-6.0,2024-07-30 00:00:00,0.086810835,-0.09337318,4353989.159796485,-457622.70099545474,0.0
2407,25.21141,46.75,-6.0,2024-07-30 00:00:00,0.064724185,-0.087317914,4353989.159796485,-457622.70099545474,0.0
2587,29.44473,46.75,-6.0,2024-07-30 00:00:00,0.03834877,-0.06347345,4353989.159796485,-457622.70099545474,0.0
2767,34.43415,46.75,-6.0,2024-07-30 00:00:00,0.01986391,-0.016469274,4353989.159796485,-457622.70099545474,0.0
2947,40.34405,46.75,-6.0,2024-07-30 00:00:00,0.036830366,0.036393322,4353989.159796485,-457622.70099545474,0.0
3127,47.37369,46.75,-6.0,2024-07-30 00:00:00,0.099446826,0.046396025,4353989.159796485,-457622.70099545474,0.0
3307,55.76429,46.75,-6.0,2024-07-30 00:00:00,0.15026511,-0.0019744928,4353989.159796485,-457622.70099545474,0.0
3487,65.80727,46.75,-6.0,2024-07-30 00:00:00,0.1428557,-0.05389694,4353989.159796485,-457622.70099545474,0.0
3667,77.85385,46.75,-6.0,2024-07-30 00:00:00,0.10669624,-0.061209954,4353989.159796485,-457622.70099545474,0.0
3847,92.32607,46.75,-6.0,2024-07-30 00:00:00,0.083065316,-0.040121492,4353989.159796485,-457622.70099545474,0.0
4027,109.7293,46.75,-6.0,2024-07-30 00:00:00,0.077211894,-0.020129817,4353989.159796485,-457622.70099545474,0.0
4207,130.666,46.75,-6.0,2024-07-30 00:00:00,0.07888309,-0.0114432555,4353989.159796485,-457622.70099545474,0.0
4387,155.8507,46.75,-6.0,2024-07-30 00:00:00,0.08176212,-0.006881346,4353989.159796485,-457622.70099545474,0.0
4567,186.1256,46.75,-6.0,2024-07-30 00:00:00,0.08159984,-0.0066322703,4353989.159796485,-457622.70099545474,0.0
4747,222.4752,46.75,-6.0,2024-07-30 00:00:00,0.08320255,0.00014819345,4353989.159796485,-457622.70099545474,0.0
4927,266.0403,46.75,-6.0,2024-07-30 00:00:00,0.07871665,-0.00083697913,4353989.159796485,-457622.70099545474,0.0
5107,318.1274,46.75,-6.0,2024-07-30 00:00:00,0.07138196,-0.0009800044,4353989.159796485,-457622.70099545474,0.0
5287,380.213,46.75,-6.0,2024-07-30 00:00:00,0.058320343,0.0009980376,4353989.159796485,-457622.70099545474,0.0
5467,453.9377,46.75,-6.0,2024-07-30 00:00:00,0.031595264,-0.0012413021,4353989.159796485,-457622.70099545474,0.0
5647,541.0889,46.75,-6.0,2024-07-30 00:00:00,0.008342531,0.023238659,4353989.159796485,-457622.70099545474,0.0
5827,643.5668,46.75,-6.0,2024-07-30 00:00:00,0.025577024,0.032881357,4353989.159796485,-457622.70099545474,0.0
6007,763.3331,46.75,-6.0,2024-07-30 00:00:00,0.051664192,0.035513006,4353989.159796485,-457622.70099545474,0.0
6187,902.3393,46.75,-6.0,2024-07-30 00:00:00,0.11051185,0.0256885,4353989.159796485,-457622.70099545474,0.0
76,0.494025,46.833336,-6.25,2024-07-30 00:00:00,-0.02832703,-0.040134866,4345238.723142079,-475881.0361998027,0.0
256,1.541375,46.833336,-6.25,2024-07-30 00:00:00,-0.02706528,-0.035694297,4345238.723142079,-475881.0361998027,0.0
436,2.645669,46.833336,-6.25,2024-07-30 00:00:00,-0.025731292,-0.031647824,4345238.723142079,-475881.0361998027,0.0
616,3.819495,46.833336,-6.25,2024-07-30 00:00:00,-0.02435909,-0.028059795,4345238.723142079,-475881.0361998027,0.0
796,5.078224,46.833336,-6.25,2024-07-30 00:00:00,-0.022947311,-0.024911065,4345238.723142079,-475881.0361998027,0.0
976,6.440614,46.833336,-6.25,2024-07-30 00:00:00,-0.021405017,-0.022069909,4345238.723142079,-475881.0361998027,0.0
1156,7.92956,46.833336,-6.25,2024-07-30 00:00:00,-0.019229334,-0.019019729,4345238.723142079,-475881.0361998027,0.0
1336,9.572997,46.833336,-6.25,2024-07-30 00:00:00,-0.0048642727,-0.0069169425,4345238.723142079,-475881.0361998027,0.0
1516,11.405,46.833336,-6.25,2024-07-30 00:00:00,0.04005618,-0.014311856,4345238.723142079,-475881.0361998027,0.0
1696,13.46714,46.833336,-6.25,2024-07-30 00:00:00,0.06393203,-0.026769796,4345238.723142079,-475881.0361998027,0.0
1876,15.81007,46.833336,-6.25,2024-07-30 00:00:00,0.072332166,-0.043484405,4345238.723142079,-475881.0361998027,0.0
2056,18.49556,46.833336,-6.25,2024-07-30 00:00:00,0.07273855,-0.04802639,4345238.723142079,-475881.0361998027,0.0
2236,21.59882,46.833336,-6.25,2024-07-30 00:00:00,0.07071046,-0.046327766,4345238.723142079,-475881.0361998027,0.0
2416,25.21141,46.833336,-6.25,2024-07-30 00:00:00,0.06412428,-0.0378735,4345238.723142079,-475881.0361998027,0.0
2596,29.44473,46.833336,-6.25,2024-07-30 00:00:00,0.054074846,-0.021732448,4345238.723142079,-475881.0361998027,0.0
2776,34.43415,46.833336,-6.25,2024-07-30 00:00:00,0.04673116,0.0061463537,4345238.723142079,-475881.0361998027,0.0
2956,40.34405,46.833336,-6.25,2024-07-30 00:00:00,0.05717427,0.03198544,4345238.723142079,-475881.0361998027,0.0
3136,47.37369,46.833336,-6.25,2024-07-30 00:00:00,0.08774367,0.026827564,4345238.723142079,-475881.0361998027,0.0
3316,55.76429,46.833336,-6.25,2024-07-30 00:00:00,0.102943495,-0.008506076,4345238.723142079,-475881.0361998027,0.0
3496,65.80727,46.833336,-6.25,2024-07-30 00:00:00,0.08718833,-0.035213973,4345238.723142079,-475881.0361998027,0.0
3676,77.85385,46.833336,-6.25,2024-07-30 00:00:00,0.06738298,-0.038469978,4345238.723142079,-475881.0361998027,0.0
3856,92.32607,46.833336,-6.25,2024-07-30 00:00:00,0.060121775,-0.032664295,4345238.723142079,-475881.0361998027,0.0
4036,109.7293,46.833336,-6.25,2024-07-30 00:00:00,0.060550343,-0.02423464,4345238.723142079,-475881.0361998027,0.0
4216,130.666,46.833336,-6.25,2024-07-30 00:00:00,0.060193904,-0.01818615,4345238.723142079,-475881.0361998027,0.0
4396,155.8507,46.833336,-6.25,2024-07-30 00:00:00,0.061499964,-0.020015594,4345238.723142079,-475881.0361998027,0.0
4576,186.1256,46.833336,-6.25,2024-07-30 00:00:00,0.065324225,-0.021512229,4345238.723142079,-475881.0361998027,0.0
4756,222.4752,46.833336,-6.25,2024-07-30 00:00:00,0.068932906,-0.023057874,4345238.723142079,-475881.0361998027,0.0
4936,266.0403,46.833336,-6.25,2024-07-30 00:00:00,0.06723616,-0.020902606,4345238.723142079,-475881.0361998027,0.0
5116,318.1274,46.833336,-6.25,2024-07-30 00:00:00,0.060434677,-0.017805476,4345238.723142079,-475881.0361998027,0.0
5296,380.213,46.833336,-6.25,2024-07-30 00:00:00,0.040695596,-0.016083041,4345238.723142079,-475881.0361998027,0.0
5476,453.9377,46.833336,-6.25,2024-07-30 00:00:00,0.039495964,-0.0011077481,4345238.723142079,-475881.0361998027,0.0
5656,541.0889,46.833336,-6.25,2024-07-30 00:00:00,0.050192613,0.029250754,4345238.723142079,-475881.0361998027,0.0
5836,643.5668,46.833336,-6.25,2024-07-30 00:00:00,0.047450684,0.06535685,4345238.723142079,-475881.0361998027,0.0
6016,763.3331,46.833336,-6.25,2024-07-30 00:00:00,0.048848297,0.10481583,4345238.723142079,-475881.0361998027,0.0
6196,902.3393,46.833336,-6.25,2024-07-30 00:00:00,0.085820474,0.11860778,4345238.723142079,-475881.0361998027,0.0
85,0.494025,46.833336,-6.1666565,2024-07-30 00:00:00,-0.0033952997,-0.03530717,4345926.351221016,-469559.8699535443,0.0
265,1.541375,46.833336,-6.1666565,2024-07-30 00:00:00,-0.0022298277,-0.030852336,4345926.351221016,-469559.8699535443,0.0
445,2.645669,46.833336,-6.1666565,2024-07-30 00:00:00,-0.0009912706,-0.026822845,4345926.351221016,-469559.8699535443,0.0
625,3.819495,46.833336,-6.1666565,2024-07-30 00:00:00,0.00028358307,-0.023292312,4345926.351221016,-469559.8699535443,0.0
805,5.078224,46.833336,-6.1666565,2024-07-30 00:00:00,0.0015926484,-0.020247286,4345926.351221016,-469559.8699535443,0.0
985,6.440614,46.833336,-6.1666565,2024-07-30 00:00:00,0.0030289902,-0.017545067,4345926.351221016,-469559.8699535443,0.0
1165,7.92956,46.833336,-6.1666565,2024-07-30 00:00:00,0.005127215,-0.014611332,4345926.351221016,-469559.8699535443,0.0
1345,9.572997,46.833336,-6.1666565,2024-07-30 00:00:00,0.024403933,-0.00041264924,4345926.351221016,-469559.8699535443,0.0
1525,11.405,46.833336,-6.1666565,2024-07-30 00:00:00,0.052435625,-0.011024399,4345926.351221016,-469559.8699535443,0.0
1705,13.46714,46.833336,-6.1666565,2024-07-30 00:00:00,0.07255417,-0.025602063,4345926.351221016,-469559.8699535443,0.0
1885,15.81007,46.833336,-6.1666565,2024-07-30 00:00:00,0.0826292,-0.04957632,4345926.351221016,-469559.8699535443,0.0
2065,18.49556,46.833336,-6.1666565,2024-07-30 00:00:00,0.07922516,-0.05653829,4345926.351221016,-469559.8699535443,0.0
2245,21.59882,46.833336,-6.1666565,2024-07-30 00:00:00,0.071405545,-0.052057594,4345926.351221016,-469559.8699535443,0.0
2425,25.21141,46.833336,-6.1666565,2024-07-30 00:00:00,0.05651363,-0.036977366,4345926.351221016,-469559.8699535443,0.0
2605,29.44473,46.833336,-6.1666565,2024-07-30 00:00:00,0.038358074,-0.0102636935,4345926.351221016,-469559.8699535443,0.0
2785,34.43415,46.833336,-6.1666565,2024-07-30 00:00:00,0.029937958,0.02944979,4345926.351221016,-469559.8699535443,0.0
2965,40.34405,46.833336,-6.1666565,2024-07-30 00:00:00,0.053670146,0.060055975,4345926.351221016,-469559.8699535443,0.0
3145,47.37369,46.833336,-6.1666565,2024-07-30 00:00:00,0.1060254,0.04499102,4345926.351221016,-469559.8699535443,0.0
3325,55.76429,46.833336,-6.1666565,2024-07-30 00:00:00,0.13118863,-0.010992597,4345926.351221016,-469559.8699535443,0.0
3505,65.80727,46.833336,-6.1666565,2024-07-30 00:00:00,0.1034745,-0.048016984,4345926.351221016,-469559.8699535443,0.0
3685,77.85385,46.833336,-6.1666565,2024-07-30 00:00:00,0.06747287,-0.046896573,4345926.351221016,-469559.8699535443,0.0
3865,92.32607,46.833336,-6.1666565,2024-07-30 00:00:00,0.055182584,-0.033719335,4345926.351221016,-469559.8699535443,0.0
4045,109.7293,46.833336,-6.1666565,2024-07-30 00:00:00,0.054579955,-0.022040874,4345926.351221016,-469559.8699535443,0.0
4225,130.666,46.833336,-6.1666565,2024-07-30 00:00:00,0.05642799,-0.014245238,4345926.351221016,-469559.8699535443,0.0
4405,155.8507,46.833336,-6.1666565,2024-07-30 00:00:00,0.058741312,-0.012155633,4345926.351221016,-469559.8699535443,0.0
4585,186.1256,46.833336,-6.1666565,2024-07-30 00:00:00,0.06365329,-0.012781654,4345926.351221016,-469559.8699535443,0.0
4765,222.4752,46.833336,-6.1666565,2024-07-30 00:00:00,0.06883208,-0.011639991,4345926.351221016,-469559.8699535443,0.0
4945,266.0403,46.833336,-6.1666565,2024-07-30 00:00:00,0.0644297,-0.01149905,4345926.351221016,-469559.8699535443,0.0
5125,318.1274,46.833336,-6.1666565,2024-07-30 00:00:00,0.05707685,-0.0119211,4345926.351221016,-469559.8699535443,0.0
5305,380.213,46.833336,-6.1666565,2024-07-30 00:00:00,0.034541406,-0.00530796,4345926.351221016,-469559.8699535443,0.0
5485,453.9377,46.833336,-6.1666565,2024-07-30 00:00:00,0.017969634,0.014932817,4345926.351221016,-469559.8699535443,0.0
5665,541.0889,46.833336,-6.1666565,2024-07-30 00:00:00,0.028742505,0.044108164,4345926.351221016,-469559.8699535443,0.0
5845,643.5668,46.833336,-6.1666565,2024-07-30 00:00:00,0.024632925,0.08171521,4345926.351221016,-469559.8699535443,0.0
6025,763.3331,46.833336,-6.1666565,2024-07-30 00:00:00,0.03918422,0.11166272,4345926.351221016,-469559.8699535443,0.0
6205,902.3393,46.833336,-6.1666565,2024-07-30 00:00:00,0.10023751,0.10767408,4345926.351221016,-469559.8699535443,0.0
94,0.494025,46.833336,-6.0833282,2024-07-30 00:00:00,0.0036746599,-0.030797128,4346604.66032198,-463238.86772943556,0.0
274,1.541375,46.833336,-6.0833282,2024-07-30 00:00:00,0.004772925,-0.02633278,4346604.66032198,-463238.86772943556,0.0
454,2.645669,46.833336,-6.0833282,2024-07-30 00:00:00,0.0059537487,-0.022288743,4346604.66032198,-463238.86772943556,0.0
634,3.819495,46.833336,-6.0833282,2024-07-30 00:00:00,0.007181746,-0.018743724,4346604.66032198,-463238.86772943556,0.0
814,5.078224,46.833336,-6.0833282,2024-07-30 00:00:00,0.00845183,-0.01568792,4346604.66032198,-463238.86772943556,0.0
994,6.440614,46.833336,-6.0833282,2024-07-30 00:00:00,0.009854952,-0.012991673,4346604.66032198,-463238.86772943556,0.0
1174,7.92956,46.833336,-6.0833282,2024-07-30 00:00:00,0.011841591,-0.010170928,4346604.66032198,-463238.86772943556,0.0
1354,9.572997,46.833336,-6.0833282,2024-07-30 00:00:00,0.025376018,0.002465752,4346604.66032198,-463238.86772943556,0.0
1534,11.405,46.833336,-6.0833282,2024-07-30 00:00:00,0.05704168,-0.0021397327,4346604.66032198,-463238.86772943556,0.0
1714,13.46714,46.833336,-6.0833282,2024-07-30 00:00:00,0.07748756,-0.016475959,4346604.66032198,-463238.86772943556,0.0
1894,15.81007,46.833336,-6.0833282,2024-07-30 00:00:00,0.09344567,-0.04838052,4346604.66032198,-463238.86772943556,0.0
2074,18.49556,46.833336,-6.0833282,2024-07-30 00:00:00,0.088222146,-0.063225955,4346604.66032198,-463238.86772943556,0.0
2254,21.59882,46.833336,-6.0833282,2024-07-30 00:00:00,0.07464978,-0.06238134,4346604.66032198,-463238.86772943556,0.0
2434,25.21141,46.833336,-6.0833282,2024-07-30 00:00:00,0.05198326,-0.04913054,4346604.66032198,-463238.86772943556,0.0
2614,29.44473,46.833336,-6.0833282,2024-07-30 00:00:00,0.025083218,-0.020183833,4346604.66032198,-463238.86772943556,0.0
2794,34.43415,46.833336,-6.0833282,2024-07-30 00:00:00,0.010909107,0.028469663,4346604.66032198,-463238.86772943556,0.0
2974,40.34405,46.833336,-6.0833282,2024-07-30 00:00:00,0.040607564,0.07284495,4346604.66032198,-463238.86772943556,0.0
3154,47.37369,46.833336,-6.0833282,2024-07-30 00:00:00,0.11210388,0.065390624,4346604.66032198,-463238.86772943556,0.0
3334,55.76429,46.833336,-6.0833282,2024-07-30 00:00:00,0.15726742,0.0018116338,4346604.66032198,-463238.86772943556,0.0
3514,65.80727,46.833336,-6.0833282,2024-07-30 00:00:00,0.1331534,-0.052070983,4346604.66032198,-463238.86772943556,0.0
3694,77.85385,46.833336,-6.0833282,2024-07-30 00:00:00,0.086605825,-0.057935163,4346604.66032198,-463238.86772943556,0.0
3874,92.32607,46.833336,-6.0833282,2024-07-30 00:00:00,0.059774138,-0.038296733,4346604.66032198,-463238.86772943556,0.0
4054,109.7293,46.833336,-6.0833282,2024-07-30 00:00:00,0.053991504,-0.021107133,4346604.66032198,-463238.86772943556,0.0
4234,130.666,46.833336,-6.0833282,2024-07-30 00:00:00,0.05877294,-0.0114695905,4346604.66032198,-463238.86772943556,0.0
4414,155.8507,46.833336,-6.0833282,2024-07-30 00:00:00,0.06434208,-0.0068368306,4346604.66032198,-463238.86772943556,0.0
4594,186.1256,46.833336,-6.0833282,2024-07-30 00:00:00,0.0642203,-0.0061333394,4346604.66032198,-463238.86772943556,0.0
4774,222.4752,46.833336,-6.0833282,2024-07-30 00:00:00,0.06929123,-0.0047381753,4346604.66032198,-463238.86772943556,0.0
4954,266.0403,46.833336,-6.0833282,2024-07-30 00:00:00,0.06936389,-0.0035816384,4346604.66032198,-463238.86772943556,0.0
5134,318.1274,46.833336,-6.0833282,2024-07-30 00:00:00,0.046984732,-0.0015679543,4346604.66032198,-463238.86772943556,0.0
5314,380.213,46.833336,-6.0833282,2024-07-30 00:00:00,0.025100587,0.008293258,4346604.66032198,-463238.86772943556,0.0
5494,453.9377,46.833336,-6.0833282,2024-07-30 00:00:00,0.010025978,0.024095545,4346604.66032198,-463238.86772943556,0.0
5674,541.0889,46.833336,-6.0833282,2024-07-30 00:00:00,-0.00044150697,0.053971514,4346604.66032198,-463238.86772943556,0.0
5854,643.5668,46.833336,-6.0833282,2024-07-30 00:00:00,0.017086303,0.07767303,4346604.66032198,-463238.86772943556,0.0
6034,763.3331,46.833336,-6.0833282,2024-07-30 00:00:00,0.038517933,0.09317066,4346604.66032198,-463238.86772943556,0.0
6214,902.3393,46.833336,-6.0833282,2024-07-30 00:00:00,0.087641895,0.08531797,4346604.66032198,-463238.86772943556,0.0
103,0.494025,46.833336,-6.0,2024-07-30 00:00:00,-0.0012240538,-0.031827826,4347273.775744883,-456916.88569019584,0.0
283,1.541375,46.833336,-6.0,2024-07-30 00:00:00,-0.00015525182,-0.027376808,4347273.775744883,-456916.88569019584,0.0
463,2.645669,46.833336,-6.0,2024-07-30 00:00:00,0.0009990117,-0.02330188,4347273.775744883,-456916.88569019584,0.0
643,3.819495,46.833336,-6.0,2024-07-30 00:00:00,0.0022041826,-0.019677535,4347273.775744883,-456916.88569019584,0.0
823,5.078224,46.833336,-6.0,2024-07-30 00:00:00,0.003452621,-0.01649389,4347273.775744883,-456916.88569019584,0.0
1003,6.440614,46.833336,-6.0,2024-07-30 00:00:00,0.0048122006,-0.013614932,4347273.775744883,-456916.88569019584,0.0
1183,7.92956,46.833336,-6.0,2024-07-30 00:00:00,0.006584646,-0.010612548,4347273.775744883,-456916.88569019584,0.0
1363,9.572997,46.833336,-6.0,2024-07-30 00:00:00,0.013198027,-0.0015782733,4347273.775744883,-456916.88569019584,0.0
1543,11.405,46.833336,-6.0,2024-07-30 00:00:00,0.057672832,0.0055568162,4347273.775744883,-456916.88569019584,0.0
1723,13.46714,46.833336,-6.0,2024-07-30 00:00:00,0.08008781,-0.008044266,4347273.775744883,-456916.88569019584,0.0
1903,15.81007,46.833336,-6.0,2024-07-30 00:00:00,0.101259716,-0.04256022,4347273.775744883,-456916.88569019584,0.0
2083,18.49556,46.833336,-6.0,2024-07-30 00:00:00,0.0997051,-0.06250353,4347273.775744883,-456916.88569019584,0.0
2263,21.59882,46.833336,-6.0,2024-07-30 00:00:00,0.08681615,-0.06729859,4347273.775744883,-456916.88569019584,0.0
2443,25.21141,46.833336,-6.0,2024-07-30 00:00:00,0.063830204,-0.06138257,4347273.775744883,-456916.88569019584,0.0
2623,29.44473,46.833336,-6.0,2024-07-30 00:00:00,0.0350485,-0.04014246,4347273.775744883,-456916.88569019584,0.0
2803,34.43415,46.833336,-6.0,2024-07-30 00:00:00,0.016442489,0.0032223877,4347273.775744883,-456916.88569019584,0.0
2983,40.34405,46.833336,-6.0,2024-07-30 00:00:00,0.038553093,0.051282056,4347273.775744883,-456916.88569019584,0.0
3163,47.37369,46.833336,-6.0,2024-07-30 00:00:00,0.10483393,0.060474347,4347273.775744883,-456916.88569019584,0.0
3343,55.76429,46.833336,-6.0,2024-07-30 00:00:00,0.15740724,0.014994197,4347273.775744883,-456916.88569019584,0.0
3523,65.80727,46.833336,-6.0,2024-07-30 00:00:00,0.15190443,-0.041845497,4347273.775744883,-456916.88569019584,0.0
3703,77.85385,46.833336,-6.0,2024-07-30 00:00:00,0.11183976,-0.05770518,4347273.775744883,-456916.88569019584,0.0
3883,92.32607,46.833336,-6.0,2024-07-30 00:00:00,0.07982783,-0.043402765,4347273.775744883,-456916.88569019584,0.0
4063,109.7293,46.833336,-6.0,2024-07-30 00:00:00,0.068541326,-0.02680982,4347273.775744883,-456916.88569019584,0.0
4243,130.666,46.833336,-6.0,2024-07-30 00:00:00,0.06869686,-0.018661924,4347273.775744883,-456916.88569019584,0.0
4423,155.8507,46.833336,-6.0,2024-07-30 00:00:00,0.06744886,-0.014034084,4347273.775744883,-456916.88569019584,0.0
4603,186.1256,46.833336,-6.0,2024-07-30 00:00:00,0.062874705,-0.010155242,4347273.775744883,-456916.88569019584,0.0
4783,222.4752,46.833336,-6.0,2024-07-30 00:00:00,0.06328118,-0.0075528044,4347273.775744883,-456916.88569019584,0.0
4963,266.0403,46.833336,-6.0,2024-07-30 00:00:00,0.06285228,-0.007414649,4347273.775744883,-456916.88569019584,0.0
5143,318.1274,46.833336,-6.0,2024-07-30 00:00:00,0.043368366,-0.0051792394,4347273.775744883,-456916.88569019584,0.0
5323,380.213,46.833336,-6.0,2024-07-30 00:00:00,0.023758035,-0.00074138626,4347273.775744883,-456916.88569019584,0.0
5503,453.9377,46.833336,-6.0,2024-07-30 00:00:00,0.011660252,0.010838355,4347273.775744883,-456916.88569019584,0.0
5683,541.0889,46.833336,-6.0,2024-07-30 00:00:00,0.010372739,0.028610919,4347273.775744883,-456916.88569019584,0.0
5863,643.5668,46.833336,-6.0,2024-07-30 00:00:00,0.030193888,0.044454537,4347273.775744883,-456916.88569019584,0.0
6043,763.3331,46.833336,-6.0,2024-07-30 00:00:00,0.046622217,0.04930462,4347273.775744883,-456916.88569019584,0.0
6223,902.3393,46.833336,-6.0,2024-07-30 00:00:00,0.059382126,0.059237953,4347273.775744883,-456916.88569019584,0.0
112,0.494025,46.91667,-6.25,2024-07-30 00:00:00,-0.017411845,-0.020622877,4338517.220887722,-475144.9119816816,0.0
292,1.541375,46.91667,-6.25,2024-07-30 00:00:00,-0.01613087,-0.016196726,4338517.220887722,-475144.9119816816,0.0
472,2.645669,46.91667,-6.25,2024-07-30 00:00:00,-0.01478032,-0.012169206,4338517.220887722,-475144.9119816816,0.0
652,3.819495,46.91667,-6.25,2024-07-30 00:00:00,-0.0133942785,-0.008611806,4338517.220887722,-475144.9119816816,0.0
832,5.078224,46.91667,-6.25,2024-07-30 00:00:00,-0.011961644,-0.005496341,4338517.220887722,-475144.9119816816,0.0
1012,6.440614,46.91667,-6.25,2024-07-30 00:00:00,-0.0103674745,-0.0026659006,4338517.220887722,-475144.9119816816,0.0
1192,7.92956,46.91667,-6.25,2024-07-30 00:00:00,-0.007889291,0.0005804174,4338517.220887722,-475144.9119816816,0.0
1372,9.572997,46.91667,-6.25,2024-07-30 00:00:00,0.01420079,0.015671587,4338517.220887722,-475144.9119816816,0.0
1552,11.405,46.91667,-6.25,2024-07-30 00:00:00,0.069147214,0.007992335,4338517.220887722,-475144.9119816816,0.0
1732,13.46714,46.91667,-6.25,2024-07-30 00:00:00,0.093462355,-0.0118734,4338517.220887722,-475144.9119816816,0.0
1912,15.81007,46.91667,-6.25,2024-07-30 00:00:00,0.10034639,-0.027553909,4338517.220887722,-475144.9119816816,0.0
2092,18.49556,46.91667,-6.25,2024-07-30 00:00:00,0.1015264,-0.032795202,4338517.220887722,-475144.9119816816,0.0
2272,21.59882,46.91667,-6.25,2024-07-30 00:00:00,0.10007761,-0.027172547,4338517.220887722,-475144.9119816816,0.0
2452,25.21141,46.91667,-6.25,2024-07-30 00:00:00,0.095676415,-0.011632875,4338517.220887722,-475144.9119816816,0.0
2632,29.44473,46.91667,-6.25,2024-07-30 00:00:00,0.0889692,0.011705287,4338517.220887722,-475144.9119816816,0.0
2812,34.43415,46.91667,-6.25,2024-07-30 00:00:00,0.08727873,0.038963147,4338517.220887722,-475144.9119816816,0.0
2992,40.34405,46.91667,-6.25,2024-07-30 00:00:00,0.09766612,0.052613765,4338517.220887722,-475144.9119816816,0.0
3172,47.37369,46.91667,-6.25,2024-07-30 00:00:00,0.120208256,0.04163066,4338517.220887722,-475144.9119816816,0.0
3352,55.76429,46.91667,-6.25,2024-07-30 00:00:00,0.13433865,0.0111127095,4338517.220887722,-475144.9119816816,0.0
3532,65.80727,46.91667,-6.25,2024-07-30 00:00:00,0.123831406,-0.013182251,4338517.220887722,-475144.9119816816,0.0
3712,77.85385,46.91667,-6.25,2024-07-30 00:00:00,0.10678853,-0.019697916,4338517.220887722,-475144.9119816816,0.0
3892,92.32607,46.91667,-6.25,2024-07-30 00:00:00,0.097592264,-0.015910521,4338517.220887722,-475144.9119816816,0.0
4072,109.7293,46.91667,-6.25,2024-07-30 00:00:00,0.09250951,-0.009877242,4338517.220887722,-475144.9119816816,0.0
4252,130.666,46.91667,-6.25,2024-07-30 00:00:00,0.086300746,-0.0045075053,4338517.220887722,-475144.9119816816,0.0
4432,155.8507,46.91667,-6.25,2024-07-30 00:00:00,0.08125433,-0.006550338,4338517.220887722,-475144.9119816816,0.0
4612,186.1256,46.91667,-6.25,2024-07-30 00:00:00,0.07183103,-0.003787216,4338517.220887722,-475144.9119816816,0.0
4792,222.4752,46.91667,-6.25,2024-07-30 00:00:00,0.06447283,0.001192377,4338517.220887722,-475144.9119816816,0.0
4972,266.0403,46.91667,-6.25,2024-07-30 00:00:00,0.05849811,-0.00059780246,4338517.220887722,-475144.9119816816,0.0
5152,318.1274,46.91667,-6.25,2024-07-30 00:00:00,0.051984504,-0.0004702385,4338517.220887722,-475144.9119816816,0.0
5332,380.213,46.91667,-6.25,2024-07-30 00:00:00,0.04584629,0.0148680005,4338517.220887722,-475144.9119816816,0.0
5512,453.9377,46.91667,-6.25,2024-07-30 00:00:00,0.04502632,0.025625879,4338517.220887722,-475144.9119816816,0.0
5692,541.0889,46.91667,-6.25,2024-07-30 00:00:00,0.027036903,0.050043106,4338517.220887722,-475144.9119816816,0.0
5872,643.5668,46.91667,-6.25,2024-07-30 00:00:00,0.007911791,0.08669039,4338517.220887722,-475144.9119816816,0.0
6052,763.3331,46.91667,-6.25,2024-07-30 00:00:00,0.014045296,0.102347955,4338517.220887722,-475144.9119816816,0.0
6232,902.3393,46.91667,-6.25,2024-07-30 00:00:00,0.033887576,0.115414314,4338517.220887722,-475144.9119816816,0.0
121,0.494025,46.91667,-6.1666565,2024-07-30 00:00:00,-0.011107115,-0.011046918,4339203.78529813,-468833.52373287774,0.0
301,1.541375,46.91667,-6.1666565,2024-07-30 00:00:00,-0.009930173,-0.0066236835,4339203.78529813,-468833.52373287774,0.0
481,2.645669,46.91667,-6.1666565,2024-07-30 00:00:00,-0.008679093,-0.002634388,4339203.78529813,-468833.52373287774,0.0
661,3.819495,46.91667,-6.1666565,2024-07-30 00:00:00,-0.007390074,0.00084374653,4339203.78529813,-468833.52373287774,0.0
841,5.078224,46.91667,-6.1666565,2024-07-30 00:00:00,-0.006053644,0.0038439587,4339203.78529813,-468833.52373287774,0.0
1021,6.440614,46.91667,-6.1666565,2024-07-30 00:00:00,-0.0045499047,0.006529051,4339203.78529813,-468833.52373287774,0.0
1201,7.92956,46.91667,-6.1666565,2024-07-30 00:00:00,-0.0020433099,0.009762537,4339203.78529813,-468833.52373287774,0.0
1381,9.572997,46.91667,-6.1666565,2024-07-30 00:00:00,0.027807252,0.026786173,4339203.78529813,-468833.52373287774,0.0
1561,11.405,46.91667,-6.1666565,2024-07-30 00:00:00,0.07030241,0.01705168,4339203.78529813,-468833.52373287774,0.0
1741,13.46714,46.91667,-6.1666565,2024-07-30 00:00:00,0.09257199,-0.0066485927,4339203.78529813,-468833.52373287774,0.0
1921,15.81007,46.91667,-6.1666565,2024-07-30 00:00:00,0.09817522,-0.025910914,4339203.78529813,-468833.52373287774,0.0
2101,18.49556,46.91667,-6.1666565,2024-07-30 00:00:00,0.09696988,-0.02990457,4339203.78529813,-468833.52373287774,0.0
2281,21.59882,46.91667,-6.1666565,2024-07-30 00:00:00,0.09106841,-0.021649571,4339203.78529813,-468833.52373287774,0.0
2461,25.21141,46.91667,-6.1666565,2024-07-30 00:00:00,0.07939707,-0.0025398852,4339203.78529813,-468833.52373287774,0.0
2641,29.44473,46.91667,-6.1666565,2024-07-30 00:00:00,0.06495299,0.024722438,4339203.78529813,-468833.52373287774,0.0
2821,34.43415,46.91667,-6.1666565,2024-07-30 00:00:00,0.060441755,0.05514508,4339203.78529813,-468833.52373287774,0.0
3001,40.34405,46.91667,-6.1666565,2024-07-30 00:00:00,0.07823357,0.07062061,4339203.78529813,-468833.52373287774,0.0
3181,47.37369,46.91667,-6.1666565,2024-07-30 00:00:00,0.11447561,0.05710875,4339203.78529813,-468833.52373287774,0.0
3361,55.76429,46.91667,-6.1666565,2024-07-30 00:00:00,0.13554542,0.018058177,4339203.78529813,-468833.52373287774,0.0
3541,65.80727,46.91667,-6.1666565,2024-07-30 00:00:00,0.11794362,-0.01565961,4339203.78529813,-468833.52373287774,0.0
3721,77.85385,46.91667,-6.1666565,2024-07-30 00:00:00,0.09061762,-0.025591368,4339203.78529813,-468833.52373287774,0.0
3901,92.32607,46.91667,-6.1666565,2024-07-30 00:00:00,0.07329503,-0.020405874,4339203.78529813,-468833.52373287774,0.0
4081,109.7293,46.91667,-6.1666565,2024-07-30 00:00:00,0.065959916,-0.015045382,4339203.78529813,-468833.52373287774,0.0
4261,130.666,46.91667,-6.1666565,2024-07-30 00:00:00,0.061916176,-0.008750287,4339203.78529813,-468833.52373287774,0.0
4441,155.8507,46.91667,-6.1666565,2024-07-30 00:00:00,0.058800664,-0.0082709985,4339203.78529813,-468833.52373287774,0.0
4621,186.1256,46.91667,-6.1666565,2024-07-30 00:00:00,0.051946156,-0.0060111824,4339203.78529813,-468833.52373287774,0.0
4801,222.4752,46.91667,-6.1666565,2024-07-30 00:00:00,0.04533319,-0.0064131366,4339203.78529813,-468833.52373287774,0.0
4981,266.0403,46.91667,-6.1666565,2024-07-30 00:00:00,0.041561242,-0.006477615,4339203.78529813,-468833.52373287774,0.0
5161,318.1274,46.91667,-6.1666565,2024-07-30 00:00:00,0.029697608,-0.0022709311,4339203.78529813,-468833.52373287774,0.0
5341,380.213,46.91667,-6.1666565,2024-07-30 00:00:00,0.023879386,0.01430022,4339203.78529813,-468833.52373287774,0.0
5521,453.9377,46.91667,-6.1666565,2024-07-30 00:00:00,0.025136398,0.046454147,4339203.78529813,-468833.52373287774,0.0
5701,541.0889,46.91667,-6.1666565,2024-07-30 00:00:00,0.012855535,0.07121728,4339203.78529813,-468833.52373287774,0.0
5881,643.5668,46.91667,-6.1666565,2024-07-30 00:00:00,0.019972794,0.09980258,4339203.78529813,-468833.52373287774,0.0
6061,763.3331,46.91667,-6.1666565,2024-07-30 00:00:00,0.025392683,0.10592985,4339203.78529813,-468833.52373287774,0.0
6241,902.3393,46.91667,-6.1666565,2024-07-30 00:00:00,0.034097508,0.11271793,4339203.78529813,-468833.52373287774,0.0
130,0.494025,46.91667,-6.0833282,2024-07-30 00:00:00,-0.006326928,-0.008406501,4339881.045145775,-462522.2992525033,0.0
310,1.541375,46.91667,-6.0833282,2024-07-30 00:00:00,-0.0052321423,-0.0039910967,4339881.045145775,-462522.2992525033,0.0
490,2.645669,46.91667,-6.0833282,2024-07-30 00:00:00,-0.004054983,-7.456518e-06,4339881.045145775,-462522.2992525033,0.0
670,3.819495,46.91667,-6.0833282,2024-07-30 00:00:00,-0.0028295573,0.003466339,4339881.045145775,-462522.2992525033,0.0
850,5.078224,46.91667,-6.0833282,2024-07-30 00:00:00,-0.0015475219,0.00645552,4339881.045145775,-462522.2992525033,0.0
1030,6.440614,46.91667,-6.0833282,2024-07-30 00:00:00,-9.640894e-05,0.009111191,4339881.045145775,-462522.2992525033,0.0
1210,7.92956,46.91667,-6.0833282,2024-07-30 00:00:00,0.0022535247,0.012147927,4339881.045145775,-462522.2992525033,0.0
1390,9.572997,46.91667,-6.0833282,2024-07-30 00:00:00,0.0270762,0.028307272,4339881.045145775,-462522.2992525033,0.0
1570,11.405,46.91667,-6.0833282,2024-07-30 00:00:00,0.073750496,0.026034534,4339881.045145775,-462522.2992525033,0.0
1750,13.46714,46.91667,-6.0833282,2024-07-30 00:00:00,0.09773907,0.0037385058,4339881.045145775,-462522.2992525033,0.0
1930,15.81007,46.91667,-6.0833282,2024-07-30 00:00:00,0.105202116,-0.023569,4339881.045145775,-462522.2992525033,0.0
2110,18.49556,46.91667,-6.0833282,2024-07-30 00:00:00,0.10173363,-0.033731036,4339881.045145775,-462522.2992525033,0.0
2290,21.59882,46.91667,-6.0833282,2024-07-30 00:00:00,0.09075272,-0.031588607,4339881.045145775,-462522.2992525033,0.0
2470,25.21141,46.91667,-6.0833282,2024-07-30 00:00:00,0.07152877,-0.019736262,4339881.045145775,-462522.2992525033,0.0
2650,29.44473,46.91667,-6.0833282,2024-07-30 00:00:00,0.04833714,0.0022706385,4339881.045145775,-462522.2992525033,0.0
2830,34.43415,46.91667,-6.0833282,2024-07-30 00:00:00,0.03770446,0.034664087,4339881.045145775,-462522.2992525033,0.0
3010,40.34405,46.91667,-6.0833282,2024-07-30 00:00:00,0.056579832,0.06334545,4339881.045145775,-462522.2992525033,0.0
3190,47.37369,46.91667,-6.0833282,2024-07-30 00:00:00,0.10109329,0.06355631,4339881.045145775,-462522.2992525033,0.0
3370,55.76429,46.91667,-6.0833282,2024-07-30 00:00:00,0.13071537,0.024934616,4339881.045145775,-462522.2992525033,0.0
3550,65.80727,46.91667,-6.0833282,2024-07-30 00:00:00,0.11563321,-0.023424225,4339881.045145775,-462522.2992525033,0.0
3730,77.85385,46.91667,-6.0833282,2024-07-30 00:00:00,0.0836609,-0.04178557,4339881.045145775,-462522.2992525033,0.0
3910,92.32607,46.91667,-6.0833282,2024-07-30 00:00:00,0.06330041,-0.037773117,4339881.045145775,-462522.2992525033,0.0
4090,109.7293,46.91667,-6.0833282,2024-07-30 00:00:00,0.055296652,-0.027387727,4339881.045145775,-462522.2992525033,0.0
4270,130.666,46.91667,-6.0833282,2024-07-30 00:00:00,0.050778463,-0.019601196,4339881.045145775,-462522.2992525033,0.0
4450,155.8507,46.91667,-6.0833282,2024-07-30 00:00:00,0.04522085,-0.0161044,4339881.045145775,-462522.2992525033,0.0
4630,186.1256,46.91667,-6.0833282,2024-07-30 00:00:00,0.04384323,-0.019298386,4339881.045145775,-462522.2992525033,0.0
4810,222.4752,46.91667,-6.0833282,2024-07-30 00:00:00,0.039474346,-0.018239554,4339881.045145775,-462522.2992525033,0.0
4990,266.0403,46.91667,-6.0833282,2024-07-30 00:00:00,0.03150932,-0.014808206,4339881.045145775,-462522.2992525033,0.0
5170,318.1274,46.91667,-6.0833282,2024-07-30 00:00:00,0.022653382,-0.0067019924,4339881.045145775,-462522.2992525033,0.0
5350,380.213,46.91667,-6.0833282,2024-07-30 00:00:00,0.011895158,0.00703867,4339881.045145775,-462522.2992525033,0.0
5530,453.9377,46.91667,-6.0833282,2024-07-30 00:00:00,0.021851579,0.038962703,4339881.045145775,-462522.2992525033,0.0
5710,541.0889,46.91667,-6.0833282,2024-07-30 00:00:00,0.018063232,0.06459278,4339881.045145775,-462522.2992525033,0.0
5890,643.5668,46.91667,-6.0833282,2024-07-30 00:00:00,0.026798788,0.076643,4339881.045145775,-462522.2992525033,0.0
6070,763.3331,46.91667,-6.0833282,2024-07-30 00:00:00,0.027158797,0.098984286,4339881.045145775,-462522.2992525033,0.0
6250,902.3393,46.91667,-6.0833282,2024-07-30 00:00:00,0.025335152,0.11424953,4339881.045145775,-462522.2992525033,0.0
139,0.494025,46.91667,-6.0,2024-07-30 00:00:00,-0.010744993,-0.02025958,4340549.125536747,-456210.0964726406,0.0
319,1.541375,46.91667,-6.0,2024-07-30 00:00:00,-0.00968777,-0.015880536,4340549.125536747,-456210.0964726406,0.0
499,2.645669,46.91667,-6.0,2024-07-30 00:00:00,-0.008539616,-0.011892769,4340549.125536747,-456210.0964726406,0.0
679,3.819495,46.91667,-6.0,2024-07-30 00:00:00,-0.0073301625,-0.008364986,4340549.125536747,-456210.0964726406,0.0
859,5.078224,46.91667,-6.0,2024-07-30 00:00:00,-0.006052018,-0.0052643325,4340549.125536747,-456210.0964726406,0.0
1039,6.440614,46.91667,-6.0,2024-07-30 00:00:00,-0.004609667,-0.0024346702,4340549.125536747,-456210.0964726406,0.0
1219,7.92956,46.91667,-6.0,2024-07-30 00:00:00,-0.0024921226,0.0007605052,4340549.125536747,-456210.0964726406,0.0
1399,9.572997,46.91667,-6.0,2024-07-30 00:00:00,0.010402034,0.0155251175,4340549.125536747,-456210.0964726406,0.0
1579,11.405,46.91667,-6.0,2024-07-30 00:00:00,0.07255612,0.021395382,4340549.125536747,-456210.0964726406,0.0
1759,13.46714,46.91667,-6.0,2024-07-30 00:00:00,0.102027714,0.0026156348,4340549.125536747,-456210.0964726406,0.0
1939,15.81007,46.91667,-6.0,2024-07-30 00:00:00,0.11408142,-0.02588788,4340549.125536747,-456210.0964726406,0.0
2119,18.49556,46.91667,-6.0,2024-07-30 00:00:00,0.112745404,-0.04036733,4340549.125536747,-456210.0964726406,0.0
2299,21.59882,46.91667,-6.0,2024-07-30 00:00:00,0.10291967,-0.045009367,4340549.125536747,-456210.0964726406,0.0
2479,25.21141,46.91667,-6.0,2024-07-30 00:00:00,0.08375736,-0.042316876,4340549.125536747,-456210.0964726406,0.0
2659,29.44473,46.91667,-6.0,2024-07-30 00:00:00,0.057481837,-0.029146621,4340549.125536747,-456210.0964726406,0.0
2839,34.43415,46.91667,-6.0,2024-07-30 00:00:00,0.04031847,0.0003866111,4340549.125536747,-456210.0964726406,0.0
3019,40.34405,46.91667,-6.0,2024-07-30 00:00:00,0.050525952,0.03674563,4340549.125536747,-456210.0964726406,0.0
3199,47.37369,46.91667,-6.0,2024-07-30 00:00:00,0.08708821,0.05069978,4340549.125536747,-456210.0964726406,0.0
3379,55.76429,46.91667,-6.0,2024-07-30 00:00:00,0.11519622,0.025248343,4340549.125536747,-456210.0964726406,0.0
3559,65.80727,46.91667,-6.0,2024-07-30 00:00:00,0.11058509,-0.017427564,4340549.125536747,-456210.0964726406,0.0
3739,77.85385,46.91667,-6.0,2024-07-30 00:00:00,0.08634578,-0.03950586,4340549.125536747,-456210.0964726406,0.0
3919,92.32607,46.91667,-6.0,2024-07-30 00:00:00,0.06758555,-0.03965074,4340549.125536747,-456210.0964726406,0.0
4099,109.7293,46.91667,-6.0,2024-07-30 00:00:00,0.058753602,-0.033610456,4340549.125536747,-456210.0964726406,0.0
4279,130.666,46.91667,-6.0,2024-07-30 00:00:00,0.05351783,-0.027297346,4340549.125536747,-456210.0964726406,0.0
4459,155.8507,46.91667,-6.0,2024-07-30 00:00:00,0.046223998,-0.02317857,4340549.125536747,-456210.0964726406,0.0
4639,186.1256,46.91667,-6.0,2024-07-30 00:00:00,0.04244485,-0.019528808,4340549.125536747,-456210.0964726406,0.0
4819,222.4752,46.91667,-6.0,2024-07-30 00:00:00,0.037144963,-0.016778985,4340549.125536747,-456210.0964726406,0.0
4999,266.0403,46.91667,-6.0,2024-07-30 00:00:00,0.02830718,-0.019463757,4340549.125536747,-456210.0964726406,0.0
5179,318.1274,46.91667,-6.0,2024-07-30 00:00:00,0.01827792,-0.02655564,4340549.125536747,-456210.0964726406,0.0
5359,380.213,46.91667,-6.0,2024-07-30 00:00:00,0.014767829,-0.025600133,4340549.125536747,-456210.0964726406,0.0
5539,453.9377,46.91667,-6.0,2024-07-30 00:00:00,0.026602492,-0.011124812,4340549.125536747,-456210.0964726406,0.0
5719,541.0889,46.91667,-6.0,2024-07-30 00:00:00,0.036175262,-0.0050850864,4340549.125536747,-456210.0964726406,0.0
5899,643.5668,46.91667,-6.0,2024-07-30 00:00:00,0.04222116,0.04454506,4340549.125536747,-456210.0964726406,0.0
6079,763.3331,46.91667,-6.0,2024-07-30 00:00:00,0.018001588,0.060187098,4340549.125536747,-456210.0964726406,0.0
6259,902.3393,46.91667,-6.0,2024-07-30 00:00:00,0.007021429,0.10053398,4340549.125536747,-456210.0964726406,0.0
148,0.494025,47.0,-6.25,2024-07-30 00:00:00,0.023882851,0.02704512,4331787.087405169,-474407.8424903363,0.0
328,1.541375,47.0,-6.25,2024-07-30 00:00:00,0.025244854,0.03145678,4331787.087405169,-474407.8424903363,0.0
508,2.645669,47.0,-6.25,2024-07-30 00:00:00,0.026673973,0.035474937,4331787.087405169,-474407.8424903363,0.0
688,3.819495,47.0,-6.25,2024-07-30 00:00:00,0.02813051,0.039014008,4331787.087405169,-474407.8424903363,0.0
868,5.078224,47.0,-6.25,2024-07-30 00:00:00,0.029625773,0.04209319,4331787.087405169,-474407.8424903363,0.0
1048,6.440614,47.0,-6.25,2024-07-30 00:00:00,0.031297702,0.04487208,4331787.087405169,-474407.8424903363,0.0
1228,7.92956,47.0,-6.25,2024-07-30 00:00:00,0.033983476,0.048042428,4331787.087405169,-474407.8424903363,0.0
1408,9.572997,47.0,-6.25,2024-07-30 00:00:00,0.05731954,0.060674544,4331787.087405169,-474407.8424903363,0.0
1588,11.405,47.0,-6.25,2024-07-30 00:00:00,0.113438144,0.04455168,4331787.087405169,-474407.8424903363,0.0
1768,13.46714,47.0,-6.25,2024-07-30 00:00:00,0.13897811,0.022119109,4331787.087405169,-474407.8424903363,0.0
1948,15.81007,47.0,-6.25,2024-07-30 00:00:00,0.15332623,0.0076598153,4331787.087405169,-474407.8424903363,0.0
2128,18.49556,47.0,-6.25,2024-07-30 00:00:00,0.15429041,0.003914453,4331787.087405169,-474407.8424903363,0.0
2308,21.59882,47.0,-6.25,2024-07-30 00:00:00,0.14774705,0.008044565,4331787.087405169,-474407.8424903363,0.0
2488,25.21141,47.0,-6.25,2024-07-30 00:00:00,0.13729349,0.018061947,4331787.087405169,-474407.8424903363,0.0
2668,29.44473,47.0,-6.25,2024-07-30 00:00:00,0.12481191,0.030994054,4331787.087405169,-474407.8424903363,0.0
2848,34.43415,47.0,-6.25,2024-07-30 00:00:00,0.115945496,0.041300423,4331787.087405169,-474407.8424903363,0.0
3028,40.34405,47.0,-6.25,2024-07-30 00:00:00,0.11583466,0.04652656,4331787.087405169,-474407.8424903363,0.0
3208,47.37369,47.0,-6.25,2024-07-30 00:00:00,0.1305431,0.044658307,4331787.087405169,-474407.8424903363,0.0
3388,55.76429,47.0,-6.25,2024-07-30 00:00:00,0.15281846,0.03127084,4331787.087405169,-474407.8424903363,0.0
3568,65.80727,47.0,-6.25,2024-07-30 00:00:00,0.16454446,0.0135125555,4331787.087405169,-474407.8424903363,0.0
3748,77.85385,47.0,-6.25,2024-07-30 00:00:00,0.16492604,-0.00094735064,4331787.087405169,-474407.8424903363,0.0
3928,92.32607,47.0,-6.25,2024-07-30 00:00:00,0.15428281,-0.0009019766,4331787.087405169,-474407.8424903363,0.0
4108,109.7293,47.0,-6.25,2024-07-30 00:00:00,0.1431456,0.00845374,4331787.087405169,-474407.8424903363,0.0
4288,130.666,47.0,-6.25,2024-07-30 00:00:00,0.12538384,0.022548579,4331787.087405169,-474407.8424903363,0.0
4468,155.8507,47.0,-6.25,2024-07-30 00:00:00,0.1179893,0.025655394,4331787.087405169,-474407.8424903363,0.0
4648,186.1256,47.0,-6.25,2024-07-30 00:00:00,0.115811534,0.025756352,4331787.087405169,-474407.8424903363,0.0
4828,222.4752,47.0,-6.25,2024-07-30 00:00:00,0.10978113,0.03541565,4331787.087405169,-474407.8424903363,0.0
5008,266.0403,47.0,-6.25,2024-07-30 00:00:00,0.097172916,0.035220567,4331787.087405169,-474407.8424903363,0.0
5188,318.1274,47.0,-6.25,2024-07-30 00:00:00,0.084225625,0.03349247,4331787.087405169,-474407.8424903363,0.0
5368,380.213,47.0,-6.25,2024-07-30 00:00:00,0.068932354,0.034020983,4331787.087405169,-474407.8424903363,0.0
5548,453.9377,47.0,-6.25,2024-07-30 00:00:00,0.04751735,0.046078444,4331787.087405169,-474407.8424903363,0.0
5728,541.0889,47.0,-6.25,2024-07-30 00:00:00,0.024806056,0.055172518,4331787.087405169,-474407.8424903363,0.0
5908,643.5668,47.0,-6.25,2024-07-30 00:00:00,0.012018278,0.07576148,4331787.087405169,-474407.8424903363,0.0
6088,763.3331,47.0,-6.25,2024-07-30 00:00:00,0.0031039189,0.10906003,4331787.087405169,-474407.8424903363,0.0
6268,902.3393,47.0,-6.25,2024-07-30 00:00:00,-0.0064902846,0.1258423,4331787.087405169,-474407.8424903363,0.0
157,0.494025,47.0,-6.1666565,2024-07-30 00:00:00,-0.005093563,0.032810215,4332472.586781167,-468106.2447951276,0.0
337,1.541375,47.0,-6.1666565,2024-07-30 00:00:00,-0.0038226806,0.037224784,4332472.586781167,-468106.2447951276,0.0
517,2.645669,47.0,-6.1666565,2024-07-30 00:00:00,-0.002474531,0.041231558,4332472.586781167,-468106.2447951276,0.0
697,3.819495,47.0,-6.1666565,2024-07-30 00:00:00,-0.001088518,0.044740416,4332472.586781167,-468106.2447951276,0.0
877,5.078224,47.0,-6.1666565,2024-07-30 00:00:00,0.00035522203,0.04778269,4332472.586781167,-468106.2447951276,0.0
1057,6.440614,47.0,-6.1666565,2024-07-30 00:00:00,0.0020092942,0.050535146,4332472.586781167,-468106.2447951276,0.0
1237,7.92956,47.0,-6.1666565,2024-07-30 00:00:00,0.0049811546,0.05392004,4332472.586781167,-468106.2447951276,0.0
1417,9.572997,47.0,-6.1666565,2024-07-30 00:00:00,0.03816071,0.07027114,4332472.586781167,-468106.2447951276,0.0
1597,11.405,47.0,-6.1666565,2024-07-30 00:00:00,0.09266817,0.058661427,4332472.586781167,-468106.2447951276,0.0
1777,13.46714,47.0,-6.1666565,2024-07-30 00:00:00,0.1161343,0.03407737,4332472.586781167,-468106.2447951276,0.0
1957,15.81007,47.0,-6.1666565,2024-07-30 00:00:00,0.12524596,0.018670365,4332472.586781167,-468106.2447951276,0.0
2137,18.49556,47.0,-6.1666565,2024-07-30 00:00:00,0.122908264,0.013174234,4332472.586781167,-468106.2447951276,0.0
2317,21.59882,47.0,-6.1666565,2024-07-30 00:00:00,0.11460158,0.015001928,4332472.586781167,-468106.2447951276,0.0
2497,25.21141,47.0,-6.1666565,2024-07-30 00:00:00,0.10295527,0.023340024,4332472.586781167,-468106.2447951276,0.0
2677,29.44473,47.0,-6.1666565,2024-07-30 00:00:00,0.09196615,0.0362124,4332472.586781167,-468106.2447951276,0.0
2857,34.43415,47.0,-6.1666565,2024-07-30 00:00:00,0.09137889,0.04966647,4332472.586781167,-468106.2447951276,0.0
3037,40.34405,47.0,-6.1666565,2024-07-30 00:00:00,0.10542878,0.0612847,4332472.586781167,-468106.2447951276,0.0
3217,47.37369,47.0,-6.1666565,2024-07-30 00:00:00,0.13169181,0.063220784,4332472.586781167,-468106.2447951276,0.0
3397,55.76429,47.0,-6.1666565,2024-07-30 00:00:00,0.15735717,0.048122823,4332472.586781167,-468106.2447951276,0.0
3577,65.80727,47.0,-6.1666565,2024-07-30 00:00:00,0.16422173,0.02616845,4332472.586781167,-468106.2447951276,0.0
3757,77.85385,47.0,-6.1666565,2024-07-30 00:00:00,0.15772188,0.0114081325,4332472.586781167,-468106.2447951276,0.0
3937,92.32607,47.0,-6.1666565,2024-07-30 00:00:00,0.13965864,0.012049213,4332472.586781167,-468106.2447951276,0.0
4117,109.7293,47.0,-6.1666565,2024-07-30 00:00:00,0.12138738,0.02110585,4332472.586781167,-468106.2447951276,0.0
4297,130.666,47.0,-6.1666565,2024-07-30 00:00:00,0.1029703,0.02894705,4332472.586781167,-468106.2447951276,0.0
4477,155.8507,47.0,-6.1666565,2024-07-30 00:00:00,0.0955687,0.027855434,4332472.586781167,-468106.2447951276,0.0
4657,186.1256,47.0,-6.1666565,2024-07-30 00:00:00,0.09586304,0.022634283,4332472.586781167,-468106.2447951276,0.0
4837,222.4752,47.0,-6.1666565,2024-07-30 00:00:00,0.09623145,0.02323628,4332472.586781167,-468106.2447951276,0.0
5017,266.0403,47.0,-6.1666565,2024-07-30 00:00:00,0.08500353,0.02256162,4332472.586781167,-468106.2447951276,0.0
5197,318.1274,47.0,-6.1666565,2024-07-30 00:00:00,0.070859104,0.026473729,4332472.586781167,-468106.2447951276,0.0
5377,380.213,47.0,-6.1666565,2024-07-30 00:00:00,0.051092677,0.043299578,4332472.586781167,-468106.2447951276,0.0
5557,453.9377,47.0,-6.1666565,2024-07-30 00:00:00,0.04567009,0.04125469,4332472.586781167,-468106.2447951276,0.0
5737,541.0889,47.0,-6.1666565,2024-07-30 00:00:00,0.032431792,0.06733389,4332472.586781167,-468106.2447951276,0.0
5917,643.5668,47.0,-6.1666565,2024-07-30 00:00:00,0.014499769,0.0950393,4332472.586781167,-468106.2447951276,0.0
6097,763.3331,47.0,-6.1666565,2024-07-30 00:00:00,-0.0033338214,0.10507937,4332472.586781167,-468106.2447951276,0.0
6277,902.3393,47.0,-6.1666565,2024-07-30 00:00:00,-0.017903164,0.13350765,4332472.586781167,-468106.2447951276,0.0
166,0.494025,47.0,-6.0833282,2024-07-30 00:00:00,-0.023648104,0.009924947,4333148.796028124,-461804.81061430223,0.0
346,1.541375,47.0,-6.0833282,2024-07-30 00:00:00,-0.022466205,0.014328743,4333148.796028124,-461804.81061430223,0.0
526,2.645669,47.0,-6.0833282,2024-07-30 00:00:00,-0.021190837,0.018334992,4333148.796028124,-461804.81061430223,0.0
706,3.819495,47.0,-6.0833282,2024-07-30 00:00:00,-0.019858371,0.021852583,4333148.796028124,-461804.81061430223,0.0
886,5.078224,47.0,-6.0833282,2024-07-30 00:00:00,-0.01843933,0.024935512,4333148.796028124,-461804.81061430223,0.0
1066,6.440614,47.0,-6.0833282,2024-07-30 00:00:00,-0.016777212,0.027766215,4333148.796028124,-461804.81061430223,0.0
1246,7.92956,47.0,-6.0833282,2024-07-30 00:00:00,-0.013721736,0.031446327,4333148.796028124,-461804.81061430223,0.0
1426,9.572997,47.0,-6.0833282,2024-07-30 00:00:00,0.017977402,0.050928544,4333148.796028124,-461804.81061430223,0.0
1606,11.405,47.0,-6.0833282,2024-07-30 00:00:00,0.08180191,0.046201523,4333148.796028124,-461804.81061430223,0.0
1786,13.46714,47.0,-6.0833282,2024-07-30 00:00:00,0.103880666,0.02221564,4333148.796028124,-461804.81061430223,0.0
1966,15.81007,47.0,-6.0833282,2024-07-30 00:00:00,0.10975676,0.0044454904,4333148.796028124,-461804.81061430223,0.0
2146,18.49556,47.0,-6.0833282,2024-07-30 00:00:00,0.10732495,-0.003808828,4333148.796028124,-461804.81061430223,0.0
2326,21.59882,47.0,-6.0833282,2024-07-30 00:00:00,0.10038225,-0.006607727,4333148.796028124,-461804.81061430223,0.0
2506,25.21141,47.0,-6.0833282,2024-07-30 00:00:00,0.08963062,-0.0037466888,4333148.796028124,-461804.81061430223,0.0
2686,29.44473,47.0,-6.0833282,2024-07-30 00:00:00,0.07966893,0.006606079,4333148.796028124,-461804.81061430223,0.0
2866,34.43415,47.0,-6.0833282,2024-07-30 00:00:00,0.08089664,0.025149982,4333148.796028124,-461804.81061430223,0.0
3046,40.34405,47.0,-6.0833282,2024-07-30 00:00:00,0.09651522,0.047195777,4333148.796028124,-461804.81061430223,0.0
3226,47.37369,47.0,-6.0833282,2024-07-30 00:00:00,0.12155318,0.058045607,4333148.796028124,-461804.81061430223,0.0
3406,55.76429,47.0,-6.0833282,2024-07-30 00:00:00,0.14313531,0.048670873,4333148.796028124,-461804.81061430223,0.0
3586,65.80727,47.0,-6.0833282,2024-07-30 00:00:00,0.14850548,0.025651049,4333148.796028124,-461804.81061430223,0.0
3766,77.85385,47.0,-6.0833282,2024-07-30 00:00:00,0.13964254,0.0123278815,4333148.796028124,-461804.81061430223,0.0
3946,92.32607,47.0,-6.0833282,2024-07-30 00:00:00,0.11940171,0.009169951,4333148.796028124,-461804.81061430223,0.0
4126,109.7293,47.0,-6.0833282,2024-07-30 00:00:00,0.101448365,0.011980146,4333148.796028124,-461804.81061430223,0.0
4306,130.666,47.0,-6.0833282,2024-07-30 00:00:00,0.08696228,0.016797043,4333148.796028124,-461804.81061430223,0.0
4486,155.8507,47.0,-6.0833282,2024-07-30 00:00:00,0.0802488,0.014712166,4333148.796028124,-461804.81061430223,0.0
4666,186.1256,47.0,-6.0833282,2024-07-30 00:00:00,0.07633232,0.005162184,4333148.796028124,-461804.81061430223,0.0
4846,222.4752,47.0,-6.0833282,2024-07-30 00:00:00,0.07778635,-0.0015825343,4333148.796028124,-461804.81061430223,0.0
5026,266.0403,47.0,-6.0833282,2024-07-30 00:00:00,0.07396504,-0.007842471,4333148.796028124,-461804.81061430223,0.0
5206,318.1274,47.0,-6.0833282,2024-07-30 00:00:00,0.062656015,-0.0037941523,4333148.796028124,-461804.81061430223,0.0
5386,380.213,47.0,-6.0833282,2024-07-30 00:00:00,0.038962003,0.011104234,4333148.796028124,-461804.81061430223,0.0
5566,453.9377,47.0,-6.0833282,2024-07-30 00:00:00,0.038580902,0.02544251,4333148.796028124,-461804.81061430223,0.0
5746,541.0889,47.0,-6.0833282,2024-07-30 00:00:00,0.049038537,0.042058066,4333148.796028124,-461804.81061430223,0.0
5926,643.5668,47.0,-6.0833282,2024-07-30 00:00:00,0.016849041,0.09575446,4333148.796028124,-461804.81061430223,0.0
6106,763.3331,47.0,-6.0833282,2024-07-30 00:00:00,-0.0055409307,0.1161869,4333148.796028124,-461804.81061430223,0.0
6286,902.3393,47.0,-6.0833282,2024-07-30 00:00:00,-0.04390462,0.13926783,4333148.796028124,-461804.81061430223,0.0
175,0.494025,47.0,-6.0,2024-07-30 00:00:00,-0.035925116,-0.018560762,4333815.840058059,-455502.3996515776,0.0
355,1.541375,47.0,-6.0,2024-07-30 00:00:00,-0.034813814,-0.014194347,4333815.840058059,-455502.3996515776,0.0
535,2.645669,47.0,-6.0,2024-07-30 00:00:00,-0.033599187,-0.010193279,4333815.840058059,-455502.3996515776,0.0
715,3.819495,47.0,-6.0,2024-07-30 00:00:00,-0.032313813,-0.0066366764,4333815.840058059,-455502.3996515776,0.0
895,5.078224,47.0,-6.0,2024-07-30 00:00:00,-0.030928733,-0.0034785892,4333815.840058059,-455502.3996515776,0.0
1075,6.440614,47.0,-6.0,2024-07-30 00:00:00,-0.029318584,-0.00056707405,4333815.840058059,-455502.3996515776,0.0
1255,7.92956,47.0,-6.0,2024-07-30 00:00:00,-0.026704166,0.0027755196,4333815.840058059,-455502.3996515776,0.0
1435,9.572997,47.0,-6.0,2024-07-30 00:00:00,-0.008768811,0.016622411,4333815.840058059,-455502.3996515776,0.0
1615,11.405,47.0,-6.0,2024-07-30 00:00:00,0.07280238,0.022724496,4333815.840058059,-455502.3996515776,0.0
1795,13.46714,47.0,-6.0,2024-07-30 00:00:00,0.09950918,0.00457105,4333815.840058059,-455502.3996515776,0.0
1975,15.81007,47.0,-6.0,2024-07-30 00:00:00,0.10717004,-0.012616752,4333815.840058059,-455502.3996515776,0.0
2155,18.49556,47.0,-6.0,2024-07-30 00:00:00,0.108129665,-0.022980895,4333815.840058059,-455502.3996515776,0.0
2335,21.59882,47.0,-6.0,2024-07-30 00:00:00,0.10576484,-0.029876415,4333815.840058059,-455502.3996515776,0.0
2515,25.21141,47.0,-6.0,2024-07-30 00:00:00,0.09937164,-0.03398402,4333815.840058059,-455502.3996515776,0.0
2695,29.44473,47.0,-6.0,2024-07-30 00:00:00,0.09270521,-0.03251549,4333815.840058059,-455502.3996515776,0.0
2875,34.43415,47.0,-6.0,2024-07-30 00:00:00,0.091924176,-0.01955839,4333815.840058059,-455502.3996515776,0.0
3055,40.34405,47.0,-6.0,2024-07-30 00:00:00,0.097868145,0.0034493678,4333815.840058059,-455502.3996515776,0.0
3235,47.37369,47.0,-6.0,2024-07-30 00:00:00,0.110189825,0.019130576,4333815.840058059,-455502.3996515776,0.0
3415,55.76429,47.0,-6.0,2024-07-30 00:00:00,0.121853866,0.0142296795,4333815.840058059,-455502.3996515776,0.0
3595,65.80727,47.0,-6.0,2024-07-30 00:00:00,0.12608486,-0.001024372,4333815.840058059,-455502.3996515776,0.0
3775,77.85385,47.0,-6.0,2024-07-30 00:00:00,0.114659764,-0.0060717985,4333815.840058059,-455502.3996515776,0.0
3955,92.32607,47.0,-6.0,2024-07-30 00:00:00,0.09948156,-0.010262643,4333815.840058059,-455502.3996515776,0.0
4135,109.7293,47.0,-6.0,2024-07-30 00:00:00,0.08749908,-0.009277839,4333815.840058059,-455502.3996515776,0.0
4315,130.666,47.0,-6.0,2024-07-30 00:00:00,0.080168895,-0.008688067,4333815.840058059,-455502.3996515776,0.0
4495,155.8507,47.0,-6.0,2024-07-30 00:00:00,0.07499984,-0.0066883927,4333815.840058059,-455502.3996515776,0.0
4675,186.1256,47.0,-6.0,2024-07-30 00:00:00,0.06809608,-0.0064153383,4333815.840058059,-455502.3996515776,0.0
4855,222.4752,47.0,-6.0,2024-07-30 00:00:00,0.06478917,-0.010029706,4333815.840058059,-455502.3996515776,0.0
5035,266.0403,47.0,-6.0,2024-07-30 00:00:00,0.05734209,-0.020299667,4333815.840058059,-455502.3996515776,0.0
5215,318.1274,47.0,-6.0,2024-07-30 00:00:00,0.0488715,-0.022012874,4333815.840058059,-455502.3996515776,0.0
5395,380.213,47.0,-6.0,2024-07-30 00:00:00,0.023386054,-0.011093577,4333815.840058059,-455502.3996515776,0.0
5575,453.9377,47.0,-6.0,2024-07-30 00:00:00,0.02436493,-0.007924901,4333815.840058059,-455502.3996515776,0.0
5755,541.0889,47.0,-6.0,2024-07-30 00:00:00,0.03802823,0.004076951,4333815.840058059,-455502.3996515776,0.0
5935,643.5668,47.0,-6.0,2024-07-30 00:00:00,0.037418824,0.020618439,4333815.840058059,-455502.3996515776,0.0
6115,763.3331,47.0,-6.0,2024-07-30 00:00:00,0.0069760806,0.066920996,4333815.840058059,-455502.3996515776,0.0
6295,902.3393,47.0,-6.0,2024-07-30 00:00:00,-0.07080105,0.12839878,4333815.840058059,-455502.3996515776,0.0
5,0.494025,46.66667,-6.25,2024-07-30 06:00:00,-0.09225543,0.057862777,4358653.3150161095,-477350.1729464703,0.0
185,1.541375,46.66667,-6.25,2024-07-30 06:00:00,-0.089732446,0.062248915,4358653.3150161095,-477350.1729464703,0.0
365,2.645669,46.66667,-6.25,2024-07-30 06:00:00,-0.08703738,0.06644906,4358653.3150161095,-477350.1729464703,0.0
545,3.819495,46.66667,-6.25,2024-07-30 06:00:00,-0.08429417,0.07028098,4358653.3150161095,-477350.1729464703,0.0
725,5.078224,46.66667,-6.25,2024-07-30 06:00:00,-0.08158657,0.073663674,4358653.3150161095,-477350.1729464703,0.0
905,6.440614,46.66667,-6.25,2024-07-30 06:00:00,-0.0789231,0.07662836,4358653.3150161095,-477350.1729464703,0.0
1085,7.92956,46.66667,-6.25,2024-07-30 06:00:00,-0.07624483,0.0792728,4358653.3150161095,-477350.1729464703,0.0
1265,9.572997,46.66667,-6.25,2024-07-30 06:00:00,-0.073328726,0.08185522,4358653.3150161095,-477350.1729464703,0.0
1445,11.405,46.66667,-6.25,2024-07-30 06:00:00,-0.06868012,0.08536225,4358653.3150161095,-477350.1729464703,0.0
1625,13.46714,46.66667,-6.25,2024-07-30 06:00:00,0.005607369,0.047246754,4358653.3150161095,-477350.1729464703,0.0
1805,15.81007,46.66667,-6.25,2024-07-30 06:00:00,-0.019072399,0.045527007,4358653.3150161095,-477350.1729464703,0.0
1985,18.49556,46.66667,-6.25,2024-07-30 06:00:00,-0.02897378,0.05351267,4358653.3150161095,-477350.1729464703,0.0
2165,21.59882,46.66667,-6.25,2024-07-30 06:00:00,-0.023730773,0.05377624,4358653.3150161095,-477350.1729464703,0.0
2345,25.21141,46.66667,-6.25,2024-07-30 06:00:00,-0.011346331,0.05020907,4358653.3150161095,-477350.1729464703,0.0
2525,29.44473,46.66667,-6.25,2024-07-30 06:00:00,0.0060981666,0.04173007,4358653.3150161095,-477350.1729464703,0.0
2705,34.43415,46.66667,-6.25,2024-07-30 06:00:00,0.03151834,0.02516451,4358653.3150161095,-477350.1729464703,0.0
2885,40.34405,46.66667,-6.25,2024-07-30 06:00:00,0.038904913,0.0020493425,4358653.3150161095,-477350.1729464703,0.0
3065,47.37369,46.66667,-6.25,2024-07-30 06:00:00,0.014488874,-0.009726543,4358653.3150161095,-477350.1729464703,0.0
3245,55.76429,46.66667,-6.25,2024-07-30 06:00:00,-0.009005524,0.0072918944,4358653.3150161095,-477350.1729464703,0.0
3425,65.80727,46.66667,-6.25,2024-07-30 06:00:00,-0.005205607,0.031774413,4358653.3150161095,-477350.1729464703,0.0
3605,77.85385,46.66667,-6.25,2024-07-30 06:00:00,0.009755889,0.03797095,4358653.3150161095,-477350.1729464703,0.0
3785,92.32607,46.66667,-6.25,2024-07-30 06:00:00,0.017246515,0.036380798,4358653.3150161095,-477350.1729464703,0.0
3965,109.7293,46.66667,-6.25,2024-07-30 06:00:00,0.02703509,0.035314105,4358653.3150161095,-477350.1729464703,0.0
4145,130.666,46.66667,-6.25,2024-07-30 06:00:00,0.03875403,0.032864034,4358653.3150161095,-477350.1729464703,0.0
4325,155.8507,46.66667,-6.25,2024-07-30 06:00:00,0.046896234,0.0300451,4358653.3150161095,-477350.1729464703,0.0
4505,186.1256,46.66667,-6.25,2024-07-30 06:00:00,0.051481456,0.02564399,4358653.3150161095,-477350.1729464703,0.0
4685,222.4752,46.66667,-6.25,2024-07-30 06:00:00,0.053715322,0.022634437,4358653.3150161095,-477350.1729464703,0.0
4865,266.0403,46.66667,-6.25,2024-07-30 06:00:00,0.0535812,0.015508015,4358653.3150161095,-477350.1729464703,0.0
5045,318.1274,46.66667,-6.25,2024-07-30 06:00:00,0.041810807,0.011450574,4358653.3150161095,-477350.1729464703,0.0
5225,380.213,46.66667,-6.25,2024-07-30 06:00:00,0.040784087,0.01384853,4358653.3150161095,-477350.1729464703,0.0
5405,453.9377,46.66667,-6.25,2024-07-30 06:00:00,0.051330175,0.018558092,4358653.3150161095,-477350.1729464703,0.0
5585,541.0889,46.66667,-6.25,2024-07-30 06:00:00,0.06468498,0.02179308,4358653.3150161095,-477350.1729464703,0.0
5765,643.5668,46.66667,-6.25,2024-07-30 06:00:00,0.050372627,0.030064998,4358653.3150161095,-477350.1729464703,0.0
5945,763.3331,46.66667,-6.25,2024-07-30 06:00:00,0.06111803,0.05722421,4358653.3150161095,-477350.1729464703,0.0
6125,902.3393,46.66667,-6.25,2024-07-30 06:00:00,0.10481312,0.09993029,4358653.3150161095,-477350.1729464703,0.0
14,0.494025,46.66667,-6.1666565,2024-07-30 06:00:00,-0.09498589,0.04254293,4359343.065935845,-471009.49203812674,0.0
194,1.541375,46.66667,-6.1666565,2024-07-30 06:00:00,-0.092462346,0.04679778,4359343.065935845,-471009.49203812674,0.0
374,2.645669,46.66667,-6.1666565,2024-07-30 06:00:00,-0.089786164,0.05083221,4359343.065935845,-471009.49203812674,0.0
554,3.819495,46.66667,-6.1666565,2024-07-30 06:00:00,-0.08703662,0.05452801,4359343.065935845,-471009.49203812674,0.0
734,5.078224,46.66667,-6.1666565,2024-07-30 06:00:00,-0.08423942,0.057855166,4359343.065935845,-471009.49203812674,0.0
914,6.440614,46.66667,-6.1666565,2024-07-30 06:00:00,-0.08135383,0.060847618,4359343.065935845,-471009.49203812674,0.0
1094,7.92956,46.66667,-6.1666565,2024-07-30 06:00:00,-0.07824209,0.06359372,4359343.065935845,-471009.49203812674,0.0
1274,9.572997,46.66667,-6.1666565,2024-07-30 06:00:00,-0.07441446,0.06638219,4359343.065935845,-471009.49203812674,0.0
1454,11.405,46.66667,-6.1666565,2024-07-30 06:00:00,-0.06584508,0.07228183,4359343.065935845,-471009.49203812674,0.0
1634,13.46714,46.66667,-6.1666565,2024-07-30 06:00:00,0.0114282165,0.0353979,4359343.065935845,-471009.49203812674,0.0
1814,15.81007,46.66667,-6.1666565,2024-07-30 06:00:00,-0.018965263,0.03671903,4359343.065935845,-471009.49203812674,0.0
1994,18.49556,46.66667,-6.1666565,2024-07-30 06:00:00,-0.02714373,0.04795225,4359343.065935845,-471009.49203812674,0.0
2174,21.59882,46.66667,-6.1666565,2024-07-30 06:00:00,-0.017982973,0.051065642,4359343.065935845,-471009.49203812674,0.0
2354,25.21141,46.66667,-6.1666565,2024-07-30 06:00:00,-0.0012636539,0.049232945,4359343.065935845,-471009.49203812674,0.0
2534,29.44473,46.66667,-6.1666565,2024-07-30 06:00:00,0.021307522,0.040300388,4359343.065935845,-471009.49203812674,0.0
2714,34.43415,46.66667,-6.1666565,2024-07-30 06:00:00,0.051414438,0.018377278,4359343.065935845,-471009.49203812674,0.0
2894,40.34405,46.66667,-6.1666565,2024-07-30 06:00:00,0.063743554,-0.0107117705,4359343.065935845,-471009.49203812674,0.0
3074,47.37369,46.66667,-6.1666565,2024-07-30 06:00:00,0.038530488,-0.025245914,4359343.065935845,-471009.49203812674,0.0
3254,55.76429,46.66667,-6.1666565,2024-07-30 06:00:00,0.009267557,-0.0032735984,4359343.065935845,-471009.49203812674,0.0
3434,65.80727,46.66667,-6.1666565,2024-07-30 06:00:00,0.013843599,0.029817147,4359343.065935845,-471009.49203812674,0.0
3614,77.85385,46.66667,-6.1666565,2024-07-30 06:00:00,0.03724972,0.041209456,4359343.065935845,-471009.49203812674,0.0
3794,92.32607,46.66667,-6.1666565,2024-07-30 06:00:00,0.050073788,0.03832834,4359343.065935845,-471009.49203812674,0.0
3974,109.7293,46.66667,-6.1666565,2024-07-30 06:00:00,0.057515346,0.03589056,4359343.065935845,-471009.49203812674,0.0
4154,130.666,46.66667,-6.1666565,2024-07-30 06:00:00,0.067169406,0.03269288,4359343.065935845,-471009.49203812674,0.0
4334,155.8507,46.66667,-6.1666565,2024-07-30 06:00:00,0.0727683,0.029765094,4359343.065935845,-471009.49203812674,0.0
4514,186.1256,46.66667,-6.1666565,2024-07-30 06:00:00,0.07561815,0.025601987,4359343.065935845,-471009.49203812674,0.0
4694,222.4752,46.66667,-6.1666565,2024-07-30 06:00:00,0.07159063,0.021404725,4359343.065935845,-471009.49203812674,0.0
4874,266.0403,46.66667,-6.1666565,2024-07-30 06:00:00,0.06611443,0.016194623,4359343.065935845,-471009.49203812674,0.0
5054,318.1274,46.66667,-6.1666565,2024-07-30 06:00:00,0.06460773,0.011522744,4359343.065935845,-471009.49203812674,0.0
5234,380.213,46.66667,-6.1666565,2024-07-30 06:00:00,0.06684871,0.015617394,4359343.065935845,-471009.49203812674,0.0
5414,453.9377,46.66667,-6.1666565,2024-07-30 06:00:00,0.08061347,0.021923605,4359343.065935845,-471009.49203812674,0.0
5594,541.0889,46.66667,-6.1666565,2024-07-30 06:00:00,0.091669984,0.02604819,4359343.065935845,-471009.49203812674,0.0
5774,643.5668,46.66667,-6.1666565,2024-07-30 06:00:00,0.07283142,0.02879989,4359343.065935845,-471009.49203812674,0.0
5954,763.3331,46.66667,-6.1666565,2024-07-30 06:00:00,0.07562375,0.048086897,4359343.065935845,-471009.49203812674,0.0
6134,902.3393,46.66667,-6.1666565,2024-07-30 06:00:00,0.10852166,0.07877591,4359343.065935845,-471009.49203812674,0.0
23,0.494025,46.66667,-6.0833282,2024-07-30 06:00:00,-0.08615051,0.020241681,4360023.469108121,-464668.9756583009,0.0
203,1.541375,46.66667,-6.0833282,2024-07-30 06:00:00,-0.08359384,0.02433188,4360023.469108121,-464668.9756583009,0.0
383,2.645669,46.66667,-6.0833282,2024-07-30 06:00:00,-0.0809437,0.028180996,4360023.469108121,-464668.9756583009,0.0
563,3.819495,46.66667,-6.0833282,2024-07-30 06:00:00,-0.07824288,0.031725373,4360023.469108121,-464668.9756583009,0.0
743,5.078224,46.66667,-6.0833282,2024-07-30 06:00:00,-0.075466394,0.03498788,4360023.469108121,-464668.9756583009,0.0
923,6.440614,46.66667,-6.0833282,2024-07-30 06:00:00,-0.07252737,0.038024645,4360023.469108121,-464668.9756583009,0.0
1103,7.92956,46.66667,-6.0833282,2024-07-30 06:00:00,-0.06915803,0.040967092,4360023.469108121,-464668.9756583009,0.0
1283,9.572997,46.66667,-6.0833282,2024-07-30 06:00:00,-0.06334488,0.044777803,4360023.469108121,-464668.9756583009,0.0
1463,11.405,46.66667,-6.0833282,2024-07-30 06:00:00,-0.030097604,0.05296288,4360023.469108121,-464668.9756583009,0.0
1643,13.46714,46.66667,-6.0833282,2024-07-30 06:00:00,0.015067441,0.011230642,4360023.469108121,-464668.9756583009,0.0
1823,15.81007,46.66667,-6.0833282,2024-07-30 06:00:00,-0.021366391,0.017411433,4360023.469108121,-464668.9756583009,0.0
2003,18.49556,46.66667,-6.0833282,2024-07-30 06:00:00,-0.025144888,0.03392508,4360023.469108121,-464668.9756583009,0.0
2183,21.59882,46.66667,-6.0833282,2024-07-30 06:00:00,-0.014680708,0.04143138,4360023.469108121,-464668.9756583009,0.0
2363,25.21141,46.66667,-6.0833282,2024-07-30 06:00:00,0.0028626232,0.043819033,4360023.469108121,-464668.9756583009,0.0
2543,29.44473,46.66667,-6.0833282,2024-07-30 06:00:00,0.028396701,0.038034152,4360023.469108121,-464668.9756583009,0.0
2723,34.43415,46.66667,-6.0833282,2024-07-30 06:00:00,0.05953003,0.015696803,4360023.469108121,-464668.9756583009,0.0
2903,40.34405,46.66667,-6.0833282,2024-07-30 06:00:00,0.07487613,-0.017385527,4360023.469108121,-464668.9756583009,0.0
3083,47.37369,46.66667,-6.0833282,2024-07-30 06:00:00,0.052878518,-0.04073624,4360023.469108121,-464668.9756583009,0.0
3263,55.76429,46.66667,-6.0833282,2024-07-30 06:00:00,0.019461326,-0.02470465,4360023.469108121,-464668.9756583009,0.0
3443,65.80727,46.66667,-6.0833282,2024-07-30 06:00:00,0.01661034,0.01284855,4360023.469108121,-464668.9756583009,0.0
3623,77.85385,46.66667,-6.0833282,2024-07-30 06:00:00,0.04023438,0.032858916,4360023.469108121,-464668.9756583009,0.0
3803,92.32607,46.66667,-6.0833282,2024-07-30 06:00:00,0.062815785,0.032212343,4360023.469108121,-464668.9756583009,0.0
3983,109.7293,46.66667,-6.0833282,2024-07-30 06:00:00,0.07491194,0.027838796,4360023.469108121,-464668.9756583009,0.0
4163,130.666,46.66667,-6.0833282,2024-07-30 06:00:00,0.07983323,0.024613228,4360023.469108121,-464668.9756583009,0.0
4343,155.8507,46.66667,-6.0833282,2024-07-30 06:00:00,0.08409507,0.02208962,4360023.469108121,-464668.9756583009,0.0
4523,186.1256,46.66667,-6.0833282,2024-07-30 06:00:00,0.08743842,0.02069097,4360023.469108121,-464668.9756583009,0.0
4703,222.4752,46.66667,-6.0833282,2024-07-30 06:00:00,0.082059786,0.016885724,4360023.469108121,-464668.9756583009,0.0
4883,266.0403,46.66667,-6.0833282,2024-07-30 06:00:00,0.07616844,0.012493841,4360023.469108121,-464668.9756583009,0.0
5063,318.1274,46.66667,-6.0833282,2024-07-30 06:00:00,0.0813877,0.009448744,4360023.469108121,-464668.9756583009,0.0
5243,380.213,46.66667,-6.0833282,2024-07-30 06:00:00,0.08862296,0.010788998,4360023.469108121,-464668.9756583009,0.0
5423,453.9377,46.66667,-6.0833282,2024-07-30 06:00:00,0.09634635,0.011818098,4360023.469108121,-464668.9756583009,0.0
5603,541.0889,46.66667,-6.0833282,2024-07-30 06:00:00,0.11172975,0.014058445,4360023.469108121,-464668.9756583009,0.0
5783,643.5668,46.66667,-6.0833282,2024-07-30 06:00:00,0.08640769,0.015028648,4360023.469108121,-464668.9756583009,0.0
5963,763.3331,46.66667,-6.0833282,2024-07-30 06:00:00,0.078241765,0.03221433,4360023.469108121,-464668.9756583009,0.0
6143,902.3393,46.66667,-6.0833282,2024-07-30 06:00:00,0.10149894,0.040902745,4360023.469108121,-464668.9756583009,0.0
32,0.494025,46.66667,-6.0,2024-07-30 06:00:00,-0.07092602,-0.007147294,4360694.650219674,-458327.4764384654,0.0
212,1.541375,46.66667,-6.0,2024-07-30 06:00:00,-0.06830442,-0.0031914772,4360694.650219674,-458327.4764384654,0.0
392,2.645669,46.66667,-6.0,2024-07-30 06:00:00,-0.06559955,0.0005528736,4360694.650219674,-458327.4764384654,0.0
572,3.819495,46.66667,-6.0,2024-07-30 06:00:00,-0.06281681,0.004065855,4360694.650219674,-458327.4764384654,0.0
752,5.078224,46.66667,-6.0,2024-07-30 06:00:00,-0.05989333,0.0073977904,4360694.650219674,-458327.4764384654,0.0
932,6.440614,46.66667,-6.0,2024-07-30 06:00:00,-0.05671305,0.010606467,4360694.650219674,-458327.4764384654,0.0
1112,7.92956,46.66667,-6.0,2024-07-30 06:00:00,-0.05290921,0.013847031,4360694.650219674,-458327.4764384654,0.0
1292,9.572997,46.66667,-6.0,2024-07-30 06:00:00,-0.043954726,0.019037751,4360694.650219674,-458327.4764384654,0.0
1472,11.405,46.66667,-6.0,2024-07-30 06:00:00,0.0039369413,0.021815713,4360694.650219674,-458327.4764384654,0.0
1652,13.46714,46.66667,-6.0,2024-07-30 06:00:00,0.026184738,-0.022683498,4360694.650219674,-458327.4764384654,0.0
1832,15.81007,46.66667,-6.0,2024-07-30 06:00:00,-0.013122788,-0.013274115,4360694.650219674,-458327.4764384654,0.0
2012,18.49556,46.66667,-6.0,2024-07-30 06:00:00,-0.022617899,0.007628988,4360694.650219674,-458327.4764384654,0.0
2192,21.59882,46.66667,-6.0,2024-07-30 06:00:00,-0.016913664,0.019144963,4360694.650219674,-458327.4764384654,0.0
2372,25.21141,46.66667,-6.0,2024-07-30 06:00:00,-0.00412584,0.026973305,4360694.650219674,-458327.4764384654,0.0
2552,29.44473,46.66667,-6.0,2024-07-30 06:00:00,0.02003396,0.029109525,4360694.650219674,-458327.4764384654,0.0
2732,34.43415,46.66667,-6.0,2024-07-30 06:00:00,0.05306096,0.016164077,4360694.650219674,-458327.4764384654,0.0
2912,40.34405,46.66667,-6.0,2024-07-30 06:00:00,0.07798151,-0.012776368,4360694.650219674,-458327.4764384654,0.0
3092,47.37369,46.66667,-6.0,2024-07-30 06:00:00,0.070145786,-0.045208015,4360694.650219674,-458327.4764384654,0.0
3272,55.76429,46.66667,-6.0,2024-07-30 06:00:00,0.03869087,-0.044203915,4360694.650219674,-458327.4764384654,0.0
3452,65.80727,46.66667,-6.0,2024-07-30 06:00:00,0.022358311,-0.010697444,4360694.650219674,-458327.4764384654,0.0
3632,77.85385,46.66667,-6.0,2024-07-30 06:00:00,0.03772916,0.016542383,4360694.650219674,-458327.4764384654,0.0
3812,92.32607,46.66667,-6.0,2024-07-30 06:00:00,0.06297273,0.021936448,4360694.650219674,-458327.4764384654,0.0
3992,109.7293,46.66667,-6.0,2024-07-30 06:00:00,0.07848044,0.018091775,4360694.650219674,-458327.4764384654,0.0
4172,130.666,46.66667,-6.0,2024-07-30 06:00:00,0.08544861,0.0141246505,4360694.650219674,-458327.4764384654,0.0
4352,155.8507,46.66667,-6.0,2024-07-30 06:00:00,0.08790172,0.010356706,4360694.650219674,-458327.4764384654,0.0
4532,186.1256,46.66667,-6.0,2024-07-30 06:00:00,0.08964806,0.009479057,4360694.650219674,-458327.4764384654,0.0
4712,222.4752,46.66667,-6.0,2024-07-30 06:00:00,0.086969025,0.0061135595,4360694.650219674,-458327.4764384654,0.0
4892,266.0403,46.66667,-6.0,2024-07-30 06:00:00,0.08444269,0.0035340963,4360694.650219674,-458327.4764384654,0.0
5072,318.1274,46.66667,-6.0,2024-07-30 06:00:00,0.09047761,0.00044789026,4360694.650219674,-458327.4764384654,0.0
5252,380.213,46.66667,-6.0,2024-07-30 06:00:00,0.09104599,-8.3155464e-05,4360694.650219674,-458327.4764384654,0.0
5432,453.9377,46.66667,-6.0,2024-07-30 06:00:00,0.10267479,-0.00632115,4360694.650219674,-458327.4764384654,0.0
5612,541.0889,46.66667,-6.0,2024-07-30 06:00:00,0.11279206,-0.012236847,4360694.650219674,-458327.4764384654,0.0
5792,643.5668,46.66667,-6.0,2024-07-30 06:00:00,0.08165591,-0.0026990066,4360694.650219674,-458327.4764384654,0.0
5972,763.3331,46.66667,-6.0,2024-07-30 06:00:00,0.06590868,0.009210667,4360694.650219674,-458327.4764384654,0.0
6152,902.3393,46.66667,-6.0,2024-07-30 06:00:00,0.094866514,-0.013136879,4360694.650219674,-458327.4764384654,0.0
41,0.494025,46.75,-6.25,2024-07-30 06:00:00,-0.05933627,0.0520593,4351950.96357759,-476616.1460837916,0.0
221,1.541375,46.75,-6.25,2024-07-30 06:00:00,-0.0564565,0.05612573,4351950.96357759,-476616.1460837916,0.0
401,2.645669,46.75,-6.25,2024-07-30 06:00:00,-0.053519677,0.059881605,4351950.96357759,-476616.1460837916,0.0
581,3.819495,46.75,-6.25,2024-07-30 06:00:00,-0.05060905,0.06324555,4351950.96357759,-476616.1460837916,0.0
761,5.078224,46.75,-6.25,2024-07-30 06:00:00,-0.04774662,0.06620346,4351950.96357759,-476616.1460837916,0.0
941,6.440614,46.75,-6.25,2024-07-30 06:00:00,-0.044925142,0.06874517,4351950.96357759,-476616.1460837916,0.0
1121,7.92956,46.75,-6.25,2024-07-30 06:00:00,-0.04197613,0.070922345,4351950.96357759,-476616.1460837916,0.0
1301,9.572997,46.75,-6.25,2024-07-30 06:00:00,-0.037039373,0.073370375,4351950.96357759,-476616.1460837916,0.0
1481,11.405,46.75,-6.25,2024-07-30 06:00:00,-0.0015949225,0.07497246,4351950.96357759,-476616.1460837916,0.0
1661,13.46714,46.75,-6.25,2024-07-30 06:00:00,0.027702235,0.016480017,4351950.96357759,-476616.1460837916,0.0
1841,15.81007,46.75,-6.25,2024-07-30 06:00:00,0.004297751,0.025516367,4351950.96357759,-476616.1460837916,0.0
2021,18.49556,46.75,-6.25,2024-07-30 06:00:00,0.004383014,0.031761877,4351950.96357759,-476616.1460837916,0.0
2201,21.59882,46.75,-6.25,2024-07-30 06:00:00,0.013806763,0.02963223,4351950.96357759,-476616.1460837916,0.0
2381,25.21141,46.75,-6.25,2024-07-30 06:00:00,0.030480532,0.025646374,4351950.96357759,-476616.1460837916,0.0
2561,29.44473,46.75,-6.25,2024-07-30 06:00:00,0.05315013,0.018250545,4351950.96357759,-476616.1460837916,0.0
2741,34.43415,46.75,-6.25,2024-07-30 06:00:00,0.07844528,0.00085122464,4351950.96357759,-476616.1460837916,0.0
2921,40.34405,46.75,-6.25,2024-07-30 06:00:00,0.08397128,-0.02455369,4351950.96357759,-476616.1460837916,0.0
3101,47.37369,46.75,-6.25,2024-07-30 06:00:00,0.05342481,-0.041297227,4351950.96357759,-476616.1460837916,0.0
3281,55.76429,46.75,-6.25,2024-07-30 06:00:00,0.022472586,-0.028451838,4351950.96357759,-476616.1460837916,0.0
3461,65.80727,46.75,-6.25,2024-07-30 06:00:00,0.028512474,-0.005780269,4351950.96357759,-476616.1460837916,0.0
3641,77.85385,46.75,-6.25,2024-07-30 06:00:00,0.051990185,0.0035803756,4351950.96357759,-476616.1460837916,0.0
3821,92.32607,46.75,-6.25,2024-07-30 06:00:00,0.06331234,0.0038887113,4351950.96357759,-476616.1460837916,0.0
4001,109.7293,46.75,-6.25,2024-07-30 06:00:00,0.06848448,0.0016540731,4351950.96357759,-476616.1460837916,0.0
4181,130.666,46.75,-6.25,2024-07-30 06:00:00,0.073731296,-0.0016236063,4351950.96357759,-476616.1460837916,0.0
4361,155.8507,46.75,-6.25,2024-07-30 06:00:00,0.07477571,-0.004762816,4351950.96357759,-476616.1460837916,0.0
4541,186.1256,46.75,-6.25,2024-07-30 06:00:00,0.06790533,-0.0066515533,4351950.96357759,-476616.1460837916,0.0
4721,222.4752,46.75,-6.25,2024-07-30 06:00:00,0.05866488,-0.011108771,4351950.96357759,-476616.1460837916,0.0
4901,266.0403,46.75,-6.25,2024-07-30 06:00:00,0.052163467,-0.01789764,4351950.96357759,-476616.1460837916,0.0
5081,318.1274,46.75,-6.25,2024-07-30 06:00:00,0.05435467,-0.011826846,4351950.96357759,-476616.1460837916,0.0
5261,380.213,46.75,-6.25,2024-07-30 06:00:00,0.057332296,-0.0022467421,4351950.96357759,-476616.1460837916,0.0
5441,453.9377,46.75,-6.25,2024-07-30 06:00:00,0.056960948,0.0011111635,4351950.96357759,-476616.1460837916,0.0
5621,541.0889,46.75,-6.25,2024-07-30 06:00:00,0.060504626,0.0069455,4351950.96357759,-476616.1460837916,0.0
5801,643.5668,46.75,-6.25,2024-07-30 06:00:00,0.07998283,0.018819923,4351950.96357759,-476616.1460837916,0.0
5981,763.3331,46.75,-6.25,2024-07-30 06:00:00,0.12112767,0.045765806,4351950.96357759,-476616.1460837916,0.0
6161,902.3393,46.75,-6.25,2024-07-30 06:00:00,0.14389108,0.09647359,4351950.96357759,-476616.1460837916,0.0
50,0.494025,46.75,-6.1666565,2024-07-30 06:00:00,-0.054806333,0.035808478,4352639.653859386,-470285.21531356085,0.0
230,1.541375,46.75,-6.1666565,2024-07-30 06:00:00,-0.051913526,0.039827365,4352639.653859386,-470285.21531356085,0.0
410,2.645669,46.75,-6.1666565,2024-07-30 06:00:00,-0.048957128,0.043563895,4352639.653859386,-470285.21531356085,0.0
590,3.819495,46.75,-6.1666565,2024-07-30 06:00:00,-0.04599573,0.046947714,4352639.653859386,-470285.21531356085,0.0
770,5.078224,46.75,-6.1666565,2024-07-30 06:00:00,-0.043047845,0.04996245,4352639.653859386,-470285.21531356085,0.0
950,6.440614,46.75,-6.1666565,2024-07-30 06:00:00,-0.040126693,0.05258733,4352639.653859386,-470285.21531356085,0.0
1130,7.92956,46.75,-6.1666565,2024-07-30 06:00:00,-0.03711285,0.054862283,4352639.653859386,-470285.21531356085,0.0
1310,9.572997,46.75,-6.1666565,2024-07-30 06:00:00,-0.03224324,0.057445064,4352639.653859386,-470285.21531356085,0.0
1490,11.405,46.75,-6.1666565,2024-07-30 06:00:00,0.0059177773,0.057954244,4352639.653859386,-470285.21531356085,0.0
1670,13.46714,46.75,-6.1666565,2024-07-30 06:00:00,0.023831954,0.010765074,4352639.653859386,-470285.21531356085,0.0
1850,15.81007,46.75,-6.1666565,2024-07-30 06:00:00,-0.0037259362,0.0244151,4352639.653859386,-470285.21531356085,0.0
2030,18.49556,46.75,-6.1666565,2024-07-30 06:00:00,-0.0020468673,0.034141257,4352639.653859386,-470285.21531356085,0.0
2210,21.59882,46.75,-6.1666565,2024-07-30 06:00:00,0.013465071,0.035814058,4352639.653859386,-470285.21531356085,0.0
2390,25.21141,46.75,-6.1666565,2024-07-30 06:00:00,0.039750777,0.03450318,4352639.653859386,-470285.21531356085,0.0
2570,29.44473,46.75,-6.1666565,2024-07-30 06:00:00,0.07465667,0.023886697,4352639.653859386,-470285.21531356085,0.0
2750,34.43415,46.75,-6.1666565,2024-07-30 06:00:00,0.10853424,-0.0049839523,4352639.653859386,-470285.21531356085,0.0
2930,40.34405,46.75,-6.1666565,2024-07-30 06:00:00,0.11127319,-0.044703152,4352639.653859386,-470285.21531356085,0.0
3110,47.37369,46.75,-6.1666565,2024-07-30 06:00:00,0.063492544,-0.066832736,4352639.653859386,-470285.21531356085,0.0
3290,55.76429,46.75,-6.1666565,2024-07-30 06:00:00,0.013803197,-0.041755084,4352639.653859386,-470285.21531356085,0.0
3470,65.80727,46.75,-6.1666565,2024-07-30 06:00:00,0.018592244,0.0019846489,4352639.653859386,-470285.21531356085,0.0
3650,77.85385,46.75,-6.1666565,2024-07-30 06:00:00,0.05363395,0.021520102,4352639.653859386,-470285.21531356085,0.0
3830,92.32607,46.75,-6.1666565,2024-07-30 06:00:00,0.076520294,0.017180819,4352639.653859386,-470285.21531356085,0.0
4010,109.7293,46.75,-6.1666565,2024-07-30 06:00:00,0.08484771,0.010686206,4352639.653859386,-470285.21531356085,0.0
4190,130.666,46.75,-6.1666565,2024-07-30 06:00:00,0.08889623,0.005619803,4352639.653859386,-470285.21531356085,0.0
4370,155.8507,46.75,-6.1666565,2024-07-30 06:00:00,0.091330156,0.0024664556,4352639.653859386,-470285.21531356085,0.0
4550,186.1256,46.75,-6.1666565,2024-07-30 06:00:00,0.087821275,-0.0007680156,4352639.653859386,-470285.21531356085,0.0
4730,222.4752,46.75,-6.1666565,2024-07-30 06:00:00,0.07963523,-0.005688444,4352639.653859386,-470285.21531356085,0.0
4910,266.0403,46.75,-6.1666565,2024-07-30 06:00:00,0.07192597,-0.011777855,4352639.653859386,-470285.21531356085,0.0
5090,318.1274,46.75,-6.1666565,2024-07-30 06:00:00,0.0706253,-0.010284698,4352639.653859386,-470285.21531356085,0.0
5270,380.213,46.75,-6.1666565,2024-07-30 06:00:00,0.069478445,0.0043901303,4352639.653859386,-470285.21531356085,0.0
5450,453.9377,46.75,-6.1666565,2024-07-30 06:00:00,0.062533684,0.009696981,4352639.653859386,-470285.21531356085,0.0
5630,541.0889,46.75,-6.1666565,2024-07-30 06:00:00,0.064276844,0.008075342,4352639.653859386,-470285.21531356085,0.0
5810,643.5668,46.75,-6.1666565,2024-07-30 06:00:00,0.078052156,0.018356092,4352639.653859386,-470285.21531356085,0.0
5990,763.3331,46.75,-6.1666565,2024-07-30 06:00:00,0.100513294,0.04383349,4352639.653859386,-470285.21531356085,0.0
6170,902.3393,46.75,-6.1666565,2024-07-30 06:00:00,0.12528531,0.082571365,4352639.653859386,-470285.21531356085,0.0
59,0.494025,46.75,-6.0833282,2024-07-30 06:00:00,-0.04407195,0.012434827,4353319.010767862,-463954.44881885045,0.0
239,1.541375,46.75,-6.0833282,2024-07-30 06:00:00,-0.041156866,0.016419891,4353319.010767862,-463954.44881885045,0.0
419,2.645669,46.75,-6.0833282,2024-07-30 06:00:00,-0.038145743,0.020191256,4353319.010767862,-463954.44881885045,0.0
599,3.819495,46.75,-6.0833282,2024-07-30 06:00:00,-0.0350643,0.023695294,4353319.010767862,-463954.44881885045,0.0
779,5.078224,46.75,-6.0833282,2024-07-30 06:00:00,-0.031946953,0.02690383,4353319.010767862,-463954.44881885045,0.0
959,6.440614,46.75,-6.0833282,2024-07-30 06:00:00,-0.028861545,0.02976458,4353319.010767862,-463954.44881885045,0.0
1139,7.92956,46.75,-6.0833282,2024-07-30 06:00:00,-0.02583398,0.032222804,4353319.010767862,-463954.44881885045,0.0
1319,9.572997,46.75,-6.0833282,2024-07-30 06:00:00,-0.021851826,0.03467065,4353319.010767862,-463954.44881885045,0.0
1499,11.405,46.75,-6.0833282,2024-07-30 06:00:00,0.012747489,0.037333112,4353319.010767862,-463954.44881885045,0.0
1679,13.46714,46.75,-6.0833282,2024-07-30 06:00:00,0.028718507,-0.006703247,4353319.010767862,-463954.44881885045,0.0
1859,15.81007,46.75,-6.0833282,2024-07-30 06:00:00,-0.0037247036,0.009866345,4353319.010767862,-463954.44881885045,0.0
2039,18.49556,46.75,-6.0833282,2024-07-30 06:00:00,-0.004456185,0.026289556,4353319.010767862,-463954.44881885045,0.0
2219,21.59882,46.75,-6.0833282,2024-07-30 06:00:00,0.011284292,0.03625374,4353319.010767862,-463954.44881885045,0.0
2399,25.21141,46.75,-6.0833282,2024-07-30 06:00:00,0.039673537,0.042943053,4353319.010767862,-463954.44881885045,0.0
2579,29.44473,46.75,-6.0833282,2024-07-30 06:00:00,0.080088764,0.03704469,4353319.010767862,-463954.44881885045,0.0
2759,34.43415,46.75,-6.0833282,2024-07-30 06:00:00,0.12143264,0.006506395,4353319.010767862,-463954.44881885045,0.0
2939,40.34405,46.75,-6.0833282,2024-07-30 06:00:00,0.13146202,-0.04358675,4353319.010767862,-463954.44881885045,0.0
3119,47.37369,46.75,-6.0833282,2024-07-30 06:00:00,0.081072845,-0.078244075,4353319.010767862,-463954.44881885045,0.0
3299,55.76429,46.75,-6.0833282,2024-07-30 06:00:00,0.01745679,-0.054661546,4353319.010767862,-463954.44881885045,0.0
3479,65.80727,46.75,-6.0833282,2024-07-30 06:00:00,0.008835632,0.0017390159,4353319.010767862,-463954.44881885045,0.0
3659,77.85385,46.75,-6.0833282,2024-07-30 06:00:00,0.043656956,0.031305682,4353319.010767862,-463954.44881885045,0.0
3839,92.32607,46.75,-6.0833282,2024-07-30 06:00:00,0.076511234,0.028527312,4353319.010767862,-463954.44881885045,0.0
4019,109.7293,46.75,-6.0833282,2024-07-30 06:00:00,0.092425205,0.018448709,4353319.010767862,-463954.44881885045,0.0
4199,130.666,46.75,-6.0833282,2024-07-30 06:00:00,0.09801347,0.0127393985,4353319.010767862,-463954.44881885045,0.0
4379,155.8507,46.75,-6.0833282,2024-07-30 06:00:00,0.10109858,0.00913424,4353319.010767862,-463954.44881885045,0.0
4559,186.1256,46.75,-6.0833282,2024-07-30 06:00:00,0.09942807,0.005014041,4353319.010767862,-463954.44881885045,0.0
4739,222.4752,46.75,-6.0833282,2024-07-30 06:00:00,0.09396937,-0.0024894893,4353319.010767862,-463954.44881885045,0.0
4919,266.0403,46.75,-6.0833282,2024-07-30 06:00:00,0.086256064,-0.010536412,4353319.010767862,-463954.44881885045,0.0
5099,318.1274,46.75,-6.0833282,2024-07-30 06:00:00,0.07880771,-0.0045430153,4353319.010767862,-463954.44881885045,0.0
5279,380.213,46.75,-6.0833282,2024-07-30 06:00:00,0.07060637,0.008023757,4353319.010767862,-463954.44881885045,0.0
5459,453.9377,46.75,-6.0833282,2024-07-30 06:00:00,0.06449702,0.011244914,4353319.010767862,-463954.44881885045,0.0
5639,541.0889,46.75,-6.0833282,2024-07-30 06:00:00,0.066009685,0.014813861,4353319.010767862,-463954.44881885045,0.0
5819,643.5668,46.75,-6.0833282,2024-07-30 06:00:00,0.05766953,0.025768274,4353319.010767862,-463954.44881885045,0.0
5999,763.3331,46.75,-6.0833282,2024-07-30 06:00:00,0.07187841,0.045945585,4353319.010767862,-463954.44881885045,0.0
6179,902.3393,46.75,-6.0833282,2024-07-30 06:00:00,0.11014442,0.051295523,4353319.010767862,-463954.44881885045,0.0
68,0.494025,46.75,-6.0,2024-07-30 06:00:00,-0.028014753,-0.005474452,4353989.159796485,-457622.70099545474,0.0
248,1.541375,46.75,-6.0,2024-07-30 06:00:00,-0.025089122,-0.0015106132,4353989.159796485,-457622.70099545474,0.0
428,2.645669,46.75,-6.0,2024-07-30 06:00:00,-0.022011215,0.00232697,4353989.159796485,-457622.70099545474,0.0
608,3.819495,46.75,-6.0,2024-07-30 06:00:00,-0.018769829,0.005999453,4353989.159796485,-457622.70099545474,0.0
788,5.078224,46.75,-6.0,2024-07-30 06:00:00,-0.015409803,0.009459702,4353989.159796485,-457622.70099545474,0.0
968,6.440614,46.75,-6.0,2024-07-30 06:00:00,-0.012027871,0.012630114,4353989.159796485,-457622.70099545474,0.0
1148,7.92956,46.75,-6.0,2024-07-30 06:00:00,-0.008744094,0.015381682,4353989.159796485,-457622.70099545474,0.0
1328,9.572997,46.75,-6.0,2024-07-30 06:00:00,-0.004863346,0.017929584,4353989.159796485,-457622.70099545474,0.0
1508,11.405,46.75,-6.0,2024-07-30 06:00:00,0.02455604,0.017931763,4353989.159796485,-457622.70099545474,0.0
1688,13.46714,46.75,-6.0,2024-07-30 06:00:00,0.04210855,-0.024886027,4353989.159796485,-457622.70099545474,0.0
1868,15.81007,46.75,-6.0,2024-07-30 06:00:00,0.0039050262,-0.01253069,4353989.159796485,-457622.70099545474,0.0
2048,18.49556,46.75,-6.0,2024-07-30 06:00:00,-0.004443483,0.0071021235,4353989.159796485,-457622.70099545474,0.0
2228,21.59882,46.75,-6.0,2024-07-30 06:00:00,0.003691545,0.022768583,4353989.159796485,-457622.70099545474,0.0
2408,25.21141,46.75,-6.0,2024-07-30 06:00:00,0.024254765,0.036571823,4353989.159796485,-457622.70099545474,0.0
2588,29.44473,46.75,-6.0,2024-07-30 06:00:00,0.060449503,0.04018314,4353989.159796485,-457622.70099545474,0.0
2768,34.43415,46.75,-6.0,2024-07-30 06:00:00,0.10519156,0.021121308,4353989.159796485,-457622.70099545474,0.0
2948,40.34405,46.75,-6.0,2024-07-30 06:00:00,0.12991917,-0.02587017,4353989.159796485,-457622.70099545474,0.0
3128,47.37369,46.75,-6.0,2024-07-30 06:00:00,0.097813286,-0.07473596,4353989.159796485,-457622.70099545474,0.0
3308,55.76429,46.75,-6.0,2024-07-30 06:00:00,0.037057318,-0.0710669,4353989.159796485,-457622.70099545474,0.0
3488,65.80727,46.75,-6.0,2024-07-30 06:00:00,0.0113383215,-0.019906413,4353989.159796485,-457622.70099545474,0.0
3668,77.85385,46.75,-6.0,2024-07-30 06:00:00,0.031362087,0.020483898,4353989.159796485,-457622.70099545474,0.0
3848,92.32607,46.75,-6.0,2024-07-30 06:00:00,0.06533231,0.027878754,4353989.159796485,-457622.70099545474,0.0
4028,109.7293,46.75,-6.0,2024-07-30 06:00:00,0.08669619,0.020701021,4353989.159796485,-457622.70099545474,0.0
4208,130.666,46.75,-6.0,2024-07-30 06:00:00,0.096022554,0.012681063,4353989.159796485,-457622.70099545474,0.0
4388,155.8507,46.75,-6.0,2024-07-30 06:00:00,0.10121446,0.006187324,4353989.159796485,-457622.70099545474,0.0
4568,186.1256,46.75,-6.0,2024-07-30 06:00:00,0.103665635,0.0031466973,4353989.159796485,-457622.70099545474,0.0
4748,222.4752,46.75,-6.0,2024-07-30 06:00:00,0.10462668,-0.0064971163,4353989.159796485,-457622.70099545474,0.0
4928,266.0403,46.75,-6.0,2024-07-30 06:00:00,0.094344944,-0.01404231,4353989.159796485,-457622.70099545474,0.0
5108,318.1274,46.75,-6.0,2024-07-30 06:00:00,0.08600296,-0.006496831,4353989.159796485,-457622.70099545474,0.0
5288,380.213,46.75,-6.0,2024-07-30 06:00:00,0.07418663,0.0062949597,4353989.159796485,-457622.70099545474,0.0
5468,453.9377,46.75,-6.0,2024-07-30 06:00:00,0.052415315,0.0048202053,4353989.159796485,-457622.70099545474,0.0
5648,541.0889,46.75,-6.0,2024-07-30 06:00:00,0.04630573,0.01884592,4353989.159796485,-457622.70099545474,0.0
5828,643.5668,46.75,-6.0,2024-07-30 06:00:00,0.032822847,0.02637838,4353989.159796485,-457622.70099545474,0.0
6008,763.3331,46.75,-6.0,2024-07-30 06:00:00,0.057795357,0.028347777,4353989.159796485,-457622.70099545474,0.0
6188,902.3393,46.75,-6.0,2024-07-30 06:00:00,0.09736273,0.0059805755,4353989.159796485,-457622.70099545474,0.0
77,0.494025,46.833336,-6.25,2024-07-30 06:00:00,0.015793176,0.06382086,4345238.723142079,-475881.0361998027,0.0
257,1.541375,46.833336,-6.25,2024-07-30 06:00:00,0.018678222,0.067803755,4345238.723142079,-475881.0361998027,0.0
437,2.645669,46.833336,-6.25,2024-07-30 06:00:00,0.02189056,0.07169929,4345238.723142079,-475881.0361998027,0.0
617,3.819495,46.833336,-6.25,2024-07-30 06:00:00,0.025474006,0.07544923,4345238.723142079,-475881.0361998027,0.0
797,5.078224,46.833336,-6.25,2024-07-30 06:00:00,0.029251197,0.07886552,4345238.723142079,-475881.0361998027,0.0
977,6.440614,46.833336,-6.25,2024-07-30 06:00:00,0.033015303,0.08177499,4345238.723142079,-475881.0361998027,0.0
1157,7.92956,46.833336,-6.25,2024-07-30 06:00:00,0.036704153,0.08409702,4345238.723142079,-475881.0361998027,0.0
1337,9.572997,46.833336,-6.25,2024-07-30 06:00:00,0.042986464,0.086712584,4345238.723142079,-475881.0361998027,0.0
1517,11.405,46.833336,-6.25,2024-07-30 06:00:00,0.09781285,0.07393136,4345238.723142079,-475881.0361998027,0.0
1697,13.46714,46.833336,-6.25,2024-07-30 06:00:00,0.08698623,0.010660902,4345238.723142079,-475881.0361998027,0.0
1877,15.81007,46.833336,-6.25,2024-07-30 06:00:00,0.07094616,0.01536677,4345238.723142079,-475881.0361998027,0.0
2057,18.49556,46.833336,-6.25,2024-07-30 06:00:00,0.06963163,0.016629012,4345238.723142079,-475881.0361998027,0.0
2237,21.59882,46.833336,-6.25,2024-07-30 06:00:00,0.07212641,0.0128795765,4345238.723142079,-475881.0361998027,0.0
2417,25.21141,46.833336,-6.25,2024-07-30 06:00:00,0.081010595,0.0067836274,4345238.723142079,-475881.0361998027,0.0
2597,29.44473,46.833336,-6.25,2024-07-30 06:00:00,0.09620524,-0.0017027697,4345238.723142079,-475881.0361998027,0.0
2777,34.43415,46.833336,-6.25,2024-07-30 06:00:00,0.11373422,-0.01609242,4345238.723142079,-475881.0361998027,0.0
2957,40.34405,46.833336,-6.25,2024-07-30 06:00:00,0.113596626,-0.036824252,4345238.723142079,-475881.0361998027,0.0
3137,47.37369,46.833336,-6.25,2024-07-30 06:00:00,0.08023761,-0.05117938,4345238.723142079,-475881.0361998027,0.0
3317,55.76429,46.833336,-6.25,2024-07-30 06:00:00,0.039878353,-0.04323572,4345238.723142079,-475881.0361998027,0.0
3497,65.80727,46.833336,-6.25,2024-07-30 06:00:00,0.026098095,-0.026403056,4345238.723142079,-475881.0361998027,0.0
3677,77.85385,46.833336,-6.25,2024-07-30 06:00:00,0.03303172,-0.019703785,4345238.723142079,-475881.0361998027,0.0
3857,92.32607,46.833336,-6.25,2024-07-30 06:00:00,0.037360385,-0.02151734,4345238.723142079,-475881.0361998027,0.0
4037,109.7293,46.833336,-6.25,2024-07-30 06:00:00,0.04042361,-0.02474973,4345238.723142079,-475881.0361998027,0.0
4217,130.666,46.833336,-6.25,2024-07-30 06:00:00,0.04311152,-0.023359695,4345238.723142079,-475881.0361998027,0.0
4397,155.8507,46.833336,-6.25,2024-07-30 06:00:00,0.04411148,-0.020515162,4345238.723142079,-475881.0361998027,0.0
4577,186.1256,46.833336,-6.25,2024-07-30 06:00:00,0.04927009,-0.017648555,4345238.723142079,-475881.0361998027,0.0
4757,222.4752,46.833336,-6.25,2024-07-30 06:00:00,0.05151579,-0.017999567,4345238.723142079,-475881.0361998027,0.0
4937,266.0403,46.833336,-6.25,2024-07-30 06:00:00,0.050978117,-0.017677683,4345238.723142079,-475881.0361998027,0.0
5117,318.1274,46.833336,-6.25,2024-07-30 06:00:00,0.050333846,-0.015269447,4345238.723142079,-475881.0361998027,0.0
5297,380.213,46.833336,-6.25,2024-07-30 06:00:00,0.049287666,-0.0044274805,4345238.723142079,-475881.0361998027,0.0
5477,453.9377,46.833336,-6.25,2024-07-30 06:00:00,0.058240898,0.009970164,4345238.723142079,-475881.0361998027,0.0
5657,541.0889,46.833336,-6.25,2024-07-30 06:00:00,0.081046455,0.029169604,4345238.723142079,-475881.0361998027,0.0
5837,643.5668,46.833336,-6.25,2024-07-30 06:00:00,0.08488373,0.05076852,4345238.723142079,-475881.0361998027,0.0
6017,763.3331,46.833336,-6.25,2024-07-30 06:00:00,0.07557242,0.06814574,4345238.723142079,-475881.0361998027,0.0
6197,902.3393,46.833336,-6.25,2024-07-30 06:00:00,0.08719041,0.10558047,4345238.723142079,-475881.0361998027,0.0
86,0.494025,46.833336,-6.1666565,2024-07-30 06:00:00,-0.003572725,0.05149494,4345926.351221016,-469559.8699535443,0.0
266,1.541375,46.833336,-6.1666565,2024-07-30 06:00:00,-0.0006077909,0.055446833,4345926.351221016,-469559.8699535443,0.0
446,2.645669,46.833336,-6.1666565,2024-07-30 06:00:00,0.0027891311,0.059426937,4345926.351221016,-469559.8699535443,0.0
626,3.819495,46.833336,-6.1666565,2024-07-30 06:00:00,0.0066295248,0.0633324,4345926.351221016,-469559.8699535443,0.0
806,5.078224,46.833336,-6.1666565,2024-07-30 06:00:00,0.010646101,0.06689662,4345926.351221016,-469559.8699535443,0.0
986,6.440614,46.833336,-6.1666565,2024-07-30 06:00:00,0.014617338,0.06994508,4345926.351221016,-469559.8699535443,0.0
1166,7.92956,46.833336,-6.1666565,2024-07-30 06:00:00,0.018574283,0.072485045,4345926.351221016,-469559.8699535443,0.0
1346,9.572997,46.833336,-6.1666565,2024-07-30 06:00:00,0.030543424,0.077103354,4345926.351221016,-469559.8699535443,0.0
1526,11.405,46.833336,-6.1666565,2024-07-30 06:00:00,0.07965568,0.05583985,4345926.351221016,-469559.8699535443,0.0
1706,13.46714,46.833336,-6.1666565,2024-07-30 06:00:00,0.06290346,0.011500675,4345926.351221016,-469559.8699535443,0.0
1886,15.81007,46.833336,-6.1666565,2024-07-30 06:00:00,0.046528853,0.020567164,4345926.351221016,-469559.8699535443,0.0
2066,18.49556,46.833336,-6.1666565,2024-07-30 06:00:00,0.049579866,0.023779783,4345926.351221016,-469559.8699535443,0.0
2246,21.59882,46.833336,-6.1666565,2024-07-30 06:00:00,0.059700523,0.020480877,4345926.351221016,-469559.8699535443,0.0
2426,25.21141,46.833336,-6.1666565,2024-07-30 06:00:00,0.07872747,0.013971679,4345926.351221016,-469559.8699535443,0.0
2606,29.44473,46.833336,-6.1666565,2024-07-30 06:00:00,0.10579734,0.00021002255,4345926.351221016,-469559.8699535443,0.0
2786,34.43415,46.833336,-6.1666565,2024-07-30 06:00:00,0.13284405,-0.027520977,4345926.351221016,-469559.8699535443,0.0
2966,40.34405,46.833336,-6.1666565,2024-07-30 06:00:00,0.13047624,-0.064225756,4345926.351221016,-469559.8699535443,0.0
3146,47.37369,46.833336,-6.1666565,2024-07-30 06:00:00,0.08079011,-0.083670236,4345926.351221016,-469559.8699535443,0.0
3326,55.76429,46.833336,-6.1666565,2024-07-30 06:00:00,0.024012014,-0.062765785,4345926.351221016,-469559.8699535443,0.0
3506,65.80727,46.833336,-6.1666565,2024-07-30 06:00:00,0.010083363,-0.022743788,4345926.351221016,-469559.8699535443,0.0
3686,77.85385,46.833336,-6.1666565,2024-07-30 06:00:00,0.028695678,-0.0017128614,4345926.351221016,-469559.8699535443,0.0
3866,92.32607,46.833336,-6.1666565,2024-07-30 06:00:00,0.04566477,-0.0038827467,4345926.351221016,-469559.8699535443,0.0
4046,109.7293,46.833336,-6.1666565,2024-07-30 06:00:00,0.053099528,-0.009455603,4345926.351221016,-469559.8699535443,0.0
4226,130.666,46.833336,-6.1666565,2024-07-30 06:00:00,0.057773463,-0.010993343,4345926.351221016,-469559.8699535443,0.0
4406,155.8507,46.833336,-6.1666565,2024-07-30 06:00:00,0.059667807,-0.009244026,4345926.351221016,-469559.8699535443,0.0
4586,186.1256,46.833336,-6.1666565,2024-07-30 06:00:00,0.062138498,-0.008876172,4345926.351221016,-469559.8699535443,0.0
4766,222.4752,46.833336,-6.1666565,2024-07-30 06:00:00,0.060867086,-0.009812735,4345926.351221016,-469559.8699535443,0.0
4946,266.0403,46.833336,-6.1666565,2024-07-30 06:00:00,0.049472816,-0.010403794,4345926.351221016,-469559.8699535443,0.0
5126,318.1274,46.833336,-6.1666565,2024-07-30 06:00:00,0.047343288,-0.008020913,4345926.351221016,-469559.8699535443,0.0
5306,380.213,46.833336,-6.1666565,2024-07-30 06:00:00,0.044887695,0.0060793743,4345926.351221016,-469559.8699535443,0.0
5486,453.9377,46.833336,-6.1666565,2024-07-30 06:00:00,0.037827563,0.023275228,4345926.351221016,-469559.8699535443,0.0
5666,541.0889,46.833336,-6.1666565,2024-07-30 06:00:00,0.06382826,0.039070725,4345926.351221016,-469559.8699535443,0.0
5846,643.5668,46.833336,-6.1666565,2024-07-30 06:00:00,0.053591706,0.059973687,4345926.351221016,-469559.8699535443,0.0
6026,763.3331,46.833336,-6.1666565,2024-07-30 06:00:00,0.054743484,0.077657,4345926.351221016,-469559.8699535443,0.0
6206,902.3393,46.833336,-6.1666565,2024-07-30 06:00:00,0.085818306,0.10081349,4345926.351221016,-469559.8699535443,0.0
95,0.494025,46.833336,-6.0833282,2024-07-30 06:00:00,-0.005553242,0.03211705,4346604.66032198,-463238.86772943556,0.0
275,1.541375,46.833336,-6.0833282,2024-07-30 06:00:00,-0.0024906946,0.036086872,4346604.66032198,-463238.86772943556,0.0
455,2.645669,46.833336,-6.0833282,2024-07-30 06:00:00,0.0012335454,0.040337846,4346604.66032198,-463238.86772943556,0.0
635,3.819495,46.833336,-6.0833282,2024-07-30 06:00:00,0.0054875473,0.044605635,4346604.66032198,-463238.86772943556,0.0
815,5.078224,46.833336,-6.0833282,2024-07-30 06:00:00,0.009797804,0.048449438,4346604.66032198,-463238.86772943556,0.0
995,6.440614,46.833336,-6.0833282,2024-07-30 06:00:00,0.013849974,0.051642332,4346604.66032198,-463238.86772943556,0.0
1175,7.92956,46.833336,-6.0833282,2024-07-30 06:00:00,0.017571792,0.054091558,4346604.66032198,-463238.86772943556,0.0
1355,9.572997,46.833336,-6.0833282,2024-07-30 06:00:00,0.024885383,0.057480916,4346604.66032198,-463238.86772943556,0.0
1535,11.405,46.833336,-6.0833282,2024-07-30 06:00:00,0.06001573,0.04276735,4346604.66032198,-463238.86772943556,0.0
1715,13.46714,46.833336,-6.0833282,2024-07-30 06:00:00,0.057786167,-0.0012419994,4346604.66032198,-463238.86772943556,0.0
1895,15.81007,46.833336,-6.0833282,2024-07-30 06:00:00,0.033579983,0.0095653245,4346604.66032198,-463238.86772943556,0.0
2075,18.49556,46.833336,-6.0833282,2024-07-30 06:00:00,0.032544535,0.017770851,4346604.66032198,-463238.86772943556,0.0
2255,21.59882,46.833336,-6.0833282,2024-07-30 06:00:00,0.043174215,0.021793973,4346604.66032198,-463238.86772943556,0.0
2435,25.21141,46.833336,-6.0833282,2024-07-30 06:00:00,0.06590977,0.023523334,4346604.66032198,-463238.86772943556,0.0
2615,29.44473,46.833336,-6.0833282,2024-07-30 06:00:00,0.10050104,0.015355298,4346604.66032198,-463238.86772943556,0.0
2795,34.43415,46.833336,-6.0833282,2024-07-30 06:00:00,0.1379512,-0.0137438495,4346604.66032198,-463238.86772943556,0.0
2975,40.34405,46.833336,-6.0833282,2024-07-30 06:00:00,0.14464425,-0.062422566,4346604.66032198,-463238.86772943556,0.0
3155,47.37369,46.833336,-6.0833282,2024-07-30 06:00:00,0.0920956,-0.09638635,4346604.66032198,-463238.86772943556,0.0
3335,55.76429,46.833336,-6.0833282,2024-07-30 06:00:00,0.023479419,-0.078091525,4346604.66032198,-463238.86772943556,0.0
3515,65.80727,46.833336,-6.0833282,2024-07-30 06:00:00,-0.0008158278,-0.02335798,4346604.66032198,-463238.86772943556,0.0
3695,77.85385,46.833336,-6.0833282,2024-07-30 06:00:00,0.01949879,0.0141733,4346604.66032198,-463238.86772943556,0.0
3875,92.32607,46.833336,-6.0833282,2024-07-30 06:00:00,0.044109907,0.02038267,4346604.66032198,-463238.86772943556,0.0
4055,109.7293,46.833336,-6.0833282,2024-07-30 06:00:00,0.057795048,0.014199402,4346604.66032198,-463238.86772943556,0.0
4235,130.666,46.833336,-6.0833282,2024-07-30 06:00:00,0.0675559,0.0077018966,4346604.66032198,-463238.86772943556,0.0
4415,155.8507,46.833336,-6.0833282,2024-07-30 06:00:00,0.076156326,0.0042934637,4346604.66032198,-463238.86772943556,0.0
4595,186.1256,46.833336,-6.0833282,2024-07-30 06:00:00,0.075681835,0.00022646273,4346604.66032198,-463238.86772943556,0.0
4775,222.4752,46.833336,-6.0833282,2024-07-30 06:00:00,0.07195566,-0.0068284,4346604.66032198,-463238.86772943556,0.0
4955,266.0403,46.833336,-6.0833282,2024-07-30 06:00:00,0.06278776,-0.008851479,4346604.66032198,-463238.86772943556,0.0
5135,318.1274,46.833336,-6.0833282,2024-07-30 06:00:00,0.043980863,-0.00015028962,4346604.66032198,-463238.86772943556,0.0
5315,380.213,46.833336,-6.0833282,2024-07-30 06:00:00,0.03413052,0.018203815,4346604.66032198,-463238.86772943556,0.0
5495,453.9377,46.833336,-6.0833282,2024-07-30 06:00:00,0.02768881,0.027882976,4346604.66032198,-463238.86772943556,0.0
5675,541.0889,46.833336,-6.0833282,2024-07-30 06:00:00,0.033326425,0.046479423,4346604.66032198,-463238.86772943556,0.0
5855,643.5668,46.833336,-6.0833282,2024-07-30 06:00:00,0.031941436,0.061770383,4346604.66032198,-463238.86772943556,0.0
6035,763.3331,46.833336,-6.0833282,2024-07-30 06:00:00,0.05015971,0.07758905,4346604.66032198,-463238.86772943556,0.0
6215,902.3393,46.833336,-6.0833282,2024-07-30 06:00:00,0.07142555,0.07637347,4346604.66032198,-463238.86772943556,0.0
104,0.494025,46.833336,-6.0,2024-07-30 06:00:00,0.002880276,0.01711279,4347273.775744883,-456916.88569019584,0.0
284,1.541375,46.833336,-6.0,2024-07-30 06:00:00,0.00601386,0.021156184,4347273.775744883,-456916.88569019584,0.0
464,2.645669,46.833336,-6.0,2024-07-30 06:00:00,0.010055164,0.025926037,4347273.775744883,-456916.88569019584,0.0
644,3.819495,46.833336,-6.0,2024-07-30 06:00:00,0.014670694,0.03068669,4347273.775744883,-456916.88569019584,0.0
824,5.078224,46.833336,-6.0,2024-07-30 06:00:00,0.01915372,0.034740828,4347273.775744883,-456916.88569019584,0.0
1004,6.440614,46.833336,-6.0,2024-07-30 06:00:00,0.023097813,0.037894662,4347273.775744883,-456916.88569019584,0.0
1184,7.92956,46.833336,-6.0,2024-07-30 06:00:00,0.026403228,0.04013491,4347273.775744883,-456916.88569019584,0.0
1364,9.572997,46.833336,-6.0,2024-07-30 06:00:00,0.030056413,0.04176891,4347273.775744883,-456916.88569019584,0.0
1544,11.405,46.833336,-6.0,2024-07-30 06:00:00,0.055101708,0.03291758,4347273.775744883,-456916.88569019584,0.0
1724,13.46714,46.833336,-6.0,2024-07-30 06:00:00,0.0666525,-0.019968275,4347273.775744883,-456916.88569019584,0.0
1904,15.81007,46.833336,-6.0,2024-07-30 06:00:00,0.03352979,-0.014107847,4347273.775744883,-456916.88569019584,0.0
2084,18.49556,46.833336,-6.0,2024-07-30 06:00:00,0.02399356,-0.0006098109,4347273.775744883,-456916.88569019584,0.0
2264,21.59882,46.833336,-6.0,2024-07-30 06:00:00,0.028822076,0.011888402,4347273.775744883,-456916.88569019584,0.0
2444,25.21141,46.833336,-6.0,2024-07-30 06:00:00,0.046528343,0.024413854,4347273.775744883,-456916.88569019584,0.0
2624,29.44473,46.833336,-6.0,2024-07-30 06:00:00,0.07897959,0.0281775,4347273.775744883,-456916.88569019584,0.0
2804,34.43415,46.833336,-6.0,2024-07-30 06:00:00,0.12093149,0.008192682,4347273.775744883,-456916.88569019584,0.0
2984,40.34405,46.833336,-6.0,2024-07-30 06:00:00,0.14162065,-0.042474113,4347273.775744883,-456916.88569019584,0.0
3164,47.37369,46.833336,-6.0,2024-07-30 06:00:00,0.104241125,-0.092528164,4347273.775744883,-456916.88569019584,0.0
3344,55.76429,46.833336,-6.0,2024-07-30 06:00:00,0.03790566,-0.088060506,4347273.775744883,-456916.88569019584,0.0
3524,65.80727,46.833336,-6.0,2024-07-30 06:00:00,0.002733787,-0.036025852,4347273.775744883,-456916.88569019584,0.0
3704,77.85385,46.833336,-6.0,2024-07-30 06:00:00,0.0154646095,0.009812351,4347273.775744883,-456916.88569019584,0.0
3884,92.32607,46.833336,-6.0,2024-07-30 06:00:00,0.043772105,0.024513146,4347273.775744883,-456916.88569019584,0.0
4064,109.7293,46.833336,-6.0,2024-07-30 06:00:00,0.06112305,0.02019589,4347273.775744883,-456916.88569019584,0.0
4244,130.666,46.833336,-6.0,2024-07-30 06:00:00,0.069704354,0.012005838,4347273.775744883,-456916.88569019584,0.0
4424,155.8507,46.833336,-6.0,2024-07-30 06:00:00,0.075829536,0.0057767723,4347273.775744883,-456916.88569019584,0.0
4604,186.1256,46.833336,-6.0,2024-07-30 06:00:00,0.07780153,0.0036470802,4347273.775744883,-456916.88569019584,0.0
4784,222.4752,46.833336,-6.0,2024-07-30 06:00:00,0.07599293,-0.0075557204,4347273.775744883,-456916.88569019584,0.0
4964,266.0403,46.833336,-6.0,2024-07-30 06:00:00,0.07150906,-0.012535479,4347273.775744883,-456916.88569019584,0.0
5144,318.1274,46.833336,-6.0,2024-07-30 06:00:00,0.05432323,-0.00061550527,4347273.775744883,-456916.88569019584,0.0
5324,380.213,46.833336,-6.0,2024-07-30 06:00:00,0.044157326,0.009425615,4347273.775744883,-456916.88569019584,0.0
5504,453.9377,46.833336,-6.0,2024-07-30 06:00:00,0.034161996,0.012682437,4347273.775744883,-456916.88569019584,0.0
5684,541.0889,46.833336,-6.0,2024-07-30 06:00:00,0.03694172,0.023784222,4347273.775744883,-456916.88569019584,0.0
5864,643.5668,46.833336,-6.0,2024-07-30 06:00:00,0.03188871,0.03528491,4347273.775744883,-456916.88569019584,0.0
6044,763.3331,46.833336,-6.0,2024-07-30 06:00:00,0.049200535,0.042919286,4347273.775744883,-456916.88569019584,0.0
6224,902.3393,46.833336,-6.0,2024-07-30 06:00:00,0.047975034,0.041310392,4347273.775744883,-456916.88569019584,0.0
113,0.494025,46.91667,-6.25,2024-07-30 06:00:00,0.061995983,0.053144675,4338517.220887722,-475144.9119816816,0.0
293,1.541375,46.91667,-6.25,2024-07-30 06:00:00,0.06474476,0.0571056,4338517.220887722,-475144.9119816816,0.0
473,2.645669,46.91667,-6.25,2024-07-30 06:00:00,0.06786532,0.061075587,4338517.220887722,-475144.9119816816,0.0
653,3.819495,46.91667,-6.25,2024-07-30 06:00:00,0.07143116,0.065043285,4338517.220887722,-475144.9119816816,0.0
833,5.078224,46.91667,-6.25,2024-07-30 06:00:00,0.075224824,0.068766765,4338517.220887722,-475144.9119816816,0.0
1013,6.440614,46.91667,-6.25,2024-07-30 06:00:00,0.07900783,0.0719957,4338517.220887722,-475144.9119816816,0.0
1193,7.92956,46.91667,-6.25,2024-07-30 06:00:00,0.08260244,0.07453875,4338517.220887722,-475144.9119816816,0.0
1373,9.572997,46.91667,-6.25,2024-07-30 06:00:00,0.086830646,0.07660569,4338517.220887722,-475144.9119816816,0.0
1553,11.405,46.91667,-6.25,2024-07-30 06:00:00,0.12325977,0.075320885,4338517.220887722,-475144.9119816816,0.0
1733,13.46714,46.91667,-6.25,2024-07-30 06:00:00,0.12753731,0.009876411,4338517.220887722,-475144.9119816816,0.0
1913,15.81007,46.91667,-6.25,2024-07-30 06:00:00,0.11196918,0.0017627645,4338517.220887722,-475144.9119816816,0.0
2093,18.49556,46.91667,-6.25,2024-07-30 06:00:00,0.10491729,0.0039143735,4338517.220887722,-475144.9119816816,0.0
2273,21.59882,46.91667,-6.25,2024-07-30 06:00:00,0.107850805,0.003525949,4338517.220887722,-475144.9119816816,0.0
2453,25.21141,46.91667,-6.25,2024-07-30 06:00:00,0.119516395,-0.00018146727,4338517.220887722,-475144.9119816816,0.0
2633,29.44473,46.91667,-6.25,2024-07-30 06:00:00,0.13648042,-0.006152833,4338517.220887722,-475144.9119816816,0.0
2813,34.43415,46.91667,-6.25,2024-07-30 06:00:00,0.15193261,-0.018039167,4338517.220887722,-475144.9119816816,0.0
2993,40.34405,46.91667,-6.25,2024-07-30 06:00:00,0.1495992,-0.032501668,4338517.220887722,-475144.9119816816,0.0
3173,47.37369,46.91667,-6.25,2024-07-30 06:00:00,0.122857064,-0.04114141,4338517.220887722,-475144.9119816816,0.0
3353,55.76429,46.91667,-6.25,2024-07-30 06:00:00,0.08951804,-0.033661675,4338517.220887722,-475144.9119816816,0.0
3533,65.80727,46.91667,-6.25,2024-07-30 06:00:00,0.074244015,-0.012746807,4338517.220887722,-475144.9119816816,0.0
3713,77.85385,46.91667,-6.25,2024-07-30 06:00:00,0.07433567,0.002581297,4338517.220887722,-475144.9119816816,0.0
3893,92.32607,46.91667,-6.25,2024-07-30 06:00:00,0.07848239,0.0044247364,4338517.220887722,-475144.9119816816,0.0
4073,109.7293,46.91667,-6.25,2024-07-30 06:00:00,0.07943611,0.00091601536,4338517.220887722,-475144.9119816816,0.0
4253,130.666,46.91667,-6.25,2024-07-30 06:00:00,0.07893272,-0.0023095384,4338517.220887722,-475144.9119816816,0.0
4433,155.8507,46.91667,-6.25,2024-07-30 06:00:00,0.06879923,-0.0028729672,4338517.220887722,-475144.9119816816,0.0
4613,186.1256,46.91667,-6.25,2024-07-30 06:00:00,0.05974992,0.00018145936,4338517.220887722,-475144.9119816816,0.0
4793,222.4752,46.91667,-6.25,2024-07-30 06:00:00,0.04907486,-0.0004521557,4338517.220887722,-475144.9119816816,0.0
4973,266.0403,46.91667,-6.25,2024-07-30 06:00:00,0.039367262,-0.0007247715,4338517.220887722,-475144.9119816816,0.0
5153,318.1274,46.91667,-6.25,2024-07-30 06:00:00,0.03712332,0.0045180316,4338517.220887722,-475144.9119816816,0.0
5333,380.213,46.91667,-6.25,2024-07-30 06:00:00,0.039071158,0.021785457,4338517.220887722,-475144.9119816816,0.0
5513,453.9377,46.91667,-6.25,2024-07-30 06:00:00,0.047411535,0.03784811,4338517.220887722,-475144.9119816816,0.0
5693,541.0889,46.91667,-6.25,2024-07-30 06:00:00,0.046840537,0.059103053,4338517.220887722,-475144.9119816816,0.0
5873,643.5668,46.91667,-6.25,2024-07-30 06:00:00,0.0400712,0.07852112,4338517.220887722,-475144.9119816816,0.0
6053,763.3331,46.91667,-6.25,2024-07-30 06:00:00,0.03589418,0.084920794,4338517.220887722,-475144.9119816816,0.0
6233,902.3393,46.91667,-6.25,2024-07-30 06:00:00,0.03224301,0.10272283,4338517.220887722,-475144.9119816816,0.0
122,0.494025,46.91667,-6.1666565,2024-07-30 06:00:00,0.042704068,0.05543142,4339203.78529813,-468833.52373287774,0.0
302,1.541375,46.91667,-6.1666565,2024-07-30 06:00:00,0.045520566,0.059390247,4339203.78529813,-468833.52373287774,0.0
482,2.645669,46.91667,-6.1666565,2024-07-30 06:00:00,0.04885517,0.06350017,4339203.78529813,-468833.52373287774,0.0
662,3.819495,46.91667,-6.1666565,2024-07-30 06:00:00,0.05273714,0.06770318,4339203.78529813,-468833.52373287774,0.0
842,5.078224,46.91667,-6.1666565,2024-07-30 06:00:00,0.056850605,0.07163004,4339203.78529813,-468833.52373287774,0.0
1022,6.440614,46.91667,-6.1666565,2024-07-30 06:00:00,0.06098814,0.0750119,4339203.78529813,-468833.52373287774,0.0
1202,7.92956,46.91667,-6.1666565,2024-07-30 06:00:00,0.065154985,0.07771256,4339203.78529813,-468833.52373287774,0.0
1382,9.572997,46.91667,-6.1666565,2024-07-30 06:00:00,0.07353732,0.08078191,4339203.78529813,-468833.52373287774,0.0
1562,11.405,46.91667,-6.1666565,2024-07-30 06:00:00,0.12113423,0.059340354,4339203.78529813,-468833.52373287774,0.0
1742,13.46714,46.91667,-6.1666565,2024-07-30 06:00:00,0.10759345,0.008333217,4339203.78529813,-468833.52373287774,0.0
1922,15.81007,46.91667,-6.1666565,2024-07-30 06:00:00,0.090498894,0.0116594955,4339203.78529813,-468833.52373287774,0.0
2102,18.49556,46.91667,-6.1666565,2024-07-30 06:00:00,0.08856752,0.017364033,4339203.78529813,-468833.52373287774,0.0
2282,21.59882,46.91667,-6.1666565,2024-07-30 06:00:00,0.09797306,0.019006003,4339203.78529813,-468833.52373287774,0.0
2462,25.21141,46.91667,-6.1666565,2024-07-30 06:00:00,0.116679706,0.016348097,4339203.78529813,-468833.52373287774,0.0
2642,29.44473,46.91667,-6.1666565,2024-07-30 06:00:00,0.1399781,0.0070428234,4339203.78529813,-468833.52373287774,0.0
2822,34.43415,46.91667,-6.1666565,2024-07-30 06:00:00,0.15854912,-0.0152880065,4339203.78529813,-468833.52373287774,0.0
3002,40.34405,46.91667,-6.1666565,2024-07-30 06:00:00,0.15230277,-0.045322403,4339203.78529813,-468833.52373287774,0.0
3182,47.37369,46.91667,-6.1666565,2024-07-30 06:00:00,0.11308758,-0.063932374,4339203.78529813,-468833.52373287774,0.0
3362,55.76429,46.91667,-6.1666565,2024-07-30 06:00:00,0.065409616,-0.052636854,4339203.78529813,-468833.52373287774,0.0
3542,65.80727,46.91667,-6.1666565,2024-07-30 06:00:00,0.041834544,-0.01865832,4339203.78529813,-468833.52373287774,0.0
3722,77.85385,46.91667,-6.1666565,2024-07-30 06:00:00,0.0423025,0.0058003003,4339203.78529813,-468833.52373287774,0.0
3902,92.32607,46.91667,-6.1666565,2024-07-30 06:00:00,0.04957158,0.012891019,4339203.78529813,-468833.52373287774,0.0
4082,109.7293,46.91667,-6.1666565,2024-07-30 06:00:00,0.05448485,0.009670487,4339203.78529813,-468833.52373287774,0.0
4262,130.666,46.91667,-6.1666565,2024-07-30 06:00:00,0.058309115,0.0058693103,4339203.78529813,-468833.52373287774,0.0
4442,155.8507,46.91667,-6.1666565,2024-07-30 06:00:00,0.054097693,0.0033523957,4339203.78529813,-468833.52373287774,0.0
4622,186.1256,46.91667,-6.1666565,2024-07-30 06:00:00,0.044326525,0.0076569486,4339203.78529813,-468833.52373287774,0.0
4802,222.4752,46.91667,-6.1666565,2024-07-30 06:00:00,0.033150837,0.002900845,4339203.78529813,-468833.52373287774,0.0
4982,266.0403,46.91667,-6.1666565,2024-07-30 06:00:00,0.024483,0.0032660814,4339203.78529813,-468833.52373287774,0.0
5162,318.1274,46.91667,-6.1666565,2024-07-30 06:00:00,0.015825972,0.012777731,4339203.78529813,-468833.52373287774,0.0
5342,380.213,46.91667,-6.1666565,2024-07-30 06:00:00,0.02467926,0.023224512,4339203.78529813,-468833.52373287774,0.0
5522,453.9377,46.91667,-6.1666565,2024-07-30 06:00:00,0.035779037,0.051348943,4339203.78529813,-468833.52373287774,0.0
5702,541.0889,46.91667,-6.1666565,2024-07-30 06:00:00,0.03873445,0.06866574,4339203.78529813,-468833.52373287774,0.0
5882,643.5668,46.91667,-6.1666565,2024-07-30 06:00:00,0.04134439,0.083550185,4339203.78529813,-468833.52373287774,0.0
6062,763.3331,46.91667,-6.1666565,2024-07-30 06:00:00,0.03712605,0.09478709,4339203.78529813,-468833.52373287774,0.0
6242,902.3393,46.91667,-6.1666565,2024-07-30 06:00:00,0.021273568,0.10401174,4339203.78529813,-468833.52373287774,0.0
131,0.494025,46.91667,-6.0833282,2024-07-30 06:00:00,0.03704571,0.049842525,4339881.045145775,-462522.2992525033,0.0
311,1.541375,46.91667,-6.0833282,2024-07-30 06:00:00,0.039956443,0.05385306,4339881.045145775,-462522.2992525033,0.0
491,2.645669,46.91667,-6.0833282,2024-07-30 06:00:00,0.04370171,0.058357276,4339881.045145775,-462522.2992525033,0.0
671,3.819495,46.91667,-6.0833282,2024-07-30 06:00:00,0.048061505,0.06306249,4339881.045145775,-462522.2992525033,0.0
851,5.078224,46.91667,-6.0833282,2024-07-30 06:00:00,0.052472442,0.06728816,4339881.045145775,-462522.2992525033,0.0
1031,6.440614,46.91667,-6.0833282,2024-07-30 06:00:00,0.05672024,0.070757285,4339881.045145775,-462522.2992525033,0.0
1211,7.92956,46.91667,-6.0833282,2024-07-30 06:00:00,0.060955554,0.073446356,4339881.045145775,-462522.2992525033,0.0
1391,9.572997,46.91667,-6.0833282,2024-07-30 06:00:00,0.07048723,0.07753129,4339881.045145775,-462522.2992525033,0.0
1571,11.405,46.91667,-6.0833282,2024-07-30 06:00:00,0.11303426,0.049835872,4339881.045145775,-462522.2992525033,0.0
1751,13.46714,46.91667,-6.0833282,2024-07-30 06:00:00,0.101013266,0.0007775184,4339881.045145775,-462522.2992525033,0.0
1931,15.81007,46.91667,-6.0833282,2024-07-30 06:00:00,0.0780792,0.009546587,4339881.045145775,-462522.2992525033,0.0
2111,18.49556,46.91667,-6.0833282,2024-07-30 06:00:00,0.073954076,0.017449666,4339881.045145775,-462522.2992525033,0.0
2291,21.59882,46.91667,-6.0833282,2024-07-30 06:00:00,0.0816795,0.023140796,4339881.045145775,-462522.2992525033,0.0
2471,25.21141,46.91667,-6.0833282,2024-07-30 06:00:00,0.09933143,0.026023977,4339881.045145775,-462522.2992525033,0.0
2651,29.44473,46.91667,-6.0833282,2024-07-30 06:00:00,0.124178454,0.020136397,4339881.045145775,-462522.2992525033,0.0
2831,34.43415,46.91667,-6.0833282,2024-07-30 06:00:00,0.14746927,-0.0050991885,4339881.045145775,-462522.2992525033,0.0
3011,40.34405,46.91667,-6.0833282,2024-07-30 06:00:00,0.14720283,-0.046427324,4339881.045145775,-462522.2992525033,0.0
3191,47.37369,46.91667,-6.0833282,2024-07-30 06:00:00,0.10754267,-0.07931723,4339881.045145775,-462522.2992525033,0.0
3371,55.76429,46.91667,-6.0833282,2024-07-30 06:00:00,0.052088603,-0.07571292,4339881.045145775,-462522.2992525033,0.0
3551,65.80727,46.91667,-6.0833282,2024-07-30 06:00:00,0.01663971,-0.03993427,4339881.045145775,-462522.2992525033,0.0
3731,77.85385,46.91667,-6.0833282,2024-07-30 06:00:00,0.013307997,-0.01039977,4339881.045145775,-462522.2992525033,0.0
3911,92.32607,46.91667,-6.0833282,2024-07-30 06:00:00,0.024767565,0.0022240118,4339881.045145775,-462522.2992525033,0.0
4091,109.7293,46.91667,-6.0833282,2024-07-30 06:00:00,0.03399456,0.0058307927,4339881.045145775,-462522.2992525033,0.0
4271,130.666,46.91667,-6.0833282,2024-07-30 06:00:00,0.038888283,0.0047080778,4339881.045145775,-462522.2992525033,0.0
4451,155.8507,46.91667,-6.0833282,2024-07-30 06:00:00,0.03898638,0.0029250188,4339881.045145775,-462522.2992525033,0.0
4631,186.1256,46.91667,-6.0833282,2024-07-30 06:00:00,0.036482748,-0.0043158093,4339881.045145775,-462522.2992525033,0.0
4811,222.4752,46.91667,-6.0833282,2024-07-30 06:00:00,0.030093754,-0.007610908,4339881.045145775,-462522.2992525033,0.0
4991,266.0403,46.91667,-6.0833282,2024-07-30 06:00:00,0.02032373,-0.0019605984,4339881.045145775,-462522.2992525033,0.0
5171,318.1274,46.91667,-6.0833282,2024-07-30 06:00:00,0.01931756,0.012698505,4339881.045145775,-462522.2992525033,0.0
5351,380.213,46.91667,-6.0833282,2024-07-30 06:00:00,0.027423097,0.019463688,4339881.045145775,-462522.2992525033,0.0
5531,453.9377,46.91667,-6.0833282,2024-07-30 06:00:00,0.041059654,0.03584789,4339881.045145775,-462522.2992525033,0.0
5711,541.0889,46.91667,-6.0833282,2024-07-30 06:00:00,0.04588318,0.059841983,4339881.045145775,-462522.2992525033,0.0
5891,643.5668,46.91667,-6.0833282,2024-07-30 06:00:00,0.040078454,0.06163476,4339881.045145775,-462522.2992525033,0.0
6071,763.3331,46.91667,-6.0833282,2024-07-30 06:00:00,0.02861238,0.089367144,4339881.045145775,-462522.2992525033,0.0
6251,902.3393,46.91667,-6.0833282,2024-07-30 06:00:00,0.00584879,0.1077391,4339881.045145775,-462522.2992525033,0.0
140,0.494025,46.91667,-6.0,2024-07-30 06:00:00,0.04186614,0.04079986,4340549.125536747,-456210.0964726406,0.0
320,1.541375,46.91667,-6.0,2024-07-30 06:00:00,0.044893187,0.04495795,4340549.125536747,-456210.0964726406,0.0
500,2.645669,46.91667,-6.0,2024-07-30 06:00:00,0.049260385,0.05042562,4340549.125536747,-456210.0964726406,0.0
680,3.819495,46.91667,-6.0,2024-07-30 06:00:00,0.05420635,0.055913653,4340549.125536747,-456210.0964726406,0.0
860,5.078224,46.91667,-6.0,2024-07-30 06:00:00,0.05883987,0.06029379,4340549.125536747,-456210.0964726406,0.0
1040,6.440614,46.91667,-6.0,2024-07-30 06:00:00,0.0629695,0.06353861,4340549.125536747,-456210.0964726406,0.0
1220,7.92956,46.91667,-6.0,2024-07-30 06:00:00,0.06673565,0.06587893,4340549.125536747,-456210.0964726406,0.0
1400,9.572997,46.91667,-6.0,2024-07-30 06:00:00,0.07250791,0.06805214,4340549.125536747,-456210.0964726406,0.0
1580,11.405,46.91667,-6.0,2024-07-30 06:00:00,0.10194333,0.055455297,4340549.125536747,-456210.0964726406,0.0
1760,13.46714,46.91667,-6.0,2024-07-30 06:00:00,0.10902538,-0.012446253,4340549.125536747,-456210.0964726406,0.0
1940,15.81007,46.91667,-6.0,2024-07-30 06:00:00,0.08227693,-0.012199448,4340549.125536747,-456210.0964726406,0.0
2120,18.49556,46.91667,-6.0,2024-07-30 06:00:00,0.0708062,-0.004121179,4340549.125536747,-456210.0964726406,0.0
2300,21.59882,46.91667,-6.0,2024-07-30 06:00:00,0.07133492,0.0050540185,4340549.125536747,-456210.0964726406,0.0
2480,25.21141,46.91667,-6.0,2024-07-30 06:00:00,0.081003085,0.015594445,4340549.125536747,-456210.0964726406,0.0
2660,29.44473,46.91667,-6.0,2024-07-30 06:00:00,0.0984991,0.021320513,4340549.125536747,-456210.0964726406,0.0
2840,34.43415,46.91667,-6.0,2024-07-30 06:00:00,0.11990149,0.00634208,4340549.125536747,-456210.0964726406,0.0
3020,40.34405,46.91667,-6.0,2024-07-30 06:00:00,0.12870304,-0.033915073,4340549.125536747,-456210.0964726406,0.0
3200,47.37369,46.91667,-6.0,2024-07-30 06:00:00,0.1025925,-0.07596931,4340549.125536747,-456210.0964726406,0.0
3380,55.76429,46.91667,-6.0,2024-07-30 06:00:00,0.05294799,-0.08021134,4340549.125536747,-456210.0964726406,0.0
3560,65.80727,46.91667,-6.0,2024-07-30 06:00:00,0.014839201,-0.051234886,4340549.125536747,-456210.0964726406,0.0
3740,77.85385,46.91667,-6.0,2024-07-30 06:00:00,0.010262335,-0.026725555,4340549.125536747,-456210.0964726406,0.0
3920,92.32607,46.91667,-6.0,2024-07-30 06:00:00,0.020420441,-0.016188664,4340549.125536747,-456210.0964726406,0.0
4100,109.7293,46.91667,-6.0,2024-07-30 06:00:00,0.028952515,-0.014663179,4340549.125536747,-456210.0964726406,0.0
4280,130.666,46.91667,-6.0,2024-07-30 06:00:00,0.031184463,-0.01245782,4340549.125536747,-456210.0964726406,0.0
4460,155.8507,46.91667,-6.0,2024-07-30 06:00:00,0.032320984,-0.009203523,4340549.125536747,-456210.0964726406,0.0
4640,186.1256,46.91667,-6.0,2024-07-30 06:00:00,0.030729234,-0.008177442,4340549.125536747,-456210.0964726406,0.0
4820,222.4752,46.91667,-6.0,2024-07-30 06:00:00,0.029059876,-0.007514943,4340549.125536747,-456210.0964726406,0.0
5000,266.0403,46.91667,-6.0,2024-07-30 06:00:00,0.02458496,-0.0018899234,4340549.125536747,-456210.0964726406,0.0
5180,318.1274,46.91667,-6.0,2024-07-30 06:00:00,0.027358212,0.001932636,4340549.125536747,-456210.0964726406,0.0
5360,380.213,46.91667,-6.0,2024-07-30 06:00:00,0.04486094,-0.002258623,4340549.125536747,-456210.0964726406,0.0
5540,453.9377,46.91667,-6.0,2024-07-30 06:00:00,0.058047168,-0.01075758,4340549.125536747,-456210.0964726406,0.0
5720,541.0889,46.91667,-6.0,2024-07-30 06:00:00,0.06279925,-0.01543809,4340549.125536747,-456210.0964726406,0.0
5900,643.5668,46.91667,-6.0,2024-07-30 06:00:00,0.046363972,0.020403305,4340549.125536747,-456210.0964726406,0.0
6080,763.3331,46.91667,-6.0,2024-07-30 06:00:00,0.008514261,0.047598,4340549.125536747,-456210.0964726406,0.0
6260,902.3393,46.91667,-6.0,2024-07-30 06:00:00,-0.013620724,0.089467645,4340549.125536747,-456210.0964726406,0.0
149,0.494025,47.0,-6.25,2024-07-30 06:00:00,0.0918719,0.04450795,4331787.087405169,-474407.8424903363,0.0
329,1.541375,47.0,-6.25,2024-07-30 06:00:00,0.09464114,0.0484537,4331787.087405169,-474407.8424903363,0.0
509,2.645669,47.0,-6.25,2024-07-30 06:00:00,0.0974701,0.05217065,4331787.087405169,-474407.8424903363,0.0
689,3.819495,47.0,-6.25,2024-07-30 06:00:00,0.10034,0.05563927,4331787.087405169,-474407.8424903363,0.0
869,5.078224,47.0,-6.25,2024-07-30 06:00:00,0.10322727,0.058811475,4331787.087405169,-474407.8424903363,0.0
1049,6.440614,47.0,-6.25,2024-07-30 06:00:00,0.10607549,0.061598774,4331787.087405169,-474407.8424903363,0.0
1229,7.92956,47.0,-6.25,2024-07-30 06:00:00,0.108883746,0.06392748,4331787.087405169,-474407.8424903363,0.0
1409,9.572997,47.0,-6.25,2024-07-30 06:00:00,0.11247453,0.06606165,4331787.087405169,-474407.8424903363,0.0
1589,11.405,47.0,-6.25,2024-07-30 06:00:00,0.14040695,0.07002135,4331787.087405169,-474407.8424903363,0.0
1769,13.46714,47.0,-6.25,2024-07-30 06:00:00,0.14769217,0.009124694,4331787.087405169,-474407.8424903363,0.0
1949,15.81007,47.0,-6.25,2024-07-30 06:00:00,0.12888034,-0.0013246723,4331787.087405169,-474407.8424903363,0.0
2129,18.49556,47.0,-6.25,2024-07-30 06:00:00,0.1224274,0.0012518927,4331787.087405169,-474407.8424903363,0.0
2309,21.59882,47.0,-6.25,2024-07-30 06:00:00,0.12628281,0.0054225326,4331787.087405169,-474407.8424903363,0.0
2489,25.21141,47.0,-6.25,2024-07-30 06:00:00,0.1386351,0.008532912,4331787.087405169,-474407.8424903363,0.0
2669,29.44473,47.0,-6.25,2024-07-30 06:00:00,0.15751182,0.009286233,4331787.087405169,-474407.8424903363,0.0
2849,34.43415,47.0,-6.25,2024-07-30 06:00:00,0.17446952,0.00633006,4331787.087405169,-474407.8424903363,0.0
3029,40.34405,47.0,-6.25,2024-07-30 06:00:00,0.18133552,0.0028571244,4331787.087405169,-474407.8424903363,0.0
3209,47.37369,47.0,-6.25,2024-07-30 06:00:00,0.17152156,0.00027689524,4331787.087405169,-474407.8424903363,0.0
3389,55.76429,47.0,-6.25,2024-07-30 06:00:00,0.14872979,0.0038133273,4331787.087405169,-474407.8424903363,0.0
3569,65.80727,47.0,-6.25,2024-07-30 06:00:00,0.13091224,0.0147371655,4331787.087405169,-474407.8424903363,0.0
3749,77.85385,47.0,-6.25,2024-07-30 06:00:00,0.1208593,0.027235026,4331787.087405169,-474407.8424903363,0.0
3929,92.32607,47.0,-6.25,2024-07-30 06:00:00,0.121316075,0.034057528,4331787.087405169,-474407.8424903363,0.0
4109,109.7293,47.0,-6.25,2024-07-30 06:00:00,0.12443482,0.029804893,4331787.087405169,-474407.8424903363,0.0
4289,130.666,47.0,-6.25,2024-07-30 06:00:00,0.13078709,0.027175741,4331787.087405169,-474407.8424903363,0.0
4469,155.8507,47.0,-6.25,2024-07-30 06:00:00,0.12036943,0.026430057,4331787.087405169,-474407.8424903363,0.0
4649,186.1256,47.0,-6.25,2024-07-30 06:00:00,0.10618308,0.024702951,4331787.087405169,-474407.8424903363,0.0
4829,222.4752,47.0,-6.25,2024-07-30 06:00:00,0.09729653,0.022657583,4331787.087405169,-474407.8424903363,0.0
5009,266.0403,47.0,-6.25,2024-07-30 06:00:00,0.084325574,0.024082625,4331787.087405169,-474407.8424903363,0.0
5189,318.1274,47.0,-6.25,2024-07-30 06:00:00,0.06599923,0.031944998,4331787.087405169,-474407.8424903363,0.0
5369,380.213,47.0,-6.25,2024-07-30 06:00:00,0.052581582,0.030983798,4331787.087405169,-474407.8424903363,0.0
5549,453.9377,47.0,-6.25,2024-07-30 06:00:00,0.037259977,0.05837733,4331787.087405169,-474407.8424903363,0.0
5729,541.0889,47.0,-6.25,2024-07-30 06:00:00,0.0382862,0.078932784,4331787.087405169,-474407.8424903363,0.0
5909,643.5668,47.0,-6.25,2024-07-30 06:00:00,0.043817386,0.07777177,4331787.087405169,-474407.8424903363,0.0
6089,763.3331,47.0,-6.25,2024-07-30 06:00:00,0.025290145,0.09702691,4331787.087405169,-474407.8424903363,0.0
6269,902.3393,47.0,-6.25,2024-07-30 06:00:00,-0.005605958,0.09765158,4331787.087405169,-474407.8424903363,0.0
158,0.494025,47.0,-6.1666565,2024-07-30 06:00:00,0.07495224,0.050614905,4332472.586781167,-468106.2447951276,0.0
338,1.541375,47.0,-6.1666565,2024-07-30 06:00:00,0.077730715,0.054584898,4332472.586781167,-468106.2447951276,0.0
518,2.645669,47.0,-6.1666565,2024-07-30 06:00:00,0.08063235,0.05838552,4332472.586781167,-468106.2447951276,0.0
698,3.819495,47.0,-6.1666565,2024-07-30 06:00:00,0.0836606,0.06199545,4332472.586781167,-468106.2447951276,0.0
878,5.078224,47.0,-6.1666565,2024-07-30 06:00:00,0.086762786,0.065310955,4332472.586781167,-468106.2447951276,0.0
1058,6.440614,47.0,-6.1666565,2024-07-30 06:00:00,0.08983954,0.06819138,4332472.586781167,-468106.2447951276,0.0
1238,7.92956,47.0,-6.1666565,2024-07-30 06:00:00,0.09285564,0.070528656,4332472.586781167,-468106.2447951276,0.0
1418,9.572997,47.0,-6.1666565,2024-07-30 06:00:00,0.096863,0.07263948,4332472.586781167,-468106.2447951276,0.0
1598,11.405,47.0,-6.1666565,2024-07-30 06:00:00,0.13220975,0.067797996,4332472.586781167,-468106.2447951276,0.0
1778,13.46714,47.0,-6.1666565,2024-07-30 06:00:00,0.13765886,0.009359978,4332472.586781167,-468106.2447951276,0.0
1958,15.81007,47.0,-6.1666565,2024-07-30 06:00:00,0.11960318,0.0032071853,4332472.586781167,-468106.2447951276,0.0
2138,18.49556,47.0,-6.1666565,2024-07-30 06:00:00,0.11252353,0.009264041,4332472.586781167,-468106.2447951276,0.0
2318,21.59882,47.0,-6.1666565,2024-07-30 06:00:00,0.11464347,0.017527526,4332472.586781167,-468106.2447951276,0.0
2498,25.21141,47.0,-6.1666565,2024-07-30 06:00:00,0.12533017,0.025393428,4332472.586781167,-468106.2447951276,0.0
2678,29.44473,47.0,-6.1666565,2024-07-30 06:00:00,0.14308108,0.029733796,4332472.586781167,-468106.2447951276,0.0
2858,34.43415,47.0,-6.1666565,2024-07-30 06:00:00,0.15921016,0.025231952,4332472.586781167,-468106.2447951276,0.0
3038,40.34405,47.0,-6.1666565,2024-07-30 06:00:00,0.16479374,0.0134356925,4332472.586781167,-468106.2447951276,0.0
3218,47.37369,47.0,-6.1666565,2024-07-30 06:00:00,0.15191649,0.00069356523,4332472.586781167,-468106.2447951276,0.0
3398,55.76429,47.0,-6.1666565,2024-07-30 06:00:00,0.12592775,-0.0012468449,4332472.586781167,-468106.2447951276,0.0
3578,65.80727,47.0,-6.1666565,2024-07-30 06:00:00,0.105165176,0.01493068,4332472.586781167,-468106.2447951276,0.0
3758,77.85385,47.0,-6.1666565,2024-07-30 06:00:00,0.09220051,0.03375972,4332472.586781167,-468106.2447951276,0.0
3938,92.32607,47.0,-6.1666565,2024-07-30 06:00:00,0.092418805,0.04689818,4332472.586781167,-468106.2447951276,0.0
4118,109.7293,47.0,-6.1666565,2024-07-30 06:00:00,0.09660361,0.04800794,4332472.586781167,-468106.2447951276,0.0
4298,130.666,47.0,-6.1666565,2024-07-30 06:00:00,0.10388524,0.043824274,4332472.586781167,-468106.2447951276,0.0
4478,155.8507,47.0,-6.1666565,2024-07-30 06:00:00,0.09663345,0.036727916,4332472.586781167,-468106.2447951276,0.0
4658,186.1256,47.0,-6.1666565,2024-07-30 06:00:00,0.08808673,0.028828517,4332472.586781167,-468106.2447951276,0.0
4838,222.4752,47.0,-6.1666565,2024-07-30 06:00:00,0.086360104,0.021838622,4332472.586781167,-468106.2447951276,0.0
5018,266.0403,47.0,-6.1666565,2024-07-30 06:00:00,0.078699864,0.025300521,4332472.586781167,-468106.2447951276,0.0
5198,318.1274,47.0,-6.1666565,2024-07-30 06:00:00,0.0676104,0.03226156,4332472.586781167,-468106.2447951276,0.0
5378,380.213,47.0,-6.1666565,2024-07-30 06:00:00,0.053119358,0.04362863,4332472.586781167,-468106.2447951276,0.0
5558,453.9377,47.0,-6.1666565,2024-07-30 06:00:00,0.046336412,0.05026904,4332472.586781167,-468106.2447951276,0.0
5738,541.0889,47.0,-6.1666565,2024-07-30 06:00:00,0.04729765,0.08322239,4332472.586781167,-468106.2447951276,0.0
5918,643.5668,47.0,-6.1666565,2024-07-30 06:00:00,0.03507382,0.08903576,4332472.586781167,-468106.2447951276,0.0
6098,763.3331,47.0,-6.1666565,2024-07-30 06:00:00,0.0050214194,0.10006131,4332472.586781167,-468106.2447951276,0.0
6278,902.3393,47.0,-6.1666565,2024-07-30 06:00:00,-0.019593298,0.10711766,4332472.586781167,-468106.2447951276,0.0
167,0.494025,47.0,-6.0833282,2024-07-30 06:00:00,0.058415182,0.05914277,4333148.796028124,-461804.81061430223,0.0
347,1.541375,47.0,-6.0833282,2024-07-30 06:00:00,0.061197117,0.063190445,4333148.796028124,-461804.81061430223,0.0
527,2.645669,47.0,-6.0833282,2024-07-30 06:00:00,0.06425634,0.067257136,4333148.796028124,-461804.81061430223,0.0
707,3.819495,47.0,-6.0833282,2024-07-30 06:00:00,0.0676089,0.07129136,4333148.796028124,-461804.81061430223,0.0
887,5.078224,47.0,-6.0833282,2024-07-30 06:00:00,0.07110929,0.07505374,4333148.796028124,-461804.81061430223,0.0
1067,6.440614,47.0,-6.0833282,2024-07-30 06:00:00,0.07458386,0.078340635,4333148.796028124,-461804.81061430223,0.0
1247,7.92956,47.0,-6.0833282,2024-07-30 06:00:00,0.0779402,0.08105368,4333148.796028124,-461804.81061430223,0.0
1427,9.572997,47.0,-6.0833282,2024-07-30 06:00:00,0.08225005,0.08391194,4333148.796028124,-461804.81061430223,0.0
1607,11.405,47.0,-6.0833282,2024-07-30 06:00:00,0.118551075,0.075542845,4333148.796028124,-461804.81061430223,0.0
1787,13.46714,47.0,-6.0833282,2024-07-30 06:00:00,0.12971677,0.013533871,4333148.796028124,-461804.81061430223,0.0
1967,15.81007,47.0,-6.0833282,2024-07-30 06:00:00,0.11153948,0.006518855,4333148.796028124,-461804.81061430223,0.0
2147,18.49556,47.0,-6.0833282,2024-07-30 06:00:00,0.10104313,0.012781754,4333148.796028124,-461804.81061430223,0.0
2327,21.59882,47.0,-6.0833282,2024-07-30 06:00:00,0.097982615,0.021430625,4333148.796028124,-461804.81061430223,0.0
2507,25.21141,47.0,-6.0833282,2024-07-30 06:00:00,0.10290412,0.030730773,4333148.796028124,-461804.81061430223,0.0
2687,29.44473,47.0,-6.0833282,2024-07-30 06:00:00,0.11570195,0.03702521,4333148.796028124,-461804.81061430223,0.0
2867,34.43415,47.0,-6.0833282,2024-07-30 06:00:00,0.13086626,0.030734804,4333148.796028124,-461804.81061430223,0.0
3047,40.34405,47.0,-6.0833282,2024-07-30 06:00:00,0.1417399,0.008541849,4333148.796028124,-461804.81061430223,0.0
3227,47.37369,47.0,-6.0833282,2024-07-30 06:00:00,0.1366201,-0.019194968,4333148.796028124,-461804.81061430223,0.0
3407,55.76429,47.0,-6.0833282,2024-07-30 06:00:00,0.11733472,-0.03109094,4333148.796028124,-461804.81061430223,0.0
3587,65.80727,47.0,-6.0833282,2024-07-30 06:00:00,0.09587664,-0.015806766,4333148.796028124,-461804.81061430223,0.0
3767,77.85385,47.0,-6.0833282,2024-07-30 06:00:00,0.08018886,0.0040909303,4333148.796028124,-461804.81061430223,0.0
3947,92.32607,47.0,-6.0833282,2024-07-30 06:00:00,0.071448304,0.022728164,4333148.796028124,-461804.81061430223,0.0
4127,109.7293,47.0,-6.0833282,2024-07-30 06:00:00,0.071483076,0.03062146,4333148.796028124,-461804.81061430223,0.0
4307,130.666,47.0,-6.0833282,2024-07-30 06:00:00,0.07518205,0.03388453,4333148.796028124,-461804.81061430223,0.0
4487,155.8507,47.0,-6.0833282,2024-07-30 06:00:00,0.07151589,0.028790627,4333148.796028124,-461804.81061430223,0.0
4667,186.1256,47.0,-6.0833282,2024-07-30 06:00:00,0.06445395,0.017870108,4333148.796028124,-461804.81061430223,0.0
4847,222.4752,47.0,-6.0833282,2024-07-30 06:00:00,0.06743473,0.006495352,4333148.796028124,-461804.81061430223,0.0
5027,266.0403,47.0,-6.0833282,2024-07-30 06:00:00,0.0710136,0.0095307175,4333148.796028124,-461804.81061430223,0.0
5207,318.1274,47.0,-6.0833282,2024-07-30 06:00:00,0.0715267,0.016754424,4333148.796028124,-461804.81061430223,0.0
5387,380.213,47.0,-6.0833282,2024-07-30 06:00:00,0.061662156,0.021280564,4333148.796028124,-461804.81061430223,0.0
5567,453.9377,47.0,-6.0833282,2024-07-30 06:00:00,0.05493436,0.029115532,4333148.796028124,-461804.81061430223,0.0
5747,541.0889,47.0,-6.0833282,2024-07-30 06:00:00,0.06726668,0.041454006,4333148.796028124,-461804.81061430223,0.0
5927,643.5668,47.0,-6.0833282,2024-07-30 06:00:00,0.024849566,0.07410708,4333148.796028124,-461804.81061430223,0.0
6107,763.3331,47.0,-6.0833282,2024-07-30 06:00:00,-0.011649486,0.10367499,4333148.796028124,-461804.81061430223,0.0
6287,902.3393,47.0,-6.0833282,2024-07-30 06:00:00,-0.044542376,0.1232582,4333148.796028124,-461804.81061430223,0.0
176,0.494025,47.0,-6.0,2024-07-30 06:00:00,0.04722128,0.046123117,4333815.840058059,-455502.3996515776,0.0
356,1.541375,47.0,-6.0,2024-07-30 06:00:00,0.05000866,0.05030528,4333815.840058059,-455502.3996515776,0.0
536,2.645669,47.0,-6.0,2024-07-30 06:00:00,0.053349588,0.054953057,4333815.840058059,-455502.3996515776,0.0
716,3.819495,47.0,-6.0,2024-07-30 06:00:00,0.057195395,0.05973869,4333815.840058059,-455502.3996515776,0.0
896,5.078224,47.0,-6.0,2024-07-30 06:00:00,0.061187856,0.064086884,4333815.840058059,-455502.3996515776,0.0
1076,6.440614,47.0,-6.0,2024-07-30 06:00:00,0.06504916,0.06773403,4333815.840058059,-455502.3996515776,0.0
1256,7.92956,47.0,-6.0,2024-07-30 06:00:00,0.06861196,0.070582144,4333815.840058059,-455502.3996515776,0.0
1436,9.572997,47.0,-6.0,2024-07-30 06:00:00,0.07241782,0.0728554,4333815.840058059,-455502.3996515776,0.0
1616,11.405,47.0,-6.0,2024-07-30 06:00:00,0.0992421,0.07234812,4333815.840058059,-455502.3996515776,0.0
1796,13.46714,47.0,-6.0,2024-07-30 06:00:00,0.12344053,-0.0025754352,4333815.840058059,-455502.3996515776,0.0
1976,15.81007,47.0,-6.0,2024-07-30 06:00:00,0.10892619,-0.01558314,4333815.840058059,-455502.3996515776,0.0
2156,18.49556,47.0,-6.0,2024-07-30 06:00:00,0.09595309,-0.011841031,4333815.840058059,-455502.3996515776,0.0
2336,21.59882,47.0,-6.0,2024-07-30 06:00:00,0.0874571,-0.0056660944,4333815.840058059,-455502.3996515776,0.0
2516,25.21141,47.0,-6.0,2024-07-30 06:00:00,0.08543392,0.0023891698,4333815.840058059,-455502.3996515776,0.0
2696,29.44473,47.0,-6.0,2024-07-30 06:00:00,0.09137455,0.008311265,4333815.840058059,-455502.3996515776,0.0
2876,34.43415,47.0,-6.0,2024-07-30 06:00:00,0.10267871,0.0037049428,4333815.840058059,-455502.3996515776,0.0
3056,40.34405,47.0,-6.0,2024-07-30 06:00:00,0.11699066,-0.01358106,4333815.840058059,-455502.3996515776,0.0
3236,47.37369,47.0,-6.0,2024-07-30 06:00:00,0.12198671,-0.035579547,4333815.840058059,-455502.3996515776,0.0
3416,55.76429,47.0,-6.0,2024-07-30 06:00:00,0.11301263,-0.043408874,4333815.840058059,-455502.3996515776,0.0
3596,65.80727,47.0,-6.0,2024-07-30 06:00:00,0.095953315,-0.033940934,4333815.840058059,-455502.3996515776,0.0
3776,77.85385,47.0,-6.0,2024-07-30 06:00:00,0.07929543,-0.018394131,4333815.840058059,-455502.3996515776,0.0
3956,92.32607,47.0,-6.0,2024-07-30 06:00:00,0.06430607,-0.007940999,4333815.840058059,-455502.3996515776,0.0
4136,109.7293,47.0,-6.0,2024-07-30 06:00:00,0.061246485,-0.0022128206,4333815.840058059,-455502.3996515776,0.0
4316,130.666,47.0,-6.0,2024-07-30 06:00:00,0.06329653,-0.00019883341,4333815.840058059,-455502.3996515776,0.0
4496,155.8507,47.0,-6.0,2024-07-30 06:00:00,0.062089454,0.0024502904,4333815.840058059,-455502.3996515776,0.0
4676,186.1256,47.0,-6.0,2024-07-30 06:00:00,0.052679814,0.0022286114,4333815.840058059,-455502.3996515776,0.0
4856,222.4752,47.0,-6.0,2024-07-30 06:00:00,0.050786085,-0.0012826115,4333815.840058059,-455502.3996515776,0.0
5036,266.0403,47.0,-6.0,2024-07-30 06:00:00,0.051247828,0.0010398594,4333815.840058059,-455502.3996515776,0.0
5216,318.1274,47.0,-6.0,2024-07-30 06:00:00,0.06005395,0.00028595096,4333815.840058059,-455502.3996515776,0.0
5396,380.213,47.0,-6.0,2024-07-30 06:00:00,0.053661253,0.004980274,4333815.840058059,-455502.3996515776,0.0
5576,453.9377,47.0,-6.0,2024-07-30 06:00:00,0.04827504,-0.0137538845,4333815.840058059,-455502.3996515776,0.0
5756,541.0889,47.0,-6.0,2024-07-30 06:00:00,0.05641605,-0.010895044,4333815.840058059,-455502.3996515776,0.0
5936,643.5668,47.0,-6.0,2024-07-30 06:00:00,0.03901217,-0.007842261,4333815.840058059,-455502.3996515776,0.0
6116,763.3331,47.0,-6.0,2024-07-30 06:00:00,0.0029499172,0.049089395,4333815.840058059,-455502.3996515776,0.0
6296,902.3393,47.0,-6.0,2024-07-30 06:00:00,-0.06987211,0.12141554,4333815.840058059,-455502.3996515776,0.0
6,0.494025,46.66667,-6.25,2024-07-30 12:00:00,-0.011761189,0.014393378,4358653.3150161095,-477350.1729464703,0.0
186,1.541375,46.66667,-6.25,2024-07-30 12:00:00,-0.0100173475,0.018312592,4358653.3150161095,-477350.1729464703,0.0
366,2.645669,46.66667,-6.25,2024-07-30 12:00:00,-0.0082101775,0.021989098,4358653.3150161095,-477350.1729464703,0.0
546,3.819495,46.66667,-6.25,2024-07-30 12:00:00,-0.006315442,0.025466286,4358653.3150161095,-477350.1729464703,0.0
726,5.078224,46.66667,-6.25,2024-07-30 12:00:00,-0.0042617414,0.028847104,4358653.3150161095,-477350.1729464703,0.0
906,6.440614,46.66667,-6.25,2024-07-30 12:00:00,-0.0018822367,0.032324202,4358653.3150161095,-477350.1729464703,0.0
1086,7.92956,46.66667,-6.25,2024-07-30 12:00:00,0.0013791992,0.03647016,4358653.3150161095,-477350.1729464703,0.0
1266,9.572997,46.66667,-6.25,2024-07-30 12:00:00,0.008371687,0.04377516,4358653.3150161095,-477350.1729464703,0.0
1446,11.405,46.66667,-6.25,2024-07-30 12:00:00,0.028237252,0.05682334,4358653.3150161095,-477350.1729464703,0.0
1626,13.46714,46.66667,-6.25,2024-07-30 12:00:00,0.051988244,0.027865956,4358653.3150161095,-477350.1729464703,0.0
1806,15.81007,46.66667,-6.25,2024-07-30 12:00:00,0.050472707,0.023966525,4358653.3150161095,-477350.1729464703,0.0
1986,18.49556,46.66667,-6.25,2024-07-30 12:00:00,0.056967884,0.02647697,4358653.3150161095,-477350.1729464703,0.0
2166,21.59882,46.66667,-6.25,2024-07-30 12:00:00,0.052516025,0.021970836,4358653.3150161095,-477350.1729464703,0.0
2346,25.21141,46.66667,-6.25,2024-07-30 12:00:00,0.04133214,0.014097777,4358653.3150161095,-477350.1729464703,0.0
2526,29.44473,46.66667,-6.25,2024-07-30 12:00:00,0.024977554,0.0059890607,4358653.3150161095,-477350.1729464703,0.0
2706,34.43415,46.66667,-6.25,2024-07-30 12:00:00,-0.00066122634,-0.0052896156,4358653.3150161095,-477350.1729464703,0.0
2886,40.34405,46.66667,-6.25,2024-07-30 12:00:00,-0.02278464,-0.00043988007,4358653.3150161095,-477350.1729464703,0.0
3066,47.37369,46.66667,-6.25,2024-07-30 12:00:00,-0.01594162,0.027608113,4358653.3150161095,-477350.1729464703,0.0
3246,55.76429,46.66667,-6.25,2024-07-30 12:00:00,0.020755745,0.043542232,4358653.3150161095,-477350.1729464703,0.0
3426,65.80727,46.66667,-6.25,2024-07-30 12:00:00,0.04658805,0.032950368,4358653.3150161095,-477350.1729464703,0.0
3606,77.85385,46.66667,-6.25,2024-07-30 12:00:00,0.04326246,0.019445168,4358653.3150161095,-477350.1729464703,0.0
3786,92.32607,46.66667,-6.25,2024-07-30 12:00:00,0.03675898,0.016735375,4358653.3150161095,-477350.1729464703,0.0
3966,109.7293,46.66667,-6.25,2024-07-30 12:00:00,0.037327494,0.016359977,4358653.3150161095,-477350.1729464703,0.0
4146,130.666,46.66667,-6.25,2024-07-30 12:00:00,0.038434412,0.015751537,4358653.3150161095,-477350.1729464703,0.0
4326,155.8507,46.66667,-6.25,2024-07-30 12:00:00,0.04003403,0.013940804,4358653.3150161095,-477350.1729464703,0.0
4506,186.1256,46.66667,-6.25,2024-07-30 12:00:00,0.039744962,0.012424707,4358653.3150161095,-477350.1729464703,0.0
4686,222.4752,46.66667,-6.25,2024-07-30 12:00:00,0.042140085,0.011792269,4358653.3150161095,-477350.1729464703,0.0
4866,266.0403,46.66667,-6.25,2024-07-30 12:00:00,0.040150564,0.011710002,4358653.3150161095,-477350.1729464703,0.0
5046,318.1274,46.66667,-6.25,2024-07-30 12:00:00,0.023538968,0.009895117,4358653.3150161095,-477350.1729464703,0.0
5226,380.213,46.66667,-6.25,2024-07-30 12:00:00,0.0188681,0.006990128,4358653.3150161095,-477350.1729464703,0.0
5406,453.9377,46.66667,-6.25,2024-07-30 12:00:00,0.026800662,0.009582293,4358653.3150161095,-477350.1729464703,0.0
5586,541.0889,46.66667,-6.25,2024-07-30 12:00:00,0.027577208,0.011256412,4358653.3150161095,-477350.1729464703,0.0
5766,643.5668,46.66667,-6.25,2024-07-30 12:00:00,0.020457065,0.036185533,4358653.3150161095,-477350.1729464703,0.0
5946,763.3331,46.66667,-6.25,2024-07-30 12:00:00,0.033469412,0.06320003,4358653.3150161095,-477350.1729464703,0.0
6126,902.3393,46.66667,-6.25,2024-07-30 12:00:00,0.08671253,0.1082981,4358653.3150161095,-477350.1729464703,0.0
15,0.494025,46.66667,-6.1666565,2024-07-30 12:00:00,0.008972664,0.018864889,4359343.065935845,-471009.49203812674,0.0
195,1.541375,46.66667,-6.1666565,2024-07-30 12:00:00,0.010782414,0.022825189,4359343.065935845,-471009.49203812674,0.0
375,2.645669,46.66667,-6.1666565,2024-07-30 12:00:00,0.012649679,0.026523352,4359343.065935845,-471009.49203812674,0.0
555,3.819495,46.66667,-6.1666565,2024-07-30 12:00:00,0.0145922275,0.029996362,4359343.065935845,-471009.49203812674,0.0
735,5.078224,46.66667,-6.1666565,2024-07-30 12:00:00,0.016690351,0.033362273,4359343.065935845,-471009.49203812674,0.0
915,6.440614,46.66667,-6.1666565,2024-07-30 12:00:00,0.019156026,0.03686472,4359343.065935845,-471009.49203812674,0.0
1095,7.92956,46.66667,-6.1666565,2024-07-30 12:00:00,0.022633132,0.041148804,4359343.065935845,-471009.49203812674,0.0
1275,9.572997,46.66667,-6.1666565,2024-07-30 12:00:00,0.030453049,0.04891,4359343.065935845,-471009.49203812674,0.0
1455,11.405,46.66667,-6.1666565,2024-07-30 12:00:00,0.050633334,0.06064159,4359343.065935845,-471009.49203812674,0.0
1635,13.46714,46.66667,-6.1666565,2024-07-30 12:00:00,0.076056644,0.027635947,4359343.065935845,-471009.49203812674,0.0
1815,15.81007,46.66667,-6.1666565,2024-07-30 12:00:00,0.07752853,0.027073845,4359343.065935845,-471009.49203812674,0.0
1995,18.49556,46.66667,-6.1666565,2024-07-30 12:00:00,0.08546473,0.028317176,4359343.065935845,-471009.49203812674,0.0
2175,21.59882,46.66667,-6.1666565,2024-07-30 12:00:00,0.08208419,0.020116795,4359343.065935845,-471009.49203812674,0.0
2355,25.21141,46.66667,-6.1666565,2024-07-30 12:00:00,0.0695461,0.007725848,4359343.065935845,-471009.49203812674,0.0
2535,29.44473,46.66667,-6.1666565,2024-07-30 12:00:00,0.048143335,-0.0051942016,4359343.065935845,-471009.49203812674,0.0
2715,34.43415,46.66667,-6.1666565,2024-07-30 12:00:00,0.014597105,-0.017160172,4359343.065935845,-471009.49203812674,0.0
2895,40.34405,46.66667,-6.1666565,2024-07-30 12:00:00,-0.0122711165,-0.008064848,4359343.065935845,-471009.49203812674,0.0
3075,47.37369,46.66667,-6.1666565,2024-07-30 12:00:00,-0.0041239588,0.028739342,4359343.065935845,-471009.49203812674,0.0
3255,55.76429,46.66667,-6.1666565,2024-07-30 12:00:00,0.03828428,0.050121635,4359343.065935845,-471009.49203812674,0.0
3435,65.80727,46.66667,-6.1666565,2024-07-30 12:00:00,0.07002107,0.035506878,4359343.065935845,-471009.49203812674,0.0
3615,77.85385,46.66667,-6.1666565,2024-07-30 12:00:00,0.07097279,0.014299514,4359343.065935845,-471009.49203812674,0.0
3795,92.32607,46.66667,-6.1666565,2024-07-30 12:00:00,0.06294255,0.008535877,4359343.065935845,-471009.49203812674,0.0
3975,109.7293,46.66667,-6.1666565,2024-07-30 12:00:00,0.06108034,0.00920381,4359343.065935845,-471009.49203812674,0.0
4155,130.666,46.66667,-6.1666565,2024-07-30 12:00:00,0.06263244,0.009205495,4359343.065935845,-471009.49203812674,0.0
4335,155.8507,46.66667,-6.1666565,2024-07-30 12:00:00,0.060650785,0.007799615,4359343.065935845,-471009.49203812674,0.0
4515,186.1256,46.66667,-6.1666565,2024-07-30 12:00:00,0.056917053,0.005902265,4359343.065935845,-471009.49203812674,0.0
4695,222.4752,46.66667,-6.1666565,2024-07-30 12:00:00,0.054528836,0.0064932103,4359343.065935845,-471009.49203812674,0.0
4875,266.0403,46.66667,-6.1666565,2024-07-30 12:00:00,0.050979108,0.0077674324,4359343.065935845,-471009.49203812674,0.0
5055,318.1274,46.66667,-6.1666565,2024-07-30 12:00:00,0.045313317,0.004645773,4359343.065935845,-471009.49203812674,0.0
5235,380.213,46.66667,-6.1666565,2024-07-30 12:00:00,0.050497238,0.0041276,4359343.065935845,-471009.49203812674,0.0
5415,453.9377,46.66667,-6.1666565,2024-07-30 12:00:00,0.06450635,0.009898497,4359343.065935845,-471009.49203812674,0.0
5595,541.0889,46.66667,-6.1666565,2024-07-30 12:00:00,0.058970742,0.015259957,4359343.065935845,-471009.49203812674,0.0
5775,643.5668,46.66667,-6.1666565,2024-07-30 12:00:00,0.047938116,0.037391555,4359343.065935845,-471009.49203812674,0.0
5955,763.3331,46.66667,-6.1666565,2024-07-30 12:00:00,0.05642734,0.054531135,4359343.065935845,-471009.49203812674,0.0
6135,902.3393,46.66667,-6.1666565,2024-07-30 12:00:00,0.094876885,0.08914852,4359343.065935845,-471009.49203812674,0.0
24,0.494025,46.66667,-6.0833282,2024-07-30 12:00:00,0.016224941,0.008331918,4360023.469108121,-464668.9756583009,0.0
204,1.541375,46.66667,-6.0833282,2024-07-30 12:00:00,0.018153775,0.01230763,4360023.469108121,-464668.9756583009,0.0
384,2.645669,46.66667,-6.0833282,2024-07-30 12:00:00,0.0201364,0.016012114,4360023.469108121,-464668.9756583009,0.0
564,3.819495,46.66667,-6.0833282,2024-07-30 12:00:00,0.022189496,0.019479454,4360023.469108121,-464668.9756583009,0.0
744,5.078224,46.66667,-6.0833282,2024-07-30 12:00:00,0.02440989,0.022844365,4360023.469108121,-464668.9756583009,0.0
924,6.440614,46.66667,-6.0833282,2024-07-30 12:00:00,0.027068358,0.026403084,4360023.469108121,-464668.9756583009,0.0
1104,7.92956,46.66667,-6.0833282,2024-07-30 12:00:00,0.03100808,0.030939307,4360023.469108121,-464668.9756583009,0.0
1284,9.572997,46.66667,-6.0833282,2024-07-30 12:00:00,0.039831318,0.039146695,4360023.469108121,-464668.9756583009,0.0
1464,11.405,46.66667,-6.0833282,2024-07-30 12:00:00,0.054848544,0.049055286,4360023.469108121,-464668.9756583009,0.0
1644,13.46714,46.66667,-6.0833282,2024-07-30 12:00:00,0.07754909,0.015116571,4360023.469108121,-464668.9756583009,0.0
1824,15.81007,46.66667,-6.0833282,2024-07-30 12:00:00,0.0859158,0.025342774,4360023.469108121,-464668.9756583009,0.0
2004,18.49556,46.66667,-6.0833282,2024-07-30 12:00:00,0.10304995,0.02596885,4360023.469108121,-464668.9756583009,0.0
2184,21.59882,46.66667,-6.0833282,2024-07-30 12:00:00,0.10657242,0.015848378,4360023.469108121,-464668.9756583009,0.0
2364,25.21141,46.66667,-6.0833282,2024-07-30 12:00:00,0.0999055,0.00091967126,4360023.469108121,-464668.9756583009,0.0
2544,29.44473,46.66667,-6.0833282,2024-07-30 12:00:00,0.08292672,-0.016680233,4360023.469108121,-464668.9756583009,0.0
2724,34.43415,46.66667,-6.0833282,2024-07-30 12:00:00,0.047626626,-0.031768437,4360023.469108121,-464668.9756583009,0.0
2904,40.34405,46.66667,-6.0833282,2024-07-30 12:00:00,0.011313061,-0.023647513,4360023.469108121,-464668.9756583009,0.0
3084,47.37369,46.66667,-6.0833282,2024-07-30 12:00:00,0.0057189977,0.019594664,4360023.469108121,-464668.9756583009,0.0
3264,55.76429,46.66667,-6.0833282,2024-07-30 12:00:00,0.042565573,0.05196129,4360023.469108121,-464668.9756583009,0.0
3444,65.80727,46.66667,-6.0833282,2024-07-30 12:00:00,0.08220494,0.04104954,4360023.469108121,-464668.9756583009,0.0
3624,77.85385,46.66667,-6.0833282,2024-07-30 12:00:00,0.09166332,0.014404933,4360023.469108121,-464668.9756583009,0.0
3804,92.32607,46.66667,-6.0833282,2024-07-30 12:00:00,0.08502358,0.0015977249,4360023.469108121,-464668.9756583009,0.0
3984,109.7293,46.66667,-6.0833282,2024-07-30 12:00:00,0.08050885,-0.00076961936,4360023.469108121,-464668.9756583009,0.0
4164,130.666,46.66667,-6.0833282,2024-07-30 12:00:00,0.07698174,-0.00042607775,4360023.469108121,-464668.9756583009,0.0
4344,155.8507,46.66667,-6.0833282,2024-07-30 12:00:00,0.072983414,-0.0018804523,4360023.469108121,-464668.9756583009,0.0
4524,186.1256,46.66667,-6.0833282,2024-07-30 12:00:00,0.06865637,-0.0035438729,4360023.469108121,-464668.9756583009,0.0
4704,222.4752,46.66667,-6.0833282,2024-07-30 12:00:00,0.06410971,-0.001284779,4360023.469108121,-464668.9756583009,0.0
4884,266.0403,46.66667,-6.0833282,2024-07-30 12:00:00,0.06171116,-0.00026255706,4360023.469108121,-464668.9756583009,0.0
5064,318.1274,46.66667,-6.0833282,2024-07-30 12:00:00,0.062147874,-0.0036677439,4360023.469108121,-464668.9756583009,0.0
5244,380.213,46.66667,-6.0833282,2024-07-30 12:00:00,0.075307645,-0.005544164,4360023.469108121,-464668.9756583009,0.0
5424,453.9377,46.66667,-6.0833282,2024-07-30 12:00:00,0.08216576,-0.0022156625,4360023.469108121,-464668.9756583009,0.0
5604,541.0889,46.66667,-6.0833282,2024-07-30 12:00:00,0.07842394,0.0010845461,4360023.469108121,-464668.9756583009,0.0
5784,643.5668,46.66667,-6.0833282,2024-07-30 12:00:00,0.06700312,0.022636838,4360023.469108121,-464668.9756583009,0.0
5964,763.3331,46.66667,-6.0833282,2024-07-30 12:00:00,0.06606553,0.038209002,4360023.469108121,-464668.9756583009,0.0
6144,902.3393,46.66667,-6.0833282,2024-07-30 12:00:00,0.09411376,0.05610155,4360023.469108121,-464668.9756583009,0.0
33,0.494025,46.66667,-6.0,2024-07-30 12:00:00,0.0013848941,-0.011252998,4360694.650219674,-458327.4764384654,0.0
213,1.541375,46.66667,-6.0,2024-07-30 12:00:00,0.0034651984,-0.0072996863,4360694.650219674,-458327.4764384654,0.0
393,2.645669,46.66667,-6.0,2024-07-30 12:00:00,0.0055973507,-0.0036208679,4360694.650219674,-458327.4764384654,0.0
573,3.819495,46.66667,-6.0,2024-07-30 12:00:00,0.007801573,-0.00018322095,4360694.650219674,-458327.4764384654,0.0
753,5.078224,46.66667,-6.0,2024-07-30 12:00:00,0.010194547,0.0031586161,4360694.650219674,-458327.4764384654,0.0
933,6.440614,46.66667,-6.0,2024-07-30 12:00:00,0.013114024,0.006742265,4360694.650219674,-458327.4764384654,0.0
1113,7.92956,46.66667,-6.0,2024-07-30 12:00:00,0.017780624,0.011574062,4360694.650219674,-458327.4764384654,0.0
1293,9.572997,46.66667,-6.0,2024-07-30 12:00:00,0.02900361,0.020672074,4360694.650219674,-458327.4764384654,0.0
1473,11.405,46.66667,-6.0,2024-07-30 12:00:00,0.04689852,0.030810773,4360694.650219674,-458327.4764384654,0.0
1653,13.46714,46.66667,-6.0,2024-07-30 12:00:00,0.058930505,0.0009561146,4360694.650219674,-458327.4764384654,0.0
1833,15.81007,46.66667,-6.0,2024-07-30 12:00:00,0.075985834,0.018542267,4360694.650219674,-458327.4764384654,0.0
2013,18.49556,46.66667,-6.0,2024-07-30 12:00:00,0.09981975,0.02170252,4360694.650219674,-458327.4764384654,0.0
2193,21.59882,46.66667,-6.0,2024-07-30 12:00:00,0.109985426,0.013749525,4360694.650219674,-458327.4764384654,0.0
2373,25.21141,46.66667,-6.0,2024-07-30 12:00:00,0.11128888,0.001076621,4360694.650219674,-458327.4764384654,0.0
2553,29.44473,46.66667,-6.0,2024-07-30 12:00:00,0.105685346,-0.017856762,4360694.650219674,-458327.4764384654,0.0
2733,34.43415,46.66667,-6.0,2024-07-30 12:00:00,0.083334304,-0.038178306,4360694.650219674,-458327.4764384654,0.0
2913,40.34405,46.66667,-6.0,2024-07-30 12:00:00,0.048634503,-0.041534018,4360694.650219674,-458327.4764384654,0.0
3093,47.37369,46.66667,-6.0,2024-07-30 12:00:00,0.026226815,-0.0055378987,4360694.650219674,-458327.4764384654,0.0
3273,55.76429,46.66667,-6.0,2024-07-30 12:00:00,0.043954816,0.036054708,4360694.650219674,-458327.4764384654,0.0
3453,65.80727,46.66667,-6.0,2024-07-30 12:00:00,0.08433705,0.04118401,4360694.650219674,-458327.4764384654,0.0
3633,77.85385,46.66667,-6.0,2024-07-30 12:00:00,0.10795276,0.017893199,4360694.650219674,-458327.4764384654,0.0
3813,92.32607,46.66667,-6.0,2024-07-30 12:00:00,0.10523261,-0.002579015,4360694.650219674,-458327.4764384654,0.0
3993,109.7293,46.66667,-6.0,2024-07-30 12:00:00,0.09804484,-0.011114024,4360694.650219674,-458327.4764384654,0.0
4173,130.666,46.66667,-6.0,2024-07-30 12:00:00,0.09320035,-0.013397649,4360694.650219674,-458327.4764384654,0.0
4353,155.8507,46.66667,-6.0,2024-07-30 12:00:00,0.08627664,-0.016031306,4360694.650219674,-458327.4764384654,0.0
4533,186.1256,46.66667,-6.0,2024-07-30 12:00:00,0.07977934,-0.017697241,4360694.650219674,-458327.4764384654,0.0
4713,222.4752,46.66667,-6.0,2024-07-30 12:00:00,0.073360436,-0.01615553,4360694.650219674,-458327.4764384654,0.0
4893,266.0403,46.66667,-6.0,2024-07-30 12:00:00,0.07061621,-0.014481091,4360694.650219674,-458327.4764384654,0.0
5073,318.1274,46.66667,-6.0,2024-07-30 12:00:00,0.07012612,-0.016234456,4360694.650219674,-458327.4764384654,0.0
5253,380.213,46.66667,-6.0,2024-07-30 12:00:00,0.07433931,-0.017366894,4360694.650219674,-458327.4764384654,0.0
5433,453.9377,46.66667,-6.0,2024-07-30 12:00:00,0.08674945,-0.02039438,4360694.650219674,-458327.4764384654,0.0
5613,541.0889,46.66667,-6.0,2024-07-30 12:00:00,0.08089695,-0.027288191,4360694.650219674,-458327.4764384654,0.0
5793,643.5668,46.66667,-6.0,2024-07-30 12:00:00,0.06521827,0.0063751456,4360694.650219674,-458327.4764384654,0.0
5973,763.3331,46.66667,-6.0,2024-07-30 12:00:00,0.050016955,0.018341579,4360694.650219674,-458327.4764384654,0.0
6153,902.3393,46.66667,-6.0,2024-07-30 12:00:00,0.0824437,0.009269429,4360694.650219674,-458327.4764384654,0.0
42,0.494025,46.75,-6.25,2024-07-30 12:00:00,0.024722274,-0.024037909,4351950.96357759,-476616.1460837916,0.0
222,1.541375,46.75,-6.25,2024-07-30 12:00:00,0.026541684,-0.020193012,4351950.96357759,-476616.1460837916,0.0
402,2.645669,46.75,-6.25,2024-07-30 12:00:00,0.028435228,-0.016565997,4351950.96357759,-476616.1460837916,0.0
582,3.819495,46.75,-6.25,2024-07-30 12:00:00,0.030439362,-0.01310035,4351950.96357759,-476616.1460837916,0.0
762,5.078224,46.75,-6.25,2024-07-30 12:00:00,0.0326267,-0.009708968,4351950.96357759,-476616.1460837916,0.0
942,6.440614,46.75,-6.25,2024-07-30 12:00:00,0.035145305,-0.0062510073,4351950.96357759,-476616.1460837916,0.0
1122,7.92956,46.75,-6.25,2024-07-30 12:00:00,0.038523164,-0.002228339,4351950.96357759,-476616.1460837916,0.0
1302,9.572997,46.75,-6.25,2024-07-30 12:00:00,0.0453601,0.004515622,4351950.96357759,-476616.1460837916,0.0
1482,11.405,46.75,-6.25,2024-07-30 12:00:00,0.06304684,0.016924707,4351950.96357759,-476616.1460837916,0.0
1662,13.46714,46.75,-6.25,2024-07-30 12:00:00,0.07702436,-0.0076667303,4351950.96357759,-476616.1460837916,0.0
1842,15.81007,46.75,-6.25,2024-07-30 12:00:00,0.08137107,0.00022186711,4351950.96357759,-476616.1460837916,0.0
2022,18.49556,46.75,-6.25,2024-07-30 12:00:00,0.089212134,-0.002336638,4351950.96357759,-476616.1460837916,0.0
2202,21.59882,46.75,-6.25,2024-07-30 12:00:00,0.085207395,-0.009131718,4351950.96357759,-476616.1460837916,0.0
2382,25.21141,46.75,-6.25,2024-07-30 12:00:00,0.07299388,-0.018941674,4351950.96357759,-476616.1460837916,0.0
2562,29.44473,46.75,-6.25,2024-07-30 12:00:00,0.054197397,-0.031956587,4351950.96357759,-476616.1460837916,0.0
2742,34.43415,46.75,-6.25,2024-07-30 12:00:00,0.023947729,-0.04512058,4351950.96357759,-476616.1460837916,0.0
2922,40.34405,46.75,-6.25,2024-07-30 12:00:00,-0.005086699,-0.041544765,4351950.96357759,-476616.1460837916,0.0
3102,47.37369,46.75,-6.25,2024-07-30 12:00:00,-0.005529386,-0.009028998,4351950.96357759,-476616.1460837916,0.0
3282,55.76429,46.75,-6.25,2024-07-30 12:00:00,0.03190403,0.01568386,4351950.96357759,-476616.1460837916,0.0
3462,65.80727,46.75,-6.25,2024-07-30 12:00:00,0.0627876,0.0047576725,4351950.96357759,-476616.1460837916,0.0
3642,77.85385,46.75,-6.25,2024-07-30 12:00:00,0.0665004,-0.009781394,4351950.96357759,-476616.1460837916,0.0
3822,92.32607,46.75,-6.25,2024-07-30 12:00:00,0.06391646,-0.006817882,4351950.96357759,-476616.1460837916,0.0
4002,109.7293,46.75,-6.25,2024-07-30 12:00:00,0.06272963,-0.002747659,4351950.96357759,-476616.1460837916,0.0
4182,130.666,46.75,-6.25,2024-07-30 12:00:00,0.06126484,-0.0072429953,4351950.96357759,-476616.1460837916,0.0
4362,155.8507,46.75,-6.25,2024-07-30 12:00:00,0.059825417,-0.012886818,4351950.96357759,-476616.1460837916,0.0
4542,186.1256,46.75,-6.25,2024-07-30 12:00:00,0.05806655,-0.011937879,4351950.96357759,-476616.1460837916,0.0
4722,222.4752,46.75,-6.25,2024-07-30 12:00:00,0.056120936,-0.012032544,4351950.96357759,-476616.1460837916,0.0
4902,266.0403,46.75,-6.25,2024-07-30 12:00:00,0.05137816,-0.012857626,4351950.96357759,-476616.1460837916,0.0
5082,318.1274,46.75,-6.25,2024-07-30 12:00:00,0.05225796,-0.008432724,4351950.96357759,-476616.1460837916,0.0
5262,380.213,46.75,-6.25,2024-07-30 12:00:00,0.055369806,-0.015048947,4351950.96357759,-476616.1460837916,0.0
5442,453.9377,46.75,-6.25,2024-07-30 12:00:00,0.04918664,-0.019883383,4351950.96357759,-476616.1460837916,0.0
5622,541.0889,46.75,-6.25,2024-07-30 12:00:00,0.0387755,-0.0124970395,4351950.96357759,-476616.1460837916,0.0
5802,643.5668,46.75,-6.25,2024-07-30 12:00:00,0.050562173,0.01336701,4351950.96357759,-476616.1460837916,0.0
5982,763.3331,46.75,-6.25,2024-07-30 12:00:00,0.08419352,0.05857968,4351950.96357759,-476616.1460837916,0.0
6162,902.3393,46.75,-6.25,2024-07-30 12:00:00,0.1299388,0.10483092,4351950.96357759,-476616.1460837916,0.0
51,0.494025,46.75,-6.1666565,2024-07-30 12:00:00,0.034642167,-0.016985316,4352639.653859386,-470285.21531356085,0.0
231,1.541375,46.75,-6.1666565,2024-07-30 12:00:00,0.03649026,-0.013086942,4352639.653859386,-470285.21531356085,0.0
411,2.645669,46.75,-6.1666565,2024-07-30 12:00:00,0.038416572,-0.00942914,4352639.653859386,-470285.21531356085,0.0
591,3.819495,46.75,-6.1666565,2024-07-30 12:00:00,0.04045216,-0.0059636477,4352639.653859386,-470285.21531356085,0.0
771,5.078224,46.75,-6.1666565,2024-07-30 12:00:00,0.04267798,-0.0025914575,4352639.653859386,-470285.21531356085,0.0
951,6.440614,46.75,-6.1666565,2024-07-30 12:00:00,0.045288015,0.0008770095,4352639.653859386,-470285.21531356085,0.0
1131,7.92956,46.75,-6.1666565,2024-07-30 12:00:00,0.048926987,0.0050215656,4352639.653859386,-470285.21531356085,0.0
1311,9.572997,46.75,-6.1666565,2024-07-30 12:00:00,0.056939848,0.012428387,4352639.653859386,-470285.21531356085,0.0
1491,11.405,46.75,-6.1666565,2024-07-30 12:00:00,0.07414306,0.023970097,4352639.653859386,-470285.21531356085,0.0
1671,13.46714,46.75,-6.1666565,2024-07-30 12:00:00,0.092894115,0.002032801,4352639.653859386,-470285.21531356085,0.0
1851,15.81007,46.75,-6.1666565,2024-07-30 12:00:00,0.10568324,0.010328623,4352639.653859386,-470285.21531356085,0.0
2031,18.49556,46.75,-6.1666565,2024-07-30 12:00:00,0.11705712,0.0055489144,4352639.653859386,-470285.21531356085,0.0
2211,21.59882,46.75,-6.1666565,2024-07-30 12:00:00,0.11411476,-0.007318633,4352639.653859386,-470285.21531356085,0.0
2391,25.21141,46.75,-6.1666565,2024-07-30 12:00:00,0.100603685,-0.02622983,4352639.653859386,-470285.21531356085,0.0
2571,29.44473,46.75,-6.1666565,2024-07-30 12:00:00,0.07480472,-0.04895957,4352639.653859386,-470285.21531356085,0.0
2751,34.43415,46.75,-6.1666565,2024-07-30 12:00:00,0.031690784,-0.06495813,4352639.653859386,-470285.21531356085,0.0
2931,40.34405,46.75,-6.1666565,2024-07-30 12:00:00,-0.008966981,-0.05077193,4352639.653859386,-470285.21531356085,0.0
3111,47.37369,46.75,-6.1666565,2024-07-30 12:00:00,-0.00786781,0.003393845,4352639.653859386,-470285.21531356085,0.0
3291,55.76429,46.75,-6.1666565,2024-07-30 12:00:00,0.045350507,0.04355859,4352639.653859386,-470285.21531356085,0.0
3471,65.80727,46.75,-6.1666565,2024-07-30 12:00:00,0.09342948,0.02449347,4352639.653859386,-470285.21531356085,0.0
3651,77.85385,46.75,-6.1666565,2024-07-30 12:00:00,0.09951846,-0.0051120077,4352639.653859386,-470285.21531356085,0.0
3831,92.32607,46.75,-6.1666565,2024-07-30 12:00:00,0.08860259,-0.009856213,4352639.653859386,-470285.21531356085,0.0
4011,109.7293,46.75,-6.1666565,2024-07-30 12:00:00,0.08102189,-0.0054286188,4352639.653859386,-470285.21531356085,0.0
4191,130.666,46.75,-6.1666565,2024-07-30 12:00:00,0.07629201,-0.00865062,4352639.653859386,-470285.21531356085,0.0
4371,155.8507,46.75,-6.1666565,2024-07-30 12:00:00,0.07319099,-0.014478844,4352639.653859386,-470285.21531356085,0.0
4551,186.1256,46.75,-6.1666565,2024-07-30 12:00:00,0.07113098,-0.014886206,4352639.653859386,-470285.21531356085,0.0
4731,222.4752,46.75,-6.1666565,2024-07-30 12:00:00,0.0681385,-0.012925297,4352639.653859386,-470285.21531356085,0.0
4911,266.0403,46.75,-6.1666565,2024-07-30 12:00:00,0.06411778,-0.012199546,4352639.653859386,-470285.21531356085,0.0
5091,318.1274,46.75,-6.1666565,2024-07-30 12:00:00,0.064761,-0.014906998,4352639.653859386,-470285.21531356085,0.0
5271,380.213,46.75,-6.1666565,2024-07-30 12:00:00,0.07120575,-0.01735892,4352639.653859386,-470285.21531356085,0.0
5451,453.9377,46.75,-6.1666565,2024-07-30 12:00:00,0.061806567,-0.019357502,4352639.653859386,-470285.21531356085,0.0
5631,541.0889,46.75,-6.1666565,2024-07-30 12:00:00,0.042449296,-0.019100133,4352639.653859386,-470285.21531356085,0.0
5811,643.5668,46.75,-6.1666565,2024-07-30 12:00:00,0.054694884,0.011222874,4352639.653859386,-470285.21531356085,0.0
5991,763.3331,46.75,-6.1666565,2024-07-30 12:00:00,0.07461963,0.055462785,4352639.653859386,-470285.21531356085,0.0
6171,902.3393,46.75,-6.1666565,2024-07-30 12:00:00,0.12103237,0.09415637,4352639.653859386,-470285.21531356085,0.0
60,0.494025,46.75,-6.0833282,2024-07-30 12:00:00,0.029135229,-0.017237557,4353319.010767862,-463954.44881885045,0.0
240,1.541375,46.75,-6.0833282,2024-07-30 12:00:00,0.031049931,-0.013302083,4353319.010767862,-463954.44881885045,0.0
420,2.645669,46.75,-6.0833282,2024-07-30 12:00:00,0.03303774,-0.009627334,4353319.010767862,-463954.44881885045,0.0
600,3.819495,46.75,-6.0833282,2024-07-30 12:00:00,0.03512493,-0.0061722007,4353319.010767862,-463954.44881885045,0.0
780,5.078224,46.75,-6.0833282,2024-07-30 12:00:00,0.037404425,-0.0028195293,4353319.010767862,-463954.44881885045,0.0
960,6.440614,46.75,-6.0833282,2024-07-30 12:00:00,0.04013027,0.00068484293,4353319.010767862,-463954.44881885045,0.0
1140,7.92956,46.75,-6.0833282,2024-07-30 12:00:00,0.04410672,0.005016852,4353319.010767862,-463954.44881885045,0.0
1320,9.572997,46.75,-6.0833282,2024-07-30 12:00:00,0.053594723,0.012987804,4353319.010767862,-463954.44881885045,0.0
1500,11.405,46.75,-6.0833282,2024-07-30 12:00:00,0.07134458,0.021367189,4353319.010767862,-463954.44881885045,0.0
1680,13.46714,46.75,-6.0833282,2024-07-30 12:00:00,0.090285964,0.009286496,4353319.010767862,-463954.44881885045,0.0
1860,15.81007,46.75,-6.0833282,2024-07-30 12:00:00,0.1123406,0.020569496,4353319.010767862,-463954.44881885045,0.0
2040,18.49556,46.75,-6.0833282,2024-07-30 12:00:00,0.13025206,0.015648805,4353319.010767862,-463954.44881885045,0.0
2220,21.59882,46.75,-6.0833282,2024-07-30 12:00:00,0.13377656,-0.0005174917,4353319.010767862,-463954.44881885045,0.0
2400,25.21141,46.75,-6.0833282,2024-07-30 12:00:00,0.12638523,-0.02542697,4353319.010767862,-463954.44881885045,0.0
2580,29.44473,46.75,-6.0833282,2024-07-30 12:00:00,0.102099024,-0.056292932,4353319.010767862,-463954.44881885045,0.0
2760,34.43415,46.75,-6.0833282,2024-07-30 12:00:00,0.05310298,-0.07840902,4353319.010767862,-463954.44881885045,0.0
2940,40.34405,46.75,-6.0833282,2024-07-30 12:00:00,0.0001004294,-0.06215871,4353319.010767862,-463954.44881885045,0.0
3120,47.37369,46.75,-6.0833282,2024-07-30 12:00:00,-0.008676827,0.0072007207,4353319.010767862,-463954.44881885045,0.0
3300,55.76429,46.75,-6.0833282,2024-07-30 12:00:00,0.04562947,0.065482534,4353319.010767862,-463954.44881885045,0.0
3480,65.80727,46.75,-6.0833282,2024-07-30 12:00:00,0.11071605,0.050164673,4353319.010767862,-463954.44881885045,0.0
3660,77.85385,46.75,-6.0833282,2024-07-30 12:00:00,0.129035,0.0066882167,4353319.010767862,-463954.44881885045,0.0
3840,92.32607,46.75,-6.0833282,2024-07-30 12:00:00,0.116012044,-0.013161991,4353319.010767862,-463954.44881885045,0.0
4020,109.7293,46.75,-6.0833282,2024-07-30 12:00:00,0.10190798,-0.014781186,4353319.010767862,-463954.44881885045,0.0
4200,130.666,46.75,-6.0833282,2024-07-30 12:00:00,0.09237984,-0.013874311,4353319.010767862,-463954.44881885045,0.0
4380,155.8507,46.75,-6.0833282,2024-07-30 12:00:00,0.08617309,-0.015505651,4353319.010767862,-463954.44881885045,0.0
4560,186.1256,46.75,-6.0833282,2024-07-30 12:00:00,0.082013935,-0.015557942,4353319.010767862,-463954.44881885045,0.0
4740,222.4752,46.75,-6.0833282,2024-07-30 12:00:00,0.07498112,-0.0113694165,4353319.010767862,-463954.44881885045,0.0
4920,266.0403,46.75,-6.0833282,2024-07-30 12:00:00,0.07034008,-0.01019268,4353319.010767862,-463954.44881885045,0.0
5100,318.1274,46.75,-6.0833282,2024-07-30 12:00:00,0.06969315,-0.010744465,4353319.010767862,-463954.44881885045,0.0
5280,380.213,46.75,-6.0833282,2024-07-30 12:00:00,0.07075724,-0.012788725,4353319.010767862,-463954.44881885045,0.0
5460,453.9377,46.75,-6.0833282,2024-07-30 12:00:00,0.062376577,-0.0152376965,4353319.010767862,-463954.44881885045,0.0
5640,541.0889,46.75,-6.0833282,2024-07-30 12:00:00,0.042037748,-0.017956782,4353319.010767862,-463954.44881885045,0.0
5820,643.5668,46.75,-6.0833282,2024-07-30 12:00:00,0.04363428,0.016164262,4353319.010767862,-463954.44881885045,0.0
6000,763.3331,46.75,-6.0833282,2024-07-30 12:00:00,0.052662358,0.053977,4353319.010767862,-463954.44881885045,0.0
6180,902.3393,46.75,-6.0833282,2024-07-30 12:00:00,0.10417996,0.07284141,4353319.010767862,-463954.44881885045,0.0
69,0.494025,46.75,-6.0,2024-07-30 12:00:00,0.014128482,-0.028698433,4353989.159796485,-457622.70099545474,0.0
249,1.541375,46.75,-6.0,2024-07-30 12:00:00,0.016149756,-0.024767917,4353989.159796485,-457622.70099545474,0.0
429,2.645669,46.75,-6.0,2024-07-30 12:00:00,0.018229224,-0.02111287,4353989.159796485,-457622.70099545474,0.0
609,3.819495,46.75,-6.0,2024-07-30 12:00:00,0.0203911,-0.017696599,4353989.159796485,-457622.70099545474,0.0
789,5.078224,46.75,-6.0,2024-07-30 12:00:00,0.022742385,-0.014386594,4353989.159796485,-457622.70099545474,0.0
969,6.440614,46.75,-6.0,2024-07-30 12:00:00,0.02560574,-0.010864924,4353989.159796485,-457622.70099545474,0.0
1149,7.92956,46.75,-6.0,2024-07-30 12:00:00,0.030107293,-0.0062662885,4353989.159796485,-457622.70099545474,0.0
1329,9.572997,46.75,-6.0,2024-07-30 12:00:00,0.042440344,0.0030130516,4353989.159796485,-457622.70099545474,0.0
1509,11.405,46.75,-6.0,2024-07-30 12:00:00,0.07031447,0.012704343,4353989.159796485,-457622.70099545474,0.0
1689,13.46714,46.75,-6.0,2024-07-30 12:00:00,0.07437439,0.005673586,4353989.159796485,-457622.70099545474,0.0
1869,15.81007,46.75,-6.0,2024-07-30 12:00:00,0.098716676,0.024833668,4353989.159796485,-457622.70099545474,0.0
2049,18.49556,46.75,-6.0,2024-07-30 12:00:00,0.12162708,0.021000626,4353989.159796485,-457622.70099545474,0.0
2229,21.59882,46.75,-6.0,2024-07-30 12:00:00,0.13139075,0.005698459,4353989.159796485,-457622.70099545474,0.0
2409,25.21141,46.75,-6.0,2024-07-30 12:00:00,0.13268423,-0.018713009,4353989.159796485,-457622.70099545474,0.0
2589,29.44473,46.75,-6.0,2024-07-30 12:00:00,0.1186928,-0.0516838,4353989.159796485,-457622.70099545474,0.0
2769,34.43415,46.75,-6.0,2024-07-30 12:00:00,0.079807565,-0.07933043,4353989.159796485,-457622.70099545474,0.0
2949,40.34405,46.75,-6.0,2024-07-30 12:00:00,0.026004296,-0.07101793,4353989.159796485,-457622.70099545474,0.0
3129,47.37369,46.75,-6.0,2024-07-30 12:00:00,0.00068435277,-0.005234607,4353989.159796485,-457622.70099545474,0.0
3309,55.76429,46.75,-6.0,2024-07-30 12:00:00,0.036728468,0.05826433,4353989.159796485,-457622.70099545474,0.0
3489,65.80727,46.75,-6.0,2024-07-30 12:00:00,0.10194987,0.059686184,4353989.159796485,-457622.70099545474,0.0
3669,77.85385,46.75,-6.0,2024-07-30 12:00:00,0.13426407,0.021206059,4353989.159796485,-457622.70099545474,0.0
3849,92.32607,46.75,-6.0,2024-07-30 12:00:00,0.1287339,-0.009085601,4353989.159796485,-457622.70099545474,0.0
4029,109.7293,46.75,-6.0,2024-07-30 12:00:00,0.11497095,-0.019543212,4353989.159796485,-457622.70099545474,0.0
4209,130.666,46.75,-6.0,2024-07-30 12:00:00,0.10579077,-0.021822145,4353989.159796485,-457622.70099545474,0.0
4389,155.8507,46.75,-6.0,2024-07-30 12:00:00,0.098036155,-0.022578482,4353989.159796485,-457622.70099545474,0.0
4569,186.1256,46.75,-6.0,2024-07-30 12:00:00,0.095398255,-0.022193536,4353989.159796485,-457622.70099545474,0.0
4749,222.4752,46.75,-6.0,2024-07-30 12:00:00,0.08503464,-0.02032156,4353989.159796485,-457622.70099545474,0.0
4929,266.0403,46.75,-6.0,2024-07-30 12:00:00,0.073334105,-0.018418752,4353989.159796485,-457622.70099545474,0.0
5109,318.1274,46.75,-6.0,2024-07-30 12:00:00,0.072577275,-0.015250216,4353989.159796485,-457622.70099545474,0.0
5289,380.213,46.75,-6.0,2024-07-30 12:00:00,0.06497339,-0.008847248,4353989.159796485,-457622.70099545474,0.0
5469,453.9377,46.75,-6.0,2024-07-30 12:00:00,0.042402856,-0.015423851,4353989.159796485,-457622.70099545474,0.0
5649,541.0889,46.75,-6.0,2024-07-30 12:00:00,0.019480439,-0.011052144,4353989.159796485,-457622.70099545474,0.0
5829,643.5668,46.75,-6.0,2024-07-30 12:00:00,0.018222548,0.025415365,4353989.159796485,-457622.70099545474,0.0
6009,763.3331,46.75,-6.0,2024-07-30 12:00:00,0.044131957,0.0338221,4353989.159796485,-457622.70099545474,0.0
6189,902.3393,46.75,-6.0,2024-07-30 12:00:00,0.08771109,0.033172563,4353989.159796485,-457622.70099545474,0.0
78,0.494025,46.833336,-6.25,2024-07-30 12:00:00,0.06134847,-0.06637685,4345238.723142079,-475881.0361998027,0.0
258,1.541375,46.833336,-6.25,2024-07-30 12:00:00,0.06327291,-0.06258137,4345238.723142079,-475881.0361998027,0.0
438,2.645669,46.833336,-6.25,2024-07-30 12:00:00,0.06527078,-0.05900774,4345238.723142079,-475881.0361998027,0.0
618,3.819495,46.833336,-6.25,2024-07-30 12:00:00,0.06738298,-0.05559868,4345238.723142079,-475881.0361998027,0.0
798,5.078224,46.833336,-6.25,2024-07-30 12:00:00,0.06968557,-0.052271117,4345238.723142079,-475881.0361998027,0.0
978,6.440614,46.833336,-6.25,2024-07-30 12:00:00,0.07233255,-0.04889185,4345238.723142079,-475881.0361998027,0.0
1158,7.92956,46.833336,-6.25,2024-07-30 12:00:00,0.07587488,-0.0449887,4345238.723142079,-475881.0361998027,0.0
1338,9.572997,46.833336,-6.25,2024-07-30 12:00:00,0.08328117,-0.038404617,4345238.723142079,-475881.0361998027,0.0
1518,11.405,46.833336,-6.25,2024-07-30 12:00:00,0.10148604,-0.027397761,4345238.723142079,-475881.0361998027,0.0
1698,13.46714,46.833336,-6.25,2024-07-30 12:00:00,0.110550284,-0.04174913,4345238.723142079,-475881.0361998027,0.0
1878,15.81007,46.833336,-6.25,2024-07-30 12:00:00,0.10474726,-0.032853067,4345238.723142079,-475881.0361998027,0.0
2058,18.49556,46.833336,-6.25,2024-07-30 12:00:00,0.10525006,-0.029191647,4345238.723142079,-475881.0361998027,0.0
2238,21.59882,46.833336,-6.25,2024-07-30 12:00:00,0.10068358,-0.02851394,4345238.723142079,-475881.0361998027,0.0
2418,25.21141,46.833336,-6.25,2024-07-30 12:00:00,0.088255644,-0.03122557,4345238.723142079,-475881.0361998027,0.0
2598,29.44473,46.833336,-6.25,2024-07-30 12:00:00,0.06952168,-0.03819805,4345238.723142079,-475881.0361998027,0.0
2778,34.43415,46.833336,-6.25,2024-07-30 12:00:00,0.044783063,-0.046617076,4345238.723142079,-475881.0361998027,0.0
2958,40.34405,46.833336,-6.25,2024-07-30 12:00:00,0.02199921,-0.045204356,4345238.723142079,-475881.0361998027,0.0
3138,47.37369,46.833336,-6.25,2024-07-30 12:00:00,0.01837916,-0.02193327,4345238.723142079,-475881.0361998027,0.0
3318,55.76429,46.833336,-6.25,2024-07-30 12:00:00,0.04096957,0.0013462172,4345238.723142079,-475881.0361998027,0.0
3498,65.80727,46.833336,-6.25,2024-07-30 12:00:00,0.061111085,-0.0021070228,4345238.723142079,-475881.0361998027,0.0
3678,77.85385,46.833336,-6.25,2024-07-30 12:00:00,0.061326113,-0.016463973,4345238.723142079,-475881.0361998027,0.0
3858,92.32607,46.833336,-6.25,2024-07-30 12:00:00,0.053114723,-0.0207203,4345238.723142079,-475881.0361998027,0.0
4038,109.7293,46.833336,-6.25,2024-07-30 12:00:00,0.045647234,-0.01953052,4345238.723142079,-475881.0361998027,0.0
4218,130.666,46.833336,-6.25,2024-07-30 12:00:00,0.04252272,-0.017375078,4345238.723142079,-475881.0361998027,0.0
4398,155.8507,46.833336,-6.25,2024-07-30 12:00:00,0.048219174,-0.015126393,4345238.723142079,-475881.0361998027,0.0
4578,186.1256,46.833336,-6.25,2024-07-30 12:00:00,0.056834903,-0.015739657,4345238.723142079,-475881.0361998027,0.0
4758,222.4752,46.833336,-6.25,2024-07-30 12:00:00,0.06288703,-0.015113688,4345238.723142079,-475881.0361998027,0.0
4938,266.0403,46.833336,-6.25,2024-07-30 12:00:00,0.06279042,-0.01404188,4345238.723142079,-475881.0361998027,0.0
5118,318.1274,46.833336,-6.25,2024-07-30 12:00:00,0.05645329,-0.016474199,4345238.723142079,-475881.0361998027,0.0
5298,380.213,46.833336,-6.25,2024-07-30 12:00:00,0.052664135,-0.021946251,4345238.723142079,-475881.0361998027,0.0
5478,453.9377,46.833336,-6.25,2024-07-30 12:00:00,0.0570961,-0.014027357,4345238.723142079,-475881.0361998027,0.0
5658,541.0889,46.833336,-6.25,2024-07-30 12:00:00,0.072785996,0.006164957,4345238.723142079,-475881.0361998027,0.0
5838,643.5668,46.833336,-6.25,2024-07-30 12:00:00,0.07062373,0.033128813,4345238.723142079,-475881.0361998027,0.0
6018,763.3331,46.833336,-6.25,2024-07-30 12:00:00,0.049079344,0.07729282,4345238.723142079,-475881.0361998027,0.0
6198,902.3393,46.833336,-6.25,2024-07-30 12:00:00,0.088305764,0.11089151,4345238.723142079,-475881.0361998027,0.0
87,0.494025,46.833336,-6.1666565,2024-07-30 12:00:00,0.059027057,-0.04917811,4345926.351221016,-469559.8699535443,0.0
267,1.541375,46.833336,-6.1666565,2024-07-30 12:00:00,0.060928505,-0.045334507,4345926.351221016,-469559.8699535443,0.0
447,2.645669,46.833336,-6.1666565,2024-07-30 12:00:00,0.062903635,-0.04174429,4345926.351221016,-469559.8699535443,0.0
627,3.819495,46.833336,-6.1666565,2024-07-30 12:00:00,0.064986855,-0.03835972,4345926.351221016,-469559.8699535443,0.0
807,5.078224,46.833336,-6.1666565,2024-07-30 12:00:00,0.06725563,-0.03509415,4345926.351221016,-469559.8699535443,0.0
987,6.440614,46.833336,-6.1666565,2024-07-30 12:00:00,0.069890246,-0.031786498,4345926.351221016,-469559.8699535443,0.0
1167,7.92956,46.833336,-6.1666565,2024-07-30 12:00:00,0.07350956,-0.02793295,4345926.351221016,-469559.8699535443,0.0
1347,9.572997,46.833336,-6.1666565,2024-07-30 12:00:00,0.082304575,-0.020819347,4345926.351221016,-469559.8699535443,0.0
1527,11.405,46.833336,-6.1666565,2024-07-30 12:00:00,0.115339264,-0.010164354,4345926.351221016,-469559.8699535443,0.0
1707,13.46714,46.833336,-6.1666565,2024-07-30 12:00:00,0.121668704,-0.024763044,4345926.351221016,-469559.8699535443,0.0
1887,15.81007,46.833336,-6.1666565,2024-07-30 12:00:00,0.12404499,-0.017244535,4345926.351221016,-469559.8699535443,0.0
2067,18.49556,46.833336,-6.1666565,2024-07-30 12:00:00,0.12814255,-0.018291844,4345926.351221016,-469559.8699535443,0.0
2247,21.59882,46.833336,-6.1666565,2024-07-30 12:00:00,0.121838056,-0.025510479,4345926.351221016,-469559.8699535443,0.0
2427,25.21141,46.833336,-6.1666565,2024-07-30 12:00:00,0.10395286,-0.038927756,4345926.351221016,-469559.8699535443,0.0
2607,29.44473,46.833336,-6.1666565,2024-07-30 12:00:00,0.07435085,-0.056438338,4345926.351221016,-469559.8699535443,0.0
2787,34.43415,46.833336,-6.1666565,2024-07-30 12:00:00,0.033243638,-0.06896903,4345926.351221016,-469559.8699535443,0.0
2967,40.34405,46.833336,-6.1666565,2024-07-30 12:00:00,-0.0039077923,-0.05730197,4345926.351221016,-469559.8699535443,0.0
3147,47.37369,46.833336,-6.1666565,2024-07-30 12:00:00,-0.006833072,-0.014208971,4345926.351221016,-469559.8699535443,0.0
3327,55.76429,46.833336,-6.1666565,2024-07-30 12:00:00,0.032224014,0.023772035,4345926.351221016,-469559.8699535443,0.0
3507,65.80727,46.833336,-6.1666565,2024-07-30 12:00:00,0.07584489,0.014519473,4345926.351221016,-469559.8699535443,0.0
3687,77.85385,46.833336,-6.1666565,2024-07-30 12:00:00,0.08509148,-0.013200723,4345926.351221016,-469559.8699535443,0.0
3867,92.32607,46.833336,-6.1666565,2024-07-30 12:00:00,0.074027844,-0.024979133,4345926.351221016,-469559.8699535443,0.0
4047,109.7293,46.833336,-6.1666565,2024-07-30 12:00:00,0.062622376,-0.024769954,4345926.351221016,-469559.8699535443,0.0
4227,130.666,46.833336,-6.1666565,2024-07-30 12:00:00,0.056810606,-0.02252067,4345926.351221016,-469559.8699535443,0.0
4407,155.8507,46.833336,-6.1666565,2024-07-30 12:00:00,0.058197778,-0.01978988,4345926.351221016,-469559.8699535443,0.0
4587,186.1256,46.833336,-6.1666565,2024-07-30 12:00:00,0.062361732,-0.019141786,4345926.351221016,-469559.8699535443,0.0
4767,222.4752,46.833336,-6.1666565,2024-07-30 12:00:00,0.06521514,-0.014994975,4345926.351221016,-469559.8699535443,0.0
4947,266.0403,46.833336,-6.1666565,2024-07-30 12:00:00,0.058496863,-0.010756109,4345926.351221016,-469559.8699535443,0.0
5127,318.1274,46.833336,-6.1666565,2024-07-30 12:00:00,0.05544819,-0.01490629,4345926.351221016,-469559.8699535443,0.0
5307,380.213,46.833336,-6.1666565,2024-07-30 12:00:00,0.051334146,-0.020734828,4345926.351221016,-469559.8699535443,0.0
5487,453.9377,46.833336,-6.1666565,2024-07-30 12:00:00,0.03692471,-0.00837943,4345926.351221016,-469559.8699535443,0.0
5667,541.0889,46.833336,-6.1666565,2024-07-30 12:00:00,0.04962825,0.0101025645,4345926.351221016,-469559.8699535443,0.0
5847,643.5668,46.833336,-6.1666565,2024-07-30 12:00:00,0.03357148,0.04904832,4345926.351221016,-469559.8699535443,0.0
6027,763.3331,46.833336,-6.1666565,2024-07-30 12:00:00,0.022864942,0.08872202,4345926.351221016,-469559.8699535443,0.0
6207,902.3393,46.833336,-6.1666565,2024-07-30 12:00:00,0.087612815,0.11742332,4345926.351221016,-469559.8699535443,0.0
96,0.494025,46.833336,-6.0833282,2024-07-30 12:00:00,0.04446006,-0.03614545,4346604.66032198,-463238.86772943556,0.0
276,1.541375,46.833336,-6.0833282,2024-07-30 12:00:00,0.046374865,-0.032264695,4346604.66032198,-463238.86772943556,0.0
456,2.645669,46.833336,-6.0833282,2024-07-30 12:00:00,0.048350513,-0.028660018,4346604.66032198,-463238.86772943556,0.0
636,3.819495,46.833336,-6.0833282,2024-07-30 12:00:00,0.050413888,-0.025291827,4346604.66032198,-463238.86772943556,0.0
816,5.078224,46.833336,-6.0833282,2024-07-30 12:00:00,0.05264406,-0.022064134,4346604.66032198,-463238.86772943556,0.0
996,6.440614,46.833336,-6.0833282,2024-07-30 12:00:00,0.055247795,-0.01877974,4346604.66032198,-463238.86772943556,0.0
1176,7.92956,46.833336,-6.0833282,2024-07-30 12:00:00,0.0588872,-0.014909221,4346604.66032198,-463238.86772943556,0.0
1356,9.572997,46.833336,-6.0833282,2024-07-30 12:00:00,0.068704374,-0.007377323,4346604.66032198,-463238.86772943556,0.0
1536,11.405,46.833336,-6.0833282,2024-07-30 12:00:00,0.110726915,-0.001458812,4346604.66032198,-463238.86772943556,0.0
1716,13.46714,46.833336,-6.0833282,2024-07-30 12:00:00,0.10852196,-0.0059079975,4346604.66032198,-463238.86772943556,0.0
1896,15.81007,46.833336,-6.0833282,2024-07-30 12:00:00,0.12237811,0.0037290622,4346604.66032198,-463238.86772943556,0.0
2076,18.49556,46.833336,-6.0833282,2024-07-30 12:00:00,0.13236406,-0.0014740592,4346604.66032198,-463238.86772943556,0.0
2256,21.59882,46.833336,-6.0833282,2024-07-30 12:00:00,0.12985013,-0.016001366,4346604.66032198,-463238.86772943556,0.0
2436,25.21141,46.833336,-6.0833282,2024-07-30 12:00:00,0.116108924,-0.039212763,4346604.66032198,-463238.86772943556,0.0
2616,29.44473,46.833336,-6.0833282,2024-07-30 12:00:00,0.08685883,-0.06737399,4346604.66032198,-463238.86772943556,0.0
2796,34.43415,46.833336,-6.0833282,2024-07-30 12:00:00,0.03883729,-0.08641546,4346604.66032198,-463238.86772943556,0.0
2976,40.34405,46.833336,-6.0833282,2024-07-30 12:00:00,-0.010253679,-0.06840126,4346604.66032198,-463238.86772943556,0.0
3156,47.37369,46.833336,-6.0833282,2024-07-30 12:00:00,-0.020405747,-0.0067377514,4346604.66032198,-463238.86772943556,0.0
3336,55.76429,46.833336,-6.0833282,2024-07-30 12:00:00,0.025188858,0.047017723,4346604.66032198,-463238.86772943556,0.0
3516,65.80727,46.833336,-6.0833282,2024-07-30 12:00:00,0.08950174,0.041850835,4346604.66032198,-463238.86772943556,0.0
3696,77.85385,46.833336,-6.0833282,2024-07-30 12:00:00,0.11452414,0.0040869224,4346604.66032198,-463238.86772943556,0.0
3876,92.32607,46.833336,-6.0833282,2024-07-30 12:00:00,0.10141121,-0.017729793,4346604.66032198,-463238.86772943556,0.0
4056,109.7293,46.833336,-6.0833282,2024-07-30 12:00:00,0.08279334,-0.021636548,4346604.66032198,-463238.86772943556,0.0
4236,130.666,46.833336,-6.0833282,2024-07-30 12:00:00,0.072854765,-0.021220716,4346604.66032198,-463238.86772943556,0.0
4416,155.8507,46.833336,-6.0833282,2024-07-30 12:00:00,0.07192617,-0.02109816,4346604.66032198,-463238.86772943556,0.0
4596,186.1256,46.833336,-6.0833282,2024-07-30 12:00:00,0.0689787,-0.02083883,4346604.66032198,-463238.86772943556,0.0
4776,222.4752,46.833336,-6.0833282,2024-07-30 12:00:00,0.06430736,-0.01505601,4346604.66032198,-463238.86772943556,0.0
4956,266.0403,46.833336,-6.0833282,2024-07-30 12:00:00,0.058974285,-0.0067640734,4346604.66032198,-463238.86772943556,0.0
5136,318.1274,46.833336,-6.0833282,2024-07-30 12:00:00,0.046925936,-0.0058371797,4346604.66032198,-463238.86772943556,0.0
5316,380.213,46.833336,-6.0833282,2024-07-30 12:00:00,0.035497844,-0.00402417,4346604.66032198,-463238.86772943556,0.0
5496,453.9377,46.833336,-6.0833282,2024-07-30 12:00:00,0.019629965,0.0023720497,4346604.66032198,-463238.86772943556,0.0
5676,541.0889,46.833336,-6.0833282,2024-07-30 12:00:00,0.013141553,0.016864786,4346604.66032198,-463238.86772943556,0.0
5856,643.5668,46.833336,-6.0833282,2024-07-30 12:00:00,0.007884925,0.05663715,4346604.66032198,-463238.86772943556,0.0
6036,763.3331,46.833336,-6.0833282,2024-07-30 12:00:00,0.024680816,0.08502929,4346604.66032198,-463238.86772943556,0.0
6216,902.3393,46.833336,-6.0833282,2024-07-30 12:00:00,0.06954526,0.101067975,4346604.66032198,-463238.86772943556,0.0
105,0.494025,46.833336,-6.0,2024-07-30 12:00:00,0.029292017,-0.0463697,4347273.775744883,-456916.88569019584,0.0
285,1.541375,46.833336,-6.0,2024-07-30 12:00:00,0.031283688,-0.042489022,4347273.775744883,-456916.88569019584,0.0
465,2.645669,46.833336,-6.0,2024-07-30 12:00:00,0.033327937,-0.038891204,4347273.775744883,-456916.88569019584,0.0
645,3.819495,46.833336,-6.0,2024-07-30 12:00:00,0.035450317,-0.0355405,4347273.775744883,-456916.88569019584,0.0
825,5.078224,46.833336,-6.0,2024-07-30 12:00:00,0.037741363,-0.032329902,4347273.775744883,-456916.88569019584,0.0
1005,6.440614,46.833336,-6.0,2024-07-30 12:00:00,0.040462155,-0.029019572,4347273.775744883,-456916.88569019584,0.0
1185,7.92956,46.833336,-6.0,2024-07-30 12:00:00,0.044456985,-0.025007831,4347273.775744883,-456916.88569019584,0.0
1365,9.572997,46.833336,-6.0,2024-07-30 12:00:00,0.05592841,-0.016497828,4347273.775744883,-456916.88569019584,0.0
1545,11.405,46.833336,-6.0,2024-07-30 12:00:00,0.09303106,-0.007457817,4347273.775744883,-456916.88569019584,0.0
1725,13.46714,46.833336,-6.0,2024-07-30 12:00:00,0.08779707,-0.009290544,4347273.775744883,-456916.88569019584,0.0
1905,15.81007,46.833336,-6.0,2024-07-30 12:00:00,0.10168368,0.010886382,4347273.775744883,-456916.88569019584,0.0
2085,18.49556,46.833336,-6.0,2024-07-30 12:00:00,0.11492303,0.01027202,4347273.775744883,-456916.88569019584,0.0
2265,21.59882,46.833336,-6.0,2024-07-30 12:00:00,0.118899554,-0.002580977,4347273.775744883,-456916.88569019584,0.0
2445,25.21141,46.833336,-6.0,2024-07-30 12:00:00,0.11519318,-0.02600911,4347273.775744883,-456916.88569019584,0.0
2625,29.44473,46.833336,-6.0,2024-07-30 12:00:00,0.097743325,-0.05765649,4347273.775744883,-456916.88569019584,0.0
2805,34.43415,46.833336,-6.0,2024-07-30 12:00:00,0.05945706,-0.08345504,4347273.775744883,-456916.88569019584,0.0
2985,40.34405,46.833336,-6.0,2024-07-30 12:00:00,0.009150645,-0.071560025,4347273.775744883,-456916.88569019584,0.0
3165,47.37369,46.833336,-6.0,2024-07-30 12:00:00,-0.01307943,-0.010471722,4347273.775744883,-456916.88569019584,0.0
3345,55.76429,46.833336,-6.0,2024-07-30 12:00:00,0.021671593,0.049177732,4347273.775744883,-456916.88569019584,0.0
3525,65.80727,46.833336,-6.0,2024-07-30 12:00:00,0.08429627,0.05882162,4347273.775744883,-456916.88569019584,0.0
3705,77.85385,46.833336,-6.0,2024-07-30 12:00:00,0.11940758,0.027166555,4347273.775744883,-456916.88569019584,0.0
3885,92.32607,46.833336,-6.0,2024-07-30 12:00:00,0.11625777,-0.0016903877,4347273.775744883,-456916.88569019584,0.0
4065,109.7293,46.833336,-6.0,2024-07-30 12:00:00,0.099771954,-0.01283784,4347273.775744883,-456916.88569019584,0.0
4245,130.666,46.833336,-6.0,2024-07-30 12:00:00,0.08916962,-0.016850641,4347273.775744883,-456916.88569019584,0.0
4425,155.8507,46.833336,-6.0,2024-07-30 12:00:00,0.08223209,-0.022068812,4347273.775744883,-456916.88569019584,0.0
4605,186.1256,46.833336,-6.0,2024-07-30 12:00:00,0.07868433,-0.022937356,4347273.775744883,-456916.88569019584,0.0
4785,222.4752,46.833336,-6.0,2024-07-30 12:00:00,0.06573624,-0.020721119,4347273.775744883,-456916.88569019584,0.0
4965,266.0403,46.833336,-6.0,2024-07-30 12:00:00,0.059282538,-0.017831787,4347273.775744883,-456916.88569019584,0.0
5145,318.1274,46.833336,-6.0,2024-07-30 12:00:00,0.046284717,-0.0120162545,4347273.775744883,-456916.88569019584,0.0
5325,380.213,46.833336,-6.0,2024-07-30 12:00:00,0.03326788,-0.011889183,4347273.775744883,-456916.88569019584,0.0
5505,453.9377,46.833336,-6.0,2024-07-30 12:00:00,0.015772616,-0.006590762,4347273.775744883,-456916.88569019584,0.0
5685,541.0889,46.833336,-6.0,2024-07-30 12:00:00,0.0079929475,0.0036946528,4347273.775744883,-456916.88569019584,0.0
5865,643.5668,46.833336,-6.0,2024-07-30 12:00:00,0.010546517,0.040560406,4347273.775744883,-456916.88569019584,0.0
6045,763.3331,46.833336,-6.0,2024-07-30 12:00:00,0.03833092,0.04796898,4347273.775744883,-456916.88569019584,0.0
6225,902.3393,46.833336,-6.0,2024-07-30 12:00:00,0.047120206,0.061676703,4347273.775744883,-456916.88569019584,0.0
114,0.494025,46.91667,-6.25,2024-07-30 12:00:00,0.07420128,-0.08133345,4338517.220887722,-475144.9119816816,0.0
294,1.541375,46.91667,-6.25,2024-07-30 12:00:00,0.076202065,-0.077573225,4338517.220887722,-475144.9119816816,0.0
474,2.645669,46.91667,-6.25,2024-07-30 12:00:00,0.07824482,-0.074055985,4338517.220887722,-475144.9119816816,0.0
654,3.819495,46.91667,-6.25,2024-07-30 12:00:00,0.08035724,-0.07073773,4338517.220887722,-475144.9119816816,0.0
834,5.078224,46.91667,-6.25,2024-07-30 12:00:00,0.08261237,-0.0675257,4338517.220887722,-475144.9119816816,0.0
1014,6.440614,46.91667,-6.25,2024-07-30 12:00:00,0.08517484,-0.06425402,4338517.220887722,-475144.9119816816,0.0
1194,7.92956,46.91667,-6.25,2024-07-30 12:00:00,0.08858967,-0.060432497,4338517.220887722,-475144.9119816816,0.0
1374,9.572997,46.91667,-6.25,2024-07-30 12:00:00,0.09596747,-0.053839706,4338517.220887722,-475144.9119816816,0.0
1554,11.405,46.91667,-6.25,2024-07-30 12:00:00,0.11949775,-0.04168199,4338517.220887722,-475144.9119816816,0.0
1734,13.46714,46.91667,-6.25,2024-07-30 12:00:00,0.12922844,-0.04494372,4338517.220887722,-475144.9119816816,0.0
1914,15.81007,46.91667,-6.25,2024-07-30 12:00:00,0.12104374,-0.031233737,4338517.220887722,-475144.9119816816,0.0
2094,18.49556,46.91667,-6.25,2024-07-30 12:00:00,0.123472795,-0.021713953,4338517.220887722,-475144.9119816816,0.0
2274,21.59882,46.91667,-6.25,2024-07-30 12:00:00,0.122674465,-0.020259727,4338517.220887722,-475144.9119816816,0.0
2454,25.21141,46.91667,-6.25,2024-07-30 12:00:00,0.11457389,-0.024469038,4338517.220887722,-475144.9119816816,0.0
2634,29.44473,46.91667,-6.25,2024-07-30 12:00:00,0.09980505,-0.03200838,4338517.220887722,-475144.9119816816,0.0
2814,34.43415,46.91667,-6.25,2024-07-30 12:00:00,0.07774297,-0.038330037,4338517.220887722,-475144.9119816816,0.0
2994,40.34405,46.91667,-6.25,2024-07-30 12:00:00,0.058905773,-0.034777675,4338517.220887722,-475144.9119816816,0.0
3174,47.37369,46.91667,-6.25,2024-07-30 12:00:00,0.057386037,-0.018438486,4338517.220887722,-475144.9119816816,0.0
3354,55.76429,46.91667,-6.25,2024-07-30 12:00:00,0.07634312,-0.0024247852,4338517.220887722,-475144.9119816816,0.0
3534,65.80727,46.91667,-6.25,2024-07-30 12:00:00,0.09986244,-0.0030369086,4338517.220887722,-475144.9119816816,0.0
3714,77.85385,46.91667,-6.25,2024-07-30 12:00:00,0.10798566,-0.011359405,4338517.220887722,-475144.9119816816,0.0
3894,92.32607,46.91667,-6.25,2024-07-30 12:00:00,0.10280758,-0.017889138,4338517.220887722,-475144.9119816816,0.0
4074,109.7293,46.91667,-6.25,2024-07-30 12:00:00,0.094726965,-0.017213091,4338517.220887722,-475144.9119816816,0.0
4254,130.666,46.91667,-6.25,2024-07-30 12:00:00,0.085572876,-0.017519332,4338517.220887722,-475144.9119816816,0.0
4434,155.8507,46.91667,-6.25,2024-07-30 12:00:00,0.07938434,-0.011306155,4338517.220887722,-475144.9119816816,0.0
4614,186.1256,46.91667,-6.25,2024-07-30 12:00:00,0.0730289,-0.008647232,4338517.220887722,-475144.9119816816,0.0
4794,222.4752,46.91667,-6.25,2024-07-30 12:00:00,0.06317092,0.00086041284,4338517.220887722,-475144.9119816816,0.0
4974,266.0403,46.91667,-6.25,2024-07-30 12:00:00,0.054697596,0.008105365,4338517.220887722,-475144.9119816816,0.0
5154,318.1274,46.91667,-6.25,2024-07-30 12:00:00,0.055156454,0.009470259,4338517.220887722,-475144.9119816816,0.0
5334,380.213,46.91667,-6.25,2024-07-30 12:00:00,0.052686512,0.024814913,4338517.220887722,-475144.9119816816,0.0
5514,453.9377,46.91667,-6.25,2024-07-30 12:00:00,0.05863885,0.031361274,4338517.220887722,-475144.9119816816,0.0
5694,541.0889,46.91667,-6.25,2024-07-30 12:00:00,0.04124991,0.04126909,4338517.220887722,-475144.9119816816,0.0
5874,643.5668,46.91667,-6.25,2024-07-30 12:00:00,0.0038502975,0.05543955,4338517.220887722,-475144.9119816816,0.0
6054,763.3331,46.91667,-6.25,2024-07-30 12:00:00,-0.0069108773,0.077976555,4338517.220887722,-475144.9119816816,0.0
6234,902.3393,46.91667,-6.25,2024-07-30 12:00:00,0.021848705,0.114049405,4338517.220887722,-475144.9119816816,0.0
123,0.494025,46.91667,-6.1666565,2024-07-30 12:00:00,0.07067242,-0.06309557,4339203.78529813,-468833.52373287774,0.0
303,1.541375,46.91667,-6.1666565,2024-07-30 12:00:00,0.07265212,-0.05929206,4339203.78529813,-468833.52373287774,0.0
483,2.645669,46.91667,-6.1666565,2024-07-30 12:00:00,0.074682854,-0.055754974,4339203.78529813,-468833.52373287774,0.0
663,3.819495,46.91667,-6.1666565,2024-07-30 12:00:00,0.07678933,-0.052444886,4339203.78529813,-468833.52373287774,0.0
843,5.078224,46.91667,-6.1666565,2024-07-30 12:00:00,0.07904792,-0.04926367,4339203.78529813,-468833.52373287774,0.0
1023,6.440614,46.91667,-6.1666565,2024-07-30 12:00:00,0.0816448,-0.046020404,4339203.78529813,-468833.52373287774,0.0
1203,7.92956,46.91667,-6.1666565,2024-07-30 12:00:00,0.085173935,-0.04219949,4339203.78529813,-468833.52373287774,0.0
1383,9.572997,46.91667,-6.1666565,2024-07-30 12:00:00,0.093530275,-0.035089746,4339203.78529813,-468833.52373287774,0.0
1563,11.405,46.91667,-6.1666565,2024-07-30 12:00:00,0.12503693,-0.024376413,4339203.78529813,-468833.52373287774,0.0
1743,13.46714,46.91667,-6.1666565,2024-07-30 12:00:00,0.1315682,-0.030649874,4339203.78529813,-468833.52373287774,0.0
1923,15.81007,46.91667,-6.1666565,2024-07-30 12:00:00,0.12988068,-0.019136952,4339203.78529813,-468833.52373287774,0.0
2103,18.49556,46.91667,-6.1666565,2024-07-30 12:00:00,0.13369025,-0.0115973875,4339203.78529813,-468833.52373287774,0.0
2283,21.59882,46.91667,-6.1666565,2024-07-30 12:00:00,0.13118882,-0.0134600215,4339203.78529813,-468833.52373287774,0.0
2463,25.21141,46.91667,-6.1666565,2024-07-30 12:00:00,0.118694216,-0.023925977,4339203.78529813,-468833.52373287774,0.0
2643,29.44473,46.91667,-6.1666565,2024-07-30 12:00:00,0.09525112,-0.038335156,4339203.78529813,-468833.52373287774,0.0
2823,34.43415,46.91667,-6.1666565,2024-07-30 12:00:00,0.060913187,-0.046067953,4339203.78529813,-468833.52373287774,0.0
3003,40.34405,46.91667,-6.1666565,2024-07-30 12:00:00,0.031123597,-0.03371543,4339203.78529813,-468833.52373287774,0.0
3183,47.37369,46.91667,-6.1666565,2024-07-30 12:00:00,0.025674282,-0.0023252966,4339203.78529813,-468833.52373287774,0.0
3363,55.76429,46.91667,-6.1666565,2024-07-30 12:00:00,0.049358707,0.02506829,4339203.78529813,-468833.52373287774,0.0
3543,65.80727,46.91667,-6.1666565,2024-07-30 12:00:00,0.08324709,0.024350317,4339203.78529813,-468833.52373287774,0.0
3723,77.85385,46.91667,-6.1666565,2024-07-30 12:00:00,0.096978076,0.010614386,4339203.78529813,-468833.52373287774,0.0
3903,92.32607,46.91667,-6.1666565,2024-07-30 12:00:00,0.09162137,0.00018725591,4339203.78529813,-468833.52373287774,0.0
4083,109.7293,46.91667,-6.1666565,2024-07-30 12:00:00,0.08303062,-0.005477747,4339203.78529813,-468833.52373287774,0.0
4263,130.666,46.91667,-6.1666565,2024-07-30 12:00:00,0.07415318,-0.01112733,4339203.78529813,-468833.52373287774,0.0
4443,155.8507,46.91667,-6.1666565,2024-07-30 12:00:00,0.06859029,-0.010906672,4339203.78529813,-468833.52373287774,0.0
4623,186.1256,46.91667,-6.1666565,2024-07-30 12:00:00,0.060642067,-0.0033278093,4339203.78529813,-468833.52373287774,0.0
4803,222.4752,46.91667,-6.1666565,2024-07-30 12:00:00,0.049067345,-0.00024209474,4339203.78529813,-468833.52373287774,0.0
4983,266.0403,46.91667,-6.1666565,2024-07-30 12:00:00,0.043438967,0.0037982746,4339203.78529813,-468833.52373287774,0.0
5163,318.1274,46.91667,-6.1666565,2024-07-30 12:00:00,0.035822183,0.010000552,4339203.78529813,-468833.52373287774,0.0
5343,380.213,46.91667,-6.1666565,2024-07-30 12:00:00,0.03275853,0.013744489,4339203.78529813,-468833.52373287774,0.0
5523,453.9377,46.91667,-6.1666565,2024-07-30 12:00:00,0.034568164,0.037010975,4339203.78529813,-468833.52373287774,0.0
5703,541.0889,46.91667,-6.1666565,2024-07-30 12:00:00,0.015363481,0.044781495,4339203.78529813,-468833.52373287774,0.0
5883,643.5668,46.91667,-6.1666565,2024-07-30 12:00:00,-0.0014823498,0.071586095,4339203.78529813,-468833.52373287774,0.0
6063,763.3331,46.91667,-6.1666565,2024-07-30 12:00:00,0.00059580524,0.09575478,4339203.78529813,-468833.52373287774,0.0
6243,902.3393,46.91667,-6.1666565,2024-07-30 12:00:00,0.01648565,0.12206386,4339203.78529813,-468833.52373287774,0.0
132,0.494025,46.91667,-6.0833282,2024-07-30 12:00:00,0.057812884,-0.047316097,4339881.045145775,-462522.2992525033,0.0
312,1.541375,46.91667,-6.0833282,2024-07-30 12:00:00,0.059796724,-0.04350272,4339881.045145775,-462522.2992525033,0.0
492,2.645669,46.91667,-6.0833282,2024-07-30 12:00:00,0.06182201,-0.03998119,4339881.045145775,-462522.2992525033,0.0
672,3.819495,46.91667,-6.0833282,2024-07-30 12:00:00,0.063908264,-0.03671947,4339881.045145775,-462522.2992525033,0.0
852,5.078224,46.91667,-6.0833282,2024-07-30 12:00:00,0.06612933,-0.033624433,4339881.045145775,-462522.2992525033,0.0
1032,6.440614,46.91667,-6.0833282,2024-07-30 12:00:00,0.06867214,-0.030517153,4339881.045145775,-462522.2992525033,0.0
1212,7.92956,46.91667,-6.0833282,2024-07-30 12:00:00,0.07212002,-0.026957177,4339881.045145775,-462522.2992525033,0.0
1392,9.572997,46.91667,-6.0833282,2024-07-30 12:00:00,0.08090443,-0.020293247,4339881.045145775,-462522.2992525033,0.0
1572,11.405,46.91667,-6.0833282,2024-07-30 12:00:00,0.12632096,-0.017035402,4339881.045145775,-462522.2992525033,0.0
1752,13.46714,46.91667,-6.0833282,2024-07-30 12:00:00,0.11650512,-0.016627043,4339881.045145775,-462522.2992525033,0.0
1932,15.81007,46.91667,-6.0833282,2024-07-30 12:00:00,0.1227487,0.00034075882,4339881.045145775,-462522.2992525033,0.0
2112,18.49556,46.91667,-6.0833282,2024-07-30 12:00:00,0.13091956,0.0034016743,4339881.045145775,-462522.2992525033,0.0
2292,21.59882,46.91667,-6.0833282,2024-07-30 12:00:00,0.13066502,-0.005975781,4339881.045145775,-462522.2992525033,0.0
2472,25.21141,46.91667,-6.0833282,2024-07-30 12:00:00,0.120648764,-0.02591577,4339881.045145775,-462522.2992525033,0.0
2652,29.44473,46.91667,-6.0833282,2024-07-30 12:00:00,0.09825459,-0.051987104,4339881.045145775,-462522.2992525033,0.0
2832,34.43415,46.91667,-6.0833282,2024-07-30 12:00:00,0.060082987,-0.06808797,4339881.045145775,-462522.2992525033,0.0
3012,40.34405,46.91667,-6.0833282,2024-07-30 12:00:00,0.019677883,-0.052952766,4339881.045145775,-462522.2992525033,0.0
3192,47.37369,46.91667,-6.0833282,2024-07-30 12:00:00,0.0024883226,-0.009064364,4339881.045145775,-462522.2992525033,0.0
3372,55.76429,46.91667,-6.0833282,2024-07-30 12:00:00,0.022563152,0.029684322,4339881.045145775,-462522.2992525033,0.0
3552,65.80727,46.91667,-6.0833282,2024-07-30 12:00:00,0.062322956,0.035467487,4339881.045145775,-462522.2992525033,0.0
3732,77.85385,46.91667,-6.0833282,2024-07-30 12:00:00,0.081943154,0.018234838,4339881.045145775,-462522.2992525033,0.0
3912,92.32607,46.91667,-6.0833282,2024-07-30 12:00:00,0.08163093,0.0026543993,4339881.045145775,-462522.2992525033,0.0
4092,109.7293,46.91667,-6.0833282,2024-07-30 12:00:00,0.07427006,-0.0022846824,4339881.045145775,-462522.2992525033,0.0
4272,130.666,46.91667,-6.0833282,2024-07-30 12:00:00,0.06508597,-0.0065230196,4339881.045145775,-462522.2992525033,0.0
4452,155.8507,46.91667,-6.0833282,2024-07-30 12:00:00,0.058338154,-0.010506262,4339881.045145775,-462522.2992525033,0.0
4632,186.1256,46.91667,-6.0833282,2024-07-30 12:00:00,0.052550096,-0.014608454,4339881.045145775,-462522.2992525033,0.0
4812,222.4752,46.91667,-6.0833282,2024-07-30 12:00:00,0.0424507,-0.011356154,4339881.045145775,-462522.2992525033,0.0
4992,266.0403,46.91667,-6.0833282,2024-07-30 12:00:00,0.0334997,-0.004651246,4339881.045145775,-462522.2992525033,0.0
5172,318.1274,46.91667,-6.0833282,2024-07-30 12:00:00,0.03148428,0.0043653175,4339881.045145775,-462522.2992525033,0.0
5352,380.213,46.91667,-6.0833282,2024-07-30 12:00:00,0.023894254,-0.0001110757,4339881.045145775,-462522.2992525033,0.0
5532,453.9377,46.91667,-6.0833282,2024-07-30 12:00:00,0.020393664,0.01768573,4339881.045145775,-462522.2992525033,0.0
5712,541.0889,46.91667,-6.0833282,2024-07-30 12:00:00,0.011855842,0.036895327,4339881.045145775,-462522.2992525033,0.0
5892,643.5668,46.91667,-6.0833282,2024-07-30 12:00:00,0.002719708,0.05740696,4339881.045145775,-462522.2992525033,0.0
6072,763.3331,46.91667,-6.0833282,2024-07-30 12:00:00,0.0074646855,0.09114224,4339881.045145775,-462522.2992525033,0.0
6252,902.3393,46.91667,-6.0833282,2024-07-30 12:00:00,0.0056660883,0.12803899,4339881.045145775,-462522.2992525033,0.0
141,0.494025,46.91667,-6.0,2024-07-30 12:00:00,0.054041423,-0.065517575,4340549.125536747,-456210.0964726406,0.0
321,1.541375,46.91667,-6.0,2024-07-30 12:00:00,0.056071255,-0.061717533,4340549.125536747,-456210.0964726406,0.0
501,2.645669,46.91667,-6.0,2024-07-30 12:00:00,0.058132,-0.058210198,4340549.125536747,-456210.0964726406,0.0
681,3.819495,46.91667,-6.0,2024-07-30 12:00:00,0.060244486,-0.05496478,4340549.125536747,-456210.0964726406,0.0
861,5.078224,46.91667,-6.0,2024-07-30 12:00:00,0.06248549,-0.051887836,4340549.125536747,-456210.0964726406,0.0
1041,6.440614,46.91667,-6.0,2024-07-30 12:00:00,0.06505713,-0.048795104,4340549.125536747,-456210.0964726406,0.0
1221,7.92956,46.91667,-6.0,2024-07-30 12:00:00,0.06859657,-0.04521483,4340549.125536747,-456210.0964726406,0.0
1401,9.572997,46.91667,-6.0,2024-07-30 12:00:00,0.07899573,-0.037469707,4340549.125536747,-456210.0964726406,0.0
1581,11.405,46.91667,-6.0,2024-07-30 12:00:00,0.12631816,-0.03438758,4340549.125536747,-456210.0964726406,0.0
1761,13.46714,46.91667,-6.0,2024-07-30 12:00:00,0.10362445,-0.028288502,4340549.125536747,-456210.0964726406,0.0
1941,15.81007,46.91667,-6.0,2024-07-30 12:00:00,0.10900302,-0.004466502,4340549.125536747,-456210.0964726406,0.0
2121,18.49556,46.91667,-6.0,2024-07-30 12:00:00,0.118587025,0.00019487552,4340549.125536747,-456210.0964726406,0.0
2301,21.59882,46.91667,-6.0,2024-07-30 12:00:00,0.12221956,-0.00865503,4340549.125536747,-456210.0964726406,0.0
2481,25.21141,46.91667,-6.0,2024-07-30 12:00:00,0.11908775,-0.027613454,4340549.125536747,-456210.0964726406,0.0
2661,29.44473,46.91667,-6.0,2024-07-30 12:00:00,0.105117045,-0.052489225,4340549.125536747,-456210.0964726406,0.0
2841,34.43415,46.91667,-6.0,2024-07-30 12:00:00,0.0723771,-0.06916145,4340549.125536747,-456210.0964726406,0.0
3021,40.34405,46.91667,-6.0,2024-07-30 12:00:00,0.028844386,-0.058095384,4340549.125536747,-456210.0964726406,0.0
3201,47.37369,46.91667,-6.0,2024-07-30 12:00:00,0.0027804435,-0.01870292,4340549.125536747,-456210.0964726406,0.0
3381,55.76429,46.91667,-6.0,2024-07-30 12:00:00,0.015755655,0.022036508,4340549.125536747,-456210.0964726406,0.0
3561,65.80727,46.91667,-6.0,2024-07-30 12:00:00,0.048834905,0.041080777,4340549.125536747,-456210.0964726406,0.0
3741,77.85385,46.91667,-6.0,2024-07-30 12:00:00,0.06998603,0.026325515,4340549.125536747,-456210.0964726406,0.0
3921,92.32607,46.91667,-6.0,2024-07-30 12:00:00,0.0717673,0.008277457,4340549.125536747,-456210.0964726406,0.0
4101,109.7293,46.91667,-6.0,2024-07-30 12:00:00,0.06567881,-0.0022915155,4340549.125536747,-456210.0964726406,0.0
4281,130.666,46.91667,-6.0,2024-07-30 12:00:00,0.0576395,-0.0044672987,4340549.125536747,-456210.0964726406,0.0
4461,155.8507,46.91667,-6.0,2024-07-30 12:00:00,0.052215222,-0.009592351,4340549.125536747,-456210.0964726406,0.0
4641,186.1256,46.91667,-6.0,2024-07-30 12:00:00,0.04572148,-0.011524408,4340549.125536747,-456210.0964726406,0.0
4821,222.4752,46.91667,-6.0,2024-07-30 12:00:00,0.038340528,-0.012763295,4340549.125536747,-456210.0964726406,0.0
5001,266.0403,46.91667,-6.0,2024-07-30 12:00:00,0.03370306,-0.013848495,4340549.125536747,-456210.0964726406,0.0
5181,318.1274,46.91667,-6.0,2024-07-30 12:00:00,0.033201423,-0.022958845,4340549.125536747,-456210.0964726406,0.0
5361,380.213,46.91667,-6.0,2024-07-30 12:00:00,0.03433612,-0.043045618,4340549.125536747,-456210.0964726406,0.0
5541,453.9377,46.91667,-6.0,2024-07-30 12:00:00,0.026832566,-0.03931685,4340549.125536747,-456210.0964726406,0.0
5721,541.0889,46.91667,-6.0,2024-07-30 12:00:00,0.026499776,-0.03266605,4340549.125536747,-456210.0964726406,0.0
5901,643.5668,46.91667,-6.0,2024-07-30 12:00:00,0.020911163,0.024175758,4340549.125536747,-456210.0964726406,0.0
6081,763.3331,46.91667,-6.0,2024-07-30 12:00:00,0.002358295,0.059510287,4340549.125536747,-456210.0964726406,0.0
6261,902.3393,46.91667,-6.0,2024-07-30 12:00:00,-0.006485311,0.10116111,4340549.125536747,-456210.0964726406,0.0
150,0.494025,47.0,-6.25,2024-07-30 12:00:00,0.08862673,-0.051094618,4331787.087405169,-474407.8424903363,0.0
330,1.541375,47.0,-6.25,2024-07-30 12:00:00,0.09076019,-0.047377612,4331787.087405169,-474407.8424903363,0.0
510,2.645669,47.0,-6.25,2024-07-30 12:00:00,0.09290821,-0.043916587,4331787.087405169,-474407.8424903363,0.0
690,3.819495,47.0,-6.25,2024-07-30 12:00:00,0.09508412,-0.040679846,4331787.087405169,-474407.8424903363,0.0
870,5.078224,47.0,-6.25,2024-07-30 12:00:00,0.097360365,-0.037570104,4331787.087405169,-474407.8424903363,0.0
1050,6.440614,47.0,-6.25,2024-07-30 12:00:00,0.0999033,-0.03441538,4331787.087405169,-474407.8424903363,0.0
1230,7.92956,47.0,-6.25,2024-07-30 12:00:00,0.10322343,-0.030755393,4331787.087405169,-474407.8424903363,0.0
1410,9.572997,47.0,-6.25,2024-07-30 12:00:00,0.10960321,-0.024944736,4331787.087405169,-474407.8424903363,0.0
1590,11.405,47.0,-6.25,2024-07-30 12:00:00,0.12917097,-0.013545036,4331787.087405169,-474407.8424903363,0.0
1770,13.46714,47.0,-6.25,2024-07-30 12:00:00,0.15334491,-0.016262516,4331787.087405169,-474407.8424903363,0.0
1950,15.81007,47.0,-6.25,2024-07-30 12:00:00,0.14681344,0.0024361508,4331787.087405169,-474407.8424903363,0.0
2130,18.49556,47.0,-6.25,2024-07-30 12:00:00,0.15158865,0.011697832,4331787.087405169,-474407.8424903363,0.0
2310,21.59882,47.0,-6.25,2024-07-30 12:00:00,0.15433836,0.009262866,4331787.087405169,-474407.8424903363,0.0
2490,25.21141,47.0,-6.25,2024-07-30 12:00:00,0.15080568,-0.0012905309,4331787.087405169,-474407.8424903363,0.0
2670,29.44473,47.0,-6.25,2024-07-30 12:00:00,0.14153697,-0.01741529,4331787.087405169,-474407.8424903363,0.0
2850,34.43415,47.0,-6.25,2024-07-30 12:00:00,0.13008367,-0.031443816,4331787.087405169,-474407.8424903363,0.0
3030,40.34405,47.0,-6.25,2024-07-30 12:00:00,0.12202474,-0.03421562,4331787.087405169,-474407.8424903363,0.0
3210,47.37369,47.0,-6.25,2024-07-30 12:00:00,0.12121164,-0.019486293,4331787.087405169,-474407.8424903363,0.0
3390,55.76429,47.0,-6.25,2024-07-30 12:00:00,0.13363248,0.0022672713,4331787.087405169,-474407.8424903363,0.0
3570,65.80727,47.0,-6.25,2024-07-30 12:00:00,0.15441866,0.008125792,4331787.087405169,-474407.8424903363,0.0
3750,77.85385,47.0,-6.25,2024-07-30 12:00:00,0.17271653,0.002624847,4331787.087405169,-474407.8424903363,0.0
3930,92.32607,47.0,-6.25,2024-07-30 12:00:00,0.17550114,-0.0052577606,4331787.087405169,-474407.8424903363,0.0
4110,109.7293,47.0,-6.25,2024-07-30 12:00:00,0.16222163,-0.004853756,4331787.087405169,-474407.8424903363,0.0
4290,130.666,47.0,-6.25,2024-07-30 12:00:00,0.14198396,-0.007768428,4331787.087405169,-474407.8424903363,0.0
4470,155.8507,47.0,-6.25,2024-07-30 12:00:00,0.12830913,0.0015152749,4331787.087405169,-474407.8424903363,0.0
4650,186.1256,47.0,-6.25,2024-07-30 12:00:00,0.11456894,0.013650561,4331787.087405169,-474407.8424903363,0.0
4830,222.4752,47.0,-6.25,2024-07-30 12:00:00,0.096601024,0.025999794,4331787.087405169,-474407.8424903363,0.0
5010,266.0403,47.0,-6.25,2024-07-30 12:00:00,0.085213676,0.03284029,4331787.087405169,-474407.8424903363,0.0
5190,318.1274,47.0,-6.25,2024-07-30 12:00:00,0.076127425,0.043022454,4331787.087405169,-474407.8424903363,0.0
5370,380.213,47.0,-6.25,2024-07-30 12:00:00,0.057455618,0.043444432,4331787.087405169,-474407.8424903363,0.0
5550,453.9377,47.0,-6.25,2024-07-30 12:00:00,0.046232842,0.055730164,4331787.087405169,-474407.8424903363,0.0
5730,541.0889,47.0,-6.25,2024-07-30 12:00:00,0.035125867,0.055483073,4331787.087405169,-474407.8424903363,0.0
5910,643.5668,47.0,-6.25,2024-07-30 12:00:00,0.012043255,0.05096622,4331787.087405169,-474407.8424903363,0.0
6090,763.3331,47.0,-6.25,2024-07-30 12:00:00,-0.0075620636,0.084205315,4331787.087405169,-474407.8424903363,0.0
6270,902.3393,47.0,-6.25,2024-07-30 12:00:00,-0.03628702,0.12398593,4331787.087405169,-474407.8424903363,0.0
159,0.494025,47.0,-6.1666565,2024-07-30 12:00:00,0.06849993,-0.03904198,4332472.586781167,-468106.2447951276,0.0
339,1.541375,47.0,-6.1666565,2024-07-30 12:00:00,0.070617855,-0.03530251,4332472.586781167,-468106.2447951276,0.0
519,2.645669,47.0,-6.1666565,2024-07-30 12:00:00,0.07275417,-0.031834513,4332472.586781167,-468106.2447951276,0.0
699,3.819495,47.0,-6.1666565,2024-07-30 12:00:00,0.07492183,-0.028608453,4332472.586781167,-468106.2447951276,0.0
879,5.078224,47.0,-6.1666565,2024-07-30 12:00:00,0.07719719,-0.025522392,4332472.586781167,-468106.2447951276,0.0
1059,6.440614,47.0,-6.1666565,2024-07-30 12:00:00,0.079766355,-0.022383172,4332472.586781167,-468106.2447951276,0.0
1239,7.92956,47.0,-6.1666565,2024-07-30 12:00:00,0.08319956,-0.018704053,4332472.586781167,-468106.2447951276,0.0
1419,9.572997,47.0,-6.1666565,2024-07-30 12:00:00,0.09102142,-0.012168038,4332472.586781167,-468106.2447951276,0.0
1599,11.405,47.0,-6.1666565,2024-07-30 12:00:00,0.121203154,0.00044452632,4332472.586781167,-468106.2447951276,0.0
1779,13.46714,47.0,-6.1666565,2024-07-30 12:00:00,0.13036792,-0.002285298,4332472.586781167,-468106.2447951276,0.0
1959,15.81007,47.0,-6.1666565,2024-07-30 12:00:00,0.12533598,0.015304866,4332472.586781167,-468106.2447951276,0.0
2139,18.49556,47.0,-6.1666565,2024-07-30 12:00:00,0.1322151,0.019997751,4332472.586781167,-468106.2447951276,0.0
2319,21.59882,47.0,-6.1666565,2024-07-30 12:00:00,0.13659403,0.013282167,4332472.586781167,-468106.2447951276,0.0
2499,25.21141,47.0,-6.1666565,2024-07-30 12:00:00,0.1348484,-0.0014919229,4332472.586781167,-468106.2447951276,0.0
2679,29.44473,47.0,-6.1666565,2024-07-30 12:00:00,0.12694462,-0.019934531,4332472.586781167,-468106.2447951276,0.0
2859,34.43415,47.0,-6.1666565,2024-07-30 12:00:00,0.11493113,-0.028566718,4332472.586781167,-468106.2447951276,0.0
3039,40.34405,47.0,-6.1666565,2024-07-30 12:00:00,0.10346834,-0.016566617,4332472.586781167,-468106.2447951276,0.0
3219,47.37369,47.0,-6.1666565,2024-07-30 12:00:00,0.09880961,0.014614619,4332472.586781167,-468106.2447951276,0.0
3399,55.76429,47.0,-6.1666565,2024-07-30 12:00:00,0.11079894,0.046014298,4332472.586781167,-468106.2447951276,0.0
3579,65.80727,47.0,-6.1666565,2024-07-30 12:00:00,0.13735363,0.053566393,4332472.586781167,-468106.2447951276,0.0
3759,77.85385,47.0,-6.1666565,2024-07-30 12:00:00,0.15660223,0.048643272,4332472.586781167,-468106.2447951276,0.0
3939,92.32607,47.0,-6.1666565,2024-07-30 12:00:00,0.15899487,0.03490059,4332472.586781167,-468106.2447951276,0.0
4119,109.7293,47.0,-6.1666565,2024-07-30 12:00:00,0.14350794,0.026605101,4332472.586781167,-468106.2447951276,0.0
4299,130.666,47.0,-6.1666565,2024-07-30 12:00:00,0.12478857,0.01300108,4332472.586781167,-468106.2447951276,0.0
4479,155.8507,47.0,-6.1666565,2024-07-30 12:00:00,0.110913604,0.013733595,4332472.586781167,-468106.2447951276,0.0
4659,186.1256,47.0,-6.1666565,2024-07-30 12:00:00,0.10140778,0.01913198,4332472.586781167,-468106.2447951276,0.0
4839,222.4752,47.0,-6.1666565,2024-07-30 12:00:00,0.08944148,0.02382412,4332472.586781167,-468106.2447951276,0.0
5019,266.0403,47.0,-6.1666565,2024-07-30 12:00:00,0.08184046,0.027091675,4332472.586781167,-468106.2447951276,0.0
5199,318.1274,47.0,-6.1666565,2024-07-30 12:00:00,0.072793484,0.030496528,4332472.586781167,-468106.2447951276,0.0
5379,380.213,47.0,-6.1666565,2024-07-30 12:00:00,0.046477597,0.042653836,4332472.586781167,-468106.2447951276,0.0
5559,453.9377,47.0,-6.1666565,2024-07-30 12:00:00,0.042318337,0.043989554,4332472.586781167,-468106.2447951276,0.0
5739,541.0889,47.0,-6.1666565,2024-07-30 12:00:00,0.03517989,0.057927225,4332472.586781167,-468106.2447951276,0.0
5919,643.5668,47.0,-6.1666565,2024-07-30 12:00:00,0.009452708,0.067940705,4332472.586781167,-468106.2447951276,0.0
6099,763.3331,47.0,-6.1666565,2024-07-30 12:00:00,-0.013069085,0.095645666,4332472.586781167,-468106.2447951276,0.0
6279,902.3393,47.0,-6.1666565,2024-07-30 12:00:00,-0.038692873,0.13121748,4332472.586781167,-468106.2447951276,0.0
168,0.494025,47.0,-6.0833282,2024-07-30 12:00:00,0.058126226,-0.04153557,4333148.796028124,-461804.81061430223,0.0
348,1.541375,47.0,-6.0833282,2024-07-30 12:00:00,0.060242422,-0.037811268,4333148.796028124,-461804.81061430223,0.0
528,2.645669,47.0,-6.0833282,2024-07-30 12:00:00,0.062368866,-0.034375675,4333148.796028124,-461804.81061430223,0.0
708,3.819495,47.0,-6.0833282,2024-07-30 12:00:00,0.06451786,-0.031203728,4333148.796028124,-461804.81061430223,0.0
888,5.078224,47.0,-6.0833282,2024-07-30 12:00:00,0.06676436,-0.028201431,4333148.796028124,-461804.81061430223,0.0
1068,6.440614,47.0,-6.0833282,2024-07-30 12:00:00,0.06929843,-0.025192786,4333148.796028124,-461804.81061430223,0.0
1248,7.92956,47.0,-6.0833282,2024-07-30 12:00:00,0.07271828,-0.021739498,4333148.796028124,-461804.81061430223,0.0
1428,9.572997,47.0,-6.0833282,2024-07-30 12:00:00,0.082328685,-0.015064107,4333148.796028124,-461804.81061430223,0.0
1608,11.405,47.0,-6.0833282,2024-07-30 12:00:00,0.12705866,-0.004650557,4333148.796028124,-461804.81061430223,0.0
1788,13.46714,47.0,-6.0833282,2024-07-30 12:00:00,0.11429039,-0.005251472,4333148.796028124,-461804.81061430223,0.0
1968,15.81007,47.0,-6.0833282,2024-07-30 12:00:00,0.11201791,0.012332484,4333148.796028124,-461804.81061430223,0.0
2148,18.49556,47.0,-6.0833282,2024-07-30 12:00:00,0.12069863,0.016102422,4333148.796028124,-461804.81061430223,0.0
2328,21.59882,47.0,-6.0833282,2024-07-30 12:00:00,0.1262327,0.01002784,4333148.796028124,-461804.81061430223,0.0
2508,25.21141,47.0,-6.0833282,2024-07-30 12:00:00,0.1268727,-0.0037117703,4333148.796028124,-461804.81061430223,0.0
2688,29.44473,47.0,-6.0833282,2024-07-30 12:00:00,0.121331096,-0.020145992,4333148.796028124,-461804.81061430223,0.0
2868,34.43415,47.0,-6.0833282,2024-07-30 12:00:00,0.10788345,-0.02583869,4333148.796028124,-461804.81061430223,0.0
3048,40.34405,47.0,-6.0833282,2024-07-30 12:00:00,0.08895208,-0.012155201,4333148.796028124,-461804.81061430223,0.0
3228,47.37369,47.0,-6.0833282,2024-07-30 12:00:00,0.07542643,0.01786975,4333148.796028124,-461804.81061430223,0.0
3408,55.76429,47.0,-6.0833282,2024-07-30 12:00:00,0.08288548,0.046835553,4333148.796028124,-461804.81061430223,0.0
3588,65.80727,47.0,-6.0833282,2024-07-30 12:00:00,0.10967742,0.05969985,4333148.796028124,-461804.81061430223,0.0
3768,77.85385,47.0,-6.0833282,2024-07-30 12:00:00,0.12466903,0.058454268,4333148.796028124,-461804.81061430223,0.0
3948,92.32607,47.0,-6.0833282,2024-07-30 12:00:00,0.12503971,0.048041247,4333148.796028124,-461804.81061430223,0.0
4128,109.7293,47.0,-6.0833282,2024-07-30 12:00:00,0.11434285,0.037200607,4333148.796028124,-461804.81061430223,0.0
4308,130.666,47.0,-6.0833282,2024-07-30 12:00:00,0.10123211,0.02632643,4333148.796028124,-461804.81061430223,0.0
4488,155.8507,47.0,-6.0833282,2024-07-30 12:00:00,0.090202875,0.02127707,4333148.796028124,-461804.81061430223,0.0
4668,186.1256,47.0,-6.0833282,2024-07-30 12:00:00,0.082390055,0.015652519,4333148.796028124,-461804.81061430223,0.0
4848,222.4752,47.0,-6.0833282,2024-07-30 12:00:00,0.07739488,0.006598761,4333148.796028124,-461804.81061430223,0.0
5028,266.0403,47.0,-6.0833282,2024-07-30 12:00:00,0.08165053,-0.0006190613,4333148.796028124,-461804.81061430223,0.0
5208,318.1274,47.0,-6.0833282,2024-07-30 12:00:00,0.074972495,-0.0014567778,4333148.796028124,-461804.81061430223,0.0
5388,380.213,47.0,-6.0833282,2024-07-30 12:00:00,0.050084565,-0.004363817,4333148.796028124,-461804.81061430223,0.0
5568,453.9377,47.0,-6.0833282,2024-07-30 12:00:00,0.039914344,0.011953703,4333148.796028124,-461804.81061430223,0.0
5748,541.0889,47.0,-6.0833282,2024-07-30 12:00:00,0.049614236,0.019207057,4333148.796028124,-461804.81061430223,0.0
5928,643.5668,47.0,-6.0833282,2024-07-30 12:00:00,0.0033948016,0.071108006,4333148.796028124,-461804.81061430223,0.0
6108,763.3331,47.0,-6.0833282,2024-07-30 12:00:00,-0.019566385,0.11125894,4333148.796028124,-461804.81061430223,0.0
6288,902.3393,47.0,-6.0833282,2024-07-30 12:00:00,-0.044146243,0.13652262,4333148.796028124,-461804.81061430223,0.0
177,0.494025,47.0,-6.0,2024-07-30 12:00:00,0.06468059,-0.058729388,4333815.840058059,-455502.3996515776,0.0
357,1.541375,47.0,-6.0,2024-07-30 12:00:00,0.06681531,-0.05503667,4333815.840058059,-455502.3996515776,0.0
537,2.645669,47.0,-6.0,2024-07-30 12:00:00,0.06895707,-0.051629554,4333815.840058059,-455502.3996515776,0.0
717,3.819495,47.0,-6.0,2024-07-30 12:00:00,0.07112188,-0.048482653,4333815.840058059,-455502.3996515776,0.0
897,5.078224,47.0,-6.0,2024-07-30 12:00:00,0.07338356,-0.045506496,4333815.840058059,-455502.3996515776,0.0
1077,6.440614,47.0,-6.0,2024-07-30 12:00:00,0.07592744,-0.04252811,4333815.840058059,-455502.3996515776,0.0
1257,7.92956,47.0,-6.0,2024-07-30 12:00:00,0.07936341,-0.039082773,4333815.840058059,-455502.3996515776,0.0
1437,9.572997,47.0,-6.0,2024-07-30 12:00:00,0.0896233,-0.031276383,4333815.840058059,-455502.3996515776,0.0
1617,11.405,47.0,-6.0,2024-07-30 12:00:00,0.1389275,-0.020941705,4333815.840058059,-455502.3996515776,0.0
1797,13.46714,47.0,-6.0,2024-07-30 12:00:00,0.11349882,-0.02433936,4333815.840058059,-455502.3996515776,0.0
1977,15.81007,47.0,-6.0,2024-07-30 12:00:00,0.107080325,-0.0049021174,4333815.840058059,-455502.3996515776,0.0
2157,18.49556,47.0,-6.0,2024-07-30 12:00:00,0.11394642,0.0019568154,4333815.840058059,-455502.3996515776,0.0
2337,21.59882,47.0,-6.0,2024-07-30 12:00:00,0.11881177,0.0011101728,4333815.840058059,-455502.3996515776,0.0
2517,25.21141,47.0,-6.0,2024-07-30 12:00:00,0.121250026,-0.006654337,4333815.840058059,-455502.3996515776,0.0
2697,29.44473,47.0,-6.0,2024-07-30 12:00:00,0.119018264,-0.018257739,4333815.840058059,-455502.3996515776,0.0
2877,34.43415,47.0,-6.0,2024-07-30 12:00:00,0.10625021,-0.024398645,4333815.840058059,-455502.3996515776,0.0
3057,40.34405,47.0,-6.0,2024-07-30 12:00:00,0.08461486,-0.02216629,4333815.840058059,-455502.3996515776,0.0
3237,47.37369,47.0,-6.0,2024-07-30 12:00:00,0.06726873,-0.009914013,4333815.840058059,-455502.3996515776,0.0
3417,55.76429,47.0,-6.0,2024-07-30 12:00:00,0.07102396,0.0071262163,4333815.840058059,-455502.3996515776,0.0
3597,65.80727,47.0,-6.0,2024-07-30 12:00:00,0.08730861,0.023218188,4333815.840058059,-455502.3996515776,0.0
3777,77.85385,47.0,-6.0,2024-07-30 12:00:00,0.089396514,0.027643409,4333815.840058059,-455502.3996515776,0.0
3957,92.32607,47.0,-6.0,2024-07-30 12:00:00,0.084598616,0.02503856,4333815.840058059,-455502.3996515776,0.0
4137,109.7293,47.0,-6.0,2024-07-30 12:00:00,0.08119298,0.01844918,4333815.840058059,-455502.3996515776,0.0
4317,130.666,47.0,-6.0,2024-07-30 12:00:00,0.077594236,0.010785869,4333815.840058059,-455502.3996515776,0.0
4497,155.8507,47.0,-6.0,2024-07-30 12:00:00,0.07361898,0.008021344,4333815.840058059,-455502.3996515776,0.0
4677,186.1256,47.0,-6.0,2024-07-30 12:00:00,0.06654787,0.008824728,4333815.840058059,-455502.3996515776,0.0
4857,222.4752,47.0,-6.0,2024-07-30 12:00:00,0.064313516,0.0039410237,4333815.840058059,-455502.3996515776,0.0
5037,266.0403,47.0,-6.0,2024-07-30 12:00:00,0.071135186,-0.008044895,4333815.840058059,-455502.3996515776,0.0
5217,318.1274,47.0,-6.0,2024-07-30 12:00:00,0.07016354,-0.02909251,4333815.840058059,-455502.3996515776,0.0
5397,380.213,47.0,-6.0,2024-07-30 12:00:00,0.050041776,-0.034904446,4333815.840058059,-455502.3996515776,0.0
5577,453.9377,47.0,-6.0,2024-07-30 12:00:00,0.032805827,-0.038589954,4333815.840058059,-455502.3996515776,0.0
5757,541.0889,47.0,-6.0,2024-07-30 12:00:00,0.03804621,-0.028380962,4333815.840058059,-455502.3996515776,0.0
5937,643.5668,47.0,-6.0,2024-07-30 12:00:00,0.014014414,-0.0051314915,4333815.840058059,-455502.3996515776,0.0
6117,763.3331,47.0,-6.0,2024-07-30 12:00:00,-0.0015159962,0.051143948,4333815.840058059,-455502.3996515776,0.0
6297,902.3393,47.0,-6.0,2024-07-30 12:00:00,-0.05344938,0.12288213,4333815.840058059,-455502.3996515776,0.0
7,0.494025,46.66667,-6.25,2024-07-30 18:00:00,-0.09586629,0.0196251,4358653.3150161095,-477350.1729464703,0.0
187,1.541375,46.66667,-6.25,2024-07-30 18:00:00,-0.094644815,0.025243463,4358653.3150161095,-477350.1729464703,0.0
367,2.645669,46.66667,-6.25,2024-07-30 18:00:00,-0.092103235,0.030645773,4358653.3150161095,-477350.1729464703,0.0
547,3.819495,46.66667,-6.25,2024-07-30 18:00:00,-0.08132564,0.04146449,4358653.3150161095,-477350.1729464703,0.0
727,5.078224,46.66667,-6.25,2024-07-30 18:00:00,-0.05492296,0.05146436,4358653.3150161095,-477350.1729464703,0.0
907,6.440614,46.66667,-6.25,2024-07-30 18:00:00,-0.025311844,0.050780393,4358653.3150161095,-477350.1729464703,0.0
1087,7.92956,46.66667,-6.25,2024-07-30 18:00:00,-0.0057810727,0.041242383,4358653.3150161095,-477350.1729464703,0.0
1267,9.572997,46.66667,-6.25,2024-07-30 18:00:00,0.0024899002,0.029508244,4358653.3150161095,-477350.1729464703,0.0
1447,11.405,46.66667,-6.25,2024-07-30 18:00:00,0.005739794,0.008390948,4358653.3150161095,-477350.1729464703,0.0
1627,13.46714,46.66667,-6.25,2024-07-30 18:00:00,-0.018681537,-0.021878488,4358653.3150161095,-477350.1729464703,0.0
1807,15.81007,46.66667,-6.25,2024-07-30 18:00:00,-0.025591396,-0.023750635,4358653.3150161095,-477350.1729464703,0.0
1987,18.49556,46.66667,-6.25,2024-07-30 18:00:00,-0.030229814,-0.029421907,4358653.3150161095,-477350.1729464703,0.0
2167,21.59882,46.66667,-6.25,2024-07-30 18:00:00,-0.03404571,-0.02231017,4358653.3150161095,-477350.1729464703,0.0
2347,25.21141,46.66667,-6.25,2024-07-30 18:00:00,-0.03572129,-0.009087307,4358653.3150161095,-477350.1729464703,0.0
2527,29.44473,46.66667,-6.25,2024-07-30 18:00:00,-0.033339165,0.008745557,4358653.3150161095,-477350.1729464703,0.0
2707,34.43415,46.66667,-6.25,2024-07-30 18:00:00,-0.025014576,0.034251288,4358653.3150161095,-477350.1729464703,0.0
2887,40.34405,46.66667,-6.25,2024-07-30 18:00:00,-0.0012226002,0.047216125,4358653.3150161095,-477350.1729464703,0.0
3067,47.37369,46.66667,-6.25,2024-07-30 18:00:00,0.023416344,0.027849087,4358653.3150161095,-477350.1729464703,0.0
3247,55.76429,46.66667,-6.25,2024-07-30 18:00:00,0.018143779,-0.0018405204,4358653.3150161095,-477350.1729464703,0.0
3427,65.80727,46.66667,-6.25,2024-07-30 18:00:00,-0.001510447,-0.0073180976,4358653.3150161095,-477350.1729464703,0.0
3607,77.85385,46.66667,-6.25,2024-07-30 18:00:00,-0.009183876,0.0076753516,4358653.3150161095,-477350.1729464703,0.0
3787,92.32607,46.66667,-6.25,2024-07-30 18:00:00,-0.0047101197,0.016881699,4358653.3150161095,-477350.1729464703,0.0
3967,109.7293,46.66667,-6.25,2024-07-30 18:00:00,0.003820516,0.02183301,4358653.3150161095,-477350.1729464703,0.0
4147,130.666,46.66667,-6.25,2024-07-30 18:00:00,0.012485776,0.027110856,4358653.3150161095,-477350.1729464703,0.0
4327,155.8507,46.66667,-6.25,2024-07-30 18:00:00,0.017932335,0.028730603,4358653.3150161095,-477350.1729464703,0.0
4507,186.1256,46.66667,-6.25,2024-07-30 18:00:00,0.021050561,0.02796676,4358653.3150161095,-477350.1729464703,0.0
4687,222.4752,46.66667,-6.25,2024-07-30 18:00:00,0.023774607,0.023804529,4358653.3150161095,-477350.1729464703,0.0
4867,266.0403,46.66667,-6.25,2024-07-30 18:00:00,0.027725961,0.020233233,4358653.3150161095,-477350.1729464703,0.0
5047,318.1274,46.66667,-6.25,2024-07-30 18:00:00,0.018045636,0.022356575,4358653.3150161095,-477350.1729464703,0.0
5227,380.213,46.66667,-6.25,2024-07-30 18:00:00,0.012147867,0.025077108,4358653.3150161095,-477350.1729464703,0.0
5407,453.9377,46.66667,-6.25,2024-07-30 18:00:00,0.024602175,0.032701302,4358653.3150161095,-477350.1729464703,0.0
5587,541.0889,46.66667,-6.25,2024-07-30 18:00:00,0.03090992,0.04251185,4358653.3150161095,-477350.1729464703,0.0
5767,643.5668,46.66667,-6.25,2024-07-30 18:00:00,0.03142011,0.052459814,4358653.3150161095,-477350.1729464703,0.0
5947,763.3331,46.66667,-6.25,2024-07-30 18:00:00,0.030946013,0.07784116,4358653.3150161095,-477350.1729464703,0.0
6127,902.3393,46.66667,-6.25,2024-07-30 18:00:00,0.069766104,0.10935426,4358653.3150161095,-477350.1729464703,0.0
16,0.494025,46.66667,-6.1666565,2024-07-30 18:00:00,-0.08086141,0.0048538283,4359343.065935845,-471009.49203812674,0.0
196,1.541375,46.66667,-6.1666565,2024-07-30 18:00:00,-0.07945745,0.01046247,4359343.065935845,-471009.49203812674,0.0
376,2.645669,46.66667,-6.1666565,2024-07-30 18:00:00,-0.07654204,0.015947586,4359343.065935845,-471009.49203812674,0.0
556,3.819495,46.66667,-6.1666565,2024-07-30 18:00:00,-0.06269724,0.027622262,4359343.065935845,-471009.49203812674,0.0
736,5.078224,46.66667,-6.1666565,2024-07-30 18:00:00,-0.035509538,0.035254356,4359343.065935845,-471009.49203812674,0.0
916,6.440614,46.66667,-6.1666565,2024-07-30 18:00:00,-0.0041118697,0.032859616,4359343.065935845,-471009.49203812674,0.0
1096,7.92956,46.66667,-6.1666565,2024-07-30 18:00:00,0.013953058,0.02303396,4359343.065935845,-471009.49203812674,0.0
1276,9.572997,46.66667,-6.1666565,2024-07-30 18:00:00,0.023674749,0.010678966,4359343.065935845,-471009.49203812674,0.0
1456,11.405,46.66667,-6.1666565,2024-07-30 18:00:00,0.030592073,-0.009947293,4359343.065935845,-471009.49203812674,0.0
1636,13.46714,46.66667,-6.1666565,2024-07-30 18:00:00,0.001433084,-0.037306547,4359343.065935845,-471009.49203812674,0.0
1816,15.81007,46.66667,-6.1666565,2024-07-30 18:00:00,-0.005139718,-0.042411994,4359343.065935845,-471009.49203812674,0.0
1996,18.49556,46.66667,-6.1666565,2024-07-30 18:00:00,-0.01250766,-0.04890546,4359343.065935845,-471009.49203812674,0.0
2176,21.59882,46.66667,-6.1666565,2024-07-30 18:00:00,-0.01985238,-0.04186349,4359343.065935845,-471009.49203812674,0.0
2356,25.21141,46.66667,-6.1666565,2024-07-30 18:00:00,-0.025095567,-0.025744455,4359343.065935845,-471009.49203812674,0.0
2536,29.44473,46.66667,-6.1666565,2024-07-30 18:00:00,-0.024465866,-0.0016765327,4359343.065935845,-471009.49203812674,0.0
2716,34.43415,46.66667,-6.1666565,2024-07-30 18:00:00,-0.010762045,0.03198208,4359343.065935845,-471009.49203812674,0.0
2896,40.34405,46.66667,-6.1666565,2024-07-30 18:00:00,0.02351888,0.049960792,4359343.065935845,-471009.49203812674,0.0
3076,47.37369,46.66667,-6.1666565,2024-07-30 18:00:00,0.058365308,0.027018743,4359343.065935845,-471009.49203812674,0.0
3256,55.76429,46.66667,-6.1666565,2024-07-30 18:00:00,0.053560354,-0.0107143745,4359343.065935845,-471009.49203812674,0.0
3436,65.80727,46.66667,-6.1666565,2024-07-30 18:00:00,0.02698846,-0.01792383,4359343.065935845,-471009.49203812674,0.0
3616,77.85385,46.66667,-6.1666565,2024-07-30 18:00:00,0.016002288,0.00067955675,4359343.065935845,-471009.49203812674,0.0
3796,92.32607,46.66667,-6.1666565,2024-07-30 18:00:00,0.02208404,0.013186589,4359343.065935845,-471009.49203812674,0.0
3976,109.7293,46.66667,-6.1666565,2024-07-30 18:00:00,0.03062735,0.017517533,4359343.065935845,-471009.49203812674,0.0
4156,130.666,46.66667,-6.1666565,2024-07-30 18:00:00,0.039607022,0.021379732,4359343.065935845,-471009.49203812674,0.0
4336,155.8507,46.66667,-6.1666565,2024-07-30 18:00:00,0.04179574,0.02499104,4359343.065935845,-471009.49203812674,0.0
4516,186.1256,46.66667,-6.1666565,2024-07-30 18:00:00,0.041401286,0.026522528,4359343.065935845,-471009.49203812674,0.0
4696,222.4752,46.66667,-6.1666565,2024-07-30 18:00:00,0.039929274,0.022779932,4359343.065935845,-471009.49203812674,0.0
4876,266.0403,46.66667,-6.1666565,2024-07-30 18:00:00,0.03803923,0.019091347,4359343.065935845,-471009.49203812674,0.0
5056,318.1274,46.66667,-6.1666565,2024-07-30 18:00:00,0.035716545,0.019197168,4359343.065935845,-471009.49203812674,0.0
5236,380.213,46.66667,-6.1666565,2024-07-30 18:00:00,0.036845144,0.020127742,4359343.065935845,-471009.49203812674,0.0
5416,453.9377,46.66667,-6.1666565,2024-07-30 18:00:00,0.054225404,0.028443865,4359343.065935845,-471009.49203812674,0.0
5596,541.0889,46.66667,-6.1666565,2024-07-30 18:00:00,0.060565945,0.045096673,4359343.065935845,-471009.49203812674,0.0
5776,643.5668,46.66667,-6.1666565,2024-07-30 18:00:00,0.05796402,0.05234703,4359343.065935845,-471009.49203812674,0.0
5956,763.3331,46.66667,-6.1666565,2024-07-30 18:00:00,0.055772346,0.06457545,4359343.065935845,-471009.49203812674,0.0
6136,902.3393,46.66667,-6.1666565,2024-07-30 18:00:00,0.08784677,0.08905561,4359343.065935845,-471009.49203812674,0.0
25,0.494025,46.66667,-6.0833282,2024-07-30 18:00:00,-0.06653594,-0.0038117887,4360023.469108121,-464668.9756583009,0.0
205,1.541375,46.66667,-6.0833282,2024-07-30 18:00:00,-0.064837776,0.0017823481,4360023.469108121,-464668.9756583009,0.0
385,2.645669,46.66667,-6.0833282,2024-07-30 18:00:00,-0.06131683,0.007453317,4360023.469108121,-464668.9756583009,0.0
565,3.819495,46.66667,-6.0833282,2024-07-30 18:00:00,-0.043650713,0.019397184,4360023.469108121,-464668.9756583009,0.0
745,5.078224,46.66667,-6.0833282,2024-07-30 18:00:00,-0.0150887715,0.024650207,4360023.469108121,-464668.9756583009,0.0
925,6.440614,46.66667,-6.0833282,2024-07-30 18:00:00,0.016352683,0.019537253,4360023.469108121,-464668.9756583009,0.0
1105,7.92956,46.66667,-6.0833282,2024-07-30 18:00:00,0.030860376,0.008786414,4360023.469108121,-464668.9756583009,0.0
1285,9.572997,46.66667,-6.0833282,2024-07-30 18:00:00,0.03892448,-0.003987544,4360023.469108121,-464668.9756583009,0.0
1465,11.405,46.66667,-6.0833282,2024-07-30 18:00:00,0.041329008,-0.02163384,4360023.469108121,-464668.9756583009,0.0
1645,13.46714,46.66667,-6.0833282,2024-07-30 18:00:00,0.014608089,-0.045692544,4360023.469108121,-464668.9756583009,0.0
1825,15.81007,46.66667,-6.0833282,2024-07-30 18:00:00,0.012608051,-0.058800217,4360023.469108121,-464668.9756583009,0.0
2005,18.49556,46.66667,-6.0833282,2024-07-30 18:00:00,0.0045841127,-0.07023907,4360023.469108121,-464668.9756583009,0.0
2185,21.59882,46.66667,-6.0833282,2024-07-30 18:00:00,-0.0045844843,-0.06617312,4360023.469108121,-464668.9756583009,0.0
2365,25.21141,46.66667,-6.0833282,2024-07-30 18:00:00,-0.0116953505,-0.051143076,4360023.469108121,-464668.9756583009,0.0
2545,29.44473,46.66667,-6.0833282,2024-07-30 18:00:00,-0.0134114865,-0.025278501,4360023.469108121,-464668.9756583009,0.0
2725,34.43415,46.66667,-6.0833282,2024-07-30 18:00:00,3.2009557e-06,0.013963544,4360023.469108121,-464668.9756583009,0.0
2905,40.34405,46.66667,-6.0833282,2024-07-30 18:00:00,0.036437105,0.04111518,4360023.469108121,-464668.9756583009,0.0
3085,47.37369,46.66667,-6.0833282,2024-07-30 18:00:00,0.08172339,0.025236765,4360023.469108121,-464668.9756583009,0.0
3265,55.76429,46.66667,-6.0833282,2024-07-30 18:00:00,0.08938985,-0.016500574,4360023.469108121,-464668.9756583009,0.0
3445,65.80727,46.66667,-6.0833282,2024-07-30 18:00:00,0.06253177,-0.033492975,4360023.469108121,-464668.9756583009,0.0
3625,77.85385,46.66667,-6.0833282,2024-07-30 18:00:00,0.04252841,-0.017435268,4360023.469108121,-464668.9756583009,0.0
3805,92.32607,46.66667,-6.0833282,2024-07-30 18:00:00,0.045827206,0.00027463073,4360023.469108121,-464668.9756583009,0.0
3985,109.7293,46.66667,-6.0833282,2024-07-30 18:00:00,0.053153094,0.007942013,4360023.469108121,-464668.9756583009,0.0
4165,130.666,46.66667,-6.0833282,2024-07-30 18:00:00,0.057163283,0.012375219,4360023.469108121,-464668.9756583009,0.0
4345,155.8507,46.66667,-6.0833282,2024-07-30 18:00:00,0.056999512,0.016643204,4360023.469108121,-464668.9756583009,0.0
4525,186.1256,46.66667,-6.0833282,2024-07-30 18:00:00,0.053382877,0.020063715,4360023.469108121,-464668.9756583009,0.0
4705,222.4752,46.66667,-6.0833282,2024-07-30 18:00:00,0.05126402,0.01814881,4360023.469108121,-464668.9756583009,0.0
4885,266.0403,46.66667,-6.0833282,2024-07-30 18:00:00,0.049036793,0.013594492,4360023.469108121,-464668.9756583009,0.0
5065,318.1274,46.66667,-6.0833282,2024-07-30 18:00:00,0.050185166,0.0135839265,4360023.469108121,-464668.9756583009,0.0
5245,380.213,46.66667,-6.0833282,2024-07-30 18:00:00,0.058997512,0.008905249,4360023.469108121,-464668.9756583009,0.0
5425,453.9377,46.66667,-6.0833282,2024-07-30 18:00:00,0.0689671,0.014537656,4360023.469108121,-464668.9756583009,0.0
5605,541.0889,46.66667,-6.0833282,2024-07-30 18:00:00,0.077825725,0.033587296,4360023.469108121,-464668.9756583009,0.0
5785,643.5668,46.66667,-6.0833282,2024-07-30 18:00:00,0.07944899,0.034709945,4360023.469108121,-464668.9756583009,0.0
5965,763.3331,46.66667,-6.0833282,2024-07-30 18:00:00,0.0752061,0.04427288,4360023.469108121,-464668.9756583009,0.0
6145,902.3393,46.66667,-6.0833282,2024-07-30 18:00:00,0.0992374,0.053094648,4360023.469108121,-464668.9756583009,0.0
34,0.494025,46.66667,-6.0,2024-07-30 18:00:00,-0.0466886,-0.0037894452,4360694.650219674,-458327.4764384654,0.0
214,1.541375,46.66667,-6.0,2024-07-30 18:00:00,-0.04456003,0.0017734729,4360694.650219674,-458327.4764384654,0.0
394,2.645669,46.66667,-6.0,2024-07-30 18:00:00,-0.04004199,0.00777655,4360694.650219674,-458327.4764384654,0.0
574,3.819495,46.66667,-6.0,2024-07-30 18:00:00,-0.017805772,0.019470174,4360694.650219674,-458327.4764384654,0.0
754,5.078224,46.66667,-6.0,2024-07-30 18:00:00,0.012850388,0.02218812,4360694.650219674,-458327.4764384654,0.0
934,6.440614,46.66667,-6.0,2024-07-30 18:00:00,0.04400826,0.013718525,4360694.650219674,-458327.4764384654,0.0
1114,7.92956,46.66667,-6.0,2024-07-30 18:00:00,0.05560678,0.001581185,4360694.650219674,-458327.4764384654,0.0
1294,9.572997,46.66667,-6.0,2024-07-30 18:00:00,0.0618393,-0.012847312,4360694.650219674,-458327.4764384654,0.0
1474,11.405,46.66667,-6.0,2024-07-30 18:00:00,0.059969537,-0.030238992,4360694.650219674,-458327.4764384654,0.0
1654,13.46714,46.66667,-6.0,2024-07-30 18:00:00,0.040467575,-0.048143942,4360694.650219674,-458327.4764384654,0.0
1834,15.81007,46.66667,-6.0,2024-07-30 18:00:00,0.04160183,-0.07288146,4360694.650219674,-458327.4764384654,0.0
2014,18.49556,46.66667,-6.0,2024-07-30 18:00:00,0.031442873,-0.09063471,4360694.650219674,-458327.4764384654,0.0
2194,21.59882,46.66667,-6.0,2024-07-30 18:00:00,0.019868381,-0.09038459,4360694.650219674,-458327.4764384654,0.0
2374,25.21141,46.66667,-6.0,2024-07-30 18:00:00,0.009928296,-0.07860538,4360694.650219674,-458327.4764384654,0.0
2554,29.44473,46.66667,-6.0,2024-07-30 18:00:00,0.0029265534,-0.05451189,4360694.650219674,-458327.4764384654,0.0
2734,34.43415,46.66667,-6.0,2024-07-30 18:00:00,0.008779056,-0.015537138,4360694.650219674,-458327.4764384654,0.0
2914,40.34405,46.66667,-6.0,2024-07-30 18:00:00,0.034439985,0.017678872,4360694.650219674,-458327.4764384654,0.0
3094,47.37369,46.66667,-6.0,2024-07-30 18:00:00,0.07670599,0.014484289,4360694.650219674,-458327.4764384654,0.0
3274,55.76429,46.66667,-6.0,2024-07-30 18:00:00,0.09599042,-0.021531895,4360694.650219674,-458327.4764384654,0.0
3454,65.80727,46.66667,-6.0,2024-07-30 18:00:00,0.08032138,-0.048094716,4360694.650219674,-458327.4764384654,0.0
3634,77.85385,46.66667,-6.0,2024-07-30 18:00:00,0.060120095,-0.040675066,4360694.650219674,-458327.4764384654,0.0
3814,92.32607,46.66667,-6.0,2024-07-30 18:00:00,0.054986347,-0.020023024,4360694.650219674,-458327.4764384654,0.0
3994,109.7293,46.66667,-6.0,2024-07-30 18:00:00,0.058472417,-0.00807374,4360694.650219674,-458327.4764384654,0.0
4174,130.666,46.66667,-6.0,2024-07-30 18:00:00,0.061918437,-0.0024478403,4360694.650219674,-458327.4764384654,0.0
4354,155.8507,46.66667,-6.0,2024-07-30 18:00:00,0.060811095,0.0017373632,4360694.650219674,-458327.4764384654,0.0
4534,186.1256,46.66667,-6.0,2024-07-30 18:00:00,0.05704951,0.0059626335,4360694.650219674,-458327.4764384654,0.0
4714,222.4752,46.66667,-6.0,2024-07-30 18:00:00,0.05744383,0.0067087086,4360694.650219674,-458327.4764384654,0.0
4894,266.0403,46.66667,-6.0,2024-07-30 18:00:00,0.058042634,0.0045883865,4360694.650219674,-458327.4764384654,0.0
5074,318.1274,46.66667,-6.0,2024-07-30 18:00:00,0.061432697,0.0062728375,4360694.650219674,-458327.4764384654,0.0
5254,380.213,46.66667,-6.0,2024-07-30 18:00:00,0.06498281,0.00090763625,4360694.650219674,-458327.4764384654,0.0
5434,453.9377,46.66667,-6.0,2024-07-30 18:00:00,0.0811176,-0.0025139127,4360694.650219674,-458327.4764384654,0.0
5614,541.0889,46.66667,-6.0,2024-07-30 18:00:00,0.08315504,0.0064626425,4360694.650219674,-458327.4764384654,0.0
5794,643.5668,46.66667,-6.0,2024-07-30 18:00:00,0.08230822,0.014150865,4360694.650219674,-458327.4764384654,0.0
5974,763.3331,46.66667,-6.0,2024-07-30 18:00:00,0.063666396,0.025972804,4360694.650219674,-458327.4764384654,0.0
6154,902.3393,46.66667,-6.0,2024-07-30 18:00:00,0.09744092,0.008050736,4360694.650219674,-458327.4764384654,0.0
43,0.494025,46.75,-6.25,2024-07-30 18:00:00,-0.07932027,0.0071011977,4351950.96357759,-476616.1460837916,0.0
223,1.541375,46.75,-6.25,2024-07-30 18:00:00,-0.07765312,0.012577785,4351950.96357759,-476616.1460837916,0.0
403,2.645669,46.75,-6.25,2024-07-30 18:00:00,-0.07476017,0.017836317,4351950.96357759,-476616.1460837916,0.0
583,3.819495,46.75,-6.25,2024-07-30 18:00:00,-0.06388284,0.028023154,4351950.96357759,-476616.1460837916,0.0
763,5.078224,46.75,-6.25,2024-07-30 18:00:00,-0.038510453,0.037243415,4351950.96357759,-476616.1460837916,0.0
943,6.440614,46.75,-6.25,2024-07-30 18:00:00,-0.011932359,0.035923313,4351950.96357759,-476616.1460837916,0.0
1123,7.92956,46.75,-6.25,2024-07-30 18:00:00,0.011589159,0.02599837,4351950.96357759,-476616.1460837916,0.0
1303,9.572997,46.75,-6.25,2024-07-30 18:00:00,0.02083624,0.014149001,4351950.96357759,-476616.1460837916,0.0
1483,11.405,46.75,-6.25,2024-07-30 18:00:00,0.022130892,-0.0019541956,4351950.96357759,-476616.1460837916,0.0
1663,13.46714,46.75,-6.25,2024-07-30 18:00:00,0.0061984905,-0.029108087,4351950.96357759,-476616.1460837916,0.0
1843,15.81007,46.75,-6.25,2024-07-30 18:00:00,0.0066222316,-0.03756651,4351950.96357759,-476616.1460837916,0.0
2023,18.49556,46.75,-6.25,2024-07-30 18:00:00,0.0006559633,-0.043229837,4351950.96357759,-476616.1460837916,0.0
2203,21.59882,46.75,-6.25,2024-07-30 18:00:00,-0.002809453,-0.037570767,4351950.96357759,-476616.1460837916,0.0
2383,25.21141,46.75,-6.25,2024-07-30 18:00:00,-0.004743205,-0.02414516,4351950.96357759,-476616.1460837916,0.0
2563,29.44473,46.75,-6.25,2024-07-30 18:00:00,-0.005094886,-0.0052592205,4351950.96357759,-476616.1460837916,0.0
2743,34.43415,46.75,-6.25,2024-07-30 18:00:00,0.002432345,0.020617263,4351950.96357759,-476616.1460837916,0.0
2923,40.34405,46.75,-6.25,2024-07-30 18:00:00,0.02527206,0.03521148,4351950.96357759,-476616.1460837916,0.0
3103,47.37369,46.75,-6.25,2024-07-30 18:00:00,0.051930938,0.014151754,4351950.96357759,-476616.1460837916,0.0
3283,55.76429,46.75,-6.25,2024-07-30 18:00:00,0.04983796,-0.022748908,4351950.96357759,-476616.1460837916,0.0
3463,65.80727,46.75,-6.25,2024-07-30 18:00:00,0.031433817,-0.030314766,4351950.96357759,-476616.1460837916,0.0
3643,77.85385,46.75,-6.25,2024-07-30 18:00:00,0.029764397,-0.01543581,4351950.96357759,-476616.1460837916,0.0
3823,92.32607,46.75,-6.25,2024-07-30 18:00:00,0.042216115,-0.0039934474,4351950.96357759,-476616.1460837916,0.0
4003,109.7293,46.75,-6.25,2024-07-30 18:00:00,0.050670948,0.0015468416,4351950.96357759,-476616.1460837916,0.0
4183,130.666,46.75,-6.25,2024-07-30 18:00:00,0.050921682,0.0018423514,4351950.96357759,-476616.1460837916,0.0
4363,155.8507,46.75,-6.25,2024-07-30 18:00:00,0.047709793,-0.0018279633,4351950.96357759,-476616.1460837916,0.0
4543,186.1256,46.75,-6.25,2024-07-30 18:00:00,0.045225956,-0.00594053,4351950.96357759,-476616.1460837916,0.0
4723,222.4752,46.75,-6.25,2024-07-30 18:00:00,0.041790076,-0.013708048,4351950.96357759,-476616.1460837916,0.0
4903,266.0403,46.75,-6.25,2024-07-30 18:00:00,0.041341074,-0.017860679,4351950.96357759,-476616.1460837916,0.0
5083,318.1274,46.75,-6.25,2024-07-30 18:00:00,0.0425024,-0.010131227,4351950.96357759,-476616.1460837916,0.0
5263,380.213,46.75,-6.25,2024-07-30 18:00:00,0.032654427,-0.008904323,4351950.96357759,-476616.1460837916,0.0
5443,453.9377,46.75,-6.25,2024-07-30 18:00:00,0.023719188,-0.008978027,4351950.96357759,-476616.1460837916,0.0
5623,541.0889,46.75,-6.25,2024-07-30 18:00:00,0.022750573,0.008435769,4351950.96357759,-476616.1460837916,0.0
5803,643.5668,46.75,-6.25,2024-07-30 18:00:00,0.04796169,0.033580665,4351950.96357759,-476616.1460837916,0.0
5983,763.3331,46.75,-6.25,2024-07-30 18:00:00,0.09763813,0.07626128,4351950.96357759,-476616.1460837916,0.0
6163,902.3393,46.75,-6.25,2024-07-30 18:00:00,0.1309245,0.11302992,4351950.96357759,-476616.1460837916,0.0
52,0.494025,46.75,-6.1666565,2024-07-30 18:00:00,-0.056538936,-0.0019783205,4352639.653859386,-470285.21531356085,0.0
232,1.541375,46.75,-6.1666565,2024-07-30 18:00:00,-0.05475516,0.0034784165,4352639.653859386,-470285.21531356085,0.0
412,2.645669,46.75,-6.1666565,2024-07-30 18:00:00,-0.05158002,0.008749062,4352639.653859386,-470285.21531356085,0.0
592,3.819495,46.75,-6.1666565,2024-07-30 18:00:00,-0.03823408,0.01955261,4352639.653859386,-470285.21531356085,0.0
772,5.078224,46.75,-6.1666565,2024-07-30 18:00:00,-0.011539214,0.02656693,4352639.653859386,-470285.21531356085,0.0
952,6.440614,46.75,-6.1666565,2024-07-30 18:00:00,0.015534936,0.023384346,4352639.653859386,-470285.21531356085,0.0
1132,7.92956,46.75,-6.1666565,2024-07-30 18:00:00,0.038556192,0.011681312,4352639.653859386,-470285.21531356085,0.0
1312,9.572997,46.75,-6.1666565,2024-07-30 18:00:00,0.047296077,-0.0010148236,4352639.653859386,-470285.21531356085,0.0
1492,11.405,46.75,-6.1666565,2024-07-30 18:00:00,0.04779227,-0.017326627,4352639.653859386,-470285.21531356085,0.0
1672,13.46714,46.75,-6.1666565,2024-07-30 18:00:00,0.029556891,-0.04770244,4352639.653859386,-470285.21531356085,0.0
1852,15.81007,46.75,-6.1666565,2024-07-30 18:00:00,0.025567766,-0.06299528,4352639.653859386,-470285.21531356085,0.0
2032,18.49556,46.75,-6.1666565,2024-07-30 18:00:00,0.0152490735,-0.069910645,4352639.653859386,-470285.21531356085,0.0
2212,21.59882,46.75,-6.1666565,2024-07-30 18:00:00,0.005844417,-0.061248712,4352639.653859386,-470285.21531356085,0.0
2392,25.21141,46.75,-6.1666565,2024-07-30 18:00:00,-0.0022963954,-0.04090218,4352639.653859386,-470285.21531356085,0.0
2572,29.44473,46.75,-6.1666565,2024-07-30 18:00:00,-0.0049604974,-0.010018409,4352639.653859386,-470285.21531356085,0.0
2752,34.43415,46.75,-6.1666565,2024-07-30 18:00:00,0.010737964,0.028949546,4352639.653859386,-470285.21531356085,0.0
2932,40.34405,46.75,-6.1666565,2024-07-30 18:00:00,0.051654257,0.048097104,4352639.653859386,-470285.21531356085,0.0
3112,47.37369,46.75,-6.1666565,2024-07-30 18:00:00,0.09564535,0.014631756,4352639.653859386,-470285.21531356085,0.0
3292,55.76429,46.75,-6.1666565,2024-07-30 18:00:00,0.09196925,-0.040929582,4352639.653859386,-470285.21531356085,0.0
3472,65.80727,46.75,-6.1666565,2024-07-30 18:00:00,0.053498216,-0.051291347,4352639.653859386,-470285.21531356085,0.0
3652,77.85385,46.75,-6.1666565,2024-07-30 18:00:00,0.037946448,-0.0236466,4352639.653859386,-470285.21531356085,0.0
3832,92.32607,46.75,-6.1666565,2024-07-30 18:00:00,0.049849935,-0.001185767,4352639.653859386,-470285.21531356085,0.0
4012,109.7293,46.75,-6.1666565,2024-07-30 18:00:00,0.06229066,0.00728136,4352639.653859386,-470285.21531356085,0.0
4192,130.666,46.75,-6.1666565,2024-07-30 18:00:00,0.06491397,0.006604841,4352639.653859386,-470285.21531356085,0.0
4372,155.8507,46.75,-6.1666565,2024-07-30 18:00:00,0.062264383,0.0029469,4352639.653859386,-470285.21531356085,0.0
4552,186.1256,46.75,-6.1666565,2024-07-30 18:00:00,0.06187422,-0.0023617004,4352639.653859386,-470285.21531356085,0.0
4732,222.4752,46.75,-6.1666565,2024-07-30 18:00:00,0.06067822,-0.010001639,4352639.653859386,-470285.21531356085,0.0
4912,266.0403,46.75,-6.1666565,2024-07-30 18:00:00,0.059324615,-0.01579614,4352639.653859386,-470285.21531356085,0.0
5092,318.1274,46.75,-6.1666565,2024-07-30 18:00:00,0.05563608,-0.016745059,4352639.653859386,-470285.21531356085,0.0
5272,380.213,46.75,-6.1666565,2024-07-30 18:00:00,0.04623818,-0.014782974,4352639.653859386,-470285.21531356085,0.0
5452,453.9377,46.75,-6.1666565,2024-07-30 18:00:00,0.03562268,-0.012063178,4352639.653859386,-470285.21531356085,0.0
5632,541.0889,46.75,-6.1666565,2024-07-30 18:00:00,0.029444536,0.004254085,4352639.653859386,-470285.21531356085,0.0
5812,643.5668,46.75,-6.1666565,2024-07-30 18:00:00,0.059034698,0.023772877,4352639.653859386,-470285.21531356085,0.0
5992,763.3331,46.75,-6.1666565,2024-07-30 18:00:00,0.099466026,0.06283525,4352639.653859386,-470285.21531356085,0.0
6172,902.3393,46.75,-6.1666565,2024-07-30 18:00:00,0.12796724,0.08810543,4352639.653859386,-470285.21531356085,0.0
61,0.494025,46.75,-6.0833282,2024-07-30 18:00:00,-0.036874864,-0.0016849586,4353319.010767862,-463954.44881885045,0.0
241,1.541375,46.75,-6.0833282,2024-07-30 18:00:00,-0.034936372,0.0037567439,4353319.010767862,-463954.44881885045,0.0
421,2.645669,46.75,-6.0833282,2024-07-30 18:00:00,-0.03139878,0.009108319,4353319.010767862,-463954.44881885045,0.0
601,3.819495,46.75,-6.0833282,2024-07-30 18:00:00,-0.015283698,0.02038888,4353319.010767862,-463954.44881885045,0.0
781,5.078224,46.75,-6.0833282,2024-07-30 18:00:00,0.012871201,0.025588395,4353319.010767862,-463954.44881885045,0.0
961,6.440614,46.75,-6.0833282,2024-07-30 18:00:00,0.040073223,0.020735908,4353319.010767862,-463954.44881885045,0.0
1141,7.92956,46.75,-6.0833282,2024-07-30 18:00:00,0.06166067,0.0076199747,4353319.010767862,-463954.44881885045,0.0
1321,9.572997,46.75,-6.0833282,2024-07-30 18:00:00,0.06839572,-0.0056811683,4353319.010767862,-463954.44881885045,0.0
1501,11.405,46.75,-6.0833282,2024-07-30 18:00:00,0.066541895,-0.021910999,4353319.010767862,-463954.44881885045,0.0
1681,13.46714,46.75,-6.0833282,2024-07-30 18:00:00,0.05490838,-0.052571975,4353319.010767862,-463954.44881885045,0.0
1861,15.81007,46.75,-6.0833282,2024-07-30 18:00:00,0.04863016,-0.07719137,4353319.010767862,-463954.44881885045,0.0
2041,18.49556,46.75,-6.0833282,2024-07-30 18:00:00,0.03431303,-0.0882388,4353319.010767862,-463954.44881885045,0.0
2221,21.59882,46.75,-6.0833282,2024-07-30 18:00:00,0.019810278,-0.08079471,4353319.010767862,-463954.44881885045,0.0
2401,25.21141,46.75,-6.0833282,2024-07-30 18:00:00,0.0054264567,-0.058885362,4353319.010767862,-463954.44881885045,0.0
2581,29.44473,46.75,-6.0833282,2024-07-30 18:00:00,-0.003446007,-0.020919409,4353319.010767862,-463954.44881885045,0.0
2761,34.43415,46.75,-6.0833282,2024-07-30 18:00:00,0.00987352,0.02856213,4353319.010767862,-463954.44881885045,0.0
2941,40.34405,46.75,-6.0833282,2024-07-30 18:00:00,0.05803277,0.055719543,4353319.010767862,-463954.44881885045,0.0
3121,47.37369,46.75,-6.0833282,2024-07-30 18:00:00,0.1197835,0.021008661,4353319.010767862,-463954.44881885045,0.0
3301,55.76429,46.75,-6.0833282,2024-07-30 18:00:00,0.12949078,-0.046510726,4353319.010767862,-463954.44881885045,0.0
3481,65.80727,46.75,-6.0833282,2024-07-30 18:00:00,0.08305144,-0.070660934,4353319.010767862,-463954.44881885045,0.0
3661,77.85385,46.75,-6.0833282,2024-07-30 18:00:00,0.050067972,-0.04410213,4353319.010767862,-463954.44881885045,0.0
3841,92.32607,46.75,-6.0833282,2024-07-30 18:00:00,0.05223501,-0.013560041,4353319.010767862,-463954.44881885045,0.0
4021,109.7293,46.75,-6.0833282,2024-07-30 18:00:00,0.063511334,0.0012326892,4353319.010767862,-463954.44881885045,0.0
4201,130.666,46.75,-6.0833282,2024-07-30 18:00:00,0.06864711,0.0068497146,4353319.010767862,-463954.44881885045,0.0
4381,155.8507,46.75,-6.0833282,2024-07-30 18:00:00,0.069682725,0.007918235,4353319.010767862,-463954.44881885045,0.0
4561,186.1256,46.75,-6.0833282,2024-07-30 18:00:00,0.070679985,0.0043774387,4353319.010767862,-463954.44881885045,0.0
4741,222.4752,46.75,-6.0833282,2024-07-30 18:00:00,0.07355802,-0.00035237335,4353319.010767862,-463954.44881885045,0.0
4921,266.0403,46.75,-6.0833282,2024-07-30 18:00:00,0.0748554,-0.0072380393,4353319.010767862,-463954.44881885045,0.0
5101,318.1274,46.75,-6.0833282,2024-07-30 18:00:00,0.06733679,-0.010368064,4353319.010767862,-463954.44881885045,0.0
5281,380.213,46.75,-6.0833282,2024-07-30 18:00:00,0.05437987,-0.012623617,4353319.010767862,-463954.44881885045,0.0
5461,453.9377,46.75,-6.0833282,2024-07-30 18:00:00,0.04400211,-0.007876202,4353319.010767862,-463954.44881885045,0.0
5641,541.0889,46.75,-6.0833282,2024-07-30 18:00:00,0.03167169,0.011524953,4353319.010767862,-463954.44881885045,0.0
5821,643.5668,46.75,-6.0833282,2024-07-30 18:00:00,0.05210975,0.022908656,4353319.010767862,-463954.44881885045,0.0
6001,763.3331,46.75,-6.0833282,2024-07-30 18:00:00,0.07046534,0.05929183,4353319.010767862,-463954.44881885045,0.0
6181,902.3393,46.75,-6.0833282,2024-07-30 18:00:00,0.11799063,0.058635794,4353319.010767862,-463954.44881885045,0.0
70,0.494025,46.75,-6.0,2024-07-30 18:00:00,-0.026743438,0.0034122188,4353989.159796485,-457622.70099545474,0.0
250,1.541375,46.75,-6.0,2024-07-30 18:00:00,-0.024592305,0.008844512,4353989.159796485,-457622.70099545474,0.0
430,2.645669,46.75,-6.0,2024-07-30 18:00:00,-0.020481685,0.014419788,4353989.159796485,-457622.70099545474,0.0
610,3.819495,46.75,-6.0,2024-07-30 18:00:00,-0.00085515797,0.025976233,4353989.159796485,-457622.70099545474,0.0
790,5.078224,46.75,-6.0,2024-07-30 18:00:00,0.029032817,0.02936529,4353989.159796485,-457622.70099545474,0.0
970,6.440614,46.75,-6.0,2024-07-30 18:00:00,0.057153303,0.022757677,4353989.159796485,-457622.70099545474,0.0
1150,7.92956,46.75,-6.0,2024-07-30 18:00:00,0.07714119,0.008748969,4353989.159796485,-457622.70099545474,0.0
1330,9.572997,46.75,-6.0,2024-07-30 18:00:00,0.084105514,-0.0059582815,4353989.159796485,-457622.70099545474,0.0
1510,11.405,46.75,-6.0,2024-07-30 18:00:00,0.08485269,-0.024592478,4353989.159796485,-457622.70099545474,0.0
1690,13.46714,46.75,-6.0,2024-07-30 18:00:00,0.075062126,-0.048284072,4353989.159796485,-457622.70099545474,0.0
1870,15.81007,46.75,-6.0,2024-07-30 18:00:00,0.07374177,-0.080832586,4353989.159796485,-457622.70099545474,0.0
2050,18.49556,46.75,-6.0,2024-07-30 18:00:00,0.05992361,-0.09985567,4353989.159796485,-457622.70099545474,0.0
2230,21.59882,46.75,-6.0,2024-07-30 18:00:00,0.04264055,-0.09865851,4353989.159796485,-457622.70099545474,0.0
2410,25.21141,46.75,-6.0,2024-07-30 18:00:00,0.0239143,-0.0821001,4353989.159796485,-457622.70099545474,0.0
2590,29.44473,46.75,-6.0,2024-07-30 18:00:00,0.008706046,-0.046301886,4353989.159796485,-457622.70099545474,0.0
2770,34.43415,46.75,-6.0,2024-07-30 18:00:00,0.014178905,0.006167239,4353989.159796485,-457622.70099545474,0.0
2950,40.34405,46.75,-6.0,2024-07-30 18:00:00,0.05661779,0.044782903,4353989.159796485,-457622.70099545474,0.0
3130,47.37369,46.75,-6.0,2024-07-30 18:00:00,0.12134693,0.024777835,4353989.159796485,-457622.70099545474,0.0
3310,55.76429,46.75,-6.0,2024-07-30 18:00:00,0.14471222,-0.040282466,4353989.159796485,-457622.70099545474,0.0
3490,65.80727,46.75,-6.0,2024-07-30 18:00:00,0.10819206,-0.08018039,4353989.159796485,-457622.70099545474,0.0
3670,77.85385,46.75,-6.0,2024-07-30 18:00:00,0.0672862,-0.06472626,4353989.159796485,-457622.70099545474,0.0
3850,92.32607,46.75,-6.0,2024-07-30 18:00:00,0.055197693,-0.032893203,4353989.159796485,-457622.70099545474,0.0
4030,109.7293,46.75,-6.0,2024-07-30 18:00:00,0.059934743,-0.013759339,4353989.159796485,-457622.70099545474,0.0
4210,130.666,46.75,-6.0,2024-07-30 18:00:00,0.06612214,-0.00611337,4353989.159796485,-457622.70099545474,0.0
4390,155.8507,46.75,-6.0,2024-07-30 18:00:00,0.069896854,-0.0010126873,4353989.159796485,-457622.70099545474,0.0
4570,186.1256,46.75,-6.0,2024-07-30 18:00:00,0.07233565,-0.0002317722,4353989.159796485,-457622.70099545474,0.0
4750,222.4752,46.75,-6.0,2024-07-30 18:00:00,0.07868382,-0.00064084865,4353989.159796485,-457622.70099545474,0.0
4930,266.0403,46.75,-6.0,2024-07-30 18:00:00,0.07513706,-0.0039798534,4353989.159796485,-457622.70099545474,0.0
5110,318.1274,46.75,-6.0,2024-07-30 18:00:00,0.069859624,-0.008044859,4353989.159796485,-457622.70099545474,0.0
5290,380.213,46.75,-6.0,2024-07-30 18:00:00,0.0563941,-0.00217701,4353989.159796485,-457622.70099545474,0.0
5470,453.9377,46.75,-6.0,2024-07-30 18:00:00,0.03298753,-0.002741831,4353989.159796485,-457622.70099545474,0.0
5650,541.0889,46.75,-6.0,2024-07-30 18:00:00,0.01673978,0.021712264,4353989.159796485,-457622.70099545474,0.0
5830,643.5668,46.75,-6.0,2024-07-30 18:00:00,0.02860846,0.03412259,4353989.159796485,-457622.70099545474,0.0
6010,763.3331,46.75,-6.0,2024-07-30 18:00:00,0.052320357,0.043812424,4353989.159796485,-457622.70099545474,0.0
6190,902.3393,46.75,-6.0,2024-07-30 18:00:00,0.10842907,0.024636244,4353989.159796485,-457622.70099545474,0.0
79,0.494025,46.833336,-6.25,2024-07-30 18:00:00,-0.053980537,0.018729866,4345238.723142079,-475881.0361998027,0.0
259,1.541375,46.833336,-6.25,2024-07-30 18:00:00,-0.05180204,0.024123535,4345238.723142079,-475881.0361998027,0.0
439,2.645669,46.833336,-6.25,2024-07-30 18:00:00,-0.048703335,0.029134711,4345238.723142079,-475881.0361998027,0.0
619,3.819495,46.833336,-6.25,2024-07-30 18:00:00,-0.040776145,0.03705844,4345238.723142079,-475881.0361998027,0.0
799,5.078224,46.833336,-6.25,2024-07-30 18:00:00,-0.015997214,0.0479186,4345238.723142079,-475881.0361998027,0.0
979,6.440614,46.833336,-6.25,2024-07-30 18:00:00,0.012000215,0.047182962,4345238.723142079,-475881.0361998027,0.0
1159,7.92956,46.833336,-6.25,2024-07-30 18:00:00,0.03562626,0.035975967,4345238.723142079,-475881.0361998027,0.0
1339,9.572997,46.833336,-6.25,2024-07-30 18:00:00,0.047494028,0.019301338,4345238.723142079,-475881.0361998027,0.0
1519,11.405,46.833336,-6.25,2024-07-30 18:00:00,0.046720494,2.1927292e-05,4345238.723142079,-475881.0361998027,0.0
1699,13.46714,46.833336,-6.25,2024-07-30 18:00:00,0.040662162,-0.022750106,4345238.723142079,-475881.0361998027,0.0
1879,15.81007,46.833336,-6.25,2024-07-30 18:00:00,0.04564612,-0.025699629,4345238.723142079,-475881.0361998027,0.0
2059,18.49556,46.833336,-6.25,2024-07-30 18:00:00,0.045813467,-0.02836538,4345238.723142079,-475881.0361998027,0.0
2239,21.59882,46.833336,-6.25,2024-07-30 18:00:00,0.04729289,-0.025551142,4345238.723142079,-475881.0361998027,0.0
2419,25.21141,46.833336,-6.25,2024-07-30 18:00:00,0.04897289,-0.016349595,4345238.723142079,-475881.0361998027,0.0
2599,29.44473,46.833336,-6.25,2024-07-30 18:00:00,0.050462466,-0.0020094342,4345238.723142079,-475881.0361998027,0.0
2779,34.43415,46.833336,-6.25,2024-07-30 18:00:00,0.056372143,0.015270624,4345238.723142079,-475881.0361998027,0.0
2959,40.34405,46.833336,-6.25,2024-07-30 18:00:00,0.069257684,0.021645207,4345238.723142079,-475881.0361998027,0.0
3139,47.37369,46.833336,-6.25,2024-07-30 18:00:00,0.08037118,0.0012481487,4345238.723142079,-475881.0361998027,0.0
3319,55.76429,46.833336,-6.25,2024-07-30 18:00:00,0.071254306,-0.03094338,4345238.723142079,-475881.0361998027,0.0
3499,65.80727,46.833336,-6.25,2024-07-30 18:00:00,0.047076896,-0.04287564,4345238.723142079,-475881.0361998027,0.0
3679,77.85385,46.833336,-6.25,2024-07-30 18:00:00,0.032304626,-0.038372897,4345238.723142079,-475881.0361998027,0.0
3859,92.32607,46.833336,-6.25,2024-07-30 18:00:00,0.031887896,-0.03292452,4345238.723142079,-475881.0361998027,0.0
4039,109.7293,46.833336,-6.25,2024-07-30 18:00:00,0.034645546,-0.027639784,4345238.723142079,-475881.0361998027,0.0
4219,130.666,46.833336,-6.25,2024-07-30 18:00:00,0.036697455,-0.02277261,4345238.723142079,-475881.0361998027,0.0
4399,155.8507,46.833336,-6.25,2024-07-30 18:00:00,0.04006419,-0.024337713,4345238.723142079,-475881.0361998027,0.0
4579,186.1256,46.833336,-6.25,2024-07-30 18:00:00,0.04162666,-0.027113302,4345238.723142079,-475881.0361998027,0.0
4759,222.4752,46.833336,-6.25,2024-07-30 18:00:00,0.045902945,-0.030902762,4345238.723142079,-475881.0361998027,0.0
4939,266.0403,46.833336,-6.25,2024-07-30 18:00:00,0.04795663,-0.028611397,4345238.723142079,-475881.0361998027,0.0
5119,318.1274,46.833336,-6.25,2024-07-30 18:00:00,0.041707102,-0.021721087,4345238.723142079,-475881.0361998027,0.0
5299,380.213,46.833336,-6.25,2024-07-30 18:00:00,0.029604837,-0.015403897,4345238.723142079,-475881.0361998027,0.0
5479,453.9377,46.833336,-6.25,2024-07-30 18:00:00,0.03581474,0.0006672726,4345238.723142079,-475881.0361998027,0.0
5659,541.0889,46.833336,-6.25,2024-07-30 18:00:00,0.069076106,0.024583172,4345238.723142079,-475881.0361998027,0.0
5839,643.5668,46.833336,-6.25,2024-07-30 18:00:00,0.085581005,0.05071324,4345238.723142079,-475881.0361998027,0.0
6019,763.3331,46.833336,-6.25,2024-07-30 18:00:00,0.09501536,0.090175495,4345238.723142079,-475881.0361998027,0.0
6199,902.3393,46.833336,-6.25,2024-07-30 18:00:00,0.102576055,0.11100185,4345238.723142079,-475881.0361998027,0.0
88,0.494025,46.833336,-6.1666565,2024-07-30 18:00:00,-0.03317104,0.01404091,4345926.351221016,-469559.8699535443,0.0
268,1.541375,46.833336,-6.1666565,2024-07-30 18:00:00,-0.030943673,0.019409472,4345926.351221016,-469559.8699535443,0.0
448,2.645669,46.833336,-6.1666565,2024-07-30 18:00:00,-0.027654218,0.024377292,4345926.351221016,-469559.8699535443,0.0
628,3.819495,46.833336,-6.1666565,2024-07-30 18:00:00,-0.017977653,0.032913934,4345926.351221016,-469559.8699535443,0.0
808,5.078224,46.833336,-6.1666565,2024-07-30 18:00:00,0.00915926,0.04192517,4345926.351221016,-469559.8699535443,0.0
988,6.440614,46.833336,-6.1666565,2024-07-30 18:00:00,0.03748557,0.038554132,4345926.351221016,-469559.8699535443,0.0
1168,7.92956,46.833336,-6.1666565,2024-07-30 18:00:00,0.06208181,0.024394993,4345926.351221016,-469559.8699535443,0.0
1348,9.572997,46.833336,-6.1666565,2024-07-30 18:00:00,0.07292514,0.0050828205,4345926.351221016,-469559.8699535443,0.0
1528,11.405,46.833336,-6.1666565,2024-07-30 18:00:00,0.07047457,-0.018069077,4345926.351221016,-469559.8699535443,0.0
1708,13.46714,46.833336,-6.1666565,2024-07-30 18:00:00,0.058479115,-0.044710364,4345926.351221016,-469559.8699535443,0.0
1888,15.81007,46.833336,-6.1666565,2024-07-30 18:00:00,0.05567342,-0.051297672,4345926.351221016,-469559.8699535443,0.0
2068,18.49556,46.833336,-6.1666565,2024-07-30 18:00:00,0.04943652,-0.052869864,4345926.351221016,-469559.8699535443,0.0
2248,21.59882,46.833336,-6.1666565,2024-07-30 18:00:00,0.044345748,-0.044137836,4345926.351221016,-469559.8699535443,0.0
2428,25.21141,46.833336,-6.1666565,2024-07-30 18:00:00,0.038911715,-0.024837106,4345926.351221016,-469559.8699535443,0.0
2608,29.44473,46.833336,-6.1666565,2024-07-30 18:00:00,0.036754075,0.0030414138,4345926.351221016,-469559.8699535443,0.0
2788,34.43415,46.833336,-6.1666565,2024-07-30 18:00:00,0.048469167,0.032165423,4345926.351221016,-469559.8699535443,0.0
2968,40.34405,46.833336,-6.1666565,2024-07-30 18:00:00,0.07977662,0.038424283,4345926.351221016,-469559.8699535443,0.0
3148,47.37369,46.833336,-6.1666565,2024-07-30 18:00:00,0.11017455,0.00037439633,4345926.351221016,-469559.8699535443,0.0
3328,55.76429,46.833336,-6.1666565,2024-07-30 18:00:00,0.100841396,-0.051856093,4345926.351221016,-469559.8699535443,0.0
3508,65.80727,46.833336,-6.1666565,2024-07-30 18:00:00,0.057348818,-0.06805435,4345926.351221016,-469559.8699535443,0.0
3688,77.85385,46.833336,-6.1666565,2024-07-30 18:00:00,0.028510233,-0.053927567,4345926.351221016,-469559.8699535443,0.0
3868,92.32607,46.833336,-6.1666565,2024-07-30 18:00:00,0.027175972,-0.039354578,4345926.351221016,-469559.8699535443,0.0
4048,109.7293,46.833336,-6.1666565,2024-07-30 18:00:00,0.03393405,-0.03100328,4345926.351221016,-469559.8699535443,0.0
4228,130.666,46.833336,-6.1666565,2024-07-30 18:00:00,0.04007677,-0.02475241,4345926.351221016,-469559.8699535443,0.0
4408,155.8507,46.833336,-6.1666565,2024-07-30 18:00:00,0.04400683,-0.02382784,4345926.351221016,-469559.8699535443,0.0
4588,186.1256,46.833336,-6.1666565,2024-07-30 18:00:00,0.046372365,-0.024546716,4345926.351221016,-469559.8699535443,0.0
4768,222.4752,46.833336,-6.1666565,2024-07-30 18:00:00,0.05199616,-0.027249161,4345926.351221016,-469559.8699535443,0.0
4948,266.0403,46.833336,-6.1666565,2024-07-30 18:00:00,0.050420724,-0.027519098,4345926.351221016,-469559.8699535443,0.0
5128,318.1274,46.833336,-6.1666565,2024-07-30 18:00:00,0.041902624,-0.023484146,4345926.351221016,-469559.8699535443,0.0
5308,380.213,46.833336,-6.1666565,2024-07-30 18:00:00,0.027285727,-0.017576797,4345926.351221016,-469559.8699535443,0.0
5488,453.9377,46.833336,-6.1666565,2024-07-30 18:00:00,0.016877312,0.0032246034,4345926.351221016,-469559.8699535443,0.0
5668,541.0889,46.833336,-6.1666565,2024-07-30 18:00:00,0.045731425,0.031452507,4345926.351221016,-469559.8699535443,0.0
5848,643.5668,46.833336,-6.1666565,2024-07-30 18:00:00,0.052699458,0.06350249,4345926.351221016,-469559.8699535443,0.0
6028,763.3331,46.833336,-6.1666565,2024-07-30 18:00:00,0.059499573,0.098753706,4345926.351221016,-469559.8699535443,0.0
6208,902.3393,46.833336,-6.1666565,2024-07-30 18:00:00,0.10358501,0.10476705,4345926.351221016,-469559.8699535443,0.0
97,0.494025,46.833336,-6.0833282,2024-07-30 18:00:00,-0.024761971,0.016661035,4346604.66032198,-463238.86772943556,0.0
277,1.541375,46.833336,-6.0833282,2024-07-30 18:00:00,-0.022496926,0.021996189,4346604.66032198,-463238.86772943556,0.0
457,2.645669,46.833336,-6.0833282,2024-07-30 18:00:00,-0.01901834,0.026920829,4346604.66032198,-463238.86772943556,0.0
637,3.819495,46.833336,-6.0833282,2024-07-30 18:00:00,-0.0072883843,0.035750486,4346604.66032198,-463238.86772943556,0.0
817,5.078224,46.833336,-6.0833282,2024-07-30 18:00:00,0.021375533,0.043067552,4346604.66032198,-463238.86772943556,0.0
997,6.440614,46.833336,-6.0833282,2024-07-30 18:00:00,0.049652703,0.038325097,4346604.66032198,-463238.86772943556,0.0
1177,7.92956,46.833336,-6.0833282,2024-07-30 18:00:00,0.07500895,0.02280489,4346604.66032198,-463238.86772943556,0.0
1357,9.572997,46.833336,-6.0833282,2024-07-30 18:00:00,0.08449296,0.0022657104,4346604.66032198,-463238.86772943556,0.0
1537,11.405,46.833336,-6.0833282,2024-07-30 18:00:00,0.08316572,-0.025895014,4346604.66032198,-463238.86772943556,0.0
1717,13.46714,46.833336,-6.0833282,2024-07-30 18:00:00,0.072260946,-0.051849596,4346604.66032198,-463238.86772943556,0.0
1897,15.81007,46.833336,-6.0833282,2024-07-30 18:00:00,0.0675564,-0.06852183,4346604.66032198,-463238.86772943556,0.0
2077,18.49556,46.833336,-6.0833282,2024-07-30 18:00:00,0.056497805,-0.07457298,4346604.66032198,-463238.86772943556,0.0
2257,21.59882,46.833336,-6.0833282,2024-07-30 18:00:00,0.043789975,-0.06546012,4346604.66032198,-463238.86772943556,0.0
2437,25.21141,46.833336,-6.0833282,2024-07-30 18:00:00,0.029684551,-0.04177664,4346604.66032198,-463238.86772943556,0.0
2617,29.44473,46.833336,-6.0833282,2024-07-30 18:00:00,0.020315574,-0.0043502487,4346604.66032198,-463238.86772943556,0.0
2797,34.43415,46.833336,-6.0833282,2024-07-30 18:00:00,0.031343676,0.037961382,4346604.66032198,-463238.86772943556,0.0
2977,40.34405,46.833336,-6.0833282,2024-07-30 18:00:00,0.07565531,0.054814897,4346604.66032198,-463238.86772943556,0.0
3157,47.37369,46.833336,-6.0833282,2024-07-30 18:00:00,0.12754849,0.015017953,4346604.66032198,-463238.86772943556,0.0
3337,55.76429,46.833336,-6.0833282,2024-07-30 18:00:00,0.13020402,-0.051823683,4346604.66032198,-463238.86772943556,0.0
3517,65.80727,46.833336,-6.0833282,2024-07-30 18:00:00,0.08050321,-0.08233293,4346604.66032198,-463238.86772943556,0.0
3697,77.85385,46.833336,-6.0833282,2024-07-30 18:00:00,0.038190495,-0.067395724,4346604.66032198,-463238.86772943556,0.0
3877,92.32607,46.833336,-6.0833282,2024-07-30 18:00:00,0.026589062,-0.04283957,4346604.66032198,-463238.86772943556,0.0
4057,109.7293,46.833336,-6.0833282,2024-07-30 18:00:00,0.03134762,-0.027741443,4346604.66032198,-463238.86772943556,0.0
4237,130.666,46.833336,-6.0833282,2024-07-30 18:00:00,0.039812062,-0.019171571,4346604.66032198,-463238.86772943556,0.0
4417,155.8507,46.833336,-6.0833282,2024-07-30 18:00:00,0.047048684,-0.015785975,4346604.66032198,-463238.86772943556,0.0
4597,186.1256,46.833336,-6.0833282,2024-07-30 18:00:00,0.049309466,-0.01602485,4346604.66032198,-463238.86772943556,0.0
4777,222.4752,46.833336,-6.0833282,2024-07-30 18:00:00,0.056871217,-0.017647864,4346604.66032198,-463238.86772943556,0.0
4957,266.0403,46.833336,-6.0833282,2024-07-30 18:00:00,0.059546262,-0.016327698,4346604.66032198,-463238.86772943556,0.0
5137,318.1274,46.833336,-6.0833282,2024-07-30 18:00:00,0.041567322,-0.0139149055,4346604.66032198,-463238.86772943556,0.0
5317,380.213,46.833336,-6.0833282,2024-07-30 18:00:00,0.018700264,-0.00022344838,4346604.66032198,-463238.86772943556,0.0
5497,453.9377,46.833336,-6.0833282,2024-07-30 18:00:00,0.006643984,0.015246141,4346604.66032198,-463238.86772943556,0.0
5677,541.0889,46.833336,-6.0833282,2024-07-30 18:00:00,0.008890965,0.043579042,4346604.66032198,-463238.86772943556,0.0
5857,643.5668,46.833336,-6.0833282,2024-07-30 18:00:00,0.019498155,0.07180035,4346604.66032198,-463238.86772943556,0.0
6037,763.3331,46.833336,-6.0833282,2024-07-30 18:00:00,0.040354494,0.09761197,4346604.66032198,-463238.86772943556,0.0
6217,902.3393,46.833336,-6.0833282,2024-07-30 18:00:00,0.09167427,0.087815866,4346604.66032198,-463238.86772943556,0.0
106,0.494025,46.833336,-6.0,2024-07-30 18:00:00,-0.026326364,0.015908178,4347273.775744883,-456916.88569019584,0.0
286,1.541375,46.833336,-6.0,2024-07-30 18:00:00,-0.024019862,0.021223148,4347273.775744883,-456916.88569019584,0.0
466,2.645669,46.833336,-6.0,2024-07-30 18:00:00,-0.020228064,0.02620659,4347273.775744883,-456916.88569019584,0.0
646,3.819495,46.833336,-6.0,2024-07-30 18:00:00,-0.004904882,0.035758648,4347273.775744883,-456916.88569019584,0.0
826,5.078224,46.833336,-6.0,2024-07-30 18:00:00,0.0256764,0.04158477,4347273.775744883,-456916.88569019584,0.0
1006,6.440614,46.833336,-6.0,2024-07-30 18:00:00,0.054021344,0.036265753,4347273.775744883,-456916.88569019584,0.0
1186,7.92956,46.833336,-6.0,2024-07-30 18:00:00,0.07818579,0.020595953,4347273.775744883,-456916.88569019584,0.0
1366,9.572997,46.833336,-6.0,2024-07-30 18:00:00,0.084867485,0.000900669,4347273.775744883,-456916.88569019584,0.0
1546,11.405,46.833336,-6.0,2024-07-30 18:00:00,0.082245745,-0.02939872,4347273.775744883,-456916.88569019584,0.0
1726,13.46714,46.833336,-6.0,2024-07-30 18:00:00,0.07807012,-0.04868444,4347273.775744883,-456916.88569019584,0.0
1906,15.81007,46.833336,-6.0,2024-07-30 18:00:00,0.08088722,-0.0724496,4347273.775744883,-456916.88569019584,0.0
2086,18.49556,46.833336,-6.0,2024-07-30 18:00:00,0.069983736,-0.08367284,4347273.775744883,-456916.88569019584,0.0
2266,21.59882,46.833336,-6.0,2024-07-30 18:00:00,0.053504243,-0.07810948,4347273.775744883,-456916.88569019584,0.0
2446,25.21141,46.833336,-6.0,2024-07-30 18:00:00,0.033806913,-0.057807107,4347273.775744883,-456916.88569019584,0.0
2626,29.44473,46.833336,-6.0,2024-07-30 18:00:00,0.018328417,-0.022603413,4347273.775744883,-456916.88569019584,0.0
2806,34.43415,46.833336,-6.0,2024-07-30 18:00:00,0.026427709,0.021329828,4347273.775744883,-456916.88569019584,0.0
2986,40.34405,46.833336,-6.0,2024-07-30 18:00:00,0.07328555,0.048004124,4347273.775744883,-456916.88569019584,0.0
3166,47.37369,46.833336,-6.0,2024-07-30 18:00:00,0.13343139,0.022482865,4347273.775744883,-456916.88569019584,0.0
3346,55.76429,46.833336,-6.0,2024-07-30 18:00:00,0.14627938,-0.040618964,4347273.775744883,-456916.88569019584,0.0
3526,65.80727,46.833336,-6.0,2024-07-30 18:00:00,0.10368262,-0.080945276,4347273.775744883,-456916.88569019584,0.0
3706,77.85385,46.833336,-6.0,2024-07-30 18:00:00,0.05758986,-0.072402336,4347273.775744883,-456916.88569019584,0.0
3886,92.32607,46.833336,-6.0,2024-07-30 18:00:00,0.03876262,-0.046301026,4347273.775744883,-456916.88569019584,0.0
4066,109.7293,46.833336,-6.0,2024-07-30 18:00:00,0.038571015,-0.028134633,4347273.775744883,-456916.88569019584,0.0
4246,130.666,46.833336,-6.0,2024-07-30 18:00:00,0.04465109,-0.019912219,4347273.775744883,-456916.88569019584,0.0
4426,155.8507,46.833336,-6.0,2024-07-30 18:00:00,0.047071688,-0.01618313,4347273.775744883,-456916.88569019584,0.0
4606,186.1256,46.833336,-6.0,2024-07-30 18:00:00,0.049123265,-0.013646764,4347273.775744883,-456916.88569019584,0.0
4786,222.4752,46.833336,-6.0,2024-07-30 18:00:00,0.055855487,-0.013718921,4347273.775744883,-456916.88569019584,0.0
4966,266.0403,46.833336,-6.0,2024-07-30 18:00:00,0.05785871,-0.015154788,4347273.775744883,-456916.88569019584,0.0
5146,318.1274,46.833336,-6.0,2024-07-30 18:00:00,0.037375487,-0.008501466,4347273.775744883,-456916.88569019584,0.0
5326,380.213,46.833336,-6.0,2024-07-30 18:00:00,0.01853719,0.0023227772,4347273.775744883,-456916.88569019584,0.0
5506,453.9377,46.833336,-6.0,2024-07-30 18:00:00,0.009552362,0.017072331,4347273.775744883,-456916.88569019584,0.0
5686,541.0889,46.833336,-6.0,2024-07-30 18:00:00,0.00747083,0.036695372,4347273.775744883,-456916.88569019584,0.0
5866,643.5668,46.833336,-6.0,2024-07-30 18:00:00,0.021936618,0.05647154,4347273.775744883,-456916.88569019584,0.0
6046,763.3331,46.833336,-6.0,2024-07-30 18:00:00,0.04736235,0.054982383,4347273.775744883,-456916.88569019584,0.0
6226,902.3393,46.833336,-6.0,2024-07-30 18:00:00,0.068835415,0.050605346,4347273.775744883,-456916.88569019584,0.0
115,0.494025,46.91667,-6.25,2024-07-30 18:00:00,-0.032085806,0.025931574,4338517.220887722,-475144.9119816816,0.0
295,1.541375,46.91667,-6.25,2024-07-30 18:00:00,-0.02992656,0.031220812,4338517.220887722,-475144.9119816816,0.0
475,2.645669,46.91667,-6.25,2024-07-30 18:00:00,-0.027068494,0.03599778,4338517.220887722,-475144.9119816816,0.0
655,3.819495,46.91667,-6.25,2024-07-30 18:00:00,-0.02160298,0.041694276,4338517.220887722,-475144.9119816816,0.0
835,5.078224,46.91667,-6.25,2024-07-30 18:00:00,-0.0012349649,0.053111088,4338517.220887722,-475144.9119816816,0.0
1015,6.440614,46.91667,-6.25,2024-07-30 18:00:00,0.029215917,0.057142224,4338517.220887722,-475144.9119816816,0.0
1195,7.92956,46.91667,-6.25,2024-07-30 18:00:00,0.056603678,0.047821753,4338517.220887722,-475144.9119816816,0.0
1375,9.572997,46.91667,-6.25,2024-07-30 18:00:00,0.07326761,0.026968464,4338517.220887722,-475144.9119816816,0.0
1555,11.405,46.91667,-6.25,2024-07-30 18:00:00,0.07728771,0.0017406736,4338517.220887722,-475144.9119816816,0.0
1735,13.46714,46.91667,-6.25,2024-07-30 18:00:00,0.07369919,-0.022455115,4338517.220887722,-475144.9119816816,0.0
1915,15.81007,46.91667,-6.25,2024-07-30 18:00:00,0.08532653,-0.02299718,4338517.220887722,-475144.9119816816,0.0
2095,18.49556,46.91667,-6.25,2024-07-30 18:00:00,0.090940006,-0.027883194,4338517.220887722,-475144.9119816816,0.0
2275,21.59882,46.91667,-6.25,2024-07-30 18:00:00,0.09348671,-0.0264814,4338517.220887722,-475144.9119816816,0.0
2455,25.21141,46.91667,-6.25,2024-07-30 18:00:00,0.09589756,-0.017146464,4338517.220887722,-475144.9119816816,0.0
2635,29.44473,46.91667,-6.25,2024-07-30 18:00:00,0.09837788,-0.0013100682,4338517.220887722,-475144.9119816816,0.0
2815,34.43415,46.91667,-6.25,2024-07-30 18:00:00,0.102075525,0.018529357,4338517.220887722,-475144.9119816816,0.0
2995,40.34405,46.91667,-6.25,2024-07-30 18:00:00,0.10950198,0.027616715,4338517.220887722,-475144.9119816816,0.0
3175,47.37369,46.91667,-6.25,2024-07-30 18:00:00,0.1158144,0.013323612,4338517.220887722,-475144.9119816816,0.0
3355,55.76429,46.91667,-6.25,2024-07-30 18:00:00,0.1104299,-0.013908237,4338517.220887722,-475144.9119816816,0.0
3535,65.80727,46.91667,-6.25,2024-07-30 18:00:00,0.09266952,-0.031135172,4338517.220887722,-475144.9119816816,0.0
3715,77.85385,46.91667,-6.25,2024-07-30 18:00:00,0.076487385,-0.033372816,4338517.220887722,-475144.9119816816,0.0
3895,92.32607,46.91667,-6.25,2024-07-30 18:00:00,0.0701261,-0.028860252,4338517.220887722,-475144.9119816816,0.0
4075,109.7293,46.91667,-6.25,2024-07-30 18:00:00,0.07059766,-0.026116569,4338517.220887722,-475144.9119816816,0.0
4255,130.666,46.91667,-6.25,2024-07-30 18:00:00,0.06894427,-0.02132031,4338517.220887722,-475144.9119816816,0.0
4435,155.8507,46.91667,-6.25,2024-07-30 18:00:00,0.06444488,-0.022383317,4338517.220887722,-475144.9119816816,0.0
4615,186.1256,46.91667,-6.25,2024-07-30 18:00:00,0.05496421,-0.023119852,4338517.220887722,-475144.9119816816,0.0
4795,222.4752,46.91667,-6.25,2024-07-30 18:00:00,0.051596124,-0.018305952,4338517.220887722,-475144.9119816816,0.0
4975,266.0403,46.91667,-6.25,2024-07-30 18:00:00,0.045974236,-0.014107543,4338517.220887722,-475144.9119816816,0.0
5155,318.1274,46.91667,-6.25,2024-07-30 18:00:00,0.043219097,-0.01300062,4338517.220887722,-475144.9119816816,0.0
5335,380.213,46.91667,-6.25,2024-07-30 18:00:00,0.042099893,0.008902583,4338517.220887722,-475144.9119816816,0.0
5515,453.9377,46.91667,-6.25,2024-07-30 18:00:00,0.04597215,0.0220584,4338517.220887722,-475144.9119816816,0.0
5695,541.0889,46.91667,-6.25,2024-07-30 18:00:00,0.03788995,0.052067805,4338517.220887722,-475144.9119816816,0.0
5875,643.5668,46.91667,-6.25,2024-07-30 18:00:00,0.013449134,0.09642738,4338517.220887722,-475144.9119816816,0.0
6055,763.3331,46.91667,-6.25,2024-07-30 18:00:00,0.018362315,0.110845976,4338517.220887722,-475144.9119816816,0.0
6235,902.3393,46.91667,-6.25,2024-07-30 18:00:00,0.037600353,0.114153914,4338517.220887722,-475144.9119816816,0.0
124,0.494025,46.91667,-6.1666565,2024-07-30 18:00:00,-0.017420346,0.028156985,4339203.78529813,-468833.52373287774,0.0
304,1.541375,46.91667,-6.1666565,2024-07-30 18:00:00,-0.015244452,0.033429924,4339203.78529813,-468833.52373287774,0.0
484,2.645669,46.91667,-6.1666565,2024-07-30 18:00:00,-0.012227301,0.03817032,4339203.78529813,-468833.52373287774,0.0
664,3.819495,46.91667,-6.1666565,2024-07-30 18:00:00,-0.0054178946,0.044530667,4339203.78529813,-468833.52373287774,0.0
844,5.078224,46.91667,-6.1666565,2024-07-30 18:00:00,0.019217808,0.055506393,4339203.78529813,-468833.52373287774,0.0
1024,6.440614,46.91667,-6.1666565,2024-07-30 18:00:00,0.050435983,0.05440239,4339203.78529813,-468833.52373287774,0.0
1204,7.92956,46.91667,-6.1666565,2024-07-30 18:00:00,0.07715671,0.03932732,4339203.78529813,-468833.52373287774,0.0
1384,9.572997,46.91667,-6.1666565,2024-07-30 18:00:00,0.088301346,0.015433495,4339203.78529813,-468833.52373287774,0.0
1564,11.405,46.91667,-6.1666565,2024-07-30 18:00:00,0.0866222,-0.012021853,4339203.78529813,-468833.52373287774,0.0
1744,13.46714,46.91667,-6.1666565,2024-07-30 18:00:00,0.08138767,-0.034656998,4339203.78529813,-468833.52373287774,0.0
1924,15.81007,46.91667,-6.1666565,2024-07-30 18:00:00,0.08824039,-0.038865134,4339203.78529813,-468833.52373287774,0.0
2104,18.49556,46.91667,-6.1666565,2024-07-30 18:00:00,0.088979736,-0.040049434,4339203.78529813,-468833.52373287774,0.0
2284,21.59882,46.91667,-6.1666565,2024-07-30 18:00:00,0.08714314,-0.030640818,4339203.78529813,-468833.52373287774,0.0
2464,25.21141,46.91667,-6.1666565,2024-07-30 18:00:00,0.08450494,-0.010489855,4339203.78529813,-468833.52373287774,0.0
2644,29.44473,46.91667,-6.1666565,2024-07-30 18:00:00,0.0831194,0.016906722,4339203.78529813,-468833.52373287774,0.0
2824,34.43415,46.91667,-6.1666565,2024-07-30 18:00:00,0.08924707,0.042739507,4339203.78529813,-468833.52373287774,0.0
3004,40.34405,46.91667,-6.1666565,2024-07-30 18:00:00,0.108154766,0.046434447,4339203.78529813,-468833.52373287774,0.0
3184,47.37369,46.91667,-6.1666565,2024-07-30 18:00:00,0.12717071,0.018610341,4339203.78529813,-468833.52373287774,0.0
3364,55.76429,46.91667,-6.1666565,2024-07-30 18:00:00,0.12241381,-0.02044661,4339203.78529813,-468833.52373287774,0.0
3544,65.80727,46.91667,-6.1666565,2024-07-30 18:00:00,0.09241174,-0.040404,4339203.78529813,-468833.52373287774,0.0
3724,77.85385,46.91667,-6.1666565,2024-07-30 18:00:00,0.066682115,-0.03760739,4339203.78529813,-468833.52373287774,0.0
3904,92.32607,46.91667,-6.1666565,2024-07-30 18:00:00,0.054916967,-0.025901323,4339203.78529813,-468833.52373287774,0.0
4084,109.7293,46.91667,-6.1666565,2024-07-30 18:00:00,0.053721573,-0.022613185,4339203.78529813,-468833.52373287774,0.0
4264,130.666,46.91667,-6.1666565,2024-07-30 18:00:00,0.051723152,-0.019504469,4339203.78529813,-468833.52373287774,0.0
4444,155.8507,46.91667,-6.1666565,2024-07-30 18:00:00,0.0477184,-0.022295052,4339203.78529813,-468833.52373287774,0.0
4624,186.1256,46.91667,-6.1666565,2024-07-30 18:00:00,0.039359,-0.019217113,4339203.78529813,-468833.52373287774,0.0
4804,222.4752,46.91667,-6.1666565,2024-07-30 18:00:00,0.033675272,-0.02021258,4339203.78529813,-468833.52373287774,0.0
4984,266.0403,46.91667,-6.1666565,2024-07-30 18:00:00,0.030499823,-0.020208847,4339203.78529813,-468833.52373287774,0.0
5164,318.1274,46.91667,-6.1666565,2024-07-30 18:00:00,0.021065563,-0.013265457,4339203.78529813,-468833.52373287774,0.0
5344,380.213,46.91667,-6.1666565,2024-07-30 18:00:00,0.017309861,0.0074903034,4339203.78529813,-468833.52373287774,0.0
5524,453.9377,46.91667,-6.1666565,2024-07-30 18:00:00,0.023677487,0.04197906,4339203.78529813,-468833.52373287774,0.0
5704,541.0889,46.91667,-6.1666565,2024-07-30 18:00:00,0.010932487,0.073661394,4339203.78529813,-468833.52373287774,0.0
5884,643.5668,46.91667,-6.1666565,2024-07-30 18:00:00,0.010773735,0.11139606,4339203.78529813,-468833.52373287774,0.0
6064,763.3331,46.91667,-6.1666565,2024-07-30 18:00:00,0.018932404,0.123770654,4339203.78529813,-468833.52373287774,0.0
6244,902.3393,46.91667,-6.1666565,2024-07-30 18:00:00,0.029882131,0.114991434,4339203.78529813,-468833.52373287774,0.0
133,0.494025,46.91667,-6.0833282,2024-07-30 18:00:00,-0.007719718,0.03616206,4339881.045145775,-462522.2992525033,0.0
313,1.541375,46.91667,-6.0833282,2024-07-30 18:00:00,-0.0055341395,0.04142378,4339881.045145775,-462522.2992525033,0.0
493,2.645669,46.91667,-6.0833282,2024-07-30 18:00:00,-0.002383347,0.046145983,4339881.045145775,-462522.2992525033,0.0
673,3.819495,46.91667,-6.0833282,2024-07-30 18:00:00,0.0056878286,0.05293842,4339881.045145775,-462522.2992525033,0.0
853,5.078224,46.91667,-6.0833282,2024-07-30 18:00:00,0.0324931,0.06234496,4339881.045145775,-462522.2992525033,0.0
1033,6.440614,46.91667,-6.0833282,2024-07-30 18:00:00,0.06338073,0.058740444,4339881.045145775,-462522.2992525033,0.0
1213,7.92956,46.91667,-6.0833282,2024-07-30 18:00:00,0.09059517,0.041577406,4339881.045145775,-462522.2992525033,0.0
1393,9.572997,46.91667,-6.0833282,2024-07-30 18:00:00,0.098735996,0.01726547,4339881.045145775,-462522.2992525033,0.0
1573,11.405,46.91667,-6.0833282,2024-07-30 18:00:00,0.09505061,-0.015826352,4339881.045145775,-462522.2992525033,0.0
1753,13.46714,46.91667,-6.0833282,2024-07-30 18:00:00,0.09177683,-0.034569398,4339881.045145775,-462522.2992525033,0.0
1933,15.81007,46.91667,-6.0833282,2024-07-30 18:00:00,0.0966667,-0.046416312,4339881.045145775,-462522.2992525033,0.0
2113,18.49556,46.91667,-6.0833282,2024-07-30 18:00:00,0.0924493,-0.04969941,4339881.045145775,-462522.2992525033,0.0
2293,21.59882,46.91667,-6.0833282,2024-07-30 18:00:00,0.08307635,-0.040381238,4339881.045145775,-462522.2992525033,0.0
2473,25.21141,46.91667,-6.0833282,2024-07-30 18:00:00,0.071154386,-0.01934743,4339881.045145775,-462522.2992525033,0.0
2653,29.44473,46.91667,-6.0833282,2024-07-30 18:00:00,0.061286103,0.009598254,4339881.045145775,-462522.2992525033,0.0
2833,34.43415,46.91667,-6.0833282,2024-07-30 18:00:00,0.065374784,0.03849209,4339881.045145775,-462522.2992525033,0.0
3013,40.34405,46.91667,-6.0833282,2024-07-30 18:00:00,0.09123183,0.048858333,4339881.045145775,-462522.2992525033,0.0
3193,47.37369,46.91667,-6.0833282,2024-07-30 18:00:00,0.12131989,0.026188597,4339881.045145775,-462522.2992525033,0.0
3373,55.76429,46.91667,-6.0833282,2024-07-30 18:00:00,0.12163,-0.017187728,4339881.045145775,-462522.2992525033,0.0
3553,65.80727,46.91667,-6.0833282,2024-07-30 18:00:00,0.08913696,-0.04985303,4339881.045145775,-462522.2992525033,0.0
3733,77.85385,46.91667,-6.0833282,2024-07-30 18:00:00,0.05649987,-0.053284142,4339881.045145775,-462522.2992525033,0.0
3913,92.32607,46.91667,-6.0833282,2024-07-30 18:00:00,0.04214096,-0.043283205,4339881.045145775,-462522.2992525033,0.0
4093,109.7293,46.91667,-6.0833282,2024-07-30 18:00:00,0.039092198,-0.033338398,4339881.045145775,-462522.2992525033,0.0
4273,130.666,46.91667,-6.0833282,2024-07-30 18:00:00,0.036626402,-0.026076747,4339881.045145775,-462522.2992525033,0.0
4453,155.8507,46.91667,-6.0833282,2024-07-30 18:00:00,0.031215923,-0.027561847,4339881.045145775,-462522.2992525033,0.0
4633,186.1256,46.91667,-6.0833282,2024-07-30 18:00:00,0.028364401,-0.03281534,4339881.045145775,-462522.2992525033,0.0
4813,222.4752,46.91667,-6.0833282,2024-07-30 18:00:00,0.025497407,-0.030913727,4339881.045145775,-462522.2992525033,0.0
4993,266.0403,46.91667,-6.0833282,2024-07-30 18:00:00,0.017857105,-0.025655232,4339881.045145775,-462522.2992525033,0.0
5173,318.1274,46.91667,-6.0833282,2024-07-30 18:00:00,0.012947071,-0.01041326,4339881.045145775,-462522.2992525033,0.0
5353,380.213,46.91667,-6.0833282,2024-07-30 18:00:00,0.004052013,0.009146069,4339881.045145775,-462522.2992525033,0.0
5533,453.9377,46.91667,-6.0833282,2024-07-30 18:00:00,0.0110022025,0.04218275,4339881.045145775,-462522.2992525033,0.0
5713,541.0889,46.91667,-6.0833282,2024-07-30 18:00:00,0.007207023,0.07738786,4339881.045145775,-462522.2992525033,0.0
5893,643.5668,46.91667,-6.0833282,2024-07-30 18:00:00,0.015576713,0.09212408,4339881.045145775,-462522.2992525033,0.0
6073,763.3331,46.91667,-6.0833282,2024-07-30 18:00:00,0.020614982,0.10544882,4339881.045145775,-462522.2992525033,0.0
6253,902.3393,46.91667,-6.0833282,2024-07-30 18:00:00,0.018033471,0.11679958,4339881.045145775,-462522.2992525033,0.0
142,0.494025,46.91667,-6.0,2024-07-30 18:00:00,-0.014365455,0.03331232,4340549.125536747,-456210.0964726406,0.0
322,1.541375,46.91667,-6.0,2024-07-30 18:00:00,-0.012196396,0.038599238,4340549.125536747,-456210.0964726406,0.0
502,2.645669,46.91667,-6.0,2024-07-30 18:00:00,-0.008873156,0.043410677,4340549.125536747,-456210.0964726406,0.0
682,3.819495,46.91667,-6.0,2024-07-30 18:00:00,0.0012992441,0.05116457,4340549.125536747,-456210.0964726406,0.0
862,5.078224,46.91667,-6.0,2024-07-30 18:00:00,0.030009815,0.06007516,4340549.125536747,-456210.0964726406,0.0
1042,6.440614,46.91667,-6.0,2024-07-30 18:00:00,0.059976544,0.057227675,4340549.125536747,-456210.0964726406,0.0
1222,7.92956,46.91667,-6.0,2024-07-30 18:00:00,0.08783526,0.041456982,4340549.125536747,-456210.0964726406,0.0
1402,9.572997,46.91667,-6.0,2024-07-30 18:00:00,0.09541948,0.019103423,4340549.125536747,-456210.0964726406,0.0
1582,11.405,46.91667,-6.0,2024-07-30 18:00:00,0.09169001,-0.019920144,4340549.125536747,-456210.0964726406,0.0
1762,13.46714,46.91667,-6.0,2024-07-30 18:00:00,0.092178494,-0.027249243,4340549.125536747,-456210.0964726406,0.0
1942,15.81007,46.91667,-6.0,2024-07-30 18:00:00,0.10244272,-0.045150094,4340549.125536747,-456210.0964726406,0.0
2122,18.49556,46.91667,-6.0,2024-07-30 18:00:00,0.098740965,-0.056644216,4340549.125536747,-456210.0964726406,0.0
2302,21.59882,46.91667,-6.0,2024-07-30 18:00:00,0.08640646,-0.055614717,4340549.125536747,-456210.0964726406,0.0
2482,25.21141,46.91667,-6.0,2024-07-30 18:00:00,0.06930001,-0.042906858,4340549.125536747,-456210.0964726406,0.0
2662,29.44473,46.91667,-6.0,2024-07-30 18:00:00,0.053069215,-0.020121485,4340549.125536747,-456210.0964726406,0.0
2842,34.43415,46.91667,-6.0,2024-07-30 18:00:00,0.052135915,0.009159337,4340549.125536747,-456210.0964726406,0.0
3022,40.34405,46.91667,-6.0,2024-07-30 18:00:00,0.07462185,0.028929519,4340549.125536747,-456210.0964726406,0.0
3202,47.37369,46.91667,-6.0,2024-07-30 18:00:00,0.10520197,0.017152239,4340549.125536747,-456210.0964726406,0.0
3382,55.76429,46.91667,-6.0,2024-07-30 18:00:00,0.10980185,-0.022120006,4340549.125536747,-456210.0964726406,0.0
3562,65.80727,46.91667,-6.0,2024-07-30 18:00:00,0.08503776,-0.054591145,4340549.125536747,-456210.0964726406,0.0
3742,77.85385,46.91667,-6.0,2024-07-30 18:00:00,0.057125337,-0.064036325,4340549.125536747,-456210.0964726406,0.0
3922,92.32607,46.91667,-6.0,2024-07-30 18:00:00,0.042824112,-0.05658888,4340549.125536747,-456210.0964726406,0.0
4102,109.7293,46.91667,-6.0,2024-07-30 18:00:00,0.037856493,-0.046823192,4340549.125536747,-456210.0964726406,0.0
4282,130.666,46.91667,-6.0,2024-07-30 18:00:00,0.034558997,-0.036023732,4340549.125536747,-456210.0964726406,0.0
4462,155.8507,46.91667,-6.0,2024-07-30 18:00:00,0.028125307,-0.03194077,4340549.125536747,-456210.0964726406,0.0
4642,186.1256,46.91667,-6.0,2024-07-30 18:00:00,0.02422927,-0.028777108,4340549.125536747,-456210.0964726406,0.0
4822,222.4752,46.91667,-6.0,2024-07-30 18:00:00,0.023347177,-0.02808818,4340549.125536747,-456210.0964726406,0.0
5002,266.0403,46.91667,-6.0,2024-07-30 18:00:00,0.015972149,-0.024806032,4340549.125536747,-456210.0964726406,0.0
5182,318.1274,46.91667,-6.0,2024-07-30 18:00:00,0.007684946,-0.021186145,4340549.125536747,-456210.0964726406,0.0
5362,380.213,46.91667,-6.0,2024-07-30 18:00:00,0.006805862,-0.017315121,4340549.125536747,-456210.0964726406,0.0
5542,453.9377,46.91667,-6.0,2024-07-30 18:00:00,0.018020542,-0.00012459152,4340549.125536747,-456210.0964726406,0.0
5722,541.0889,46.91667,-6.0,2024-07-30 18:00:00,0.028795678,0.003392297,4340549.125536747,-456210.0964726406,0.0
5902,643.5668,46.91667,-6.0,2024-07-30 18:00:00,0.038866818,0.041630372,4340549.125536747,-456210.0964726406,0.0
6082,763.3331,46.91667,-6.0,2024-07-30 18:00:00,0.015741888,0.05906851,4340549.125536747,-456210.0964726406,0.0
6262,902.3393,46.91667,-6.0,2024-07-30 18:00:00,0.0030389095,0.08152559,4340549.125536747,-456210.0964726406,0.0
151,0.494025,47.0,-6.25,2024-07-30 18:00:00,0.032708883,0.043111626,4331787.087405169,-474407.8424903363,0.0
331,1.541375,47.0,-6.25,2024-07-30 18:00:00,0.034772817,0.048269827,4331787.087405169,-474407.8424903363,0.0
511,2.645669,47.0,-6.25,2024-07-30 18:00:00,0.03738801,0.052900445,4331787.087405169,-474407.8424903363,0.0
691,3.819495,47.0,-6.25,2024-07-30 18:00:00,0.041331276,0.057714473,4331787.087405169,-474407.8424903363,0.0
871,5.078224,47.0,-6.25,2024-07-30 18:00:00,0.054099143,0.066891566,4331787.087405169,-474407.8424903363,0.0
1051,6.440614,47.0,-6.25,2024-07-30 18:00:00,0.08044291,0.0731589,4331787.087405169,-474407.8424903363,0.0
1231,7.92956,47.0,-6.25,2024-07-30 18:00:00,0.10884584,0.06707847,4331787.087405169,-474407.8424903363,0.0
1411,9.572997,47.0,-6.25,2024-07-30 18:00:00,0.13593893,0.04226762,4331787.087405169,-474407.8424903363,0.0
1591,11.405,47.0,-6.25,2024-07-30 18:00:00,0.13776281,0.012372191,4331787.087405169,-474407.8424903363,0.0
1771,13.46714,47.0,-6.25,2024-07-30 18:00:00,0.13182305,-0.020116761,4331787.087405169,-474407.8424903363,0.0
1951,15.81007,47.0,-6.25,2024-07-30 18:00:00,0.14591719,-0.024643857,4331787.087405169,-474407.8424903363,0.0
2131,18.49556,47.0,-6.25,2024-07-30 18:00:00,0.1483038,-0.030016616,4331787.087405169,-474407.8424903363,0.0
2311,21.59882,47.0,-6.25,2024-07-30 18:00:00,0.1434524,-0.025070269,4331787.087405169,-474407.8424903363,0.0
2491,25.21141,47.0,-6.25,2024-07-30 18:00:00,0.13543792,-0.010101814,4331787.087405169,-474407.8424903363,0.0
2671,29.44473,47.0,-6.25,2024-07-30 18:00:00,0.12699911,0.010866041,4331787.087405169,-474407.8424903363,0.0
2851,34.43415,47.0,-6.25,2024-07-30 18:00:00,0.124095544,0.029776162,4331787.087405169,-474407.8424903363,0.0
3031,40.34405,47.0,-6.25,2024-07-30 18:00:00,0.13011926,0.036566246,4331787.087405169,-474407.8424903363,0.0
3211,47.37369,47.0,-6.25,2024-07-30 18:00:00,0.1436504,0.025348585,4331787.087405169,-474407.8424903363,0.0
3391,55.76429,47.0,-6.25,2024-07-30 18:00:00,0.15276594,-0.00021335948,4331787.087405169,-474407.8424903363,0.0
3571,65.80727,47.0,-6.25,2024-07-30 18:00:00,0.14686008,-0.021668285,4331787.087405169,-474407.8424903363,0.0
3751,77.85385,47.0,-6.25,2024-07-30 18:00:00,0.1358648,-0.03386723,4331787.087405169,-474407.8424903363,0.0
3931,92.32607,47.0,-6.25,2024-07-30 18:00:00,0.1272427,-0.031800576,4331787.087405169,-474407.8424903363,0.0
4111,109.7293,47.0,-6.25,2024-07-30 18:00:00,0.12620834,-0.023481961,4331787.087405169,-474407.8424903363,0.0
4291,130.666,47.0,-6.25,2024-07-30 18:00:00,0.11736323,-0.007907329,4331787.087405169,-474407.8424903363,0.0
4471,155.8507,47.0,-6.25,2024-07-30 18:00:00,0.10908741,-0.003817159,4331787.087405169,-474407.8424903363,0.0
4651,186.1256,47.0,-6.25,2024-07-30 18:00:00,0.10179047,-9.566918e-05,4331787.087405169,-474407.8424903363,0.0
4831,222.4752,47.0,-6.25,2024-07-30 18:00:00,0.09570924,0.010558629,4331787.087405169,-474407.8424903363,0.0
5011,266.0403,47.0,-6.25,2024-07-30 18:00:00,0.08590968,0.013375452,4331787.087405169,-474407.8424903363,0.0
5191,318.1274,47.0,-6.25,2024-07-30 18:00:00,0.07196177,0.015630748,4331787.087405169,-474407.8424903363,0.0
5371,380.213,47.0,-6.25,2024-07-30 18:00:00,0.055978164,0.020167166,4331787.087405169,-474407.8424903363,0.0
5551,453.9377,47.0,-6.25,2024-07-30 18:00:00,0.031282246,0.036181252,4331787.087405169,-474407.8424903363,0.0
5731,541.0889,47.0,-6.25,2024-07-30 18:00:00,0.011024492,0.063419625,4331787.087405169,-474407.8424903363,0.0
5911,643.5668,47.0,-6.25,2024-07-30 18:00:00,0.0030259371,0.09001889,4331787.087405169,-474407.8424903363,0.0
6091,763.3331,47.0,-6.25,2024-07-30 18:00:00,-0.004175628,0.116604514,4331787.087405169,-474407.8424903363,0.0
6271,902.3393,47.0,-6.25,2024-07-30 18:00:00,-0.013993144,0.1301832,4331787.087405169,-474407.8424903363,0.0
160,0.494025,47.0,-6.1666565,2024-07-30 18:00:00,0.018718125,0.054655086,4332472.586781167,-468106.2447951276,0.0
340,1.541375,47.0,-6.1666565,2024-07-30 18:00:00,0.020731745,0.059829522,4332472.586781167,-468106.2447951276,0.0
520,2.645669,47.0,-6.1666565,2024-07-30 18:00:00,0.02339015,0.06444776,4332472.586781167,-468106.2447951276,0.0
700,3.819495,47.0,-6.1666565,2024-07-30 18:00:00,0.027845064,0.069585584,4332472.586781167,-468106.2447951276,0.0
880,5.078224,47.0,-6.1666565,2024-07-30 18:00:00,0.044628244,0.07976268,4332472.586781167,-468106.2447951276,0.0
1060,6.440614,47.0,-6.1666565,2024-07-30 18:00:00,0.07375798,0.0829378,4332472.586781167,-468106.2447951276,0.0
1240,7.92956,47.0,-6.1666565,2024-07-30 18:00:00,0.10235534,0.07332713,4332472.586781167,-468106.2447951276,0.0
1420,9.572997,47.0,-6.1666565,2024-07-30 18:00:00,0.12634471,0.04778064,4332472.586781167,-468106.2447951276,0.0
1600,11.405,47.0,-6.1666565,2024-07-30 18:00:00,0.12857608,0.018597491,4332472.586781167,-468106.2447951276,0.0
1780,13.46714,47.0,-6.1666565,2024-07-30 18:00:00,0.12353842,-0.008790419,4332472.586781167,-468106.2447951276,0.0
1960,15.81007,47.0,-6.1666565,2024-07-30 18:00:00,0.13579604,-0.016973086,4332472.586781167,-468106.2447951276,0.0
2140,18.49556,47.0,-6.1666565,2024-07-30 18:00:00,0.13443723,-0.02323776,4332472.586781167,-468106.2447951276,0.0
2320,21.59882,47.0,-6.1666565,2024-07-30 18:00:00,0.12485337,-0.017909244,4332472.586781167,-468106.2447951276,0.0
2500,25.21141,47.0,-6.1666565,2024-07-30 18:00:00,0.111798815,-0.0011182828,4332472.586781167,-468106.2447951276,0.0
2680,29.44473,47.0,-6.1666565,2024-07-30 18:00:00,0.100329444,0.022413826,4332472.586781167,-468106.2447951276,0.0
2860,34.43415,47.0,-6.1666565,2024-07-30 18:00:00,0.10083374,0.043916922,4332472.586781167,-468106.2447951276,0.0
3040,40.34405,47.0,-6.1666565,2024-07-30 18:00:00,0.1166737,0.052732307,4332472.586781167,-468106.2447951276,0.0
3220,47.37369,47.0,-6.1666565,2024-07-30 18:00:00,0.1404511,0.04089947,4332472.586781167,-468106.2447951276,0.0
3400,55.76429,47.0,-6.1666565,2024-07-30 18:00:00,0.15520822,0.011772346,4332472.586781167,-468106.2447951276,0.0
3580,65.80727,47.0,-6.1666565,2024-07-30 18:00:00,0.14666398,-0.013551805,4332472.586781167,-468106.2447951276,0.0
3760,77.85385,47.0,-6.1666565,2024-07-30 18:00:00,0.13080153,-0.02494222,4332472.586781167,-468106.2447951276,0.0
3940,92.32607,47.0,-6.1666565,2024-07-30 18:00:00,0.11295987,-0.018705098,4332472.586781167,-468106.2447951276,0.0
4120,109.7293,47.0,-6.1666565,2024-07-30 18:00:00,0.10295965,-0.005247068,4332472.586781167,-468106.2447951276,0.0
4300,130.666,47.0,-6.1666565,2024-07-30 18:00:00,0.091978595,0.0069622905,4332472.586781167,-468106.2447951276,0.0
4480,155.8507,47.0,-6.1666565,2024-07-30 18:00:00,0.087945804,0.006162942,4332472.586781167,-468106.2447951276,0.0
4660,186.1256,47.0,-6.1666565,2024-07-30 18:00:00,0.08739152,0.003916292,4332472.586781167,-468106.2447951276,0.0
4840,222.4752,47.0,-6.1666565,2024-07-30 18:00:00,0.08665498,0.011093957,4332472.586781167,-468106.2447951276,0.0
5020,266.0403,47.0,-6.1666565,2024-07-30 18:00:00,0.07568266,0.014205931,4332472.586781167,-468106.2447951276,0.0
5200,318.1274,47.0,-6.1666565,2024-07-30 18:00:00,0.06466644,0.013346143,4332472.586781167,-468106.2447951276,0.0
5380,380.213,47.0,-6.1666565,2024-07-30 18:00:00,0.04237433,0.035921965,4332472.586781167,-468106.2447951276,0.0
5560,453.9377,47.0,-6.1666565,2024-07-30 18:00:00,0.03179123,0.040298518,4332472.586781167,-468106.2447951276,0.0
5740,541.0889,47.0,-6.1666565,2024-07-30 18:00:00,0.014660017,0.07812634,4332472.586781167,-468106.2447951276,0.0
5920,643.5668,47.0,-6.1666565,2024-07-30 18:00:00,0.009523424,0.10029031,4332472.586781167,-468106.2447951276,0.0
6100,763.3331,47.0,-6.1666565,2024-07-30 18:00:00,-0.0043872255,0.116155,4332472.586781167,-468106.2447951276,0.0
6280,902.3393,47.0,-6.1666565,2024-07-30 18:00:00,-0.019955888,0.12943679,4332472.586781167,-468106.2447951276,0.0
169,0.494025,47.0,-6.0833282,2024-07-30 18:00:00,-0.004740281,0.052836113,4333148.796028124,-461804.81061430223,0.0
349,1.541375,47.0,-6.0833282,2024-07-30 18:00:00,-0.0027878715,0.05805192,4333148.796028124,-461804.81061430223,0.0
529,2.645669,47.0,-6.0833282,2024-07-30 18:00:00,-6.745942e-05,0.06275994,4333148.796028124,-461804.81061430223,0.0
709,3.819495,47.0,-6.0833282,2024-07-30 18:00:00,0.005089276,0.068432674,4333148.796028124,-461804.81061430223,0.0
889,5.078224,47.0,-6.0833282,2024-07-30 18:00:00,0.02555631,0.079289116,4333148.796028124,-461804.81061430223,0.0
1069,6.440614,47.0,-6.0833282,2024-07-30 18:00:00,0.055984125,0.08110975,4333148.796028124,-461804.81061430223,0.0
1249,7.92956,47.0,-6.0833282,2024-07-30 18:00:00,0.08554056,0.07047985,4333148.796028124,-461804.81061430223,0.0
1429,9.572997,47.0,-6.0833282,2024-07-30 18:00:00,0.10675302,0.045524668,4333148.796028124,-461804.81061430223,0.0
1609,11.405,47.0,-6.0833282,2024-07-30 18:00:00,0.111744255,0.011232248,4333148.796028124,-461804.81061430223,0.0
1789,13.46714,47.0,-6.0833282,2024-07-30 18:00:00,0.10651034,-0.0053937444,4333148.796028124,-461804.81061430223,0.0
1969,15.81007,47.0,-6.0833282,2024-07-30 18:00:00,0.116941415,-0.016494948,4333148.796028124,-461804.81061430223,0.0
2149,18.49556,47.0,-6.0833282,2024-07-30 18:00:00,0.11415377,-0.025689377,4333148.796028124,-461804.81061430223,0.0
2329,21.59882,47.0,-6.0833282,2024-07-30 18:00:00,0.10261985,-0.02524644,4333148.796028124,-461804.81061430223,0.0
2509,25.21141,47.0,-6.0833282,2024-07-30 18:00:00,0.08749474,-0.014227934,4333148.796028124,-461804.81061430223,0.0
2689,29.44473,47.0,-6.0833282,2024-07-30 18:00:00,0.07549803,0.0050539575,4333148.796028124,-461804.81061430223,0.0
2869,34.43415,47.0,-6.0833282,2024-07-30 18:00:00,0.078984514,0.027148388,4333148.796028124,-461804.81061430223,0.0
3049,40.34405,47.0,-6.0833282,2024-07-30 18:00:00,0.09972167,0.043648176,4333148.796028124,-461804.81061430223,0.0
3229,47.37369,47.0,-6.0833282,2024-07-30 18:00:00,0.1284365,0.0421931,4333148.796028124,-461804.81061430223,0.0
3409,55.76429,47.0,-6.0833282,2024-07-30 18:00:00,0.14747874,0.019345826,4333148.796028124,-461804.81061430223,0.0
3589,65.80727,47.0,-6.0833282,2024-07-30 18:00:00,0.14446966,-0.010630341,4333148.796028124,-461804.81061430223,0.0
3769,77.85385,47.0,-6.0833282,2024-07-30 18:00:00,0.12884678,-0.022876248,4333148.796028124,-461804.81061430223,0.0
3949,92.32607,47.0,-6.0833282,2024-07-30 18:00:00,0.104486465,-0.018752698,4333148.796028124,-461804.81061430223,0.0
4129,109.7293,47.0,-6.0833282,2024-07-30 18:00:00,0.087332346,-0.006956607,4333148.796028124,-461804.81061430223,0.0
4309,130.666,47.0,-6.0833282,2024-07-30 18:00:00,0.074453525,0.0055783046,4333148.796028124,-461804.81061430223,0.0
4489,155.8507,47.0,-6.0833282,2024-07-30 18:00:00,0.0706931,0.0051342375,4333148.796028124,-461804.81061430223,0.0
4669,186.1256,47.0,-6.0833282,2024-07-30 18:00:00,0.070761345,-0.0032847803,4333148.796028124,-461804.81061430223,0.0
4849,222.4752,47.0,-6.0833282,2024-07-30 18:00:00,0.07418867,-0.007117741,4333148.796028124,-461804.81061430223,0.0
5029,266.0403,47.0,-6.0833282,2024-07-30 18:00:00,0.06854545,-0.0100239515,4333148.796028124,-461804.81061430223,0.0
5209,318.1274,47.0,-6.0833282,2024-07-30 18:00:00,0.05612247,0.00061760633,4333148.796028124,-461804.81061430223,0.0
5389,380.213,47.0,-6.0833282,2024-07-30 18:00:00,0.035223816,0.013178415,4333148.796028124,-461804.81061430223,0.0
5569,453.9377,47.0,-6.0833282,2024-07-30 18:00:00,0.031045923,0.030643368,4333148.796028124,-461804.81061430223,0.0
5749,541.0889,47.0,-6.0833282,2024-07-30 18:00:00,0.03686944,0.040581267,4333148.796028124,-461804.81061430223,0.0
5929,643.5668,47.0,-6.0833282,2024-07-30 18:00:00,0.01504167,0.086541004,4333148.796028124,-461804.81061430223,0.0
6109,763.3331,47.0,-6.0833282,2024-07-30 18:00:00,-0.007951319,0.11253979,4333148.796028124,-461804.81061430223,0.0
6289,902.3393,47.0,-6.0833282,2024-07-30 18:00:00,-0.02608871,0.12379437,4333148.796028124,-461804.81061430223,0.0
178,0.494025,47.0,-6.0,2024-07-30 18:00:00,-0.03261793,0.024343478,4333815.840058059,-455502.3996515776,0.0
358,1.541375,47.0,-6.0,2024-07-30 18:00:00,-0.03073417,0.029631883,4333815.840058059,-455502.3996515776,0.0
538,2.645669,47.0,-6.0,2024-07-30 18:00:00,-0.027860109,0.034555472,4333815.840058059,-455502.3996515776,0.0
718,3.819495,47.0,-6.0,2024-07-30 18:00:00,-0.021140182,0.041384164,4333815.840058059,-455502.3996515776,0.0
898,5.078224,47.0,-6.0,2024-07-30 18:00:00,0.0038342827,0.05348486,4333815.840058059,-455502.3996515776,0.0
1078,6.440614,47.0,-6.0,2024-07-30 18:00:00,0.03390559,0.054565202,4333815.840058059,-455502.3996515776,0.0
1258,7.92956,47.0,-6.0,2024-07-30 18:00:00,0.06395772,0.043516975,4333815.840058059,-455502.3996515776,0.0
1438,9.572997,47.0,-6.0,2024-07-30 18:00:00,0.080430664,0.022394532,4333815.840058059,-455502.3996515776,0.0
1618,11.405,47.0,-6.0,2024-07-30 18:00:00,0.086687975,-0.013774298,4333815.840058059,-455502.3996515776,0.0
1798,13.46714,47.0,-6.0,2024-07-30 18:00:00,0.085088104,-0.021204157,4333815.840058059,-455502.3996515776,0.0
1978,15.81007,47.0,-6.0,2024-07-30 18:00:00,0.09708812,-0.027872372,4333815.840058059,-455502.3996515776,0.0
2158,18.49556,47.0,-6.0,2024-07-30 18:00:00,0.09824095,-0.03855213,4333815.840058059,-455502.3996515776,0.0
2338,21.59882,47.0,-6.0,2024-07-30 18:00:00,0.09130987,-0.04366447,4333815.840058059,-455502.3996515776,0.0
2518,25.21141,47.0,-6.0,2024-07-30 18:00:00,0.080263965,-0.04092308,4333815.840058059,-455502.3996515776,0.0
2698,29.44473,47.0,-6.0,2024-07-30 18:00:00,0.07217602,-0.030144602,4333815.840058059,-455502.3996515776,0.0
2878,34.43415,47.0,-6.0,2024-07-30 18:00:00,0.0774157,-0.011973437,4333815.840058059,-455502.3996515776,0.0
3058,40.34405,47.0,-6.0,2024-07-30 18:00:00,0.09379104,0.0081723,4333815.840058059,-455502.3996515776,0.0
3238,47.37369,47.0,-6.0,2024-07-30 18:00:00,0.11470882,0.016905101,4333815.840058059,-455502.3996515776,0.0
3418,55.76429,47.0,-6.0,2024-07-30 18:00:00,0.13079485,0.003958364,4333815.840058059,-455502.3996515776,0.0
3598,65.80727,47.0,-6.0,2024-07-30 18:00:00,0.1348029,-0.018398127,4333815.840058059,-455502.3996515776,0.0
3778,77.85385,47.0,-6.0,2024-07-30 18:00:00,0.117133565,-0.023712223,4333815.840058059,-455502.3996515776,0.0
3958,92.32607,47.0,-6.0,2024-07-30 18:00:00,0.09322136,-0.021959705,4333815.840058059,-455502.3996515776,0.0
4138,109.7293,47.0,-6.0,2024-07-30 18:00:00,0.07828425,-0.017789576,4333815.840058059,-455502.3996515776,0.0
4318,130.666,47.0,-6.0,2024-07-30 18:00:00,0.068705626,-0.012128862,4333815.840058059,-455502.3996515776,0.0
4498,155.8507,47.0,-6.0,2024-07-30 18:00:00,0.06398727,-0.008292104,4333815.840058059,-455502.3996515776,0.0
4678,186.1256,47.0,-6.0,2024-07-30 18:00:00,0.05959162,-0.010356114,4333815.840058059,-455502.3996515776,0.0
4858,222.4752,47.0,-6.0,2024-07-30 18:00:00,0.061431978,-0.013833914,4333815.840058059,-455502.3996515776,0.0
5038,266.0403,47.0,-6.0,2024-07-30 18:00:00,0.053706817,-0.02113718,4333815.840058059,-455502.3996515776,0.0
5218,318.1274,47.0,-6.0,2024-07-30 18:00:00,0.03764486,-0.02455404,4333815.840058059,-455502.3996515776,0.0
5398,380.213,47.0,-6.0,2024-07-30 18:00:00,0.021315528,-0.0116065815,4333815.840058059,-455502.3996515776,0.0
5578,453.9377,47.0,-6.0,2024-07-30 18:00:00,0.024641646,-0.01563378,4333815.840058059,-455502.3996515776,0.0
5758,541.0889,47.0,-6.0,2024-07-30 18:00:00,0.038928878,-0.009010909,4333815.840058059,-455502.3996515776,0.0
5938,643.5668,47.0,-6.0,2024-07-30 18:00:00,0.030520847,0.0070032943,4333815.840058059,-455502.3996515776,0.0
6118,763.3331,47.0,-6.0,2024-07-30 18:00:00,0.011818901,0.04406448,4333815.840058059,-455502.3996515776,0.0
6298,902.3393,47.0,-6.0,2024-07-30 18:00:00,-0.036400296,0.09887904,4333815.840058059,-455502.3996515776,0.0
8,0.494025,46.66667,-6.25,2024-07-31 00:00:00,-0.04946085,0.026689645,4358653.3150161095,-477350.1729464703,0.0
188,1.541375,46.66667,-6.25,2024-07-31 00:00:00,-0.048839092,0.0326715,4358653.3150161095,-477350.1729464703,0.0
368,2.645669,46.66667,-6.25,2024-07-31 00:00:00,-0.047713585,0.03813328,4358653.3150161095,-477350.1729464703,0.0
548,3.819495,46.66667,-6.25,2024-07-31 00:00:00,-0.04632511,0.042595882,4358653.3150161095,-477350.1729464703,0.0
728,5.078224,46.66667,-6.25,2024-07-31 00:00:00,-0.04484887,0.04604382,4358653.3150161095,-477350.1729464703,0.0
908,6.440614,46.66667,-6.25,2024-07-31 00:00:00,-0.04328009,0.04872816,4358653.3150161095,-477350.1729464703,0.0
1088,7.92956,46.66667,-6.25,2024-07-31 00:00:00,-0.040479563,0.0520314,4358653.3150161095,-477350.1729464703,0.0
1268,9.572997,46.66667,-6.25,2024-07-31 00:00:00,-0.008801765,0.03690142,4358653.3150161095,-477350.1729464703,0.0
1448,11.405,46.66667,-6.25,2024-07-31 00:00:00,-0.015204515,0.03674035,4358653.3150161095,-477350.1729464703,0.0
1628,13.46714,46.66667,-6.25,2024-07-31 00:00:00,-0.025588993,0.06674773,4358653.3150161095,-477350.1729464703,0.0
1808,15.81007,46.66667,-6.25,2024-07-31 00:00:00,-0.028693153,0.07508231,4358653.3150161095,-477350.1729464703,0.0
1988,18.49556,46.66667,-6.25,2024-07-31 00:00:00,-0.031006105,0.079866216,4358653.3150161095,-477350.1729464703,0.0
2168,21.59882,46.66667,-6.25,2024-07-31 00:00:00,-0.024799485,0.07775092,4358653.3150161095,-477350.1729464703,0.0
2348,25.21141,46.66667,-6.25,2024-07-31 00:00:00,-0.014091454,0.06993148,4358653.3150161095,-477350.1729464703,0.0
2528,29.44473,46.66667,-6.25,2024-07-31 00:00:00,-0.0011714217,0.055582736,4358653.3150161095,-477350.1729464703,0.0
2708,34.43415,46.66667,-6.25,2024-07-31 00:00:00,0.015370143,0.033136487,4358653.3150161095,-477350.1729464703,0.0
2888,40.34405,46.66667,-6.25,2024-07-31 00:00:00,0.014789421,0.008215571,4358653.3150161095,-477350.1729464703,0.0
3068,47.37369,46.66667,-6.25,2024-07-31 00:00:00,-0.010389668,0.0027413454,4358653.3150161095,-477350.1729464703,0.0
3248,55.76429,46.66667,-6.25,2024-07-31 00:00:00,-0.02455522,0.027653053,4358653.3150161095,-477350.1729464703,0.0
3428,65.80727,46.66667,-6.25,2024-07-31 00:00:00,-0.009335444,0.049962766,4358653.3150161095,-477350.1729464703,0.0
3608,77.85385,46.66667,-6.25,2024-07-31 00:00:00,0.008588928,0.049483005,4358653.3150161095,-477350.1729464703,0.0
3788,92.32607,46.66667,-6.25,2024-07-31 00:00:00,0.012004467,0.041990563,4358653.3150161095,-477350.1729464703,0.0
3968,109.7293,46.66667,-6.25,2024-07-31 00:00:00,0.016080867,0.036789205,4358653.3150161095,-477350.1729464703,0.0
4148,130.666,46.66667,-6.25,2024-07-31 00:00:00,0.02429751,0.03291829,4358653.3150161095,-477350.1729464703,0.0
4328,155.8507,46.66667,-6.25,2024-07-31 00:00:00,0.031129966,0.0306696,4358653.3150161095,-477350.1729464703,0.0
4508,186.1256,46.66667,-6.25,2024-07-31 00:00:00,0.03140378,0.026830807,4358653.3150161095,-477350.1729464703,0.0
4688,222.4752,46.66667,-6.25,2024-07-31 00:00:00,0.027772881,0.02378937,4358653.3150161095,-477350.1729464703,0.0
4868,266.0403,46.66667,-6.25,2024-07-31 00:00:00,0.024018813,0.018044459,4358653.3150161095,-477350.1729464703,0.0
5048,318.1274,46.66667,-6.25,2024-07-31 00:00:00,0.013681847,0.014634586,4358653.3150161095,-477350.1729464703,0.0
5228,380.213,46.66667,-6.25,2024-07-31 00:00:00,0.010581818,0.01656714,4358653.3150161095,-477350.1729464703,0.0
5408,453.9377,46.66667,-6.25,2024-07-31 00:00:00,0.024614325,0.02077177,4358653.3150161095,-477350.1729464703,0.0
5588,541.0889,46.66667,-6.25,2024-07-31 00:00:00,0.03303637,0.024822973,4358653.3150161095,-477350.1729464703,0.0
5768,643.5668,46.66667,-6.25,2024-07-31 00:00:00,0.018163174,0.03688385,4358653.3150161095,-477350.1729464703,0.0
5948,763.3331,46.66667,-6.25,2024-07-31 00:00:00,0.019319523,0.07245539,4358653.3150161095,-477350.1729464703,0.0
6128,902.3393,46.66667,-6.25,2024-07-31 00:00:00,0.04441226,0.11519017,4358653.3150161095,-477350.1729464703,0.0
17,0.494025,46.66667,-6.1666565,2024-07-31 00:00:00,-0.04122545,0.008814193,4359343.065935845,-471009.49203812674,0.0
197,1.541375,46.66667,-6.1666565,2024-07-31 00:00:00,-0.04084633,0.014827728,4359343.065935845,-471009.49203812674,0.0
377,2.645669,46.66667,-6.1666565,2024-07-31 00:00:00,-0.03987968,0.020294588,4359343.065935845,-471009.49203812674,0.0
557,3.819495,46.66667,-6.1666565,2024-07-31 00:00:00,-0.038551416,0.024764316,4359343.065935845,-471009.49203812674,0.0
737,5.078224,46.66667,-6.1666565,2024-07-31 00:00:00,-0.03702025,0.028239343,4359343.065935845,-471009.49203812674,0.0
917,6.440614,46.66667,-6.1666565,2024-07-31 00:00:00,-0.035130765,0.031087747,4359343.065935845,-471009.49203812674,0.0
1097,7.92956,46.66667,-6.1666565,2024-07-31 00:00:00,-0.028697489,0.03689439,4359343.065935845,-471009.49203812674,0.0
1277,9.572997,46.66667,-6.1666565,2024-07-31 00:00:00,0.0002655835,0.016286025,4359343.065935845,-471009.49203812674,0.0
1457,11.405,46.66667,-6.1666565,2024-07-31 00:00:00,-0.0091713555,0.02149947,4359343.065935845,-471009.49203812674,0.0
1637,13.46714,46.66667,-6.1666565,2024-07-31 00:00:00,-0.016480511,0.053351767,4359343.065935845,-471009.49203812674,0.0
1817,15.81007,46.66667,-6.1666565,2024-07-31 00:00:00,-0.019868989,0.062765546,4359343.065935845,-471009.49203812674,0.0
1997,18.49556,46.66667,-6.1666565,2024-07-31 00:00:00,-0.02212483,0.07014528,4359343.065935845,-471009.49203812674,0.0
2177,21.59882,46.66667,-6.1666565,2024-07-31 00:00:00,-0.014226237,0.07031388,4359343.065935845,-471009.49203812674,0.0
2357,25.21141,46.66667,-6.1666565,2024-07-31 00:00:00,-6.108289e-05,0.06390492,4359343.065935845,-471009.49203812674,0.0
2537,29.44473,46.66667,-6.1666565,2024-07-31 00:00:00,0.017823754,0.04872434,4359343.065935845,-471009.49203812674,0.0
2717,34.43415,46.66667,-6.1666565,2024-07-31 00:00:00,0.038432296,0.020678725,4359343.065935845,-471009.49203812674,0.0
2897,40.34405,46.66667,-6.1666565,2024-07-31 00:00:00,0.03920461,-0.010329733,4359343.065935845,-471009.49203812674,0.0
3077,47.37369,46.66667,-6.1666565,2024-07-31 00:00:00,0.009447215,-0.017762378,4359343.065935845,-471009.49203812674,0.0
3257,55.76429,46.66667,-6.1666565,2024-07-31 00:00:00,-0.011299018,0.013651295,4359343.065935845,-471009.49203812674,0.0
3437,65.80727,46.66667,-6.1666565,2024-07-31 00:00:00,0.007036671,0.04524734,4359343.065935845,-471009.49203812674,0.0
3617,77.85385,46.66667,-6.1666565,2024-07-31 00:00:00,0.034988284,0.04791859,4359343.065935845,-471009.49203812674,0.0
3797,92.32607,46.66667,-6.1666565,2024-07-31 00:00:00,0.04270024,0.03772949,4359343.065935845,-471009.49203812674,0.0
3977,109.7293,46.66667,-6.1666565,2024-07-31 00:00:00,0.043583337,0.03047883,4359343.065935845,-471009.49203812674,0.0
4157,130.666,46.66667,-6.1666565,2024-07-31 00:00:00,0.049851783,0.026095632,4359343.065935845,-471009.49203812674,0.0
4337,155.8507,46.66667,-6.1666565,2024-07-31 00:00:00,0.05460897,0.024752399,4359343.065935845,-471009.49203812674,0.0
4517,186.1256,46.66667,-6.1666565,2024-07-31 00:00:00,0.055757944,0.021954436,4359343.065935845,-471009.49203812674,0.0
4697,222.4752,46.66667,-6.1666565,2024-07-31 00:00:00,0.04834445,0.018955693,4359343.065935845,-471009.49203812674,0.0
4877,266.0403,46.66667,-6.1666565,2024-07-31 00:00:00,0.03916349,0.015215576,4359343.065935845,-471009.49203812674,0.0
5057,318.1274,46.66667,-6.1666565,2024-07-31 00:00:00,0.037260827,0.010477165,4359343.065935845,-471009.49203812674,0.0
5237,380.213,46.66667,-6.1666565,2024-07-31 00:00:00,0.039706357,0.014837179,4359343.065935845,-471009.49203812674,0.0
5417,453.9377,46.66667,-6.1666565,2024-07-31 00:00:00,0.05856379,0.021297207,4359343.065935845,-471009.49203812674,0.0
5597,541.0889,46.66667,-6.1666565,2024-07-31 00:00:00,0.06725312,0.024367949,4359343.065935845,-471009.49203812674,0.0
5777,643.5668,46.66667,-6.1666565,2024-07-31 00:00:00,0.04449968,0.036471978,4359343.065935845,-471009.49203812674,0.0
5957,763.3331,46.66667,-6.1666565,2024-07-31 00:00:00,0.035109606,0.059903316,4359343.065935845,-471009.49203812674,0.0
6137,902.3393,46.66667,-6.1666565,2024-07-31 00:00:00,0.05840851,0.09464415,4359343.065935845,-471009.49203812674,0.0
26,0.494025,46.66667,-6.0833282,2024-07-31 00:00:00,-0.018343963,-0.018995019,4360023.469108121,-464668.9756583009,0.0
206,1.541375,46.66667,-6.0833282,2024-07-31 00:00:00,-0.018125083,-0.01296533,4360023.469108121,-464668.9756583009,0.0
386,2.645669,46.66667,-6.0833282,2024-07-31 00:00:00,-0.017303491,-0.007532711,4360023.469108121,-464668.9756583009,0.0
566,3.819495,46.66667,-6.0833282,2024-07-31 00:00:00,-0.016125966,-0.0031593994,4360023.469108121,-464668.9756583009,0.0
746,5.078224,46.66667,-6.0833282,2024-07-31 00:00:00,-0.014761866,0.00018911483,4360023.469108121,-464668.9756583009,0.0
926,6.440614,46.66667,-6.0833282,2024-07-31 00:00:00,-0.012956085,0.0030320585,4360023.469108121,-464668.9756583009,0.0
1106,7.92956,46.66667,-6.0833282,2024-07-31 00:00:00,0.0045655845,0.009782412,4360023.469108121,-464668.9756583009,0.0
1286,9.572997,46.66667,-6.0833282,2024-07-31 00:00:00,0.01608544,-0.009126789,4360023.469108121,-464668.9756583009,0.0
1466,11.405,46.66667,-6.0833282,2024-07-31 00:00:00,0.0049094344,0.0032972114,4360023.469108121,-464668.9756583009,0.0
1646,13.46714,46.66667,-6.0833282,2024-07-31 00:00:00,-0.0016191937,0.032240566,4360023.469108121,-464668.9756583009,0.0
1826,15.81007,46.66667,-6.0833282,2024-07-31 00:00:00,-0.011103759,0.043798365,4360023.469108121,-464668.9756583009,0.0
2006,18.49556,46.66667,-6.0833282,2024-07-31 00:00:00,-0.0146414265,0.056314506,4360023.469108121,-464668.9756583009,0.0
2186,21.59882,46.66667,-6.0833282,2024-07-31 00:00:00,-0.0055492595,0.060809366,4360023.469108121,-464668.9756583009,0.0
2366,25.21141,46.66667,-6.0833282,2024-07-31 00:00:00,0.01083405,0.057461478,4360023.469108121,-464668.9756583009,0.0
2546,29.44473,46.66667,-6.0833282,2024-07-31 00:00:00,0.032411125,0.043203592,4360023.469108121,-464668.9756583009,0.0
2726,34.43415,46.66667,-6.0833282,2024-07-31 00:00:00,0.055624258,0.012068193,4360023.469108121,-464668.9756583009,0.0
2906,40.34405,46.66667,-6.0833282,2024-07-31 00:00:00,0.05893048,-0.024368968,4360023.469108121,-464668.9756583009,0.0
3086,47.37369,46.66667,-6.0833282,2024-07-31 00:00:00,0.028261555,-0.039489146,4360023.469108121,-464668.9756583009,0.0
3266,55.76429,46.66667,-6.0833282,2024-07-31 00:00:00,-0.00042905658,-0.010625909,4360023.469108121,-464668.9756583009,0.0
3446,65.80727,46.66667,-6.0833282,2024-07-31 00:00:00,0.010073837,0.029129574,4360023.469108121,-464668.9756583009,0.0
3626,77.85385,46.66667,-6.0833282,2024-07-31 00:00:00,0.039914317,0.040346723,4360023.469108121,-464668.9756583009,0.0
3806,92.32607,46.66667,-6.0833282,2024-07-31 00:00:00,0.05929071,0.03034486,4360023.469108121,-464668.9756583009,0.0
3986,109.7293,46.66667,-6.0833282,2024-07-31 00:00:00,0.0648713,0.021664556,4360023.469108121,-464668.9756583009,0.0
4166,130.666,46.66667,-6.0833282,2024-07-31 00:00:00,0.06672629,0.017155178,4360023.469108121,-464668.9756583009,0.0
4346,155.8507,46.66667,-6.0833282,2024-07-31 00:00:00,0.069912404,0.015786285,4360023.469108121,-464668.9756583009,0.0
4526,186.1256,46.66667,-6.0833282,2024-07-31 00:00:00,0.07030806,0.014936158,4360023.469108121,-464668.9756583009,0.0
4706,222.4752,46.66667,-6.0833282,2024-07-31 00:00:00,0.062445473,0.011937544,4360023.469108121,-464668.9756583009,0.0
4886,266.0403,46.66667,-6.0833282,2024-07-31 00:00:00,0.05474607,0.007846849,4360023.469108121,-464668.9756583009,0.0
5066,318.1274,46.66667,-6.0833282,2024-07-31 00:00:00,0.061345775,0.0046907514,4360023.469108121,-464668.9756583009,0.0
5246,380.213,46.66667,-6.0833282,2024-07-31 00:00:00,0.0716747,0.004480369,4360023.469108121,-464668.9756583009,0.0
5426,453.9377,46.66667,-6.0833282,2024-07-31 00:00:00,0.08320312,0.007826969,4360023.469108121,-464668.9756583009,0.0
5606,541.0889,46.66667,-6.0833282,2024-07-31 00:00:00,0.09619358,0.010493884,4360023.469108121,-464668.9756583009,0.0
5786,643.5668,46.66667,-6.0833282,2024-07-31 00:00:00,0.07076175,0.017133977,4360023.469108121,-464668.9756583009,0.0
5966,763.3331,46.66667,-6.0833282,2024-07-31 00:00:00,0.05761635,0.034463376,4360023.469108121,-464668.9756583009,0.0
6146,902.3393,46.66667,-6.0833282,2024-07-31 00:00:00,0.068637915,0.05641012,4360023.469108121,-464668.9756583009,0.0
35,0.494025,46.66667,-6.0,2024-07-31 00:00:00,-0.005154579,-0.049345165,4360694.650219674,-458327.4764384654,0.0
215,1.541375,46.66667,-6.0,2024-07-31 00:00:00,-0.0048305327,-0.04328179,4360694.650219674,-458327.4764384654,0.0
395,2.645669,46.66667,-6.0,2024-07-31 00:00:00,-0.0038872128,-0.03787128,4360694.650219674,-458327.4764384654,0.0
575,3.819495,46.66667,-6.0,2024-07-31 00:00:00,-0.0026383305,-0.033654824,4360694.650219674,-458327.4764384654,0.0
755,5.078224,46.66667,-6.0,2024-07-31 00:00:00,-0.0012755143,-0.030535055,4360694.650219674,-458327.4764384654,0.0
935,6.440614,46.66667,-6.0,2024-07-31 00:00:00,0.0005145733,-0.0278993,4360694.650219674,-458327.4764384654,0.0
1115,7.92956,46.66667,-6.0,2024-07-31 00:00:00,0.026397882,-0.025749592,4360694.650219674,-458327.4764384654,0.0
1295,9.572997,46.66667,-6.0,2024-07-31 00:00:00,0.024416123,-0.038148914,4360694.650219674,-458327.4764384654,0.0
1475,11.405,46.66667,-6.0,2024-07-31 00:00:00,0.014097871,-0.023688657,4360694.650219674,-458327.4764384654,0.0
1655,13.46714,46.66667,-6.0,2024-07-31 00:00:00,0.009438657,-0.00096495997,4360694.650219674,-458327.4764384654,0.0
1835,15.81007,46.66667,-6.0,2024-07-31 00:00:00,-0.014284144,0.012899956,4360694.650219674,-458327.4764384654,0.0
2015,18.49556,46.66667,-6.0,2024-07-31 00:00:00,-0.022977063,0.031947665,4360694.650219674,-458327.4764384654,0.0
2195,21.59882,46.66667,-6.0,2024-07-31 00:00:00,-0.015667994,0.043354552,4360694.650219674,-458327.4764384654,0.0
2375,25.21141,46.66667,-6.0,2024-07-31 00:00:00,0.00032741157,0.04713818,4360694.650219674,-458327.4764384654,0.0
2555,29.44473,46.66667,-6.0,2024-07-31 00:00:00,0.025755094,0.040420894,4360694.650219674,-458327.4764384654,0.0
2735,34.43415,46.66667,-6.0,2024-07-31 00:00:00,0.056032676,0.014041839,4360694.650219674,-458327.4764384654,0.0
2915,40.34405,46.66667,-6.0,2024-07-31 00:00:00,0.07041024,-0.024262562,4360694.650219674,-458327.4764384654,0.0
3095,47.37369,46.66667,-6.0,2024-07-31 00:00:00,0.050070487,-0.051404156,4360694.650219674,-458327.4764384654,0.0
3275,55.76429,46.66667,-6.0,2024-07-31 00:00:00,0.018462064,-0.0348242,4360694.650219674,-458327.4764384654,0.0
3455,65.80727,46.66667,-6.0,2024-07-31 00:00:00,0.01390013,0.00639793,4360694.650219674,-458327.4764384654,0.0
3635,77.85385,46.66667,-6.0,2024-07-31 00:00:00,0.040948313,0.02778398,4360694.650219674,-458327.4764384654,0.0
3815,92.32607,46.66667,-6.0,2024-07-31 00:00:00,0.06784407,0.024155037,4360694.650219674,-458327.4764384654,0.0
3995,109.7293,46.66667,-6.0,2024-07-31 00:00:00,0.079227895,0.015627237,4360694.650219674,-458327.4764384654,0.0
4175,130.666,46.66667,-6.0,2024-07-31 00:00:00,0.08302711,0.009851667,4360694.650219674,-458327.4764384654,0.0
4355,155.8507,46.66667,-6.0,2024-07-31 00:00:00,0.08445363,0.0059589553,4360694.650219674,-458327.4764384654,0.0
4535,186.1256,46.66667,-6.0,2024-07-31 00:00:00,0.08291066,0.005025723,4360694.650219674,-458327.4764384654,0.0
4715,222.4752,46.66667,-6.0,2024-07-31 00:00:00,0.07718609,0.00026959088,4360694.650219674,-458327.4764384654,0.0
4895,266.0403,46.66667,-6.0,2024-07-31 00:00:00,0.072764136,-0.0040442594,4360694.650219674,-458327.4764384654,0.0
5075,318.1274,46.66667,-6.0,2024-07-31 00:00:00,0.080334716,-0.0056228945,4360694.650219674,-458327.4764384654,0.0
5255,380.213,46.66667,-6.0,2024-07-31 00:00:00,0.080797374,-0.0078313425,4360694.650219674,-458327.4764384654,0.0
5435,453.9377,46.66667,-6.0,2024-07-31 00:00:00,0.09555254,-0.013181588,4360694.650219674,-458327.4764384654,0.0
5615,541.0889,46.66667,-6.0,2024-07-31 00:00:00,0.10560163,-0.018059006,4360694.650219674,-458327.4764384654,0.0
5795,643.5668,46.66667,-6.0,2024-07-31 00:00:00,0.076069705,-0.0055718506,4360694.650219674,-458327.4764384654,0.0
5975,763.3331,46.66667,-6.0,2024-07-31 00:00:00,0.05419838,0.014099849,4360694.650219674,-458327.4764384654,0.0
6155,902.3393,46.66667,-6.0,2024-07-31 00:00:00,0.067989774,0.0076554394,4360694.650219674,-458327.4764384654,0.0
44,0.494025,46.75,-6.25,2024-07-31 00:00:00,-0.009024413,0.0039157416,4351950.96357759,-476616.1460837916,0.0
224,1.541375,46.75,-6.25,2024-07-31 00:00:00,-0.008008125,0.009523678,4351950.96357759,-476616.1460837916,0.0
404,2.645669,46.75,-6.25,2024-07-31 00:00:00,-0.0066332347,0.014696658,4351950.96357759,-476616.1460837916,0.0
584,3.819495,46.75,-6.25,2024-07-31 00:00:00,-0.0051355595,0.018912183,4351950.96357759,-476616.1460837916,0.0
764,5.078224,46.75,-6.25,2024-07-31 00:00:00,-0.003654201,0.022143563,4351950.96357759,-476616.1460837916,0.0
944,6.440614,46.75,-6.25,2024-07-31 00:00:00,-0.0021693518,0.024606438,4351950.96357759,-476616.1460837916,0.0
1124,7.92956,46.75,-6.25,2024-07-31 00:00:00,0.0001458684,0.027041482,4351950.96357759,-476616.1460837916,0.0
1304,9.572997,46.75,-6.25,2024-07-31 00:00:00,0.03315883,0.020064749,4351950.96357759,-476616.1460837916,0.0
1484,11.405,46.75,-6.25,2024-07-31 00:00:00,0.026600858,0.022252357,4351950.96357759,-476616.1460837916,0.0
1664,13.46714,46.75,-6.25,2024-07-31 00:00:00,0.01364693,0.042424906,4351950.96357759,-476616.1460837916,0.0
1844,15.81007,46.75,-6.25,2024-07-31 00:00:00,0.0069548017,0.043728795,4351950.96357759,-476616.1460837916,0.0
2024,18.49556,46.75,-6.25,2024-07-31 00:00:00,0.0061934344,0.049050625,4351950.96357759,-476616.1460837916,0.0
2204,21.59882,46.75,-6.25,2024-07-31 00:00:00,0.013666473,0.04647863,4351950.96357759,-476616.1460837916,0.0
2384,25.21141,46.75,-6.25,2024-07-31 00:00:00,0.025732946,0.037911516,4351950.96357759,-476616.1460837916,0.0
2564,29.44473,46.75,-6.25,2024-07-31 00:00:00,0.03997223,0.023778763,4351950.96357759,-476616.1460837916,0.0
2744,34.43415,46.75,-6.25,2024-07-31 00:00:00,0.053728793,0.00045153033,4351950.96357759,-476616.1460837916,0.0
2924,40.34405,46.75,-6.25,2024-07-31 00:00:00,0.048301928,-0.023490883,4351950.96357759,-476616.1460837916,0.0
3104,47.37369,46.75,-6.25,2024-07-31 00:00:00,0.015729215,-0.02833013,4351950.96357759,-476616.1460837916,0.0
3284,55.76429,46.75,-6.25,2024-07-31 00:00:00,-0.005857849,-0.0060333265,4351950.96357759,-476616.1460837916,0.0
3464,65.80727,46.75,-6.25,2024-07-31 00:00:00,0.012733709,0.011994936,4351950.96357759,-476616.1460837916,0.0
3644,77.85385,46.75,-6.25,2024-07-31 00:00:00,0.0380906,0.0074033556,4351950.96357759,-476616.1460837916,0.0
3824,92.32607,46.75,-6.25,2024-07-31 00:00:00,0.046124477,-0.00018105865,4351950.96357759,-476616.1460837916,0.0
4004,109.7293,46.75,-6.25,2024-07-31 00:00:00,0.04802911,-0.0038002501,4351950.96357759,-476616.1460837916,0.0
4184,130.666,46.75,-6.25,2024-07-31 00:00:00,0.049551778,-0.0058364533,4351950.96357759,-476616.1460837916,0.0
4364,155.8507,46.75,-6.25,2024-07-31 00:00:00,0.04889976,-0.007036756,4351950.96357759,-476616.1460837916,0.0
4544,186.1256,46.75,-6.25,2024-07-31 00:00:00,0.04302256,-0.006420552,4351950.96357759,-476616.1460837916,0.0
4724,222.4752,46.75,-6.25,2024-07-31 00:00:00,0.033641994,-0.0073535545,4351950.96357759,-476616.1460837916,0.0
4904,266.0403,46.75,-6.25,2024-07-31 00:00:00,0.02849141,-0.012226929,4351950.96357759,-476616.1460837916,0.0
5084,318.1274,46.75,-6.25,2024-07-31 00:00:00,0.03269634,-0.0063492237,4351950.96357759,-476616.1460837916,0.0
5264,380.213,46.75,-6.25,2024-07-31 00:00:00,0.035449527,0.0029974182,4351950.96357759,-476616.1460837916,0.0
5444,453.9377,46.75,-6.25,2024-07-31 00:00:00,0.028726134,0.00026880915,4351950.96357759,-476616.1460837916,0.0
5624,541.0889,46.75,-6.25,2024-07-31 00:00:00,0.026421016,0.0051433155,4351950.96357759,-476616.1460837916,0.0
5804,643.5668,46.75,-6.25,2024-07-31 00:00:00,0.040130816,0.020576604,4351950.96357759,-476616.1460837916,0.0
5984,763.3331,46.75,-6.25,2024-07-31 00:00:00,0.07716413,0.050519116,4351950.96357759,-476616.1460837916,0.0
6164,902.3393,46.75,-6.25,2024-07-31 00:00:00,0.112727664,0.10423274,4351950.96357759,-476616.1460837916,0.0
53,0.494025,46.75,-6.1666565,2024-07-31 00:00:00,0.002166689,-0.012186711,4352639.653859386,-470285.21531356085,0.0
233,1.541375,46.75,-6.1666565,2024-07-31 00:00:00,0.0030208647,-0.0064653656,4352639.653859386,-470285.21531356085,0.0
413,2.645669,46.75,-6.1666565,2024-07-31 00:00:00,0.004289255,-0.0011923705,4352639.653859386,-470285.21531356085,0.0
593,3.819495,46.75,-6.1666565,2024-07-31 00:00:00,0.005742,0.003123833,4352639.653859386,-470285.21531356085,0.0
773,5.078224,46.75,-6.1666565,2024-07-31 00:00:00,0.0072444216,0.0064849397,4352639.653859386,-470285.21531356085,0.0
953,6.440614,46.75,-6.1666565,2024-07-31 00:00:00,0.008876745,0.009164099,4352639.653859386,-470285.21531356085,0.0
1133,7.92956,46.75,-6.1666565,2024-07-31 00:00:00,0.01246683,0.012526092,4352639.653859386,-470285.21531356085,0.0
1313,9.572997,46.75,-6.1666565,2024-07-31 00:00:00,0.04213995,0.0007312675,4352639.653859386,-470285.21531356085,0.0
1493,11.405,46.75,-6.1666565,2024-07-31 00:00:00,0.030425893,0.010810263,4352639.653859386,-470285.21531356085,0.0
1673,13.46714,46.75,-6.1666565,2024-07-31 00:00:00,0.01597805,0.03308563,4352639.653859386,-470285.21531356085,0.0
1853,15.81007,46.75,-6.1666565,2024-07-31 00:00:00,0.008185036,0.039931014,4352639.653859386,-470285.21531356085,0.0
2033,18.49556,46.75,-6.1666565,2024-07-31 00:00:00,0.009867497,0.04820553,4352639.653859386,-470285.21531356085,0.0
2213,21.59882,46.75,-6.1666565,2024-07-31 00:00:00,0.021951923,0.0477546,4352639.653859386,-470285.21531356085,0.0
2393,25.21141,46.75,-6.1666565,2024-07-31 00:00:00,0.041773386,0.039682988,4352639.653859386,-470285.21531356085,0.0
2573,29.44473,46.75,-6.1666565,2024-07-31 00:00:00,0.066605456,0.020316804,4352639.653859386,-470285.21531356085,0.0
2753,34.43415,46.75,-6.1666565,2024-07-31 00:00:00,0.08664652,-0.016766652,4352639.653859386,-470285.21531356085,0.0
2933,40.34405,46.75,-6.1666565,2024-07-31 00:00:00,0.07490978,-0.055776507,4352639.653859386,-470285.21531356085,0.0
3113,47.37369,46.75,-6.1666565,2024-07-31 00:00:00,0.022578195,-0.06379179,4352639.653859386,-470285.21531356085,0.0
3293,55.76429,46.75,-6.1666565,2024-07-31 00:00:00,-0.015571178,-0.026343416,4352639.653859386,-470285.21531356085,0.0
3473,65.80727,46.75,-6.1666565,2024-07-31 00:00:00,0.006930809,0.015166588,4352639.653859386,-470285.21531356085,0.0
3653,77.85385,46.75,-6.1666565,2024-07-31 00:00:00,0.04930721,0.019233115,4352639.653859386,-470285.21531356085,0.0
3833,92.32607,46.75,-6.1666565,2024-07-31 00:00:00,0.0676924,0.005884616,4352639.653859386,-470285.21531356085,0.0
4013,109.7293,46.75,-6.1666565,2024-07-31 00:00:00,0.07127325,-0.0030044673,4352639.653859386,-470285.21531356085,0.0
4193,130.666,46.75,-6.1666565,2024-07-31 00:00:00,0.07163357,-0.008057877,4352639.653859386,-470285.21531356085,0.0
4373,155.8507,46.75,-6.1666565,2024-07-31 00:00:00,0.07043601,-0.009644609,4352639.653859386,-470285.21531356085,0.0
4553,186.1256,46.75,-6.1666565,2024-07-31 00:00:00,0.06709493,-0.012484297,4352639.653859386,-470285.21531356085,0.0
4733,222.4752,46.75,-6.1666565,2024-07-31 00:00:00,0.058778975,-0.013179085,4352639.653859386,-470285.21531356085,0.0
4913,266.0403,46.75,-6.1666565,2024-07-31 00:00:00,0.051204935,-0.015983572,4352639.653859386,-470285.21531356085,0.0
5093,318.1274,46.75,-6.1666565,2024-07-31 00:00:00,0.052572686,-0.014977355,4352639.653859386,-470285.21531356085,0.0
5273,380.213,46.75,-6.1666565,2024-07-31 00:00:00,0.0558015,-0.0022278382,4352639.653859386,-470285.21531356085,0.0
5453,453.9377,46.75,-6.1666565,2024-07-31 00:00:00,0.048943773,-0.0030483431,4352639.653859386,-470285.21531356085,0.0
5633,541.0889,46.75,-6.1666565,2024-07-31 00:00:00,0.044326644,-0.0049733305,4352639.653859386,-470285.21531356085,0.0
5813,643.5668,46.75,-6.1666565,2024-07-31 00:00:00,0.052214723,0.0048507033,4352639.653859386,-470285.21531356085,0.0
5993,763.3331,46.75,-6.1666565,2024-07-31 00:00:00,0.08400223,0.028343547,4352639.653859386,-470285.21531356085,0.0
6173,902.3393,46.75,-6.1666565,2024-07-31 00:00:00,0.10552312,0.079390876,4352639.653859386,-470285.21531356085,0.0
62,0.494025,46.75,-6.0833282,2024-07-31 00:00:00,0.014343098,-0.039123956,4353319.010767862,-463954.44881885045,0.0
242,1.541375,46.75,-6.0833282,2024-07-31 00:00:00,0.015095981,-0.033328425,4353319.010767862,-463954.44881885045,0.0
422,2.645669,46.75,-6.0833282,2024-07-31 00:00:00,0.016300235,-0.027992858,4353319.010767862,-463954.44881885045,0.0
602,3.819495,46.75,-6.0833282,2024-07-31 00:00:00,0.017723007,-0.023625221,4353319.010767862,-463954.44881885045,0.0
782,5.078224,46.75,-6.0833282,2024-07-31 00:00:00,0.019239642,-0.020174041,4353319.010767862,-463954.44881885045,0.0
962,6.440614,46.75,-6.0833282,2024-07-31 00:00:00,0.02105807,-0.01716784,4353319.010767862,-463954.44881885045,0.0
1142,7.92956,46.75,-6.0833282,2024-07-31 00:00:00,0.028077956,-0.011943286,4353319.010767862,-463954.44881885045,0.0
1322,9.572997,46.75,-6.0833282,2024-07-31 00:00:00,0.04856855,-0.022587916,4353319.010767862,-463954.44881885045,0.0
1502,11.405,46.75,-6.0833282,2024-07-31 00:00:00,0.035383485,-0.008052502,4353319.010767862,-463954.44881885045,0.0
1682,13.46714,46.75,-6.0833282,2024-07-31 00:00:00,0.020359877,0.0129241925,4353319.010767862,-463954.44881885045,0.0
1862,15.81007,46.75,-6.0833282,2024-07-31 00:00:00,0.005400658,0.027889127,4353319.010767862,-463954.44881885045,0.0
2042,18.49556,46.75,-6.0833282,2024-07-31 00:00:00,0.0067471117,0.042927373,4353319.010767862,-463954.44881885045,0.0
2222,21.59882,46.75,-6.0833282,2024-07-31 00:00:00,0.022517126,0.04833416,4353319.010767862,-463954.44881885045,0.0
2402,25.21141,46.75,-6.0833282,2024-07-31 00:00:00,0.0487823,0.045146342,4353319.010767862,-463954.44881885045,0.0
2582,29.44473,46.75,-6.0833282,2024-07-31 00:00:00,0.083189614,0.026926393,4353319.010767862,-463954.44881885045,0.0
2762,34.43415,46.75,-6.0833282,2024-07-31 00:00:00,0.11153982,-0.0161395,4353319.010767862,-463954.44881885045,0.0
2942,40.34405,46.75,-6.0833282,2024-07-31 00:00:00,0.101573505,-0.06831472,4353319.010767862,-463954.44881885045,0.0
3122,47.37369,46.75,-6.0833282,2024-07-31 00:00:00,0.03839316,-0.08704621,4353319.010767862,-463954.44881885045,0.0
3302,55.76429,46.75,-6.0833282,2024-07-31 00:00:00,-0.015020926,-0.04420464,4353319.010767862,-463954.44881885045,0.0
3482,65.80727,46.75,-6.0833282,2024-07-31 00:00:00,-0.0013176148,0.016966261,4353319.010767862,-463954.44881885045,0.0
3662,77.85385,46.75,-6.0833282,2024-07-31 00:00:00,0.04682843,0.034081593,4353319.010767862,-463954.44881885045,0.0
3842,92.32607,46.75,-6.0833282,2024-07-31 00:00:00,0.07828619,0.018939849,4353319.010767862,-463954.44881885045,0.0
4022,109.7293,46.75,-6.0833282,2024-07-31 00:00:00,0.08839653,0.0041106855,4353319.010767862,-463954.44881885045,0.0
4202,130.666,46.75,-6.0833282,2024-07-31 00:00:00,0.08934173,-0.0024754838,4353319.010767862,-463954.44881885045,0.0
4382,155.8507,46.75,-6.0833282,2024-07-31 00:00:00,0.088857986,-0.005515681,4353319.010767862,-463954.44881885045,0.0
4562,186.1256,46.75,-6.0833282,2024-07-31 00:00:00,0.085908964,-0.011164727,4353319.010767862,-463954.44881885045,0.0
4742,222.4752,46.75,-6.0833282,2024-07-31 00:00:00,0.07631309,-0.0143677965,4353319.010767862,-463954.44881885045,0.0
4922,266.0403,46.75,-6.0833282,2024-07-31 00:00:00,0.069465525,-0.018241227,4353319.010767862,-463954.44881885045,0.0
5102,318.1274,46.75,-6.0833282,2024-07-31 00:00:00,0.06573614,-0.014667872,4353319.010767862,-463954.44881885045,0.0
5282,380.213,46.75,-6.0833282,2024-07-31 00:00:00,0.06354688,-0.0063627106,4353319.010767862,-463954.44881885045,0.0
5462,453.9377,46.75,-6.0833282,2024-07-31 00:00:00,0.061999086,-0.003979919,4353319.010767862,-463954.44881885045,0.0
5642,541.0889,46.75,-6.0833282,2024-07-31 00:00:00,0.061134726,-0.005097825,4353319.010767862,-463954.44881885045,0.0
5822,643.5668,46.75,-6.0833282,2024-07-31 00:00:00,0.055482816,-0.00043422612,4353319.010767862,-463954.44881885045,0.0
6002,763.3331,46.75,-6.0833282,2024-07-31 00:00:00,0.06576871,0.026986204,4353319.010767862,-463954.44881885045,0.0
6182,902.3393,46.75,-6.0833282,2024-07-31 00:00:00,0.09065868,0.049309745,4353319.010767862,-463954.44881885045,0.0
71,0.494025,46.75,-6.0,2024-07-31 00:00:00,0.023427837,-0.06397365,4353989.159796485,-457622.70099545474,0.0
251,1.541375,46.75,-6.0,2024-07-31 00:00:00,0.024199676,-0.05815863,4353989.159796485,-457622.70099545474,0.0
431,2.645669,46.75,-6.0,2024-07-31 00:00:00,0.025437586,-0.052826174,4353989.159796485,-457622.70099545474,0.0
611,3.819495,46.75,-6.0,2024-07-31 00:00:00,0.026881948,-0.048548978,4353989.159796485,-457622.70099545474,0.0
791,5.078224,46.75,-6.0,2024-07-31 00:00:00,0.028410263,-0.04524457,4353989.159796485,-457622.70099545474,0.0
971,6.440614,46.75,-6.0,2024-07-31 00:00:00,0.030329786,-0.042326167,4353989.159796485,-457622.70099545474,0.0
1151,7.92956,46.75,-6.0,2024-07-31 00:00:00,0.040472325,-0.0362932,4353989.159796485,-457622.70099545474,0.0
1331,9.572997,46.75,-6.0,2024-07-31 00:00:00,0.055400576,-0.04656872,4353989.159796485,-457622.70099545474,0.0
1511,11.405,46.75,-6.0,2024-07-31 00:00:00,0.041129183,-0.031735875,4353989.159796485,-457622.70099545474,0.0
1691,13.46714,46.75,-6.0,2024-07-31 00:00:00,0.026057405,-0.012762956,4353989.159796485,-457622.70099545474,0.0
1871,15.81007,46.75,-6.0,2024-07-31 00:00:00,0.0013440055,0.0061746095,4353989.159796485,-457622.70099545474,0.0
2051,18.49556,46.75,-6.0,2024-07-31 00:00:00,-0.004114621,0.02612622,4353989.159796485,-457622.70099545474,0.0
2231,21.59882,46.75,-6.0,2024-07-31 00:00:00,0.008210249,0.037954178,4353989.159796485,-457622.70099545474,0.0
2411,25.21141,46.75,-6.0,2024-07-31 00:00:00,0.034084633,0.042007886,4353989.159796485,-457622.70099545474,0.0
2591,29.44473,46.75,-6.0,2024-07-31 00:00:00,0.07296058,0.031734467,4353989.159796485,-457622.70099545474,0.0
2771,34.43415,46.75,-6.0,2024-07-31 00:00:00,0.11104783,-0.0040540984,4353989.159796485,-457622.70099545474,0.0
2951,40.34405,46.75,-6.0,2024-07-31 00:00:00,0.116315536,-0.058437616,4353989.159796485,-457622.70099545474,0.0
3131,47.37369,46.75,-6.0,2024-07-31 00:00:00,0.063312724,-0.09285869,4353989.159796485,-457622.70099545474,0.0
3311,55.76429,46.75,-6.0,2024-07-31 00:00:00,0.0038210913,-0.06210197,4353989.159796485,-457622.70099545474,0.0
3491,65.80727,46.75,-6.0,2024-07-31 00:00:00,-0.002210845,0.0043152925,4353989.159796485,-457622.70099545474,0.0
3671,77.85385,46.75,-6.0,2024-07-31 00:00:00,0.037026994,0.037795916,4353989.159796485,-457622.70099545474,0.0
3851,92.32607,46.75,-6.0,2024-07-31 00:00:00,0.07477812,0.030995894,4353989.159796485,-457622.70099545474,0.0
4031,109.7293,46.75,-6.0,2024-07-31 00:00:00,0.091534,0.015182229,4353989.159796485,-457622.70099545474,0.0
4211,130.666,46.75,-6.0,2024-07-31 00:00:00,0.0972659,0.0037227524,4353989.159796485,-457622.70099545474,0.0
4391,155.8507,46.75,-6.0,2024-07-31 00:00:00,0.10057301,-0.003625594,4353989.159796485,-457622.70099545474,0.0
4571,186.1256,46.75,-6.0,2024-07-31 00:00:00,0.0987569,-0.007882283,4353989.159796485,-457622.70099545474,0.0
4751,222.4752,46.75,-6.0,2024-07-31 00:00:00,0.09394149,-0.018230425,4353989.159796485,-457622.70099545474,0.0
4931,266.0403,46.75,-6.0,2024-07-31 00:00:00,0.08182015,-0.021861574,4353989.159796485,-457622.70099545474,0.0
5111,318.1274,46.75,-6.0,2024-07-31 00:00:00,0.07426734,-0.019566689,4353989.159796485,-457622.70099545474,0.0
5291,380.213,46.75,-6.0,2024-07-31 00:00:00,0.0678988,-0.007509346,4353989.159796485,-457622.70099545474,0.0
5471,453.9377,46.75,-6.0,2024-07-31 00:00:00,0.0509694,-0.0072862925,4353989.159796485,-457622.70099545474,0.0
5651,541.0889,46.75,-6.0,2024-07-31 00:00:00,0.049473595,-0.0032952125,4353989.159796485,-457622.70099545474,0.0
5831,643.5668,46.75,-6.0,2024-07-31 00:00:00,0.031080239,0.013550269,4353989.159796485,-457622.70099545474,0.0
6011,763.3331,46.75,-6.0,2024-07-31 00:00:00,0.0486413,0.025876397,4353989.159796485,-457622.70099545474,0.0
6191,902.3393,46.75,-6.0,2024-07-31 00:00:00,0.083564,0.0123690255,4353989.159796485,-457622.70099545474,0.0
80,0.494025,46.833336,-6.25,2024-07-31 00:00:00,0.05048872,-0.017525297,4345238.723142079,-475881.0361998027,0.0
260,1.541375,46.833336,-6.25,2024-07-31 00:00:00,0.051738784,-0.012293075,4345238.723142079,-475881.0361998027,0.0
440,2.645669,46.833336,-6.25,2024-07-31 00:00:00,0.05325848,-0.0073827934,4345238.723142079,-475881.0361998027,0.0
620,3.819495,46.833336,-6.25,2024-07-31 00:00:00,0.05484095,-0.0032914607,4345238.723142079,-475881.0361998027,0.0
800,5.078224,46.833336,-6.25,2024-07-31 00:00:00,0.056363627,-0.00010962365,4345238.723142079,-475881.0361998027,0.0
980,6.440614,46.833336,-6.25,2024-07-31 00:00:00,0.05786934,0.002368417,4345238.723142079,-475881.0361998027,0.0
1160,7.92956,46.833336,-6.25,2024-07-31 00:00:00,0.059845634,0.004669354,4345238.723142079,-475881.0361998027,0.0
1340,9.572997,46.833336,-6.25,2024-07-31 00:00:00,0.08474337,0.0073542204,4345238.723142079,-475881.0361998027,0.0
1520,11.405,46.833336,-6.25,2024-07-31 00:00:00,0.088953786,0.0009638048,4345238.723142079,-475881.0361998027,0.0
1700,13.46714,46.833336,-6.25,2024-07-31 00:00:00,0.07733589,0.012851561,4345238.723142079,-475881.0361998027,0.0
1880,15.81007,46.833336,-6.25,2024-07-31 00:00:00,0.07098684,0.009555403,4345238.723142079,-475881.0361998027,0.0
2060,18.49556,46.833336,-6.25,2024-07-31 00:00:00,0.06784031,0.009432435,4345238.723142079,-475881.0361998027,0.0
2240,21.59882,46.833336,-6.25,2024-07-31 00:00:00,0.06803323,0.004938911,4345238.723142079,-475881.0361998027,0.0
2420,25.21141,46.833336,-6.25,2024-07-31 00:00:00,0.07186897,-0.0041108974,4345238.723142079,-475881.0361998027,0.0
2600,29.44473,46.833336,-6.25,2024-07-31 00:00:00,0.07821462,-0.015491771,4345238.723142079,-475881.0361998027,0.0
2780,34.43415,46.833336,-6.25,2024-07-31 00:00:00,0.08313713,-0.03019482,4345238.723142079,-475881.0361998027,0.0
2960,40.34405,46.833336,-6.25,2024-07-31 00:00:00,0.075238734,-0.042633492,4345238.723142079,-475881.0361998027,0.0
3140,47.37369,46.833336,-6.25,2024-07-31 00:00:00,0.04628883,-0.041701663,4345238.723142079,-475881.0361998027,0.0
3320,55.76429,46.833336,-6.25,2024-07-31 00:00:00,0.018384239,-0.0244188,4345238.723142079,-475881.0361998027,0.0
3500,65.80727,46.833336,-6.25,2024-07-31 00:00:00,0.015692016,-0.009414327,4345238.723142079,-475881.0361998027,0.0
3680,77.85385,46.833336,-6.25,2024-07-31 00:00:00,0.024428032,-0.009111479,4345238.723142079,-475881.0361998027,0.0
3860,92.32607,46.833336,-6.25,2024-07-31 00:00:00,0.027461922,-0.01599251,4345238.723142079,-475881.0361998027,0.0
4040,109.7293,46.833336,-6.25,2024-07-31 00:00:00,0.02665627,-0.020780003,4345238.723142079,-475881.0361998027,0.0
4220,130.666,46.833336,-6.25,2024-07-31 00:00:00,0.02686434,-0.02218033,4345238.723142079,-475881.0361998027,0.0
4400,155.8507,46.833336,-6.25,2024-07-31 00:00:00,0.027426064,-0.020449193,4345238.723142079,-475881.0361998027,0.0
4580,186.1256,46.833336,-6.25,2024-07-31 00:00:00,0.03123108,-0.01689348,4345238.723142079,-475881.0361998027,0.0
4760,222.4752,46.833336,-6.25,2024-07-31 00:00:00,0.031827245,-0.017045194,4345238.723142079,-475881.0361998027,0.0
4940,266.0403,46.833336,-6.25,2024-07-31 00:00:00,0.033766378,-0.016226776,4345238.723142079,-475881.0361998027,0.0
5120,318.1274,46.833336,-6.25,2024-07-31 00:00:00,0.039887648,-0.014325549,4345238.723142079,-475881.0361998027,0.0
5300,380.213,46.833336,-6.25,2024-07-31 00:00:00,0.042873867,-0.008192691,4345238.723142079,-475881.0361998027,0.0
5480,453.9377,46.833336,-6.25,2024-07-31 00:00:00,0.05581232,0.003057737,4345238.723142079,-475881.0361998027,0.0
5660,541.0889,46.833336,-6.25,2024-07-31 00:00:00,0.087414466,0.014448683,4345238.723142079,-475881.0361998027,0.0
5840,643.5668,46.833336,-6.25,2024-07-31 00:00:00,0.1038053,0.03057384,4345238.723142079,-475881.0361998027,0.0
6020,763.3331,46.833336,-6.25,2024-07-31 00:00:00,0.09585854,0.05233766,4345238.723142079,-475881.0361998027,0.0
6200,902.3393,46.833336,-6.25,2024-07-31 00:00:00,0.10088155,0.09949651,4345238.723142079,-475881.0361998027,0.0
89,0.494025,46.833336,-6.1666565,2024-07-31 00:00:00,0.043746665,-0.029479424,4345926.351221016,-469559.8699535443,0.0
269,1.541375,46.833336,-6.1666565,2024-07-31 00:00:00,0.044842742,-0.024134431,4345926.351221016,-469559.8699535443,0.0
449,2.645669,46.833336,-6.1666565,2024-07-31 00:00:00,0.04623282,-0.019126443,4345926.351221016,-469559.8699535443,0.0
629,3.819495,46.833336,-6.1666565,2024-07-31 00:00:00,0.047696814,-0.014989955,4345926.351221016,-469559.8699535443,0.0
809,5.078224,46.833336,-6.1666565,2024-07-31 00:00:00,0.049098823,-0.011807393,4345926.351221016,-469559.8699535443,0.0
989,6.440614,46.833336,-6.1666565,2024-07-31 00:00:00,0.050461378,-0.009369435,4345926.351221016,-469559.8699535443,0.0
1169,7.92956,46.833336,-6.1666565,2024-07-31 00:00:00,0.052237842,-0.0071327635,4345926.351221016,-469559.8699535443,0.0
1349,9.572997,46.833336,-6.1666565,2024-07-31 00:00:00,0.081220806,-0.010334102,4345926.351221016,-469559.8699535443,0.0
1529,11.405,46.833336,-6.1666565,2024-07-31 00:00:00,0.070767485,-0.0052941483,4345926.351221016,-469559.8699535443,0.0
1709,13.46714,46.833336,-6.1666565,2024-07-31 00:00:00,0.056494802,0.011395127,4345926.351221016,-469559.8699535443,0.0
1889,15.81007,46.833336,-6.1666565,2024-07-31 00:00:00,0.050822396,0.016313491,4345926.351221016,-469559.8699535443,0.0
2069,18.49556,46.833336,-6.1666565,2024-07-31 00:00:00,0.052195955,0.019088943,4345926.351221016,-469559.8699535443,0.0
2249,21.59882,46.833336,-6.1666565,2024-07-31 00:00:00,0.060633052,0.013691584,4345926.351221016,-469559.8699535443,0.0
2429,25.21141,46.833336,-6.1666565,2024-07-31 00:00:00,0.07532709,0.0010584556,4345926.351221016,-469559.8699535443,0.0
2609,29.44473,46.833336,-6.1666565,2024-07-31 00:00:00,0.093422405,-0.01946252,4345926.351221016,-469559.8699535443,0.0
2789,34.43415,46.833336,-6.1666565,2024-07-31 00:00:00,0.10499501,-0.050531525,4345926.351221016,-469559.8699535443,0.0
2969,40.34405,46.833336,-6.1666565,2024-07-31 00:00:00,0.089413665,-0.08000765,4345926.351221016,-469559.8699535443,0.0
3149,47.37369,46.833336,-6.1666565,2024-07-31 00:00:00,0.041260377,-0.08233441,4345926.351221016,-469559.8699535443,0.0
3329,55.76429,46.833336,-6.1666565,2024-07-31 00:00:00,0.0006474182,-0.050441254,4345926.351221016,-469559.8699535443,0.0
3509,65.80727,46.833336,-6.1666565,2024-07-31 00:00:00,0.0013545258,-0.0131084435,4345926.351221016,-469559.8699535443,0.0
3689,77.85385,46.833336,-6.1666565,2024-07-31 00:00:00,0.023017008,-0.0038463683,4345926.351221016,-469559.8699535443,0.0
3869,92.32607,46.833336,-6.1666565,2024-07-31 00:00:00,0.03447549,-0.014425233,4345926.351221016,-469559.8699535443,0.0
4049,109.7293,46.833336,-6.1666565,2024-07-31 00:00:00,0.036372032,-0.02288188,4345926.351221016,-469559.8699535443,0.0
4229,130.666,46.833336,-6.1666565,2024-07-31 00:00:00,0.039618563,-0.02656814,4345926.351221016,-469559.8699535443,0.0
4409,155.8507,46.833336,-6.1666565,2024-07-31 00:00:00,0.04175839,-0.0256469,4345926.351221016,-469559.8699535443,0.0
4589,186.1256,46.833336,-6.1666565,2024-07-31 00:00:00,0.04518232,-0.02176605,4345926.351221016,-469559.8699535443,0.0
4769,222.4752,46.833336,-6.1666565,2024-07-31 00:00:00,0.04375248,-0.020412287,4345926.351221016,-469559.8699535443,0.0
4949,266.0403,46.833336,-6.1666565,2024-07-31 00:00:00,0.03827798,-0.021758918,4345926.351221016,-469559.8699535443,0.0
5129,318.1274,46.833336,-6.1666565,2024-07-31 00:00:00,0.03983996,-0.01955637,4345926.351221016,-469559.8699535443,0.0
5309,380.213,46.833336,-6.1666565,2024-07-31 00:00:00,0.04542093,-0.014152559,4345926.351221016,-469559.8699535443,0.0
5489,453.9377,46.833336,-6.1666565,2024-07-31 00:00:00,0.043131854,-0.00083220925,4345926.351221016,-469559.8699535443,0.0
5669,541.0889,46.833336,-6.1666565,2024-07-31 00:00:00,0.0756415,0.0091325315,4345926.351221016,-469559.8699535443,0.0
5849,643.5668,46.833336,-6.1666565,2024-07-31 00:00:00,0.0719767,0.032909133,4345926.351221016,-469559.8699535443,0.0
6029,763.3331,46.833336,-6.1666565,2024-07-31 00:00:00,0.06125638,0.056690052,4345926.351221016,-469559.8699535443,0.0
6209,902.3393,46.833336,-6.1666565,2024-07-31 00:00:00,0.09009181,0.09767713,4345926.351221016,-469559.8699535443,0.0
98,0.494025,46.833336,-6.0833282,2024-07-31 00:00:00,0.039591227,-0.04718189,4346604.66032198,-463238.86772943556,0.0
278,1.541375,46.833336,-6.0833282,2024-07-31 00:00:00,0.040561054,-0.041743767,4346604.66032198,-463238.86772943556,0.0
458,2.645669,46.833336,-6.0833282,2024-07-31 00:00:00,0.04185041,-0.036636785,4346604.66032198,-463238.86772943556,0.0
638,3.819495,46.833336,-6.0833282,2024-07-31 00:00:00,0.043230657,-0.03243018,4346604.66032198,-463238.86772943556,0.0
818,5.078224,46.833336,-6.0833282,2024-07-31 00:00:00,0.044560038,-0.0291818,4346604.66032198,-463238.86772943556,0.0
998,6.440614,46.833336,-6.0833282,2024-07-31 00:00:00,0.045856617,-0.02662597,4346604.66032198,-463238.86772943556,0.0
1178,7.92956,46.833336,-6.0833282,2024-07-31 00:00:00,0.047581248,-0.024044082,4346604.66032198,-463238.86772943556,0.0
1358,9.572997,46.833336,-6.0833282,2024-07-31 00:00:00,0.07295788,-0.028947273,4346604.66032198,-463238.86772943556,0.0
1538,11.405,46.833336,-6.0833282,2024-07-31 00:00:00,0.057287715,-0.017762056,4346604.66032198,-463238.86772943556,0.0
1718,13.46714,46.833336,-6.0833282,2024-07-31 00:00:00,0.040738657,-1.1357712e-05,4346604.66032198,-463238.86772943556,0.0
1898,15.81007,46.833336,-6.0833282,2024-07-31 00:00:00,0.028968045,0.0110514015,4346604.66032198,-463238.86772943556,0.0
2078,18.49556,46.833336,-6.0833282,2024-07-31 00:00:00,0.030440185,0.018746726,4346604.66032198,-463238.86772943556,0.0
2258,21.59882,46.833336,-6.0833282,2024-07-31 00:00:00,0.043856777,0.017841455,4346604.66032198,-463238.86772943556,0.0
2438,25.21141,46.833336,-6.0833282,2024-07-31 00:00:00,0.067401856,0.009042828,4346604.66032198,-463238.86772943556,0.0
2618,29.44473,46.833336,-6.0833282,2024-07-31 00:00:00,0.09734222,-0.011303341,4346604.66032198,-463238.86772943556,0.0
2798,34.43415,46.833336,-6.0833282,2024-07-31 00:00:00,0.119287744,-0.04918889,4346604.66032198,-463238.86772943556,0.0
2978,40.34405,46.833336,-6.0833282,2024-07-31 00:00:00,0.10513277,-0.093695015,4346604.66032198,-463238.86772943556,0.0
3158,47.37369,46.833336,-6.0833282,2024-07-31 00:00:00,0.04444941,-0.10656345,4346604.66032198,-463238.86772943556,0.0
3338,55.76429,46.833336,-6.0833282,2024-07-31 00:00:00,-0.0091054905,-0.068987116,4346604.66032198,-463238.86772943556,0.0
3518,65.80727,46.833336,-6.0833282,2024-07-31 00:00:00,-0.012496713,-0.013095772,4346604.66032198,-463238.86772943556,0.0
3698,77.85385,46.833336,-6.0833282,2024-07-31 00:00:00,0.017508686,0.011499711,4346604.66032198,-463238.86772943556,0.0
3878,92.32607,46.833336,-6.0833282,2024-07-31 00:00:00,0.038756225,0.005106528,4346604.66032198,-463238.86772943556,0.0
4058,109.7293,46.833336,-6.0833282,2024-07-31 00:00:00,0.04645362,-0.0059904363,4346604.66032198,-463238.86772943556,0.0
4238,130.666,46.833336,-6.0833282,2024-07-31 00:00:00,0.052934233,-0.013433253,4346604.66032198,-463238.86772943556,0.0
4418,155.8507,46.833336,-6.0833282,2024-07-31 00:00:00,0.06104311,-0.0154928025,4346604.66032198,-463238.86772943556,0.0
4598,186.1256,46.833336,-6.0833282,2024-07-31 00:00:00,0.06289526,-0.017110739,4346604.66032198,-463238.86772943556,0.0
4778,222.4752,46.833336,-6.0833282,2024-07-31 00:00:00,0.056344017,-0.01994792,4346604.66032198,-463238.86772943556,0.0
4958,266.0403,46.833336,-6.0833282,2024-07-31 00:00:00,0.049274437,-0.019865945,4346604.66032198,-463238.86772943556,0.0
5138,318.1274,46.833336,-6.0833282,2024-07-31 00:00:00,0.038274392,-0.015558854,4346604.66032198,-463238.86772943556,0.0
5318,380.213,46.833336,-6.0833282,2024-07-31 00:00:00,0.03322415,-0.0014162258,4346604.66032198,-463238.86772943556,0.0
5498,453.9377,46.833336,-6.0833282,2024-07-31 00:00:00,0.029332455,0.004153918,4346604.66032198,-463238.86772943556,0.0
5678,541.0889,46.833336,-6.0833282,2024-07-31 00:00:00,0.045522284,0.018016243,4346604.66032198,-463238.86772943556,0.0
5858,643.5668,46.833336,-6.0833282,2024-07-31 00:00:00,0.03524947,0.04452519,4346604.66032198,-463238.86772943556,0.0
6038,763.3331,46.833336,-6.0833282,2024-07-31 00:00:00,0.038232576,0.06894595,4346604.66032198,-463238.86772943556,0.0
6218,902.3393,46.833336,-6.0833282,2024-07-31 00:00:00,0.074117936,0.08052211,4346604.66032198,-463238.86772943556,0.0
107,0.494025,46.833336,-6.0,2024-07-31 00:00:00,0.042848714,-0.06343699,4347273.775744883,-456916.88569019584,0.0
287,1.541375,46.833336,-6.0,2024-07-31 00:00:00,0.0437737,-0.05794324,4347273.775744883,-456916.88569019584,0.0
467,2.645669,46.833336,-6.0,2024-07-31 00:00:00,0.04503673,-0.05278181,4347273.775744883,-456916.88569019584,0.0
647,3.819495,46.833336,-6.0,2024-07-31 00:00:00,0.046394445,-0.048568826,4347273.775744883,-456916.88569019584,0.0
827,5.078224,46.833336,-6.0,2024-07-31 00:00:00,0.047700416,-0.04534794,4347273.775744883,-456916.88569019584,0.0
1007,6.440614,46.833336,-6.0,2024-07-31 00:00:00,0.04897018,-0.042823013,4347273.775744883,-456916.88569019584,0.0
1187,7.92956,46.833336,-6.0,2024-07-31 00:00:00,0.0506576,-0.04023607,4347273.775744883,-456916.88569019584,0.0
1367,9.572997,46.833336,-6.0,2024-07-31 00:00:00,0.07491763,-0.043600496,4347273.775744883,-456916.88569019584,0.0
1547,11.405,46.833336,-6.0,2024-07-31 00:00:00,0.05874864,-0.031744298,4347273.775744883,-456916.88569019584,0.0
1727,13.46714,46.833336,-6.0,2024-07-31 00:00:00,0.042649493,-0.017574076,4347273.775744883,-456916.88569019584,0.0
1907,15.81007,46.833336,-6.0,2024-07-31 00:00:00,0.022437742,-0.0061902707,4347273.775744883,-456916.88569019584,0.0
2087,18.49556,46.833336,-6.0,2024-07-31 00:00:00,0.015898122,0.007131963,4347273.775744883,-456916.88569019584,0.0
2267,21.59882,46.833336,-6.0,2024-07-31 00:00:00,0.025014456,0.015147074,4347273.775744883,-456916.88569019584,0.0
2447,25.21141,46.833336,-6.0,2024-07-31 00:00:00,0.04703807,0.016112741,4347273.775744883,-456916.88569019584,0.0
2627,29.44473,46.833336,-6.0,2024-07-31 00:00:00,0.078701966,0.0043025827,4347273.775744883,-456916.88569019584,0.0
2807,34.43415,46.833336,-6.0,2024-07-31 00:00:00,0.108770415,-0.030041514,4347273.775744883,-456916.88569019584,0.0
2987,40.34405,46.833336,-6.0,2024-07-31 00:00:00,0.109077364,-0.0827997,4347273.775744883,-456916.88569019584,0.0
3167,47.37369,46.833336,-6.0,2024-07-31 00:00:00,0.057008624,-0.11183958,4347273.775744883,-456916.88569019584,0.0
3347,55.76429,46.833336,-6.0,2024-07-31 00:00:00,-0.0016592939,-0.079738736,4347273.775744883,-456916.88569019584,0.0
3527,65.80727,46.833336,-6.0,2024-07-31 00:00:00,-0.016639326,-0.017402723,4347273.775744883,-456916.88569019584,0.0
3707,77.85385,46.833336,-6.0,2024-07-31 00:00:00,0.010832676,0.020266825,4347273.775744883,-456916.88569019584,0.0
3887,92.32607,46.833336,-6.0,2024-07-31 00:00:00,0.041653402,0.022159616,4347273.775744883,-456916.88569019584,0.0
4067,109.7293,46.833336,-6.0,2024-07-31 00:00:00,0.05593809,0.011746408,4347273.775744883,-456916.88569019584,0.0
4247,130.666,46.833336,-6.0,2024-07-31 00:00:00,0.06413241,0.00137744,4347273.775744883,-456916.88569019584,0.0
4427,155.8507,46.833336,-6.0,2024-07-31 00:00:00,0.071591526,-0.005108586,4347273.775744883,-456916.88569019584,0.0
4607,186.1256,46.833336,-6.0,2024-07-31 00:00:00,0.073896095,-0.007214474,4347273.775744883,-456916.88569019584,0.0
4787,222.4752,46.833336,-6.0,2024-07-31 00:00:00,0.06895095,-0.017959246,4347273.775744883,-456916.88569019584,0.0
4967,266.0403,46.833336,-6.0,2024-07-31 00:00:00,0.062918164,-0.023944255,4347273.775744883,-456916.88569019584,0.0
5147,318.1274,46.833336,-6.0,2024-07-31 00:00:00,0.046883114,-0.013429142,4347273.775744883,-456916.88569019584,0.0
5327,380.213,46.833336,-6.0,2024-07-31 00:00:00,0.03601955,-0.0036532693,4347273.775744883,-456916.88569019584,0.0
5507,453.9377,46.833336,-6.0,2024-07-31 00:00:00,0.027625348,0.0019855304,4347273.775744883,-456916.88569019584,0.0
5687,541.0889,46.833336,-6.0,2024-07-31 00:00:00,0.028518558,0.014598595,4347273.775744883,-456916.88569019584,0.0
5867,643.5668,46.833336,-6.0,2024-07-31 00:00:00,0.02048144,0.03805039,4347273.775744883,-456916.88569019584,0.0
6047,763.3331,46.833336,-6.0,2024-07-31 00:00:00,0.043263767,0.043199144,4347273.775744883,-456916.88569019584,0.0
6227,902.3393,46.833336,-6.0,2024-07-31 00:00:00,0.05858073,0.042052604,4347273.775744883,-456916.88569019584,0.0
116,0.494025,46.91667,-6.25,2024-07-31 00:00:00,0.08180695,-0.03905436,4338517.220887722,-475144.9119816816,0.0
296,1.541375,46.91667,-6.25,2024-07-31 00:00:00,0.08311171,-0.034112606,4338517.220887722,-475144.9119816816,0.0
476,2.645669,46.91667,-6.25,2024-07-31 00:00:00,0.084658764,-0.029373735,4338517.220887722,-475144.9119816816,0.0
656,3.819495,46.91667,-6.25,2024-07-31 00:00:00,0.08628819,-0.025218634,4338517.220887722,-475144.9119816816,0.0
836,5.078224,46.91667,-6.25,2024-07-31 00:00:00,0.087889835,-0.021792736,4338517.220887722,-475144.9119816816,0.0
1016,6.440614,46.91667,-6.25,2024-07-31 00:00:00,0.08951928,-0.018948521,4338517.220887722,-475144.9119816816,0.0
1196,7.92956,46.91667,-6.25,2024-07-31 00:00:00,0.0915628,-0.016335081,4338517.220887722,-475144.9119816816,0.0
1376,9.572997,46.91667,-6.25,2024-07-31 00:00:00,0.10134553,-0.012221614,4338517.220887722,-475144.9119816816,0.0
1556,11.405,46.91667,-6.25,2024-07-31 00:00:00,0.12493562,-0.021065779,4338517.220887722,-475144.9119816816,0.0
1736,13.46714,46.91667,-6.25,2024-07-31 00:00:00,0.112202495,-0.012341086,4338517.220887722,-475144.9119816816,0.0
1916,15.81007,46.91667,-6.25,2024-07-31 00:00:00,0.10491901,-0.017799795,4338517.220887722,-475144.9119816816,0.0
2096,18.49556,46.91667,-6.25,2024-07-31 00:00:00,0.09906434,-0.021186145,4338517.220887722,-475144.9119816816,0.0
2276,21.59882,46.91667,-6.25,2024-07-31 00:00:00,0.09746285,-0.023830507,4338517.220887722,-475144.9119816816,0.0
2456,25.21141,46.91667,-6.25,2024-07-31 00:00:00,0.10079798,-0.030352414,4338517.220887722,-475144.9119816816,0.0
2636,29.44473,46.91667,-6.25,2024-07-31 00:00:00,0.107682034,-0.04045888,4338517.220887722,-475144.9119816816,0.0
2816,34.43415,46.91667,-6.25,2024-07-31 00:00:00,0.11504717,-0.05077094,4338517.220887722,-475144.9119816816,0.0
2996,40.34405,46.91667,-6.25,2024-07-31 00:00:00,0.11289705,-0.057347883,4338517.220887722,-475144.9119816816,0.0
3176,47.37369,46.91667,-6.25,2024-07-31 00:00:00,0.09411138,-0.054908313,4338517.220887722,-475144.9119816816,0.0
3356,55.76429,46.91667,-6.25,2024-07-31 00:00:00,0.0727121,-0.04190555,4338517.220887722,-475144.9119816816,0.0
3536,65.80727,46.91667,-6.25,2024-07-31 00:00:00,0.067504555,-0.025121266,4338517.220887722,-475144.9119816816,0.0
3716,77.85385,46.91667,-6.25,2024-07-31 00:00:00,0.07249944,-0.014983665,4338517.220887722,-475144.9119816816,0.0
3896,92.32607,46.91667,-6.25,2024-07-31 00:00:00,0.07743175,-0.016019603,4338517.220887722,-475144.9119816816,0.0
4076,109.7293,46.91667,-6.25,2024-07-31 00:00:00,0.07394074,-0.021830592,4338517.220887722,-475144.9119816816,0.0
4256,130.666,46.91667,-6.25,2024-07-31 00:00:00,0.07096695,-0.024806093,4338517.220887722,-475144.9119816816,0.0
4436,155.8507,46.91667,-6.25,2024-07-31 00:00:00,0.06087761,-0.02107547,4338517.220887722,-475144.9119816816,0.0
4616,186.1256,46.91667,-6.25,2024-07-31 00:00:00,0.052512307,-0.013643348,4338517.220887722,-475144.9119816816,0.0
4796,222.4752,46.91667,-6.25,2024-07-31 00:00:00,0.04386377,-0.0098349545,4338517.220887722,-475144.9119816816,0.0
4976,266.0403,46.91667,-6.25,2024-07-31 00:00:00,0.035832413,-0.003833636,4338517.220887722,-475144.9119816816,0.0
5156,318.1274,46.91667,-6.25,2024-07-31 00:00:00,0.03802345,0.003978605,4338517.220887722,-475144.9119816816,0.0
5336,380.213,46.91667,-6.25,2024-07-31 00:00:00,0.0463248,0.01914632,4338517.220887722,-475144.9119816816,0.0
5516,453.9377,46.91667,-6.25,2024-07-31 00:00:00,0.058639307,0.030660843,4338517.220887722,-475144.9119816816,0.0
5696,541.0889,46.91667,-6.25,2024-07-31 00:00:00,0.060445152,0.040914647,4338517.220887722,-475144.9119816816,0.0
5876,643.5668,46.91667,-6.25,2024-07-31 00:00:00,0.038836606,0.06472011,4338517.220887722,-475144.9119816816,0.0
6056,763.3331,46.91667,-6.25,2024-07-31 00:00:00,0.021410313,0.07296676,4338517.220887722,-475144.9119816816,0.0
6236,902.3393,46.91667,-6.25,2024-07-31 00:00:00,0.033735044,0.10715381,4338517.220887722,-475144.9119816816,0.0
125,0.494025,46.91667,-6.1666565,2024-07-31 00:00:00,0.066681236,-0.04936376,4339203.78529813,-468833.52373287774,0.0
305,1.541375,46.91667,-6.1666565,2024-07-31 00:00:00,0.06784935,-0.044348136,4339203.78529813,-468833.52373287774,0.0
485,2.645669,46.91667,-6.1666565,2024-07-31 00:00:00,0.06927213,-0.039583083,4339203.78529813,-468833.52373287774,0.0
665,3.819495,46.91667,-6.1666565,2024-07-31 00:00:00,0.07077123,-0.035517965,4339203.78529813,-468833.52373287774,0.0
845,5.078224,46.91667,-6.1666565,2024-07-31 00:00:00,0.07222724,-0.032290097,4339203.78529813,-468833.52373287774,0.0
1025,6.440614,46.91667,-6.1666565,2024-07-31 00:00:00,0.07370001,-0.02968406,4339203.78529813,-468833.52373287774,0.0
1205,7.92956,46.91667,-6.1666565,2024-07-31 00:00:00,0.07560844,-0.027268007,4339203.78529813,-468833.52373287774,0.0
1385,9.572997,46.91667,-6.1666565,2024-07-31 00:00:00,0.09683775,-0.01937572,4339203.78529813,-468833.52373287774,0.0
1565,11.405,46.91667,-6.1666565,2024-07-31 00:00:00,0.0996567,-0.023328844,4339203.78529813,-468833.52373287774,0.0
1745,13.46714,46.91667,-6.1666565,2024-07-31 00:00:00,0.08595788,-0.011408799,4339203.78529813,-468833.52373287774,0.0
1925,15.81007,46.91667,-6.1666565,2024-07-31 00:00:00,0.07877679,-0.011968192,4339203.78529813,-468833.52373287774,0.0
2105,18.49556,46.91667,-6.1666565,2024-07-31 00:00:00,0.07754843,-0.01163809,4339203.78529813,-468833.52373287774,0.0
2285,21.59882,46.91667,-6.1666565,2024-07-31 00:00:00,0.08507923,-0.013219044,4339203.78529813,-468833.52373287774,0.0
2465,25.21141,46.91667,-6.1666565,2024-07-31 00:00:00,0.10007193,-0.021264393,4339203.78529813,-468833.52373287774,0.0
2645,29.44473,46.91667,-6.1666565,2024-07-31 00:00:00,0.11758767,-0.036510516,4339203.78529813,-468833.52373287774,0.0
2825,34.43415,46.91667,-6.1666565,2024-07-31 00:00:00,0.12851653,-0.05687188,4339203.78529813,-468833.52373287774,0.0
3005,40.34405,46.91667,-6.1666565,2024-07-31 00:00:00,0.11775449,-0.07491422,4339203.78529813,-468833.52373287774,0.0
3185,47.37369,46.91667,-6.1666565,2024-07-31 00:00:00,0.08355892,-0.07563455,4339203.78529813,-468833.52373287774,0.0
3365,55.76429,46.91667,-6.1666565,2024-07-31 00:00:00,0.05150303,-0.052270643,4339203.78529813,-468833.52373287774,0.0
3545,65.80727,46.91667,-6.1666565,2024-07-31 00:00:00,0.044582423,-0.016921116,4339203.78529813,-468833.52373287774,0.0
3725,77.85385,46.91667,-6.1666565,2024-07-31 00:00:00,0.054587573,0.0036258637,4339203.78529813,-468833.52373287774,0.0
3905,92.32607,46.91667,-6.1666565,2024-07-31 00:00:00,0.06382493,0.0071094637,4339203.78529813,-468833.52373287774,0.0
4085,109.7293,46.91667,-6.1666565,2024-07-31 00:00:00,0.06410054,-0.0022559671,4339203.78529813,-468833.52373287774,0.0
4265,130.666,46.91667,-6.1666565,2024-07-31 00:00:00,0.063797966,-0.011155799,4339203.78529813,-468833.52373287774,0.0
4445,155.8507,46.91667,-6.1666565,2024-07-31 00:00:00,0.056119792,-0.012534785,4339203.78529813,-468833.52373287774,0.0
4625,186.1256,46.91667,-6.1666565,2024-07-31 00:00:00,0.045039233,-0.0051412606,4339203.78529813,-468833.52373287774,0.0
4805,222.4752,46.91667,-6.1666565,2024-07-31 00:00:00,0.03162375,-0.007924209,4339203.78529813,-468833.52373287774,0.0
4985,266.0403,46.91667,-6.1666565,2024-07-31 00:00:00,0.023997033,-0.007950555,4339203.78529813,-468833.52373287774,0.0
5165,318.1274,46.91667,-6.1666565,2024-07-31 00:00:00,0.018399177,-0.0007025928,4339203.78529813,-468833.52373287774,0.0
5345,380.213,46.91667,-6.1666565,2024-07-31 00:00:00,0.0279669,0.010702965,4339203.78529813,-468833.52373287774,0.0
5525,453.9377,46.91667,-6.1666565,2024-07-31 00:00:00,0.04283798,0.038973413,4339203.78529813,-468833.52373287774,0.0
5705,541.0889,46.91667,-6.1666565,2024-07-31 00:00:00,0.040798575,0.050237224,4339203.78529813,-468833.52373287774,0.0
5885,643.5668,46.91667,-6.1666565,2024-07-31 00:00:00,0.025351925,0.07123347,4339203.78529813,-468833.52373287774,0.0
6065,763.3331,46.91667,-6.1666565,2024-07-31 00:00:00,0.015159372,0.090781614,4339203.78529813,-468833.52373287774,0.0
6245,902.3393,46.91667,-6.1666565,2024-07-31 00:00:00,0.017318267,0.115884,4339203.78529813,-468833.52373287774,0.0
134,0.494025,46.91667,-6.0833282,2024-07-31 00:00:00,0.06265824,-0.05676891,4339881.045145775,-462522.2992525033,0.0
314,1.541375,46.91667,-6.0833282,2024-07-31 00:00:00,0.063719735,-0.051653165,4339881.045145775,-462522.2992525033,0.0
494,2.645669,46.91667,-6.0833282,2024-07-31 00:00:00,0.065042205,-0.04680109,4339881.045145775,-462522.2992525033,0.0
674,3.819495,46.91667,-6.0833282,2024-07-31 00:00:00,0.06643218,-0.042722955,4339881.045145775,-462522.2992525033,0.0
854,5.078224,46.91667,-6.0833282,2024-07-31 00:00:00,0.06776456,-0.03954772,4339881.045145775,-462522.2992525033,0.0
1034,6.440614,46.91667,-6.0833282,2024-07-31 00:00:00,0.06909396,-0.037012763,4339881.045145775,-462522.2992525033,0.0
1214,7.92956,46.91667,-6.0833282,2024-07-31 00:00:00,0.0708396,-0.034655858,4339881.045145775,-462522.2992525033,0.0
1394,9.572997,46.91667,-6.0833282,2024-07-31 00:00:00,0.094393045,-0.02993444,4339881.045145775,-462522.2992525033,0.0
1574,11.405,46.91667,-6.0833282,2024-07-31 00:00:00,0.084544644,-0.022714322,4339881.045145775,-462522.2992525033,0.0
1754,13.46714,46.91667,-6.0833282,2024-07-31 00:00:00,0.07211491,-0.012475762,4339881.045145775,-462522.2992525033,0.0
1934,15.81007,46.91667,-6.0833282,2024-07-31 00:00:00,0.060452964,-0.008825441,4339881.045145775,-462522.2992525033,0.0
2114,18.49556,46.91667,-6.0833282,2024-07-31 00:00:00,0.05858429,-0.0016541905,4339881.045145775,-462522.2992525033,0.0
2294,21.59882,46.91667,-6.0833282,2024-07-31 00:00:00,0.06901954,0.0014753053,4339881.045145775,-462522.2992525033,0.0
2474,25.21141,46.91667,-6.0833282,2024-07-31 00:00:00,0.08921867,-0.0038319728,4339881.045145775,-462522.2992525033,0.0
2654,29.44473,46.91667,-6.0833282,2024-07-31 00:00:00,0.11311888,-0.019826274,4339881.045145775,-462522.2992525033,0.0
2834,34.43415,46.91667,-6.0833282,2024-07-31 00:00:00,0.1284299,-0.048093677,4339881.045145775,-462522.2992525033,0.0
3014,40.34405,46.91667,-6.0833282,2024-07-31 00:00:00,0.116485916,-0.08034027,4339881.045145775,-462522.2992525033,0.0
3194,47.37369,46.91667,-6.0833282,2024-07-31 00:00:00,0.07437517,-0.090506546,4339881.045145775,-462522.2992525033,0.0
3374,55.76429,46.91667,-6.0833282,2024-07-31 00:00:00,0.03212766,-0.06492897,4339881.045145775,-462522.2992525033,0.0
3554,65.80727,46.91667,-6.0833282,2024-07-31 00:00:00,0.015662828,-0.022380158,4339881.045145775,-462522.2992525033,0.0
3734,77.85385,46.91667,-6.0833282,2024-07-31 00:00:00,0.023607606,0.0034850228,4339881.045145775,-462522.2992525033,0.0
3914,92.32607,46.91667,-6.0833282,2024-07-31 00:00:00,0.03790975,0.0096033225,4339881.045145775,-462522.2992525033,0.0
4094,109.7293,46.91667,-6.0833282,2024-07-31 00:00:00,0.044702105,0.0071915104,4339881.045145775,-462522.2992525033,0.0
4274,130.666,46.91667,-6.0833282,2024-07-31 00:00:00,0.04821279,0.001943738,4339881.045145775,-462522.2992525033,0.0
4454,155.8507,46.91667,-6.0833282,2024-07-31 00:00:00,0.043676473,-0.0009467873,4339881.045145775,-462522.2992525033,0.0
4634,186.1256,46.91667,-6.0833282,2024-07-31 00:00:00,0.038190033,-0.008945234,4339881.045145775,-462522.2992525033,0.0
4814,222.4752,46.91667,-6.0833282,2024-07-31 00:00:00,0.027655866,-0.012922795,4339881.045145775,-462522.2992525033,0.0
4994,266.0403,46.91667,-6.0833282,2024-07-31 00:00:00,0.016816355,-0.010840089,4339881.045145775,-462522.2992525033,0.0
5174,318.1274,46.91667,-6.0833282,2024-07-31 00:00:00,0.017926432,-0.0018418538,4339881.045145775,-462522.2992525033,0.0
5354,380.213,46.91667,-6.0833282,2024-07-31 00:00:00,0.025017308,0.0073338905,4339881.045145775,-462522.2992525033,0.0
5534,453.9377,46.91667,-6.0833282,2024-07-31 00:00:00,0.035110958,0.025576847,4339881.045145775,-462522.2992525033,0.0
5714,541.0889,46.91667,-6.0833282,2024-07-31 00:00:00,0.032255225,0.051089544,4339881.045145775,-462522.2992525033,0.0
5894,643.5668,46.91667,-6.0833282,2024-07-31 00:00:00,0.020333258,0.05513255,4339881.045145775,-462522.2992525033,0.0
6074,763.3331,46.91667,-6.0833282,2024-07-31 00:00:00,0.012841554,0.08224302,4339881.045145775,-462522.2992525033,0.0
6254,902.3393,46.91667,-6.0833282,2024-07-31 00:00:00,0.00057869405,0.11886951,4339881.045145775,-462522.2992525033,0.0
143,0.494025,46.91667,-6.0,2024-07-31 00:00:00,0.06682917,-0.061035786,4340549.125536747,-456210.0964726406,0.0
323,1.541375,46.91667,-6.0,2024-07-31 00:00:00,0.067883134,-0.055821102,4340549.125536747,-456210.0964726406,0.0
503,2.645669,46.91667,-6.0,2024-07-31 00:00:00,0.06921729,-0.050873864,4340549.125536747,-456210.0964726406,0.0
683,3.819495,46.91667,-6.0,2024-07-31 00:00:00,0.07062308,-0.046755314,4340549.125536747,-456210.0964726406,0.0
863,5.078224,46.91667,-6.0,2024-07-31 00:00:00,0.071975686,-0.04356146,4340549.125536747,-456210.0964726406,0.0
1043,6.440614,46.91667,-6.0,2024-07-31 00:00:00,0.073331766,-0.041024152,4340549.125536747,-456210.0964726406,0.0
1223,7.92956,46.91667,-6.0,2024-07-31 00:00:00,0.07517461,-0.038592637,4340549.125536747,-456210.0964726406,0.0
1403,9.572997,46.91667,-6.0,2024-07-31 00:00:00,0.09811065,-0.033149507,4340549.125536747,-456210.0964726406,0.0
1583,11.405,46.91667,-6.0,2024-07-31 00:00:00,0.08894315,-0.02595227,4340549.125536747,-456210.0964726406,0.0
1763,13.46714,46.91667,-6.0,2024-07-31 00:00:00,0.077628456,-0.01719777,4340549.125536747,-456210.0964726406,0.0
1943,15.81007,46.91667,-6.0,2024-07-31 00:00:00,0.061473127,-0.015527731,4340549.125536747,-456210.0964726406,0.0
2123,18.49556,46.91667,-6.0,2024-07-31 00:00:00,0.053657513,-0.0079527935,4340549.125536747,-456210.0964726406,0.0
2303,21.59882,46.91667,-6.0,2024-07-31 00:00:00,0.058422796,-7.759221e-05,4340549.125536747,-456210.0964726406,0.0
2483,25.21141,46.91667,-6.0,2024-07-31 00:00:00,0.073630296,0.002713459,4340549.125536747,-456210.0964726406,0.0
2663,29.44473,46.91667,-6.0,2024-07-31 00:00:00,0.09361753,-0.0037202318,4340549.125536747,-456210.0964726406,0.0
2843,34.43415,46.91667,-6.0,2024-07-31 00:00:00,0.10834358,-0.026910372,4340549.125536747,-456210.0964726406,0.0
3023,40.34405,46.91667,-6.0,2024-07-31 00:00:00,0.102438994,-0.06409654,4340549.125536747,-456210.0964726406,0.0
3203,47.37369,46.91667,-6.0,2024-07-31 00:00:00,0.06725895,-0.08693593,4340549.125536747,-456210.0964726406,0.0
3383,55.76429,46.91667,-6.0,2024-07-31 00:00:00,0.02428254,-0.06909408,4340549.125536747,-456210.0964726406,0.0
3563,65.80727,46.91667,-6.0,2024-07-31 00:00:00,0.0020790384,-0.030792944,4340549.125536747,-456210.0964726406,0.0
3743,77.85385,46.91667,-6.0,2024-07-31 00:00:00,0.008127789,-0.009077816,4340549.125536747,-456210.0964726406,0.0
3923,92.32607,46.91667,-6.0,2024-07-31 00:00:00,0.02247017,-0.0042522405,4340549.125536747,-456210.0964726406,0.0
4103,109.7293,46.91667,-6.0,2024-07-31 00:00:00,0.030814636,-0.005227466,4340549.125536747,-456210.0964726406,0.0
4283,130.666,46.91667,-6.0,2024-07-31 00:00:00,0.03446624,-0.0065132,4340549.125536747,-456210.0964726406,0.0
4463,155.8507,46.91667,-6.0,2024-07-31 00:00:00,0.033867408,-0.0054443674,4340549.125536747,-456210.0964726406,0.0
4643,186.1256,46.91667,-6.0,2024-07-31 00:00:00,0.030615054,-0.006719335,4340549.125536747,-456210.0964726406,0.0
4823,222.4752,46.91667,-6.0,2024-07-31 00:00:00,0.024240877,-0.014456234,4340549.125536747,-456210.0964726406,0.0
5003,266.0403,46.91667,-6.0,2024-07-31 00:00:00,0.020458,-0.012492608,4340549.125536747,-456210.0964726406,0.0
5183,318.1274,46.91667,-6.0,2024-07-31 00:00:00,0.025217995,-0.0117582,4340549.125536747,-456210.0964726406,0.0
5363,380.213,46.91667,-6.0,2024-07-31 00:00:00,0.040829077,-0.019017946,4340549.125536747,-456210.0964726406,0.0
5543,453.9377,46.91667,-6.0,2024-07-31 00:00:00,0.049299657,-0.01966945,4340549.125536747,-456210.0964726406,0.0
5723,541.0889,46.91667,-6.0,2024-07-31 00:00:00,0.048784696,-0.02211072,4340549.125536747,-456210.0964726406,0.0
5903,643.5668,46.91667,-6.0,2024-07-31 00:00:00,0.03775466,0.01000617,4340549.125536747,-456210.0964726406,0.0
6083,763.3331,46.91667,-6.0,2024-07-31 00:00:00,0.0055167433,0.041390397,4340549.125536747,-456210.0964726406,0.0
6263,902.3393,46.91667,-6.0,2024-07-31 00:00:00,-0.016043438,0.07749336,4340549.125536747,-456210.0964726406,0.0
152,0.494025,47.0,-6.25,2024-07-31 00:00:00,0.11389082,-0.04484428,4331787.087405169,-474407.8424903363,0.0
332,1.541375,47.0,-6.25,2024-07-31 00:00:00,0.115194604,-0.040045097,4331787.087405169,-474407.8424903363,0.0
512,2.645669,47.0,-6.25,2024-07-31 00:00:00,0.11666122,-0.035460547,4331787.087405169,-474407.8424903363,0.0
692,3.819495,47.0,-6.25,2024-07-31 00:00:00,0.118168056,-0.031387966,4331787.087405169,-474407.8424903363,0.0
872,5.078224,47.0,-6.25,2024-07-31 00:00:00,0.11961532,-0.027980395,4331787.087405169,-474407.8424903363,0.0
1052,6.440614,47.0,-6.25,2024-07-31 00:00:00,0.12097193,-0.025225304,4331787.087405169,-474407.8424903363,0.0
1232,7.92956,47.0,-6.25,2024-07-31 00:00:00,0.122360036,-0.022895282,4331787.087405169,-474407.8424903363,0.0
1412,9.572997,47.0,-6.25,2024-07-31 00:00:00,0.12432748,-0.020659272,4331787.087405169,-474407.8424903363,0.0
1592,11.405,47.0,-6.25,2024-07-31 00:00:00,0.15061563,-0.021646468,4331787.087405169,-474407.8424903363,0.0
1772,13.46714,47.0,-6.25,2024-07-31 00:00:00,0.1373232,-0.011501549,4331787.087405169,-474407.8424903363,0.0
1952,15.81007,47.0,-6.25,2024-07-31 00:00:00,0.126639,-0.015062743,4331787.087405169,-474407.8424903363,0.0
2132,18.49556,47.0,-6.25,2024-07-31 00:00:00,0.11988143,-0.015668089,4331787.087405169,-474407.8424903363,0.0
2312,21.59882,47.0,-6.25,2024-07-31 00:00:00,0.12392507,-0.015177878,4331787.087405169,-474407.8424903363,0.0
2492,25.21141,47.0,-6.25,2024-07-31 00:00:00,0.13791692,-0.018243883,4331787.087405169,-474407.8424903363,0.0
2672,29.44473,47.0,-6.25,2024-07-31 00:00:00,0.1573815,-0.026072614,4331787.087405169,-474407.8424903363,0.0
2852,34.43415,47.0,-6.25,2024-07-31 00:00:00,0.17335433,-0.038791306,4331787.087405169,-474407.8424903363,0.0
3032,40.34405,47.0,-6.25,2024-07-31 00:00:00,0.17578493,-0.05116461,4331787.087405169,-474407.8424903363,0.0
3212,47.37369,47.0,-6.25,2024-07-31 00:00:00,0.1601877,-0.055241052,4331787.087405169,-474407.8424903363,0.0
3392,55.76429,47.0,-6.25,2024-07-31 00:00:00,0.13674235,-0.04505235,4331787.087405169,-474407.8424903363,0.0
3572,65.80727,47.0,-6.25,2024-07-31 00:00:00,0.12863685,-0.027554568,4331787.087405169,-474407.8424903363,0.0
3752,77.85385,47.0,-6.25,2024-07-31 00:00:00,0.1317494,-0.013453938,4331787.087405169,-474407.8424903363,0.0
3932,92.32607,47.0,-6.25,2024-07-31 00:00:00,0.1406545,-0.010308172,4331787.087405169,-474407.8424903363,0.0
4112,109.7293,47.0,-6.25,2024-07-31 00:00:00,0.14289066,-0.017993081,4331787.087405169,-474407.8424903363,0.0
4292,130.666,47.0,-6.25,2024-07-31 00:00:00,0.14385809,-0.020893987,4331787.087405169,-474407.8424903363,0.0
4472,155.8507,47.0,-6.25,2024-07-31 00:00:00,0.12747163,-0.012691131,4331787.087405169,-474407.8424903363,0.0
4652,186.1256,47.0,-6.25,2024-07-31 00:00:00,0.105713554,-0.0024498939,4331787.087405169,-474407.8424903363,0.0
4832,222.4752,47.0,-6.25,2024-07-31 00:00:00,0.089248076,0.0045366054,4331787.087405169,-474407.8424903363,0.0
5012,266.0403,47.0,-6.25,2024-07-31 00:00:00,0.07733715,0.009849953,4331787.087405169,-474407.8424903363,0.0
5192,318.1274,47.0,-6.25,2024-07-31 00:00:00,0.058957163,0.026295274,4331787.087405169,-474407.8424903363,0.0
5372,380.213,47.0,-6.25,2024-07-31 00:00:00,0.044489693,0.028125558,4331787.087405169,-474407.8424903363,0.0
5552,453.9377,47.0,-6.25,2024-07-31 00:00:00,0.026877273,0.052602395,4331787.087405169,-474407.8424903363,0.0
5732,541.0889,47.0,-6.25,2024-07-31 00:00:00,0.026020285,0.0705385,4331787.087405169,-474407.8424903363,0.0
5912,643.5668,47.0,-6.25,2024-07-31 00:00:00,0.02417352,0.06991877,4331787.087405169,-474407.8424903363,0.0
6092,763.3331,47.0,-6.25,2024-07-31 00:00:00,-0.00044354377,0.08077182,4331787.087405169,-474407.8424903363,0.0
6272,902.3393,47.0,-6.25,2024-07-31 00:00:00,-0.04313742,0.11246798,4331787.087405169,-474407.8424903363,0.0
161,0.494025,47.0,-6.1666565,2024-07-31 00:00:00,0.094441704,-0.051433947,4332472.586781167,-468106.2447951276,0.0
341,1.541375,47.0,-6.1666565,2024-07-31 00:00:00,0.0956694,-0.046540916,4332472.586781167,-468106.2447951276,0.0
521,2.645669,47.0,-6.1666565,2024-07-31 00:00:00,0.0970979,-0.04185847,4332472.586781167,-468106.2447951276,0.0
701,3.819495,47.0,-6.1666565,2024-07-31 00:00:00,0.09859505,-0.03773068,4332472.586781167,-468106.2447951276,0.0
881,5.078224,47.0,-6.1666565,2024-07-31 00:00:00,0.10005346,-0.03429615,4332472.586781167,-468106.2447951276,0.0
1061,6.440614,47.0,-6.1666565,2024-07-31 00:00:00,0.10150968,-0.031393953,4332472.586781167,-468106.2447951276,0.0
1241,7.92956,47.0,-6.1666565,2024-07-31 00:00:00,0.103201665,-0.02862286,4332472.586781167,-468106.2447951276,0.0
1421,9.572997,47.0,-6.1666565,2024-07-31 00:00:00,0.108458504,-0.022883562,4332472.586781167,-468106.2447951276,0.0
1601,11.405,47.0,-6.1666565,2024-07-31 00:00:00,0.12897502,-0.02458686,4332472.586781167,-468106.2447951276,0.0
1781,13.46714,47.0,-6.1666565,2024-07-31 00:00:00,0.113532074,-0.012983531,4332472.586781167,-468106.2447951276,0.0
1961,15.81007,47.0,-6.1666565,2024-07-31 00:00:00,0.10231298,-0.015023472,4332472.586781167,-468106.2447951276,0.0
2141,18.49556,47.0,-6.1666565,2024-07-31 00:00:00,0.0977836,-0.012681589,4332472.586781167,-468106.2447951276,0.0
2321,21.59882,47.0,-6.1666565,2024-07-31 00:00:00,0.10577386,-0.008350054,4332472.586781167,-468106.2447951276,0.0
2501,25.21141,47.0,-6.1666565,2024-07-31 00:00:00,0.12440225,-0.006953806,4332472.586781167,-468106.2447951276,0.0
2681,29.44473,47.0,-6.1666565,2024-07-31 00:00:00,0.14819077,-0.0112925675,4332472.586781167,-468106.2447951276,0.0
2861,34.43415,47.0,-6.1666565,2024-07-31 00:00:00,0.16587514,-0.023667477,4332472.586781167,-468106.2447951276,0.0
3041,40.34405,47.0,-6.1666565,2024-07-31 00:00:00,0.16593793,-0.038273744,4332472.586781167,-468106.2447951276,0.0
3221,47.37369,47.0,-6.1666565,2024-07-31 00:00:00,0.14415802,-0.042900097,4332472.586781167,-468106.2447951276,0.0
3401,55.76429,47.0,-6.1666565,2024-07-31 00:00:00,0.11524014,-0.028814342,4332472.586781167,-468106.2447951276,0.0
3581,65.80727,47.0,-6.1666565,2024-07-31 00:00:00,0.10417101,0.0010897256,4332472.586781167,-468106.2447951276,0.0
3761,77.85385,47.0,-6.1666565,2024-07-31 00:00:00,0.104755744,0.023297835,4332472.586781167,-468106.2447951276,0.0
3941,92.32607,47.0,-6.1666565,2024-07-31 00:00:00,0.113867685,0.030325523,4332472.586781167,-468106.2447951276,0.0
4121,109.7293,47.0,-6.1666565,2024-07-31 00:00:00,0.11782222,0.021966666,4332472.586781167,-468106.2447951276,0.0
4301,130.666,47.0,-6.1666565,2024-07-31 00:00:00,0.12229957,0.011767531,4332472.586781167,-468106.2447951276,0.0
4481,155.8507,47.0,-6.1666565,2024-07-31 00:00:00,0.10874414,0.007576478,4332472.586781167,-468106.2447951276,0.0
4661,186.1256,47.0,-6.1666565,2024-07-31 00:00:00,0.09326702,0.0068235477,4332472.586781167,-468106.2447951276,0.0
4841,222.4752,47.0,-6.1666565,2024-07-31 00:00:00,0.08448451,0.007921273,4332472.586781167,-468106.2447951276,0.0
5021,266.0403,47.0,-6.1666565,2024-07-31 00:00:00,0.072106205,0.015016442,4332472.586781167,-468106.2447951276,0.0
5201,318.1274,47.0,-6.1666565,2024-07-31 00:00:00,0.060527768,0.017433956,4332472.586781167,-468106.2447951276,0.0
5381,380.213,47.0,-6.1666565,2024-07-31 00:00:00,0.041978847,0.03135733,4332472.586781167,-468106.2447951276,0.0
5561,453.9377,47.0,-6.1666565,2024-07-31 00:00:00,0.033023246,0.043685835,4332472.586781167,-468106.2447951276,0.0
5741,541.0889,47.0,-6.1666565,2024-07-31 00:00:00,0.032268688,0.078054555,4332472.586781167,-468106.2447951276,0.0
5921,643.5668,47.0,-6.1666565,2024-07-31 00:00:00,0.02370202,0.07648724,4332472.586781167,-468106.2447951276,0.0
6101,763.3331,47.0,-6.1666565,2024-07-31 00:00:00,-0.0054247826,0.08926957,4332472.586781167,-468106.2447951276,0.0
6281,902.3393,47.0,-6.1666565,2024-07-31 00:00:00,-0.047740016,0.11897899,4332472.586781167,-468106.2447951276,0.0
170,0.494025,47.0,-6.0833282,2024-07-31 00:00:00,0.08445544,-0.048711978,4333148.796028124,-461804.81061430223,0.0
350,1.541375,47.0,-6.0833282,2024-07-31 00:00:00,0.08564422,-0.04374849,4333148.796028124,-461804.81061430223,0.0
530,2.645669,47.0,-6.0833282,2024-07-31 00:00:00,0.08706612,-0.039018344,4333148.796028124,-461804.81061430223,0.0
710,3.819495,47.0,-6.0833282,2024-07-31 00:00:00,0.088574044,-0.034913518,4333148.796028124,-461804.81061430223,0.0
890,5.078224,47.0,-6.0833282,2024-07-31 00:00:00,0.09004665,-0.031611733,4333148.796028124,-461804.81061430223,0.0
1070,6.440614,47.0,-6.0833282,2024-07-31 00:00:00,0.09156157,-0.028822681,4333148.796028124,-461804.81061430223,0.0
1250,7.92956,47.0,-6.0833282,2024-07-31 00:00:00,0.09341576,-0.026126344,4333148.796028124,-461804.81061430223,0.0
1430,9.572997,47.0,-6.0833282,2024-07-31 00:00:00,0.10022504,-0.018029394,4333148.796028124,-461804.81061430223,0.0
1610,11.405,47.0,-6.0833282,2024-07-31 00:00:00,0.119217485,-0.02379663,4333148.796028124,-461804.81061430223,0.0
1790,13.46714,47.0,-6.0833282,2024-07-31 00:00:00,0.10504901,-0.0124828275,4333148.796028124,-461804.81061430223,0.0
1970,15.81007,47.0,-6.0833282,2024-07-31 00:00:00,0.09224241,-0.010965014,4333148.796028124,-461804.81061430223,0.0
2150,18.49556,47.0,-6.0833282,2024-07-31 00:00:00,0.085183546,-0.0025152017,4333148.796028124,-461804.81061430223,0.0
2330,21.59882,47.0,-6.0833282,2024-07-31 00:00:00,0.088906005,0.008223798,4333148.796028124,-461804.81061430223,0.0
2510,25.21141,47.0,-6.0833282,2024-07-31 00:00:00,0.10302738,0.015245973,4333148.796028124,-461804.81061430223,0.0
2690,29.44473,47.0,-6.0833282,2024-07-31 00:00:00,0.12354721,0.014399374,4333148.796028124,-461804.81061430223,0.0
2870,34.43415,47.0,-6.0833282,2024-07-31 00:00:00,0.1404979,0.0006874297,4333148.796028124,-461804.81061430223,0.0
3050,40.34405,47.0,-6.0833282,2024-07-31 00:00:00,0.1432324,-0.021145921,4333148.796028124,-461804.81061430223,0.0
3230,47.37369,47.0,-6.0833282,2024-07-31 00:00:00,0.12516426,-0.036241077,4333148.796028124,-461804.81061430223,0.0
3410,55.76429,47.0,-6.0833282,2024-07-31 00:00:00,0.09806046,-0.028709048,4333148.796028124,-461804.81061430223,0.0
3590,65.80727,47.0,-6.0833282,2024-07-31 00:00:00,0.080508076,0.0014346577,4333148.796028124,-461804.81061430223,0.0
3770,77.85385,47.0,-6.0833282,2024-07-31 00:00:00,0.0768778,0.023840722,4333148.796028124,-461804.81061430223,0.0
3950,92.32607,47.0,-6.0833282,2024-07-31 00:00:00,0.07890999,0.036786146,4333148.796028124,-461804.81061430223,0.0
4130,109.7293,47.0,-6.0833282,2024-07-31 00:00:00,0.08152643,0.03584538,4333148.796028124,-461804.81061430223,0.0
4310,130.666,47.0,-6.0833282,2024-07-31 00:00:00,0.08701959,0.030282617,4333148.796028124,-461804.81061430223,0.0
4490,155.8507,47.0,-6.0833282,2024-07-31 00:00:00,0.080749646,0.019930778,4333148.796028124,-461804.81061430223,0.0
4670,186.1256,47.0,-6.0833282,2024-07-31 00:00:00,0.07233412,0.0075678932,4333148.796028124,-461804.81061430223,0.0
4850,222.4752,47.0,-6.0833282,2024-07-31 00:00:00,0.07244615,-0.0057007177,4333148.796028124,-461804.81061430223,0.0
5030,266.0403,47.0,-6.0833282,2024-07-31 00:00:00,0.07072966,-0.0049806098,4333148.796028124,-461804.81061430223,0.0
5210,318.1274,47.0,-6.0833282,2024-07-31 00:00:00,0.0687629,0.004235697,4333148.796028124,-461804.81061430223,0.0
5390,380.213,47.0,-6.0833282,2024-07-31 00:00:00,0.056786638,0.0060494216,4333148.796028124,-461804.81061430223,0.0
5570,453.9377,47.0,-6.0833282,2024-07-31 00:00:00,0.047088955,0.023238031,4333148.796028124,-461804.81061430223,0.0
5750,541.0889,47.0,-6.0833282,2024-07-31 00:00:00,0.054878365,0.03195421,4333148.796028124,-461804.81061430223,0.0
5930,643.5668,47.0,-6.0833282,2024-07-31 00:00:00,0.022609295,0.05550146,4333148.796028124,-461804.81061430223,0.0
6110,763.3331,47.0,-6.0833282,2024-07-31 00:00:00,-0.016937347,0.093462475,4333148.796028124,-461804.81061430223,0.0
6290,902.3393,47.0,-6.0833282,2024-07-31 00:00:00,-0.04334472,0.11632942,4333148.796028124,-461804.81061430223,0.0
179,0.494025,47.0,-6.0,2024-07-31 00:00:00,0.07744042,-0.043751888,4333815.840058059,-455502.3996515776,0.0
359,1.541375,47.0,-6.0,2024-07-31 00:00:00,0.078658715,-0.038678452,4333815.840058059,-455502.3996515776,0.0
539,2.645669,47.0,-6.0,2024-07-31 00:00:00,0.08013337,-0.033809222,4333815.840058059,-455502.3996515776,0.0
719,3.819495,47.0,-6.0,2024-07-31 00:00:00,0.081697606,-0.029596377,4333815.840058059,-455502.3996515776,0.0
899,5.078224,47.0,-6.0,2024-07-31 00:00:00,0.083233126,-0.026174737,4333815.840058059,-455502.3996515776,0.0
1079,6.440614,47.0,-6.0,2024-07-31 00:00:00,0.084802106,-0.023373324,4333815.840058059,-455502.3996515776,0.0
1259,7.92956,47.0,-6.0,2024-07-31 00:00:00,0.08674715,-0.02077574,4333815.840058059,-455502.3996515776,0.0
1439,9.572997,47.0,-6.0,2024-07-31 00:00:00,0.09323088,-0.016574627,4333815.840058059,-455502.3996515776,0.0
1619,11.405,47.0,-6.0,2024-07-31 00:00:00,0.11619772,-0.020890342,4333815.840058059,-455502.3996515776,0.0
1799,13.46714,47.0,-6.0,2024-07-31 00:00:00,0.10573088,-0.012810567,4333815.840058059,-455502.3996515776,0.0
1979,15.81007,47.0,-6.0,2024-07-31 00:00:00,0.093468085,-0.012861546,4333815.840058059,-455502.3996515776,0.0
2159,18.49556,47.0,-6.0,2024-07-31 00:00:00,0.08265946,-0.009077831,4333815.840058059,-455502.3996515776,0.0
2339,21.59882,47.0,-6.0,2024-07-31 00:00:00,0.07885218,-0.0014252863,4333815.840058059,-455502.3996515776,0.0
2519,25.21141,47.0,-6.0,2024-07-31 00:00:00,0.0840829,0.0062632817,4333815.840058059,-455502.3996515776,0.0
2699,29.44473,47.0,-6.0,2024-07-31 00:00:00,0.0967639,0.008976987,4333815.840058059,-455502.3996515776,0.0
2879,34.43415,47.0,-6.0,2024-07-31 00:00:00,0.11038113,-0.0014747214,4333815.840058059,-455502.3996515776,0.0
3059,40.34405,47.0,-6.0,2024-07-31 00:00:00,0.117507,-0.022931527,4333815.840058059,-455502.3996515776,0.0
3239,47.37369,47.0,-6.0,2024-07-31 00:00:00,0.11067653,-0.042165123,4333815.840058059,-455502.3996515776,0.0
3419,55.76429,47.0,-6.0,2024-07-31 00:00:00,0.09228336,-0.041096512,4333815.840058059,-455502.3996515776,0.0
3599,65.80727,47.0,-6.0,2024-07-31 00:00:00,0.07322079,-0.023420943,4333815.840058059,-455502.3996515776,0.0
3779,77.85385,47.0,-6.0,2024-07-31 00:00:00,0.061408803,-0.0009329275,4333815.840058059,-455502.3996515776,0.0
3959,92.32607,47.0,-6.0,2024-07-31 00:00:00,0.053352706,0.012489437,4333815.840058059,-455502.3996515776,0.0
4139,109.7293,47.0,-6.0,2024-07-31 00:00:00,0.05333068,0.014791604,4333815.840058059,-455502.3996515776,0.0
4319,130.666,47.0,-6.0,2024-07-31 00:00:00,0.059642784,0.011590123,4333815.840058059,-455502.3996515776,0.0
4499,155.8507,47.0,-6.0,2024-07-31 00:00:00,0.06074167,0.007960544,4333815.840058059,-455502.3996515776,0.0
4679,186.1256,47.0,-6.0,2024-07-31 00:00:00,0.054097846,0.0016476309,4333815.840058059,-455502.3996515776,0.0
4859,222.4752,47.0,-6.0,2024-07-31 00:00:00,0.05829331,-0.01065778,4333815.840058059,-455502.3996515776,0.0
5039,266.0403,47.0,-6.0,2024-07-31 00:00:00,0.062129486,-0.0105713215,4333815.840058059,-455502.3996515776,0.0
5219,318.1274,47.0,-6.0,2024-07-31 00:00:00,0.06416064,-0.014018623,4333815.840058059,-455502.3996515776,0.0
5399,380.213,47.0,-6.0,2024-07-31 00:00:00,0.058903936,-0.010218046,4333815.840058059,-455502.3996515776,0.0
5579,453.9377,47.0,-6.0,2024-07-31 00:00:00,0.050015975,-0.030449454,4333815.840058059,-455502.3996515776,0.0
5759,541.0889,47.0,-6.0,2024-07-31 00:00:00,0.05979576,-0.03297497,4333815.840058059,-455502.3996515776,0.0
5939,643.5668,47.0,-6.0,2024-07-31 00:00:00,0.03004997,-0.022575354,4333815.840058059,-455502.3996515776,0.0
6119,763.3331,47.0,-6.0,2024-07-31 00:00:00,0.006460083,0.022056002,4333815.840058059,-455502.3996515776,0.0
6299,902.3393,47.0,-6.0,2024-07-31 00:00:00,-0.043082636,0.09075533,4333815.840058059,-455502.3996515776,0.0
