,x,y,depth,uo,vo,wo
0,4329675.863770271,-493304.25328761816,0.494025,0.06554633655062746,0.4653374164487824,-0.1560309475850298
1,4329675.863770271,-493304.25328761816,1.541375,0.1322794773079985,0.12459009773151275,-0.3097391051347934
2,4329675.863770271,-493304.25328761816,2.645669,0.11771943595308856,0.0743475675710511,-0.20940019626455247
3,4329675.863770271,-493304.25328761816,3.819495,0.10723781977973804,0.041865659299522434,-0.14901501483298468
4,4329675.863770271,-493304.25328761816,5.078224,0.09923108427215391,0.0197418932807236,-0.11062968131153963
5,4329675.863770271,-493304.25328761816,6.440614,0.09273405501870985,0.0038358619524424126,-0.08442880363442158
6,4329675.863770271,-493304.25328761816,7.92956,0.08718467518857315,-0.008148700894603268,-0.06516055798374068
7,4329675.863770271,-493304.25328761816,9.572997,0.08227439178311595,-0.017471574867347163,-0.05009695213433273
8,4329675.863770271,-493304.25328761816,11.405,0.07785247861932204,-0.02481779529539043,-0.03787502885417658
9,4329675.863770271,-493304.25328761816,13.46714,0.07386411775352987,-0.030564070084499042,-0.027841979475268876
10,4329675.863770271,-493304.25328761816,15.81007,0.07030948185430191,-0.034934796012315514,-0.019687874118708433
11,4329675.863770271,-493304.25328761816,18.49556,0.06721520152304673,-0.038095117124179116,-0.013241370125388058
12,4329675.863770271,-493304.25328761816,21.59882,0.06461334175579242,-0.040204912967438534,-0.008359487406998514
13,4329675.863770271,-493304.25328761816,25.21141,0.0625245109306724,-0.04144563353708011,-0.0048723242990252715
14,4329675.863770271,-493304.25328761816,29.44473,0.060944554932953206,-0.04202457416432526,-0.0025637438340491473
15,4329675.863770271,-493304.25328761816,34.43415,0.05983629344018647,-0.042160312465178304,-0.00117826558780527
16,4329675.863770271,-493304.25328761816,40.34405,0.05912914430458275,-0.04205581464986904,-0.00044701708385496905
17,4329675.863770271,-493304.25328761816,47.37369,0.058728781158788566,-0.04187011918576557,-0.00012310953073125012
18,4329675.863770271,-493304.25328761816,55.76429,0.0585351012864138,-0.0417013492534543,-1.2942381127576221e-05
19,4329675.863770271,-493304.25328761816,65.80727,0.05846194807380047,-0.041588984080353844,9.038288754452366e-06
20,4329675.863770271,-493304.25328761816,77.85385,0.058449875402794935,-0.04153270118602796,6.6464348810332336e-06
21,4329675.863770271,-493304.25328761816,92.32607,0.058467085938305144,-0.04151594957532523,2.624410328765938e-06
22,4329675.863770271,-493304.25328761816,109.7293,0.05850126944198767,-0.04152243610240746,7.927931593238911e-07
23,4329675.863770271,-493304.25328761816,130.666,0.058549788459380095,-0.04154194909533057,1.4134975890363688e-07
24,4329675.863770271,-493304.25328761816,155.8507,0.058613659741504176,-0.041569523703697035,-1.392006183091308e-07
25,4329675.863770271,-493304.25328761816,186.1256,0.05869566785223778,-0.041603027521889074,-2.7066127905813933e-07
26,4329675.863770271,-493304.25328761816,222.4752,0.058800370656757556,-0.04164136643651585,-3.188104540977938e-07
27,4329675.863770271,-493304.25328761816,266.0403,0.05893446891738799,-0.041683323892310636,-3.294448983101498e-07
28,4329675.863770271,-493304.25328761816,318.1274,0.059107275379336646,-0.0417265513272594,-3.2723437642215147e-07
29,4329675.863770271,-493304.25328761816,380.213,0.05933142487915389,-0.041766302287048696,-3.20658570507486e-07
30,4329675.863770271,-493304.25328761816,453.9377,0.059623836025891205,-0.04179347237184057,-3.117525276287377e-07
31,4329675.863770271,-493304.25328761816,541.0889,0.06000676726878125,-0.041791344219169996,-3.0067336661614096e-07
32,4329675.863770271,-493304.25328761816,643.5668,0.06050851861758365,-0.041730142107331364,-2.871002135718293e-07
33,4329675.863770271,-493304.25328761816,763.3331,0.06116272042909046,-0.04155807766542457,-2.706608286078711e-07
34,4329675.863770271,-493304.25328761816,902.3393,0.06200378761915384,-0.04118710246163502,-2.5111135427713596e-07
35,4330388.852440541,-487005.7066248697,0.494025,0.04252154099617088,0.501431138266503,0.11547303609475346
36,4330388.852440541,-487005.7066248697,1.541375,0.07205463725408193,0.225244945661644,0.08828607222208798
37,4330388.852440541,-487005.7066248697,2.645669,0.08446836869175005,0.08205984019691685,0.07522607882242123
38,4330388.852440541,-487005.7066248697,3.819495,0.08772568756137476,0.010771688712052847,0.06627066501513716
39,4330388.852440541,-487005.7066248697,5.078224,0.08640133710237749,-0.02265270305136785,0.05801283277342792
40,4330388.852440541,-487005.7066248697,6.440614,0.08304475654812599,-0.036864138796828316,0.049702108040458604
41,4330388.852440541,-487005.7066248697,7.92956,0.07902279152106212,-0.04185110940857093,0.04148535736047047
42,4330388.852440541,-487005.7066248697,9.572997,0.0750311522759316,-0.04278993419573089,0.03369150680633766
43,4330388.852440541,-487005.7066248697,11.405,0.071398162394394,-0.042238439030805756,0.026588816780195406
44,4330388.852440541,-487005.7066248697,13.46714,0.06825954163092023,-0.04137272312208366,0.020338193359394498
45,4330388.852440541,-487005.7066248697,15.81007,0.06565398979881414,-0.040670637645902744,0.0150129513872443
46,4330388.852440541,-487005.7066248697,18.49556,0.06357090180423476,-0.04027606689382622,0.010627497488009388
47,4330388.852440541,-487005.7066248697,21.59882,0.06197134962939896,-0.04018243788804952,0.007155428142609587
48,4330388.852440541,-487005.7066248697,25.21141,0.06079630477924407,-0.04031925769671,0.004535269954068822
49,4330388.852440541,-487005.7066248697,29.44473,0.059971824662211175,-0.04059267682423577,0.0026713884443689178
50,4330388.852440541,-487005.7066248697,34.43415,0.059416438058235065,-0.040908569630641115,0.0014381321628951528
51,4330388.852440541,-487005.7066248697,40.34405,0.05905167622245771,-0.041190209761325106,0.0006913985879732669
52,4330388.852440541,-487005.7066248697,47.37369,0.05881300909094581,-0.04139155564420327,0.00028638086287166207
53,4330388.852440541,-487005.7066248697,55.76429,0.05865650240044007,-0.04150218729457808,9.581321653301037e-05
54,4330388.852440541,-487005.7066248697,65.80727,0.05855796920024807,-0.041540961838020224,2.2393071826440114e-05
55,4330388.852440541,-487005.7066248697,77.85385,0.05850573744624576,-0.04154071422990461,2.108581593378401e-06
56,4330388.852440541,-487005.7066248697,92.32607,0.0584923046201439,-0.04153158187913979,-2.623910781774562e-07
57,4330388.852440541,-487005.7066248697,109.7293,0.05851007321335457,-0.04153113358850882,2.99555240224114e-07
58,4330388.852440541,-487005.7066248697,130.666,0.05855197253801689,-0.041544228068828945,2.1810399785767557e-08
59,4330388.852440541,-487005.7066248697,155.8507,0.05861379749724363,-0.04156878885744944,-7.294090093773886e-07
60,4330388.852440541,-487005.7066248697,186.1256,0.058695325862017186,-0.04160140127932031,-1.257474397288974e-06
61,4330388.852440541,-487005.7066248697,222.4752,0.05879995586096148,-0.04163962503449234,-1.4569284636011609e-06
62,4330388.852440541,-487005.7066248697,266.0403,0.05893406500324897,-0.04168165249158385,-1.4831578357774008e-06
63,4330388.852440541,-487005.7066248697,318.1274,0.059106898509377434,-0.041724981993057735,-1.4506524765514285e-06
64,4330388.852440541,-487005.7066248697,380.213,0.05933108009376593,-0.04176484624302149,-1.3981553981288687e-06
65,4330388.852440541,-487005.7066248697,453.9377,0.059623526579769784,-0.04179214039365049,-1.3327859715040572e-06
66,4330388.852440541,-487005.7066248697,541.0889,0.06000649567119118,-0.04179014612338591,-1.254738046775451e-06
67,4330388.852440541,-487005.7066248697,643.5668,0.06050828643049065,-0.04172908517678016,-1.1638173848808094e-06
68,4330388.852440541,-487005.7066248697,763.3331,0.061162527936970884,-0.04155716549639178,-1.060726975833141e-06
69,4330388.852440541,-487005.7066248697,902.3393,0.06200363358814298,-0.04118633411812575,-9.474143093871483e-07
70,4331092.550356741,-480707.2829392418,0.494025,0.32614367590747617,-0.013058066969665688,0.3548203388732528
71,4331092.550356741,-480707.2829392418,1.541375,0.19154748784672526,-0.03001504739406831,0.21126805391793002
72,4331092.550356741,-480707.2829392418,2.645669,0.12371190869829136,-0.04302368241285407,0.12856349041640555
73,4331092.550356741,-480707.2829392418,3.819495,0.09064242490191338,-0.05095136687414968,0.07972060828421945
74,4331092.550356741,-480707.2829392418,5.078224,0.07517231561657522,-0.05466801152329597,0.04963515279844194
75,4331092.550356741,-480707.2829392418,6.440614,0.0682626128824189,-0.05548401836121823,0.03003273817075014
76,4331092.550356741,-480707.2829392418,7.92956,0.06527880393333843,-0.05455651039632734,0.016504751532370538
77,4331092.550356741,-480707.2829392418,9.572997,0.06393419578403403,-0.052730294766976285,0.0067824896579358925
78,4331092.550356741,-480707.2829392418,11.405,0.06316419721323227,-0.05055571051014586,-0.00025996394365214275
79,4331092.550356741,-480707.2829392418,13.46714,0.06251934249576144,-0.048362962715082475,-0.005176387624043242
80,4331092.550356741,-480707.2829392418,15.81007,0.06184593141439508,-0.04633956194304936,-0.00827042250632667
81,4331092.550356741,-480707.2829392418,18.49556,0.06112399850936165,-0.04458932988599573,-0.009773019528756383
82,4331092.550356741,-480707.2829392418,21.59882,0.06038858104847407,-0.0431678204326037,-0.009933851582944186
83,4331092.550356741,-480707.2829392418,25.21141,0.059691976223063166,-0.042097291487687864,-0.009058615462862813
84,4331092.550356741,-480707.2829392418,29.44473,0.059084005600790766,-0.04136938179533944,-0.007506961181279464
85,4331092.550356741,-480707.2829392418,34.43415,0.05859977803798646,-0.04094483554462024,-0.005658912696717575
86,4331092.550356741,-480707.2829392418,40.34405,0.05825240606873121,-0.04075781311025797,-0.003859476259724255
87,4331092.550356741,-480707.2829392418,47.37369,0.05803194971346168,-0.04072804051214163,-0.002359660476721674
88,4331092.550356741,-480707.2829392418,55.76429,0.057911448929811905,-0.0407783526101657,-0.0012786759254143248
89,4331092.550356741,-480707.2829392418,65.80727,0.05785779949942678,-0.040850768856974126,-0.0006070630793647397
90,4331092.550356741,-480707.2829392418,77.85385,0.05784231206593736,-0.040914013396664464,-0.0002504016897480766
91,4331092.550356741,-480707.2829392418,92.32607,0.057846237577032646,-0.040960211325725984,-8.995392034725949e-05
92,4331092.550356741,-480707.2829392418,109.7293,0.057860376895984694,-0.04099479658608934,-2.9070834376353163e-05
93,4331092.550356741,-480707.2829392418,130.666,0.05788166163417874,-0.041026451020764826,-9.434672425079297e-06
94,4331092.550356741,-480707.2829392418,155.8507,0.05791007660950822,-0.04106162945869348,-3.895864218305978e-06
95,4331092.550356741,-480707.2829392418,186.1256,0.05794718321581398,-0.04110380376862446,-2.4419265864654327e-06
96,4331092.550356741,-480707.2829392418,222.4752,0.05799576713911041,-0.0411548282916118,-2.0276224562996684e-06
97,4331092.550356741,-480707.2829392418,266.0403,0.05805997841275129,-0.04121611940555134,-1.843306857899194e-06
98,4331092.550356741,-480707.2829392418,318.1274,0.05814576617359179,-0.041288966803491374,-1.694805354203513e-06
99,4331092.550356741,-480707.2829392418,380.213,0.058261625016007915,-0.04137421002824079,-1.5428863712257424e-06
100,4331092.550356741,-480707.2829392418,453.9377,0.058419695191994025,-0.04147142016563304,-1.383169672757582e-06
101,4331092.550356741,-480707.2829392418,541.0889,0.05863727490632875,-0.04157734834194532,-1.218193674239102e-06
102,4331092.550356741,-480707.2829392418,643.5668,0.058938742263433035,-0.04168303393945649,-1.0521281958149092e-06
103,4331092.550356741,-480707.2829392418,763.3331,0.059357657691345204,-0.04176852913212455,-8.897325973040437e-07
104,4331092.550356741,-480707.2829392418,902.3393,0.059938173602948085,-0.04179354976594647,-7.357910974690831e-07
105,4331787.087405169,-474407.8424903363,0.494025,-0.15659232989318772,-0.48137065671093804,-0.196549066294348
106,4331787.087405169,-474407.8424903363,1.541375,-0.10742946389854094,-0.3271053450861693,-0.1356320000740269
107,4331787.087405169,-474407.8424903363,2.645669,-0.07587798264683301,-0.23660488652830797,-0.0969172549325668
108,4331787.087405169,-474407.8424903363,3.819495,-0.05371408149337828,-0.1824692285621063,-0.07360808504768127
109,4331787.087405169,-474407.8424903363,5.078224,-0.03661803950347838,-0.14867532010835519,-0.05998978711337152
110,4331787.087405169,-474407.8424903363,6.440614,-0.02237535600187907,-0.1260535353158541,-0.051903996190582995
111,4331787.087405169,-474407.8424903363,7.92956,-0.009892715005677422,-0.10951036149295929,-0.046602089415382346
112,4331787.087405169,-474407.8424903363,9.572997,0.0013351717157056835,-0.09633697071469825,-0.0424191176667906
113,4331787.087405169,-474407.8424903363,11.405,0.011511205467928349,-0.08518734397851667,-0.03844827042263667
114,4331787.087405169,-474407.8424903363,13.46714,0.020687356788153793,-0.0754669874527562,-0.03427764317058983
115,4331787.087405169,-474407.8424903363,15.81007,0.028844895837804616,-0.06697236213437437,-0.029800658109602307
116,4331787.087405169,-474407.8424903363,18.49556,0.035939543536386,-0.05968087686008365,-0.025090615566836418
117,4331787.087405169,-474407.8424903363,21.59882,0.04192998243235048,-0.05363012099935951,-0.020322519169378432
118,4331787.087405169,-474407.8424903363,25.21141,0.046799968041214814,-0.04884661711205395,-0.015721971536316364
119,4331787.087405169,-474407.8424903363,29.44473,0.05057599095295973,-0.0453028478947598,-0.011523982488079964
120,4331787.087405169,-474407.8424903363,34.43415,0.05333834645328579,-0.04289432792338187,-0.007931908320630251
121,4331787.087405169,-474407.8424903363,40.34405,0.055221591435819686,-0.0414376762495564,-0.0050775480330303826
122,4331787.087405169,-474407.8424903363,47.37369,0.05640146345524176,-0.040692864959006474,-0.002993394971769247
123,4331787.087405169,-474407.8424903363,55.76429,0.05707015287083021,-0.0404059629527755,-0.001610010522339469
124,4331787.087405169,-474407.8424903363,65.80727,0.057407071259138645,-0.04035788085834774,-0.0007834938968656292
125,4331787.087405169,-474407.8424903363,77.85385,0.057555335721888826,-0.04039826325229454,-0.00034257342077552986
126,4331787.087405169,-474407.8424903363,92.32607,0.057611735326014164,-0.040450533465720945,-0.0001338237541526806
127,4331787.087405169,-474407.8424903363,109.7293,0.05763106560988626,-0.04049157521268901,-4.667699821202754e-05
128,4331787.087405169,-474407.8424903363,130.666,0.05763895304645499,-0.0405235488509235,-1.4999235524203205e-05
129,4331787.087405169,-474407.8424903363,155.8507,0.057645304387597573,-0.04055405367676236,-5.231160810524159e-06
130,4331787.087405169,-474407.8424903363,186.1256,0.05765360388576299,-0.040588667356852993,-2.7783387148342624e-06
131,4331787.087405169,-474407.8424903363,222.4752,0.05766562032549972,-0.04063070848695144,-2.283683128822251e-06
132,4331787.087405169,-474407.8424903363,266.0403,0.057683287846638814,-0.04068265923084825,-2.1664375200223747e-06
133,4331787.087405169,-474407.8424903363,318.1274,0.05770947337359747,-0.040747070303659705,-2.0820926987483772e-06
134,4331787.087405169,-474407.8424903363,380.213,0.057748576099872884,-0.04082686555073517,-1.9834590663309706e-06
135,4331787.087405169,-474407.8424903363,453.9377,0.057807359389523735,-0.04092529283568674,-1.8686096509281379e-06
136,4331787.087405169,-474407.8424903363,541.0889,0.057896216827329365,-0.04104552821098059,-1.7382967837136759e-06
137,4331787.087405169,-474407.8424903363,643.5668,0.05803105071142186,-0.04118964781157709,-1.5934572116414898e-06
138,4331787.087405169,-474407.8424903363,763.3331,0.05823593272419366,-0.041356343559327394,-1.4360278083626726e-06
139,4331787.087405169,-474407.8424903363,902.3393,0.058546551826261714,-0.041536210735599946,-1.2692756057188817e-06
140,4332472.586781167,-468106.2447951276,0.494025,-0.08759237488197459,-0.08952434249755584,0.07063524871448774
141,4332472.586781167,-468106.2447951276,1.541375,-0.0017582462898765826,-0.08495299020179586,-0.16321948143583576
142,4332472.586781167,-468106.2447951276,2.645669,0.01552480418998596,-0.0438602831229565,-0.19315489797124585
143,4332472.586781167,-468106.2447951276,3.819495,0.026618748070868236,-0.024765615029388535,-0.1940128377691511
144,4332472.586781167,-468106.2447951276,5.078224,0.034200638273241456,-0.017546864646599887,-0.17989762703747503
145,4332472.586781167,-468106.2447951276,6.440614,0.039733724905093824,-0.016467183900853066,-0.15887777526571317
146,4332472.586781167,-468106.2447951276,7.92956,0.04401303137563707,-0.01834657452023853,-0.1354663457349861
147,4332472.586781167,-468106.2447951276,9.572997,0.047463885823798166,-0.021471812360096192,-0.11212321209463927
148,4332472.586781167,-468106.2447951276,11.405,0.05030674338942601,-0.024950897145136194,-0.09015711289461167
149,4332472.586781167,-468106.2447951276,13.46714,0.05264989270484347,-0.028335495775592877,-0.07025668773491961
150,4332472.586781167,-468106.2447951276,15.81007,0.05454343475450455,-0.031405639040112655,-0.05278967795515463
151,4332472.586781167,-468106.2447951276,18.49556,0.056012650095699286,-0.03405361519660544,-0.03795317084380854
152,4332472.586781167,-468106.2447951276,21.59882,0.057079611933951224,-0.036227823394027664,-0.025831469861920933
153,4332472.586781167,-468106.2447951276,25.21141,0.057777185830850106,-0.03791172659205495,-0.016399348106563617
154,4332472.586781167,-468106.2447951276,29.44473,0.05815625727098772,-0.03912031273810655,-0.009504367651172688
155,4332472.586781167,-468106.2447951276,34.43415,0.05828589818357459,-0.039901607725042226,-0.004855728980942031
156,4332472.586781167,-468106.2447951276,40.34405,0.05824650726407709,-0.040334659830232863,-0.0020397107249978167
157,4332472.586781167,-468106.2447951276,47.37369,0.05811773657260881,-0.04051932843110165,-0.0005699435114395668
158,4332472.586781167,-468106.2447951276,55.76429,0.057965386710677705,-0.04055826669951473,3.686905177316402e-05
159,4332472.586781167,-468106.2447951276,65.80727,0.05783246071024396,-0.04053675926848059,0.00018463044875632222
160,4332472.586781167,-468106.2447951276,77.85385,0.05773777907734112,-0.04050914508147033,0.00015050067135141895
161,4332472.586781167,-468106.2447951276,92.32607,0.057681638860878744,-0.040498056909509014,8.26039176770306e-05
162,4332472.586781167,-468106.2447951276,109.7293,0.05765472284560184,-0.04050506537873646,3.450929839497153e-05
163,4332472.586781167,-468106.2447951276,130.666,0.05764599686343937,-0.04052439940615582,1.1009162910479537e-05
164,4332472.586781167,-468106.2447951276,155.8507,0.05764724189759913,-0.040551653250208944,2.3382854289131636e-06
165,4332472.586781167,-468106.2447951276,186.1256,0.0576542284656964,-0.04058579599071059,-8.569277967079233e-08
166,4332472.586781167,-468106.2447951276,222.4752,0.057665959718891234,-0.040627926978260155,-5.600123839806681e-07
167,4332472.586781167,-468106.2447951276,266.0403,0.05768356252600183,-0.0406800492856928,-5.849050166242842e-07
168,4332472.586781167,-468106.2447951276,318.1274,0.05770971832661074,-0.0407446516180982,-5.341845809617965e-07
169,4332472.586781167,-468106.2447951276,380.213,0.05774879400328091,-0.040824653638629416,-4.728980893061989e-07
170,4332472.586781167,-468106.2447951276,453.9377,0.05780754942575228,-0.0409233007603712,-4.09406073005526e-07
171,4332472.586781167,-468106.2447951276,541.0889,0.05789637871550417,-0.04104376473562536,-3.4585700478052047e-07
172,4332472.586781167,-468106.2447951276,643.5668,0.05803118508098991,-0.0411881160859957,-2.842965113849691e-07
173,4332472.586781167,-468106.2447951276,763.3331,0.05823604111111077,-0.04135504029687227,-2.268163142197612e-07
174,4332472.586781167,-468106.2447951276,902.3393,0.058546636586179764,-0.041535126004183055,-1.7526683936138153e-07
175,4333148.796028124,-461804.81061430223,0.494025,0.03920471841665748,0.05140983590211502,-0.12591152644408682
176,4333148.796028124,-461804.81061430223,1.541375,0.2020154943510555,-0.43508540497256754,-0.13341458726853875
177,4333148.796028124,-461804.81061430223,2.645669,0.17222355445492998,-0.3606445299014392,-0.07814055139962525
178,4333148.796028124,-461804.81061430223,3.819495,0.1524294899818918,-0.30616981639877594,-0.047119929617643164
179,4333148.796028124,-461804.81061430223,5.078224,0.1376217481735693,-0.2635441027541849,-0.029466716192753047
180,4333148.796028124,-461804.81061430223,6.440614,0.12543267592015675,-0.22824154921014234,-0.019043087622306318
181,4333148.796028124,-461804.81061430223,7.92956,0.11478596707606983,-0.19779468207073622,-0.01248577271810428
182,4333148.796028124,-461804.81061430223,9.572997,0.10522041919739328,-0.1709078924630042,-0.00802341354743568
183,4333148.796028124,-461804.81061430223,11.405,0.09656036257994766,-0.14694555054010341,-0.004772606497018619
184,4333148.796028124,-461804.81061430223,13.46714,0.08875978906862711,-0.12563521420735943,-0.002323028298517011
185,4333148.796028124,-461804.81061430223,15.81007,0.08183015332401428,-0.10689325896233373,-0.0004972797999435799
186,4333148.796028124,-461804.81061430223,18.49556,0.07580459774704716,-0.09071680934656254,0.0007838776459466457
187,4333148.796028124,-461804.81061430223,21.59882,0.07071635610000802,-0.07711338920208857,0.0015729462163670584
188,4333148.796028124,-461804.81061430223,25.21141,0.06658083292619543,-0.0660505962484468,0.0019301700328809021
189,4333148.796028124,-461804.81061430223,29.44473,0.0633797869771742,-0.057421405087325635,0.0019365573413597965
190,4333148.796028124,-461804.81061430223,34.43415,0.06104992371785244,-0.051025733103521764,0.0016936469382842862
191,4333148.796028124,-461804.81061430223,40.34405,0.05947988082451376,-0.04657109110894058,0.0013137089901619902
192,4333148.796028124,-461804.81061430223,47.37369,0.05851908092654607,-0.04369417831836242,0.0009031798746217284
193,4333148.796028124,-461804.81061430223,55.76429,0.05799827114688527,-0.04199992583260506,0.0005441760311913838
194,4333148.796028124,-461804.81061430223,65.80727,0.05775659225510008,-0.04110957137361737,0.00028132116828109214
195,4333148.796028124,-461804.81061430223,77.85385,0.05766560008558099,-0.04070488014965078,0.00012035997022158537
196,4333148.796028124,-461804.81061430223,92.32607,0.05764097984185807,-0.04055524221714334,3.95868649534634e-05
197,4333148.796028124,-461804.81061430223,109.7293,0.057638940838371455,-0.0405198690007008,7.747508150418732e-06
198,4333148.796028124,-461804.81061430223,130.666,0.057642721818604345,-0.04052844498018676,-1.2451979946316974e-06
199,4333148.796028124,-461804.81061430223,155.8507,0.05764849299739863,-0.0405533901332094,-2.56403094392575e-06
200,4333148.796028124,-461804.81061430223,186.1256,0.057656633484451894,-0.0405870731735266,-2.3524783806551116e-06
201,4333148.796028124,-461804.81061430223,222.4752,0.05766850224611739,-0.04062906430771786,-2.14043663073604e-06
202,4333148.796028124,-461804.81061430223,266.0403,0.05768601827393438,-0.040681080150590326,-2.0263985996632737e-06
203,4333148.796028124,-461804.81061430223,318.1274,0.05771204417367399,-0.04074557258352542,-1.9324019536698156e-06
204,4333148.796028124,-461804.81061430223,380.213,0.05775097295609725,-0.04082546025699535,-1.8291038279977593e-06
205,4333148.796028124,-461804.81061430223,453.9377,0.05780956640055699,-0.04092399063801629,-1.7122711840643721e-06
206,4333148.796028124,-461804.81061430223,541.0889,0.05789821977098596,-0.041044338587614936,-1.5822665517661508e-06
207,4333148.796028124,-461804.81061430223,643.5668,0.05803283882880392,-0.041188578470227596,-1.4403827142951541e-06
208,4333148.796028124,-461804.81061430223,763.3331,0.05823750002067221,-0.04135539970598228,-1.288881487031465e-06
209,4333148.796028124,-461804.81061430223,902.3393,0.0585478980766346,-0.04153539434967431,-1.1311201293325296e-06
210,4333815.840058059,-455502.3996515776,0.494025,0.03056438813391977,0.24939796437056336,-0.4913642470782809
211,4333815.840058059,-455502.3996515776,1.541375,0.1025493534378922,0.0005823281406495961,-0.38877948479585095
212,4333815.840058059,-455502.3996515776,2.645669,0.11995022087025417,0.012830391544018698,-0.3068852403496355
213,4333815.840058059,-455502.3996515776,3.819495,0.12403847143726068,0.017407934548400943,-0.2532113511422389
214,4333815.840058059,-455502.3996515776,5.078224,0.12098216703868486,0.017122263542722088,-0.21424239836839767
215,4333815.840058059,-455502.3996515776,6.440614,0.11443863474105895,0.013867130920246974,-0.18299756073678636
216,4333815.840058059,-455502.3996515776,7.92956,0.10651492800840655,0.008905143122071486,-0.15601169727873565
217,4333815.840058059,-455502.3996515776,9.572997,0.09838192152658443,0.003064904154359723,-0.13167779584478084
218,4333815.840058059,-455502.3996515776,11.405,0.09066171624104738,-0.0031167831212388104,-0.1093492882011505
219,4333815.840058059,-455502.3996515776,13.46714,0.08366703919819983,-0.009290846407660355,-0.08886215412943144
220,4333815.840058059,-455502.3996515776,15.81007,0.0775438516243449,-0.015220651820224716,-0.07028470219914663
221,4333815.840058059,-455502.3996515776,18.49556,0.07234973028904113,-0.0207316047662368,-0.05378315846636059
222,4333815.840058059,-455502.3996515776,21.59882,0.06809138041908537,-0.025682894000652594,-0.03954229019536555
223,4333815.840058059,-455502.3996515776,25.21141,0.06473754306820151,-0.02995963209629849,-0.027705596471982195
224,4333815.840058059,-455502.3996515776,29.44473,0.06222108095872133,-0.03348039388194464,-0.0183235080344666
225,4333815.840058059,-455502.3996515776,34.43415,0.06044027649842678,-0.03621244099659759,-0.01131244437175165
226,4333815.840058059,-455502.3996515776,40.34405,0.05926535636083133,-0.03818487086113814,-0.006436855451836533
227,4333815.840058059,-455502.3996515776,47.37369,0.05855202009465251,-0.03949010245835619,-0.0033275311808399007
228,4333815.840058059,-455502.3996515776,55.76429,0.05815941588219252,-0.04026877912212155,-0.0015381431127288185
229,4333815.840058059,-455502.3996515776,65.80727,0.057967388250483746,-0.0406807545607496,-0.0006247646334373463
230,4333815.840058059,-455502.3996515776,77.85385,0.05788734349102064,-0.04087267052735634,-0.00021855246597850627
231,4333815.840058059,-455502.3996515776,92.32607,0.05786364016042184,-0.04095486894813267,-6.392041557466917e-05
232,4333815.840058059,-455502.3996515776,109.7293,0.05786689881429135,-0.04099496925150995,-1.4384433650412454e-05
233,4333815.840058059,-455502.3996515776,130.666,0.0578842382416181,-0.041026018921742284,-1.2450046981960371e-06
234,4333815.840058059,-455502.3996515776,155.8507,0.05791133872546069,-0.04106060256991632,1.5712545626839086e-06
235,4333815.840058059,-455502.3996515776,186.1256,0.057948037104064036,-0.04110263638299536,1.993232280252151e-06
236,4333815.840058059,-455502.3996515776,222.4752,0.05799649417589704,-0.04115366995068898,1.948351449725172e-06
237,4333815.840058059,-455502.3996515776,266.0403,0.05806065706644764,-0.041214997913603585,1.8184483635573907e-06
238,4333815.840058059,-455502.3996515776,318.1274,0.05814641438227354,-0.0412878903822704,1.6672346152725464e-06
239,4333815.840058059,-455502.3996515776,380.213,0.058262243741625155,-0.04137318635323137,1.5042414808419716e-06
240,4333815.840058059,-455502.3996515776,453.9377,0.058420281051238795,-0.041470457784526994,1.3328628399168572e-06
241,4333815.840058059,-455502.3996515776,541.0889,0.05863782354762595,-0.041576456125292094,1.1571913769742344e-06
242,4333815.840058059,-455502.3996515776,643.5668,0.05893924925446395,-0.0416822202987151,9.822219763039514e-07
243,4333815.840058059,-455502.3996515776,763.3331,0.05935811892508255,-0.041767801158707346,8.134057779462699e-07
244,4333815.840058059,-455502.3996515776,902.3393,0.05993858568559756,-0.041792912342758136,6.560693342285606e-07
245,4336402.717124648,-494070.6814165052,0.494025,-0.11501209670278126,-0.29817090706110955,0.18532591519399771
246,4336402.717124648,-494070.6814165052,1.541375,-0.04604188892383033,-0.2616421448190498,0.12695612916571392
247,4336402.717124648,-494070.6814165052,2.645669,-0.015546707231695813,-0.11619057910984754,0.14801615654856728
248,4336402.717124648,-494070.6814165052,3.819495,0.0014591217523129002,-0.04127598352841849,0.14848407021202908
249,4336402.717124648,-494070.6814165052,5.078224,0.011918670390344171,-0.006570935744998032,0.138872131384928
250,4336402.717124648,-494070.6814165052,6.440614,0.01922428277633282,0.006143133963752413,0.12474337917907566
251,4336402.717124648,-494070.6814165052,7.92956,0.024988328210402352,0.007495631237198416,0.10897948668903831
252,4336402.717124648,-494070.6814165052,9.572997,0.029947538748083397,0.0034672613982100475,0.09304558257421122
253,4336402.717124648,-494070.6814165052,11.405,0.03441694391257019,-0.0027257704881399857,0.07768817053853629
254,4336402.717124648,-494070.6814165052,13.46714,0.03851261936208868,-0.009445118091599002,0.06331173419673428
255,4336402.717124648,-494070.6814165052,15.81007,0.04225819350961773,-0.01590227554250604,0.05017236235954248
256,4336402.717124648,-494070.6814165052,18.49556,0.04563551360714837,-0.021733053193801852,0.03846450320145557
257,4336402.717124648,-494070.6814165052,21.59882,0.048609929531020724,-0.02676900542306731,0.02834640628686195
258,4336402.717124648,-494070.6814165052,25.21141,0.05114578175621005,-0.030932798683845915,0.019929718100311987
259,4336402.717124648,-494070.6814165052,29.44473,0.05321843347660894,-0.034203453561977515,0.013253068078816536
260,4336402.717124648,-494070.6814165052,34.43415,0.05482449556516438,-0.036613153021418696,0.008256028155523076
261,4336402.717124648,-494070.6814165052,40.34405,0.05598904175526268,-0.03825032776614425,0.004768400941538453
262,4336402.717124648,-494070.6814165052,47.37369,0.05676709003367339,-0.03925401378261115,0.002526076544635118
263,4336402.717124648,-494070.6814165052,55.76429,0.057237346602397814,-0.03979388410428631,0.00121393749949934
264,4336402.717124648,-494070.6814165052,65.80727,0.0574887267940477,-0.04003937251985262,0.0005228503884623343
265,4336402.717124648,-494070.6814165052,77.85385,0.05760396762174029,-0.04012937717066862,0.00019849973328002368
266,4336402.717124648,-494070.6814165052,92.32607,0.057646803310123326,-0.040155631522244564,6.423916639059747e-05
267,4336402.717124648,-494070.6814165052,109.7293,0.05765748238337492,-0.04016513576815833,1.5951412123809404e-05
268,4336402.717124648,-494070.6814165052,130.666,0.05765646653416623,-0.04017531054460419,1.263904152490651e-06
269,4336402.717124648,-494070.6814165052,155.8507,0.05765192063364362,-0.04019015144715868,-2.3189515502242697e-06
270,4336402.717124648,-494070.6814165052,186.1256,0.05764633965391608,-0.04021011097339371,-2.9142780646082076e-06
271,4336402.717124648,-494070.6814165052,222.4752,0.05764039351971868,-0.04023576409333239,-2.8839434259136113e-06
272,4336402.717124648,-494070.6814165052,266.0403,0.05763452935994048,-0.04026845783939133,-2.7479139931920912e-06
273,4336402.717124648,-494070.6814165052,318.1274,0.0576295387715432,-0.04031026213913494,-2.585533675152252e-06
274,4336402.717124648,-494070.6814165052,380.213,0.05762689907612076,-0.04036398970926804,-2.404440137983912e-06
275,4336402.717124648,-494070.6814165052,453.9377,0.05762924650709491,-0.04043333020731325,-2.2061723961765915e-06
276,4336402.717124648,-494070.6814165052,541.0889,0.057641162882317666,-0.0405229951773293,-1.9932834370627304e-06
277,4336402.717124648,-494070.6814165052,643.5668,0.05767046989812034,-0.04063871922947023,-1.769771648854889e-06
278,4336402.717124648,-494070.6814165052,763.3331,0.05773030435767377,-0.04078682536241949,-1.541002029800731e-06
279,4336402.717124648,-494070.6814165052,902.3393,0.05784231831759812,-0.04097273359578582,-1.313394769617854e-06
280,4337116.813538403,-487762.3489404351,0.494025,0.19214936276249225,-0.3584986360212208,-0.4355655910778383
281,4337116.813538403,-487762.3489404351,1.541375,0.1688104509690982,-0.32670451688761015,-0.1595661227194426
282,4337116.813538403,-487762.3489404351,2.645669,0.13163033077145656,-0.2083423352879814,-0.10883972088701575
283,4337116.813538403,-487762.3489404351,3.819495,0.11148693796588537,-0.14894978034884482,-0.07948794024826775
284,4337116.813538403,-487762.3489404351,5.078224,0.09955984971441967,-0.11856011535535557,-0.06194825928965191
285,4337116.813538403,-487762.3489404351,6.440614,0.09154139462899574,-0.10187062796678958,-0.05075019701463515
286,4337116.813538403,-487762.3489404351,7.92956,0.0854113803223618,-0.09134415168927473,-0.04286361218654018
287,4337116.813538403,-487762.3489404351,9.572997,0.08027805569184582,-0.08345865232344717,-0.036680461093895916
288,4337116.813538403,-487762.3489404351,11.405,0.07578548059469874,-0.07669834695929131,-0.03139638021760283
289,4337116.813538403,-487762.3489404351,13.46714,0.07181819517723244,-0.07050264836076706,-0.026642461568763567
290,4337116.813538403,-487762.3489404351,15.81007,0.0683588466149456,-0.06473633612507618,-0.022272774121120147
291,4337116.813538403,-487762.3489404351,18.49556,0.06542121695294476,-0.05943586790323365,-0.018247426693993204
292,4337116.813538403,-487762.3489404351,21.59882,0.06301849942842139,-0.05469469672774216,-0.014573152293982605
293,4337116.813538403,-487762.3489404351,25.21141,0.06114656763468935,-0.05061050845572134,-0.011275602684558128
294,4337116.813538403,-487762.3489404351,29.44473,0.05977465691757082,-0.0472558271868109,-0.008387032989917838
295,4337116.813538403,-487762.3489404351,34.43415,0.058842352320765526,-0.04465718542744766,-0.005939129708358397
296,4337116.813538403,-487762.3489404351,40.34405,0.05826422579454581,-0.04278223043607916,-0.003955276102794156
297,4337116.813538403,-487762.3489404351,47.37369,0.057942366049207925,-0.04153994115609604,-0.002440457700037731
298,4337116.813538403,-487762.3489404351,55.76429,0.05778336245418332,-0.040796701779732436,-0.0013705297163415756
299,4337116.813538403,-487762.3489404351,65.80727,0.05771321068698112,-0.0404041762033983,-0.0006864961445753948
300,4337116.813538403,-487762.3489404351,77.85385,0.057683956708164785,-0.04022823694340314,-0.00030017121397113574
301,4337116.813538403,-487762.3489404351,92.32607,0.05767066684212212,-0.040167864898385204,-0.00011243137783052562
302,4337116.813538403,-487762.3489404351,109.7293,0.05766296562009224,-0.04015953404021971,-3.6070573752496785e-05
303,4337116.813538403,-487762.3489404351,130.666,0.05765711854858388,-0.04017054716770196,-1.081191016525245e-05
304,4337116.813538403,-487762.3489404351,155.8507,0.05765168261400018,-0.040188103400854824,-4.205728345880488e-06
305,4337116.813538403,-487762.3489404351,186.1256,0.057646056289565865,-0.040209442780627005,-2.8481818106294268e-06
306,4337116.813538403,-487762.3489404351,222.4752,0.05764015742035005,-0.040235536061413946,-2.579305168918626e-06
307,4337116.813538403,-487762.3489404351,266.0403,0.05763432647485978,-0.040268329938512246,-2.4591219739143423e-06
308,4337116.813538403,-487762.3489404351,318.1274,0.05762936067507617,-0.04031015227429713,-2.340470735304499e-06
309,4337116.813538403,-487762.3489404351,380.213,0.05762674441047577,-0.04036388456938912,-2.2081006125804596e-06
310,4337116.813538403,-487762.3489404351,453.9377,0.05762911533221346,-0.04043322912174196,-2.0607672769487588e-06
311,4337116.813538403,-487762.3489404351,541.0889,0.05764105482647297,-0.040522899177771014,-1.8989539946398046e-06
312,4337116.813538403,-487762.3489404351,643.5668,0.05767038380201343,-0.040638629532766646,-1.7243499085494255e-06
313,4337116.813538403,-487762.3489404351,763.3331,0.05773023827621499,-0.040786743132290096,-1.539840260106683e-06
314,4337116.813538403,-487762.3489404351,902.3393,0.05784226966043248,-0.040972659811053136,-1.3494557805423726e-06
315,4337821.604763396,-481454.1396325504,0.494025,-0.22043690294953805,-0.2021045133013735,-0.04918295718676252
316,4337821.604763396,-481454.1396325504,1.541375,-0.06032039360649276,-0.18908548586803958,-0.07813998470672036
317,4337821.604763396,-481454.1396325504,2.645669,-0.0057085145055122966,-0.06383252511959592,-0.08243415481202987
318,4337821.604763396,-481454.1396325504,3.819495,0.023487851551633868,-0.004662672599085916,-0.07425586568553152
319,4337821.604763396,-481454.1396325504,5.078224,0.03912338195960411,0.018985521150619456,-0.061496466190246915
320,4337821.604763396,-481454.1396325504,6.440614,0.047605854195325675,0.024384076409065453,-0.047979192608968366
321,4337821.604763396,-481454.1396325504,7.92956,0.05233910436841297,0.021046051136509328,-0.035449308018538184
322,4337821.604763396,-481454.1396325504,9.572997,0.0550901382177488,0.014027300681044106,-0.02462469655648255
323,4337821.604763396,-481454.1396325504,11.405,0.05675170667938,0.00588622486432307,-0.015735955057567648
324,4337821.604763396,-481454.1396325504,13.46714,0.057764942716318934,-0.0021657865897387017,-0.008790069419268923
325,4337821.604763396,-481454.1396325504,15.81007,0.05835040954383794,-0.009603472778112278,-0.00368628356778547
326,4337821.604763396,-481454.1396325504,18.49556,0.058630707661092005,-0.0162244834196945,-0.0002557385617487796
327,4337821.604763396,-481454.1396325504,21.59882,0.0586911448592634,-0.021964114663730456,0.0017313683495480139
328,4337821.604763396,-481454.1396325504,25.21141,0.05860504114353968,-0.02681266648753569,0.0025639972243482008
329,4337821.604763396,-481454.1396325504,29.44473,0.05843926712217237,-0.030785874950927127,0.0025759011880543826
330,4337821.604763396,-481454.1396325504,34.43415,0.0582501332346903,-0.03391900797167598,0.0021114147289109375
331,4337821.604763396,-481454.1396325504,40.34405,0.05807702641386778,-0.0362697805934606,0.0014762816253987186
332,4337821.604763396,-481454.1396325504,47.37369,0.05793933865491112,-0.037923121247707185,0.0008903229808518475
333,4337821.604763396,-481454.1396325504,55.76429,0.0578394257320761,-0.03899317680114234,0.00046357070509398657
334,4337821.604763396,-481454.1396325504,65.80727,0.057770284313304124,-0.03961715750359898,0.0002086549541743932
335,4337821.604763396,-481454.1396325504,77.85385,0.05772336641452781,-0.03993831327360417,8.185535662477841e-05
336,4337821.604763396,-481454.1396325504,92.32607,0.05769238924655244,-0.04008280564206664,2.8220372355579087e-05
337,4337821.604763396,-481454.1396325504,109.7293,0.05767296276360082,-0.04014196545775627,8.114333318331902e-06
338,4337821.604763396,-481454.1396325504,130.666,0.05766114701861265,-0.04016896181494143,1.1327199552384335e-06
339,4337821.604763396,-481454.1396325504,155.8507,0.05765331849962958,-0.04018834442000067,-1.0830312114484403e-06
340,4337821.604763396,-481454.1396325504,186.1256,0.05764693018269242,-0.0402092873742219,-1.6567793937758877e-06
341,4337821.604763396,-481454.1396325504,222.4752,0.05764082870451882,-0.04023513081077066,-1.7332572198344006e-06
342,4337821.604763396,-481454.1396325504,266.0403,0.05763494088437404,-0.040267883466039024,-1.6831426623793335e-06
343,4337821.604763396,-481454.1396325504,318.1274,0.05762994619410833,-0.04030973547426043,-1.5998090637432687e-06
344,4337821.604763396,-481454.1396325504,380.213,0.0576273027883913,-0.04036351479335362,-1.5014474265705644e-06
345,4337821.604763396,-481454.1396325504,453.9377,0.057629643378941095,-0.040432911109313754,-1.3913864773265677e-06
346,4337821.604763396,-481454.1396325504,541.0889,0.057641548540622,-0.040522634489952726,-1.2710143836651074e-06
347,4337821.604763396,-481454.1396325504,643.5668,0.05767083918498548,-0.040638417751539375,-1.14216917412488e-06
348,4337821.604763396,-481454.1396325504,763.3331,0.05773065168002059,-0.04078658179044544,-1.0075511183951636e-06
349,4337821.604763396,-481454.1396325504,902.3393,0.05784263813686824,-0.0409725443789391,-8.706873403637617e-07
350,4338517.220887722,-475144.9119816816,0.494025,0.029679810303362395,-0.057593150833885505,-0.20696442076962235
351,4338517.220887722,-475144.9119816816,1.541375,0.05441955901789867,-0.20259903882951236,-0.08500666101333683
352,4338517.220887722,-475144.9119816816,2.645669,0.05845515907077973,-0.17109306876951505,-0.04312803376952956
353,4338517.220887722,-475144.9119816816,3.819495,0.0604021054189045,-0.15043971006917797,-0.02394466884774337
354,4338517.220887722,-475144.9119816816,5.078224,0.06139736809461261,-0.13575391412082016,-0.016021253325632968
355,4338517.220887722,-475144.9119816816,6.440614,0.061939055555279794,-0.12417868007507984,-0.013273125240725436
356,4338517.220887722,-475144.9119816816,7.92956,0.062222264511467534,-0.11412600756419995,-0.012585618581862551
357,4338517.220887722,-475144.9119816816,9.572997,0.06231012306732643,-0.10478073365009379,-0.012452813918011472
358,4338517.220887722,-475144.9119816816,11.405,0.06221842634824395,-0.09578749496253855,-0.01221143863769028
359,4338517.220887722,-475144.9119816816,13.46714,0.06195548742243096,-0.08705941304042672,-0.011620866506522463
360,4338517.220887722,-475144.9119816816,15.81007,0.06153906093931806,-0.07866437806381288,-0.010642905052739422
361,4338517.220887722,-475144.9119816816,18.49556,0.0610015541892832,-0.07075650944521819,-0.009334241595582575
362,4338517.220887722,-475144.9119816816,21.59882,0.06038905848188727,-0.06353098732008047,-0.007798320787094671
363,4338517.220887722,-475144.9119816816,25.21141,0.05975656615824872,-0.057185959013916786,-0.006163285950466713
364,4338517.220887722,-475144.9119816816,29.44473,0.05916036009000952,-0.05188419885500329,-0.004566240337324356
365,4338517.220887722,-475144.9119816816,34.43415,0.058648546591542505,-0.04771540694487205,-0.0031347676665705905
366,4338517.220887722,-475144.9119816816,40.34405,0.058251795845300575,-0.0446680038050028,-0.0019654244848967034
367,4338517.220887722,-475144.9119816816,47.37369,0.05797765594411191,-0.0426233643327294,-0.001105386294178101
368,4338517.220887722,-475144.9119816816,55.76429,0.05781151483998683,-0.041380061756290235,-0.0005455570852553226
369,4338517.220887722,-475144.9119816816,65.80727,0.057724621841121385,-0.04070267193340056,-0.00023036945360917582
370,4338517.220887722,-475144.9119816816,77.85385,0.057685589155302905,-0.04037533815152158,-8.153798239265835e-05
371,4338517.220887722,-475144.9119816816,92.32607,0.057669712122474376,-0.040237269553477256,-2.50414799421428e-05
372,4338517.220887722,-475144.9119816816,109.7293,0.0576623692671753,-0.04018972518735899,-8.820663312735363e-06
373,4338517.220887722,-475144.9119816816,130.666,0.057657112578459804,-0.040181924623786607,-5.567624398273725e-06
374,4338517.220887722,-475144.9119816816,155.8507,0.057651893242026325,-0.0401915089854594,-5.049591340492732e-06
375,4338517.220887722,-475144.9119816816,186.1256,0.057646289833559475,-0.04021007073741721,-4.809569706156866e-06
376,4338517.220887722,-475144.9119816816,222.4752,0.057640375217274185,-0.04023540991756757,-4.580468920235026e-06
377,4338517.220887722,-475144.9119816816,266.0403,0.05763452504352521,-0.04026805621977705,-4.367902412383268e-06
378,4338517.220887722,-475144.9119816816,318.1274,0.057629537566197056,-0.040309869079083585,-4.153231536190444e-06
379,4338517.220887722,-475144.9119816816,380.213,0.057626898004774926,-0.04036361700784345,-3.918288569975513e-06
380,4338517.220887722,-475144.9119816816,453.9377,0.05762924559421849,-0.040432982063741386,-3.656329665673386e-06
381,4338517.220887722,-475144.9119816816,541.0889,0.057641162878919766,-0.04052267453522253,-3.3671091537590245e-06
382,4338517.220887722,-475144.9119816816,643.5668,0.05767047161803363,-0.04063842856618178,-3.0536225798168004e-06
383,4338517.220887722,-475144.9119816816,763.3331,0.05773030845018463,-0.04078656658709049,-2.7213479117912587e-06
384,4338517.220887722,-475144.9119816816,902.3393,0.057842325117655746,-0.04097250782496832,-2.378071640034465e-06
385,4339203.78529813,-468833.52373287774,0.494025,0.03222309416536526,-0.165684682603128,-0.2569074151382864
386,4339203.78529813,-468833.52373287774,1.541375,0.0961995745955586,-0.22539377664470345,-0.22266548521089666
387,4339203.78529813,-468833.52373287774,2.645669,0.09103754327089969,-0.13957657936443266,-0.19119788735440313
388,4339203.78529813,-468833.52373287774,3.819495,0.08659571196515232,-0.0963927388243072,-0.17030917521735583
389,4339203.78529813,-468833.52373287774,5.078224,0.08308598774261514,-0.07501354256741288,-0.15304468356387466
390,4339203.78529813,-468833.52373287774,6.440614,0.08030957250629649,-0.0644451790346594,-0.13671228481918543
391,4339203.78529813,-468833.52373287774,7.92956,0.07798262607223763,-0.05901168386314192,-0.12049765859019579
392,4339203.78529813,-468833.52373287774,9.572997,0.0758663755586868,-0.05587379687111614,-0.10434481971656703
393,4339203.78529813,-468833.52373287774,11.405,0.07380513209477331,-0.05367600335741895,-0.08846555527978031
394,4339203.78529813,-468833.52373287774,13.46714,0.07172436155797993,-0.05181763675608633,-0.07314924927222154
395,4339203.78529813,-468833.52373287774,15.81007,0.06961436772096123,-0.05006794829494482,-0.05870454775773832
396,4339203.78529813,-468833.52373287774,18.49556,0.06751112586289996,-0.0483688491685622,-0.04544465732064538
397,4339203.78529813,-468833.52373287774,21.59882,0.06547885699354022,-0.0467378363228428,-0.03367451639904551
398,4339203.78529813,-468833.52373287774,25.21141,0.06359451856659216,-0.04522139319744163,-0.023660638423311998
399,4339203.78529813,-468833.52373287774,29.44473,0.061933118078521546,-0.0438715465690956,-0.01558433421058271
400,4339203.78529813,-468833.52373287774,34.43415,0.060553297160959516,-0.04273181628443047,-0.009491255044460597
401,4339203.78529813,-468833.52373287774,40.34405,0.05948480859945872,-0.04182743566180808,-0.0052583535743879585
402,4339203.78529813,-468833.52373287774,47.37369,0.058721695818034866,-0.04115977813467657,-0.0026001719534374064
403,4339203.78529813,-468833.52373287774,55.76429,0.05822458791131049,-0.04070640713914541,-0.0011233146227271952
404,4339203.78529813,-468833.52373287774,65.80727,0.057932327225997095,-0.04042717006533259,-0.0004149940132496678
405,4339203.78529813,-468833.52373287774,77.85385,0.057778489079527054,-0.04027433605390236,-0.00012947413093260333
406,4339203.78529813,-468833.52373287774,92.32607,0.05770595347720289,-0.04020304440488002,-3.512551428633396e-05
407,4339203.78529813,-468833.52373287774,109.7293,0.05767444751939893,-0.040178471724312645,-9.791333871098472e-06
408,4339203.78529813,-468833.52373287774,130.666,0.05766045465570365,-0.04017810055509758,-3.995323119774738e-06
409,4339203.78529813,-468833.52373287774,155.8507,0.05765259085784727,-0.040189959677276864,-2.6778569032333837e-06
410,4339203.78529813,-468833.52373287774,186.1256,0.057646321750104514,-0.04020913688855675,-2.3209165954115854e-06
411,4339203.78529813,-468833.52373287774,222.4752,0.05764027459839299,-0.04023461388842381,-2.1772463907189544e-06
412,4339203.78529813,-468833.52373287774,266.0403,0.057634415523908494,-0.040267295879404044,-2.0633775831111944e-06
413,4339203.78529813,-468833.52373287774,318.1274,0.057629445198607396,-0.04030913545259915,-1.9380544285463777e-06
414,4339203.78529813,-468833.52373287774,380.213,0.05762682762316608,-0.040362915847813347,-1.7978870818955127e-06
415,4339203.78529813,-468833.52373287774,453.9377,0.05762919717636807,-0.040432320182940004,-1.6453585717243346e-06
416,4339203.78529813,-468833.52373287774,541.0889,0.05764113474600405,-0.04052205875063135,-1.4832741218585292e-06
417,4339203.78529813,-468833.52373287774,643.5668,0.057670461037443374,-0.04063786540784603,-1.3149615686515585e-06
418,4339203.78529813,-468833.52373287774,763.3331,0.05773031189825735,-0.040786061698798365,-1.1444617488540817e-06
419,4339203.78529813,-468833.52373287774,902.3393,0.05784233862190369,-0.04097206526096428,-9.76326843702182e-07
420,4339881.045145775,-462522.2992525033,0.494025,0.024347378729958916,0.30183811408662875,0.26416620643822414
421,4339881.045145775,-462522.2992525033,1.541375,0.0036790657036783886,0.1971113736246824,0.12744274975148728
422,4339881.045145775,-462522.2992525033,2.645669,-0.002331339063590232,0.13476051147037912,0.056969966651197676
423,4339881.045145775,-462522.2992525033,3.819495,-0.0013739232371282745,0.09667529369187242,0.022710683073539323
424,4339881.045145775,-462522.2992525033,5.078224,0.0026861238990409236,0.07216109427451438,0.007638826534342211
425,4339881.045145775,-462522.2992525033,6.440614,0.007991054826554891,0.055026125601154274,0.002280376632155204
426,4339881.045145775,-462522.2992525033,7.92956,0.013697752548946554,0.04178047263026684,0.0014900693819605744
427,4339881.045145775,-462522.2992525033,9.572997,0.01944561586918614,0.030535245393379904,0.00256136773707466
428,4339881.045145775,-462522.2992525033,11.405,0.025079388111473276,0.020337188460757653,0.004128861099359965
429,4339881.045145775,-462522.2992525033,13.46714,0.03051181411491657,0.010771590763386234,0.005541408477240457
430,4339881.045145775,-462522.2992525033,15.81007,0.035662125081957145,0.0017288798881757422,0.006515011286957858
431,4339881.045145775,-462522.2992525033,18.49556,0.04043584967410456,-0.006732151412054627,0.0069514317459648395
432,4339881.045145775,-462522.2992525033,21.59882,0.04472661995449813,-0.014466184141839198,0.00685239653461876
433,4339881.045145775,-462522.2992525033,25.21141,0.04843059765936457,-0.021296982719560986,0.006284445767690641
434,4339881.045145775,-462522.2992525033,29.44473,0.051467359895162476,-0.02706290894862075,0.00536418791802669
435,4339881.045145775,-462522.2992525033,34.43415,0.05380178270904472,-0.031658751326623026,0.004244459093618471
436,4339881.045145775,-462522.2992525033,40.34405,0.0554598323502479,-0.03507057566897319,0.0030915214472534034
437,4339881.045145775,-462522.2992525033,47.37369,0.05653011210645127,-0.03739267243670248,0.002053627043296846
438,4339881.045145775,-462522.2992525033,55.76429,0.05714680392417773,-0.03881597578469663,0.0012303477728081388
439,4339881.045145775,-462522.2992525033,65.80727,0.05745804163779353,-0.03958644814291834,0.0006561540067375577
440,4339881.045145775,-462522.2992525033,77.85385,0.05759287864614584,-0.03994779701498014,0.0003065062362769815
441,4339881.045145775,-462522.2992525033,92.32607,0.057641522734385116,-0.04009330474262456,0.00012247961057300474
442,4339881.045145775,-462522.2992525033,109.7293,0.05765458529096522,-0.04014617111385326,3.9812812691469355e-05
443,4339881.045145775,-462522.2992525033,130.666,0.05765492191236991,-0.040168936863805224,8.586470411988014e-06
444,4339881.045145775,-462522.2992525033,155.8507,0.05765102931186174,-0.04018656677457806,-1.1598692062634986e-06
445,4339881.045145775,-462522.2992525033,186.1256,0.057645674335112695,-0.0402070015301304,-3.5917631221208414e-06
446,4339881.045145775,-462522.2992525033,222.4752,0.05763979324523176,-0.04023278462615636,-3.989614640262186e-06
447,4339881.045145775,-462522.2992525033,266.0403,0.0576339604881015,-0.04026560805003227,-3.907019359873012e-06
448,4339881.045145775,-462522.2992525033,318.1274,0.057629000505461374,-0.04030756795450642,-3.711086813951437e-06
449,4339881.045145775,-462522.2992525033,380.213,0.05762639511782534,-0.04036147203334607,-3.474662762938208e-06
450,4339881.045145775,-462522.2992525033,453.9377,0.05762878081314749,-0.04043100714923234,-3.211372558978632e-06
451,4339881.045145775,-462522.2992525033,541.0889,0.05764073914984209,-0.04052088250717333,-2.92570900761444e-06
452,4339881.045145775,-462522.2992525033,643.5668,0.05767009118559682,-0.04063682923059368,-2.622428030920586e-06
453,4339881.045145775,-462522.2992525033,763.3331,0.05772997269624561,-0.0407851654391206,-2.3080255327066686e-06
454,4339881.045145775,-462522.2992525033,902.3393,0.05784203437098781,-0.040971305098289695,-1.990651999519951e-06
455,4340549.125536747,-456210.0964726406,0.494025,0.19743006957474835,-0.21680852826217473,-0.3727501319831369
456,4340549.125536747,-456210.0964726406,1.541375,0.11327552717484284,-0.18344628590963846,-0.2796416926111236
457,4340549.125536747,-456210.0964726406,2.645669,0.0747159340080241,-0.15246829681119686,-0.21785069623253292
458,4340549.125536747,-456210.0964726406,3.819495,0.05847833078393622,-0.1281561410301798,-0.17476497049856723
459,4340549.125536747,-456210.0964726406,5.078224,0.05269913075487838,-0.11025008653994879,-0.1428564725531291
460,4340549.125536747,-456210.0964726406,6.440614,0.05150362596985793,-0.09716129502294596,-0.11771831767411671
461,4340549.125536747,-456210.0964726406,7.92956,0.0520975140368775,-0.08726916594001935,-0.09684148182388914
462,4340549.125536747,-456210.0964726406,9.572997,0.05322599410384845,-0.07934506454696369,-0.07885917435661213
463,4340549.125536747,-456210.0964726406,11.405,0.054372665567465034,-0.07260528066724026,-0.06308198781797036
464,4340549.125536747,-456210.0964726406,13.46714,0.05535530185542075,-0.0666283810468597,-0.04921113878780933
465,4340549.125536747,-456210.0964726406,15.81007,0.05613135745995396,-0.061241879798297184,-0.03715929495942095
466,4340549.125536747,-456210.0964726406,18.49556,0.05671110356021358,-0.05642013038750667,-0.026933760257306646
467,4340549.125536747,-456210.0964726406,21.59882,0.05712255625470755,-0.052206827467299675,-0.01855706419935314
468,4340549.125536747,-456210.0964726406,25.21141,0.057398591396413956,-0.04866066508948063,-0.012009854532283155
469,4340549.125536747,-456210.0964726406,29.44473,0.057571695759604094,-0.04581905071168407,-0.007192743813193256
470,4340549.125536747,-456210.0964726406,34.43415,0.05767078319726899,-0.0436757748061532,-0.003909813497646677
471,4340549.125536747,-456210.0964726406,40.34405,0.057719160891339626,-0.042172186757888065,-0.0018786486409405354
472,4340549.125536747,-456210.0964726406,47.37369,0.05773421523744915,-0.041203424564247186,-0.0007676304846815799
473,4340549.125536747,-456210.0964726406,55.76429,0.05772878089491069,-0.04063818635915429,-0.0002504585468357636
474,4340549.125536747,-456210.0964726406,65.80727,0.05771289428465377,-0.040344980214490796,-5.825412658946619e-05
475,4340549.125536747,-456210.0964726406,77.85385,0.057694431191211565,-0.040214266484725994,-8.755761782109595e-06
476,4340549.125536747,-456210.0964726406,92.32607,0.05767849453695377,-0.04016891364567569,-4.156303407425857e-06
477,4340549.125536747,-456210.0964726406,109.7293,0.057666889881383535,-0.04016275100557564,-6.200200378117554e-06
478,4340549.125536747,-456210.0964726406,130.666,0.05765883338616692,-0.04017253443887029,-6.463647364729597e-06
479,4340549.125536747,-456210.0964726406,155.8507,0.05765256774846841,-0.04018897239316279,-5.674940861259955e-06
480,4340549.125536747,-456210.0964726406,186.1256,0.05764671912951699,-0.040209828397493014,-5.00148966205169e-06
481,4340549.125536747,-456210.0964726406,222.4752,0.0576407620346404,-0.04023577906184763,-4.627506505438968e-06
482,4340549.125536747,-456210.0964726406,266.0403,0.05763489000705452,-0.04026853597149117,-4.386313238766264e-06
483,4340549.125536747,-456210.0964726406,318.1274,0.05762987557354536,-0.04031034363027085,-4.161447714659919e-06
484,4340549.125536747,-456210.0964726406,380.213,0.0576272049074774,-0.04036406429506324,-3.915936329050132e-06
485,4340549.125536747,-456210.0964726406,453.9377,0.057629518532923196,-0.04043339674771365,-3.6432931198002022e-06
486,4340549.125536747,-456210.0964726406,541.0889,0.05764139981663287,-0.04052305371628259,-3.3445349139098225e-06
487,4340549.125536747,-456210.0964726406,643.5668,0.05767067152855492,-0.04063877005720508,-3.0233691963108588e-06
488,4340549.125536747,-456210.0964726406,763.3331,0.05773047159144521,-0.040786868932966874,-2.6857228823989053e-06
489,4340549.125536747,-456210.0964726406,902.3393,0.05784245320025943,-0.04097277047802516,-2.3396089287797444e-06
490,4343120.943457512,-494836.12662044814,0.494025,0.3925459589428912,0.13876087091311237,0.06237010817846844
491,4343120.943457512,-494836.12662044814,1.541375,0.2715643202639788,0.007074852229308884,0.03078421612505236
492,4343120.943457512,-494836.12662044814,2.645669,0.18915649365679177,0.056325652261595145,0.04805900275685915
493,4343120.943457512,-494836.12662044814,3.819495,0.14250730656173147,0.07510403589654333,0.05224658149712219
494,4343120.943457512,-494836.12662044814,5.078224,0.11556703353760973,0.07719722557252032,0.04930815715625433
495,4343120.943457512,-494836.12662044814,6.440614,0.09931687039615134,0.07056501005414248,0.04290745186830355
496,4343120.943457512,-494836.12662044814,7.92956,0.0887936455946821,0.059719927307852985,0.03522971245966526
497,4343120.943457512,-494836.12662044814,9.572997,0.08135051725819367,0.04716165124274153,0.027530852925214885
498,4343120.943457512,-494836.12662044814,11.405,0.07564091422118889,0.03424301782875709,0.020496561038631775
499,4343120.943457512,-494836.12662044814,13.46714,0.07102644252068283,0.02169055381950199,0.014470187433592678
500,4343120.943457512,-494836.12662044814,15.81007,0.06723416732881501,0.009911411035413837,0.009591106126287424
501,4343120.943457512,-494836.12662044814,18.49556,0.06416068592913145,-0.0008366340367839138,0.005872295561357149
502,4343120.943457512,-494836.12662044814,21.59882,0.06176321821855554,-0.01036342476761703,0.0032398060578478017
503,4343120.943457512,-494836.12662044814,25.21141,0.060001602772639974,-0.018522553157205125,0.0015520090184290263
504,4343120.943457512,-494836.12662044814,29.44473,0.05881097590674435,-0.025220786631852996,0.00061476166389667
505,4343120.943457512,-494836.12662044814,34.43415,0.0580945722588167,-0.03044083148410646,0.0002037654456646049
506,4343120.943457512,-494836.12662044814,40.34405,0.05773160776875266,-0.03426034481549081,9.758181917521574e-05
507,4343120.943457512,-494836.12662044814,47.37369,0.057595996217400136,-0.03685312712022869,0.00011478305168852523
508,4343120.943457512,-494836.12662044814,55.76429,0.05757861887527431,-0.03846583413971073,0.000141000303451578
509,4343120.943457512,-494836.12662044814,65.80727,0.05760348692385753,-0.039374001098403694,0.00013264371182958459
510,4343120.943457512,-494836.12662044814,77.85385,0.05763075625330376,-0.039832602535313615,9.577022147527912e-05
511,4343120.943457512,-494836.12662044814,92.32607,0.057647476008300655,-0.04004004564554526,5.3788807819423686e-05
512,4343120.943457512,-494836.12662044814,109.7293,0.05765402147805669,-0.04012664820353954,2.3230676836978797e-05
513,4343120.943457512,-494836.12662044814,130.666,0.057654142977203254,-0.04016466726422558,7.142036930626171e-06
514,4343120.943457512,-494836.12662044814,155.8507,0.05765085319031685,-0.04018793500248978,8.223254539313786e-07
515,4343120.943457512,-494836.12662044814,186.1256,0.05764587331884819,-0.04021003527840019,-1.0248213191151398e-06
516,4343120.943457512,-494836.12662044814,222.4752,0.0576401361241165,-0.04023614897497,-1.400817367109858e-06
517,4343120.943457512,-494836.12662044814,266.0403,0.05763433587526978,-0.04026891860997073,-1.4165361549739337e-06
518,4343120.943457512,-494836.12662044814,318.1274,0.05762936969078569,-0.04031071885909403,-1.3587456970417112e-06
519,4343120.943457512,-494836.12662044814,380.213,0.05762674710996976,-0.040364426173370514,-1.281503203739846e-06
520,4343120.943457512,-494836.12662044814,453.9377,0.05762911195550875,-0.04043374206607643,-1.1928331638476644e-06
521,4343120.943457512,-494836.12662044814,541.0889,0.05764104718139733,-0.04052337988799959,-1.0941968926813086e-06
522,4343120.943457512,-494836.12662044814,643.5668,0.05767037415041152,-0.040639074523210576,-9.869474570031507e-07
523,4343120.943457512,-494836.12662044814,763.3331,0.05773022890100621,-0.040787149155048136,-8.732707074928817e-07
524,4343120.943457512,-494836.12662044814,902.3393,0.057842262508941845,-0.040973024106848645,-7.562445350637576e-07
525,4343836.1461940985,-488518.0208811178,0.494025,-0.11227581323689692,0.2767710018548299,-0.23661059366092418
526,4343836.1461940985,-488518.0208811178,1.541375,0.09797059363505647,-0.23251758291418767,-0.20446262538395005
527,4343836.1461940985,-488518.0208811178,2.645669,0.11809439398097626,-0.19600375773739287,-0.1949423237119255
528,4343836.1461940985,-488518.0208811178,3.819495,0.12382310595728308,-0.16895317198427973,-0.17815415816988908
529,4343836.1461940985,-488518.0208811178,5.078224,0.1221180954312587,-0.1481335868511511,-0.15846744628073423
530,4343836.1461940985,-488518.0208811178,6.440614,0.11680594230952193,-0.13139860917054785,-0.1381234243591357
531,4343836.1461940985,-488518.0208811178,7.92956,0.10994455362202611,-0.11737295619408909,-0.11825202086189689
532,4343836.1461940985,-488518.0208811178,9.572997,0.10261394967679104,-0.10521191337038441,-0.0994222811010462
533,4343836.1461940985,-488518.0208811178,11.405,0.09537107908738501,-0.09442632730984456,-0.0819356886840387
534,4343836.1461940985,-488518.0208811178,13.46714,0.08850748847860687,-0.08475841931751511,-0.06597692611685693
535,4343836.1461940985,-488518.0208811178,15.81007,0.08219030965892155,-0.07609485580484875,-0.05168485130181273
536,4343836.1461940985,-488518.0208811178,18.49556,0.07653241215630795,-0.0684053327981353,-0.03917602366958105
537,4343836.1461940985,-488518.0208811178,21.59882,0.07161997615260965,-0.06169971937209216,-0.02854122961770464
538,4343836.1461940985,-488518.0208811178,25.21141,0.06751442619947019,-0.05599723409776368,-0.019825651161157476
539,4343836.1461940985,-488518.0208811178,29.44473,0.06424183562668759,-0.05130432252174985,-0.01300381410263684
540,4343836.1461940985,-488518.0208811178,34.43415,0.06178020132678736,-0.04759889025751808,-0.007959650014590668
541,4343836.1461940985,-488518.0208811178,40.34405,0.06005329798524042,-0.04482008148586514,-0.004481492415313454
542,4343836.1461940985,-488518.0208811178,47.37369,0.058937338272888794,-0.04286478862575384,-0.002279136904606118
543,4343836.1461940985,-488518.0208811178,55.76429,0.058281148500786854,-0.041592591174312854,-0.0010223223693285502
544,4343836.1461940985,-488518.0208811178,65.80727,0.057933910371600436,-0.04084039090848555,-0.00039099958882938624
545,4343836.1461940985,-488518.0208811178,77.85385,0.05776974683755581,-0.040444680061497894,-0.00012059236036046765
546,4343836.1461940985,-488518.0208811178,92.32607,0.05770014776096757,-0.04026490427962628,-2.654809728847512e-05
547,4343836.1461940985,-488518.0208811178,109.7293,0.05767258579941506,-0.04019895674608705,-2.4812322684635098e-06
548,4343836.1461940985,-488518.0208811178,130.666,0.057660777682929674,-0.04018522231054155,6.502829647274399e-07
549,4343836.1461940985,-488518.0208811178,155.8507,0.057653710166455964,-0.040193373489671336,-6.032309377589626e-08
550,4343836.1461940985,-488518.0208811178,186.1256,0.057647602347256355,-0.04021160696297303,-6.601785161598657e-07
551,4343836.1461940985,-488518.0208811178,222.4752,0.05764151592287153,-0.040236809507578526,-8.675684858843092e-07
552,4343836.1461940985,-488518.0208811178,266.0403,0.05763557141168946,-0.04026934794850273,-8.990302794453989e-07
553,4343836.1461940985,-488518.0208811178,318.1274,0.05763050365343043,-0.04031105377122266,-8.746861725653656e-07
554,4343836.1461940985,-488518.0208811178,380.213,0.05762778155856965,-0.04036468864248645,-8.327136429805003e-07
555,4343836.1461940985,-488518.0208811178,453.9377,0.05763004151752544,-0.04043393475051341,-7.819948766715797e-07
556,4343836.1461940985,-488518.0208811178,541.0889,0.05764186708324364,-0.04052350499843724,-7.241670570691147e-07
557,4343836.1461940985,-488518.0208811178,643.5668,0.05767108218154525,-0.04063913694098627,-6.598982400963148e-07
558,4343836.1461940985,-488518.0208811178,763.3331,0.05773082612411128,-0.040787156730878654,-5.902681324452294e-07
559,4343836.1461940985,-488518.0208811178,902.3393,0.057842753530808005,-0.040972987251951386,-5.169976214308672e-07
560,4344542.029325741,-482200.03850079264,0.494025,0.11588212815846852,-0.03773091864475112,0.007642381327041328
561,4344542.029325741,-482200.03850079264,1.541375,0.08622452378325045,-0.22483881897729904,0.1374529390706437
562,4344542.029325741,-482200.03850079264,2.645669,0.04944085142154907,-0.11070128013233752,0.10720815553088534
563,4344542.029325741,-482200.03850079264,3.819495,0.03423384007826746,-0.0546944220238071,0.08089006032925493
564,4344542.029325741,-482200.03850079264,5.078224,0.029635155764677824,-0.029048392166772352,0.06112184696961011
565,4344542.029325741,-482200.03850079264,6.440614,0.03000933424824613,-0.01874011244680855,0.04713060234634136
566,4344542.029325741,-482200.03850079264,7.92956,0.03254350309711683,-0.0158462557142783,0.03728389582471102
567,4344542.029325741,-482200.03850079264,9.572997,0.03588301017344816,-0.016335561101042617,0.0300853150867443
568,4344542.029325741,-482200.03850079264,11.405,0.039399759577768,-0.018257005409672733,0.02446595319282073
569,4344542.029325741,-482200.03850079264,13.46714,0.042808533457392446,-0.020727131759703286,0.019780626411144774
570,4344542.029325741,-482200.03850079264,15.81007,0.04597344543550892,-0.02337498775931083,0.01570319453276834
571,4344542.029325741,-482200.03850079264,18.49556,0.04881743183952644,-0.026048747536197767,0.012108790671605708
572,4344542.029325741,-482200.03850079264,21.59882,0.05128598018797215,-0.028669982488889016,0.008978681696552774
573,4344542.029325741,-482200.03850079264,25.21141,0.053338640098931106,-0.03116950496161436,0.006335275674603234
574,4344542.029325741,-482200.03850079264,29.44473,0.05495332186734893,-0.03346711424695718,0.004202340364007497
575,4344542.029325741,-482200.03850079264,34.43415,0.05613467212174122,-0.03547563675708704,0.0025818494816886384
576,4344542.029325741,-482200.03850079264,40.34405,0.05692031119352007,-0.03711903669626845,0.001441785041531403
577,4344542.029325741,-482200.03850079264,47.37369,0.05737974950899873,-0.03835575046953485,0.0007140181418516244
578,4344542.029325741,-482200.03850079264,55.76429,0.05760332167821426,-0.039196053911674654,0.00030313406240282985
579,4344542.029325741,-482200.03850079264,65.80727,0.05768321509846849,-0.039702252105159,0.00010473090993377439
580,4344542.029325741,-482200.03850079264,77.85385,0.05769417735232924,-0.03996865912292021,2.6626468901662953e-05
581,4344542.029325741,-482200.03850079264,92.32607,0.05768296449298622,-0.04009121501772614,3.5919829929016177e-06
582,4344542.029325741,-482200.03850079264,109.7293,0.05767033625146485,-0.040143435854820664,-3.6505056552523797e-07
583,4344542.029325741,-482200.03850079264,130.666,0.05766111817914116,-0.04016902182495523,-1.3031701560166322e-08
584,4344542.029325741,-482200.03850079264,155.8507,0.057654229793875814,-0.04018840545351061,5.404723201037267e-07
585,4344542.029325741,-482200.03850079264,186.1256,0.057648083037774626,-0.040209471994834024,7.580259769820822e-07
586,4344542.029325741,-482200.03850079264,222.4752,0.05764199168128717,-0.04023535647078244,7.841381819309048e-07
587,4344542.029325741,-482200.03850079264,266.0403,0.057636057316763564,-0.040268104294462495,7.455664270952842e-07
588,4344542.029325741,-482200.03850079264,318.1274,0.05763100070523386,-0.040309938126473904,6.903744503082094e-07
589,4344542.029325741,-482200.03850079264,380.213,0.057628286795661725,-0.04036369561402531,6.289023762273548e-07
590,4344542.029325741,-482200.03850079264,453.9377,0.05763055002827345,-0.040433068652715703,5.625768265181634e-07
591,4344542.029325741,-482200.03850079264,541.0889,0.057642372258715754,-0.04052276829141163,4.925360177658655e-07
592,4344542.029325741,-482200.03850079264,643.5668,0.05767157589757669,-0.04063852820151388,4.205819948010013e-07
593,4344542.029325741,-482200.03850079264,763.3331,0.057731299191598334,-0.040786670123089314,3.490209843965761e-07
594,4344542.029325741,-482200.03850079264,902.3393,0.05784319646180677,-0.04097261260951822,2.804426216622634e-07
595,4345238.723142079,-475881.0361998027,0.494025,-0.28653714760732957,0.05101241330535701,0.5114141228713127
596,4345238.723142079,-475881.0361998027,1.541375,-0.1613418994562309,0.012018422180337732,0.2589493114534446
597,4345238.723142079,-475881.0361998027,2.645669,-0.09056359343349424,-0.005508891322092757,0.12767920488672596
598,4345238.723142079,-475881.0361998027,3.819495,-0.049525766524220985,-0.01341711760838854,0.062025838832079266
599,4345238.723142079,-475881.0361998027,5.078224,-0.02450805713342341,-0.017353814855019675,0.030843217266868082
600,4345238.723142079,-475881.0361998027,6.440614,-0.008009968226574456,-0.019843731967092833,0.01701488888516731
601,4345238.723142079,-475881.0361998027,7.92956,0.0039703407682983236,-0.02190794919158913,0.011389394024471436
602,4345238.723142079,-475881.0361998027,9.572997,0.013492958454275481,-0.02389211573589526,0.009263746019331371
603,4345238.723142079,-475881.0361998027,11.405,0.02156198794471892,-0.025871729189861456,0.008360274793941672
604,4345238.723142079,-475881.0361998027,13.46714,0.028624994314884453,-0.02783552515725305,0.007678221772247411
605,4345238.723142079,-475881.0361998027,15.81007,0.034850428080911,-0.02975624326187238,0.006857097190297244
606,4345238.723142079,-475881.0361998027,18.49556,0.0402790432271945,-0.031608398286101395,0.005837113398791791
607,4345238.723142079,-475881.0361998027,21.59882,0.04490450291227222,-0.03336515403371399,0.004687243711847472
608,4345238.723142079,-475881.0361998027,25.21141,0.0487166840276377,-0.034991631089728394,0.003521129043685645
609,4345238.723142079,-475881.0361998027,29.44473,0.051725701621623314,-0.03644297707332149,0.0024532993751590834
610,4345238.723142079,-475881.0361998027,34.43415,0.053975306778924745,-0.037670449892071176,0.0015717329373799716
611,4345238.723142079,-475881.0361998027,40.34405,0.0555479458131895,-0.03863492021132264,0.000920066006090069
612,4345238.723142079,-475881.0361998027,47.37369,0.05656049601834606,-0.03932293845754083,0.0004924547638121309
613,4345238.723142079,-475881.0361998027,55.76429,0.057150416969458974,-0.03975705333666596,0.0002443297651221584
614,4345238.723142079,-475881.0361998027,65.80727,0.057455092722586004,-0.03999248458163136,0.00011523812506557404
615,4345238.723142079,-475881.0361998027,77.85385,0.0575911462756959,-0.04009953249623837,5.2091631383446285e-05
616,4345238.723142079,-475881.0361998027,92.32607,0.05764167063244534,-0.04014117085626855,2.104268876177856e-05
617,4345238.723142079,-475881.0361998027,109.7293,0.057655533066080594,-0.04015890426532566,5.588639977960561e-06
618,4345238.723142079,-475881.0361998027,130.666,0.05765607217975475,-0.040172559109568226,-1.5130636528860882e-06
619,4345238.723142079,-475881.0361998027,155.8507,0.057652267782115275,-0.04018874208827772,-4.1706086698877044e-06
620,4345238.723142079,-475881.0361998027,186.1256,0.057646973767879826,-0.04020920354401103,-4.847769929058763e-06
621,4345238.723142079,-475881.0361998027,222.4752,0.057641101838586145,-0.04023504444133241,-4.845702269748118e-06
622,4345238.723142079,-475881.0361998027,266.0403,0.05763523335036079,-0.04026782666962458,-4.660190113065963e-06
623,4345238.723142079,-475881.0361998027,318.1274,0.05763021391685773,-0.04030969904030957,-4.4213106137829504e-06
624,4345238.723142079,-475881.0361998027,380.213,0.05762753700708727,-0.04036349509101905,-4.150884187028348e-06
625,4345238.723142079,-475881.0361998027,453.9377,0.05762984250847636,-0.040432906923454075,-3.851371950838268e-06
626,4345238.723142079,-475881.0361998027,541.0889,0.057641713037616525,-0.040522644445746214,-3.5250698957681404e-06
627,4345238.723142079,-475881.0361998027,643.5668,0.05767097081500988,-0.040638439777193315,-3.176501360579857e-06
628,4345238.723142079,-475881.0361998027,763.3331,0.05773075337421388,-0.040786613158514756,-2.8124844624511233e-06
629,4345238.723142079,-475881.0361998027,902.3393,0.05784271376717451,-0.04097258192485742,-2.4418965154101186e-06
630,4345926.351221016,-469559.8699535443,0.494025,0.09860166813934267,-0.11222819744473429,-0.7051314583728958
631,4345926.351221016,-469559.8699535443,1.541375,0.09010957279354159,-0.029135520873248832,-0.49195045115889025
632,4345926.351221016,-469559.8699535443,2.645669,0.08318058299646645,0.009948323281373225,-0.3614886013102676
633,4345926.351221016,-469559.8699535443,3.819495,0.07772218320751687,0.024709145061396834,-0.2782883392719068
634,4345926.351221016,-469559.8699535443,5.078224,0.07346870116876808,0.02659649680746927,-0.2219417544046377
635,4345926.351221016,-469559.8699535443,6.440614,0.07013566530893593,0.02210120038749784,-0.18085941271832054
636,4345926.351221016,-469559.8699535443,7.92956,0.06748373780494059,0.014787445084262371,-0.14860010533048051
637,4345926.351221016,-469559.8699535443,9.572997,0.06533668066778384,0.0065379510236685,-0.12170764909369619
638,4345926.351221016,-469559.8699535443,11.405,0.0635772878947284,-0.0016937284078117065,-0.09843428624039206
639,4345926.351221016,-469559.8699535443,13.46714,0.06213390776861154,-0.00943883164613444,-0.07798608099795815
640,4345926.351221016,-469559.8699535443,15.81007,0.060964283747002204,-0.016461610064262687,-0.060076360249996213
641,4345926.351221016,-469559.8699535443,18.49556,0.06004035381757186,-0.022629017248506272,-0.04465862962574586
642,4345926.351221016,-469559.8699535443,21.59882,0.05933646536362061,-0.027854930064372806,-0.03176546957962064
643,4345926.351221016,-469559.8699535443,25.21141,0.05882227045531099,-0.032088326089854624,-0.02140691805765317
644,4345926.351221016,-469559.8699535443,29.44473,0.05846093943188827,-0.035322641252358455,-0.013505818864375265
645,4345926.351221016,-469559.8699535443,34.43415,0.058212272477516855,-0.03760988254802433,-0.007862122220660017
646,4345926.351221016,-469559.8699535443,40.34405,0.058039019547921,-0.03906728277680589,-0.004148396866525855
647,4345926.351221016,-469559.8699535443,47.37369,0.05791331998940559,-0.03986807357056975,-0.0019413509315385415
648,4345926.351221016,-469559.8699535443,55.76429,0.057819569882994144,-0.040214465365763466,-0.0007849437556762
649,4345926.351221016,-469559.8699535443,65.80727,0.05775177520021783,-0.040299653898963894,-0.00026614799261688403
650,4345926.351221016,-469559.8699535443,77.85385,0.05770729646456069,-0.04027351058205576,-7.376064682341376e-05
651,4345926.351221016,-469559.8699535443,92.32607,0.05768176779811157,-0.04022650796325048,-1.7066437893257844e-05
652,4345926.351221016,-469559.8699535443,109.7293,0.05766848454673678,-0.040196316305517475,-4.109226939601139e-06
653,4345926.351221016,-469559.8699535443,130.666,0.057660984000881293,-0.04018836690481495,-1.5668693448002928e-06
654,4345926.351221016,-469559.8699535443,155.8507,0.05765518234432194,-0.04019637062544683,-9.110756988188346e-07
655,4345926.351221016,-469559.8699535443,186.1256,0.057649405034084056,-0.04021419362296358,-6.704679537022601e-07
656,4345926.351221016,-469559.8699535443,222.4752,0.05764335298439371,-0.0402392236183309,-5.912316520685012e-07
657,4345926.351221016,-469559.8699535443,266.0403,0.05763735300764083,-0.04027165387174366,-5.638154093485796e-07
658,4345926.351221016,-469559.8699535443,318.1274,0.05763220157230871,-0.04031324508356214,-5.423078853429994e-07
659,4345926.351221016,-469559.8699535443,380.213,0.057629381736279586,-0.04036674926030088,-5.165712736972641e-07
660,4345926.351221016,-469559.8699535443,453.9377,0.05763153230886023,-0.040435849043671354,-4.860379214835961e-07
661,4345926.351221016,-469559.8699535443,541.0889,0.057643237783749114,-0.040525258701821096,-4.5100291052217323e-07
662,4345926.351221016,-469559.8699535443,643.5668,0.05767232356763773,-0.04064071803389939,-4.117917474611482e-07
663,4345926.351221016,-469559.8699535443,763.3331,0.05773193129397009,-0.04078855660757264,-3.690308200123172e-07
664,4345926.351221016,-469559.8699535443,902.3393,0.05784371873753205,-0.04097420187444997,-3.237638161289574e-07
665,4346604.66032198,-463238.8677294356,0.494025,0.14181778055028177,0.2053355738869587,0.0478743544387414
666,4346604.66032198,-463238.8677294356,1.541375,0.16561859387138914,-0.048579774000394135,0.021135600601242796
667,4346604.66032198,-463238.8677294356,2.645669,0.15966270379704542,-0.050102352250034995,0.009373317225699763
668,4346604.66032198,-463238.8677294356,3.819495,0.14955640951803126,-0.05026441735148997,0.004301010628407314
669,4346604.66032198,-463238.8677294356,5.078224,0.13840960177747882,-0.04965860245633835,0.0025037236545225675
670,4346604.66032198,-463238.8677294356,6.440614,0.12749790028270755,-0.04868375960273441,0.0021798147882166885
671,4346604.66032198,-463238.8677294356,7.92956,0.11726882488339871,-0.04757818281901146,0.0024053969460526986
672,4346604.66032198,-463238.8677294356,9.572997,0.10783433287333122,-0.04646920761760756,0.0027274625321742074
673,4346604.66032198,-463238.8677294356,11.405,0.09919961047238007,-0.04541654841961994,0.002941519306638796
674,4346604.66032198,-463238.8677294356,13.46714,0.09135879289277136,-0.044443709163766,0.0029723749899967337
675,4346604.66032198,-463238.8677294356,15.81007,0.08432555752442308,-0.0435581933758871,0.002812164777682107
676,4346604.66032198,-463238.8677294356,18.49556,0.07813262826363698,-0.042763016762728166,0.0024894419001543246
677,4346604.66032198,-463238.8677294356,21.59882,0.07281857116619327,-0.04206229725200321,0.0020538631941779077
678,4346604.66032198,-463238.8677294356,25.21141,0.06841003387441319,-0.04146284741096093,0.0015668491836293465
679,4346604.66032198,-463238.8677294356,29.44473,0.06490479611777072,-0.04097297154653997,0.0010923925441862015
680,4346604.66032198,-463238.8677294356,34.43415,0.06225930070141165,-0.040599081154344754,0.0006857552071927232
681,4346604.66032198,-463238.8677294356,40.34405,0.06038409940612768,-0.04034102344095927,0.0003816986366400475
682,4346604.66032198,-463238.8677294356,47.37369,0.0591500759200057,-0.04018809513044962,0.00018716688070881895
683,4346604.66032198,-463238.8677294356,55.76429,0.058405230278553114,-0.04011841701698969,8.344005328052547e-05
684,4346604.66032198,-463238.8677294356,65.80727,0.05799778752106774,-0.04010333918624156,3.8241820844362495e-05
685,4346604.66032198,-463238.8677294356,77.85385,0.05779785864411689,-0.04011540245926573,2.1326301755299895e-05
686,4346604.66032198,-463238.8677294356,92.32607,0.05771019932507589,-0.040135421123174767,1.4194792837898839e-05
687,4346604.66032198,-463238.8677294356,109.7293,0.057675186332819955,-0.04015466937975274,9.868586349150405e-06
688,4346604.66032198,-463238.8677294356,130.666,0.05766108802491613,-0.04017208810725584,7.072593213205508e-06
689,4346604.66032198,-463238.8677294356,155.8507,0.05765365539356881,-0.04018987992033317,5.5719339420965444e-06
690,4346604.66032198,-463238.8677294356,186.1256,0.05764763578236726,-0.04021059858771833,4.878179394421843e-06
691,4346604.66032198,-463238.8677294356,222.4752,0.05764163851091808,-0.04023632871920531,4.523538970198587e-06
692,4346604.66032198,-463238.8677294356,266.0403,0.05763573405409126,-0.0402689708202156,4.260827788108611e-06
693,4346604.66032198,-463238.8677294356,318.1274,0.057630685017414196,-0.04031071468984947,4.000289246187979e-06
694,4346604.66032198,-463238.8677294356,380.213,0.05762797593997494,-0.04036438394219451,3.717783019742531e-06
695,4346604.66032198,-463238.8677294356,453.9377,0.057630246544475114,-0.04043366733580127,3.4101836559673113e-06
696,4346604.66032198,-463238.8677294356,541.0889,0.05764208001526469,-0.04052327730098343,3.080764496372711e-06
697,4346604.66032198,-463238.8677294356,643.5668,0.05767129925660956,-0.0406389501568679,2.735649832214505e-06
698,4346604.66032198,-463238.8677294356,763.3331,0.0577310425936919,-0.04078701046943538,2.3830409910565983e-06
699,4346604.66032198,-463238.8677294356,902.3393,0.05784296395947798,-0.04097287930474799,2.032661670453309e-06
700,4347273.775744883,-456916.88569019584,0.494025,0.05518751713859283,0.4612607931086364,0.4307416085555358
701,4347273.775744883,-456916.88569019584,1.541375,0.024000523056801497,0.3480658201201671,0.2814254846019096
702,4347273.775744883,-456916.88569019584,2.645669,0.013530137276654286,0.27135710812033,0.19429733117322356
703,4347273.775744883,-456916.88569019584,3.819495,0.012516146108570606,0.2163248732298492,0.14162386422585535
704,4347273.775744883,-456916.88569019584,5.078224,0.015505686516549586,0.17431077211937226,0.10788444191818218
705,4347273.775744883,-456916.88569019584,6.440614,0.019964131678884334,0.14030229336006034,0.08453863523705635
706,4347273.775744883,-456916.88569019584,7.92956,0.024779514831699705,0.1114486293025427,0.0670010389200118
707,4347273.775744883,-456916.88569019584,9.572997,0.029501741890728836,0.08618051891149975,0.052898756860929735
708,4347273.775744883,-456916.88569019584,11.405,0.033965815918996306,0.06368573333244754,0.04107187248382497
709,4347273.775744883,-456916.88569019584,13.46714,0.038113448434032145,0.0435930840437598,0.03100301168608298
710,4347273.775744883,-456916.88569019584,15.81007,0.04191520717362607,0.025778534704089237,0.022493749380537047
711,4347273.775744883,-456916.88569019584,18.49556,0.04534243776254178,0.010240396632037014,0.015480785555943134
712,4347273.775744883,-456916.88569019584,21.59882,0.04836213221312935,-0.002984157588453192,0.009931456660595271
713,4347273.775744883,-456916.88569019584,25.21141,0.0509419417500237,-0.013879496796171351,0.005783547425599312
714,4347273.775744883,-456916.88569019584,29.44473,0.053058853523437643,-0.02249493963536843,0.002913613430374245
715,4347273.775744883,-456916.88569019584,34.43415,0.054708465265219046,-0.028971912397468654,0.0011285924775959462
716,4347273.775744883,-456916.88569019584,40.34405,0.05591259110999863,-0.03355186325218993,0.0001800490758746135
717,4347273.775744883,-456916.88569019584,47.37369,0.05672235755801003,-0.03656107568172572,-0.00020177906022782514
718,4347273.775744883,-456916.88569019584,55.76429,0.057214152463083784,-0.038373575563273594,-0.0002643297307605234
719,4347273.775744883,-456916.88569019584,65.80727,0.05747753850089164,-0.03936026832262329,-0.00019550661281362886
720,4347273.775744883,-456916.88569019584,77.85385,0.057598304538851106,-0.03983970826373517,-0.00010752106683067445
721,4347273.775744883,-456916.88569019584,92.32607,0.05764358255836156,-0.04004695262899134,-4.5907744890501826e-05
722,4347273.775744883,-456916.88569019584,109.7293,0.05765566701718601,-0.040129272953129416,-1.4758128718576694e-05
723,4347273.775744883,-456916.88569019584,130.666,0.057655621791889974,-0.04016420100211852,-2.8110230760545745e-06
724,4347273.775744883,-456916.88569019584,155.8507,0.05765165307818827,-0.04018595651854319,6.780448030002846e-07
725,4347273.775744883,-456916.88569019584,186.1256,0.057646334535554414,-0.04020748134314177,1.4296723380117135e-06
726,4347273.775744883,-456916.88569019584,222.4752,0.05764048160400479,-0.040233475766803146,1.5167282820546517e-06
727,4347273.775744883,-456916.88569019584,266.0403,0.057634644996884254,-0.04026632464130582,1.47740052637848e-06
728,4347273.775744883,-456916.88569019584,318.1274,0.05762966150518617,-0.04030828027417736,1.4138174123875084e-06
729,4347273.775744883,-456916.88569019584,380.213,0.05762702307314342,-0.04036217295853509,1.3395483340409477e-06
730,4347273.775744883,-456916.88569019584,453.9377,0.057629369480040785,-0.040431690280279736,1.2554279289792183e-06
731,4347273.775744883,-456916.88569019584,541.0889,0.05764128295038473,-0.04052154009289589,1.161606197511985e-06
732,4347273.775744883,-456916.88569019584,643.5668,0.05767058501213078,-0.040637452501046854,1.058903133942351e-06
733,4347273.775744883,-456916.88569019584,763.3331,0.05773041236997961,-0.040785745289701185,9.489371485827512e-07
734,4347273.775744883,-456916.88569019584,902.3393,0.05784241719335022,-0.04097183297945425,8.341454969395739e-07
735,4349829.912485549,-495600.51708773454,0.494025,0.1308825231487513,0.24236502428973583,0.19249773007459267
736,4349829.912485549,-495600.51708773454,1.541375,0.10815425206858324,-0.043941692690989825,0.11067041498789325
737,4349829.912485549,-495600.51708773454,2.645669,0.060954228632785615,-0.035918206482937295,0.12346839520879997
738,4349829.912485549,-495600.51708773454,3.819495,0.04082053300030578,-0.03355335216055873,0.1223305044335995
739,4349829.912485549,-495600.51708773454,5.078224,0.03408951051348377,-0.033543866537701486,0.11322837485431259
740,4349829.912485549,-495600.51708773454,6.440614,0.03364835571016931,-0.034379949773784224,0.10015476458439147
741,4349829.912485549,-495600.51708773454,7.92956,0.035907422581671525,-0.03542747131072474,0.08563261671675824
742,4349829.912485549,-495600.51708773454,9.572997,0.039128133463400286,-0.03645312995936335,0.07116972956305839
743,4349829.912485549,-495600.51708773454,11.405,0.0425109820485602,-0.03738758348121002,0.057614309315158804
744,4349829.912485549,-495600.51708773454,13.46714,0.04570879439634798,-0.03821471664345455,0.04541036176871719
745,4349829.912485549,-495600.51708773454,15.81007,0.04857688791238995,-0.038926374049823464,0.03476731908917025
746,4349829.912485549,-495600.51708773454,18.49556,0.05105408139631436,-0.03950982191231822,0.025760553513782716
747,4349829.912485549,-495600.51708773454,21.59882,0.05311345427803546,-0.03995012635067792,0.018382416006538962
748,4349829.912485549,-495600.51708773454,25.21141,0.05474798029275805,-0.04023796880796129,0.01256132489184337
749,4349829.912485549,-495600.51708773454,29.44473,0.05597057108063207,-0.04037755049670582,0.00816725971002634
750,4349829.912485549,-495600.51708773454,34.43415,0.05681713647625937,-0.04039117932860846,0.005017623035051504
751,4349829.912485549,-495600.51708773454,40.34405,0.05734651182473096,-0.0403180037760987,0.0028910893944815944
752,4349829.912485549,-495600.51708773454,47.37369,0.057634357987806875,-0.04020583919931829,0.0015502302266811397
753,4349829.912485549,-495600.51708773454,55.76429,0.05776130883030013,-0.04009816945208246,0.0007676911191340471
754,4349829.912485549,-495600.51708773454,65.80727,0.05779881555495907,-0.04002205782482343,0.0003487997966340875
755,4349829.912485549,-495600.51708773454,77.85385,0.05779830351807293,-0.039983614497023624,0.00014485364129413142
756,4349829.912485549,-495600.51708773454,92.32607,0.0577881868231325,-0.039973446265805915,5.5134619731467496e-05
757,4349829.912485549,-495600.51708773454,109.7293,0.057778873858366206,-0.03997757350545215,1.962270592530755e-05
758,4349829.912485549,-495600.51708773454,130.666,0.05777130997647375,-0.03998603285920108,7.021140709607332e-06
759,4349829.912485549,-495600.51708773454,155.8507,0.05776381305731197,-0.03999504466105295,3.0359950376176373e-06
760,4349829.912485549,-495600.51708773454,186.1256,0.05775508168344444,-0.04000471782612777,1.9102458893590614e-06
761,4349829.912485549,-495600.51708773454,222.4752,0.057744537350825915,-0.04001637561734731,1.5981722680835922e-06
762,4349829.912485549,-495600.51708773454,266.0403,0.05773191276593402,-0.04003142312354609,1.472977179453576e-06
763,4349829.912485549,-495600.51708773454,318.1274,0.057717026232687874,-0.040051359660144586,1.3760595406120898e-06
764,4349829.912485549,-495600.51708773454,380.213,0.05769982129555566,-0.04007811217778683,1.2756455942819782e-06
765,4349829.912485549,-495600.51708773454,453.9377,0.05768056676958885,-0.04011436563371591,1.1674261705540613e-06
766,4349829.912485549,-495600.51708773454,541.0889,0.05766022655184632,-0.04016390217287215,1.0522889596272503e-06
767,4349829.912485549,-495600.51708773454,643.5668,0.05764112807298387,-0.040231989080516735,9.324318176044231e-07
768,4349829.912485549,-495600.51708773454,763.3331,0.05762815925807408,-0.04032576902621279,8.107400028327744e-07
769,4349829.912485549,-495600.51708773454,902.3393,0.05763085640947465,-0.04045443890822502,6.905358570716738e-07
770,4350546.220020522,-489272.6515521026,0.494025,-0.05932795334512855,-0.11529120809824149,0.2789391886306214
771,4350546.220020522,-489272.6515521026,1.541375,-0.042569617847657254,-0.015048708268755998,0.16610747484493452
772,4350546.220020522,-489272.6515521026,2.645669,-0.027835400618971412,0.02485723803337324,0.10316054381883535
773,4350546.220020522,-489272.6515521026,3.819495,-0.015190734672076114,0.035200146329542444,0.06849920427283472
774,4350546.220020522,-489272.6515521026,5.078224,-0.004304975913807473,0.03189602050905764,0.049541338023414386
775,4350546.220020522,-489272.6515521026,6.440614,0.005209194794711432,0.02296313242957386,0.03902771956073815
776,4350546.220020522,-489272.6515521026,7.92956,0.013666908048777768,0.012304619102769298,0.032838960149998465
777,4350546.220020522,-489272.6515521026,9.572997,0.021278466526884275,0.0017390404545939578,0.028700751785510882
778,4350546.220020522,-489272.6515521026,11.405,0.028157226447245415,-0.007930444339697213,0.025413669748762878
779,4350546.220020522,-489272.6515521026,13.46714,0.034341979652468636,-0.016371514638697404,0.022394852392135865
780,4350546.220020522,-489272.6515521026,15.81007,0.0398223031231912,-0.02346134733444512,0.019406828714586027
781,4350546.220020522,-489272.6515521026,18.49556,0.044563140002794294,-0.02917554347738056,0.016399389334763054
782,4350546.220020522,-489272.6515521026,21.59882,0.04852692114952364,-0.033551435910001745,0.013419839354644546
783,4350546.220020522,-489272.6515521026,25.21141,0.05169368688353231,-0.03668359953173103,0.010562344146035133
784,4350546.220020522,-489272.6515521026,29.44473,0.05407802000869604,-0.0387260213386127,0.007937081699503988
785,4350546.220020522,-489272.6515521026,34.43415,0.05574021576571174,-0.03988653593305866,0.005647184177079458
786,4350546.220020522,-489272.6515521026,40.34405,0.056787722917022256,-0.040406919711041676,0.003768500530513371
787,4350546.220020522,-489272.6515521026,47.37369,0.057363517757772715,-0.04052969963876847,0.0023336651073576956
788,4350546.220020522,-489272.6515521026,55.76429,0.05762250566251408,-0.04046090409971918,0.0013250927734317001
789,4350546.220020522,-489272.6515521026,65.80727,0.05770321142305482,-0.040342778955682335,0.0006807707005908534
790,4350546.220020522,-489272.6515521026,77.85385,0.05770624216352066,-0.04024788407777993,0.00031185411598802195
791,4350546.220020522,-489272.6515521026,92.32607,0.0576883755807665,-0.04019514563473152,0.00012551527885720852
792,4350546.220020522,-489272.6515521026,109.7293,0.057672010679209386,-0.04017628989364527,4.403294677698183e-05
793,4350546.220020522,-489272.6515521026,130.666,0.05766104209408338,-0.040177623899112946,1.390665983438756e-05
794,4350546.220020522,-489272.6515521026,155.8507,0.057653438525207365,-0.040189900634972645,4.772755753083544e-06
795,4350546.220020522,-489272.6515521026,186.1256,0.05764706257223797,-0.04020915741267752,2.5775099635363715e-06
796,4350546.220020522,-489272.6515521026,222.4752,0.057640936578859714,-0.04023467490145745,2.1440695014643097e-06
797,4350546.220020522,-489272.6515521026,266.0403,0.05763502670426141,-0.04026740405956058,2.0175989947964582e-06
798,4350546.220020522,-489272.6515521026,318.1274,0.05763000961196106,-0.04030929077560606,1.9091007059351764e-06
799,4350546.220020522,-489272.6515521026,380.213,0.0576273423372351,-0.04036311442158467,1.785465914595616e-06
800,4350546.220020522,-489272.6515521026,453.9377,0.05762965916163985,-0.040432556564030886,1.6475256304096443e-06
801,4350546.220020522,-489272.6515521026,541.0889,0.05764154214702011,-0.040522325347321184,1.4975890148845006e-06
802,4350546.220020522,-489272.6515521026,643.5668,0.05767081343980915,-0.0406381522723902,1.3383006581409812e-06
803,4350546.220020522,-489272.6515521026,763.3331,0.05773061046850468,-0.04078635708879406,1.173237152060414e-06
804,4350546.220020522,-489272.6515521026,902.3393,0.05784258610611472,-0.04097235671914929,1.006903915865453e-06
805,4351253.193554236,-482944.9095660329,0.494025,0.02221937029587283,-0.04534393137447869,0.41415447022740837
806,4351253.193554236,-482944.9095660329,1.541375,0.010929011426623822,-0.13644246283219089,-0.027531009039868076
807,4351253.193554236,-482944.9095660329,2.645669,-0.02940350834486039,-0.09841410306425286,-0.07651428818933287
808,4351253.193554236,-482944.9095660329,3.819495,-0.04220416783705162,-0.07626649074115736,-0.09639019571649841
809,4351253.193554236,-482944.9095660329,5.078224,-0.04075085538591668,-0.06314810563100609,-0.09926382513066981
810,4351253.193554236,-482944.9095660329,6.440614,-0.03237883837905368,-0.055124144305156754,-0.09290818927964582
811,4351253.193554236,-482944.9095660329,7.92956,-0.02106116411125008,-0.0499944350888616,-0.08210370466088963
812,4351253.193554236,-482944.9095660329,9.572997,-0.008901374808876344,-0.04656549348869768,-0.06966073824613067
813,4351253.193554236,-482944.9095660329,11.405,0.0030090360105336066,-0.04420782004183438,-0.057152697822697406
814,4351253.193554236,-482944.9095660329,13.46714,0.014105495029659213,-0.042590839279636986,-0.0454169109135871
815,4351253.193554236,-482944.9095660329,15.81007,0.02408475633088718,-0.04152835387565652,-0.034879774032256505
816,4351253.193554236,-482944.9095660329,18.49556,0.03277119583570737,-0.040893034828234434,-0.025751244886501455
817,4351253.193554236,-482944.9095660329,21.59882,0.04006105509454003,-0.0405746813082869,-0.018126856229845917
818,4351253.193554236,-482944.9095660329,25.21141,0.0459119278323881,-0.040466155659604645,-0.012027404825605586
819,4351253.193554236,-482944.9095660329,29.44473,0.05035271945683012,-0.04046638711386399,-0.007404372342364011
820,4351253.193554236,-482944.9095660329,34.43415,0.05349512366757587,-0.04049205998963954,-0.0041341825106022715
821,4351253.193554236,-482944.9095660329,40.34405,0.055532137314135394,-0.04049005639035805,-0.002018725400428518
822,4351253.193554236,-482944.9095660329,47.37369,0.05671542106985177,-0.040443127718819284,-0.0008028329707249059
823,4351253.193554236,-482944.9095660329,55.76429,0.0573138794340694,-0.04036412461014501,-0.00020992419252648678
824,4351253.193554236,-482944.9095660329,65.80727,0.05756668107608672,-0.04028025724232999,1.3138525724723028e-05
825,4351253.193554236,-482944.9095660329,77.85385,0.057649447229769724,-0.040215299382216727,5.88232161406246e-05
826,4351253.193554236,-482944.9095660329,92.32607,0.057666120036425954,-0.040179124295791235,4.453463249267569e-05
827,4351253.193554236,-482944.9095660329,109.7293,0.05766420488129412,-0.04016838624028996,2.3794971548835526e-05
828,4351253.193554236,-482944.9095660329,130.666,0.05765914691780616,-0.04017413777506405,1.1303511074515433e-05
829,4351253.193554236,-482944.9095660329,155.8507,0.05765380092121529,-0.040188929975727,6.054246113993197e-06
830,4351253.193554236,-482944.9095660329,186.1256,0.0576481437658826,-0.04020938336686579,4.324957199376171e-06
831,4351253.193554236,-482944.9095660329,222.4752,0.05764216357019612,-0.04023529686313219,3.7960399290918396e-06
832,4351253.193554236,-482944.9095660329,266.0403,0.057636230693580315,-0.04026807391275371,3.5628099012685457e-06
833,4351253.193554236,-482944.9095660329,318.1274,0.05763115141429356,-0.04030990214021068,3.3721657593292918e-06
834,4351253.193554236,-482944.9095660329,380.213,0.057628410743254505,-0.040363643860011025,3.1700435242648304e-06
835,4351253.193554236,-482944.9095660329,453.9377,0.05763064670359699,-0.04043300110391053,2.9476936854340663e-06
836,4351253.193554236,-482944.9095660329,541.0889,0.057642442234706076,-0.04052268756385356,2.7055228658659167e-06
837,4351253.193554236,-482944.9095660329,643.5668,0.0576716208061466,-0.04063843799511299,2.4465635482888017e-06
838,4351253.193554236,-482944.9095660329,763.3331,0.057731321779076444,-0.04078657484220815,2.17552231905296e-06
839,4351253.193554236,-482944.9095660329,902.3393,0.0578432004566424,-0.04097251695250871,1.8985610743127597e-06
840,4351950.96357759,-476616.1460837916,0.494025,-0.15606023757400747,-0.19134613500661712,-0.10653396677686065
841,4351950.96357759,-476616.1460837916,1.541375,0.05334599284298075,-0.22462336884420617,-0.20841818658659655
842,4351950.96357759,-476616.1460837916,2.645669,0.0916226365468115,-0.140373347456333,-0.10891993193306296
843,4351950.96357759,-476616.1460837916,3.819495,0.1060275722719686,-0.09423764503547848,-0.05589455585462688
844,4351950.96357759,-476616.1460837916,5.078224,0.10788917416247487,-0.06931856402113498,-0.027835496944011703
845,4351950.96357759,-476616.1460837916,6.440614,0.10363149794838424,-0.05591599332704338,-0.012916821881796901
846,4351950.96357759,-476616.1460837916,7.92956,0.0968112522092899,-0.04858348707311838,-0.0048087989768674025
847,4351950.96357759,-476616.1460837916,9.572997,0.08933316341468708,-0.044360089790838775,-0.0002404473564060136
848,4351950.96357759,-476616.1460837916,11.405,0.08217137049229864,-0.0417118741173569,0.002407162388349926
849,4351950.96357759,-476616.1460837916,13.46714,0.07579204772305193,-0.03990112768578007,0.003901591162216991
850,4351950.96357759,-476616.1460837916,15.81007,0.07039391360465355,-0.03861315191111551,0.004604395495745529
851,4351950.96357759,-476616.1460837916,18.49556,0.06603641577951914,-0.03773814264600134,0.004709074449568522
852,4351950.96357759,-476616.1460837916,21.59882,0.06270064963396425,-0.037246391830962414,0.0043587649665578106
853,4351950.96357759,-476616.1460837916,25.21141,0.06031275451576746,-0.037119077323427056,0.0036952117578350112
854,4351950.96357759,-476616.1460837916,29.44473,0.05875208911354268,-0.03731287845906262,0.002868590469622534
855,4351950.96357759,-476616.1460837916,34.43415,0.05785927673708657,-0.037747557044603086,0.002025337782669499
856,4351950.96357759,-476616.1460837916,40.34405,0.05745206636497956,-0.03831246748542885,0.001285777899164768
857,4351950.96357759,-476616.1460837916,47.37369,0.057349511509778794,-0.038888905963078826,0.0007229310032612888
858,4351950.96357759,-476616.1460837916,55.76429,0.057398185506796394,-0.039380298178411634,0.00035353713104913195
859,4351950.96357759,-476616.1460837916,65.80727,0.05749091117363472,-0.03973610019666449,0.00014744970452371315
860,4351950.96357759,-476616.1460837916,77.85385,0.057570717459352355,-0.039956210437254905,5.144721606258493e-05
861,4351950.96357759,-476616.1460837916,92.32607,0.05762008078541648,-0.040074232753909596,1.4649162605891903e-05
862,4351950.96357759,-476616.1460837916,109.7293,0.057643056776762874,-0.04013218655860408,2.9851656552909e-06
863,4351950.96357759,-476616.1460837916,130.666,0.057649840425259086,-0.040162663526111135,-2.306981731785065e-07
864,4351950.96357759,-476616.1460837916,155.8507,0.0576487064750886,-0.04018443418103715,-1.049406367296352e-06
865,4351950.96357759,-476616.1460837916,186.1256,0.05764428782565715,-0.0402063777610874,-1.1986903495208044e-06
866,4351950.96357759,-476616.1460837916,222.4752,0.05763869468445829,-0.04023257202159926,-1.1558381822389794e-06
867,4351950.96357759,-476616.1460837916,266.0403,0.0576329713787785,-0.0402654877542273,-1.0675217808340922e-06
868,4351950.96357759,-476616.1460837916,318.1274,0.057628085514049764,-0.04030747376789242,-9.706055508640512e-07
869,4351950.96357759,-476616.1460837916,380.213,0.05762555268134734,-0.04036139416887342,-8.694383881577267e-07
870,4351950.96357759,-476616.1460837916,453.9377,0.05762801478352369,-0.040430944103725865,-7.64540986905447e-07
871,4351950.96357759,-476616.1460837916,541.0889,0.0576400529105343,-0.040520833083802096,-6.579378563138936e-07
872,4351950.96357759,-476616.1460837916,643.5668,0.05766948646733308,-0.040636791704765474,-5.526700212073486e-07
873,4351950.96357759,-476616.1460837916,763.3331,0.05772944922417422,-0.04078513764771498,-4.5210831469507785e-07
874,4351950.96357759,-476616.1460837916,902.3393,0.05784158976674815,-0.04097128469001865,-3.5947163333205526e-07
875,4352639.653859386,-470285.21531356085,0.494025,-0.09837893562126092,0.9998363492036728,-0.13517403623986998
876,4352639.653859386,-470285.21531356085,1.541375,-0.06339843084912106,0.6205109408571092,-0.10037317383846234
877,4352639.653859386,-470285.21531356085,2.645669,-0.04021217148645674,0.4108321063064982,-0.07853789679126955
878,4352639.653859386,-470285.21531356085,3.819495,-0.023618146380488213,0.2905082128042424,-0.06407739047852393
879,4352639.653859386,-470285.21531356085,5.078224,-0.010802892944827079,0.21660386805232867,-0.05377703545104703
880,4352639.653859386,-470285.21531356085,6.440614,-0.0002503875986857411,0.1666132572923335,-0.04582986660044008
881,4352639.653859386,-470285.21531356085,7.92956,0.008847060083786227,0.12906926072569677,-0.03924865638768716
882,4352639.653859386,-470285.21531356085,9.572997,0.01690801698999661,0.0983685527552979,-0.03351355549779114
883,4352639.653859386,-470285.21531356085,11.405,0.024136212621909903,0.07194614590653486,-0.028364020677940048
884,4352639.653859386,-470285.21531356085,13.46714,0.030617173540958796,0.0487531892623557,-0.02367860292054849
885,4352639.653859386,-470285.21531356085,15.81007,0.036373263307592364,0.028452234944283315,-0.019408107832903244
886,4352639.653859386,-470285.21531356085,18.49556,0.041397246783270766,0.010998428539409136,-0.015540280542739131
887,4352639.653859386,-470285.21531356085,21.59882,0.04567422954013343,-0.0035761987959331406,-0.012082747460296701
888,4352639.653859386,-470285.21531356085,25.21141,0.04919798391536116,-0.015278794911423296,-0.00905448369276681
889,4352639.653859386,-470285.21531356085,29.44473,0.05198348857977351,-0.02422035659887542,-0.006479572737632906
890,4352639.653859386,-470285.21531356085,34.43415,0.054075577620619,-0.03064621278732507,-0.004379016123946316
891,4352639.653859386,-470285.21531356085,40.34405,0.05555209481614327,-0.03493280435098678,-0.002759005283649885
892,4352639.653859386,-470285.21531356085,47.37369,0.05651942500655658,-0.03754836471102283,-0.0015981113773702875
893,4352639.653859386,-470285.21531356085,55.76429,0.05710007756994823,-0.0389854272239295,-0.0008396002000295781
894,4352639.653859386,-470285.21531356085,65.80727,0.05741505232989241,-0.039685981161657516,-0.00039600380458562157
895,4352639.653859386,-470285.21531356085,77.85385,0.05756700277193813,-0.03998667557002209,-0.00016723848228456024
896,4352639.653859386,-470285.21531356085,92.32607,0.05763047788754283,-0.04010251564527691,-6.388810691363494e-05
897,4352639.653859386,-470285.21531356085,109.7293,0.05765172482369139,-0.04014705867999396,-2.270625269201802e-05
898,4352639.653859386,-470285.21531356085,130.666,0.05765528347247176,-0.040169603932635085,-7.941969025969405e-06
899,4352639.653859386,-470285.21531356085,155.8507,0.05765230113493475,-0.0401881911150486,-3.0819380433168468e-06
900,4352639.653859386,-470285.21531356085,186.1256,0.05764710215594056,-0.04020904594777814,-1.6011430267712616e-06
901,4352639.653859386,-470285.21531356085,222.4752,0.0576411928074443,-0.04023485139451466,-1.1692361809973278e-06
902,4352639.653859386,-470285.21531356085,266.0403,0.0576352921680282,-0.04026756980244615,-1.0215467044427641e-06
903,4352639.653859386,-470285.21531356085,318.1274,0.057630251953378585,-0.040309395363986145,-9.36224867975028e-07
904,4352639.653859386,-470285.21531356085,380.213,0.057627557888795346,-0.04036315322077312,-8.589035058163353e-07
905,4352639.653859386,-470285.21531356085,453.9377,0.057629847239084105,-0.04043253224864148,-7.790267294957914e-07
906,4352639.653859386,-470285.21531356085,541.0889,0.05764170272443226,-0.040522243830399235,-6.959945332015811e-07
907,4352639.653859386,-470285.21531356085,643.5668,0.05767094729824593,-0.04063802262141053,-6.113955338164899e-07
908,4352639.653859386,-470285.21531356085,763.3331,0.05773071924941961,-0.04078619112949035,-5.273654792346698e-07
909,4352639.653859386,-470285.21531356085,902.3393,0.05784267221115032,-0.04097216808322256,-4.461468950506741e-07
910,4353319.010767862,-463954.4488188505,0.494025,0.010779522917574239,-0.11985292273678988,0.15340961886522192
911,4353319.010767862,-463954.4488188505,1.541375,0.08754720505157274,-0.26894542513144365,0.30492564843471626
912,4353319.010767862,-463954.4488188505,2.645669,0.08062115766899947,-0.2156288552701848,0.2612461155691569
913,4353319.010767862,-463954.4488188505,3.819495,0.07681336522559859,-0.18079927348532807,0.22461697538487205
914,4353319.010767862,-463954.4488188505,5.078224,0.07440597322859072,-0.15644344987632347,0.19253321476414678
915,4353319.010767862,-463954.4488188505,6.440614,0.07257432693749642,-0.13798747567331687,0.163657223671146
916,4353319.010767862,-463954.4488188505,7.92956,0.07094507649798897,-0.1228874341033294,0.1373151632488226
917,4353319.010767862,-463954.4488188505,9.572997,0.06936737053634084,-0.10978953349385615,0.11321452288805287
918,4353319.010767862,-463954.4488188505,11.405,0.06779728447412864,-0.0980292143199302,0.09128460215616446
919,4353319.010767862,-463954.4488188505,13.46714,0.06624132285501885,-0.08733239326877637,0.07158265664169197
920,4353319.010767862,-463954.4488188505,15.81007,0.06472966757372776,-0.07763766610678072,0.054232575869006164
921,4353319.010767862,-463954.4488188505,18.49556,0.06330306022493778,-0.06898935779427534,0.03937444282748597
922,4353319.010767862,-463954.4488188505,21.59882,0.06200490138780354,-0.06147194488460279,0.027116328001369133
923,4353319.010767862,-463954.4488188505,25.21141,0.06087427510800468,-0.05516557640592781,0.01748408117658893
924,4353319.010767862,-463954.4488188505,29.44473,0.059938899221309294,-0.05011243911654423,0.010376354928770206
925,4353319.010767862,-463954.4488188505,34.43415,0.059209128850512674,-0.046290808095659594,0.005538403692423191
926,4353319.010767862,-463954.4488188505,40.34405,0.05867528183838143,-0.04360014939851498,0.0025706622023107762
927,4353319.010767862,-463954.4488188505,47.37369,0.05831017776277579,-0.041864206637146156,0.000981340151115468
928,4353319.010767862,-463954.4488188505,55.76429,0.058076499171655416,-0.04085570354674172,0.00027312309692192264
929,4353319.010767862,-463954.4488188505,65.80727,0.05793592839602234,-0.040337766428672095,3.2851862874373937e-05
930,4353319.010767862,-463954.4488188505,77.85385,0.05785601955301914,-0.04010688370662744,-1.48532471238065e-05
931,4353319.010767862,-463954.4488188505,92.32607,0.05781274045674896,-0.04001939998828917,-1.0154908768289803e-05
932,4353319.010767862,-463954.4488188505,109.7293,0.05778970686003526,-0.039992866458063915,-2.0812009557860837e-06
933,4353319.010767862,-463954.4488188505,130.666,0.05777639456340819,-0.039989055302561444,1.3432353234300903e-06
934,4353319.010767862,-463954.4488188505,155.8507,0.05776657713800469,-0.039993542535048734,2.220993053902704e-06
935,4353319.010767862,-463954.4488188505,186.1256,0.05775700074356502,-0.040001914739066426,2.3446707693965367e-06
936,4353319.010767862,-463954.4488188505,222.4752,0.057746171329163695,-0.040013396521022294,2.292297080635726e-06
937,4353319.010767862,-463954.4488188505,266.0403,0.057733429087501426,-0.04002857184223436,2.189646152932934e-06
938,4353319.010767862,-463954.4488188505,318.1274,0.057718458191177095,-0.0400487081840966,2.0643785722779554e-06
939,4353319.010767862,-463954.4488188505,380.213,0.0577011673487417,-0.04007568632274181,1.9237837224288127e-06
940,4353319.010767862,-463954.4488188505,453.9377,0.05768181866069408,-0.040112182056104055,1.770206914715369e-06
941,4353319.010767862,-463954.4488188505,541.0889,0.05766137559375875,-0.040161972052140636,1.605686460409993e-06
942,4353319.010767862,-463954.4488188505,643.5668,0.057642166733235245,-0.04023031719593209,1.433123122626763e-06
943,4353319.010767862,-463954.4488188505,763.3331,0.057629082003234924,-0.04032435269750085,1.2563436755749629e-06
944,4353319.010767862,-463954.4488188505,902.3393,0.05763166041554967,-0.0404532675402542,1.0798854193196907e-06
945,4353989.159796485,-457622.70099545474,0.494025,0.030343342410134574,-0.21418196978125043,-0.12718846961169455
946,4353989.159796485,-457622.70099545474,1.541375,0.05777230789033121,-0.09952265506529157,-0.12102528456670607
947,4353989.159796485,-457622.70099545474,2.645669,0.06685196153454367,-0.041993225321819073,-0.11132287492501834
948,4353989.159796485,-457622.70099545474,3.819495,0.06848813234228014,-0.015068504698193354,-0.0988939187094149
949,4353989.159796485,-457622.70099545474,5.078224,0.06751371727294735,-0.004192285387779389,-0.08503939572941302
950,4353989.159796485,-457622.70099545474,6.440614,0.06590175746927636,-0.0015223405187268814,-0.07091352185943564
951,4353989.159796485,-457622.70099545474,7.92956,0.06435017936039603,-0.0029301704572114937,-0.05735677862711721
952,4353989.159796485,-457622.70099545474,9.572997,0.06303671886110332,-0.006298200666329293,-0.04491241812810377
953,4353989.159796485,-457622.70099545474,11.405,0.06195897501728895,-0.010561438980649257,-0.03389751423107102
954,4353989.159796485,-457622.70099545474,13.46714,0.06107309255344827,-0.01517610157469117,-0.024474094704925033
955,4353989.159796485,-457622.70099545474,15.81007,0.06033984776971008,-0.019833514253032276,-0.01670088025900669
956,4353989.159796485,-457622.70099545474,18.49556,0.05973259876394857,-0.024316310999771128,-0.010561246324208712
957,4353989.159796485,-457622.70099545474,21.59882,0.059233426089061916,-0.0284375615656442,-0.005973073230171223
958,4353989.159796485,-457622.70099545474,25.21141,0.0588285238236681,-0.03202918886156344,-0.0027890316206777514
959,4353989.159796485,-457622.70099545474,29.44473,0.05850605011108675,-0.034958107117308755,-0.0007989439926088531
960,4353989.159796485,-457622.70099545474,34.43415,0.05825588229063619,-0.03715367565919518,0.0002567158503102401
961,4353989.159796485,-457622.70099545474,40.34405,0.05806963396130892,-0.03863048904266842,0.0006589685112911888
962,4353989.159796485,-457622.70099545474,47.37369,0.05793973772436376,-0.03949101591395329,0.0006729393957862302
963,4353989.159796485,-457622.70099545474,55.76429,0.05785760687604889,-0.03989989616780766,0.0005126798225213909
964,4353989.159796485,-457622.70099545474,65.80727,0.05781224759042892,-0.04003654767412671,0.00032074000495940753
965,4353989.159796485,-457622.70099545474,77.85385,0.057790912509594144,-0.0400478749014466,0.00016863080380212682
966,4353989.159796485,-457622.70099545474,92.32607,0.05778178740805194,-0.04002407369866655,7.445339914316629e-05
967,4353989.159796485,-457622.70099545474,109.7293,0.05777663506874856,-0.04000384471703361,2.7353453028217886e-05
968,4353989.159796485,-457622.70099545474,130.666,0.05777134381799107,-0.039995577637161786,8.411266614818169e-06
969,4353989.159796485,-457622.70099545474,155.8507,0.05776453524877402,-0.03999670299171562,2.435279556697519e-06
970,4353989.159796485,-457622.70099545474,186.1256,0.05775590507301948,-0.0400036567563759,1.0163582625167823e-06
971,4353989.159796485,-457622.70099545474,222.4752,0.05774533624549777,-0.040014679231242585,7.729083281132284e-07
972,4353989.159796485,-457622.70099545474,266.0403,0.05773266883596341,-0.04002970207544841,7.341352840307011e-07
973,4353989.159796485,-457622.70099545474,318.1274,0.057717733226068116,-0.0400497493839625,7.126266761402762e-07
974,4353989.159796485,-457622.70099545474,380.213,0.05770047406078889,-0.04007664137777719,6.86945973608994e-07
975,4353989.159796485,-457622.70099545474,453.9377,0.05768116123253844,-0.040113044847614625,6.55921358690588e-07
976,4353989.159796485,-457622.70099545474,541.0889,0.05766075979539109,-0.040162737221237754,6.192426367939247e-07
977,4353989.159796485,-457622.70099545474,643.5668,0.05764159850418993,-0.04023098172985064,5.766967465319652e-07
978,4353989.159796485,-457622.70099545474,763.3331,0.05762856681144765,-0.040324916519714454,5.284423467907311e-07
979,4353989.159796485,-457622.70099545474,902.3393,0.05763120265532456,-0.040453733844941366,4.7516331464082905e-07
980,4356528.997336289,-496363.7813952678,0.494025,0.18860444787895442,0.10970972812276075,-0.44882540798188464
981,4356528.997336289,-496363.7813952678,1.541375,0.14262517402575098,0.04246706106135577,-0.292198469870125
982,4356528.997336289,-496363.7813952678,2.645669,0.1168083337170936,0.008457270047018985,-0.20051658119516283
983,4356528.997336289,-496363.7813952678,3.819495,0.10184300754254383,-0.00878454910679237,-0.14509785297931196
984,4356528.997336289,-496363.7813952678,5.078224,0.09263122646252057,-0.017795542437799503,-0.10980949226968137
985,4356528.997336289,-496363.7813952678,6.440614,0.08642353770785507,-0.022888144430025376,-0.08569200798096083
986,4356528.997336289,-496363.7813952678,7.92956,0.08176930603562096,-0.026160262941115252,-0.06786672531849613
987,4356528.997336289,-496363.7813952678,9.572997,0.07792903346428573,-0.02857827769895567,-0.053756425403090224
988,4356528.997336289,-496363.7813952678,11.405,0.07454765983354494,-0.03055351512936117,-0.04206120184265233
989,4356528.997336289,-496363.7813952678,13.46714,0.07147463831978457,-0.032242727501260206,-0.032169250316193804
990,4356528.997336289,-496363.7813952678,15.81007,0.0686659554480681,-0.03369888929092375,-0.02381888361208053
991,4356528.997336289,-496363.7813952678,18.49556,0.06613076608018814,-0.03494200306334781,-0.016905050053215825
992,4356528.997336289,-496363.7813952678,21.59882,0.0639016269924665,-0.035988292540006774,-0.011370208180528963
993,4356528.997336289,-496363.7813952678,25.21141,0.06201581401539297,-0.03685914089135541,-0.007143594820882983
994,4356528.997336289,-496363.7813952678,29.44473,0.06050140812646794,-0.037580726922346465,-0.004110494224711713
995,4356528.997336289,-496363.7813952678,34.43415,0.059365825309376015,-0.03817964862026172,-0.0021028437906344577
996,4356528.997336289,-496363.7813952678,40.34405,0.05858769600937923,-0.03867744022753598,-0.0009080060701512732
997,4356528.997336289,-496363.7813952678,47.37369,0.05811511754100928,-0.039086651981760895,-0.0002931756785584177
998,4356528.997336289,-496363.7813952678,55.76429,0.05787284383011943,-0.039411184747347984,-3.8764045767700065e-05
999,4356528.997336289,-496363.7813952678,65.80727,0.057777800471640536,-0.039651620223446024,3.0511774022675076e-05
1000,4356528.997336289,-496363.7813952678,77.85385,0.05775737916627562,-0.03981269817917428,2.9024876889443204e-05
1001,4356528.997336289,-496363.7813952678,92.32607,0.05776222845570362,-0.039907711807970835,1.3886455055289873e-05
1002,4356528.997336289,-496363.7813952678,109.7293,0.057768049152698855,-0.03995658212271121,3.60996608766185e-06
1003,4356528.997336289,-496363.7813952678,130.666,0.05776804454884589,-0.039979573640293996,-7.75926779876499e-07
1004,4356528.997336289,-496363.7813952678,155.8507,0.057762983215926315,-0.039991802312066074,-2.1334108487983444e-06
1005,4356528.997336289,-496363.7813952678,186.1256,0.057754737312614685,-0.040001816066554834,-2.4116780237707434e-06
1006,4356528.997336289,-496363.7813952678,222.4752,0.05774422483607626,-0.04001349153901354,-2.3851185115764925e-06
1007,4356528.997336289,-496363.7813952678,266.0403,0.057731581101490806,-0.04002864728349628,-2.282924439855538e-06
1008,4356528.997336289,-496363.7813952678,318.1274,0.05771668055152246,-0.040048755962609345,-2.1575000194029084e-06
1009,4356528.997336289,-496363.7813952678,380.213,0.057699466997146266,-0.04007570989896582,-2.0167184076206635e-06
1010,4356528.997336289,-496363.7813952678,453.9377,0.05768020865912329,-0.040112182683399535,-1.8614394562377218e-06
1011,4356528.997336289,-496363.7813952678,541.0889,0.057659870372306285,-0.0401619513815554,-1.69309338513372e-06
1012,4356528.997336289,-496363.7813952678,643.5668,0.05764078063971547,-0.04023027801858034,-1.5144207718034145e-06
1013,4356528.997336289,-496363.7813952678,763.3331,0.05762782802113681,-0.04032429889811744,-1.3293838476300325e-06
1014,4356528.997336289,-496363.7813952678,902.3393,0.0576305487392115,-0.04045320381109564,-1.1429600747033399e-06
1015,4357246.408041972,-490026.1704422288,0.494025,-0.16781164698105608,0.21690206109652005,0.26461070013895094
1016,4357246.408041972,-490026.1704422288,1.541375,-0.15470866786363033,0.14304211783627757,0.18402154969020793
1017,4357246.408041972,-490026.1704422288,2.645669,-0.13601920916441756,0.0982482875549454,0.137741022062262
1018,4357246.408041972,-490026.1704422288,3.819495,-0.11510225040889487,0.06921020040072082,0.10918572577868708
1019,4357246.408041972,-490026.1704422288,5.078224,-0.09379882504460253,0.04873895720910903,0.0896868654782963
1020,4357246.408041972,-490026.1704422288,6.440614,-0.07308256961322704,0.033002828397629684,0.07482777988339787
1021,4357246.408041972,-490026.1704422288,7.92956,-0.05345138733191078,0.020006890071203192,0.06244452873916903
1022,4357246.408041972,-490026.1704422288,9.572997,-0.03515977832785748,0.008757683470413068,0.051544889616699355
1023,4357246.408041972,-490026.1704422288,11.405,-0.018352414340760775,-0.001195878944179208,0.041731091447570506
1024,4357246.408041972,-490026.1704422288,13.46714,-0.0031352872306642174,-0.01001610131732296,0.032895957836098985
1025,4357246.408041972,-490026.1704422288,15.81007,0.010393461675919032,-0.01771911565709776,0.02506464615843456
1026,4357246.408041972,-490026.1704422288,18.49556,0.02214115215143425,-0.024260049123809635,0.018309841072072883
1027,4357246.408041972,-490026.1704422288,21.59882,0.032035921733163775,-0.029588727450496257,0.012702058739446628
1028,4357246.408041972,-490026.1704422288,25.21141,0.04005306025981535,-0.03369083518637582,0.008274600943886557
1029,4357246.408041972,-490026.1704422288,29.44473,0.04624240602721649,-0.036617780966724876,0.004997332829857839
1030,4357246.408041972,-490026.1704422288,34.43415,0.05074662164943712,-0.038501730246111324,0.002762024083779633
1031,4357246.408041972,-490026.1704422288,40.34405,0.05380077178511464,-0.039549260437668196,0.0013861098729924556
1032,4357246.408041972,-490026.1704422288,47.37369,0.055707509548333395,-0.04001043318868727,0.0006393985977418181
1033,4357246.408041972,-490026.1704422288,55.76429,0.05679177607749329,-0.04013058463874764,0.0002885471236014183
1034,4357246.408041972,-490026.1704422288,65.80727,0.057349164720330185,-0.040103356131891324,0.00014283941271419438
1035,4357246.408041972,-490026.1704422288,77.85385,0.057607540449961935,-0.04004609292337305,8.055168013364925e-05
1036,4357246.408041972,-490026.1704422288,92.32607,0.05771525504362827,-0.04000650086988165,4.5358371146972546e-05
1037,4357246.408041972,-490026.1704422288,109.7293,0.057754251364657304,-0.03999010947261056,2.1306346816818342e-05
1038,4357246.408041972,-490026.1704422288,130.666,0.05776391356701552,-0.039988217031080533,6.481855423208277e-06
1039,4357246.408041972,-490026.1704422288,155.8507,0.05776146685358442,-0.039993171419969345,-6.746455442292489e-07
1040,4357246.408041972,-490026.1704422288,186.1256,0.05775387721239353,-0.040001661873799804,-3.2307333864402462e-06
1041,4357246.408041972,-490026.1704422288,222.4752,0.05774353901336021,-0.04001315506327429,-3.821185504470991e-06
1042,4357246.408041972,-490026.1704422288,266.0403,0.05773098000067154,-0.040028319187418615,-3.7970189718041973e-06
1043,4357246.408041972,-490026.1704422288,318.1274,0.05771615690642347,-0.040048440517385105,-3.6195740218147285e-06
1044,4357246.408041972,-490026.1704422288,380.213,0.05769902358365794,-0.04007540316524448,-3.3975547524101957e-06
1045,4357246.408041972,-490026.1704422288,453.9377,0.057679846725094325,-0.04011188530715126,-3.1496613106526657e-06
1046,4357246.408041972,-490026.1704422288,541.0889,0.057659588318768135,-0.040161665704760235,-2.8802233427808057e-06
1047,4357246.408041972,-490026.1704422288,643.5668,0.05764057374474813,-0.04023000693030922,-2.5933311595671985e-06
1048,4357246.408041972,-490026.1704422288,763.3331,0.05762768850436896,-0.04032404550536761,-2.294636066449995e-06
1049,4357246.408041972,-490026.1704422288,902.3393,0.057630466261376787,-0.04045297119055501,-1.9913480993019787e-06
1050,4357954.47037129,-483688.6832290281,0.494025,0.15964508034960784,-0.15913426566304342,0.38156850829658706
1051,4357954.47037129,-483688.6832290281,1.541375,0.13442995001235053,-0.22171709394664957,0.3281230314247505
1052,4357954.47037129,-483688.6832290281,2.645669,0.08568743331962396,-0.10288051708662944,0.22028654557466368
1053,4357954.47037129,-483688.6832290281,3.819495,0.06270758532166397,-0.04722933856006179,0.15615307587353913
1054,4357954.47037129,-483688.6832290281,5.078224,0.05301818420636952,-0.023421467766778392,0.11599486217172114
1055,4357954.47037129,-483688.6832290281,6.440614,0.04991578418156417,-0.015078518182593675,0.08902106372491325
1056,4357954.47037129,-483688.6832290281,7.92956,0.049879824326418826,-0.013879973637930296,0.06943090565445181
1057,4357954.47037129,-483688.6832290281,9.572997,0.05111764453108149,-0.015755255546751508,0.05418863109381934
1058,4357954.47037129,-483688.6832290281,11.405,0.05275166841281993,-0.01880604430284604,0.041768151611543375
1059,4357954.47037129,-483688.6832290281,13.46714,0.05437165952456188,-0.022192435363242932,0.031444042082848025
1060,4357954.47037129,-483688.6832290281,15.81007,0.055794790708763836,-0.025553607064777197,0.02289106633564077
1061,4357954.47037129,-483688.6832290281,18.49556,0.056943988839547446,-0.028722502454299366,0.015957797840546233
1062,4357954.47037129,-483688.6832290281,21.59882,0.05779229445817406,-0.03159842977474574,0.010540870334868816
1063,4357954.47037129,-483688.6832290281,25.21141,0.05834213661586296,-0.03410148090559661,0.00651802714118364
1064,4357954.47037129,-483688.6832290281,29.44473,0.05862010136381877,-0.036166469650862676,0.0037191304381223996
1065,4357954.47037129,-483688.6832290281,34.43415,0.058675256336300656,-0.037753799107465076,0.0019245632812103068
1066,4357954.47037129,-483688.6832290281,40.34405,0.05857426216966309,-0.038864162274810654,0.0008846864482153116
1067,4357954.47037129,-483688.6832290281,47.37369,0.058390855997203936,-0.03954705209704253,0.000352742150764148
1068,4357954.47037129,-483688.6832290281,55.76429,0.05819152497334662,-0.0398953980862633,0.00011913786774260071
1069,4357954.47037129,-483688.6832290281,65.80727,0.05802253030292857,-0.04002424216418667,3.37481991742577e-05
1070,4357954.47037129,-483688.6832290281,77.85385,0.05790403864539348,-0.04004092593585666,8.334449749751511e-06
1071,4357954.47037129,-483688.6832290281,92.32607,0.05783381603720854,-0.04002124226454366,1.9368073072420763e-06
1072,4357954.47037129,-483688.6832290281,109.7293,0.05779754592780424,-0.04000299011970032,2.877069292549881e-07
1073,4357954.47037129,-483688.6832290281,130.666,0.05777947852771915,-0.039996125167541766,-1.9076394325613949e-07
1074,4357954.47037129,-483688.6832290281,155.8507,0.05776845312232342,-0.03999837521782265,-2.7635265512103625e-07
1075,4357954.47037129,-483688.6832290281,186.1256,0.05775866837490405,-0.040005961759510406,-2.5602283424148274e-07
1076,4357954.47037129,-483688.6832290281,222.4752,0.057747781605158754,-0.040017179907555496,-2.4522642596432275e-07
1077,4357954.47037129,-483688.6832290281,266.0403,0.057734964804544237,-0.0400321686103655,-2.5559107992804124e-07
1078,4357954.47037129,-483688.6832290281,318.1274,0.05771989600615002,-0.04005209381253396,-2.734981729139235e-07
1079,4357954.47037129,-483688.6832290281,380.213,0.05770249283274984,-0.04007883064302342,-2.909313927995884e-07
1080,4357954.47037129,-483688.6832290281,453.9377,0.057683022060781214,-0.04011506094314948,-3.0470524811873136e-07
1081,4357954.47037129,-483688.6832290281,541.0889,0.057662450061513736,-0.04016456674133998,-3.129157341605752e-07
1082,4357954.47037129,-483688.6832290281,643.5668,0.05764310845542765,-0.040232614835306026,-3.1403534383903523e-07
1083,4357954.47037129,-483688.6832290281,763.3331,0.057629890727413265,-0.040326347780520674,-3.0701882911445484e-07
1084,4357954.47037129,-483688.6832290281,902.3393,0.057632339788664715,-0.04045496312515706,-2.915654956988006e-07
1085,4358653.3150161095,-477350.1729464703,0.494025,-0.0958379566703992,-0.45782689477886945,0.018377300468331137
1086,4358653.3150161095,-477350.1729464703,1.541375,-0.03669792399657672,-0.217326819167136,0.045327706248278865
1087,4358653.3150161095,-477350.1729464703,2.645669,-0.003951154767662734,-0.09438394048178694,0.0512170520627499
1088,4358653.3150161095,-477350.1729464703,3.819495,0.014330491461363781,-0.03451980723876193,0.04951825761500944
1089,4358653.3150161095,-477350.1729464703,5.078224,0.0248100571361732,-0.007759895814110351,0.045799949359215476
1090,4358653.3150161095,-477350.1729464703,6.440614,0.031177122556786736,0.0020892730082561206,0.04200515824382176
1091,4358653.3150161095,-477350.1729464703,7.92956,0.035444387114870565,0.00356856769606774,0.03855308837465842
1092,4358653.3150161095,-477350.1729464703,9.572997,0.038681906687937806,0.001049109614115612,0.03532764334687779
1093,4358653.3150161095,-477350.1729464703,11.405,0.041433070887250754,-0.0033036985835838036,0.03210942028647186
1094,4358653.3150161095,-477350.1729464703,13.46714,0.0439499764544789,-0.00843732332780074,0.028738969375474745
1095,4358653.3150161095,-477350.1729464703,15.81007,0.046325983423613645,-0.01381909428352663,0.025158172843678307
1096,4358653.3150161095,-477350.1729464703,18.49556,0.04857002766497889,-0.01913106403539406,0.021402554705361537
1097,4358653.3150161095,-477350.1729464703,21.59882,0.05064825155619231,-0.02413001500551261,0.017578893735129903
1098,4358653.3150161095,-477350.1729464703,25.21141,0.05250878640065186,-0.028601881584775765,0.013840369907385434
1099,4358653.3150161095,-477350.1729464703,29.44473,0.05409900004779409,-0.03236741540777359,0.010360797738240717
1100,4358653.3150161095,-477350.1729464703,34.43415,0.05537998160036164,-0.035310849443863,0.0073058362095785164
1101,4358653.3150161095,-477350.1729464703,40.34405,0.056338747907586556,-0.03740944340660641,0.00480159533480869
1102,4358653.3150161095,-477350.1729464703,47.37369,0.056995067135528134,-0.0387444120760201,0.0029071540516319876
1103,4358653.3150161095,-477350.1729464703,55.76429,0.057399062844015664,-0.039481031712227437,0.0016013303467211995
1104,4358653.3150161095,-477350.1729464703,65.80727,0.05761869249469435,-0.039820547559285296,0.0007920997764694407
1105,4358653.3150161095,-477350.1729464703,77.85385,0.05772192581846473,-0.03994436640945519,0.00034724751867731775
1106,4358653.3150161095,-477350.1729464703,92.32607,0.05776215959433695,-0.039977400130682614,0.00013314187530034843
1107,4358653.3150161095,-477350.1729464703,109.7293,0.05777300614646477,-0.03998408381823069,4.4123302491792585e-05
1108,4358653.3150161095,-477350.1729464703,130.666,0.057771667520158096,-0.03998784721351018,1.2669619815793512e-05
1109,4358653.3150161095,-477350.1729464703,155.8507,0.057765402247641755,-0.039993845313101406,3.4468364096551936e-06
1110,4358653.3150161095,-477350.1729464703,186.1256,0.0577566716539673,-0.040002478406500994,1.2776043811958566e-06
1111,4358653.3150161095,-477350.1729464703,222.4752,0.05774599686332316,-0.040013981639660155,8.743873640770997e-07
1112,4358653.3150161095,-477350.1729464703,266.0403,0.05773327302051488,-0.04002913534861866,7.926884973056109e-07
1113,4358653.3150161095,-477350.1729464703,318.1274,0.05771829931036809,-0.0400492390986983,7.427984361584648e-07
1114,4358653.3150161095,-477350.1729464703,380.213,0.057701003449505774,-0.04007617886307814,6.879683247803615e-07
1115,4358653.3150161095,-477350.1729464703,453.9377,0.05768165091641184,-0.040112632247044595,6.273359507523159e-07
1116,4358653.3150161095,-477350.1729464703,541.0889,0.05766120629650322,-0.04016237697842996,5.623249852505935e-07
1117,4358653.3150161095,-477350.1729464703,643.5668,0.05764199889859968,-0.040230674947060174,4.94428417176492e-07
1118,4358653.3150161095,-477350.1729464703,763.3331,0.05762891916020035,-0.04032466256496589,4.254624070727421e-07
1119,4358653.3150161095,-477350.1729464703,902.3393,0.05763150630876336,-0.04045353019523346,3.575446898342385e-07
1120,4359343.065935845,-471009.49203812674,0.494025,0.08111858832799272,-0.15691146250564267,-0.4406385095733178
1121,4359343.065935845,-471009.49203812674,1.541375,0.05551899198010346,-0.12883227822170967,-0.3686459685871596
1122,4359343.065935845,-471009.49203812674,2.645669,0.04505660644200429,-0.10624800889874328,-0.30714160979521765
1123,4359343.065935845,-471009.49203812674,3.819495,0.04165869392479014,-0.0889660104982048,-0.2557062041987879
1124,4359343.065935845,-471009.49203812674,5.078224,0.04140550298760452,-0.07592054733253001,-0.2126263959178355
1125,4359343.065935845,-471009.49203812674,6.440614,0.04245874429584867,-0.06600145912369121,-0.17609065000742888
1126,4359343.065935845,-471009.49203812674,7.92956,0.043996172571295386,-0.05833347205689222,-0.1446297250820685
1127,4359343.065935845,-471009.49203812674,9.572997,0.04567238169234163,-0.052319027166836805,-0.11721420163309257
1128,4359343.065935845,-471009.49203812674,11.405,0.04735211382757756,-0.0475907278147723,-0.09320860392847101
1129,4359343.065935845,-471009.49203812674,13.46714,0.04898293559954113,-0.04393878385967026,-0.0722750433321938
1130,4359343.065935845,-471009.49203812674,15.81007,0.050537904774175094,-0.04124117740523841,-0.05426815344932949
1131,4359343.065935845,-471009.49203812674,18.49556,0.05199272927977802,-0.039407074413774584,-0.03913664076582354
1132,4359343.065935845,-471009.49203812674,21.59882,0.053319351017130985,-0.038337624406305365,-0.026840377366528518
1133,4359343.065935845,-471009.49203812674,25.21141,0.05448747418561799,-0.03790482412493212,-0.01728440568532127
1134,4359343.065935845,-471009.49203812674,29.44473,0.05546988199345553,-0.03794849706323693,-0.010274464437671063
1135,4359343.065935845,-471009.49203812674,34.43415,0.056249252902682206,-0.03828991121398405,-0.005498947690014837
1136,4359343.065935845,-471009.49203812674,40.34405,0.05682433100235391,-0.038757596007040686,-0.002542185506365391
1137,4359343.065935845,-471009.49203812674,47.37369,0.05721282407652668,-0.03921613603136262,-0.0009297157933598509
1138,4359343.065935845,-471009.49203812674,55.76429,0.05744892284086632,-0.03958547124182835,-0.00019525236248217094
1139,4359343.065935845,-471009.49203812674,65.80727,0.057575410683294394,-0.03984141984911775,5.1969307541057253e-05
1140,4359343.065935845,-471009.49203812674,77.85385,0.05763346613015918,-0.03999857400044263,8.480239931235586e-05
1141,4359343.065935845,-471009.49203812674,92.32607,0.05765484455955097,-0.040087029863637054,5.541389849239201e-05
1142,4359343.065935845,-471009.49203812674,109.7293,0.05765940673509073,-0.040135382142596696,2.5831519923686187e-05
1143,4359343.065935845,-471009.49203812674,130.666,0.05765727931930158,-0.04016414977257638,9.470197194992173e-06
1144,4359343.065935845,-471009.49203812674,155.8507,0.05765269503812429,-0.040185993551554056,2.8090775838333496e-06
1145,4359343.065935845,-471009.49203812674,186.1256,0.05764714347040048,-0.040208038624123296,6.624400442898746e-07
1146,4359343.065935845,-471009.49203812674,222.4752,0.05764118136677639,-0.04023420071607421,9.359534754845706e-08
1147,4359343.065935845,-471009.49203812674,266.0403,0.05763528111934022,-0.04026702688631047,-3.596077074238185e-08
1148,4359343.065935845,-471009.49203812674,318.1274,0.057630247476881565,-0.04030890235502958,-6.351447766359738e-08
1149,4359343.065935845,-471009.49203812674,380.213,0.057627560129138,-0.0403627010043589,-6.994388726497911e-08
1150,4359343.065935845,-471009.49203812674,453.9377,0.05762985580068487,-0.04043212151461089,-7.129235763939455e-08
1151,4359343.065935845,-471009.49203812674,541.0889,0.05764171695676583,-0.04052187626287483,-6.995925474191361e-08
1152,4359343.065935845,-471009.49203812674,643.5668,0.05767096623601897,-0.04063769915262137,-6.61204603228323e-08
1153,4359343.065935845,-471009.49203812674,763.3331,0.057730741637464576,-0.0407859115801749,-5.990644507948001e-08
1154,4359343.065935845,-471009.49203812674,902.3393,0.057842696599495286,-0.04097193109356474,-5.174825784315646e-08
1155,4360023.469108121,-464668.9756583009,0.494025,-0.1307220069675226,-0.09910267000940826,0.6447661675088721
1156,4360023.469108121,-464668.9756583009,1.541375,-0.10972061411514471,-0.04798068170074912,0.327664814637203
1157,4360023.469108121,-464668.9756583009,2.645669,-0.08812465128593291,-0.023204972875502022,0.16163414617824862
1158,4360023.469108121,-464668.9756583009,3.819495,-0.06765339603477087,-0.012707860831993295,0.07755153554865805
1159,4360023.469108121,-464668.9756583009,5.078224,-0.04884921391173416,-0.009786372062426663,0.03672464607807294
1160,4360023.469108121,-464668.9756583009,6.440614,-0.031785782033154866,-0.010752186175475612,0.017922359657754874
1161,4360023.469108121,-464668.9756583009,7.92956,-0.016389085784211402,-0.013601157622396026,0.009808549940292552
1162,4360023.469108121,-464668.9756583009,9.572997,-0.0025714740880202567,-0.01725797934507372,0.006553700772397
1163,4360023.469108121,-464668.9756583009,11.405,0.009722635528021965,-0.021147396745808254,0.005310783990281828
1164,4360023.469108121,-464668.9756583009,13.46714,0.020511926790603527,-0.02495300361390229,0.0047841432515470655
1165,4360023.469108121,-464668.9756583009,15.81007,0.0297916143214655,-0.02848575644939635,0.00443889409843734
1166,4360023.469108121,-464668.9756583009,18.49556,0.037555653888944426,-0.03161876220869876,0.004083842756582554
1167,4360023.469108121,-464668.9756583009,21.59882,0.043821041077247644,-0.03426228204530441,0.0036677123165341115
1168,4360023.469108121,-464668.9756583009,25.21141,0.048650530944153746,-0.03636241646587198,0.003190537553054101
1169,4360023.469108121,-464668.9756583009,29.44473,0.05216771429788618,-0.03790995667538411,0.0026708721830545675
1170,4360023.469108121,-464668.9756583009,34.43415,0.05455863635400347,-0.03894766574011164,0.002135501883601264
1171,4360023.469108121,-464668.9756583009,40.34405,0.05605628384876426,-0.03956656129717849,0.001615592216931353
1172,4360023.469108121,-464668.9756583009,47.37369,0.056909660426857245,-0.03988704092215484,0.0011430892730898115
1173,4360023.469108121,-464668.9756583009,55.76429,0.057346966242054695,-0.04002957745031659,0.0007457177913624314
1174,4360023.469108121,-464668.9756583009,65.80727,0.057546645804884194,-0.04008762090752544,0.0004411233430796911
1175,4360023.469108121,-464668.9756583009,77.85385,0.05762689631892079,-0.04011570903874381,0.0002322452701183457
1176,4360023.469108121,-464668.9756583009,92.32607,0.0576539082388669,-0.04013593896516529,0.00010679911238825324
1177,4360023.469108121,-464668.9756583009,109.7293,0.05765947674563141,-0.04015370350863586,4.232216448187051e-05
1178,4360023.469108121,-464668.9756583009,130.666,0.05765717729030036,-0.04017036018001485,1.4637606833471126e-05
1179,4360023.469108121,-464668.9756583009,155.8507,0.05765228367406878,-0.04018786263016057,4.95416341031124e-06
1180,4360023.469108121,-464668.9756583009,186.1256,0.05764657192835225,-0.040208519910067145,2.259926585747125e-06
1181,4360023.469108121,-464668.9756583009,222.4752,0.05764057787122255,-0.040234306434298615,1.6583186777399192e-06
1182,4360023.469108121,-464668.9756583009,266.0403,0.057634697519384284,-0.04026705215429994,1.5156543560831348e-06
1183,4360023.469108121,-464668.9756583009,318.1274,0.05762969762213513,-0.04030891604028195,1.434846860628329e-06
1184,4360023.469108121,-464668.9756583009,380.213,0.05762704876769511,-0.04036271539565286,1.3497780824764409e-06
1185,4360023.469108121,-464668.9756583009,453.9377,0.05762938657022543,-0.04043213795647309,1.2542073493653692e-06
1186,4360023.469108121,-464668.9756583009,541.0889,0.05764129304944894,-0.0405218943975507,1.1487190863250454e-06
1187,4360023.469108121,-464668.9756583009,643.5668,0.05767059002989018,-0.04063771834431565,1.0348124367642868e-06
1188,4360023.469108121,-464668.9756583009,763.3331,0.057730414357350456,-0.04078593111549259,9.148107095583684e-07
1189,4360023.469108121,-464668.9756583009,902.3393,0.05784241806833764,-0.04097195025466808,7.918823484029981e-07
1190,4360694.650219674,-458327.4764384654,0.494025,-0.07739327140174651,0.06979391324264661,-0.0342916751684505
1191,4360694.650219674,-458327.4764384654,1.541375,-0.026263615642465803,0.007124512069813717,0.025437938456664817
1192,4360694.650219674,-458327.4764384654,2.645669,0.00405633780622568,-0.022488003405670212,0.05307424319174632
1193,4360694.650219674,-458327.4764384654,3.819495,0.021963568842477882,-0.036291312479421384,0.06190853715263635
1194,4360694.650219674,-458327.4764384654,5.078224,0.032684411286122754,-0.042636404644330855,0.06037182543472467
1195,4360694.650219674,-458327.4764384654,6.440614,0.03936962908671989,-0.04547518422210246,0.05364099450678599
1196,4360694.650219674,-458327.4764384654,7.92956,0.04384976940229971,-0.04663262672605133,0.044784750841045926
1197,4360694.650219674,-458327.4764384654,9.572997,0.04713827200115734,-0.046934886264778396,0.03554933582915418
1198,4360694.650219674,-458327.4764384654,11.405,0.04975830036928135,-0.04675651620605081,0.02687993186866224
1199,4360694.650219674,-458327.4764384654,13.46714,0.05195073673576965,-0.04627772780700524,0.019254523513086763
1200,4360694.650219674,-458327.4764384654,15.81007,0.053803943938929434,-0.04560055793356371,0.01288731570967791
1201,4360694.650219674,-458327.4764384654,18.49556,0.05533331521407714,-0.04479867703971215,0.007842253112454393
1202,4360694.650219674,-458327.4764384654,21.59882,0.05652919860649579,-0.04393701318462771,0.004088463446990173
1203,4360694.650219674,-458327.4764384654,25.21141,0.05738575919262389,-0.04307739614624855,0.0015220693117901445
1204,4360694.650219674,-458327.4764384654,29.44473,0.05791781545604327,-0.04227711531218776,-2.4393457364692284e-05
1205,4360694.650219674,-458327.4764384654,34.43415,0.0581683643595464,-0.0415837937233462,-0.0007694387051226633
1206,4360694.650219674,-458327.4764384654,40.34405,0.058206578482235344,-0.04102930282977871,-0.0009588107313827925
1207,4360694.650219674,-458327.4764384654,47.37369,0.05811604726448377,-0.04062545407206667,-0.0008311524711424162
1208,4360694.650219674,-458327.4764384654,55.76429,0.05797639932332611,-0.04036348607284865,-0.0005823964278775599
1209,4360694.650219674,-458327.4764384654,65.80727,0.0578457073183818,-0.04021808995416034,-0.0003417840659184539
1210,4360694.650219674,-458327.4764384654,77.85385,0.057752029108574125,-0.04015512491345803,-0.0001686572423310139
1211,4360694.650219674,-458327.4764384654,92.32607,0.05769749979927072,-0.04014080943210424,-6.9267640863574e-05
1212,4360694.650219674,-458327.4764384654,109.7293,0.05767057639939685,-0.04014927633789797,-2.317860060271656e-05
1213,4360694.650219674,-458327.4764384654,130.666,0.05765799151277864,-0.04016575371385956,-6.034977446149517e-06
1214,4360694.650219674,-458327.4764384654,155.8507,0.057650822213516424,-0.04018490616142471,-9.988340139739965e-07
1215,4360694.650219674,-458327.4764384654,186.1256,0.057644918005466776,-0.040206713561265234,1.3996351730183303e-07
1216,4360694.650219674,-458327.4764384654,222.4752,0.05763903566367232,-0.04023300168776617,3.2131790673150247e-07
1217,4360694.650219674,-458327.4764384654,266.0403,0.0576332549002591,-0.04026593821307953,3.246160010122529e-07
1218,4360694.650219674,-458327.4764384654,318.1274,0.05762834114735366,-0.0403079028323831,3.0239650586510247e-07
1219,4360694.650219674,-458327.4764384654,380.213,0.05762578181382362,-0.040361789924895766,2.7650545219311737e-07
1220,4360694.650219674,-458327.4764384654,453.9377,0.05762821707412215,-0.04043130413286142,2.493872235779272e-07
1221,4360694.650219674,-458327.4764384654,541.0889,0.05764022865789043,-0.04052115729616482,2.216556395025809e-07
1222,4360694.650219674,-458327.4764384654,643.5668,0.05766963673207785,-0.04063708096203396,1.9395466919268624e-07
1223,4360694.650219674,-458327.4764384654,763.3331,0.05772957576826372,-0.04078539346511731,1.6698259350301254e-07
1224,4360694.650219674,-458327.4764384654,902.3393,0.05784169487836248,-0.040971508967720685,1.4139177609907e-07
1225,4363219.410805342,-497126.05772365385,0.494025,0.05481375949824504,0.26307300711738324,0.11914675359829907
1226,4363219.410805342,-497126.05772365385,1.541375,0.12003715501400399,-0.09575489269323348,0.19902831913471503
1227,4363219.410805342,-497126.05772365385,2.645669,0.09489103805758103,-0.15251107096651997,0.08679415261204945
1228,4363219.410805342,-497126.05772365385,3.819495,0.08128908440392726,-0.16875504773948283,0.03172666054588652
1229,4363219.410805342,-497126.05772365385,5.078224,0.0735869482594518,-0.1651076153674316,0.0061375047491777635
1230,4363219.410805342,-497126.05772365385,6.440614,0.06889033877041434,-0.1525764981864241,-0.004728129476885392
1231,4363219.410805342,-497126.05772365385,7.92956,0.06575392614088081,-0.13685589875913207,-0.0085469868920086
1232,4363219.410805342,-497126.05772365385,9.572997,0.06347987113025065,-0.12076718707865886,-0.009183708158192964
1233,4363219.410805342,-497126.05772365385,11.405,0.06174363573977337,-0.1056284670165632,-0.00849971494057981
1234,4363219.410805342,-497126.05772365385,13.46714,0.06039766719008697,-0.09200700764721836,-0.007342643802737685
1235,4363219.410805342,-497126.05772365385,15.81007,0.05937115141342242,-0.08011668134850541,-0.006075353387738208
1236,4363219.410805342,-497126.05772365385,18.49556,0.05862095508719872,-0.07001138365220012,-0.004847081223185217
1237,4363219.410805342,-497126.05772365385,21.59882,0.058109510199505776,-0.061666553975878675,-0.0037225148085185764
1238,4363219.410805342,-497126.05772365385,25.21141,0.05779648424985683,-0.055003633463884864,-0.002735634276343482
1239,4363219.410805342,-497126.05772365385,29.44473,0.057637602479351076,-0.04989319571069392,-0.0019071916026177915
1240,4363219.410805342,-497126.05772365385,34.43415,0.05758720228618762,-0.046156803230161636,-0.0012473663627740508
1241,4363219.410805342,-497126.05772365385,40.34405,0.05760247500694474,-0.04357624487699838,-0.000754402561844586
1242,4363219.410805342,-497126.05772365385,47.37369,0.057647751610057314,-0.041911186995314945,-0.00041395999482339563
1243,4363219.410805342,-497126.05772365385,55.76429,0.05769747203260046,-0.040921400190253594,-0.00020077377747542154
1244,4363219.410805342,-497126.05772365385,65.80727,0.057737062828698955,-0.040388863131554376,-8.28227605538621e-05
1245,4363219.410805342,-497126.05772365385,77.85385,0.05776160126956052,-0.04013536840568442,-2.7230118332237413e-05
1246,4363219.410805342,-497126.05772365385,92.32607,0.057772695793346415,-0.0400320319878064,-6.17866905951302e-06
1247,4363219.410805342,-497126.05772365385,109.7293,0.0577746292438831,-0.03999843710566503,-5.735967820762307e-07
1248,4363219.410805342,-497126.05772365385,130.666,0.05777128673532848,-0.039992550276379296,-1.0850017043390902e-07
1249,4363219.410805342,-497126.05772365385,155.8507,0.05776490895715204,-0.03999657602223923,-6.150411574132796e-07
1250,4363219.410805342,-497126.05772365385,186.1256,0.057756356627012416,-0.04000476491193376,-9.660210883806217e-07
1251,4363219.410805342,-497126.05772365385,222.4752,0.05774579058973571,-0.040016089161907936,-1.0719250249870058e-06
1252,4363219.410805342,-497126.05772365385,266.0403,0.05773310880606906,-0.04003111228825017,-1.0414762506806546e-06
1253,4363219.410805342,-497126.05772365385,318.1274,0.057718153912471835,-0.04005108925690614,-9.562771171925458e-07
1254,4363219.410805342,-497126.05772365385,380.213,0.05770087255198409,-0.04007789321184729,-8.521383930309196e-07
1255,4363219.410805342,-497126.05772365385,453.9377,0.057681534695839816,-0.04011419971480656,-7.412727967970615e-07
1256,4363219.410805342,-497126.05772365385,541.0889,0.05766110542595412,-0.040163788270949304,-6.28665793201404e-07
1257,4363219.410805342,-497126.05772365385,643.5668,0.05764191372569112,-0.04023192390190239,-5.18166006331546e-07
1258,4363219.410805342,-497126.05772365385,763.3331,0.05762884950512664,-0.040325746971472516,-4.1362044946510294e-07
1259,4363219.410805342,-497126.05772365385,902.3393,0.057631451396406796,-0.04045445234811633,-3.1862847959806787e-07
1260,4363937.923253777,-490778.7139678015,0.494025,0.04070604004645646,0.002292038615210403,0.15870419033047492
1261,4363937.923253777,-490778.7139678015,1.541375,0.19881435430922087,-0.19997963438669086,0.14123687552068487
1262,4363937.923253777,-490778.7139678015,2.645669,0.1482830195757185,-0.1692584000830476,0.07711015031998641
1263,4363937.923253777,-490778.7139678015,3.819495,0.12046767874259723,-0.14381363259819174,0.043533586761424235
1264,4363937.923253777,-490778.7139678015,5.078224,0.10488737149101625,-0.12333746973582146,0.026684920927891785
1265,4363937.923253777,-490778.7139678015,6.440614,0.09570059421303374,-0.10683451255222964,0.018631308099541798
1266,4363937.923253777,-490778.7139678015,7.92956,0.08971529722827823,-0.09331834069387811,0.014930049606833633
1267,4363937.923253777,-490778.7139678015,9.572997,0.08524232876547498,-0.0820379889760075,0.013175945473005365
1268,4363937.923253777,-490778.7139678015,11.405,0.08143545511435399,-0.07250249674514453,0.012128158620440487
1269,4363937.923253777,-490778.7139678015,13.46714,0.07791298022602772,-0.06442925636285984,0.011192141852882115
1270,4363937.923253777,-490778.7139678015,15.81007,0.07454293707125699,-0.05767301072680145,0.010119817519066513
1271,4363937.923253777,-490778.7139678015,18.49556,0.07132281069527738,-0.05215886620533357,0.008843790183755737
1272,4363937.923253777,-490778.7139678015,21.59882,0.06831311616846258,-0.04782931565252384,0.0073920033832263485
1273,4363937.923253777,-490778.7139678015,25.21141,0.06559909526024657,-0.04460722019780745,0.00584626890726363
1274,4363937.923253777,-490778.7139678015,29.44473,0.0632651556251422,-0.04237549877444624,0.004319070568985138
1275,4363937.923253777,-490778.7139678015,34.43415,0.06137414934741113,-0.04097321535252885,0.002932195340762642
1276,4363937.923253777,-490778.7139678015,40.34405,0.05995025665271046,-0.0402070488501846,0.0017905593965947175
1277,4363937.923253777,-490778.7139678015,47.37369,0.058969389310949555,-0.039874916884625675,0.0009550370081805287
1278,4363937.923253777,-490778.7139678015,55.76429,0.05836208427065698,-0.03979449787220933,0.0004255870719396351
1279,4363937.923253777,-490778.7139678015,65.80727,0.05803038024066746,-0.03982677776984782,0.0001459101896559386
1280,4363937.923253777,-490778.7139678015,77.85385,0.057873044921041755,-0.03988606255500913,3.0172978351931663e-05
1281,4363937.923253777,-490778.7139678015,92.32607,0.0578080926678258,-0.039934059488166876,-2.5048368371732418e-06
1282,4363937.923253777,-490778.7139678015,109.7293,0.057782986895685326,-0.03996333596696616,-5.541967518770031e-06
1283,4363937.923253777,-490778.7139678015,130.666,0.057771277919312816,-0.03997963297955935,-3.155729844070377e-06
1284,4363937.923253777,-490778.7139678015,155.8507,0.057762530953867054,-0.03999032141107709,-1.7414745392667712e-06
1285,4363937.923253777,-490778.7139678015,186.1256,0.05775337818632722,-0.04000027594132021,-1.3577808834103046e-06
1286,4363937.923253777,-490778.7139678015,222.4752,0.05774274526705169,-0.04001208661134055,-1.298163604626815e-06
1287,4363937.923253777,-490778.7139678015,266.0403,0.057730162533205856,-0.040027330745238426,-1.2750485550506817e-06
1288,4363937.923253777,-490778.7139678015,318.1274,0.05771536120655938,-0.04004750140309474,-1.2400554092746537e-06
1289,4363937.923253777,-490778.7139678015,380.213,0.05769825886596396,-0.0400745172333878,-1.1940359362900298e-06
1290,4363937.923253777,-490778.7139678015,453.9377,0.05767911885127643,-0.040111059451360176,-1.138294864928632e-06
1291,4363937.923253777,-490778.7139678015,541.0889,0.05765890332748772,-0.040160906243467076,-1.072405612670932e-06
1292,4363937.923253777,-490778.7139678015,643.5668,0.05763993780861401,-0.04022931929166008,-9.960784577652398e-07
1293,4363937.923253777,-490778.7139678015,763.3331,0.05762710752353313,-0.040323433830416464,-9.097920230105487e-07
1294,4363937.923253777,-490778.7139678015,902.3393,0.05762994531847368,-0.040452437831190236,-8.150043501651446e-07
1295,4364647.072969348,-484431.4941418172,0.494025,-0.02516226922403415,-0.03783233691184692,-0.04489648154766733
1296,4364647.072969348,-484431.4941418172,1.541375,0.08444897635544495,-0.23275855539877013,-0.3318677639158715
1297,4364647.072969348,-484431.4941418172,2.645669,0.07861338352150654,-0.15106200216714838,-0.21927112804686175
1298,4364647.072969348,-484431.4941418172,3.819495,0.07628624278338245,-0.1082599865355265,-0.1531773928257971
1299,4364647.072969348,-484431.4941418172,5.078224,0.07459165542512093,-0.08557543751347507,-0.11337040976423589
1300,4364647.072969348,-484431.4941418172,6.440614,0.07268325621201191,-0.07306236299461702,-0.08809463671325833
1301,4364647.072969348,-484431.4941418172,7.92956,0.07050145132491603,-0.0655632527580506,-0.07069781071584813
1302,4364647.072969348,-484431.4941418172,9.572997,0.06822062353864566,-0.0604862430926047,-0.057556582555542496
1303,4364647.072969348,-484431.4941418172,11.405,0.06602812968058662,-0.056589629286516514,-0.046805503251841546
1304,4364647.072969348,-484431.4941418172,13.46714,0.0640551982216036,-0.0533230849615718,-0.037565854672567144
1305,4364647.072969348,-484431.4941418172,15.81007,0.062371025690239106,-0.05047553278696597,-0.029484407738546346
1306,4364647.072969348,-484431.4941418172,18.49556,0.06099737312848048,-0.047990266138289314,-0.02246244951399189
1307,4364647.072969348,-484431.4941418172,21.59882,0.05992509050846373,-0.04587002765954792,-0.016501090550050366
1308,4364647.072969348,-484431.4941418172,25.21141,0.0591261703535792,-0.044128690352279426,-0.011614631437593725
1309,4364647.072969348,-484431.4941418172,29.44473,0.058561532811969214,-0.042766941687722,-0.007784070439409626
1310,4364647.072969348,-484431.4941418172,34.43415,0.05818668836009459,-0.04176151715570178,-0.004936283628186029
1311,4364647.072969348,-484431.4941418172,40.34405,0.05795670981203621,-0.04106438155926277,-0.002943268014416604
1312,4364647.072969348,-484431.4941418172,47.37369,0.05783039226574904,-0.040610472617685744,-0.001638526133303443
1313,4364647.072969348,-484431.4941418172,55.76429,0.057772731967398204,-0.04033089371514869,-0.0008440104184027663
1314,4364647.072969348,-484431.4941418172,65.80727,0.05775563173092666,-0.040165942349607645,-0.0003971005478760545
1315,4364647.072969348,-484431.4941418172,77.85385,0.05775782156230738,-0.04007227163002054,-0.00016773733793279757
1316,4364647.072969348,-484431.4941418172,92.32607,0.05776491003284846,-0.040022365253137446,-6.272382382608651e-05
1317,4364647.072969348,-484431.4941418172,109.7293,0.05776923063693877,-0.039999466702942264,-2.134591171573251e-05
1318,4364647.072969348,-484431.4941418172,130.666,0.05776851726477832,-0.039992777650777564,-8.014152590888169e-06
1319,4364647.072969348,-484431.4941418172,155.8507,0.057763444714164634,-0.03999521261867055,-4.7303514663932465e-06
1320,4364647.072969348,-484431.4941418172,186.1256,0.05775529764590646,-0.04000278477460398,-4.128192635346166e-06
1321,4364647.072969348,-484431.4941418172,222.4752,0.05774482505938652,-0.040014029385726346,-3.959261840117641e-06
1322,4364647.072969348,-484431.4941418172,266.0403,0.05773218300095894,-0.040029127585267214,-3.7799839292026334e-06
1323,4364647.072969348,-484431.4941418172,318.1274,0.05771727182443461,-0.04004921582504059,-3.560556802131738e-06
1324,4364647.072969348,-484431.4941418172,380.213,0.05770004243778575,-0.040076146890877386,-3.3123722535608526e-06
1325,4364647.072969348,-484431.4941418172,453.9377,0.05768076342927933,-0.04011259328034933,-3.040732434119089e-06
1326,4364647.072969348,-484431.4941418172,541.0889,0.0576603989832016,-0.040162332415104696,-2.749517963608946e-06
1327,4364647.072969348,-484431.4941418172,643.5668,0.057641277113666595,-0.040230626539510726,-2.4441111175435885e-06
1328,4364647.072969348,-484431.4941418172,763.3331,0.05762828631203335,-0.04032461238302667,-2.1316864463488116e-06
1329,4364647.072969348,-484431.4941418172,902.3393,0.057630963306257915,-0.0404534804371832,-1.8207920010047354e-06
1330,4365346.990844629,-478083.2496753268,0.494025,0.013630945638594495,-0.14694944684287636,-0.28270858266018556
1331,4365346.990844629,-478083.2496753268,1.541375,0.0355842171153915,-0.1666698367939171,-0.1264817586576143
1332,4365346.990844629,-478083.2496753268,2.645669,0.050155288747537365,-0.1786526179158397,-0.043687817094325274
1333,4365346.990844629,-478083.2496753268,3.819495,0.058851780192741086,-0.18162171314268377,-0.0011236217886965083
1334,4365346.990844629,-478083.2496753268,5.078224,0.06341781856481324,-0.17723603559313922,0.019725720972450206
1335,4365346.990844629,-478083.2496753268,6.440614,0.0653253658285359,-0.1677746224137202,0.029025422898316437
1336,4365346.990844629,-478083.2496753268,7.92956,0.06565409544727681,-0.15525117620910417,0.03224156110405698
1337,4365346.990844629,-478083.2496753268,9.572997,0.06512658198826905,-0.14117797613416083,0.03223771839745982
1338,4365346.990844629,-478083.2496753268,11.405,0.06419196923652744,-0.12659885967205803,0.03047462384641093
1339,4365346.990844629,-478083.2496753268,13.46714,0.06311214360036528,-0.1122111888028686,0.027691450379771994
1340,4365346.990844629,-478083.2496753268,15.81007,0.062032704894318245,-0.0984948291423237,0.024286482802138368
1341,4365346.990844629,-478083.2496753268,18.49556,0.06103348250182532,-0.08581075971130415,0.02052151848869517
1342,4365346.990844629,-478083.2496753268,21.59882,0.06015937419626349,-0.0744573667614818,0.01662163982662923
1343,4365346.990844629,-478083.2496753268,25.21141,0.05943522371068895,-0.06468288513286838,0.012811192264087203
1344,4365346.990844629,-478083.2496753268,29.44473,0.05887039631752798,-0.05666436401962413,0.009310593500313347
1345,4365346.990844629,-478083.2496753268,34.43415,0.058459071899604385,-0.05047023105343702,0.0063104611796768895
1346,4365346.990844629,-478083.2496753268,40.34405,0.058181242146422674,-0.0460280437254315,0.003937509082270777
1347,4365346.990844629,-478083.2496753268,47.37369,0.05800712567112305,-0.04311936706323133,0.002228045755895837
1348,4365346.990844629,-478083.2496753268,55.76429,0.057904540086767924,-0.041414222783091675,0.0011234800712600264
1349,4365346.990844629,-478083.2496753268,65.80727,0.05784613460667583,-0.040540008029172514,0.0004942962939470995
1350,4365346.990844629,-478083.2496753268,77.85385,0.0578130203655073,-0.04015947074035317,0.00018429327389142075
1351,4365346.990844629,-478083.2496753268,92.32607,0.05779393566349817,-0.04002499332449251,5.490330376717099e-05
1352,4365346.990844629,-478083.2496753268,109.7293,0.05778226736281088,-0.03999045121000078,1.027996920551895e-05
1353,4365346.990844629,-478083.2496753268,130.666,0.05777377684117847,-0.03998807108154042,-1.9373315715348644e-06
1354,4365346.990844629,-478083.2496753268,155.8507,0.0577657678387839,-0.03999414111160065,-4.311982591704761e-06
1355,4365346.990844629,-478083.2496753268,186.1256,0.05775677047557329,-0.04000307108405546,-4.4311699284219725e-06
1356,4365346.990844629,-478083.2496753268,222.4752,0.05774609351781854,-0.04001461989589318,-4.213624869898872e-06
1357,4365346.990844629,-478083.2496753268,266.0403,0.057733382888977704,-0.0400297301270586,-3.977593376775022e-06
1358,4365346.990844629,-478083.2496753268,318.1274,0.05771841640236154,-0.04004977243139289,-3.734068529357983e-06
1359,4365346.990844629,-478083.2496753268,380.213,0.0577011253823029,-0.04007664618190949,-3.471427885024859e-06
1360,4365346.990844629,-478083.2496753268,453.9377,0.05768177633169022,-0.04011303124402142,-3.1872221756837384e-06
1361,4365346.990844629,-478083.2496753268,541.0889,0.05766133350444275,-0.04016270723308925,-2.884331515268354e-06
1362,4365346.990844629,-478083.2496753268,643.5668,0.05764212569594686,-0.04023093837270824,-2.5682312479750296e-06
1363,4365346.990844629,-478083.2496753268,763.3331,0.057629042922927545,-0.040324863573669566,-2.2460920777731513e-06
1364,4365346.990844629,-478083.2496753268,902.3393,0.05763162419600566,-0.04045367552671818,-1.9262176317618354e-06
1365,4366037.8010294,-471732.8312495747,0.494025,-0.040378392019815024,0.27385822193785014,0.3589365691056621
1366,4366037.8010294,-471732.8312495747,1.541375,-0.0373503643903304,0.1462632663412686,0.2139696436944948
1367,4366037.8010294,-471732.8312495747,2.645669,-0.029017268281113562,0.07786711729886028,0.13021378325968502
1368,4366037.8010294,-471732.8312495747,3.819495,-0.019153940971356812,0.04131477483398753,0.0825611207332962
1369,4366037.8010294,-471732.8312495747,5.078224,-0.009263031278393388,0.02128460242183152,0.055668512192536754
1370,4366037.8010294,-471732.8312495747,6.440614,0.00013819273807700802,0.009453468242399399,0.04032720404990146
1371,4366037.8010294,-471732.8312495747,7.92956,0.008915958151860023,0.0014847174503414134,0.0311467767614117
1372,4366037.8010294,-471732.8312495747,9.572997,0.01705373079119378,-0.004749733421465646,0.025085003256818894
1373,4366037.8010294,-471732.8312495747,11.405,0.024545893720251198,-0.010201120025285566,0.02051857390641155
1374,4366037.8010294,-471732.8312495747,13.46714,0.03136469463511811,-0.015227366137352706,0.016658864307222625
1375,4366037.8010294,-471732.8312495747,15.81007,0.037458737852353936,-0.019909667042997903,0.013188079973581122
1376,4366037.8010294,-471732.8312495747,18.49556,0.04276480365416237,-0.024214084877445082,0.010035921153103873
1377,4366037.8010294,-471732.8312495747,21.59882,0.047224567746810796,-0.028067802891179355,0.007245360641880881
1378,4366037.8010294,-471732.8312495747,25.21141,0.05080366191502454,-0.03139478840041224,0.0048923737265355125
1379,4366037.8010294,-471732.8312495747,29.44473,0.05350992829172861,-0.03413623770666984,0.0030371587956714323
1380,4366037.8010294,-471732.8312495747,34.43415,0.05540635163622012,-0.036266779735028336,0.0016949632660570252
1381,4366037.8010294,-471732.8312495747,40.34405,0.056612648163790566,-0.0378068512312682,0.0008238600229656039
1382,4366037.8010294,-471732.8312495747,47.37369,0.05729074211963378,-0.038826031677007766,0.00033141663873542275
1383,4366037.8010294,-471732.8312495747,55.76429,0.05761559620205582,-0.03943285540661354,9.891976338317925e-05
1384,4366037.8010294,-471732.8312495747,65.80727,0.05774118082952579,-0.03975210089329109,1.3525420899677684e-05
1385,4366037.8010294,-471732.8312495747,77.85385,0.057776330487409495,-0.0398981161357016,-7.013020486817411e-06
1386,4366037.8010294,-471732.8312495747,92.32607,0.057780530696184156,-0.039955915114496095,-7.719573557491854e-06
1387,4366037.8010294,-471732.8312495747,109.7293,0.057777155055885696,-0.03997681897727223,-5.810489407242428e-06
1388,4366037.8010294,-471732.8312495747,130.666,0.05777180545306583,-0.039985919702877244,-4.887492926689086e-06
1389,4366037.8010294,-471732.8312495747,155.8507,0.05776485005057443,-0.03999317375981525,-4.636922767899193e-06
1390,4366037.8010294,-471732.8312495747,186.1256,0.05775610975980302,-0.04000191286902126,-4.532345119017009e-06
1391,4366037.8010294,-471732.8312495747,222.4752,0.05774547881361662,-0.04001337129857238,-4.397166929725438e-06
1392,4366037.8010294,-471732.8312495747,266.0403,0.057732788680957284,-0.04002851068411756,-4.216749739287553e-06
1393,4366037.8010294,-471732.8312495747,318.1274,0.05771784771886361,-0.040048625270899633,-4.002105988678912e-06
1394,4366037.8010294,-471732.8312495747,380.213,0.05770058710205177,-0.0400755861732153,-3.7585516168105717e-06
1395,4366037.8010294,-471732.8312495747,453.9377,0.057681272337755635,-0.040112066491438295,-3.4881021187416756e-06
1396,4366037.8010294,-471732.8312495747,541.0889,0.057660867443772724,-0.040161843615839285,-3.1931784447604454e-06
1397,4366037.8010294,-471732.8312495747,643.5668,0.05764170089275546,-0.0402301795847258,-2.877905422232079e-06
1398,4366037.8010294,-471732.8312495747,763.3331,0.05762866208425499,-0.04032421056162712,-2.548410877242429e-06
1399,4366037.8010294,-471732.8312495747,902.3393,0.05763128910695862,-0.04045312609890382,-2.2127067075802873e-06
1400,4366719.249111178,-465382.5776050104,0.494025,-0.15088242823132053,0.2360574361358955,0.23902388324009802
1401,4366719.249111178,-465382.5776050104,1.541375,-0.02451562325065304,0.02309889288573542,0.13906761274209029
1402,4366719.249111178,-465382.5776050104,2.645669,0.004895045155476896,-0.010302187579559502,0.010206913839966199
1403,4366719.249111178,-465382.5776050104,3.819495,0.021333843181761396,-0.024029910581993132,-0.04754100643889525
1404,4366719.249111178,-465382.5776050104,5.078224,0.03058683936511326,-0.028973693102844353,-0.06834509781070214
1405,4366719.249111178,-465382.5776050104,6.440614,0.036019903184033884,-0.03037122426676067,-0.07078097455541155
1406,4366719.249111178,-465382.5776050104,7.92956,0.03952618117331329,-0.03061504767893691,-0.06474649310716772
1407,4366719.249111178,-465382.5776050104,9.572997,0.04212331174154409,-0.030715832996616108,-0.055375312606501165
1408,4366719.249111178,-465382.5776050104,11.405,0.04432310656863202,-0.031044934315834403,-0.04523896635578855
1409,4366719.249111178,-465382.5776050104,13.46714,0.04635546258630628,-0.03169509123309107,-0.03557183916020768
1410,4366719.249111178,-465382.5776050104,15.81007,0.04829979144840381,-0.032643420953875665,-0.026937401333128084
1411,4366719.249111178,-465382.5776050104,18.49556,0.05015893520498358,-0.033817200428983805,-0.019573730032465046
1412,4366719.249111178,-465382.5776050104,21.59882,0.05189867120571238,-0.03511739047306027,-0.013558052770080013
1413,4366719.249111178,-465382.5776050104,25.21141,0.05346911536174612,-0.03642960779084078,-0.008872894410122446
1414,4366719.249111178,-465382.5776050104,29.44473,0.05481869375901972,-0.037636890066933236,-0.005426761524082839
1415,4366719.249111178,-465382.5776050104,34.43415,0.055906520749736635,-0.038638443915552774,-0.0030624162138953815
1416,4366719.249111178,-465382.5776050104,40.34405,0.056714210629400595,-0.03937105195822525,-0.0015714328341445286
1417,4366719.249111178,-465382.5776050104,47.37369,0.05725404357287692,-0.03982448558455472,-0.0007214628748347866
1418,4366719.249111178,-465382.5776050104,55.76429,0.05756892041875987,-0.04004153724113452,-0.00029125708284819495
1419,4366719.249111178,-465382.5776050104,65.80727,0.0577217412117315,-0.04009918989285651,-0.00010155400008049205
1420,4366719.249111178,-465382.5776050104,77.85385,0.057777652770148846,-0.04007856175682948,-3.018243761938578e-05
1421,4366719.249111178,-465382.5776050104,92.32607,0.05778776689782437,-0.04003925668613167,-8.047585073580119e-06
1422,4366719.249111178,-465382.5776050104,109.7293,0.05778224253428146,-0.04001039746609891,-2.9963239157476176e-06
1423,4366719.249111178,-465382.5776050104,130.666,0.05777364872946478,-0.03999788400887001,-2.6627939440103747e-06
1424,4366719.249111178,-465382.5776050104,155.8507,0.05776487605559397,-0.03999745245872028,-3.0944172790890537e-06
1425,4366719.249111178,-465382.5776050104,186.1256,0.05775551314000889,-0.04000401999858304,-3.3395895154731284e-06
1426,4366719.249111178,-465382.5776050104,222.4752,0.05774475636523243,-0.04001497940178472,-3.3486612029760897e-06
1427,4366719.249111178,-465382.5776050104,266.0403,0.0577320736599326,-0.04002998148712471,-3.2332096134440717e-06
1428,4366719.249111178,-465382.5776050104,318.1274,0.05771716764342663,-0.04005000241032779,-3.0647713314187512e-06
1429,4366719.249111178,-465382.5776050104,380.213,0.05769994991163001,-0.040076863596959604,-2.8686318822584346e-06
1430,4366719.249111178,-465382.5776050104,453.9377,0.05768068321570729,-0.04011323493481336,-2.651441466420051e-06
1431,4366719.249111178,-465382.5776050104,541.0889,0.05766033078676125,-0.04016289530146195,-2.416250100965252e-06
1432,4366719.249111178,-465382.5776050104,643.5668,0.05764122021874233,-0.040231109034530796,-2.1668542387879378e-06
1433,4366719.249111178,-465382.5776050104,763.3331,0.057628239680009935,-0.040325015354511454,-1.9085134232849505e-06
1434,4366719.249111178,-465382.5776050104,902.3393,0.05763092568019079,-0.040453807457359464,-1.6478040924656353e-06
1435,4367391.460969722,-459031.33961106814,0.494025,-0.008727088488400519,0.24782484162264212,-0.12090713688138693
1436,4367391.460969722,-459031.33961106814,1.541375,0.1828129681387045,-0.25564562210525815,-0.08883223019938002
1437,4367391.460969722,-459031.33961106814,2.645669,0.11466309292058402,-0.2010138968530511,-0.08800072190634808
1438,4367391.460969722,-459031.33961106814,3.819495,0.07983512305471993,-0.1689225930420916,-0.08282372798548734
1439,4367391.460969722,-459031.33961106814,5.078224,0.06290538290050465,-0.14757520399154475,-0.07521014338025564
1440,4367391.460969722,-459031.33961106814,6.440614,0.055316094735308304,-0.13128830356096974,-0.06642173015391623
1441,4367391.460969722,-459031.33961106814,7.92956,0.05241992782412488,-0.11747491216021874,-0.05727232052967136
1442,4367391.460969722,-459031.33961106814,9.572997,0.05176765431392707,-0.10506378172108438,-0.0482755434081893
1443,4367391.460969722,-459031.33961106814,11.405,0.05211888891983795,-0.09368978930567615,-0.03975153951296655
1444,4367391.460969722,-459031.33961106814,13.46714,0.052874868295947515,-0.0832932878152216,-0.03190136426102014
1445,4367391.460969722,-459031.33961106814,15.81007,0.05375890926747727,-0.07393157792633169,-0.024855954482848185
1446,4367391.460969722,-459031.33961106814,18.49556,0.05464323939757682,-0.06569392874021228,-0.01870378198142159
1447,4367391.460969722,-459031.33961106814,21.59882,0.0554621049928781,-0.058662660521651644,-0.01350193364732322
1448,4367391.460969722,-459031.33961106814,25.21141,0.05617449028323009,-0.052889339210747434,-0.009274280285923002
1449,4367391.460969722,-459031.33961106814,29.44473,0.05675319223378186,-0.04837488346687626,-0.006002984260575019
1450,4367391.460969722,-459031.33961106814,34.43415,0.0571855022589123,-0.04505361089995543,-0.00362045424478409
1451,4367391.460969722,-459031.33961106814,40.34405,0.0574762392137226,-0.04278743810139882,-0.0020087542990466375
1452,4367391.460969722,-459031.33961106814,47.37369,0.057647492099389394,-0.04137718867342162,-0.0010112335546288995
1453,4367391.460969722,-459031.33961106814,55.76429,0.05773274883616267,-0.040592107058983654,-0.0004556633705244346
1454,4367391.460969722,-459031.33961106814,65.80727,0.05776688802710417,-0.04020981900466312,-0.0001821301816523371
1455,4367391.460969722,-459031.33961106814,77.85385,0.05777683521110148,-0.04005151843980014,-6.521872239763796e-05
1456,4367391.460969722,-459031.33961106814,92.32607,0.05777770490226854,-0.03999844443593111,-2.2547236819729638e-05
1457,4367391.460969722,-459031.33961106814,109.7293,0.05777519245840738,-0.039986513050560835,-9.35276279579304e-06
1458,4367391.460969722,-459031.33961106814,130.666,0.05777050769527873,-0.03998821674134134,-5.807925363191823e-06
1459,4367391.460969722,-459031.33961106814,155.8507,0.057763796451386504,-0.03999447167702307,-4.862338462159455e-06
1460,4367391.460969722,-459031.33961106814,186.1256,0.05775515482928709,-0.040003266097688006,-4.516158509563187e-06
1461,4367391.460969722,-459031.33961106814,222.4752,0.05774458309803357,-0.040014769634344124,-4.295380219527465e-06
1462,4367391.460969722,-459031.33961106814,266.0403,0.057731939198416564,-0.04002986341134332,-4.088159862807762e-06
1463,4367391.460969722,-459031.33961106814,318.1274,0.057717043041392226,-0.04004988799254815,-3.8640891711795165e-06
1464,4367391.460969722,-459031.33961106814,380.213,0.057699831170559907,-0.04007674171325187,-3.615760900824541e-06
1465,4367391.460969722,-459031.33961106814,453.9377,0.05768057054205148,-0.04011310697098748,-3.3432644627818197e-06
1466,4367391.460969722,-459031.33961106814,541.0889,0.05766022502955996,-0.04016276489130016,-3.0494641998967763e-06
1467,4367391.460969722,-459031.33961106814,643.5668,0.05764112229703382,-0.04023098059182008,-2.7390068813534137e-06
1468,4367391.460969722,-459031.33961106814,763.3331,0.0576281504483603,-0.04032489351117195,-2.418187989900231e-06
1469,4367391.460969722,-459031.33961106814,902.3393,0.057630845843373024,-0.04045369648118681,-2.094716160133901e-06
1470,4369900.525212684,-497887.2745577872,0.494025,0.0247508876785614,0.8017022534326355,-0.2360102870891167
1471,4369900.525212684,-497887.2745577872,1.541375,0.008136363390871617,0.4587293823295769,-0.16104512964849854
1472,4369900.525212684,-497887.2745577872,2.645669,0.005337353741753245,0.27505778160740696,-0.12426735902920229
1473,4369900.525212684,-497887.2745577872,3.819495,0.008540044454979074,0.1749789417295195,-0.1045914674795507
1474,4369900.525212684,-497887.2745577872,5.078224,0.014009205520712319,0.11796131440343798,-0.09208869395396874
1475,4369900.525212684,-497887.2745577872,6.440614,0.020047390673917954,0.08273147813002615,-0.08230241493922957
1476,4369900.525212684,-497887.2745577872,7.92956,0.025937756034279287,0.05843096551429177,-0.07337413593714451
1477,4369900.525212684,-497887.2745577872,9.572997,0.03140805428249478,0.039735965689879346,-0.06462795663248092
1478,4369900.525212684,-497887.2745577872,11.405,0.03636838739087555,0.024188894016027994,-0.0559007503821379
1479,4369900.525212684,-497887.2745577872,13.46714,0.040791156260339696,0.01075990014490221,-0.04724464210675719
1480,4369900.525212684,-497887.2745577872,15.81007,0.04466335388795936,-0.0009120210200463438,-0.03880698677084926
1481,4369900.525212684,-497887.2745577872,18.49556,0.047974600650285665,-0.010909166715684494,-0.030785211660636087
1482,4369900.525212684,-497887.2745577872,21.59882,0.05072068507512309,-0.019229729686613472,-0.023404747470632713
1483,4369900.525212684,-497887.2745577872,25.21141,0.05291222996903882,-0.025884834978424802,-0.016893911856827093
1484,4369900.525212684,-497887.2745577872,29.44473,0.054582109786714975,-0.030946631672635602,-0.011447907337161617
1485,4369900.525212684,-497887.2745577872,34.43415,0.05578799518732658,-0.034567589871554186,-0.0071857630029782595
1486,4369900.525212684,-497887.2745577872,40.34405,0.05660827200667356,-0.03697585968134568,-0.004113198453529734
1487,4369900.525212684,-497887.2745577872,47.37369,0.05713177481705646,-0.03844805630074673,-0.0021095277138311066
1488,4369900.525212684,-497887.2745577872,55.76429,0.05744469217302142,-0.03926697034536455,-0.0009515713542931878
1489,4369900.525212684,-497887.2745577872,65.80727,0.05761954929405438,-0.03967886969142205,-0.00037152965836438536
1490,4369900.525212684,-497887.2745577872,77.85385,0.05771006086727608,-0.03986645335040148,-0.00012498767397319004
1491,4369900.525212684,-497887.2745577872,92.32607,0.05775206542428784,-0.03994502622687421,-3.7206841857728544e-05
1492,4369900.525212684,-497887.2745577872,109.7293,0.05776770880808713,-0.03997680059289994,-1.068397771390682e-05
1493,4369900.525212684,-497887.2745577872,130.666,0.05776982657240546,-0.03999103778533043,-3.4642651029181408e-06
1494,4369900.525212684,-497887.2745577872,155.8507,0.057765249160868934,-0.040000201873959855,-1.562975627559278e-06
1495,4369900.525212684,-497887.2745577872,186.1256,0.05775713293345003,-0.04000936001694012,-1.0909847232749257e-06
1496,4369900.525212684,-497887.2745577872,222.4752,0.0577466156820715,-0.040020696189231805,-9.806488038586802e-07
1497,4369900.525212684,-497887.2745577872,266.0403,0.057733906795052733,-0.04003554392805029,-9.347726384934234e-07
1498,4369900.525212684,-497887.2745577872,318.1274,0.05771891455231305,-0.04005529923815388,-8.895121006965073e-07
1499,4369900.525212684,-497887.2745577872,380.213,0.05770159201089568,-0.04008185252774078,-8.383379004755202e-07
1500,4369900.525212684,-497887.2745577872,453.9377,0.057682208267878704,-0.040117880471191206,-7.821239858594453e-07
1501,4369900.525212684,-497887.2745577872,541.0889,0.057661728112638186,-0.040167164221811685,-7.216481236987633e-07
1502,4369900.525212684,-497887.2745577872,643.5668,0.05764248092145632,-0.040234972704730095,-6.576269508401561e-07
1503,4369900.525212684,-497887.2745577872,763.3331,0.05762935747297449,-0.040328452477203514,-5.909294274294681e-07
1504,4369900.525212684,-497887.2745577872,902.3393,0.05763189769703817,-0.04045680668821281,-5.226179563458413e-07
1505,4370620.13787255,-491530.2115268256,0.494025,0.07602767387019524,0.04449902084889493,0.19706628651515026
1506,4370620.13787255,-491530.2115268256,1.541375,0.04370991527891502,-0.0407944089141066,0.023403600986763372
1507,4370620.13787255,-491530.2115268256,2.645669,0.03103643896453969,-0.08074041895622788,-0.05631799707389232
1508,4370620.13787255,-491530.2115268256,3.819495,0.027744796314635146,-0.09635674338801832,-0.08777312706375463
1509,4370620.13787255,-491530.2115268256,5.078224,0.028692679991765002,-0.09930113239436716,-0.09521470975568289
1510,4370620.13787255,-491530.2115268256,6.440614,0.03138337846498334,-0.0959606002940723,-0.09127283524858573
1511,4370620.13787255,-491530.2115268256,7.92956,0.03465609307298287,-0.08977636841683716,-0.08235626593235928
1512,4370620.13787255,-491530.2115268256,9.572997,0.038001177502616654,-0.08256422651207126,-0.07161290641319665
1513,4370620.13787255,-491530.2115268256,11.405,0.04120886879846475,-0.07526169229520041,-0.06053752805663302
1514,4370620.13787255,-491530.2115268256,13.46714,0.04419497670304379,-0.06834654782496064,-0.049830186189107846
1515,4370620.13787255,-491530.2115268256,15.81007,0.046919623603018795,-0.06206578136372321,-0.03983988198820382
1516,4370620.13787255,-491530.2115268256,18.49556,0.04935445188086997,-0.056553449774054625,-0.03077776014131138
1517,4370620.13787255,-491530.2115268256,21.59882,0.05147388498226208,-0.05188419997064549,-0.02280434289825445
1518,4370620.13787255,-491530.2115268256,25.21141,0.05325760992263963,-0.04809005383108722,-0.01604853335435414
1519,4370620.13787255,-491530.2115268256,29.44473,0.05469681640741929,-0.04515973353637365,-0.010593538841104734
1520,4370620.13787255,-491530.2115268256,34.43415,0.05579992214334208,-0.04303407606229487,-0.006451635105831436
1521,4370620.13787255,-491530.2115268256,40.34405,0.05659513984141924,-0.041606969709941946,-0.003543720357572457
1522,4370620.13787255,-491530.2115268256,47.37369,0.05712836259992196,-0.04073686115812128,-0.001696838462820152
1523,4370620.13787255,-491530.2115268256,55.76429,0.057456582553675986,-0.040267891650508814,-0.0006671523197098148
1524,4370620.13787255,-491530.2115268256,65.80727,0.05763879876618379,-0.04005447824791042,-0.00018599223853322077
1525,4370620.13787255,-491530.2115268256,77.85385,0.05772747615058899,-0.039980795707345695,-1.3543745919646968e-05
1526,4370620.13787255,-491530.2115268256,92.32607,0.05776305949368894,-0.03996923830398733,2.2224951549617593e-05
1527,4370620.13787255,-491530.2115268256,109.7293,0.05777241051005128,-0.03997746811114594,1.6869655613123043e-05
1528,4370620.13787255,-491530.2115268256,130.666,0.057770530542853284,-0.03998827135222981,8.061386315058096e-06
1529,4370620.13787255,-491530.2115268256,155.8507,0.05776414045559273,-0.03999794988615181,3.6045174862008307e-06
1530,4370620.13787255,-491530.2115268256,186.1256,0.05775544892256598,-0.04000766568137553,2.0895811024025517e-06
1531,4370620.13787255,-491530.2115268256,222.4752,0.05774483444778394,-0.040019235268276734,1.649218198635902e-06
1532,4370620.13787255,-491530.2115268256,266.0403,0.05773215960608662,-0.04003416970568465,1.4831986826896239e-06
1533,4370620.13787255,-491530.2115268256,318.1274,0.05771723181277912,-0.040053974522203266,1.3687559370520742e-06
1534,4370620.13787255,-491530.2115268256,380.213,0.05769998648791702,-0.0400805765811991,1.257078661583907e-06
1535,4370620.13787255,-491530.2115268256,453.9377,0.057680691820167426,-0.04011666233330133,1.1396730330093142e-06
1536,4370620.13787255,-491530.2115268256,541.0889,0.057660313021095796,-0.04016601558015041,1.0169774357281035e-06
1537,4370620.13787255,-491530.2115268256,643.5668,0.05764117916132328,-0.04023390587689662,8.915508631109393e-07
1538,4370620.13787255,-491530.2115268256,763.3331,0.05762817973833304,-0.0403274792140607,7.666211931234677e-07
1539,4370620.13787255,-491530.2115268256,902.3393,0.057630852299226175,-0.04045593692406208,6.4564038343133e-07
1540,4371330.373463008,-485173.2726154979,0.494025,0.21009366197012663,-0.24380901182114484,0.011028556439538886
1541,4371330.373463008,-485173.2726154979,1.541375,0.20622367900621275,-0.3014030156253068,0.09716050437768216
1542,4371330.373463008,-485173.2726154979,2.645669,0.16232280134716626,-0.2146397025159755,0.06023129066777126
1543,4371330.373463008,-485173.2726154979,3.819495,0.13642726070570138,-0.1668155902751614,0.04122431871984354
1544,4371330.373463008,-485173.2726154979,5.078224,0.11998167969550844,-0.13866119810690175,0.03140023845121077
1545,4371330.373463008,-485173.2726154979,6.440614,0.10848612698282768,-0.12028506766124533,0.026084154375955425
1546,4371330.373463008,-485173.2726154979,7.92956,0.0996334181557722,-0.10674095166621306,0.022827967088830448
1547,4371330.373463008,-485173.2726154979,9.572997,0.09228512898029975,-0.09565316944675023,0.020394749710328026
1548,4371330.373463008,-485173.2726154979,11.405,0.0859126280783545,-0.08595530352147057,0.01819891356520595
1549,4371330.373463008,-485173.2726154979,13.46714,0.0802949189946728,-0.07722874563120977,0.015999594647000612
1550,4371330.373463008,-485173.2726154979,15.81007,0.07535754222302264,-0.06936209804278141,0.013734927436537911
1551,4371330.373463008,-485173.2726154979,18.49556,0.07108747451872384,-0.062378282860123736,0.01143406229785902
1552,4371330.373463008,-485173.2726154979,21.59882,0.06748862422819599,-0.05634662768830902,0.009170992139318516
1553,4371330.373463008,-485173.2726154979,25.21141,0.06455773634251136,-0.05133372293592388,0.0070384353056335384
1554,4371330.373463008,-485173.2726154979,29.44473,0.062271133528702345,-0.047371036230302505,0.005129251989436515
1555,4371330.373463008,-485173.2726154979,34.43415,0.060578390136254684,-0.04443176502614435,0.003519548231982049
1556,4371330.373463008,-485173.2726154979,40.34405,0.05940220390211856,-0.04241893625399462,0.002253433127991816
1557,4371330.373463008,-485173.2726154979,47.37369,0.05864465527827828,-0.04117082219229999,0.0013336389578541214
1558,4371330.373463008,-485173.2726154979,55.76429,0.05819873134897819,-0.040486188665289594,0.0007225770094802115
1559,4371330.373463008,-485173.2726154979,65.80727,0.057962328859342785,-0.04016321245215501,0.0003548385257893896
1560,4371330.373463008,-485173.2726154979,77.85385,0.057850634596790254,-0.040036769268113254,0.00015624006635025036
1561,4371330.373463008,-485173.2726154979,92.32607,0.05780308590781917,-0.039998014839808735,6.107676900823149e-05
1562,4371330.373463008,-485173.2726154979,109.7293,0.057783197839428084,-0.039990708944429944,2.1319678033333598e-05
1563,4371330.373463008,-485173.2726154979,130.666,0.05777276888627278,-0.03999298690397208,7.247836902838535e-06
1564,4371330.373463008,-485173.2726154979,155.8507,0.05776431975122617,-0.03999882616367628,3.199623745746059e-06
1565,4371330.373463008,-485173.2726154979,186.1256,0.057755221480669014,-0.04000725754183057,2.2845862599636087e-06
1566,4371330.373463008,-485173.2726154979,222.4752,0.05774455845497425,-0.04001855604610717,2.0900591103134583e-06
1567,4371330.373463008,-485173.2726154979,266.0403,0.057731913766950985,-0.040033508464335316,1.9927068717323113e-06
1568,4371330.373463008,-485173.2726154979,318.1274,0.05771703731371326,-0.04005339379185327,1.8884129827511372e-06
1569,4371330.373463008,-485173.2726154979,380.213,0.05769984904597173,-0.04008008811854456,1.770149425297754e-06
1570,4371330.373463008,-485173.2726154979,453.9377,0.057680611233659765,-0.04011626713567483,1.6393358559213837e-06
1571,4371330.373463008,-485173.2726154979,541.0889,0.05766028573139052,-0.04016571016883495,1.4973851523066287e-06
1572,4371330.373463008,-485173.2726154979,643.5668,0.05764119884392919,-0.04023368307377074,1.3464137370700989e-06
1573,4371330.373463008,-485173.2726154979,763.3331,0.057628237678109,-0.04032732859023816,1.1894761548542784e-06
1574,4371330.373463008,-485173.2726154979,902.3393,0.05763093807537065,-0.040455845670065715,1.0304548563339036e-06
1575,4372031.363077057,-478815.3074946985,0.494025,-0.28516665294530474,-0.05717190467173344,0.10248520362719338
1576,4372031.363077057,-478815.3074946985,1.541375,-0.11749162563681145,-0.20369691721917257,-0.06121185889126478
1577,4372031.363077057,-478815.3074946985,2.645669,-0.05555096125260588,-0.16020412894749073,-0.05129014661982702
1578,4372031.363077057,-478815.3074946985,3.819495,-0.020959676140852167,-0.1301685569893853,-0.042851686265270736
1579,4372031.363077057,-478815.3074946985,5.078224,-0.0004919257732777533,-0.10922914717447363,-0.03652395689513571
1580,4372031.363077057,-478815.3074946985,6.440614,0.01270830951693099,-0.09419640509062609,-0.031872235744831875
1581,4372031.363077057,-478815.3074946985,7.92956,0.02211111905649639,-0.0828949346869926,-0.02826674052310974
1582,4372031.363077057,-478815.3074946985,9.572997,0.029416483261207667,-0.07393735824594447,-0.025193374587918767
1583,4372031.363077057,-478815.3074946985,11.405,0.03542138966935224,-0.06650681678909509,-0.022323206392210058
1584,4372031.363077057,-478815.3074946985,13.46714,0.04047928478480474,-0.060173960409649244,-0.019490149183359035
1585,4372031.363077057,-478815.3074946985,15.81007,0.04473915536289238,-0.054752951648375306,-0.016644757548244425
1586,4372031.363077057,-478815.3074946985,18.49556,0.04826742409492808,-0.0501925085592346,-0.013811763321653266
1587,4372031.363077057,-478815.3074946985,21.59882,0.05110805183383237,-0.04649696016675297,-0.011059573951642481
1588,4372031.363077057,-478815.3074946985,25.21141,0.0533109397613449,-0.04367081710806345,-0.008479448164798347
1589,4372031.363077057,-478815.3074946985,29.44473,0.05494309572551903,-0.041682445628715634,-0.006168777049320907
1590,4372031.363077057,-478815.3074946985,34.43415,0.05608934650335946,-0.040444774843671955,-0.004213757538724403
1591,4372031.363077057,-478815.3074946985,40.34405,0.056846088263322665,-0.03981403844444512,-0.0026708156663950667
1592,4372031.363077057,-478815.3074946985,47.37369,0.0573111166320171,-0.03960805139043147,-0.0015512156609327446
1593,4372031.363077057,-478815.3074946985,55.76429,0.05757333558786789,-0.039640440475245384,-0.0008158283186182262
1594,4372031.363077057,-478815.3074946985,65.80727,0.057705635934599486,-0.03975889557575249,-0.00038523259285614113
1595,4372031.363077057,-478815.3074946985,77.85385,0.05776228743478423,-0.039870285411446424,-0.0001630780503965868
1596,4372031.363077057,-478815.3074946985,92.32607,0.057779916394917565,-0.039940924665697645,-6.230811960652212e-05
1597,4372031.363077057,-478815.3074946985,109.7293,0.0577803988910352,-0.03997543943455158,-2.1570827170198275e-05
1598,4372031.363077057,-478815.3074946985,130.666,0.057774655224934884,-0.039990645753935565,-6.5351556457107196e-06
1599,4372031.363077057,-478815.3074946985,155.8507,0.05776676618860519,-0.03999961790562726,-1.4529821877444185e-06
1600,4372031.363077057,-478815.3074946985,186.1256,0.05775753791037022,-0.04000858622602722,3.6337063278976925e-08
1601,4372031.363077057,-478815.3074946985,222.4752,0.05774672707682633,-0.04001987446885451,3.714615602015812e-07
1602,4372031.363077057,-478815.3074946985,266.0403,0.057733957866929655,-0.040034716079620884,4.118356210108047e-07
1603,4372031.363077057,-478815.3074946985,318.1274,0.05771895599288016,-0.040054469747019,3.9921252158042395e-07
1604,4372031.363077057,-478815.3074946985,380.213,0.05770163206990028,-0.040081025298105324,3.7984555090523026e-07
1605,4372031.363077057,-478815.3074946985,453.9377,0.057682247763602756,-0.04011706304431772,3.584110387641754e-07
1606,4372031.363077057,-478815.3074946985,541.0889,0.057661766826009146,-0.040166366738461884,3.3483002483253367e-07
1607,4372031.363077057,-478815.3074946985,643.5668,0.057642518446399504,-0.04023420710388617,3.0908421510165407e-07
1608,4372031.363077057,-478815.3074946985,763.3331,0.05762939330815468,-0.040327731616023835,2.813562970693802e-07
1609,4372031.363077057,-478815.3074946985,902.3393,0.057631931283345025,-0.04045614314187311,2.5198940574237227e-07
1610,4372723.231054582,-472455.165085795,0.494025,0.06727795044772973,0.3885742301614345,-0.30506997845063666
1611,4372723.231054582,-472455.165085795,1.541375,0.021596745214120815,0.2649200443236679,-0.1457584367147806
1612,4372723.231054582,-472455.165085795,2.645669,0.0031395230751263166,0.19240775065870275,-0.059796544196068106
1613,4372723.231054582,-472455.165085795,3.819495,-0.0011680852350333913,0.1462087368971957,-0.016375083297482065
1614,4372723.231054582,-472455.165085795,5.078224,0.001558459520612756,0.11346262541219328,0.003271114596158725
1615,4372723.231054582,-472455.165085795,6.440614,0.007501433168011233,0.08772848627940018,0.010283004073700405
1616,4372723.231054582,-472455.165085795,7.92956,0.014650592395278638,0.06593760257658635,0.011073354967667839
1617,4372723.231054582,-472455.165085795,9.572997,0.021970911920844206,0.04674079996004232,0.009189535435390552
1618,4372723.231054582,-472455.165085795,11.405,0.028940573582888228,0.02962712188432247,0.0064917418393008915
1619,4372723.231054582,-472455.165085795,13.46714,0.03529819194666645,0.014464673333566562,0.0038833652050250193
1620,4372723.231054582,-472455.165085795,15.81007,0.04090901342387101,0.0012686072442666119,0.0017502920528860407
1621,4372723.231054582,-472455.165085795,18.49556,0.04570010553846384,-0.009914724415899037,0.00021211736251332963
1622,4372723.231054582,-472455.165085795,21.59882,0.04963489608202987,-0.019066819769608452,-0.0007446194147021244
1623,4372723.231054582,-472455.165085795,25.21141,0.052709883786778655,-0.026231911649869738,-0.001201890832895291
1624,4372723.231054582,-472455.165085795,29.44473,0.05496091710506309,-0.03153841646374687,-0.001278817692954101
1625,4372723.231054582,-472455.165085795,34.43415,0.056469574066546284,-0.03520616368479899,-0.0011107626338134032
1626,4372723.231054582,-472455.165085795,40.34405,0.057362201836347076,-0.03753390210445518,-0.0008284192891038476
1627,4372723.231054582,-472455.165085795,47.37369,0.05779693588619317,-0.03886443572752895,-0.0005369387485081815
1628,4372723.231054582,-472455.165085795,55.76429,0.05793925860797605,-0.039534417954599416,-0.00030133872803000966
1629,4372723.231054582,-472455.165085795,65.80727,0.057933057631835996,-0.0398250610103037,-0.00014439975133927188
1630,4372723.231054582,-472455.165085795,77.85385,0.057878769810366534,-0.03993262462941298,-5.751182141188556e-05
1631,4372723.231054582,-472455.165085795,92.32607,0.057828115611759406,-0.03996841428031407,-1.7939394893863847e-05
1632,4372723.231054582,-472455.165085795,109.7293,0.05779564391580275,-0.03998196501448742,-3.5084313811121027e-06
1633,4372723.231054582,-472455.165085795,130.666,0.05777748444863499,-0.039990159857616746,4.611915097865247e-07
1634,4372723.231054582,-472455.165085795,155.8507,0.057766022655958794,-0.03999781529473839,1.1402555425050434e-06
1635,4372723.231054582,-472455.165085795,186.1256,0.05775606925925999,-0.04000673291627327,1.113118386354069e-06
1636,4372723.231054582,-472455.165085795,222.4752,0.057745209369091985,-0.04001810991295139,1.025382930515686e-06
1637,4372723.231054582,-472455.165085795,266.0403,0.057732504085016886,-0.04003306203376417,9.59449924076444e-07
1638,4372723.231054582,-472455.165085795,318.1274,0.057717581107113725,-0.04005294641521706,9.018905031642176e-07
1639,4372723.231054582,-472455.165085795,380.213,0.05770034343364382,-0.04007964627902175,8.416101057788136e-07
1640,4372723.231054582,-472455.165085795,453.9377,0.057681053796559925,-0.040115836205115746,7.754460280185965e-07
1641,4372723.231054582,-472455.165085795,541.0889,0.057660675685173406,-0.04016529557516006,7.034497989335334e-07
1642,4372723.231054582,-472455.165085795,643.5668,0.05764153688147367,-0.040233290692785986,6.267943444864814e-07
1643,4372723.231054582,-472455.165085795,763.3331,0.057628525870758965,-0.04032696441567208,5.473006165990818e-07
1644,4372723.231054582,-472455.165085795,902.3393,0.0576311796889705,-0.040455515223531795,4.67291201808578e-07
1645,4373405.722593535,-466095.1877103978,0.494025,-0.17584480969766517,-0.013864912430209847,-0.06568696577283148
1646,4373405.722593535,-466095.1877103978,1.541375,-0.06520224881483053,-0.021634785423928708,0.008397884908288036
1647,4373405.722593535,-466095.1877103978,2.645669,-0.004762455577421068,-0.027406649359244244,0.0420937175899184
1648,4373405.722593535,-466095.1877103978,3.819495,0.027678286109280387,-0.0314018465555124,0.053700274041068516
1649,4373405.722593535,-466095.1877103978,5.078224,0.044780285135740124,-0.034082594767980035,0.053889578057967055
1650,4373405.722593535,-466095.1877103978,6.440614,0.053650280938679636,-0.035880346387078724,0.048698388439508265
1651,4373405.722593535,-466095.1877103978,7.92956,0.05819107582267265,-0.037116927819334115,0.04141715648706372
1652,4373405.722593535,-466095.1877103978,9.572997,0.06048205202019256,-0.03800297730766561,0.03375762662910476
1653,4373405.722593535,-466095.1877103978,11.405,0.06158788587308097,-0.038662145235333664,0.026558314024693046
1654,4373405.722593535,-466095.1877103978,13.46714,0.06202942627753258,-0.039159503301601686,0.020197375491547338
1655,4373405.722593535,-466095.1877103978,15.81007,0.0620541762867761,-0.039526148095094596,0.014821971257466517
1656,4373405.722593535,-466095.1877103978,18.49556,0.06178713080484847,-0.039777825978621194,0.010463806358597725
1657,4373405.722593535,-466095.1877103978,21.59882,0.061309767312995894,-0.03992755697911876,0.007088464327817213
1658,4373405.722593535,-466095.1877103978,25.21141,0.06069607833545999,-0.039992952972003344,0.004611016211335274
1659,4373405.722593535,-466095.1877103978,29.44473,0.06002325513793747,-0.03999874042809279,0.002901764341927081
1660,4373405.722593535,-466095.1877103978,34.43415,0.0593678988652472,-0.03997481060050728,0.0017970118623603882
1661,4373405.722593535,-466095.1877103978,40.34405,0.05879506991641687,-0.03995047361460966,0.0011206254933040318
1662,4373405.722593535,-466095.1877103978,47.37369,0.05834652001149647,-0.039946905416705654,0.0007128081773633231
1663,4373405.722593535,-466095.1877103978,55.76429,0.05803409050187361,-0.039971384758758916,0.0004549621711457432
1664,4373405.722593535,-466095.1877103978,65.80727,0.05784226669761885,-0.04001706229416033,0.0002787695545347037
1665,4373405.722593535,-466095.1877103978,77.85385,0.057739170907620485,-0.04006925803948726,0.0001557814759626022
1666,4373405.722593535,-466095.1877103978,92.32607,0.05769042399172119,-0.04011476685999579,7.63196920636999e-05
1667,4373405.722593535,-466095.1877103978,109.7293,0.05766916931785322,-0.04014820617319386,3.236466491246232e-05
1668,4373405.722593535,-466095.1877103978,130.666,0.05765916203830847,-0.04017198775229432,1.2505884201347603e-05
1669,4373405.722593535,-466095.1877103978,155.8507,0.05765265172212439,-0.04019191260890458,5.3591712367191154e-06
1670,4373405.722593535,-466095.1877103978,186.1256,0.057646753456116084,-0.04021311218534069,3.2996044489796213e-06
1671,4373405.722593535,-466095.1877103978,222.4752,0.05764076047346468,-0.04023887504006399,2.761622173803614e-06
1672,4373405.722593535,-466095.1877103978,266.0403,0.057634870260803266,-0.04027145938962159,2.554665395541671e-06
1673,4373405.722593535,-466095.1877103978,318.1274,0.05762984922849647,-0.040313120312391856,2.3906767079571126e-06
1674,4373405.722593535,-466095.1877103978,380.213,0.05762717623063353,-0.04036668823818811,2.2183882500098016e-06
1675,4373405.722593535,-466095.1877103978,453.9377,0.05762948912045441,-0.04043585153949855,2.0318776598479134e-06
1676,4373405.722593535,-466095.1877103978,541.0889,0.05764137079501564,-0.04052532184632885,1.8328099545967025e-06
1677,4373405.722593535,-466095.1877103978,643.5668,0.05767064402657447,-0.04064083561851299,1.6249151375536746e-06
1678,4373405.722593535,-466095.1877103978,763.3331,0.05773044670024079,-0.04078871913881275,1.413181048651975e-06
1679,4373405.722593535,-466095.1877103978,902.3393,0.057842431825684756,-0.04097439707752849,1.2034546187896862e-06
1680,4374078.963766424,-459734.2244783526,0.494025,-0.025070621761235146,0.15604826965133056,-0.2798687220580117
1681,4374078.963766424,-459734.2244783526,1.541375,0.0905940203890357,-0.019535151826325592,-0.07230956758026504
1682,4374078.963766424,-459734.2244783526,2.645669,0.08932635573771876,-0.04495149860064086,-0.06498131772499238
1683,4374078.963766424,-459734.2244783526,3.819495,0.08695199421645063,-0.055627468685099594,-0.05840607880733341
1684,4374078.963766424,-459734.2244783526,5.078224,0.0843867578884087,-0.05904651024638839,-0.051246727588352414
1685,4374078.963766424,-459734.2244783526,6.440614,0.08186482780737536,-0.05906374469493558,-0.04344888780439666
1686,4374078.963766424,-459734.2244783526,7.92956,0.0793994509556622,-0.05760324827543909,-0.03539869297364879
1687,4374078.963766424,-459734.2244783526,9.572997,0.07696125102844062,-0.05558562367772647,-0.02755415000561435
1688,4374078.963766424,-459734.2244783526,11.405,0.07453501034830698,-0.05342876576355231,-0.02030457782712766
1689,4374078.963766424,-459734.2244783526,13.46714,0.07212941221667638,-0.05131273083404107,-0.013933127135848844
1690,4374078.963766424,-459734.2244783526,15.81007,0.06977263624311589,-0.04931490487106775,-0.008619901328334505
1691,4374078.963766424,-459734.2244783526,18.49556,0.06750635990103337,-0.04747435742028693,-0.004454436909219514
1692,4374078.963766424,-459734.2244783526,21.59882,0.06538148756381054,-0.04581867526265848,-0.0014447667779335762
1693,4374078.963766424,-459734.2244783526,25.21141,0.06345408415887245,-0.044371668122723834,0.0004800245697457019
1694,4374078.963766424,-459734.2244783526,29.44473,0.06177927442809517,-0.043152372371637986,0.0014681187963684868
1695,4374078.963766424,-459734.2244783526,34.43415,0.06040190369377735,-0.04217088822883781,0.0017346788233545277
1696,4374078.963766424,-459734.2244783526,40.34405,0.059345204735686795,-0.04142408774270193,0.0015348497071371765
1697,4374078.963766424,-459734.2244783526,47.37369,0.05860154176899776,-0.04089334942966706,0.0011200227395124157
1698,4374078.963766424,-459734.2244783526,55.76429,0.058130418729895564,-0.04054583054416622,0.0006895234303073985
1699,4374078.963766424,-459734.2244783526,65.80727,0.05786709929001821,-0.04033973838584962,0.0003581446097052328
1700,4374078.963766424,-459734.2244783526,77.85385,0.0577396564293913,-0.04023207424110205,0.00015556502637140834
1701,4374078.963766424,-459734.2244783526,92.32607,0.05768660958792466,-0.04018579788865627,5.575469525974739e-05
1702,4374078.963766424,-459734.2244783526,109.7293,0.05766669664866759,-0.04017379171689214,1.5986475123277878e-05
1703,4374078.963766424,-459734.2244783526,130.666,0.05765824098408644,-0.0401791912878876,3.0226337553070556e-06
1704,4374078.963766424,-459734.2244783526,155.8507,0.0576524745533571,-0.040193407188695365,-5.450857386770479e-07
1705,4374078.963766424,-459734.2244783526,186.1256,0.057646804846906916,-0.04021335181054057,-1.3851642203809695e-06
1706,4374078.963766424,-459734.2244783526,222.4752,0.05764085790282536,-0.0402389403494374,-1.5081865631276433e-06
1707,4374078.963766424,-459734.2244783526,266.0403,0.057634975270048336,-0.04027150039305344,-1.4493182696313253e-06
1708,4374078.963766424,-459734.2244783526,318.1274,0.057629958088164616,-0.04031313712152748,-1.344422046013289e-06
1709,4374078.963766424,-459734.2244783526,380.213,0.057627288413483344,-0.040366675821054146,-1.2241717536056567e-06
1710,4374078.963766424,-459734.2244783526,453.9377,0.05762960328680596,-0.04043580925397783,-1.0950684597880434e-06
1711,4374078.963766424,-459734.2244783526,541.0889,0.05764148501213473,-0.04052525144037493,-9.602692732467201e-07
1712,4374078.963766424,-459734.2244783526,643.5668,0.057670755955720326,-0.04064074064639204,-8.233605350099379e-07
1713,4374078.963766424,-459734.2244783526,763.3331,0.05773055376529774,-0.040788604803990464,-6.885581145681387e-07
1714,4374078.963766424,-459734.2244783526,902.3393,0.05784253146324622,-0.040974269921930206,-5.603325255234796e-07
